<?xml version="1.0" encoding="utf-8" standalone="yes"?>
<gpx version="1.1" creator="Locus Map, Android"
 xmlns="http://www.topografix.com/GPX/1/1"
 xmlns:xsi="http://www.w3.org/2001/XMLSchema-instance"
 xsi:schemaLocation="http://www.topografix.com/GPX/1/1 http://www.topografix.com/GPX/1/1/gpx.xsd"
 xmlns:gpxx="http://www.garmin.com/xmlschemas/GpxExtensions/v3"
 xmlns:gpxtrkx="http://www.garmin.com/xmlschemas/TrackStatsExtension/v1"
 xmlns:gpxtpx="http://www.garmin.com/xmlschemas/TrackPointExtension/v2"
 xmlns:locus="https://www.locusmap.app">
	<metadata>
		<desc>File with points/tracks from Locus Map/4.33.0</desc>
		<time>2026-05-14T21:38:46.257Z</time>
	</metadata>
<trk>
	<name>EuroVelo6.01.Frankreich.NantesNevers</name>
	<extensions>
		<line xmlns="http://www.topografix.com/GPX/gpx_style/0/2">
			<color>D700D7</color>
			<opacity>0.59</opacity>
			<width>5.0</width>
			<extensions>
				<locus:lsColorBase>#96D700D7</locus:lsColorBase>
				<locus:lsWidth>5.0</locus:lsWidth>
				<locus:lsUnits>PIXELS</locus:lsUnits>
				<locus:lsColorOutline>#FFD700D7</locus:lsColorOutline>
			</extensions>
		</line>
		<locus:activity>cycling</locus:activity>
		<locus:rteComputeType>103</locus:rteComputeType>
	</extensions>
<trkseg>
<trkpt lat="47.2098618" lon="-1.5616952">
	<ele>5.00</ele>
	<time>1970-01-01T00:00:00.000Z</time>
</trkpt>
<trkpt lat="47.2096454" lon="-1.5610668">
	<ele>3.20</ele>
	<time>1970-01-01T00:00:00.000Z</time>
</trkpt>
<trkpt lat="47.2094183" lon="-1.5594719">
	<ele>6.10</ele>
	<time>1970-01-01T00:00:00.000Z</time>
</trkpt>
<trkpt lat="47.2093374" lon="-1.5586069">
	<ele>3.70</ele>
	<time>1970-01-01T00:00:00.000Z</time>
</trkpt>
<trkpt lat="47.2095417" lon="-1.5584695">
	<ele>11.00</ele>
	<time>1970-01-01T00:00:00.000Z</time>
</trkpt>
<trkpt lat="47.2095143" lon="-1.5576703">
	<ele>9.80</ele>
	<time>1970-01-01T00:00:00.000Z</time>
</trkpt>
<trkpt lat="47.2093181" lon="-1.5557580">
	<ele>6.30</ele>
	<time>1970-01-01T00:00:00.000Z</time>
</trkpt>
<trkpt lat="47.2092335" lon="-1.5554488">
	<ele>6.80</ele>
	<time>1970-01-01T00:00:00.000Z</time>
</trkpt>
<trkpt lat="47.2092465" lon="-1.5552038">
	<ele>6.80</ele>
	<time>1970-01-01T00:00:00.000Z</time>
</trkpt>
<trkpt lat="47.2087481" lon="-1.5506419">
	<ele>6.60</ele>
	<time>1970-01-01T00:00:00.000Z</time>
</trkpt>
<trkpt lat="47.2086996" lon="-1.5505566">
	<ele>5.70</ele>
	<time>1970-01-01T00:00:00.000Z</time>
</trkpt>
<trkpt lat="47.2087163" lon="-1.5501749">
	<ele>5.30</ele>
	<time>1970-01-01T00:00:00.000Z</time>
</trkpt>
<trkpt lat="47.2086776" lon="-1.5500168">
	<ele>2.80</ele>
	<time>1970-01-01T00:00:00.000Z</time>
</trkpt>
<trkpt lat="47.2087181" lon="-1.5497082">
	<ele>5.20</ele>
	<time>1970-01-01T00:00:00.000Z</time>
</trkpt>
<trkpt lat="47.2089609" lon="-1.5485714">
	<ele>6.10</ele>
	<time>1970-01-01T00:00:00.000Z</time>
</trkpt>
<trkpt lat="47.2094185" lon="-1.5473109">
	<ele>9.80</ele>
	<time>1970-01-01T00:00:00.000Z</time>
</trkpt>
<trkpt lat="47.2103584" lon="-1.5444263">
	<ele>9.10</ele>
	<time>1970-01-01T00:00:00.000Z</time>
</trkpt>
<trkpt lat="47.2102465" lon="-1.5443255">
	<ele>4.20</ele>
	<time>1970-01-01T00:00:00.000Z</time>
</trkpt>
<trkpt lat="47.2109255" lon="-1.5425786">
	<ele>7.60</ele>
	<time>1970-01-01T00:00:00.000Z</time>
</trkpt>
<trkpt lat="47.2110297" lon="-1.5422449">
	<ele>7.30</ele>
	<time>1970-01-01T00:00:00.000Z</time>
</trkpt>
<trkpt lat="47.2112180" lon="-1.5423711">
	<ele>9.40</ele>
	<time>1970-01-01T00:00:00.000Z</time>
</trkpt>
<trkpt lat="47.2114125" lon="-1.5424295">
	<ele>9.90</ele>
	<time>1970-01-01T00:00:00.000Z</time>
</trkpt>
<trkpt lat="47.2118065" lon="-1.5424208">
	<ele>11.00</ele>
	<time>1970-01-01T00:00:00.000Z</time>
</trkpt>
<trkpt lat="47.2121455" lon="-1.5422657">
	<ele>11.20</ele>
	<time>1970-01-01T00:00:00.000Z</time>
</trkpt>
<trkpt lat="47.2124698" lon="-1.5419359">
	<ele>9.90</ele>
	<time>1970-01-01T00:00:00.000Z</time>
</trkpt>
<trkpt lat="47.2126617" lon="-1.5416055">
	<ele>8.40</ele>
	<time>1970-01-01T00:00:00.000Z</time>
</trkpt>
<trkpt lat="47.2133911" lon="-1.5400704">
	<ele>8.00</ele>
	<time>1970-01-01T00:00:00.000Z</time>
</trkpt>
<trkpt lat="47.2134433" lon="-1.5397439">
	<ele>9.50</ele>
	<time>1970-01-01T00:00:00.000Z</time>
</trkpt>
<trkpt lat="47.2134325" lon="-1.5391967">
	<ele>10.70</ele>
	<time>1970-01-01T00:00:00.000Z</time>
</trkpt>
<trkpt lat="47.2130170" lon="-1.5363079">
	<ele>7.10</ele>
	<time>1970-01-01T00:00:00.000Z</time>
</trkpt>
<trkpt lat="47.2129776" lon="-1.5350054">
	<ele>7.20</ele>
	<time>1970-01-01T00:00:00.000Z</time>
</trkpt>
<trkpt lat="47.2128456" lon="-1.5343261">
	<ele>4.00</ele>
	<time>1970-01-01T00:00:00.000Z</time>
</trkpt>
<trkpt lat="47.2128590" lon="-1.5339012">
	<ele>3.30</ele>
	<time>1970-01-01T00:00:00.000Z</time>
</trkpt>
<trkpt lat="47.2130358" lon="-1.5329918">
	<ele>3.10</ele>
	<time>1970-01-01T00:00:00.000Z</time>
</trkpt>
<trkpt lat="47.2129912" lon="-1.5328740">
	<ele>3.10</ele>
	<time>1970-01-01T00:00:00.000Z</time>
</trkpt>
<trkpt lat="47.2130397" lon="-1.5322881">
	<ele>3.20</ele>
	<time>1970-01-01T00:00:00.000Z</time>
</trkpt>
<trkpt lat="47.2134323" lon="-1.5288833">
	<ele>1.60</ele>
	<time>1970-01-01T00:00:00.000Z</time>
</trkpt>
<trkpt lat="47.2136662" lon="-1.5275742">
	<ele>8.40</ele>
	<time>1970-01-01T00:00:00.000Z</time>
</trkpt>
<trkpt lat="47.2137977" lon="-1.5270234">
	<ele>2.80</ele>
	<time>1970-01-01T00:00:00.000Z</time>
</trkpt>
<trkpt lat="47.2141180" lon="-1.5258645">
	<ele>4.40</ele>
	<time>1970-01-01T00:00:00.000Z</time>
</trkpt>
<trkpt lat="47.2160789" lon="-1.5197462">
	<ele>2.90</ele>
	<time>1970-01-01T00:00:00.000Z</time>
</trkpt>
<trkpt lat="47.2161860" lon="-1.5196560">
	<ele>2.90</ele>
	<time>1970-01-01T00:00:00.000Z</time>
</trkpt>
<trkpt lat="47.2162132" lon="-1.5194999">
	<ele>3.60</ele>
	<time>1970-01-01T00:00:00.000Z</time>
</trkpt>
<trkpt lat="47.2161969" lon="-1.5194097">
	<ele>3.60</ele>
	<time>1970-01-01T00:00:00.000Z</time>
</trkpt>
<trkpt lat="47.2163549" lon="-1.5189592">
	<ele>2.60</ele>
	<time>1970-01-01T00:00:00.000Z</time>
</trkpt>
<trkpt lat="47.2164340" lon="-1.5188293">
	<ele>5.10</ele>
	<time>1970-01-01T00:00:00.000Z</time>
</trkpt>
<trkpt lat="47.2165033" lon="-1.5184098">
	<ele>2.20</ele>
	<time>1970-01-01T00:00:00.000Z</time>
</trkpt>
<trkpt lat="47.2174704" lon="-1.5162279">
	<ele>6.60</ele>
	<time>1970-01-01T00:00:00.000Z</time>
</trkpt>
<trkpt lat="47.2178317" lon="-1.5156436">
	<ele>6.40</ele>
	<time>1970-01-01T00:00:00.000Z</time>
</trkpt>
<trkpt lat="47.2180411" lon="-1.5151023">
	<ele>6.70</ele>
	<time>1970-01-01T00:00:00.000Z</time>
</trkpt>
<trkpt lat="47.2181016" lon="-1.5150143">
	<ele>6.10</ele>
	<time>1970-01-01T00:00:00.000Z</time>
</trkpt>
<trkpt lat="47.2181685" lon="-1.5148181">
	<ele>6.10</ele>
	<time>1970-01-01T00:00:00.000Z</time>
</trkpt>
<trkpt lat="47.2183762" lon="-1.5137769">
	<ele>4.30</ele>
	<time>1970-01-01T00:00:00.000Z</time>
</trkpt>
<trkpt lat="47.2185301" lon="-1.5131784">
	<ele>3.90</ele>
	<time>1970-01-01T00:00:00.000Z</time>
</trkpt>
<trkpt lat="47.2193524" lon="-1.5107108">
	<ele>3.30</ele>
	<time>1970-01-01T00:00:00.000Z</time>
</trkpt>
<trkpt lat="47.2195243" lon="-1.5104608">
	<ele>4.10</ele>
	<time>1970-01-01T00:00:00.000Z</time>
</trkpt>
<trkpt lat="47.2195366" lon="-1.5103282">
	<ele>3.30</ele>
	<time>1970-01-01T00:00:00.000Z</time>
</trkpt>
<trkpt lat="47.2198487" lon="-1.5092611">
	<ele>2.60</ele>
	<time>1970-01-01T00:00:00.000Z</time>
</trkpt>
<trkpt lat="47.2199397" lon="-1.5088465">
	<ele>3.40</ele>
	<time>1970-01-01T00:00:00.000Z</time>
</trkpt>
<trkpt lat="47.2203217" lon="-1.5078581">
	<ele>5.30</ele>
	<time>1970-01-01T00:00:00.000Z</time>
</trkpt>
<trkpt lat="47.2204154" lon="-1.5073749">
	<ele>6.10</ele>
	<time>1970-01-01T00:00:00.000Z</time>
</trkpt>
<trkpt lat="47.2205588" lon="-1.5059151">
	<ele>4.50</ele>
	<time>1970-01-01T00:00:00.000Z</time>
</trkpt>
<trkpt lat="47.2206241" lon="-1.5048842">
	<ele>4.30</ele>
	<time>1970-01-01T00:00:00.000Z</time>
</trkpt>
<trkpt lat="47.2207342" lon="-1.5040027">
	<ele>3.00</ele>
	<time>1970-01-01T00:00:00.000Z</time>
</trkpt>
<trkpt lat="47.2209903" lon="-1.5032617">
	<ele>5.60</ele>
	<time>1970-01-01T00:00:00.000Z</time>
</trkpt>
<trkpt lat="47.2212775" lon="-1.5026227">
	<ele>4.40</ele>
	<time>1970-01-01T00:00:00.000Z</time>
</trkpt>
<trkpt lat="47.2215169" lon="-1.5016157">
	<ele>4.00</ele>
	<time>1970-01-01T00:00:00.000Z</time>
</trkpt>
<trkpt lat="47.2217805" lon="-1.5008423">
	<ele>3.60</ele>
	<time>1970-01-01T00:00:00.000Z</time>
</trkpt>
<trkpt lat="47.2219211" lon="-1.5001023">
	<ele>2.60</ele>
	<time>1970-01-01T00:00:00.000Z</time>
</trkpt>
<trkpt lat="47.2220786" lon="-1.4996455">
	<ele>3.30</ele>
	<time>1970-01-01T00:00:00.000Z</time>
</trkpt>
<trkpt lat="47.2224038" lon="-1.4982843">
	<ele>3.10</ele>
	<time>1970-01-01T00:00:00.000Z</time>
</trkpt>
<trkpt lat="47.2225971" lon="-1.4971847">
	<ele>6.20</ele>
	<time>1970-01-01T00:00:00.000Z</time>
</trkpt>
<trkpt lat="47.2227637" lon="-1.4967486">
	<ele>5.80</ele>
	<time>1970-01-01T00:00:00.000Z</time>
</trkpt>
<trkpt lat="47.2229159" lon="-1.4961260">
	<ele>5.60</ele>
	<time>1970-01-01T00:00:00.000Z</time>
</trkpt>
<trkpt lat="47.2235154" lon="-1.4943204">
	<ele>7.70</ele>
	<time>1970-01-01T00:00:00.000Z</time>
</trkpt>
<trkpt lat="47.2239535" lon="-1.4932995">
	<ele>4.50</ele>
	<time>1970-01-01T00:00:00.000Z</time>
</trkpt>
<trkpt lat="47.2240935" lon="-1.4928771">
	<ele>3.70</ele>
	<time>1970-01-01T00:00:00.000Z</time>
</trkpt>
<trkpt lat="47.2243911" lon="-1.4921778">
	<ele>4.10</ele>
	<time>1970-01-01T00:00:00.000Z</time>
</trkpt>
<trkpt lat="47.2245127" lon="-1.4917882">
	<ele>3.50</ele>
	<time>1970-01-01T00:00:00.000Z</time>
</trkpt>
<trkpt lat="47.2246604" lon="-1.4914657">
	<ele>4.10</ele>
	<time>1970-01-01T00:00:00.000Z</time>
</trkpt>
<trkpt lat="47.2256358" lon="-1.4883096">
	<ele>2.00</ele>
	<time>1970-01-01T00:00:00.000Z</time>
</trkpt>
<trkpt lat="47.2258772" lon="-1.4876414">
	<ele>2.00</ele>
	<time>1970-01-01T00:00:00.000Z</time>
</trkpt>
<trkpt lat="47.2260745" lon="-1.4868557">
	<ele>2.40</ele>
	<time>1970-01-01T00:00:00.000Z</time>
</trkpt>
<trkpt lat="47.2265213" lon="-1.4856805">
	<ele>2.80</ele>
	<time>1970-01-01T00:00:00.000Z</time>
</trkpt>
<trkpt lat="47.2267077" lon="-1.4850581">
	<ele>1.80</ele>
	<time>1970-01-01T00:00:00.000Z</time>
</trkpt>
<trkpt lat="47.2270764" lon="-1.4841305">
	<ele>1.70</ele>
	<time>1970-01-01T00:00:00.000Z</time>
</trkpt>
<trkpt lat="47.2271357" lon="-1.4840202">
	<ele>1.60</ele>
	<time>1970-01-01T00:00:00.000Z</time>
</trkpt>
<trkpt lat="47.2274148" lon="-1.4837047">
	<ele>1.90</ele>
	<time>1970-01-01T00:00:00.000Z</time>
</trkpt>
<trkpt lat="47.2290607" lon="-1.4812051">
	<ele>3.20</ele>
	<time>1970-01-01T00:00:00.000Z</time>
</trkpt>
<trkpt lat="47.2291678" lon="-1.4811399">
	<ele>3.20</ele>
	<time>1970-01-01T00:00:00.000Z</time>
</trkpt>
<trkpt lat="47.2295172" lon="-1.4810711">
	<ele>3.90</ele>
	<time>1970-01-01T00:00:00.000Z</time>
</trkpt>
<trkpt lat="47.2296250" lon="-1.4808359">
	<ele>4.10</ele>
	<time>1970-01-01T00:00:00.000Z</time>
</trkpt>
<trkpt lat="47.2300668" lon="-1.4801161">
	<ele>4.80</ele>
	<time>1970-01-01T00:00:00.000Z</time>
</trkpt>
<trkpt lat="47.2305561" lon="-1.4794024">
	<ele>5.50</ele>
	<time>1970-01-01T00:00:00.000Z</time>
</trkpt>
<trkpt lat="47.2311278" lon="-1.4786571">
	<ele>4.90</ele>
	<time>1970-01-01T00:00:00.000Z</time>
</trkpt>
<trkpt lat="47.2313327" lon="-1.4782307">
	<ele>4.40</ele>
	<time>1970-01-01T00:00:00.000Z</time>
</trkpt>
<trkpt lat="47.2315523" lon="-1.4775884">
	<ele>4.00</ele>
	<time>1970-01-01T00:00:00.000Z</time>
</trkpt>
<trkpt lat="47.2320120" lon="-1.4764961">
	<ele>3.90</ele>
	<time>1970-01-01T00:00:00.000Z</time>
</trkpt>
<trkpt lat="47.2325658" lon="-1.4753972">
	<ele>3.40</ele>
	<time>1970-01-01T00:00:00.000Z</time>
</trkpt>
<trkpt lat="47.2326219" lon="-1.4751927">
	<ele>3.40</ele>
	<time>1970-01-01T00:00:00.000Z</time>
</trkpt>
<trkpt lat="47.2327115" lon="-1.4750546">
	<ele>3.20</ele>
	<time>1970-01-01T00:00:00.000Z</time>
</trkpt>
<trkpt lat="47.2328094" lon="-1.4749748">
	<ele>3.20</ele>
	<time>1970-01-01T00:00:00.000Z</time>
</trkpt>
<trkpt lat="47.2330160" lon="-1.4749536">
	<ele>4.00</ele>
	<time>1970-01-01T00:00:00.000Z</time>
</trkpt>
<trkpt lat="47.2331656" lon="-1.4748122">
	<ele>4.00</ele>
	<time>1970-01-01T00:00:00.000Z</time>
</trkpt>
<trkpt lat="47.2334990" lon="-1.4746065">
	<ele>5.20</ele>
	<time>1970-01-01T00:00:00.000Z</time>
</trkpt>
<trkpt lat="47.2339600" lon="-1.4743950">
	<ele>5.70</ele>
	<time>1970-01-01T00:00:00.000Z</time>
</trkpt>
<trkpt lat="47.2342140" lon="-1.4742128">
	<ele>5.90</ele>
	<time>1970-01-01T00:00:00.000Z</time>
</trkpt>
<trkpt lat="47.2347279" lon="-1.4739370">
	<ele>5.80</ele>
	<time>1970-01-01T00:00:00.000Z</time>
</trkpt>
<trkpt lat="47.2355202" lon="-1.4733535">
	<ele>5.20</ele>
	<time>1970-01-01T00:00:00.000Z</time>
</trkpt>
<trkpt lat="47.2365189" lon="-1.4723837">
	<ele>7.00</ele>
	<time>1970-01-01T00:00:00.000Z</time>
</trkpt>
<trkpt lat="47.2372523" lon="-1.4713562">
	<ele>5.10</ele>
	<time>1970-01-01T00:00:00.000Z</time>
</trkpt>
<trkpt lat="47.2375859" lon="-1.4709752">
	<ele>4.80</ele>
	<time>1970-01-01T00:00:00.000Z</time>
</trkpt>
<trkpt lat="47.2382419" lon="-1.4700513">
	<ele>5.50</ele>
	<time>1970-01-01T00:00:00.000Z</time>
</trkpt>
<trkpt lat="47.2384058" lon="-1.4697298">
	<ele>4.30</ele>
	<time>1970-01-01T00:00:00.000Z</time>
</trkpt>
<trkpt lat="47.2392315" lon="-1.4686788">
	<ele>4.30</ele>
	<time>1970-01-01T00:00:00.000Z</time>
</trkpt>
<trkpt lat="47.2396019" lon="-1.4682607">
	<ele>4.40</ele>
	<time>1970-01-01T00:00:00.000Z</time>
</trkpt>
<trkpt lat="47.2398020" lon="-1.4680712">
	<ele>4.80</ele>
	<time>1970-01-01T00:00:00.000Z</time>
</trkpt>
<trkpt lat="47.2399759" lon="-1.4679758">
	<ele>4.80</ele>
	<time>1970-01-01T00:00:00.000Z</time>
</trkpt>
<trkpt lat="47.2402332" lon="-1.4677088">
	<ele>4.60</ele>
	<time>1970-01-01T00:00:00.000Z</time>
</trkpt>
<trkpt lat="47.2403814" lon="-1.4675041">
	<ele>4.30</ele>
	<time>1970-01-01T00:00:00.000Z</time>
</trkpt>
<trkpt lat="47.2404653" lon="-1.4673188">
	<ele>3.10</ele>
	<time>1970-01-01T00:00:00.000Z</time>
</trkpt>
<trkpt lat="47.2407501" lon="-1.4672583">
	<ele>4.90</ele>
	<time>1970-01-01T00:00:00.000Z</time>
</trkpt>
<trkpt lat="47.2410134" lon="-1.4667916">
	<ele>5.40</ele>
	<time>1970-01-01T00:00:00.000Z</time>
</trkpt>
<trkpt lat="47.2416072" lon="-1.4659592">
	<ele>3.90</ele>
	<time>1970-01-01T00:00:00.000Z</time>
</trkpt>
<trkpt lat="47.2426371" lon="-1.4646691">
	<ele>5.50</ele>
	<time>1970-01-01T00:00:00.000Z</time>
</trkpt>
<trkpt lat="47.2434952" lon="-1.4632971">
	<ele>5.40</ele>
	<time>1970-01-01T00:00:00.000Z</time>
</trkpt>
<trkpt lat="47.2441504" lon="-1.4623241">
	<ele>6.30</ele>
	<time>1970-01-01T00:00:00.000Z</time>
</trkpt>
<trkpt lat="47.2451881" lon="-1.4609709">
	<ele>6.00</ele>
	<time>1970-01-01T00:00:00.000Z</time>
</trkpt>
<trkpt lat="47.2455159" lon="-1.4604195">
	<ele>6.20</ele>
	<time>1970-01-01T00:00:00.000Z</time>
</trkpt>
<trkpt lat="47.2460203" lon="-1.4593544">
	<ele>7.40</ele>
	<time>1970-01-01T00:00:00.000Z</time>
</trkpt>
<trkpt lat="47.2462021" lon="-1.4587789">
	<ele>6.90</ele>
	<time>1970-01-01T00:00:00.000Z</time>
</trkpt>
<trkpt lat="47.2463326" lon="-1.4582455">
	<ele>6.00</ele>
	<time>1970-01-01T00:00:00.000Z</time>
</trkpt>
<trkpt lat="47.2464712" lon="-1.4578756">
	<ele>5.50</ele>
	<time>1970-01-01T00:00:00.000Z</time>
</trkpt>
<trkpt lat="47.2466561" lon="-1.4570316">
	<ele>5.10</ele>
	<time>1970-01-01T00:00:00.000Z</time>
</trkpt>
<trkpt lat="47.2468050" lon="-1.4566309">
	<ele>5.20</ele>
	<time>1970-01-01T00:00:00.000Z</time>
</trkpt>
<trkpt lat="47.2471476" lon="-1.4554370">
	<ele>4.50</ele>
	<time>1970-01-01T00:00:00.000Z</time>
</trkpt>
<trkpt lat="47.2476716" lon="-1.4541444">
	<ele>4.90</ele>
	<time>1970-01-01T00:00:00.000Z</time>
</trkpt>
<trkpt lat="47.2481627" lon="-1.4530027">
	<ele>4.60</ele>
	<time>1970-01-01T00:00:00.000Z</time>
</trkpt>
<trkpt lat="47.2489732" lon="-1.4517178">
	<ele>4.70</ele>
	<time>1970-01-01T00:00:00.000Z</time>
</trkpt>
<trkpt lat="47.2501300" lon="-1.4504510">
	<ele>6.30</ele>
	<time>1970-01-01T00:00:00.000Z</time>
</trkpt>
<trkpt lat="47.2511981" lon="-1.4495927">
	<ele>6.00</ele>
	<time>1970-01-01T00:00:00.000Z</time>
</trkpt>
<trkpt lat="47.2517227" lon="-1.4490826">
	<ele>5.30</ele>
	<time>1970-01-01T00:00:00.000Z</time>
</trkpt>
<trkpt lat="47.2523853" lon="-1.4485204">
	<ele>5.70</ele>
	<time>1970-01-01T00:00:00.000Z</time>
</trkpt>
<trkpt lat="47.2540519" lon="-1.4466825">
	<ele>6.10</ele>
	<time>1970-01-01T00:00:00.000Z</time>
</trkpt>
<trkpt lat="47.2556371" lon="-1.4444020">
	<ele>5.00</ele>
	<time>1970-01-01T00:00:00.000Z</time>
</trkpt>
<trkpt lat="47.2577248" lon="-1.4418783">
	<ele>4.90</ele>
	<time>1970-01-01T00:00:00.000Z</time>
</trkpt>
<trkpt lat="47.2585397" lon="-1.4409431">
	<ele>5.80</ele>
	<time>1970-01-01T00:00:00.000Z</time>
</trkpt>
<trkpt lat="47.2586617" lon="-1.4407228">
	<ele>6.20</ele>
	<time>1970-01-01T00:00:00.000Z</time>
</trkpt>
<trkpt lat="47.2587686" lon="-1.4403819">
	<ele>5.90</ele>
	<time>1970-01-01T00:00:00.000Z</time>
</trkpt>
<trkpt lat="47.2596462" lon="-1.4393406">
	<ele>5.20</ele>
	<time>1970-01-01T00:00:00.000Z</time>
</trkpt>
<trkpt lat="47.2603984" lon="-1.4385339">
	<ele>4.90</ele>
	<time>1970-01-01T00:00:00.000Z</time>
</trkpt>
<trkpt lat="47.2605677" lon="-1.4380923">
	<ele>5.10</ele>
	<time>1970-01-01T00:00:00.000Z</time>
</trkpt>
<trkpt lat="47.2611433" lon="-1.4373756">
	<ele>6.10</ele>
	<time>1970-01-01T00:00:00.000Z</time>
</trkpt>
<trkpt lat="47.2615935" lon="-1.4366618">
	<ele>6.00</ele>
	<time>1970-01-01T00:00:00.000Z</time>
</trkpt>
<trkpt lat="47.2623677" lon="-1.4355655">
	<ele>6.20</ele>
	<time>1970-01-01T00:00:00.000Z</time>
</trkpt>
<trkpt lat="47.2629393" lon="-1.4348590">
	<ele>4.80</ele>
	<time>1970-01-01T00:00:00.000Z</time>
</trkpt>
<trkpt lat="47.2639339" lon="-1.4337980">
	<ele>5.50</ele>
	<time>1970-01-01T00:00:00.000Z</time>
</trkpt>
<trkpt lat="47.2641405" lon="-1.4335356">
	<ele>5.60</ele>
	<time>1970-01-01T00:00:00.000Z</time>
</trkpt>
<trkpt lat="47.2655940" lon="-1.4314634">
	<ele>5.00</ele>
	<time>1970-01-01T00:00:00.000Z</time>
</trkpt>
<trkpt lat="47.2661662" lon="-1.4304814">
	<ele>5.50</ele>
	<time>1970-01-01T00:00:00.000Z</time>
</trkpt>
<trkpt lat="47.2672043" lon="-1.4283045">
	<ele>5.60</ele>
	<time>1970-01-01T00:00:00.000Z</time>
</trkpt>
<trkpt lat="47.2673655" lon="-1.4277204">
	<ele>5.10</ele>
	<time>1970-01-01T00:00:00.000Z</time>
</trkpt>
<trkpt lat="47.2677303" lon="-1.4269505">
	<ele>5.10</ele>
	<time>1970-01-01T00:00:00.000Z</time>
</trkpt>
<trkpt lat="47.2682624" lon="-1.4256471">
	<ele>5.10</ele>
	<time>1970-01-01T00:00:00.000Z</time>
</trkpt>
<trkpt lat="47.2691491" lon="-1.4239875">
	<ele>3.90</ele>
	<time>1970-01-01T00:00:00.000Z</time>
</trkpt>
<trkpt lat="47.2698277" lon="-1.4226273">
	<ele>3.50</ele>
	<time>1970-01-01T00:00:00.000Z</time>
</trkpt>
<trkpt lat="47.2708514" lon="-1.4207974">
	<ele>3.80</ele>
	<time>1970-01-01T00:00:00.000Z</time>
</trkpt>
<trkpt lat="47.2713905" lon="-1.4199728">
	<ele>4.40</ele>
	<time>1970-01-01T00:00:00.000Z</time>
</trkpt>
<trkpt lat="47.2724295" lon="-1.4181202">
	<ele>3.10</ele>
	<time>1970-01-01T00:00:00.000Z</time>
</trkpt>
<trkpt lat="47.2732154" lon="-1.4166401">
	<ele>4.70</ele>
	<time>1970-01-01T00:00:00.000Z</time>
</trkpt>
<trkpt lat="47.2740327" lon="-1.4153521">
	<ele>5.30</ele>
	<time>1970-01-01T00:00:00.000Z</time>
</trkpt>
<trkpt lat="47.2750838" lon="-1.4135586">
	<ele>3.80</ele>
	<time>1970-01-01T00:00:00.000Z</time>
</trkpt>
<trkpt lat="47.2758367" lon="-1.4125858">
	<ele>3.90</ele>
	<time>1970-01-01T00:00:00.000Z</time>
</trkpt>
<trkpt lat="47.2776539" lon="-1.4106578">
	<ele>1.90</ele>
	<time>1970-01-01T00:00:00.000Z</time>
</trkpt>
<trkpt lat="47.2777097" lon="-1.4105683">
	<ele>3.50</ele>
	<time>1970-01-01T00:00:00.000Z</time>
</trkpt>
<trkpt lat="47.2777830" lon="-1.4102749">
	<ele>2.80</ele>
	<time>1970-01-01T00:00:00.000Z</time>
</trkpt>
<trkpt lat="47.2778407" lon="-1.4101577">
	<ele>2.60</ele>
	<time>1970-01-01T00:00:00.000Z</time>
</trkpt>
<trkpt lat="47.2780880" lon="-1.4098204">
	<ele>3.70</ele>
	<time>1970-01-01T00:00:00.000Z</time>
</trkpt>
<trkpt lat="47.2783532" lon="-1.4093426">
	<ele>2.90</ele>
	<time>1970-01-01T00:00:00.000Z</time>
</trkpt>
<trkpt lat="47.2787660" lon="-1.4084438">
	<ele>3.80</ele>
	<time>1970-01-01T00:00:00.000Z</time>
</trkpt>
<trkpt lat="47.2788918" lon="-1.4082435">
	<ele>2.90</ele>
	<time>1970-01-01T00:00:00.000Z</time>
</trkpt>
<trkpt lat="47.2825344" lon="-1.4047584">
	<ele>5.20</ele>
	<time>1970-01-01T00:00:00.000Z</time>
</trkpt>
<trkpt lat="47.2832903" lon="-1.4039432">
	<ele>5.00</ele>
	<time>1970-01-01T00:00:00.000Z</time>
</trkpt>
<trkpt lat="47.2836631" lon="-1.4034345">
	<ele>4.30</ele>
	<time>1970-01-01T00:00:00.000Z</time>
</trkpt>
<trkpt lat="47.2839401" lon="-1.4029776">
	<ele>4.40</ele>
	<time>1970-01-01T00:00:00.000Z</time>
</trkpt>
<trkpt lat="47.2847896" lon="-1.4009312">
	<ele>5.30</ele>
	<time>1970-01-01T00:00:00.000Z</time>
</trkpt>
<trkpt lat="47.2851302" lon="-1.4002263">
	<ele>5.30</ele>
	<time>1970-01-01T00:00:00.000Z</time>
</trkpt>
<trkpt lat="47.2856701" lon="-1.3994690">
	<ele>5.00</ele>
	<time>1970-01-01T00:00:00.000Z</time>
</trkpt>
<trkpt lat="47.2867589" lon="-1.3978211">
	<ele>5.80</ele>
	<time>1970-01-01T00:00:00.000Z</time>
</trkpt>
<trkpt lat="47.2904391" lon="-1.3933764">
	<ele>5.70</ele>
	<time>1970-01-01T00:00:00.000Z</time>
</trkpt>
<trkpt lat="47.2906202" lon="-1.3932143">
	<ele>5.40</ele>
	<time>1970-01-01T00:00:00.000Z</time>
</trkpt>
<trkpt lat="47.2908722" lon="-1.3932018">
	<ele>5.70</ele>
	<time>1970-01-01T00:00:00.000Z</time>
</trkpt>
<trkpt lat="47.2909805" lon="-1.3928661">
	<ele>5.40</ele>
	<time>1970-01-01T00:00:00.000Z</time>
</trkpt>
<trkpt lat="47.2911816" lon="-1.3925101">
	<ele>5.60</ele>
	<time>1970-01-01T00:00:00.000Z</time>
</trkpt>
<trkpt lat="47.2920744" lon="-1.3914077">
	<ele>6.50</ele>
	<time>1970-01-01T00:00:00.000Z</time>
</trkpt>
<trkpt lat="47.2922483" lon="-1.3911278">
	<ele>6.70</ele>
	<time>1970-01-01T00:00:00.000Z</time>
</trkpt>
<trkpt lat="47.2923752" lon="-1.3908214">
	<ele>6.70</ele>
	<time>1970-01-01T00:00:00.000Z</time>
</trkpt>
<trkpt lat="47.2925162" lon="-1.3903374">
	<ele>6.70</ele>
	<time>1970-01-01T00:00:00.000Z</time>
</trkpt>
<trkpt lat="47.2942106" lon="-1.3841597">
	<ele>8.70</ele>
	<time>1970-01-01T00:00:00.000Z</time>
</trkpt>
<trkpt lat="47.2943414" lon="-1.3835382">
	<ele>9.90</ele>
	<time>1970-01-01T00:00:00.000Z</time>
</trkpt>
<trkpt lat="47.2943410" lon="-1.3833038">
	<ele>9.40</ele>
	<time>1970-01-01T00:00:00.000Z</time>
</trkpt>
<trkpt lat="47.2942966" lon="-1.3831728">
	<ele>7.60</ele>
	<time>1970-01-01T00:00:00.000Z</time>
</trkpt>
<trkpt lat="47.2943466" lon="-1.3833296">
	<ele>9.40</ele>
	<time>1970-01-01T00:00:00.000Z</time>
</trkpt>
<trkpt lat="47.2942487" lon="-1.3830814">
	<ele>4.50</ele>
	<time>1970-01-01T00:00:00.000Z</time>
</trkpt>
<trkpt lat="47.2884582" lon="-1.3760122">
	<ele>5.10</ele>
	<time>1970-01-01T00:00:00.000Z</time>
</trkpt>
<trkpt lat="47.2885132" lon="-1.3759099">
	<ele>5.40</ele>
	<time>1970-01-01T00:00:00.000Z</time>
</trkpt>
<trkpt lat="47.2884884" lon="-1.3756591">
	<ele>5.60</ele>
	<time>1970-01-01T00:00:00.000Z</time>
</trkpt>
<trkpt lat="47.2886144" lon="-1.3750694">
	<ele>5.40</ele>
	<time>1970-01-01T00:00:00.000Z</time>
</trkpt>
<trkpt lat="47.2887289" lon="-1.3749184">
	<ele>4.80</ele>
	<time>1970-01-01T00:00:00.000Z</time>
</trkpt>
<trkpt lat="47.2896031" lon="-1.3721784">
	<ele>6.30</ele>
	<time>1970-01-01T00:00:00.000Z</time>
</trkpt>
<trkpt lat="47.2899923" lon="-1.3712159">
	<ele>7.50</ele>
	<time>1970-01-01T00:00:00.000Z</time>
</trkpt>
<trkpt lat="47.2905575" lon="-1.3700155">
	<ele>6.60</ele>
	<time>1970-01-01T00:00:00.000Z</time>
</trkpt>
<trkpt lat="47.2907468" lon="-1.3698408">
	<ele>6.50</ele>
	<time>1970-01-01T00:00:00.000Z</time>
</trkpt>
<trkpt lat="47.2909141" lon="-1.3693513">
	<ele>6.70</ele>
	<time>1970-01-01T00:00:00.000Z</time>
</trkpt>
<trkpt lat="47.2911213" lon="-1.3689463">
	<ele>6.80</ele>
	<time>1970-01-01T00:00:00.000Z</time>
</trkpt>
<trkpt lat="47.2931682" lon="-1.3650048">
	<ele>5.10</ele>
	<time>1970-01-01T00:00:00.000Z</time>
</trkpt>
<trkpt lat="47.2934185" lon="-1.3645829">
	<ele>5.40</ele>
	<time>1970-01-01T00:00:00.000Z</time>
</trkpt>
<trkpt lat="47.2937344" lon="-1.3638785">
	<ele>5.80</ele>
	<time>1970-01-01T00:00:00.000Z</time>
</trkpt>
<trkpt lat="47.2963737" lon="-1.3587955">
	<ele>5.40</ele>
	<time>1970-01-01T00:00:00.000Z</time>
</trkpt>
<trkpt lat="47.2967729" lon="-1.3579593">
	<ele>5.50</ele>
	<time>1970-01-01T00:00:00.000Z</time>
</trkpt>
<trkpt lat="47.2969756" lon="-1.3576615">
	<ele>5.70</ele>
	<time>1970-01-01T00:00:00.000Z</time>
</trkpt>
<trkpt lat="47.2974998" lon="-1.3565464">
	<ele>6.10</ele>
	<time>1970-01-01T00:00:00.000Z</time>
</trkpt>
<trkpt lat="47.2978013" lon="-1.3560148">
	<ele>6.10</ele>
	<time>1970-01-01T00:00:00.000Z</time>
</trkpt>
<trkpt lat="47.3002468" lon="-1.3512951">
	<ele>4.70</ele>
	<time>1970-01-01T00:00:00.000Z</time>
</trkpt>
<trkpt lat="47.3004734" lon="-1.3508064">
	<ele>5.20</ele>
	<time>1970-01-01T00:00:00.000Z</time>
</trkpt>
<trkpt lat="47.3008871" lon="-1.3496326">
	<ele>6.80</ele>
	<time>1970-01-01T00:00:00.000Z</time>
</trkpt>
<trkpt lat="47.3008747" lon="-1.3495287">
	<ele>6.90</ele>
	<time>1970-01-01T00:00:00.000Z</time>
</trkpt>
<trkpt lat="47.3010821" lon="-1.3482149">
	<ele>6.80</ele>
	<time>1970-01-01T00:00:00.000Z</time>
</trkpt>
<trkpt lat="47.3012424" lon="-1.3482154">
	<ele>6.60</ele>
	<time>1970-01-01T00:00:00.000Z</time>
</trkpt>
<trkpt lat="47.3014856" lon="-1.3481275">
	<ele>5.60</ele>
	<time>1970-01-01T00:00:00.000Z</time>
</trkpt>
<trkpt lat="47.3015867" lon="-1.3480074">
	<ele>5.60</ele>
	<time>1970-01-01T00:00:00.000Z</time>
</trkpt>
<trkpt lat="47.3016027" lon="-1.3479304">
	<ele>5.30</ele>
	<time>1970-01-01T00:00:00.000Z</time>
</trkpt>
<trkpt lat="47.3015642" lon="-1.3474154">
	<ele>5.10</ele>
	<time>1970-01-01T00:00:00.000Z</time>
</trkpt>
<trkpt lat="47.3015813" lon="-1.3471055">
	<ele>5.20</ele>
	<time>1970-01-01T00:00:00.000Z</time>
</trkpt>
<trkpt lat="47.3015241" lon="-1.3469723">
	<ele>5.20</ele>
	<time>1970-01-01T00:00:00.000Z</time>
</trkpt>
<trkpt lat="47.3015511" lon="-1.3466715">
	<ele>5.50</ele>
	<time>1970-01-01T00:00:00.000Z</time>
</trkpt>
<trkpt lat="47.3014541" lon="-1.3464277">
	<ele>5.60</ele>
	<time>1970-01-01T00:00:00.000Z</time>
</trkpt>
<trkpt lat="47.3014351" lon="-1.3462776">
	<ele>5.70</ele>
	<time>1970-01-01T00:00:00.000Z</time>
</trkpt>
<trkpt lat="47.3014689" lon="-1.3454919">
	<ele>5.30</ele>
	<time>1970-01-01T00:00:00.000Z</time>
</trkpt>
<trkpt lat="47.3012027" lon="-1.3453941">
	<ele>5.80</ele>
	<time>1970-01-01T00:00:00.000Z</time>
</trkpt>
<trkpt lat="47.3010888" lon="-1.3454078">
	<ele>5.80</ele>
	<time>1970-01-01T00:00:00.000Z</time>
</trkpt>
<trkpt lat="47.3009576" lon="-1.3452555">
	<ele>5.90</ele>
	<time>1970-01-01T00:00:00.000Z</time>
</trkpt>
<trkpt lat="47.3008473" lon="-1.3450149">
	<ele>5.70</ele>
	<time>1970-01-01T00:00:00.000Z</time>
</trkpt>
<trkpt lat="47.3001613" lon="-1.3415363">
	<ele>6.00</ele>
	<time>1970-01-01T00:00:00.000Z</time>
</trkpt>
<trkpt lat="47.3001350" lon="-1.3412988">
	<ele>5.90</ele>
	<time>1970-01-01T00:00:00.000Z</time>
</trkpt>
<trkpt lat="47.3002011" lon="-1.3410770">
	<ele>6.20</ele>
	<time>1970-01-01T00:00:00.000Z</time>
</trkpt>
<trkpt lat="47.3005338" lon="-1.3409221">
	<ele>6.40</ele>
	<time>1970-01-01T00:00:00.000Z</time>
</trkpt>
<trkpt lat="47.3006087" lon="-1.3409688">
	<ele>6.40</ele>
	<time>1970-01-01T00:00:00.000Z</time>
</trkpt>
<trkpt lat="47.3010314" lon="-1.3414565">
	<ele>6.70</ele>
	<time>1970-01-01T00:00:00.000Z</time>
</trkpt>
<trkpt lat="47.3011114" lon="-1.3411221">
	<ele>6.70</ele>
	<time>1970-01-01T00:00:00.000Z</time>
</trkpt>
<trkpt lat="47.3012551" lon="-1.3407743">
	<ele>6.50</ele>
	<time>1970-01-01T00:00:00.000Z</time>
</trkpt>
<trkpt lat="47.3021740" lon="-1.3398756">
	<ele>7.80</ele>
	<time>1970-01-01T00:00:00.000Z</time>
</trkpt>
<trkpt lat="47.3025497" lon="-1.3409948">
	<ele>6.50</ele>
	<time>1970-01-01T00:00:00.000Z</time>
</trkpt>
<trkpt lat="47.3026491" lon="-1.3410471">
	<ele>6.50</ele>
	<time>1970-01-01T00:00:00.000Z</time>
</trkpt>
<trkpt lat="47.3027832" lon="-1.3408546">
	<ele>6.80</ele>
	<time>1970-01-01T00:00:00.000Z</time>
</trkpt>
<trkpt lat="47.3032192" lon="-1.3403856">
	<ele>7.70</ele>
	<time>1970-01-01T00:00:00.000Z</time>
</trkpt>
<trkpt lat="47.3034132" lon="-1.3400911">
	<ele>7.80</ele>
	<time>1970-01-01T00:00:00.000Z</time>
</trkpt>
<trkpt lat="47.3036180" lon="-1.3395909">
	<ele>7.00</ele>
	<time>1970-01-01T00:00:00.000Z</time>
</trkpt>
<trkpt lat="47.3037514" lon="-1.3396440">
	<ele>7.00</ele>
	<time>1970-01-01T00:00:00.000Z</time>
</trkpt>
<trkpt lat="47.3042198" lon="-1.3389967">
	<ele>7.60</ele>
	<time>1970-01-01T00:00:00.000Z</time>
</trkpt>
<trkpt lat="47.3049178" lon="-1.3382985">
	<ele>6.60</ele>
	<time>1970-01-01T00:00:00.000Z</time>
</trkpt>
<trkpt lat="47.3056216" lon="-1.3378448">
	<ele>7.10</ele>
	<time>1970-01-01T00:00:00.000Z</time>
</trkpt>
<trkpt lat="47.3064823" lon="-1.3375779">
	<ele>5.90</ele>
	<time>1970-01-01T00:00:00.000Z</time>
</trkpt>
<trkpt lat="47.3068540" lon="-1.3373122">
	<ele>5.20</ele>
	<time>1970-01-01T00:00:00.000Z</time>
</trkpt>
<trkpt lat="47.3070871" lon="-1.3369566">
	<ele>5.30</ele>
	<time>1970-01-01T00:00:00.000Z</time>
</trkpt>
<trkpt lat="47.3072716" lon="-1.3363473">
	<ele>6.80</ele>
	<time>1970-01-01T00:00:00.000Z</time>
</trkpt>
<trkpt lat="47.3065600" lon="-1.3342581">
	<ele>7.00</ele>
	<time>1970-01-01T00:00:00.000Z</time>
</trkpt>
<trkpt lat="47.3061151" lon="-1.3330640">
	<ele>5.50</ele>
	<time>1970-01-01T00:00:00.000Z</time>
</trkpt>
<trkpt lat="47.3060843" lon="-1.3328965">
	<ele>5.50</ele>
	<time>1970-01-01T00:00:00.000Z</time>
</trkpt>
<trkpt lat="47.3062434" lon="-1.3323735">
	<ele>7.00</ele>
	<time>1970-01-01T00:00:00.000Z</time>
</trkpt>
<trkpt lat="47.3076671" lon="-1.3318251">
	<ele>7.50</ele>
	<time>1970-01-01T00:00:00.000Z</time>
</trkpt>
<trkpt lat="47.3103336" lon="-1.3306748">
	<ele>6.80</ele>
	<time>1970-01-01T00:00:00.000Z</time>
</trkpt>
<trkpt lat="47.3117910" lon="-1.3301089">
	<ele>6.80</ele>
	<time>1970-01-01T00:00:00.000Z</time>
</trkpt>
<trkpt lat="47.3125669" lon="-1.3296842">
	<ele>8.10</ele>
	<time>1970-01-01T00:00:00.000Z</time>
</trkpt>
<trkpt lat="47.3147954" lon="-1.3278695">
	<ele>10.90</ele>
	<time>1970-01-01T00:00:00.000Z</time>
</trkpt>
<trkpt lat="47.3160539" lon="-1.3263157">
	<ele>12.20</ele>
	<time>1970-01-01T00:00:00.000Z</time>
</trkpt>
<trkpt lat="47.3167579" lon="-1.3249090">
	<ele>12.20</ele>
	<time>1970-01-01T00:00:00.000Z</time>
</trkpt>
<trkpt lat="47.3168405" lon="-1.3244823">
	<ele>12.10</ele>
	<time>1970-01-01T00:00:00.000Z</time>
</trkpt>
<trkpt lat="47.3168863" lon="-1.3237223">
	<ele>13.10</ele>
	<time>1970-01-01T00:00:00.000Z</time>
</trkpt>
<trkpt lat="47.3171764" lon="-1.3223842">
	<ele>11.60</ele>
	<time>1970-01-01T00:00:00.000Z</time>
</trkpt>
<trkpt lat="47.3172642" lon="-1.3215982">
	<ele>12.00</ele>
	<time>1970-01-01T00:00:00.000Z</time>
</trkpt>
<trkpt lat="47.3176028" lon="-1.3205487">
	<ele>10.70</ele>
	<time>1970-01-01T00:00:00.000Z</time>
</trkpt>
<trkpt lat="47.3179936" lon="-1.3194815">
	<ele>11.00</ele>
	<time>1970-01-01T00:00:00.000Z</time>
</trkpt>
<trkpt lat="47.3190059" lon="-1.3200653">
	<ele>9.10</ele>
	<time>1970-01-01T00:00:00.000Z</time>
</trkpt>
<trkpt lat="47.3192537" lon="-1.3201217">
	<ele>8.50</ele>
	<time>1970-01-01T00:00:00.000Z</time>
</trkpt>
<trkpt lat="47.3195778" lon="-1.3200559">
	<ele>7.00</ele>
	<time>1970-01-01T00:00:00.000Z</time>
</trkpt>
<trkpt lat="47.3199182" lon="-1.3193752">
	<ele>6.80</ele>
	<time>1970-01-01T00:00:00.000Z</time>
</trkpt>
<trkpt lat="47.3204953" lon="-1.3177016">
	<ele>6.40</ele>
	<time>1970-01-01T00:00:00.000Z</time>
</trkpt>
<trkpt lat="47.3206525" lon="-1.3173285">
	<ele>6.60</ele>
	<time>1970-01-01T00:00:00.000Z</time>
</trkpt>
<trkpt lat="47.3221022" lon="-1.3149468">
	<ele>6.60</ele>
	<time>1970-01-01T00:00:00.000Z</time>
</trkpt>
<trkpt lat="47.3235726" lon="-1.3126909">
	<ele>7.10</ele>
	<time>1970-01-01T00:00:00.000Z</time>
</trkpt>
<trkpt lat="47.3237397" lon="-1.3123669">
	<ele>6.70</ele>
	<time>1970-01-01T00:00:00.000Z</time>
</trkpt>
<trkpt lat="47.3242155" lon="-1.3108592">
	<ele>6.70</ele>
	<time>1970-01-01T00:00:00.000Z</time>
</trkpt>
<trkpt lat="47.3245751" lon="-1.3095667">
	<ele>7.60</ele>
	<time>1970-01-01T00:00:00.000Z</time>
</trkpt>
<trkpt lat="47.3248896" lon="-1.3086550">
	<ele>7.20</ele>
	<time>1970-01-01T00:00:00.000Z</time>
</trkpt>
<trkpt lat="47.3254528" lon="-1.3072549">
	<ele>7.20</ele>
	<time>1970-01-01T00:00:00.000Z</time>
</trkpt>
<trkpt lat="47.3268124" lon="-1.3041579">
	<ele>6.30</ele>
	<time>1970-01-01T00:00:00.000Z</time>
</trkpt>
<trkpt lat="47.3268526" lon="-1.3039269">
	<ele>5.50</ele>
	<time>1970-01-01T00:00:00.000Z</time>
</trkpt>
<trkpt lat="47.3268208" lon="-1.3036289">
	<ele>5.70</ele>
	<time>1970-01-01T00:00:00.000Z</time>
</trkpt>
<trkpt lat="47.3263488" lon="-1.3025299">
	<ele>7.30</ele>
	<time>1970-01-01T00:00:00.000Z</time>
</trkpt>
<trkpt lat="47.3272150" lon="-1.3012035">
	<ele>7.20</ele>
	<time>1970-01-01T00:00:00.000Z</time>
</trkpt>
<trkpt lat="47.3281950" lon="-1.2992413">
	<ele>6.00</ele>
	<time>1970-01-01T00:00:00.000Z</time>
</trkpt>
<trkpt lat="47.3293220" lon="-1.2971996">
	<ele>7.90</ele>
	<time>1970-01-01T00:00:00.000Z</time>
</trkpt>
<trkpt lat="47.3298138" lon="-1.2964212">
	<ele>8.50</ele>
	<time>1970-01-01T00:00:00.000Z</time>
</trkpt>
<trkpt lat="47.3303997" lon="-1.2952803">
	<ele>9.90</ele>
	<time>1970-01-01T00:00:00.000Z</time>
</trkpt>
<trkpt lat="47.3314086" lon="-1.2937752">
	<ele>5.40</ele>
	<time>1970-01-01T00:00:00.000Z</time>
</trkpt>
<trkpt lat="47.3315261" lon="-1.2935146">
	<ele>8.70</ele>
	<time>1970-01-01T00:00:00.000Z</time>
</trkpt>
<trkpt lat="47.3312729" lon="-1.2932014">
	<ele>14.10</ele>
	<time>1970-01-01T00:00:00.000Z</time>
</trkpt>
<trkpt lat="47.3312710" lon="-1.2928978">
	<ele>14.60</ele>
	<time>1970-01-01T00:00:00.000Z</time>
</trkpt>
<trkpt lat="47.3315346" lon="-1.2922935">
	<ele>13.70</ele>
	<time>1970-01-01T00:00:00.000Z</time>
</trkpt>
<trkpt lat="47.3316664" lon="-1.2922023">
	<ele>12.90</ele>
	<time>1970-01-01T00:00:00.000Z</time>
</trkpt>
<trkpt lat="47.3316914" lon="-1.2917350">
	<ele>14.20</ele>
	<time>1970-01-01T00:00:00.000Z</time>
</trkpt>
<trkpt lat="47.3319428" lon="-1.2914733">
	<ele>14.50</ele>
	<time>1970-01-01T00:00:00.000Z</time>
</trkpt>
<trkpt lat="47.3321439" lon="-1.2915049">
	<ele>14.00</ele>
	<time>1970-01-01T00:00:00.000Z</time>
</trkpt>
<trkpt lat="47.3328934" lon="-1.2919865">
	<ele>7.50</ele>
	<time>1970-01-01T00:00:00.000Z</time>
</trkpt>
<trkpt lat="47.3335361" lon="-1.2925030">
	<ele>6.70</ele>
	<time>1970-01-01T00:00:00.000Z</time>
</trkpt>
<trkpt lat="47.3339766" lon="-1.2933009">
	<ele>6.60</ele>
	<time>1970-01-01T00:00:00.000Z</time>
</trkpt>
<trkpt lat="47.3340675" lon="-1.2938043">
	<ele>5.80</ele>
	<time>1970-01-01T00:00:00.000Z</time>
</trkpt>
<trkpt lat="47.3364594" lon="-1.2956950">
	<ele>7.70</ele>
	<time>1970-01-01T00:00:00.000Z</time>
</trkpt>
<trkpt lat="47.3372294" lon="-1.2917445">
	<ele>7.50</ele>
	<time>1970-01-01T00:00:00.000Z</time>
</trkpt>
<trkpt lat="47.3376862" lon="-1.2871983">
	<ele>7.60</ele>
	<time>1970-01-01T00:00:00.000Z</time>
</trkpt>
<trkpt lat="47.3379205" lon="-1.2858776">
	<ele>5.70</ele>
	<time>1970-01-01T00:00:00.000Z</time>
</trkpt>
<trkpt lat="47.3386761" lon="-1.2802514">
	<ele>5.30</ele>
	<time>1970-01-01T00:00:00.000Z</time>
</trkpt>
<trkpt lat="47.3388639" lon="-1.2779905">
	<ele>6.70</ele>
	<time>1970-01-01T00:00:00.000Z</time>
</trkpt>
<trkpt lat="47.3374926" lon="-1.2775958">
	<ele>14.80</ele>
	<time>1970-01-01T00:00:00.000Z</time>
</trkpt>
<trkpt lat="47.3373399" lon="-1.2773966">
	<ele>16.70</ele>
	<time>1970-01-01T00:00:00.000Z</time>
</trkpt>
<trkpt lat="47.3374667" lon="-1.2773005">
	<ele>17.80</ele>
	<time>1970-01-01T00:00:00.000Z</time>
</trkpt>
<trkpt lat="47.3376993" lon="-1.2774498">
	<ele>13.00</ele>
	<time>1970-01-01T00:00:00.000Z</time>
</trkpt>
<trkpt lat="47.3441707" lon="-1.2795486">
	<ele>8.80</ele>
	<time>1970-01-01T00:00:00.000Z</time>
</trkpt>
<trkpt lat="47.3444750" lon="-1.2797833">
	<ele>9.00</ele>
	<time>1970-01-01T00:00:00.000Z</time>
</trkpt>
<trkpt lat="47.3446305" lon="-1.2798227">
	<ele>9.20</ele>
	<time>1970-01-01T00:00:00.000Z</time>
</trkpt>
<trkpt lat="47.3449070" lon="-1.2800236">
	<ele>9.20</ele>
	<time>1970-01-01T00:00:00.000Z</time>
</trkpt>
<trkpt lat="47.3450171" lon="-1.2801965">
	<ele>8.90</ele>
	<time>1970-01-01T00:00:00.000Z</time>
</trkpt>
<trkpt lat="47.3452368" lon="-1.2808261">
	<ele>7.70</ele>
	<time>1970-01-01T00:00:00.000Z</time>
</trkpt>
<trkpt lat="47.3454790" lon="-1.2809307">
	<ele>7.10</ele>
	<time>1970-01-01T00:00:00.000Z</time>
</trkpt>
<trkpt lat="47.3459802" lon="-1.2825858">
	<ele>8.90</ele>
	<time>1970-01-01T00:00:00.000Z</time>
</trkpt>
<trkpt lat="47.3464521" lon="-1.2821457">
	<ele>9.70</ele>
	<time>1970-01-01T00:00:00.000Z</time>
</trkpt>
<trkpt lat="47.3469836" lon="-1.2822060">
	<ele>13.40</ele>
	<time>1970-01-01T00:00:00.000Z</time>
</trkpt>
<trkpt lat="47.3472988" lon="-1.2808400">
	<ele>16.20</ele>
	<time>1970-01-01T00:00:00.000Z</time>
</trkpt>
<trkpt lat="47.3468450" lon="-1.2806376">
	<ele>10.50</ele>
	<time>1970-01-01T00:00:00.000Z</time>
</trkpt>
<trkpt lat="47.3467697" lon="-1.2805369">
	<ele>10.70</ele>
	<time>1970-01-01T00:00:00.000Z</time>
</trkpt>
<trkpt lat="47.3470657" lon="-1.2779019">
	<ele>8.50</ele>
	<time>1970-01-01T00:00:00.000Z</time>
</trkpt>
<trkpt lat="47.3472284" lon="-1.2772860">
	<ele>7.00</ele>
	<time>1970-01-01T00:00:00.000Z</time>
</trkpt>
<trkpt lat="47.3473148" lon="-1.2767332">
	<ele>7.50</ele>
	<time>1970-01-01T00:00:00.000Z</time>
</trkpt>
<trkpt lat="47.3472791" lon="-1.2760932">
	<ele>7.40</ele>
	<time>1970-01-01T00:00:00.000Z</time>
</trkpt>
<trkpt lat="47.3474936" lon="-1.2741494">
	<ele>7.90</ele>
	<time>1970-01-01T00:00:00.000Z</time>
</trkpt>
<trkpt lat="47.3477825" lon="-1.2706486">
	<ele>8.00</ele>
	<time>1970-01-01T00:00:00.000Z</time>
</trkpt>
<trkpt lat="47.3482888" lon="-1.2677150">
	<ele>6.80</ele>
	<time>1970-01-01T00:00:00.000Z</time>
</trkpt>
<trkpt lat="47.3495605" lon="-1.2664057">
	<ele>16.60</ele>
	<time>1970-01-01T00:00:00.000Z</time>
</trkpt>
<trkpt lat="47.3493256" lon="-1.2648734">
	<ele>14.60</ele>
	<time>1970-01-01T00:00:00.000Z</time>
</trkpt>
<trkpt lat="47.3491817" lon="-1.2629356">
	<ele>14.70</ele>
	<time>1970-01-01T00:00:00.000Z</time>
</trkpt>
<trkpt lat="47.3483493" lon="-1.2603762">
	<ele>9.50</ele>
	<time>1970-01-01T00:00:00.000Z</time>
</trkpt>
<trkpt lat="47.3477095" lon="-1.2570996">
	<ele>12.30</ele>
	<time>1970-01-01T00:00:00.000Z</time>
</trkpt>
<trkpt lat="47.3476738" lon="-1.2563246">
	<ele>13.30</ele>
	<time>1970-01-01T00:00:00.000Z</time>
</trkpt>
<trkpt lat="47.3479084" lon="-1.2551153">
	<ele>15.70</ele>
	<time>1970-01-01T00:00:00.000Z</time>
</trkpt>
<trkpt lat="47.3479833" lon="-1.2535870">
	<ele>15.60</ele>
	<time>1970-01-01T00:00:00.000Z</time>
</trkpt>
<trkpt lat="47.3474220" lon="-1.2535676">
	<ele>9.40</ele>
	<time>1970-01-01T00:00:00.000Z</time>
</trkpt>
<trkpt lat="47.3471815" lon="-1.2535117">
	<ele>8.90</ele>
	<time>1970-01-01T00:00:00.000Z</time>
</trkpt>
<trkpt lat="47.3471402" lon="-1.2534327">
	<ele>8.90</ele>
	<time>1970-01-01T00:00:00.000Z</time>
</trkpt>
<trkpt lat="47.3471433" lon="-1.2533197">
	<ele>9.10</ele>
	<time>1970-01-01T00:00:00.000Z</time>
</trkpt>
<trkpt lat="47.3472153" lon="-1.2530900">
	<ele>9.10</ele>
	<time>1970-01-01T00:00:00.000Z</time>
</trkpt>
<trkpt lat="47.3474727" lon="-1.2512392">
	<ele>13.40</ele>
	<time>1970-01-01T00:00:00.000Z</time>
</trkpt>
<trkpt lat="47.3479743" lon="-1.2491851">
	<ele>12.90</ele>
	<time>1970-01-01T00:00:00.000Z</time>
</trkpt>
<trkpt lat="47.3482590" lon="-1.2483891">
	<ele>12.80</ele>
	<time>1970-01-01T00:00:00.000Z</time>
</trkpt>
<trkpt lat="47.3498199" lon="-1.2448608">
	<ele>7.20</ele>
	<time>1970-01-01T00:00:00.000Z</time>
</trkpt>
<trkpt lat="47.3501255" lon="-1.2440095">
	<ele>9.80</ele>
	<time>1970-01-01T00:00:00.000Z</time>
</trkpt>
<trkpt lat="47.3510435" lon="-1.2407930">
	<ele>18.70</ele>
	<time>1970-01-01T00:00:00.000Z</time>
</trkpt>
<trkpt lat="47.3511401" lon="-1.2402700">
	<ele>20.00</ele>
	<time>1970-01-01T00:00:00.000Z</time>
</trkpt>
<trkpt lat="47.3512782" lon="-1.2399315">
	<ele>17.90</ele>
	<time>1970-01-01T00:00:00.000Z</time>
</trkpt>
<trkpt lat="47.3516577" lon="-1.2385803">
	<ele>14.00</ele>
	<time>1970-01-01T00:00:00.000Z</time>
</trkpt>
<trkpt lat="47.3517537" lon="-1.2381243">
	<ele>12.20</ele>
	<time>1970-01-01T00:00:00.000Z</time>
</trkpt>
<trkpt lat="47.3519095" lon="-1.2376603">
	<ele>12.90</ele>
	<time>1970-01-01T00:00:00.000Z</time>
</trkpt>
<trkpt lat="47.3529846" lon="-1.2337863">
	<ele>12.70</ele>
	<time>1970-01-01T00:00:00.000Z</time>
</trkpt>
<trkpt lat="47.3535670" lon="-1.2321305">
	<ele>12.10</ele>
	<time>1970-01-01T00:00:00.000Z</time>
</trkpt>
<trkpt lat="47.3543295" lon="-1.2305318">
	<ele>8.60</ele>
	<time>1970-01-01T00:00:00.000Z</time>
</trkpt>
<trkpt lat="47.3556071" lon="-1.2279988">
	<ele>11.00</ele>
	<time>1970-01-01T00:00:00.000Z</time>
</trkpt>
<trkpt lat="47.3557682" lon="-1.2275603">
	<ele>14.10</ele>
	<time>1970-01-01T00:00:00.000Z</time>
</trkpt>
<trkpt lat="47.3573471" lon="-1.2244536">
	<ele>13.60</ele>
	<time>1970-01-01T00:00:00.000Z</time>
</trkpt>
<trkpt lat="47.3574385" lon="-1.2242108">
	<ele>12.80</ele>
	<time>1970-01-01T00:00:00.000Z</time>
</trkpt>
<trkpt lat="47.3570329" lon="-1.2237423">
	<ele>10.40</ele>
	<time>1970-01-01T00:00:00.000Z</time>
</trkpt>
<trkpt lat="47.3576867" lon="-1.2182897">
	<ele>7.50</ele>
	<time>1970-01-01T00:00:00.000Z</time>
</trkpt>
<trkpt lat="47.3587438" lon="-1.2128653">
	<ele>8.30</ele>
	<time>1970-01-01T00:00:00.000Z</time>
</trkpt>
<trkpt lat="47.3588420" lon="-1.2125242">
	<ele>8.60</ele>
	<time>1970-01-01T00:00:00.000Z</time>
</trkpt>
<trkpt lat="47.3601957" lon="-1.2089899">
	<ele>11.50</ele>
	<time>1970-01-01T00:00:00.000Z</time>
</trkpt>
<trkpt lat="47.3604707" lon="-1.2078967">
	<ele>12.50</ele>
	<time>1970-01-01T00:00:00.000Z</time>
</trkpt>
<trkpt lat="47.3606012" lon="-1.2070399">
	<ele>12.40</ele>
	<time>1970-01-01T00:00:00.000Z</time>
</trkpt>
<trkpt lat="47.3606397" lon="-1.2065900">
	<ele>11.70</ele>
	<time>1970-01-01T00:00:00.000Z</time>
</trkpt>
<trkpt lat="47.3608432" lon="-1.2021016">
	<ele>10.80</ele>
	<time>1970-01-01T00:00:00.000Z</time>
</trkpt>
<trkpt lat="47.3612269" lon="-1.2020389">
	<ele>11.20</ele>
	<time>1970-01-01T00:00:00.000Z</time>
</trkpt>
<trkpt lat="47.3613789" lon="-1.2019595">
	<ele>11.30</ele>
	<time>1970-01-01T00:00:00.000Z</time>
</trkpt>
<trkpt lat="47.3617502" lon="-1.2013251">
	<ele>11.40</ele>
	<time>1970-01-01T00:00:00.000Z</time>
</trkpt>
<trkpt lat="47.3618483" lon="-1.2004783">
	<ele>11.40</ele>
	<time>1970-01-01T00:00:00.000Z</time>
</trkpt>
<trkpt lat="47.3619458" lon="-1.1999882">
	<ele>12.80</ele>
	<time>1970-01-01T00:00:00.000Z</time>
</trkpt>
<trkpt lat="47.3616858" lon="-1.1996870">
	<ele>10.40</ele>
	<time>1970-01-01T00:00:00.000Z</time>
</trkpt>
<trkpt lat="47.3620905" lon="-1.1961350">
	<ele>10.30</ele>
	<time>1970-01-01T00:00:00.000Z</time>
</trkpt>
<trkpt lat="47.3616134" lon="-1.1958817">
	<ele>8.90</ele>
	<time>1970-01-01T00:00:00.000Z</time>
</trkpt>
<trkpt lat="47.3619341" lon="-1.1932170">
	<ele>9.40</ele>
	<time>1970-01-01T00:00:00.000Z</time>
</trkpt>
<trkpt lat="47.3619517" lon="-1.1917620">
	<ele>10.10</ele>
	<time>1970-01-01T00:00:00.000Z</time>
</trkpt>
<trkpt lat="47.3620372" lon="-1.1913957">
	<ele>10.20</ele>
	<time>1970-01-01T00:00:00.000Z</time>
</trkpt>
<trkpt lat="47.3620256" lon="-1.1896123">
	<ele>9.80</ele>
	<time>1970-01-01T00:00:00.000Z</time>
</trkpt>
<trkpt lat="47.3619479" lon="-1.1892838">
	<ele>10.30</ele>
	<time>1970-01-01T00:00:00.000Z</time>
</trkpt>
<trkpt lat="47.3619302" lon="-1.1888817">
	<ele>10.80</ele>
	<time>1970-01-01T00:00:00.000Z</time>
</trkpt>
<trkpt lat="47.3620877" lon="-1.1879462">
	<ele>10.80</ele>
	<time>1970-01-01T00:00:00.000Z</time>
</trkpt>
<trkpt lat="47.3622019" lon="-1.1875498">
	<ele>10.40</ele>
	<time>1970-01-01T00:00:00.000Z</time>
</trkpt>
<trkpt lat="47.3623171" lon="-1.1873585">
	<ele>10.50</ele>
	<time>1970-01-01T00:00:00.000Z</time>
</trkpt>
<trkpt lat="47.3624170" lon="-1.1870948">
	<ele>10.70</ele>
	<time>1970-01-01T00:00:00.000Z</time>
</trkpt>
<trkpt lat="47.3632285" lon="-1.1873139">
	<ele>11.90</ele>
	<time>1970-01-01T00:00:00.000Z</time>
</trkpt>
<trkpt lat="47.3636281" lon="-1.1872310">
	<ele>12.70</ele>
	<time>1970-01-01T00:00:00.000Z</time>
</trkpt>
<trkpt lat="47.3634854" lon="-1.1867721">
	<ele>13.00</ele>
	<time>1970-01-01T00:00:00.000Z</time>
</trkpt>
<trkpt lat="47.3635188" lon="-1.1832364">
	<ele>13.30</ele>
	<time>1970-01-01T00:00:00.000Z</time>
</trkpt>
<trkpt lat="47.3636570" lon="-1.1829342">
	<ele>13.80</ele>
	<time>1970-01-01T00:00:00.000Z</time>
</trkpt>
<trkpt lat="47.3635275" lon="-1.1826782">
	<ele>14.30</ele>
	<time>1970-01-01T00:00:00.000Z</time>
</trkpt>
<trkpt lat="47.3632130" lon="-1.1788447">
	<ele>11.20</ele>
	<time>1970-01-01T00:00:00.000Z</time>
</trkpt>
<trkpt lat="47.3635990" lon="-1.1773065">
	<ele>10.50</ele>
	<time>1970-01-01T00:00:00.000Z</time>
</trkpt>
<trkpt lat="47.3627215" lon="-1.1769250">
	<ele>6.50</ele>
	<time>1970-01-01T00:00:00.000Z</time>
</trkpt>
<trkpt lat="47.3575008" lon="-1.1741536">
	<ele>11.60</ele>
	<time>1970-01-01T00:00:00.000Z</time>
</trkpt>
<trkpt lat="47.3578086" lon="-1.1733630">
	<ele>11.20</ele>
	<time>1970-01-01T00:00:00.000Z</time>
</trkpt>
<trkpt lat="47.3577870" lon="-1.1729168">
	<ele>11.50</ele>
	<time>1970-01-01T00:00:00.000Z</time>
</trkpt>
<trkpt lat="47.3577082" lon="-1.1725245">
	<ele>11.60</ele>
	<time>1970-01-01T00:00:00.000Z</time>
</trkpt>
<trkpt lat="47.3574162" lon="-1.1716399">
	<ele>11.00</ele>
	<time>1970-01-01T00:00:00.000Z</time>
</trkpt>
<trkpt lat="47.3571103" lon="-1.1712842">
	<ele>10.80</ele>
	<time>1970-01-01T00:00:00.000Z</time>
</trkpt>
<trkpt lat="47.3564252" lon="-1.1698925">
	<ele>9.60</ele>
	<time>1970-01-01T00:00:00.000Z</time>
</trkpt>
<trkpt lat="47.3563235" lon="-1.1694364">
	<ele>8.80</ele>
	<time>1970-01-01T00:00:00.000Z</time>
</trkpt>
<trkpt lat="47.3564320" lon="-1.1682062">
	<ele>9.40</ele>
	<time>1970-01-01T00:00:00.000Z</time>
</trkpt>
<trkpt lat="47.3566120" lon="-1.1673405">
	<ele>10.20</ele>
	<time>1970-01-01T00:00:00.000Z</time>
</trkpt>
<trkpt lat="47.3564904" lon="-1.1661074">
	<ele>9.80</ele>
	<time>1970-01-01T00:00:00.000Z</time>
</trkpt>
<trkpt lat="47.3563251" lon="-1.1650262">
	<ele>2.90</ele>
	<time>1970-01-01T00:00:00.000Z</time>
</trkpt>
<trkpt lat="47.3563972" lon="-1.1637359">
	<ele>-0.10</ele>
	<time>1970-01-01T00:00:00.000Z</time>
</trkpt>
<trkpt lat="47.3563177" lon="-1.1624447">
	<ele>-1.90</ele>
	<time>1970-01-01T00:00:00.000Z</time>
</trkpt>
<trkpt lat="47.3563933" lon="-1.1615843">
	<ele>-1.10</ele>
	<time>1970-01-01T00:00:00.000Z</time>
</trkpt>
<trkpt lat="47.3565608" lon="-1.1607876">
	<ele>-0.30</ele>
	<time>1970-01-01T00:00:00.000Z</time>
</trkpt>
<trkpt lat="47.3566354" lon="-1.1595825">
	<ele>1.30</ele>
	<time>1970-01-01T00:00:00.000Z</time>
</trkpt>
<trkpt lat="47.3561469" lon="-1.1585804">
	<ele>8.10</ele>
	<time>1970-01-01T00:00:00.000Z</time>
</trkpt>
<trkpt lat="47.3553642" lon="-1.1572675">
	<ele>7.40</ele>
	<time>1970-01-01T00:00:00.000Z</time>
</trkpt>
<trkpt lat="47.3549177" lon="-1.1566811">
	<ele>7.50</ele>
	<time>1970-01-01T00:00:00.000Z</time>
</trkpt>
<trkpt lat="47.3545509" lon="-1.1565630">
	<ele>7.70</ele>
	<time>1970-01-01T00:00:00.000Z</time>
</trkpt>
<trkpt lat="47.3543173" lon="-1.1565446">
	<ele>7.90</ele>
	<time>1970-01-01T00:00:00.000Z</time>
</trkpt>
<trkpt lat="47.3541002" lon="-1.1565623">
	<ele>8.10</ele>
	<time>1970-01-01T00:00:00.000Z</time>
</trkpt>
<trkpt lat="47.3534811" lon="-1.1567693">
	<ele>8.50</ele>
	<time>1970-01-01T00:00:00.000Z</time>
</trkpt>
<trkpt lat="47.3531663" lon="-1.1559198">
	<ele>8.20</ele>
	<time>1970-01-01T00:00:00.000Z</time>
</trkpt>
<trkpt lat="47.3529527" lon="-1.1542146">
	<ele>8.40</ele>
	<time>1970-01-01T00:00:00.000Z</time>
</trkpt>
<trkpt lat="47.3530951" lon="-1.1533951">
	<ele>8.40</ele>
	<time>1970-01-01T00:00:00.000Z</time>
</trkpt>
<trkpt lat="47.3531590" lon="-1.1528497">
	<ele>8.10</ele>
	<time>1970-01-01T00:00:00.000Z</time>
</trkpt>
<trkpt lat="47.3531856" lon="-1.1522411">
	<ele>8.00</ele>
	<time>1970-01-01T00:00:00.000Z</time>
</trkpt>
<trkpt lat="47.3531133" lon="-1.1516292">
	<ele>7.90</ele>
	<time>1970-01-01T00:00:00.000Z</time>
</trkpt>
<trkpt lat="47.3526959" lon="-1.1507943">
	<ele>8.10</ele>
	<time>1970-01-01T00:00:00.000Z</time>
</trkpt>
<trkpt lat="47.3519404" lon="-1.1498826">
	<ele>8.30</ele>
	<time>1970-01-01T00:00:00.000Z</time>
</trkpt>
<trkpt lat="47.3518497" lon="-1.1496065">
	<ele>8.30</ele>
	<time>1970-01-01T00:00:00.000Z</time>
</trkpt>
<trkpt lat="47.3519234" lon="-1.1475407">
	<ele>8.40</ele>
	<time>1970-01-01T00:00:00.000Z</time>
</trkpt>
<trkpt lat="47.3521456" lon="-1.1464318">
	<ele>8.10</ele>
	<time>1970-01-01T00:00:00.000Z</time>
</trkpt>
<trkpt lat="47.3524272" lon="-1.1459523">
	<ele>8.60</ele>
	<time>1970-01-01T00:00:00.000Z</time>
</trkpt>
<trkpt lat="47.3525224" lon="-1.1457050">
	<ele>8.60</ele>
	<time>1970-01-01T00:00:00.000Z</time>
</trkpt>
<trkpt lat="47.3526567" lon="-1.1447057">
	<ele>7.60</ele>
	<time>1970-01-01T00:00:00.000Z</time>
</trkpt>
<trkpt lat="47.3526664" lon="-1.1444848">
	<ele>7.60</ele>
	<time>1970-01-01T00:00:00.000Z</time>
</trkpt>
<trkpt lat="47.3526052" lon="-1.1440526">
	<ele>7.80</ele>
	<time>1970-01-01T00:00:00.000Z</time>
</trkpt>
<trkpt lat="47.3525302" lon="-1.1438003">
	<ele>7.90</ele>
	<time>1970-01-01T00:00:00.000Z</time>
</trkpt>
<trkpt lat="47.3523842" lon="-1.1435448">
	<ele>7.70</ele>
	<time>1970-01-01T00:00:00.000Z</time>
</trkpt>
<trkpt lat="47.3524736" lon="-1.1427704">
	<ele>7.40</ele>
	<time>1970-01-01T00:00:00.000Z</time>
</trkpt>
<trkpt lat="47.3525190" lon="-1.1417062">
	<ele>8.30</ele>
	<time>1970-01-01T00:00:00.000Z</time>
</trkpt>
<trkpt lat="47.3525703" lon="-1.1413740">
	<ele>8.70</ele>
	<time>1970-01-01T00:00:00.000Z</time>
</trkpt>
<trkpt lat="47.3528765" lon="-1.1402493">
	<ele>8.70</ele>
	<time>1970-01-01T00:00:00.000Z</time>
</trkpt>
<trkpt lat="47.3531211" lon="-1.1394925">
	<ele>8.10</ele>
	<time>1970-01-01T00:00:00.000Z</time>
</trkpt>
<trkpt lat="47.3533249" lon="-1.1385798">
	<ele>8.10</ele>
	<time>1970-01-01T00:00:00.000Z</time>
</trkpt>
<trkpt lat="47.3533740" lon="-1.1379439">
	<ele>7.80</ele>
	<time>1970-01-01T00:00:00.000Z</time>
</trkpt>
<trkpt lat="47.3535403" lon="-1.1367022">
	<ele>7.10</ele>
	<time>1970-01-01T00:00:00.000Z</time>
</trkpt>
<trkpt lat="47.3536241" lon="-1.1363145">
	<ele>7.30</ele>
	<time>1970-01-01T00:00:00.000Z</time>
</trkpt>
<trkpt lat="47.3537146" lon="-1.1359454">
	<ele>7.30</ele>
	<time>1970-01-01T00:00:00.000Z</time>
</trkpt>
<trkpt lat="47.3538236" lon="-1.1356854">
	<ele>7.80</ele>
	<time>1970-01-01T00:00:00.000Z</time>
</trkpt>
<trkpt lat="47.3542014" lon="-1.1350921">
	<ele>8.70</ele>
	<time>1970-01-01T00:00:00.000Z</time>
</trkpt>
<trkpt lat="47.3543040" lon="-1.1350775">
	<ele>8.50</ele>
	<time>1970-01-01T00:00:00.000Z</time>
</trkpt>
<trkpt lat="47.3546530" lon="-1.1341377">
	<ele>8.90</ele>
	<time>1970-01-01T00:00:00.000Z</time>
</trkpt>
<trkpt lat="47.3548590" lon="-1.1337062">
	<ele>8.80</ele>
	<time>1970-01-01T00:00:00.000Z</time>
</trkpt>
<trkpt lat="47.3550471" lon="-1.1332129">
	<ele>8.80</ele>
	<time>1970-01-01T00:00:00.000Z</time>
</trkpt>
<trkpt lat="47.3558456" lon="-1.1299462">
	<ele>9.40</ele>
	<time>1970-01-01T00:00:00.000Z</time>
</trkpt>
<trkpt lat="47.3562998" lon="-1.1283543">
	<ele>9.30</ele>
	<time>1970-01-01T00:00:00.000Z</time>
</trkpt>
<trkpt lat="47.3562877" lon="-1.1281060">
	<ele>9.30</ele>
	<time>1970-01-01T00:00:00.000Z</time>
</trkpt>
<trkpt lat="47.3561305" lon="-1.1277725">
	<ele>9.30</ele>
	<time>1970-01-01T00:00:00.000Z</time>
</trkpt>
<trkpt lat="47.3561020" lon="-1.1276218">
	<ele>8.80</ele>
	<time>1970-01-01T00:00:00.000Z</time>
</trkpt>
<trkpt lat="47.3562337" lon="-1.1267043">
	<ele>7.80</ele>
	<time>1970-01-01T00:00:00.000Z</time>
</trkpt>
<trkpt lat="47.3564048" lon="-1.1258500">
	<ele>9.20</ele>
	<time>1970-01-01T00:00:00.000Z</time>
</trkpt>
<trkpt lat="47.3565644" lon="-1.1253063">
	<ele>9.50</ele>
	<time>1970-01-01T00:00:00.000Z</time>
</trkpt>
<trkpt lat="47.3568183" lon="-1.1246153">
	<ele>9.20</ele>
	<time>1970-01-01T00:00:00.000Z</time>
</trkpt>
<trkpt lat="47.3569654" lon="-1.1243865">
	<ele>9.30</ele>
	<time>1970-01-01T00:00:00.000Z</time>
</trkpt>
<trkpt lat="47.3571595" lon="-1.1244187">
	<ele>9.00</ele>
	<time>1970-01-01T00:00:00.000Z</time>
</trkpt>
<trkpt lat="47.3573722" lon="-1.1237570">
	<ele>9.50</ele>
	<time>1970-01-01T00:00:00.000Z</time>
</trkpt>
<trkpt lat="47.3577192" lon="-1.1232618">
	<ele>10.00</ele>
	<time>1970-01-01T00:00:00.000Z</time>
</trkpt>
<trkpt lat="47.3578498" lon="-1.1229317">
	<ele>10.00</ele>
	<time>1970-01-01T00:00:00.000Z</time>
</trkpt>
<trkpt lat="47.3580371" lon="-1.1228102">
	<ele>9.80</ele>
	<time>1970-01-01T00:00:00.000Z</time>
</trkpt>
<trkpt lat="47.3580735" lon="-1.1226957">
	<ele>9.90</ele>
	<time>1970-01-01T00:00:00.000Z</time>
</trkpt>
<trkpt lat="47.3579708" lon="-1.1225098">
	<ele>9.30</ele>
	<time>1970-01-01T00:00:00.000Z</time>
</trkpt>
<trkpt lat="47.3576139" lon="-1.1215742">
	<ele>7.70</ele>
	<time>1970-01-01T00:00:00.000Z</time>
</trkpt>
<trkpt lat="47.3576475" lon="-1.1209373">
	<ele>7.80</ele>
	<time>1970-01-01T00:00:00.000Z</time>
</trkpt>
<trkpt lat="47.3579911" lon="-1.1183467">
	<ele>9.40</ele>
	<time>1970-01-01T00:00:00.000Z</time>
</trkpt>
<trkpt lat="47.3586401" lon="-1.1184465">
	<ele>9.80</ele>
	<time>1970-01-01T00:00:00.000Z</time>
</trkpt>
<trkpt lat="47.3605811" lon="-1.1184294">
	<ele>8.50</ele>
	<time>1970-01-01T00:00:00.000Z</time>
</trkpt>
<trkpt lat="47.3608584" lon="-1.1183350">
	<ele>9.10</ele>
	<time>1970-01-01T00:00:00.000Z</time>
</trkpt>
<trkpt lat="47.3615620" lon="-1.1183350">
	<ele>10.80</ele>
	<time>1970-01-01T00:00:00.000Z</time>
</trkpt>
<trkpt lat="47.3619981" lon="-1.1181704">
	<ele>10.70</ele>
	<time>1970-01-01T00:00:00.000Z</time>
</trkpt>
<trkpt lat="47.3636423" lon="-1.1183164">
	<ele>10.90</ele>
	<time>1970-01-01T00:00:00.000Z</time>
</trkpt>
<trkpt lat="47.3647169" lon="-1.1187063">
	<ele>10.70</ele>
	<time>1970-01-01T00:00:00.000Z</time>
</trkpt>
<trkpt lat="47.3654865" lon="-1.1188123">
	<ele>10.50</ele>
	<time>1970-01-01T00:00:00.000Z</time>
</trkpt>
<trkpt lat="47.3659470" lon="-1.1191094">
	<ele>9.00</ele>
	<time>1970-01-01T00:00:00.000Z</time>
</trkpt>
<trkpt lat="47.3659976" lon="-1.1187285">
	<ele>8.80</ele>
	<time>1970-01-01T00:00:00.000Z</time>
</trkpt>
<trkpt lat="47.3659347" lon="-1.1182461">
	<ele>7.60</ele>
	<time>1970-01-01T00:00:00.000Z</time>
</trkpt>
<trkpt lat="47.3658350" lon="-1.1164373">
	<ele>8.90</ele>
	<time>1970-01-01T00:00:00.000Z</time>
</trkpt>
<trkpt lat="47.3656806" lon="-1.1145946">
	<ele>10.90</ele>
	<time>1970-01-01T00:00:00.000Z</time>
</trkpt>
<trkpt lat="47.3657209" lon="-1.1132427">
	<ele>9.40</ele>
	<time>1970-01-01T00:00:00.000Z</time>
</trkpt>
<trkpt lat="47.3656296" lon="-1.1119796">
	<ele>8.40</ele>
	<time>1970-01-01T00:00:00.000Z</time>
</trkpt>
<trkpt lat="47.3655859" lon="-1.1105085">
	<ele>8.20</ele>
	<time>1970-01-01T00:00:00.000Z</time>
</trkpt>
<trkpt lat="47.3654034" lon="-1.1088097">
	<ele>10.10</ele>
	<time>1970-01-01T00:00:00.000Z</time>
</trkpt>
<trkpt lat="47.3653326" lon="-1.1070301">
	<ele>10.60</ele>
	<time>1970-01-01T00:00:00.000Z</time>
</trkpt>
<trkpt lat="47.3652421" lon="-1.1060176">
	<ele>10.30</ele>
	<time>1970-01-01T00:00:00.000Z</time>
</trkpt>
<trkpt lat="47.3652143" lon="-1.1054251">
	<ele>10.60</ele>
	<time>1970-01-01T00:00:00.000Z</time>
</trkpt>
<trkpt lat="47.3652347" lon="-1.1043590">
	<ele>9.40</ele>
	<time>1970-01-01T00:00:00.000Z</time>
</trkpt>
<trkpt lat="47.3651936" lon="-1.1035227">
	<ele>8.70</ele>
	<time>1970-01-01T00:00:00.000Z</time>
</trkpt>
<trkpt lat="47.3650872" lon="-1.1023801">
	<ele>9.90</ele>
	<time>1970-01-01T00:00:00.000Z</time>
</trkpt>
<trkpt lat="47.3649784" lon="-1.1021590">
	<ele>9.80</ele>
	<time>1970-01-01T00:00:00.000Z</time>
</trkpt>
<trkpt lat="47.3650816" lon="-1.1014611">
	<ele>9.50</ele>
	<time>1970-01-01T00:00:00.000Z</time>
</trkpt>
<trkpt lat="47.3648324" lon="-1.0999571">
	<ele>8.70</ele>
	<time>1970-01-01T00:00:00.000Z</time>
</trkpt>
<trkpt lat="47.3646055" lon="-1.0990846">
	<ele>9.60</ele>
	<time>1970-01-01T00:00:00.000Z</time>
</trkpt>
<trkpt lat="47.3642135" lon="-1.0965495">
	<ele>11.30</ele>
	<time>1970-01-01T00:00:00.000Z</time>
</trkpt>
<trkpt lat="47.3640689" lon="-1.0958964">
	<ele>11.00</ele>
	<time>1970-01-01T00:00:00.000Z</time>
</trkpt>
<trkpt lat="47.3638735" lon="-1.0938583">
	<ele>9.40</ele>
	<time>1970-01-01T00:00:00.000Z</time>
</trkpt>
<trkpt lat="47.3637040" lon="-1.0925492">
	<ele>8.80</ele>
	<time>1970-01-01T00:00:00.000Z</time>
</trkpt>
<trkpt lat="47.3635310" lon="-1.0915998">
	<ele>7.60</ele>
	<time>1970-01-01T00:00:00.000Z</time>
</trkpt>
<trkpt lat="47.3634029" lon="-1.0911877">
	<ele>7.90</ele>
	<time>1970-01-01T00:00:00.000Z</time>
</trkpt>
<trkpt lat="47.3634087" lon="-1.0910985">
	<ele>8.00</ele>
	<time>1970-01-01T00:00:00.000Z</time>
</trkpt>
<trkpt lat="47.3640210" lon="-1.0912183">
	<ele>7.20</ele>
	<time>1970-01-01T00:00:00.000Z</time>
</trkpt>
<trkpt lat="47.3641371" lon="-1.0911650">
	<ele>7.20</ele>
	<time>1970-01-01T00:00:00.000Z</time>
</trkpt>
<trkpt lat="47.3651519" lon="-1.0900291">
	<ele>9.90</ele>
	<time>1970-01-01T00:00:00.000Z</time>
</trkpt>
<trkpt lat="47.3652779" lon="-1.0899522">
	<ele>9.80</ele>
	<time>1970-01-01T00:00:00.000Z</time>
</trkpt>
<trkpt lat="47.3656711" lon="-1.0900503">
	<ele>9.70</ele>
	<time>1970-01-01T00:00:00.000Z</time>
</trkpt>
<trkpt lat="47.3657433" lon="-1.0900186">
	<ele>9.30</ele>
	<time>1970-01-01T00:00:00.000Z</time>
</trkpt>
<trkpt lat="47.3656811" lon="-1.0896106">
	<ele>9.20</ele>
	<time>1970-01-01T00:00:00.000Z</time>
</trkpt>
<trkpt lat="47.3657272" lon="-1.0891687">
	<ele>8.50</ele>
	<time>1970-01-01T00:00:00.000Z</time>
</trkpt>
<trkpt lat="47.3657465" lon="-1.0874025">
	<ele>8.30</ele>
	<time>1970-01-01T00:00:00.000Z</time>
</trkpt>
<trkpt lat="47.3653290" lon="-1.0853745">
	<ele>10.10</ele>
	<time>1970-01-01T00:00:00.000Z</time>
</trkpt>
<trkpt lat="47.3653157" lon="-1.0847784">
	<ele>9.70</ele>
	<time>1970-01-01T00:00:00.000Z</time>
</trkpt>
<trkpt lat="47.3650140" lon="-1.0832923">
	<ele>9.70</ele>
	<time>1970-01-01T00:00:00.000Z</time>
</trkpt>
<trkpt lat="47.3645617" lon="-1.0832390">
	<ele>10.20</ele>
	<time>1970-01-01T00:00:00.000Z</time>
</trkpt>
<trkpt lat="47.3644280" lon="-1.0831212">
	<ele>10.50</ele>
	<time>1970-01-01T00:00:00.000Z</time>
</trkpt>
<trkpt lat="47.3642275" lon="-1.0827484">
	<ele>10.50</ele>
	<time>1970-01-01T00:00:00.000Z</time>
</trkpt>
<trkpt lat="47.3634379" lon="-1.0815773">
	<ele>9.10</ele>
	<time>1970-01-01T00:00:00.000Z</time>
</trkpt>
<trkpt lat="47.3631479" lon="-1.0812672">
	<ele>8.90</ele>
	<time>1970-01-01T00:00:00.000Z</time>
</trkpt>
<trkpt lat="47.3629877" lon="-1.0809290">
	<ele>8.70</ele>
	<time>1970-01-01T00:00:00.000Z</time>
</trkpt>
<trkpt lat="47.3630648" lon="-1.0806626">
	<ele>8.60</ele>
	<time>1970-01-01T00:00:00.000Z</time>
</trkpt>
<trkpt lat="47.3630586" lon="-1.0801015">
	<ele>8.80</ele>
	<time>1970-01-01T00:00:00.000Z</time>
</trkpt>
<trkpt lat="47.3629691" lon="-1.0793913">
	<ele>9.20</ele>
	<time>1970-01-01T00:00:00.000Z</time>
</trkpt>
<trkpt lat="47.3628257" lon="-1.0786594">
	<ele>9.30</ele>
	<time>1970-01-01T00:00:00.000Z</time>
</trkpt>
<trkpt lat="47.3625743" lon="-1.0779873">
	<ele>9.20</ele>
	<time>1970-01-01T00:00:00.000Z</time>
</trkpt>
<trkpt lat="47.3625359" lon="-1.0767718">
	<ele>9.10</ele>
	<time>1970-01-01T00:00:00.000Z</time>
</trkpt>
<trkpt lat="47.3625460" lon="-1.0763245">
	<ele>9.30</ele>
	<time>1970-01-01T00:00:00.000Z</time>
</trkpt>
<trkpt lat="47.3627064" lon="-1.0754693">
	<ele>10.30</ele>
	<time>1970-01-01T00:00:00.000Z</time>
</trkpt>
<trkpt lat="47.3627594" lon="-1.0748609">
	<ele>10.70</ele>
	<time>1970-01-01T00:00:00.000Z</time>
</trkpt>
<trkpt lat="47.3628750" lon="-1.0742306">
	<ele>10.90</ele>
	<time>1970-01-01T00:00:00.000Z</time>
</trkpt>
<trkpt lat="47.3629564" lon="-1.0739564">
	<ele>10.80</ele>
	<time>1970-01-01T00:00:00.000Z</time>
</trkpt>
<trkpt lat="47.3633581" lon="-1.0730999">
	<ele>9.60</ele>
	<time>1970-01-01T00:00:00.000Z</time>
</trkpt>
<trkpt lat="47.3639942" lon="-1.0721704">
	<ele>9.50</ele>
	<time>1970-01-01T00:00:00.000Z</time>
</trkpt>
<trkpt lat="47.3641845" lon="-1.0717696">
	<ele>9.80</ele>
	<time>1970-01-01T00:00:00.000Z</time>
</trkpt>
<trkpt lat="47.3643171" lon="-1.0712967">
	<ele>10.70</ele>
	<time>1970-01-01T00:00:00.000Z</time>
</trkpt>
<trkpt lat="47.3643577" lon="-1.0709364">
	<ele>11.00</ele>
	<time>1970-01-01T00:00:00.000Z</time>
</trkpt>
<trkpt lat="47.3643507" lon="-1.0706125">
	<ele>10.90</ele>
	<time>1970-01-01T00:00:00.000Z</time>
</trkpt>
<trkpt lat="47.3642519" lon="-1.0700429">
	<ele>10.10</ele>
	<time>1970-01-01T00:00:00.000Z</time>
</trkpt>
<trkpt lat="47.3641799" lon="-1.0690559">
	<ele>9.70</ele>
	<time>1970-01-01T00:00:00.000Z</time>
</trkpt>
<trkpt lat="47.3641781" lon="-1.0686277">
	<ele>9.20</ele>
	<time>1970-01-01T00:00:00.000Z</time>
</trkpt>
<trkpt lat="47.3643729" lon="-1.0670550">
	<ele>8.30</ele>
	<time>1970-01-01T00:00:00.000Z</time>
</trkpt>
<trkpt lat="47.3646385" lon="-1.0661654">
	<ele>8.70</ele>
	<time>1970-01-01T00:00:00.000Z</time>
</trkpt>
<trkpt lat="47.3634940" lon="-1.0653728">
	<ele>8.60</ele>
	<time>1970-01-01T00:00:00.000Z</time>
</trkpt>
<trkpt lat="47.3631050" lon="-1.0649563">
	<ele>8.40</ele>
	<time>1970-01-01T00:00:00.000Z</time>
</trkpt>
<trkpt lat="47.3629013" lon="-1.0647975">
	<ele>8.40</ele>
	<time>1970-01-01T00:00:00.000Z</time>
</trkpt>
<trkpt lat="47.3612871" lon="-1.0647553">
	<ele>10.30</ele>
	<time>1970-01-01T00:00:00.000Z</time>
</trkpt>
<trkpt lat="47.3612560" lon="-1.0642311">
	<ele>10.30</ele>
	<time>1970-01-01T00:00:00.000Z</time>
</trkpt>
<trkpt lat="47.3610421" lon="-1.0634416">
	<ele>10.40</ele>
	<time>1970-01-01T00:00:00.000Z</time>
</trkpt>
<trkpt lat="47.3609785" lon="-1.0630049">
	<ele>10.00</ele>
	<time>1970-01-01T00:00:00.000Z</time>
</trkpt>
<trkpt lat="47.3609563" lon="-1.0624615">
	<ele>10.40</ele>
	<time>1970-01-01T00:00:00.000Z</time>
</trkpt>
<trkpt lat="47.3610069" lon="-1.0611954">
	<ele>11.10</ele>
	<time>1970-01-01T00:00:00.000Z</time>
</trkpt>
<trkpt lat="47.3609915" lon="-1.0584570">
	<ele>10.30</ele>
	<time>1970-01-01T00:00:00.000Z</time>
</trkpt>
<trkpt lat="47.3608784" lon="-1.0561284">
	<ele>9.00</ele>
	<time>1970-01-01T00:00:00.000Z</time>
</trkpt>
<trkpt lat="47.3609155" lon="-1.0547568">
	<ele>9.60</ele>
	<time>1970-01-01T00:00:00.000Z</time>
</trkpt>
<trkpt lat="47.3608608" lon="-1.0539153">
	<ele>10.50</ele>
	<time>1970-01-01T00:00:00.000Z</time>
</trkpt>
<trkpt lat="47.3609136" lon="-1.0522895">
	<ele>11.00</ele>
	<time>1970-01-01T00:00:00.000Z</time>
</trkpt>
<trkpt lat="47.3609008" lon="-1.0498383">
	<ele>10.00</ele>
	<time>1970-01-01T00:00:00.000Z</time>
</trkpt>
<trkpt lat="47.3609395" lon="-1.0485183">
	<ele>10.90</ele>
	<time>1970-01-01T00:00:00.000Z</time>
</trkpt>
<trkpt lat="47.3609800" lon="-1.0483312">
	<ele>10.50</ele>
	<time>1970-01-01T00:00:00.000Z</time>
</trkpt>
<trkpt lat="47.3610960" lon="-1.0482489">
	<ele>10.20</ele>
	<time>1970-01-01T00:00:00.000Z</time>
</trkpt>
<trkpt lat="47.3614026" lon="-1.0481681">
	<ele>9.60</ele>
	<time>1970-01-01T00:00:00.000Z</time>
</trkpt>
<trkpt lat="47.3614777" lon="-1.0480348">
	<ele>9.60</ele>
	<time>1970-01-01T00:00:00.000Z</time>
</trkpt>
<trkpt lat="47.3616050" lon="-1.0454831">
	<ele>9.40</ele>
	<time>1970-01-01T00:00:00.000Z</time>
</trkpt>
<trkpt lat="47.3615347" lon="-1.0431952">
	<ele>9.60</ele>
	<time>1970-01-01T00:00:00.000Z</time>
</trkpt>
<trkpt lat="47.3614468" lon="-1.0425337">
	<ele>9.80</ele>
	<time>1970-01-01T00:00:00.000Z</time>
</trkpt>
<trkpt lat="47.3613897" lon="-1.0417710">
	<ele>8.90</ele>
	<time>1970-01-01T00:00:00.000Z</time>
</trkpt>
<trkpt lat="47.3612176" lon="-1.0407763">
	<ele>9.40</ele>
	<time>1970-01-01T00:00:00.000Z</time>
</trkpt>
<trkpt lat="47.3609857" lon="-1.0389306">
	<ele>10.70</ele>
	<time>1970-01-01T00:00:00.000Z</time>
</trkpt>
<trkpt lat="47.3609387" lon="-1.0387743">
	<ele>10.70</ele>
	<time>1970-01-01T00:00:00.000Z</time>
</trkpt>
<trkpt lat="47.3608234" lon="-1.0387670">
	<ele>10.70</ele>
	<time>1970-01-01T00:00:00.000Z</time>
</trkpt>
<trkpt lat="47.3604858" lon="-1.0392345">
	<ele>10.60</ele>
	<time>1970-01-01T00:00:00.000Z</time>
</trkpt>
<trkpt lat="47.3602542" lon="-1.0389709">
	<ele>11.30</ele>
	<time>1970-01-01T00:00:00.000Z</time>
</trkpt>
<trkpt lat="47.3606297" lon="-1.0373443">
	<ele>10.10</ele>
	<time>1970-01-01T00:00:00.000Z</time>
</trkpt>
<trkpt lat="47.3605819" lon="-1.0372867">
	<ele>10.70</ele>
	<time>1970-01-01T00:00:00.000Z</time>
</trkpt>
<trkpt lat="47.3610331" lon="-1.0354721">
	<ele>12.50</ele>
	<time>1970-01-01T00:00:00.000Z</time>
</trkpt>
<trkpt lat="47.3642587" lon="-1.0144877">
	<ele>10.40</ele>
	<time>1970-01-01T00:00:00.000Z</time>
</trkpt>
<trkpt lat="47.3640715" lon="-1.0141027">
	<ele>11.80</ele>
	<time>1970-01-01T00:00:00.000Z</time>
</trkpt>
<trkpt lat="47.3640186" lon="-1.0123684">
	<ele>9.90</ele>
	<time>1970-01-01T00:00:00.000Z</time>
</trkpt>
<trkpt lat="47.3637822" lon="-1.0112070">
	<ele>13.50</ele>
	<time>1970-01-01T00:00:00.000Z</time>
</trkpt>
<trkpt lat="47.3637079" lon="-1.0106668">
	<ele>12.80</ele>
	<time>1970-01-01T00:00:00.000Z</time>
</trkpt>
<trkpt lat="47.3636530" lon="-1.0097128">
	<ele>11.50</ele>
	<time>1970-01-01T00:00:00.000Z</time>
</trkpt>
<trkpt lat="47.3635189" lon="-1.0083577">
	<ele>9.80</ele>
	<time>1970-01-01T00:00:00.000Z</time>
</trkpt>
<trkpt lat="47.3633945" lon="-1.0079141">
	<ele>9.80</ele>
	<time>1970-01-01T00:00:00.000Z</time>
</trkpt>
<trkpt lat="47.3630779" lon="-1.0062756">
	<ele>15.60</ele>
	<time>1970-01-01T00:00:00.000Z</time>
</trkpt>
<trkpt lat="47.3630238" lon="-1.0057660">
	<ele>15.60</ele>
	<time>1970-01-01T00:00:00.000Z</time>
</trkpt>
<trkpt lat="47.3630090" lon="-1.0052780">
	<ele>14.90</ele>
	<time>1970-01-01T00:00:00.000Z</time>
</trkpt>
<trkpt lat="47.3628302" lon="-1.0046358">
	<ele>14.90</ele>
	<time>1970-01-01T00:00:00.000Z</time>
</trkpt>
<trkpt lat="47.3629607" lon="-1.0041186">
	<ele>15.00</ele>
	<time>1970-01-01T00:00:00.000Z</time>
</trkpt>
<trkpt lat="47.3644368" lon="-1.0006218">
	<ele>10.60</ele>
	<time>1970-01-01T00:00:00.000Z</time>
</trkpt>
<trkpt lat="47.3644965" lon="-1.0005542">
	<ele>10.50</ele>
	<time>1970-01-01T00:00:00.000Z</time>
</trkpt>
<trkpt lat="47.3648429" lon="-0.9997378">
	<ele>11.10</ele>
	<time>1970-01-01T00:00:00.000Z</time>
</trkpt>
<trkpt lat="47.3652445" lon="-0.9986211">
	<ele>9.80</ele>
	<time>1970-01-01T00:00:00.000Z</time>
</trkpt>
<trkpt lat="47.3690262" lon="-0.9854407">
	<ele>9.90</ele>
	<time>1970-01-01T00:00:00.000Z</time>
</trkpt>
<trkpt lat="47.3693633" lon="-0.9838675">
	<ele>10.00</ele>
	<time>1970-01-01T00:00:00.000Z</time>
</trkpt>
<trkpt lat="47.3725398" lon="-0.9630658">
	<ele>10.10</ele>
	<time>1970-01-01T00:00:00.000Z</time>
</trkpt>
<trkpt lat="47.3727143" lon="-0.9620500">
	<ele>10.40</ele>
	<time>1970-01-01T00:00:00.000Z</time>
</trkpt>
<trkpt lat="47.3730131" lon="-0.9609038">
	<ele>12.60</ele>
	<time>1970-01-01T00:00:00.000Z</time>
</trkpt>
<trkpt lat="47.3752994" lon="-0.9546247">
	<ele>13.40</ele>
	<time>1970-01-01T00:00:00.000Z</time>
</trkpt>
<trkpt lat="47.3759222" lon="-0.9530397">
	<ele>12.50</ele>
	<time>1970-01-01T00:00:00.000Z</time>
</trkpt>
<trkpt lat="47.3840028" lon="-0.9362282">
	<ele>9.20</ele>
	<time>1970-01-01T00:00:00.000Z</time>
</trkpt>
<trkpt lat="47.3843572" lon="-0.9355483">
	<ele>10.50</ele>
	<time>1970-01-01T00:00:00.000Z</time>
</trkpt>
<trkpt lat="47.3847383" lon="-0.9349885">
	<ele>10.90</ele>
	<time>1970-01-01T00:00:00.000Z</time>
</trkpt>
<trkpt lat="47.3852840" lon="-0.9344372">
	<ele>12.60</ele>
	<time>1970-01-01T00:00:00.000Z</time>
</trkpt>
<trkpt lat="47.3856460" lon="-0.9341480">
	<ele>12.10</ele>
	<time>1970-01-01T00:00:00.000Z</time>
</trkpt>
<trkpt lat="47.3871953" lon="-0.9331662">
	<ele>10.60</ele>
	<time>1970-01-01T00:00:00.000Z</time>
</trkpt>
<trkpt lat="47.3879082" lon="-0.9326130">
	<ele>10.70</ele>
	<time>1970-01-01T00:00:00.000Z</time>
</trkpt>
<trkpt lat="47.3886356" lon="-0.9319132">
	<ele>10.50</ele>
	<time>1970-01-01T00:00:00.000Z</time>
</trkpt>
<trkpt lat="47.3954085" lon="-0.9237302">
	<ele>12.80</ele>
	<time>1970-01-01T00:00:00.000Z</time>
</trkpt>
<trkpt lat="47.3958415" lon="-0.9231201">
	<ele>12.30</ele>
	<time>1970-01-01T00:00:00.000Z</time>
</trkpt>
<trkpt lat="47.3964122" lon="-0.9220825">
	<ele>11.70</ele>
	<time>1970-01-01T00:00:00.000Z</time>
</trkpt>
<trkpt lat="47.3994100" lon="-0.9146726">
	<ele>13.80</ele>
	<time>1970-01-01T00:00:00.000Z</time>
</trkpt>
<trkpt lat="47.3997107" lon="-0.9138067">
	<ele>11.90</ele>
	<time>1970-01-01T00:00:00.000Z</time>
</trkpt>
<trkpt lat="47.3998982" lon="-0.9129705">
	<ele>12.00</ele>
	<time>1970-01-01T00:00:00.000Z</time>
</trkpt>
<trkpt lat="47.4000302" lon="-0.9120548">
	<ele>11.90</ele>
	<time>1970-01-01T00:00:00.000Z</time>
</trkpt>
<trkpt lat="47.4002305" lon="-0.9061313">
	<ele>9.10</ele>
	<time>1970-01-01T00:00:00.000Z</time>
</trkpt>
<trkpt lat="47.4001756" lon="-0.9052924">
	<ele>9.90</ele>
	<time>1970-01-01T00:00:00.000Z</time>
</trkpt>
<trkpt lat="47.4000379" lon="-0.9043528">
	<ele>9.70</ele>
	<time>1970-01-01T00:00:00.000Z</time>
</trkpt>
<trkpt lat="47.3997944" lon="-0.9033991">
	<ele>10.30</ele>
	<time>1970-01-01T00:00:00.000Z</time>
</trkpt>
<trkpt lat="47.3966672" lon="-0.8941688">
	<ele>11.80</ele>
	<time>1970-01-01T00:00:00.000Z</time>
</trkpt>
<trkpt lat="47.3964582" lon="-0.8933783">
	<ele>10.50</ele>
	<time>1970-01-01T00:00:00.000Z</time>
</trkpt>
<trkpt lat="47.3962981" lon="-0.8922035">
	<ele>10.80</ele>
	<time>1970-01-01T00:00:00.000Z</time>
</trkpt>
<trkpt lat="47.3961307" lon="-0.8896990">
	<ele>9.50</ele>
	<time>1970-01-01T00:00:00.000Z</time>
</trkpt>
<trkpt lat="47.3960461" lon="-0.8888158">
	<ele>9.10</ele>
	<time>1970-01-01T00:00:00.000Z</time>
</trkpt>
<trkpt lat="47.3959482" lon="-0.8883268">
	<ele>9.70</ele>
	<time>1970-01-01T00:00:00.000Z</time>
</trkpt>
<trkpt lat="47.3947360" lon="-0.8849662">
	<ele>9.70</ele>
	<time>1970-01-01T00:00:00.000Z</time>
</trkpt>
<trkpt lat="47.3945766" lon="-0.8844310">
	<ele>10.70</ele>
	<time>1970-01-01T00:00:00.000Z</time>
</trkpt>
<trkpt lat="47.3945206" lon="-0.8841831">
	<ele>11.40</ele>
	<time>1970-01-01T00:00:00.000Z</time>
</trkpt>
<trkpt lat="47.3941793" lon="-0.8816590">
	<ele>9.20</ele>
	<time>1970-01-01T00:00:00.000Z</time>
</trkpt>
<trkpt lat="47.3940217" lon="-0.8809827">
	<ele>9.30</ele>
	<time>1970-01-01T00:00:00.000Z</time>
</trkpt>
<trkpt lat="47.3924197" lon="-0.8749741">
	<ele>12.00</ele>
	<time>1970-01-01T00:00:00.000Z</time>
</trkpt>
<trkpt lat="47.3923227" lon="-0.8743440">
	<ele>12.70</ele>
	<time>1970-01-01T00:00:00.000Z</time>
</trkpt>
<trkpt lat="47.3920627" lon="-0.8673168">
	<ele>10.30</ele>
	<time>1970-01-01T00:00:00.000Z</time>
</trkpt>
<trkpt lat="47.3923266" lon="-0.8624445">
	<ele>13.80</ele>
	<time>1970-01-01T00:00:00.000Z</time>
</trkpt>
<trkpt lat="47.3923052" lon="-0.8620225">
	<ele>12.90</ele>
	<time>1970-01-01T00:00:00.000Z</time>
</trkpt>
<trkpt lat="47.3919796" lon="-0.8611903">
	<ele>13.60</ele>
	<time>1970-01-01T00:00:00.000Z</time>
</trkpt>
<trkpt lat="47.3915375" lon="-0.8602053">
	<ele>12.00</ele>
	<time>1970-01-01T00:00:00.000Z</time>
</trkpt>
<trkpt lat="47.3913936" lon="-0.8600388">
	<ele>11.50</ele>
	<time>1970-01-01T00:00:00.000Z</time>
</trkpt>
<trkpt lat="47.3900577" lon="-0.8588468">
	<ele>11.90</ele>
	<time>1970-01-01T00:00:00.000Z</time>
</trkpt>
<trkpt lat="47.3896777" lon="-0.8581892">
	<ele>12.70</ele>
	<time>1970-01-01T00:00:00.000Z</time>
</trkpt>
<trkpt lat="47.3892442" lon="-0.8566702">
	<ele>15.10</ele>
	<time>1970-01-01T00:00:00.000Z</time>
</trkpt>
<trkpt lat="47.3883963" lon="-0.8540540">
	<ele>11.10</ele>
	<time>1970-01-01T00:00:00.000Z</time>
</trkpt>
<trkpt lat="47.3878185" lon="-0.8524141">
	<ele>13.50</ele>
	<time>1970-01-01T00:00:00.000Z</time>
</trkpt>
<trkpt lat="47.3874123" lon="-0.8515848">
	<ele>10.10</ele>
	<time>1970-01-01T00:00:00.000Z</time>
</trkpt>
<trkpt lat="47.3867869" lon="-0.8504751">
	<ele>13.20</ele>
	<time>1970-01-01T00:00:00.000Z</time>
</trkpt>
<trkpt lat="47.3879515" lon="-0.8489363">
	<ele>11.60</ele>
	<time>1970-01-01T00:00:00.000Z</time>
</trkpt>
<trkpt lat="47.3887105" lon="-0.8492398">
	<ele>11.70</ele>
	<time>1970-01-01T00:00:00.000Z</time>
</trkpt>
<trkpt lat="47.3891052" lon="-0.8488821">
	<ele>11.90</ele>
	<time>1970-01-01T00:00:00.000Z</time>
</trkpt>
<trkpt lat="47.3893223" lon="-0.8477742">
	<ele>11.80</ele>
	<time>1970-01-01T00:00:00.000Z</time>
</trkpt>
<trkpt lat="47.3894119" lon="-0.8468059">
	<ele>11.70</ele>
	<time>1970-01-01T00:00:00.000Z</time>
</trkpt>
<trkpt lat="47.3892996" lon="-0.8457907">
	<ele>11.50</ele>
	<time>1970-01-01T00:00:00.000Z</time>
</trkpt>
<trkpt lat="47.3889996" lon="-0.8436099">
	<ele>12.50</ele>
	<time>1970-01-01T00:00:00.000Z</time>
</trkpt>
<trkpt lat="47.3889023" lon="-0.8432836">
	<ele>12.60</ele>
	<time>1970-01-01T00:00:00.000Z</time>
</trkpt>
<trkpt lat="47.3874099" lon="-0.8414024">
	<ele>12.00</ele>
	<time>1970-01-01T00:00:00.000Z</time>
</trkpt>
<trkpt lat="47.3869855" lon="-0.8405600">
	<ele>11.60</ele>
	<time>1970-01-01T00:00:00.000Z</time>
</trkpt>
<trkpt lat="47.3862988" lon="-0.8396458">
	<ele>11.70</ele>
	<time>1970-01-01T00:00:00.000Z</time>
</trkpt>
<trkpt lat="47.3860147" lon="-0.8391368">
	<ele>11.80</ele>
	<time>1970-01-01T00:00:00.000Z</time>
</trkpt>
<trkpt lat="47.3856885" lon="-0.8393741">
	<ele>11.70</ele>
	<time>1970-01-01T00:00:00.000Z</time>
</trkpt>
<trkpt lat="47.3855042" lon="-0.8393221">
	<ele>11.80</ele>
	<time>1970-01-01T00:00:00.000Z</time>
</trkpt>
<trkpt lat="47.3851157" lon="-0.8389694">
	<ele>12.20</ele>
	<time>1970-01-01T00:00:00.000Z</time>
</trkpt>
<trkpt lat="47.3848612" lon="-0.8386626">
	<ele>12.00</ele>
	<time>1970-01-01T00:00:00.000Z</time>
</trkpt>
<trkpt lat="47.3847897" lon="-0.8385201">
	<ele>12.00</ele>
	<time>1970-01-01T00:00:00.000Z</time>
</trkpt>
<trkpt lat="47.3846363" lon="-0.8378352">
	<ele>12.50</ele>
	<time>1970-01-01T00:00:00.000Z</time>
</trkpt>
<trkpt lat="47.3842316" lon="-0.8367602">
	<ele>11.20</ele>
	<time>1970-01-01T00:00:00.000Z</time>
</trkpt>
<trkpt lat="47.3836880" lon="-0.8355159">
	<ele>11.10</ele>
	<time>1970-01-01T00:00:00.000Z</time>
</trkpt>
<trkpt lat="47.3835095" lon="-0.8345819">
	<ele>11.20</ele>
	<time>1970-01-01T00:00:00.000Z</time>
</trkpt>
<trkpt lat="47.3833869" lon="-0.8341631">
	<ele>11.50</ele>
	<time>1970-01-01T00:00:00.000Z</time>
</trkpt>
<trkpt lat="47.3826401" lon="-0.8326562">
	<ele>11.10</ele>
	<time>1970-01-01T00:00:00.000Z</time>
</trkpt>
<trkpt lat="47.3814744" lon="-0.8311199">
	<ele>11.30</ele>
	<time>1970-01-01T00:00:00.000Z</time>
</trkpt>
<trkpt lat="47.3797888" lon="-0.8296197">
	<ele>14.30</ele>
	<time>1970-01-01T00:00:00.000Z</time>
</trkpt>
<trkpt lat="47.3789486" lon="-0.8288121">
	<ele>11.40</ele>
	<time>1970-01-01T00:00:00.000Z</time>
</trkpt>
<trkpt lat="47.3785154" lon="-0.8282457">
	<ele>12.50</ele>
	<time>1970-01-01T00:00:00.000Z</time>
</trkpt>
<trkpt lat="47.3779670" lon="-0.8272504">
	<ele>13.70</ele>
	<time>1970-01-01T00:00:00.000Z</time>
</trkpt>
<trkpt lat="47.3774844" lon="-0.8261527">
	<ele>12.10</ele>
	<time>1970-01-01T00:00:00.000Z</time>
</trkpt>
<trkpt lat="47.3770271" lon="-0.8246223">
	<ele>11.00</ele>
	<time>1970-01-01T00:00:00.000Z</time>
</trkpt>
<trkpt lat="47.3765368" lon="-0.8218008">
	<ele>11.70</ele>
	<time>1970-01-01T00:00:00.000Z</time>
</trkpt>
<trkpt lat="47.3762864" lon="-0.8209249">
	<ele>11.10</ele>
	<time>1970-01-01T00:00:00.000Z</time>
</trkpt>
<trkpt lat="47.3762019" lon="-0.8203186">
	<ele>11.40</ele>
	<time>1970-01-01T00:00:00.000Z</time>
</trkpt>
<trkpt lat="47.3757593" lon="-0.8189258">
	<ele>11.20</ele>
	<time>1970-01-01T00:00:00.000Z</time>
</trkpt>
<trkpt lat="47.3756087" lon="-0.8182822">
	<ele>11.30</ele>
	<time>1970-01-01T00:00:00.000Z</time>
</trkpt>
<trkpt lat="47.3752548" lon="-0.8171497">
	<ele>11.10</ele>
	<time>1970-01-01T00:00:00.000Z</time>
</trkpt>
<trkpt lat="47.3747217" lon="-0.8156332">
	<ele>11.30</ele>
	<time>1970-01-01T00:00:00.000Z</time>
</trkpt>
<trkpt lat="47.3741476" lon="-0.8138030">
	<ele>13.80</ele>
	<time>1970-01-01T00:00:00.000Z</time>
</trkpt>
<trkpt lat="47.3740082" lon="-0.8132375">
	<ele>15.10</ele>
	<time>1970-01-01T00:00:00.000Z</time>
</trkpt>
<trkpt lat="47.3740022" lon="-0.8120953">
	<ele>15.30</ele>
	<time>1970-01-01T00:00:00.000Z</time>
</trkpt>
<trkpt lat="47.3737265" lon="-0.8102508">
	<ele>13.30</ele>
	<time>1970-01-01T00:00:00.000Z</time>
</trkpt>
<trkpt lat="47.3734991" lon="-0.8093598">
	<ele>13.10</ele>
	<time>1970-01-01T00:00:00.000Z</time>
</trkpt>
<trkpt lat="47.3728280" lon="-0.8076758">
	<ele>13.80</ele>
	<time>1970-01-01T00:00:00.000Z</time>
</trkpt>
<trkpt lat="47.3727045" lon="-0.8072859">
	<ele>14.30</ele>
	<time>1970-01-01T00:00:00.000Z</time>
</trkpt>
<trkpt lat="47.3719100" lon="-0.8041842">
	<ele>12.60</ele>
	<time>1970-01-01T00:00:00.000Z</time>
</trkpt>
<trkpt lat="47.3718352" lon="-0.8035223">
	<ele>13.20</ele>
	<time>1970-01-01T00:00:00.000Z</time>
</trkpt>
<trkpt lat="47.3715317" lon="-0.8022017">
	<ele>13.80</ele>
	<time>1970-01-01T00:00:00.000Z</time>
</trkpt>
<trkpt lat="47.3711682" lon="-0.8021393">
	<ele>13.30</ele>
	<time>1970-01-01T00:00:00.000Z</time>
</trkpt>
<trkpt lat="47.3696312" lon="-0.8029401">
	<ele>13.00</ele>
	<time>1970-01-01T00:00:00.000Z</time>
</trkpt>
<trkpt lat="47.3694355" lon="-0.8029696">
	<ele>13.30</ele>
	<time>1970-01-01T00:00:00.000Z</time>
</trkpt>
<trkpt lat="47.3685779" lon="-0.8013933">
	<ele>13.50</ele>
	<time>1970-01-01T00:00:00.000Z</time>
</trkpt>
<trkpt lat="47.3677099" lon="-0.8000807">
	<ele>11.20</ele>
	<time>1970-01-01T00:00:00.000Z</time>
</trkpt>
<trkpt lat="47.3674563" lon="-0.7994676">
	<ele>11.00</ele>
	<time>1970-01-01T00:00:00.000Z</time>
</trkpt>
<trkpt lat="47.3669030" lon="-0.7968586">
	<ele>11.00</ele>
	<time>1970-01-01T00:00:00.000Z</time>
</trkpt>
<trkpt lat="47.3668972" lon="-0.7960446">
	<ele>12.10</ele>
	<time>1970-01-01T00:00:00.000Z</time>
</trkpt>
<trkpt lat="47.3668467" lon="-0.7957395">
	<ele>12.40</ele>
	<time>1970-01-01T00:00:00.000Z</time>
</trkpt>
<trkpt lat="47.3665620" lon="-0.7951291">
	<ele>11.60</ele>
	<time>1970-01-01T00:00:00.000Z</time>
</trkpt>
<trkpt lat="47.3663424" lon="-0.7940611">
	<ele>12.20</ele>
	<time>1970-01-01T00:00:00.000Z</time>
</trkpt>
<trkpt lat="47.3663365" lon="-0.7935947">
	<ele>12.40</ele>
	<time>1970-01-01T00:00:00.000Z</time>
</trkpt>
<trkpt lat="47.3664867" lon="-0.7923146">
	<ele>13.80</ele>
	<time>1970-01-01T00:00:00.000Z</time>
</trkpt>
<trkpt lat="47.3661754" lon="-0.7914279">
	<ele>14.90</ele>
	<time>1970-01-01T00:00:00.000Z</time>
</trkpt>
<trkpt lat="47.3660299" lon="-0.7911643">
	<ele>14.50</ele>
	<time>1970-01-01T00:00:00.000Z</time>
</trkpt>
<trkpt lat="47.3657365" lon="-0.7908769">
	<ele>14.30</ele>
	<time>1970-01-01T00:00:00.000Z</time>
</trkpt>
<trkpt lat="47.3652659" lon="-0.7898170">
	<ele>11.10</ele>
	<time>1970-01-01T00:00:00.000Z</time>
</trkpt>
<trkpt lat="47.3650204" lon="-0.7889054">
	<ele>11.20</ele>
	<time>1970-01-01T00:00:00.000Z</time>
</trkpt>
<trkpt lat="47.3647481" lon="-0.7880635">
	<ele>11.00</ele>
	<time>1970-01-01T00:00:00.000Z</time>
</trkpt>
<trkpt lat="47.3646707" lon="-0.7872651">
	<ele>11.30</ele>
	<time>1970-01-01T00:00:00.000Z</time>
</trkpt>
<trkpt lat="47.3642009" lon="-0.7853323">
	<ele>11.10</ele>
	<time>1970-01-01T00:00:00.000Z</time>
</trkpt>
<trkpt lat="47.3634812" lon="-0.7829190">
	<ele>11.10</ele>
	<time>1970-01-01T00:00:00.000Z</time>
</trkpt>
<trkpt lat="47.3633156" lon="-0.7822504">
	<ele>11.20</ele>
	<time>1970-01-01T00:00:00.000Z</time>
</trkpt>
<trkpt lat="47.3627287" lon="-0.7808771">
	<ele>11.40</ele>
	<time>1970-01-01T00:00:00.000Z</time>
</trkpt>
<trkpt lat="47.3620324" lon="-0.7786216">
	<ele>13.50</ele>
	<time>1970-01-01T00:00:00.000Z</time>
</trkpt>
<trkpt lat="47.3620123" lon="-0.7781787">
	<ele>13.40</ele>
	<time>1970-01-01T00:00:00.000Z</time>
</trkpt>
<trkpt lat="47.3618231" lon="-0.7769350">
	<ele>14.20</ele>
	<time>1970-01-01T00:00:00.000Z</time>
</trkpt>
<trkpt lat="47.3618578" lon="-0.7754524">
	<ele>15.80</ele>
	<time>1970-01-01T00:00:00.000Z</time>
</trkpt>
<trkpt lat="47.3618175" lon="-0.7751889">
	<ele>15.50</ele>
	<time>1970-01-01T00:00:00.000Z</time>
</trkpt>
<trkpt lat="47.3617444" lon="-0.7749934">
	<ele>15.10</ele>
	<time>1970-01-01T00:00:00.000Z</time>
</trkpt>
<trkpt lat="47.3615960" lon="-0.7748314">
	<ele>14.80</ele>
	<time>1970-01-01T00:00:00.000Z</time>
</trkpt>
<trkpt lat="47.3614073" lon="-0.7747142">
	<ele>14.50</ele>
	<time>1970-01-01T00:00:00.000Z</time>
</trkpt>
<trkpt lat="47.3611394" lon="-0.7736801">
	<ele>14.10</ele>
	<time>1970-01-01T00:00:00.000Z</time>
</trkpt>
<trkpt lat="47.3606437" lon="-0.7721601">
	<ele>14.60</ele>
	<time>1970-01-01T00:00:00.000Z</time>
</trkpt>
<trkpt lat="47.3599216" lon="-0.7727189">
	<ele>14.30</ele>
	<time>1970-01-01T00:00:00.000Z</time>
</trkpt>
<trkpt lat="47.3598113" lon="-0.7727343">
	<ele>13.30</ele>
	<time>1970-01-01T00:00:00.000Z</time>
</trkpt>
<trkpt lat="47.3595018" lon="-0.7725842">
	<ele>11.10</ele>
	<time>1970-01-01T00:00:00.000Z</time>
</trkpt>
<trkpt lat="47.3591799" lon="-0.7723574">
	<ele>11.10</ele>
	<time>1970-01-01T00:00:00.000Z</time>
</trkpt>
<trkpt lat="47.3585560" lon="-0.7713572">
	<ele>11.50</ele>
	<time>1970-01-01T00:00:00.000Z</time>
</trkpt>
<trkpt lat="47.3578794" lon="-0.7701278">
	<ele>12.70</ele>
	<time>1970-01-01T00:00:00.000Z</time>
</trkpt>
<trkpt lat="47.3575178" lon="-0.7693447">
	<ele>12.30</ele>
	<time>1970-01-01T00:00:00.000Z</time>
</trkpt>
<trkpt lat="47.3566784" lon="-0.7679920">
	<ele>11.70</ele>
	<time>1970-01-01T00:00:00.000Z</time>
</trkpt>
<trkpt lat="47.3561158" lon="-0.7672444">
	<ele>11.60</ele>
	<time>1970-01-01T00:00:00.000Z</time>
</trkpt>
<trkpt lat="47.3559453" lon="-0.7669081">
	<ele>11.50</ele>
	<time>1970-01-01T00:00:00.000Z</time>
</trkpt>
<trkpt lat="47.3557621" lon="-0.7664694">
	<ele>11.00</ele>
	<time>1970-01-01T00:00:00.000Z</time>
</trkpt>
<trkpt lat="47.3555942" lon="-0.7656142">
	<ele>11.10</ele>
	<time>1970-01-01T00:00:00.000Z</time>
</trkpt>
<trkpt lat="47.3555888" lon="-0.7650492">
	<ele>11.00</ele>
	<time>1970-01-01T00:00:00.000Z</time>
</trkpt>
<trkpt lat="47.3554098" lon="-0.7647216">
	<ele>11.00</ele>
	<time>1970-01-01T00:00:00.000Z</time>
</trkpt>
<trkpt lat="47.3552355" lon="-0.7639920">
	<ele>11.00</ele>
	<time>1970-01-01T00:00:00.000Z</time>
</trkpt>
<trkpt lat="47.3552314" lon="-0.7637231">
	<ele>11.00</ele>
	<time>1970-01-01T00:00:00.000Z</time>
</trkpt>
<trkpt lat="47.3550091" lon="-0.7619359">
	<ele>11.20</ele>
	<time>1970-01-01T00:00:00.000Z</time>
</trkpt>
<trkpt lat="47.3550030" lon="-0.7614884">
	<ele>13.10</ele>
	<time>1970-01-01T00:00:00.000Z</time>
</trkpt>
<trkpt lat="47.3550517" lon="-0.7611987">
	<ele>13.30</ele>
	<time>1970-01-01T00:00:00.000Z</time>
</trkpt>
<trkpt lat="47.3549694" lon="-0.7610695">
	<ele>13.30</ele>
	<time>1970-01-01T00:00:00.000Z</time>
</trkpt>
<trkpt lat="47.3548265" lon="-0.7609766">
	<ele>11.60</ele>
	<time>1970-01-01T00:00:00.000Z</time>
</trkpt>
<trkpt lat="47.3548461" lon="-0.7599744">
	<ele>14.20</ele>
	<time>1970-01-01T00:00:00.000Z</time>
</trkpt>
<trkpt lat="47.3547351" lon="-0.7592652">
	<ele>14.30</ele>
	<time>1970-01-01T00:00:00.000Z</time>
</trkpt>
<trkpt lat="47.3536470" lon="-0.7564898">
	<ele>14.40</ele>
	<time>1970-01-01T00:00:00.000Z</time>
</trkpt>
<trkpt lat="47.3551975" lon="-0.7544760">
	<ele>14.30</ele>
	<time>1970-01-01T00:00:00.000Z</time>
</trkpt>
<trkpt lat="47.3553611" lon="-0.7543761">
	<ele>14.20</ele>
	<time>1970-01-01T00:00:00.000Z</time>
</trkpt>
<trkpt lat="47.3565053" lon="-0.7540144">
	<ele>13.90</ele>
	<time>1970-01-01T00:00:00.000Z</time>
</trkpt>
<trkpt lat="47.3570467" lon="-0.7537088">
	<ele>14.40</ele>
	<time>1970-01-01T00:00:00.000Z</time>
</trkpt>
<trkpt lat="47.3573823" lon="-0.7536979">
	<ele>14.90</ele>
	<time>1970-01-01T00:00:00.000Z</time>
</trkpt>
<trkpt lat="47.3574283" lon="-0.7533272">
	<ele>15.00</ele>
	<time>1970-01-01T00:00:00.000Z</time>
</trkpt>
<trkpt lat="47.3578473" lon="-0.7516969">
	<ele>13.10</ele>
	<time>1970-01-01T00:00:00.000Z</time>
</trkpt>
<trkpt lat="47.3578827" lon="-0.7511418">
	<ele>13.30</ele>
	<time>1970-01-01T00:00:00.000Z</time>
</trkpt>
<trkpt lat="47.3580699" lon="-0.7500430">
	<ele>12.80</ele>
	<time>1970-01-01T00:00:00.000Z</time>
</trkpt>
<trkpt lat="47.3580713" lon="-0.7491051">
	<ele>12.90</ele>
	<time>1970-01-01T00:00:00.000Z</time>
</trkpt>
<trkpt lat="47.3581254" lon="-0.7485435">
	<ele>12.90</ele>
	<time>1970-01-01T00:00:00.000Z</time>
</trkpt>
<trkpt lat="47.3589230" lon="-0.7484925">
	<ele>13.30</ele>
	<time>1970-01-01T00:00:00.000Z</time>
</trkpt>
<trkpt lat="47.3589913" lon="-0.7481413">
	<ele>13.50</ele>
	<time>1970-01-01T00:00:00.000Z</time>
</trkpt>
<trkpt lat="47.3598535" lon="-0.7482564">
	<ele>14.70</ele>
	<time>1970-01-01T00:00:00.000Z</time>
</trkpt>
<trkpt lat="47.3605809" lon="-0.7479387">
	<ele>13.50</ele>
	<time>1970-01-01T00:00:00.000Z</time>
</trkpt>
<trkpt lat="47.3607109" lon="-0.7490588">
	<ele>14.00</ele>
	<time>1970-01-01T00:00:00.000Z</time>
</trkpt>
<trkpt lat="47.3607246" lon="-0.7500904">
	<ele>14.40</ele>
	<time>1970-01-01T00:00:00.000Z</time>
</trkpt>
<trkpt lat="47.3609072" lon="-0.7510148">
	<ele>14.70</ele>
	<time>1970-01-01T00:00:00.000Z</time>
</trkpt>
<trkpt lat="47.3609633" lon="-0.7515417">
	<ele>15.00</ele>
	<time>1970-01-01T00:00:00.000Z</time>
</trkpt>
<trkpt lat="47.3611660" lon="-0.7522153">
	<ele>14.80</ele>
	<time>1970-01-01T00:00:00.000Z</time>
</trkpt>
<trkpt lat="47.3618289" lon="-0.7538871">
	<ele>15.40</ele>
	<time>1970-01-01T00:00:00.000Z</time>
</trkpt>
<trkpt lat="47.3626234" lon="-0.7571239">
	<ele>15.60</ele>
	<time>1970-01-01T00:00:00.000Z</time>
</trkpt>
<trkpt lat="47.3632338" lon="-0.7567745">
	<ele>11.90</ele>
	<time>1970-01-01T00:00:00.000Z</time>
</trkpt>
<trkpt lat="47.3633493" lon="-0.7568113">
	<ele>11.20</ele>
	<time>1970-01-01T00:00:00.000Z</time>
</trkpt>
<trkpt lat="47.3633930" lon="-0.7570863">
	<ele>11.80</ele>
	<time>1970-01-01T00:00:00.000Z</time>
</trkpt>
<trkpt lat="47.3633105" lon="-0.7575901">
	<ele>13.40</ele>
	<time>1970-01-01T00:00:00.000Z</time>
</trkpt>
<trkpt lat="47.3632277" lon="-0.7577446">
	<ele>13.40</ele>
	<time>1970-01-01T00:00:00.000Z</time>
</trkpt>
<trkpt lat="47.3627994" lon="-0.7578778">
	<ele>14.30</ele>
	<time>1970-01-01T00:00:00.000Z</time>
</trkpt>
<trkpt lat="47.3626633" lon="-0.7572827">
	<ele>15.10</ele>
	<time>1970-01-01T00:00:00.000Z</time>
</trkpt>
<trkpt lat="47.3641389" lon="-0.7565459">
	<ele>11.10</ele>
	<time>1970-01-01T00:00:00.000Z</time>
</trkpt>
<trkpt lat="47.3704420" lon="-0.7531565">
	<ele>16.50</ele>
	<time>1970-01-01T00:00:00.000Z</time>
</trkpt>
<trkpt lat="47.3701267" lon="-0.7537394">
	<ele>16.00</ele>
	<time>1970-01-01T00:00:00.000Z</time>
</trkpt>
<trkpt lat="47.3700428" lon="-0.7542858">
	<ele>15.00</ele>
	<time>1970-01-01T00:00:00.000Z</time>
</trkpt>
<trkpt lat="47.3700339" lon="-0.7552436">
	<ele>13.70</ele>
	<time>1970-01-01T00:00:00.000Z</time>
</trkpt>
<trkpt lat="47.3695374" lon="-0.7555824">
	<ele>11.20</ele>
	<time>1970-01-01T00:00:00.000Z</time>
</trkpt>
<trkpt lat="47.3691583" lon="-0.7543376">
	<ele>11.70</ele>
	<time>1970-01-01T00:00:00.000Z</time>
</trkpt>
<trkpt lat="47.3690642" lon="-0.7538959">
	<ele>12.10</ele>
	<time>1970-01-01T00:00:00.000Z</time>
</trkpt>
<trkpt lat="47.3689008" lon="-0.7533408">
	<ele>11.10</ele>
	<time>1970-01-01T00:00:00.000Z</time>
</trkpt>
<trkpt lat="47.3690555" lon="-0.7531649">
	<ele>12.50</ele>
	<time>1970-01-01T00:00:00.000Z</time>
</trkpt>
<trkpt lat="47.3688932" lon="-0.7527231">
	<ele>12.20</ele>
	<time>1970-01-01T00:00:00.000Z</time>
</trkpt>
<trkpt lat="47.3688861" lon="-0.7522596">
	<ele>13.20</ele>
	<time>1970-01-01T00:00:00.000Z</time>
</trkpt>
<trkpt lat="47.3689897" lon="-0.7519582">
	<ele>13.20</ele>
	<time>1970-01-01T00:00:00.000Z</time>
</trkpt>
<trkpt lat="47.3688564" lon="-0.7512992">
	<ele>13.20</ele>
	<time>1970-01-01T00:00:00.000Z</time>
</trkpt>
<trkpt lat="47.3699140" lon="-0.7511864">
	<ele>14.20</ele>
	<time>1970-01-01T00:00:00.000Z</time>
</trkpt>
<trkpt lat="47.3696136" lon="-0.7497027">
	<ele>13.80</ele>
	<time>1970-01-01T00:00:00.000Z</time>
</trkpt>
<trkpt lat="47.3692686" lon="-0.7483285">
	<ele>14.00</ele>
	<time>1970-01-01T00:00:00.000Z</time>
</trkpt>
<trkpt lat="47.3686447" lon="-0.7464281">
	<ele>15.20</ele>
	<time>1970-01-01T00:00:00.000Z</time>
</trkpt>
<trkpt lat="47.3680588" lon="-0.7448836">
	<ele>12.50</ele>
	<time>1970-01-01T00:00:00.000Z</time>
</trkpt>
<trkpt lat="47.3681286" lon="-0.7438113">
	<ele>15.40</ele>
	<time>1970-01-01T00:00:00.000Z</time>
</trkpt>
<trkpt lat="47.3684296" lon="-0.7430073">
	<ele>15.50</ele>
	<time>1970-01-01T00:00:00.000Z</time>
</trkpt>
<trkpt lat="47.3684272" lon="-0.7424788">
	<ele>16.40</ele>
	<time>1970-01-01T00:00:00.000Z</time>
</trkpt>
<trkpt lat="47.3678707" lon="-0.7408693">
	<ele>16.20</ele>
	<time>1970-01-01T00:00:00.000Z</time>
</trkpt>
<trkpt lat="47.3666310" lon="-0.7346630">
	<ele>14.10</ele>
	<time>1970-01-01T00:00:00.000Z</time>
</trkpt>
<trkpt lat="47.3658233" lon="-0.7324137">
	<ele>15.10</ele>
	<time>1970-01-01T00:00:00.000Z</time>
</trkpt>
<trkpt lat="47.3656041" lon="-0.7315403">
	<ele>14.50</ele>
	<time>1970-01-01T00:00:00.000Z</time>
</trkpt>
<trkpt lat="47.3652540" lon="-0.7307808">
	<ele>14.50</ele>
	<time>1970-01-01T00:00:00.000Z</time>
</trkpt>
<trkpt lat="47.3651268" lon="-0.7299765">
	<ele>14.60</ele>
	<time>1970-01-01T00:00:00.000Z</time>
</trkpt>
<trkpt lat="47.3642255" lon="-0.7277144">
	<ele>14.80</ele>
	<time>1970-01-01T00:00:00.000Z</time>
</trkpt>
<trkpt lat="47.3638214" lon="-0.7269277">
	<ele>13.90</ele>
	<time>1970-01-01T00:00:00.000Z</time>
</trkpt>
<trkpt lat="47.3638462" lon="-0.7264175">
	<ele>13.70</ele>
	<time>1970-01-01T00:00:00.000Z</time>
</trkpt>
<trkpt lat="47.3645283" lon="-0.7237954">
	<ele>16.50</ele>
	<time>1970-01-01T00:00:00.000Z</time>
</trkpt>
<trkpt lat="47.3646100" lon="-0.7227770">
	<ele>16.00</ele>
	<time>1970-01-01T00:00:00.000Z</time>
</trkpt>
<trkpt lat="47.3643353" lon="-0.7199041">
	<ele>16.10</ele>
	<time>1970-01-01T00:00:00.000Z</time>
</trkpt>
<trkpt lat="47.3643748" lon="-0.7183337">
	<ele>15.20</ele>
	<time>1970-01-01T00:00:00.000Z</time>
</trkpt>
<trkpt lat="47.3649544" lon="-0.7166940">
	<ele>16.30</ele>
	<time>1970-01-01T00:00:00.000Z</time>
</trkpt>
<trkpt lat="47.3650227" lon="-0.7160223">
	<ele>15.10</ele>
	<time>1970-01-01T00:00:00.000Z</time>
</trkpt>
<trkpt lat="47.3655075" lon="-0.7033770">
	<ele>11.90</ele>
	<time>1970-01-01T00:00:00.000Z</time>
</trkpt>
<trkpt lat="47.3658249" lon="-0.7020956">
	<ele>13.10</ele>
	<time>1970-01-01T00:00:00.000Z</time>
</trkpt>
<trkpt lat="47.3659843" lon="-0.7005440">
	<ele>14.60</ele>
	<time>1970-01-01T00:00:00.000Z</time>
</trkpt>
<trkpt lat="47.3658025" lon="-0.7006719">
	<ele>13.00</ele>
	<time>1970-01-01T00:00:00.000Z</time>
</trkpt>
<trkpt lat="47.3658152" lon="-0.7005026">
	<ele>12.80</ele>
	<time>1970-01-01T00:00:00.000Z</time>
</trkpt>
<trkpt lat="47.3662995" lon="-0.6985550">
	<ele>14.80</ele>
	<time>1970-01-01T00:00:00.000Z</time>
</trkpt>
<trkpt lat="47.3664861" lon="-0.6964767">
	<ele>11.70</ele>
	<time>1970-01-01T00:00:00.000Z</time>
</trkpt>
<trkpt lat="47.3672107" lon="-0.6945277">
	<ele>15.50</ele>
	<time>1970-01-01T00:00:00.000Z</time>
</trkpt>
<trkpt lat="47.3676069" lon="-0.6932218">
	<ele>15.80</ele>
	<time>1970-01-01T00:00:00.000Z</time>
</trkpt>
<trkpt lat="47.3678264" lon="-0.6923234">
	<ele>15.90</ele>
	<time>1970-01-01T00:00:00.000Z</time>
</trkpt>
<trkpt lat="47.3680311" lon="-0.6911281">
	<ele>11.50</ele>
	<time>1970-01-01T00:00:00.000Z</time>
</trkpt>
<trkpt lat="47.3684311" lon="-0.6901882">
	<ele>12.10</ele>
	<time>1970-01-01T00:00:00.000Z</time>
</trkpt>
<trkpt lat="47.3691769" lon="-0.6889264">
	<ele>12.50</ele>
	<time>1970-01-01T00:00:00.000Z</time>
</trkpt>
<trkpt lat="47.3697739" lon="-0.6878262">
	<ele>14.50</ele>
	<time>1970-01-01T00:00:00.000Z</time>
</trkpt>
<trkpt lat="47.3703512" lon="-0.6861402">
	<ele>16.30</ele>
	<time>1970-01-01T00:00:00.000Z</time>
</trkpt>
<trkpt lat="47.3707292" lon="-0.6848621">
	<ele>15.80</ele>
	<time>1970-01-01T00:00:00.000Z</time>
</trkpt>
<trkpt lat="47.3714831" lon="-0.6844281">
	<ele>18.10</ele>
	<time>1970-01-01T00:00:00.000Z</time>
</trkpt>
<trkpt lat="47.3725344" lon="-0.6847730">
	<ele>23.20</ele>
	<time>1970-01-01T00:00:00.000Z</time>
</trkpt>
<trkpt lat="47.3739148" lon="-0.6851519">
	<ele>29.90</ele>
	<time>1970-01-01T00:00:00.000Z</time>
</trkpt>
<trkpt lat="47.3739827" lon="-0.6845657">
	<ele>31.70</ele>
	<time>1970-01-01T00:00:00.000Z</time>
</trkpt>
<trkpt lat="47.3744084" lon="-0.6846351">
	<ele>34.70</ele>
	<time>1970-01-01T00:00:00.000Z</time>
</trkpt>
<trkpt lat="47.3749429" lon="-0.6849395">
	<ele>39.50</ele>
	<time>1970-01-01T00:00:00.000Z</time>
</trkpt>
<trkpt lat="47.3752051" lon="-0.6850149">
	<ele>42.70</ele>
	<time>1970-01-01T00:00:00.000Z</time>
</trkpt>
<trkpt lat="47.3754203" lon="-0.6849752">
	<ele>44.00</ele>
	<time>1970-01-01T00:00:00.000Z</time>
</trkpt>
<trkpt lat="47.3759530" lon="-0.6851694">
	<ele>46.20</ele>
	<time>1970-01-01T00:00:00.000Z</time>
</trkpt>
<trkpt lat="47.3761254" lon="-0.6841549">
	<ele>46.60</ele>
	<time>1970-01-01T00:00:00.000Z</time>
</trkpt>
<trkpt lat="47.3764147" lon="-0.6837371">
	<ele>47.00</ele>
	<time>1970-01-01T00:00:00.000Z</time>
</trkpt>
<trkpt lat="47.3766992" lon="-0.6825992">
	<ele>48.00</ele>
	<time>1970-01-01T00:00:00.000Z</time>
</trkpt>
<trkpt lat="47.3767528" lon="-0.6820450">
	<ele>47.70</ele>
	<time>1970-01-01T00:00:00.000Z</time>
</trkpt>
<trkpt lat="47.3774847" lon="-0.6801686">
	<ele>46.30</ele>
	<time>1970-01-01T00:00:00.000Z</time>
</trkpt>
<trkpt lat="47.3775465" lon="-0.6794569">
	<ele>44.00</ele>
	<time>1970-01-01T00:00:00.000Z</time>
</trkpt>
<trkpt lat="47.3777317" lon="-0.6785276">
	<ele>43.60</ele>
	<time>1970-01-01T00:00:00.000Z</time>
</trkpt>
<trkpt lat="47.3780649" lon="-0.6774941">
	<ele>43.90</ele>
	<time>1970-01-01T00:00:00.000Z</time>
</trkpt>
<trkpt lat="47.3781374" lon="-0.6769303">
	<ele>45.10</ele>
	<time>1970-01-01T00:00:00.000Z</time>
</trkpt>
<trkpt lat="47.3786428" lon="-0.6756621">
	<ele>46.60</ele>
	<time>1970-01-01T00:00:00.000Z</time>
</trkpt>
<trkpt lat="47.3795516" lon="-0.6722133">
	<ele>49.30</ele>
	<time>1970-01-01T00:00:00.000Z</time>
</trkpt>
<trkpt lat="47.3799010" lon="-0.6714252">
	<ele>49.90</ele>
	<time>1970-01-01T00:00:00.000Z</time>
</trkpt>
<trkpt lat="47.3807814" lon="-0.6700565">
	<ele>49.60</ele>
	<time>1970-01-01T00:00:00.000Z</time>
</trkpt>
<trkpt lat="47.3819718" lon="-0.6683788">
	<ele>45.10</ele>
	<time>1970-01-01T00:00:00.000Z</time>
</trkpt>
<trkpt lat="47.3822420" lon="-0.6679066">
	<ele>44.70</ele>
	<time>1970-01-01T00:00:00.000Z</time>
</trkpt>
<trkpt lat="47.3832528" lon="-0.6663949">
	<ele>43.20</ele>
	<time>1970-01-01T00:00:00.000Z</time>
</trkpt>
<trkpt lat="47.3835956" lon="-0.6660649">
	<ele>42.60</ele>
	<time>1970-01-01T00:00:00.000Z</time>
</trkpt>
<trkpt lat="47.3840605" lon="-0.6657949">
	<ele>43.40</ele>
	<time>1970-01-01T00:00:00.000Z</time>
</trkpt>
<trkpt lat="47.3842276" lon="-0.6657558">
	<ele>43.70</ele>
	<time>1970-01-01T00:00:00.000Z</time>
</trkpt>
<trkpt lat="47.3840405" lon="-0.6645775">
	<ele>39.50</ele>
	<time>1970-01-01T00:00:00.000Z</time>
</trkpt>
<trkpt lat="47.3838587" lon="-0.6629590">
	<ele>39.10</ele>
	<time>1970-01-01T00:00:00.000Z</time>
</trkpt>
<trkpt lat="47.3837252" lon="-0.6623411">
	<ele>38.60</ele>
	<time>1970-01-01T00:00:00.000Z</time>
</trkpt>
<trkpt lat="47.3832542" lon="-0.6612546">
	<ele>37.60</ele>
	<time>1970-01-01T00:00:00.000Z</time>
</trkpt>
<trkpt lat="47.3832084" lon="-0.6607919">
	<ele>36.80</ele>
	<time>1970-01-01T00:00:00.000Z</time>
</trkpt>
<trkpt lat="47.3835007" lon="-0.6600612">
	<ele>36.70</ele>
	<time>1970-01-01T00:00:00.000Z</time>
</trkpt>
<trkpt lat="47.3833438" lon="-0.6599465">
	<ele>36.60</ele>
	<time>1970-01-01T00:00:00.000Z</time>
</trkpt>
<trkpt lat="47.3838951" lon="-0.6586717">
	<ele>33.40</ele>
	<time>1970-01-01T00:00:00.000Z</time>
</trkpt>
<trkpt lat="47.3837542" lon="-0.6585053">
	<ele>32.80</ele>
	<time>1970-01-01T00:00:00.000Z</time>
</trkpt>
<trkpt lat="47.3827360" lon="-0.6577253">
	<ele>29.40</ele>
	<time>1970-01-01T00:00:00.000Z</time>
</trkpt>
<trkpt lat="47.3828181" lon="-0.6572257">
	<ele>27.90</ele>
	<time>1970-01-01T00:00:00.000Z</time>
</trkpt>
<trkpt lat="47.3828053" lon="-0.6568833">
	<ele>26.90</ele>
	<time>1970-01-01T00:00:00.000Z</time>
</trkpt>
<trkpt lat="47.3818786" lon="-0.6560265">
	<ele>21.50</ele>
	<time>1970-01-01T00:00:00.000Z</time>
</trkpt>
<trkpt lat="47.3818350" lon="-0.6558372">
	<ele>20.70</ele>
	<time>1970-01-01T00:00:00.000Z</time>
</trkpt>
<trkpt lat="47.3800422" lon="-0.6543716">
	<ele>17.00</ele>
	<time>1970-01-01T00:00:00.000Z</time>
</trkpt>
<trkpt lat="47.3800879" lon="-0.6547598">
	<ele>16.70</ele>
	<time>1970-01-01T00:00:00.000Z</time>
</trkpt>
<trkpt lat="47.3809461" lon="-0.6555930">
	<ele>18.50</ele>
	<time>1970-01-01T00:00:00.000Z</time>
</trkpt>
<trkpt lat="47.3856368" lon="-0.6445302">
	<ele>18.50</ele>
	<time>1970-01-01T00:00:00.000Z</time>
</trkpt>
<trkpt lat="47.3857521" lon="-0.6440935">
	<ele>18.70</ele>
	<time>1970-01-01T00:00:00.000Z</time>
</trkpt>
<trkpt lat="47.3860015" lon="-0.6433973">
	<ele>20.00</ele>
	<time>1970-01-01T00:00:00.000Z</time>
</trkpt>
<trkpt lat="47.3863008" lon="-0.6431412">
	<ele>20.30</ele>
	<time>1970-01-01T00:00:00.000Z</time>
</trkpt>
<trkpt lat="47.3870841" lon="-0.6414386">
	<ele>23.60</ele>
	<time>1970-01-01T00:00:00.000Z</time>
</trkpt>
<trkpt lat="47.3871016" lon="-0.6412801">
	<ele>21.20</ele>
	<time>1970-01-01T00:00:00.000Z</time>
</trkpt>
<trkpt lat="47.3873850" lon="-0.6405701">
	<ele>13.40</ele>
	<time>1970-01-01T00:00:00.000Z</time>
</trkpt>
<trkpt lat="47.3875999" lon="-0.6402723">
	<ele>12.50</ele>
	<time>1970-01-01T00:00:00.000Z</time>
</trkpt>
<trkpt lat="47.3876917" lon="-0.6400298">
	<ele>15.50</ele>
	<time>1970-01-01T00:00:00.000Z</time>
</trkpt>
<trkpt lat="47.3880002" lon="-0.6396279">
	<ele>13.10</ele>
	<time>1970-01-01T00:00:00.000Z</time>
</trkpt>
<trkpt lat="47.3881888" lon="-0.6394729">
	<ele>18.10</ele>
	<time>1970-01-01T00:00:00.000Z</time>
</trkpt>
<trkpt lat="47.3893352" lon="-0.6375276">
	<ele>12.20</ele>
	<time>1970-01-01T00:00:00.000Z</time>
</trkpt>
<trkpt lat="47.3910982" lon="-0.6348617">
	<ele>14.50</ele>
	<time>1970-01-01T00:00:00.000Z</time>
</trkpt>
<trkpt lat="47.3911973" lon="-0.6346167">
	<ele>11.80</ele>
	<time>1970-01-01T00:00:00.000Z</time>
</trkpt>
<trkpt lat="47.3913023" lon="-0.6341821">
	<ele>11.20</ele>
	<time>1970-01-01T00:00:00.000Z</time>
</trkpt>
<trkpt lat="47.3917526" lon="-0.6332761">
	<ele>11.40</ele>
	<time>1970-01-01T00:00:00.000Z</time>
</trkpt>
<trkpt lat="47.3923820" lon="-0.6324622">
	<ele>14.10</ele>
	<time>1970-01-01T00:00:00.000Z</time>
</trkpt>
<trkpt lat="47.3926289" lon="-0.6322860">
	<ele>13.00</ele>
	<time>1970-01-01T00:00:00.000Z</time>
</trkpt>
<trkpt lat="47.3929220" lon="-0.6317556">
	<ele>11.40</ele>
	<time>1970-01-01T00:00:00.000Z</time>
</trkpt>
<trkpt lat="47.3935833" lon="-0.6313078">
	<ele>11.00</ele>
	<time>1970-01-01T00:00:00.000Z</time>
</trkpt>
<trkpt lat="47.3938694" lon="-0.6309259">
	<ele>11.10</ele>
	<time>1970-01-01T00:00:00.000Z</time>
</trkpt>
<trkpt lat="47.3941695" lon="-0.6307694">
	<ele>11.00</ele>
	<time>1970-01-01T00:00:00.000Z</time>
</trkpt>
<trkpt lat="47.3945711" lon="-0.6304712">
	<ele>11.60</ele>
	<time>1970-01-01T00:00:00.000Z</time>
</trkpt>
<trkpt lat="47.3952981" lon="-0.6296718">
	<ele>12.50</ele>
	<time>1970-01-01T00:00:00.000Z</time>
</trkpt>
<trkpt lat="47.3959695" lon="-0.6288251">
	<ele>11.60</ele>
	<time>1970-01-01T00:00:00.000Z</time>
</trkpt>
<trkpt lat="47.3963386" lon="-0.6285130">
	<ele>11.00</ele>
	<time>1970-01-01T00:00:00.000Z</time>
</trkpt>
<trkpt lat="47.3968325" lon="-0.6283931">
	<ele>17.60</ele>
	<time>1970-01-01T00:00:00.000Z</time>
</trkpt>
<trkpt lat="47.3984961" lon="-0.6269059">
	<ele>13.90</ele>
	<time>1970-01-01T00:00:00.000Z</time>
</trkpt>
<trkpt lat="47.3986438" lon="-0.6267364">
	<ele>16.20</ele>
	<time>1970-01-01T00:00:00.000Z</time>
</trkpt>
<trkpt lat="47.3989135" lon="-0.6278420">
	<ele>33.30</ele>
	<time>1970-01-01T00:00:00.000Z</time>
</trkpt>
<trkpt lat="47.3988549" lon="-0.6283149">
	<ele>36.30</ele>
	<time>1970-01-01T00:00:00.000Z</time>
</trkpt>
<trkpt lat="47.3986931" lon="-0.6288778">
	<ele>39.60</ele>
	<time>1970-01-01T00:00:00.000Z</time>
</trkpt>
<trkpt lat="47.3983141" lon="-0.6295404">
	<ele>44.00</ele>
	<time>1970-01-01T00:00:00.000Z</time>
</trkpt>
<trkpt lat="47.3980753" lon="-0.6298004">
	<ele>45.10</ele>
	<time>1970-01-01T00:00:00.000Z</time>
</trkpt>
<trkpt lat="47.3979825" lon="-0.6302024">
	<ele>46.30</ele>
	<time>1970-01-01T00:00:00.000Z</time>
</trkpt>
<trkpt lat="47.3981619" lon="-0.6321464">
	<ele>50.80</ele>
	<time>1970-01-01T00:00:00.000Z</time>
</trkpt>
<trkpt lat="47.3987925" lon="-0.6318788">
	<ele>51.30</ele>
	<time>1970-01-01T00:00:00.000Z</time>
</trkpt>
<trkpt lat="47.3991355" lon="-0.6318159">
	<ele>51.70</ele>
	<time>1970-01-01T00:00:00.000Z</time>
</trkpt>
<trkpt lat="47.3997894" lon="-0.6318523">
	<ele>52.10</ele>
	<time>1970-01-01T00:00:00.000Z</time>
</trkpt>
<trkpt lat="47.3999923" lon="-0.6316221">
	<ele>51.80</ele>
	<time>1970-01-01T00:00:00.000Z</time>
</trkpt>
<trkpt lat="47.4001413" lon="-0.6311230">
	<ele>51.60</ele>
	<time>1970-01-01T00:00:00.000Z</time>
</trkpt>
<trkpt lat="47.4007451" lon="-0.6298183">
	<ele>51.40</ele>
	<time>1970-01-01T00:00:00.000Z</time>
</trkpt>
<trkpt lat="47.4009845" lon="-0.6294124">
	<ele>53.30</ele>
	<time>1970-01-01T00:00:00.000Z</time>
</trkpt>
<trkpt lat="47.4017246" lon="-0.6285011">
	<ele>56.00</ele>
	<time>1970-01-01T00:00:00.000Z</time>
</trkpt>
<trkpt lat="47.4031334" lon="-0.6263312">
	<ele>48.70</ele>
	<time>1970-01-01T00:00:00.000Z</time>
</trkpt>
<trkpt lat="47.4036064" lon="-0.6255387">
	<ele>41.90</ele>
	<time>1970-01-01T00:00:00.000Z</time>
</trkpt>
<trkpt lat="47.4039568" lon="-0.6248229">
	<ele>35.90</ele>
	<time>1970-01-01T00:00:00.000Z</time>
</trkpt>
<trkpt lat="47.4045710" lon="-0.6241597">
	<ele>28.90</ele>
	<time>1970-01-01T00:00:00.000Z</time>
</trkpt>
<trkpt lat="47.4046730" lon="-0.6241653">
	<ele>27.60</ele>
	<time>1970-01-01T00:00:00.000Z</time>
</trkpt>
<trkpt lat="47.4051351" lon="-0.6236760">
	<ele>25.10</ele>
	<time>1970-01-01T00:00:00.000Z</time>
</trkpt>
<trkpt lat="47.4053237" lon="-0.6231183">
	<ele>24.00</ele>
	<time>1970-01-01T00:00:00.000Z</time>
</trkpt>
<trkpt lat="47.4054114" lon="-0.6229971">
	<ele>23.60</ele>
	<time>1970-01-01T00:00:00.000Z</time>
</trkpt>
<trkpt lat="47.4061565" lon="-0.6227361">
	<ele>24.30</ele>
	<time>1970-01-01T00:00:00.000Z</time>
</trkpt>
<trkpt lat="47.4062471" lon="-0.6216154">
	<ele>21.10</ele>
	<time>1970-01-01T00:00:00.000Z</time>
</trkpt>
<trkpt lat="47.4065827" lon="-0.6209519">
	<ele>19.10</ele>
	<time>1970-01-01T00:00:00.000Z</time>
</trkpt>
<trkpt lat="47.4070265" lon="-0.6206575">
	<ele>23.50</ele>
	<time>1970-01-01T00:00:00.000Z</time>
</trkpt>
<trkpt lat="47.4072939" lon="-0.6205645">
	<ele>24.00</ele>
	<time>1970-01-01T00:00:00.000Z</time>
</trkpt>
<trkpt lat="47.4078592" lon="-0.6201978">
	<ele>26.40</ele>
	<time>1970-01-01T00:00:00.000Z</time>
</trkpt>
<trkpt lat="47.4082545" lon="-0.6200252">
	<ele>26.40</ele>
	<time>1970-01-01T00:00:00.000Z</time>
</trkpt>
<trkpt lat="47.4081321" lon="-0.6192041">
	<ele>20.50</ele>
	<time>1970-01-01T00:00:00.000Z</time>
</trkpt>
<trkpt lat="47.4085934" lon="-0.6189912">
	<ele>23.40</ele>
	<time>1970-01-01T00:00:00.000Z</time>
</trkpt>
<trkpt lat="47.4084854" lon="-0.6184960">
	<ele>16.20</ele>
	<time>1970-01-01T00:00:00.000Z</time>
</trkpt>
<trkpt lat="47.4091168" lon="-0.6181186">
	<ele>15.90</ele>
	<time>1970-01-01T00:00:00.000Z</time>
</trkpt>
<trkpt lat="47.4093211" lon="-0.6177270">
	<ele>15.50</ele>
	<time>1970-01-01T00:00:00.000Z</time>
</trkpt>
<trkpt lat="47.4100788" lon="-0.6173526">
	<ele>16.90</ele>
	<time>1970-01-01T00:00:00.000Z</time>
</trkpt>
<trkpt lat="47.4106442" lon="-0.6172476">
	<ele>20.40</ele>
	<time>1970-01-01T00:00:00.000Z</time>
</trkpt>
<trkpt lat="47.4111623" lon="-0.6170202">
	<ele>19.10</ele>
	<time>1970-01-01T00:00:00.000Z</time>
</trkpt>
<trkpt lat="47.4119474" lon="-0.6168115">
	<ele>18.60</ele>
	<time>1970-01-01T00:00:00.000Z</time>
</trkpt>
<trkpt lat="47.4129410" lon="-0.6164259">
	<ele>14.90</ele>
	<time>1970-01-01T00:00:00.000Z</time>
</trkpt>
<trkpt lat="47.4131020" lon="-0.6160611">
	<ele>13.60</ele>
	<time>1970-01-01T00:00:00.000Z</time>
</trkpt>
<trkpt lat="47.4147648" lon="-0.6148373">
	<ele>11.50</ele>
	<time>1970-01-01T00:00:00.000Z</time>
</trkpt>
<trkpt lat="47.4155737" lon="-0.6144612">
	<ele>16.80</ele>
	<time>1970-01-01T00:00:00.000Z</time>
</trkpt>
<trkpt lat="47.4159600" lon="-0.6141164">
	<ele>20.30</ele>
	<time>1970-01-01T00:00:00.000Z</time>
</trkpt>
<trkpt lat="47.4160509" lon="-0.6135695">
	<ele>12.90</ele>
	<time>1970-01-01T00:00:00.000Z</time>
</trkpt>
<trkpt lat="47.4176754" lon="-0.6116768">
	<ele>11.30</ele>
	<time>1970-01-01T00:00:00.000Z</time>
</trkpt>
<trkpt lat="47.4178107" lon="-0.6114244">
	<ele>12.30</ele>
	<time>1970-01-01T00:00:00.000Z</time>
</trkpt>
<trkpt lat="47.4191851" lon="-0.6102562">
	<ele>13.30</ele>
	<time>1970-01-01T00:00:00.000Z</time>
</trkpt>
<trkpt lat="47.4198617" lon="-0.6098603">
	<ele>13.80</ele>
	<time>1970-01-01T00:00:00.000Z</time>
</trkpt>
<trkpt lat="47.4204541" lon="-0.6096013">
	<ele>15.80</ele>
	<time>1970-01-01T00:00:00.000Z</time>
</trkpt>
<trkpt lat="47.4205419" lon="-0.6094739">
	<ele>12.30</ele>
	<time>1970-01-01T00:00:00.000Z</time>
</trkpt>
<trkpt lat="47.4207871" lon="-0.6093234">
	<ele>14.50</ele>
	<time>1970-01-01T00:00:00.000Z</time>
</trkpt>
<trkpt lat="47.4210358" lon="-0.6092368">
	<ele>16.50</ele>
	<time>1970-01-01T00:00:00.000Z</time>
</trkpt>
<trkpt lat="47.4211421" lon="-0.6091026">
	<ele>16.50</ele>
	<time>1970-01-01T00:00:00.000Z</time>
</trkpt>
<trkpt lat="47.4213517" lon="-0.6092095">
	<ele>19.60</ele>
	<time>1970-01-01T00:00:00.000Z</time>
</trkpt>
<trkpt lat="47.4213943" lon="-0.6095197">
	<ele>21.70</ele>
	<time>1970-01-01T00:00:00.000Z</time>
</trkpt>
<trkpt lat="47.4215877" lon="-0.6097248">
	<ele>22.60</ele>
	<time>1970-01-01T00:00:00.000Z</time>
</trkpt>
<trkpt lat="47.4214982" lon="-0.6102276">
	<ele>20.90</ele>
	<time>1970-01-01T00:00:00.000Z</time>
</trkpt>
<trkpt lat="47.4208451" lon="-0.6099208">
	<ele>19.50</ele>
	<time>1970-01-01T00:00:00.000Z</time>
</trkpt>
<trkpt lat="47.4201027" lon="-0.6079508">
	<ele>11.00</ele>
	<time>1970-01-01T00:00:00.000Z</time>
</trkpt>
<trkpt lat="47.4199185" lon="-0.6073470">
	<ele>12.40</ele>
	<time>1970-01-01T00:00:00.000Z</time>
</trkpt>
<trkpt lat="47.4194720" lon="-0.6061929">
	<ele>20.40</ele>
	<time>1970-01-01T00:00:00.000Z</time>
</trkpt>
<trkpt lat="47.4190928" lon="-0.6045512">
	<ele>18.60</ele>
	<time>1970-01-01T00:00:00.000Z</time>
</trkpt>
<trkpt lat="47.4188919" lon="-0.6032544">
	<ele>16.60</ele>
	<time>1970-01-01T00:00:00.000Z</time>
</trkpt>
<trkpt lat="47.4187869" lon="-0.6018040">
	<ele>18.30</ele>
	<time>1970-01-01T00:00:00.000Z</time>
</trkpt>
<trkpt lat="47.4186628" lon="-0.5964126">
	<ele>19.50</ele>
	<time>1970-01-01T00:00:00.000Z</time>
</trkpt>
<trkpt lat="47.4185433" lon="-0.5962734">
	<ele>19.90</ele>
	<time>1970-01-01T00:00:00.000Z</time>
</trkpt>
<trkpt lat="47.4181413" lon="-0.5964193">
	<ele>19.60</ele>
	<time>1970-01-01T00:00:00.000Z</time>
</trkpt>
<trkpt lat="47.4177825" lon="-0.5938195">
	<ele>20.10</ele>
	<time>1970-01-01T00:00:00.000Z</time>
</trkpt>
<trkpt lat="47.4176042" lon="-0.5915699">
	<ele>19.70</ele>
	<time>1970-01-01T00:00:00.000Z</time>
</trkpt>
<trkpt lat="47.4175084" lon="-0.5892428">
	<ele>19.10</ele>
	<time>1970-01-01T00:00:00.000Z</time>
</trkpt>
<trkpt lat="47.4176697" lon="-0.5830629">
	<ele>20.10</ele>
	<time>1970-01-01T00:00:00.000Z</time>
</trkpt>
<trkpt lat="47.4176014" lon="-0.5807404">
	<ele>21.40</ele>
	<time>1970-01-01T00:00:00.000Z</time>
</trkpt>
<trkpt lat="47.4180356" lon="-0.5773027">
	<ele>17.20</ele>
	<time>1970-01-01T00:00:00.000Z</time>
</trkpt>
<trkpt lat="47.4185433" lon="-0.5752411">
	<ele>22.70</ele>
	<time>1970-01-01T00:00:00.000Z</time>
</trkpt>
<trkpt lat="47.4197444" lon="-0.5732068">
	<ele>25.20</ele>
	<time>1970-01-01T00:00:00.000Z</time>
</trkpt>
<trkpt lat="47.4211766" lon="-0.5691152">
	<ele>28.50</ele>
	<time>1970-01-01T00:00:00.000Z</time>
</trkpt>
<trkpt lat="47.4199949" lon="-0.5689824">
	<ele>21.40</ele>
	<time>1970-01-01T00:00:00.000Z</time>
</trkpt>
<trkpt lat="47.4196551" lon="-0.5691690">
	<ele>18.30</ele>
	<time>1970-01-01T00:00:00.000Z</time>
</trkpt>
<trkpt lat="47.4189905" lon="-0.5690629">
	<ele>14.40</ele>
	<time>1970-01-01T00:00:00.000Z</time>
</trkpt>
<trkpt lat="47.4195944" lon="-0.5625816">
	<ele>16.60</ele>
	<time>1970-01-01T00:00:00.000Z</time>
</trkpt>
<trkpt lat="47.4196936" lon="-0.5611359">
	<ele>15.90</ele>
	<time>1970-01-01T00:00:00.000Z</time>
</trkpt>
<trkpt lat="47.4196747" lon="-0.5594588">
	<ele>14.00</ele>
	<time>1970-01-01T00:00:00.000Z</time>
</trkpt>
<trkpt lat="47.4197458" lon="-0.5588001">
	<ele>14.10</ele>
	<time>1970-01-01T00:00:00.000Z</time>
</trkpt>
<trkpt lat="47.4198656" lon="-0.5580940">
	<ele>14.00</ele>
	<time>1970-01-01T00:00:00.000Z</time>
</trkpt>
<trkpt lat="47.4202490" lon="-0.5571985">
	<ele>14.00</ele>
	<time>1970-01-01T00:00:00.000Z</time>
</trkpt>
<trkpt lat="47.4205360" lon="-0.5568144">
	<ele>14.10</ele>
	<time>1970-01-01T00:00:00.000Z</time>
</trkpt>
<trkpt lat="47.4211342" lon="-0.5571842">
	<ele>24.40</ele>
	<time>1970-01-01T00:00:00.000Z</time>
</trkpt>
<trkpt lat="47.4212283" lon="-0.5567624">
	<ele>24.80</ele>
	<time>1970-01-01T00:00:00.000Z</time>
</trkpt>
<trkpt lat="47.4217316" lon="-0.5556044">
	<ele>23.60</ele>
	<time>1970-01-01T00:00:00.000Z</time>
</trkpt>
<trkpt lat="47.4235898" lon="-0.5525185">
	<ele>22.50</ele>
	<time>1970-01-01T00:00:00.000Z</time>
</trkpt>
<trkpt lat="47.4234565" lon="-0.5507941">
	<ele>18.50</ele>
	<time>1970-01-01T00:00:00.000Z</time>
</trkpt>
<trkpt lat="47.4253560" lon="-0.5487756">
	<ele>17.40</ele>
	<time>1970-01-01T00:00:00.000Z</time>
</trkpt>
<trkpt lat="47.4266653" lon="-0.5443223">
	<ele>16.30</ele>
	<time>1970-01-01T00:00:00.000Z</time>
</trkpt>
<trkpt lat="47.4286948" lon="-0.5369968">
	<ele>14.10</ele>
	<time>1970-01-01T00:00:00.000Z</time>
</trkpt>
<trkpt lat="47.4288359" lon="-0.5368361">
	<ele>14.50</ele>
	<time>1970-01-01T00:00:00.000Z</time>
</trkpt>
<trkpt lat="47.4306758" lon="-0.5304890">
	<ele>16.50</ele>
	<time>1970-01-01T00:00:00.000Z</time>
</trkpt>
<trkpt lat="47.4307378" lon="-0.5293215">
	<ele>15.70</ele>
	<time>1970-01-01T00:00:00.000Z</time>
</trkpt>
<trkpt lat="47.4302921" lon="-0.5291225">
	<ele>15.10</ele>
	<time>1970-01-01T00:00:00.000Z</time>
</trkpt>
<trkpt lat="47.4303170" lon="-0.5289235">
	<ele>15.50</ele>
	<time>1970-01-01T00:00:00.000Z</time>
</trkpt>
<trkpt lat="47.4295352" lon="-0.5287111">
	<ele>20.50</ele>
	<time>1970-01-01T00:00:00.000Z</time>
</trkpt>
<trkpt lat="47.4296142" lon="-0.5283095">
	<ele>20.50</ele>
	<time>1970-01-01T00:00:00.000Z</time>
</trkpt>
<trkpt lat="47.4296155" lon="-0.5279235">
	<ele>20.60</ele>
	<time>1970-01-01T00:00:00.000Z</time>
</trkpt>
<trkpt lat="47.4298610" lon="-0.5279641">
	<ele>20.40</ele>
	<time>1970-01-01T00:00:00.000Z</time>
</trkpt>
<trkpt lat="47.4298716" lon="-0.5270741">
	<ele>20.60</ele>
	<time>1970-01-01T00:00:00.000Z</time>
</trkpt>
<trkpt lat="47.4294202" lon="-0.5268978">
	<ele>21.20</ele>
	<time>1970-01-01T00:00:00.000Z</time>
</trkpt>
<trkpt lat="47.4291156" lon="-0.5263709">
	<ele>21.10</ele>
	<time>1970-01-01T00:00:00.000Z</time>
</trkpt>
<trkpt lat="47.4292081" lon="-0.5258819">
	<ele>20.40</ele>
	<time>1970-01-01T00:00:00.000Z</time>
</trkpt>
<trkpt lat="47.4288419" lon="-0.5259686">
	<ele>20.50</ele>
	<time>1970-01-01T00:00:00.000Z</time>
</trkpt>
<trkpt lat="47.4285087" lon="-0.5261362">
	<ele>20.70</ele>
	<time>1970-01-01T00:00:00.000Z</time>
</trkpt>
<trkpt lat="47.4283264" lon="-0.5259715">
	<ele>20.00</ele>
	<time>1970-01-01T00:00:00.000Z</time>
</trkpt>
<trkpt lat="47.4288549" lon="-0.5238173">
	<ele>20.10</ele>
	<time>1970-01-01T00:00:00.000Z</time>
</trkpt>
<trkpt lat="47.4289203" lon="-0.5231323">
	<ele>20.00</ele>
	<time>1970-01-01T00:00:00.000Z</time>
</trkpt>
<trkpt lat="47.4285253" lon="-0.5171994">
	<ele>18.60</ele>
	<time>1970-01-01T00:00:00.000Z</time>
</trkpt>
<trkpt lat="47.4283597" lon="-0.5165111">
	<ele>19.10</ele>
	<time>1970-01-01T00:00:00.000Z</time>
</trkpt>
<trkpt lat="47.4281474" lon="-0.5160439">
	<ele>19.40</ele>
	<time>1970-01-01T00:00:00.000Z</time>
</trkpt>
<trkpt lat="47.4254250" lon="-0.5122267">
	<ele>19.40</ele>
	<time>1970-01-01T00:00:00.000Z</time>
</trkpt>
<trkpt lat="47.4245973" lon="-0.5104896">
	<ele>18.50</ele>
	<time>1970-01-01T00:00:00.000Z</time>
</trkpt>
<trkpt lat="47.4238446" lon="-0.5081380">
	<ele>17.50</ele>
	<time>1970-01-01T00:00:00.000Z</time>
</trkpt>
<trkpt lat="47.4233720" lon="-0.5057954">
	<ele>20.00</ele>
	<time>1970-01-01T00:00:00.000Z</time>
</trkpt>
<trkpt lat="47.4233533" lon="-0.5044572">
	<ele>18.90</ele>
	<time>1970-01-01T00:00:00.000Z</time>
</trkpt>
<trkpt lat="47.4234908" lon="-0.5033081">
	<ele>20.10</ele>
	<time>1970-01-01T00:00:00.000Z</time>
</trkpt>
<trkpt lat="47.4236997" lon="-0.5022767">
	<ele>20.00</ele>
	<time>1970-01-01T00:00:00.000Z</time>
</trkpt>
<trkpt lat="47.4239992" lon="-0.5012503">
	<ele>18.90</ele>
	<time>1970-01-01T00:00:00.000Z</time>
</trkpt>
<trkpt lat="47.4241911" lon="-0.4998594">
	<ele>18.10</ele>
	<time>1970-01-01T00:00:00.000Z</time>
</trkpt>
<trkpt lat="47.4240866" lon="-0.4980182">
	<ele>19.20</ele>
	<time>1970-01-01T00:00:00.000Z</time>
</trkpt>
<trkpt lat="47.4239211" lon="-0.4975368">
	<ele>19.10</ele>
	<time>1970-01-01T00:00:00.000Z</time>
</trkpt>
<trkpt lat="47.4236249" lon="-0.4969937">
	<ele>18.80</ele>
	<time>1970-01-01T00:00:00.000Z</time>
</trkpt>
<trkpt lat="47.4218836" lon="-0.4950366">
	<ele>21.70</ele>
	<time>1970-01-01T00:00:00.000Z</time>
</trkpt>
<trkpt lat="47.4216026" lon="-0.4944687">
	<ele>22.60</ele>
	<time>1970-01-01T00:00:00.000Z</time>
</trkpt>
<trkpt lat="47.4214221" lon="-0.4936658">
	<ele>23.30</ele>
	<time>1970-01-01T00:00:00.000Z</time>
</trkpt>
<trkpt lat="47.4212623" lon="-0.4911729">
	<ele>21.70</ele>
	<time>1970-01-01T00:00:00.000Z</time>
</trkpt>
<trkpt lat="47.4203923" lon="-0.4886242">
	<ele>19.80</ele>
	<time>1970-01-01T00:00:00.000Z</time>
</trkpt>
<trkpt lat="47.4192398" lon="-0.4846732">
	<ele>19.20</ele>
	<time>1970-01-01T00:00:00.000Z</time>
</trkpt>
<trkpt lat="47.4187988" lon="-0.4800840">
	<ele>15.50</ele>
	<time>1970-01-01T00:00:00.000Z</time>
</trkpt>
<trkpt lat="47.4183853" lon="-0.4726200">
	<ele>15.20</ele>
	<time>1970-01-01T00:00:00.000Z</time>
</trkpt>
<trkpt lat="47.4186415" lon="-0.4703467">
	<ele>15.50</ele>
	<time>1970-01-01T00:00:00.000Z</time>
</trkpt>
<trkpt lat="47.4188570" lon="-0.4653287">
	<ele>15.10</ele>
	<time>1970-01-01T00:00:00.000Z</time>
</trkpt>
<trkpt lat="47.4193170" lon="-0.4627668">
	<ele>15.50</ele>
	<time>1970-01-01T00:00:00.000Z</time>
</trkpt>
<trkpt lat="47.4196828" lon="-0.4586424">
	<ele>15.80</ele>
	<time>1970-01-01T00:00:00.000Z</time>
</trkpt>
<trkpt lat="47.4196844" lon="-0.4560093">
	<ele>15.40</ele>
	<time>1970-01-01T00:00:00.000Z</time>
</trkpt>
<trkpt lat="47.4197461" lon="-0.4546085">
	<ele>16.90</ele>
	<time>1970-01-01T00:00:00.000Z</time>
</trkpt>
<trkpt lat="47.4197086" lon="-0.4536433">
	<ele>15.00</ele>
	<time>1970-01-01T00:00:00.000Z</time>
</trkpt>
<trkpt lat="47.4198128" lon="-0.4526580">
	<ele>15.40</ele>
	<time>1970-01-01T00:00:00.000Z</time>
</trkpt>
<trkpt lat="47.4205940" lon="-0.4505737">
	<ele>19.20</ele>
	<time>1970-01-01T00:00:00.000Z</time>
</trkpt>
<trkpt lat="47.4198325" lon="-0.4488606">
	<ele>18.30</ele>
	<time>1970-01-01T00:00:00.000Z</time>
</trkpt>
<trkpt lat="47.4201359" lon="-0.4485889">
	<ele>19.70</ele>
	<time>1970-01-01T00:00:00.000Z</time>
</trkpt>
<trkpt lat="47.4202302" lon="-0.4459820">
	<ele>20.60</ele>
	<time>1970-01-01T00:00:00.000Z</time>
</trkpt>
<trkpt lat="47.4201284" lon="-0.4454145">
	<ele>21.00</ele>
	<time>1970-01-01T00:00:00.000Z</time>
</trkpt>
<trkpt lat="47.4193767" lon="-0.4427482">
	<ele>22.20</ele>
	<time>1970-01-01T00:00:00.000Z</time>
</trkpt>
<trkpt lat="47.4191893" lon="-0.4389551">
	<ele>22.20</ele>
	<time>1970-01-01T00:00:00.000Z</time>
</trkpt>
<trkpt lat="47.4192064" lon="-0.4386718">
	<ele>22.40</ele>
	<time>1970-01-01T00:00:00.000Z</time>
</trkpt>
<trkpt lat="47.4193095" lon="-0.4380269">
	<ele>22.60</ele>
	<time>1970-01-01T00:00:00.000Z</time>
</trkpt>
<trkpt lat="47.4193705" lon="-0.4344517">
	<ele>21.20</ele>
	<time>1970-01-01T00:00:00.000Z</time>
</trkpt>
<trkpt lat="47.4190701" lon="-0.4320901">
	<ele>21.30</ele>
	<time>1970-01-01T00:00:00.000Z</time>
</trkpt>
<trkpt lat="47.4200465" lon="-0.4323992">
	<ele>20.90</ele>
	<time>1970-01-01T00:00:00.000Z</time>
</trkpt>
<trkpt lat="47.4201343" lon="-0.4319221">
	<ele>20.70</ele>
	<time>1970-01-01T00:00:00.000Z</time>
</trkpt>
<trkpt lat="47.4203256" lon="-0.4295723">
	<ele>18.70</ele>
	<time>1970-01-01T00:00:00.000Z</time>
</trkpt>
<trkpt lat="47.4203242" lon="-0.4281211">
	<ele>18.50</ele>
	<time>1970-01-01T00:00:00.000Z</time>
</trkpt>
<trkpt lat="47.4209570" lon="-0.4282664">
	<ele>17.90</ele>
	<time>1970-01-01T00:00:00.000Z</time>
</trkpt>
<trkpt lat="47.4210743" lon="-0.4272408">
	<ele>19.20</ele>
	<time>1970-01-01T00:00:00.000Z</time>
</trkpt>
<trkpt lat="47.4213031" lon="-0.4261677">
	<ele>18.40</ele>
	<time>1970-01-01T00:00:00.000Z</time>
</trkpt>
<trkpt lat="47.4215221" lon="-0.4248115">
	<ele>19.40</ele>
	<time>1970-01-01T00:00:00.000Z</time>
</trkpt>
<trkpt lat="47.4215192" lon="-0.4244999">
	<ele>19.40</ele>
	<time>1970-01-01T00:00:00.000Z</time>
</trkpt>
<trkpt lat="47.4217596" lon="-0.4239774">
	<ele>18.70</ele>
	<time>1970-01-01T00:00:00.000Z</time>
</trkpt>
<trkpt lat="47.4227768" lon="-0.4234877">
	<ele>17.70</ele>
	<time>1970-01-01T00:00:00.000Z</time>
</trkpt>
<trkpt lat="47.4229311" lon="-0.4233300">
	<ele>17.80</ele>
	<time>1970-01-01T00:00:00.000Z</time>
</trkpt>
<trkpt lat="47.4231204" lon="-0.4229994">
	<ele>18.10</ele>
	<time>1970-01-01T00:00:00.000Z</time>
</trkpt>
<trkpt lat="47.4246624" lon="-0.4213470">
	<ele>17.40</ele>
	<time>1970-01-01T00:00:00.000Z</time>
</trkpt>
<trkpt lat="47.4256969" lon="-0.4206923">
	<ele>17.40</ele>
	<time>1970-01-01T00:00:00.000Z</time>
</trkpt>
<trkpt lat="47.4261192" lon="-0.4205000">
	<ele>18.10</ele>
	<time>1970-01-01T00:00:00.000Z</time>
</trkpt>
<trkpt lat="47.4274686" lon="-0.4200835">
	<ele>17.80</ele>
	<time>1970-01-01T00:00:00.000Z</time>
</trkpt>
<trkpt lat="47.4278681" lon="-0.4157776">
	<ele>17.50</ele>
	<time>1970-01-01T00:00:00.000Z</time>
</trkpt>
<trkpt lat="47.4279477" lon="-0.4073431">
	<ele>16.60</ele>
	<time>1970-01-01T00:00:00.000Z</time>
</trkpt>
<trkpt lat="47.4272761" lon="-0.4071147">
	<ele>16.60</ele>
	<time>1970-01-01T00:00:00.000Z</time>
</trkpt>
<trkpt lat="47.4227358" lon="-0.4059446">
	<ele>18.70</ele>
	<time>1970-01-01T00:00:00.000Z</time>
</trkpt>
<trkpt lat="47.4224981" lon="-0.4058408">
	<ele>18.70</ele>
	<time>1970-01-01T00:00:00.000Z</time>
</trkpt>
<trkpt lat="47.4220631" lon="-0.4054441">
	<ele>20.70</ele>
	<time>1970-01-01T00:00:00.000Z</time>
</trkpt>
<trkpt lat="47.4239746" lon="-0.3995746">
	<ele>17.90</ele>
	<time>1970-01-01T00:00:00.000Z</time>
</trkpt>
<trkpt lat="47.4253608" lon="-0.3955941">
	<ele>19.50</ele>
	<time>1970-01-01T00:00:00.000Z</time>
</trkpt>
<trkpt lat="47.4253626" lon="-0.3949991">
	<ele>21.60</ele>
	<time>1970-01-01T00:00:00.000Z</time>
</trkpt>
<trkpt lat="47.4250494" lon="-0.3930910">
	<ele>19.10</ele>
	<time>1970-01-01T00:00:00.000Z</time>
</trkpt>
<trkpt lat="47.4249386" lon="-0.3918280">
	<ele>18.50</ele>
	<time>1970-01-01T00:00:00.000Z</time>
</trkpt>
<trkpt lat="47.4246405" lon="-0.3903327">
	<ele>18.00</ele>
	<time>1970-01-01T00:00:00.000Z</time>
</trkpt>
<trkpt lat="47.4246889" lon="-0.3878753">
	<ele>19.90</ele>
	<time>1970-01-01T00:00:00.000Z</time>
</trkpt>
<trkpt lat="47.4249597" lon="-0.3847110">
	<ele>19.30</ele>
	<time>1970-01-01T00:00:00.000Z</time>
</trkpt>
<trkpt lat="47.4249003" lon="-0.3838146">
	<ele>19.80</ele>
	<time>1970-01-01T00:00:00.000Z</time>
</trkpt>
<trkpt lat="47.4252142" lon="-0.3836079">
	<ele>19.70</ele>
	<time>1970-01-01T00:00:00.000Z</time>
</trkpt>
<trkpt lat="47.4252364" lon="-0.3826624">
	<ele>19.10</ele>
	<time>1970-01-01T00:00:00.000Z</time>
</trkpt>
<trkpt lat="47.4254115" lon="-0.3817645">
	<ele>18.20</ele>
	<time>1970-01-01T00:00:00.000Z</time>
</trkpt>
<trkpt lat="47.4251706" lon="-0.3805910">
	<ele>17.90</ele>
	<time>1970-01-01T00:00:00.000Z</time>
</trkpt>
<trkpt lat="47.4250596" lon="-0.3796948">
	<ele>18.60</ele>
	<time>1970-01-01T00:00:00.000Z</time>
</trkpt>
<trkpt lat="47.4249593" lon="-0.3784801">
	<ele>18.30</ele>
	<time>1970-01-01T00:00:00.000Z</time>
</trkpt>
<trkpt lat="47.4248710" lon="-0.3758651">
	<ele>16.70</ele>
	<time>1970-01-01T00:00:00.000Z</time>
</trkpt>
<trkpt lat="47.4246732" lon="-0.3749767">
	<ele>16.60</ele>
	<time>1970-01-01T00:00:00.000Z</time>
</trkpt>
<trkpt lat="47.4243936" lon="-0.3741040">
	<ele>17.30</ele>
	<time>1970-01-01T00:00:00.000Z</time>
</trkpt>
<trkpt lat="47.4240527" lon="-0.3732052">
	<ele>18.10</ele>
	<time>1970-01-01T00:00:00.000Z</time>
</trkpt>
<trkpt lat="47.4236964" lon="-0.3718591">
	<ele>17.20</ele>
	<time>1970-01-01T00:00:00.000Z</time>
</trkpt>
<trkpt lat="47.4234358" lon="-0.3705710">
	<ele>16.90</ele>
	<time>1970-01-01T00:00:00.000Z</time>
</trkpt>
<trkpt lat="47.4229415" lon="-0.3677622">
	<ele>18.80</ele>
	<time>1970-01-01T00:00:00.000Z</time>
</trkpt>
<trkpt lat="47.4213271" lon="-0.3684446">
	<ele>19.50</ele>
	<time>1970-01-01T00:00:00.000Z</time>
</trkpt>
<trkpt lat="47.4196352" lon="-0.3600795">
	<ele>18.00</ele>
	<time>1970-01-01T00:00:00.000Z</time>
</trkpt>
<trkpt lat="47.4201871" lon="-0.3601120">
	<ele>18.50</ele>
	<time>1970-01-01T00:00:00.000Z</time>
</trkpt>
<trkpt lat="47.4207287" lon="-0.3600574">
	<ele>19.30</ele>
	<time>1970-01-01T00:00:00.000Z</time>
</trkpt>
<trkpt lat="47.4206647" lon="-0.3596667">
	<ele>19.90</ele>
	<time>1970-01-01T00:00:00.000Z</time>
</trkpt>
<trkpt lat="47.4205298" lon="-0.3575312">
	<ele>18.70</ele>
	<time>1970-01-01T00:00:00.000Z</time>
</trkpt>
<trkpt lat="47.4195257" lon="-0.3527734">
	<ele>18.80</ele>
	<time>1970-01-01T00:00:00.000Z</time>
</trkpt>
<trkpt lat="47.4193780" lon="-0.3518072">
	<ele>19.40</ele>
	<time>1970-01-01T00:00:00.000Z</time>
</trkpt>
<trkpt lat="47.4192365" lon="-0.3513716">
	<ele>19.40</ele>
	<time>1970-01-01T00:00:00.000Z</time>
</trkpt>
<trkpt lat="47.4190932" lon="-0.3510605">
	<ele>19.30</ele>
	<time>1970-01-01T00:00:00.000Z</time>
</trkpt>
<trkpt lat="47.4177007" lon="-0.3509888">
	<ele>18.70</ele>
	<time>1970-01-01T00:00:00.000Z</time>
</trkpt>
<trkpt lat="47.4167960" lon="-0.3453141">
	<ele>19.20</ele>
	<time>1970-01-01T00:00:00.000Z</time>
</trkpt>
<trkpt lat="47.4164216" lon="-0.3450037">
	<ele>19.40</ele>
	<time>1970-01-01T00:00:00.000Z</time>
</trkpt>
<trkpt lat="47.4157994" lon="-0.3439970">
	<ele>19.50</ele>
	<time>1970-01-01T00:00:00.000Z</time>
</trkpt>
<trkpt lat="47.4155615" lon="-0.3437145">
	<ele>20.00</ele>
	<time>1970-01-01T00:00:00.000Z</time>
</trkpt>
<trkpt lat="47.4161986" lon="-0.3431024">
	<ele>20.10</ele>
	<time>1970-01-01T00:00:00.000Z</time>
</trkpt>
<trkpt lat="47.4164430" lon="-0.3430099">
	<ele>20.10</ele>
	<time>1970-01-01T00:00:00.000Z</time>
</trkpt>
<trkpt lat="47.4163130" lon="-0.3424366">
	<ele>19.30</ele>
	<time>1970-01-01T00:00:00.000Z</time>
</trkpt>
<trkpt lat="47.4143189" lon="-0.3361820">
	<ele>18.70</ele>
	<time>1970-01-01T00:00:00.000Z</time>
</trkpt>
<trkpt lat="47.4142195" lon="-0.3358824">
	<ele>18.60</ele>
	<time>1970-01-01T00:00:00.000Z</time>
</trkpt>
<trkpt lat="47.4140957" lon="-0.3357956">
	<ele>18.60</ele>
	<time>1970-01-01T00:00:00.000Z</time>
</trkpt>
<trkpt lat="47.4135481" lon="-0.3357075">
	<ele>19.00</ele>
	<time>1970-01-01T00:00:00.000Z</time>
</trkpt>
<trkpt lat="47.4131141" lon="-0.3352117">
	<ele>19.60</ele>
	<time>1970-01-01T00:00:00.000Z</time>
</trkpt>
<trkpt lat="47.4130925" lon="-0.3349843">
	<ele>19.60</ele>
	<time>1970-01-01T00:00:00.000Z</time>
</trkpt>
<trkpt lat="47.4131917" lon="-0.3334153">
	<ele>20.70</ele>
	<time>1970-01-01T00:00:00.000Z</time>
</trkpt>
<trkpt lat="47.4111691" lon="-0.3336598">
	<ele>19.50</ele>
	<time>1970-01-01T00:00:00.000Z</time>
</trkpt>
<trkpt lat="47.4108271" lon="-0.3323584">
	<ele>16.30</ele>
	<time>1970-01-01T00:00:00.000Z</time>
</trkpt>
<trkpt lat="47.4107266" lon="-0.3317730">
	<ele>16.50</ele>
	<time>1970-01-01T00:00:00.000Z</time>
</trkpt>
<trkpt lat="47.4104375" lon="-0.3293471">
	<ele>17.90</ele>
	<time>1970-01-01T00:00:00.000Z</time>
</trkpt>
<trkpt lat="47.4102964" lon="-0.3268085">
	<ele>15.40</ele>
	<time>1970-01-01T00:00:00.000Z</time>
</trkpt>
<trkpt lat="47.4098892" lon="-0.3227192">
	<ele>23.00</ele>
	<time>1970-01-01T00:00:00.000Z</time>
</trkpt>
<trkpt lat="47.4096402" lon="-0.3217943">
	<ele>22.50</ele>
	<time>1970-01-01T00:00:00.000Z</time>
</trkpt>
<trkpt lat="47.4087603" lon="-0.3188570">
	<ele>15.70</ele>
	<time>1970-01-01T00:00:00.000Z</time>
</trkpt>
<trkpt lat="47.4086396" lon="-0.3182651">
	<ele>15.60</ele>
	<time>1970-01-01T00:00:00.000Z</time>
</trkpt>
<trkpt lat="47.4042187" lon="-0.3193425">
	<ele>21.20</ele>
	<time>1970-01-01T00:00:00.000Z</time>
</trkpt>
<trkpt lat="47.4043762" lon="-0.3194615">
	<ele>21.20</ele>
	<time>1970-01-01T00:00:00.000Z</time>
</trkpt>
<trkpt lat="47.4049591" lon="-0.3194055">
	<ele>15.10</ele>
	<time>1970-01-01T00:00:00.000Z</time>
</trkpt>
<trkpt lat="47.4049035" lon="-0.3190883">
	<ele>15.00</ele>
	<time>1970-01-01T00:00:00.000Z</time>
</trkpt>
<trkpt lat="47.4042613" lon="-0.3189424">
	<ele>16.00</ele>
	<time>1970-01-01T00:00:00.000Z</time>
</trkpt>
<trkpt lat="47.4041152" lon="-0.3189716">
	<ele>18.50</ele>
	<time>1970-01-01T00:00:00.000Z</time>
</trkpt>
<trkpt lat="47.4038484" lon="-0.3188687">
	<ele>20.50</ele>
	<time>1970-01-01T00:00:00.000Z</time>
</trkpt>
<trkpt lat="47.4030477" lon="-0.3184415">
	<ele>23.40</ele>
	<time>1970-01-01T00:00:00.000Z</time>
</trkpt>
<trkpt lat="47.4025794" lon="-0.3182678">
	<ele>24.30</ele>
	<time>1970-01-01T00:00:00.000Z</time>
</trkpt>
<trkpt lat="47.4020312" lon="-0.3181190">
	<ele>22.60</ele>
	<time>1970-01-01T00:00:00.000Z</time>
</trkpt>
<trkpt lat="47.3995991" lon="-0.3177896">
	<ele>26.00</ele>
	<time>1970-01-01T00:00:00.000Z</time>
</trkpt>
<trkpt lat="47.3992699" lon="-0.3176413">
	<ele>26.20</ele>
	<time>1970-01-01T00:00:00.000Z</time>
</trkpt>
<trkpt lat="47.3991391" lon="-0.3175084">
	<ele>26.20</ele>
	<time>1970-01-01T00:00:00.000Z</time>
</trkpt>
<trkpt lat="47.3987557" lon="-0.3172448">
	<ele>25.90</ele>
	<time>1970-01-01T00:00:00.000Z</time>
</trkpt>
<trkpt lat="47.3983098" lon="-0.3169997">
	<ele>25.80</ele>
	<time>1970-01-01T00:00:00.000Z</time>
</trkpt>
<trkpt lat="47.3981224" lon="-0.3161469">
	<ele>26.70</ele>
	<time>1970-01-01T00:00:00.000Z</time>
</trkpt>
<trkpt lat="47.3976462" lon="-0.3161686">
	<ele>29.10</ele>
	<time>1970-01-01T00:00:00.000Z</time>
</trkpt>
<trkpt lat="47.3975903" lon="-0.3153025">
	<ele>29.90</ele>
	<time>1970-01-01T00:00:00.000Z</time>
</trkpt>
<trkpt lat="47.3975154" lon="-0.3148370">
	<ele>29.10</ele>
	<time>1970-01-01T00:00:00.000Z</time>
</trkpt>
<trkpt lat="47.3976458" lon="-0.3143210">
	<ele>27.90</ele>
	<time>1970-01-01T00:00:00.000Z</time>
</trkpt>
<trkpt lat="47.3977839" lon="-0.3132041">
	<ele>26.80</ele>
	<time>1970-01-01T00:00:00.000Z</time>
</trkpt>
<trkpt lat="47.3978717" lon="-0.3098596">
	<ele>24.50</ele>
	<time>1970-01-01T00:00:00.000Z</time>
</trkpt>
<trkpt lat="47.3975479" lon="-0.3066603">
	<ele>25.60</ele>
	<time>1970-01-01T00:00:00.000Z</time>
</trkpt>
<trkpt lat="47.3972000" lon="-0.3055465">
	<ele>27.30</ele>
	<time>1970-01-01T00:00:00.000Z</time>
</trkpt>
<trkpt lat="47.3971106" lon="-0.3048587">
	<ele>27.00</ele>
	<time>1970-01-01T00:00:00.000Z</time>
</trkpt>
<trkpt lat="47.3970684" lon="-0.3032255">
	<ele>30.20</ele>
	<time>1970-01-01T00:00:00.000Z</time>
</trkpt>
<trkpt lat="47.3965832" lon="-0.2999499">
	<ele>26.80</ele>
	<time>1970-01-01T00:00:00.000Z</time>
</trkpt>
<trkpt lat="47.3964583" lon="-0.2992771">
	<ele>25.30</ele>
	<time>1970-01-01T00:00:00.000Z</time>
</trkpt>
<trkpt lat="47.3959632" lon="-0.2975167">
	<ele>27.50</ele>
	<time>1970-01-01T00:00:00.000Z</time>
</trkpt>
<trkpt lat="47.3953216" lon="-0.2958920">
	<ele>32.30</ele>
	<time>1970-01-01T00:00:00.000Z</time>
</trkpt>
<trkpt lat="47.3952059" lon="-0.2953152">
	<ele>32.60</ele>
	<time>1970-01-01T00:00:00.000Z</time>
</trkpt>
<trkpt lat="47.3952612" lon="-0.2938343">
	<ele>31.40</ele>
	<time>1970-01-01T00:00:00.000Z</time>
</trkpt>
<trkpt lat="47.3927183" lon="-0.2862952">
	<ele>32.90</ele>
	<time>1970-01-01T00:00:00.000Z</time>
</trkpt>
<trkpt lat="47.3924406" lon="-0.2845337">
	<ele>21.90</ele>
	<time>1970-01-01T00:00:00.000Z</time>
</trkpt>
<trkpt lat="47.3918495" lon="-0.2828585">
	<ele>15.90</ele>
	<time>1970-01-01T00:00:00.000Z</time>
</trkpt>
<trkpt lat="47.3914883" lon="-0.2821862">
	<ele>17.00</ele>
	<time>1970-01-01T00:00:00.000Z</time>
</trkpt>
<trkpt lat="47.3907651" lon="-0.2810180">
	<ele>18.70</ele>
	<time>1970-01-01T00:00:00.000Z</time>
</trkpt>
<trkpt lat="47.3900036" lon="-0.2799450">
	<ele>16.30</ele>
	<time>1970-01-01T00:00:00.000Z</time>
</trkpt>
<trkpt lat="47.3888689" lon="-0.2787292">
	<ele>17.90</ele>
	<time>1970-01-01T00:00:00.000Z</time>
</trkpt>
<trkpt lat="47.3871520" lon="-0.2775412">
	<ele>24.90</ele>
	<time>1970-01-01T00:00:00.000Z</time>
</trkpt>
<trkpt lat="47.3857325" lon="-0.2761977">
	<ele>20.10</ele>
	<time>1970-01-01T00:00:00.000Z</time>
</trkpt>
<trkpt lat="47.3846605" lon="-0.2754012">
	<ele>20.30</ele>
	<time>1970-01-01T00:00:00.000Z</time>
</trkpt>
<trkpt lat="47.3820423" lon="-0.2731170">
	<ele>19.60</ele>
	<time>1970-01-01T00:00:00.000Z</time>
</trkpt>
<trkpt lat="47.3804014" lon="-0.2720788">
	<ele>19.00</ele>
	<time>1970-01-01T00:00:00.000Z</time>
</trkpt>
<trkpt lat="47.3799853" lon="-0.2716880">
	<ele>21.20</ele>
	<time>1970-01-01T00:00:00.000Z</time>
</trkpt>
<trkpt lat="47.3780531" lon="-0.2703502">
	<ele>18.00</ele>
	<time>1970-01-01T00:00:00.000Z</time>
</trkpt>
<trkpt lat="47.3772482" lon="-0.2696444">
	<ele>16.00</ele>
	<time>1970-01-01T00:00:00.000Z</time>
</trkpt>
<trkpt lat="47.3763751" lon="-0.2691281">
	<ele>16.10</ele>
	<time>1970-01-01T00:00:00.000Z</time>
</trkpt>
<trkpt lat="47.3751484" lon="-0.2682393">
	<ele>17.30</ele>
	<time>1970-01-01T00:00:00.000Z</time>
</trkpt>
<trkpt lat="47.3740295" lon="-0.2673240">
	<ele>22.90</ele>
	<time>1970-01-01T00:00:00.000Z</time>
</trkpt>
<trkpt lat="47.3729815" lon="-0.2661936">
	<ele>16.80</ele>
	<time>1970-01-01T00:00:00.000Z</time>
</trkpt>
<trkpt lat="47.3715976" lon="-0.2653185">
	<ele>16.20</ele>
	<time>1970-01-01T00:00:00.000Z</time>
</trkpt>
<trkpt lat="47.3702006" lon="-0.2642987">
	<ele>16.20</ele>
	<time>1970-01-01T00:00:00.000Z</time>
</trkpt>
<trkpt lat="47.3694636" lon="-0.2638271">
	<ele>20.40</ele>
	<time>1970-01-01T00:00:00.000Z</time>
</trkpt>
<trkpt lat="47.3686413" lon="-0.2633908">
	<ele>16.00</ele>
	<time>1970-01-01T00:00:00.000Z</time>
</trkpt>
<trkpt lat="47.3671700" lon="-0.2631037">
	<ele>16.60</ele>
	<time>1970-01-01T00:00:00.000Z</time>
</trkpt>
<trkpt lat="47.3653020" lon="-0.2630338">
	<ele>16.60</ele>
	<time>1970-01-01T00:00:00.000Z</time>
</trkpt>
<trkpt lat="47.3640271" lon="-0.2628215">
	<ele>25.10</ele>
	<time>1970-01-01T00:00:00.000Z</time>
</trkpt>
<trkpt lat="47.3632206" lon="-0.2625045">
	<ele>24.70</ele>
	<time>1970-01-01T00:00:00.000Z</time>
</trkpt>
<trkpt lat="47.3622181" lon="-0.2619139">
	<ele>26.00</ele>
	<time>1970-01-01T00:00:00.000Z</time>
</trkpt>
<trkpt lat="47.3612203" lon="-0.2612066">
	<ele>32.20</ele>
	<time>1970-01-01T00:00:00.000Z</time>
</trkpt>
<trkpt lat="47.3603367" lon="-0.2604230">
	<ele>29.00</ele>
	<time>1970-01-01T00:00:00.000Z</time>
</trkpt>
<trkpt lat="47.3594775" lon="-0.2593310">
	<ele>26.80</ele>
	<time>1970-01-01T00:00:00.000Z</time>
</trkpt>
<trkpt lat="47.3586531" lon="-0.2583849">
	<ele>27.00</ele>
	<time>1970-01-01T00:00:00.000Z</time>
</trkpt>
<trkpt lat="47.3583087" lon="-0.2579235">
	<ele>26.80</ele>
	<time>1970-01-01T00:00:00.000Z</time>
</trkpt>
<trkpt lat="47.3580432" lon="-0.2573506">
	<ele>26.60</ele>
	<time>1970-01-01T00:00:00.000Z</time>
</trkpt>
<trkpt lat="47.3575227" lon="-0.2564664">
	<ele>25.50</ele>
	<time>1970-01-01T00:00:00.000Z</time>
</trkpt>
<trkpt lat="47.3569005" lon="-0.2548275">
	<ele>24.90</ele>
	<time>1970-01-01T00:00:00.000Z</time>
</trkpt>
<trkpt lat="47.3564007" lon="-0.2537046">
	<ele>26.80</ele>
	<time>1970-01-01T00:00:00.000Z</time>
</trkpt>
<trkpt lat="47.3552166" lon="-0.2516016">
	<ele>22.50</ele>
	<time>1970-01-01T00:00:00.000Z</time>
</trkpt>
<trkpt lat="47.3546902" lon="-0.2509296">
	<ele>16.80</ele>
	<time>1970-01-01T00:00:00.000Z</time>
</trkpt>
<trkpt lat="47.3533017" lon="-0.2498032">
	<ele>33.70</ele>
	<time>1970-01-01T00:00:00.000Z</time>
</trkpt>
<trkpt lat="47.3525939" lon="-0.2489889">
	<ele>35.40</ele>
	<time>1970-01-01T00:00:00.000Z</time>
</trkpt>
<trkpt lat="47.3520695" lon="-0.2482807">
	<ele>29.90</ele>
	<time>1970-01-01T00:00:00.000Z</time>
</trkpt>
<trkpt lat="47.3514138" lon="-0.2470289">
	<ele>32.80</ele>
	<time>1970-01-01T00:00:00.000Z</time>
</trkpt>
<trkpt lat="47.3501660" lon="-0.2444877">
	<ele>21.50</ele>
	<time>1970-01-01T00:00:00.000Z</time>
</trkpt>
<trkpt lat="47.3487681" lon="-0.2428558">
	<ele>19.60</ele>
	<time>1970-01-01T00:00:00.000Z</time>
</trkpt>
<trkpt lat="47.3481088" lon="-0.2419955">
	<ele>27.90</ele>
	<time>1970-01-01T00:00:00.000Z</time>
</trkpt>
<trkpt lat="47.3477296" lon="-0.2414279">
	<ele>35.30</ele>
	<time>1970-01-01T00:00:00.000Z</time>
</trkpt>
<trkpt lat="47.3467375" lon="-0.2388417">
	<ele>20.90</ele>
	<time>1970-01-01T00:00:00.000Z</time>
</trkpt>
<trkpt lat="47.3461544" lon="-0.2374283">
	<ele>20.30</ele>
	<time>1970-01-01T00:00:00.000Z</time>
</trkpt>
<trkpt lat="47.3455204" lon="-0.2362584">
	<ele>24.70</ele>
	<time>1970-01-01T00:00:00.000Z</time>
</trkpt>
<trkpt lat="47.3437084" lon="-0.2319078">
	<ele>28.80</ele>
	<time>1970-01-01T00:00:00.000Z</time>
</trkpt>
<trkpt lat="47.3428883" lon="-0.2309919">
	<ele>24.90</ele>
	<time>1970-01-01T00:00:00.000Z</time>
</trkpt>
<trkpt lat="47.3427748" lon="-0.2309340">
	<ele>24.90</ele>
	<time>1970-01-01T00:00:00.000Z</time>
</trkpt>
<trkpt lat="47.3422539" lon="-0.2302956">
	<ele>27.90</ele>
	<time>1970-01-01T00:00:00.000Z</time>
</trkpt>
<trkpt lat="47.3416284" lon="-0.2290469">
	<ele>26.00</ele>
	<time>1970-01-01T00:00:00.000Z</time>
</trkpt>
<trkpt lat="47.3413878" lon="-0.2294989">
	<ele>26.70</ele>
	<time>1970-01-01T00:00:00.000Z</time>
</trkpt>
<trkpt lat="47.3411648" lon="-0.2300989">
	<ele>27.70</ele>
	<time>1970-01-01T00:00:00.000Z</time>
</trkpt>
<trkpt lat="47.3410712" lon="-0.2304991">
	<ele>27.80</ele>
	<time>1970-01-01T00:00:00.000Z</time>
</trkpt>
<trkpt lat="47.3411677" lon="-0.2309298">
	<ele>30.30</ele>
	<time>1970-01-01T00:00:00.000Z</time>
</trkpt>
<trkpt lat="47.3410740" lon="-0.2315664">
	<ele>33.70</ele>
	<time>1970-01-01T00:00:00.000Z</time>
</trkpt>
<trkpt lat="47.3408381" lon="-0.2316999">
	<ele>32.10</ele>
	<time>1970-01-01T00:00:00.000Z</time>
</trkpt>
<trkpt lat="47.3392484" lon="-0.2331678">
	<ele>30.60</ele>
	<time>1970-01-01T00:00:00.000Z</time>
</trkpt>
<trkpt lat="47.3390135" lon="-0.2341228">
	<ele>31.60</ele>
	<time>1970-01-01T00:00:00.000Z</time>
</trkpt>
<trkpt lat="47.3387972" lon="-0.2340906">
	<ele>31.10</ele>
	<time>1970-01-01T00:00:00.000Z</time>
</trkpt>
<trkpt lat="47.3386718" lon="-0.2344984">
	<ele>31.30</ele>
	<time>1970-01-01T00:00:00.000Z</time>
</trkpt>
<trkpt lat="47.3382333" lon="-0.2342051">
	<ele>30.60</ele>
	<time>1970-01-01T00:00:00.000Z</time>
</trkpt>
<trkpt lat="47.3381031" lon="-0.2343551">
	<ele>30.50</ele>
	<time>1970-01-01T00:00:00.000Z</time>
</trkpt>
<trkpt lat="47.3378816" lon="-0.2341123">
	<ele>30.50</ele>
	<time>1970-01-01T00:00:00.000Z</time>
</trkpt>
<trkpt lat="47.3376250" lon="-0.2340590">
	<ele>30.60</ele>
	<time>1970-01-01T00:00:00.000Z</time>
</trkpt>
<trkpt lat="47.3356597" lon="-0.2350005">
	<ele>51.20</ele>
	<time>1970-01-01T00:00:00.000Z</time>
</trkpt>
<trkpt lat="47.3355037" lon="-0.2345981">
	<ele>51.40</ele>
	<time>1970-01-01T00:00:00.000Z</time>
</trkpt>
<trkpt lat="47.3348191" lon="-0.2333684">
	<ele>55.90</ele>
	<time>1970-01-01T00:00:00.000Z</time>
</trkpt>
<trkpt lat="47.3346465" lon="-0.2332406">
	<ele>55.40</ele>
	<time>1970-01-01T00:00:00.000Z</time>
</trkpt>
<trkpt lat="47.3336544" lon="-0.2300924">
	<ele>55.30</ele>
	<time>1970-01-01T00:00:00.000Z</time>
</trkpt>
<trkpt lat="47.3333992" lon="-0.2297874">
	<ele>55.80</ele>
	<time>1970-01-01T00:00:00.000Z</time>
</trkpt>
<trkpt lat="47.3326861" lon="-0.2283758">
	<ele>57.60</ele>
	<time>1970-01-01T00:00:00.000Z</time>
</trkpt>
<trkpt lat="47.3316234" lon="-0.2266321">
	<ele>58.50</ele>
	<time>1970-01-01T00:00:00.000Z</time>
</trkpt>
<trkpt lat="47.3313806" lon="-0.2263747">
	<ele>60.40</ele>
	<time>1970-01-01T00:00:00.000Z</time>
</trkpt>
<trkpt lat="47.3297127" lon="-0.2270015">
	<ele>54.70</ele>
	<time>1970-01-01T00:00:00.000Z</time>
</trkpt>
<trkpt lat="47.3285495" lon="-0.2271867">
	<ele>63.90</ele>
	<time>1970-01-01T00:00:00.000Z</time>
</trkpt>
<trkpt lat="47.3283666" lon="-0.2272477">
	<ele>65.30</ele>
	<time>1970-01-01T00:00:00.000Z</time>
</trkpt>
<trkpt lat="47.3277337" lon="-0.2275646">
	<ele>67.50</ele>
	<time>1970-01-01T00:00:00.000Z</time>
</trkpt>
<trkpt lat="47.3269567" lon="-0.2281447">
	<ele>67.50</ele>
	<time>1970-01-01T00:00:00.000Z</time>
</trkpt>
<trkpt lat="47.3249618" lon="-0.2291878">
	<ele>70.40</ele>
	<time>1970-01-01T00:00:00.000Z</time>
</trkpt>
<trkpt lat="47.3239372" lon="-0.2294495">
	<ele>70.90</ele>
	<time>1970-01-01T00:00:00.000Z</time>
</trkpt>
<trkpt lat="47.3242041" lon="-0.2282066">
	<ele>70.20</ele>
	<time>1970-01-01T00:00:00.000Z</time>
</trkpt>
<trkpt lat="47.3255921" lon="-0.2253264">
	<ele>69.10</ele>
	<time>1970-01-01T00:00:00.000Z</time>
</trkpt>
<trkpt lat="47.3259415" lon="-0.2243559">
	<ele>71.90</ele>
	<time>1970-01-01T00:00:00.000Z</time>
</trkpt>
<trkpt lat="47.3267173" lon="-0.2228020">
	<ele>74.20</ele>
	<time>1970-01-01T00:00:00.000Z</time>
</trkpt>
<trkpt lat="47.3269061" lon="-0.2213567">
	<ele>76.70</ele>
	<time>1970-01-01T00:00:00.000Z</time>
</trkpt>
<trkpt lat="47.3272330" lon="-0.2203304">
	<ele>81.50</ele>
	<time>1970-01-01T00:00:00.000Z</time>
</trkpt>
<trkpt lat="47.3273407" lon="-0.2198472">
	<ele>82.30</ele>
	<time>1970-01-01T00:00:00.000Z</time>
</trkpt>
<trkpt lat="47.3274850" lon="-0.2193809">
	<ele>82.40</ele>
	<time>1970-01-01T00:00:00.000Z</time>
</trkpt>
<trkpt lat="47.3278604" lon="-0.2183083">
	<ele>82.40</ele>
	<time>1970-01-01T00:00:00.000Z</time>
</trkpt>
<trkpt lat="47.3279244" lon="-0.2177897">
	<ele>82.00</ele>
	<time>1970-01-01T00:00:00.000Z</time>
</trkpt>
<trkpt lat="47.3278525" lon="-0.2174070">
	<ele>80.90</ele>
	<time>1970-01-01T00:00:00.000Z</time>
</trkpt>
<trkpt lat="47.3279720" lon="-0.2171291">
	<ele>80.70</ele>
	<time>1970-01-01T00:00:00.000Z</time>
</trkpt>
<trkpt lat="47.3279604" lon="-0.2167661">
	<ele>80.40</ele>
	<time>1970-01-01T00:00:00.000Z</time>
</trkpt>
<trkpt lat="47.3286745" lon="-0.2152531">
	<ele>76.50</ele>
	<time>1970-01-01T00:00:00.000Z</time>
</trkpt>
<trkpt lat="47.3284836" lon="-0.2149771">
	<ele>75.60</ele>
	<time>1970-01-01T00:00:00.000Z</time>
</trkpt>
<trkpt lat="47.3286603" lon="-0.2137934">
	<ele>76.90</ele>
	<time>1970-01-01T00:00:00.000Z</time>
</trkpt>
<trkpt lat="47.3284755" lon="-0.2120768">
	<ele>76.50</ele>
	<time>1970-01-01T00:00:00.000Z</time>
</trkpt>
<trkpt lat="47.3284900" lon="-0.2113222">
	<ele>76.10</ele>
	<time>1970-01-01T00:00:00.000Z</time>
</trkpt>
<trkpt lat="47.3291596" lon="-0.2093884">
	<ele>71.10</ele>
	<time>1970-01-01T00:00:00.000Z</time>
</trkpt>
<trkpt lat="47.3292653" lon="-0.2088096">
	<ele>67.90</ele>
	<time>1970-01-01T00:00:00.000Z</time>
</trkpt>
<trkpt lat="47.3294611" lon="-0.2082532">
	<ele>66.00</ele>
	<time>1970-01-01T00:00:00.000Z</time>
</trkpt>
<trkpt lat="47.3297729" lon="-0.2065480">
	<ele>64.80</ele>
	<time>1970-01-01T00:00:00.000Z</time>
</trkpt>
<trkpt lat="47.3292913" lon="-0.2048597">
	<ele>61.40</ele>
	<time>1970-01-01T00:00:00.000Z</time>
</trkpt>
<trkpt lat="47.3290579" lon="-0.2043603">
	<ele>58.70</ele>
	<time>1970-01-01T00:00:00.000Z</time>
</trkpt>
<trkpt lat="47.3289032" lon="-0.2041314">
	<ele>54.50</ele>
	<time>1970-01-01T00:00:00.000Z</time>
</trkpt>
<trkpt lat="47.3290111" lon="-0.2035509">
	<ele>52.00</ele>
	<time>1970-01-01T00:00:00.000Z</time>
</trkpt>
<trkpt lat="47.3288562" lon="-0.2033404">
	<ele>47.40</ele>
	<time>1970-01-01T00:00:00.000Z</time>
</trkpt>
<trkpt lat="47.3288167" lon="-0.2027248">
	<ele>43.40</ele>
	<time>1970-01-01T00:00:00.000Z</time>
</trkpt>
<trkpt lat="47.3288815" lon="-0.2024220">
	<ele>43.30</ele>
	<time>1970-01-01T00:00:00.000Z</time>
</trkpt>
<trkpt lat="47.3290720" lon="-0.2022864">
	<ele>43.10</ele>
	<time>1970-01-01T00:00:00.000Z</time>
</trkpt>
<trkpt lat="47.3291715" lon="-0.2013596">
	<ele>40.20</ele>
	<time>1970-01-01T00:00:00.000Z</time>
</trkpt>
<trkpt lat="47.3298565" lon="-0.2010099">
	<ele>39.10</ele>
	<time>1970-01-01T00:00:00.000Z</time>
</trkpt>
<trkpt lat="47.3297162" lon="-0.2003085">
	<ele>34.30</ele>
	<time>1970-01-01T00:00:00.000Z</time>
</trkpt>
<trkpt lat="47.3297938" lon="-0.1995887">
	<ele>21.30</ele>
	<time>1970-01-01T00:00:00.000Z</time>
</trkpt>
<trkpt lat="47.3288311" lon="-0.1984434">
	<ele>25.90</ele>
	<time>1970-01-01T00:00:00.000Z</time>
</trkpt>
<trkpt lat="47.3277126" lon="-0.1966901">
	<ele>30.10</ele>
	<time>1970-01-01T00:00:00.000Z</time>
</trkpt>
<trkpt lat="47.3271572" lon="-0.1957310">
	<ele>33.40</ele>
	<time>1970-01-01T00:00:00.000Z</time>
</trkpt>
<trkpt lat="47.3266322" lon="-0.1949797">
	<ele>37.20</ele>
	<time>1970-01-01T00:00:00.000Z</time>
</trkpt>
<trkpt lat="47.3253367" lon="-0.1923157">
	<ele>33.60</ele>
	<time>1970-01-01T00:00:00.000Z</time>
</trkpt>
<trkpt lat="47.3250373" lon="-0.1918102">
	<ele>33.10</ele>
	<time>1970-01-01T00:00:00.000Z</time>
</trkpt>
<trkpt lat="47.3244576" lon="-0.1909698">
	<ele>28.30</ele>
	<time>1970-01-01T00:00:00.000Z</time>
</trkpt>
<trkpt lat="47.3225405" lon="-0.1868770">
	<ele>18.80</ele>
	<time>1970-01-01T00:00:00.000Z</time>
</trkpt>
<trkpt lat="47.3219297" lon="-0.1858063">
	<ele>20.00</ele>
	<time>1970-01-01T00:00:00.000Z</time>
</trkpt>
<trkpt lat="47.3208398" lon="-0.1841429">
	<ele>19.80</ele>
	<time>1970-01-01T00:00:00.000Z</time>
</trkpt>
<trkpt lat="47.3203420" lon="-0.1834734">
	<ele>24.20</ele>
	<time>1970-01-01T00:00:00.000Z</time>
</trkpt>
<trkpt lat="47.3201696" lon="-0.1831013">
	<ele>23.30</ele>
	<time>1970-01-01T00:00:00.000Z</time>
</trkpt>
<trkpt lat="47.3197675" lon="-0.1820133">
	<ele>23.50</ele>
	<time>1970-01-01T00:00:00.000Z</time>
</trkpt>
<trkpt lat="47.3192682" lon="-0.1808372">
	<ele>24.80</ele>
	<time>1970-01-01T00:00:00.000Z</time>
</trkpt>
<trkpt lat="47.3180903" lon="-0.1776807">
	<ele>26.00</ele>
	<time>1970-01-01T00:00:00.000Z</time>
</trkpt>
<trkpt lat="47.3177727" lon="-0.1766406">
	<ele>29.70</ele>
	<time>1970-01-01T00:00:00.000Z</time>
</trkpt>
<trkpt lat="47.3174329" lon="-0.1747217">
	<ele>35.30</ele>
	<time>1970-01-01T00:00:00.000Z</time>
</trkpt>
<trkpt lat="47.3172930" lon="-0.1741828">
	<ele>39.10</ele>
	<time>1970-01-01T00:00:00.000Z</time>
</trkpt>
<trkpt lat="47.3170552" lon="-0.1737395">
	<ele>35.60</ele>
	<time>1970-01-01T00:00:00.000Z</time>
</trkpt>
<trkpt lat="47.3162565" lon="-0.1727163">
	<ele>36.10</ele>
	<time>1970-01-01T00:00:00.000Z</time>
</trkpt>
<trkpt lat="47.3155700" lon="-0.1715211">
	<ele>32.80</ele>
	<time>1970-01-01T00:00:00.000Z</time>
</trkpt>
<trkpt lat="47.3150374" lon="-0.1702603">
	<ele>31.60</ele>
	<time>1970-01-01T00:00:00.000Z</time>
</trkpt>
<trkpt lat="47.3148977" lon="-0.1698580">
	<ele>31.00</ele>
	<time>1970-01-01T00:00:00.000Z</time>
</trkpt>
<trkpt lat="47.3148235" lon="-0.1694740">
	<ele>30.20</ele>
	<time>1970-01-01T00:00:00.000Z</time>
</trkpt>
<trkpt lat="47.3147372" lon="-0.1686511">
	<ele>39.00</ele>
	<time>1970-01-01T00:00:00.000Z</time>
</trkpt>
<trkpt lat="47.3150241" lon="-0.1684462">
	<ele>34.30</ele>
	<time>1970-01-01T00:00:00.000Z</time>
</trkpt>
<trkpt lat="47.3150882" lon="-0.1683395">
	<ele>33.20</ele>
	<time>1970-01-01T00:00:00.000Z</time>
</trkpt>
<trkpt lat="47.3148768" lon="-0.1672540">
	<ele>32.60</ele>
	<time>1970-01-01T00:00:00.000Z</time>
</trkpt>
<trkpt lat="47.3148165" lon="-0.1671547">
	<ele>32.60</ele>
	<time>1970-01-01T00:00:00.000Z</time>
</trkpt>
<trkpt lat="47.3146315" lon="-0.1672491">
	<ele>35.80</ele>
	<time>1970-01-01T00:00:00.000Z</time>
</trkpt>
<trkpt lat="47.3145506" lon="-0.1668739">
	<ele>37.90</ele>
	<time>1970-01-01T00:00:00.000Z</time>
</trkpt>
<trkpt lat="47.3147708" lon="-0.1667591">
	<ele>31.40</ele>
	<time>1970-01-01T00:00:00.000Z</time>
</trkpt>
<trkpt lat="47.3140938" lon="-0.1640327">
	<ele>39.00</ele>
	<time>1970-01-01T00:00:00.000Z</time>
</trkpt>
<trkpt lat="47.3137302" lon="-0.1622963">
	<ele>29.60</ele>
	<time>1970-01-01T00:00:00.000Z</time>
</trkpt>
<trkpt lat="47.3133891" lon="-0.1613356">
	<ele>24.50</ele>
	<time>1970-01-01T00:00:00.000Z</time>
</trkpt>
<trkpt lat="47.3131780" lon="-0.1609422">
	<ele>27.90</ele>
	<time>1970-01-01T00:00:00.000Z</time>
</trkpt>
<trkpt lat="47.3122325" lon="-0.1596986">
	<ele>27.90</ele>
	<time>1970-01-01T00:00:00.000Z</time>
</trkpt>
<trkpt lat="47.3117246" lon="-0.1588138">
	<ele>29.00</ele>
	<time>1970-01-01T00:00:00.000Z</time>
</trkpt>
<trkpt lat="47.3110116" lon="-0.1572096">
	<ele>23.90</ele>
	<time>1970-01-01T00:00:00.000Z</time>
</trkpt>
<trkpt lat="47.3096687" lon="-0.1551730">
	<ele>25.50</ele>
	<time>1970-01-01T00:00:00.000Z</time>
</trkpt>
<trkpt lat="47.3094917" lon="-0.1547251">
	<ele>22.20</ele>
	<time>1970-01-01T00:00:00.000Z</time>
</trkpt>
<trkpt lat="47.3091999" lon="-0.1543415">
	<ele>19.70</ele>
	<time>1970-01-01T00:00:00.000Z</time>
</trkpt>
<trkpt lat="47.3090580" lon="-0.1540862">
	<ele>23.00</ele>
	<time>1970-01-01T00:00:00.000Z</time>
</trkpt>
<trkpt lat="47.3085677" lon="-0.1533887">
	<ele>19.50</ele>
	<time>1970-01-01T00:00:00.000Z</time>
</trkpt>
<trkpt lat="47.3079286" lon="-0.1528541">
	<ele>25.00</ele>
	<time>1970-01-01T00:00:00.000Z</time>
</trkpt>
<trkpt lat="47.3074679" lon="-0.1521746">
	<ele>22.00</ele>
	<time>1970-01-01T00:00:00.000Z</time>
</trkpt>
<trkpt lat="47.3070594" lon="-0.1511262">
	<ele>27.60</ele>
	<time>1970-01-01T00:00:00.000Z</time>
</trkpt>
<trkpt lat="47.3062620" lon="-0.1498990">
	<ele>28.70</ele>
	<time>1970-01-01T00:00:00.000Z</time>
</trkpt>
<trkpt lat="47.3049649" lon="-0.1476374">
	<ele>28.10</ele>
	<time>1970-01-01T00:00:00.000Z</time>
</trkpt>
<trkpt lat="47.3042002" lon="-0.1464365">
	<ele>24.00</ele>
	<time>1970-01-01T00:00:00.000Z</time>
</trkpt>
<trkpt lat="47.3014873" lon="-0.1436468">
	<ele>24.60</ele>
	<time>1970-01-01T00:00:00.000Z</time>
</trkpt>
<trkpt lat="47.3002724" lon="-0.1424774">
	<ele>21.40</ele>
	<time>1970-01-01T00:00:00.000Z</time>
</trkpt>
<trkpt lat="47.2964611" lon="-0.1395117">
	<ele>22.20</ele>
	<time>1970-01-01T00:00:00.000Z</time>
</trkpt>
<trkpt lat="47.2956604" lon="-0.1386801">
	<ele>23.30</ele>
	<time>1970-01-01T00:00:00.000Z</time>
</trkpt>
<trkpt lat="47.2949732" lon="-0.1381547">
	<ele>27.40</ele>
	<time>1970-01-01T00:00:00.000Z</time>
</trkpt>
<trkpt lat="47.2942861" lon="-0.1375432">
	<ele>27.40</ele>
	<time>1970-01-01T00:00:00.000Z</time>
</trkpt>
<trkpt lat="47.2933476" lon="-0.1368340">
	<ele>31.50</ele>
	<time>1970-01-01T00:00:00.000Z</time>
</trkpt>
<trkpt lat="47.2937370" lon="-0.1364148">
	<ele>22.90</ele>
	<time>1970-01-01T00:00:00.000Z</time>
</trkpt>
<trkpt lat="47.2937770" lon="-0.1362348">
	<ele>19.50</ele>
	<time>1970-01-01T00:00:00.000Z</time>
</trkpt>
<trkpt lat="47.2934177" lon="-0.1356816">
	<ele>20.40</ele>
	<time>1970-01-01T00:00:00.000Z</time>
</trkpt>
<trkpt lat="47.2924304" lon="-0.1338232">
	<ele>20.30</ele>
	<time>1970-01-01T00:00:00.000Z</time>
</trkpt>
<trkpt lat="47.2905486" lon="-0.1296229">
	<ele>19.50</ele>
	<time>1970-01-01T00:00:00.000Z</time>
</trkpt>
<trkpt lat="47.2901267" lon="-0.1288078">
	<ele>20.80</ele>
	<time>1970-01-01T00:00:00.000Z</time>
</trkpt>
<trkpt lat="47.2893844" lon="-0.1275475">
	<ele>25.90</ele>
	<time>1970-01-01T00:00:00.000Z</time>
</trkpt>
<trkpt lat="47.2885657" lon="-0.1260003">
	<ele>27.00</ele>
	<time>1970-01-01T00:00:00.000Z</time>
</trkpt>
<trkpt lat="47.2883078" lon="-0.1253747">
	<ele>25.60</ele>
	<time>1970-01-01T00:00:00.000Z</time>
</trkpt>
<trkpt lat="47.2871292" lon="-0.1230517">
	<ele>21.00</ele>
	<time>1970-01-01T00:00:00.000Z</time>
</trkpt>
<trkpt lat="47.2864511" lon="-0.1216278">
	<ele>20.50</ele>
	<time>1970-01-01T00:00:00.000Z</time>
</trkpt>
<trkpt lat="47.2857762" lon="-0.1199101">
	<ele>20.30</ele>
	<time>1970-01-01T00:00:00.000Z</time>
</trkpt>
<trkpt lat="47.2848677" lon="-0.1184590">
	<ele>20.40</ele>
	<time>1970-01-01T00:00:00.000Z</time>
</trkpt>
<trkpt lat="47.2836735" lon="-0.1167615">
	<ele>21.30</ele>
	<time>1970-01-01T00:00:00.000Z</time>
</trkpt>
<trkpt lat="47.2827987" lon="-0.1154227">
	<ele>22.80</ele>
	<time>1970-01-01T00:00:00.000Z</time>
</trkpt>
<trkpt lat="47.2819884" lon="-0.1133716">
	<ele>20.60</ele>
	<time>1970-01-01T00:00:00.000Z</time>
</trkpt>
<trkpt lat="47.2818283" lon="-0.1129006">
	<ele>21.10</ele>
	<time>1970-01-01T00:00:00.000Z</time>
</trkpt>
<trkpt lat="47.2816218" lon="-0.1126684">
	<ele>21.50</ele>
	<time>1970-01-01T00:00:00.000Z</time>
</trkpt>
<trkpt lat="47.2780200" lon="-0.1185370">
	<ele>35.00</ele>
	<time>1970-01-01T00:00:00.000Z</time>
</trkpt>
<trkpt lat="47.2777800" lon="-0.1187199">
	<ele>37.40</ele>
	<time>1970-01-01T00:00:00.000Z</time>
</trkpt>
<trkpt lat="47.2774751" lon="-0.1187543">
	<ele>40.20</ele>
	<time>1970-01-01T00:00:00.000Z</time>
</trkpt>
<trkpt lat="47.2763117" lon="-0.1197813">
	<ele>47.90</ele>
	<time>1970-01-01T00:00:00.000Z</time>
</trkpt>
<trkpt lat="47.2761500" lon="-0.1200162">
	<ele>46.60</ele>
	<time>1970-01-01T00:00:00.000Z</time>
</trkpt>
<trkpt lat="47.2757141" lon="-0.1194674">
	<ele>44.20</ele>
	<time>1970-01-01T00:00:00.000Z</time>
</trkpt>
<trkpt lat="47.2751560" lon="-0.1186069">
	<ele>43.30</ele>
	<time>1970-01-01T00:00:00.000Z</time>
</trkpt>
<trkpt lat="47.2745192" lon="-0.1174232">
	<ele>41.40</ele>
	<time>1970-01-01T00:00:00.000Z</time>
</trkpt>
<trkpt lat="47.2743544" lon="-0.1169176">
	<ele>39.50</ele>
	<time>1970-01-01T00:00:00.000Z</time>
</trkpt>
<trkpt lat="47.2741846" lon="-0.1166214">
	<ele>37.90</ele>
	<time>1970-01-01T00:00:00.000Z</time>
</trkpt>
<trkpt lat="47.2734468" lon="-0.1157003">
	<ele>36.80</ele>
	<time>1970-01-01T00:00:00.000Z</time>
</trkpt>
<trkpt lat="47.2714502" lon="-0.1208744">
	<ele>49.60</ele>
	<time>1970-01-01T00:00:00.000Z</time>
</trkpt>
<trkpt lat="47.2711623" lon="-0.1212203">
	<ele>48.20</ele>
	<time>1970-01-01T00:00:00.000Z</time>
</trkpt>
<trkpt lat="47.2709281" lon="-0.1209822">
	<ele>47.50</ele>
	<time>1970-01-01T00:00:00.000Z</time>
</trkpt>
<trkpt lat="47.2706251" lon="-0.1202501">
	<ele>44.70</ele>
	<time>1970-01-01T00:00:00.000Z</time>
</trkpt>
<trkpt lat="47.2703986" lon="-0.1192156">
	<ele>43.10</ele>
	<time>1970-01-01T00:00:00.000Z</time>
</trkpt>
<trkpt lat="47.2702584" lon="-0.1188259">
	<ele>43.10</ele>
	<time>1970-01-01T00:00:00.000Z</time>
</trkpt>
<trkpt lat="47.2698665" lon="-0.1182958">
	<ele>43.30</ele>
	<time>1970-01-01T00:00:00.000Z</time>
</trkpt>
<trkpt lat="47.2693611" lon="-0.1179136">
	<ele>44.30</ele>
	<time>1970-01-01T00:00:00.000Z</time>
</trkpt>
<trkpt lat="47.2691620" lon="-0.1175772">
	<ele>45.40</ele>
	<time>1970-01-01T00:00:00.000Z</time>
</trkpt>
<trkpt lat="47.2689637" lon="-0.1171045">
	<ele>47.50</ele>
	<time>1970-01-01T00:00:00.000Z</time>
</trkpt>
<trkpt lat="47.2687146" lon="-0.1161690">
	<ele>50.70</ele>
	<time>1970-01-01T00:00:00.000Z</time>
</trkpt>
<trkpt lat="47.2686397" lon="-0.1150308">
	<ele>55.40</ele>
	<time>1970-01-01T00:00:00.000Z</time>
</trkpt>
<trkpt lat="47.2685358" lon="-0.1142443">
	<ele>59.70</ele>
	<time>1970-01-01T00:00:00.000Z</time>
</trkpt>
<trkpt lat="47.2686137" lon="-0.1130011">
	<ele>65.50</ele>
	<time>1970-01-01T00:00:00.000Z</time>
</trkpt>
<trkpt lat="47.2690109" lon="-0.1125543">
	<ele>65.40</ele>
	<time>1970-01-01T00:00:00.000Z</time>
</trkpt>
<trkpt lat="47.2692604" lon="-0.1121702">
	<ele>65.30</ele>
	<time>1970-01-01T00:00:00.000Z</time>
</trkpt>
<trkpt lat="47.2681963" lon="-0.1104157">
	<ele>67.70</ele>
	<time>1970-01-01T00:00:00.000Z</time>
</trkpt>
<trkpt lat="47.2674541" lon="-0.1096758">
	<ele>68.20</ele>
	<time>1970-01-01T00:00:00.000Z</time>
</trkpt>
<trkpt lat="47.2674230" lon="-0.1094396">
	<ele>67.30</ele>
	<time>1970-01-01T00:00:00.000Z</time>
</trkpt>
<trkpt lat="47.2677353" lon="-0.1084737">
	<ele>61.50</ele>
	<time>1970-01-01T00:00:00.000Z</time>
</trkpt>
<trkpt lat="47.2678373" lon="-0.1079421">
	<ele>58.30</ele>
	<time>1970-01-01T00:00:00.000Z</time>
</trkpt>
<trkpt lat="47.2679560" lon="-0.1068658">
	<ele>53.80</ele>
	<time>1970-01-01T00:00:00.000Z</time>
</trkpt>
<trkpt lat="47.2676237" lon="-0.1065840">
	<ele>53.40</ele>
	<time>1970-01-01T00:00:00.000Z</time>
</trkpt>
<trkpt lat="47.2669922" lon="-0.1062129">
	<ele>53.40</ele>
	<time>1970-01-01T00:00:00.000Z</time>
</trkpt>
<trkpt lat="47.2662555" lon="-0.1058489">
	<ele>49.90</ele>
	<time>1970-01-01T00:00:00.000Z</time>
</trkpt>
<trkpt lat="47.2662112" lon="-0.1045790">
	<ele>44.60</ele>
	<time>1970-01-01T00:00:00.000Z</time>
</trkpt>
<trkpt lat="47.2664364" lon="-0.1031410">
	<ele>41.00</ele>
	<time>1970-01-01T00:00:00.000Z</time>
</trkpt>
<trkpt lat="47.2663669" lon="-0.1026391">
	<ele>39.60</ele>
	<time>1970-01-01T00:00:00.000Z</time>
</trkpt>
<trkpt lat="47.2657759" lon="-0.1017252">
	<ele>33.70</ele>
	<time>1970-01-01T00:00:00.000Z</time>
</trkpt>
<trkpt lat="47.2653711" lon="-0.1013315">
	<ele>34.20</ele>
	<time>1970-01-01T00:00:00.000Z</time>
</trkpt>
<trkpt lat="47.2655089" lon="-0.1011364">
	<ele>32.60</ele>
	<time>1970-01-01T00:00:00.000Z</time>
</trkpt>
<trkpt lat="47.2659464" lon="-0.1007156">
	<ele>28.50</ele>
	<time>1970-01-01T00:00:00.000Z</time>
</trkpt>
<trkpt lat="47.2661966" lon="-0.1006335">
	<ele>25.80</ele>
	<time>1970-01-01T00:00:00.000Z</time>
</trkpt>
<trkpt lat="47.2665757" lon="-0.0998722">
	<ele>23.00</ele>
	<time>1970-01-01T00:00:00.000Z</time>
</trkpt>
<trkpt lat="47.2665184" lon="-0.0995576">
	<ele>23.70</ele>
	<time>1970-01-01T00:00:00.000Z</time>
</trkpt>
<trkpt lat="47.2661766" lon="-0.0991390">
	<ele>23.10</ele>
	<time>1970-01-01T00:00:00.000Z</time>
</trkpt>
<trkpt lat="47.2658828" lon="-0.0978570">
	<ele>26.10</ele>
	<time>1970-01-01T00:00:00.000Z</time>
</trkpt>
<trkpt lat="47.2660125" lon="-0.0977803">
	<ele>26.10</ele>
	<time>1970-01-01T00:00:00.000Z</time>
</trkpt>
<trkpt lat="47.2660626" lon="-0.0976008">
	<ele>25.90</ele>
	<time>1970-01-01T00:00:00.000Z</time>
</trkpt>
<trkpt lat="47.2660023" lon="-0.0946456">
	<ele>26.20</ele>
	<time>1970-01-01T00:00:00.000Z</time>
</trkpt>
<trkpt lat="47.2658401" lon="-0.0946094">
	<ele>26.30</ele>
	<time>1970-01-01T00:00:00.000Z</time>
</trkpt>
<trkpt lat="47.2656681" lon="-0.0940608">
	<ele>28.50</ele>
	<time>1970-01-01T00:00:00.000Z</time>
</trkpt>
<trkpt lat="47.2656604" lon="-0.0937863">
	<ele>29.20</ele>
	<time>1970-01-01T00:00:00.000Z</time>
</trkpt>
<trkpt lat="47.2657248" lon="-0.0934710">
	<ele>29.80</ele>
	<time>1970-01-01T00:00:00.000Z</time>
</trkpt>
<trkpt lat="47.2658262" lon="-0.0932120">
	<ele>30.40</ele>
	<time>1970-01-01T00:00:00.000Z</time>
</trkpt>
<trkpt lat="47.2661811" lon="-0.0928086">
	<ele>31.30</ele>
	<time>1970-01-01T00:00:00.000Z</time>
</trkpt>
<trkpt lat="47.2661983" lon="-0.0926291">
	<ele>31.40</ele>
	<time>1970-01-01T00:00:00.000Z</time>
</trkpt>
<trkpt lat="47.2658599" lon="-0.0920517">
	<ele>31.70</ele>
	<time>1970-01-01T00:00:00.000Z</time>
</trkpt>
<trkpt lat="47.2662485" lon="-0.0916664">
	<ele>31.20</ele>
	<time>1970-01-01T00:00:00.000Z</time>
</trkpt>
<trkpt lat="47.2667828" lon="-0.0909241">
	<ele>30.70</ele>
	<time>1970-01-01T00:00:00.000Z</time>
</trkpt>
<trkpt lat="47.2678227" lon="-0.0894307">
	<ele>31.60</ele>
	<time>1970-01-01T00:00:00.000Z</time>
</trkpt>
<trkpt lat="47.2680567" lon="-0.0889884">
	<ele>29.70</ele>
	<time>1970-01-01T00:00:00.000Z</time>
</trkpt>
<trkpt lat="47.2683439" lon="-0.0882803">
	<ele>20.30</ele>
	<time>1970-01-01T00:00:00.000Z</time>
</trkpt>
<trkpt lat="47.2683535" lon="-0.0879171">
	<ele>20.00</ele>
	<time>1970-01-01T00:00:00.000Z</time>
</trkpt>
<trkpt lat="47.2682397" lon="-0.0873469">
	<ele>20.20</ele>
	<time>1970-01-01T00:00:00.000Z</time>
</trkpt>
<trkpt lat="47.2680746" lon="-0.0869638">
	<ele>20.00</ele>
	<time>1970-01-01T00:00:00.000Z</time>
</trkpt>
<trkpt lat="47.2676325" lon="-0.0861620">
	<ele>20.10</ele>
	<time>1970-01-01T00:00:00.000Z</time>
</trkpt>
<trkpt lat="47.2653584" lon="-0.0833308">
	<ele>21.20</ele>
	<time>1970-01-01T00:00:00.000Z</time>
</trkpt>
<trkpt lat="47.2644058" lon="-0.0820455">
	<ele>22.40</ele>
	<time>1970-01-01T00:00:00.000Z</time>
</trkpt>
<trkpt lat="47.2634101" lon="-0.0802979">
	<ele>23.00</ele>
	<time>1970-01-01T00:00:00.000Z</time>
</trkpt>
<trkpt lat="47.2631392" lon="-0.0794510">
	<ele>22.20</ele>
	<time>1970-01-01T00:00:00.000Z</time>
</trkpt>
<trkpt lat="47.2628144" lon="-0.0789561">
	<ele>23.50</ele>
	<time>1970-01-01T00:00:00.000Z</time>
</trkpt>
<trkpt lat="47.2623179" lon="-0.0783929">
	<ele>25.50</ele>
	<time>1970-01-01T00:00:00.000Z</time>
</trkpt>
<trkpt lat="47.2613582" lon="-0.0766516">
	<ele>28.70</ele>
	<time>1970-01-01T00:00:00.000Z</time>
</trkpt>
<trkpt lat="47.2609416" lon="-0.0770962">
	<ele>35.80</ele>
	<time>1970-01-01T00:00:00.000Z</time>
</trkpt>
<trkpt lat="47.2597789" lon="-0.0745128">
	<ele>29.40</ele>
	<time>1970-01-01T00:00:00.000Z</time>
</trkpt>
<trkpt lat="47.2591350" lon="-0.0748778">
	<ele>37.40</ele>
	<time>1970-01-01T00:00:00.000Z</time>
</trkpt>
<trkpt lat="47.2587260" lon="-0.0749833">
	<ele>39.90</ele>
	<time>1970-01-01T00:00:00.000Z</time>
</trkpt>
<trkpt lat="47.2586533" lon="-0.0747061">
	<ele>40.70</ele>
	<time>1970-01-01T00:00:00.000Z</time>
</trkpt>
<trkpt lat="47.2584445" lon="-0.0742782">
	<ele>43.80</ele>
	<time>1970-01-01T00:00:00.000Z</time>
</trkpt>
<trkpt lat="47.2582589" lon="-0.0732450">
	<ele>44.90</ele>
	<time>1970-01-01T00:00:00.000Z</time>
</trkpt>
<trkpt lat="47.2573346" lon="-0.0711734">
	<ele>49.90</ele>
	<time>1970-01-01T00:00:00.000Z</time>
</trkpt>
<trkpt lat="47.2570527" lon="-0.0703505">
	<ele>44.70</ele>
	<time>1970-01-01T00:00:00.000Z</time>
</trkpt>
<trkpt lat="47.2566181" lon="-0.0695842">
	<ele>45.10</ele>
	<time>1970-01-01T00:00:00.000Z</time>
</trkpt>
<trkpt lat="47.2565225" lon="-0.0693209">
	<ele>41.30</ele>
	<time>1970-01-01T00:00:00.000Z</time>
</trkpt>
<trkpt lat="47.2561619" lon="-0.0688140">
	<ele>42.30</ele>
	<time>1970-01-01T00:00:00.000Z</time>
</trkpt>
<trkpt lat="47.2560574" lon="-0.0685821">
	<ele>42.00</ele>
	<time>1970-01-01T00:00:00.000Z</time>
</trkpt>
<trkpt lat="47.2556265" lon="-0.0678857">
	<ele>41.40</ele>
	<time>1970-01-01T00:00:00.000Z</time>
</trkpt>
<trkpt lat="47.2550839" lon="-0.0669056">
	<ele>39.30</ele>
	<time>1970-01-01T00:00:00.000Z</time>
</trkpt>
<trkpt lat="47.2545584" lon="-0.0661899">
	<ele>42.70</ele>
	<time>1970-01-01T00:00:00.000Z</time>
</trkpt>
<trkpt lat="47.2540033" lon="-0.0652669">
	<ele>46.90</ele>
	<time>1970-01-01T00:00:00.000Z</time>
</trkpt>
<trkpt lat="47.2536358" lon="-0.0644476">
	<ele>49.30</ele>
	<time>1970-01-01T00:00:00.000Z</time>
</trkpt>
<trkpt lat="47.2533760" lon="-0.0636015">
	<ele>46.10</ele>
	<time>1970-01-01T00:00:00.000Z</time>
</trkpt>
<trkpt lat="47.2533577" lon="-0.0634356">
	<ele>38.60</ele>
	<time>1970-01-01T00:00:00.000Z</time>
</trkpt>
<trkpt lat="47.2531833" lon="-0.0629477">
	<ele>33.50</ele>
	<time>1970-01-01T00:00:00.000Z</time>
</trkpt>
<trkpt lat="47.2534162" lon="-0.0626598">
	<ele>20.60</ele>
	<time>1970-01-01T00:00:00.000Z</time>
</trkpt>
<trkpt lat="47.2523752" lon="-0.0608503">
	<ele>27.40</ele>
	<time>1970-01-01T00:00:00.000Z</time>
</trkpt>
<trkpt lat="47.2517782" lon="-0.0588108">
	<ele>23.20</ele>
	<time>1970-01-01T00:00:00.000Z</time>
</trkpt>
<trkpt lat="47.2516036" lon="-0.0580882">
	<ele>28.00</ele>
	<time>1970-01-01T00:00:00.000Z</time>
</trkpt>
<trkpt lat="47.2517632" lon="-0.0575002">
	<ele>20.90</ele>
	<time>1970-01-01T00:00:00.000Z</time>
</trkpt>
<trkpt lat="47.2516177" lon="-0.0563109">
	<ele>20.60</ele>
	<time>1970-01-01T00:00:00.000Z</time>
</trkpt>
<trkpt lat="47.2515106" lon="-0.0559355">
	<ele>20.50</ele>
	<time>1970-01-01T00:00:00.000Z</time>
</trkpt>
<trkpt lat="47.2514918" lon="-0.0555772">
	<ele>22.70</ele>
	<time>1970-01-01T00:00:00.000Z</time>
</trkpt>
<trkpt lat="47.2516270" lon="-0.0549821">
	<ele>20.40</ele>
	<time>1970-01-01T00:00:00.000Z</time>
</trkpt>
<trkpt lat="47.2515914" lon="-0.0541891">
	<ele>20.50</ele>
	<time>1970-01-01T00:00:00.000Z</time>
</trkpt>
<trkpt lat="47.2516986" lon="-0.0539114">
	<ele>20.00</ele>
	<time>1970-01-01T00:00:00.000Z</time>
</trkpt>
<trkpt lat="47.2517826" lon="-0.0519385">
	<ele>20.80</ele>
	<time>1970-01-01T00:00:00.000Z</time>
</trkpt>
<trkpt lat="47.2517222" lon="-0.0516693">
	<ele>20.20</ele>
	<time>1970-01-01T00:00:00.000Z</time>
</trkpt>
<trkpt lat="47.2514793" lon="-0.0510451">
	<ele>21.30</ele>
	<time>1970-01-01T00:00:00.000Z</time>
</trkpt>
<trkpt lat="47.2512080" lon="-0.0499562">
	<ele>20.70</ele>
	<time>1970-01-01T00:00:00.000Z</time>
</trkpt>
<trkpt lat="47.2511582" lon="-0.0491756">
	<ele>20.90</ele>
	<time>1970-01-01T00:00:00.000Z</time>
</trkpt>
<trkpt lat="47.2511736" lon="-0.0484297">
	<ele>20.00</ele>
	<time>1970-01-01T00:00:00.000Z</time>
</trkpt>
<trkpt lat="47.2510495" lon="-0.0476458">
	<ele>20.20</ele>
	<time>1970-01-01T00:00:00.000Z</time>
</trkpt>
<trkpt lat="47.2508891" lon="-0.0471752">
	<ele>20.10</ele>
	<time>1970-01-01T00:00:00.000Z</time>
</trkpt>
<trkpt lat="47.2505267" lon="-0.0466517">
	<ele>24.40</ele>
	<time>1970-01-01T00:00:00.000Z</time>
</trkpt>
<trkpt lat="47.2503588" lon="-0.0465428">
	<ele>24.60</ele>
	<time>1970-01-01T00:00:00.000Z</time>
</trkpt>
<trkpt lat="47.2496283" lon="-0.0465632">
	<ele>29.30</ele>
	<time>1970-01-01T00:00:00.000Z</time>
</trkpt>
<trkpt lat="47.2495108" lon="-0.0463642">
	<ele>29.00</ele>
	<time>1970-01-01T00:00:00.000Z</time>
</trkpt>
<trkpt lat="47.2492374" lon="-0.0461218">
	<ele>30.60</ele>
	<time>1970-01-01T00:00:00.000Z</time>
</trkpt>
<trkpt lat="47.2489303" lon="-0.0448942">
	<ele>32.80</ele>
	<time>1970-01-01T00:00:00.000Z</time>
</trkpt>
<trkpt lat="47.2491159" lon="-0.0442765">
	<ele>30.90</ele>
	<time>1970-01-01T00:00:00.000Z</time>
</trkpt>
<trkpt lat="47.2486987" lon="-0.0433447">
	<ele>30.60</ele>
	<time>1970-01-01T00:00:00.000Z</time>
</trkpt>
<trkpt lat="47.2484526" lon="-0.0431218">
	<ele>30.80</ele>
	<time>1970-01-01T00:00:00.000Z</time>
</trkpt>
<trkpt lat="47.2482789" lon="-0.0425977">
	<ele>31.00</ele>
	<time>1970-01-01T00:00:00.000Z</time>
</trkpt>
<trkpt lat="47.2484219" lon="-0.0420165">
	<ele>29.50</ele>
	<time>1970-01-01T00:00:00.000Z</time>
</trkpt>
<trkpt lat="47.2473573" lon="-0.0393827">
	<ele>27.70</ele>
	<time>1970-01-01T00:00:00.000Z</time>
</trkpt>
<trkpt lat="47.2469722" lon="-0.0385039">
	<ele>28.70</ele>
	<time>1970-01-01T00:00:00.000Z</time>
</trkpt>
<trkpt lat="47.2468323" lon="-0.0382858">
	<ele>29.20</ele>
	<time>1970-01-01T00:00:00.000Z</time>
</trkpt>
<trkpt lat="47.2466946" lon="-0.0378132">
	<ele>28.80</ele>
	<time>1970-01-01T00:00:00.000Z</time>
</trkpt>
<trkpt lat="47.2464522" lon="-0.0373179">
	<ele>28.20</ele>
	<time>1970-01-01T00:00:00.000Z</time>
</trkpt>
<trkpt lat="47.2463210" lon="-0.0369290">
	<ele>28.30</ele>
	<time>1970-01-01T00:00:00.000Z</time>
</trkpt>
<trkpt lat="47.2463366" lon="-0.0368206">
	<ele>28.20</ele>
	<time>1970-01-01T00:00:00.000Z</time>
</trkpt>
<trkpt lat="47.2466905" lon="-0.0365107">
	<ele>27.70</ele>
	<time>1970-01-01T00:00:00.000Z</time>
</trkpt>
<trkpt lat="47.2469092" lon="-0.0362585">
	<ele>26.60</ele>
	<time>1970-01-01T00:00:00.000Z</time>
</trkpt>
<trkpt lat="47.2469629" lon="-0.0361518">
	<ele>25.80</ele>
	<time>1970-01-01T00:00:00.000Z</time>
</trkpt>
<trkpt lat="47.2454615" lon="-0.0323935">
	<ele>29.30</ele>
	<time>1970-01-01T00:00:00.000Z</time>
</trkpt>
<trkpt lat="47.2447752" lon="-0.0303114">
	<ele>24.40</ele>
	<time>1970-01-01T00:00:00.000Z</time>
</trkpt>
<trkpt lat="47.2447631" lon="-0.0300973">
	<ele>22.10</ele>
	<time>1970-01-01T00:00:00.000Z</time>
</trkpt>
<trkpt lat="47.2445973" lon="-0.0294328">
	<ele>20.80</ele>
	<time>1970-01-01T00:00:00.000Z</time>
</trkpt>
<trkpt lat="47.2443406" lon="-0.0287234">
	<ele>22.00</ele>
	<time>1970-01-01T00:00:00.000Z</time>
</trkpt>
<trkpt lat="47.2439423" lon="-0.0280365">
	<ele>23.80</ele>
	<time>1970-01-01T00:00:00.000Z</time>
</trkpt>
<trkpt lat="47.2439470" lon="-0.0277551">
	<ele>22.20</ele>
	<time>1970-01-01T00:00:00.000Z</time>
</trkpt>
<trkpt lat="47.2429757" lon="-0.0250336">
	<ele>25.20</ele>
	<time>1970-01-01T00:00:00.000Z</time>
</trkpt>
<trkpt lat="47.2424091" lon="-0.0229448">
	<ele>20.50</ele>
	<time>1970-01-01T00:00:00.000Z</time>
</trkpt>
<trkpt lat="47.2422541" lon="-0.0224300">
	<ele>21.20</ele>
	<time>1970-01-01T00:00:00.000Z</time>
</trkpt>
<trkpt lat="47.2421230" lon="-0.0221324">
	<ele>21.70</ele>
	<time>1970-01-01T00:00:00.000Z</time>
</trkpt>
<trkpt lat="47.2419534" lon="-0.0218901">
	<ele>25.70</ele>
	<time>1970-01-01T00:00:00.000Z</time>
</trkpt>
<trkpt lat="47.2417691" lon="-0.0217936">
	<ele>29.10</ele>
	<time>1970-01-01T00:00:00.000Z</time>
</trkpt>
<trkpt lat="47.2415474" lon="-0.0219693">
	<ele>30.20</ele>
	<time>1970-01-01T00:00:00.000Z</time>
</trkpt>
<trkpt lat="47.2413911" lon="-0.0223814">
	<ele>31.50</ele>
	<time>1970-01-01T00:00:00.000Z</time>
</trkpt>
<trkpt lat="47.2412647" lon="-0.0225689">
	<ele>32.00</ele>
	<time>1970-01-01T00:00:00.000Z</time>
</trkpt>
<trkpt lat="47.2407784" lon="-0.0225606">
	<ele>35.50</ele>
	<time>1970-01-01T00:00:00.000Z</time>
</trkpt>
<trkpt lat="47.2402643" lon="-0.0199584">
	<ele>35.70</ele>
	<time>1970-01-01T00:00:00.000Z</time>
</trkpt>
<trkpt lat="47.2391771" lon="-0.0149231">
	<ele>31.10</ele>
	<time>1970-01-01T00:00:00.000Z</time>
</trkpt>
<trkpt lat="47.2388774" lon="-0.0140590">
	<ele>37.30</ele>
	<time>1970-01-01T00:00:00.000Z</time>
</trkpt>
<trkpt lat="47.2386219" lon="-0.0141962">
	<ele>40.60</ele>
	<time>1970-01-01T00:00:00.000Z</time>
</trkpt>
<trkpt lat="47.2384532" lon="-0.0135726">
	<ele>39.70</ele>
	<time>1970-01-01T00:00:00.000Z</time>
</trkpt>
<trkpt lat="47.2384235" lon="-0.0131549">
	<ele>38.00</ele>
	<time>1970-01-01T00:00:00.000Z</time>
</trkpt>
<trkpt lat="47.2381543" lon="-0.0121999">
	<ele>36.80</ele>
	<time>1970-01-01T00:00:00.000Z</time>
</trkpt>
<trkpt lat="47.2381330" lon="-0.0120293">
	<ele>38.70</ele>
	<time>1970-01-01T00:00:00.000Z</time>
</trkpt>
<trkpt lat="47.2378985" lon="-0.0113535">
	<ele>39.40</ele>
	<time>1970-01-01T00:00:00.000Z</time>
</trkpt>
<trkpt lat="47.2378135" lon="-0.0109884">
	<ele>37.90</ele>
	<time>1970-01-01T00:00:00.000Z</time>
</trkpt>
<trkpt lat="47.2378322" lon="-0.0108540">
	<ele>36.00</ele>
	<time>1970-01-01T00:00:00.000Z</time>
</trkpt>
<trkpt lat="47.2377578" lon="-0.0106697">
	<ele>37.40</ele>
	<time>1970-01-01T00:00:00.000Z</time>
</trkpt>
<trkpt lat="47.2375404" lon="-0.0104677">
	<ele>39.40</ele>
	<time>1970-01-01T00:00:00.000Z</time>
</trkpt>
<trkpt lat="47.2373723" lon="-0.0100422">
	<ele>37.30</ele>
	<time>1970-01-01T00:00:00.000Z</time>
</trkpt>
<trkpt lat="47.2367584" lon="-0.0102247">
	<ele>42.70</ele>
	<time>1970-01-01T00:00:00.000Z</time>
</trkpt>
<trkpt lat="47.2365726" lon="-0.0105634">
	<ele>43.90</ele>
	<time>1970-01-01T00:00:00.000Z</time>
</trkpt>
<trkpt lat="47.2361827" lon="-0.0096902">
	<ele>41.00</ele>
	<time>1970-01-01T00:00:00.000Z</time>
</trkpt>
<trkpt lat="47.2366973" lon="-0.0090121">
	<ele>34.90</ele>
	<time>1970-01-01T00:00:00.000Z</time>
</trkpt>
<trkpt lat="47.2358138" lon="-0.0076264">
	<ele>33.10</ele>
	<time>1970-01-01T00:00:00.000Z</time>
</trkpt>
<trkpt lat="47.2355159" lon="-0.0074195">
	<ele>34.40</ele>
	<time>1970-01-01T00:00:00.000Z</time>
</trkpt>
<trkpt lat="47.2353956" lon="-0.0069995">
	<ele>35.10</ele>
	<time>1970-01-01T00:00:00.000Z</time>
</trkpt>
<trkpt lat="47.2354013" lon="-0.0068665">
	<ele>35.30</ele>
	<time>1970-01-01T00:00:00.000Z</time>
</trkpt>
<trkpt lat="47.2357077" lon="-0.0065044">
	<ele>33.60</ele>
	<time>1970-01-01T00:00:00.000Z</time>
</trkpt>
<trkpt lat="47.2357137" lon="-0.0063594">
	<ele>34.00</ele>
	<time>1970-01-01T00:00:00.000Z</time>
</trkpt>
<trkpt lat="47.2356518" lon="-0.0061629">
	<ele>34.00</ele>
	<time>1970-01-01T00:00:00.000Z</time>
</trkpt>
<trkpt lat="47.2349014" lon="-0.0056425">
	<ele>38.10</ele>
	<time>1970-01-01T00:00:00.000Z</time>
</trkpt>
<trkpt lat="47.2344135" lon="-0.0051943">
	<ele>42.80</ele>
	<time>1970-01-01T00:00:00.000Z</time>
</trkpt>
<trkpt lat="47.2336945" lon="-0.0052596">
	<ele>46.60</ele>
	<time>1970-01-01T00:00:00.000Z</time>
</trkpt>
<trkpt lat="47.2335143" lon="-0.0053441">
	<ele>46.70</ele>
	<time>1970-01-01T00:00:00.000Z</time>
</trkpt>
<trkpt lat="47.2322955" lon="-0.0066654">
	<ele>49.30</ele>
	<time>1970-01-01T00:00:00.000Z</time>
</trkpt>
<trkpt lat="47.2321056" lon="-0.0069265">
	<ele>50.60</ele>
	<time>1970-01-01T00:00:00.000Z</time>
</trkpt>
<trkpt lat="47.2318791" lon="-0.0074176">
	<ele>51.30</ele>
	<time>1970-01-01T00:00:00.000Z</time>
</trkpt>
<trkpt lat="47.2315546" lon="-0.0078621">
	<ele>52.50</ele>
	<time>1970-01-01T00:00:00.000Z</time>
</trkpt>
<trkpt lat="47.2313600" lon="-0.0082487">
	<ele>53.30</ele>
	<time>1970-01-01T00:00:00.000Z</time>
</trkpt>
<trkpt lat="47.2310837" lon="-0.0077931">
	<ele>53.70</ele>
	<time>1970-01-01T00:00:00.000Z</time>
</trkpt>
<trkpt lat="47.2304709" lon="-0.0060283">
	<ele>55.10</ele>
	<time>1970-01-01T00:00:00.000Z</time>
</trkpt>
<trkpt lat="47.2299327" lon="-0.0050617">
	<ele>56.00</ele>
	<time>1970-01-01T00:00:00.000Z</time>
</trkpt>
<trkpt lat="47.2297873" lon="-0.0046572">
	<ele>56.40</ele>
	<time>1970-01-01T00:00:00.000Z</time>
</trkpt>
<trkpt lat="47.2295587" lon="-0.0037753">
	<ele>56.40</ele>
	<time>1970-01-01T00:00:00.000Z</time>
</trkpt>
<trkpt lat="47.2292292" lon="-0.0026846">
	<ele>57.30</ele>
	<time>1970-01-01T00:00:00.000Z</time>
</trkpt>
<trkpt lat="47.2282464" lon="-0.0001016">
	<ele>59.60</ele>
	<time>1970-01-01T00:00:00.000Z</time>
</trkpt>
<trkpt lat="47.2286192" lon="0.0001834">
	<ele>59.10</ele>
	<time>1970-01-01T00:00:00.000Z</time>
</trkpt>
<trkpt lat="47.2300570" lon="0.0009638">
	<ele>56.10</ele>
	<time>1970-01-01T00:00:00.000Z</time>
</trkpt>
<trkpt lat="47.2310554" lon="0.0014364">
	<ele>51.10</ele>
	<time>1970-01-01T00:00:00.000Z</time>
</trkpt>
<trkpt lat="47.2315225" lon="0.0015886">
	<ele>48.20</ele>
	<time>1970-01-01T00:00:00.000Z</time>
</trkpt>
<trkpt lat="47.2319019" lon="0.0020443">
	<ele>47.00</ele>
	<time>1970-01-01T00:00:00.000Z</time>
</trkpt>
<trkpt lat="47.2319550" lon="0.0022192">
	<ele>46.70</ele>
	<time>1970-01-01T00:00:00.000Z</time>
</trkpt>
<trkpt lat="47.2319803" lon="0.0026540">
	<ele>50.00</ele>
	<time>1970-01-01T00:00:00.000Z</time>
</trkpt>
<trkpt lat="47.2319632" lon="0.0042549">
	<ele>53.30</ele>
	<time>1970-01-01T00:00:00.000Z</time>
</trkpt>
<trkpt lat="47.2318529" lon="0.0053285">
	<ele>52.80</ele>
	<time>1970-01-01T00:00:00.000Z</time>
</trkpt>
<trkpt lat="47.2321004" lon="0.0055872">
	<ele>49.30</ele>
	<time>1970-01-01T00:00:00.000Z</time>
</trkpt>
<trkpt lat="47.2321091" lon="0.0057609">
	<ele>47.70</ele>
	<time>1970-01-01T00:00:00.000Z</time>
</trkpt>
<trkpt lat="47.2319685" lon="0.0064044">
	<ele>44.70</ele>
	<time>1970-01-01T00:00:00.000Z</time>
</trkpt>
<trkpt lat="47.2319522" lon="0.0068244">
	<ele>43.50</ele>
	<time>1970-01-01T00:00:00.000Z</time>
</trkpt>
<trkpt lat="47.2318579" lon="0.0070586">
	<ele>46.10</ele>
	<time>1970-01-01T00:00:00.000Z</time>
</trkpt>
<trkpt lat="47.2316261" lon="0.0079392">
	<ele>47.80</ele>
	<time>1970-01-01T00:00:00.000Z</time>
</trkpt>
<trkpt lat="47.2314928" lon="0.0080206">
	<ele>50.70</ele>
	<time>1970-01-01T00:00:00.000Z</time>
</trkpt>
<trkpt lat="47.2313117" lon="0.0078922">
	<ele>53.40</ele>
	<time>1970-01-01T00:00:00.000Z</time>
</trkpt>
<trkpt lat="47.2311969" lon="0.0079245">
	<ele>53.40</ele>
	<time>1970-01-01T00:00:00.000Z</time>
</trkpt>
<trkpt lat="47.2310808" lon="0.0080991">
	<ele>55.80</ele>
	<time>1970-01-01T00:00:00.000Z</time>
</trkpt>
<trkpt lat="47.2311813" lon="0.0083748">
	<ele>55.60</ele>
	<time>1970-01-01T00:00:00.000Z</time>
</trkpt>
<trkpt lat="47.2310775" lon="0.0095722">
	<ele>52.80</ele>
	<time>1970-01-01T00:00:00.000Z</time>
</trkpt>
<trkpt lat="47.2308275" lon="0.0104672">
	<ele>50.00</ele>
	<time>1970-01-01T00:00:00.000Z</time>
</trkpt>
<trkpt lat="47.2305278" lon="0.0111478">
	<ele>49.60</ele>
	<time>1970-01-01T00:00:00.000Z</time>
</trkpt>
<trkpt lat="47.2304213" lon="0.0114914">
	<ele>51.60</ele>
	<time>1970-01-01T00:00:00.000Z</time>
</trkpt>
<trkpt lat="47.2302136" lon="0.0118275">
	<ele>53.20</ele>
	<time>1970-01-01T00:00:00.000Z</time>
</trkpt>
<trkpt lat="47.2300302" lon="0.0123456">
	<ele>52.90</ele>
	<time>1970-01-01T00:00:00.000Z</time>
</trkpt>
<trkpt lat="47.2298131" lon="0.0126760">
	<ele>52.50</ele>
	<time>1970-01-01T00:00:00.000Z</time>
</trkpt>
<trkpt lat="47.2292222" lon="0.0130816">
	<ele>51.20</ele>
	<time>1970-01-01T00:00:00.000Z</time>
</trkpt>
<trkpt lat="47.2286517" lon="0.0140373">
	<ele>50.10</ele>
	<time>1970-01-01T00:00:00.000Z</time>
</trkpt>
<trkpt lat="47.2285604" lon="0.0140639">
	<ele>51.90</ele>
	<time>1970-01-01T00:00:00.000Z</time>
</trkpt>
<trkpt lat="47.2268096" lon="0.0121237">
	<ele>63.20</ele>
	<time>1970-01-01T00:00:00.000Z</time>
</trkpt>
<trkpt lat="47.2258416" lon="0.0112666">
	<ele>66.40</ele>
	<time>1970-01-01T00:00:00.000Z</time>
</trkpt>
<trkpt lat="47.2254572" lon="0.0107173">
	<ele>66.80</ele>
	<time>1970-01-01T00:00:00.000Z</time>
</trkpt>
<trkpt lat="47.2246420" lon="0.0100216">
	<ele>65.70</ele>
	<time>1970-01-01T00:00:00.000Z</time>
</trkpt>
<trkpt lat="47.2239669" lon="0.0086554">
	<ele>64.30</ele>
	<time>1970-01-01T00:00:00.000Z</time>
</trkpt>
<trkpt lat="47.2237233" lon="0.0086932">
	<ele>63.90</ele>
	<time>1970-01-01T00:00:00.000Z</time>
</trkpt>
<trkpt lat="47.2234991" lon="0.0088770">
	<ele>62.00</ele>
	<time>1970-01-01T00:00:00.000Z</time>
</trkpt>
<trkpt lat="47.2227559" lon="0.0098584">
	<ele>53.20</ele>
	<time>1970-01-01T00:00:00.000Z</time>
</trkpt>
<trkpt lat="47.2222087" lon="0.0103847">
	<ele>50.50</ele>
	<time>1970-01-01T00:00:00.000Z</time>
</trkpt>
<trkpt lat="47.2226839" lon="0.0113509">
	<ele>54.70</ele>
	<time>1970-01-01T00:00:00.000Z</time>
</trkpt>
<trkpt lat="47.2231028" lon="0.0123846">
	<ele>58.80</ele>
	<time>1970-01-01T00:00:00.000Z</time>
</trkpt>
<trkpt lat="47.2232787" lon="0.0126721">
	<ele>58.90</ele>
	<time>1970-01-01T00:00:00.000Z</time>
</trkpt>
<trkpt lat="47.2246632" lon="0.0140394">
	<ele>56.00</ele>
	<time>1970-01-01T00:00:00.000Z</time>
</trkpt>
<trkpt lat="47.2257405" lon="0.0153064">
	<ele>53.10</ele>
	<time>1970-01-01T00:00:00.000Z</time>
</trkpt>
<trkpt lat="47.2263878" lon="0.0157006">
	<ele>55.40</ele>
	<time>1970-01-01T00:00:00.000Z</time>
</trkpt>
<trkpt lat="47.2271703" lon="0.0160784">
	<ele>50.70</ele>
	<time>1970-01-01T00:00:00.000Z</time>
</trkpt>
<trkpt lat="47.2275380" lon="0.0164438">
	<ele>43.60</ele>
	<time>1970-01-01T00:00:00.000Z</time>
</trkpt>
<trkpt lat="47.2278481" lon="0.0170164">
	<ele>36.70</ele>
	<time>1970-01-01T00:00:00.000Z</time>
</trkpt>
<trkpt lat="47.2275032" lon="0.0177412">
	<ele>36.40</ele>
	<time>1970-01-01T00:00:00.000Z</time>
</trkpt>
<trkpt lat="47.2273110" lon="0.0186895">
	<ele>33.70</ele>
	<time>1970-01-01T00:00:00.000Z</time>
</trkpt>
<trkpt lat="47.2271886" lon="0.0190687">
	<ele>32.80</ele>
	<time>1970-01-01T00:00:00.000Z</time>
</trkpt>
<trkpt lat="47.2262354" lon="0.0213563">
	<ele>40.30</ele>
	<time>1970-01-01T00:00:00.000Z</time>
</trkpt>
<trkpt lat="47.2259214" lon="0.0218452">
	<ele>38.90</ele>
	<time>1970-01-01T00:00:00.000Z</time>
</trkpt>
<trkpt lat="47.2257040" lon="0.0224661">
	<ele>39.00</ele>
	<time>1970-01-01T00:00:00.000Z</time>
</trkpt>
<trkpt lat="47.2253394" lon="0.0232568">
	<ele>40.00</ele>
	<time>1970-01-01T00:00:00.000Z</time>
</trkpt>
<trkpt lat="47.2248655" lon="0.0246714">
	<ele>39.50</ele>
	<time>1970-01-01T00:00:00.000Z</time>
</trkpt>
<trkpt lat="47.2243666" lon="0.0259629">
	<ele>43.30</ele>
	<time>1970-01-01T00:00:00.000Z</time>
</trkpt>
<trkpt lat="47.2242680" lon="0.0267027">
	<ele>40.30</ele>
	<time>1970-01-01T00:00:00.000Z</time>
</trkpt>
<trkpt lat="47.2240204" lon="0.0274687">
	<ele>43.40</ele>
	<time>1970-01-01T00:00:00.000Z</time>
</trkpt>
<trkpt lat="47.2238352" lon="0.0276931">
	<ele>44.50</ele>
	<time>1970-01-01T00:00:00.000Z</time>
</trkpt>
<trkpt lat="47.2235217" lon="0.0278459">
	<ele>44.60</ele>
	<time>1970-01-01T00:00:00.000Z</time>
</trkpt>
<trkpt lat="47.2234334" lon="0.0280723">
	<ele>45.80</ele>
	<time>1970-01-01T00:00:00.000Z</time>
</trkpt>
<trkpt lat="47.2231940" lon="0.0280644">
	<ele>46.20</ele>
	<time>1970-01-01T00:00:00.000Z</time>
</trkpt>
<trkpt lat="47.2230826" lon="0.0285263">
	<ele>39.70</ele>
	<time>1970-01-01T00:00:00.000Z</time>
</trkpt>
<trkpt lat="47.2230431" lon="0.0288763">
	<ele>37.80</ele>
	<time>1970-01-01T00:00:00.000Z</time>
</trkpt>
<trkpt lat="47.2257475" lon="0.0299900">
	<ele>30.00</ele>
	<time>1970-01-01T00:00:00.000Z</time>
</trkpt>
<trkpt lat="47.2288621" lon="0.0307928">
	<ele>32.00</ele>
	<time>1970-01-01T00:00:00.000Z</time>
</trkpt>
<trkpt lat="47.2290453" lon="0.0311860">
	<ele>29.40</ele>
	<time>1970-01-01T00:00:00.000Z</time>
</trkpt>
<trkpt lat="47.2293260" lon="0.0313011">
	<ele>26.30</ele>
	<time>1970-01-01T00:00:00.000Z</time>
</trkpt>
<trkpt lat="47.2291987" lon="0.0317941">
	<ele>25.00</ele>
	<time>1970-01-01T00:00:00.000Z</time>
</trkpt>
<trkpt lat="47.2288566" lon="0.0321691">
	<ele>25.00</ele>
	<time>1970-01-01T00:00:00.000Z</time>
</trkpt>
<trkpt lat="47.2282361" lon="0.0325424">
	<ele>30.80</ele>
	<time>1970-01-01T00:00:00.000Z</time>
</trkpt>
<trkpt lat="47.2278950" lon="0.0332261">
	<ele>29.40</ele>
	<time>1970-01-01T00:00:00.000Z</time>
</trkpt>
<trkpt lat="47.2275970" lon="0.0337415">
	<ele>29.10</ele>
	<time>1970-01-01T00:00:00.000Z</time>
</trkpt>
<trkpt lat="47.2267812" lon="0.0360577">
	<ele>30.20</ele>
	<time>1970-01-01T00:00:00.000Z</time>
</trkpt>
<trkpt lat="47.2263986" lon="0.0379148">
	<ele>25.80</ele>
	<time>1970-01-01T00:00:00.000Z</time>
</trkpt>
<trkpt lat="47.2261928" lon="0.0385578">
	<ele>26.60</ele>
	<time>1970-01-01T00:00:00.000Z</time>
</trkpt>
<trkpt lat="47.2260075" lon="0.0392954">
	<ele>25.50</ele>
	<time>1970-01-01T00:00:00.000Z</time>
</trkpt>
<trkpt lat="47.2256179" lon="0.0401840">
	<ele>25.40</ele>
	<time>1970-01-01T00:00:00.000Z</time>
</trkpt>
<trkpt lat="47.2256322" lon="0.0403847">
	<ele>25.00</ele>
	<time>1970-01-01T00:00:00.000Z</time>
</trkpt>
<trkpt lat="47.2245727" lon="0.0422238">
	<ele>25.80</ele>
	<time>1970-01-01T00:00:00.000Z</time>
</trkpt>
<trkpt lat="47.2242113" lon="0.0427160">
	<ele>26.70</ele>
	<time>1970-01-01T00:00:00.000Z</time>
</trkpt>
<trkpt lat="47.2239927" lon="0.0434958">
	<ele>25.10</ele>
	<time>1970-01-01T00:00:00.000Z</time>
</trkpt>
<trkpt lat="47.2238699" lon="0.0444259">
	<ele>25.90</ele>
	<time>1970-01-01T00:00:00.000Z</time>
</trkpt>
<trkpt lat="47.2234417" lon="0.0456535">
	<ele>25.60</ele>
	<time>1970-01-01T00:00:00.000Z</time>
</trkpt>
<trkpt lat="47.2229961" lon="0.0461676">
	<ele>25.60</ele>
	<time>1970-01-01T00:00:00.000Z</time>
</trkpt>
<trkpt lat="47.2227785" lon="0.0464720">
	<ele>25.70</ele>
	<time>1970-01-01T00:00:00.000Z</time>
</trkpt>
<trkpt lat="47.2225511" lon="0.0469692">
	<ele>25.60</ele>
	<time>1970-01-01T00:00:00.000Z</time>
</trkpt>
<trkpt lat="47.2217480" lon="0.0481129">
	<ele>25.70</ele>
	<time>1970-01-01T00:00:00.000Z</time>
</trkpt>
<trkpt lat="47.2215654" lon="0.0482690">
	<ele>26.50</ele>
	<time>1970-01-01T00:00:00.000Z</time>
</trkpt>
<trkpt lat="47.2208171" lon="0.0491652">
	<ele>25.50</ele>
	<time>1970-01-01T00:00:00.000Z</time>
</trkpt>
<trkpt lat="47.2205947" lon="0.0493912">
	<ele>25.50</ele>
	<time>1970-01-01T00:00:00.000Z</time>
</trkpt>
<trkpt lat="47.2204189" lon="0.0494668">
	<ele>25.60</ele>
	<time>1970-01-01T00:00:00.000Z</time>
</trkpt>
<trkpt lat="47.2200605" lon="0.0499544">
	<ele>25.90</ele>
	<time>1970-01-01T00:00:00.000Z</time>
</trkpt>
<trkpt lat="47.2197612" lon="0.0507223">
	<ele>27.50</ele>
	<time>1970-01-01T00:00:00.000Z</time>
</trkpt>
<trkpt lat="47.2194016" lon="0.0514127">
	<ele>27.20</ele>
	<time>1970-01-01T00:00:00.000Z</time>
</trkpt>
<trkpt lat="47.2191373" lon="0.0511879">
	<ele>31.40</ele>
	<time>1970-01-01T00:00:00.000Z</time>
</trkpt>
<trkpt lat="47.2187632" lon="0.0504298">
	<ele>39.70</ele>
	<time>1970-01-01T00:00:00.000Z</time>
</trkpt>
<trkpt lat="47.2173762" lon="0.0547946">
	<ele>31.80</ele>
	<time>1970-01-01T00:00:00.000Z</time>
</trkpt>
<trkpt lat="47.2174439" lon="0.0548603">
	<ele>31.80</ele>
	<time>1970-01-01T00:00:00.000Z</time>
</trkpt>
<trkpt lat="47.2174188" lon="0.0549979">
	<ele>31.80</ele>
	<time>1970-01-01T00:00:00.000Z</time>
</trkpt>
<trkpt lat="47.2174554" lon="0.0551032">
	<ele>31.30</ele>
	<time>1970-01-01T00:00:00.000Z</time>
</trkpt>
<trkpt lat="47.2173380" lon="0.0554682">
	<ele>30.70</ele>
	<time>1970-01-01T00:00:00.000Z</time>
</trkpt>
<trkpt lat="47.2175124" lon="0.0555949">
	<ele>27.10</ele>
	<time>1970-01-01T00:00:00.000Z</time>
</trkpt>
<trkpt lat="47.2174444" lon="0.0559337">
	<ele>26.90</ele>
	<time>1970-01-01T00:00:00.000Z</time>
</trkpt>
<trkpt lat="47.2174590" lon="0.0560193">
	<ele>26.90</ele>
	<time>1970-01-01T00:00:00.000Z</time>
</trkpt>
<trkpt lat="47.2173536" lon="0.0563628">
	<ele>26.00</ele>
	<time>1970-01-01T00:00:00.000Z</time>
</trkpt>
<trkpt lat="47.2168648" lon="0.0572011">
	<ele>26.30</ele>
	<time>1970-01-01T00:00:00.000Z</time>
</trkpt>
<trkpt lat="47.2167623" lon="0.0575916">
	<ele>25.60</ele>
	<time>1970-01-01T00:00:00.000Z</time>
</trkpt>
<trkpt lat="47.2166958" lon="0.0577130">
	<ele>26.00</ele>
	<time>1970-01-01T00:00:00.000Z</time>
</trkpt>
<trkpt lat="47.2165644" lon="0.0585789">
	<ele>25.70</ele>
	<time>1970-01-01T00:00:00.000Z</time>
</trkpt>
<trkpt lat="47.2164877" lon="0.0587193">
	<ele>27.50</ele>
	<time>1970-01-01T00:00:00.000Z</time>
</trkpt>
<trkpt lat="47.2163738" lon="0.0594176">
	<ele>27.40</ele>
	<time>1970-01-01T00:00:00.000Z</time>
</trkpt>
<trkpt lat="47.2161816" lon="0.0596073">
	<ele>34.20</ele>
	<time>1970-01-01T00:00:00.000Z</time>
</trkpt>
<trkpt lat="47.2159431" lon="0.0603197">
	<ele>36.90</ele>
	<time>1970-01-01T00:00:00.000Z</time>
</trkpt>
<trkpt lat="47.2148524" lon="0.0621639">
	<ele>53.60</ele>
	<time>1970-01-01T00:00:00.000Z</time>
</trkpt>
<trkpt lat="47.2148410" lon="0.0633099">
	<ele>44.60</ele>
	<time>1970-01-01T00:00:00.000Z</time>
</trkpt>
<trkpt lat="47.2149431" lon="0.0637778">
	<ele>32.40</ele>
	<time>1970-01-01T00:00:00.000Z</time>
</trkpt>
<trkpt lat="47.2148100" lon="0.0646142">
	<ele>30.60</ele>
	<time>1970-01-01T00:00:00.000Z</time>
</trkpt>
<trkpt lat="47.2145702" lon="0.0652100">
	<ele>34.40</ele>
	<time>1970-01-01T00:00:00.000Z</time>
</trkpt>
<trkpt lat="47.2141971" lon="0.0665243">
	<ele>28.20</ele>
	<time>1970-01-01T00:00:00.000Z</time>
</trkpt>
<trkpt lat="47.2142460" lon="0.0668098">
	<ele>26.60</ele>
	<time>1970-01-01T00:00:00.000Z</time>
</trkpt>
<trkpt lat="47.2141799" lon="0.0678507">
	<ele>25.70</ele>
	<time>1970-01-01T00:00:00.000Z</time>
</trkpt>
<trkpt lat="47.2139590" lon="0.0686279">
	<ele>27.90</ele>
	<time>1970-01-01T00:00:00.000Z</time>
</trkpt>
<trkpt lat="47.2124147" lon="0.0718613">
	<ele>39.60</ele>
	<time>1970-01-01T00:00:00.000Z</time>
</trkpt>
<trkpt lat="47.2116730" lon="0.0737790">
	<ele>37.80</ele>
	<time>1970-01-01T00:00:00.000Z</time>
</trkpt>
<trkpt lat="47.2113890" lon="0.0745151">
	<ele>36.40</ele>
	<time>1970-01-01T00:00:00.000Z</time>
</trkpt>
<trkpt lat="47.2107641" lon="0.0755946">
	<ele>33.50</ele>
	<time>1970-01-01T00:00:00.000Z</time>
</trkpt>
<trkpt lat="47.2107797" lon="0.0756787">
	<ele>33.50</ele>
	<time>1970-01-01T00:00:00.000Z</time>
</trkpt>
<trkpt lat="47.2107545" lon="0.0757911">
	<ele>33.50</ele>
	<time>1970-01-01T00:00:00.000Z</time>
</trkpt>
<trkpt lat="47.2105667" lon="0.0764010">
	<ele>29.60</ele>
	<time>1970-01-01T00:00:00.000Z</time>
</trkpt>
<trkpt lat="47.2101127" lon="0.0769881">
	<ele>31.10</ele>
	<time>1970-01-01T00:00:00.000Z</time>
</trkpt>
<trkpt lat="47.2100508" lon="0.0771394">
	<ele>31.10</ele>
	<time>1970-01-01T00:00:00.000Z</time>
</trkpt>
<trkpt lat="47.2096715" lon="0.0777256">
	<ele>27.90</ele>
	<time>1970-01-01T00:00:00.000Z</time>
</trkpt>
<trkpt lat="47.2095866" lon="0.0777589">
	<ele>30.90</ele>
	<time>1970-01-01T00:00:00.000Z</time>
</trkpt>
<trkpt lat="47.2093563" lon="0.0780009">
	<ele>33.40</ele>
	<time>1970-01-01T00:00:00.000Z</time>
</trkpt>
<trkpt lat="47.2092202" lon="0.0782487">
	<ele>35.10</ele>
	<time>1970-01-01T00:00:00.000Z</time>
</trkpt>
<trkpt lat="47.2127700" lon="0.0838388">
	<ele>37.70</ele>
	<time>1970-01-01T00:00:00.000Z</time>
</trkpt>
<trkpt lat="47.2130550" lon="0.0825251">
	<ele>38.70</ele>
	<time>1970-01-01T00:00:00.000Z</time>
</trkpt>
<trkpt lat="47.2131027" lon="0.0824551">
	<ele>38.90</ele>
	<time>1970-01-01T00:00:00.000Z</time>
</trkpt>
<trkpt lat="47.2124633" lon="0.0806223">
	<ele>32.70</ele>
	<time>1970-01-01T00:00:00.000Z</time>
</trkpt>
<trkpt lat="47.2121956" lon="0.0799908">
	<ele>30.40</ele>
	<time>1970-01-01T00:00:00.000Z</time>
</trkpt>
<trkpt lat="47.2120224" lon="0.0800863">
	<ele>30.10</ele>
	<time>1970-01-01T00:00:00.000Z</time>
</trkpt>
<trkpt lat="47.2116496" lon="0.0804845">
	<ele>29.80</ele>
	<time>1970-01-01T00:00:00.000Z</time>
</trkpt>
<trkpt lat="47.2114618" lon="0.0808612">
	<ele>29.50</ele>
	<time>1970-01-01T00:00:00.000Z</time>
</trkpt>
<trkpt lat="47.2111281" lon="0.0813854">
	<ele>29.00</ele>
	<time>1970-01-01T00:00:00.000Z</time>
</trkpt>
<trkpt lat="47.2105291" lon="0.0825340">
	<ele>28.90</ele>
	<time>1970-01-01T00:00:00.000Z</time>
</trkpt>
<trkpt lat="47.2103711" lon="0.0829868">
	<ele>29.50</ele>
	<time>1970-01-01T00:00:00.000Z</time>
</trkpt>
<trkpt lat="47.2102242" lon="0.0832900">
	<ele>29.40</ele>
	<time>1970-01-01T00:00:00.000Z</time>
</trkpt>
<trkpt lat="47.2098546" lon="0.0837604">
	<ele>28.70</ele>
	<time>1970-01-01T00:00:00.000Z</time>
</trkpt>
<trkpt lat="47.2096818" lon="0.0841625">
	<ele>29.10</ele>
	<time>1970-01-01T00:00:00.000Z</time>
</trkpt>
<trkpt lat="47.2092232" lon="0.0854113">
	<ele>29.80</ele>
	<time>1970-01-01T00:00:00.000Z</time>
</trkpt>
<trkpt lat="47.2088459" lon="0.0866707">
	<ele>31.30</ele>
	<time>1970-01-01T00:00:00.000Z</time>
</trkpt>
<trkpt lat="47.2081674" lon="0.0893501">
	<ele>31.20</ele>
	<time>1970-01-01T00:00:00.000Z</time>
</trkpt>
<trkpt lat="47.2080404" lon="0.0897508">
	<ele>30.80</ele>
	<time>1970-01-01T00:00:00.000Z</time>
</trkpt>
<trkpt lat="47.2073113" lon="0.0915698">
	<ele>30.70</ele>
	<time>1970-01-01T00:00:00.000Z</time>
</trkpt>
<trkpt lat="47.2059703" lon="0.0947450">
	<ele>30.60</ele>
	<time>1970-01-01T00:00:00.000Z</time>
</trkpt>
<trkpt lat="47.2059200" lon="0.0949823">
	<ele>31.50</ele>
	<time>1970-01-01T00:00:00.000Z</time>
</trkpt>
<trkpt lat="47.2059286" lon="0.0951623">
	<ele>31.50</ele>
	<time>1970-01-01T00:00:00.000Z</time>
</trkpt>
<trkpt lat="47.2058212" lon="0.0955143">
	<ele>32.10</ele>
	<time>1970-01-01T00:00:00.000Z</time>
</trkpt>
<trkpt lat="47.2058200" lon="0.0959364">
	<ele>32.50</ele>
	<time>1970-01-01T00:00:00.000Z</time>
</trkpt>
<trkpt lat="47.2052857" lon="0.0977617">
	<ele>31.10</ele>
	<time>1970-01-01T00:00:00.000Z</time>
</trkpt>
<trkpt lat="47.2043221" lon="0.1004402">
	<ele>30.30</ele>
	<time>1970-01-01T00:00:00.000Z</time>
</trkpt>
<trkpt lat="47.2027721" lon="0.1042355">
	<ele>34.40</ele>
	<time>1970-01-01T00:00:00.000Z</time>
</trkpt>
<trkpt lat="47.2026910" lon="0.1043787">
	<ele>35.40</ele>
	<time>1970-01-01T00:00:00.000Z</time>
</trkpt>
<trkpt lat="47.2025747" lon="0.1040558">
	<ele>35.30</ele>
	<time>1970-01-01T00:00:00.000Z</time>
</trkpt>
<trkpt lat="47.2020609" lon="0.1031012">
	<ele>36.30</ele>
	<time>1970-01-01T00:00:00.000Z</time>
</trkpt>
<trkpt lat="47.2014216" lon="0.1021471">
	<ele>34.10</ele>
	<time>1970-01-01T00:00:00.000Z</time>
</trkpt>
<trkpt lat="47.2005530" lon="0.1013464">
	<ele>34.40</ele>
	<time>1970-01-01T00:00:00.000Z</time>
</trkpt>
<trkpt lat="47.2003616" lon="0.1012235">
	<ele>34.70</ele>
	<time>1970-01-01T00:00:00.000Z</time>
</trkpt>
<trkpt lat="47.2000361" lon="0.1011046">
	<ele>34.70</ele>
	<time>1970-01-01T00:00:00.000Z</time>
</trkpt>
<trkpt lat="47.1997800" lon="0.1010946">
	<ele>34.70</ele>
	<time>1970-01-01T00:00:00.000Z</time>
</trkpt>
<trkpt lat="47.1993933" lon="0.1012610">
	<ele>34.30</ele>
	<time>1970-01-01T00:00:00.000Z</time>
</trkpt>
<trkpt lat="47.1987616" lon="0.1017245">
	<ele>33.30</ele>
	<time>1970-01-01T00:00:00.000Z</time>
</trkpt>
<trkpt lat="47.1981656" lon="0.1024600">
	<ele>31.80</ele>
	<time>1970-01-01T00:00:00.000Z</time>
</trkpt>
<trkpt lat="47.1978405" lon="0.1027523">
	<ele>30.80</ele>
	<time>1970-01-01T00:00:00.000Z</time>
</trkpt>
<trkpt lat="47.1973746" lon="0.1030340">
	<ele>31.30</ele>
	<time>1970-01-01T00:00:00.000Z</time>
</trkpt>
<trkpt lat="47.1960035" lon="0.1036840">
	<ele>32.40</ele>
	<time>1970-01-01T00:00:00.000Z</time>
</trkpt>
<trkpt lat="47.1952172" lon="0.1041929">
	<ele>32.00</ele>
	<time>1970-01-01T00:00:00.000Z</time>
</trkpt>
<trkpt lat="47.1947044" lon="0.1046024">
	<ele>32.80</ele>
	<time>1970-01-01T00:00:00.000Z</time>
</trkpt>
<trkpt lat="47.1943684" lon="0.1049622">
	<ele>35.00</ele>
	<time>1970-01-01T00:00:00.000Z</time>
</trkpt>
<trkpt lat="47.1938968" lon="0.1055788">
	<ele>34.70</ele>
	<time>1970-01-01T00:00:00.000Z</time>
</trkpt>
<trkpt lat="47.1928740" lon="0.1063213">
	<ele>31.50</ele>
	<time>1970-01-01T00:00:00.000Z</time>
</trkpt>
<trkpt lat="47.1924993" lon="0.1066837">
	<ele>31.40</ele>
	<time>1970-01-01T00:00:00.000Z</time>
</trkpt>
<trkpt lat="47.1919119" lon="0.1073707">
	<ele>32.60</ele>
	<time>1970-01-01T00:00:00.000Z</time>
</trkpt>
<trkpt lat="47.1911907" lon="0.1080359">
	<ele>33.20</ele>
	<time>1970-01-01T00:00:00.000Z</time>
</trkpt>
<trkpt lat="47.1909002" lon="0.1084892">
	<ele>33.30</ele>
	<time>1970-01-01T00:00:00.000Z</time>
</trkpt>
<trkpt lat="47.1905539" lon="0.1089423">
	<ele>32.70</ele>
	<time>1970-01-01T00:00:00.000Z</time>
</trkpt>
<trkpt lat="47.1900312" lon="0.1098732">
	<ele>32.80</ele>
	<time>1970-01-01T00:00:00.000Z</time>
</trkpt>
<trkpt lat="47.1895663" lon="0.1105931">
	<ele>31.10</ele>
	<time>1970-01-01T00:00:00.000Z</time>
</trkpt>
<trkpt lat="47.1888243" lon="0.1120856">
	<ele>28.70</ele>
	<time>1970-01-01T00:00:00.000Z</time>
</trkpt>
<trkpt lat="47.1874351" lon="0.1157333">
	<ele>27.70</ele>
	<time>1970-01-01T00:00:00.000Z</time>
</trkpt>
<trkpt lat="47.1873460" lon="0.1162785">
	<ele>29.80</ele>
	<time>1970-01-01T00:00:00.000Z</time>
</trkpt>
<trkpt lat="47.1871202" lon="0.1173070">
	<ele>32.40</ele>
	<time>1970-01-01T00:00:00.000Z</time>
</trkpt>
<trkpt lat="47.1871030" lon="0.1175538">
	<ele>32.40</ele>
	<time>1970-01-01T00:00:00.000Z</time>
</trkpt>
<trkpt lat="47.1874736" lon="0.1177519">
	<ele>33.30</ele>
	<time>1970-01-01T00:00:00.000Z</time>
</trkpt>
<trkpt lat="47.1882122" lon="0.1179661">
	<ele>34.30</ele>
	<time>1970-01-01T00:00:00.000Z</time>
</trkpt>
<trkpt lat="47.1886142" lon="0.1181353">
	<ele>33.90</ele>
	<time>1970-01-01T00:00:00.000Z</time>
</trkpt>
<trkpt lat="47.1912149" lon="0.1197016">
	<ele>32.00</ele>
	<time>1970-01-01T00:00:00.000Z</time>
</trkpt>
<trkpt lat="47.1938368" lon="0.1214961">
	<ele>33.50</ele>
	<time>1970-01-01T00:00:00.000Z</time>
</trkpt>
<trkpt lat="47.1953550" lon="0.1224446">
	<ele>32.90</ele>
	<time>1970-01-01T00:00:00.000Z</time>
</trkpt>
<trkpt lat="47.1967408" lon="0.1232151">
	<ele>32.70</ele>
	<time>1970-01-01T00:00:00.000Z</time>
</trkpt>
<trkpt lat="47.1995667" lon="0.1248780">
	<ele>30.60</ele>
	<time>1970-01-01T00:00:00.000Z</time>
</trkpt>
<trkpt lat="47.2006937" lon="0.1256049">
	<ele>31.50</ele>
	<time>1970-01-01T00:00:00.000Z</time>
</trkpt>
<trkpt lat="47.2012733" lon="0.1260538">
	<ele>30.70</ele>
	<time>1970-01-01T00:00:00.000Z</time>
</trkpt>
<trkpt lat="47.2031609" lon="0.1280843">
	<ele>32.10</ele>
	<time>1970-01-01T00:00:00.000Z</time>
</trkpt>
<trkpt lat="47.2043138" lon="0.1295421">
	<ele>32.40</ele>
	<time>1970-01-01T00:00:00.000Z</time>
</trkpt>
<trkpt lat="47.2045276" lon="0.1299182">
	<ele>33.20</ele>
	<time>1970-01-01T00:00:00.000Z</time>
</trkpt>
<trkpt lat="47.2046738" lon="0.1302938">
	<ele>33.80</ele>
	<time>1970-01-01T00:00:00.000Z</time>
</trkpt>
<trkpt lat="47.2044404" lon="0.1305466">
	<ele>33.00</ele>
	<time>1970-01-01T00:00:00.000Z</time>
</trkpt>
<trkpt lat="47.2042097" lon="0.1308682">
	<ele>32.70</ele>
	<time>1970-01-01T00:00:00.000Z</time>
</trkpt>
<trkpt lat="47.2035577" lon="0.1320023">
	<ele>32.80</ele>
	<time>1970-01-01T00:00:00.000Z</time>
</trkpt>
<trkpt lat="47.2023206" lon="0.1339591">
	<ele>34.50</ele>
	<time>1970-01-01T00:00:00.000Z</time>
</trkpt>
<trkpt lat="47.2019225" lon="0.1347654">
	<ele>34.00</ele>
	<time>1970-01-01T00:00:00.000Z</time>
</trkpt>
<trkpt lat="47.2018533" lon="0.1349515">
	<ele>33.30</ele>
	<time>1970-01-01T00:00:00.000Z</time>
</trkpt>
<trkpt lat="47.2014655" lon="0.1365782">
	<ele>33.80</ele>
	<time>1970-01-01T00:00:00.000Z</time>
</trkpt>
<trkpt lat="47.2010871" lon="0.1378871">
	<ele>33.50</ele>
	<time>1970-01-01T00:00:00.000Z</time>
</trkpt>
<trkpt lat="47.2004963" lon="0.1396066">
	<ele>32.10</ele>
	<time>1970-01-01T00:00:00.000Z</time>
</trkpt>
<trkpt lat="47.2001726" lon="0.1404016">
	<ele>33.00</ele>
	<time>1970-01-01T00:00:00.000Z</time>
</trkpt>
<trkpt lat="47.2000141" lon="0.1408785">
	<ele>32.50</ele>
	<time>1970-01-01T00:00:00.000Z</time>
</trkpt>
<trkpt lat="47.1998993" lon="0.1414227">
	<ele>32.10</ele>
	<time>1970-01-01T00:00:00.000Z</time>
</trkpt>
<trkpt lat="47.1998687" lon="0.1419189">
	<ele>31.90</ele>
	<time>1970-01-01T00:00:00.000Z</time>
</trkpt>
<trkpt lat="47.1999063" lon="0.1425644">
	<ele>32.40</ele>
	<time>1970-01-01T00:00:00.000Z</time>
</trkpt>
<trkpt lat="47.2000050" lon="0.1431156">
	<ele>33.00</ele>
	<time>1970-01-01T00:00:00.000Z</time>
</trkpt>
<trkpt lat="47.2000984" lon="0.1433064">
	<ele>33.20</ele>
	<time>1970-01-01T00:00:00.000Z</time>
</trkpt>
<trkpt lat="47.2007238" lon="0.1441202">
	<ele>33.90</ele>
	<time>1970-01-01T00:00:00.000Z</time>
</trkpt>
<trkpt lat="47.2010811" lon="0.1444344">
	<ele>34.30</ele>
	<time>1970-01-01T00:00:00.000Z</time>
</trkpt>
<trkpt lat="47.2019367" lon="0.1448055">
	<ele>33.30</ele>
	<time>1970-01-01T00:00:00.000Z</time>
</trkpt>
<trkpt lat="47.2021806" lon="0.1449628">
	<ele>33.20</ele>
	<time>1970-01-01T00:00:00.000Z</time>
</trkpt>
<trkpt lat="47.2028797" lon="0.1459845">
	<ele>33.90</ele>
	<time>1970-01-01T00:00:00.000Z</time>
</trkpt>
<trkpt lat="47.2031314" lon="0.1462158">
	<ele>34.20</ele>
	<time>1970-01-01T00:00:00.000Z</time>
</trkpt>
<trkpt lat="47.2034236" lon="0.1463788">
	<ele>34.70</ele>
	<time>1970-01-01T00:00:00.000Z</time>
</trkpt>
<trkpt lat="47.2039772" lon="0.1463619">
	<ele>35.40</ele>
	<time>1970-01-01T00:00:00.000Z</time>
</trkpt>
<trkpt lat="47.2041751" lon="0.1464250">
	<ele>35.40</ele>
	<time>1970-01-01T00:00:00.000Z</time>
</trkpt>
<trkpt lat="47.2047788" lon="0.1468292">
	<ele>35.30</ele>
	<time>1970-01-01T00:00:00.000Z</time>
</trkpt>
<trkpt lat="47.2049921" lon="0.1470796">
	<ele>35.00</ele>
	<time>1970-01-01T00:00:00.000Z</time>
</trkpt>
<trkpt lat="47.2051858" lon="0.1471510">
	<ele>35.00</ele>
	<time>1970-01-01T00:00:00.000Z</time>
</trkpt>
<trkpt lat="47.2049907" lon="0.1477364">
	<ele>34.70</ele>
	<time>1970-01-01T00:00:00.000Z</time>
</trkpt>
<trkpt lat="47.2050220" lon="0.1478698">
	<ele>35.10</ele>
	<time>1970-01-01T00:00:00.000Z</time>
</trkpt>
<trkpt lat="47.2052931" lon="0.1482573">
	<ele>35.90</ele>
	<time>1970-01-01T00:00:00.000Z</time>
</trkpt>
<trkpt lat="47.2058260" lon="0.1485634">
	<ele>36.80</ele>
	<time>1970-01-01T00:00:00.000Z</time>
</trkpt>
<trkpt lat="47.2056064" lon="0.1508077">
	<ele>38.20</ele>
	<time>1970-01-01T00:00:00.000Z</time>
</trkpt>
<trkpt lat="47.2059072" lon="0.1526347">
	<ele>38.70</ele>
	<time>1970-01-01T00:00:00.000Z</time>
</trkpt>
<trkpt lat="47.2059804" lon="0.1532360">
	<ele>39.00</ele>
	<time>1970-01-01T00:00:00.000Z</time>
</trkpt>
<trkpt lat="47.2060529" lon="0.1545662">
	<ele>37.80</ele>
	<time>1970-01-01T00:00:00.000Z</time>
</trkpt>
<trkpt lat="47.2060313" lon="0.1555969">
	<ele>37.00</ele>
	<time>1970-01-01T00:00:00.000Z</time>
</trkpt>
<trkpt lat="47.2057726" lon="0.1583072">
	<ele>38.00</ele>
	<time>1970-01-01T00:00:00.000Z</time>
</trkpt>
<trkpt lat="47.2057225" lon="0.1585019">
	<ele>37.00</ele>
	<time>1970-01-01T00:00:00.000Z</time>
</trkpt>
<trkpt lat="47.2053877" lon="0.1592120">
	<ele>37.90</ele>
	<time>1970-01-01T00:00:00.000Z</time>
</trkpt>
<trkpt lat="47.2053236" lon="0.1595175">
	<ele>37.50</ele>
	<time>1970-01-01T00:00:00.000Z</time>
</trkpt>
<trkpt lat="47.2053540" lon="0.1599343">
	<ele>37.60</ele>
	<time>1970-01-01T00:00:00.000Z</time>
</trkpt>
<trkpt lat="47.2056408" lon="0.1608301">
	<ele>37.60</ele>
	<time>1970-01-01T00:00:00.000Z</time>
</trkpt>
<trkpt lat="47.2056976" lon="0.1612300">
	<ele>37.50</ele>
	<time>1970-01-01T00:00:00.000Z</time>
</trkpt>
<trkpt lat="47.2054602" lon="0.1635335">
	<ele>33.60</ele>
	<time>1970-01-01T00:00:00.000Z</time>
</trkpt>
<trkpt lat="47.2054782" lon="0.1648202">
	<ele>33.00</ele>
	<time>1970-01-01T00:00:00.000Z</time>
</trkpt>
<trkpt lat="47.2054432" lon="0.1654884">
	<ele>32.60</ele>
	<time>1970-01-01T00:00:00.000Z</time>
</trkpt>
<trkpt lat="47.2053485" lon="0.1659256">
	<ele>32.60</ele>
	<time>1970-01-01T00:00:00.000Z</time>
</trkpt>
<trkpt lat="47.2050685" lon="0.1664848">
	<ele>33.10</ele>
	<time>1970-01-01T00:00:00.000Z</time>
</trkpt>
<trkpt lat="47.2049627" lon="0.1667612">
	<ele>33.30</ele>
	<time>1970-01-01T00:00:00.000Z</time>
</trkpt>
<trkpt lat="47.2059432" lon="0.1670364">
	<ele>34.10</ele>
	<time>1970-01-01T00:00:00.000Z</time>
</trkpt>
<trkpt lat="47.2065132" lon="0.1675418">
	<ele>33.90</ele>
	<time>1970-01-01T00:00:00.000Z</time>
</trkpt>
<trkpt lat="47.2070039" lon="0.1681556">
	<ele>36.40</ele>
	<time>1970-01-01T00:00:00.000Z</time>
</trkpt>
<trkpt lat="47.2072433" lon="0.1686982">
	<ele>37.70</ele>
	<time>1970-01-01T00:00:00.000Z</time>
</trkpt>
<trkpt lat="47.2075566" lon="0.1692793">
	<ele>37.40</ele>
	<time>1970-01-01T00:00:00.000Z</time>
</trkpt>
<trkpt lat="47.2079875" lon="0.1698080">
	<ele>36.40</ele>
	<time>1970-01-01T00:00:00.000Z</time>
</trkpt>
<trkpt lat="47.2078992" lon="0.1703293">
	<ele>35.70</ele>
	<time>1970-01-01T00:00:00.000Z</time>
</trkpt>
<trkpt lat="47.2079138" lon="0.1709976">
	<ele>34.90</ele>
	<time>1970-01-01T00:00:00.000Z</time>
</trkpt>
<trkpt lat="47.2078364" lon="0.1717695">
	<ele>35.50</ele>
	<time>1970-01-01T00:00:00.000Z</time>
</trkpt>
<trkpt lat="47.2075894" lon="0.1732419">
	<ele>33.90</ele>
	<time>1970-01-01T00:00:00.000Z</time>
</trkpt>
<trkpt lat="47.2075232" lon="0.1739467">
	<ele>34.20</ele>
	<time>1970-01-01T00:00:00.000Z</time>
</trkpt>
<trkpt lat="47.2074681" lon="0.1741422">
	<ele>34.20</ele>
	<time>1970-01-01T00:00:00.000Z</time>
</trkpt>
<trkpt lat="47.2074126" lon="0.1754125">
	<ele>34.80</ele>
	<time>1970-01-01T00:00:00.000Z</time>
</trkpt>
<trkpt lat="47.2073847" lon="0.1755036">
	<ele>34.70</ele>
	<time>1970-01-01T00:00:00.000Z</time>
</trkpt>
<trkpt lat="47.2071721" lon="0.1755602">
	<ele>34.90</ele>
	<time>1970-01-01T00:00:00.000Z</time>
</trkpt>
<trkpt lat="47.2071160" lon="0.1756439">
	<ele>34.90</ele>
	<time>1970-01-01T00:00:00.000Z</time>
</trkpt>
<trkpt lat="47.2071158" lon="0.1769345">
	<ele>35.30</ele>
	<time>1970-01-01T00:00:00.000Z</time>
</trkpt>
<trkpt lat="47.2070457" lon="0.1770157">
	<ele>35.30</ele>
	<time>1970-01-01T00:00:00.000Z</time>
</trkpt>
<trkpt lat="47.2064612" lon="0.1770548">
	<ele>33.30</ele>
	<time>1970-01-01T00:00:00.000Z</time>
</trkpt>
<trkpt lat="47.2064128" lon="0.1770991">
	<ele>33.30</ele>
	<time>1970-01-01T00:00:00.000Z</time>
</trkpt>
<trkpt lat="47.2063943" lon="0.1771880">
	<ele>33.50</ele>
	<time>1970-01-01T00:00:00.000Z</time>
</trkpt>
<trkpt lat="47.2064172" lon="0.1782238">
	<ele>32.90</ele>
	<time>1970-01-01T00:00:00.000Z</time>
</trkpt>
<trkpt lat="47.2063728" lon="0.1800448">
	<ele>33.90</ele>
	<time>1970-01-01T00:00:00.000Z</time>
</trkpt>
<trkpt lat="47.2063238" lon="0.1801560">
	<ele>34.10</ele>
	<time>1970-01-01T00:00:00.000Z</time>
</trkpt>
<trkpt lat="47.2060713" lon="0.1801110">
	<ele>33.70</ele>
	<time>1970-01-01T00:00:00.000Z</time>
</trkpt>
<trkpt lat="47.2052888" lon="0.1800932">
	<ele>33.10</ele>
	<time>1970-01-01T00:00:00.000Z</time>
</trkpt>
<trkpt lat="47.2052241" lon="0.1801929">
	<ele>33.10</ele>
	<time>1970-01-01T00:00:00.000Z</time>
</trkpt>
<trkpt lat="47.2052096" lon="0.1803097">
	<ele>33.10</ele>
	<time>1970-01-01T00:00:00.000Z</time>
</trkpt>
<trkpt lat="47.2051987" lon="0.1812246">
	<ele>35.10</ele>
	<time>1970-01-01T00:00:00.000Z</time>
</trkpt>
<trkpt lat="47.2051048" lon="0.1819648">
	<ele>36.00</ele>
	<time>1970-01-01T00:00:00.000Z</time>
</trkpt>
<trkpt lat="47.2052962" lon="0.1820567">
	<ele>36.30</ele>
	<time>1970-01-01T00:00:00.000Z</time>
</trkpt>
<trkpt lat="47.2052990" lon="0.1823492">
	<ele>36.50</ele>
	<time>1970-01-01T00:00:00.000Z</time>
</trkpt>
<trkpt lat="47.2053480" lon="0.1824823">
	<ele>36.50</ele>
	<time>1970-01-01T00:00:00.000Z</time>
</trkpt>
<trkpt lat="47.2049918" lon="0.1827639">
	<ele>36.80</ele>
	<time>1970-01-01T00:00:00.000Z</time>
</trkpt>
<trkpt lat="47.2055609" lon="0.1836270">
	<ele>35.00</ele>
	<time>1970-01-01T00:00:00.000Z</time>
</trkpt>
<trkpt lat="47.2058764" lon="0.1845021">
	<ele>34.70</ele>
	<time>1970-01-01T00:00:00.000Z</time>
</trkpt>
<trkpt lat="47.2061224" lon="0.1855453">
	<ele>35.40</ele>
	<time>1970-01-01T00:00:00.000Z</time>
</trkpt>
<trkpt lat="47.2063513" lon="0.1868844">
	<ele>34.80</ele>
	<time>1970-01-01T00:00:00.000Z</time>
</trkpt>
<trkpt lat="47.2063673" lon="0.1871680">
	<ele>35.00</ele>
	<time>1970-01-01T00:00:00.000Z</time>
</trkpt>
<trkpt lat="47.2064149" lon="0.1871943">
	<ele>35.00</ele>
	<time>1970-01-01T00:00:00.000Z</time>
</trkpt>
<trkpt lat="47.2064086" lon="0.1872753">
	<ele>35.00</ele>
	<time>1970-01-01T00:00:00.000Z</time>
</trkpt>
<trkpt lat="47.2067065" lon="0.1874489">
	<ele>35.30</ele>
	<time>1970-01-01T00:00:00.000Z</time>
</trkpt>
<trkpt lat="47.2076714" lon="0.1883066">
	<ele>35.80</ele>
	<time>1970-01-01T00:00:00.000Z</time>
</trkpt>
<trkpt lat="47.2082152" lon="0.1887052">
	<ele>36.40</ele>
	<time>1970-01-01T00:00:00.000Z</time>
</trkpt>
<trkpt lat="47.2093264" lon="0.1885361">
	<ele>35.90</ele>
	<time>1970-01-01T00:00:00.000Z</time>
</trkpt>
<trkpt lat="47.2099159" lon="0.1882896">
	<ele>34.90</ele>
	<time>1970-01-01T00:00:00.000Z</time>
</trkpt>
<trkpt lat="47.2104006" lon="0.1883689">
	<ele>35.80</ele>
	<time>1970-01-01T00:00:00.000Z</time>
</trkpt>
<trkpt lat="47.2106361" lon="0.1884558">
	<ele>36.40</ele>
	<time>1970-01-01T00:00:00.000Z</time>
</trkpt>
<trkpt lat="47.2112487" lon="0.1887950">
	<ele>37.40</ele>
	<time>1970-01-01T00:00:00.000Z</time>
</trkpt>
<trkpt lat="47.2115468" lon="0.1890094">
	<ele>37.60</ele>
	<time>1970-01-01T00:00:00.000Z</time>
</trkpt>
<trkpt lat="47.2117727" lon="0.1892431">
	<ele>37.80</ele>
	<time>1970-01-01T00:00:00.000Z</time>
</trkpt>
<trkpt lat="47.2119288" lon="0.1894971">
	<ele>37.80</ele>
	<time>1970-01-01T00:00:00.000Z</time>
</trkpt>
<trkpt lat="47.2122324" lon="0.1905378">
	<ele>37.20</ele>
	<time>1970-01-01T00:00:00.000Z</time>
</trkpt>
<trkpt lat="47.2126707" lon="0.1916334">
	<ele>37.50</ele>
	<time>1970-01-01T00:00:00.000Z</time>
</trkpt>
<trkpt lat="47.2128968" lon="0.1921173">
	<ele>38.00</ele>
	<time>1970-01-01T00:00:00.000Z</time>
</trkpt>
<trkpt lat="47.2138185" lon="0.1937986">
	<ele>38.60</ele>
	<time>1970-01-01T00:00:00.000Z</time>
</trkpt>
<trkpt lat="47.2147727" lon="0.1953670">
	<ele>38.30</ele>
	<time>1970-01-01T00:00:00.000Z</time>
</trkpt>
<trkpt lat="47.2152827" lon="0.1960052">
	<ele>37.70</ele>
	<time>1970-01-01T00:00:00.000Z</time>
</trkpt>
<trkpt lat="47.2162881" lon="0.1970848">
	<ele>38.00</ele>
	<time>1970-01-01T00:00:00.000Z</time>
</trkpt>
<trkpt lat="47.2166224" lon="0.1973859">
	<ele>37.60</ele>
	<time>1970-01-01T00:00:00.000Z</time>
</trkpt>
<trkpt lat="47.2172759" lon="0.1978682">
	<ele>36.80</ele>
	<time>1970-01-01T00:00:00.000Z</time>
</trkpt>
<trkpt lat="47.2180773" lon="0.1986369">
	<ele>39.40</ele>
	<time>1970-01-01T00:00:00.000Z</time>
</trkpt>
<trkpt lat="47.2184432" lon="0.1992160">
	<ele>38.50</ele>
	<time>1970-01-01T00:00:00.000Z</time>
</trkpt>
<trkpt lat="47.2188196" lon="0.2000333">
	<ele>36.70</ele>
	<time>1970-01-01T00:00:00.000Z</time>
</trkpt>
<trkpt lat="47.2189885" lon="0.2002784">
	<ele>36.40</ele>
	<time>1970-01-01T00:00:00.000Z</time>
</trkpt>
<trkpt lat="47.2200881" lon="0.2010807">
	<ele>36.80</ele>
	<time>1970-01-01T00:00:00.000Z</time>
</trkpt>
<trkpt lat="47.2202780" lon="0.2010363">
	<ele>37.00</ele>
	<time>1970-01-01T00:00:00.000Z</time>
</trkpt>
<trkpt lat="47.2213447" lon="0.2019753">
	<ele>35.90</ele>
	<time>1970-01-01T00:00:00.000Z</time>
</trkpt>
<trkpt lat="47.2218689" lon="0.2023843">
	<ele>36.20</ele>
	<time>1970-01-01T00:00:00.000Z</time>
</trkpt>
<trkpt lat="47.2227384" lon="0.2029472">
	<ele>37.70</ele>
	<time>1970-01-01T00:00:00.000Z</time>
</trkpt>
<trkpt lat="47.2249194" lon="0.2048530">
	<ele>37.80</ele>
	<time>1970-01-01T00:00:00.000Z</time>
</trkpt>
<trkpt lat="47.2263325" lon="0.2063029">
	<ele>37.50</ele>
	<time>1970-01-01T00:00:00.000Z</time>
</trkpt>
<trkpt lat="47.2275566" lon="0.2077549">
	<ele>36.00</ele>
	<time>1970-01-01T00:00:00.000Z</time>
</trkpt>
<trkpt lat="47.2281565" lon="0.2083097">
	<ele>36.60</ele>
	<time>1970-01-01T00:00:00.000Z</time>
</trkpt>
<trkpt lat="47.2288221" lon="0.2087948">
	<ele>36.70</ele>
	<time>1970-01-01T00:00:00.000Z</time>
</trkpt>
<trkpt lat="47.2294870" lon="0.2094705">
	<ele>35.70</ele>
	<time>1970-01-01T00:00:00.000Z</time>
</trkpt>
<trkpt lat="47.2303022" lon="0.2102149">
	<ele>34.90</ele>
	<time>1970-01-01T00:00:00.000Z</time>
</trkpt>
<trkpt lat="47.2317905" lon="0.2120937">
	<ele>36.00</ele>
	<time>1970-01-01T00:00:00.000Z</time>
</trkpt>
<trkpt lat="47.2319779" lon="0.2122823">
	<ele>36.20</ele>
	<time>1970-01-01T00:00:00.000Z</time>
</trkpt>
<trkpt lat="47.2321987" lon="0.2124336">
	<ele>36.60</ele>
	<time>1970-01-01T00:00:00.000Z</time>
</trkpt>
<trkpt lat="47.2324463" lon="0.2125425">
	<ele>36.80</ele>
	<time>1970-01-01T00:00:00.000Z</time>
</trkpt>
<trkpt lat="47.2328363" lon="0.2125791">
	<ele>36.90</ele>
	<time>1970-01-01T00:00:00.000Z</time>
</trkpt>
<trkpt lat="47.2334383" lon="0.2122161">
	<ele>36.30</ele>
	<time>1970-01-01T00:00:00.000Z</time>
</trkpt>
<trkpt lat="47.2335980" lon="0.2120563">
	<ele>36.00</ele>
	<time>1970-01-01T00:00:00.000Z</time>
</trkpt>
<trkpt lat="47.2336168" lon="0.2118101">
	<ele>36.00</ele>
	<time>1970-01-01T00:00:00.000Z</time>
</trkpt>
<trkpt lat="47.2334385" lon="0.2108734">
	<ele>36.10</ele>
	<time>1970-01-01T00:00:00.000Z</time>
</trkpt>
<trkpt lat="47.2333567" lon="0.2096823">
	<ele>36.90</ele>
	<time>1970-01-01T00:00:00.000Z</time>
</trkpt>
<trkpt lat="47.2348545" lon="0.2093716">
	<ele>36.40</ele>
	<time>1970-01-01T00:00:00.000Z</time>
</trkpt>
<trkpt lat="47.2353605" lon="0.2095689">
	<ele>37.30</ele>
	<time>1970-01-01T00:00:00.000Z</time>
</trkpt>
<trkpt lat="47.2354271" lon="0.2096280">
	<ele>37.60</ele>
	<time>1970-01-01T00:00:00.000Z</time>
</trkpt>
<trkpt lat="47.2355972" lon="0.2103992">
	<ele>37.50</ele>
	<time>1970-01-01T00:00:00.000Z</time>
</trkpt>
<trkpt lat="47.2356914" lon="0.2104215">
	<ele>37.50</ele>
	<time>1970-01-01T00:00:00.000Z</time>
</trkpt>
<trkpt lat="47.2368206" lon="0.2097326">
	<ele>37.40</ele>
	<time>1970-01-01T00:00:00.000Z</time>
</trkpt>
<trkpt lat="47.2370533" lon="0.2095550">
	<ele>37.40</ele>
	<time>1970-01-01T00:00:00.000Z</time>
</trkpt>
<trkpt lat="47.2372707" lon="0.2095704">
	<ele>37.50</ele>
	<time>1970-01-01T00:00:00.000Z</time>
</trkpt>
<trkpt lat="47.2373683" lon="0.2097961">
	<ele>38.20</ele>
	<time>1970-01-01T00:00:00.000Z</time>
</trkpt>
<trkpt lat="47.2374528" lon="0.2098387">
	<ele>38.20</ele>
	<time>1970-01-01T00:00:00.000Z</time>
</trkpt>
<trkpt lat="47.2378955" lon="0.2098699">
	<ele>38.20</ele>
	<time>1970-01-01T00:00:00.000Z</time>
</trkpt>
<trkpt lat="47.2384752" lon="0.2097070">
	<ele>39.90</ele>
	<time>1970-01-01T00:00:00.000Z</time>
</trkpt>
<trkpt lat="47.2391132" lon="0.2094322">
	<ele>40.60</ele>
	<time>1970-01-01T00:00:00.000Z</time>
</trkpt>
<trkpt lat="47.2392734" lon="0.2094970">
	<ele>40.00</ele>
	<time>1970-01-01T00:00:00.000Z</time>
</trkpt>
<trkpt lat="47.2395812" lon="0.2099345">
	<ele>39.40</ele>
	<time>1970-01-01T00:00:00.000Z</time>
</trkpt>
<trkpt lat="47.2398426" lon="0.2100943">
	<ele>36.40</ele>
	<time>1970-01-01T00:00:00.000Z</time>
</trkpt>
<trkpt lat="47.2399709" lon="0.2102226">
	<ele>36.40</ele>
	<time>1970-01-01T00:00:00.000Z</time>
</trkpt>
<trkpt lat="47.2408260" lon="0.2128552">
	<ele>35.50</ele>
	<time>1970-01-01T00:00:00.000Z</time>
</trkpt>
<trkpt lat="47.2413450" lon="0.2148402">
	<ele>34.10</ele>
	<time>1970-01-01T00:00:00.000Z</time>
</trkpt>
<trkpt lat="47.2417717" lon="0.2167086">
	<ele>39.30</ele>
	<time>1970-01-01T00:00:00.000Z</time>
</trkpt>
<trkpt lat="47.2418079" lon="0.2171642">
	<ele>40.90</ele>
	<time>1970-01-01T00:00:00.000Z</time>
</trkpt>
<trkpt lat="47.2419640" lon="0.2181482">
	<ele>42.70</ele>
	<time>1970-01-01T00:00:00.000Z</time>
</trkpt>
<trkpt lat="47.2428556" lon="0.2230614">
	<ele>43.90</ele>
	<time>1970-01-01T00:00:00.000Z</time>
</trkpt>
<trkpt lat="47.2429427" lon="0.2237298">
	<ele>43.40</ele>
	<time>1970-01-01T00:00:00.000Z</time>
</trkpt>
<trkpt lat="47.2434860" lon="0.2267035">
	<ele>43.00</ele>
	<time>1970-01-01T00:00:00.000Z</time>
</trkpt>
<trkpt lat="47.2436997" lon="0.2276144">
	<ele>41.80</ele>
	<time>1970-01-01T00:00:00.000Z</time>
</trkpt>
<trkpt lat="47.2437833" lon="0.2281391">
	<ele>40.60</ele>
	<time>1970-01-01T00:00:00.000Z</time>
</trkpt>
<trkpt lat="47.2441163" lon="0.2294422">
	<ele>39.60</ele>
	<time>1970-01-01T00:00:00.000Z</time>
</trkpt>
<trkpt lat="47.2447292" lon="0.2313777">
	<ele>42.00</ele>
	<time>1970-01-01T00:00:00.000Z</time>
</trkpt>
<trkpt lat="47.2452023" lon="0.2330848">
	<ele>41.10</ele>
	<time>1970-01-01T00:00:00.000Z</time>
</trkpt>
<trkpt lat="47.2455788" lon="0.2349346">
	<ele>41.30</ele>
	<time>1970-01-01T00:00:00.000Z</time>
</trkpt>
<trkpt lat="47.2457693" lon="0.2354011">
	<ele>40.00</ele>
	<time>1970-01-01T00:00:00.000Z</time>
</trkpt>
<trkpt lat="47.2458959" lon="0.2358045">
	<ele>39.20</ele>
	<time>1970-01-01T00:00:00.000Z</time>
</trkpt>
<trkpt lat="47.2460142" lon="0.2363449">
	<ele>38.10</ele>
	<time>1970-01-01T00:00:00.000Z</time>
</trkpt>
<trkpt lat="47.2465040" lon="0.2381492">
	<ele>40.00</ele>
	<time>1970-01-01T00:00:00.000Z</time>
</trkpt>
<trkpt lat="47.2473742" lon="0.2415941">
	<ele>41.10</ele>
	<time>1970-01-01T00:00:00.000Z</time>
</trkpt>
<trkpt lat="47.2476777" lon="0.2427255">
	<ele>41.40</ele>
	<time>1970-01-01T00:00:00.000Z</time>
</trkpt>
<trkpt lat="47.2480651" lon="0.2440141">
	<ele>39.60</ele>
	<time>1970-01-01T00:00:00.000Z</time>
</trkpt>
<trkpt lat="47.2486479" lon="0.2456697">
	<ele>36.90</ele>
	<time>1970-01-01T00:00:00.000Z</time>
</trkpt>
<trkpt lat="47.2491350" lon="0.2465441">
	<ele>36.10</ele>
	<time>1970-01-01T00:00:00.000Z</time>
</trkpt>
<trkpt lat="47.2496463" lon="0.2476665">
	<ele>37.40</ele>
	<time>1970-01-01T00:00:00.000Z</time>
</trkpt>
<trkpt lat="47.2505930" lon="0.2492929">
	<ele>40.70</ele>
	<time>1970-01-01T00:00:00.000Z</time>
</trkpt>
<trkpt lat="47.2510006" lon="0.2499173">
	<ele>41.10</ele>
	<time>1970-01-01T00:00:00.000Z</time>
</trkpt>
<trkpt lat="47.2519638" lon="0.2516796">
	<ele>39.30</ele>
	<time>1970-01-01T00:00:00.000Z</time>
</trkpt>
<trkpt lat="47.2536852" lon="0.2549505">
	<ele>38.00</ele>
	<time>1970-01-01T00:00:00.000Z</time>
</trkpt>
<trkpt lat="47.2541716" lon="0.2560490">
	<ele>39.50</ele>
	<time>1970-01-01T00:00:00.000Z</time>
</trkpt>
<trkpt lat="47.2548319" lon="0.2577617">
	<ele>41.50</ele>
	<time>1970-01-01T00:00:00.000Z</time>
</trkpt>
<trkpt lat="47.2557659" lon="0.2606909">
	<ele>43.10</ele>
	<time>1970-01-01T00:00:00.000Z</time>
</trkpt>
<trkpt lat="47.2561930" lon="0.2622954">
	<ele>41.00</ele>
	<time>1970-01-01T00:00:00.000Z</time>
</trkpt>
<trkpt lat="47.2567067" lon="0.2645241">
	<ele>39.80</ele>
	<time>1970-01-01T00:00:00.000Z</time>
</trkpt>
<trkpt lat="47.2567943" lon="0.2647257">
	<ele>39.20</ele>
	<time>1970-01-01T00:00:00.000Z</time>
</trkpt>
<trkpt lat="47.2577822" lon="0.2664272">
	<ele>40.80</ele>
	<time>1970-01-01T00:00:00.000Z</time>
</trkpt>
<trkpt lat="47.2578942" lon="0.2666715">
	<ele>39.80</ele>
	<time>1970-01-01T00:00:00.000Z</time>
</trkpt>
<trkpt lat="47.2591043" lon="0.2701638">
	<ele>41.90</ele>
	<time>1970-01-01T00:00:00.000Z</time>
</trkpt>
<trkpt lat="47.2593477" lon="0.2710144">
	<ele>39.10</ele>
	<time>1970-01-01T00:00:00.000Z</time>
</trkpt>
<trkpt lat="47.2596396" lon="0.2726232">
	<ele>39.80</ele>
	<time>1970-01-01T00:00:00.000Z</time>
</trkpt>
<trkpt lat="47.2597515" lon="0.2741270">
	<ele>38.80</ele>
	<time>1970-01-01T00:00:00.000Z</time>
</trkpt>
<trkpt lat="47.2602836" lon="0.2780260">
	<ele>36.50</ele>
	<time>1970-01-01T00:00:00.000Z</time>
</trkpt>
<trkpt lat="47.2603398" lon="0.2799987">
	<ele>39.60</ele>
	<time>1970-01-01T00:00:00.000Z</time>
</trkpt>
<trkpt lat="47.2602532" lon="0.2816834">
	<ele>37.30</ele>
	<time>1970-01-01T00:00:00.000Z</time>
</trkpt>
<trkpt lat="47.2603478" lon="0.2827612">
	<ele>40.30</ele>
	<time>1970-01-01T00:00:00.000Z</time>
</trkpt>
<trkpt lat="47.2605632" lon="0.2841898">
	<ele>41.30</ele>
	<time>1970-01-01T00:00:00.000Z</time>
</trkpt>
<trkpt lat="47.2612436" lon="0.2877398">
	<ele>37.20</ele>
	<time>1970-01-01T00:00:00.000Z</time>
</trkpt>
<trkpt lat="47.2614047" lon="0.2885811">
	<ele>37.20</ele>
	<time>1970-01-01T00:00:00.000Z</time>
</trkpt>
<trkpt lat="47.2616474" lon="0.2894807">
	<ele>37.40</ele>
	<time>1970-01-01T00:00:00.000Z</time>
</trkpt>
<trkpt lat="47.2619652" lon="0.2909783">
	<ele>38.80</ele>
	<time>1970-01-01T00:00:00.000Z</time>
</trkpt>
<trkpt lat="47.2622360" lon="0.2920472">
	<ele>37.50</ele>
	<time>1970-01-01T00:00:00.000Z</time>
</trkpt>
<trkpt lat="47.2625081" lon="0.2928183">
	<ele>35.90</ele>
	<time>1970-01-01T00:00:00.000Z</time>
</trkpt>
<trkpt lat="47.2627276" lon="0.2938140">
	<ele>35.10</ele>
	<time>1970-01-01T00:00:00.000Z</time>
</trkpt>
<trkpt lat="47.2630111" lon="0.2946889">
	<ele>33.80</ele>
	<time>1970-01-01T00:00:00.000Z</time>
</trkpt>
<trkpt lat="47.2631210" lon="0.2951319">
	<ele>33.70</ele>
	<time>1970-01-01T00:00:00.000Z</time>
</trkpt>
<trkpt lat="47.2631696" lon="0.2955320">
	<ele>33.80</ele>
	<time>1970-01-01T00:00:00.000Z</time>
</trkpt>
<trkpt lat="47.2631382" lon="0.2965855">
	<ele>33.60</ele>
	<time>1970-01-01T00:00:00.000Z</time>
</trkpt>
<trkpt lat="47.2631576" lon="0.2969537">
	<ele>33.60</ele>
	<time>1970-01-01T00:00:00.000Z</time>
</trkpt>
<trkpt lat="47.2633215" lon="0.2976851">
	<ele>33.90</ele>
	<time>1970-01-01T00:00:00.000Z</time>
</trkpt>
<trkpt lat="47.2638934" lon="0.2989941">
	<ele>34.50</ele>
	<time>1970-01-01T00:00:00.000Z</time>
</trkpt>
<trkpt lat="47.2640454" lon="0.2994125">
	<ele>33.10</ele>
	<time>1970-01-01T00:00:00.000Z</time>
</trkpt>
<trkpt lat="47.2640742" lon="0.3004193">
	<ele>33.20</ele>
	<time>1970-01-01T00:00:00.000Z</time>
</trkpt>
<trkpt lat="47.2641591" lon="0.3012765">
	<ele>33.40</ele>
	<time>1970-01-01T00:00:00.000Z</time>
</trkpt>
<trkpt lat="47.2643231" lon="0.3021286">
	<ele>33.70</ele>
	<time>1970-01-01T00:00:00.000Z</time>
</trkpt>
<trkpt lat="47.2646469" lon="0.3033509">
	<ele>33.30</ele>
	<time>1970-01-01T00:00:00.000Z</time>
</trkpt>
<trkpt lat="47.2653172" lon="0.3045927">
	<ele>34.40</ele>
	<time>1970-01-01T00:00:00.000Z</time>
</trkpt>
<trkpt lat="47.2654735" lon="0.3049648">
	<ele>35.50</ele>
	<time>1970-01-01T00:00:00.000Z</time>
</trkpt>
<trkpt lat="47.2659613" lon="0.3066541">
	<ele>35.10</ele>
	<time>1970-01-01T00:00:00.000Z</time>
</trkpt>
<trkpt lat="47.2662745" lon="0.3074920">
	<ele>36.60</ele>
	<time>1970-01-01T00:00:00.000Z</time>
</trkpt>
<trkpt lat="47.2671191" lon="0.3089527">
	<ele>36.10</ele>
	<time>1970-01-01T00:00:00.000Z</time>
</trkpt>
<trkpt lat="47.2674046" lon="0.3093767">
	<ele>36.40</ele>
	<time>1970-01-01T00:00:00.000Z</time>
</trkpt>
<trkpt lat="47.2678341" lon="0.3099051">
	<ele>34.30</ele>
	<time>1970-01-01T00:00:00.000Z</time>
</trkpt>
<trkpt lat="47.2684975" lon="0.3114062">
	<ele>36.50</ele>
	<time>1970-01-01T00:00:00.000Z</time>
</trkpt>
<trkpt lat="47.2685668" lon="0.3115985">
	<ele>34.90</ele>
	<time>1970-01-01T00:00:00.000Z</time>
</trkpt>
<trkpt lat="47.2687824" lon="0.3125445">
	<ele>36.60</ele>
	<time>1970-01-01T00:00:00.000Z</time>
</trkpt>
<trkpt lat="47.2691500" lon="0.3134645">
	<ele>37.40</ele>
	<time>1970-01-01T00:00:00.000Z</time>
</trkpt>
<trkpt lat="47.2692632" lon="0.3136639">
	<ele>37.60</ele>
	<time>1970-01-01T00:00:00.000Z</time>
</trkpt>
<trkpt lat="47.2696405" lon="0.3141663">
	<ele>36.80</ele>
	<time>1970-01-01T00:00:00.000Z</time>
</trkpt>
<trkpt lat="47.2699687" lon="0.3150353">
	<ele>37.50</ele>
	<time>1970-01-01T00:00:00.000Z</time>
</trkpt>
<trkpt lat="47.2706945" lon="0.3161571">
	<ele>39.20</ele>
	<time>1970-01-01T00:00:00.000Z</time>
</trkpt>
<trkpt lat="47.2710016" lon="0.3165023">
	<ele>38.70</ele>
	<time>1970-01-01T00:00:00.000Z</time>
</trkpt>
<trkpt lat="47.2715461" lon="0.3169098">
	<ele>38.20</ele>
	<time>1970-01-01T00:00:00.000Z</time>
</trkpt>
<trkpt lat="47.2720377" lon="0.3176412">
	<ele>34.00</ele>
	<time>1970-01-01T00:00:00.000Z</time>
</trkpt>
<trkpt lat="47.2724937" lon="0.3185050">
	<ele>33.80</ele>
	<time>1970-01-01T00:00:00.000Z</time>
</trkpt>
<trkpt lat="47.2728821" lon="0.3197244">
	<ele>38.00</ele>
	<time>1970-01-01T00:00:00.000Z</time>
</trkpt>
<trkpt lat="47.2729834" lon="0.3202260">
	<ele>37.70</ele>
	<time>1970-01-01T00:00:00.000Z</time>
</trkpt>
<trkpt lat="47.2731502" lon="0.3205237">
	<ele>38.00</ele>
	<time>1970-01-01T00:00:00.000Z</time>
</trkpt>
<trkpt lat="47.2733209" lon="0.3206634">
	<ele>38.30</ele>
	<time>1970-01-01T00:00:00.000Z</time>
</trkpt>
<trkpt lat="47.2735254" lon="0.3207432">
	<ele>38.60</ele>
	<time>1970-01-01T00:00:00.000Z</time>
</trkpt>
<trkpt lat="47.2741500" lon="0.3208517">
	<ele>40.10</ele>
	<time>1970-01-01T00:00:00.000Z</time>
</trkpt>
<trkpt lat="47.2745896" lon="0.3211877">
	<ele>40.20</ele>
	<time>1970-01-01T00:00:00.000Z</time>
</trkpt>
<trkpt lat="47.2756476" lon="0.3222268">
	<ele>35.40</ele>
	<time>1970-01-01T00:00:00.000Z</time>
</trkpt>
<trkpt lat="47.2761703" lon="0.3228956">
	<ele>34.60</ele>
	<time>1970-01-01T00:00:00.000Z</time>
</trkpt>
<trkpt lat="47.2766085" lon="0.3233436">
	<ele>34.10</ele>
	<time>1970-01-01T00:00:00.000Z</time>
</trkpt>
<trkpt lat="47.2768105" lon="0.3236289">
	<ele>34.30</ele>
	<time>1970-01-01T00:00:00.000Z</time>
</trkpt>
<trkpt lat="47.2770682" lon="0.3240826">
	<ele>36.20</ele>
	<time>1970-01-01T00:00:00.000Z</time>
</trkpt>
<trkpt lat="47.2773317" lon="0.3243916">
	<ele>36.10</ele>
	<time>1970-01-01T00:00:00.000Z</time>
</trkpt>
<trkpt lat="47.2775889" lon="0.3246118">
	<ele>35.80</ele>
	<time>1970-01-01T00:00:00.000Z</time>
</trkpt>
<trkpt lat="47.2780251" lon="0.3248112">
	<ele>33.70</ele>
	<time>1970-01-01T00:00:00.000Z</time>
</trkpt>
<trkpt lat="47.2782009" lon="0.3249335">
	<ele>34.20</ele>
	<time>1970-01-01T00:00:00.000Z</time>
</trkpt>
<trkpt lat="47.2784016" lon="0.3251261">
	<ele>33.80</ele>
	<time>1970-01-01T00:00:00.000Z</time>
</trkpt>
<trkpt lat="47.2787469" lon="0.3255679">
	<ele>34.00</ele>
	<time>1970-01-01T00:00:00.000Z</time>
</trkpt>
<trkpt lat="47.2795366" lon="0.3268112">
	<ele>33.90</ele>
	<time>1970-01-01T00:00:00.000Z</time>
</trkpt>
<trkpt lat="47.2797003" lon="0.3278502">
	<ele>35.30</ele>
	<time>1970-01-01T00:00:00.000Z</time>
</trkpt>
<trkpt lat="47.2797768" lon="0.3281640">
	<ele>36.00</ele>
	<time>1970-01-01T00:00:00.000Z</time>
</trkpt>
<trkpt lat="47.2798731" lon="0.3284344">
	<ele>36.60</ele>
	<time>1970-01-01T00:00:00.000Z</time>
</trkpt>
<trkpt lat="47.2805745" lon="0.3297893">
	<ele>37.10</ele>
	<time>1970-01-01T00:00:00.000Z</time>
</trkpt>
<trkpt lat="47.2809461" lon="0.3302819">
	<ele>37.50</ele>
	<time>1970-01-01T00:00:00.000Z</time>
</trkpt>
<trkpt lat="47.2813087" lon="0.3306928">
	<ele>36.90</ele>
	<time>1970-01-01T00:00:00.000Z</time>
</trkpt>
<trkpt lat="47.2815050" lon="0.3308836">
	<ele>36.70</ele>
	<time>1970-01-01T00:00:00.000Z</time>
</trkpt>
<trkpt lat="47.2819678" lon="0.3311933">
	<ele>37.30</ele>
	<time>1970-01-01T00:00:00.000Z</time>
</trkpt>
<trkpt lat="47.2822449" lon="0.3315306">
	<ele>37.90</ele>
	<time>1970-01-01T00:00:00.000Z</time>
</trkpt>
<trkpt lat="47.2825615" lon="0.3320204">
	<ele>38.10</ele>
	<time>1970-01-01T00:00:00.000Z</time>
</trkpt>
<trkpt lat="47.2835704" lon="0.3333892">
	<ele>38.40</ele>
	<time>1970-01-01T00:00:00.000Z</time>
</trkpt>
<trkpt lat="47.2837196" lon="0.3336495">
	<ele>38.00</ele>
	<time>1970-01-01T00:00:00.000Z</time>
</trkpt>
<trkpt lat="47.2841032" lon="0.3346256">
	<ele>37.50</ele>
	<time>1970-01-01T00:00:00.000Z</time>
</trkpt>
<trkpt lat="47.2843572" lon="0.3351729">
	<ele>37.50</ele>
	<time>1970-01-01T00:00:00.000Z</time>
</trkpt>
<trkpt lat="47.2848516" lon="0.3357588">
	<ele>37.50</ele>
	<time>1970-01-01T00:00:00.000Z</time>
</trkpt>
<trkpt lat="47.2856440" lon="0.3366063">
	<ele>37.40</ele>
	<time>1970-01-01T00:00:00.000Z</time>
</trkpt>
<trkpt lat="47.2861002" lon="0.3373342">
	<ele>38.70</ele>
	<time>1970-01-01T00:00:00.000Z</time>
</trkpt>
<trkpt lat="47.2876862" lon="0.3403442">
	<ele>38.40</ele>
	<time>1970-01-01T00:00:00.000Z</time>
</trkpt>
<trkpt lat="47.2895199" lon="0.3431634">
	<ele>37.70</ele>
	<time>1970-01-01T00:00:00.000Z</time>
</trkpt>
<trkpt lat="47.2904888" lon="0.3444868">
	<ele>38.20</ele>
	<time>1970-01-01T00:00:00.000Z</time>
</trkpt>
<trkpt lat="47.2907010" lon="0.3449422">
	<ele>38.60</ele>
	<time>1970-01-01T00:00:00.000Z</time>
</trkpt>
<trkpt lat="47.2910962" lon="0.3459610">
	<ele>38.10</ele>
	<time>1970-01-01T00:00:00.000Z</time>
</trkpt>
<trkpt lat="47.2912091" lon="0.3461710">
	<ele>38.60</ele>
	<time>1970-01-01T00:00:00.000Z</time>
</trkpt>
<trkpt lat="47.2917971" lon="0.3471456">
	<ele>39.70</ele>
	<time>1970-01-01T00:00:00.000Z</time>
</trkpt>
<trkpt lat="47.2927473" lon="0.3484038">
	<ele>39.00</ele>
	<time>1970-01-01T00:00:00.000Z</time>
</trkpt>
<trkpt lat="47.2938085" lon="0.3499072">
	<ele>37.80</ele>
	<time>1970-01-01T00:00:00.000Z</time>
</trkpt>
<trkpt lat="47.2944975" lon="0.3511653">
	<ele>36.60</ele>
	<time>1970-01-01T00:00:00.000Z</time>
</trkpt>
<trkpt lat="47.2950881" lon="0.3523474">
	<ele>34.70</ele>
	<time>1970-01-01T00:00:00.000Z</time>
</trkpt>
<trkpt lat="47.2956127" lon="0.3542033">
	<ele>35.20</ele>
	<time>1970-01-01T00:00:00.000Z</time>
</trkpt>
<trkpt lat="47.2959795" lon="0.3551624">
	<ele>34.90</ele>
	<time>1970-01-01T00:00:00.000Z</time>
</trkpt>
<trkpt lat="47.2961872" lon="0.3564498">
	<ele>35.90</ele>
	<time>1970-01-01T00:00:00.000Z</time>
</trkpt>
<trkpt lat="47.2963113" lon="0.3570355">
	<ele>36.70</ele>
	<time>1970-01-01T00:00:00.000Z</time>
</trkpt>
<trkpt lat="47.2967170" lon="0.3584745">
	<ele>36.10</ele>
	<time>1970-01-01T00:00:00.000Z</time>
</trkpt>
<trkpt lat="47.2970438" lon="0.3594197">
	<ele>34.80</ele>
	<time>1970-01-01T00:00:00.000Z</time>
</trkpt>
<trkpt lat="47.2972106" lon="0.3601742">
	<ele>36.00</ele>
	<time>1970-01-01T00:00:00.000Z</time>
</trkpt>
<trkpt lat="47.2975527" lon="0.3614363">
	<ele>35.70</ele>
	<time>1970-01-01T00:00:00.000Z</time>
</trkpt>
<trkpt lat="47.2980296" lon="0.3628401">
	<ele>35.70</ele>
	<time>1970-01-01T00:00:00.000Z</time>
</trkpt>
<trkpt lat="47.2982578" lon="0.3638049">
	<ele>36.20</ele>
	<time>1970-01-01T00:00:00.000Z</time>
</trkpt>
<trkpt lat="47.2983291" lon="0.3642912">
	<ele>35.70</ele>
	<time>1970-01-01T00:00:00.000Z</time>
</trkpt>
<trkpt lat="47.2985211" lon="0.3663194">
	<ele>36.70</ele>
	<time>1970-01-01T00:00:00.000Z</time>
</trkpt>
<trkpt lat="47.2986815" lon="0.3669590">
	<ele>36.70</ele>
	<time>1970-01-01T00:00:00.000Z</time>
</trkpt>
<trkpt lat="47.2988122" lon="0.3672760">
	<ele>37.10</ele>
	<time>1970-01-01T00:00:00.000Z</time>
</trkpt>
<trkpt lat="47.2989815" lon="0.3675561">
	<ele>37.10</ele>
	<time>1970-01-01T00:00:00.000Z</time>
</trkpt>
<trkpt lat="47.2992598" lon="0.3678709">
	<ele>36.10</ele>
	<time>1970-01-01T00:00:00.000Z</time>
</trkpt>
<trkpt lat="47.2996726" lon="0.3682412">
	<ele>36.80</ele>
	<time>1970-01-01T00:00:00.000Z</time>
</trkpt>
<trkpt lat="47.3000361" lon="0.3687398">
	<ele>36.40</ele>
	<time>1970-01-01T00:00:00.000Z</time>
</trkpt>
<trkpt lat="47.3008851" lon="0.3703864">
	<ele>35.90</ele>
	<time>1970-01-01T00:00:00.000Z</time>
</trkpt>
<trkpt lat="47.3012606" lon="0.3710109">
	<ele>36.10</ele>
	<time>1970-01-01T00:00:00.000Z</time>
</trkpt>
<trkpt lat="47.3023090" lon="0.3725691">
	<ele>36.20</ele>
	<time>1970-01-01T00:00:00.000Z</time>
</trkpt>
<trkpt lat="47.3026014" lon="0.3731125">
	<ele>36.80</ele>
	<time>1970-01-01T00:00:00.000Z</time>
</trkpt>
<trkpt lat="47.3027391" lon="0.3734685">
	<ele>37.00</ele>
	<time>1970-01-01T00:00:00.000Z</time>
</trkpt>
<trkpt lat="47.3033689" lon="0.3761827">
	<ele>39.50</ele>
	<time>1970-01-01T00:00:00.000Z</time>
</trkpt>
<trkpt lat="47.3039045" lon="0.3783188">
	<ele>39.10</ele>
	<time>1970-01-01T00:00:00.000Z</time>
</trkpt>
<trkpt lat="47.3041328" lon="0.3790561">
	<ele>39.80</ele>
	<time>1970-01-01T00:00:00.000Z</time>
</trkpt>
<trkpt lat="47.3042031" lon="0.3792116">
	<ele>39.90</ele>
	<time>1970-01-01T00:00:00.000Z</time>
</trkpt>
<trkpt lat="47.3047327" lon="0.3800121">
	<ele>39.50</ele>
	<time>1970-01-01T00:00:00.000Z</time>
</trkpt>
<trkpt lat="47.3051581" lon="0.3810599">
	<ele>39.70</ele>
	<time>1970-01-01T00:00:00.000Z</time>
</trkpt>
<trkpt lat="47.3058099" lon="0.3824011">
	<ele>41.10</ele>
	<time>1970-01-01T00:00:00.000Z</time>
</trkpt>
<trkpt lat="47.3064390" lon="0.3838141">
	<ele>42.10</ele>
	<time>1970-01-01T00:00:00.000Z</time>
</trkpt>
<trkpt lat="47.3069106" lon="0.3845949">
	<ele>41.80</ele>
	<time>1970-01-01T00:00:00.000Z</time>
</trkpt>
<trkpt lat="47.3070157" lon="0.3848282">
	<ele>41.60</ele>
	<time>1970-01-01T00:00:00.000Z</time>
</trkpt>
<trkpt lat="47.3071291" lon="0.3851801">
	<ele>41.00</ele>
	<time>1970-01-01T00:00:00.000Z</time>
</trkpt>
<trkpt lat="47.3073431" lon="0.3861658">
	<ele>40.60</ele>
	<time>1970-01-01T00:00:00.000Z</time>
</trkpt>
<trkpt lat="47.3078908" lon="0.3882884">
	<ele>41.20</ele>
	<time>1970-01-01T00:00:00.000Z</time>
</trkpt>
<trkpt lat="47.3082507" lon="0.3890734">
	<ele>41.90</ele>
	<time>1970-01-01T00:00:00.000Z</time>
</trkpt>
<trkpt lat="47.3089744" lon="0.3903731">
	<ele>40.60</ele>
	<time>1970-01-01T00:00:00.000Z</time>
</trkpt>
<trkpt lat="47.3092445" lon="0.3910088">
	<ele>40.50</ele>
	<time>1970-01-01T00:00:00.000Z</time>
</trkpt>
<trkpt lat="47.3098839" lon="0.3927695">
	<ele>41.40</ele>
	<time>1970-01-01T00:00:00.000Z</time>
</trkpt>
<trkpt lat="47.3100342" lon="0.3937198">
	<ele>42.30</ele>
	<time>1970-01-01T00:00:00.000Z</time>
</trkpt>
<trkpt lat="47.3102503" lon="0.3945622">
	<ele>42.50</ele>
	<time>1970-01-01T00:00:00.000Z</time>
</trkpt>
<trkpt lat="47.3107535" lon="0.3960738">
	<ele>40.70</ele>
	<time>1970-01-01T00:00:00.000Z</time>
</trkpt>
<trkpt lat="47.3115428" lon="0.3978513">
	<ele>40.10</ele>
	<time>1970-01-01T00:00:00.000Z</time>
</trkpt>
<trkpt lat="47.3119512" lon="0.3988303">
	<ele>39.20</ele>
	<time>1970-01-01T00:00:00.000Z</time>
</trkpt>
<trkpt lat="47.3121692" lon="0.3994356">
	<ele>39.00</ele>
	<time>1970-01-01T00:00:00.000Z</time>
</trkpt>
<trkpt lat="47.3122890" lon="0.3998851">
	<ele>38.80</ele>
	<time>1970-01-01T00:00:00.000Z</time>
</trkpt>
<trkpt lat="47.3125258" lon="0.4011665">
	<ele>38.80</ele>
	<time>1970-01-01T00:00:00.000Z</time>
</trkpt>
<trkpt lat="47.3130983" lon="0.4030789">
	<ele>42.00</ele>
	<time>1970-01-01T00:00:00.000Z</time>
</trkpt>
<trkpt lat="47.3140827" lon="0.4057729">
	<ele>39.80</ele>
	<time>1970-01-01T00:00:00.000Z</time>
</trkpt>
<trkpt lat="47.3146824" lon="0.4072550">
	<ele>38.10</ele>
	<time>1970-01-01T00:00:00.000Z</time>
</trkpt>
<trkpt lat="47.3148543" lon="0.4078546">
	<ele>37.80</ele>
	<time>1970-01-01T00:00:00.000Z</time>
</trkpt>
<trkpt lat="47.3149500" lon="0.4081031">
	<ele>38.40</ele>
	<time>1970-01-01T00:00:00.000Z</time>
</trkpt>
<trkpt lat="47.3150128" lon="0.4081783">
	<ele>38.40</ele>
	<time>1970-01-01T00:00:00.000Z</time>
</trkpt>
<trkpt lat="47.3149491" lon="0.4082728">
	<ele>38.40</ele>
	<time>1970-01-01T00:00:00.000Z</time>
</trkpt>
<trkpt lat="47.3152645" lon="0.4092811">
	<ele>39.20</ele>
	<time>1970-01-01T00:00:00.000Z</time>
</trkpt>
<trkpt lat="47.3153374" lon="0.4096869">
	<ele>38.80</ele>
	<time>1970-01-01T00:00:00.000Z</time>
</trkpt>
<trkpt lat="47.3154475" lon="0.4106630">
	<ele>38.90</ele>
	<time>1970-01-01T00:00:00.000Z</time>
</trkpt>
<trkpt lat="47.3155680" lon="0.4112163">
	<ele>39.10</ele>
	<time>1970-01-01T00:00:00.000Z</time>
</trkpt>
<trkpt lat="47.3159311" lon="0.4125576">
	<ele>40.40</ele>
	<time>1970-01-01T00:00:00.000Z</time>
</trkpt>
<trkpt lat="47.3167330" lon="0.4147123">
	<ele>40.20</ele>
	<time>1970-01-01T00:00:00.000Z</time>
</trkpt>
<trkpt lat="47.3169828" lon="0.4155335">
	<ele>40.00</ele>
	<time>1970-01-01T00:00:00.000Z</time>
</trkpt>
<trkpt lat="47.3173279" lon="0.4163883">
	<ele>39.70</ele>
	<time>1970-01-01T00:00:00.000Z</time>
</trkpt>
<trkpt lat="47.3180468" lon="0.4185817">
	<ele>40.10</ele>
	<time>1970-01-01T00:00:00.000Z</time>
</trkpt>
<trkpt lat="47.3182232" lon="0.4193453">
	<ele>40.40</ele>
	<time>1970-01-01T00:00:00.000Z</time>
</trkpt>
<trkpt lat="47.3182977" lon="0.4201007">
	<ele>40.20</ele>
	<time>1970-01-01T00:00:00.000Z</time>
</trkpt>
<trkpt lat="47.3182617" lon="0.4215647">
	<ele>40.90</ele>
	<time>1970-01-01T00:00:00.000Z</time>
</trkpt>
<trkpt lat="47.3181376" lon="0.4229534">
	<ele>40.90</ele>
	<time>1970-01-01T00:00:00.000Z</time>
</trkpt>
<trkpt lat="47.3181231" lon="0.4237793">
	<ele>40.50</ele>
	<time>1970-01-01T00:00:00.000Z</time>
</trkpt>
<trkpt lat="47.3185845" lon="0.4252134">
	<ele>38.00</ele>
	<time>1970-01-01T00:00:00.000Z</time>
</trkpt>
<trkpt lat="47.3186331" lon="0.4254404">
	<ele>38.10</ele>
	<time>1970-01-01T00:00:00.000Z</time>
</trkpt>
<trkpt lat="47.3186929" lon="0.4265031">
	<ele>39.70</ele>
	<time>1970-01-01T00:00:00.000Z</time>
</trkpt>
<trkpt lat="47.3189221" lon="0.4272562">
	<ele>39.50</ele>
	<time>1970-01-01T00:00:00.000Z</time>
</trkpt>
<trkpt lat="47.3189536" lon="0.4274574">
	<ele>39.50</ele>
	<time>1970-01-01T00:00:00.000Z</time>
</trkpt>
<trkpt lat="47.3189211" lon="0.4282218">
	<ele>39.70</ele>
	<time>1970-01-01T00:00:00.000Z</time>
</trkpt>
<trkpt lat="47.3189708" lon="0.4290436">
	<ele>40.00</ele>
	<time>1970-01-01T00:00:00.000Z</time>
</trkpt>
<trkpt lat="47.3192095" lon="0.4302624">
	<ele>41.50</ele>
	<time>1970-01-01T00:00:00.000Z</time>
</trkpt>
<trkpt lat="47.3193128" lon="0.4306603">
	<ele>41.80</ele>
	<time>1970-01-01T00:00:00.000Z</time>
</trkpt>
<trkpt lat="47.3195021" lon="0.4311162">
	<ele>42.10</ele>
	<time>1970-01-01T00:00:00.000Z</time>
</trkpt>
<trkpt lat="47.3197950" lon="0.4320996">
	<ele>40.60</ele>
	<time>1970-01-01T00:00:00.000Z</time>
</trkpt>
<trkpt lat="47.3201254" lon="0.4329255">
	<ele>38.70</ele>
	<time>1970-01-01T00:00:00.000Z</time>
</trkpt>
<trkpt lat="47.3205513" lon="0.4345335">
	<ele>38.00</ele>
	<time>1970-01-01T00:00:00.000Z</time>
</trkpt>
<trkpt lat="47.3205513" lon="0.4357125">
	<ele>39.10</ele>
	<time>1970-01-01T00:00:00.000Z</time>
</trkpt>
<trkpt lat="47.3204208" lon="0.4363255">
	<ele>39.60</ele>
	<time>1970-01-01T00:00:00.000Z</time>
</trkpt>
<trkpt lat="47.3204075" lon="0.4365050">
	<ele>39.50</ele>
	<time>1970-01-01T00:00:00.000Z</time>
</trkpt>
<trkpt lat="47.3204575" lon="0.4368070">
	<ele>39.00</ele>
	<time>1970-01-01T00:00:00.000Z</time>
</trkpt>
<trkpt lat="47.3207176" lon="0.4377323">
	<ele>39.00</ele>
	<time>1970-01-01T00:00:00.000Z</time>
</trkpt>
<trkpt lat="47.3207913" lon="0.4381000">
	<ele>38.50</ele>
	<time>1970-01-01T00:00:00.000Z</time>
</trkpt>
<trkpt lat="47.3209215" lon="0.4397135">
	<ele>40.90</ele>
	<time>1970-01-01T00:00:00.000Z</time>
</trkpt>
<trkpt lat="47.3210532" lon="0.4402516">
	<ele>41.10</ele>
	<time>1970-01-01T00:00:00.000Z</time>
</trkpt>
<trkpt lat="47.3216693" lon="0.4422147">
	<ele>38.70</ele>
	<time>1970-01-01T00:00:00.000Z</time>
</trkpt>
<trkpt lat="47.3219343" lon="0.4433239">
	<ele>38.00</ele>
	<time>1970-01-01T00:00:00.000Z</time>
</trkpt>
<trkpt lat="47.3221586" lon="0.4446325">
	<ele>39.20</ele>
	<time>1970-01-01T00:00:00.000Z</time>
</trkpt>
<trkpt lat="47.3222115" lon="0.4456541">
	<ele>38.60</ele>
	<time>1970-01-01T00:00:00.000Z</time>
</trkpt>
<trkpt lat="47.3222939" lon="0.4461587">
	<ele>37.20</ele>
	<time>1970-01-01T00:00:00.000Z</time>
</trkpt>
<trkpt lat="47.3227675" lon="0.4478343">
	<ele>38.90</ele>
	<time>1970-01-01T00:00:00.000Z</time>
</trkpt>
<trkpt lat="47.3229361" lon="0.4485773">
	<ele>38.50</ele>
	<time>1970-01-01T00:00:00.000Z</time>
</trkpt>
<trkpt lat="47.3250818" lon="0.4568816">
	<ele>41.20</ele>
	<time>1970-01-01T00:00:00.000Z</time>
</trkpt>
<trkpt lat="47.3251827" lon="0.4571272">
	<ele>41.10</ele>
	<time>1970-01-01T00:00:00.000Z</time>
</trkpt>
<trkpt lat="47.3256698" lon="0.4580221">
	<ele>41.80</ele>
	<time>1970-01-01T00:00:00.000Z</time>
</trkpt>
<trkpt lat="47.3269191" lon="0.4600403">
	<ele>41.60</ele>
	<time>1970-01-01T00:00:00.000Z</time>
</trkpt>
<trkpt lat="47.3271640" lon="0.4602008">
	<ele>41.40</ele>
	<time>1970-01-01T00:00:00.000Z</time>
</trkpt>
<trkpt lat="47.3274970" lon="0.4602314">
	<ele>41.20</ele>
	<time>1970-01-01T00:00:00.000Z</time>
</trkpt>
<trkpt lat="47.3278040" lon="0.4604701">
	<ele>40.90</ele>
	<time>1970-01-01T00:00:00.000Z</time>
</trkpt>
<trkpt lat="47.3279873" lon="0.4606602">
	<ele>40.60</ele>
	<time>1970-01-01T00:00:00.000Z</time>
</trkpt>
<trkpt lat="47.3285871" lon="0.4615181">
	<ele>40.30</ele>
	<time>1970-01-01T00:00:00.000Z</time>
</trkpt>
<trkpt lat="47.3293122" lon="0.4626347">
	<ele>41.30</ele>
	<time>1970-01-01T00:00:00.000Z</time>
</trkpt>
<trkpt lat="47.3295827" lon="0.4631799">
	<ele>41.60</ele>
	<time>1970-01-01T00:00:00.000Z</time>
</trkpt>
<trkpt lat="47.3298563" lon="0.4638347">
	<ele>42.40</ele>
	<time>1970-01-01T00:00:00.000Z</time>
</trkpt>
<trkpt lat="47.3300196" lon="0.4640972">
	<ele>43.00</ele>
	<time>1970-01-01T00:00:00.000Z</time>
</trkpt>
<trkpt lat="47.3303089" lon="0.4645128">
	<ele>42.30</ele>
	<time>1970-01-01T00:00:00.000Z</time>
</trkpt>
<trkpt lat="47.3306105" lon="0.4648376">
	<ele>41.80</ele>
	<time>1970-01-01T00:00:00.000Z</time>
</trkpt>
<trkpt lat="47.3308407" lon="0.4650293">
	<ele>41.70</ele>
	<time>1970-01-01T00:00:00.000Z</time>
</trkpt>
<trkpt lat="47.3313246" lon="0.4655777">
	<ele>42.10</ele>
	<time>1970-01-01T00:00:00.000Z</time>
</trkpt>
<trkpt lat="47.3315257" lon="0.4659576">
	<ele>42.40</ele>
	<time>1970-01-01T00:00:00.000Z</time>
</trkpt>
<trkpt lat="47.3316483" lon="0.4664193">
	<ele>42.40</ele>
	<time>1970-01-01T00:00:00.000Z</time>
</trkpt>
<trkpt lat="47.3322029" lon="0.4673986">
	<ele>42.50</ele>
	<time>1970-01-01T00:00:00.000Z</time>
</trkpt>
<trkpt lat="47.3328855" lon="0.4682965">
	<ele>42.20</ele>
	<time>1970-01-01T00:00:00.000Z</time>
</trkpt>
<trkpt lat="47.3331375" lon="0.4687008">
	<ele>41.90</ele>
	<time>1970-01-01T00:00:00.000Z</time>
</trkpt>
<trkpt lat="47.3339698" lon="0.4696166">
	<ele>40.00</ele>
	<time>1970-01-01T00:00:00.000Z</time>
</trkpt>
<trkpt lat="47.3345830" lon="0.4704303">
	<ele>40.50</ele>
	<time>1970-01-01T00:00:00.000Z</time>
</trkpt>
<trkpt lat="47.3349149" lon="0.4707843">
	<ele>40.20</ele>
	<time>1970-01-01T00:00:00.000Z</time>
</trkpt>
<trkpt lat="47.3361853" lon="0.4726272">
	<ele>45.60</ele>
	<time>1970-01-01T00:00:00.000Z</time>
</trkpt>
<trkpt lat="47.3373241" lon="0.4738404">
	<ele>43.50</ele>
	<time>1970-01-01T00:00:00.000Z</time>
</trkpt>
<trkpt lat="47.3376042" lon="0.4742140">
	<ele>41.60</ele>
	<time>1970-01-01T00:00:00.000Z</time>
</trkpt>
<trkpt lat="47.3379554" lon="0.4745802">
	<ele>42.00</ele>
	<time>1970-01-01T00:00:00.000Z</time>
</trkpt>
<trkpt lat="47.3381112" lon="0.4748300">
	<ele>42.30</ele>
	<time>1970-01-01T00:00:00.000Z</time>
</trkpt>
<trkpt lat="47.3383331" lon="0.4754250">
	<ele>42.20</ele>
	<time>1970-01-01T00:00:00.000Z</time>
</trkpt>
<trkpt lat="47.3384206" lon="0.4755548">
	<ele>42.30</ele>
	<time>1970-01-01T00:00:00.000Z</time>
</trkpt>
<trkpt lat="47.3386196" lon="0.4757601">
	<ele>42.00</ele>
	<time>1970-01-01T00:00:00.000Z</time>
</trkpt>
<trkpt lat="47.3390052" lon="0.4760151">
	<ele>41.50</ele>
	<time>1970-01-01T00:00:00.000Z</time>
</trkpt>
<trkpt lat="47.3397982" lon="0.4760755">
	<ele>39.40</ele>
	<time>1970-01-01T00:00:00.000Z</time>
</trkpt>
<trkpt lat="47.3399314" lon="0.4761084">
	<ele>39.40</ele>
	<time>1970-01-01T00:00:00.000Z</time>
</trkpt>
<trkpt lat="47.3400768" lon="0.4762111">
	<ele>38.60</ele>
	<time>1970-01-01T00:00:00.000Z</time>
</trkpt>
<trkpt lat="47.3407045" lon="0.4771170">
	<ele>37.80</ele>
	<time>1970-01-01T00:00:00.000Z</time>
</trkpt>
<trkpt lat="47.3414111" lon="0.4780564">
	<ele>38.50</ele>
	<time>1970-01-01T00:00:00.000Z</time>
</trkpt>
<trkpt lat="47.3418507" lon="0.4787617">
	<ele>37.80</ele>
	<time>1970-01-01T00:00:00.000Z</time>
</trkpt>
<trkpt lat="47.3418866" lon="0.4788808">
	<ele>37.80</ele>
	<time>1970-01-01T00:00:00.000Z</time>
</trkpt>
<trkpt lat="47.3419101" lon="0.4792149">
	<ele>38.40</ele>
	<time>1970-01-01T00:00:00.000Z</time>
</trkpt>
<trkpt lat="47.3418931" lon="0.4794713">
	<ele>38.70</ele>
	<time>1970-01-01T00:00:00.000Z</time>
</trkpt>
<trkpt lat="47.3417622" lon="0.4802831">
	<ele>40.70</ele>
	<time>1970-01-01T00:00:00.000Z</time>
</trkpt>
<trkpt lat="47.3416556" lon="0.4805573">
	<ele>40.70</ele>
	<time>1970-01-01T00:00:00.000Z</time>
</trkpt>
<trkpt lat="47.3411957" lon="0.4811593">
	<ele>41.30</ele>
	<time>1970-01-01T00:00:00.000Z</time>
</trkpt>
<trkpt lat="47.3409401" lon="0.4817040">
	<ele>39.80</ele>
	<time>1970-01-01T00:00:00.000Z</time>
</trkpt>
<trkpt lat="47.3404247" lon="0.4824489">
	<ele>40.00</ele>
	<time>1970-01-01T00:00:00.000Z</time>
</trkpt>
<trkpt lat="47.3386358" lon="0.4845986">
	<ele>41.50</ele>
	<time>1970-01-01T00:00:00.000Z</time>
</trkpt>
<trkpt lat="47.3384216" lon="0.4848988">
	<ele>40.00</ele>
	<time>1970-01-01T00:00:00.000Z</time>
</trkpt>
<trkpt lat="47.3382157" lon="0.4854133">
	<ele>40.40</ele>
	<time>1970-01-01T00:00:00.000Z</time>
</trkpt>
<trkpt lat="47.3380871" lon="0.4860883">
	<ele>39.10</ele>
	<time>1970-01-01T00:00:00.000Z</time>
</trkpt>
<trkpt lat="47.3377939" lon="0.4870254">
	<ele>39.40</ele>
	<time>1970-01-01T00:00:00.000Z</time>
</trkpt>
<trkpt lat="47.3375387" lon="0.4877159">
	<ele>39.60</ele>
	<time>1970-01-01T00:00:00.000Z</time>
</trkpt>
<trkpt lat="47.3374819" lon="0.4879224">
	<ele>40.20</ele>
	<time>1970-01-01T00:00:00.000Z</time>
</trkpt>
<trkpt lat="47.3374717" lon="0.4881164">
	<ele>40.20</ele>
	<time>1970-01-01T00:00:00.000Z</time>
</trkpt>
<trkpt lat="47.3375624" lon="0.4881055">
	<ele>40.20</ele>
	<time>1970-01-01T00:00:00.000Z</time>
</trkpt>
<trkpt lat="47.3376518" lon="0.4881585">
	<ele>40.90</ele>
	<time>1970-01-01T00:00:00.000Z</time>
</trkpt>
<trkpt lat="47.3378592" lon="0.4884175">
	<ele>40.80</ele>
	<time>1970-01-01T00:00:00.000Z</time>
</trkpt>
<trkpt lat="47.3380046" lon="0.4886850">
	<ele>40.50</ele>
	<time>1970-01-01T00:00:00.000Z</time>
</trkpt>
<trkpt lat="47.3381782" lon="0.4893025">
	<ele>40.80</ele>
	<time>1970-01-01T00:00:00.000Z</time>
</trkpt>
<trkpt lat="47.3382160" lon="0.4896744">
	<ele>40.80</ele>
	<time>1970-01-01T00:00:00.000Z</time>
</trkpt>
<trkpt lat="47.3382069" lon="0.4898402">
	<ele>40.90</ele>
	<time>1970-01-01T00:00:00.000Z</time>
</trkpt>
<trkpt lat="47.3381614" lon="0.4899854">
	<ele>40.90</ele>
	<time>1970-01-01T00:00:00.000Z</time>
</trkpt>
<trkpt lat="47.3385143" lon="0.4904367">
	<ele>40.90</ele>
	<time>1970-01-01T00:00:00.000Z</time>
</trkpt>
<trkpt lat="47.3387617" lon="0.4908823">
	<ele>41.50</ele>
	<time>1970-01-01T00:00:00.000Z</time>
</trkpt>
<trkpt lat="47.3390045" lon="0.4912406">
	<ele>41.30</ele>
	<time>1970-01-01T00:00:00.000Z</time>
</trkpt>
<trkpt lat="47.3394990" lon="0.4918615">
	<ele>39.80</ele>
	<time>1970-01-01T00:00:00.000Z</time>
</trkpt>
<trkpt lat="47.3398655" lon="0.4925252">
	<ele>40.10</ele>
	<time>1970-01-01T00:00:00.000Z</time>
</trkpt>
<trkpt lat="47.3400886" lon="0.4930197">
	<ele>39.50</ele>
	<time>1970-01-01T00:00:00.000Z</time>
</trkpt>
<trkpt lat="47.3403540" lon="0.4937522">
	<ele>38.80</ele>
	<time>1970-01-01T00:00:00.000Z</time>
</trkpt>
<trkpt lat="47.3407615" lon="0.4947293">
	<ele>39.40</ele>
	<time>1970-01-01T00:00:00.000Z</time>
</trkpt>
<trkpt lat="47.3410487" lon="0.4956887">
	<ele>40.20</ele>
	<time>1970-01-01T00:00:00.000Z</time>
</trkpt>
<trkpt lat="47.3414109" lon="0.4966962">
	<ele>40.60</ele>
	<time>1970-01-01T00:00:00.000Z</time>
</trkpt>
<trkpt lat="47.3420799" lon="0.4978559">
	<ele>40.90</ele>
	<time>1970-01-01T00:00:00.000Z</time>
</trkpt>
<trkpt lat="47.3427149" lon="0.4990682">
	<ele>41.10</ele>
	<time>1970-01-01T00:00:00.000Z</time>
</trkpt>
<trkpt lat="47.3429049" lon="0.4994807">
	<ele>41.90</ele>
	<time>1970-01-01T00:00:00.000Z</time>
</trkpt>
<trkpt lat="47.3430141" lon="0.4998278">
	<ele>42.60</ele>
	<time>1970-01-01T00:00:00.000Z</time>
</trkpt>
<trkpt lat="47.3432295" lon="0.5006740">
	<ele>43.90</ele>
	<time>1970-01-01T00:00:00.000Z</time>
</trkpt>
<trkpt lat="47.3442399" lon="0.5040538">
	<ele>40.70</ele>
	<time>1970-01-01T00:00:00.000Z</time>
</trkpt>
<trkpt lat="47.3444295" lon="0.5049128">
	<ele>41.90</ele>
	<time>1970-01-01T00:00:00.000Z</time>
</trkpt>
<trkpt lat="47.3445344" lon="0.5070745">
	<ele>42.70</ele>
	<time>1970-01-01T00:00:00.000Z</time>
</trkpt>
<trkpt lat="47.3445125" lon="0.5074862">
	<ele>43.30</ele>
	<time>1970-01-01T00:00:00.000Z</time>
</trkpt>
<trkpt lat="47.3443049" lon="0.5081732">
	<ele>42.90</ele>
	<time>1970-01-01T00:00:00.000Z</time>
</trkpt>
<trkpt lat="47.3442421" lon="0.5086464">
	<ele>42.50</ele>
	<time>1970-01-01T00:00:00.000Z</time>
</trkpt>
<trkpt lat="47.3441798" lon="0.5093558">
	<ele>42.90</ele>
	<time>1970-01-01T00:00:00.000Z</time>
</trkpt>
<trkpt lat="47.3441590" lon="0.5103147">
	<ele>45.20</ele>
	<time>1970-01-01T00:00:00.000Z</time>
</trkpt>
<trkpt lat="47.3441553" lon="0.5116967">
	<ele>41.70</ele>
	<time>1970-01-01T00:00:00.000Z</time>
</trkpt>
<trkpt lat="47.3441090" lon="0.5122713">
	<ele>40.70</ele>
	<time>1970-01-01T00:00:00.000Z</time>
</trkpt>
<trkpt lat="47.3438804" lon="0.5142140">
	<ele>39.40</ele>
	<time>1970-01-01T00:00:00.000Z</time>
</trkpt>
<trkpt lat="47.3435841" lon="0.5156843">
	<ele>40.70</ele>
	<time>1970-01-01T00:00:00.000Z</time>
</trkpt>
<trkpt lat="47.3435000" lon="0.5164299">
	<ele>39.30</ele>
	<time>1970-01-01T00:00:00.000Z</time>
</trkpt>
<trkpt lat="47.3434366" lon="0.5174283">
	<ele>41.30</ele>
	<time>1970-01-01T00:00:00.000Z</time>
</trkpt>
<trkpt lat="47.3435095" lon="0.5186413">
	<ele>40.00</ele>
	<time>1970-01-01T00:00:00.000Z</time>
</trkpt>
<trkpt lat="47.3436468" lon="0.5200924">
	<ele>41.30</ele>
	<time>1970-01-01T00:00:00.000Z</time>
</trkpt>
<trkpt lat="47.3436346" lon="0.5203688">
	<ele>41.70</ele>
	<time>1970-01-01T00:00:00.000Z</time>
</trkpt>
<trkpt lat="47.3437540" lon="0.5206018">
	<ele>42.40</ele>
	<time>1970-01-01T00:00:00.000Z</time>
</trkpt>
<trkpt lat="47.3440477" lon="0.5214918">
	<ele>40.50</ele>
	<time>1970-01-01T00:00:00.000Z</time>
</trkpt>
<trkpt lat="47.3446043" lon="0.5228456">
	<ele>44.30</ele>
	<time>1970-01-01T00:00:00.000Z</time>
</trkpt>
<trkpt lat="47.3450050" lon="0.5234723">
	<ele>46.80</ele>
	<time>1970-01-01T00:00:00.000Z</time>
</trkpt>
<trkpt lat="47.3453790" lon="0.5239070">
	<ele>40.70</ele>
	<time>1970-01-01T00:00:00.000Z</time>
</trkpt>
<trkpt lat="47.3457151" lon="0.5243978">
	<ele>46.40</ele>
	<time>1970-01-01T00:00:00.000Z</time>
</trkpt>
<trkpt lat="47.3458156" lon="0.5249893">
	<ele>46.40</ele>
	<time>1970-01-01T00:00:00.000Z</time>
</trkpt>
<trkpt lat="47.3461166" lon="0.5255916">
	<ele>46.10</ele>
	<time>1970-01-01T00:00:00.000Z</time>
</trkpt>
<trkpt lat="47.3463473" lon="0.5259403">
	<ele>45.30</ele>
	<time>1970-01-01T00:00:00.000Z</time>
</trkpt>
<trkpt lat="47.3470159" lon="0.5284073">
	<ele>41.50</ele>
	<time>1970-01-01T00:00:00.000Z</time>
</trkpt>
<trkpt lat="47.3470010" lon="0.5290190">
	<ele>41.90</ele>
	<time>1970-01-01T00:00:00.000Z</time>
</trkpt>
<trkpt lat="47.3467860" lon="0.5297307">
	<ele>42.40</ele>
	<time>1970-01-01T00:00:00.000Z</time>
</trkpt>
<trkpt lat="47.3469584" lon="0.5308697">
	<ele>42.10</ele>
	<time>1970-01-01T00:00:00.000Z</time>
</trkpt>
<trkpt lat="47.3470382" lon="0.5317458">
	<ele>40.70</ele>
	<time>1970-01-01T00:00:00.000Z</time>
</trkpt>
<trkpt lat="47.3471252" lon="0.5323568">
	<ele>39.60</ele>
	<time>1970-01-01T00:00:00.000Z</time>
</trkpt>
<trkpt lat="47.3470897" lon="0.5327678">
	<ele>39.60</ele>
	<time>1970-01-01T00:00:00.000Z</time>
</trkpt>
<trkpt lat="47.3469244" lon="0.5336394">
	<ele>40.90</ele>
	<time>1970-01-01T00:00:00.000Z</time>
</trkpt>
<trkpt lat="47.3468715" lon="0.5352558">
	<ele>45.50</ele>
	<time>1970-01-01T00:00:00.000Z</time>
</trkpt>
<trkpt lat="47.3469210" lon="0.5364872">
	<ele>41.90</ele>
	<time>1970-01-01T00:00:00.000Z</time>
</trkpt>
<trkpt lat="47.3469760" lon="0.5366187">
	<ele>41.90</ele>
	<time>1970-01-01T00:00:00.000Z</time>
</trkpt>
<trkpt lat="47.3470423" lon="0.5370251">
	<ele>42.50</ele>
	<time>1970-01-01T00:00:00.000Z</time>
</trkpt>
<trkpt lat="47.3471840" lon="0.5381039">
	<ele>40.10</ele>
	<time>1970-01-01T00:00:00.000Z</time>
</trkpt>
<trkpt lat="47.3474954" lon="0.5414064">
	<ele>39.60</ele>
	<time>1970-01-01T00:00:00.000Z</time>
</trkpt>
<trkpt lat="47.3476718" lon="0.5424654">
	<ele>40.30</ele>
	<time>1970-01-01T00:00:00.000Z</time>
</trkpt>
<trkpt lat="47.3479639" lon="0.5451085">
	<ele>49.20</ele>
	<time>1970-01-01T00:00:00.000Z</time>
</trkpt>
<trkpt lat="47.3480456" lon="0.5453624">
	<ele>44.40</ele>
	<time>1970-01-01T00:00:00.000Z</time>
</trkpt>
<trkpt lat="47.3482304" lon="0.5456720">
	<ele>43.60</ele>
	<time>1970-01-01T00:00:00.000Z</time>
</trkpt>
<trkpt lat="47.3483393" lon="0.5460021">
	<ele>44.00</ele>
	<time>1970-01-01T00:00:00.000Z</time>
</trkpt>
<trkpt lat="47.3484389" lon="0.5464162">
	<ele>40.10</ele>
	<time>1970-01-01T00:00:00.000Z</time>
</trkpt>
<trkpt lat="47.3485393" lon="0.5474572">
	<ele>43.80</ele>
	<time>1970-01-01T00:00:00.000Z</time>
</trkpt>
<trkpt lat="47.3486747" lon="0.5476855">
	<ele>42.60</ele>
	<time>1970-01-01T00:00:00.000Z</time>
</trkpt>
<trkpt lat="47.3487254" lon="0.5476928">
	<ele>42.60</ele>
	<time>1970-01-01T00:00:00.000Z</time>
</trkpt>
<trkpt lat="47.3491101" lon="0.5484676">
	<ele>40.10</ele>
	<time>1970-01-01T00:00:00.000Z</time>
</trkpt>
<trkpt lat="47.3491590" lon="0.5486658">
	<ele>41.20</ele>
	<time>1970-01-01T00:00:00.000Z</time>
</trkpt>
<trkpt lat="47.3496994" lon="0.5489446">
	<ele>40.00</ele>
	<time>1970-01-01T00:00:00.000Z</time>
</trkpt>
<trkpt lat="47.3497942" lon="0.5492940">
	<ele>40.80</ele>
	<time>1970-01-01T00:00:00.000Z</time>
</trkpt>
<trkpt lat="47.3501302" lon="0.5495037">
	<ele>41.70</ele>
	<time>1970-01-01T00:00:00.000Z</time>
</trkpt>
<trkpt lat="47.3503693" lon="0.5493562">
	<ele>41.60</ele>
	<time>1970-01-01T00:00:00.000Z</time>
</trkpt>
<trkpt lat="47.3510113" lon="0.5497921">
	<ele>40.20</ele>
	<time>1970-01-01T00:00:00.000Z</time>
</trkpt>
<trkpt lat="47.3514515" lon="0.5497827">
	<ele>40.00</ele>
	<time>1970-01-01T00:00:00.000Z</time>
</trkpt>
<trkpt lat="47.3525228" lon="0.5496726">
	<ele>40.40</ele>
	<time>1970-01-01T00:00:00.000Z</time>
</trkpt>
<trkpt lat="47.3528886" lon="0.5495513">
	<ele>40.00</ele>
	<time>1970-01-01T00:00:00.000Z</time>
</trkpt>
<trkpt lat="47.3532924" lon="0.5493511">
	<ele>40.30</ele>
	<time>1970-01-01T00:00:00.000Z</time>
</trkpt>
<trkpt lat="47.3537953" lon="0.5489810">
	<ele>40.00</ele>
	<time>1970-01-01T00:00:00.000Z</time>
</trkpt>
<trkpt lat="47.3543522" lon="0.5484454">
	<ele>40.20</ele>
	<time>1970-01-01T00:00:00.000Z</time>
</trkpt>
<trkpt lat="47.3556601" lon="0.5471753">
	<ele>41.00</ele>
	<time>1970-01-01T00:00:00.000Z</time>
</trkpt>
<trkpt lat="47.3560870" lon="0.5466628">
	<ele>40.30</ele>
	<time>1970-01-01T00:00:00.000Z</time>
</trkpt>
<trkpt lat="47.3565445" lon="0.5464021">
	<ele>40.50</ele>
	<time>1970-01-01T00:00:00.000Z</time>
</trkpt>
<trkpt lat="47.3568097" lon="0.5463355">
	<ele>40.30</ele>
	<time>1970-01-01T00:00:00.000Z</time>
</trkpt>
<trkpt lat="47.3574963" lon="0.5464369">
	<ele>42.90</ele>
	<time>1970-01-01T00:00:00.000Z</time>
</trkpt>
<trkpt lat="47.3577838" lon="0.5465350">
	<ele>42.70</ele>
	<time>1970-01-01T00:00:00.000Z</time>
</trkpt>
<trkpt lat="47.3581831" lon="0.5467593">
	<ele>43.40</ele>
	<time>1970-01-01T00:00:00.000Z</time>
</trkpt>
<trkpt lat="47.3585009" lon="0.5470510">
	<ele>43.20</ele>
	<time>1970-01-01T00:00:00.000Z</time>
</trkpt>
<trkpt lat="47.3587289" lon="0.5473094">
	<ele>43.30</ele>
	<time>1970-01-01T00:00:00.000Z</time>
</trkpt>
<trkpt lat="47.3591250" lon="0.5478615">
	<ele>43.00</ele>
	<time>1970-01-01T00:00:00.000Z</time>
</trkpt>
<trkpt lat="47.3593813" lon="0.5483111">
	<ele>42.50</ele>
	<time>1970-01-01T00:00:00.000Z</time>
</trkpt>
<trkpt lat="47.3595761" lon="0.5489145">
	<ele>42.20</ele>
	<time>1970-01-01T00:00:00.000Z</time>
</trkpt>
<trkpt lat="47.3597490" lon="0.5496844">
	<ele>41.00</ele>
	<time>1970-01-01T00:00:00.000Z</time>
</trkpt>
<trkpt lat="47.3599649" lon="0.5507868">
	<ele>40.60</ele>
	<time>1970-01-01T00:00:00.000Z</time>
</trkpt>
<trkpt lat="47.3600209" lon="0.5512626">
	<ele>41.40</ele>
	<time>1970-01-01T00:00:00.000Z</time>
</trkpt>
<trkpt lat="47.3600165" lon="0.5518250">
	<ele>41.80</ele>
	<time>1970-01-01T00:00:00.000Z</time>
</trkpt>
<trkpt lat="47.3600555" lon="0.5521732">
	<ele>40.90</ele>
	<time>1970-01-01T00:00:00.000Z</time>
</trkpt>
<trkpt lat="47.3600395" lon="0.5523167">
	<ele>42.10</ele>
	<time>1970-01-01T00:00:00.000Z</time>
</trkpt>
<trkpt lat="47.3594647" lon="0.5526058">
	<ele>43.50</ele>
	<time>1970-01-01T00:00:00.000Z</time>
</trkpt>
<trkpt lat="47.3596043" lon="0.5529454">
	<ele>43.80</ele>
	<time>1970-01-01T00:00:00.000Z</time>
</trkpt>
<trkpt lat="47.3596472" lon="0.5531485">
	<ele>44.20</ele>
	<time>1970-01-01T00:00:00.000Z</time>
</trkpt>
<trkpt lat="47.3596455" lon="0.5538791">
	<ele>44.00</ele>
	<time>1970-01-01T00:00:00.000Z</time>
</trkpt>
<trkpt lat="47.3596700" lon="0.5541404">
	<ele>43.40</ele>
	<time>1970-01-01T00:00:00.000Z</time>
</trkpt>
<trkpt lat="47.3597388" lon="0.5543707">
	<ele>42.70</ele>
	<time>1970-01-01T00:00:00.000Z</time>
</trkpt>
<trkpt lat="47.3601014" lon="0.5550393">
	<ele>40.80</ele>
	<time>1970-01-01T00:00:00.000Z</time>
</trkpt>
<trkpt lat="47.3601826" lon="0.5552595">
	<ele>40.90</ele>
	<time>1970-01-01T00:00:00.000Z</time>
</trkpt>
<trkpt lat="47.3605914" lon="0.5572267">
	<ele>42.10</ele>
	<time>1970-01-01T00:00:00.000Z</time>
</trkpt>
<trkpt lat="47.3607611" lon="0.5576763">
	<ele>42.40</ele>
	<time>1970-01-01T00:00:00.000Z</time>
</trkpt>
<trkpt lat="47.3610585" lon="0.5580230">
	<ele>41.30</ele>
	<time>1970-01-01T00:00:00.000Z</time>
</trkpt>
<trkpt lat="47.3612048" lon="0.5582578">
	<ele>40.90</ele>
	<time>1970-01-01T00:00:00.000Z</time>
</trkpt>
<trkpt lat="47.3619999" lon="0.5602616">
	<ele>43.10</ele>
	<time>1970-01-01T00:00:00.000Z</time>
</trkpt>
<trkpt lat="47.3623043" lon="0.5607778">
	<ele>42.70</ele>
	<time>1970-01-01T00:00:00.000Z</time>
</trkpt>
<trkpt lat="47.3624886" lon="0.5611949">
	<ele>45.60</ele>
	<time>1970-01-01T00:00:00.000Z</time>
</trkpt>
<trkpt lat="47.3627220" lon="0.5615001">
	<ele>44.80</ele>
	<time>1970-01-01T00:00:00.000Z</time>
</trkpt>
<trkpt lat="47.3628861" lon="0.5618052">
	<ele>45.10</ele>
	<time>1970-01-01T00:00:00.000Z</time>
</trkpt>
<trkpt lat="47.3632603" lon="0.5627295">
	<ele>44.30</ele>
	<time>1970-01-01T00:00:00.000Z</time>
</trkpt>
<trkpt lat="47.3633535" lon="0.5630963">
	<ele>41.60</ele>
	<time>1970-01-01T00:00:00.000Z</time>
</trkpt>
<trkpt lat="47.3634509" lon="0.5638728">
	<ele>42.90</ele>
	<time>1970-01-01T00:00:00.000Z</time>
</trkpt>
<trkpt lat="47.3634507" lon="0.5643341">
	<ele>42.10</ele>
	<time>1970-01-01T00:00:00.000Z</time>
</trkpt>
<trkpt lat="47.3633984" lon="0.5647166">
	<ele>41.80</ele>
	<time>1970-01-01T00:00:00.000Z</time>
</trkpt>
<trkpt lat="47.3632859" lon="0.5651075">
	<ele>43.60</ele>
	<time>1970-01-01T00:00:00.000Z</time>
</trkpt>
<trkpt lat="47.3629959" lon="0.5657530">
	<ele>41.80</ele>
	<time>1970-01-01T00:00:00.000Z</time>
</trkpt>
<trkpt lat="47.3626502" lon="0.5664065">
	<ele>42.40</ele>
	<time>1970-01-01T00:00:00.000Z</time>
</trkpt>
<trkpt lat="47.3620560" lon="0.5677522">
	<ele>41.90</ele>
	<time>1970-01-01T00:00:00.000Z</time>
</trkpt>
<trkpt lat="47.3615985" lon="0.5685272">
	<ele>41.50</ele>
	<time>1970-01-01T00:00:00.000Z</time>
</trkpt>
<trkpt lat="47.3607502" lon="0.5702091">
	<ele>43.50</ele>
	<time>1970-01-01T00:00:00.000Z</time>
</trkpt>
<trkpt lat="47.3606013" lon="0.5708867">
	<ele>41.60</ele>
	<time>1970-01-01T00:00:00.000Z</time>
</trkpt>
<trkpt lat="47.3605518" lon="0.5712775">
	<ele>42.80</ele>
	<time>1970-01-01T00:00:00.000Z</time>
</trkpt>
<trkpt lat="47.3604765" lon="0.5720722">
	<ele>41.20</ele>
	<time>1970-01-01T00:00:00.000Z</time>
</trkpt>
<trkpt lat="47.3604384" lon="0.5733026">
	<ele>41.10</ele>
	<time>1970-01-01T00:00:00.000Z</time>
</trkpt>
<trkpt lat="47.3604679" lon="0.5745881">
	<ele>41.10</ele>
	<time>1970-01-01T00:00:00.000Z</time>
</trkpt>
<trkpt lat="47.3606343" lon="0.5757445">
	<ele>41.40</ele>
	<time>1970-01-01T00:00:00.000Z</time>
</trkpt>
<trkpt lat="47.3606878" lon="0.5760642">
	<ele>41.50</ele>
	<time>1970-01-01T00:00:00.000Z</time>
</trkpt>
<trkpt lat="47.3608308" lon="0.5765770">
	<ele>41.70</ele>
	<time>1970-01-01T00:00:00.000Z</time>
</trkpt>
<trkpt lat="47.3610852" lon="0.5780174">
	<ele>43.90</ele>
	<time>1970-01-01T00:00:00.000Z</time>
</trkpt>
<trkpt lat="47.3611904" lon="0.5784405">
	<ele>43.80</ele>
	<time>1970-01-01T00:00:00.000Z</time>
</trkpt>
<trkpt lat="47.3612296" lon="0.5785874">
	<ele>43.80</ele>
	<time>1970-01-01T00:00:00.000Z</time>
</trkpt>
<trkpt lat="47.3613373" lon="0.5786224">
	<ele>42.30</ele>
	<time>1970-01-01T00:00:00.000Z</time>
</trkpt>
<trkpt lat="47.3615128" lon="0.5793462">
	<ele>42.60</ele>
	<time>1970-01-01T00:00:00.000Z</time>
</trkpt>
<trkpt lat="47.3619496" lon="0.5803616">
	<ele>41.70</ele>
	<time>1970-01-01T00:00:00.000Z</time>
</trkpt>
<trkpt lat="47.3623552" lon="0.5815680">
	<ele>41.80</ele>
	<time>1970-01-01T00:00:00.000Z</time>
</trkpt>
<trkpt lat="47.3628246" lon="0.5827410">
	<ele>41.70</ele>
	<time>1970-01-01T00:00:00.000Z</time>
</trkpt>
<trkpt lat="47.3634488" lon="0.5846869">
	<ele>42.20</ele>
	<time>1970-01-01T00:00:00.000Z</time>
</trkpt>
<trkpt lat="47.3636934" lon="0.5853281">
	<ele>43.20</ele>
	<time>1970-01-01T00:00:00.000Z</time>
</trkpt>
<trkpt lat="47.3640944" lon="0.5865507">
	<ele>43.70</ele>
	<time>1970-01-01T00:00:00.000Z</time>
</trkpt>
<trkpt lat="47.3641807" lon="0.5872770">
	<ele>43.60</ele>
	<time>1970-01-01T00:00:00.000Z</time>
</trkpt>
<trkpt lat="47.3643267" lon="0.5879322">
	<ele>42.40</ele>
	<time>1970-01-01T00:00:00.000Z</time>
</trkpt>
<trkpt lat="47.3643838" lon="0.5883376">
	<ele>43.50</ele>
	<time>1970-01-01T00:00:00.000Z</time>
</trkpt>
<trkpt lat="47.3643839" lon="0.5892164">
	<ele>44.00</ele>
	<time>1970-01-01T00:00:00.000Z</time>
</trkpt>
<trkpt lat="47.3642355" lon="0.5909570">
	<ele>43.60</ele>
	<time>1970-01-01T00:00:00.000Z</time>
</trkpt>
<trkpt lat="47.3640638" lon="0.5922373">
	<ele>44.20</ele>
	<time>1970-01-01T00:00:00.000Z</time>
</trkpt>
<trkpt lat="47.3637678" lon="0.5938110">
	<ele>42.90</ele>
	<time>1970-01-01T00:00:00.000Z</time>
</trkpt>
<trkpt lat="47.3631845" lon="0.5958784">
	<ele>44.60</ele>
	<time>1970-01-01T00:00:00.000Z</time>
</trkpt>
<trkpt lat="47.3631225" lon="0.5962311">
	<ele>45.30</ele>
	<time>1970-01-01T00:00:00.000Z</time>
</trkpt>
<trkpt lat="47.3630053" lon="0.5976679">
	<ele>45.30</ele>
	<time>1970-01-01T00:00:00.000Z</time>
</trkpt>
<trkpt lat="47.3628321" lon="0.5992596">
	<ele>44.20</ele>
	<time>1970-01-01T00:00:00.000Z</time>
</trkpt>
<trkpt lat="47.3628606" lon="0.6010295">
	<ele>44.90</ele>
	<time>1970-01-01T00:00:00.000Z</time>
</trkpt>
<trkpt lat="47.3627714" lon="0.6022555">
	<ele>46.90</ele>
	<time>1970-01-01T00:00:00.000Z</time>
</trkpt>
<trkpt lat="47.3628586" lon="0.6030099">
	<ele>46.70</ele>
	<time>1970-01-01T00:00:00.000Z</time>
</trkpt>
<trkpt lat="47.3628706" lon="0.6039218">
	<ele>45.60</ele>
	<time>1970-01-01T00:00:00.000Z</time>
</trkpt>
<trkpt lat="47.3628213" lon="0.6046245">
	<ele>45.10</ele>
	<time>1970-01-01T00:00:00.000Z</time>
</trkpt>
<trkpt lat="47.3627080" lon="0.6048578">
	<ele>45.10</ele>
	<time>1970-01-01T00:00:00.000Z</time>
</trkpt>
<trkpt lat="47.3629644" lon="0.6049748">
	<ele>44.90</ele>
	<time>1970-01-01T00:00:00.000Z</time>
</trkpt>
<trkpt lat="47.3631794" lon="0.6052224">
	<ele>43.60</ele>
	<time>1970-01-01T00:00:00.000Z</time>
</trkpt>
<trkpt lat="47.3637545" lon="0.6070392">
	<ele>42.90</ele>
	<time>1970-01-01T00:00:00.000Z</time>
</trkpt>
<trkpt lat="47.3638782" lon="0.6075359">
	<ele>44.10</ele>
	<time>1970-01-01T00:00:00.000Z</time>
</trkpt>
<trkpt lat="47.3643558" lon="0.6088576">
	<ele>45.90</ele>
	<time>1970-01-01T00:00:00.000Z</time>
</trkpt>
<trkpt lat="47.3647418" lon="0.6096794">
	<ele>45.00</ele>
	<time>1970-01-01T00:00:00.000Z</time>
</trkpt>
<trkpt lat="47.3653985" lon="0.6107768">
	<ele>46.30</ele>
	<time>1970-01-01T00:00:00.000Z</time>
</trkpt>
<trkpt lat="47.3658236" lon="0.6116542">
	<ele>49.20</ele>
	<time>1970-01-01T00:00:00.000Z</time>
</trkpt>
<trkpt lat="47.3660448" lon="0.6119848">
	<ele>49.50</ele>
	<time>1970-01-01T00:00:00.000Z</time>
</trkpt>
<trkpt lat="47.3674756" lon="0.6133702">
	<ele>44.70</ele>
	<time>1970-01-01T00:00:00.000Z</time>
</trkpt>
<trkpt lat="47.3684842" lon="0.6149504">
	<ele>43.50</ele>
	<time>1970-01-01T00:00:00.000Z</time>
</trkpt>
<trkpt lat="47.3686874" lon="0.6155021">
	<ele>43.60</ele>
	<time>1970-01-01T00:00:00.000Z</time>
</trkpt>
<trkpt lat="47.3689153" lon="0.6165554">
	<ele>43.70</ele>
	<time>1970-01-01T00:00:00.000Z</time>
</trkpt>
<trkpt lat="47.3692297" lon="0.6182357">
	<ele>44.10</ele>
	<time>1970-01-01T00:00:00.000Z</time>
</trkpt>
<trkpt lat="47.3703424" lon="0.6249434">
	<ele>44.80</ele>
	<time>1970-01-01T00:00:00.000Z</time>
</trkpt>
<trkpt lat="47.3704072" lon="0.6288126">
	<ele>44.80</ele>
	<time>1970-01-01T00:00:00.000Z</time>
</trkpt>
<trkpt lat="47.3708710" lon="0.6325295">
	<ele>45.60</ele>
	<time>1970-01-01T00:00:00.000Z</time>
</trkpt>
<trkpt lat="47.3713724" lon="0.6376022">
	<ele>44.00</ele>
	<time>1970-01-01T00:00:00.000Z</time>
</trkpt>
<trkpt lat="47.3719126" lon="0.6391919">
	<ele>45.10</ele>
	<time>1970-01-01T00:00:00.000Z</time>
</trkpt>
<trkpt lat="47.3720132" lon="0.6393863">
	<ele>44.80</ele>
	<time>1970-01-01T00:00:00.000Z</time>
</trkpt>
<trkpt lat="47.3721728" lon="0.6413540">
	<ele>47.40</ele>
	<time>1970-01-01T00:00:00.000Z</time>
</trkpt>
<trkpt lat="47.3721834" lon="0.6439737">
	<ele>43.10</ele>
	<time>1970-01-01T00:00:00.000Z</time>
</trkpt>
<trkpt lat="47.3722396" lon="0.6453195">
	<ele>44.10</ele>
	<time>1970-01-01T00:00:00.000Z</time>
</trkpt>
<trkpt lat="47.3724074" lon="0.6463991">
	<ele>44.50</ele>
	<time>1970-01-01T00:00:00.000Z</time>
</trkpt>
<trkpt lat="47.3725782" lon="0.6466570">
	<ele>44.30</ele>
	<time>1970-01-01T00:00:00.000Z</time>
</trkpt>
<trkpt lat="47.3727552" lon="0.6470310">
	<ele>44.10</ele>
	<time>1970-01-01T00:00:00.000Z</time>
</trkpt>
<trkpt lat="47.3730929" lon="0.6476100">
	<ele>43.70</ele>
	<time>1970-01-01T00:00:00.000Z</time>
</trkpt>
<trkpt lat="47.3738249" lon="0.6486665">
	<ele>43.60</ele>
	<time>1970-01-01T00:00:00.000Z</time>
</trkpt>
<trkpt lat="47.3741653" lon="0.6492852">
	<ele>43.50</ele>
	<time>1970-01-01T00:00:00.000Z</time>
</trkpt>
<trkpt lat="47.3742688" lon="0.6495538">
	<ele>43.50</ele>
	<time>1970-01-01T00:00:00.000Z</time>
</trkpt>
<trkpt lat="47.3743017" lon="0.6498853">
	<ele>43.50</ele>
	<time>1970-01-01T00:00:00.000Z</time>
</trkpt>
<trkpt lat="47.3742814" lon="0.6503078">
	<ele>43.50</ele>
	<time>1970-01-01T00:00:00.000Z</time>
</trkpt>
<trkpt lat="47.3739304" lon="0.6524152">
	<ele>43.50</ele>
	<time>1970-01-01T00:00:00.000Z</time>
</trkpt>
<trkpt lat="47.3738949" lon="0.6529544">
	<ele>43.70</ele>
	<time>1970-01-01T00:00:00.000Z</time>
</trkpt>
<trkpt lat="47.3738442" lon="0.6530976">
	<ele>43.70</ele>
	<time>1970-01-01T00:00:00.000Z</time>
</trkpt>
<trkpt lat="47.3708256" lon="0.6545819">
	<ele>44.40</ele>
	<time>1970-01-01T00:00:00.000Z</time>
</trkpt>
<trkpt lat="47.3705566" lon="0.6558015">
	<ele>45.40</ele>
	<time>1970-01-01T00:00:00.000Z</time>
</trkpt>
<trkpt lat="47.3703568" lon="0.6562091">
	<ele>45.70</ele>
	<time>1970-01-01T00:00:00.000Z</time>
</trkpt>
<trkpt lat="47.3701684" lon="0.6569360">
	<ele>45.60</ele>
	<time>1970-01-01T00:00:00.000Z</time>
</trkpt>
<trkpt lat="47.3691462" lon="0.6580755">
	<ele>45.60</ele>
	<time>1970-01-01T00:00:00.000Z</time>
</trkpt>
<trkpt lat="47.3686113" lon="0.6587965">
	<ele>45.00</ele>
	<time>1970-01-01T00:00:00.000Z</time>
</trkpt>
<trkpt lat="47.3682671" lon="0.6596331">
	<ele>44.40</ele>
	<time>1970-01-01T00:00:00.000Z</time>
</trkpt>
<trkpt lat="47.3680200" lon="0.6606012">
	<ele>44.80</ele>
	<time>1970-01-01T00:00:00.000Z</time>
</trkpt>
<trkpt lat="47.3677241" lon="0.6610675">
	<ele>44.60</ele>
	<time>1970-01-01T00:00:00.000Z</time>
</trkpt>
<trkpt lat="47.3676493" lon="0.6610719">
	<ele>44.20</ele>
	<time>1970-01-01T00:00:00.000Z</time>
</trkpt>
<trkpt lat="47.3652772" lon="0.6596841">
	<ele>46.00</ele>
	<time>1970-01-01T00:00:00.000Z</time>
</trkpt>
<trkpt lat="47.3650635" lon="0.6595829">
	<ele>46.30</ele>
	<time>1970-01-01T00:00:00.000Z</time>
</trkpt>
<trkpt lat="47.3649615" lon="0.6596398">
	<ele>46.90</ele>
	<time>1970-01-01T00:00:00.000Z</time>
</trkpt>
<trkpt lat="47.3647060" lon="0.6604315">
	<ele>46.40</ele>
	<time>1970-01-01T00:00:00.000Z</time>
</trkpt>
<trkpt lat="47.3647472" lon="0.6607825">
	<ele>46.30</ele>
	<time>1970-01-01T00:00:00.000Z</time>
</trkpt>
<trkpt lat="47.3644803" lon="0.6613930">
	<ele>47.20</ele>
	<time>1970-01-01T00:00:00.000Z</time>
</trkpt>
<trkpt lat="47.3643341" lon="0.6620941">
	<ele>48.70</ele>
	<time>1970-01-01T00:00:00.000Z</time>
</trkpt>
<trkpt lat="47.3641874" lon="0.6625936">
	<ele>49.40</ele>
	<time>1970-01-01T00:00:00.000Z</time>
</trkpt>
<trkpt lat="47.3641617" lon="0.6628770">
	<ele>48.90</ele>
	<time>1970-01-01T00:00:00.000Z</time>
</trkpt>
<trkpt lat="47.3640724" lon="0.6631911">
	<ele>48.30</ele>
	<time>1970-01-01T00:00:00.000Z</time>
</trkpt>
<trkpt lat="47.3639402" lon="0.6639139">
	<ele>47.90</ele>
	<time>1970-01-01T00:00:00.000Z</time>
</trkpt>
<trkpt lat="47.3637533" lon="0.6643848">
	<ele>47.80</ele>
	<time>1970-01-01T00:00:00.000Z</time>
</trkpt>
<trkpt lat="47.3636323" lon="0.6649493">
	<ele>48.10</ele>
	<time>1970-01-01T00:00:00.000Z</time>
</trkpt>
<trkpt lat="47.3635708" lon="0.6658348">
	<ele>48.20</ele>
	<time>1970-01-01T00:00:00.000Z</time>
</trkpt>
<trkpt lat="47.3637691" lon="0.6662436">
	<ele>46.60</ele>
	<time>1970-01-01T00:00:00.000Z</time>
</trkpt>
<trkpt lat="47.3638075" lon="0.6664078">
	<ele>46.10</ele>
	<time>1970-01-01T00:00:00.000Z</time>
</trkpt>
<trkpt lat="47.3637255" lon="0.6679741">
	<ele>45.00</ele>
	<time>1970-01-01T00:00:00.000Z</time>
</trkpt>
<trkpt lat="47.3638652" lon="0.6686532">
	<ele>45.40</ele>
	<time>1970-01-01T00:00:00.000Z</time>
</trkpt>
<trkpt lat="47.3638939" lon="0.6689637">
	<ele>45.90</ele>
	<time>1970-01-01T00:00:00.000Z</time>
</trkpt>
<trkpt lat="47.3638828" lon="0.6692172">
	<ele>46.00</ele>
	<time>1970-01-01T00:00:00.000Z</time>
</trkpt>
<trkpt lat="47.3637192" lon="0.6700410">
	<ele>45.80</ele>
	<time>1970-01-01T00:00:00.000Z</time>
</trkpt>
<trkpt lat="47.3637234" lon="0.6703414">
	<ele>45.40</ele>
	<time>1970-01-01T00:00:00.000Z</time>
</trkpt>
<trkpt lat="47.3637928" lon="0.6706117">
	<ele>45.10</ele>
	<time>1970-01-01T00:00:00.000Z</time>
</trkpt>
<trkpt lat="47.3641292" lon="0.6713963">
	<ele>45.00</ele>
	<time>1970-01-01T00:00:00.000Z</time>
</trkpt>
<trkpt lat="47.3642511" lon="0.6719983">
	<ele>45.70</ele>
	<time>1970-01-01T00:00:00.000Z</time>
</trkpt>
<trkpt lat="47.3643497" lon="0.6723384">
	<ele>46.00</ele>
	<time>1970-01-01T00:00:00.000Z</time>
</trkpt>
<trkpt lat="47.3644056" lon="0.6727199">
	<ele>46.40</ele>
	<time>1970-01-01T00:00:00.000Z</time>
</trkpt>
<trkpt lat="47.3643751" lon="0.6731087">
	<ele>47.70</ele>
	<time>1970-01-01T00:00:00.000Z</time>
</trkpt>
<trkpt lat="47.3644458" lon="0.6736266">
	<ele>48.40</ele>
	<time>1970-01-01T00:00:00.000Z</time>
</trkpt>
<trkpt lat="47.3644525" lon="0.6739603">
	<ele>48.60</ele>
	<time>1970-01-01T00:00:00.000Z</time>
</trkpt>
<trkpt lat="47.3642298" lon="0.6745767">
	<ele>48.90</ele>
	<time>1970-01-01T00:00:00.000Z</time>
</trkpt>
<trkpt lat="47.3642187" lon="0.6747885">
	<ele>48.60</ele>
	<time>1970-01-01T00:00:00.000Z</time>
</trkpt>
<trkpt lat="47.3642515" lon="0.6749871">
	<ele>48.20</ele>
	<time>1970-01-01T00:00:00.000Z</time>
</trkpt>
<trkpt lat="47.3639891" lon="0.6752662">
	<ele>48.40</ele>
	<time>1970-01-01T00:00:00.000Z</time>
</trkpt>
<trkpt lat="47.3638011" lon="0.6757734">
	<ele>48.50</ele>
	<time>1970-01-01T00:00:00.000Z</time>
</trkpt>
<trkpt lat="47.3636782" lon="0.6759981">
	<ele>48.30</ele>
	<time>1970-01-01T00:00:00.000Z</time>
</trkpt>
<trkpt lat="47.3633013" lon="0.6763819">
	<ele>48.70</ele>
	<time>1970-01-01T00:00:00.000Z</time>
</trkpt>
<trkpt lat="47.3632061" lon="0.6765252">
	<ele>49.50</ele>
	<time>1970-01-01T00:00:00.000Z</time>
</trkpt>
<trkpt lat="47.3628876" lon="0.6773534">
	<ele>50.80</ele>
	<time>1970-01-01T00:00:00.000Z</time>
</trkpt>
<trkpt lat="47.3625220" lon="0.6778098">
	<ele>51.00</ele>
	<time>1970-01-01T00:00:00.000Z</time>
</trkpt>
<trkpt lat="47.3624334" lon="0.6779743">
	<ele>50.30</ele>
	<time>1970-01-01T00:00:00.000Z</time>
</trkpt>
<trkpt lat="47.3624321" lon="0.6781306">
	<ele>49.60</ele>
	<time>1970-01-01T00:00:00.000Z</time>
</trkpt>
<trkpt lat="47.3625898" lon="0.6784975">
	<ele>49.20</ele>
	<time>1970-01-01T00:00:00.000Z</time>
</trkpt>
<trkpt lat="47.3625970" lon="0.6785875">
	<ele>49.20</ele>
	<time>1970-01-01T00:00:00.000Z</time>
</trkpt>
<trkpt lat="47.3625834" lon="0.6787177">
	<ele>49.20</ele>
	<time>1970-01-01T00:00:00.000Z</time>
</trkpt>
<trkpt lat="47.3625134" lon="0.6789084">
	<ele>49.20</ele>
	<time>1970-01-01T00:00:00.000Z</time>
</trkpt>
<trkpt lat="47.3623567" lon="0.6791371">
	<ele>50.90</ele>
	<time>1970-01-01T00:00:00.000Z</time>
</trkpt>
<trkpt lat="47.3623595" lon="0.6793664">
	<ele>51.00</ele>
	<time>1970-01-01T00:00:00.000Z</time>
</trkpt>
<trkpt lat="47.3624914" lon="0.6795226">
	<ele>49.80</ele>
	<time>1970-01-01T00:00:00.000Z</time>
</trkpt>
<trkpt lat="47.3623731" lon="0.6797277">
	<ele>51.20</ele>
	<time>1970-01-01T00:00:00.000Z</time>
</trkpt>
<trkpt lat="47.3623483" lon="0.6799316">
	<ele>51.50</ele>
	<time>1970-01-01T00:00:00.000Z</time>
</trkpt>
<trkpt lat="47.3624895" lon="0.6805112">
	<ele>49.90</ele>
	<time>1970-01-01T00:00:00.000Z</time>
</trkpt>
<trkpt lat="47.3624463" lon="0.6809187">
	<ele>49.40</ele>
	<time>1970-01-01T00:00:00.000Z</time>
</trkpt>
<trkpt lat="47.3624640" lon="0.6810798">
	<ele>49.40</ele>
	<time>1970-01-01T00:00:00.000Z</time>
</trkpt>
<trkpt lat="47.3628008" lon="0.6817122">
	<ele>49.40</ele>
	<time>1970-01-01T00:00:00.000Z</time>
</trkpt>
<trkpt lat="47.3630004" lon="0.6823727">
	<ele>49.10</ele>
	<time>1970-01-01T00:00:00.000Z</time>
</trkpt>
<trkpt lat="47.3630514" lon="0.6827575">
	<ele>48.90</ele>
	<time>1970-01-01T00:00:00.000Z</time>
</trkpt>
<trkpt lat="47.3630124" lon="0.6832420">
	<ele>49.20</ele>
	<time>1970-01-01T00:00:00.000Z</time>
</trkpt>
<trkpt lat="47.3631207" lon="0.6835752">
	<ele>49.30</ele>
	<time>1970-01-01T00:00:00.000Z</time>
</trkpt>
<trkpt lat="47.3632137" lon="0.6841263">
	<ele>49.00</ele>
	<time>1970-01-01T00:00:00.000Z</time>
</trkpt>
<trkpt lat="47.3633078" lon="0.6843756">
	<ele>49.00</ele>
	<time>1970-01-01T00:00:00.000Z</time>
</trkpt>
<trkpt lat="47.3633239" lon="0.6845018">
	<ele>49.00</ele>
	<time>1970-01-01T00:00:00.000Z</time>
</trkpt>
<trkpt lat="47.3635042" lon="0.6844836">
	<ele>49.10</ele>
	<time>1970-01-01T00:00:00.000Z</time>
</trkpt>
<trkpt lat="47.3638678" lon="0.6842218">
	<ele>49.80</ele>
	<time>1970-01-01T00:00:00.000Z</time>
</trkpt>
<trkpt lat="47.3639305" lon="0.6843885">
	<ele>50.10</ele>
	<time>1970-01-01T00:00:00.000Z</time>
</trkpt>
<trkpt lat="47.3640273" lon="0.6844598">
	<ele>50.10</ele>
	<time>1970-01-01T00:00:00.000Z</time>
</trkpt>
<trkpt lat="47.3641057" lon="0.6845081">
	<ele>50.50</ele>
	<time>1970-01-01T00:00:00.000Z</time>
</trkpt>
<trkpt lat="47.3642414" lon="0.6844785">
	<ele>50.50</ele>
	<time>1970-01-01T00:00:00.000Z</time>
</trkpt>
<trkpt lat="47.3642192" lon="0.6848254">
	<ele>50.20</ele>
	<time>1970-01-01T00:00:00.000Z</time>
</trkpt>
<trkpt lat="47.3641640" lon="0.6851248">
	<ele>50.00</ele>
	<time>1970-01-01T00:00:00.000Z</time>
</trkpt>
<trkpt lat="47.3639543" lon="0.6858588">
	<ele>50.70</ele>
	<time>1970-01-01T00:00:00.000Z</time>
</trkpt>
<trkpt lat="47.3638763" lon="0.6860363">
	<ele>50.90</ele>
	<time>1970-01-01T00:00:00.000Z</time>
</trkpt>
<trkpt lat="47.3638432" lon="0.6862803">
	<ele>51.00</ele>
	<time>1970-01-01T00:00:00.000Z</time>
</trkpt>
<trkpt lat="47.3637546" lon="0.6870747">
	<ele>50.20</ele>
	<time>1970-01-01T00:00:00.000Z</time>
</trkpt>
<trkpt lat="47.3637891" lon="0.6879233">
	<ele>48.70</ele>
	<time>1970-01-01T00:00:00.000Z</time>
</trkpt>
<trkpt lat="47.3639648" lon="0.6878784">
	<ele>48.80</ele>
	<time>1970-01-01T00:00:00.000Z</time>
</trkpt>
<trkpt lat="47.3641933" lon="0.6876447">
	<ele>49.10</ele>
	<time>1970-01-01T00:00:00.000Z</time>
</trkpt>
<trkpt lat="47.3643597" lon="0.6878984">
	<ele>48.70</ele>
	<time>1970-01-01T00:00:00.000Z</time>
</trkpt>
<trkpt lat="47.3646544" lon="0.6885008">
	<ele>48.30</ele>
	<time>1970-01-01T00:00:00.000Z</time>
</trkpt>
<trkpt lat="47.3648588" lon="0.6886391">
	<ele>47.40</ele>
	<time>1970-01-01T00:00:00.000Z</time>
</trkpt>
<trkpt lat="47.3650737" lon="0.6885714">
	<ele>46.00</ele>
	<time>1970-01-01T00:00:00.000Z</time>
</trkpt>
<trkpt lat="47.3651930" lon="0.6887592">
	<ele>44.60</ele>
	<time>1970-01-01T00:00:00.000Z</time>
</trkpt>
<trkpt lat="47.3651206" lon="0.6898845">
	<ele>45.50</ele>
	<time>1970-01-01T00:00:00.000Z</time>
</trkpt>
<trkpt lat="47.3651533" lon="0.6903523">
	<ele>45.60</ele>
	<time>1970-01-01T00:00:00.000Z</time>
</trkpt>
<trkpt lat="47.3652551" lon="0.6908105">
	<ele>44.60</ele>
	<time>1970-01-01T00:00:00.000Z</time>
</trkpt>
<trkpt lat="47.3656459" lon="0.6920781">
	<ele>45.20</ele>
	<time>1970-01-01T00:00:00.000Z</time>
</trkpt>
<trkpt lat="47.3657052" lon="0.6925225">
	<ele>46.90</ele>
	<time>1970-01-01T00:00:00.000Z</time>
</trkpt>
<trkpt lat="47.3657141" lon="0.6930654">
	<ele>47.40</ele>
	<time>1970-01-01T00:00:00.000Z</time>
</trkpt>
<trkpt lat="47.3657732" lon="0.6938160">
	<ele>47.70</ele>
	<time>1970-01-01T00:00:00.000Z</time>
</trkpt>
<trkpt lat="47.3659257" lon="0.6941963">
	<ele>47.50</ele>
	<time>1970-01-01T00:00:00.000Z</time>
</trkpt>
<trkpt lat="47.3660289" lon="0.6947634">
	<ele>47.30</ele>
	<time>1970-01-01T00:00:00.000Z</time>
</trkpt>
<trkpt lat="47.3660857" lon="0.6953069">
	<ele>46.00</ele>
	<time>1970-01-01T00:00:00.000Z</time>
</trkpt>
<trkpt lat="47.3663156" lon="0.6960964">
	<ele>47.30</ele>
	<time>1970-01-01T00:00:00.000Z</time>
</trkpt>
<trkpt lat="47.3663941" lon="0.6964656">
	<ele>50.20</ele>
	<time>1970-01-01T00:00:00.000Z</time>
</trkpt>
<trkpt lat="47.3664317" lon="0.6967809">
	<ele>50.90</ele>
	<time>1970-01-01T00:00:00.000Z</time>
</trkpt>
<trkpt lat="47.3663419" lon="0.6974724">
	<ele>51.30</ele>
	<time>1970-01-01T00:00:00.000Z</time>
</trkpt>
<trkpt lat="47.3663611" lon="0.6975992">
	<ele>51.60</ele>
	<time>1970-01-01T00:00:00.000Z</time>
</trkpt>
<trkpt lat="47.3666785" lon="0.6980316">
	<ele>51.40</ele>
	<time>1970-01-01T00:00:00.000Z</time>
</trkpt>
<trkpt lat="47.3665171" lon="0.6981960">
	<ele>52.40</ele>
	<time>1970-01-01T00:00:00.000Z</time>
</trkpt>
<trkpt lat="47.3664853" lon="0.6982839">
	<ele>52.40</ele>
	<time>1970-01-01T00:00:00.000Z</time>
</trkpt>
<trkpt lat="47.3666285" lon="0.6982992">
	<ele>52.20</ele>
	<time>1970-01-01T00:00:00.000Z</time>
</trkpt>
<trkpt lat="47.3722293" lon="0.6960487">
	<ele>44.60</ele>
	<time>1970-01-01T00:00:00.000Z</time>
</trkpt>
<trkpt lat="47.3725656" lon="0.6958997">
	<ele>50.40</ele>
	<time>1970-01-01T00:00:00.000Z</time>
</trkpt>
<trkpt lat="47.3726076" lon="0.6958146">
	<ele>50.40</ele>
	<time>1970-01-01T00:00:00.000Z</time>
</trkpt>
<trkpt lat="47.3735842" lon="0.6954090">
	<ele>55.80</ele>
	<time>1970-01-01T00:00:00.000Z</time>
</trkpt>
<trkpt lat="47.3737906" lon="0.6951434">
	<ele>55.10</ele>
	<time>1970-01-01T00:00:00.000Z</time>
</trkpt>
<trkpt lat="47.3739370" lon="0.6951763">
	<ele>54.30</ele>
	<time>1970-01-01T00:00:00.000Z</time>
</trkpt>
<trkpt lat="47.3741783" lon="0.6950359">
	<ele>53.20</ele>
	<time>1970-01-01T00:00:00.000Z</time>
</trkpt>
<trkpt lat="47.3742141" lon="0.6950978">
	<ele>53.50</ele>
	<time>1970-01-01T00:00:00.000Z</time>
</trkpt>
<trkpt lat="47.3743659" lon="0.6951067">
	<ele>52.70</ele>
	<time>1970-01-01T00:00:00.000Z</time>
</trkpt>
<trkpt lat="47.3746357" lon="0.6949925">
	<ele>51.70</ele>
	<time>1970-01-01T00:00:00.000Z</time>
</trkpt>
<trkpt lat="47.3747205" lon="0.6950149">
	<ele>51.30</ele>
	<time>1970-01-01T00:00:00.000Z</time>
</trkpt>
<trkpt lat="47.3751025" lon="0.6948799">
	<ele>51.80</ele>
	<time>1970-01-01T00:00:00.000Z</time>
</trkpt>
<trkpt lat="47.3751325" lon="0.6948204">
	<ele>51.90</ele>
	<time>1970-01-01T00:00:00.000Z</time>
</trkpt>
<trkpt lat="47.3765785" lon="0.6942400">
	<ele>54.60</ele>
	<time>1970-01-01T00:00:00.000Z</time>
</trkpt>
<trkpt lat="47.3766432" lon="0.6942510">
	<ele>54.60</ele>
	<time>1970-01-01T00:00:00.000Z</time>
</trkpt>
<trkpt lat="47.3769649" lon="0.6941124">
	<ele>54.20</ele>
	<time>1970-01-01T00:00:00.000Z</time>
</trkpt>
<trkpt lat="47.3770574" lon="0.6940074">
	<ele>52.70</ele>
	<time>1970-01-01T00:00:00.000Z</time>
</trkpt>
<trkpt lat="47.3794263" lon="0.6930475">
	<ele>53.20</ele>
	<time>1970-01-01T00:00:00.000Z</time>
</trkpt>
<trkpt lat="47.3794522" lon="0.6931294">
	<ele>53.20</ele>
	<time>1970-01-01T00:00:00.000Z</time>
</trkpt>
<trkpt lat="47.3796283" lon="0.6929203">
	<ele>53.50</ele>
	<time>1970-01-01T00:00:00.000Z</time>
</trkpt>
<trkpt lat="47.3797566" lon="0.6928988">
	<ele>53.50</ele>
	<time>1970-01-01T00:00:00.000Z</time>
</trkpt>
<trkpt lat="47.3798432" lon="0.6929535">
	<ele>53.60</ele>
	<time>1970-01-01T00:00:00.000Z</time>
</trkpt>
<trkpt lat="47.3809001" lon="0.6925698">
	<ele>53.80</ele>
	<time>1970-01-01T00:00:00.000Z</time>
</trkpt>
<trkpt lat="47.3808864" lon="0.6924697">
	<ele>53.80</ele>
	<time>1970-01-01T00:00:00.000Z</time>
</trkpt>
<trkpt lat="47.3897461" lon="0.6888738">
	<ele>52.60</ele>
	<time>1970-01-01T00:00:00.000Z</time>
</trkpt>
<trkpt lat="47.3897695" lon="0.6890346">
	<ele>52.60</ele>
	<time>1970-01-01T00:00:00.000Z</time>
</trkpt>
<trkpt lat="47.3902935" lon="0.6888145">
	<ele>53.80</ele>
	<time>1970-01-01T00:00:00.000Z</time>
</trkpt>
<trkpt lat="47.3904002" lon="0.6895630">
	<ele>54.90</ele>
	<time>1970-01-01T00:00:00.000Z</time>
</trkpt>
<trkpt lat="47.3903278" lon="0.6895939">
	<ele>54.60</ele>
	<time>1970-01-01T00:00:00.000Z</time>
</trkpt>
<trkpt lat="47.3908823" lon="0.6935276">
	<ele>53.90</ele>
	<time>1970-01-01T00:00:00.000Z</time>
</trkpt>
<trkpt lat="47.3915300" lon="0.6936435">
	<ele>55.00</ele>
	<time>1970-01-01T00:00:00.000Z</time>
</trkpt>
<trkpt lat="47.3922624" lon="0.6936353">
	<ele>53.40</ele>
	<time>1970-01-01T00:00:00.000Z</time>
</trkpt>
<trkpt lat="47.3929719" lon="0.6934018">
	<ele>53.90</ele>
	<time>1970-01-01T00:00:00.000Z</time>
</trkpt>
<trkpt lat="47.3942861" lon="0.6927786">
	<ele>55.80</ele>
	<time>1970-01-01T00:00:00.000Z</time>
</trkpt>
<trkpt lat="47.3946214" lon="0.6939746">
	<ele>57.90</ele>
	<time>1970-01-01T00:00:00.000Z</time>
</trkpt>
<trkpt lat="47.3959627" lon="0.6934840">
	<ele>58.30</ele>
	<time>1970-01-01T00:00:00.000Z</time>
</trkpt>
<trkpt lat="47.3973965" lon="0.6928613">
	<ele>52.90</ele>
	<time>1970-01-01T00:00:00.000Z</time>
</trkpt>
<trkpt lat="47.3975837" lon="0.6928492">
	<ele>47.80</ele>
	<time>1970-01-01T00:00:00.000Z</time>
</trkpt>
<trkpt lat="47.3975735" lon="0.6930858">
	<ele>47.70</ele>
	<time>1970-01-01T00:00:00.000Z</time>
</trkpt>
<trkpt lat="47.3976449" lon="0.6930713">
	<ele>47.70</ele>
	<time>1970-01-01T00:00:00.000Z</time>
</trkpt>
<trkpt lat="47.3976944" lon="0.6940210">
	<ele>44.50</ele>
	<time>1970-01-01T00:00:00.000Z</time>
</trkpt>
<trkpt lat="47.3977700" lon="0.6973611">
	<ele>49.50</ele>
	<time>1970-01-01T00:00:00.000Z</time>
</trkpt>
<trkpt lat="47.3977534" lon="0.6989393">
	<ele>49.40</ele>
	<time>1970-01-01T00:00:00.000Z</time>
</trkpt>
<trkpt lat="47.3977068" lon="0.6992078">
	<ele>49.40</ele>
	<time>1970-01-01T00:00:00.000Z</time>
</trkpt>
<trkpt lat="47.3977373" lon="0.6997517">
	<ele>49.20</ele>
	<time>1970-01-01T00:00:00.000Z</time>
</trkpt>
<trkpt lat="47.3977134" lon="0.7013838">
	<ele>44.70</ele>
	<time>1970-01-01T00:00:00.000Z</time>
</trkpt>
<trkpt lat="47.3976688" lon="0.7017603">
	<ele>47.50</ele>
	<time>1970-01-01T00:00:00.000Z</time>
</trkpt>
<trkpt lat="47.3975135" lon="0.7044508">
	<ele>51.60</ele>
	<time>1970-01-01T00:00:00.000Z</time>
</trkpt>
<trkpt lat="47.3973855" lon="0.7046740">
	<ele>51.30</ele>
	<time>1970-01-01T00:00:00.000Z</time>
</trkpt>
<trkpt lat="47.3972879" lon="0.7051610">
	<ele>48.70</ele>
	<time>1970-01-01T00:00:00.000Z</time>
</trkpt>
<trkpt lat="47.3971312" lon="0.7055726">
	<ele>49.30</ele>
	<time>1970-01-01T00:00:00.000Z</time>
</trkpt>
<trkpt lat="47.3971059" lon="0.7057944">
	<ele>49.00</ele>
	<time>1970-01-01T00:00:00.000Z</time>
</trkpt>
<trkpt lat="47.3969993" lon="0.7087477">
	<ele>49.30</ele>
	<time>1970-01-01T00:00:00.000Z</time>
</trkpt>
<trkpt lat="47.3969854" lon="0.7100960">
	<ele>46.30</ele>
	<time>1970-01-01T00:00:00.000Z</time>
</trkpt>
<trkpt lat="47.3970161" lon="0.7106518">
	<ele>46.20</ele>
	<time>1970-01-01T00:00:00.000Z</time>
</trkpt>
<trkpt lat="47.3970122" lon="0.7121651">
	<ele>45.80</ele>
	<time>1970-01-01T00:00:00.000Z</time>
</trkpt>
<trkpt lat="47.3970670" lon="0.7132781">
	<ele>46.20</ele>
	<time>1970-01-01T00:00:00.000Z</time>
</trkpt>
<trkpt lat="47.3969859" lon="0.7149304">
	<ele>46.50</ele>
	<time>1970-01-01T00:00:00.000Z</time>
</trkpt>
<trkpt lat="47.3970147" lon="0.7161667">
	<ele>45.00</ele>
	<time>1970-01-01T00:00:00.000Z</time>
</trkpt>
<trkpt lat="47.3969390" lon="0.7231382">
	<ele>48.60</ele>
	<time>1970-01-01T00:00:00.000Z</time>
</trkpt>
<trkpt lat="47.3970163" lon="0.7247914">
	<ele>48.30</ele>
	<time>1970-01-01T00:00:00.000Z</time>
</trkpt>
<trkpt lat="47.3971554" lon="0.7260524">
	<ele>48.00</ele>
	<time>1970-01-01T00:00:00.000Z</time>
</trkpt>
<trkpt lat="47.3972836" lon="0.7267194">
	<ele>48.60</ele>
	<time>1970-01-01T00:00:00.000Z</time>
</trkpt>
<trkpt lat="47.3978069" lon="0.7282422">
	<ele>49.70</ele>
	<time>1970-01-01T00:00:00.000Z</time>
</trkpt>
<trkpt lat="47.3980559" lon="0.7292304">
	<ele>48.40</ele>
	<time>1970-01-01T00:00:00.000Z</time>
</trkpt>
<trkpt lat="47.3983317" lon="0.7300731">
	<ele>49.50</ele>
	<time>1970-01-01T00:00:00.000Z</time>
</trkpt>
<trkpt lat="47.3990317" lon="0.7318869">
	<ele>49.00</ele>
	<time>1970-01-01T00:00:00.000Z</time>
</trkpt>
<trkpt lat="47.3998906" lon="0.7338151">
	<ele>46.90</ele>
	<time>1970-01-01T00:00:00.000Z</time>
</trkpt>
<trkpt lat="47.3999389" lon="0.7339762">
	<ele>46.90</ele>
	<time>1970-01-01T00:00:00.000Z</time>
</trkpt>
<trkpt lat="47.3999536" lon="0.7343655">
	<ele>47.10</ele>
	<time>1970-01-01T00:00:00.000Z</time>
</trkpt>
<trkpt lat="47.4000053" lon="0.7347107">
	<ele>47.80</ele>
	<time>1970-01-01T00:00:00.000Z</time>
</trkpt>
<trkpt lat="47.4002487" lon="0.7355957">
	<ele>46.80</ele>
	<time>1970-01-01T00:00:00.000Z</time>
</trkpt>
<trkpt lat="47.4003346" lon="0.7360287">
	<ele>46.70</ele>
	<time>1970-01-01T00:00:00.000Z</time>
</trkpt>
<trkpt lat="47.4003979" lon="0.7373414">
	<ele>45.50</ele>
	<time>1970-01-01T00:00:00.000Z</time>
</trkpt>
<trkpt lat="47.4003849" lon="0.7396794">
	<ele>47.40</ele>
	<time>1970-01-01T00:00:00.000Z</time>
</trkpt>
<trkpt lat="47.4006436" lon="0.7415905">
	<ele>46.00</ele>
	<time>1970-01-01T00:00:00.000Z</time>
</trkpt>
<trkpt lat="47.4012531" lon="0.7442252">
	<ele>47.10</ele>
	<time>1970-01-01T00:00:00.000Z</time>
</trkpt>
<trkpt lat="47.4013734" lon="0.7453265">
	<ele>46.70</ele>
	<time>1970-01-01T00:00:00.000Z</time>
</trkpt>
<trkpt lat="47.4017867" lon="0.7470878">
	<ele>46.80</ele>
	<time>1970-01-01T00:00:00.000Z</time>
</trkpt>
<trkpt lat="47.4019517" lon="0.7480717">
	<ele>46.60</ele>
	<time>1970-01-01T00:00:00.000Z</time>
</trkpt>
<trkpt lat="47.4020350" lon="0.7490016">
	<ele>48.40</ele>
	<time>1970-01-01T00:00:00.000Z</time>
</trkpt>
<trkpt lat="47.4021401" lon="0.7497089">
	<ele>49.80</ele>
	<time>1970-01-01T00:00:00.000Z</time>
</trkpt>
<trkpt lat="47.4021808" lon="0.7498567">
	<ele>50.20</ele>
	<time>1970-01-01T00:00:00.000Z</time>
</trkpt>
<trkpt lat="47.4024750" lon="0.7504890">
	<ele>50.40</ele>
	<time>1970-01-01T00:00:00.000Z</time>
</trkpt>
<trkpt lat="47.4026431" lon="0.7510391">
	<ele>50.70</ele>
	<time>1970-01-01T00:00:00.000Z</time>
</trkpt>
<trkpt lat="47.4027959" lon="0.7512993">
	<ele>50.50</ele>
	<time>1970-01-01T00:00:00.000Z</time>
</trkpt>
<trkpt lat="47.4030490" lon="0.7520487">
	<ele>51.80</ele>
	<time>1970-01-01T00:00:00.000Z</time>
</trkpt>
<trkpt lat="47.4030806" lon="0.7523300">
	<ele>52.00</ele>
	<time>1970-01-01T00:00:00.000Z</time>
</trkpt>
<trkpt lat="47.4030700" lon="0.7529989">
	<ele>51.70</ele>
	<time>1970-01-01T00:00:00.000Z</time>
</trkpt>
<trkpt lat="47.4031910" lon="0.7533906">
	<ele>50.80</ele>
	<time>1970-01-01T00:00:00.000Z</time>
</trkpt>
<trkpt lat="47.4032565" lon="0.7540040">
	<ele>50.10</ele>
	<time>1970-01-01T00:00:00.000Z</time>
</trkpt>
<trkpt lat="47.4035443" lon="0.7543321">
	<ele>51.00</ele>
	<time>1970-01-01T00:00:00.000Z</time>
</trkpt>
<trkpt lat="47.4036432" lon="0.7545137">
	<ele>51.30</ele>
	<time>1970-01-01T00:00:00.000Z</time>
</trkpt>
<trkpt lat="47.4037561" lon="0.7549268">
	<ele>52.50</ele>
	<time>1970-01-01T00:00:00.000Z</time>
</trkpt>
<trkpt lat="47.4036863" lon="0.7552939">
	<ele>52.90</ele>
	<time>1970-01-01T00:00:00.000Z</time>
</trkpt>
<trkpt lat="47.4038115" lon="0.7559500">
	<ele>53.60</ele>
	<time>1970-01-01T00:00:00.000Z</time>
</trkpt>
<trkpt lat="47.4038123" lon="0.7564617">
	<ele>53.40</ele>
	<time>1970-01-01T00:00:00.000Z</time>
</trkpt>
<trkpt lat="47.4037471" lon="0.7569038">
	<ele>52.90</ele>
	<time>1970-01-01T00:00:00.000Z</time>
</trkpt>
<trkpt lat="47.4037981" lon="0.7576840">
	<ele>52.40</ele>
	<time>1970-01-01T00:00:00.000Z</time>
</trkpt>
<trkpt lat="47.4039753" lon="0.7590750">
	<ele>51.20</ele>
	<time>1970-01-01T00:00:00.000Z</time>
</trkpt>
<trkpt lat="47.4041183" lon="0.7594020">
	<ele>50.60</ele>
	<time>1970-01-01T00:00:00.000Z</time>
</trkpt>
<trkpt lat="47.4041534" lon="0.7595689">
	<ele>50.90</ele>
	<time>1970-01-01T00:00:00.000Z</time>
</trkpt>
<trkpt lat="47.4041770" lon="0.7601382">
	<ele>51.60</ele>
	<time>1970-01-01T00:00:00.000Z</time>
</trkpt>
<trkpt lat="47.4042552" lon="0.7604684">
	<ele>51.20</ele>
	<time>1970-01-01T00:00:00.000Z</time>
</trkpt>
<trkpt lat="47.4041994" lon="0.7610776">
	<ele>51.50</ele>
	<time>1970-01-01T00:00:00.000Z</time>
</trkpt>
<trkpt lat="47.4042636" lon="0.7614709">
	<ele>51.00</ele>
	<time>1970-01-01T00:00:00.000Z</time>
</trkpt>
<trkpt lat="47.4042798" lon="0.7623039">
	<ele>52.50</ele>
	<time>1970-01-01T00:00:00.000Z</time>
</trkpt>
<trkpt lat="47.4044446" lon="0.7639951">
	<ele>51.20</ele>
	<time>1970-01-01T00:00:00.000Z</time>
</trkpt>
<trkpt lat="47.4043726" lon="0.7648461">
	<ele>52.80</ele>
	<time>1970-01-01T00:00:00.000Z</time>
</trkpt>
<trkpt lat="47.4041681" lon="0.7657575">
	<ele>52.60</ele>
	<time>1970-01-01T00:00:00.000Z</time>
</trkpt>
<trkpt lat="47.4039451" lon="0.7661854">
	<ele>51.90</ele>
	<time>1970-01-01T00:00:00.000Z</time>
</trkpt>
<trkpt lat="47.4034684" lon="0.7682117">
	<ele>53.40</ele>
	<time>1970-01-01T00:00:00.000Z</time>
</trkpt>
<trkpt lat="47.4034149" lon="0.7685577">
	<ele>53.90</ele>
	<time>1970-01-01T00:00:00.000Z</time>
</trkpt>
<trkpt lat="47.4031088" lon="0.7696024">
	<ele>55.30</ele>
	<time>1970-01-01T00:00:00.000Z</time>
</trkpt>
<trkpt lat="47.4031419" lon="0.7698771">
	<ele>54.90</ele>
	<time>1970-01-01T00:00:00.000Z</time>
</trkpt>
<trkpt lat="47.4031264" lon="0.7700309">
	<ele>54.40</ele>
	<time>1970-01-01T00:00:00.000Z</time>
</trkpt>
<trkpt lat="47.4029258" lon="0.7709996">
	<ele>53.80</ele>
	<time>1970-01-01T00:00:00.000Z</time>
</trkpt>
<trkpt lat="47.4026758" lon="0.7734668">
	<ele>53.80</ele>
	<time>1970-01-01T00:00:00.000Z</time>
</trkpt>
<trkpt lat="47.4027751" lon="0.7750794">
	<ele>54.10</ele>
	<time>1970-01-01T00:00:00.000Z</time>
</trkpt>
<trkpt lat="47.4029667" lon="0.7766700">
	<ele>52.10</ele>
	<time>1970-01-01T00:00:00.000Z</time>
</trkpt>
<trkpt lat="47.4031428" lon="0.7785779">
	<ele>54.50</ele>
	<time>1970-01-01T00:00:00.000Z</time>
</trkpt>
<trkpt lat="47.4031610" lon="0.7796265">
	<ele>55.50</ele>
	<time>1970-01-01T00:00:00.000Z</time>
</trkpt>
<trkpt lat="47.4032470" lon="0.7804507">
	<ele>54.90</ele>
	<time>1970-01-01T00:00:00.000Z</time>
</trkpt>
<trkpt lat="47.4032114" lon="0.7817017">
	<ele>52.90</ele>
	<time>1970-01-01T00:00:00.000Z</time>
</trkpt>
<trkpt lat="47.4032331" lon="0.7837791">
	<ele>53.90</ele>
	<time>1970-01-01T00:00:00.000Z</time>
</trkpt>
<trkpt lat="47.4031708" lon="0.7843894">
	<ele>54.50</ele>
	<time>1970-01-01T00:00:00.000Z</time>
</trkpt>
<trkpt lat="47.4031589" lon="0.7853728">
	<ele>53.80</ele>
	<time>1970-01-01T00:00:00.000Z</time>
</trkpt>
<trkpt lat="47.4030112" lon="0.7856017">
	<ele>53.40</ele>
	<time>1970-01-01T00:00:00.000Z</time>
</trkpt>
<trkpt lat="47.4029684" lon="0.7857268">
	<ele>53.20</ele>
	<time>1970-01-01T00:00:00.000Z</time>
</trkpt>
<trkpt lat="47.4029009" lon="0.7868610">
	<ele>54.00</ele>
	<time>1970-01-01T00:00:00.000Z</time>
</trkpt>
<trkpt lat="47.4027424" lon="0.7882773">
	<ele>54.90</ele>
	<time>1970-01-01T00:00:00.000Z</time>
</trkpt>
<trkpt lat="47.4024785" lon="0.7895027">
	<ele>56.00</ele>
	<time>1970-01-01T00:00:00.000Z</time>
</trkpt>
<trkpt lat="47.4024125" lon="0.7895460">
	<ele>56.00</ele>
	<time>1970-01-01T00:00:00.000Z</time>
</trkpt>
<trkpt lat="47.4022601" lon="0.7899076">
	<ele>56.10</ele>
	<time>1970-01-01T00:00:00.000Z</time>
</trkpt>
<trkpt lat="47.4021907" lon="0.7899582">
	<ele>55.50</ele>
	<time>1970-01-01T00:00:00.000Z</time>
</trkpt>
<trkpt lat="47.4021639" lon="0.7902009">
	<ele>55.30</ele>
	<time>1970-01-01T00:00:00.000Z</time>
</trkpt>
<trkpt lat="47.4015067" lon="0.7930078">
	<ele>52.90</ele>
	<time>1970-01-01T00:00:00.000Z</time>
</trkpt>
<trkpt lat="47.4014087" lon="0.7935916">
	<ele>51.50</ele>
	<time>1970-01-01T00:00:00.000Z</time>
</trkpt>
<trkpt lat="47.4013441" lon="0.7942640">
	<ele>51.10</ele>
	<time>1970-01-01T00:00:00.000Z</time>
</trkpt>
<trkpt lat="47.4014592" lon="0.7952557">
	<ele>52.40</ele>
	<time>1970-01-01T00:00:00.000Z</time>
</trkpt>
<trkpt lat="47.4014160" lon="0.7953263">
	<ele>52.40</ele>
	<time>1970-01-01T00:00:00.000Z</time>
</trkpt>
<trkpt lat="47.4013361" lon="0.7953204">
	<ele>52.40</ele>
	<time>1970-01-01T00:00:00.000Z</time>
</trkpt>
<trkpt lat="47.4013245" lon="0.7959376">
	<ele>52.50</ele>
	<time>1970-01-01T00:00:00.000Z</time>
</trkpt>
<trkpt lat="47.4012743" lon="0.7964753">
	<ele>51.90</ele>
	<time>1970-01-01T00:00:00.000Z</time>
</trkpt>
<trkpt lat="47.4012957" lon="0.7965580">
	<ele>51.50</ele>
	<time>1970-01-01T00:00:00.000Z</time>
</trkpt>
<trkpt lat="47.4013490" lon="0.7965904">
	<ele>51.50</ele>
	<time>1970-01-01T00:00:00.000Z</time>
</trkpt>
<trkpt lat="47.4015128" lon="0.7963691">
	<ele>51.90</ele>
	<time>1970-01-01T00:00:00.000Z</time>
</trkpt>
<trkpt lat="47.4015336" lon="0.7964742">
	<ele>51.20</ele>
	<time>1970-01-01T00:00:00.000Z</time>
</trkpt>
<trkpt lat="47.4015037" lon="0.7966517">
	<ele>51.20</ele>
	<time>1970-01-01T00:00:00.000Z</time>
</trkpt>
<trkpt lat="47.4013352" lon="0.7971242">
	<ele>50.20</ele>
	<time>1970-01-01T00:00:00.000Z</time>
</trkpt>
<trkpt lat="47.4011370" lon="0.7978792">
	<ele>49.50</ele>
	<time>1970-01-01T00:00:00.000Z</time>
</trkpt>
<trkpt lat="47.4008616" lon="0.7987421">
	<ele>51.00</ele>
	<time>1970-01-01T00:00:00.000Z</time>
</trkpt>
<trkpt lat="47.4006680" lon="0.7995033">
	<ele>49.70</ele>
	<time>1970-01-01T00:00:00.000Z</time>
</trkpt>
<trkpt lat="47.4002899" lon="0.8006541">
	<ele>49.10</ele>
	<time>1970-01-01T00:00:00.000Z</time>
</trkpt>
<trkpt lat="47.4000472" lon="0.8011045">
	<ele>50.30</ele>
	<time>1970-01-01T00:00:00.000Z</time>
</trkpt>
<trkpt lat="47.3994970" lon="0.8018660">
	<ele>52.00</ele>
	<time>1970-01-01T00:00:00.000Z</time>
</trkpt>
<trkpt lat="47.3984892" lon="0.8033954">
	<ele>54.10</ele>
	<time>1970-01-01T00:00:00.000Z</time>
</trkpt>
<trkpt lat="47.3982643" lon="0.8039338">
	<ele>53.60</ele>
	<time>1970-01-01T00:00:00.000Z</time>
</trkpt>
<trkpt lat="47.3979859" lon="0.8043511">
	<ele>53.30</ele>
	<time>1970-01-01T00:00:00.000Z</time>
</trkpt>
<trkpt lat="47.3976872" lon="0.8053956">
	<ele>51.20</ele>
	<time>1970-01-01T00:00:00.000Z</time>
</trkpt>
<trkpt lat="47.3973932" lon="0.8059669">
	<ele>51.50</ele>
	<time>1970-01-01T00:00:00.000Z</time>
</trkpt>
<trkpt lat="47.3972808" lon="0.8061174">
	<ele>51.50</ele>
	<time>1970-01-01T00:00:00.000Z</time>
</trkpt>
<trkpt lat="47.3968474" lon="0.8065328">
	<ele>52.00</ele>
	<time>1970-01-01T00:00:00.000Z</time>
</trkpt>
<trkpt lat="47.3965462" lon="0.8070360">
	<ele>52.30</ele>
	<time>1970-01-01T00:00:00.000Z</time>
</trkpt>
<trkpt lat="47.3960306" lon="0.8082588">
	<ele>52.20</ele>
	<time>1970-01-01T00:00:00.000Z</time>
</trkpt>
<trkpt lat="47.3957296" lon="0.8092419">
	<ele>50.80</ele>
	<time>1970-01-01T00:00:00.000Z</time>
</trkpt>
<trkpt lat="47.3955563" lon="0.8099914">
	<ele>48.70</ele>
	<time>1970-01-01T00:00:00.000Z</time>
</trkpt>
<trkpt lat="47.3953690" lon="0.8104802">
	<ele>47.80</ele>
	<time>1970-01-01T00:00:00.000Z</time>
</trkpt>
<trkpt lat="47.3953004" lon="0.8105790">
	<ele>47.80</ele>
	<time>1970-01-01T00:00:00.000Z</time>
</trkpt>
<trkpt lat="47.3951955" lon="0.8103909">
	<ele>50.20</ele>
	<time>1970-01-01T00:00:00.000Z</time>
</trkpt>
<trkpt lat="47.3951177" lon="0.8103531">
	<ele>50.20</ele>
	<time>1970-01-01T00:00:00.000Z</time>
</trkpt>
<trkpt lat="47.3948662" lon="0.8109323">
	<ele>50.70</ele>
	<time>1970-01-01T00:00:00.000Z</time>
</trkpt>
<trkpt lat="47.3944559" lon="0.8116520">
	<ele>49.10</ele>
	<time>1970-01-01T00:00:00.000Z</time>
</trkpt>
<trkpt lat="47.3943175" lon="0.8117337">
	<ele>49.90</ele>
	<time>1970-01-01T00:00:00.000Z</time>
</trkpt>
<trkpt lat="47.3939258" lon="0.8121822">
	<ele>50.20</ele>
	<time>1970-01-01T00:00:00.000Z</time>
</trkpt>
<trkpt lat="47.3935893" lon="0.8124820">
	<ele>50.60</ele>
	<time>1970-01-01T00:00:00.000Z</time>
</trkpt>
<trkpt lat="47.3932988" lon="0.8129006">
	<ele>50.20</ele>
	<time>1970-01-01T00:00:00.000Z</time>
</trkpt>
<trkpt lat="47.3929932" lon="0.8127581">
	<ele>51.40</ele>
	<time>1970-01-01T00:00:00.000Z</time>
</trkpt>
<trkpt lat="47.3929171" lon="0.8127684">
	<ele>51.40</ele>
	<time>1970-01-01T00:00:00.000Z</time>
</trkpt>
<trkpt lat="47.3928745" lon="0.8128382">
	<ele>51.50</ele>
	<time>1970-01-01T00:00:00.000Z</time>
</trkpt>
<trkpt lat="47.3927730" lon="0.8130941">
	<ele>51.70</ele>
	<time>1970-01-01T00:00:00.000Z</time>
</trkpt>
<trkpt lat="47.3927401" lon="0.8132880">
	<ele>51.90</ele>
	<time>1970-01-01T00:00:00.000Z</time>
</trkpt>
<trkpt lat="47.3926990" lon="0.8133469">
	<ele>52.20</ele>
	<time>1970-01-01T00:00:00.000Z</time>
</trkpt>
<trkpt lat="47.3925451" lon="0.8140706">
	<ele>51.30</ele>
	<time>1970-01-01T00:00:00.000Z</time>
</trkpt>
<trkpt lat="47.3927609" lon="0.8142687">
	<ele>49.60</ele>
	<time>1970-01-01T00:00:00.000Z</time>
</trkpt>
<trkpt lat="47.3927419" lon="0.8143995">
	<ele>49.60</ele>
	<time>1970-01-01T00:00:00.000Z</time>
</trkpt>
<trkpt lat="47.3925961" lon="0.8149120">
	<ele>49.30</ele>
	<time>1970-01-01T00:00:00.000Z</time>
</trkpt>
<trkpt lat="47.3920895" lon="0.8170452">
	<ele>48.40</ele>
	<time>1970-01-01T00:00:00.000Z</time>
</trkpt>
<trkpt lat="47.3920305" lon="0.8171817">
	<ele>47.80</ele>
	<time>1970-01-01T00:00:00.000Z</time>
</trkpt>
<trkpt lat="47.3918476" lon="0.8168693">
	<ele>49.10</ele>
	<time>1970-01-01T00:00:00.000Z</time>
</trkpt>
<trkpt lat="47.3915866" lon="0.8169509">
	<ele>53.00</ele>
	<time>1970-01-01T00:00:00.000Z</time>
</trkpt>
<trkpt lat="47.3914555" lon="0.8169023">
	<ele>52.60</ele>
	<time>1970-01-01T00:00:00.000Z</time>
</trkpt>
<trkpt lat="47.3911908" lon="0.8167051">
	<ele>55.30</ele>
	<time>1970-01-01T00:00:00.000Z</time>
</trkpt>
<trkpt lat="47.3902349" lon="0.8158261">
	<ele>57.50</ele>
	<time>1970-01-01T00:00:00.000Z</time>
</trkpt>
<trkpt lat="47.3895893" lon="0.8151141">
	<ele>54.80</ele>
	<time>1970-01-01T00:00:00.000Z</time>
</trkpt>
<trkpt lat="47.3889790" lon="0.8142690">
	<ele>54.20</ele>
	<time>1970-01-01T00:00:00.000Z</time>
</trkpt>
<trkpt lat="47.3884765" lon="0.8134512">
	<ele>53.20</ele>
	<time>1970-01-01T00:00:00.000Z</time>
</trkpt>
<trkpt lat="47.3882586" lon="0.8132095">
	<ele>52.70</ele>
	<time>1970-01-01T00:00:00.000Z</time>
</trkpt>
<trkpt lat="47.3879216" lon="0.8135638">
	<ele>53.40</ele>
	<time>1970-01-01T00:00:00.000Z</time>
</trkpt>
<trkpt lat="47.3877771" lon="0.8136588">
	<ele>53.40</ele>
	<time>1970-01-01T00:00:00.000Z</time>
</trkpt>
<trkpt lat="47.3869734" lon="0.8138296">
	<ele>52.90</ele>
	<time>1970-01-01T00:00:00.000Z</time>
</trkpt>
<trkpt lat="47.3872398" lon="0.8155440">
	<ele>52.50</ele>
	<time>1970-01-01T00:00:00.000Z</time>
</trkpt>
<trkpt lat="47.3872629" lon="0.8160587">
	<ele>52.40</ele>
	<time>1970-01-01T00:00:00.000Z</time>
</trkpt>
<trkpt lat="47.3872133" lon="0.8167727">
	<ele>53.90</ele>
	<time>1970-01-01T00:00:00.000Z</time>
</trkpt>
<trkpt lat="47.3872505" lon="0.8171706">
	<ele>53.90</ele>
	<time>1970-01-01T00:00:00.000Z</time>
</trkpt>
<trkpt lat="47.3879423" lon="0.8199614">
	<ele>60.00</ele>
	<time>1970-01-01T00:00:00.000Z</time>
</trkpt>
<trkpt lat="47.3879672" lon="0.8200893">
	<ele>60.00</ele>
	<time>1970-01-01T00:00:00.000Z</time>
</trkpt>
<trkpt lat="47.3879587" lon="0.8203084">
	<ele>60.90</ele>
	<time>1970-01-01T00:00:00.000Z</time>
</trkpt>
<trkpt lat="47.3880589" lon="0.8205124">
	<ele>60.60</ele>
	<time>1970-01-01T00:00:00.000Z</time>
</trkpt>
<trkpt lat="47.3881811" lon="0.8212195">
	<ele>60.60</ele>
	<time>1970-01-01T00:00:00.000Z</time>
</trkpt>
<trkpt lat="47.3884172" lon="0.8230546">
	<ele>64.00</ele>
	<time>1970-01-01T00:00:00.000Z</time>
</trkpt>
<trkpt lat="47.3884706" lon="0.8236436">
	<ele>66.30</ele>
	<time>1970-01-01T00:00:00.000Z</time>
</trkpt>
<trkpt lat="47.3885487" lon="0.8257011">
	<ele>69.40</ele>
	<time>1970-01-01T00:00:00.000Z</time>
</trkpt>
<trkpt lat="47.3884133" lon="0.8270807">
	<ele>74.30</ele>
	<time>1970-01-01T00:00:00.000Z</time>
</trkpt>
<trkpt lat="47.3889119" lon="0.8272617">
	<ele>69.30</ele>
	<time>1970-01-01T00:00:00.000Z</time>
</trkpt>
<trkpt lat="47.3890662" lon="0.8274640">
	<ele>70.30</ele>
	<time>1970-01-01T00:00:00.000Z</time>
</trkpt>
<trkpt lat="47.3891801" lon="0.8277274">
	<ele>68.30</ele>
	<time>1970-01-01T00:00:00.000Z</time>
</trkpt>
<trkpt lat="47.3892266" lon="0.8279559">
	<ele>68.30</ele>
	<time>1970-01-01T00:00:00.000Z</time>
</trkpt>
<trkpt lat="47.3892594" lon="0.8283138">
	<ele>67.50</ele>
	<time>1970-01-01T00:00:00.000Z</time>
</trkpt>
<trkpt lat="47.3892240" lon="0.8307607">
	<ele>77.80</ele>
	<time>1970-01-01T00:00:00.000Z</time>
</trkpt>
<trkpt lat="47.3892608" lon="0.8347601">
	<ele>81.00</ele>
	<time>1970-01-01T00:00:00.000Z</time>
</trkpt>
<trkpt lat="47.3890136" lon="0.8366649">
	<ele>82.30</ele>
	<time>1970-01-01T00:00:00.000Z</time>
</trkpt>
<trkpt lat="47.3889851" lon="0.8372218">
	<ele>82.60</ele>
	<time>1970-01-01T00:00:00.000Z</time>
</trkpt>
<trkpt lat="47.3890021" lon="0.8377474">
	<ele>82.70</ele>
	<time>1970-01-01T00:00:00.000Z</time>
</trkpt>
<trkpt lat="47.3890721" lon="0.8387988">
	<ele>81.70</ele>
	<time>1970-01-01T00:00:00.000Z</time>
</trkpt>
<trkpt lat="47.3902259" lon="0.8388968">
	<ele>68.40</ele>
	<time>1970-01-01T00:00:00.000Z</time>
</trkpt>
<trkpt lat="47.3901610" lon="0.8392948">
	<ele>71.10</ele>
	<time>1970-01-01T00:00:00.000Z</time>
</trkpt>
<trkpt lat="47.3898937" lon="0.8402683">
	<ele>73.40</ele>
	<time>1970-01-01T00:00:00.000Z</time>
</trkpt>
<trkpt lat="47.3899123" lon="0.8407911">
	<ele>73.40</ele>
	<time>1970-01-01T00:00:00.000Z</time>
</trkpt>
<trkpt lat="47.3898047" lon="0.8417820">
	<ele>74.20</ele>
	<time>1970-01-01T00:00:00.000Z</time>
</trkpt>
<trkpt lat="47.3896468" lon="0.8420577">
	<ele>77.00</ele>
	<time>1970-01-01T00:00:00.000Z</time>
</trkpt>
<trkpt lat="47.3895869" lon="0.8425136">
	<ele>79.10</ele>
	<time>1970-01-01T00:00:00.000Z</time>
</trkpt>
<trkpt lat="47.3896453" lon="0.8427500">
	<ele>77.60</ele>
	<time>1970-01-01T00:00:00.000Z</time>
</trkpt>
<trkpt lat="47.3897486" lon="0.8440455">
	<ele>80.50</ele>
	<time>1970-01-01T00:00:00.000Z</time>
</trkpt>
<trkpt lat="47.3900477" lon="0.8452162">
	<ele>81.40</ele>
	<time>1970-01-01T00:00:00.000Z</time>
</trkpt>
<trkpt lat="47.3901694" lon="0.8458586">
	<ele>80.20</ele>
	<time>1970-01-01T00:00:00.000Z</time>
</trkpt>
<trkpt lat="47.3902159" lon="0.8474958">
	<ele>79.40</ele>
	<time>1970-01-01T00:00:00.000Z</time>
</trkpt>
<trkpt lat="47.3903610" lon="0.8495889">
	<ele>77.50</ele>
	<time>1970-01-01T00:00:00.000Z</time>
</trkpt>
<trkpt lat="47.3902756" lon="0.8498901">
	<ele>81.00</ele>
	<time>1970-01-01T00:00:00.000Z</time>
</trkpt>
<trkpt lat="47.3901735" lon="0.8500738">
	<ele>81.80</ele>
	<time>1970-01-01T00:00:00.000Z</time>
</trkpt>
<trkpt lat="47.3900648" lon="0.8502035">
	<ele>83.80</ele>
	<time>1970-01-01T00:00:00.000Z</time>
</trkpt>
<trkpt lat="47.3899451" lon="0.8502793">
	<ele>85.00</ele>
	<time>1970-01-01T00:00:00.000Z</time>
</trkpt>
<trkpt lat="47.3896632" lon="0.8503823">
	<ele>85.90</ele>
	<time>1970-01-01T00:00:00.000Z</time>
</trkpt>
<trkpt lat="47.3893576" lon="0.8504089">
	<ele>86.10</ele>
	<time>1970-01-01T00:00:00.000Z</time>
</trkpt>
<trkpt lat="47.3881689" lon="0.8504566">
	<ele>87.60</ele>
	<time>1970-01-01T00:00:00.000Z</time>
</trkpt>
<trkpt lat="47.3878684" lon="0.8504264">
	<ele>87.60</ele>
	<time>1970-01-01T00:00:00.000Z</time>
</trkpt>
<trkpt lat="47.3871835" lon="0.8508847">
	<ele>86.80</ele>
	<time>1970-01-01T00:00:00.000Z</time>
</trkpt>
<trkpt lat="47.3869579" lon="0.8510773">
	<ele>86.90</ele>
	<time>1970-01-01T00:00:00.000Z</time>
</trkpt>
<trkpt lat="47.3864504" lon="0.8516620">
	<ele>86.50</ele>
	<time>1970-01-01T00:00:00.000Z</time>
</trkpt>
<trkpt lat="47.3862458" lon="0.8519976">
	<ele>85.90</ele>
	<time>1970-01-01T00:00:00.000Z</time>
</trkpt>
<trkpt lat="47.3859905" lon="0.8524588">
	<ele>85.40</ele>
	<time>1970-01-01T00:00:00.000Z</time>
</trkpt>
<trkpt lat="47.3851919" lon="0.8541759">
	<ele>76.10</ele>
	<time>1970-01-01T00:00:00.000Z</time>
</trkpt>
<trkpt lat="47.3846152" lon="0.8549842">
	<ele>70.40</ele>
	<time>1970-01-01T00:00:00.000Z</time>
</trkpt>
<trkpt lat="47.3837164" lon="0.8560387">
	<ele>69.90</ele>
	<time>1970-01-01T00:00:00.000Z</time>
</trkpt>
<trkpt lat="47.3837154" lon="0.8563392">
	<ele>70.10</ele>
	<time>1970-01-01T00:00:00.000Z</time>
</trkpt>
<trkpt lat="47.3837574" lon="0.8566705">
	<ele>70.30</ele>
	<time>1970-01-01T00:00:00.000Z</time>
</trkpt>
<trkpt lat="47.3839720" lon="0.8574615">
	<ele>71.80</ele>
	<time>1970-01-01T00:00:00.000Z</time>
</trkpt>
<trkpt lat="47.3842789" lon="0.8578442">
	<ele>73.10</ele>
	<time>1970-01-01T00:00:00.000Z</time>
</trkpt>
<trkpt lat="47.3843472" lon="0.8579783">
	<ele>74.30</ele>
	<time>1970-01-01T00:00:00.000Z</time>
</trkpt>
<trkpt lat="47.3846618" lon="0.8587812">
	<ele>75.90</ele>
	<time>1970-01-01T00:00:00.000Z</time>
</trkpt>
<trkpt lat="47.3849447" lon="0.8593769">
	<ele>76.90</ele>
	<time>1970-01-01T00:00:00.000Z</time>
</trkpt>
<trkpt lat="47.3851611" lon="0.8601209">
	<ele>76.60</ele>
	<time>1970-01-01T00:00:00.000Z</time>
</trkpt>
<trkpt lat="47.3853471" lon="0.8605417">
	<ele>76.30</ele>
	<time>1970-01-01T00:00:00.000Z</time>
</trkpt>
<trkpt lat="47.3856641" lon="0.8624526">
	<ele>70.30</ele>
	<time>1970-01-01T00:00:00.000Z</time>
</trkpt>
<trkpt lat="47.3856689" lon="0.8628048">
	<ele>68.80</ele>
	<time>1970-01-01T00:00:00.000Z</time>
</trkpt>
<trkpt lat="47.3854573" lon="0.8642282">
	<ele>66.20</ele>
	<time>1970-01-01T00:00:00.000Z</time>
</trkpt>
<trkpt lat="47.3853881" lon="0.8644828">
	<ele>65.60</ele>
	<time>1970-01-01T00:00:00.000Z</time>
</trkpt>
<trkpt lat="47.3853319" lon="0.8645634">
	<ele>65.60</ele>
	<time>1970-01-01T00:00:00.000Z</time>
</trkpt>
<trkpt lat="47.3851501" lon="0.8646661">
	<ele>65.00</ele>
	<time>1970-01-01T00:00:00.000Z</time>
</trkpt>
<trkpt lat="47.3853470" lon="0.8648901">
	<ele>64.70</ele>
	<time>1970-01-01T00:00:00.000Z</time>
</trkpt>
<trkpt lat="47.3855031" lon="0.8649145">
	<ele>64.70</ele>
	<time>1970-01-01T00:00:00.000Z</time>
</trkpt>
<trkpt lat="47.3855524" lon="0.8676426">
	<ele>62.50</ele>
	<time>1970-01-01T00:00:00.000Z</time>
</trkpt>
<trkpt lat="47.3855564" lon="0.8702706">
	<ele>68.80</ele>
	<time>1970-01-01T00:00:00.000Z</time>
</trkpt>
<trkpt lat="47.3856424" lon="0.8721580">
	<ele>75.70</ele>
	<time>1970-01-01T00:00:00.000Z</time>
</trkpt>
<trkpt lat="47.3855323" lon="0.8731124">
	<ele>77.60</ele>
	<time>1970-01-01T00:00:00.000Z</time>
</trkpt>
<trkpt lat="47.3855398" lon="0.8733450">
	<ele>77.80</ele>
	<time>1970-01-01T00:00:00.000Z</time>
</trkpt>
<trkpt lat="47.3859474" lon="0.8750036">
	<ele>77.50</ele>
	<time>1970-01-01T00:00:00.000Z</time>
</trkpt>
<trkpt lat="47.3861915" lon="0.8764325">
	<ele>78.40</ele>
	<time>1970-01-01T00:00:00.000Z</time>
</trkpt>
<trkpt lat="47.3863532" lon="0.8772032">
	<ele>78.00</ele>
	<time>1970-01-01T00:00:00.000Z</time>
</trkpt>
<trkpt lat="47.3866737" lon="0.8783306">
	<ele>78.10</ele>
	<time>1970-01-01T00:00:00.000Z</time>
</trkpt>
<trkpt lat="47.3868399" lon="0.8788507">
	<ele>78.70</ele>
	<time>1970-01-01T00:00:00.000Z</time>
</trkpt>
<trkpt lat="47.3870411" lon="0.8793145">
	<ele>80.10</ele>
	<time>1970-01-01T00:00:00.000Z</time>
</trkpt>
<trkpt lat="47.3873580" lon="0.8799082">
	<ele>80.80</ele>
	<time>1970-01-01T00:00:00.000Z</time>
</trkpt>
<trkpt lat="47.3876083" lon="0.8801967">
	<ele>80.90</ele>
	<time>1970-01-01T00:00:00.000Z</time>
</trkpt>
<trkpt lat="47.3876803" lon="0.8803979">
	<ele>81.20</ele>
	<time>1970-01-01T00:00:00.000Z</time>
</trkpt>
<trkpt lat="47.3877328" lon="0.8809516">
	<ele>81.40</ele>
	<time>1970-01-01T00:00:00.000Z</time>
</trkpt>
<trkpt lat="47.3877707" lon="0.8820425">
	<ele>83.10</ele>
	<time>1970-01-01T00:00:00.000Z</time>
</trkpt>
<trkpt lat="47.3879654" lon="0.8837828">
	<ele>84.30</ele>
	<time>1970-01-01T00:00:00.000Z</time>
</trkpt>
<trkpt lat="47.3880537" lon="0.8839396">
	<ele>84.70</ele>
	<time>1970-01-01T00:00:00.000Z</time>
</trkpt>
<trkpt lat="47.3883799" lon="0.8837982">
	<ele>85.30</ele>
	<time>1970-01-01T00:00:00.000Z</time>
</trkpt>
<trkpt lat="47.3890489" lon="0.8837479">
	<ele>86.00</ele>
	<time>1970-01-01T00:00:00.000Z</time>
</trkpt>
<trkpt lat="47.3890989" lon="0.8851049">
	<ele>87.40</ele>
	<time>1970-01-01T00:00:00.000Z</time>
</trkpt>
<trkpt lat="47.3892047" lon="0.8861736">
	<ele>89.10</ele>
	<time>1970-01-01T00:00:00.000Z</time>
</trkpt>
<trkpt lat="47.3889777" lon="0.8876000">
	<ele>88.40</ele>
	<time>1970-01-01T00:00:00.000Z</time>
</trkpt>
<trkpt lat="47.3888659" lon="0.8880952">
	<ele>88.30</ele>
	<time>1970-01-01T00:00:00.000Z</time>
</trkpt>
<trkpt lat="47.3888318" lon="0.8884905">
	<ele>88.30</ele>
	<time>1970-01-01T00:00:00.000Z</time>
</trkpt>
<trkpt lat="47.3888042" lon="0.8891582">
	<ele>88.10</ele>
	<time>1970-01-01T00:00:00.000Z</time>
</trkpt>
<trkpt lat="47.3888554" lon="0.8904890">
	<ele>89.30</ele>
	<time>1970-01-01T00:00:00.000Z</time>
</trkpt>
<trkpt lat="47.3888474" lon="0.8913406">
	<ele>89.30</ele>
	<time>1970-01-01T00:00:00.000Z</time>
</trkpt>
<trkpt lat="47.3887125" lon="0.8933338">
	<ele>89.60</ele>
	<time>1970-01-01T00:00:00.000Z</time>
</trkpt>
<trkpt lat="47.3886743" lon="0.8944066">
	<ele>90.00</ele>
	<time>1970-01-01T00:00:00.000Z</time>
</trkpt>
<trkpt lat="47.3888011" lon="0.8959916">
	<ele>91.00</ele>
	<time>1970-01-01T00:00:00.000Z</time>
</trkpt>
<trkpt lat="47.3888685" lon="0.8974728">
	<ele>92.10</ele>
	<time>1970-01-01T00:00:00.000Z</time>
</trkpt>
<trkpt lat="47.3889807" lon="0.8982747">
	<ele>91.90</ele>
	<time>1970-01-01T00:00:00.000Z</time>
</trkpt>
<trkpt lat="47.3890688" lon="0.8986413">
	<ele>91.40</ele>
	<time>1970-01-01T00:00:00.000Z</time>
</trkpt>
<trkpt lat="47.3892809" lon="0.8998634">
	<ele>90.90</ele>
	<time>1970-01-01T00:00:00.000Z</time>
</trkpt>
<trkpt lat="47.3893742" lon="0.9010957">
	<ele>90.10</ele>
	<time>1970-01-01T00:00:00.000Z</time>
</trkpt>
<trkpt lat="47.3893889" lon="0.9028495">
	<ele>88.20</ele>
	<time>1970-01-01T00:00:00.000Z</time>
</trkpt>
<trkpt lat="47.3893202" lon="0.9056289">
	<ele>85.30</ele>
	<time>1970-01-01T00:00:00.000Z</time>
</trkpt>
<trkpt lat="47.3892560" lon="0.9065186">
	<ele>85.10</ele>
	<time>1970-01-01T00:00:00.000Z</time>
</trkpt>
<trkpt lat="47.3893094" lon="0.9070337">
	<ele>85.40</ele>
	<time>1970-01-01T00:00:00.000Z</time>
</trkpt>
<trkpt lat="47.3894171" lon="0.9074615">
	<ele>86.10</ele>
	<time>1970-01-01T00:00:00.000Z</time>
</trkpt>
<trkpt lat="47.3895207" lon="0.9088685">
	<ele>85.90</ele>
	<time>1970-01-01T00:00:00.000Z</time>
</trkpt>
<trkpt lat="47.3894926" lon="0.9094106">
	<ele>85.70</ele>
	<time>1970-01-01T00:00:00.000Z</time>
</trkpt>
<trkpt lat="47.3894814" lon="0.9121480">
	<ele>82.50</ele>
	<time>1970-01-01T00:00:00.000Z</time>
</trkpt>
<trkpt lat="47.3897008" lon="0.9178481">
	<ele>83.60</ele>
	<time>1970-01-01T00:00:00.000Z</time>
</trkpt>
<trkpt lat="47.3897538" lon="0.9183978">
	<ele>84.30</ele>
	<time>1970-01-01T00:00:00.000Z</time>
</trkpt>
<trkpt lat="47.3898954" lon="0.9191163">
	<ele>85.50</ele>
	<time>1970-01-01T00:00:00.000Z</time>
</trkpt>
<trkpt lat="47.3900764" lon="0.9198652">
	<ele>86.90</ele>
	<time>1970-01-01T00:00:00.000Z</time>
</trkpt>
<trkpt lat="47.3902396" lon="0.9203812">
	<ele>87.80</ele>
	<time>1970-01-01T00:00:00.000Z</time>
</trkpt>
<trkpt lat="47.3906406" lon="0.9214504">
	<ele>87.10</ele>
	<time>1970-01-01T00:00:00.000Z</time>
</trkpt>
<trkpt lat="47.3914176" lon="0.9209374">
	<ele>84.90</ele>
	<time>1970-01-01T00:00:00.000Z</time>
</trkpt>
<trkpt lat="47.3916451" lon="0.9207682">
	<ele>84.30</ele>
	<time>1970-01-01T00:00:00.000Z</time>
</trkpt>
<trkpt lat="47.3917649" lon="0.9206271">
	<ele>84.30</ele>
	<time>1970-01-01T00:00:00.000Z</time>
</trkpt>
<trkpt lat="47.3919297" lon="0.9202719">
	<ele>83.80</ele>
	<time>1970-01-01T00:00:00.000Z</time>
</trkpt>
<trkpt lat="47.3920257" lon="0.9193452">
	<ele>82.40</ele>
	<time>1970-01-01T00:00:00.000Z</time>
</trkpt>
<trkpt lat="47.3921933" lon="0.9186981">
	<ele>80.70</ele>
	<time>1970-01-01T00:00:00.000Z</time>
</trkpt>
<trkpt lat="47.3923765" lon="0.9183118">
	<ele>79.80</ele>
	<time>1970-01-01T00:00:00.000Z</time>
</trkpt>
<trkpt lat="47.3930129" lon="0.9176439">
	<ele>77.40</ele>
	<time>1970-01-01T00:00:00.000Z</time>
</trkpt>
<trkpt lat="47.3941326" lon="0.9169121">
	<ele>77.20</ele>
	<time>1970-01-01T00:00:00.000Z</time>
</trkpt>
<trkpt lat="47.3944221" lon="0.9167922">
	<ele>75.90</ele>
	<time>1970-01-01T00:00:00.000Z</time>
</trkpt>
<trkpt lat="47.3946082" lon="0.9167683">
	<ele>75.60</ele>
	<time>1970-01-01T00:00:00.000Z</time>
</trkpt>
<trkpt lat="47.3948081" lon="0.9166682">
	<ele>75.30</ele>
	<time>1970-01-01T00:00:00.000Z</time>
</trkpt>
<trkpt lat="47.3950360" lon="0.9162217">
	<ele>75.40</ele>
	<time>1970-01-01T00:00:00.000Z</time>
</trkpt>
<trkpt lat="47.3951551" lon="0.9162386">
	<ele>76.00</ele>
	<time>1970-01-01T00:00:00.000Z</time>
</trkpt>
<trkpt lat="47.3954937" lon="0.9163845">
	<ele>76.50</ele>
	<time>1970-01-01T00:00:00.000Z</time>
</trkpt>
<trkpt lat="47.3956103" lon="0.9165045">
	<ele>76.50</ele>
	<time>1970-01-01T00:00:00.000Z</time>
</trkpt>
<trkpt lat="47.3962794" lon="0.9174163">
	<ele>76.00</ele>
	<time>1970-01-01T00:00:00.000Z</time>
</trkpt>
<trkpt lat="47.3969473" lon="0.9181487">
	<ele>75.90</ele>
	<time>1970-01-01T00:00:00.000Z</time>
</trkpt>
<trkpt lat="47.3973882" lon="0.9188386">
	<ele>73.70</ele>
	<time>1970-01-01T00:00:00.000Z</time>
</trkpt>
<trkpt lat="47.3981550" lon="0.9205754">
	<ele>62.40</ele>
	<time>1970-01-01T00:00:00.000Z</time>
</trkpt>
<trkpt lat="47.3982817" lon="0.9207045">
	<ele>60.20</ele>
	<time>1970-01-01T00:00:00.000Z</time>
</trkpt>
<trkpt lat="47.3984289" lon="0.9207346">
	<ele>58.70</ele>
	<time>1970-01-01T00:00:00.000Z</time>
</trkpt>
<trkpt lat="47.3983484" lon="0.9217177">
	<ele>60.80</ele>
	<time>1970-01-01T00:00:00.000Z</time>
</trkpt>
<trkpt lat="47.3983357" lon="0.9225749">
	<ele>64.00</ele>
	<time>1970-01-01T00:00:00.000Z</time>
</trkpt>
<trkpt lat="47.3983725" lon="0.9242342">
	<ele>63.20</ele>
	<time>1970-01-01T00:00:00.000Z</time>
</trkpt>
<trkpt lat="47.3984709" lon="0.9252449">
	<ele>59.70</ele>
	<time>1970-01-01T00:00:00.000Z</time>
</trkpt>
<trkpt lat="47.3987408" lon="0.9268046">
	<ele>60.30</ele>
	<time>1970-01-01T00:00:00.000Z</time>
</trkpt>
<trkpt lat="47.3987983" lon="0.9275054">
	<ele>62.90</ele>
	<time>1970-01-01T00:00:00.000Z</time>
</trkpt>
<trkpt lat="47.3987962" lon="0.9293608">
	<ele>64.50</ele>
	<time>1970-01-01T00:00:00.000Z</time>
</trkpt>
<trkpt lat="47.3990925" lon="0.9312273">
	<ele>57.60</ele>
	<time>1970-01-01T00:00:00.000Z</time>
</trkpt>
<trkpt lat="47.3992002" lon="0.9323774">
	<ele>57.70</ele>
	<time>1970-01-01T00:00:00.000Z</time>
</trkpt>
<trkpt lat="47.3993878" lon="0.9336088">
	<ele>65.40</ele>
	<time>1970-01-01T00:00:00.000Z</time>
</trkpt>
<trkpt lat="47.3996094" lon="0.9360894">
	<ele>73.60</ele>
	<time>1970-01-01T00:00:00.000Z</time>
</trkpt>
<trkpt lat="47.3998726" lon="0.9380337">
	<ele>64.00</ele>
	<time>1970-01-01T00:00:00.000Z</time>
</trkpt>
<trkpt lat="47.4018879" lon="0.9373487">
	<ele>54.10</ele>
	<time>1970-01-01T00:00:00.000Z</time>
</trkpt>
<trkpt lat="47.4020799" lon="0.9374323">
	<ele>53.40</ele>
	<time>1970-01-01T00:00:00.000Z</time>
</trkpt>
<trkpt lat="47.4024372" lon="0.9378225">
	<ele>53.30</ele>
	<time>1970-01-01T00:00:00.000Z</time>
</trkpt>
<trkpt lat="47.4028270" lon="0.9384497">
	<ele>52.50</ele>
	<time>1970-01-01T00:00:00.000Z</time>
</trkpt>
<trkpt lat="47.4028342" lon="0.9387196">
	<ele>52.30</ele>
	<time>1970-01-01T00:00:00.000Z</time>
</trkpt>
<trkpt lat="47.4029797" lon="0.9389945">
	<ele>52.60</ele>
	<time>1970-01-01T00:00:00.000Z</time>
</trkpt>
<trkpt lat="47.4031647" lon="0.9392226">
	<ele>53.20</ele>
	<time>1970-01-01T00:00:00.000Z</time>
</trkpt>
<trkpt lat="47.4032490" lon="0.9391318">
	<ele>53.20</ele>
	<time>1970-01-01T00:00:00.000Z</time>
</trkpt>
<trkpt lat="47.4032735" lon="0.9389060">
	<ele>52.60</ele>
	<time>1970-01-01T00:00:00.000Z</time>
</trkpt>
<trkpt lat="47.4033658" lon="0.9388675">
	<ele>52.30</ele>
	<time>1970-01-01T00:00:00.000Z</time>
</trkpt>
<trkpt lat="47.4035452" lon="0.9397133">
	<ele>53.50</ele>
	<time>1970-01-01T00:00:00.000Z</time>
</trkpt>
<trkpt lat="47.4034965" lon="0.9401891">
	<ele>53.50</ele>
	<time>1970-01-01T00:00:00.000Z</time>
</trkpt>
<trkpt lat="47.4037951" lon="0.9419917">
	<ele>54.60</ele>
	<time>1970-01-01T00:00:00.000Z</time>
</trkpt>
<trkpt lat="47.4044545" lon="0.9447813">
	<ele>52.70</ele>
	<time>1970-01-01T00:00:00.000Z</time>
</trkpt>
<trkpt lat="47.4048520" lon="0.9468201">
	<ele>52.50</ele>
	<time>1970-01-01T00:00:00.000Z</time>
</trkpt>
<trkpt lat="47.4053911" lon="0.9493553">
	<ele>52.40</ele>
	<time>1970-01-01T00:00:00.000Z</time>
</trkpt>
<trkpt lat="47.4053761" lon="0.9496770">
	<ele>52.50</ele>
	<time>1970-01-01T00:00:00.000Z</time>
</trkpt>
<trkpt lat="47.4036244" lon="0.9504325">
	<ele>54.90</ele>
	<time>1970-01-01T00:00:00.000Z</time>
</trkpt>
<trkpt lat="47.4039594" lon="0.9521187">
	<ele>53.90</ele>
	<time>1970-01-01T00:00:00.000Z</time>
</trkpt>
<trkpt lat="47.4044684" lon="0.9536671">
	<ele>56.20</ele>
	<time>1970-01-01T00:00:00.000Z</time>
</trkpt>
<trkpt lat="47.4046395" lon="0.9543315">
	<ele>55.90</ele>
	<time>1970-01-01T00:00:00.000Z</time>
</trkpt>
<trkpt lat="47.4050457" lon="0.9549980">
	<ele>56.50</ele>
	<time>1970-01-01T00:00:00.000Z</time>
</trkpt>
<trkpt lat="47.4055433" lon="0.9560028">
	<ele>55.90</ele>
	<time>1970-01-01T00:00:00.000Z</time>
</trkpt>
<trkpt lat="47.4059893" lon="0.9573074">
	<ele>56.10</ele>
	<time>1970-01-01T00:00:00.000Z</time>
</trkpt>
<trkpt lat="47.4064685" lon="0.9571415">
	<ele>54.20</ele>
	<time>1970-01-01T00:00:00.000Z</time>
</trkpt>
<trkpt lat="47.4066663" lon="0.9570170">
	<ele>52.60</ele>
	<time>1970-01-01T00:00:00.000Z</time>
</trkpt>
<trkpt lat="47.4067569" lon="0.9583828">
	<ele>54.20</ele>
	<time>1970-01-01T00:00:00.000Z</time>
</trkpt>
<trkpt lat="47.4068798" lon="0.9592429">
	<ele>53.20</ele>
	<time>1970-01-01T00:00:00.000Z</time>
</trkpt>
<trkpt lat="47.4069873" lon="0.9602841">
	<ele>53.40</ele>
	<time>1970-01-01T00:00:00.000Z</time>
</trkpt>
<trkpt lat="47.4072107" lon="0.9612160">
	<ele>53.20</ele>
	<time>1970-01-01T00:00:00.000Z</time>
</trkpt>
<trkpt lat="47.4073880" lon="0.9616788">
	<ele>53.30</ele>
	<time>1970-01-01T00:00:00.000Z</time>
</trkpt>
<trkpt lat="47.4074981" lon="0.9621779">
	<ele>53.00</ele>
	<time>1970-01-01T00:00:00.000Z</time>
</trkpt>
<trkpt lat="47.4075476" lon="0.9626248">
	<ele>53.00</ele>
	<time>1970-01-01T00:00:00.000Z</time>
</trkpt>
<trkpt lat="47.4077522" lon="0.9634937">
	<ele>53.10</ele>
	<time>1970-01-01T00:00:00.000Z</time>
</trkpt>
<trkpt lat="47.4078690" lon="0.9641748">
	<ele>53.00</ele>
	<time>1970-01-01T00:00:00.000Z</time>
</trkpt>
<trkpt lat="47.4078747" lon="0.9643944">
	<ele>53.10</ele>
	<time>1970-01-01T00:00:00.000Z</time>
</trkpt>
<trkpt lat="47.4077531" lon="0.9644914">
	<ele>53.80</ele>
	<time>1970-01-01T00:00:00.000Z</time>
</trkpt>
<trkpt lat="47.4077084" lon="0.9645861">
	<ele>53.80</ele>
	<time>1970-01-01T00:00:00.000Z</time>
</trkpt>
<trkpt lat="47.4076817" lon="0.9647607">
	<ele>54.40</ele>
	<time>1970-01-01T00:00:00.000Z</time>
</trkpt>
<trkpt lat="47.4077440" lon="0.9652899">
	<ele>54.50</ele>
	<time>1970-01-01T00:00:00.000Z</time>
</trkpt>
<trkpt lat="47.4078811" lon="0.9660310">
	<ele>53.40</ele>
	<time>1970-01-01T00:00:00.000Z</time>
</trkpt>
<trkpt lat="47.4079442" lon="0.9667111">
	<ele>55.80</ele>
	<time>1970-01-01T00:00:00.000Z</time>
</trkpt>
<trkpt lat="47.4081162" lon="0.9670902">
	<ele>54.50</ele>
	<time>1970-01-01T00:00:00.000Z</time>
</trkpt>
<trkpt lat="47.4085806" lon="0.9688638">
	<ele>54.80</ele>
	<time>1970-01-01T00:00:00.000Z</time>
</trkpt>
<trkpt lat="47.4087482" lon="0.9696684">
	<ele>57.80</ele>
	<time>1970-01-01T00:00:00.000Z</time>
</trkpt>
<trkpt lat="47.4088516" lon="0.9698310">
	<ele>56.40</ele>
	<time>1970-01-01T00:00:00.000Z</time>
</trkpt>
<trkpt lat="47.4089188" lon="0.9701239">
	<ele>57.00</ele>
	<time>1970-01-01T00:00:00.000Z</time>
</trkpt>
<trkpt lat="47.4096086" lon="0.9714831">
	<ele>54.40</ele>
	<time>1970-01-01T00:00:00.000Z</time>
</trkpt>
<trkpt lat="47.4109680" lon="0.9734332">
	<ele>53.70</ele>
	<time>1970-01-01T00:00:00.000Z</time>
</trkpt>
<trkpt lat="47.4115320" lon="0.9754529">
	<ele>53.70</ele>
	<time>1970-01-01T00:00:00.000Z</time>
</trkpt>
<trkpt lat="47.4118230" lon="0.9761572">
	<ele>54.20</ele>
	<time>1970-01-01T00:00:00.000Z</time>
</trkpt>
<trkpt lat="47.4118915" lon="0.9763966">
	<ele>53.60</ele>
	<time>1970-01-01T00:00:00.000Z</time>
</trkpt>
<trkpt lat="47.4119826" lon="0.9765579">
	<ele>54.90</ele>
	<time>1970-01-01T00:00:00.000Z</time>
</trkpt>
<trkpt lat="47.4120240" lon="0.9767262">
	<ele>58.60</ele>
	<time>1970-01-01T00:00:00.000Z</time>
</trkpt>
<trkpt lat="47.4122409" lon="0.9770661">
	<ele>55.00</ele>
	<time>1970-01-01T00:00:00.000Z</time>
</trkpt>
<trkpt lat="47.4124825" lon="0.9776680">
	<ele>54.50</ele>
	<time>1970-01-01T00:00:00.000Z</time>
</trkpt>
<trkpt lat="47.4126768" lon="0.9789767">
	<ele>55.70</ele>
	<time>1970-01-01T00:00:00.000Z</time>
</trkpt>
<trkpt lat="47.4128845" lon="0.9812011">
	<ele>54.20</ele>
	<time>1970-01-01T00:00:00.000Z</time>
</trkpt>
<trkpt lat="47.4129252" lon="0.9814152">
	<ele>54.20</ele>
	<time>1970-01-01T00:00:00.000Z</time>
</trkpt>
<trkpt lat="47.4134840" lon="0.9833607">
	<ele>55.00</ele>
	<time>1970-01-01T00:00:00.000Z</time>
</trkpt>
<trkpt lat="47.4138155" lon="0.9842506">
	<ele>54.30</ele>
	<time>1970-01-01T00:00:00.000Z</time>
</trkpt>
<trkpt lat="47.4138479" lon="0.9843382">
	<ele>55.80</ele>
	<time>1970-01-01T00:00:00.000Z</time>
</trkpt>
<trkpt lat="47.4141184" lon="0.9850326">
	<ele>53.80</ele>
	<time>1970-01-01T00:00:00.000Z</time>
</trkpt>
<trkpt lat="47.4141012" lon="0.9851032">
	<ele>53.90</ele>
	<time>1970-01-01T00:00:00.000Z</time>
</trkpt>
<trkpt lat="47.4142536" lon="0.9855880">
	<ele>54.00</ele>
	<time>1970-01-01T00:00:00.000Z</time>
</trkpt>
<trkpt lat="47.4141913" lon="0.9854983">
	<ele>56.30</ele>
	<time>1970-01-01T00:00:00.000Z</time>
</trkpt>
<trkpt lat="47.4141170" lon="0.9855302">
	<ele>56.30</ele>
	<time>1970-01-01T00:00:00.000Z</time>
</trkpt>
<trkpt lat="47.4138229" lon="0.9858067">
	<ele>73.00</ele>
	<time>1970-01-01T00:00:00.000Z</time>
</trkpt>
<trkpt lat="47.4132578" lon="0.9846311">
	<ele>63.90</ele>
	<time>1970-01-01T00:00:00.000Z</time>
</trkpt>
<trkpt lat="47.4130905" lon="0.9844365">
	<ele>63.10</ele>
	<time>1970-01-01T00:00:00.000Z</time>
</trkpt>
<trkpt lat="47.4129083" lon="0.9843168">
	<ele>63.90</ele>
	<time>1970-01-01T00:00:00.000Z</time>
</trkpt>
<trkpt lat="47.4128372" lon="0.9843924">
	<ele>63.90</ele>
	<time>1970-01-01T00:00:00.000Z</time>
</trkpt>
<trkpt lat="47.4127745" lon="0.9847584">
	<ele>64.50</ele>
	<time>1970-01-01T00:00:00.000Z</time>
</trkpt>
<trkpt lat="47.4127096" lon="0.9856881">
	<ele>69.60</ele>
	<time>1970-01-01T00:00:00.000Z</time>
</trkpt>
<trkpt lat="47.4125690" lon="0.9867771">
	<ele>67.70</ele>
	<time>1970-01-01T00:00:00.000Z</time>
</trkpt>
<trkpt lat="47.4121432" lon="0.9866271">
	<ele>62.20</ele>
	<time>1970-01-01T00:00:00.000Z</time>
</trkpt>
<trkpt lat="47.4121251" lon="0.9866972">
	<ele>62.40</ele>
	<time>1970-01-01T00:00:00.000Z</time>
</trkpt>
<trkpt lat="47.4120058" lon="0.9866458">
	<ele>61.20</ele>
	<time>1970-01-01T00:00:00.000Z</time>
</trkpt>
<trkpt lat="47.4117522" lon="0.9877871">
	<ele>63.40</ele>
	<time>1970-01-01T00:00:00.000Z</time>
</trkpt>
<trkpt lat="47.4116588" lon="0.9877712">
	<ele>62.70</ele>
	<time>1970-01-01T00:00:00.000Z</time>
</trkpt>
<trkpt lat="47.4115985" lon="0.9878509">
	<ele>62.70</ele>
	<time>1970-01-01T00:00:00.000Z</time>
</trkpt>
<trkpt lat="47.4115428" lon="0.9879525">
	<ele>62.70</ele>
	<time>1970-01-01T00:00:00.000Z</time>
</trkpt>
<trkpt lat="47.4115030" lon="0.9881913">
	<ele>62.00</ele>
	<time>1970-01-01T00:00:00.000Z</time>
</trkpt>
<trkpt lat="47.4114303" lon="0.9883588">
	<ele>62.30</ele>
	<time>1970-01-01T00:00:00.000Z</time>
</trkpt>
<trkpt lat="47.4108969" lon="0.9890194">
	<ele>59.60</ele>
	<time>1970-01-01T00:00:00.000Z</time>
</trkpt>
<trkpt lat="47.4109798" lon="0.9893334">
	<ele>60.40</ele>
	<time>1970-01-01T00:00:00.000Z</time>
</trkpt>
<trkpt lat="47.4108834" lon="0.9896788">
	<ele>59.80</ele>
	<time>1970-01-01T00:00:00.000Z</time>
</trkpt>
<trkpt lat="47.4109908" lon="0.9900577">
	<ele>60.10</ele>
	<time>1970-01-01T00:00:00.000Z</time>
</trkpt>
<trkpt lat="47.4107922" lon="0.9903547">
	<ele>59.70</ele>
	<time>1970-01-01T00:00:00.000Z</time>
</trkpt>
<trkpt lat="47.4109715" lon="0.9906838">
	<ele>60.70</ele>
	<time>1970-01-01T00:00:00.000Z</time>
</trkpt>
<trkpt lat="47.4110201" lon="0.9908813">
	<ele>62.60</ele>
	<time>1970-01-01T00:00:00.000Z</time>
</trkpt>
<trkpt lat="47.4110963" lon="0.9909661">
	<ele>62.60</ele>
	<time>1970-01-01T00:00:00.000Z</time>
</trkpt>
<trkpt lat="47.4112290" lon="0.9908759">
	<ele>64.60</ele>
	<time>1970-01-01T00:00:00.000Z</time>
</trkpt>
<trkpt lat="47.4113347" lon="0.9909191">
	<ele>67.30</ele>
	<time>1970-01-01T00:00:00.000Z</time>
</trkpt>
<trkpt lat="47.4109162" lon="0.9916478">
	<ele>70.30</ele>
	<time>1970-01-01T00:00:00.000Z</time>
</trkpt>
<trkpt lat="47.4106073" lon="0.9919554">
	<ele>72.70</ele>
	<time>1970-01-01T00:00:00.000Z</time>
</trkpt>
<trkpt lat="47.4104685" lon="0.9921724">
	<ele>75.40</ele>
	<time>1970-01-01T00:00:00.000Z</time>
</trkpt>
<trkpt lat="47.4105202" lon="0.9921775">
	<ele>75.40</ele>
	<time>1970-01-01T00:00:00.000Z</time>
</trkpt>
<trkpt lat="47.4109433" lon="0.9919094">
	<ele>74.40</ele>
	<time>1970-01-01T00:00:00.000Z</time>
</trkpt>
<trkpt lat="47.4114413" lon="0.9913356">
	<ele>73.80</ele>
	<time>1970-01-01T00:00:00.000Z</time>
</trkpt>
<trkpt lat="47.4116682" lon="0.9911295">
	<ele>73.80</ele>
	<time>1970-01-01T00:00:00.000Z</time>
</trkpt>
<trkpt lat="47.4120616" lon="0.9904682">
	<ele>80.60</ele>
	<time>1970-01-01T00:00:00.000Z</time>
</trkpt>
<trkpt lat="47.4127648" lon="0.9891349">
	<ele>83.40</ele>
	<time>1970-01-01T00:00:00.000Z</time>
</trkpt>
<trkpt lat="47.4128401" lon="0.9890958">
	<ele>84.70</ele>
	<time>1970-01-01T00:00:00.000Z</time>
</trkpt>
<trkpt lat="47.4126056" lon="0.9922212">
	<ele>101.80</ele>
	<time>1970-01-01T00:00:00.000Z</time>
</trkpt>
<trkpt lat="47.4125628" lon="0.9937049">
	<ele>104.70</ele>
	<time>1970-01-01T00:00:00.000Z</time>
</trkpt>
<trkpt lat="47.4125373" lon="0.9975554">
	<ele>105.80</ele>
	<time>1970-01-01T00:00:00.000Z</time>
</trkpt>
<trkpt lat="47.4125161" lon="0.9977938">
	<ele>106.00</ele>
	<time>1970-01-01T00:00:00.000Z</time>
</trkpt>
<trkpt lat="47.4124039" lon="0.9982290">
	<ele>106.20</ele>
	<time>1970-01-01T00:00:00.000Z</time>
</trkpt>
<trkpt lat="47.4125385" lon="0.9986231">
	<ele>106.20</ele>
	<time>1970-01-01T00:00:00.000Z</time>
</trkpt>
<trkpt lat="47.4128356" lon="0.9991390">
	<ele>105.40</ele>
	<time>1970-01-01T00:00:00.000Z</time>
</trkpt>
<trkpt lat="47.4129757" lon="0.9995784">
	<ele>104.90</ele>
	<time>1970-01-01T00:00:00.000Z</time>
</trkpt>
<trkpt lat="47.4132078" lon="1.0010485">
	<ele>105.30</ele>
	<time>1970-01-01T00:00:00.000Z</time>
</trkpt>
<trkpt lat="47.4139880" lon="1.0007555">
	<ele>104.80</ele>
	<time>1970-01-01T00:00:00.000Z</time>
</trkpt>
<trkpt lat="47.4145342" lon="1.0006277">
	<ele>103.50</ele>
	<time>1970-01-01T00:00:00.000Z</time>
</trkpt>
<trkpt lat="47.4147053" lon="1.0006265">
	<ele>102.90</ele>
	<time>1970-01-01T00:00:00.000Z</time>
</trkpt>
<trkpt lat="47.4149286" lon="1.0006971">
	<ele>102.20</ele>
	<time>1970-01-01T00:00:00.000Z</time>
</trkpt>
<trkpt lat="47.4150413" lon="1.0007878">
	<ele>101.70</ele>
	<time>1970-01-01T00:00:00.000Z</time>
</trkpt>
<trkpt lat="47.4151947" lon="1.0010170">
	<ele>101.00</ele>
	<time>1970-01-01T00:00:00.000Z</time>
</trkpt>
<trkpt lat="47.4153031" lon="1.0012955">
	<ele>101.10</ele>
	<time>1970-01-01T00:00:00.000Z</time>
</trkpt>
<trkpt lat="47.4155849" lon="1.0023449">
	<ele>100.20</ele>
	<time>1970-01-01T00:00:00.000Z</time>
</trkpt>
<trkpt lat="47.4162293" lon="1.0041647">
	<ele>99.30</ele>
	<time>1970-01-01T00:00:00.000Z</time>
</trkpt>
<trkpt lat="47.4165107" lon="1.0047103">
	<ele>98.50</ele>
	<time>1970-01-01T00:00:00.000Z</time>
</trkpt>
<trkpt lat="47.4166478" lon="1.0048246">
	<ele>98.20</ele>
	<time>1970-01-01T00:00:00.000Z</time>
</trkpt>
<trkpt lat="47.4166385" lon="1.0050267">
	<ele>98.40</ele>
	<time>1970-01-01T00:00:00.000Z</time>
</trkpt>
<trkpt lat="47.4167312" lon="1.0055470">
	<ele>98.50</ele>
	<time>1970-01-01T00:00:00.000Z</time>
</trkpt>
<trkpt lat="47.4170398" lon="1.0084227">
	<ele>97.40</ele>
	<time>1970-01-01T00:00:00.000Z</time>
</trkpt>
<trkpt lat="47.4172165" lon="1.0093308">
	<ele>97.70</ele>
	<time>1970-01-01T00:00:00.000Z</time>
</trkpt>
<trkpt lat="47.4176877" lon="1.0127620">
	<ele>94.20</ele>
	<time>1970-01-01T00:00:00.000Z</time>
</trkpt>
<trkpt lat="47.4177592" lon="1.0130473">
	<ele>93.80</ele>
	<time>1970-01-01T00:00:00.000Z</time>
</trkpt>
<trkpt lat="47.4179071" lon="1.0134265">
	<ele>94.00</ele>
	<time>1970-01-01T00:00:00.000Z</time>
</trkpt>
<trkpt lat="47.4181129" lon="1.0138328">
	<ele>94.60</ele>
	<time>1970-01-01T00:00:00.000Z</time>
</trkpt>
<trkpt lat="47.4183323" lon="1.0142266">
	<ele>96.00</ele>
	<time>1970-01-01T00:00:00.000Z</time>
</trkpt>
<trkpt lat="47.4185545" lon="1.0145368">
	<ele>96.30</ele>
	<time>1970-01-01T00:00:00.000Z</time>
</trkpt>
<trkpt lat="47.4188660" lon="1.0148982">
	<ele>95.90</ele>
	<time>1970-01-01T00:00:00.000Z</time>
</trkpt>
<trkpt lat="47.4198975" lon="1.0159307">
	<ele>96.70</ele>
	<time>1970-01-01T00:00:00.000Z</time>
</trkpt>
<trkpt lat="47.4202195" lon="1.0164362">
	<ele>97.60</ele>
	<time>1970-01-01T00:00:00.000Z</time>
</trkpt>
<trkpt lat="47.4212839" lon="1.0187596">
	<ele>97.70</ele>
	<time>1970-01-01T00:00:00.000Z</time>
</trkpt>
<trkpt lat="47.4222950" lon="1.0208175">
	<ele>97.80</ele>
	<time>1970-01-01T00:00:00.000Z</time>
</trkpt>
<trkpt lat="47.4225066" lon="1.0211384">
	<ele>98.00</ele>
	<time>1970-01-01T00:00:00.000Z</time>
</trkpt>
<trkpt lat="47.4229100" lon="1.0215602">
	<ele>98.10</ele>
	<time>1970-01-01T00:00:00.000Z</time>
</trkpt>
<trkpt lat="47.4228789" lon="1.0217909">
	<ele>98.20</ele>
	<time>1970-01-01T00:00:00.000Z</time>
</trkpt>
<trkpt lat="47.4228908" lon="1.0219603">
	<ele>98.20</ele>
	<time>1970-01-01T00:00:00.000Z</time>
</trkpt>
<trkpt lat="47.4229432" lon="1.0221334">
	<ele>98.20</ele>
	<time>1970-01-01T00:00:00.000Z</time>
</trkpt>
<trkpt lat="47.4232716" lon="1.0224889">
	<ele>98.10</ele>
	<time>1970-01-01T00:00:00.000Z</time>
</trkpt>
<trkpt lat="47.4234983" lon="1.0227923">
	<ele>98.00</ele>
	<time>1970-01-01T00:00:00.000Z</time>
</trkpt>
<trkpt lat="47.4238931" lon="1.0236601">
	<ele>97.20</ele>
	<time>1970-01-01T00:00:00.000Z</time>
</trkpt>
<trkpt lat="47.4241629" lon="1.0244344">
	<ele>95.70</ele>
	<time>1970-01-01T00:00:00.000Z</time>
</trkpt>
<trkpt lat="47.4228211" lon="1.0258417">
	<ele>99.00</ele>
	<time>1970-01-01T00:00:00.000Z</time>
</trkpt>
<trkpt lat="47.4216142" lon="1.0269628">
	<ele>101.90</ele>
	<time>1970-01-01T00:00:00.000Z</time>
</trkpt>
<trkpt lat="47.4216161" lon="1.0270770">
	<ele>101.90</ele>
	<time>1970-01-01T00:00:00.000Z</time>
</trkpt>
<trkpt lat="47.4217003" lon="1.0274190">
	<ele>101.90</ele>
	<time>1970-01-01T00:00:00.000Z</time>
</trkpt>
<trkpt lat="47.4225230" lon="1.0301591">
	<ele>99.40</ele>
	<time>1970-01-01T00:00:00.000Z</time>
</trkpt>
<trkpt lat="47.4234933" lon="1.0354624">
	<ele>99.50</ele>
	<time>1970-01-01T00:00:00.000Z</time>
</trkpt>
<trkpt lat="47.4236187" lon="1.0359284">
	<ele>101.20</ele>
	<time>1970-01-01T00:00:00.000Z</time>
</trkpt>
<trkpt lat="47.4237200" lon="1.0361467">
	<ele>101.30</ele>
	<time>1970-01-01T00:00:00.000Z</time>
</trkpt>
<trkpt lat="47.4238793" lon="1.0363797">
	<ele>101.60</ele>
	<time>1970-01-01T00:00:00.000Z</time>
</trkpt>
<trkpt lat="47.4246075" lon="1.0373494">
	<ele>101.80</ele>
	<time>1970-01-01T00:00:00.000Z</time>
</trkpt>
<trkpt lat="47.4248858" lon="1.0376791">
	<ele>102.90</ele>
	<time>1970-01-01T00:00:00.000Z</time>
</trkpt>
<trkpt lat="47.4254015" lon="1.0381948">
	<ele>103.20</ele>
	<time>1970-01-01T00:00:00.000Z</time>
</trkpt>
<trkpt lat="47.4256048" lon="1.0386002">
	<ele>103.30</ele>
	<time>1970-01-01T00:00:00.000Z</time>
</trkpt>
<trkpt lat="47.4257580" lon="1.0388278">
	<ele>103.40</ele>
	<time>1970-01-01T00:00:00.000Z</time>
</trkpt>
<trkpt lat="47.4265715" lon="1.0398625">
	<ele>103.20</ele>
	<time>1970-01-01T00:00:00.000Z</time>
</trkpt>
<trkpt lat="47.4269500" lon="1.0402611">
	<ele>102.70</ele>
	<time>1970-01-01T00:00:00.000Z</time>
</trkpt>
<trkpt lat="47.4270859" lon="1.0404671">
	<ele>102.20</ele>
	<time>1970-01-01T00:00:00.000Z</time>
</trkpt>
<trkpt lat="47.4272092" lon="1.0407320">
	<ele>101.70</ele>
	<time>1970-01-01T00:00:00.000Z</time>
</trkpt>
<trkpt lat="47.4273406" lon="1.0414572">
	<ele>102.90</ele>
	<time>1970-01-01T00:00:00.000Z</time>
</trkpt>
<trkpt lat="47.4274769" lon="1.0418975">
	<ele>103.00</ele>
	<time>1970-01-01T00:00:00.000Z</time>
</trkpt>
<trkpt lat="47.4275820" lon="1.0421237">
	<ele>102.80</ele>
	<time>1970-01-01T00:00:00.000Z</time>
</trkpt>
<trkpt lat="47.4283709" lon="1.0434367">
	<ele>102.50</ele>
	<time>1970-01-01T00:00:00.000Z</time>
</trkpt>
<trkpt lat="47.4285315" lon="1.0436415">
	<ele>103.00</ele>
	<time>1970-01-01T00:00:00.000Z</time>
</trkpt>
<trkpt lat="47.4287154" lon="1.0437674">
	<ele>103.20</ele>
	<time>1970-01-01T00:00:00.000Z</time>
</trkpt>
<trkpt lat="47.4300741" lon="1.0441306">
	<ele>105.30</ele>
	<time>1970-01-01T00:00:00.000Z</time>
</trkpt>
<trkpt lat="47.4302597" lon="1.0443042">
	<ele>105.40</ele>
	<time>1970-01-01T00:00:00.000Z</time>
</trkpt>
<trkpt lat="47.4303358" lon="1.0444287">
	<ele>106.00</ele>
	<time>1970-01-01T00:00:00.000Z</time>
</trkpt>
<trkpt lat="47.4306617" lon="1.0451788">
	<ele>106.90</ele>
	<time>1970-01-01T00:00:00.000Z</time>
</trkpt>
<trkpt lat="47.4307378" lon="1.0453217">
	<ele>106.90</ele>
	<time>1970-01-01T00:00:00.000Z</time>
</trkpt>
<trkpt lat="47.4309124" lon="1.0455279">
	<ele>106.90</ele>
	<time>1970-01-01T00:00:00.000Z</time>
</trkpt>
<trkpt lat="47.4328295" lon="1.0466576">
	<ele>100.60</ele>
	<time>1970-01-01T00:00:00.000Z</time>
</trkpt>
<trkpt lat="47.4344260" lon="1.0513769">
	<ele>102.50</ele>
	<time>1970-01-01T00:00:00.000Z</time>
</trkpt>
<trkpt lat="47.4351185" lon="1.0529954">
	<ele>106.60</ele>
	<time>1970-01-01T00:00:00.000Z</time>
</trkpt>
<trkpt lat="47.4352858" lon="1.0540581">
	<ele>106.50</ele>
	<time>1970-01-01T00:00:00.000Z</time>
</trkpt>
<trkpt lat="47.4354450" lon="1.0548541">
	<ele>105.20</ele>
	<time>1970-01-01T00:00:00.000Z</time>
</trkpt>
<trkpt lat="47.4358002" lon="1.0556347">
	<ele>102.30</ele>
	<time>1970-01-01T00:00:00.000Z</time>
</trkpt>
<trkpt lat="47.4365991" lon="1.0579071">
	<ele>103.20</ele>
	<time>1970-01-01T00:00:00.000Z</time>
</trkpt>
<trkpt lat="47.4367285" lon="1.0583283">
	<ele>103.20</ele>
	<time>1970-01-01T00:00:00.000Z</time>
</trkpt>
<trkpt lat="47.4370283" lon="1.0596684">
	<ele>106.90</ele>
	<time>1970-01-01T00:00:00.000Z</time>
</trkpt>
<trkpt lat="47.4370897" lon="1.0600643">
	<ele>107.20</ele>
	<time>1970-01-01T00:00:00.000Z</time>
</trkpt>
<trkpt lat="47.4371494" lon="1.0611002">
	<ele>108.00</ele>
	<time>1970-01-01T00:00:00.000Z</time>
</trkpt>
<trkpt lat="47.4374178" lon="1.0625139">
	<ele>109.40</ele>
	<time>1970-01-01T00:00:00.000Z</time>
</trkpt>
<trkpt lat="47.4373660" lon="1.0632383">
	<ele>110.00</ele>
	<time>1970-01-01T00:00:00.000Z</time>
</trkpt>
<trkpt lat="47.4372512" lon="1.0639233">
	<ele>109.70</ele>
	<time>1970-01-01T00:00:00.000Z</time>
</trkpt>
<trkpt lat="47.4372354" lon="1.0642715">
	<ele>109.50</ele>
	<time>1970-01-01T00:00:00.000Z</time>
</trkpt>
<trkpt lat="47.4373603" lon="1.0661783">
	<ele>109.30</ele>
	<time>1970-01-01T00:00:00.000Z</time>
</trkpt>
<trkpt lat="47.4375594" lon="1.0676189">
	<ele>108.30</ele>
	<time>1970-01-01T00:00:00.000Z</time>
</trkpt>
<trkpt lat="47.4381718" lon="1.0703907">
	<ele>105.60</ele>
	<time>1970-01-01T00:00:00.000Z</time>
</trkpt>
<trkpt lat="47.4382269" lon="1.0707841">
	<ele>104.50</ele>
	<time>1970-01-01T00:00:00.000Z</time>
</trkpt>
<trkpt lat="47.4381956" lon="1.0711052">
	<ele>104.00</ele>
	<time>1970-01-01T00:00:00.000Z</time>
</trkpt>
<trkpt lat="47.4379855" lon="1.0715635">
	<ele>103.50</ele>
	<time>1970-01-01T00:00:00.000Z</time>
</trkpt>
<trkpt lat="47.4379315" lon="1.0718112">
	<ele>103.10</ele>
	<time>1970-01-01T00:00:00.000Z</time>
</trkpt>
<trkpt lat="47.4379379" lon="1.0732802">
	<ele>100.10</ele>
	<time>1970-01-01T00:00:00.000Z</time>
</trkpt>
<trkpt lat="47.4380057" lon="1.0744352">
	<ele>98.50</ele>
	<time>1970-01-01T00:00:00.000Z</time>
</trkpt>
<trkpt lat="47.4378629" lon="1.0764761">
	<ele>103.20</ele>
	<time>1970-01-01T00:00:00.000Z</time>
</trkpt>
<trkpt lat="47.4378843" lon="1.0768483">
	<ele>103.90</ele>
	<time>1970-01-01T00:00:00.000Z</time>
</trkpt>
<trkpt lat="47.4379681" lon="1.0771758">
	<ele>104.20</ele>
	<time>1970-01-01T00:00:00.000Z</time>
</trkpt>
<trkpt lat="47.4382173" lon="1.0786946">
	<ele>103.50</ele>
	<time>1970-01-01T00:00:00.000Z</time>
</trkpt>
<trkpt lat="47.4382326" lon="1.0792327">
	<ele>102.20</ele>
	<time>1970-01-01T00:00:00.000Z</time>
</trkpt>
<trkpt lat="47.4381732" lon="1.0796211">
	<ele>101.90</ele>
	<time>1970-01-01T00:00:00.000Z</time>
</trkpt>
<trkpt lat="47.4379578" lon="1.0804199">
	<ele>102.00</ele>
	<time>1970-01-01T00:00:00.000Z</time>
</trkpt>
<trkpt lat="47.4379371" lon="1.0805879">
	<ele>102.30</ele>
	<time>1970-01-01T00:00:00.000Z</time>
</trkpt>
<trkpt lat="47.4379458" lon="1.0814953">
	<ele>103.20</ele>
	<time>1970-01-01T00:00:00.000Z</time>
</trkpt>
<trkpt lat="47.4377205" lon="1.0823128">
	<ele>104.40</ele>
	<time>1970-01-01T00:00:00.000Z</time>
</trkpt>
<trkpt lat="47.4376759" lon="1.0826597">
	<ele>105.10</ele>
	<time>1970-01-01T00:00:00.000Z</time>
</trkpt>
<trkpt lat="47.4376932" lon="1.0828343">
	<ele>105.10</ele>
	<time>1970-01-01T00:00:00.000Z</time>
</trkpt>
<trkpt lat="47.4377863" lon="1.0831267">
	<ele>105.80</ele>
	<time>1970-01-01T00:00:00.000Z</time>
</trkpt>
<trkpt lat="47.4379366" lon="1.0834570">
	<ele>105.70</ele>
	<time>1970-01-01T00:00:00.000Z</time>
</trkpt>
<trkpt lat="47.4384435" lon="1.0842686">
	<ele>106.40</ele>
	<time>1970-01-01T00:00:00.000Z</time>
</trkpt>
<trkpt lat="47.4390984" lon="1.0854436">
	<ele>107.30</ele>
	<time>1970-01-01T00:00:00.000Z</time>
</trkpt>
<trkpt lat="47.4395436" lon="1.0859477">
	<ele>107.80</ele>
	<time>1970-01-01T00:00:00.000Z</time>
</trkpt>
<trkpt lat="47.4404464" lon="1.0866987">
	<ele>108.90</ele>
	<time>1970-01-01T00:00:00.000Z</time>
</trkpt>
<trkpt lat="47.4408410" lon="1.0872631">
	<ele>109.60</ele>
	<time>1970-01-01T00:00:00.000Z</time>
</trkpt>
<trkpt lat="47.4409644" lon="1.0876995">
	<ele>109.50</ele>
	<time>1970-01-01T00:00:00.000Z</time>
</trkpt>
<trkpt lat="47.4411271" lon="1.0885019">
	<ele>108.40</ele>
	<time>1970-01-01T00:00:00.000Z</time>
</trkpt>
<trkpt lat="47.4414231" lon="1.0890898">
	<ele>107.40</ele>
	<time>1970-01-01T00:00:00.000Z</time>
</trkpt>
<trkpt lat="47.4419746" lon="1.0903284">
	<ele>105.90</ele>
	<time>1970-01-01T00:00:00.000Z</time>
</trkpt>
<trkpt lat="47.4420676" lon="1.0908376">
	<ele>106.20</ele>
	<time>1970-01-01T00:00:00.000Z</time>
</trkpt>
<trkpt lat="47.4420521" lon="1.0914740">
	<ele>106.50</ele>
	<time>1970-01-01T00:00:00.000Z</time>
</trkpt>
<trkpt lat="47.4420940" lon="1.0918373">
	<ele>106.90</ele>
	<time>1970-01-01T00:00:00.000Z</time>
</trkpt>
<trkpt lat="47.4423857" lon="1.0932592">
	<ele>107.90</ele>
	<time>1970-01-01T00:00:00.000Z</time>
</trkpt>
<trkpt lat="47.4425740" lon="1.0938151">
	<ele>108.00</ele>
	<time>1970-01-01T00:00:00.000Z</time>
</trkpt>
<trkpt lat="47.4430332" lon="1.0946986">
	<ele>108.10</ele>
	<time>1970-01-01T00:00:00.000Z</time>
</trkpt>
<trkpt lat="47.4433720" lon="1.0955335">
	<ele>107.90</ele>
	<time>1970-01-01T00:00:00.000Z</time>
</trkpt>
<trkpt lat="47.4437532" lon="1.0968750">
	<ele>108.10</ele>
	<time>1970-01-01T00:00:00.000Z</time>
</trkpt>
<trkpt lat="47.4440856" lon="1.0985373">
	<ele>107.40</ele>
	<time>1970-01-01T00:00:00.000Z</time>
</trkpt>
<trkpt lat="47.4443416" lon="1.0994360">
	<ele>107.20</ele>
	<time>1970-01-01T00:00:00.000Z</time>
</trkpt>
<trkpt lat="47.4444373" lon="1.0999503">
	<ele>106.90</ele>
	<time>1970-01-01T00:00:00.000Z</time>
</trkpt>
<trkpt lat="47.4461348" lon="1.0994600">
	<ele>106.20</ele>
	<time>1970-01-01T00:00:00.000Z</time>
</trkpt>
<trkpt lat="47.4467493" lon="1.0993705">
	<ele>106.50</ele>
	<time>1970-01-01T00:00:00.000Z</time>
</trkpt>
<trkpt lat="47.4475725" lon="1.0993266">
	<ele>106.20</ele>
	<time>1970-01-01T00:00:00.000Z</time>
</trkpt>
<trkpt lat="47.4480999" lon="1.0992003">
	<ele>104.80</ele>
	<time>1970-01-01T00:00:00.000Z</time>
</trkpt>
<trkpt lat="47.4503268" lon="1.0980062">
	<ele>103.30</ele>
	<time>1970-01-01T00:00:00.000Z</time>
</trkpt>
<trkpt lat="47.4509206" lon="1.0976414">
	<ele>101.70</ele>
	<time>1970-01-01T00:00:00.000Z</time>
</trkpt>
<trkpt lat="47.4519824" lon="1.0968789">
	<ele>100.30</ele>
	<time>1970-01-01T00:00:00.000Z</time>
</trkpt>
<trkpt lat="47.4529282" lon="1.0965768">
	<ele>95.90</ele>
	<time>1970-01-01T00:00:00.000Z</time>
</trkpt>
<trkpt lat="47.4530800" lon="1.0966021">
	<ele>93.20</ele>
	<time>1970-01-01T00:00:00.000Z</time>
</trkpt>
<trkpt lat="47.4533268" lon="1.0971641">
	<ele>90.80</ele>
	<time>1970-01-01T00:00:00.000Z</time>
</trkpt>
<trkpt lat="47.4534857" lon="1.0977375">
	<ele>88.70</ele>
	<time>1970-01-01T00:00:00.000Z</time>
</trkpt>
<trkpt lat="47.4535832" lon="1.0979769">
	<ele>88.70</ele>
	<time>1970-01-01T00:00:00.000Z</time>
</trkpt>
<trkpt lat="47.4539727" lon="1.0986664">
	<ele>80.80</ele>
	<time>1970-01-01T00:00:00.000Z</time>
</trkpt>
<trkpt lat="47.4542703" lon="1.0989068">
	<ele>74.60</ele>
	<time>1970-01-01T00:00:00.000Z</time>
</trkpt>
<trkpt lat="47.4545729" lon="1.0992425">
	<ele>70.70</ele>
	<time>1970-01-01T00:00:00.000Z</time>
</trkpt>
<trkpt lat="47.4551070" lon="1.0987616">
	<ele>65.70</ele>
	<time>1970-01-01T00:00:00.000Z</time>
</trkpt>
<trkpt lat="47.4552739" lon="1.0992742">
	<ele>65.10</ele>
	<time>1970-01-01T00:00:00.000Z</time>
</trkpt>
<trkpt lat="47.4552735" lon="1.0995243">
	<ele>65.60</ele>
	<time>1970-01-01T00:00:00.000Z</time>
</trkpt>
<trkpt lat="47.4553779" lon="1.0994705">
	<ele>65.60</ele>
	<time>1970-01-01T00:00:00.000Z</time>
</trkpt>
<trkpt lat="47.4556592" lon="1.0990514">
	<ele>63.60</ele>
	<time>1970-01-01T00:00:00.000Z</time>
</trkpt>
<trkpt lat="47.4558384" lon="1.0988830">
	<ele>63.40</ele>
	<time>1970-01-01T00:00:00.000Z</time>
</trkpt>
<trkpt lat="47.4561414" lon="1.0987435">
	<ele>63.10</ele>
	<time>1970-01-01T00:00:00.000Z</time>
</trkpt>
<trkpt lat="47.4566170" lon="1.0984252">
	<ele>62.10</ele>
	<time>1970-01-01T00:00:00.000Z</time>
</trkpt>
<trkpt lat="47.4567811" lon="1.0982190">
	<ele>61.30</ele>
	<time>1970-01-01T00:00:00.000Z</time>
</trkpt>
<trkpt lat="47.4574201" lon="1.0976479">
	<ele>61.40</ele>
	<time>1970-01-01T00:00:00.000Z</time>
</trkpt>
<trkpt lat="47.4584653" lon="1.0970946">
	<ele>64.60</ele>
	<time>1970-01-01T00:00:00.000Z</time>
</trkpt>
<trkpt lat="47.4586128" lon="1.0971112">
	<ele>66.30</ele>
	<time>1970-01-01T00:00:00.000Z</time>
</trkpt>
<trkpt lat="47.4580299" lon="1.0948557">
	<ele>58.90</ele>
	<time>1970-01-01T00:00:00.000Z</time>
</trkpt>
<trkpt lat="47.4580856" lon="1.0946973">
	<ele>58.70</ele>
	<time>1970-01-01T00:00:00.000Z</time>
</trkpt>
<trkpt lat="47.4611137" lon="1.0931074">
	<ele>60.50</ele>
	<time>1970-01-01T00:00:00.000Z</time>
</trkpt>
<trkpt lat="47.4612186" lon="1.0931593">
	<ele>60.80</ele>
	<time>1970-01-01T00:00:00.000Z</time>
</trkpt>
<trkpt lat="47.4617753" lon="1.0954338">
	<ele>61.80</ele>
	<time>1970-01-01T00:00:00.000Z</time>
</trkpt>
<trkpt lat="47.4623297" lon="1.0974479">
	<ele>60.40</ele>
	<time>1970-01-01T00:00:00.000Z</time>
</trkpt>
<trkpt lat="47.4624274" lon="1.0976453">
	<ele>60.40</ele>
	<time>1970-01-01T00:00:00.000Z</time>
</trkpt>
<trkpt lat="47.4625026" lon="1.0979548">
	<ele>60.60</ele>
	<time>1970-01-01T00:00:00.000Z</time>
</trkpt>
<trkpt lat="47.4625415" lon="1.0987683">
	<ele>61.20</ele>
	<time>1970-01-01T00:00:00.000Z</time>
</trkpt>
<trkpt lat="47.4626570" lon="1.0990037">
	<ele>60.70</ele>
	<time>1970-01-01T00:00:00.000Z</time>
</trkpt>
<trkpt lat="47.4626788" lon="1.0991356">
	<ele>61.20</ele>
	<time>1970-01-01T00:00:00.000Z</time>
</trkpt>
<trkpt lat="47.4625418" lon="1.0997734">
	<ele>64.00</ele>
	<time>1970-01-01T00:00:00.000Z</time>
</trkpt>
<trkpt lat="47.4625109" lon="1.1003931">
	<ele>63.40</ele>
	<time>1970-01-01T00:00:00.000Z</time>
</trkpt>
<trkpt lat="47.4624879" lon="1.1018120">
	<ele>61.50</ele>
	<time>1970-01-01T00:00:00.000Z</time>
</trkpt>
<trkpt lat="47.4625301" lon="1.1022810">
	<ele>61.50</ele>
	<time>1970-01-01T00:00:00.000Z</time>
</trkpt>
<trkpt lat="47.4626295" lon="1.1030833">
	<ele>61.10</ele>
	<time>1970-01-01T00:00:00.000Z</time>
</trkpt>
<trkpt lat="47.4631905" lon="1.1060668">
	<ele>65.00</ele>
	<time>1970-01-01T00:00:00.000Z</time>
</trkpt>
<trkpt lat="47.4634200" lon="1.1074466">
	<ele>63.30</ele>
	<time>1970-01-01T00:00:00.000Z</time>
</trkpt>
<trkpt lat="47.4637144" lon="1.1093306">
	<ele>64.00</ele>
	<time>1970-01-01T00:00:00.000Z</time>
</trkpt>
<trkpt lat="47.4638762" lon="1.1106940">
	<ele>66.50</ele>
	<time>1970-01-01T00:00:00.000Z</time>
</trkpt>
<trkpt lat="47.4643480" lon="1.1133647">
	<ele>61.10</ele>
	<time>1970-01-01T00:00:00.000Z</time>
</trkpt>
<trkpt lat="47.4646346" lon="1.1147076">
	<ele>60.50</ele>
	<time>1970-01-01T00:00:00.000Z</time>
</trkpt>
<trkpt lat="47.4649430" lon="1.1159652">
	<ele>61.90</ele>
	<time>1970-01-01T00:00:00.000Z</time>
</trkpt>
<trkpt lat="47.4654361" lon="1.1183970">
	<ele>61.80</ele>
	<time>1970-01-01T00:00:00.000Z</time>
</trkpt>
<trkpt lat="47.4658762" lon="1.1200991">
	<ele>60.40</ele>
	<time>1970-01-01T00:00:00.000Z</time>
</trkpt>
<trkpt lat="47.4667850" lon="1.1233059">
	<ele>58.90</ele>
	<time>1970-01-01T00:00:00.000Z</time>
</trkpt>
<trkpt lat="47.4669803" lon="1.1238022">
	<ele>58.70</ele>
	<time>1970-01-01T00:00:00.000Z</time>
</trkpt>
<trkpt lat="47.4673339" lon="1.1249251">
	<ele>58.50</ele>
	<time>1970-01-01T00:00:00.000Z</time>
</trkpt>
<trkpt lat="47.4676423" lon="1.1263823">
	<ele>60.50</ele>
	<time>1970-01-01T00:00:00.000Z</time>
</trkpt>
<trkpt lat="47.4677537" lon="1.1266502">
	<ele>60.90</ele>
	<time>1970-01-01T00:00:00.000Z</time>
</trkpt>
<trkpt lat="47.4677436" lon="1.1269129">
	<ele>61.80</ele>
	<time>1970-01-01T00:00:00.000Z</time>
</trkpt>
<trkpt lat="47.4677718" lon="1.1270125">
	<ele>61.80</ele>
	<time>1970-01-01T00:00:00.000Z</time>
</trkpt>
<trkpt lat="47.4679604" lon="1.1272137">
	<ele>61.40</ele>
	<time>1970-01-01T00:00:00.000Z</time>
</trkpt>
<trkpt lat="47.4680361" lon="1.1274102">
	<ele>60.80</ele>
	<time>1970-01-01T00:00:00.000Z</time>
</trkpt>
<trkpt lat="47.4680360" lon="1.1278564">
	<ele>61.10</ele>
	<time>1970-01-01T00:00:00.000Z</time>
</trkpt>
<trkpt lat="47.4679495" lon="1.1284622">
	<ele>63.20</ele>
	<time>1970-01-01T00:00:00.000Z</time>
</trkpt>
<trkpt lat="47.4678083" lon="1.1300980">
	<ele>63.90</ele>
	<time>1970-01-01T00:00:00.000Z</time>
</trkpt>
<trkpt lat="47.4678055" lon="1.1304869">
	<ele>63.10</ele>
	<time>1970-01-01T00:00:00.000Z</time>
</trkpt>
<trkpt lat="47.4679968" lon="1.1315200">
	<ele>60.40</ele>
	<time>1970-01-01T00:00:00.000Z</time>
</trkpt>
<trkpt lat="47.4682561" lon="1.1326439">
	<ele>59.80</ele>
	<time>1970-01-01T00:00:00.000Z</time>
</trkpt>
<trkpt lat="47.4683467" lon="1.1338542">
	<ele>60.60</ele>
	<time>1970-01-01T00:00:00.000Z</time>
</trkpt>
<trkpt lat="47.4683418" lon="1.1341650">
	<ele>61.10</ele>
	<time>1970-01-01T00:00:00.000Z</time>
</trkpt>
<trkpt lat="47.4676353" lon="1.1354979">
	<ele>63.00</ele>
	<time>1970-01-01T00:00:00.000Z</time>
</trkpt>
<trkpt lat="47.4675266" lon="1.1355017">
	<ele>63.00</ele>
	<time>1970-01-01T00:00:00.000Z</time>
</trkpt>
<trkpt lat="47.4672132" lon="1.1352696">
	<ele>63.50</ele>
	<time>1970-01-01T00:00:00.000Z</time>
</trkpt>
<trkpt lat="47.4669696" lon="1.1349845">
	<ele>63.70</ele>
	<time>1970-01-01T00:00:00.000Z</time>
</trkpt>
<trkpt lat="47.4667089" lon="1.1349299">
	<ele>66.00</ele>
	<time>1970-01-01T00:00:00.000Z</time>
</trkpt>
<trkpt lat="47.4665215" lon="1.1357033">
	<ele>67.40</ele>
	<time>1970-01-01T00:00:00.000Z</time>
</trkpt>
<trkpt lat="47.4664728" lon="1.1361571">
	<ele>71.30</ele>
	<time>1970-01-01T00:00:00.000Z</time>
</trkpt>
<trkpt lat="47.4667564" lon="1.1368762">
	<ele>74.10</ele>
	<time>1970-01-01T00:00:00.000Z</time>
</trkpt>
<trkpt lat="47.4668099" lon="1.1374719">
	<ele>79.00</ele>
	<time>1970-01-01T00:00:00.000Z</time>
</trkpt>
<trkpt lat="47.4667997" lon="1.1377299">
	<ele>80.90</ele>
	<time>1970-01-01T00:00:00.000Z</time>
</trkpt>
<trkpt lat="47.4667643" lon="1.1378565">
	<ele>80.90</ele>
	<time>1970-01-01T00:00:00.000Z</time>
</trkpt>
<trkpt lat="47.4666723" lon="1.1379878">
	<ele>82.60</ele>
	<time>1970-01-01T00:00:00.000Z</time>
</trkpt>
<trkpt lat="47.4661510" lon="1.1382066">
	<ele>83.70</ele>
	<time>1970-01-01T00:00:00.000Z</time>
</trkpt>
<trkpt lat="47.4659303" lon="1.1383840">
	<ele>84.20</ele>
	<time>1970-01-01T00:00:00.000Z</time>
</trkpt>
<trkpt lat="47.4658636" lon="1.1385064">
	<ele>84.40</ele>
	<time>1970-01-01T00:00:00.000Z</time>
</trkpt>
<trkpt lat="47.4658689" lon="1.1385933">
	<ele>84.40</ele>
	<time>1970-01-01T00:00:00.000Z</time>
</trkpt>
<trkpt lat="47.4660265" lon="1.1388683">
	<ele>83.90</ele>
	<time>1970-01-01T00:00:00.000Z</time>
</trkpt>
<trkpt lat="47.4664559" lon="1.1393194">
	<ele>83.80</ele>
	<time>1970-01-01T00:00:00.000Z</time>
</trkpt>
<trkpt lat="47.4666199" lon="1.1395512">
	<ele>84.00</ele>
	<time>1970-01-01T00:00:00.000Z</time>
</trkpt>
<trkpt lat="47.4667412" lon="1.1399361">
	<ele>84.30</ele>
	<time>1970-01-01T00:00:00.000Z</time>
</trkpt>
<trkpt lat="47.4669073" lon="1.1408039">
	<ele>84.20</ele>
	<time>1970-01-01T00:00:00.000Z</time>
</trkpt>
<trkpt lat="47.4669982" lon="1.1415883">
	<ele>84.30</ele>
	<time>1970-01-01T00:00:00.000Z</time>
</trkpt>
<trkpt lat="47.4668752" lon="1.1424065">
	<ele>84.80</ele>
	<time>1970-01-01T00:00:00.000Z</time>
</trkpt>
<trkpt lat="47.4668835" lon="1.1426372">
	<ele>84.90</ele>
	<time>1970-01-01T00:00:00.000Z</time>
</trkpt>
<trkpt lat="47.4669441" lon="1.1428821">
	<ele>85.40</ele>
	<time>1970-01-01T00:00:00.000Z</time>
</trkpt>
<trkpt lat="47.4672831" lon="1.1435890">
	<ele>87.20</ele>
	<time>1970-01-01T00:00:00.000Z</time>
</trkpt>
<trkpt lat="47.4673932" lon="1.1439421">
	<ele>88.50</ele>
	<time>1970-01-01T00:00:00.000Z</time>
</trkpt>
<trkpt lat="47.4675362" lon="1.1450661">
	<ele>90.10</ele>
	<time>1970-01-01T00:00:00.000Z</time>
</trkpt>
<trkpt lat="47.4675952" lon="1.1465591">
	<ele>90.90</ele>
	<time>1970-01-01T00:00:00.000Z</time>
</trkpt>
<trkpt lat="47.4676755" lon="1.1469707">
	<ele>91.20</ele>
	<time>1970-01-01T00:00:00.000Z</time>
</trkpt>
<trkpt lat="47.4681801" lon="1.1488016">
	<ele>92.60</ele>
	<time>1970-01-01T00:00:00.000Z</time>
</trkpt>
<trkpt lat="47.4682142" lon="1.1490805">
	<ele>92.00</ele>
	<time>1970-01-01T00:00:00.000Z</time>
</trkpt>
<trkpt lat="47.4682093" lon="1.1492799">
	<ele>92.10</ele>
	<time>1970-01-01T00:00:00.000Z</time>
</trkpt>
<trkpt lat="47.4681052" lon="1.1498650">
	<ele>93.20</ele>
	<time>1970-01-01T00:00:00.000Z</time>
</trkpt>
<trkpt lat="47.4681848" lon="1.1519314">
	<ele>94.40</ele>
	<time>1970-01-01T00:00:00.000Z</time>
</trkpt>
<trkpt lat="47.4681852" lon="1.1522394">
	<ele>94.30</ele>
	<time>1970-01-01T00:00:00.000Z</time>
</trkpt>
<trkpt lat="47.4681406" lon="1.1523815">
	<ele>94.30</ele>
	<time>1970-01-01T00:00:00.000Z</time>
</trkpt>
<trkpt lat="47.4683973" lon="1.1524404">
	<ele>93.70</ele>
	<time>1970-01-01T00:00:00.000Z</time>
</trkpt>
<trkpt lat="47.4689548" lon="1.1524478">
	<ele>92.50</ele>
	<time>1970-01-01T00:00:00.000Z</time>
</trkpt>
<trkpt lat="47.4690197" lon="1.1534268">
	<ele>92.50</ele>
	<time>1970-01-01T00:00:00.000Z</time>
</trkpt>
<trkpt lat="47.4691979" lon="1.1543756">
	<ele>91.40</ele>
	<time>1970-01-01T00:00:00.000Z</time>
</trkpt>
<trkpt lat="47.4699145" lon="1.1561965">
	<ele>92.60</ele>
	<time>1970-01-01T00:00:00.000Z</time>
</trkpt>
<trkpt lat="47.4705826" lon="1.1581802">
	<ele>94.40</ele>
	<time>1970-01-01T00:00:00.000Z</time>
</trkpt>
<trkpt lat="47.4723516" lon="1.1614101">
	<ele>96.60</ele>
	<time>1970-01-01T00:00:00.000Z</time>
</trkpt>
<trkpt lat="47.4724449" lon="1.1616383">
	<ele>96.80</ele>
	<time>1970-01-01T00:00:00.000Z</time>
</trkpt>
<trkpt lat="47.4725132" lon="1.1616470">
	<ele>96.80</ele>
	<time>1970-01-01T00:00:00.000Z</time>
</trkpt>
<trkpt lat="47.4726431" lon="1.1617933">
	<ele>96.50</ele>
	<time>1970-01-01T00:00:00.000Z</time>
</trkpt>
<trkpt lat="47.4729109" lon="1.1620988">
	<ele>96.40</ele>
	<time>1970-01-01T00:00:00.000Z</time>
</trkpt>
<trkpt lat="47.4730605" lon="1.1623339">
	<ele>95.90</ele>
	<time>1970-01-01T00:00:00.000Z</time>
</trkpt>
<trkpt lat="47.4736792" lon="1.1641175">
	<ele>86.40</ele>
	<time>1970-01-01T00:00:00.000Z</time>
</trkpt>
<trkpt lat="47.4737528" lon="1.1641966">
	<ele>86.40</ele>
	<time>1970-01-01T00:00:00.000Z</time>
</trkpt>
<trkpt lat="47.4738391" lon="1.1641928">
	<ele>86.40</ele>
	<time>1970-01-01T00:00:00.000Z</time>
</trkpt>
<trkpt lat="47.4743550" lon="1.1638632">
	<ele>83.00</ele>
	<time>1970-01-01T00:00:00.000Z</time>
</trkpt>
<trkpt lat="47.4745192" lon="1.1638197">
	<ele>80.80</ele>
	<time>1970-01-01T00:00:00.000Z</time>
</trkpt>
<trkpt lat="47.4746196" lon="1.1638698">
	<ele>78.60</ele>
	<time>1970-01-01T00:00:00.000Z</time>
</trkpt>
<trkpt lat="47.4747193" lon="1.1640591">
	<ele>79.10</ele>
	<time>1970-01-01T00:00:00.000Z</time>
</trkpt>
<trkpt lat="47.4748234" lon="1.1644420">
	<ele>76.30</ele>
	<time>1970-01-01T00:00:00.000Z</time>
</trkpt>
<trkpt lat="47.4750489" lon="1.1650467">
	<ele>73.50</ele>
	<time>1970-01-01T00:00:00.000Z</time>
</trkpt>
<trkpt lat="47.4756230" lon="1.1661067">
	<ele>69.20</ele>
	<time>1970-01-01T00:00:00.000Z</time>
</trkpt>
<trkpt lat="47.4757880" lon="1.1663453">
	<ele>69.40</ele>
	<time>1970-01-01T00:00:00.000Z</time>
</trkpt>
<trkpt lat="47.4760232" lon="1.1665352">
	<ele>69.70</ele>
	<time>1970-01-01T00:00:00.000Z</time>
</trkpt>
<trkpt lat="47.4761125" lon="1.1668879">
	<ele>69.60</ele>
	<time>1970-01-01T00:00:00.000Z</time>
</trkpt>
<trkpt lat="47.4761793" lon="1.1668773">
	<ele>69.60</ele>
	<time>1970-01-01T00:00:00.000Z</time>
</trkpt>
<trkpt lat="47.4762428" lon="1.1669895">
	<ele>69.20</ele>
	<time>1970-01-01T00:00:00.000Z</time>
</trkpt>
<trkpt lat="47.4779844" lon="1.1737081">
	<ele>61.30</ele>
	<time>1970-01-01T00:00:00.000Z</time>
</trkpt>
<trkpt lat="47.4784697" lon="1.1758343">
	<ele>64.20</ele>
	<time>1970-01-01T00:00:00.000Z</time>
</trkpt>
<trkpt lat="47.4785330" lon="1.1760370">
	<ele>70.40</ele>
	<time>1970-01-01T00:00:00.000Z</time>
</trkpt>
<trkpt lat="47.4786859" lon="1.1763194">
	<ele>64.30</ele>
	<time>1970-01-01T00:00:00.000Z</time>
</trkpt>
<trkpt lat="47.4787239" lon="1.1765293">
	<ele>66.20</ele>
	<time>1970-01-01T00:00:00.000Z</time>
</trkpt>
<trkpt lat="47.4787204" lon="1.1767765">
	<ele>71.30</ele>
	<time>1970-01-01T00:00:00.000Z</time>
</trkpt>
<trkpt lat="47.4791700" lon="1.1782438">
	<ele>65.40</ele>
	<time>1970-01-01T00:00:00.000Z</time>
</trkpt>
<trkpt lat="47.4792232" lon="1.1782762">
	<ele>65.40</ele>
	<time>1970-01-01T00:00:00.000Z</time>
</trkpt>
<trkpt lat="47.4796318" lon="1.1797509">
	<ele>61.40</ele>
	<time>1970-01-01T00:00:00.000Z</time>
</trkpt>
<trkpt lat="47.4801806" lon="1.1820445">
	<ele>67.70</ele>
	<time>1970-01-01T00:00:00.000Z</time>
</trkpt>
<trkpt lat="47.4802458" lon="1.1828201">
	<ele>67.20</ele>
	<time>1970-01-01T00:00:00.000Z</time>
</trkpt>
<trkpt lat="47.4802889" lon="1.1828601">
	<ele>67.20</ele>
	<time>1970-01-01T00:00:00.000Z</time>
</trkpt>
<trkpt lat="47.4806884" lon="1.1838346">
	<ele>64.90</ele>
	<time>1970-01-01T00:00:00.000Z</time>
</trkpt>
<trkpt lat="47.4813790" lon="1.1858577">
	<ele>66.40</ele>
	<time>1970-01-01T00:00:00.000Z</time>
</trkpt>
<trkpt lat="47.4823047" lon="1.1882319">
	<ele>62.70</ele>
	<time>1970-01-01T00:00:00.000Z</time>
</trkpt>
<trkpt lat="47.4829464" lon="1.1896060">
	<ele>60.90</ele>
	<time>1970-01-01T00:00:00.000Z</time>
</trkpt>
<trkpt lat="47.4836808" lon="1.1920174">
	<ele>60.60</ele>
	<time>1970-01-01T00:00:00.000Z</time>
</trkpt>
<trkpt lat="47.4838452" lon="1.1925192">
	<ele>60.90</ele>
	<time>1970-01-01T00:00:00.000Z</time>
</trkpt>
<trkpt lat="47.4840066" lon="1.1931700">
	<ele>62.30</ele>
	<time>1970-01-01T00:00:00.000Z</time>
</trkpt>
<trkpt lat="47.4848583" lon="1.1949607">
	<ele>63.60</ele>
	<time>1970-01-01T00:00:00.000Z</time>
</trkpt>
<trkpt lat="47.4859610" lon="1.1970970">
	<ele>65.20</ele>
	<time>1970-01-01T00:00:00.000Z</time>
</trkpt>
<trkpt lat="47.4864507" lon="1.1986569">
	<ele>67.00</ele>
	<time>1970-01-01T00:00:00.000Z</time>
</trkpt>
<trkpt lat="47.4872666" lon="1.2002952">
	<ele>67.50</ele>
	<time>1970-01-01T00:00:00.000Z</time>
</trkpt>
<trkpt lat="47.4874200" lon="1.2007312">
	<ele>68.50</ele>
	<time>1970-01-01T00:00:00.000Z</time>
</trkpt>
<trkpt lat="47.4877632" lon="1.2013812">
	<ele>70.00</ele>
	<time>1970-01-01T00:00:00.000Z</time>
</trkpt>
<trkpt lat="47.4881035" lon="1.2019050">
	<ele>69.60</ele>
	<time>1970-01-01T00:00:00.000Z</time>
</trkpt>
<trkpt lat="47.4885321" lon="1.2024899">
	<ele>68.60</ele>
	<time>1970-01-01T00:00:00.000Z</time>
</trkpt>
<trkpt lat="47.4889055" lon="1.2028759">
	<ele>67.20</ele>
	<time>1970-01-01T00:00:00.000Z</time>
</trkpt>
<trkpt lat="47.4890125" lon="1.2030460">
	<ele>66.30</ele>
	<time>1970-01-01T00:00:00.000Z</time>
</trkpt>
<trkpt lat="47.4892491" lon="1.2036147">
	<ele>65.50</ele>
	<time>1970-01-01T00:00:00.000Z</time>
</trkpt>
<trkpt lat="47.4896054" lon="1.2046457">
	<ele>66.00</ele>
	<time>1970-01-01T00:00:00.000Z</time>
</trkpt>
<trkpt lat="47.4902840" lon="1.2077275">
	<ele>65.20</ele>
	<time>1970-01-01T00:00:00.000Z</time>
</trkpt>
<trkpt lat="47.4904087" lon="1.2083354">
	<ele>65.20</ele>
	<time>1970-01-01T00:00:00.000Z</time>
</trkpt>
<trkpt lat="47.4907718" lon="1.2106961">
	<ele>65.80</ele>
	<time>1970-01-01T00:00:00.000Z</time>
</trkpt>
<trkpt lat="47.4909771" lon="1.2122236">
	<ele>63.70</ele>
	<time>1970-01-01T00:00:00.000Z</time>
</trkpt>
<trkpt lat="47.4910400" lon="1.2129213">
	<ele>64.90</ele>
	<time>1970-01-01T00:00:00.000Z</time>
</trkpt>
<trkpt lat="47.4910719" lon="1.2144761">
	<ele>66.00</ele>
	<time>1970-01-01T00:00:00.000Z</time>
</trkpt>
<trkpt lat="47.4912375" lon="1.2156992">
	<ele>65.20</ele>
	<time>1970-01-01T00:00:00.000Z</time>
</trkpt>
<trkpt lat="47.4911339" lon="1.2181059">
	<ele>65.50</ele>
	<time>1970-01-01T00:00:00.000Z</time>
</trkpt>
<trkpt lat="47.4908433" lon="1.2229019">
	<ele>64.80</ele>
	<time>1970-01-01T00:00:00.000Z</time>
</trkpt>
<trkpt lat="47.4908235" lon="1.2238418">
	<ele>64.50</ele>
	<time>1970-01-01T00:00:00.000Z</time>
</trkpt>
<trkpt lat="47.4907593" lon="1.2246936">
	<ele>64.80</ele>
	<time>1970-01-01T00:00:00.000Z</time>
</trkpt>
<trkpt lat="47.4905938" lon="1.2253145">
	<ele>65.20</ele>
	<time>1970-01-01T00:00:00.000Z</time>
</trkpt>
<trkpt lat="47.4906691" lon="1.2255909">
	<ele>64.70</ele>
	<time>1970-01-01T00:00:00.000Z</time>
</trkpt>
<trkpt lat="47.4907683" lon="1.2262468">
	<ele>64.50</ele>
	<time>1970-01-01T00:00:00.000Z</time>
</trkpt>
<trkpt lat="47.4908258" lon="1.2274258">
	<ele>62.60</ele>
	<time>1970-01-01T00:00:00.000Z</time>
</trkpt>
<trkpt lat="47.4908849" lon="1.2279885">
	<ele>64.70</ele>
	<time>1970-01-01T00:00:00.000Z</time>
</trkpt>
<trkpt lat="47.4911312" lon="1.2292130">
	<ele>63.60</ele>
	<time>1970-01-01T00:00:00.000Z</time>
</trkpt>
<trkpt lat="47.4911515" lon="1.2296599">
	<ele>61.70</ele>
	<time>1970-01-01T00:00:00.000Z</time>
</trkpt>
<trkpt lat="47.4912170" lon="1.2301694">
	<ele>61.70</ele>
	<time>1970-01-01T00:00:00.000Z</time>
</trkpt>
<trkpt lat="47.4918995" lon="1.2348041">
	<ele>64.10</ele>
	<time>1970-01-01T00:00:00.000Z</time>
</trkpt>
<trkpt lat="47.4920893" lon="1.2355009">
	<ele>63.40</ele>
	<time>1970-01-01T00:00:00.000Z</time>
</trkpt>
<trkpt lat="47.4921410" lon="1.2360153">
	<ele>64.40</ele>
	<time>1970-01-01T00:00:00.000Z</time>
</trkpt>
<trkpt lat="47.4921828" lon="1.2360856">
	<ele>64.40</ele>
	<time>1970-01-01T00:00:00.000Z</time>
</trkpt>
<trkpt lat="47.4925767" lon="1.2378442">
	<ele>64.70</ele>
	<time>1970-01-01T00:00:00.000Z</time>
</trkpt>
<trkpt lat="47.4933186" lon="1.2408180">
	<ele>64.40</ele>
	<time>1970-01-01T00:00:00.000Z</time>
</trkpt>
<trkpt lat="47.4933222" lon="1.2410040">
	<ele>64.60</ele>
	<time>1970-01-01T00:00:00.000Z</time>
</trkpt>
<trkpt lat="47.4932585" lon="1.2413767">
	<ele>65.40</ele>
	<time>1970-01-01T00:00:00.000Z</time>
</trkpt>
<trkpt lat="47.4927557" lon="1.2433792">
	<ele>64.10</ele>
	<time>1970-01-01T00:00:00.000Z</time>
</trkpt>
<trkpt lat="47.4927329" lon="1.2435940">
	<ele>64.20</ele>
	<time>1970-01-01T00:00:00.000Z</time>
</trkpt>
<trkpt lat="47.4927554" lon="1.2440795">
	<ele>64.70</ele>
	<time>1970-01-01T00:00:00.000Z</time>
</trkpt>
<trkpt lat="47.4928114" lon="1.2442609">
	<ele>64.20</ele>
	<time>1970-01-01T00:00:00.000Z</time>
</trkpt>
<trkpt lat="47.4928285" lon="1.2444979">
	<ele>64.50</ele>
	<time>1970-01-01T00:00:00.000Z</time>
</trkpt>
<trkpt lat="47.4929254" lon="1.2447845">
	<ele>64.70</ele>
	<time>1970-01-01T00:00:00.000Z</time>
</trkpt>
<trkpt lat="47.4932080" lon="1.2452482">
	<ele>64.70</ele>
	<time>1970-01-01T00:00:00.000Z</time>
</trkpt>
<trkpt lat="47.4936766" lon="1.2458797">
	<ele>64.20</ele>
	<time>1970-01-01T00:00:00.000Z</time>
</trkpt>
<trkpt lat="47.4943725" lon="1.2473635">
	<ele>62.90</ele>
	<time>1970-01-01T00:00:00.000Z</time>
</trkpt>
<trkpt lat="47.4945068" lon="1.2477337">
	<ele>62.40</ele>
	<time>1970-01-01T00:00:00.000Z</time>
</trkpt>
<trkpt lat="47.4946084" lon="1.2482046">
	<ele>62.70</ele>
	<time>1970-01-01T00:00:00.000Z</time>
</trkpt>
<trkpt lat="47.4946329" lon="1.2485135">
	<ele>63.10</ele>
	<time>1970-01-01T00:00:00.000Z</time>
</trkpt>
<trkpt lat="47.4946480" lon="1.2495796">
	<ele>64.10</ele>
	<time>1970-01-01T00:00:00.000Z</time>
</trkpt>
<trkpt lat="47.4947089" lon="1.2504452">
	<ele>64.00</ele>
	<time>1970-01-01T00:00:00.000Z</time>
</trkpt>
<trkpt lat="47.4948700" lon="1.2513475">
	<ele>63.90</ele>
	<time>1970-01-01T00:00:00.000Z</time>
</trkpt>
<trkpt lat="47.4948795" lon="1.2517999">
	<ele>64.10</ele>
	<time>1970-01-01T00:00:00.000Z</time>
</trkpt>
<trkpt lat="47.4947490" lon="1.2528272">
	<ele>64.00</ele>
	<time>1970-01-01T00:00:00.000Z</time>
</trkpt>
<trkpt lat="47.4943767" lon="1.2542953">
	<ele>64.30</ele>
	<time>1970-01-01T00:00:00.000Z</time>
</trkpt>
<trkpt lat="47.4941248" lon="1.2552274">
	<ele>64.40</ele>
	<time>1970-01-01T00:00:00.000Z</time>
</trkpt>
<trkpt lat="47.4939201" lon="1.2557318">
	<ele>63.90</ele>
	<time>1970-01-01T00:00:00.000Z</time>
</trkpt>
<trkpt lat="47.4935778" lon="1.2564404">
	<ele>64.00</ele>
	<time>1970-01-01T00:00:00.000Z</time>
</trkpt>
<trkpt lat="47.4934217" lon="1.2570235">
	<ele>64.80</ele>
	<time>1970-01-01T00:00:00.000Z</time>
</trkpt>
<trkpt lat="47.4934362" lon="1.2574506">
	<ele>64.90</ele>
	<time>1970-01-01T00:00:00.000Z</time>
</trkpt>
<trkpt lat="47.4937454" lon="1.2590454">
	<ele>67.10</ele>
	<time>1970-01-01T00:00:00.000Z</time>
</trkpt>
<trkpt lat="47.4938529" lon="1.2600901">
	<ele>66.60</ele>
	<time>1970-01-01T00:00:00.000Z</time>
</trkpt>
<trkpt lat="47.4945509" lon="1.2602229">
	<ele>68.70</ele>
	<time>1970-01-01T00:00:00.000Z</time>
</trkpt>
<trkpt lat="47.4946664" lon="1.2582531">
	<ele>72.90</ele>
	<time>1970-01-01T00:00:00.000Z</time>
</trkpt>
<trkpt lat="47.4947824" lon="1.2572848">
	<ele>69.20</ele>
	<time>1970-01-01T00:00:00.000Z</time>
</trkpt>
<trkpt lat="47.4948424" lon="1.2570142">
	<ele>69.00</ele>
	<time>1970-01-01T00:00:00.000Z</time>
</trkpt>
<trkpt lat="47.4950829" lon="1.2566014">
	<ele>67.40</ele>
	<time>1970-01-01T00:00:00.000Z</time>
</trkpt>
<trkpt lat="47.4965109" lon="1.2549710">
	<ele>69.90</ele>
	<time>1970-01-01T00:00:00.000Z</time>
</trkpt>
<trkpt lat="47.4970690" lon="1.2557539">
	<ele>81.90</ele>
	<time>1970-01-01T00:00:00.000Z</time>
</trkpt>
<trkpt lat="47.4973514" lon="1.2563944">
	<ele>86.40</ele>
	<time>1970-01-01T00:00:00.000Z</time>
</trkpt>
<trkpt lat="47.4982463" lon="1.2576526">
	<ele>93.20</ele>
	<time>1970-01-01T00:00:00.000Z</time>
</trkpt>
<trkpt lat="47.4995935" lon="1.2603766">
	<ele>92.50</ele>
	<time>1970-01-01T00:00:00.000Z</time>
</trkpt>
<trkpt lat="47.4996962" lon="1.2606786">
	<ele>91.30</ele>
	<time>1970-01-01T00:00:00.000Z</time>
</trkpt>
<trkpt lat="47.4997649" lon="1.2610060">
	<ele>90.30</ele>
	<time>1970-01-01T00:00:00.000Z</time>
</trkpt>
<trkpt lat="47.5001268" lon="1.2609412">
	<ele>89.90</ele>
	<time>1970-01-01T00:00:00.000Z</time>
</trkpt>
<trkpt lat="47.5009463" lon="1.2610086">
	<ele>94.90</ele>
	<time>1970-01-01T00:00:00.000Z</time>
</trkpt>
<trkpt lat="47.5013929" lon="1.2608904">
	<ele>85.10</ele>
	<time>1970-01-01T00:00:00.000Z</time>
</trkpt>
<trkpt lat="47.5015418" lon="1.2609256">
	<ele>80.80</ele>
	<time>1970-01-01T00:00:00.000Z</time>
</trkpt>
<trkpt lat="47.5016607" lon="1.2610308">
	<ele>80.80</ele>
	<time>1970-01-01T00:00:00.000Z</time>
</trkpt>
<trkpt lat="47.5021634" lon="1.2617719">
	<ele>75.10</ele>
	<time>1970-01-01T00:00:00.000Z</time>
</trkpt>
<trkpt lat="47.5023161" lon="1.2620523">
	<ele>73.70</ele>
	<time>1970-01-01T00:00:00.000Z</time>
</trkpt>
<trkpt lat="47.5032192" lon="1.2641053">
	<ele>73.30</ele>
	<time>1970-01-01T00:00:00.000Z</time>
</trkpt>
<trkpt lat="47.5042113" lon="1.2660407">
	<ele>75.40</ele>
	<time>1970-01-01T00:00:00.000Z</time>
</trkpt>
<trkpt lat="47.5045850" lon="1.2670092">
	<ele>76.80</ele>
	<time>1970-01-01T00:00:00.000Z</time>
</trkpt>
<trkpt lat="47.5053676" lon="1.2687155">
	<ele>75.50</ele>
	<time>1970-01-01T00:00:00.000Z</time>
</trkpt>
<trkpt lat="47.5062888" lon="1.2704836">
	<ele>75.40</ele>
	<time>1970-01-01T00:00:00.000Z</time>
</trkpt>
<trkpt lat="47.5067810" lon="1.2713072">
	<ele>77.50</ele>
	<time>1970-01-01T00:00:00.000Z</time>
</trkpt>
<trkpt lat="47.5079712" lon="1.2730097">
	<ele>71.90</ele>
	<time>1970-01-01T00:00:00.000Z</time>
</trkpt>
<trkpt lat="47.5084738" lon="1.2738677">
	<ele>70.20</ele>
	<time>1970-01-01T00:00:00.000Z</time>
</trkpt>
<trkpt lat="47.5093160" lon="1.2749886">
	<ele>77.40</ele>
	<time>1970-01-01T00:00:00.000Z</time>
</trkpt>
<trkpt lat="47.5100132" lon="1.2760414">
	<ele>73.30</ele>
	<time>1970-01-01T00:00:00.000Z</time>
</trkpt>
<trkpt lat="47.5104941" lon="1.2766625">
	<ele>70.60</ele>
	<time>1970-01-01T00:00:00.000Z</time>
</trkpt>
<trkpt lat="47.5108602" lon="1.2770598">
	<ele>69.50</ele>
	<time>1970-01-01T00:00:00.000Z</time>
</trkpt>
<trkpt lat="47.5116012" lon="1.2777376">
	<ele>67.50</ele>
	<time>1970-01-01T00:00:00.000Z</time>
</trkpt>
<trkpt lat="47.5122917" lon="1.2786351">
	<ele>67.80</ele>
	<time>1970-01-01T00:00:00.000Z</time>
</trkpt>
<trkpt lat="47.5132743" lon="1.2804227">
	<ele>68.50</ele>
	<time>1970-01-01T00:00:00.000Z</time>
</trkpt>
<trkpt lat="47.5135090" lon="1.2807676">
	<ele>69.50</ele>
	<time>1970-01-01T00:00:00.000Z</time>
</trkpt>
<trkpt lat="47.5151390" lon="1.2826860">
	<ele>67.80</ele>
	<time>1970-01-01T00:00:00.000Z</time>
</trkpt>
<trkpt lat="47.5157064" lon="1.2830637">
	<ele>67.00</ele>
	<time>1970-01-01T00:00:00.000Z</time>
</trkpt>
<trkpt lat="47.5160276" lon="1.2833620">
	<ele>66.90</ele>
	<time>1970-01-01T00:00:00.000Z</time>
</trkpt>
<trkpt lat="47.5163378" lon="1.2837492">
	<ele>68.20</ele>
	<time>1970-01-01T00:00:00.000Z</time>
</trkpt>
<trkpt lat="47.5165906" lon="1.2841772">
	<ele>69.60</ele>
	<time>1970-01-01T00:00:00.000Z</time>
</trkpt>
<trkpt lat="47.5166222" lon="1.2842384">
	<ele>71.30</ele>
	<time>1970-01-01T00:00:00.000Z</time>
</trkpt>
<trkpt lat="47.5165809" lon="1.2844885">
	<ele>72.90</ele>
	<time>1970-01-01T00:00:00.000Z</time>
</trkpt>
<trkpt lat="47.5163309" lon="1.2854893">
	<ele>77.00</ele>
	<time>1970-01-01T00:00:00.000Z</time>
</trkpt>
<trkpt lat="47.5162889" lon="1.2858610">
	<ele>79.00</ele>
	<time>1970-01-01T00:00:00.000Z</time>
</trkpt>
<trkpt lat="47.5164834" lon="1.2872906">
	<ele>82.20</ele>
	<time>1970-01-01T00:00:00.000Z</time>
</trkpt>
<trkpt lat="47.5165924" lon="1.2876006">
	<ele>82.80</ele>
	<time>1970-01-01T00:00:00.000Z</time>
</trkpt>
<trkpt lat="47.5167562" lon="1.2879062">
	<ele>83.00</ele>
	<time>1970-01-01T00:00:00.000Z</time>
</trkpt>
<trkpt lat="47.5168457" lon="1.2882359">
	<ele>83.50</ele>
	<time>1970-01-01T00:00:00.000Z</time>
</trkpt>
<trkpt lat="47.5168417" lon="1.2886308">
	<ele>84.60</ele>
	<time>1970-01-01T00:00:00.000Z</time>
</trkpt>
<trkpt lat="47.5168077" lon="1.2888365">
	<ele>85.30</ele>
	<time>1970-01-01T00:00:00.000Z</time>
</trkpt>
<trkpt lat="47.5167767" lon="1.2889331">
	<ele>85.30</ele>
	<time>1970-01-01T00:00:00.000Z</time>
</trkpt>
<trkpt lat="47.5166668" lon="1.2890782">
	<ele>85.80</ele>
	<time>1970-01-01T00:00:00.000Z</time>
</trkpt>
<trkpt lat="47.5166130" lon="1.2892442">
	<ele>86.20</ele>
	<time>1970-01-01T00:00:00.000Z</time>
</trkpt>
<trkpt lat="47.5169118" lon="1.2902551">
	<ele>86.30</ele>
	<time>1970-01-01T00:00:00.000Z</time>
</trkpt>
<trkpt lat="47.5169847" lon="1.2907737">
	<ele>86.70</ele>
	<time>1970-01-01T00:00:00.000Z</time>
</trkpt>
<trkpt lat="47.5171524" lon="1.2910913">
	<ele>86.60</ele>
	<time>1970-01-01T00:00:00.000Z</time>
</trkpt>
<trkpt lat="47.5177396" lon="1.2919276">
	<ele>85.40</ele>
	<time>1970-01-01T00:00:00.000Z</time>
</trkpt>
<trkpt lat="47.5177413" lon="1.2917160">
	<ele>84.70</ele>
	<time>1970-01-01T00:00:00.000Z</time>
</trkpt>
<trkpt lat="47.5178667" lon="1.2913923">
	<ele>84.10</ele>
	<time>1970-01-01T00:00:00.000Z</time>
</trkpt>
<trkpt lat="47.5178184" lon="1.2910386">
	<ele>83.60</ele>
	<time>1970-01-01T00:00:00.000Z</time>
</trkpt>
<trkpt lat="47.5179031" lon="1.2908309">
	<ele>83.40</ele>
	<time>1970-01-01T00:00:00.000Z</time>
</trkpt>
<trkpt lat="47.5184063" lon="1.2901541">
	<ele>81.50</ele>
	<time>1970-01-01T00:00:00.000Z</time>
</trkpt>
<trkpt lat="47.5188762" lon="1.2897232">
	<ele>80.00</ele>
	<time>1970-01-01T00:00:00.000Z</time>
</trkpt>
<trkpt lat="47.5192432" lon="1.2898778">
	<ele>78.10</ele>
	<time>1970-01-01T00:00:00.000Z</time>
</trkpt>
<trkpt lat="47.5196294" lon="1.2902481">
	<ele>79.80</ele>
	<time>1970-01-01T00:00:00.000Z</time>
</trkpt>
<trkpt lat="47.5202737" lon="1.2913162">
	<ele>83.40</ele>
	<time>1970-01-01T00:00:00.000Z</time>
</trkpt>
<trkpt lat="47.5204767" lon="1.2917195">
	<ele>83.00</ele>
	<time>1970-01-01T00:00:00.000Z</time>
</trkpt>
<trkpt lat="47.5204855" lon="1.2918261">
	<ele>83.10</ele>
	<time>1970-01-01T00:00:00.000Z</time>
</trkpt>
<trkpt lat="47.5211173" lon="1.2919962">
	<ele>82.20</ele>
	<time>1970-01-01T00:00:00.000Z</time>
</trkpt>
<trkpt lat="47.5218391" lon="1.2921327">
	<ele>79.20</ele>
	<time>1970-01-01T00:00:00.000Z</time>
</trkpt>
<trkpt lat="47.5225584" lon="1.2923979">
	<ele>75.00</ele>
	<time>1970-01-01T00:00:00.000Z</time>
</trkpt>
<trkpt lat="47.5234050" lon="1.2924709">
	<ele>70.40</ele>
	<time>1970-01-01T00:00:00.000Z</time>
</trkpt>
<trkpt lat="47.5241699" lon="1.2928238">
	<ele>70.70</ele>
	<time>1970-01-01T00:00:00.000Z</time>
</trkpt>
<trkpt lat="47.5247661" lon="1.2931968">
	<ele>70.90</ele>
	<time>1970-01-01T00:00:00.000Z</time>
</trkpt>
<trkpt lat="47.5254782" lon="1.2934998">
	<ele>69.40</ele>
	<time>1970-01-01T00:00:00.000Z</time>
</trkpt>
<trkpt lat="47.5257197" lon="1.2937695">
	<ele>69.70</ele>
	<time>1970-01-01T00:00:00.000Z</time>
</trkpt>
<trkpt lat="47.5260382" lon="1.2939936">
	<ele>69.70</ele>
	<time>1970-01-01T00:00:00.000Z</time>
</trkpt>
<trkpt lat="47.5264852" lon="1.2943901">
	<ele>70.20</ele>
	<time>1970-01-01T00:00:00.000Z</time>
</trkpt>
<trkpt lat="47.5270592" lon="1.2951682">
	<ele>77.60</ele>
	<time>1970-01-01T00:00:00.000Z</time>
</trkpt>
<trkpt lat="47.5290773" lon="1.2974077">
	<ele>77.60</ele>
	<time>1970-01-01T00:00:00.000Z</time>
</trkpt>
<trkpt lat="47.5299169" lon="1.2963242">
	<ele>70.10</ele>
	<time>1970-01-01T00:00:00.000Z</time>
</trkpt>
<trkpt lat="47.5300537" lon="1.2962299">
	<ele>69.30</ele>
	<time>1970-01-01T00:00:00.000Z</time>
</trkpt>
<trkpt lat="47.5301920" lon="1.2962448">
	<ele>68.70</ele>
	<time>1970-01-01T00:00:00.000Z</time>
</trkpt>
<trkpt lat="47.5312928" lon="1.2972678">
	<ele>69.70</ele>
	<time>1970-01-01T00:00:00.000Z</time>
</trkpt>
<trkpt lat="47.5342934" lon="1.3004508">
	<ele>66.30</ele>
	<time>1970-01-01T00:00:00.000Z</time>
</trkpt>
<trkpt lat="47.5348927" lon="1.3010459">
	<ele>65.70</ele>
	<time>1970-01-01T00:00:00.000Z</time>
</trkpt>
<trkpt lat="47.5353833" lon="1.3015995">
	<ele>65.60</ele>
	<time>1970-01-01T00:00:00.000Z</time>
</trkpt>
<trkpt lat="47.5356216" lon="1.3019457">
	<ele>65.50</ele>
	<time>1970-01-01T00:00:00.000Z</time>
</trkpt>
<trkpt lat="47.5362014" lon="1.3030601">
	<ele>67.30</ele>
	<time>1970-01-01T00:00:00.000Z</time>
</trkpt>
<trkpt lat="47.5376070" lon="1.3051466">
	<ele>72.60</ele>
	<time>1970-01-01T00:00:00.000Z</time>
</trkpt>
<trkpt lat="47.5377762" lon="1.3054136">
	<ele>72.50</ele>
	<time>1970-01-01T00:00:00.000Z</time>
</trkpt>
<trkpt lat="47.5379239" lon="1.3057309">
	<ele>71.80</ele>
	<time>1970-01-01T00:00:00.000Z</time>
</trkpt>
<trkpt lat="47.5386337" lon="1.3046992">
	<ele>70.60</ele>
	<time>1970-01-01T00:00:00.000Z</time>
</trkpt>
<trkpt lat="47.5389296" lon="1.3044254">
	<ele>70.10</ele>
	<time>1970-01-01T00:00:00.000Z</time>
</trkpt>
<trkpt lat="47.5389995" lon="1.3040961">
	<ele>69.70</ele>
	<time>1970-01-01T00:00:00.000Z</time>
</trkpt>
<trkpt lat="47.5391336" lon="1.3039147">
	<ele>68.80</ele>
	<time>1970-01-01T00:00:00.000Z</time>
</trkpt>
<trkpt lat="47.5393204" lon="1.3038809">
	<ele>67.10</ele>
	<time>1970-01-01T00:00:00.000Z</time>
</trkpt>
<trkpt lat="47.5394748" lon="1.3039665">
	<ele>67.10</ele>
	<time>1970-01-01T00:00:00.000Z</time>
</trkpt>
<trkpt lat="47.5397373" lon="1.3042466">
	<ele>66.90</ele>
	<time>1970-01-01T00:00:00.000Z</time>
</trkpt>
<trkpt lat="47.5399858" lon="1.3046224">
	<ele>66.70</ele>
	<time>1970-01-01T00:00:00.000Z</time>
</trkpt>
<trkpt lat="47.5402670" lon="1.3048229">
	<ele>67.10</ele>
	<time>1970-01-01T00:00:00.000Z</time>
</trkpt>
<trkpt lat="47.5405991" lon="1.3053736">
	<ele>67.80</ele>
	<time>1970-01-01T00:00:00.000Z</time>
</trkpt>
<trkpt lat="47.5408408" lon="1.3056532">
	<ele>68.80</ele>
	<time>1970-01-01T00:00:00.000Z</time>
</trkpt>
<trkpt lat="47.5411683" lon="1.3058833">
	<ele>70.60</ele>
	<time>1970-01-01T00:00:00.000Z</time>
</trkpt>
<trkpt lat="47.5414523" lon="1.3062784">
	<ele>70.70</ele>
	<time>1970-01-01T00:00:00.000Z</time>
</trkpt>
<trkpt lat="47.5416188" lon="1.3065898">
	<ele>69.70</ele>
	<time>1970-01-01T00:00:00.000Z</time>
</trkpt>
<trkpt lat="47.5418418" lon="1.3072489">
	<ele>67.20</ele>
	<time>1970-01-01T00:00:00.000Z</time>
</trkpt>
<trkpt lat="47.5419400" lon="1.3074385">
	<ele>66.40</ele>
	<time>1970-01-01T00:00:00.000Z</time>
</trkpt>
<trkpt lat="47.5421955" lon="1.3076750">
	<ele>66.10</ele>
	<time>1970-01-01T00:00:00.000Z</time>
</trkpt>
<trkpt lat="47.5426698" lon="1.3079072">
	<ele>65.80</ele>
	<time>1970-01-01T00:00:00.000Z</time>
</trkpt>
<trkpt lat="47.5428854" lon="1.3081932">
	<ele>65.80</ele>
	<time>1970-01-01T00:00:00.000Z</time>
</trkpt>
<trkpt lat="47.5429604" lon="1.3086456">
	<ele>66.20</ele>
	<time>1970-01-01T00:00:00.000Z</time>
</trkpt>
<trkpt lat="47.5426612" lon="1.3090552">
	<ele>66.50</ele>
	<time>1970-01-01T00:00:00.000Z</time>
</trkpt>
<trkpt lat="47.5425460" lon="1.3096472">
	<ele>66.20</ele>
	<time>1970-01-01T00:00:00.000Z</time>
</trkpt>
<trkpt lat="47.5426270" lon="1.3096698">
	<ele>66.20</ele>
	<time>1970-01-01T00:00:00.000Z</time>
</trkpt>
<trkpt lat="47.5428369" lon="1.3096875">
	<ele>67.20</ele>
	<time>1970-01-01T00:00:00.000Z</time>
</trkpt>
<trkpt lat="47.5430957" lon="1.3096266">
	<ele>67.50</ele>
	<time>1970-01-01T00:00:00.000Z</time>
</trkpt>
<trkpt lat="47.5433402" lon="1.3094043">
	<ele>67.20</ele>
	<time>1970-01-01T00:00:00.000Z</time>
</trkpt>
<trkpt lat="47.5450346" lon="1.3071555">
	<ele>65.90</ele>
	<time>1970-01-01T00:00:00.000Z</time>
</trkpt>
<trkpt lat="47.5459091" lon="1.3058611">
	<ele>66.00</ele>
	<time>1970-01-01T00:00:00.000Z</time>
</trkpt>
<trkpt lat="47.5487642" lon="1.3018510">
	<ele>66.00</ele>
	<time>1970-01-01T00:00:00.000Z</time>
</trkpt>
<trkpt lat="47.5488203" lon="1.3018298">
	<ele>66.00</ele>
	<time>1970-01-01T00:00:00.000Z</time>
</trkpt>
<trkpt lat="47.5488941" lon="1.3019296">
	<ele>66.10</ele>
	<time>1970-01-01T00:00:00.000Z</time>
</trkpt>
<trkpt lat="47.5494739" lon="1.3010971">
	<ele>66.50</ele>
	<time>1970-01-01T00:00:00.000Z</time>
</trkpt>
<trkpt lat="47.5496303" lon="1.3010890">
	<ele>66.40</ele>
	<time>1970-01-01T00:00:00.000Z</time>
</trkpt>
<trkpt lat="47.5500441" lon="1.3015086">
	<ele>65.90</ele>
	<time>1970-01-01T00:00:00.000Z</time>
</trkpt>
<trkpt lat="47.5505306" lon="1.3019133">
	<ele>66.20</ele>
	<time>1970-01-01T00:00:00.000Z</time>
</trkpt>
<trkpt lat="47.5518225" lon="1.2992740">
	<ele>67.60</ele>
	<time>1970-01-01T00:00:00.000Z</time>
</trkpt>
<trkpt lat="47.5518904" lon="1.2992262">
	<ele>67.60</ele>
	<time>1970-01-01T00:00:00.000Z</time>
</trkpt>
<trkpt lat="47.5519514" lon="1.2992437">
	<ele>67.40</ele>
	<time>1970-01-01T00:00:00.000Z</time>
</trkpt>
<trkpt lat="47.5531648" lon="1.3003097">
	<ele>66.50</ele>
	<time>1970-01-01T00:00:00.000Z</time>
</trkpt>
<trkpt lat="47.5532228" lon="1.3003002">
	<ele>66.40</ele>
	<time>1970-01-01T00:00:00.000Z</time>
</trkpt>
<trkpt lat="47.5533221" lon="1.3001277">
	<ele>66.40</ele>
	<time>1970-01-01T00:00:00.000Z</time>
</trkpt>
<trkpt lat="47.5536288" lon="1.2994904">
	<ele>66.10</ele>
	<time>1970-01-01T00:00:00.000Z</time>
</trkpt>
<trkpt lat="47.5536771" lon="1.2994418">
	<ele>66.10</ele>
	<time>1970-01-01T00:00:00.000Z</time>
</trkpt>
<trkpt lat="47.5537345" lon="1.2994523">
	<ele>66.10</ele>
	<time>1970-01-01T00:00:00.000Z</time>
</trkpt>
<trkpt lat="47.5543846" lon="1.2998839">
	<ele>66.40</ele>
	<time>1970-01-01T00:00:00.000Z</time>
</trkpt>
<trkpt lat="47.5546376" lon="1.3002575">
	<ele>66.60</ele>
	<time>1970-01-01T00:00:00.000Z</time>
</trkpt>
<trkpt lat="47.5548634" lon="1.3004338">
	<ele>66.40</ele>
	<time>1970-01-01T00:00:00.000Z</time>
</trkpt>
<trkpt lat="47.5552684" lon="1.3007321">
	<ele>65.40</ele>
	<time>1970-01-01T00:00:00.000Z</time>
</trkpt>
<trkpt lat="47.5555028" lon="1.3007527">
	<ele>65.00</ele>
	<time>1970-01-01T00:00:00.000Z</time>
</trkpt>
<trkpt lat="47.5556480" lon="1.3008279">
	<ele>64.70</ele>
	<time>1970-01-01T00:00:00.000Z</time>
</trkpt>
<trkpt lat="47.5580313" lon="1.3026302">
	<ele>67.30</ele>
	<time>1970-01-01T00:00:00.000Z</time>
</trkpt>
<trkpt lat="47.5585173" lon="1.3030601">
	<ele>67.40</ele>
	<time>1970-01-01T00:00:00.000Z</time>
</trkpt>
<trkpt lat="47.5599962" lon="1.3041333">
	<ele>68.20</ele>
	<time>1970-01-01T00:00:00.000Z</time>
</trkpt>
<trkpt lat="47.5615698" lon="1.3054269">
	<ele>67.90</ele>
	<time>1970-01-01T00:00:00.000Z</time>
</trkpt>
<trkpt lat="47.5640191" lon="1.3078725">
	<ele>69.40</ele>
	<time>1970-01-01T00:00:00.000Z</time>
</trkpt>
<trkpt lat="47.5665413" lon="1.3105052">
	<ele>68.40</ele>
	<time>1970-01-01T00:00:00.000Z</time>
</trkpt>
<trkpt lat="47.5672225" lon="1.3112858">
	<ele>68.60</ele>
	<time>1970-01-01T00:00:00.000Z</time>
</trkpt>
<trkpt lat="47.5673276" lon="1.3114565">
	<ele>68.30</ele>
	<time>1970-01-01T00:00:00.000Z</time>
</trkpt>
<trkpt lat="47.5676059" lon="1.3120890">
	<ele>67.10</ele>
	<time>1970-01-01T00:00:00.000Z</time>
</trkpt>
<trkpt lat="47.5677491" lon="1.3122773">
	<ele>67.00</ele>
	<time>1970-01-01T00:00:00.000Z</time>
</trkpt>
<trkpt lat="47.5681984" lon="1.3125904">
	<ele>66.20</ele>
	<time>1970-01-01T00:00:00.000Z</time>
</trkpt>
<trkpt lat="47.5684783" lon="1.3128997">
	<ele>66.10</ele>
	<time>1970-01-01T00:00:00.000Z</time>
</trkpt>
<trkpt lat="47.5692379" lon="1.3139332">
	<ele>66.30</ele>
	<time>1970-01-01T00:00:00.000Z</time>
</trkpt>
<trkpt lat="47.5693525" lon="1.3141464">
	<ele>66.70</ele>
	<time>1970-01-01T00:00:00.000Z</time>
</trkpt>
<trkpt lat="47.5706910" lon="1.3167411">
	<ele>67.60</ele>
	<time>1970-01-01T00:00:00.000Z</time>
</trkpt>
<trkpt lat="47.5714417" lon="1.3182887">
	<ele>67.80</ele>
	<time>1970-01-01T00:00:00.000Z</time>
</trkpt>
<trkpt lat="47.5724979" lon="1.3202911">
	<ele>68.80</ele>
	<time>1970-01-01T00:00:00.000Z</time>
</trkpt>
<trkpt lat="47.5733436" lon="1.3222545">
	<ele>67.80</ele>
	<time>1970-01-01T00:00:00.000Z</time>
</trkpt>
<trkpt lat="47.5738815" lon="1.3233421">
	<ele>69.50</ele>
	<time>1970-01-01T00:00:00.000Z</time>
</trkpt>
<trkpt lat="47.5740251" lon="1.3235080">
	<ele>69.80</ele>
	<time>1970-01-01T00:00:00.000Z</time>
</trkpt>
<trkpt lat="47.5743195" lon="1.3235738">
	<ele>69.20</ele>
	<time>1970-01-01T00:00:00.000Z</time>
</trkpt>
<trkpt lat="47.5744418" lon="1.3238888">
	<ele>69.30</ele>
	<time>1970-01-01T00:00:00.000Z</time>
</trkpt>
<trkpt lat="47.5745092" lon="1.3239810">
	<ele>68.70</ele>
	<time>1970-01-01T00:00:00.000Z</time>
</trkpt>
<trkpt lat="47.5746169" lon="1.3240085">
	<ele>68.70</ele>
	<time>1970-01-01T00:00:00.000Z</time>
</trkpt>
<trkpt lat="47.5745846" lon="1.3238136">
	<ele>68.60</ele>
	<time>1970-01-01T00:00:00.000Z</time>
</trkpt>
<trkpt lat="47.5742785" lon="1.3231540">
	<ele>69.80</ele>
	<time>1970-01-01T00:00:00.000Z</time>
</trkpt>
<trkpt lat="47.5742985" lon="1.3230842">
	<ele>69.40</ele>
	<time>1970-01-01T00:00:00.000Z</time>
</trkpt>
<trkpt lat="47.5743495" lon="1.3230827">
	<ele>69.40</ele>
	<time>1970-01-01T00:00:00.000Z</time>
</trkpt>
<trkpt lat="47.5746179" lon="1.3234096">
	<ele>68.60</ele>
	<time>1970-01-01T00:00:00.000Z</time>
</trkpt>
<trkpt lat="47.5748745" lon="1.3239028">
	<ele>67.80</ele>
	<time>1970-01-01T00:00:00.000Z</time>
</trkpt>
<trkpt lat="47.5756858" lon="1.3256712">
	<ele>65.50</ele>
	<time>1970-01-01T00:00:00.000Z</time>
</trkpt>
<trkpt lat="47.5769499" lon="1.3278640">
	<ele>66.20</ele>
	<time>1970-01-01T00:00:00.000Z</time>
</trkpt>
<trkpt lat="47.5770745" lon="1.3281435">
	<ele>67.20</ele>
	<time>1970-01-01T00:00:00.000Z</time>
</trkpt>
<trkpt lat="47.5771187" lon="1.3284016">
	<ele>67.20</ele>
	<time>1970-01-01T00:00:00.000Z</time>
</trkpt>
<trkpt lat="47.5771660" lon="1.3284971">
	<ele>68.00</ele>
	<time>1970-01-01T00:00:00.000Z</time>
</trkpt>
<trkpt lat="47.5774880" lon="1.3289197">
	<ele>67.10</ele>
	<time>1970-01-01T00:00:00.000Z</time>
</trkpt>
<trkpt lat="47.5779013" lon="1.3296093">
	<ele>67.80</ele>
	<time>1970-01-01T00:00:00.000Z</time>
</trkpt>
<trkpt lat="47.5783455" lon="1.3302033">
	<ele>68.20</ele>
	<time>1970-01-01T00:00:00.000Z</time>
</trkpt>
<trkpt lat="47.5788400" lon="1.3311020">
	<ele>68.50</ele>
	<time>1970-01-01T00:00:00.000Z</time>
</trkpt>
<trkpt lat="47.5791815" lon="1.3316235">
	<ele>67.90</ele>
	<time>1970-01-01T00:00:00.000Z</time>
</trkpt>
<trkpt lat="47.5802777" lon="1.3330439">
	<ele>67.50</ele>
	<time>1970-01-01T00:00:00.000Z</time>
</trkpt>
<trkpt lat="47.5803716" lon="1.3331587">
	<ele>66.60</ele>
	<time>1970-01-01T00:00:00.000Z</time>
</trkpt>
<trkpt lat="47.5805020" lon="1.3332377">
	<ele>66.10</ele>
	<time>1970-01-01T00:00:00.000Z</time>
</trkpt>
<trkpt lat="47.5811055" lon="1.3340811">
	<ele>66.90</ele>
	<time>1970-01-01T00:00:00.000Z</time>
</trkpt>
<trkpt lat="47.5818846" lon="1.3352983">
	<ele>67.00</ele>
	<time>1970-01-01T00:00:00.000Z</time>
</trkpt>
<trkpt lat="47.5824336" lon="1.3362300">
	<ele>67.90</ele>
	<time>1970-01-01T00:00:00.000Z</time>
</trkpt>
<trkpt lat="47.5833193" lon="1.3375735">
	<ele>67.40</ele>
	<time>1970-01-01T00:00:00.000Z</time>
</trkpt>
<trkpt lat="47.5834416" lon="1.3379204">
	<ele>66.90</ele>
	<time>1970-01-01T00:00:00.000Z</time>
</trkpt>
<trkpt lat="47.5840002" lon="1.3388100">
	<ele>66.60</ele>
	<time>1970-01-01T00:00:00.000Z</time>
</trkpt>
<trkpt lat="47.5840951" lon="1.3388560">
	<ele>66.60</ele>
	<time>1970-01-01T00:00:00.000Z</time>
</trkpt>
<trkpt lat="47.5841545" lon="1.3389378">
	<ele>66.60</ele>
	<time>1970-01-01T00:00:00.000Z</time>
</trkpt>
<trkpt lat="47.5860382" lon="1.3361429">
	<ele>74.00</ele>
	<time>1970-01-01T00:00:00.000Z</time>
</trkpt>
<trkpt lat="47.5865053" lon="1.3367660">
	<ele>71.80</ele>
	<time>1970-01-01T00:00:00.000Z</time>
</trkpt>
<trkpt lat="47.5865671" lon="1.3370048">
	<ele>71.80</ele>
	<time>1970-01-01T00:00:00.000Z</time>
</trkpt>
<trkpt lat="47.5866697" lon="1.3371892">
	<ele>72.60</ele>
	<time>1970-01-01T00:00:00.000Z</time>
</trkpt>
<trkpt lat="47.5868929" lon="1.3374350">
	<ele>73.60</ele>
	<time>1970-01-01T00:00:00.000Z</time>
</trkpt>
<trkpt lat="47.5871825" lon="1.3378548">
	<ele>68.80</ele>
	<time>1970-01-01T00:00:00.000Z</time>
</trkpt>
<trkpt lat="47.5895768" lon="1.3416171">
	<ele>75.00</ele>
	<time>1970-01-01T00:00:00.000Z</time>
</trkpt>
<trkpt lat="47.5898110" lon="1.3421887">
	<ele>72.90</ele>
	<time>1970-01-01T00:00:00.000Z</time>
</trkpt>
<trkpt lat="47.5898793" lon="1.3422709">
	<ele>72.90</ele>
	<time>1970-01-01T00:00:00.000Z</time>
</trkpt>
<trkpt lat="47.5908910" lon="1.3441978">
	<ele>73.20</ele>
	<time>1970-01-01T00:00:00.000Z</time>
</trkpt>
<trkpt lat="47.5919742" lon="1.3464907">
	<ele>70.20</ele>
	<time>1970-01-01T00:00:00.000Z</time>
</trkpt>
<trkpt lat="47.5925116" lon="1.3480125">
	<ele>71.30</ele>
	<time>1970-01-01T00:00:00.000Z</time>
</trkpt>
<trkpt lat="47.5927166" lon="1.3489485">
	<ele>69.50</ele>
	<time>1970-01-01T00:00:00.000Z</time>
</trkpt>
<trkpt lat="47.5930141" lon="1.3495102">
	<ele>69.50</ele>
	<time>1970-01-01T00:00:00.000Z</time>
</trkpt>
<trkpt lat="47.5932431" lon="1.3500797">
	<ele>70.40</ele>
	<time>1970-01-01T00:00:00.000Z</time>
</trkpt>
<trkpt lat="47.5933754" lon="1.3504573">
	<ele>70.50</ele>
	<time>1970-01-01T00:00:00.000Z</time>
</trkpt>
<trkpt lat="47.5935188" lon="1.3510518">
	<ele>70.40</ele>
	<time>1970-01-01T00:00:00.000Z</time>
</trkpt>
<trkpt lat="47.5936164" lon="1.3512684">
	<ele>71.60</ele>
	<time>1970-01-01T00:00:00.000Z</time>
</trkpt>
<trkpt lat="47.5948073" lon="1.3534824">
	<ele>69.20</ele>
	<time>1970-01-01T00:00:00.000Z</time>
</trkpt>
<trkpt lat="47.5960937" lon="1.3555750">
	<ele>71.20</ele>
	<time>1970-01-01T00:00:00.000Z</time>
</trkpt>
<trkpt lat="47.5973322" lon="1.3581137">
	<ele>69.80</ele>
	<time>1970-01-01T00:00:00.000Z</time>
</trkpt>
<trkpt lat="47.5992606" lon="1.3615699">
	<ele>67.80</ele>
	<time>1970-01-01T00:00:00.000Z</time>
</trkpt>
<trkpt lat="47.5998922" lon="1.3626260">
	<ele>68.10</ele>
	<time>1970-01-01T00:00:00.000Z</time>
</trkpt>
<trkpt lat="47.6006495" lon="1.3635400">
	<ele>68.40</ele>
	<time>1970-01-01T00:00:00.000Z</time>
</trkpt>
<trkpt lat="47.6015274" lon="1.3647642">
	<ele>69.30</ele>
	<time>1970-01-01T00:00:00.000Z</time>
</trkpt>
<trkpt lat="47.6023368" lon="1.3657937">
	<ele>70.10</ele>
	<time>1970-01-01T00:00:00.000Z</time>
</trkpt>
<trkpt lat="47.6029314" lon="1.3664612">
	<ele>68.10</ele>
	<time>1970-01-01T00:00:00.000Z</time>
</trkpt>
<trkpt lat="47.6036439" lon="1.3671422">
	<ele>69.30</ele>
	<time>1970-01-01T00:00:00.000Z</time>
</trkpt>
<trkpt lat="47.6048315" lon="1.3686834">
	<ele>68.10</ele>
	<time>1970-01-01T00:00:00.000Z</time>
</trkpt>
<trkpt lat="47.6055446" lon="1.3693350">
	<ele>68.50</ele>
	<time>1970-01-01T00:00:00.000Z</time>
</trkpt>
<trkpt lat="47.6057707" lon="1.3694798">
	<ele>67.60</ele>
	<time>1970-01-01T00:00:00.000Z</time>
</trkpt>
<trkpt lat="47.6060722" lon="1.3696024">
	<ele>68.10</ele>
	<time>1970-01-01T00:00:00.000Z</time>
</trkpt>
<trkpt lat="47.6064137" lon="1.3696814">
	<ele>67.00</ele>
	<time>1970-01-01T00:00:00.000Z</time>
</trkpt>
<trkpt lat="47.6070463" lon="1.3699161">
	<ele>67.50</ele>
	<time>1970-01-01T00:00:00.000Z</time>
</trkpt>
<trkpt lat="47.6074497" lon="1.3699864">
	<ele>71.30</ele>
	<time>1970-01-01T00:00:00.000Z</time>
</trkpt>
<trkpt lat="47.6085013" lon="1.3703725">
	<ele>70.50</ele>
	<time>1970-01-01T00:00:00.000Z</time>
</trkpt>
<trkpt lat="47.6095780" lon="1.3710785">
	<ele>71.70</ele>
	<time>1970-01-01T00:00:00.000Z</time>
</trkpt>
<trkpt lat="47.6111285" lon="1.3718632">
	<ele>74.00</ele>
	<time>1970-01-01T00:00:00.000Z</time>
</trkpt>
<trkpt lat="47.6123199" lon="1.3728602">
	<ele>74.40</ele>
	<time>1970-01-01T00:00:00.000Z</time>
</trkpt>
<trkpt lat="47.6126607" lon="1.3732784">
	<ele>73.90</ele>
	<time>1970-01-01T00:00:00.000Z</time>
</trkpt>
<trkpt lat="47.6135761" lon="1.3745634">
	<ele>73.30</ele>
	<time>1970-01-01T00:00:00.000Z</time>
</trkpt>
<trkpt lat="47.6140649" lon="1.3750063">
	<ele>73.10</ele>
	<time>1970-01-01T00:00:00.000Z</time>
</trkpt>
<trkpt lat="47.6144426" lon="1.3755568">
	<ele>73.20</ele>
	<time>1970-01-01T00:00:00.000Z</time>
</trkpt>
<trkpt lat="47.6152450" lon="1.3766108">
	<ele>74.30</ele>
	<time>1970-01-01T00:00:00.000Z</time>
</trkpt>
<trkpt lat="47.6155378" lon="1.3772702">
	<ele>77.80</ele>
	<time>1970-01-01T00:00:00.000Z</time>
</trkpt>
<trkpt lat="47.6157321" lon="1.3775878">
	<ele>78.60</ele>
	<time>1970-01-01T00:00:00.000Z</time>
</trkpt>
<trkpt lat="47.6162178" lon="1.3781339">
	<ele>79.70</ele>
	<time>1970-01-01T00:00:00.000Z</time>
</trkpt>
<trkpt lat="47.6163810" lon="1.3785436">
	<ele>78.70</ele>
	<time>1970-01-01T00:00:00.000Z</time>
</trkpt>
<trkpt lat="47.6166280" lon="1.3793410">
	<ele>77.80</ele>
	<time>1970-01-01T00:00:00.000Z</time>
</trkpt>
<trkpt lat="47.6182498" lon="1.3832636">
	<ele>72.30</ele>
	<time>1970-01-01T00:00:00.000Z</time>
</trkpt>
<trkpt lat="47.6206061" lon="1.3880379">
	<ele>71.50</ele>
	<time>1970-01-01T00:00:00.000Z</time>
</trkpt>
<trkpt lat="47.6211696" lon="1.3890116">
	<ele>71.60</ele>
	<time>1970-01-01T00:00:00.000Z</time>
</trkpt>
<trkpt lat="47.6218006" lon="1.3899182">
	<ele>70.30</ele>
	<time>1970-01-01T00:00:00.000Z</time>
</trkpt>
<trkpt lat="47.6226925" lon="1.3915344">
	<ele>70.80</ele>
	<time>1970-01-01T00:00:00.000Z</time>
</trkpt>
<trkpt lat="47.6238327" lon="1.3932606">
	<ele>73.00</ele>
	<time>1970-01-01T00:00:00.000Z</time>
</trkpt>
<trkpt lat="47.6241250" lon="1.3937621">
	<ele>71.90</ele>
	<time>1970-01-01T00:00:00.000Z</time>
</trkpt>
<trkpt lat="47.6248905" lon="1.3947002">
	<ele>74.20</ele>
	<time>1970-01-01T00:00:00.000Z</time>
</trkpt>
<trkpt lat="47.6256399" lon="1.3958339">
	<ele>73.70</ele>
	<time>1970-01-01T00:00:00.000Z</time>
</trkpt>
<trkpt lat="47.6259322" lon="1.3962098">
	<ele>75.00</ele>
	<time>1970-01-01T00:00:00.000Z</time>
</trkpt>
<trkpt lat="47.6262522" lon="1.3965586">
	<ele>74.40</ele>
	<time>1970-01-01T00:00:00.000Z</time>
</trkpt>
<trkpt lat="47.6266109" lon="1.3968674">
	<ele>73.60</ele>
	<time>1970-01-01T00:00:00.000Z</time>
</trkpt>
<trkpt lat="47.6276037" lon="1.3980162">
	<ele>74.80</ele>
	<time>1970-01-01T00:00:00.000Z</time>
</trkpt>
<trkpt lat="47.6286942" lon="1.3995417">
	<ele>74.80</ele>
	<time>1970-01-01T00:00:00.000Z</time>
</trkpt>
<trkpt lat="47.6291628" lon="1.3999791">
	<ele>73.80</ele>
	<time>1970-01-01T00:00:00.000Z</time>
</trkpt>
<trkpt lat="47.6295158" lon="1.4001164">
	<ele>75.90</ele>
	<time>1970-01-01T00:00:00.000Z</time>
</trkpt>
<trkpt lat="47.6295733" lon="1.4001758">
	<ele>78.00</ele>
	<time>1970-01-01T00:00:00.000Z</time>
</trkpt>
<trkpt lat="47.6312879" lon="1.4029025">
	<ele>77.90</ele>
	<time>1970-01-01T00:00:00.000Z</time>
</trkpt>
<trkpt lat="47.6316158" lon="1.4033111">
	<ele>77.80</ele>
	<time>1970-01-01T00:00:00.000Z</time>
</trkpt>
<trkpt lat="47.6320074" lon="1.4036417">
	<ele>78.70</ele>
	<time>1970-01-01T00:00:00.000Z</time>
</trkpt>
<trkpt lat="47.6323022" lon="1.4040057">
	<ele>81.70</ele>
	<time>1970-01-01T00:00:00.000Z</time>
</trkpt>
<trkpt lat="47.6334352" lon="1.4054890">
	<ele>76.70</ele>
	<time>1970-01-01T00:00:00.000Z</time>
</trkpt>
<trkpt lat="47.6339192" lon="1.4062497">
	<ele>75.70</ele>
	<time>1970-01-01T00:00:00.000Z</time>
</trkpt>
<trkpt lat="47.6349865" lon="1.4075349">
	<ele>75.20</ele>
	<time>1970-01-01T00:00:00.000Z</time>
</trkpt>
<trkpt lat="47.6371856" lon="1.4106860">
	<ele>78.20</ele>
	<time>1970-01-01T00:00:00.000Z</time>
</trkpt>
<trkpt lat="47.6392498" lon="1.4135670">
	<ele>89.00</ele>
	<time>1970-01-01T00:00:00.000Z</time>
</trkpt>
<trkpt lat="47.6406026" lon="1.4152239">
	<ele>75.00</ele>
	<time>1970-01-01T00:00:00.000Z</time>
</trkpt>
<trkpt lat="47.6415326" lon="1.4164287">
	<ele>77.60</ele>
	<time>1970-01-01T00:00:00.000Z</time>
</trkpt>
<trkpt lat="47.6419168" lon="1.4168741">
	<ele>75.40</ele>
	<time>1970-01-01T00:00:00.000Z</time>
</trkpt>
<trkpt lat="47.6434425" lon="1.4184435">
	<ele>70.70</ele>
	<time>1970-01-01T00:00:00.000Z</time>
</trkpt>
<trkpt lat="47.6438841" lon="1.4189499">
	<ele>72.60</ele>
	<time>1970-01-01T00:00:00.000Z</time>
</trkpt>
<trkpt lat="47.6445588" lon="1.4195162">
	<ele>70.80</ele>
	<time>1970-01-01T00:00:00.000Z</time>
</trkpt>
<trkpt lat="47.6458964" lon="1.4209645">
	<ele>81.10</ele>
	<time>1970-01-01T00:00:00.000Z</time>
</trkpt>
<trkpt lat="47.6469909" lon="1.4222723">
	<ele>78.10</ele>
	<time>1970-01-01T00:00:00.000Z</time>
</trkpt>
<trkpt lat="47.6475292" lon="1.4229997">
	<ele>81.00</ele>
	<time>1970-01-01T00:00:00.000Z</time>
</trkpt>
<trkpt lat="47.6479237" lon="1.4236132">
	<ele>78.50</ele>
	<time>1970-01-01T00:00:00.000Z</time>
</trkpt>
<trkpt lat="47.6493513" lon="1.4260362">
	<ele>78.80</ele>
	<time>1970-01-01T00:00:00.000Z</time>
</trkpt>
<trkpt lat="47.6496600" lon="1.4266635">
	<ele>76.50</ele>
	<time>1970-01-01T00:00:00.000Z</time>
</trkpt>
<trkpt lat="47.6517212" lon="1.4299123">
	<ele>78.70</ele>
	<time>1970-01-01T00:00:00.000Z</time>
</trkpt>
<trkpt lat="47.6531775" lon="1.4324356">
	<ele>79.20</ele>
	<time>1970-01-01T00:00:00.000Z</time>
</trkpt>
<trkpt lat="47.6536462" lon="1.4330518">
	<ele>79.30</ele>
	<time>1970-01-01T00:00:00.000Z</time>
</trkpt>
<trkpt lat="47.6540159" lon="1.4334634">
	<ele>80.30</ele>
	<time>1970-01-01T00:00:00.000Z</time>
</trkpt>
<trkpt lat="47.6547949" lon="1.4345870">
	<ele>81.20</ele>
	<time>1970-01-01T00:00:00.000Z</time>
</trkpt>
<trkpt lat="47.6548569" lon="1.4346112">
	<ele>80.20</ele>
	<time>1970-01-01T00:00:00.000Z</time>
</trkpt>
<trkpt lat="47.6549578" lon="1.4345522">
	<ele>81.20</ele>
	<time>1970-01-01T00:00:00.000Z</time>
</trkpt>
<trkpt lat="47.6550822" lon="1.4343623">
	<ele>81.90</ele>
	<time>1970-01-01T00:00:00.000Z</time>
</trkpt>
<trkpt lat="47.6551044" lon="1.4342512">
	<ele>82.80</ele>
	<time>1970-01-01T00:00:00.000Z</time>
</trkpt>
<trkpt lat="47.6553994" lon="1.4339157">
	<ele>83.80</ele>
	<time>1970-01-01T00:00:00.000Z</time>
</trkpt>
<trkpt lat="47.6557190" lon="1.4333123">
	<ele>84.90</ele>
	<time>1970-01-01T00:00:00.000Z</time>
</trkpt>
<trkpt lat="47.6559621" lon="1.4335850">
	<ele>85.00</ele>
	<time>1970-01-01T00:00:00.000Z</time>
</trkpt>
<trkpt lat="47.6563430" lon="1.4341201">
	<ele>86.10</ele>
	<time>1970-01-01T00:00:00.000Z</time>
</trkpt>
<trkpt lat="47.6570097" lon="1.4359767">
	<ele>87.40</ele>
	<time>1970-01-01T00:00:00.000Z</time>
</trkpt>
<trkpt lat="47.6574542" lon="1.4369071">
	<ele>86.80</ele>
	<time>1970-01-01T00:00:00.000Z</time>
</trkpt>
<trkpt lat="47.6574439" lon="1.4372096">
	<ele>86.40</ele>
	<time>1970-01-01T00:00:00.000Z</time>
</trkpt>
<trkpt lat="47.6572228" lon="1.4378373">
	<ele>84.20</ele>
	<time>1970-01-01T00:00:00.000Z</time>
</trkpt>
<trkpt lat="47.6571744" lon="1.4381928">
	<ele>83.30</ele>
	<time>1970-01-01T00:00:00.000Z</time>
</trkpt>
<trkpt lat="47.6572180" lon="1.4386313">
	<ele>82.60</ele>
	<time>1970-01-01T00:00:00.000Z</time>
</trkpt>
<trkpt lat="47.6573171" lon="1.4390350">
	<ele>81.00</ele>
	<time>1970-01-01T00:00:00.000Z</time>
</trkpt>
<trkpt lat="47.6574278" lon="1.4393047">
	<ele>81.00</ele>
	<time>1970-01-01T00:00:00.000Z</time>
</trkpt>
<trkpt lat="47.6576229" lon="1.4396256">
	<ele>81.20</ele>
	<time>1970-01-01T00:00:00.000Z</time>
</trkpt>
<trkpt lat="47.6578647" lon="1.4399344">
	<ele>82.10</ele>
	<time>1970-01-01T00:00:00.000Z</time>
</trkpt>
<trkpt lat="47.6581136" lon="1.4401737">
	<ele>82.00</ele>
	<time>1970-01-01T00:00:00.000Z</time>
</trkpt>
<trkpt lat="47.6581837" lon="1.4402914">
	<ele>81.30</ele>
	<time>1970-01-01T00:00:00.000Z</time>
</trkpt>
<trkpt lat="47.6582143" lon="1.4406928">
	<ele>80.50</ele>
	<time>1970-01-01T00:00:00.000Z</time>
</trkpt>
<trkpt lat="47.6583199" lon="1.4411175">
	<ele>80.00</ele>
	<time>1970-01-01T00:00:00.000Z</time>
</trkpt>
<trkpt lat="47.6586391" lon="1.4416319">
	<ele>80.00</ele>
	<time>1970-01-01T00:00:00.000Z</time>
</trkpt>
<trkpt lat="47.6589841" lon="1.4425229">
	<ele>79.00</ele>
	<time>1970-01-01T00:00:00.000Z</time>
</trkpt>
<trkpt lat="47.6585514" lon="1.4427554">
	<ele>77.70</ele>
	<time>1970-01-01T00:00:00.000Z</time>
</trkpt>
<trkpt lat="47.6580601" lon="1.4431027">
	<ele>76.70</ele>
	<time>1970-01-01T00:00:00.000Z</time>
</trkpt>
<trkpt lat="47.6579539" lon="1.4432429">
	<ele>75.30</ele>
	<time>1970-01-01T00:00:00.000Z</time>
</trkpt>
<trkpt lat="47.6578595" lon="1.4434563">
	<ele>74.30</ele>
	<time>1970-01-01T00:00:00.000Z</time>
</trkpt>
<trkpt lat="47.6569754" lon="1.4463683">
	<ele>73.50</ele>
	<time>1970-01-01T00:00:00.000Z</time>
</trkpt>
<trkpt lat="47.6561281" lon="1.4477789">
	<ele>73.80</ele>
	<time>1970-01-01T00:00:00.000Z</time>
</trkpt>
<trkpt lat="47.6560314" lon="1.4479986">
	<ele>73.50</ele>
	<time>1970-01-01T00:00:00.000Z</time>
</trkpt>
<trkpt lat="47.6560086" lon="1.4482209">
	<ele>73.40</ele>
	<time>1970-01-01T00:00:00.000Z</time>
</trkpt>
<trkpt lat="47.6560108" lon="1.4497942">
	<ele>73.00</ele>
	<time>1970-01-01T00:00:00.000Z</time>
</trkpt>
<trkpt lat="47.6564683" lon="1.4539490">
	<ele>73.40</ele>
	<time>1970-01-01T00:00:00.000Z</time>
</trkpt>
<trkpt lat="47.6583683" lon="1.4700583">
	<ele>75.10</ele>
	<time>1970-01-01T00:00:00.000Z</time>
</trkpt>
<trkpt lat="47.6587352" lon="1.4725731">
	<ele>75.90</ele>
	<time>1970-01-01T00:00:00.000Z</time>
</trkpt>
<trkpt lat="47.6590823" lon="1.4746111">
	<ele>73.60</ele>
	<time>1970-01-01T00:00:00.000Z</time>
</trkpt>
<trkpt lat="47.6597350" lon="1.4776507">
	<ele>73.40</ele>
	<time>1970-01-01T00:00:00.000Z</time>
</trkpt>
<trkpt lat="47.6603021" lon="1.4797920">
	<ele>74.40</ele>
	<time>1970-01-01T00:00:00.000Z</time>
</trkpt>
<trkpt lat="47.6609657" lon="1.4819398">
	<ele>73.80</ele>
	<time>1970-01-01T00:00:00.000Z</time>
</trkpt>
<trkpt lat="47.6625770" lon="1.4865143">
	<ele>73.00</ele>
	<time>1970-01-01T00:00:00.000Z</time>
</trkpt>
<trkpt lat="47.6649047" lon="1.4918440">
	<ele>75.00</ele>
	<time>1970-01-01T00:00:00.000Z</time>
</trkpt>
<trkpt lat="47.6706575" lon="1.5046083">
	<ele>76.20</ele>
	<time>1970-01-01T00:00:00.000Z</time>
</trkpt>
<trkpt lat="47.6741794" lon="1.5132426">
	<ele>74.10</ele>
	<time>1970-01-01T00:00:00.000Z</time>
</trkpt>
<trkpt lat="47.6784300" lon="1.5237989">
	<ele>77.90</ele>
	<time>1970-01-01T00:00:00.000Z</time>
</trkpt>
<trkpt lat="47.6788110" lon="1.5248093">
	<ele>76.90</ele>
	<time>1970-01-01T00:00:00.000Z</time>
</trkpt>
<trkpt lat="47.6793506" lon="1.5260501">
	<ele>76.90</ele>
	<time>1970-01-01T00:00:00.000Z</time>
</trkpt>
<trkpt lat="47.6823637" lon="1.5335694">
	<ele>75.00</ele>
	<time>1970-01-01T00:00:00.000Z</time>
</trkpt>
<trkpt lat="47.6837406" lon="1.5362644">
	<ele>76.00</ele>
	<time>1970-01-01T00:00:00.000Z</time>
</trkpt>
<trkpt lat="47.6840333" lon="1.5366363">
	<ele>75.50</ele>
	<time>1970-01-01T00:00:00.000Z</time>
</trkpt>
<trkpt lat="47.6881532" lon="1.5397697">
	<ele>76.30</ele>
	<time>1970-01-01T00:00:00.000Z</time>
</trkpt>
<trkpt lat="47.6887841" lon="1.5403336">
	<ele>75.90</ele>
	<time>1970-01-01T00:00:00.000Z</time>
</trkpt>
<trkpt lat="47.6890900" lon="1.5406800">
	<ele>75.20</ele>
	<time>1970-01-01T00:00:00.000Z</time>
</trkpt>
<trkpt lat="47.6894161" lon="1.5411282">
	<ele>74.60</ele>
	<time>1970-01-01T00:00:00.000Z</time>
</trkpt>
<trkpt lat="47.6901975" lon="1.5422788">
	<ele>75.10</ele>
	<time>1970-01-01T00:00:00.000Z</time>
</trkpt>
<trkpt lat="47.6905166" lon="1.5428249">
	<ele>75.70</ele>
	<time>1970-01-01T00:00:00.000Z</time>
</trkpt>
<trkpt lat="47.6910343" lon="1.5438399">
	<ele>76.70</ele>
	<time>1970-01-01T00:00:00.000Z</time>
</trkpt>
<trkpt lat="47.6923668" lon="1.5465315">
	<ele>77.80</ele>
	<time>1970-01-01T00:00:00.000Z</time>
</trkpt>
<trkpt lat="47.6926475" lon="1.5473135">
	<ele>76.80</ele>
	<time>1970-01-01T00:00:00.000Z</time>
</trkpt>
<trkpt lat="47.6928390" lon="1.5480987">
	<ele>77.60</ele>
	<time>1970-01-01T00:00:00.000Z</time>
</trkpt>
<trkpt lat="47.6929047" lon="1.5488809">
	<ele>77.90</ele>
	<time>1970-01-01T00:00:00.000Z</time>
</trkpt>
<trkpt lat="47.6928739" lon="1.5493097">
	<ele>77.80</ele>
	<time>1970-01-01T00:00:00.000Z</time>
</trkpt>
<trkpt lat="47.6926003" lon="1.5514988">
	<ele>76.90</ele>
	<time>1970-01-01T00:00:00.000Z</time>
</trkpt>
<trkpt lat="47.6924856" lon="1.5527083">
	<ele>77.70</ele>
	<time>1970-01-01T00:00:00.000Z</time>
</trkpt>
<trkpt lat="47.6925306" lon="1.5532887">
	<ele>77.20</ele>
	<time>1970-01-01T00:00:00.000Z</time>
</trkpt>
<trkpt lat="47.6926389" lon="1.5535898">
	<ele>77.00</ele>
	<time>1970-01-01T00:00:00.000Z</time>
</trkpt>
<trkpt lat="47.6927874" lon="1.5539602">
	<ele>76.90</ele>
	<time>1970-01-01T00:00:00.000Z</time>
</trkpt>
<trkpt lat="47.6929855" lon="1.5542496">
	<ele>76.90</ele>
	<time>1970-01-01T00:00:00.000Z</time>
</trkpt>
<trkpt lat="47.6934770" lon="1.5552655">
	<ele>76.00</ele>
	<time>1970-01-01T00:00:00.000Z</time>
</trkpt>
<trkpt lat="47.6948112" lon="1.5582603">
	<ele>76.30</ele>
	<time>1970-01-01T00:00:00.000Z</time>
</trkpt>
<trkpt lat="47.6954192" lon="1.5597627">
	<ele>78.90</ele>
	<time>1970-01-01T00:00:00.000Z</time>
</trkpt>
<trkpt lat="47.6957777" lon="1.5605050">
	<ele>81.20</ele>
	<time>1970-01-01T00:00:00.000Z</time>
</trkpt>
<trkpt lat="47.6960021" lon="1.5608842">
	<ele>81.30</ele>
	<time>1970-01-01T00:00:00.000Z</time>
</trkpt>
<trkpt lat="47.6964584" lon="1.5615359">
	<ele>80.80</ele>
	<time>1970-01-01T00:00:00.000Z</time>
</trkpt>
<trkpt lat="47.6971116" lon="1.5620956">
	<ele>81.10</ele>
	<time>1970-01-01T00:00:00.000Z</time>
</trkpt>
<trkpt lat="47.6972534" lon="1.5622785">
	<ele>81.00</ele>
	<time>1970-01-01T00:00:00.000Z</time>
</trkpt>
<trkpt lat="47.6984665" lon="1.5648090">
	<ele>81.40</ele>
	<time>1970-01-01T00:00:00.000Z</time>
</trkpt>
<trkpt lat="47.6989597" lon="1.5657558">
	<ele>81.00</ele>
	<time>1970-01-01T00:00:00.000Z</time>
</trkpt>
<trkpt lat="47.6993256" lon="1.5663780">
	<ele>80.60</ele>
	<time>1970-01-01T00:00:00.000Z</time>
</trkpt>
<trkpt lat="47.7009820" lon="1.5687391">
	<ele>82.00</ele>
	<time>1970-01-01T00:00:00.000Z</time>
</trkpt>
<trkpt lat="47.7011279" lon="1.5688819">
	<ele>82.50</ele>
	<time>1970-01-01T00:00:00.000Z</time>
</trkpt>
<trkpt lat="47.7013847" lon="1.5690442">
	<ele>82.80</ele>
	<time>1970-01-01T00:00:00.000Z</time>
</trkpt>
<trkpt lat="47.7036036" lon="1.5702890">
	<ele>82.30</ele>
	<time>1970-01-01T00:00:00.000Z</time>
</trkpt>
<trkpt lat="47.7052352" lon="1.5711322">
	<ele>83.20</ele>
	<time>1970-01-01T00:00:00.000Z</time>
</trkpt>
<trkpt lat="47.7073820" lon="1.5721470">
	<ele>82.00</ele>
	<time>1970-01-01T00:00:00.000Z</time>
</trkpt>
<trkpt lat="47.7080387" lon="1.5721037">
	<ele>81.50</ele>
	<time>1970-01-01T00:00:00.000Z</time>
</trkpt>
<trkpt lat="47.7105787" lon="1.5725254">
	<ele>82.70</ele>
	<time>1970-01-01T00:00:00.000Z</time>
</trkpt>
<trkpt lat="47.7106988" lon="1.5724822">
	<ele>82.70</ele>
	<time>1970-01-01T00:00:00.000Z</time>
</trkpt>
<trkpt lat="47.7111116" lon="1.5721455">
	<ele>82.70</ele>
	<time>1970-01-01T00:00:00.000Z</time>
</trkpt>
<trkpt lat="47.7113290" lon="1.5720356">
	<ele>82.50</ele>
	<time>1970-01-01T00:00:00.000Z</time>
</trkpt>
<trkpt lat="47.7115873" lon="1.5719634">
	<ele>82.50</ele>
	<time>1970-01-01T00:00:00.000Z</time>
</trkpt>
<trkpt lat="47.7118114" lon="1.5719523">
	<ele>82.40</ele>
	<time>1970-01-01T00:00:00.000Z</time>
</trkpt>
<trkpt lat="47.7121232" lon="1.5721303">
	<ele>82.10</ele>
	<time>1970-01-01T00:00:00.000Z</time>
</trkpt>
<trkpt lat="47.7123357" lon="1.5723528">
	<ele>81.90</ele>
	<time>1970-01-01T00:00:00.000Z</time>
</trkpt>
<trkpt lat="47.7126262" lon="1.5728532">
	<ele>81.70</ele>
	<time>1970-01-01T00:00:00.000Z</time>
</trkpt>
<trkpt lat="47.7128154" lon="1.5735260">
	<ele>80.30</ele>
	<time>1970-01-01T00:00:00.000Z</time>
</trkpt>
<trkpt lat="47.7128548" lon="1.5735861">
	<ele>80.00</ele>
	<time>1970-01-01T00:00:00.000Z</time>
</trkpt>
<trkpt lat="47.7129977" lon="1.5736463">
	<ele>80.00</ele>
	<time>1970-01-01T00:00:00.000Z</time>
</trkpt>
<trkpt lat="47.7131516" lon="1.5735975">
	<ele>79.50</ele>
	<time>1970-01-01T00:00:00.000Z</time>
</trkpt>
<trkpt lat="47.7138083" lon="1.5730764">
	<ele>80.80</ele>
	<time>1970-01-01T00:00:00.000Z</time>
</trkpt>
<trkpt lat="47.7157236" lon="1.5718738">
	<ele>78.10</ele>
	<time>1970-01-01T00:00:00.000Z</time>
</trkpt>
<trkpt lat="47.7158217" lon="1.5717991">
	<ele>78.00</ele>
	<time>1970-01-01T00:00:00.000Z</time>
</trkpt>
<trkpt lat="47.7159670" lon="1.5715967">
	<ele>80.50</ele>
	<time>1970-01-01T00:00:00.000Z</time>
</trkpt>
<trkpt lat="47.7160194" lon="1.5716525">
	<ele>80.50</ele>
	<time>1970-01-01T00:00:00.000Z</time>
</trkpt>
<trkpt lat="47.7160886" lon="1.5719856">
	<ele>78.00</ele>
	<time>1970-01-01T00:00:00.000Z</time>
</trkpt>
<trkpt lat="47.7178759" lon="1.5709076">
	<ele>79.40</ele>
	<time>1970-01-01T00:00:00.000Z</time>
</trkpt>
<trkpt lat="47.7185546" lon="1.5706099">
	<ele>77.60</ele>
	<time>1970-01-01T00:00:00.000Z</time>
</trkpt>
<trkpt lat="47.7189075" lon="1.5705335">
	<ele>77.00</ele>
	<time>1970-01-01T00:00:00.000Z</time>
</trkpt>
<trkpt lat="47.7194750" lon="1.5704902">
	<ele>78.00</ele>
	<time>1970-01-01T00:00:00.000Z</time>
</trkpt>
<trkpt lat="47.7199949" lon="1.5705975">
	<ele>80.20</ele>
	<time>1970-01-01T00:00:00.000Z</time>
</trkpt>
<trkpt lat="47.7202685" lon="1.5706009">
	<ele>80.30</ele>
	<time>1970-01-01T00:00:00.000Z</time>
</trkpt>
<trkpt lat="47.7210923" lon="1.5708334">
	<ele>79.00</ele>
	<time>1970-01-01T00:00:00.000Z</time>
</trkpt>
<trkpt lat="47.7218928" lon="1.5711441">
	<ele>79.70</ele>
	<time>1970-01-01T00:00:00.000Z</time>
</trkpt>
<trkpt lat="47.7225804" lon="1.5715074">
	<ele>78.90</ele>
	<time>1970-01-01T00:00:00.000Z</time>
</trkpt>
<trkpt lat="47.7255090" lon="1.5743212">
	<ele>81.20</ele>
	<time>1970-01-01T00:00:00.000Z</time>
</trkpt>
<trkpt lat="47.7258029" lon="1.5747216">
	<ele>83.20</ele>
	<time>1970-01-01T00:00:00.000Z</time>
</trkpt>
<trkpt lat="47.7259558" lon="1.5748656">
	<ele>83.50</ele>
	<time>1970-01-01T00:00:00.000Z</time>
</trkpt>
<trkpt lat="47.7260687" lon="1.5748905">
	<ele>83.50</ele>
	<time>1970-01-01T00:00:00.000Z</time>
</trkpt>
<trkpt lat="47.7262110" lon="1.5750456">
	<ele>83.50</ele>
	<time>1970-01-01T00:00:00.000Z</time>
</trkpt>
<trkpt lat="47.7262381" lon="1.5751381">
	<ele>83.50</ele>
	<time>1970-01-01T00:00:00.000Z</time>
</trkpt>
<trkpt lat="47.7260895" lon="1.5755784">
	<ele>80.50</ele>
	<time>1970-01-01T00:00:00.000Z</time>
</trkpt>
<trkpt lat="47.7265395" lon="1.5761548">
	<ele>80.90</ele>
	<time>1970-01-01T00:00:00.000Z</time>
</trkpt>
<trkpt lat="47.7273220" lon="1.5776524">
	<ele>81.00</ele>
	<time>1970-01-01T00:00:00.000Z</time>
</trkpt>
<trkpt lat="47.7277031" lon="1.5782824">
	<ele>82.30</ele>
	<time>1970-01-01T00:00:00.000Z</time>
</trkpt>
<trkpt lat="47.7278871" lon="1.5784989">
	<ele>83.50</ele>
	<time>1970-01-01T00:00:00.000Z</time>
</trkpt>
<trkpt lat="47.7279574" lon="1.5785253">
	<ele>83.00</ele>
	<time>1970-01-01T00:00:00.000Z</time>
</trkpt>
<trkpt lat="47.7289704" lon="1.5805504">
	<ele>86.70</ele>
	<time>1970-01-01T00:00:00.000Z</time>
</trkpt>
<trkpt lat="47.7297939" lon="1.5823217">
	<ele>85.40</ele>
	<time>1970-01-01T00:00:00.000Z</time>
</trkpt>
<trkpt lat="47.7299208" lon="1.5825397">
	<ele>85.90</ele>
	<time>1970-01-01T00:00:00.000Z</time>
</trkpt>
<trkpt lat="47.7302433" lon="1.5828633">
	<ele>85.90</ele>
	<time>1970-01-01T00:00:00.000Z</time>
</trkpt>
<trkpt lat="47.7302855" lon="1.5830771">
	<ele>85.90</ele>
	<time>1970-01-01T00:00:00.000Z</time>
</trkpt>
<trkpt lat="47.7310103" lon="1.5847215">
	<ele>86.80</ele>
	<time>1970-01-01T00:00:00.000Z</time>
</trkpt>
<trkpt lat="47.7312623" lon="1.5851551">
	<ele>86.90</ele>
	<time>1970-01-01T00:00:00.000Z</time>
</trkpt>
<trkpt lat="47.7314186" lon="1.5855009">
	<ele>86.90</ele>
	<time>1970-01-01T00:00:00.000Z</time>
</trkpt>
<trkpt lat="47.7316578" lon="1.5857867">
	<ele>85.70</ele>
	<time>1970-01-01T00:00:00.000Z</time>
</trkpt>
<trkpt lat="47.7315707" lon="1.5860195">
	<ele>85.70</ele>
	<time>1970-01-01T00:00:00.000Z</time>
</trkpt>
<trkpt lat="47.7312384" lon="1.5865395">
	<ele>80.90</ele>
	<time>1970-01-01T00:00:00.000Z</time>
</trkpt>
<trkpt lat="47.7312136" lon="1.5866455">
	<ele>80.20</ele>
	<time>1970-01-01T00:00:00.000Z</time>
</trkpt>
<trkpt lat="47.7312187" lon="1.5870016">
	<ele>79.60</ele>
	<time>1970-01-01T00:00:00.000Z</time>
</trkpt>
<trkpt lat="47.7311272" lon="1.5872470">
	<ele>78.50</ele>
	<time>1970-01-01T00:00:00.000Z</time>
</trkpt>
<trkpt lat="47.7298395" lon="1.5885488">
	<ele>78.40</ele>
	<time>1970-01-01T00:00:00.000Z</time>
</trkpt>
<trkpt lat="47.7299095" lon="1.5909207">
	<ele>78.10</ele>
	<time>1970-01-01T00:00:00.000Z</time>
</trkpt>
<trkpt lat="47.7317808" lon="1.5977281">
	<ele>77.20</ele>
	<time>1970-01-01T00:00:00.000Z</time>
</trkpt>
<trkpt lat="47.7321639" lon="1.5989642">
	<ele>77.70</ele>
	<time>1970-01-01T00:00:00.000Z</time>
</trkpt>
<trkpt lat="47.7323283" lon="1.5997817">
	<ele>80.40</ele>
	<time>1970-01-01T00:00:00.000Z</time>
</trkpt>
<trkpt lat="47.7331428" lon="1.6011882">
	<ele>80.00</ele>
	<time>1970-01-01T00:00:00.000Z</time>
</trkpt>
<trkpt lat="47.7333886" lon="1.6020156">
	<ele>79.10</ele>
	<time>1970-01-01T00:00:00.000Z</time>
</trkpt>
<trkpt lat="47.7339020" lon="1.6032498">
	<ele>79.70</ele>
	<time>1970-01-01T00:00:00.000Z</time>
</trkpt>
<trkpt lat="47.7340426" lon="1.6037157">
	<ele>79.30</ele>
	<time>1970-01-01T00:00:00.000Z</time>
</trkpt>
<trkpt lat="47.7341610" lon="1.6042758">
	<ele>78.50</ele>
	<time>1970-01-01T00:00:00.000Z</time>
</trkpt>
<trkpt lat="47.7342469" lon="1.6052583">
	<ele>77.80</ele>
	<time>1970-01-01T00:00:00.000Z</time>
</trkpt>
<trkpt lat="47.7345615" lon="1.6063619">
	<ele>78.10</ele>
	<time>1970-01-01T00:00:00.000Z</time>
</trkpt>
<trkpt lat="47.7346505" lon="1.6065327">
	<ele>78.90</ele>
	<time>1970-01-01T00:00:00.000Z</time>
</trkpt>
<trkpt lat="47.7349122" lon="1.6068850">
	<ele>79.50</ele>
	<time>1970-01-01T00:00:00.000Z</time>
</trkpt>
<trkpt lat="47.7358724" lon="1.6076624">
	<ele>80.50</ele>
	<time>1970-01-01T00:00:00.000Z</time>
</trkpt>
<trkpt lat="47.7360553" lon="1.6078583">
	<ele>80.30</ele>
	<time>1970-01-01T00:00:00.000Z</time>
</trkpt>
<trkpt lat="47.7362033" lon="1.6081243">
	<ele>80.40</ele>
	<time>1970-01-01T00:00:00.000Z</time>
</trkpt>
<trkpt lat="47.7362726" lon="1.6085011">
	<ele>80.00</ele>
	<time>1970-01-01T00:00:00.000Z</time>
</trkpt>
<trkpt lat="47.7362826" lon="1.6090361">
	<ele>80.40</ele>
	<time>1970-01-01T00:00:00.000Z</time>
</trkpt>
<trkpt lat="47.7365024" lon="1.6099563">
	<ele>80.40</ele>
	<time>1970-01-01T00:00:00.000Z</time>
</trkpt>
<trkpt lat="47.7371045" lon="1.6113886">
	<ele>78.60</ele>
	<time>1970-01-01T00:00:00.000Z</time>
</trkpt>
<trkpt lat="47.7378059" lon="1.6126114">
	<ele>81.20</ele>
	<time>1970-01-01T00:00:00.000Z</time>
</trkpt>
<trkpt lat="47.7381601" lon="1.6131054">
	<ele>80.80</ele>
	<time>1970-01-01T00:00:00.000Z</time>
</trkpt>
<trkpt lat="47.7385565" lon="1.6133645">
	<ele>81.20</ele>
	<time>1970-01-01T00:00:00.000Z</time>
</trkpt>
<trkpt lat="47.7387616" lon="1.6136566">
	<ele>81.60</ele>
	<time>1970-01-01T00:00:00.000Z</time>
</trkpt>
<trkpt lat="47.7395091" lon="1.6149799">
	<ele>79.70</ele>
	<time>1970-01-01T00:00:00.000Z</time>
</trkpt>
<trkpt lat="47.7397354" lon="1.6153047">
	<ele>79.60</ele>
	<time>1970-01-01T00:00:00.000Z</time>
</trkpt>
<trkpt lat="47.7407029" lon="1.6164314">
	<ele>79.60</ele>
	<time>1970-01-01T00:00:00.000Z</time>
</trkpt>
<trkpt lat="47.7413080" lon="1.6170603">
	<ele>79.60</ele>
	<time>1970-01-01T00:00:00.000Z</time>
</trkpt>
<trkpt lat="47.7418551" lon="1.6177278">
	<ele>79.90</ele>
	<time>1970-01-01T00:00:00.000Z</time>
</trkpt>
<trkpt lat="47.7424022" lon="1.6182490">
	<ele>79.30</ele>
	<time>1970-01-01T00:00:00.000Z</time>
</trkpt>
<trkpt lat="47.7441364" lon="1.6196562">
	<ele>79.90</ele>
	<time>1970-01-01T00:00:00.000Z</time>
</trkpt>
<trkpt lat="47.7450774" lon="1.6205178">
	<ele>79.90</ele>
	<time>1970-01-01T00:00:00.000Z</time>
</trkpt>
<trkpt lat="47.7457159" lon="1.6210098">
	<ele>80.70</ele>
	<time>1970-01-01T00:00:00.000Z</time>
</trkpt>
<trkpt lat="47.7459016" lon="1.6211011">
	<ele>78.80</ele>
	<time>1970-01-01T00:00:00.000Z</time>
</trkpt>
<trkpt lat="47.7467001" lon="1.6211805">
	<ele>79.00</ele>
	<time>1970-01-01T00:00:00.000Z</time>
</trkpt>
<trkpt lat="47.7484219" lon="1.6216953">
	<ele>79.20</ele>
	<time>1970-01-01T00:00:00.000Z</time>
</trkpt>
<trkpt lat="47.7499064" lon="1.6216981">
	<ele>79.70</ele>
	<time>1970-01-01T00:00:00.000Z</time>
</trkpt>
<trkpt lat="47.7507428" lon="1.6216296">
	<ele>82.00</ele>
	<time>1970-01-01T00:00:00.000Z</time>
</trkpt>
<trkpt lat="47.7513102" lon="1.6216550">
	<ele>81.60</ele>
	<time>1970-01-01T00:00:00.000Z</time>
</trkpt>
<trkpt lat="47.7514448" lon="1.6216972">
	<ele>81.60</ele>
	<time>1970-01-01T00:00:00.000Z</time>
</trkpt>
<trkpt lat="47.7518162" lon="1.6218237">
	<ele>81.80</ele>
	<time>1970-01-01T00:00:00.000Z</time>
</trkpt>
<trkpt lat="47.7525669" lon="1.6221927">
	<ele>80.80</ele>
	<time>1970-01-01T00:00:00.000Z</time>
</trkpt>
<trkpt lat="47.7531554" lon="1.6225683">
	<ele>80.40</ele>
	<time>1970-01-01T00:00:00.000Z</time>
</trkpt>
<trkpt lat="47.7536507" lon="1.6228118">
	<ele>80.60</ele>
	<time>1970-01-01T00:00:00.000Z</time>
</trkpt>
<trkpt lat="47.7539107" lon="1.6228691">
	<ele>80.70</ele>
	<time>1970-01-01T00:00:00.000Z</time>
</trkpt>
<trkpt lat="47.7546517" lon="1.6228127">
	<ele>81.30</ele>
	<time>1970-01-01T00:00:00.000Z</time>
</trkpt>
<trkpt lat="47.7555684" lon="1.6231506">
	<ele>81.90</ele>
	<time>1970-01-01T00:00:00.000Z</time>
</trkpt>
<trkpt lat="47.7559418" lon="1.6233653">
	<ele>81.70</ele>
	<time>1970-01-01T00:00:00.000Z</time>
</trkpt>
<trkpt lat="47.7575053" lon="1.6239604">
	<ele>85.10</ele>
	<time>1970-01-01T00:00:00.000Z</time>
</trkpt>
<trkpt lat="47.7579667" lon="1.6240834">
	<ele>83.60</ele>
	<time>1970-01-01T00:00:00.000Z</time>
</trkpt>
<trkpt lat="47.7601862" lon="1.6254383">
	<ele>82.00</ele>
	<time>1970-01-01T00:00:00.000Z</time>
</trkpt>
<trkpt lat="47.7609364" lon="1.6258514">
	<ele>83.00</ele>
	<time>1970-01-01T00:00:00.000Z</time>
</trkpt>
<trkpt lat="47.7610713" lon="1.6252980">
	<ele>82.60</ele>
	<time>1970-01-01T00:00:00.000Z</time>
</trkpt>
<trkpt lat="47.7613757" lon="1.6244663">
	<ele>83.10</ele>
	<time>1970-01-01T00:00:00.000Z</time>
</trkpt>
<trkpt lat="47.7614609" lon="1.6245899">
	<ele>82.90</ele>
	<time>1970-01-01T00:00:00.000Z</time>
</trkpt>
<trkpt lat="47.7634165" lon="1.6261639">
	<ele>85.20</ele>
	<time>1970-01-01T00:00:00.000Z</time>
</trkpt>
<trkpt lat="47.7635047" lon="1.6263206">
	<ele>84.20</ele>
	<time>1970-01-01T00:00:00.000Z</time>
</trkpt>
<trkpt lat="47.7637401" lon="1.6269714">
	<ele>83.20</ele>
	<time>1970-01-01T00:00:00.000Z</time>
</trkpt>
<trkpt lat="47.7651524" lon="1.6276548">
	<ele>84.00</ele>
	<time>1970-01-01T00:00:00.000Z</time>
</trkpt>
<trkpt lat="47.7664030" lon="1.6283699">
	<ele>85.10</ele>
	<time>1970-01-01T00:00:00.000Z</time>
</trkpt>
<trkpt lat="47.7668251" lon="1.6287476">
	<ele>85.90</ele>
	<time>1970-01-01T00:00:00.000Z</time>
</trkpt>
<trkpt lat="47.7675365" lon="1.6292356">
	<ele>85.10</ele>
	<time>1970-01-01T00:00:00.000Z</time>
</trkpt>
<trkpt lat="47.7679921" lon="1.6294740">
	<ele>86.10</ele>
	<time>1970-01-01T00:00:00.000Z</time>
</trkpt>
<trkpt lat="47.7687113" lon="1.6300029">
	<ele>87.20</ele>
	<time>1970-01-01T00:00:00.000Z</time>
</trkpt>
<trkpt lat="47.7724438" lon="1.6320440">
	<ele>91.00</ele>
	<time>1970-01-01T00:00:00.000Z</time>
</trkpt>
<trkpt lat="47.7737898" lon="1.6324557">
	<ele>93.90</ele>
	<time>1970-01-01T00:00:00.000Z</time>
</trkpt>
<trkpt lat="47.7738174" lon="1.6325397">
	<ele>93.90</ele>
	<time>1970-01-01T00:00:00.000Z</time>
</trkpt>
<trkpt lat="47.7741162" lon="1.6327998">
	<ele>95.00</ele>
	<time>1970-01-01T00:00:00.000Z</time>
</trkpt>
<trkpt lat="47.7742962" lon="1.6330744">
	<ele>93.40</ele>
	<time>1970-01-01T00:00:00.000Z</time>
</trkpt>
<trkpt lat="47.7744731" lon="1.6332234">
	<ele>86.70</ele>
	<time>1970-01-01T00:00:00.000Z</time>
</trkpt>
<trkpt lat="47.7773872" lon="1.6347134">
	<ele>90.80</ele>
	<time>1970-01-01T00:00:00.000Z</time>
</trkpt>
<trkpt lat="47.7776571" lon="1.6347841">
	<ele>90.50</ele>
	<time>1970-01-01T00:00:00.000Z</time>
</trkpt>
<trkpt lat="47.7776692" lon="1.6349000">
	<ele>89.70</ele>
	<time>1970-01-01T00:00:00.000Z</time>
</trkpt>
<trkpt lat="47.7780321" lon="1.6351703">
	<ele>88.80</ele>
	<time>1970-01-01T00:00:00.000Z</time>
</trkpt>
<trkpt lat="47.7789542" lon="1.6359692">
	<ele>89.30</ele>
	<time>1970-01-01T00:00:00.000Z</time>
</trkpt>
<trkpt lat="47.7787917" lon="1.6364361">
	<ele>88.20</ele>
	<time>1970-01-01T00:00:00.000Z</time>
</trkpt>
<trkpt lat="47.7789393" lon="1.6368890">
	<ele>86.30</ele>
	<time>1970-01-01T00:00:00.000Z</time>
</trkpt>
<trkpt lat="47.7790660" lon="1.6371102">
	<ele>85.90</ele>
	<time>1970-01-01T00:00:00.000Z</time>
</trkpt>
<trkpt lat="47.7791991" lon="1.6374862">
	<ele>85.70</ele>
	<time>1970-01-01T00:00:00.000Z</time>
</trkpt>
<trkpt lat="47.7792986" lon="1.6376628">
	<ele>84.20</ele>
	<time>1970-01-01T00:00:00.000Z</time>
</trkpt>
<trkpt lat="47.7800557" lon="1.6399403">
	<ele>80.20</ele>
	<time>1970-01-01T00:00:00.000Z</time>
</trkpt>
<trkpt lat="47.7804715" lon="1.6410984">
	<ele>80.30</ele>
	<time>1970-01-01T00:00:00.000Z</time>
</trkpt>
<trkpt lat="47.7806599" lon="1.6415062">
	<ele>80.30</ele>
	<time>1970-01-01T00:00:00.000Z</time>
</trkpt>
<trkpt lat="47.7808349" lon="1.6417674">
	<ele>80.50</ele>
	<time>1970-01-01T00:00:00.000Z</time>
</trkpt>
<trkpt lat="47.7813466" lon="1.6423433">
	<ele>80.80</ele>
	<time>1970-01-01T00:00:00.000Z</time>
</trkpt>
<trkpt lat="47.7819288" lon="1.6432674">
	<ele>80.20</ele>
	<time>1970-01-01T00:00:00.000Z</time>
</trkpt>
<trkpt lat="47.7821633" lon="1.6435393">
	<ele>80.30</ele>
	<time>1970-01-01T00:00:00.000Z</time>
</trkpt>
<trkpt lat="47.7829199" lon="1.6442773">
	<ele>80.80</ele>
	<time>1970-01-01T00:00:00.000Z</time>
</trkpt>
<trkpt lat="47.7834502" lon="1.6446617">
	<ele>81.30</ele>
	<time>1970-01-01T00:00:00.000Z</time>
</trkpt>
<trkpt lat="47.7836277" lon="1.6448374">
	<ele>81.30</ele>
	<time>1970-01-01T00:00:00.000Z</time>
</trkpt>
<trkpt lat="47.7840523" lon="1.6454408">
	<ele>82.30</ele>
	<time>1970-01-01T00:00:00.000Z</time>
</trkpt>
<trkpt lat="47.7845396" lon="1.6462418">
	<ele>82.40</ele>
	<time>1970-01-01T00:00:00.000Z</time>
</trkpt>
<trkpt lat="47.7850998" lon="1.6469729">
	<ele>82.20</ele>
	<time>1970-01-01T00:00:00.000Z</time>
</trkpt>
<trkpt lat="47.7852224" lon="1.6470648">
	<ele>82.80</ele>
	<time>1970-01-01T00:00:00.000Z</time>
</trkpt>
<trkpt lat="47.7856329" lon="1.6471504">
	<ele>83.50</ele>
	<time>1970-01-01T00:00:00.000Z</time>
</trkpt>
<trkpt lat="47.7858486" lon="1.6472680">
	<ele>83.60</ele>
	<time>1970-01-01T00:00:00.000Z</time>
</trkpt>
<trkpt lat="47.7860765" lon="1.6475290">
	<ele>83.20</ele>
	<time>1970-01-01T00:00:00.000Z</time>
</trkpt>
<trkpt lat="47.7865629" lon="1.6483277">
	<ele>82.80</ele>
	<time>1970-01-01T00:00:00.000Z</time>
</trkpt>
<trkpt lat="47.7868311" lon="1.6490301">
	<ele>83.10</ele>
	<time>1970-01-01T00:00:00.000Z</time>
</trkpt>
<trkpt lat="47.7873478" lon="1.6498185">
	<ele>83.50</ele>
	<time>1970-01-01T00:00:00.000Z</time>
</trkpt>
<trkpt lat="47.7876027" lon="1.6503281">
	<ele>82.50</ele>
	<time>1970-01-01T00:00:00.000Z</time>
</trkpt>
<trkpt lat="47.7876602" lon="1.6512194">
	<ele>81.10</ele>
	<time>1970-01-01T00:00:00.000Z</time>
</trkpt>
<trkpt lat="47.7877181" lon="1.6514078">
	<ele>80.90</ele>
	<time>1970-01-01T00:00:00.000Z</time>
</trkpt>
<trkpt lat="47.7881096" lon="1.6522541">
	<ele>80.70</ele>
	<time>1970-01-01T00:00:00.000Z</time>
</trkpt>
<trkpt lat="47.7884835" lon="1.6532317">
	<ele>81.50</ele>
	<time>1970-01-01T00:00:00.000Z</time>
</trkpt>
<trkpt lat="47.7885972" lon="1.6536348">
	<ele>81.80</ele>
	<time>1970-01-01T00:00:00.000Z</time>
</trkpt>
<trkpt lat="47.7887720" lon="1.6545200">
	<ele>83.20</ele>
	<time>1970-01-01T00:00:00.000Z</time>
</trkpt>
<trkpt lat="47.7888439" lon="1.6547505">
	<ele>83.20</ele>
	<time>1970-01-01T00:00:00.000Z</time>
</trkpt>
<trkpt lat="47.7891896" lon="1.6555232">
	<ele>84.40</ele>
	<time>1970-01-01T00:00:00.000Z</time>
</trkpt>
<trkpt lat="47.7888446" lon="1.6558205">
	<ele>85.50</ele>
	<time>1970-01-01T00:00:00.000Z</time>
</trkpt>
<trkpt lat="47.7887351" lon="1.6562440">
	<ele>85.30</ele>
	<time>1970-01-01T00:00:00.000Z</time>
</trkpt>
<trkpt lat="47.7887054" lon="1.6565665">
	<ele>84.70</ele>
	<time>1970-01-01T00:00:00.000Z</time>
</trkpt>
<trkpt lat="47.7891316" lon="1.6580039">
	<ele>80.00</ele>
	<time>1970-01-01T00:00:00.000Z</time>
</trkpt>
<trkpt lat="47.7894372" lon="1.6593066">
	<ele>81.30</ele>
	<time>1970-01-01T00:00:00.000Z</time>
</trkpt>
<trkpt lat="47.7897142" lon="1.6601544">
	<ele>83.20</ele>
	<time>1970-01-01T00:00:00.000Z</time>
</trkpt>
<trkpt lat="47.7899972" lon="1.6612825">
	<ele>82.60</ele>
	<time>1970-01-01T00:00:00.000Z</time>
</trkpt>
<trkpt lat="47.7901584" lon="1.6627868">
	<ele>83.10</ele>
	<time>1970-01-01T00:00:00.000Z</time>
</trkpt>
<trkpt lat="47.7902278" lon="1.6639763">
	<ele>82.70</ele>
	<time>1970-01-01T00:00:00.000Z</time>
</trkpt>
<trkpt lat="47.7904885" lon="1.6656140">
	<ele>84.20</ele>
	<time>1970-01-01T00:00:00.000Z</time>
</trkpt>
<trkpt lat="47.7905412" lon="1.6658050">
	<ele>84.20</ele>
	<time>1970-01-01T00:00:00.000Z</time>
</trkpt>
<trkpt lat="47.7909194" lon="1.6664503">
	<ele>85.80</ele>
	<time>1970-01-01T00:00:00.000Z</time>
</trkpt>
<trkpt lat="47.7909857" lon="1.6667412">
	<ele>86.10</ele>
	<time>1970-01-01T00:00:00.000Z</time>
</trkpt>
<trkpt lat="47.7909344" lon="1.6672165">
	<ele>86.40</ele>
	<time>1970-01-01T00:00:00.000Z</time>
</trkpt>
<trkpt lat="47.7909224" lon="1.6678121">
	<ele>86.50</ele>
	<time>1970-01-01T00:00:00.000Z</time>
</trkpt>
<trkpt lat="47.7908852" lon="1.6679684">
	<ele>86.50</ele>
	<time>1970-01-01T00:00:00.000Z</time>
</trkpt>
<trkpt lat="47.7906718" lon="1.6684374">
	<ele>86.40</ele>
	<time>1970-01-01T00:00:00.000Z</time>
</trkpt>
<trkpt lat="47.7906066" lon="1.6689439">
	<ele>85.80</ele>
	<time>1970-01-01T00:00:00.000Z</time>
</trkpt>
<trkpt lat="47.7906304" lon="1.6692210">
	<ele>85.40</ele>
	<time>1970-01-01T00:00:00.000Z</time>
</trkpt>
<trkpt lat="47.7907089" lon="1.6695584">
	<ele>85.00</ele>
	<time>1970-01-01T00:00:00.000Z</time>
</trkpt>
<trkpt lat="47.7906776" lon="1.6701351">
	<ele>83.60</ele>
	<time>1970-01-01T00:00:00.000Z</time>
</trkpt>
<trkpt lat="47.7906453" lon="1.6702922">
	<ele>83.60</ele>
	<time>1970-01-01T00:00:00.000Z</time>
</trkpt>
<trkpt lat="47.7906869" lon="1.6705460">
	<ele>83.20</ele>
	<time>1970-01-01T00:00:00.000Z</time>
</trkpt>
<trkpt lat="47.7906309" lon="1.6717216">
	<ele>83.40</ele>
	<time>1970-01-01T00:00:00.000Z</time>
</trkpt>
<trkpt lat="47.7907361" lon="1.6726686">
	<ele>83.30</ele>
	<time>1970-01-01T00:00:00.000Z</time>
</trkpt>
<trkpt lat="47.7907312" lon="1.6731886">
	<ele>83.20</ele>
	<time>1970-01-01T00:00:00.000Z</time>
</trkpt>
<trkpt lat="47.7908485" lon="1.6738480">
	<ele>84.30</ele>
	<time>1970-01-01T00:00:00.000Z</time>
</trkpt>
<trkpt lat="47.7908751" lon="1.6742869">
	<ele>84.40</ele>
	<time>1970-01-01T00:00:00.000Z</time>
</trkpt>
<trkpt lat="47.7910779" lon="1.6747199">
	<ele>84.00</ele>
	<time>1970-01-01T00:00:00.000Z</time>
</trkpt>
<trkpt lat="47.7913664" lon="1.6757013">
	<ele>83.30</ele>
	<time>1970-01-01T00:00:00.000Z</time>
</trkpt>
<trkpt lat="47.7917385" lon="1.6765417">
	<ele>83.20</ele>
	<time>1970-01-01T00:00:00.000Z</time>
</trkpt>
<trkpt lat="47.7920937" lon="1.6772168">
	<ele>82.70</ele>
	<time>1970-01-01T00:00:00.000Z</time>
</trkpt>
<trkpt lat="47.7924169" lon="1.6776119">
	<ele>83.40</ele>
	<time>1970-01-01T00:00:00.000Z</time>
</trkpt>
<trkpt lat="47.7930963" lon="1.6788013">
	<ele>83.70</ele>
	<time>1970-01-01T00:00:00.000Z</time>
</trkpt>
<trkpt lat="47.7933751" lon="1.6790978">
	<ele>83.50</ele>
	<time>1970-01-01T00:00:00.000Z</time>
</trkpt>
<trkpt lat="47.7935172" lon="1.6793319">
	<ele>83.20</ele>
	<time>1970-01-01T00:00:00.000Z</time>
</trkpt>
<trkpt lat="47.7940245" lon="1.6798443">
	<ele>84.50</ele>
	<time>1970-01-01T00:00:00.000Z</time>
</trkpt>
<trkpt lat="47.7943991" lon="1.6803415">
	<ele>85.30</ele>
	<time>1970-01-01T00:00:00.000Z</time>
</trkpt>
<trkpt lat="47.7946865" lon="1.6806041">
	<ele>85.40</ele>
	<time>1970-01-01T00:00:00.000Z</time>
</trkpt>
<trkpt lat="47.7950539" lon="1.6810960">
	<ele>84.50</ele>
	<time>1970-01-01T00:00:00.000Z</time>
</trkpt>
<trkpt lat="47.7953317" lon="1.6812963">
	<ele>83.80</ele>
	<time>1970-01-01T00:00:00.000Z</time>
</trkpt>
<trkpt lat="47.7964530" lon="1.6826431">
	<ele>83.30</ele>
	<time>1970-01-01T00:00:00.000Z</time>
</trkpt>
<trkpt lat="47.7966277" lon="1.6828071">
	<ele>83.30</ele>
	<time>1970-01-01T00:00:00.000Z</time>
</trkpt>
<trkpt lat="47.7971299" lon="1.6831297">
	<ele>84.10</ele>
	<time>1970-01-01T00:00:00.000Z</time>
</trkpt>
<trkpt lat="47.7972559" lon="1.6833539">
	<ele>83.50</ele>
	<time>1970-01-01T00:00:00.000Z</time>
</trkpt>
<trkpt lat="47.7973221" lon="1.6834111">
	<ele>83.90</ele>
	<time>1970-01-01T00:00:00.000Z</time>
</trkpt>
<trkpt lat="47.7984186" lon="1.6837351">
	<ele>84.60</ele>
	<time>1970-01-01T00:00:00.000Z</time>
</trkpt>
<trkpt lat="47.7988823" lon="1.6839922">
	<ele>84.00</ele>
	<time>1970-01-01T00:00:00.000Z</time>
</trkpt>
<trkpt lat="47.7993391" lon="1.6843512">
	<ele>83.70</ele>
	<time>1970-01-01T00:00:00.000Z</time>
</trkpt>
<trkpt lat="47.7997561" lon="1.6847577">
	<ele>83.50</ele>
	<time>1970-01-01T00:00:00.000Z</time>
</trkpt>
<trkpt lat="47.8009838" lon="1.6858107">
	<ele>81.70</ele>
	<time>1970-01-01T00:00:00.000Z</time>
</trkpt>
<trkpt lat="47.8012236" lon="1.6858316">
	<ele>81.90</ele>
	<time>1970-01-01T00:00:00.000Z</time>
</trkpt>
<trkpt lat="47.8022765" lon="1.6852509">
	<ele>84.30</ele>
	<time>1970-01-01T00:00:00.000Z</time>
</trkpt>
<trkpt lat="47.8034399" lon="1.6844902">
	<ele>84.30</ele>
	<time>1970-01-01T00:00:00.000Z</time>
</trkpt>
<trkpt lat="47.8037139" lon="1.6842735">
	<ele>84.10</ele>
	<time>1970-01-01T00:00:00.000Z</time>
</trkpt>
<trkpt lat="47.8043577" lon="1.6840479">
	<ele>84.40</ele>
	<time>1970-01-01T00:00:00.000Z</time>
</trkpt>
<trkpt lat="47.8069570" lon="1.6833049">
	<ele>85.30</ele>
	<time>1970-01-01T00:00:00.000Z</time>
</trkpt>
<trkpt lat="47.8078569" lon="1.6832786">
	<ele>85.30</ele>
	<time>1970-01-01T00:00:00.000Z</time>
</trkpt>
<trkpt lat="47.8100217" lon="1.6833638">
	<ele>85.40</ele>
	<time>1970-01-01T00:00:00.000Z</time>
</trkpt>
<trkpt lat="47.8107061" lon="1.6834686">
	<ele>85.60</ele>
	<time>1970-01-01T00:00:00.000Z</time>
</trkpt>
<trkpt lat="47.8119702" lon="1.6838888">
	<ele>87.30</ele>
	<time>1970-01-01T00:00:00.000Z</time>
</trkpt>
<trkpt lat="47.8122852" lon="1.6840493">
	<ele>87.80</ele>
	<time>1970-01-01T00:00:00.000Z</time>
</trkpt>
<trkpt lat="47.8129935" lon="1.6845169">
	<ele>87.90</ele>
	<time>1970-01-01T00:00:00.000Z</time>
</trkpt>
<trkpt lat="47.8136056" lon="1.6850809">
	<ele>89.70</ele>
	<time>1970-01-01T00:00:00.000Z</time>
</trkpt>
<trkpt lat="47.8140484" lon="1.6856310">
	<ele>88.90</ele>
	<time>1970-01-01T00:00:00.000Z</time>
</trkpt>
<trkpt lat="47.8146333" lon="1.6865828">
	<ele>88.20</ele>
	<time>1970-01-01T00:00:00.000Z</time>
</trkpt>
<trkpt lat="47.8156166" lon="1.6879761">
	<ele>88.80</ele>
	<time>1970-01-01T00:00:00.000Z</time>
</trkpt>
<trkpt lat="47.8153871" lon="1.6883041">
	<ele>87.40</ele>
	<time>1970-01-01T00:00:00.000Z</time>
</trkpt>
<trkpt lat="47.8153840" lon="1.6884290">
	<ele>87.40</ele>
	<time>1970-01-01T00:00:00.000Z</time>
</trkpt>
<trkpt lat="47.8154190" lon="1.6885061">
	<ele>86.70</ele>
	<time>1970-01-01T00:00:00.000Z</time>
</trkpt>
<trkpt lat="47.8155315" lon="1.6885755">
	<ele>86.70</ele>
	<time>1970-01-01T00:00:00.000Z</time>
</trkpt>
<trkpt lat="47.8157823" lon="1.6885989">
	<ele>88.10</ele>
	<time>1970-01-01T00:00:00.000Z</time>
</trkpt>
<trkpt lat="47.8158895" lon="1.6887138">
	<ele>88.10</ele>
	<time>1970-01-01T00:00:00.000Z</time>
</trkpt>
<trkpt lat="47.8159796" lon="1.6888869">
	<ele>88.40</ele>
	<time>1970-01-01T00:00:00.000Z</time>
</trkpt>
<trkpt lat="47.8161742" lon="1.6894686">
	<ele>88.40</ele>
	<time>1970-01-01T00:00:00.000Z</time>
</trkpt>
<trkpt lat="47.8161964" lon="1.6898435">
	<ele>88.00</ele>
	<time>1970-01-01T00:00:00.000Z</time>
</trkpt>
<trkpt lat="47.8166827" lon="1.6913123">
	<ele>86.00</ele>
	<time>1970-01-01T00:00:00.000Z</time>
</trkpt>
<trkpt lat="47.8168772" lon="1.6916423">
	<ele>85.70</ele>
	<time>1970-01-01T00:00:00.000Z</time>
</trkpt>
<trkpt lat="47.8176008" lon="1.6924472">
	<ele>88.40</ele>
	<time>1970-01-01T00:00:00.000Z</time>
</trkpt>
<trkpt lat="47.8181670" lon="1.6930078">
	<ele>90.90</ele>
	<time>1970-01-01T00:00:00.000Z</time>
</trkpt>
<trkpt lat="47.8183315" lon="1.6931470">
	<ele>90.50</ele>
	<time>1970-01-01T00:00:00.000Z</time>
</trkpt>
<trkpt lat="47.8188276" lon="1.6933993">
	<ele>91.70</ele>
	<time>1970-01-01T00:00:00.000Z</time>
</trkpt>
<trkpt lat="47.8191079" lon="1.6935993">
	<ele>90.10</ele>
	<time>1970-01-01T00:00:00.000Z</time>
</trkpt>
<trkpt lat="47.8197805" lon="1.6943394">
	<ele>93.60</ele>
	<time>1970-01-01T00:00:00.000Z</time>
</trkpt>
<trkpt lat="47.8206446" lon="1.6951494">
	<ele>95.50</ele>
	<time>1970-01-01T00:00:00.000Z</time>
</trkpt>
<trkpt lat="47.8210613" lon="1.6956231">
	<ele>91.80</ele>
	<time>1970-01-01T00:00:00.000Z</time>
</trkpt>
<trkpt lat="47.8228718" lon="1.6971974">
	<ele>88.80</ele>
	<time>1970-01-01T00:00:00.000Z</time>
</trkpt>
<trkpt lat="47.8230217" lon="1.6972338">
	<ele>88.90</ele>
	<time>1970-01-01T00:00:00.000Z</time>
</trkpt>
<trkpt lat="47.8237227" lon="1.6971603">
	<ele>89.80</ele>
	<time>1970-01-01T00:00:00.000Z</time>
</trkpt>
<trkpt lat="47.8238612" lon="1.6972201">
	<ele>89.80</ele>
	<time>1970-01-01T00:00:00.000Z</time>
</trkpt>
<trkpt lat="47.8238174" lon="1.6974830">
	<ele>89.90</ele>
	<time>1970-01-01T00:00:00.000Z</time>
</trkpt>
<trkpt lat="47.8243182" lon="1.6984182">
	<ele>90.00</ele>
	<time>1970-01-01T00:00:00.000Z</time>
</trkpt>
<trkpt lat="47.8244123" lon="1.6986577">
	<ele>90.10</ele>
	<time>1970-01-01T00:00:00.000Z</time>
</trkpt>
<trkpt lat="47.8217977" lon="1.7039169">
	<ele>85.20</ele>
	<time>1970-01-01T00:00:00.000Z</time>
</trkpt>
<trkpt lat="47.8218086" lon="1.7040021">
	<ele>85.20</ele>
	<time>1970-01-01T00:00:00.000Z</time>
</trkpt>
<trkpt lat="47.8218966" lon="1.7041419">
	<ele>84.90</ele>
	<time>1970-01-01T00:00:00.000Z</time>
</trkpt>
<trkpt lat="47.8222034" lon="1.7044644">
	<ele>85.00</ele>
	<time>1970-01-01T00:00:00.000Z</time>
</trkpt>
<trkpt lat="47.8231709" lon="1.7053402">
	<ele>87.20</ele>
	<time>1970-01-01T00:00:00.000Z</time>
</trkpt>
<trkpt lat="47.8242119" lon="1.7058818">
	<ele>86.00</ele>
	<time>1970-01-01T00:00:00.000Z</time>
</trkpt>
<trkpt lat="47.8247475" lon="1.7062121">
	<ele>86.10</ele>
	<time>1970-01-01T00:00:00.000Z</time>
</trkpt>
<trkpt lat="47.8249309" lon="1.7063987">
	<ele>86.20</ele>
	<time>1970-01-01T00:00:00.000Z</time>
</trkpt>
<trkpt lat="47.8249658" lon="1.7064924">
	<ele>85.80</ele>
	<time>1970-01-01T00:00:00.000Z</time>
</trkpt>
<trkpt lat="47.8251623" lon="1.7066006">
	<ele>85.20</ele>
	<time>1970-01-01T00:00:00.000Z</time>
</trkpt>
<trkpt lat="47.8254320" lon="1.7068919">
	<ele>85.30</ele>
	<time>1970-01-01T00:00:00.000Z</time>
</trkpt>
<trkpt lat="47.8258296" lon="1.7071229">
	<ele>83.40</ele>
	<time>1970-01-01T00:00:00.000Z</time>
</trkpt>
<trkpt lat="47.8260720" lon="1.7074630">
	<ele>82.90</ele>
	<time>1970-01-01T00:00:00.000Z</time>
</trkpt>
<trkpt lat="47.8261655" lon="1.7078673">
	<ele>86.70</ele>
	<time>1970-01-01T00:00:00.000Z</time>
</trkpt>
<trkpt lat="47.8263067" lon="1.7080885">
	<ele>85.30</ele>
	<time>1970-01-01T00:00:00.000Z</time>
</trkpt>
<trkpt lat="47.8275748" lon="1.7094623">
	<ele>83.60</ele>
	<time>1970-01-01T00:00:00.000Z</time>
</trkpt>
<trkpt lat="47.8280571" lon="1.7101072">
	<ele>83.70</ele>
	<time>1970-01-01T00:00:00.000Z</time>
</trkpt>
<trkpt lat="47.8289780" lon="1.7110937">
	<ele>85.00</ele>
	<time>1970-01-01T00:00:00.000Z</time>
</trkpt>
<trkpt lat="47.8293123" lon="1.7113772">
	<ele>85.10</ele>
	<time>1970-01-01T00:00:00.000Z</time>
</trkpt>
<trkpt lat="47.8301390" lon="1.7124772">
	<ele>84.70</ele>
	<time>1970-01-01T00:00:00.000Z</time>
</trkpt>
<trkpt lat="47.8303827" lon="1.7129513">
	<ele>85.30</ele>
	<time>1970-01-01T00:00:00.000Z</time>
</trkpt>
<trkpt lat="47.8322021" lon="1.7150155">
	<ele>84.20</ele>
	<time>1970-01-01T00:00:00.000Z</time>
</trkpt>
<trkpt lat="47.8324631" lon="1.7152643">
	<ele>84.10</ele>
	<time>1970-01-01T00:00:00.000Z</time>
</trkpt>
<trkpt lat="47.8325003" lon="1.7154575">
	<ele>85.00</ele>
	<time>1970-01-01T00:00:00.000Z</time>
</trkpt>
<trkpt lat="47.8324382" lon="1.7162009">
	<ele>85.10</ele>
	<time>1970-01-01T00:00:00.000Z</time>
</trkpt>
<trkpt lat="47.8325646" lon="1.7166430">
	<ele>83.60</ele>
	<time>1970-01-01T00:00:00.000Z</time>
</trkpt>
<trkpt lat="47.8329527" lon="1.7173166">
	<ele>85.50</ele>
	<time>1970-01-01T00:00:00.000Z</time>
</trkpt>
<trkpt lat="47.8333070" lon="1.7177693">
	<ele>83.50</ele>
	<time>1970-01-01T00:00:00.000Z</time>
</trkpt>
<trkpt lat="47.8341914" lon="1.7190622">
	<ele>84.40</ele>
	<time>1970-01-01T00:00:00.000Z</time>
</trkpt>
<trkpt lat="47.8349901" lon="1.7204972">
	<ele>87.30</ele>
	<time>1970-01-01T00:00:00.000Z</time>
</trkpt>
<trkpt lat="47.8351871" lon="1.7209737">
	<ele>87.40</ele>
	<time>1970-01-01T00:00:00.000Z</time>
</trkpt>
<trkpt lat="47.8355172" lon="1.7220234">
	<ele>88.20</ele>
	<time>1970-01-01T00:00:00.000Z</time>
</trkpt>
<trkpt lat="47.8359851" lon="1.7232434">
	<ele>88.40</ele>
	<time>1970-01-01T00:00:00.000Z</time>
</trkpt>
<trkpt lat="47.8362994" lon="1.7239229">
	<ele>87.90</ele>
	<time>1970-01-01T00:00:00.000Z</time>
</trkpt>
<trkpt lat="47.8366495" lon="1.7244094">
	<ele>88.20</ele>
	<time>1970-01-01T00:00:00.000Z</time>
</trkpt>
<trkpt lat="47.8377909" lon="1.7256599">
	<ele>88.50</ele>
	<time>1970-01-01T00:00:00.000Z</time>
</trkpt>
<trkpt lat="47.8381102" lon="1.7262165">
	<ele>88.80</ele>
	<time>1970-01-01T00:00:00.000Z</time>
</trkpt>
<trkpt lat="47.8390194" lon="1.7284635">
	<ele>88.50</ele>
	<time>1970-01-01T00:00:00.000Z</time>
</trkpt>
<trkpt lat="47.8398593" lon="1.7307219">
	<ele>93.50</ele>
	<time>1970-01-01T00:00:00.000Z</time>
</trkpt>
<trkpt lat="47.8403983" lon="1.7323719">
	<ele>91.80</ele>
	<time>1970-01-01T00:00:00.000Z</time>
</trkpt>
<trkpt lat="47.8405611" lon="1.7330126">
	<ele>90.40</ele>
	<time>1970-01-01T00:00:00.000Z</time>
</trkpt>
<trkpt lat="47.8409735" lon="1.7343692">
	<ele>89.80</ele>
	<time>1970-01-01T00:00:00.000Z</time>
</trkpt>
<trkpt lat="47.8410887" lon="1.7348571">
	<ele>89.50</ele>
	<time>1970-01-01T00:00:00.000Z</time>
</trkpt>
<trkpt lat="47.8414338" lon="1.7366579">
	<ele>87.50</ele>
	<time>1970-01-01T00:00:00.000Z</time>
</trkpt>
<trkpt lat="47.8416632" lon="1.7388144">
	<ele>87.20</ele>
	<time>1970-01-01T00:00:00.000Z</time>
</trkpt>
<trkpt lat="47.8419465" lon="1.7407182">
	<ele>87.70</ele>
	<time>1970-01-01T00:00:00.000Z</time>
</trkpt>
<trkpt lat="47.8419936" lon="1.7412074">
	<ele>88.00</ele>
	<time>1970-01-01T00:00:00.000Z</time>
</trkpt>
<trkpt lat="47.8420264" lon="1.7417969">
	<ele>88.60</ele>
	<time>1970-01-01T00:00:00.000Z</time>
</trkpt>
<trkpt lat="47.8420482" lon="1.7435716">
	<ele>89.00</ele>
	<time>1970-01-01T00:00:00.000Z</time>
</trkpt>
<trkpt lat="47.8421194" lon="1.7447613">
	<ele>87.50</ele>
	<time>1970-01-01T00:00:00.000Z</time>
</trkpt>
<trkpt lat="47.8420590" lon="1.7450904">
	<ele>87.10</ele>
	<time>1970-01-01T00:00:00.000Z</time>
</trkpt>
<trkpt lat="47.8418976" lon="1.7453979">
	<ele>87.30</ele>
	<time>1970-01-01T00:00:00.000Z</time>
</trkpt>
<trkpt lat="47.8418262" lon="1.7457910">
	<ele>87.10</ele>
	<time>1970-01-01T00:00:00.000Z</time>
</trkpt>
<trkpt lat="47.8418381" lon="1.7459833">
	<ele>87.00</ele>
	<time>1970-01-01T00:00:00.000Z</time>
</trkpt>
<trkpt lat="47.8419045" lon="1.7462023">
	<ele>87.10</ele>
	<time>1970-01-01T00:00:00.000Z</time>
</trkpt>
<trkpt lat="47.8421046" lon="1.7465763">
	<ele>87.10</ele>
	<time>1970-01-01T00:00:00.000Z</time>
</trkpt>
<trkpt lat="47.8421705" lon="1.7468366">
	<ele>87.40</ele>
	<time>1970-01-01T00:00:00.000Z</time>
</trkpt>
<trkpt lat="47.8438699" lon="1.7485306">
	<ele>87.70</ele>
	<time>1970-01-01T00:00:00.000Z</time>
</trkpt>
<trkpt lat="47.8462091" lon="1.7505282">
	<ele>87.60</ele>
	<time>1970-01-01T00:00:00.000Z</time>
</trkpt>
<trkpt lat="47.8471704" lon="1.7516008">
	<ele>88.60</ele>
	<time>1970-01-01T00:00:00.000Z</time>
</trkpt>
<trkpt lat="47.8483657" lon="1.7530770">
	<ele>89.50</ele>
	<time>1970-01-01T00:00:00.000Z</time>
</trkpt>
<trkpt lat="47.8500088" lon="1.7556541">
	<ele>89.70</ele>
	<time>1970-01-01T00:00:00.000Z</time>
</trkpt>
<trkpt lat="47.8508571" lon="1.7571374">
	<ele>90.00</ele>
	<time>1970-01-01T00:00:00.000Z</time>
</trkpt>
<trkpt lat="47.8519783" lon="1.7598204">
	<ele>87.30</ele>
	<time>1970-01-01T00:00:00.000Z</time>
</trkpt>
<trkpt lat="47.8526206" lon="1.7611546">
	<ele>87.30</ele>
	<time>1970-01-01T00:00:00.000Z</time>
</trkpt>
<trkpt lat="47.8530210" lon="1.7620869">
	<ele>88.60</ele>
	<time>1970-01-01T00:00:00.000Z</time>
</trkpt>
<trkpt lat="47.8538369" lon="1.7644229">
	<ele>87.90</ele>
	<time>1970-01-01T00:00:00.000Z</time>
</trkpt>
<trkpt lat="47.8550294" lon="1.7676598">
	<ele>89.30</ele>
	<time>1970-01-01T00:00:00.000Z</time>
</trkpt>
<trkpt lat="47.8564639" lon="1.7705537">
	<ele>90.80</ele>
	<time>1970-01-01T00:00:00.000Z</time>
</trkpt>
<trkpt lat="47.8566383" lon="1.7709646">
	<ele>90.10</ele>
	<time>1970-01-01T00:00:00.000Z</time>
</trkpt>
<trkpt lat="47.8567419" lon="1.7713887">
	<ele>89.60</ele>
	<time>1970-01-01T00:00:00.000Z</time>
</trkpt>
<trkpt lat="47.8569368" lon="1.7727283">
	<ele>87.90</ele>
	<time>1970-01-01T00:00:00.000Z</time>
</trkpt>
<trkpt lat="47.8570883" lon="1.7731031">
	<ele>88.00</ele>
	<time>1970-01-01T00:00:00.000Z</time>
</trkpt>
<trkpt lat="47.8575061" lon="1.7737210">
	<ele>88.40</ele>
	<time>1970-01-01T00:00:00.000Z</time>
</trkpt>
<trkpt lat="47.8576018" lon="1.7739218">
	<ele>88.30</ele>
	<time>1970-01-01T00:00:00.000Z</time>
</trkpt>
<trkpt lat="47.8578541" lon="1.7749046">
	<ele>88.50</ele>
	<time>1970-01-01T00:00:00.000Z</time>
</trkpt>
<trkpt lat="47.8580885" lon="1.7755372">
	<ele>88.40</ele>
	<time>1970-01-01T00:00:00.000Z</time>
</trkpt>
<trkpt lat="47.8586585" lon="1.7765953">
	<ele>88.80</ele>
	<time>1970-01-01T00:00:00.000Z</time>
</trkpt>
<trkpt lat="47.8603866" lon="1.7790898">
	<ele>91.80</ele>
	<time>1970-01-01T00:00:00.000Z</time>
</trkpt>
<trkpt lat="47.8611626" lon="1.7803146">
	<ele>90.90</ele>
	<time>1970-01-01T00:00:00.000Z</time>
</trkpt>
<trkpt lat="47.8621321" lon="1.7814573">
	<ele>91.90</ele>
	<time>1970-01-01T00:00:00.000Z</time>
</trkpt>
<trkpt lat="47.8622366" lon="1.7816355">
	<ele>91.90</ele>
	<time>1970-01-01T00:00:00.000Z</time>
</trkpt>
<trkpt lat="47.8624587" lon="1.7822242">
	<ele>91.60</ele>
	<time>1970-01-01T00:00:00.000Z</time>
</trkpt>
<trkpt lat="47.8633989" lon="1.7850492">
	<ele>89.40</ele>
	<time>1970-01-01T00:00:00.000Z</time>
</trkpt>
<trkpt lat="47.8634536" lon="1.7852779">
	<ele>89.50</ele>
	<time>1970-01-01T00:00:00.000Z</time>
</trkpt>
<trkpt lat="47.8634610" lon="1.7855655">
	<ele>89.70</ele>
	<time>1970-01-01T00:00:00.000Z</time>
</trkpt>
<trkpt lat="47.8632320" lon="1.7881428">
	<ele>88.60</ele>
	<time>1970-01-01T00:00:00.000Z</time>
</trkpt>
<trkpt lat="47.8631483" lon="1.7888401">
	<ele>87.90</ele>
	<time>1970-01-01T00:00:00.000Z</time>
</trkpt>
<trkpt lat="47.8629178" lon="1.7902246">
	<ele>89.40</ele>
	<time>1970-01-01T00:00:00.000Z</time>
</trkpt>
<trkpt lat="47.8629200" lon="1.7903948">
	<ele>89.40</ele>
	<time>1970-01-01T00:00:00.000Z</time>
</trkpt>
<trkpt lat="47.8629421" lon="1.7905811">
	<ele>89.60</ele>
	<time>1970-01-01T00:00:00.000Z</time>
</trkpt>
<trkpt lat="47.8631423" lon="1.7912146">
	<ele>89.00</ele>
	<time>1970-01-01T00:00:00.000Z</time>
</trkpt>
<trkpt lat="47.8635555" lon="1.7921012">
	<ele>86.20</ele>
	<time>1970-01-01T00:00:00.000Z</time>
</trkpt>
<trkpt lat="47.8636343" lon="1.7930269">
	<ele>87.80</ele>
	<time>1970-01-01T00:00:00.000Z</time>
</trkpt>
<trkpt lat="47.8637099" lon="1.7952143">
	<ele>87.00</ele>
	<time>1970-01-01T00:00:00.000Z</time>
</trkpt>
<trkpt lat="47.8636689" lon="1.7956900">
	<ele>87.00</ele>
	<time>1970-01-01T00:00:00.000Z</time>
</trkpt>
<trkpt lat="47.8635864" lon="1.7961613">
	<ele>89.50</ele>
	<time>1970-01-01T00:00:00.000Z</time>
</trkpt>
<trkpt lat="47.8633889" lon="1.7970017">
	<ele>87.60</ele>
	<time>1970-01-01T00:00:00.000Z</time>
</trkpt>
<trkpt lat="47.8629928" lon="1.7981450">
	<ele>88.30</ele>
	<time>1970-01-01T00:00:00.000Z</time>
</trkpt>
<trkpt lat="47.8625519" lon="1.7992063">
	<ele>90.50</ele>
	<time>1970-01-01T00:00:00.000Z</time>
</trkpt>
<trkpt lat="47.8623279" lon="1.7998332">
	<ele>90.60</ele>
	<time>1970-01-01T00:00:00.000Z</time>
</trkpt>
<trkpt lat="47.8622272" lon="1.8001979">
	<ele>90.90</ele>
	<time>1970-01-01T00:00:00.000Z</time>
</trkpt>
<trkpt lat="47.8620326" lon="1.8011548">
	<ele>92.90</ele>
	<time>1970-01-01T00:00:00.000Z</time>
</trkpt>
<trkpt lat="47.8619729" lon="1.8017300">
	<ele>92.30</ele>
	<time>1970-01-01T00:00:00.000Z</time>
</trkpt>
<trkpt lat="47.8620378" lon="1.8025362">
	<ele>90.60</ele>
	<time>1970-01-01T00:00:00.000Z</time>
</trkpt>
<trkpt lat="47.8622361" lon="1.8042424">
	<ele>89.50</ele>
	<time>1970-01-01T00:00:00.000Z</time>
</trkpt>
<trkpt lat="47.8629385" lon="1.8069270">
	<ele>91.00</ele>
	<time>1970-01-01T00:00:00.000Z</time>
</trkpt>
<trkpt lat="47.8631010" lon="1.8080285">
	<ele>91.90</ele>
	<time>1970-01-01T00:00:00.000Z</time>
</trkpt>
<trkpt lat="47.8631436" lon="1.8085051">
	<ele>92.60</ele>
	<time>1970-01-01T00:00:00.000Z</time>
</trkpt>
<trkpt lat="47.8631925" lon="1.8110199">
	<ele>92.80</ele>
	<time>1970-01-01T00:00:00.000Z</time>
</trkpt>
<trkpt lat="47.8631425" lon="1.8138202">
	<ele>91.10</ele>
	<time>1970-01-01T00:00:00.000Z</time>
</trkpt>
<trkpt lat="47.8631828" lon="1.8160343">
	<ele>91.30</ele>
	<time>1970-01-01T00:00:00.000Z</time>
</trkpt>
<trkpt lat="47.8632566" lon="1.8174611">
	<ele>90.30</ele>
	<time>1970-01-01T00:00:00.000Z</time>
</trkpt>
<trkpt lat="47.8635982" lon="1.8211612">
	<ele>98.40</ele>
	<time>1970-01-01T00:00:00.000Z</time>
</trkpt>
<trkpt lat="47.8636386" lon="1.8214240">
	<ele>98.80</ele>
	<time>1970-01-01T00:00:00.000Z</time>
</trkpt>
<trkpt lat="47.8638621" lon="1.8222645">
	<ele>101.30</ele>
	<time>1970-01-01T00:00:00.000Z</time>
</trkpt>
<trkpt lat="47.8640153" lon="1.8229939">
	<ele>100.60</ele>
	<time>1970-01-01T00:00:00.000Z</time>
</trkpt>
<trkpt lat="47.8641049" lon="1.8238506">
	<ele>98.20</ele>
	<time>1970-01-01T00:00:00.000Z</time>
</trkpt>
<trkpt lat="47.8641036" lon="1.8242679">
	<ele>97.90</ele>
	<time>1970-01-01T00:00:00.000Z</time>
</trkpt>
<trkpt lat="47.8641403" lon="1.8243273">
	<ele>97.90</ele>
	<time>1970-01-01T00:00:00.000Z</time>
</trkpt>
<trkpt lat="47.8641320" lon="1.8244025">
	<ele>97.90</ele>
	<time>1970-01-01T00:00:00.000Z</time>
</trkpt>
<trkpt lat="47.8642515" lon="1.8246474">
	<ele>98.10</ele>
	<time>1970-01-01T00:00:00.000Z</time>
</trkpt>
<trkpt lat="47.8647469" lon="1.8265799">
	<ele>100.40</ele>
	<time>1970-01-01T00:00:00.000Z</time>
</trkpt>
<trkpt lat="47.8652590" lon="1.8282820">
	<ele>100.70</ele>
	<time>1970-01-01T00:00:00.000Z</time>
</trkpt>
<trkpt lat="47.8654214" lon="1.8287668">
	<ele>100.30</ele>
	<time>1970-01-01T00:00:00.000Z</time>
</trkpt>
<trkpt lat="47.8659396" lon="1.8298212">
	<ele>99.40</ele>
	<time>1970-01-01T00:00:00.000Z</time>
</trkpt>
<trkpt lat="47.8661411" lon="1.8303533">
	<ele>99.10</ele>
	<time>1970-01-01T00:00:00.000Z</time>
</trkpt>
<trkpt lat="47.8667019" lon="1.8323461">
	<ele>100.30</ele>
	<time>1970-01-01T00:00:00.000Z</time>
</trkpt>
<trkpt lat="47.8677911" lon="1.8356341">
	<ele>99.90</ele>
	<time>1970-01-01T00:00:00.000Z</time>
</trkpt>
<trkpt lat="47.8679796" lon="1.8364808">
	<ele>100.00</ele>
	<time>1970-01-01T00:00:00.000Z</time>
</trkpt>
<trkpt lat="47.8680516" lon="1.8370301">
	<ele>100.10</ele>
	<time>1970-01-01T00:00:00.000Z</time>
</trkpt>
<trkpt lat="47.8681064" lon="1.8376464">
	<ele>100.90</ele>
	<time>1970-01-01T00:00:00.000Z</time>
</trkpt>
<trkpt lat="47.8681107" lon="1.8380738">
	<ele>101.50</ele>
	<time>1970-01-01T00:00:00.000Z</time>
</trkpt>
<trkpt lat="47.8689225" lon="1.8399968">
	<ele>99.20</ele>
	<time>1970-01-01T00:00:00.000Z</time>
</trkpt>
<trkpt lat="47.8695115" lon="1.8397580">
	<ele>97.10</ele>
	<time>1970-01-01T00:00:00.000Z</time>
</trkpt>
<trkpt lat="47.8702647" lon="1.8397376">
	<ele>92.60</ele>
	<time>1970-01-01T00:00:00.000Z</time>
</trkpt>
<trkpt lat="47.8718540" lon="1.8399729">
	<ele>89.90</ele>
	<time>1970-01-01T00:00:00.000Z</time>
</trkpt>
<trkpt lat="47.8731108" lon="1.8400165">
	<ele>91.00</ele>
	<time>1970-01-01T00:00:00.000Z</time>
</trkpt>
<trkpt lat="47.8731731" lon="1.8400276">
	<ele>91.00</ele>
	<time>1970-01-01T00:00:00.000Z</time>
</trkpt>
<trkpt lat="47.8732880" lon="1.8401841">
	<ele>91.40</ele>
	<time>1970-01-01T00:00:00.000Z</time>
</trkpt>
<trkpt lat="47.8734665" lon="1.8399445">
	<ele>91.30</ele>
	<time>1970-01-01T00:00:00.000Z</time>
</trkpt>
<trkpt lat="47.8739750" lon="1.8390115">
	<ele>91.70</ele>
	<time>1970-01-01T00:00:00.000Z</time>
</trkpt>
<trkpt lat="47.8748021" lon="1.8382819">
	<ele>92.20</ele>
	<time>1970-01-01T00:00:00.000Z</time>
</trkpt>
<trkpt lat="47.8751050" lon="1.8380557">
	<ele>92.70</ele>
	<time>1970-01-01T00:00:00.000Z</time>
</trkpt>
<trkpt lat="47.8757819" lon="1.8378900">
	<ele>94.00</ele>
	<time>1970-01-01T00:00:00.000Z</time>
</trkpt>
<trkpt lat="47.8767856" lon="1.8374426">
	<ele>93.60</ele>
	<time>1970-01-01T00:00:00.000Z</time>
</trkpt>
<trkpt lat="47.8769840" lon="1.8373913">
	<ele>93.10</ele>
	<time>1970-01-01T00:00:00.000Z</time>
</trkpt>
<trkpt lat="47.8770615" lon="1.8374024">
	<ele>92.60</ele>
	<time>1970-01-01T00:00:00.000Z</time>
</trkpt>
<trkpt lat="47.8771678" lon="1.8374928">
	<ele>92.70</ele>
	<time>1970-01-01T00:00:00.000Z</time>
</trkpt>
<trkpt lat="47.8773995" lon="1.8379052">
	<ele>92.70</ele>
	<time>1970-01-01T00:00:00.000Z</time>
</trkpt>
<trkpt lat="47.8776384" lon="1.8384768">
	<ele>93.00</ele>
	<time>1970-01-01T00:00:00.000Z</time>
</trkpt>
<trkpt lat="47.8778496" lon="1.8387157">
	<ele>93.10</ele>
	<time>1970-01-01T00:00:00.000Z</time>
</trkpt>
<trkpt lat="47.8781913" lon="1.8387845">
	<ele>91.60</ele>
	<time>1970-01-01T00:00:00.000Z</time>
</trkpt>
<trkpt lat="47.8783126" lon="1.8387642">
	<ele>91.30</ele>
	<time>1970-01-01T00:00:00.000Z</time>
</trkpt>
<trkpt lat="47.8784784" lon="1.8386860">
	<ele>91.30</ele>
	<time>1970-01-01T00:00:00.000Z</time>
</trkpt>
<trkpt lat="47.8787625" lon="1.8384327">
	<ele>91.80</ele>
	<time>1970-01-01T00:00:00.000Z</time>
</trkpt>
<trkpt lat="47.8788678" lon="1.8383868">
	<ele>91.90</ele>
	<time>1970-01-01T00:00:00.000Z</time>
</trkpt>
<trkpt lat="47.8790357" lon="1.8384289">
	<ele>91.80</ele>
	<time>1970-01-01T00:00:00.000Z</time>
</trkpt>
<trkpt lat="47.8797849" lon="1.8397355">
	<ele>90.30</ele>
	<time>1970-01-01T00:00:00.000Z</time>
</trkpt>
<trkpt lat="47.8806641" lon="1.8409044">
	<ele>91.20</ele>
	<time>1970-01-01T00:00:00.000Z</time>
</trkpt>
<trkpt lat="47.8810059" lon="1.8416114">
	<ele>90.70</ele>
	<time>1970-01-01T00:00:00.000Z</time>
</trkpt>
<trkpt lat="47.8814512" lon="1.8428678">
	<ele>91.80</ele>
	<time>1970-01-01T00:00:00.000Z</time>
</trkpt>
<trkpt lat="47.8818177" lon="1.8435273">
	<ele>91.50</ele>
	<time>1970-01-01T00:00:00.000Z</time>
</trkpt>
<trkpt lat="47.8819807" lon="1.8437136">
	<ele>91.50</ele>
	<time>1970-01-01T00:00:00.000Z</time>
</trkpt>
<trkpt lat="47.8825163" lon="1.8440861">
	<ele>92.00</ele>
	<time>1970-01-01T00:00:00.000Z</time>
</trkpt>
<trkpt lat="47.8828641" lon="1.8444105">
	<ele>91.40</ele>
	<time>1970-01-01T00:00:00.000Z</time>
</trkpt>
<trkpt lat="47.8832154" lon="1.8448870">
	<ele>90.10</ele>
	<time>1970-01-01T00:00:00.000Z</time>
</trkpt>
<trkpt lat="47.8835487" lon="1.8454600">
	<ele>89.90</ele>
	<time>1970-01-01T00:00:00.000Z</time>
</trkpt>
<trkpt lat="47.8843517" lon="1.8476710">
	<ele>91.00</ele>
	<time>1970-01-01T00:00:00.000Z</time>
</trkpt>
<trkpt lat="47.8853744" lon="1.8498928">
	<ele>91.10</ele>
	<time>1970-01-01T00:00:00.000Z</time>
</trkpt>
<trkpt lat="47.8861125" lon="1.8518306">
	<ele>90.80</ele>
	<time>1970-01-01T00:00:00.000Z</time>
</trkpt>
<trkpt lat="47.8866342" lon="1.8534492">
	<ele>91.20</ele>
	<time>1970-01-01T00:00:00.000Z</time>
</trkpt>
<trkpt lat="47.8869017" lon="1.8544855">
	<ele>90.90</ele>
	<time>1970-01-01T00:00:00.000Z</time>
</trkpt>
<trkpt lat="47.8871385" lon="1.8556984">
	<ele>91.10</ele>
	<time>1970-01-01T00:00:00.000Z</time>
</trkpt>
<trkpt lat="47.8871413" lon="1.8565426">
	<ele>92.30</ele>
	<time>1970-01-01T00:00:00.000Z</time>
</trkpt>
<trkpt lat="47.8872092" lon="1.8571432">
	<ele>93.20</ele>
	<time>1970-01-01T00:00:00.000Z</time>
</trkpt>
<trkpt lat="47.8873115" lon="1.8575654">
	<ele>93.60</ele>
	<time>1970-01-01T00:00:00.000Z</time>
</trkpt>
<trkpt lat="47.8876251" lon="1.8584350">
	<ele>92.60</ele>
	<time>1970-01-01T00:00:00.000Z</time>
</trkpt>
<trkpt lat="47.8882329" lon="1.8599462">
	<ele>92.30</ele>
	<time>1970-01-01T00:00:00.000Z</time>
</trkpt>
<trkpt lat="47.8885171" lon="1.8607631">
	<ele>91.20</ele>
	<time>1970-01-01T00:00:00.000Z</time>
</trkpt>
<trkpt lat="47.8886088" lon="1.8611999">
	<ele>90.90</ele>
	<time>1970-01-01T00:00:00.000Z</time>
</trkpt>
<trkpt lat="47.8886798" lon="1.8617536">
	<ele>91.20</ele>
	<time>1970-01-01T00:00:00.000Z</time>
</trkpt>
<trkpt lat="47.8886249" lon="1.8626741">
	<ele>92.30</ele>
	<time>1970-01-01T00:00:00.000Z</time>
</trkpt>
<trkpt lat="47.8886757" lon="1.8627200">
	<ele>92.30</ele>
	<time>1970-01-01T00:00:00.000Z</time>
</trkpt>
<trkpt lat="47.8886951" lon="1.8628214">
	<ele>92.30</ele>
	<time>1970-01-01T00:00:00.000Z</time>
</trkpt>
<trkpt lat="47.8886660" lon="1.8629289">
	<ele>92.30</ele>
	<time>1970-01-01T00:00:00.000Z</time>
</trkpt>
<trkpt lat="47.8886165" lon="1.8629605">
	<ele>92.30</ele>
	<time>1970-01-01T00:00:00.000Z</time>
</trkpt>
<trkpt lat="47.8887064" lon="1.8631116">
	<ele>92.10</ele>
	<time>1970-01-01T00:00:00.000Z</time>
</trkpt>
<trkpt lat="47.8888433" lon="1.8632074">
	<ele>92.30</ele>
	<time>1970-01-01T00:00:00.000Z</time>
</trkpt>
<trkpt lat="47.8890753" lon="1.8634662">
	<ele>92.00</ele>
	<time>1970-01-01T00:00:00.000Z</time>
</trkpt>
<trkpt lat="47.8891415" lon="1.8636053">
	<ele>92.00</ele>
	<time>1970-01-01T00:00:00.000Z</time>
</trkpt>
<trkpt lat="47.8899213" lon="1.8665245">
	<ele>91.80</ele>
	<time>1970-01-01T00:00:00.000Z</time>
</trkpt>
<trkpt lat="47.8905174" lon="1.8689744">
	<ele>91.50</ele>
	<time>1970-01-01T00:00:00.000Z</time>
</trkpt>
<trkpt lat="47.8908223" lon="1.8695082">
	<ele>91.10</ele>
	<time>1970-01-01T00:00:00.000Z</time>
</trkpt>
<trkpt lat="47.8908973" lon="1.8697262">
	<ele>90.90</ele>
	<time>1970-01-01T00:00:00.000Z</time>
</trkpt>
<trkpt lat="47.8912576" lon="1.8714529">
	<ele>91.30</ele>
	<time>1970-01-01T00:00:00.000Z</time>
</trkpt>
<trkpt lat="47.8916100" lon="1.8727182">
	<ele>93.20</ele>
	<time>1970-01-01T00:00:00.000Z</time>
</trkpt>
<trkpt lat="47.8917254" lon="1.8730180">
	<ele>93.10</ele>
	<time>1970-01-01T00:00:00.000Z</time>
</trkpt>
<trkpt lat="47.8921708" lon="1.8738424">
	<ele>92.60</ele>
	<time>1970-01-01T00:00:00.000Z</time>
</trkpt>
<trkpt lat="47.8926238" lon="1.8748164">
	<ele>91.40</ele>
	<time>1970-01-01T00:00:00.000Z</time>
</trkpt>
<trkpt lat="47.8926378" lon="1.8754015">
	<ele>92.20</ele>
	<time>1970-01-01T00:00:00.000Z</time>
</trkpt>
<trkpt lat="47.8933992" lon="1.8760807">
	<ele>93.50</ele>
	<time>1970-01-01T00:00:00.000Z</time>
</trkpt>
<trkpt lat="47.8978218" lon="1.8763675">
	<ele>101.30</ele>
	<time>1970-01-01T00:00:00.000Z</time>
</trkpt>
<trkpt lat="47.8978120" lon="1.8766338">
	<ele>99.90</ele>
	<time>1970-01-01T00:00:00.000Z</time>
</trkpt>
<trkpt lat="47.8978602" lon="1.8766908">
	<ele>102.30</ele>
	<time>1970-01-01T00:00:00.000Z</time>
</trkpt>
<trkpt lat="47.8978682" lon="1.8768615">
	<ele>101.20</ele>
	<time>1970-01-01T00:00:00.000Z</time>
</trkpt>
<trkpt lat="47.8978284" lon="1.8799540">
	<ele>98.10</ele>
	<time>1970-01-01T00:00:00.000Z</time>
</trkpt>
<trkpt lat="47.8978203" lon="1.8936168">
	<ele>91.70</ele>
	<time>1970-01-01T00:00:00.000Z</time>
</trkpt>
<trkpt lat="47.8978091" lon="1.8939582">
	<ele>91.70</ele>
	<time>1970-01-01T00:00:00.000Z</time>
</trkpt>
<trkpt lat="47.8976132" lon="1.8954211">
	<ele>90.80</ele>
	<time>1970-01-01T00:00:00.000Z</time>
</trkpt>
<trkpt lat="47.8976570" lon="1.8957787">
	<ele>91.70</ele>
	<time>1970-01-01T00:00:00.000Z</time>
</trkpt>
<trkpt lat="47.8977947" lon="1.8964520">
	<ele>94.30</ele>
	<time>1970-01-01T00:00:00.000Z</time>
</trkpt>
<trkpt lat="47.8978116" lon="1.8980441">
	<ele>92.40</ele>
	<time>1970-01-01T00:00:00.000Z</time>
</trkpt>
<trkpt lat="47.8980433" lon="1.9018325">
	<ele>96.80</ele>
	<time>1970-01-01T00:00:00.000Z</time>
</trkpt>
<trkpt lat="47.8980936" lon="1.9023121">
	<ele>97.50</ele>
	<time>1970-01-01T00:00:00.000Z</time>
</trkpt>
<trkpt lat="47.8979724" lon="1.9039877">
	<ele>94.50</ele>
	<time>1970-01-01T00:00:00.000Z</time>
</trkpt>
<trkpt lat="47.8979367" lon="1.9041053">
	<ele>96.60</ele>
	<time>1970-01-01T00:00:00.000Z</time>
</trkpt>
<trkpt lat="47.8979575" lon="1.9043658">
	<ele>93.70</ele>
	<time>1970-01-01T00:00:00.000Z</time>
</trkpt>
<trkpt lat="47.8980054" lon="1.9044427">
	<ele>98.60</ele>
	<time>1970-01-01T00:00:00.000Z</time>
</trkpt>
<trkpt lat="47.8978206" lon="1.9068067">
	<ele>94.70</ele>
	<time>1970-01-01T00:00:00.000Z</time>
</trkpt>
<trkpt lat="47.8978641" lon="1.9092575">
	<ele>97.50</ele>
	<time>1970-01-01T00:00:00.000Z</time>
</trkpt>
<trkpt lat="47.8979824" lon="1.9131875">
	<ele>94.20</ele>
	<time>1970-01-01T00:00:00.000Z</time>
</trkpt>
<trkpt lat="47.8981313" lon="1.9165396">
	<ele>94.60</ele>
	<time>1970-01-01T00:00:00.000Z</time>
</trkpt>
<trkpt lat="47.8988483" lon="1.9206494">
	<ele>96.50</ele>
	<time>1970-01-01T00:00:00.000Z</time>
</trkpt>
<trkpt lat="47.8989774" lon="1.9205884">
	<ele>97.60</ele>
	<time>1970-01-01T00:00:00.000Z</time>
</trkpt>
<trkpt lat="47.8990120" lon="1.9204843">
	<ele>98.60</ele>
	<time>1970-01-01T00:00:00.000Z</time>
</trkpt>
<trkpt lat="47.8991024" lon="1.9204403">
	<ele>99.50</ele>
	<time>1970-01-01T00:00:00.000Z</time>
</trkpt>
<trkpt lat="47.8994719" lon="1.9203368">
	<ele>101.20</ele>
	<time>1970-01-01T00:00:00.000Z</time>
</trkpt>
<trkpt lat="47.8994859" lon="1.9204204">
	<ele>101.20</ele>
	<time>1970-01-01T00:00:00.000Z</time>
</trkpt>
<trkpt lat="47.8992902" lon="1.9205509">
	<ele>99.60</ele>
	<time>1970-01-01T00:00:00.000Z</time>
</trkpt>
<trkpt lat="47.8991231" lon="1.9203493">
	<ele>99.50</ele>
	<time>1970-01-01T00:00:00.000Z</time>
</trkpt>
<trkpt lat="47.8990592" lon="1.9203235">
	<ele>98.60</ele>
	<time>1970-01-01T00:00:00.000Z</time>
</trkpt>
<trkpt lat="47.8936409" lon="1.9220152">
	<ele>99.30</ele>
	<time>1970-01-01T00:00:00.000Z</time>
</trkpt>
<trkpt lat="47.8934361" lon="1.9221582">
	<ele>98.60</ele>
	<time>1970-01-01T00:00:00.000Z</time>
</trkpt>
<trkpt lat="47.8933573" lon="1.9224665">
	<ele>97.70</ele>
	<time>1970-01-01T00:00:00.000Z</time>
</trkpt>
<trkpt lat="47.8933004" lon="1.9224713">
	<ele>97.60</ele>
	<time>1970-01-01T00:00:00.000Z</time>
</trkpt>
<trkpt lat="47.8932315" lon="1.9228702">
	<ele>96.90</ele>
	<time>1970-01-01T00:00:00.000Z</time>
</trkpt>
<trkpt lat="47.8932404" lon="1.9230498">
	<ele>96.40</ele>
	<time>1970-01-01T00:00:00.000Z</time>
</trkpt>
<trkpt lat="47.8934346" lon="1.9230973">
	<ele>96.40</ele>
	<time>1970-01-01T00:00:00.000Z</time>
</trkpt>
<trkpt lat="47.8940838" lon="1.9229015">
	<ele>97.60</ele>
	<time>1970-01-01T00:00:00.000Z</time>
</trkpt>
<trkpt lat="47.8943168" lon="1.9228875">
	<ele>97.00</ele>
	<time>1970-01-01T00:00:00.000Z</time>
</trkpt>
<trkpt lat="47.8943656" lon="1.9228171">
	<ele>97.00</ele>
	<time>1970-01-01T00:00:00.000Z</time>
</trkpt>
<trkpt lat="47.8947369" lon="1.9226662">
	<ele>95.70</ele>
	<time>1970-01-01T00:00:00.000Z</time>
</trkpt>
<trkpt lat="47.8949737" lon="1.9225851">
	<ele>91.70</ele>
	<time>1970-01-01T00:00:00.000Z</time>
</trkpt>
<trkpt lat="47.8950772" lon="1.9225898">
	<ele>91.70</ele>
	<time>1970-01-01T00:00:00.000Z</time>
</trkpt>
<trkpt lat="47.8951569" lon="1.9234137">
	<ele>89.50</ele>
	<time>1970-01-01T00:00:00.000Z</time>
</trkpt>
<trkpt lat="47.8951275" lon="1.9241519">
	<ele>89.40</ele>
	<time>1970-01-01T00:00:00.000Z</time>
</trkpt>
<trkpt lat="47.8950204" lon="1.9253196">
	<ele>91.20</ele>
	<time>1970-01-01T00:00:00.000Z</time>
</trkpt>
<trkpt lat="47.8944153" lon="1.9305111">
	<ele>95.70</ele>
	<time>1970-01-01T00:00:00.000Z</time>
</trkpt>
<trkpt lat="47.8944432" lon="1.9305908">
	<ele>95.70</ele>
	<time>1970-01-01T00:00:00.000Z</time>
</trkpt>
<trkpt lat="47.8952062" lon="1.9313463">
	<ele>96.90</ele>
	<time>1970-01-01T00:00:00.000Z</time>
</trkpt>
<trkpt lat="47.8955933" lon="1.9309507">
	<ele>96.60</ele>
	<time>1970-01-01T00:00:00.000Z</time>
</trkpt>
<trkpt lat="47.8954745" lon="1.9306960">
	<ele>94.70</ele>
	<time>1970-01-01T00:00:00.000Z</time>
</trkpt>
<trkpt lat="47.8954547" lon="1.9305913">
	<ele>94.70</ele>
	<time>1970-01-01T00:00:00.000Z</time>
</trkpt>
<trkpt lat="47.8954743" lon="1.9304833">
	<ele>94.70</ele>
	<time>1970-01-01T00:00:00.000Z</time>
</trkpt>
<trkpt lat="47.8958937" lon="1.9301777">
	<ele>94.70</ele>
	<time>1970-01-01T00:00:00.000Z</time>
</trkpt>
<trkpt lat="47.8961112" lon="1.9298546">
	<ele>94.50</ele>
	<time>1970-01-01T00:00:00.000Z</time>
</trkpt>
<trkpt lat="47.8961321" lon="1.9294767">
	<ele>92.10</ele>
	<time>1970-01-01T00:00:00.000Z</time>
</trkpt>
<trkpt lat="47.8960914" lon="1.9291912">
	<ele>91.70</ele>
	<time>1970-01-01T00:00:00.000Z</time>
</trkpt>
<trkpt lat="47.8961117" lon="1.9290787">
	<ele>90.90</ele>
	<time>1970-01-01T00:00:00.000Z</time>
</trkpt>
<trkpt lat="47.8965440" lon="1.9286521">
	<ele>89.50</ele>
	<time>1970-01-01T00:00:00.000Z</time>
</trkpt>
<trkpt lat="47.8967998" lon="1.9290593">
	<ele>89.50</ele>
	<time>1970-01-01T00:00:00.000Z</time>
</trkpt>
<trkpt lat="47.8970700" lon="1.9296626">
	<ele>90.70</ele>
	<time>1970-01-01T00:00:00.000Z</time>
</trkpt>
<trkpt lat="47.8972894" lon="1.9304411">
	<ele>89.00</ele>
	<time>1970-01-01T00:00:00.000Z</time>
</trkpt>
<trkpt lat="47.8976587" lon="1.9319635">
	<ele>89.30</ele>
	<time>1970-01-01T00:00:00.000Z</time>
</trkpt>
<trkpt lat="47.8978575" lon="1.9325324">
	<ele>90.20</ele>
	<time>1970-01-01T00:00:00.000Z</time>
</trkpt>
<trkpt lat="47.8980250" lon="1.9332410">
	<ele>90.00</ele>
	<time>1970-01-01T00:00:00.000Z</time>
</trkpt>
<trkpt lat="47.8981517" lon="1.9335235">
	<ele>90.00</ele>
	<time>1970-01-01T00:00:00.000Z</time>
</trkpt>
<trkpt lat="47.8982392" lon="1.9338257">
	<ele>90.00</ele>
	<time>1970-01-01T00:00:00.000Z</time>
</trkpt>
<trkpt lat="47.8982719" lon="1.9343682">
	<ele>90.00</ele>
	<time>1970-01-01T00:00:00.000Z</time>
</trkpt>
<trkpt lat="47.8982495" lon="1.9349590">
	<ele>90.00</ele>
	<time>1970-01-01T00:00:00.000Z</time>
</trkpt>
<trkpt lat="47.8983226" lon="1.9359830">
	<ele>92.40</ele>
	<time>1970-01-01T00:00:00.000Z</time>
</trkpt>
<trkpt lat="47.8982713" lon="1.9361832">
	<ele>92.10</ele>
	<time>1970-01-01T00:00:00.000Z</time>
</trkpt>
<trkpt lat="47.8985895" lon="1.9377323">
	<ele>92.70</ele>
	<time>1970-01-01T00:00:00.000Z</time>
</trkpt>
<trkpt lat="47.8990342" lon="1.9392275">
	<ele>94.10</ele>
	<time>1970-01-01T00:00:00.000Z</time>
</trkpt>
<trkpt lat="47.8992653" lon="1.9398950">
	<ele>92.60</ele>
	<time>1970-01-01T00:00:00.000Z</time>
</trkpt>
<trkpt lat="47.8995397" lon="1.9405826">
	<ele>91.90</ele>
	<time>1970-01-01T00:00:00.000Z</time>
</trkpt>
<trkpt lat="47.9001179" lon="1.9418227">
	<ele>91.30</ele>
	<time>1970-01-01T00:00:00.000Z</time>
</trkpt>
<trkpt lat="47.9003139" lon="1.9425094">
	<ele>90.10</ele>
	<time>1970-01-01T00:00:00.000Z</time>
</trkpt>
<trkpt lat="47.9004109" lon="1.9436867">
	<ele>90.00</ele>
	<time>1970-01-01T00:00:00.000Z</time>
</trkpt>
<trkpt lat="47.9007677" lon="1.9454287">
	<ele>90.00</ele>
	<time>1970-01-01T00:00:00.000Z</time>
</trkpt>
<trkpt lat="47.9008499" lon="1.9462720">
	<ele>90.00</ele>
	<time>1970-01-01T00:00:00.000Z</time>
</trkpt>
<trkpt lat="47.9011802" lon="1.9485595">
	<ele>90.00</ele>
	<time>1970-01-01T00:00:00.000Z</time>
</trkpt>
<trkpt lat="47.9012102" lon="1.9497996">
	<ele>90.00</ele>
	<time>1970-01-01T00:00:00.000Z</time>
</trkpt>
<trkpt lat="47.9013089" lon="1.9513878">
	<ele>90.10</ele>
	<time>1970-01-01T00:00:00.000Z</time>
</trkpt>
<trkpt lat="47.9013362" lon="1.9535366">
	<ele>91.80</ele>
	<time>1970-01-01T00:00:00.000Z</time>
</trkpt>
<trkpt lat="47.9012442" lon="1.9539176">
	<ele>91.90</ele>
	<time>1970-01-01T00:00:00.000Z</time>
</trkpt>
<trkpt lat="47.9011188" lon="1.9542232">
	<ele>91.80</ele>
	<time>1970-01-01T00:00:00.000Z</time>
</trkpt>
<trkpt lat="47.9006861" lon="1.9547786">
	<ele>97.80</ele>
	<time>1970-01-01T00:00:00.000Z</time>
</trkpt>
<trkpt lat="47.9005593" lon="1.9551172">
	<ele>97.00</ele>
	<time>1970-01-01T00:00:00.000Z</time>
</trkpt>
<trkpt lat="47.9006518" lon="1.9555233">
	<ele>92.20</ele>
	<time>1970-01-01T00:00:00.000Z</time>
</trkpt>
<trkpt lat="47.9006634" lon="1.9557592">
	<ele>92.20</ele>
	<time>1970-01-01T00:00:00.000Z</time>
</trkpt>
<trkpt lat="47.9005316" lon="1.9561982">
	<ele>90.90</ele>
	<time>1970-01-01T00:00:00.000Z</time>
</trkpt>
<trkpt lat="47.9003968" lon="1.9569607">
	<ele>90.70</ele>
	<time>1970-01-01T00:00:00.000Z</time>
</trkpt>
<trkpt lat="47.9001876" lon="1.9578762">
	<ele>93.20</ele>
	<time>1970-01-01T00:00:00.000Z</time>
</trkpt>
<trkpt lat="47.9001082" lon="1.9580842">
	<ele>95.80</ele>
	<time>1970-01-01T00:00:00.000Z</time>
</trkpt>
<trkpt lat="47.9000177" lon="1.9582144">
	<ele>95.80</ele>
	<time>1970-01-01T00:00:00.000Z</time>
</trkpt>
<trkpt lat="47.8999466" lon="1.9587611">
	<ele>92.50</ele>
	<time>1970-01-01T00:00:00.000Z</time>
</trkpt>
<trkpt lat="47.8998753" lon="1.9590002">
	<ele>92.50</ele>
	<time>1970-01-01T00:00:00.000Z</time>
</trkpt>
<trkpt lat="47.8998714" lon="1.9591404">
	<ele>90.60</ele>
	<time>1970-01-01T00:00:00.000Z</time>
</trkpt>
<trkpt lat="47.8997313" lon="1.9597961">
	<ele>90.20</ele>
	<time>1970-01-01T00:00:00.000Z</time>
</trkpt>
<trkpt lat="47.8997560" lon="1.9600654">
	<ele>90.10</ele>
	<time>1970-01-01T00:00:00.000Z</time>
</trkpt>
<trkpt lat="47.8996625" lon="1.9611714">
	<ele>90.10</ele>
	<time>1970-01-01T00:00:00.000Z</time>
</trkpt>
<trkpt lat="47.8995528" lon="1.9614235">
	<ele>91.30</ele>
	<time>1970-01-01T00:00:00.000Z</time>
</trkpt>
<trkpt lat="47.8996083" lon="1.9622855">
	<ele>90.80</ele>
	<time>1970-01-01T00:00:00.000Z</time>
</trkpt>
<trkpt lat="47.8995774" lon="1.9629499">
	<ele>91.00</ele>
	<time>1970-01-01T00:00:00.000Z</time>
</trkpt>
<trkpt lat="47.8995316" lon="1.9632731">
	<ele>91.10</ele>
	<time>1970-01-01T00:00:00.000Z</time>
</trkpt>
<trkpt lat="47.8995301" lon="1.9636225">
	<ele>91.30</ele>
	<time>1970-01-01T00:00:00.000Z</time>
</trkpt>
<trkpt lat="47.8994487" lon="1.9639309">
	<ele>93.80</ele>
	<time>1970-01-01T00:00:00.000Z</time>
</trkpt>
<trkpt lat="47.8993198" lon="1.9641635">
	<ele>93.90</ele>
	<time>1970-01-01T00:00:00.000Z</time>
</trkpt>
<trkpt lat="47.8992892" lon="1.9644757">
	<ele>94.00</ele>
	<time>1970-01-01T00:00:00.000Z</time>
</trkpt>
<trkpt lat="47.8993139" lon="1.9648401">
	<ele>94.10</ele>
	<time>1970-01-01T00:00:00.000Z</time>
</trkpt>
<trkpt lat="47.8994449" lon="1.9653757">
	<ele>94.10</ele>
	<time>1970-01-01T00:00:00.000Z</time>
</trkpt>
<trkpt lat="47.8995036" lon="1.9666281">
	<ele>93.30</ele>
	<time>1970-01-01T00:00:00.000Z</time>
</trkpt>
<trkpt lat="47.8995415" lon="1.9686896">
	<ele>92.90</ele>
	<time>1970-01-01T00:00:00.000Z</time>
</trkpt>
<trkpt lat="47.8994906" lon="1.9696025">
	<ele>94.10</ele>
	<time>1970-01-01T00:00:00.000Z</time>
</trkpt>
<trkpt lat="47.8994000" lon="1.9701728">
	<ele>91.70</ele>
	<time>1970-01-01T00:00:00.000Z</time>
</trkpt>
<trkpt lat="47.8993891" lon="1.9707511">
	<ele>92.60</ele>
	<time>1970-01-01T00:00:00.000Z</time>
</trkpt>
<trkpt lat="47.8993391" lon="1.9712260">
	<ele>93.00</ele>
	<time>1970-01-01T00:00:00.000Z</time>
</trkpt>
<trkpt lat="47.8991844" lon="1.9721196">
	<ele>94.90</ele>
	<time>1970-01-01T00:00:00.000Z</time>
</trkpt>
<trkpt lat="47.8990740" lon="1.9722497">
	<ele>94.50</ele>
	<time>1970-01-01T00:00:00.000Z</time>
</trkpt>
<trkpt lat="47.8989664" lon="1.9722875">
	<ele>94.50</ele>
	<time>1970-01-01T00:00:00.000Z</time>
</trkpt>
<trkpt lat="47.8968376" lon="1.9716438">
	<ele>92.40</ele>
	<time>1970-01-01T00:00:00.000Z</time>
</trkpt>
<trkpt lat="47.8965801" lon="1.9715312">
	<ele>92.90</ele>
	<time>1970-01-01T00:00:00.000Z</time>
</trkpt>
<trkpt lat="47.8957991" lon="1.9714511">
	<ele>95.20</ele>
	<time>1970-01-01T00:00:00.000Z</time>
</trkpt>
<trkpt lat="47.8950131" lon="1.9712323">
	<ele>95.90</ele>
	<time>1970-01-01T00:00:00.000Z</time>
</trkpt>
<trkpt lat="47.8948521" lon="1.9710642">
	<ele>95.90</ele>
	<time>1970-01-01T00:00:00.000Z</time>
</trkpt>
<trkpt lat="47.8946681" lon="1.9711024">
	<ele>95.80</ele>
	<time>1970-01-01T00:00:00.000Z</time>
</trkpt>
<trkpt lat="47.8946877" lon="1.9712771">
	<ele>95.70</ele>
	<time>1970-01-01T00:00:00.000Z</time>
</trkpt>
<trkpt lat="47.8946567" lon="1.9714291">
	<ele>95.40</ele>
	<time>1970-01-01T00:00:00.000Z</time>
</trkpt>
<trkpt lat="47.8939109" lon="1.9732193">
	<ele>94.80</ele>
	<time>1970-01-01T00:00:00.000Z</time>
</trkpt>
<trkpt lat="47.8937948" lon="1.9734360">
	<ele>94.30</ele>
	<time>1970-01-01T00:00:00.000Z</time>
</trkpt>
<trkpt lat="47.8929176" lon="1.9742972">
	<ele>94.90</ele>
	<time>1970-01-01T00:00:00.000Z</time>
</trkpt>
<trkpt lat="47.8922763" lon="1.9752611">
	<ele>96.60</ele>
	<time>1970-01-01T00:00:00.000Z</time>
</trkpt>
<trkpt lat="47.8917177" lon="1.9758219">
	<ele>95.50</ele>
	<time>1970-01-01T00:00:00.000Z</time>
</trkpt>
<trkpt lat="47.8913818" lon="1.9762166">
	<ele>95.00</ele>
	<time>1970-01-01T00:00:00.000Z</time>
</trkpt>
<trkpt lat="47.8911483" lon="1.9765756">
	<ele>94.70</ele>
	<time>1970-01-01T00:00:00.000Z</time>
</trkpt>
<trkpt lat="47.8898631" lon="1.9788658">
	<ele>95.90</ele>
	<time>1970-01-01T00:00:00.000Z</time>
</trkpt>
<trkpt lat="47.8889434" lon="1.9804278">
	<ele>97.80</ele>
	<time>1970-01-01T00:00:00.000Z</time>
</trkpt>
<trkpt lat="47.8887382" lon="1.9808504">
	<ele>97.30</ele>
	<time>1970-01-01T00:00:00.000Z</time>
</trkpt>
<trkpt lat="47.8884340" lon="1.9817824">
	<ele>98.60</ele>
	<time>1970-01-01T00:00:00.000Z</time>
</trkpt>
<trkpt lat="47.8882792" lon="1.9826124">
	<ele>97.60</ele>
	<time>1970-01-01T00:00:00.000Z</time>
</trkpt>
<trkpt lat="47.8882345" lon="1.9834831">
	<ele>96.30</ele>
	<time>1970-01-01T00:00:00.000Z</time>
</trkpt>
<trkpt lat="47.8883285" lon="1.9844608">
	<ele>97.50</ele>
	<time>1970-01-01T00:00:00.000Z</time>
</trkpt>
<trkpt lat="47.8885395" lon="1.9855447">
	<ele>97.80</ele>
	<time>1970-01-01T00:00:00.000Z</time>
</trkpt>
<trkpt lat="47.8886725" lon="1.9859449">
	<ele>97.80</ele>
	<time>1970-01-01T00:00:00.000Z</time>
</trkpt>
<trkpt lat="47.8889388" lon="1.9865488">
	<ele>97.80</ele>
	<time>1970-01-01T00:00:00.000Z</time>
</trkpt>
<trkpt lat="47.8890351" lon="1.9868721">
	<ele>98.20</ele>
	<time>1970-01-01T00:00:00.000Z</time>
</trkpt>
<trkpt lat="47.8890321" lon="1.9873563">
	<ele>97.70</ele>
	<time>1970-01-01T00:00:00.000Z</time>
</trkpt>
<trkpt lat="47.8889131" lon="1.9881655">
	<ele>97.10</ele>
	<time>1970-01-01T00:00:00.000Z</time>
</trkpt>
<trkpt lat="47.8889507" lon="1.9885638">
	<ele>97.40</ele>
	<time>1970-01-01T00:00:00.000Z</time>
</trkpt>
<trkpt lat="47.8890589" lon="1.9890916">
	<ele>98.70</ele>
	<time>1970-01-01T00:00:00.000Z</time>
</trkpt>
<trkpt lat="47.8892757" lon="1.9897218">
	<ele>99.20</ele>
	<time>1970-01-01T00:00:00.000Z</time>
</trkpt>
<trkpt lat="47.8894962" lon="1.9902475">
	<ele>98.20</ele>
	<time>1970-01-01T00:00:00.000Z</time>
</trkpt>
<trkpt lat="47.8896225" lon="1.9904883">
	<ele>97.80</ele>
	<time>1970-01-01T00:00:00.000Z</time>
</trkpt>
<trkpt lat="47.8901767" lon="1.9912916">
	<ele>97.90</ele>
	<time>1970-01-01T00:00:00.000Z</time>
</trkpt>
<trkpt lat="47.8903435" lon="1.9916417">
	<ele>98.30</ele>
	<time>1970-01-01T00:00:00.000Z</time>
</trkpt>
<trkpt lat="47.8904006" lon="1.9918488">
	<ele>98.30</ele>
	<time>1970-01-01T00:00:00.000Z</time>
</trkpt>
<trkpt lat="47.8904895" lon="1.9926053">
	<ele>98.70</ele>
	<time>1970-01-01T00:00:00.000Z</time>
</trkpt>
<trkpt lat="47.8905736" lon="1.9938104">
	<ele>92.10</ele>
	<time>1970-01-01T00:00:00.000Z</time>
</trkpt>
<trkpt lat="47.8905572" lon="1.9940022">
	<ele>92.10</ele>
	<time>1970-01-01T00:00:00.000Z</time>
</trkpt>
<trkpt lat="47.8899995" lon="1.9947716">
	<ele>93.30</ele>
	<time>1970-01-01T00:00:00.000Z</time>
</trkpt>
<trkpt lat="47.8892053" lon="1.9956766">
	<ele>92.00</ele>
	<time>1970-01-01T00:00:00.000Z</time>
</trkpt>
<trkpt lat="47.8872827" lon="1.9980878">
	<ele>91.90</ele>
	<time>1970-01-01T00:00:00.000Z</time>
</trkpt>
<trkpt lat="47.8868343" lon="1.9989060">
	<ele>92.70</ele>
	<time>1970-01-01T00:00:00.000Z</time>
</trkpt>
<trkpt lat="47.8863624" lon="1.9999277">
	<ele>92.10</ele>
	<time>1970-01-01T00:00:00.000Z</time>
</trkpt>
<trkpt lat="47.8857218" lon="2.0015402">
	<ele>91.90</ele>
	<time>1970-01-01T00:00:00.000Z</time>
</trkpt>
<trkpt lat="47.8855103" lon="2.0021836">
	<ele>93.10</ele>
	<time>1970-01-01T00:00:00.000Z</time>
</trkpt>
<trkpt lat="47.8851367" lon="2.0035555">
	<ele>94.10</ele>
	<time>1970-01-01T00:00:00.000Z</time>
</trkpt>
<trkpt lat="47.8844252" lon="2.0066854">
	<ele>94.00</ele>
	<time>1970-01-01T00:00:00.000Z</time>
</trkpt>
<trkpt lat="47.8841885" lon="2.0078483">
	<ele>95.40</ele>
	<time>1970-01-01T00:00:00.000Z</time>
</trkpt>
<trkpt lat="47.8840390" lon="2.0086888">
	<ele>95.50</ele>
	<time>1970-01-01T00:00:00.000Z</time>
</trkpt>
<trkpt lat="47.8839697" lon="2.0093444">
	<ele>94.80</ele>
	<time>1970-01-01T00:00:00.000Z</time>
</trkpt>
<trkpt lat="47.8839162" lon="2.0095982">
	<ele>94.50</ele>
	<time>1970-01-01T00:00:00.000Z</time>
</trkpt>
<trkpt lat="47.8835102" lon="2.0109827">
	<ele>95.60</ele>
	<time>1970-01-01T00:00:00.000Z</time>
</trkpt>
<trkpt lat="47.8832483" lon="2.0115267">
	<ele>95.70</ele>
	<time>1970-01-01T00:00:00.000Z</time>
</trkpt>
<trkpt lat="47.8830722" lon="2.0119795">
	<ele>95.00</ele>
	<time>1970-01-01T00:00:00.000Z</time>
</trkpt>
<trkpt lat="47.8824925" lon="2.0138969">
	<ele>96.20</ele>
	<time>1970-01-01T00:00:00.000Z</time>
</trkpt>
<trkpt lat="47.8822704" lon="2.0144525">
	<ele>95.90</ele>
	<time>1970-01-01T00:00:00.000Z</time>
</trkpt>
<trkpt lat="47.8815429" lon="2.0160419">
	<ele>96.40</ele>
	<time>1970-01-01T00:00:00.000Z</time>
</trkpt>
<trkpt lat="47.8805918" lon="2.0177870">
	<ele>94.80</ele>
	<time>1970-01-01T00:00:00.000Z</time>
</trkpt>
<trkpt lat="47.8796436" lon="2.0192576">
	<ele>96.20</ele>
	<time>1970-01-01T00:00:00.000Z</time>
</trkpt>
<trkpt lat="47.8795162" lon="2.0195088">
	<ele>96.80</ele>
	<time>1970-01-01T00:00:00.000Z</time>
</trkpt>
<trkpt lat="47.8792632" lon="2.0202599">
	<ele>96.90</ele>
	<time>1970-01-01T00:00:00.000Z</time>
</trkpt>
<trkpt lat="47.8791026" lon="2.0206362">
	<ele>97.00</ele>
	<time>1970-01-01T00:00:00.000Z</time>
</trkpt>
<trkpt lat="47.8782847" lon="2.0220693">
	<ele>99.20</ele>
	<time>1970-01-01T00:00:00.000Z</time>
</trkpt>
<trkpt lat="47.8773071" lon="2.0232460">
	<ele>100.10</ele>
	<time>1970-01-01T00:00:00.000Z</time>
</trkpt>
<trkpt lat="47.8771116" lon="2.0234367">
	<ele>99.40</ele>
	<time>1970-01-01T00:00:00.000Z</time>
</trkpt>
<trkpt lat="47.8769226" lon="2.0235501">
	<ele>99.30</ele>
	<time>1970-01-01T00:00:00.000Z</time>
</trkpt>
<trkpt lat="47.8758343" lon="2.0238591">
	<ele>98.40</ele>
	<time>1970-01-01T00:00:00.000Z</time>
</trkpt>
<trkpt lat="47.8724003" lon="2.0252289">
	<ele>97.00</ele>
	<time>1970-01-01T00:00:00.000Z</time>
</trkpt>
<trkpt lat="47.8687903" lon="2.0265431">
	<ele>100.80</ele>
	<time>1970-01-01T00:00:00.000Z</time>
</trkpt>
<trkpt lat="47.8647589" lon="2.0282541">
	<ele>96.30</ele>
	<time>1970-01-01T00:00:00.000Z</time>
</trkpt>
<trkpt lat="47.8636182" lon="2.0285455">
	<ele>97.30</ele>
	<time>1970-01-01T00:00:00.000Z</time>
</trkpt>
<trkpt lat="47.8628953" lon="2.0288596">
	<ele>91.00</ele>
	<time>1970-01-01T00:00:00.000Z</time>
</trkpt>
<trkpt lat="47.8620918" lon="2.0293168">
	<ele>91.80</ele>
	<time>1970-01-01T00:00:00.000Z</time>
</trkpt>
<trkpt lat="47.8617770" lon="2.0294498">
	<ele>91.80</ele>
	<time>1970-01-01T00:00:00.000Z</time>
</trkpt>
<trkpt lat="47.8595298" lon="2.0302555">
	<ele>92.80</ele>
	<time>1970-01-01T00:00:00.000Z</time>
</trkpt>
<trkpt lat="47.8586707" lon="2.0305240">
	<ele>91.50</ele>
	<time>1970-01-01T00:00:00.000Z</time>
</trkpt>
<trkpt lat="47.8581043" lon="2.0308128">
	<ele>93.00</ele>
	<time>1970-01-01T00:00:00.000Z</time>
</trkpt>
<trkpt lat="47.8576425" lon="2.0311341">
	<ele>93.50</ele>
	<time>1970-01-01T00:00:00.000Z</time>
</trkpt>
<trkpt lat="47.8570034" lon="2.0317689">
	<ele>92.90</ele>
	<time>1970-01-01T00:00:00.000Z</time>
</trkpt>
<trkpt lat="47.8560165" lon="2.0324969">
	<ele>93.50</ele>
	<time>1970-01-01T00:00:00.000Z</time>
</trkpt>
<trkpt lat="47.8556349" lon="2.0328248">
	<ele>94.40</ele>
	<time>1970-01-01T00:00:00.000Z</time>
</trkpt>
<trkpt lat="47.8552331" lon="2.0332081">
	<ele>93.80</ele>
	<time>1970-01-01T00:00:00.000Z</time>
</trkpt>
<trkpt lat="47.8547507" lon="2.0338772">
	<ele>95.00</ele>
	<time>1970-01-01T00:00:00.000Z</time>
</trkpt>
<trkpt lat="47.8540035" lon="2.0353780">
	<ele>94.50</ele>
	<time>1970-01-01T00:00:00.000Z</time>
</trkpt>
<trkpt lat="47.8538556" lon="2.0357847">
	<ele>94.50</ele>
	<time>1970-01-01T00:00:00.000Z</time>
</trkpt>
<trkpt lat="47.8529470" lon="2.0387028">
	<ele>94.80</ele>
	<time>1970-01-01T00:00:00.000Z</time>
</trkpt>
<trkpt lat="47.8528294" lon="2.0391663">
	<ele>95.50</ele>
	<time>1970-01-01T00:00:00.000Z</time>
</trkpt>
<trkpt lat="47.8527501" lon="2.0419008">
	<ele>93.80</ele>
	<time>1970-01-01T00:00:00.000Z</time>
</trkpt>
<trkpt lat="47.8528242" lon="2.0433678">
	<ele>94.10</ele>
	<time>1970-01-01T00:00:00.000Z</time>
</trkpt>
<trkpt lat="47.8533516" lon="2.0470307">
	<ele>96.00</ele>
	<time>1970-01-01T00:00:00.000Z</time>
</trkpt>
<trkpt lat="47.8535027" lon="2.0485577">
	<ele>97.30</ele>
	<time>1970-01-01T00:00:00.000Z</time>
</trkpt>
<trkpt lat="47.8536109" lon="2.0492550">
	<ele>96.60</ele>
	<time>1970-01-01T00:00:00.000Z</time>
</trkpt>
<trkpt lat="47.8539832" lon="2.0509991">
	<ele>97.80</ele>
	<time>1970-01-01T00:00:00.000Z</time>
</trkpt>
<trkpt lat="47.8543369" lon="2.0521052">
	<ele>97.50</ele>
	<time>1970-01-01T00:00:00.000Z</time>
</trkpt>
<trkpt lat="47.8544414" lon="2.0526662">
	<ele>97.90</ele>
	<time>1970-01-01T00:00:00.000Z</time>
</trkpt>
<trkpt lat="47.8547664" lon="2.0590673">
	<ele>98.90</ele>
	<time>1970-01-01T00:00:00.000Z</time>
</trkpt>
<trkpt lat="47.8548929" lon="2.0599063">
	<ele>99.10</ele>
	<time>1970-01-01T00:00:00.000Z</time>
</trkpt>
<trkpt lat="47.8551098" lon="2.0605765">
	<ele>98.80</ele>
	<time>1970-01-01T00:00:00.000Z</time>
</trkpt>
<trkpt lat="47.8557768" lon="2.0620544">
	<ele>99.40</ele>
	<time>1970-01-01T00:00:00.000Z</time>
</trkpt>
<trkpt lat="47.8560226" lon="2.0626741">
	<ele>98.70</ele>
	<time>1970-01-01T00:00:00.000Z</time>
</trkpt>
<trkpt lat="47.8569961" lon="2.0658391">
	<ele>100.20</ele>
	<time>1970-01-01T00:00:00.000Z</time>
</trkpt>
<trkpt lat="47.8572159" lon="2.0664478">
	<ele>100.60</ele>
	<time>1970-01-01T00:00:00.000Z</time>
</trkpt>
<trkpt lat="47.8583631" lon="2.0690865">
	<ele>98.40</ele>
	<time>1970-01-01T00:00:00.000Z</time>
</trkpt>
<trkpt lat="47.8585006" lon="2.0693099">
	<ele>98.20</ele>
	<time>1970-01-01T00:00:00.000Z</time>
</trkpt>
<trkpt lat="47.8590184" lon="2.0699091">
	<ele>98.40</ele>
	<time>1970-01-01T00:00:00.000Z</time>
</trkpt>
<trkpt lat="47.8594398" lon="2.0706147">
	<ele>98.90</ele>
	<time>1970-01-01T00:00:00.000Z</time>
</trkpt>
<trkpt lat="47.8595599" lon="2.0708923">
	<ele>99.10</ele>
	<time>1970-01-01T00:00:00.000Z</time>
</trkpt>
<trkpt lat="47.8598090" lon="2.0716622">
	<ele>99.20</ele>
	<time>1970-01-01T00:00:00.000Z</time>
</trkpt>
<trkpt lat="47.8606287" lon="2.0745970">
	<ele>99.00</ele>
	<time>1970-01-01T00:00:00.000Z</time>
</trkpt>
<trkpt lat="47.8608314" lon="2.0751764">
	<ele>98.70</ele>
	<time>1970-01-01T00:00:00.000Z</time>
</trkpt>
<trkpt lat="47.8610715" lon="2.0756216">
	<ele>98.70</ele>
	<time>1970-01-01T00:00:00.000Z</time>
</trkpt>
<trkpt lat="47.8620909" lon="2.0769532">
	<ele>99.40</ele>
	<time>1970-01-01T00:00:00.000Z</time>
</trkpt>
<trkpt lat="47.8622323" lon="2.0771843">
	<ele>99.50</ele>
	<time>1970-01-01T00:00:00.000Z</time>
</trkpt>
<trkpt lat="47.8629304" lon="2.0787350">
	<ele>99.20</ele>
	<time>1970-01-01T00:00:00.000Z</time>
</trkpt>
<trkpt lat="47.8634781" lon="2.0798382">
	<ele>99.90</ele>
	<time>1970-01-01T00:00:00.000Z</time>
</trkpt>
<trkpt lat="47.8640434" lon="2.0808733">
	<ele>100.00</ele>
	<time>1970-01-01T00:00:00.000Z</time>
</trkpt>
<trkpt lat="47.8644352" lon="2.0816937">
	<ele>98.90</ele>
	<time>1970-01-01T00:00:00.000Z</time>
</trkpt>
<trkpt lat="47.8647135" lon="2.0824398">
	<ele>98.40</ele>
	<time>1970-01-01T00:00:00.000Z</time>
</trkpt>
<trkpt lat="47.8650529" lon="2.0837151">
	<ele>98.50</ele>
	<time>1970-01-01T00:00:00.000Z</time>
</trkpt>
<trkpt lat="47.8654119" lon="2.0848635">
	<ele>99.30</ele>
	<time>1970-01-01T00:00:00.000Z</time>
</trkpt>
<trkpt lat="47.8668924" lon="2.0881897">
	<ele>99.10</ele>
	<time>1970-01-01T00:00:00.000Z</time>
</trkpt>
<trkpt lat="47.8675511" lon="2.0899068">
	<ele>99.40</ele>
	<time>1970-01-01T00:00:00.000Z</time>
</trkpt>
<trkpt lat="47.8677882" lon="2.0906599">
	<ele>99.10</ele>
	<time>1970-01-01T00:00:00.000Z</time>
</trkpt>
<trkpt lat="47.8680832" lon="2.0916765">
	<ele>99.30</ele>
	<time>1970-01-01T00:00:00.000Z</time>
</trkpt>
<trkpt lat="47.8684202" lon="2.0938256">
	<ele>99.80</ele>
	<time>1970-01-01T00:00:00.000Z</time>
</trkpt>
<trkpt lat="47.8688119" lon="2.0958759">
	<ele>99.30</ele>
	<time>1970-01-01T00:00:00.000Z</time>
</trkpt>
<trkpt lat="47.8693262" lon="2.1009147">
	<ele>98.80</ele>
	<time>1970-01-01T00:00:00.000Z</time>
</trkpt>
<trkpt lat="47.8692565" lon="2.1018436">
	<ele>100.90</ele>
	<time>1970-01-01T00:00:00.000Z</time>
</trkpt>
<trkpt lat="47.8688428" lon="2.1046801">
	<ele>102.20</ele>
	<time>1970-01-01T00:00:00.000Z</time>
</trkpt>
<trkpt lat="47.8686041" lon="2.1067708">
	<ele>101.70</ele>
	<time>1970-01-01T00:00:00.000Z</time>
</trkpt>
<trkpt lat="47.8684743" lon="2.1104207">
	<ele>101.10</ele>
	<time>1970-01-01T00:00:00.000Z</time>
</trkpt>
<trkpt lat="47.8682650" lon="2.1143957">
	<ele>104.20</ele>
	<time>1970-01-01T00:00:00.000Z</time>
</trkpt>
<trkpt lat="47.8682719" lon="2.1147310">
	<ele>104.20</ele>
	<time>1970-01-01T00:00:00.000Z</time>
</trkpt>
<trkpt lat="47.8683727" lon="2.1157847">
	<ele>102.90</ele>
	<time>1970-01-01T00:00:00.000Z</time>
</trkpt>
<trkpt lat="47.8683651" lon="2.1165754">
	<ele>103.10</ele>
	<time>1970-01-01T00:00:00.000Z</time>
</trkpt>
<trkpt lat="47.8684941" lon="2.1162631">
	<ele>102.80</ele>
	<time>1970-01-01T00:00:00.000Z</time>
</trkpt>
<trkpt lat="47.8687281" lon="2.1159153">
	<ele>102.00</ele>
	<time>1970-01-01T00:00:00.000Z</time>
</trkpt>
<trkpt lat="47.8689016" lon="2.1157415">
	<ele>102.30</ele>
	<time>1970-01-01T00:00:00.000Z</time>
</trkpt>
<trkpt lat="47.8683510" lon="2.1187694">
	<ele>99.70</ele>
	<time>1970-01-01T00:00:00.000Z</time>
</trkpt>
<trkpt lat="47.8681488" lon="2.1201291">
	<ele>99.00</ele>
	<time>1970-01-01T00:00:00.000Z</time>
</trkpt>
<trkpt lat="47.8681290" lon="2.1203674">
	<ele>98.70</ele>
	<time>1970-01-01T00:00:00.000Z</time>
</trkpt>
<trkpt lat="47.8681731" lon="2.1206211">
	<ele>98.30</ele>
	<time>1970-01-01T00:00:00.000Z</time>
</trkpt>
<trkpt lat="47.8681634" lon="2.1209984">
	<ele>97.10</ele>
	<time>1970-01-01T00:00:00.000Z</time>
</trkpt>
<trkpt lat="47.8678292" lon="2.1226629">
	<ele>95.60</ele>
	<time>1970-01-01T00:00:00.000Z</time>
</trkpt>
<trkpt lat="47.8676882" lon="2.1235609">
	<ele>95.60</ele>
	<time>1970-01-01T00:00:00.000Z</time>
</trkpt>
<trkpt lat="47.8676092" lon="2.1242940">
	<ele>96.20</ele>
	<time>1970-01-01T00:00:00.000Z</time>
</trkpt>
<trkpt lat="47.8674813" lon="2.1255141">
	<ele>95.00</ele>
	<time>1970-01-01T00:00:00.000Z</time>
</trkpt>
<trkpt lat="47.8673635" lon="2.1260080">
	<ele>95.10</ele>
	<time>1970-01-01T00:00:00.000Z</time>
</trkpt>
<trkpt lat="47.8670637" lon="2.1258452">
	<ele>96.90</ele>
	<time>1970-01-01T00:00:00.000Z</time>
</trkpt>
<trkpt lat="47.8668995" lon="2.1270047">
	<ele>96.10</ele>
	<time>1970-01-01T00:00:00.000Z</time>
</trkpt>
<trkpt lat="47.8666958" lon="2.1275755">
	<ele>96.00</ele>
	<time>1970-01-01T00:00:00.000Z</time>
</trkpt>
<trkpt lat="47.8662317" lon="2.1284483">
	<ele>95.60</ele>
	<time>1970-01-01T00:00:00.000Z</time>
</trkpt>
<trkpt lat="47.8659957" lon="2.1288001">
	<ele>97.50</ele>
	<time>1970-01-01T00:00:00.000Z</time>
</trkpt>
<trkpt lat="47.8657739" lon="2.1290954">
	<ele>95.50</ele>
	<time>1970-01-01T00:00:00.000Z</time>
</trkpt>
<trkpt lat="47.8651294" lon="2.1298106">
	<ele>99.80</ele>
	<time>1970-01-01T00:00:00.000Z</time>
</trkpt>
<trkpt lat="47.8639816" lon="2.1316029">
	<ele>100.90</ele>
	<time>1970-01-01T00:00:00.000Z</time>
</trkpt>
<trkpt lat="47.8639754" lon="2.1317434">
	<ele>100.90</ele>
	<time>1970-01-01T00:00:00.000Z</time>
</trkpt>
<trkpt lat="47.8639244" lon="2.1318995">
	<ele>98.30</ele>
	<time>1970-01-01T00:00:00.000Z</time>
</trkpt>
<trkpt lat="47.8636788" lon="2.1324171">
	<ele>96.50</ele>
	<time>1970-01-01T00:00:00.000Z</time>
</trkpt>
<trkpt lat="47.8633719" lon="2.1328916">
	<ele>100.50</ele>
	<time>1970-01-01T00:00:00.000Z</time>
</trkpt>
<trkpt lat="47.8610370" lon="2.1355590">
	<ele>103.10</ele>
	<time>1970-01-01T00:00:00.000Z</time>
</trkpt>
<trkpt lat="47.8571032" lon="2.1403719">
	<ele>102.80</ele>
	<time>1970-01-01T00:00:00.000Z</time>
</trkpt>
<trkpt lat="47.8568316" lon="2.1395539">
	<ele>104.10</ele>
	<time>1970-01-01T00:00:00.000Z</time>
</trkpt>
<trkpt lat="47.8564204" lon="2.1379718">
	<ele>104.80</ele>
	<time>1970-01-01T00:00:00.000Z</time>
</trkpt>
<trkpt lat="47.8563517" lon="2.1380439">
	<ele>104.80</ele>
	<time>1970-01-01T00:00:00.000Z</time>
</trkpt>
<trkpt lat="47.8552372" lon="2.1393670">
	<ele>102.80</ele>
	<time>1970-01-01T00:00:00.000Z</time>
</trkpt>
<trkpt lat="47.8537322" lon="2.1419308">
	<ele>103.30</ele>
	<time>1970-01-01T00:00:00.000Z</time>
</trkpt>
<trkpt lat="47.8527164" lon="2.1433244">
	<ele>105.60</ele>
	<time>1970-01-01T00:00:00.000Z</time>
</trkpt>
<trkpt lat="47.8519966" lon="2.1441063">
	<ele>104.70</ele>
	<time>1970-01-01T00:00:00.000Z</time>
</trkpt>
<trkpt lat="47.8515463" lon="2.1446819">
	<ele>103.40</ele>
	<time>1970-01-01T00:00:00.000Z</time>
</trkpt>
<trkpt lat="47.8505959" lon="2.1460543">
	<ele>102.60</ele>
	<time>1970-01-01T00:00:00.000Z</time>
</trkpt>
<trkpt lat="47.8500109" lon="2.1470241">
	<ele>102.10</ele>
	<time>1970-01-01T00:00:00.000Z</time>
</trkpt>
<trkpt lat="47.8498582" lon="2.1474609">
	<ele>102.00</ele>
	<time>1970-01-01T00:00:00.000Z</time>
</trkpt>
<trkpt lat="47.8497447" lon="2.1480673">
	<ele>102.00</ele>
	<time>1970-01-01T00:00:00.000Z</time>
</trkpt>
<trkpt lat="47.8497255" lon="2.1491387">
	<ele>102.20</ele>
	<time>1970-01-01T00:00:00.000Z</time>
</trkpt>
<trkpt lat="47.8497524" lon="2.1503601">
	<ele>101.70</ele>
	<time>1970-01-01T00:00:00.000Z</time>
</trkpt>
<trkpt lat="47.8497344" lon="2.1508674">
	<ele>101.90</ele>
	<time>1970-01-01T00:00:00.000Z</time>
</trkpt>
<trkpt lat="47.8496181" lon="2.1516916">
	<ele>103.40</ele>
	<time>1970-01-01T00:00:00.000Z</time>
</trkpt>
<trkpt lat="47.8496117" lon="2.1519324">
	<ele>103.80</ele>
	<time>1970-01-01T00:00:00.000Z</time>
</trkpt>
<trkpt lat="47.8500230" lon="2.1539219">
	<ele>103.30</ele>
	<time>1970-01-01T00:00:00.000Z</time>
</trkpt>
<trkpt lat="47.8500657" lon="2.1542289">
	<ele>103.30</ele>
	<time>1970-01-01T00:00:00.000Z</time>
</trkpt>
<trkpt lat="47.8500767" lon="2.1546190">
	<ele>103.30</ele>
	<time>1970-01-01T00:00:00.000Z</time>
</trkpt>
<trkpt lat="47.8501420" lon="2.1549658">
	<ele>103.30</ele>
	<time>1970-01-01T00:00:00.000Z</time>
</trkpt>
<trkpt lat="47.8502566" lon="2.1559897">
	<ele>103.40</ele>
	<time>1970-01-01T00:00:00.000Z</time>
</trkpt>
<trkpt lat="47.8502658" lon="2.1565191">
	<ele>104.10</ele>
	<time>1970-01-01T00:00:00.000Z</time>
</trkpt>
<trkpt lat="47.8500990" lon="2.1587561">
	<ele>102.20</ele>
	<time>1970-01-01T00:00:00.000Z</time>
</trkpt>
<trkpt lat="47.8489043" lon="2.1638574">
	<ele>104.70</ele>
	<time>1970-01-01T00:00:00.000Z</time>
</trkpt>
<trkpt lat="47.8482918" lon="2.1673339">
	<ele>104.80</ele>
	<time>1970-01-01T00:00:00.000Z</time>
</trkpt>
<trkpt lat="47.8481746" lon="2.1681914">
	<ele>104.40</ele>
	<time>1970-01-01T00:00:00.000Z</time>
</trkpt>
<trkpt lat="47.8481105" lon="2.1688102">
	<ele>104.60</ele>
	<time>1970-01-01T00:00:00.000Z</time>
</trkpt>
<trkpt lat="47.8480148" lon="2.1710355">
	<ele>102.60</ele>
	<time>1970-01-01T00:00:00.000Z</time>
</trkpt>
<trkpt lat="47.8482191" lon="2.1747440">
	<ele>100.60</ele>
	<time>1970-01-01T00:00:00.000Z</time>
</trkpt>
<trkpt lat="47.8480538" lon="2.1774874">
	<ele>95.20</ele>
	<time>1970-01-01T00:00:00.000Z</time>
</trkpt>
<trkpt lat="47.8478915" lon="2.1783471">
	<ele>95.80</ele>
	<time>1970-01-01T00:00:00.000Z</time>
</trkpt>
<trkpt lat="47.8477961" lon="2.1785886">
	<ele>95.10</ele>
	<time>1970-01-01T00:00:00.000Z</time>
</trkpt>
<trkpt lat="47.8474757" lon="2.1791277">
	<ele>96.60</ele>
	<time>1970-01-01T00:00:00.000Z</time>
</trkpt>
<trkpt lat="47.8473845" lon="2.1791985">
	<ele>98.00</ele>
	<time>1970-01-01T00:00:00.000Z</time>
</trkpt>
<trkpt lat="47.8472991" lon="2.1792094">
	<ele>96.20</ele>
	<time>1970-01-01T00:00:00.000Z</time>
</trkpt>
<trkpt lat="47.8470509" lon="2.1791061">
	<ele>99.20</ele>
	<time>1970-01-01T00:00:00.000Z</time>
</trkpt>
<trkpt lat="47.8467490" lon="2.1790776">
	<ele>101.70</ele>
	<time>1970-01-01T00:00:00.000Z</time>
</trkpt>
<trkpt lat="47.8464979" lon="2.1791897">
	<ele>102.60</ele>
	<time>1970-01-01T00:00:00.000Z</time>
</trkpt>
<trkpt lat="47.8463752" lon="2.1792879">
	<ele>102.80</ele>
	<time>1970-01-01T00:00:00.000Z</time>
</trkpt>
<trkpt lat="47.8461346" lon="2.1796165">
	<ele>102.70</ele>
	<time>1970-01-01T00:00:00.000Z</time>
</trkpt>
<trkpt lat="47.8459865" lon="2.1800800">
	<ele>102.80</ele>
	<time>1970-01-01T00:00:00.000Z</time>
</trkpt>
<trkpt lat="47.8459540" lon="2.1803104">
	<ele>103.40</ele>
	<time>1970-01-01T00:00:00.000Z</time>
</trkpt>
<trkpt lat="47.8459794" lon="2.1808503">
	<ele>104.80</ele>
	<time>1970-01-01T00:00:00.000Z</time>
</trkpt>
<trkpt lat="47.8461835" lon="2.1823694">
	<ele>96.60</ele>
	<time>1970-01-01T00:00:00.000Z</time>
</trkpt>
<trkpt lat="47.8458720" lon="2.1850608">
	<ele>95.10</ele>
	<time>1970-01-01T00:00:00.000Z</time>
</trkpt>
<trkpt lat="47.8458351" lon="2.1867448">
	<ele>95.10</ele>
	<time>1970-01-01T00:00:00.000Z</time>
</trkpt>
<trkpt lat="47.8457281" lon="2.1884564">
	<ele>96.50</ele>
	<time>1970-01-01T00:00:00.000Z</time>
</trkpt>
<trkpt lat="47.8457907" lon="2.1899825">
	<ele>95.10</ele>
	<time>1970-01-01T00:00:00.000Z</time>
</trkpt>
<trkpt lat="47.8459347" lon="2.1920673">
	<ele>97.40</ele>
	<time>1970-01-01T00:00:00.000Z</time>
</trkpt>
<trkpt lat="47.8460129" lon="2.1929497">
	<ele>98.00</ele>
	<time>1970-01-01T00:00:00.000Z</time>
</trkpt>
<trkpt lat="47.8461424" lon="2.1938663">
	<ele>97.70</ele>
	<time>1970-01-01T00:00:00.000Z</time>
</trkpt>
<trkpt lat="47.8474385" lon="2.1999172">
	<ele>103.50</ele>
	<time>1970-01-01T00:00:00.000Z</time>
</trkpt>
<trkpt lat="47.8474954" lon="2.2002011">
	<ele>103.50</ele>
	<time>1970-01-01T00:00:00.000Z</time>
</trkpt>
<trkpt lat="47.8475440" lon="2.2007299">
	<ele>103.90</ele>
	<time>1970-01-01T00:00:00.000Z</time>
</trkpt>
<trkpt lat="47.8474664" lon="2.2024170">
	<ele>104.10</ele>
	<time>1970-01-01T00:00:00.000Z</time>
</trkpt>
<trkpt lat="47.8473392" lon="2.2033796">
	<ele>103.70</ele>
	<time>1970-01-01T00:00:00.000Z</time>
</trkpt>
<trkpt lat="47.8470770" lon="2.2045888">
	<ele>103.10</ele>
	<time>1970-01-01T00:00:00.000Z</time>
</trkpt>
<trkpt lat="47.8468874" lon="2.2052977">
	<ele>103.20</ele>
	<time>1970-01-01T00:00:00.000Z</time>
</trkpt>
<trkpt lat="47.8467469" lon="2.2064871">
	<ele>103.80</ele>
	<time>1970-01-01T00:00:00.000Z</time>
</trkpt>
<trkpt lat="47.8466754" lon="2.2068342">
	<ele>103.90</ele>
	<time>1970-01-01T00:00:00.000Z</time>
</trkpt>
<trkpt lat="47.8466069" lon="2.2070800">
	<ele>104.60</ele>
	<time>1970-01-01T00:00:00.000Z</time>
</trkpt>
<trkpt lat="47.8464094" lon="2.2074215">
	<ele>105.30</ele>
	<time>1970-01-01T00:00:00.000Z</time>
</trkpt>
<trkpt lat="47.8465911" lon="2.2075363">
	<ele>104.90</ele>
	<time>1970-01-01T00:00:00.000Z</time>
</trkpt>
<trkpt lat="47.8484677" lon="2.2083306">
	<ele>103.70</ele>
	<time>1970-01-01T00:00:00.000Z</time>
</trkpt>
<trkpt lat="47.8488849" lon="2.2085519">
	<ele>104.80</ele>
	<time>1970-01-01T00:00:00.000Z</time>
</trkpt>
<trkpt lat="47.8491479" lon="2.2088259">
	<ele>104.80</ele>
	<time>1970-01-01T00:00:00.000Z</time>
</trkpt>
<trkpt lat="47.8500789" lon="2.2100917">
	<ele>105.10</ele>
	<time>1970-01-01T00:00:00.000Z</time>
</trkpt>
<trkpt lat="47.8512509" lon="2.2121121">
	<ele>103.40</ele>
	<time>1970-01-01T00:00:00.000Z</time>
</trkpt>
<trkpt lat="47.8519145" lon="2.2134931">
	<ele>104.30</ele>
	<time>1970-01-01T00:00:00.000Z</time>
</trkpt>
<trkpt lat="47.8525177" lon="2.2150137">
	<ele>102.80</ele>
	<time>1970-01-01T00:00:00.000Z</time>
</trkpt>
<trkpt lat="47.8529394" lon="2.2162860">
	<ele>104.40</ele>
	<time>1970-01-01T00:00:00.000Z</time>
</trkpt>
<trkpt lat="47.8532458" lon="2.2170260">
	<ele>104.60</ele>
	<time>1970-01-01T00:00:00.000Z</time>
</trkpt>
<trkpt lat="47.8535751" lon="2.2176808">
	<ele>104.50</ele>
	<time>1970-01-01T00:00:00.000Z</time>
</trkpt>
<trkpt lat="47.8543168" lon="2.2189118">
	<ele>105.80</ele>
	<time>1970-01-01T00:00:00.000Z</time>
</trkpt>
<trkpt lat="47.8545723" lon="2.2194272">
	<ele>106.40</ele>
	<time>1970-01-01T00:00:00.000Z</time>
</trkpt>
<trkpt lat="47.8553027" lon="2.2211175">
	<ele>109.60</ele>
	<time>1970-01-01T00:00:00.000Z</time>
</trkpt>
<trkpt lat="47.8559355" lon="2.2223703">
	<ele>105.30</ele>
	<time>1970-01-01T00:00:00.000Z</time>
</trkpt>
<trkpt lat="47.8560773" lon="2.2228336">
	<ele>104.30</ele>
	<time>1970-01-01T00:00:00.000Z</time>
</trkpt>
<trkpt lat="47.8562120" lon="2.2236128">
	<ele>104.60</ele>
	<time>1970-01-01T00:00:00.000Z</time>
</trkpt>
<trkpt lat="47.8595960" lon="2.2232552">
	<ele>99.50</ele>
	<time>1970-01-01T00:00:00.000Z</time>
</trkpt>
<trkpt lat="47.8599826" lon="2.2232459">
	<ele>106.80</ele>
	<time>1970-01-01T00:00:00.000Z</time>
</trkpt>
<trkpt lat="47.8599302" lon="2.2236374">
	<ele>106.90</ele>
	<time>1970-01-01T00:00:00.000Z</time>
</trkpt>
<trkpt lat="47.8599473" lon="2.2259494">
	<ele>108.00</ele>
	<time>1970-01-01T00:00:00.000Z</time>
</trkpt>
<trkpt lat="47.8598441" lon="2.2273660">
	<ele>106.10</ele>
	<time>1970-01-01T00:00:00.000Z</time>
</trkpt>
<trkpt lat="47.8598976" lon="2.2275498">
	<ele>112.30</ele>
	<time>1970-01-01T00:00:00.000Z</time>
</trkpt>
<trkpt lat="47.8598849" lon="2.2279644">
	<ele>113.10</ele>
	<time>1970-01-01T00:00:00.000Z</time>
</trkpt>
<trkpt lat="47.8597807" lon="2.2281384">
	<ele>107.90</ele>
	<time>1970-01-01T00:00:00.000Z</time>
</trkpt>
<trkpt lat="47.8597210" lon="2.2289149">
	<ele>109.40</ele>
	<time>1970-01-01T00:00:00.000Z</time>
</trkpt>
<trkpt lat="47.8596140" lon="2.2295973">
	<ele>102.00</ele>
	<time>1970-01-01T00:00:00.000Z</time>
</trkpt>
<trkpt lat="47.8596729" lon="2.2304912">
	<ele>114.40</ele>
	<time>1970-01-01T00:00:00.000Z</time>
</trkpt>
<trkpt lat="47.8594423" lon="2.2309868">
	<ele>106.60</ele>
	<time>1970-01-01T00:00:00.000Z</time>
</trkpt>
<trkpt lat="47.8593206" lon="2.2320838">
	<ele>109.70</ele>
	<time>1970-01-01T00:00:00.000Z</time>
</trkpt>
<trkpt lat="47.8588887" lon="2.2338779">
	<ele>108.40</ele>
	<time>1970-01-01T00:00:00.000Z</time>
</trkpt>
<trkpt lat="47.8588258" lon="2.2340380">
	<ele>114.40</ele>
	<time>1970-01-01T00:00:00.000Z</time>
</trkpt>
<trkpt lat="47.8587095" lon="2.2341332">
	<ele>108.30</ele>
	<time>1970-01-01T00:00:00.000Z</time>
</trkpt>
<trkpt lat="47.8582264" lon="2.2365260">
	<ele>100.60</ele>
	<time>1970-01-01T00:00:00.000Z</time>
</trkpt>
<trkpt lat="47.8577668" lon="2.2382257">
	<ele>105.00</ele>
	<time>1970-01-01T00:00:00.000Z</time>
</trkpt>
<trkpt lat="47.8577266" lon="2.2389713">
	<ele>107.50</ele>
	<time>1970-01-01T00:00:00.000Z</time>
</trkpt>
<trkpt lat="47.8577888" lon="2.2396926">
	<ele>109.30</ele>
	<time>1970-01-01T00:00:00.000Z</time>
</trkpt>
<trkpt lat="47.8575698" lon="2.2404793">
	<ele>108.10</ele>
	<time>1970-01-01T00:00:00.000Z</time>
</trkpt>
<trkpt lat="47.8572737" lon="2.2403994">
	<ele>102.50</ele>
	<time>1970-01-01T00:00:00.000Z</time>
</trkpt>
<trkpt lat="47.8570760" lon="2.2412829">
	<ele>105.90</ele>
	<time>1970-01-01T00:00:00.000Z</time>
</trkpt>
<trkpt lat="47.8569036" lon="2.2412723">
	<ele>102.60</ele>
	<time>1970-01-01T00:00:00.000Z</time>
</trkpt>
<trkpt lat="47.8556328" lon="2.2425518">
	<ele>101.30</ele>
	<time>1970-01-01T00:00:00.000Z</time>
</trkpt>
<trkpt lat="47.8547087" lon="2.2434074">
	<ele>101.00</ele>
	<time>1970-01-01T00:00:00.000Z</time>
</trkpt>
<trkpt lat="47.8529954" lon="2.2445855">
	<ele>102.60</ele>
	<time>1970-01-01T00:00:00.000Z</time>
</trkpt>
<trkpt lat="47.8516279" lon="2.2453740">
	<ele>105.90</ele>
	<time>1970-01-01T00:00:00.000Z</time>
</trkpt>
<trkpt lat="47.8511426" lon="2.2454824">
	<ele>105.20</ele>
	<time>1970-01-01T00:00:00.000Z</time>
</trkpt>
<trkpt lat="47.8507288" lon="2.2456527">
	<ele>105.10</ele>
	<time>1970-01-01T00:00:00.000Z</time>
</trkpt>
<trkpt lat="47.8504455" lon="2.2459496">
	<ele>105.80</ele>
	<time>1970-01-01T00:00:00.000Z</time>
</trkpt>
<trkpt lat="47.8503346" lon="2.2457947">
	<ele>105.80</ele>
	<time>1970-01-01T00:00:00.000Z</time>
</trkpt>
<trkpt lat="47.8501392" lon="2.2456490">
	<ele>105.50</ele>
	<time>1970-01-01T00:00:00.000Z</time>
</trkpt>
<trkpt lat="47.8497230" lon="2.2455883">
	<ele>105.60</ele>
	<time>1970-01-01T00:00:00.000Z</time>
</trkpt>
<trkpt lat="47.8483716" lon="2.2456517">
	<ele>106.90</ele>
	<time>1970-01-01T00:00:00.000Z</time>
</trkpt>
<trkpt lat="47.8472896" lon="2.2454877">
	<ele>108.30</ele>
	<time>1970-01-01T00:00:00.000Z</time>
</trkpt>
<trkpt lat="47.8470559" lon="2.2455404">
	<ele>108.50</ele>
	<time>1970-01-01T00:00:00.000Z</time>
</trkpt>
<trkpt lat="47.8465920" lon="2.2457503">
	<ele>108.80</ele>
	<time>1970-01-01T00:00:00.000Z</time>
</trkpt>
<trkpt lat="47.8464442" lon="2.2457255">
	<ele>108.80</ele>
	<time>1970-01-01T00:00:00.000Z</time>
</trkpt>
<trkpt lat="47.8463680" lon="2.2456360">
	<ele>108.80</ele>
	<time>1970-01-01T00:00:00.000Z</time>
</trkpt>
<trkpt lat="47.8455923" lon="2.2457858">
	<ele>110.40</ele>
	<time>1970-01-01T00:00:00.000Z</time>
</trkpt>
<trkpt lat="47.8454308" lon="2.2458618">
	<ele>110.90</ele>
	<time>1970-01-01T00:00:00.000Z</time>
</trkpt>
<trkpt lat="47.8449500" lon="2.2462578">
	<ele>112.00</ele>
	<time>1970-01-01T00:00:00.000Z</time>
</trkpt>
<trkpt lat="47.8443098" lon="2.2469338">
	<ele>112.70</ele>
	<time>1970-01-01T00:00:00.000Z</time>
</trkpt>
<trkpt lat="47.8434472" lon="2.2474234">
	<ele>113.00</ele>
	<time>1970-01-01T00:00:00.000Z</time>
</trkpt>
<trkpt lat="47.8430899" lon="2.2478575">
	<ele>111.70</ele>
	<time>1970-01-01T00:00:00.000Z</time>
</trkpt>
<trkpt lat="47.8424590" lon="2.2489747">
	<ele>107.80</ele>
	<time>1970-01-01T00:00:00.000Z</time>
</trkpt>
<trkpt lat="47.8417593" lon="2.2499071">
	<ele>106.70</ele>
	<time>1970-01-01T00:00:00.000Z</time>
</trkpt>
<trkpt lat="47.8415600" lon="2.2502507">
	<ele>106.60</ele>
	<time>1970-01-01T00:00:00.000Z</time>
</trkpt>
<trkpt lat="47.8413622" lon="2.2507107">
	<ele>106.80</ele>
	<time>1970-01-01T00:00:00.000Z</time>
</trkpt>
<trkpt lat="47.8411255" lon="2.2511432">
	<ele>106.80</ele>
	<time>1970-01-01T00:00:00.000Z</time>
</trkpt>
<trkpt lat="47.8409052" lon="2.2514540">
	<ele>107.10</ele>
	<time>1970-01-01T00:00:00.000Z</time>
</trkpt>
<trkpt lat="47.8404458" lon="2.2523937">
	<ele>107.30</ele>
	<time>1970-01-01T00:00:00.000Z</time>
</trkpt>
<trkpt lat="47.8402100" lon="2.2527953">
	<ele>107.30</ele>
	<time>1970-01-01T00:00:00.000Z</time>
</trkpt>
<trkpt lat="47.8400414" lon="2.2529152">
	<ele>107.30</ele>
	<time>1970-01-01T00:00:00.000Z</time>
</trkpt>
<trkpt lat="47.8397751" lon="2.2532093">
	<ele>107.40</ele>
	<time>1970-01-01T00:00:00.000Z</time>
</trkpt>
<trkpt lat="47.8394496" lon="2.2536803">
	<ele>107.60</ele>
	<time>1970-01-01T00:00:00.000Z</time>
</trkpt>
<trkpt lat="47.8391069" lon="2.2542775">
	<ele>107.40</ele>
	<time>1970-01-01T00:00:00.000Z</time>
</trkpt>
<trkpt lat="47.8381771" lon="2.2561205">
	<ele>108.10</ele>
	<time>1970-01-01T00:00:00.000Z</time>
</trkpt>
<trkpt lat="47.8373200" lon="2.2580655">
	<ele>108.10</ele>
	<time>1970-01-01T00:00:00.000Z</time>
</trkpt>
<trkpt lat="47.8365313" lon="2.2587314">
	<ele>107.40</ele>
	<time>1970-01-01T00:00:00.000Z</time>
</trkpt>
<trkpt lat="47.8357411" lon="2.2593039">
	<ele>108.00</ele>
	<time>1970-01-01T00:00:00.000Z</time>
</trkpt>
<trkpt lat="47.8352203" lon="2.2597872">
	<ele>108.10</ele>
	<time>1970-01-01T00:00:00.000Z</time>
</trkpt>
<trkpt lat="47.8349249" lon="2.2601803">
	<ele>108.10</ele>
	<time>1970-01-01T00:00:00.000Z</time>
</trkpt>
<trkpt lat="47.8347244" lon="2.2608414">
	<ele>107.80</ele>
	<time>1970-01-01T00:00:00.000Z</time>
</trkpt>
<trkpt lat="47.8347219" lon="2.2609691">
	<ele>107.50</ele>
	<time>1970-01-01T00:00:00.000Z</time>
</trkpt>
<trkpt lat="47.8334159" lon="2.2617537">
	<ele>107.30</ele>
	<time>1970-01-01T00:00:00.000Z</time>
</trkpt>
<trkpt lat="47.8324047" lon="2.2626000">
	<ele>107.30</ele>
	<time>1970-01-01T00:00:00.000Z</time>
</trkpt>
<trkpt lat="47.8314748" lon="2.2631487">
	<ele>108.30</ele>
	<time>1970-01-01T00:00:00.000Z</time>
</trkpt>
<trkpt lat="47.8311087" lon="2.2634625">
	<ele>108.70</ele>
	<time>1970-01-01T00:00:00.000Z</time>
</trkpt>
<trkpt lat="47.8308455" lon="2.2635544">
	<ele>108.90</ele>
	<time>1970-01-01T00:00:00.000Z</time>
</trkpt>
<trkpt lat="47.8306466" lon="2.2635516">
	<ele>108.90</ele>
	<time>1970-01-01T00:00:00.000Z</time>
</trkpt>
<trkpt lat="47.8306420" lon="2.2638086">
	<ele>108.50</ele>
	<time>1970-01-01T00:00:00.000Z</time>
</trkpt>
<trkpt lat="47.8307023" lon="2.2645416">
	<ele>107.10</ele>
	<time>1970-01-01T00:00:00.000Z</time>
</trkpt>
<trkpt lat="47.8309317" lon="2.2659592">
	<ele>107.10</ele>
	<time>1970-01-01T00:00:00.000Z</time>
</trkpt>
<trkpt lat="47.8309422" lon="2.2663319">
	<ele>107.10</ele>
	<time>1970-01-01T00:00:00.000Z</time>
</trkpt>
<trkpt lat="47.8308754" lon="2.2676137">
	<ele>106.50</ele>
	<time>1970-01-01T00:00:00.000Z</time>
</trkpt>
<trkpt lat="47.8306835" lon="2.2698871">
	<ele>106.60</ele>
	<time>1970-01-01T00:00:00.000Z</time>
</trkpt>
<trkpt lat="47.8307344" lon="2.2702513">
	<ele>106.60</ele>
	<time>1970-01-01T00:00:00.000Z</time>
</trkpt>
<trkpt lat="47.8310451" lon="2.2715852">
	<ele>108.60</ele>
	<time>1970-01-01T00:00:00.000Z</time>
</trkpt>
<trkpt lat="47.8310716" lon="2.2719401">
	<ele>108.30</ele>
	<time>1970-01-01T00:00:00.000Z</time>
</trkpt>
<trkpt lat="47.8309179" lon="2.2729876">
	<ele>105.70</ele>
	<time>1970-01-01T00:00:00.000Z</time>
</trkpt>
<trkpt lat="47.8309251" lon="2.2743027">
	<ele>104.00</ele>
	<time>1970-01-01T00:00:00.000Z</time>
</trkpt>
<trkpt lat="47.8308754" lon="2.2751226">
	<ele>103.70</ele>
	<time>1970-01-01T00:00:00.000Z</time>
</trkpt>
<trkpt lat="47.8307378" lon="2.2758932">
	<ele>103.40</ele>
	<time>1970-01-01T00:00:00.000Z</time>
</trkpt>
<trkpt lat="47.8307087" lon="2.2762672">
	<ele>105.40</ele>
	<time>1970-01-01T00:00:00.000Z</time>
</trkpt>
<trkpt lat="47.8312698" lon="2.2795442">
	<ele>104.20</ele>
	<time>1970-01-01T00:00:00.000Z</time>
</trkpt>
<trkpt lat="47.8313854" lon="2.2810865">
	<ele>105.60</ele>
	<time>1970-01-01T00:00:00.000Z</time>
</trkpt>
<trkpt lat="47.8313186" lon="2.2822238">
	<ele>107.70</ele>
	<time>1970-01-01T00:00:00.000Z</time>
</trkpt>
<trkpt lat="47.8313310" lon="2.2824855">
	<ele>108.00</ele>
	<time>1970-01-01T00:00:00.000Z</time>
</trkpt>
<trkpt lat="47.8313717" lon="2.2825311">
	<ele>108.00</ele>
	<time>1970-01-01T00:00:00.000Z</time>
</trkpt>
<trkpt lat="47.8315358" lon="2.2822293">
	<ele>108.80</ele>
	<time>1970-01-01T00:00:00.000Z</time>
</trkpt>
<trkpt lat="47.8315644" lon="2.2824182">
	<ele>108.80</ele>
	<time>1970-01-01T00:00:00.000Z</time>
</trkpt>
<trkpt lat="47.8313298" lon="2.2837795">
	<ele>107.70</ele>
	<time>1970-01-01T00:00:00.000Z</time>
</trkpt>
<trkpt lat="47.8310147" lon="2.2851568">
	<ele>107.10</ele>
	<time>1970-01-01T00:00:00.000Z</time>
</trkpt>
<trkpt lat="47.8310923" lon="2.2855523">
	<ele>107.10</ele>
	<time>1970-01-01T00:00:00.000Z</time>
</trkpt>
<trkpt lat="47.8310751" lon="2.2859897">
	<ele>107.20</ele>
	<time>1970-01-01T00:00:00.000Z</time>
</trkpt>
<trkpt lat="47.8309430" lon="2.2866037">
	<ele>107.70</ele>
	<time>1970-01-01T00:00:00.000Z</time>
</trkpt>
<trkpt lat="47.8308331" lon="2.2868739">
	<ele>108.00</ele>
	<time>1970-01-01T00:00:00.000Z</time>
</trkpt>
<trkpt lat="47.8307690" lon="2.2871538">
	<ele>108.30</ele>
	<time>1970-01-01T00:00:00.000Z</time>
</trkpt>
<trkpt lat="47.8308012" lon="2.2874060">
	<ele>108.40</ele>
	<time>1970-01-01T00:00:00.000Z</time>
</trkpt>
<trkpt lat="47.8311058" lon="2.2881126">
	<ele>107.30</ele>
	<time>1970-01-01T00:00:00.000Z</time>
</trkpt>
<trkpt lat="47.8311149" lon="2.2883682">
	<ele>106.70</ele>
	<time>1970-01-01T00:00:00.000Z</time>
</trkpt>
<trkpt lat="47.8309938" lon="2.2890543">
	<ele>106.30</ele>
	<time>1970-01-01T00:00:00.000Z</time>
</trkpt>
<trkpt lat="47.8306803" lon="2.2901745">
	<ele>107.80</ele>
	<time>1970-01-01T00:00:00.000Z</time>
</trkpt>
<trkpt lat="47.8305023" lon="2.2906648">
	<ele>108.00</ele>
	<time>1970-01-01T00:00:00.000Z</time>
</trkpt>
<trkpt lat="47.8300488" lon="2.2917282">
	<ele>108.00</ele>
	<time>1970-01-01T00:00:00.000Z</time>
</trkpt>
<trkpt lat="47.8297430" lon="2.2923550">
	<ele>107.40</ele>
	<time>1970-01-01T00:00:00.000Z</time>
</trkpt>
<trkpt lat="47.8294205" lon="2.2927684">
	<ele>107.60</ele>
	<time>1970-01-01T00:00:00.000Z</time>
</trkpt>
<trkpt lat="47.8290870" lon="2.2934264">
	<ele>108.20</ele>
	<time>1970-01-01T00:00:00.000Z</time>
</trkpt>
<trkpt lat="47.8282161" lon="2.2946701">
	<ele>107.50</ele>
	<time>1970-01-01T00:00:00.000Z</time>
</trkpt>
<trkpt lat="47.8272736" lon="2.2962974">
	<ele>108.50</ele>
	<time>1970-01-01T00:00:00.000Z</time>
</trkpt>
<trkpt lat="47.8265912" lon="2.2971713">
	<ele>108.00</ele>
	<time>1970-01-01T00:00:00.000Z</time>
</trkpt>
<trkpt lat="47.8261208" lon="2.2975143">
	<ele>107.70</ele>
	<time>1970-01-01T00:00:00.000Z</time>
</trkpt>
<trkpt lat="47.8255808" lon="2.2978141">
	<ele>107.90</ele>
	<time>1970-01-01T00:00:00.000Z</time>
</trkpt>
<trkpt lat="47.8251768" lon="2.2979822">
	<ele>107.50</ele>
	<time>1970-01-01T00:00:00.000Z</time>
</trkpt>
<trkpt lat="47.8247859" lon="2.2980772">
	<ele>106.90</ele>
	<time>1970-01-01T00:00:00.000Z</time>
</trkpt>
<trkpt lat="47.8244700" lon="2.2980906">
	<ele>107.10</ele>
	<time>1970-01-01T00:00:00.000Z</time>
</trkpt>
<trkpt lat="47.8235727" lon="2.2979569">
	<ele>108.60</ele>
	<time>1970-01-01T00:00:00.000Z</time>
</trkpt>
<trkpt lat="47.8228337" lon="2.2982525">
	<ele>109.50</ele>
	<time>1970-01-01T00:00:00.000Z</time>
</trkpt>
<trkpt lat="47.8224354" lon="2.2983059">
	<ele>109.70</ele>
	<time>1970-01-01T00:00:00.000Z</time>
</trkpt>
<trkpt lat="47.8214497" lon="2.2987425">
	<ele>109.20</ele>
	<time>1970-01-01T00:00:00.000Z</time>
</trkpt>
<trkpt lat="47.8214978" lon="2.2988086">
	<ele>109.20</ele>
	<time>1970-01-01T00:00:00.000Z</time>
</trkpt>
<trkpt lat="47.8212911" lon="2.2988514">
	<ele>108.80</ele>
	<time>1970-01-01T00:00:00.000Z</time>
</trkpt>
<trkpt lat="47.8201592" lon="2.2993715">
	<ele>107.60</ele>
	<time>1970-01-01T00:00:00.000Z</time>
</trkpt>
<trkpt lat="47.8184553" lon="2.3002626">
	<ele>107.40</ele>
	<time>1970-01-01T00:00:00.000Z</time>
</trkpt>
<trkpt lat="47.8181444" lon="2.3003894">
	<ele>107.50</ele>
	<time>1970-01-01T00:00:00.000Z</time>
</trkpt>
<trkpt lat="47.8161722" lon="2.3003200">
	<ele>108.60</ele>
	<time>1970-01-01T00:00:00.000Z</time>
</trkpt>
<trkpt lat="47.8159933" lon="2.3002726">
	<ele>108.60</ele>
	<time>1970-01-01T00:00:00.000Z</time>
</trkpt>
<trkpt lat="47.8159924" lon="2.3001243">
	<ele>108.50</ele>
	<time>1970-01-01T00:00:00.000Z</time>
</trkpt>
<trkpt lat="47.8157658" lon="2.2997757">
	<ele>108.60</ele>
	<time>1970-01-01T00:00:00.000Z</time>
</trkpt>
<trkpt lat="47.8151837" lon="2.2995212">
	<ele>107.20</ele>
	<time>1970-01-01T00:00:00.000Z</time>
</trkpt>
<trkpt lat="47.8147467" lon="2.2992812">
	<ele>105.80</ele>
	<time>1970-01-01T00:00:00.000Z</time>
</trkpt>
<trkpt lat="47.8141186" lon="2.2988525">
	<ele>103.70</ele>
	<time>1970-01-01T00:00:00.000Z</time>
</trkpt>
<trkpt lat="47.8138794" lon="2.2987503">
	<ele>104.00</ele>
	<time>1970-01-01T00:00:00.000Z</time>
</trkpt>
<trkpt lat="47.8117473" lon="2.2980112">
	<ele>104.00</ele>
	<time>1970-01-01T00:00:00.000Z</time>
</trkpt>
<trkpt lat="47.8107071" lon="2.2975868">
	<ele>106.10</ele>
	<time>1970-01-01T00:00:00.000Z</time>
</trkpt>
<trkpt lat="47.8102148" lon="2.2974517">
	<ele>106.70</ele>
	<time>1970-01-01T00:00:00.000Z</time>
</trkpt>
<trkpt lat="47.8090969" lon="2.2973034">
	<ele>108.70</ele>
	<time>1970-01-01T00:00:00.000Z</time>
</trkpt>
<trkpt lat="47.8083192" lon="2.2971385">
	<ele>109.50</ele>
	<time>1970-01-01T00:00:00.000Z</time>
</trkpt>
<trkpt lat="47.8079849" lon="2.2969265">
	<ele>110.20</ele>
	<time>1970-01-01T00:00:00.000Z</time>
</trkpt>
<trkpt lat="47.8071101" lon="2.2961701">
	<ele>112.20</ele>
	<time>1970-01-01T00:00:00.000Z</time>
</trkpt>
<trkpt lat="47.8070289" lon="2.2959948">
	<ele>112.00</ele>
	<time>1970-01-01T00:00:00.000Z</time>
</trkpt>
<trkpt lat="47.8070100" lon="2.2958439">
	<ele>110.90</ele>
	<time>1970-01-01T00:00:00.000Z</time>
</trkpt>
<trkpt lat="47.8070481" lon="2.2954455">
	<ele>108.90</ele>
	<time>1970-01-01T00:00:00.000Z</time>
</trkpt>
<trkpt lat="47.8071450" lon="2.2953932">
	<ele>108.90</ele>
	<time>1970-01-01T00:00:00.000Z</time>
</trkpt>
<trkpt lat="47.8070765" lon="2.2952270">
	<ele>107.80</ele>
	<time>1970-01-01T00:00:00.000Z</time>
</trkpt>
<trkpt lat="47.8070264" lon="2.2951503">
	<ele>108.50</ele>
	<time>1970-01-01T00:00:00.000Z</time>
</trkpt>
<trkpt lat="47.8065245" lon="2.2947562">
	<ele>108.10</ele>
	<time>1970-01-01T00:00:00.000Z</time>
</trkpt>
<trkpt lat="47.8063431" lon="2.2955694">
	<ele>113.30</ele>
	<time>1970-01-01T00:00:00.000Z</time>
</trkpt>
<trkpt lat="47.8057899" lon="2.2959174">
	<ele>116.90</ele>
	<time>1970-01-01T00:00:00.000Z</time>
</trkpt>
<trkpt lat="47.8052962" lon="2.2960410">
	<ele>117.30</ele>
	<time>1970-01-01T00:00:00.000Z</time>
</trkpt>
<trkpt lat="47.8052164" lon="2.2960228">
	<ele>117.50</ele>
	<time>1970-01-01T00:00:00.000Z</time>
</trkpt>
<trkpt lat="47.8049861" lon="2.2958960">
	<ele>117.70</ele>
	<time>1970-01-01T00:00:00.000Z</time>
</trkpt>
<trkpt lat="47.8044034" lon="2.2954670">
	<ele>117.10</ele>
	<time>1970-01-01T00:00:00.000Z</time>
</trkpt>
<trkpt lat="47.8037439" lon="2.2951389">
	<ele>116.50</ele>
	<time>1970-01-01T00:00:00.000Z</time>
</trkpt>
<trkpt lat="47.8027010" lon="2.2947279">
	<ele>116.00</ele>
	<time>1970-01-01T00:00:00.000Z</time>
</trkpt>
<trkpt lat="47.8022325" lon="2.2946379">
	<ele>117.30</ele>
	<time>1970-01-01T00:00:00.000Z</time>
</trkpt>
<trkpt lat="47.8017423" lon="2.2947102">
	<ele>115.40</ele>
	<time>1970-01-01T00:00:00.000Z</time>
</trkpt>
<trkpt lat="47.8014644" lon="2.2939845">
	<ele>112.70</ele>
	<time>1970-01-01T00:00:00.000Z</time>
</trkpt>
<trkpt lat="47.8012771" lon="2.2937423">
	<ele>112.50</ele>
	<time>1970-01-01T00:00:00.000Z</time>
</trkpt>
<trkpt lat="47.8010732" lon="2.2935832">
	<ele>111.60</ele>
	<time>1970-01-01T00:00:00.000Z</time>
</trkpt>
<trkpt lat="47.7995441" lon="2.2933178">
	<ele>110.30</ele>
	<time>1970-01-01T00:00:00.000Z</time>
</trkpt>
<trkpt lat="47.7980659" lon="2.2928165">
	<ele>110.30</ele>
	<time>1970-01-01T00:00:00.000Z</time>
</trkpt>
<trkpt lat="47.7976726" lon="2.2928177">
	<ele>110.30</ele>
	<time>1970-01-01T00:00:00.000Z</time>
</trkpt>
<trkpt lat="47.7970152" lon="2.2929014">
	<ele>110.30</ele>
	<time>1970-01-01T00:00:00.000Z</time>
</trkpt>
<trkpt lat="47.7960337" lon="2.2931292">
	<ele>110.50</ele>
	<time>1970-01-01T00:00:00.000Z</time>
</trkpt>
<trkpt lat="47.7954717" lon="2.2933679">
	<ele>111.40</ele>
	<time>1970-01-01T00:00:00.000Z</time>
</trkpt>
<trkpt lat="47.7926622" lon="2.2950962">
	<ele>112.30</ele>
	<time>1970-01-01T00:00:00.000Z</time>
</trkpt>
<trkpt lat="47.7922020" lon="2.2955139">
	<ele>111.80</ele>
	<time>1970-01-01T00:00:00.000Z</time>
</trkpt>
<trkpt lat="47.7917616" lon="2.2960365">
	<ele>110.60</ele>
	<time>1970-01-01T00:00:00.000Z</time>
</trkpt>
<trkpt lat="47.7912202" lon="2.2968783">
	<ele>111.90</ele>
	<time>1970-01-01T00:00:00.000Z</time>
</trkpt>
<trkpt lat="47.7908147" lon="2.2976931">
	<ele>110.60</ele>
	<time>1970-01-01T00:00:00.000Z</time>
</trkpt>
<trkpt lat="47.7905422" lon="2.2984672">
	<ele>110.80</ele>
	<time>1970-01-01T00:00:00.000Z</time>
</trkpt>
<trkpt lat="47.7900621" lon="2.3000779">
	<ele>108.40</ele>
	<time>1970-01-01T00:00:00.000Z</time>
</trkpt>
<trkpt lat="47.7899926" lon="2.3003552">
	<ele>107.40</ele>
	<time>1970-01-01T00:00:00.000Z</time>
</trkpt>
<trkpt lat="47.7899308" lon="2.3008530">
	<ele>105.80</ele>
	<time>1970-01-01T00:00:00.000Z</time>
</trkpt>
<trkpt lat="47.7899388" lon="2.3014322">
	<ele>106.10</ele>
	<time>1970-01-01T00:00:00.000Z</time>
</trkpt>
<trkpt lat="47.7901659" lon="2.3036105">
	<ele>110.70</ele>
	<time>1970-01-01T00:00:00.000Z</time>
</trkpt>
<trkpt lat="47.7902311" lon="2.3045898">
	<ele>112.40</ele>
	<time>1970-01-01T00:00:00.000Z</time>
</trkpt>
<trkpt lat="47.7902161" lon="2.3055464">
	<ele>111.80</ele>
	<time>1970-01-01T00:00:00.000Z</time>
</trkpt>
<trkpt lat="47.7901050" lon="2.3066818">
	<ele>105.70</ele>
	<time>1970-01-01T00:00:00.000Z</time>
</trkpt>
<trkpt lat="47.7901123" lon="2.3071653">
	<ele>105.70</ele>
	<time>1970-01-01T00:00:00.000Z</time>
</trkpt>
<trkpt lat="47.7901900" lon="2.3078174">
	<ele>105.70</ele>
	<time>1970-01-01T00:00:00.000Z</time>
</trkpt>
<trkpt lat="47.7902968" lon="2.3100543">
	<ele>109.00</ele>
	<time>1970-01-01T00:00:00.000Z</time>
</trkpt>
<trkpt lat="47.7906085" lon="2.3143872">
	<ele>112.40</ele>
	<time>1970-01-01T00:00:00.000Z</time>
</trkpt>
<trkpt lat="47.7908331" lon="2.3166334">
	<ele>110.40</ele>
	<time>1970-01-01T00:00:00.000Z</time>
</trkpt>
<trkpt lat="47.7907800" lon="2.3175826">
	<ele>110.60</ele>
	<time>1970-01-01T00:00:00.000Z</time>
</trkpt>
<trkpt lat="47.7908432" lon="2.3213105">
	<ele>112.10</ele>
	<time>1970-01-01T00:00:00.000Z</time>
</trkpt>
<trkpt lat="47.7906000" lon="2.3236256">
	<ele>111.30</ele>
	<time>1970-01-01T00:00:00.000Z</time>
</trkpt>
<trkpt lat="47.7901023" lon="2.3259815">
	<ele>112.40</ele>
	<time>1970-01-01T00:00:00.000Z</time>
</trkpt>
<trkpt lat="47.7900189" lon="2.3264926">
	<ele>112.60</ele>
	<time>1970-01-01T00:00:00.000Z</time>
</trkpt>
<trkpt lat="47.7898685" lon="2.3271076">
	<ele>112.20</ele>
	<time>1970-01-01T00:00:00.000Z</time>
</trkpt>
<trkpt lat="47.7895741" lon="2.3278738">
	<ele>112.80</ele>
	<time>1970-01-01T00:00:00.000Z</time>
</trkpt>
<trkpt lat="47.7882983" lon="2.3307707">
	<ele>112.60</ele>
	<time>1970-01-01T00:00:00.000Z</time>
</trkpt>
<trkpt lat="47.7874688" lon="2.3327420">
	<ele>107.70</ele>
	<time>1970-01-01T00:00:00.000Z</time>
</trkpt>
<trkpt lat="47.7872970" lon="2.3332141">
	<ele>108.70</ele>
	<time>1970-01-01T00:00:00.000Z</time>
</trkpt>
<trkpt lat="47.7870167" lon="2.3341527">
	<ele>110.00</ele>
	<time>1970-01-01T00:00:00.000Z</time>
</trkpt>
<trkpt lat="47.7870016" lon="2.3343201">
	<ele>110.70</ele>
	<time>1970-01-01T00:00:00.000Z</time>
</trkpt>
<trkpt lat="47.7870614" lon="2.3343648">
	<ele>110.70</ele>
	<time>1970-01-01T00:00:00.000Z</time>
</trkpt>
<trkpt lat="47.7872472" lon="2.3342000">
	<ele>111.40</ele>
	<time>1970-01-01T00:00:00.000Z</time>
</trkpt>
<trkpt lat="47.7872449" lon="2.3342766">
	<ele>111.40</ele>
	<time>1970-01-01T00:00:00.000Z</time>
</trkpt>
<trkpt lat="47.7870751" lon="2.3346653">
	<ele>111.50</ele>
	<time>1970-01-01T00:00:00.000Z</time>
</trkpt>
<trkpt lat="47.7865645" lon="2.3356789">
	<ele>110.50</ele>
	<time>1970-01-01T00:00:00.000Z</time>
</trkpt>
<trkpt lat="47.7844304" lon="2.3394800">
	<ele>112.00</ele>
	<time>1970-01-01T00:00:00.000Z</time>
</trkpt>
<trkpt lat="47.7832898" lon="2.3413238">
	<ele>112.10</ele>
	<time>1970-01-01T00:00:00.000Z</time>
</trkpt>
<trkpt lat="47.7825385" lon="2.3423211">
	<ele>112.40</ele>
	<time>1970-01-01T00:00:00.000Z</time>
</trkpt>
<trkpt lat="47.7818161" lon="2.3431993">
	<ele>112.10</ele>
	<time>1970-01-01T00:00:00.000Z</time>
</trkpt>
<trkpt lat="47.7798534" lon="2.3451962">
	<ele>113.10</ele>
	<time>1970-01-01T00:00:00.000Z</time>
</trkpt>
<trkpt lat="47.7787511" lon="2.3462656">
	<ele>112.60</ele>
	<time>1970-01-01T00:00:00.000Z</time>
</trkpt>
<trkpt lat="47.7755052" lon="2.3505091">
	<ele>115.50</ele>
	<time>1970-01-01T00:00:00.000Z</time>
</trkpt>
<trkpt lat="47.7743565" lon="2.3522748">
	<ele>115.30</ele>
	<time>1970-01-01T00:00:00.000Z</time>
</trkpt>
<trkpt lat="47.7741170" lon="2.3527436">
	<ele>115.10</ele>
	<time>1970-01-01T00:00:00.000Z</time>
</trkpt>
<trkpt lat="47.7737463" lon="2.3541433">
	<ele>114.60</ele>
	<time>1970-01-01T00:00:00.000Z</time>
</trkpt>
<trkpt lat="47.7729279" lon="2.3566923">
	<ele>116.60</ele>
	<time>1970-01-01T00:00:00.000Z</time>
</trkpt>
<trkpt lat="47.7725437" lon="2.3582166">
	<ele>117.40</ele>
	<time>1970-01-01T00:00:00.000Z</time>
</trkpt>
<trkpt lat="47.7722251" lon="2.3606677">
	<ele>114.60</ele>
	<time>1970-01-01T00:00:00.000Z</time>
</trkpt>
<trkpt lat="47.7720461" lon="2.3622697">
	<ele>115.50</ele>
	<time>1970-01-01T00:00:00.000Z</time>
</trkpt>
<trkpt lat="47.7720146" lon="2.3627868">
	<ele>115.70</ele>
	<time>1970-01-01T00:00:00.000Z</time>
</trkpt>
<trkpt lat="47.7718998" lon="2.3628515">
	<ele>115.80</ele>
	<time>1970-01-01T00:00:00.000Z</time>
</trkpt>
<trkpt lat="47.7718628" lon="2.3629163">
	<ele>115.80</ele>
	<time>1970-01-01T00:00:00.000Z</time>
</trkpt>
<trkpt lat="47.7718224" lon="2.3635629">
	<ele>115.40</ele>
	<time>1970-01-01T00:00:00.000Z</time>
</trkpt>
<trkpt lat="47.7717348" lon="2.3637955">
	<ele>115.40</ele>
	<time>1970-01-01T00:00:00.000Z</time>
</trkpt>
<trkpt lat="47.7716369" lon="2.3645673">
	<ele>115.00</ele>
	<time>1970-01-01T00:00:00.000Z</time>
</trkpt>
<trkpt lat="47.7715424" lon="2.3649930">
	<ele>115.30</ele>
	<time>1970-01-01T00:00:00.000Z</time>
</trkpt>
<trkpt lat="47.7714495" lon="2.3652837">
	<ele>115.20</ele>
	<time>1970-01-01T00:00:00.000Z</time>
</trkpt>
<trkpt lat="47.7711771" lon="2.3658517">
	<ele>114.40</ele>
	<time>1970-01-01T00:00:00.000Z</time>
</trkpt>
<trkpt lat="47.7709158" lon="2.3666186">
	<ele>114.70</ele>
	<time>1970-01-01T00:00:00.000Z</time>
</trkpt>
<trkpt lat="47.7708097" lon="2.3668146">
	<ele>114.30</ele>
	<time>1970-01-01T00:00:00.000Z</time>
</trkpt>
<trkpt lat="47.7708563" lon="2.3677037">
	<ele>114.30</ele>
	<time>1970-01-01T00:00:00.000Z</time>
</trkpt>
<trkpt lat="47.7706652" lon="2.3676810">
	<ele>113.90</ele>
	<time>1970-01-01T00:00:00.000Z</time>
</trkpt>
<trkpt lat="47.7707696" lon="2.3683512">
	<ele>114.50</ele>
	<time>1970-01-01T00:00:00.000Z</time>
</trkpt>
<trkpt lat="47.7714215" lon="2.3681326">
	<ele>115.00</ele>
	<time>1970-01-01T00:00:00.000Z</time>
</trkpt>
<trkpt lat="47.7715424" lon="2.3681573">
	<ele>115.00</ele>
	<time>1970-01-01T00:00:00.000Z</time>
</trkpt>
<trkpt lat="47.7716374" lon="2.3682466">
	<ele>115.10</ele>
	<time>1970-01-01T00:00:00.000Z</time>
</trkpt>
<trkpt lat="47.7716208" lon="2.3684081">
	<ele>115.30</ele>
	<time>1970-01-01T00:00:00.000Z</time>
</trkpt>
<trkpt lat="47.7670856" lon="2.3700002">
	<ele>109.80</ele>
	<time>1970-01-01T00:00:00.000Z</time>
</trkpt>
<trkpt lat="47.7673667" lon="2.3710558">
	<ele>110.30</ele>
	<time>1970-01-01T00:00:00.000Z</time>
</trkpt>
<trkpt lat="47.7679817" lon="2.3738091">
	<ele>112.70</ele>
	<time>1970-01-01T00:00:00.000Z</time>
</trkpt>
<trkpt lat="47.7680661" lon="2.3739684">
	<ele>112.70</ele>
	<time>1970-01-01T00:00:00.000Z</time>
</trkpt>
<trkpt lat="47.7680295" lon="2.3738634">
	<ele>112.70</ele>
	<time>1970-01-01T00:00:00.000Z</time>
</trkpt>
<trkpt lat="47.7691514" lon="2.3771506">
	<ele>117.20</ele>
	<time>1970-01-01T00:00:00.000Z</time>
</trkpt>
<trkpt lat="47.7710348" lon="2.3828534">
	<ele>120.40</ele>
	<time>1970-01-01T00:00:00.000Z</time>
</trkpt>
<trkpt lat="47.7711131" lon="2.3830327">
	<ele>120.70</ele>
	<time>1970-01-01T00:00:00.000Z</time>
</trkpt>
<trkpt lat="47.7712522" lon="2.3831982">
	<ele>118.40</ele>
	<time>1970-01-01T00:00:00.000Z</time>
</trkpt>
<trkpt lat="47.7713562" lon="2.3834698">
	<ele>118.60</ele>
	<time>1970-01-01T00:00:00.000Z</time>
</trkpt>
<trkpt lat="47.7713298" lon="2.3836699">
	<ele>118.50</ele>
	<time>1970-01-01T00:00:00.000Z</time>
</trkpt>
<trkpt lat="47.7713643" lon="2.3837593">
	<ele>117.90</ele>
	<time>1970-01-01T00:00:00.000Z</time>
</trkpt>
<trkpt lat="47.7713427" lon="2.3838873">
	<ele>117.90</ele>
	<time>1970-01-01T00:00:00.000Z</time>
</trkpt>
<trkpt lat="47.7714264" lon="2.3842227">
	<ele>114.50</ele>
	<time>1970-01-01T00:00:00.000Z</time>
</trkpt>
<trkpt lat="47.7715700" lon="2.3855285">
	<ele>113.60</ele>
	<time>1970-01-01T00:00:00.000Z</time>
</trkpt>
<trkpt lat="47.7717765" lon="2.3890588">
	<ele>112.20</ele>
	<time>1970-01-01T00:00:00.000Z</time>
</trkpt>
<trkpt lat="47.7717540" lon="2.3912845">
	<ele>110.70</ele>
	<time>1970-01-01T00:00:00.000Z</time>
</trkpt>
<trkpt lat="47.7716518" lon="2.3922269">
	<ele>112.70</ele>
	<time>1970-01-01T00:00:00.000Z</time>
</trkpt>
<trkpt lat="47.7713202" lon="2.3935433">
	<ele>111.80</ele>
	<time>1970-01-01T00:00:00.000Z</time>
</trkpt>
<trkpt lat="47.7707510" lon="2.3950345">
	<ele>111.20</ele>
	<time>1970-01-01T00:00:00.000Z</time>
</trkpt>
<trkpt lat="47.7703984" lon="2.3964977">
	<ele>110.60</ele>
	<time>1970-01-01T00:00:00.000Z</time>
</trkpt>
<trkpt lat="47.7698312" lon="2.3980181">
	<ele>112.40</ele>
	<time>1970-01-01T00:00:00.000Z</time>
</trkpt>
<trkpt lat="47.7685390" lon="2.4019430">
	<ele>112.20</ele>
	<time>1970-01-01T00:00:00.000Z</time>
</trkpt>
<trkpt lat="47.7681787" lon="2.4038271">
	<ele>111.40</ele>
	<time>1970-01-01T00:00:00.000Z</time>
</trkpt>
<trkpt lat="47.7675673" lon="2.4073396">
	<ele>114.30</ele>
	<time>1970-01-01T00:00:00.000Z</time>
</trkpt>
<trkpt lat="47.7673113" lon="2.4093822">
	<ele>115.70</ele>
	<time>1970-01-01T00:00:00.000Z</time>
</trkpt>
<trkpt lat="47.7669456" lon="2.4116731">
	<ele>115.50</ele>
	<time>1970-01-01T00:00:00.000Z</time>
</trkpt>
<trkpt lat="47.7666888" lon="2.4130377">
	<ele>115.50</ele>
	<time>1970-01-01T00:00:00.000Z</time>
</trkpt>
<trkpt lat="47.7665584" lon="2.4144904">
	<ele>115.10</ele>
	<time>1970-01-01T00:00:00.000Z</time>
</trkpt>
<trkpt lat="47.7663405" lon="2.4175728">
	<ele>115.30</ele>
	<time>1970-01-01T00:00:00.000Z</time>
</trkpt>
<trkpt lat="47.7660162" lon="2.4189500">
	<ele>114.50</ele>
	<time>1970-01-01T00:00:00.000Z</time>
</trkpt>
<trkpt lat="47.7658644" lon="2.4204667">
	<ele>116.80</ele>
	<time>1970-01-01T00:00:00.000Z</time>
</trkpt>
<trkpt lat="47.7653518" lon="2.4234773">
	<ele>114.90</ele>
	<time>1970-01-01T00:00:00.000Z</time>
</trkpt>
<trkpt lat="47.7653760" lon="2.4238254">
	<ele>115.20</ele>
	<time>1970-01-01T00:00:00.000Z</time>
</trkpt>
<trkpt lat="47.7658361" lon="2.4258778">
	<ele>116.50</ele>
	<time>1970-01-01T00:00:00.000Z</time>
</trkpt>
<trkpt lat="47.7658293" lon="2.4267017">
	<ele>116.60</ele>
	<time>1970-01-01T00:00:00.000Z</time>
</trkpt>
<trkpt lat="47.7657015" lon="2.4292646">
	<ele>116.10</ele>
	<time>1970-01-01T00:00:00.000Z</time>
</trkpt>
<trkpt lat="47.7657646" lon="2.4307538">
	<ele>115.80</ele>
	<time>1970-01-01T00:00:00.000Z</time>
</trkpt>
<trkpt lat="47.7657566" lon="2.4318953">
	<ele>115.70</ele>
	<time>1970-01-01T00:00:00.000Z</time>
</trkpt>
<trkpt lat="47.7656857" lon="2.4332513">
	<ele>115.70</ele>
	<time>1970-01-01T00:00:00.000Z</time>
</trkpt>
<trkpt lat="47.7653412" lon="2.4357324">
	<ele>116.60</ele>
	<time>1970-01-01T00:00:00.000Z</time>
</trkpt>
<trkpt lat="47.7650265" lon="2.4383805">
	<ele>116.40</ele>
	<time>1970-01-01T00:00:00.000Z</time>
</trkpt>
<trkpt lat="47.7645716" lon="2.4407787">
	<ele>115.80</ele>
	<time>1970-01-01T00:00:00.000Z</time>
</trkpt>
<trkpt lat="47.7642248" lon="2.4422376">
	<ele>116.30</ele>
	<time>1970-01-01T00:00:00.000Z</time>
</trkpt>
<trkpt lat="47.7639938" lon="2.4430475">
	<ele>115.40</ele>
	<time>1970-01-01T00:00:00.000Z</time>
</trkpt>
<trkpt lat="47.7637498" lon="2.4435935">
	<ele>115.30</ele>
	<time>1970-01-01T00:00:00.000Z</time>
</trkpt>
<trkpt lat="47.7635425" lon="2.4442645">
	<ele>115.40</ele>
	<time>1970-01-01T00:00:00.000Z</time>
</trkpt>
<trkpt lat="47.7632322" lon="2.4454623">
	<ele>116.60</ele>
	<time>1970-01-01T00:00:00.000Z</time>
</trkpt>
<trkpt lat="47.7622038" lon="2.4482282">
	<ele>114.40</ele>
	<time>1970-01-01T00:00:00.000Z</time>
</trkpt>
<trkpt lat="47.7616137" lon="2.4496440">
	<ele>113.60</ele>
	<time>1970-01-01T00:00:00.000Z</time>
</trkpt>
<trkpt lat="47.7608610" lon="2.4518771">
	<ele>114.50</ele>
	<time>1970-01-01T00:00:00.000Z</time>
</trkpt>
<trkpt lat="47.7606340" lon="2.4524280">
	<ele>115.10</ele>
	<time>1970-01-01T00:00:00.000Z</time>
</trkpt>
<trkpt lat="47.7597274" lon="2.4543035">
	<ele>116.40</ele>
	<time>1970-01-01T00:00:00.000Z</time>
</trkpt>
<trkpt lat="47.7594604" lon="2.4549349">
	<ele>116.10</ele>
	<time>1970-01-01T00:00:00.000Z</time>
</trkpt>
<trkpt lat="47.7591050" lon="2.4559569">
	<ele>114.30</ele>
	<time>1970-01-01T00:00:00.000Z</time>
</trkpt>
<trkpt lat="47.7572586" lon="2.4601470">
	<ele>116.90</ele>
	<time>1970-01-01T00:00:00.000Z</time>
</trkpt>
<trkpt lat="47.7562981" lon="2.4624552">
	<ele>116.80</ele>
	<time>1970-01-01T00:00:00.000Z</time>
</trkpt>
<trkpt lat="47.7558609" lon="2.4633800">
	<ele>116.70</ele>
	<time>1970-01-01T00:00:00.000Z</time>
</trkpt>
<trkpt lat="47.7554523" lon="2.4640922">
	<ele>117.20</ele>
	<time>1970-01-01T00:00:00.000Z</time>
</trkpt>
<trkpt lat="47.7552286" lon="2.4645590">
	<ele>117.70</ele>
	<time>1970-01-01T00:00:00.000Z</time>
</trkpt>
<trkpt lat="47.7543412" lon="2.4665351">
	<ele>114.30</ele>
	<time>1970-01-01T00:00:00.000Z</time>
</trkpt>
<trkpt lat="47.7531594" lon="2.4693097">
	<ele>115.80</ele>
	<time>1970-01-01T00:00:00.000Z</time>
</trkpt>
<trkpt lat="47.7529534" lon="2.4697534">
	<ele>115.20</ele>
	<time>1970-01-01T00:00:00.000Z</time>
</trkpt>
<trkpt lat="47.7528014" lon="2.4699551">
	<ele>116.10</ele>
	<time>1970-01-01T00:00:00.000Z</time>
</trkpt>
<trkpt lat="47.7526291" lon="2.4700878">
	<ele>116.70</ele>
	<time>1970-01-01T00:00:00.000Z</time>
</trkpt>
<trkpt lat="47.7520945" lon="2.4702801">
	<ele>117.80</ele>
	<time>1970-01-01T00:00:00.000Z</time>
</trkpt>
<trkpt lat="47.7509523" lon="2.4710946">
	<ele>117.10</ele>
	<time>1970-01-01T00:00:00.000Z</time>
</trkpt>
<trkpt lat="47.7497246" lon="2.4722838">
	<ele>117.10</ele>
	<time>1970-01-01T00:00:00.000Z</time>
</trkpt>
<trkpt lat="47.7494922" lon="2.4720339">
	<ele>117.20</ele>
	<time>1970-01-01T00:00:00.000Z</time>
</trkpt>
<trkpt lat="47.7490880" lon="2.4722169">
	<ele>116.80</ele>
	<time>1970-01-01T00:00:00.000Z</time>
</trkpt>
<trkpt lat="47.7479356" lon="2.4725458">
	<ele>117.30</ele>
	<time>1970-01-01T00:00:00.000Z</time>
</trkpt>
<trkpt lat="47.7474082" lon="2.4729650">
	<ele>117.30</ele>
	<time>1970-01-01T00:00:00.000Z</time>
</trkpt>
<trkpt lat="47.7467201" lon="2.4734346">
	<ele>117.90</ele>
	<time>1970-01-01T00:00:00.000Z</time>
</trkpt>
<trkpt lat="47.7457095" lon="2.4742893">
	<ele>118.40</ele>
	<time>1970-01-01T00:00:00.000Z</time>
</trkpt>
<trkpt lat="47.7423213" lon="2.4770157">
	<ele>120.20</ele>
	<time>1970-01-01T00:00:00.000Z</time>
</trkpt>
<trkpt lat="47.7421474" lon="2.4772003">
	<ele>120.00</ele>
	<time>1970-01-01T00:00:00.000Z</time>
</trkpt>
<trkpt lat="47.7411966" lon="2.4785079">
	<ele>119.90</ele>
	<time>1970-01-01T00:00:00.000Z</time>
</trkpt>
<trkpt lat="47.7410970" lon="2.4785936">
	<ele>120.30</ele>
	<time>1970-01-01T00:00:00.000Z</time>
</trkpt>
<trkpt lat="47.7409678" lon="2.4786890">
	<ele>120.00</ele>
	<time>1970-01-01T00:00:00.000Z</time>
</trkpt>
<trkpt lat="47.7402554" lon="2.4789943">
	<ele>121.30</ele>
	<time>1970-01-01T00:00:00.000Z</time>
</trkpt>
<trkpt lat="47.7395484" lon="2.4794007">
	<ele>124.20</ele>
	<time>1970-01-01T00:00:00.000Z</time>
</trkpt>
<trkpt lat="47.7356436" lon="2.4820513">
	<ele>125.40</ele>
	<time>1970-01-01T00:00:00.000Z</time>
</trkpt>
<trkpt lat="47.7317427" lon="2.4855446">
	<ele>119.30</ele>
	<time>1970-01-01T00:00:00.000Z</time>
</trkpt>
<trkpt lat="47.7314436" lon="2.4858757">
	<ele>118.60</ele>
	<time>1970-01-01T00:00:00.000Z</time>
</trkpt>
<trkpt lat="47.7308923" lon="2.4865934">
	<ele>119.70</ele>
	<time>1970-01-01T00:00:00.000Z</time>
</trkpt>
<trkpt lat="47.7308042" lon="2.4866171">
	<ele>119.70</ele>
	<time>1970-01-01T00:00:00.000Z</time>
</trkpt>
<trkpt lat="47.7307259" lon="2.4866242">
	<ele>119.60</ele>
	<time>1970-01-01T00:00:00.000Z</time>
</trkpt>
<trkpt lat="47.7304025" lon="2.4863659">
	<ele>119.70</ele>
	<time>1970-01-01T00:00:00.000Z</time>
</trkpt>
<trkpt lat="47.7299270" lon="2.4860934">
	<ele>120.20</ele>
	<time>1970-01-01T00:00:00.000Z</time>
</trkpt>
<trkpt lat="47.7287801" lon="2.4860546">
	<ele>123.90</ele>
	<time>1970-01-01T00:00:00.000Z</time>
</trkpt>
<trkpt lat="47.7275119" lon="2.4859020">
	<ele>124.80</ele>
	<time>1970-01-01T00:00:00.000Z</time>
</trkpt>
<trkpt lat="47.7274561" lon="2.4858411">
	<ele>124.90</ele>
	<time>1970-01-01T00:00:00.000Z</time>
</trkpt>
<trkpt lat="47.7274018" lon="2.4856851">
	<ele>124.90</ele>
	<time>1970-01-01T00:00:00.000Z</time>
</trkpt>
<trkpt lat="47.7272331" lon="2.4858645">
	<ele>124.90</ele>
	<time>1970-01-01T00:00:00.000Z</time>
</trkpt>
<trkpt lat="47.7262240" lon="2.4856767">
	<ele>128.20</ele>
	<time>1970-01-01T00:00:00.000Z</time>
</trkpt>
<trkpt lat="47.7259427" lon="2.4855566">
	<ele>129.90</ele>
	<time>1970-01-01T00:00:00.000Z</time>
</trkpt>
<trkpt lat="47.7250280" lon="2.4848782">
	<ele>132.70</ele>
	<time>1970-01-01T00:00:00.000Z</time>
</trkpt>
<trkpt lat="47.7247026" lon="2.4845693">
	<ele>133.90</ele>
	<time>1970-01-01T00:00:00.000Z</time>
</trkpt>
<trkpt lat="47.7235635" lon="2.4832313">
	<ele>137.20</ele>
	<time>1970-01-01T00:00:00.000Z</time>
</trkpt>
<trkpt lat="47.7231730" lon="2.4826900">
	<ele>137.90</ele>
	<time>1970-01-01T00:00:00.000Z</time>
</trkpt>
<trkpt lat="47.7230014" lon="2.4825168">
	<ele>138.50</ele>
	<time>1970-01-01T00:00:00.000Z</time>
</trkpt>
<trkpt lat="47.7222282" lon="2.4819121">
	<ele>137.80</ele>
	<time>1970-01-01T00:00:00.000Z</time>
</trkpt>
<trkpt lat="47.7201683" lon="2.4809946">
	<ele>140.60</ele>
	<time>1970-01-01T00:00:00.000Z</time>
</trkpt>
<trkpt lat="47.7189351" lon="2.4799422">
	<ele>146.40</ele>
	<time>1970-01-01T00:00:00.000Z</time>
</trkpt>
<trkpt lat="47.7175152" lon="2.4788397">
	<ele>151.50</ele>
	<time>1970-01-01T00:00:00.000Z</time>
</trkpt>
<trkpt lat="47.7158229" lon="2.4777959">
	<ele>150.20</ele>
	<time>1970-01-01T00:00:00.000Z</time>
</trkpt>
<trkpt lat="47.7154388" lon="2.4776556">
	<ele>149.60</ele>
	<time>1970-01-01T00:00:00.000Z</time>
</trkpt>
<trkpt lat="47.7143734" lon="2.4774861">
	<ele>148.60</ele>
	<time>1970-01-01T00:00:00.000Z</time>
</trkpt>
<trkpt lat="47.7115743" lon="2.4767373">
	<ele>150.00</ele>
	<time>1970-01-01T00:00:00.000Z</time>
</trkpt>
<trkpt lat="47.7073518" lon="2.4762827">
	<ele>147.90</ele>
	<time>1970-01-01T00:00:00.000Z</time>
</trkpt>
<trkpt lat="47.7063435" lon="2.4758193">
	<ele>146.40</ele>
	<time>1970-01-01T00:00:00.000Z</time>
</trkpt>
<trkpt lat="47.7062020" lon="2.4757887">
	<ele>146.40</ele>
	<time>1970-01-01T00:00:00.000Z</time>
</trkpt>
<trkpt lat="47.7038646" lon="2.4757981">
	<ele>143.60</ele>
	<time>1970-01-01T00:00:00.000Z</time>
</trkpt>
<trkpt lat="47.7032247" lon="2.4754300">
	<ele>144.30</ele>
	<time>1970-01-01T00:00:00.000Z</time>
</trkpt>
<trkpt lat="47.7030923" lon="2.4754097">
	<ele>144.30</ele>
	<time>1970-01-01T00:00:00.000Z</time>
</trkpt>
<trkpt lat="47.7021422" lon="2.4754950">
	<ele>144.70</ele>
	<time>1970-01-01T00:00:00.000Z</time>
</trkpt>
<trkpt lat="47.7009947" lon="2.4753079">
	<ele>150.50</ele>
	<time>1970-01-01T00:00:00.000Z</time>
</trkpt>
<trkpt lat="47.6989073" lon="2.4758925">
	<ele>151.60</ele>
	<time>1970-01-01T00:00:00.000Z</time>
</trkpt>
<trkpt lat="47.6986429" lon="2.4759535">
	<ele>149.80</ele>
	<time>1970-01-01T00:00:00.000Z</time>
</trkpt>
<trkpt lat="47.6980806" lon="2.4759978">
	<ele>148.80</ele>
	<time>1970-01-01T00:00:00.000Z</time>
</trkpt>
<trkpt lat="47.6970057" lon="2.4759832">
	<ele>149.00</ele>
	<time>1970-01-01T00:00:00.000Z</time>
</trkpt>
<trkpt lat="47.6957956" lon="2.4756631">
	<ele>150.00</ele>
	<time>1970-01-01T00:00:00.000Z</time>
</trkpt>
<trkpt lat="47.6956528" lon="2.4755685">
	<ele>150.50</ele>
	<time>1970-01-01T00:00:00.000Z</time>
</trkpt>
<trkpt lat="47.6947101" lon="2.4761030">
	<ele>149.10</ele>
	<time>1970-01-01T00:00:00.000Z</time>
</trkpt>
<trkpt lat="47.6936188" lon="2.4767868">
	<ele>145.90</ele>
	<time>1970-01-01T00:00:00.000Z</time>
</trkpt>
<trkpt lat="47.6931045" lon="2.4769318">
	<ele>142.70</ele>
	<time>1970-01-01T00:00:00.000Z</time>
</trkpt>
<trkpt lat="47.6927228" lon="2.4769195">
	<ele>141.90</ele>
	<time>1970-01-01T00:00:00.000Z</time>
</trkpt>
<trkpt lat="47.6923047" lon="2.4768065">
	<ele>141.50</ele>
	<time>1970-01-01T00:00:00.000Z</time>
</trkpt>
<trkpt lat="47.6905570" lon="2.4760849">
	<ele>144.00</ele>
	<time>1970-01-01T00:00:00.000Z</time>
</trkpt>
<trkpt lat="47.6903841" lon="2.4760642">
	<ele>144.50</ele>
	<time>1970-01-01T00:00:00.000Z</time>
</trkpt>
<trkpt lat="47.6904976" lon="2.4762603">
	<ele>144.80</ele>
	<time>1970-01-01T00:00:00.000Z</time>
</trkpt>
<trkpt lat="47.6906309" lon="2.4766937">
	<ele>144.10</ele>
	<time>1970-01-01T00:00:00.000Z</time>
</trkpt>
<trkpt lat="47.6960210" lon="2.4985712">
	<ele>136.40</ele>
	<time>1970-01-01T00:00:00.000Z</time>
</trkpt>
<trkpt lat="47.6961837" lon="2.4993547">
	<ele>135.90</ele>
	<time>1970-01-01T00:00:00.000Z</time>
</trkpt>
<trkpt lat="47.6963128" lon="2.5013265">
	<ele>138.50</ele>
	<time>1970-01-01T00:00:00.000Z</time>
</trkpt>
<trkpt lat="47.6967370" lon="2.5045640">
	<ele>141.00</ele>
	<time>1970-01-01T00:00:00.000Z</time>
</trkpt>
<trkpt lat="47.6968496" lon="2.5056361">
	<ele>142.50</ele>
	<time>1970-01-01T00:00:00.000Z</time>
</trkpt>
<trkpt lat="47.6973298" lon="2.5124221">
	<ele>141.50</ele>
	<time>1970-01-01T00:00:00.000Z</time>
</trkpt>
<trkpt lat="47.6974821" lon="2.5200627">
	<ele>136.30</ele>
	<time>1970-01-01T00:00:00.000Z</time>
</trkpt>
<trkpt lat="47.6974836" lon="2.5210842">
	<ele>136.00</ele>
	<time>1970-01-01T00:00:00.000Z</time>
</trkpt>
<trkpt lat="47.6974260" lon="2.5233110">
	<ele>137.60</ele>
	<time>1970-01-01T00:00:00.000Z</time>
</trkpt>
<trkpt lat="47.6976002" lon="2.5265109">
	<ele>137.90</ele>
	<time>1970-01-01T00:00:00.000Z</time>
</trkpt>
<trkpt lat="47.6980171" lon="2.5305788">
	<ele>133.00</ele>
	<time>1970-01-01T00:00:00.000Z</time>
</trkpt>
<trkpt lat="47.6984525" lon="2.5332271">
	<ele>135.20</ele>
	<time>1970-01-01T00:00:00.000Z</time>
</trkpt>
<trkpt lat="47.6985717" lon="2.5346884">
	<ele>132.70</ele>
	<time>1970-01-01T00:00:00.000Z</time>
</trkpt>
<trkpt lat="47.6987317" lon="2.5359549">
	<ele>131.00</ele>
	<time>1970-01-01T00:00:00.000Z</time>
</trkpt>
<trkpt lat="47.6993239" lon="2.5357394">
	<ele>129.90</ele>
	<time>1970-01-01T00:00:00.000Z</time>
</trkpt>
<trkpt lat="47.6994401" lon="2.5357568">
	<ele>129.10</ele>
	<time>1970-01-01T00:00:00.000Z</time>
</trkpt>
<trkpt lat="47.6995092" lon="2.5358164">
	<ele>129.10</ele>
	<time>1970-01-01T00:00:00.000Z</time>
</trkpt>
<trkpt lat="47.6996722" lon="2.5362500">
	<ele>128.50</ele>
	<time>1970-01-01T00:00:00.000Z</time>
</trkpt>
<trkpt lat="47.6997348" lon="2.5362890">
	<ele>128.20</ele>
	<time>1970-01-01T00:00:00.000Z</time>
</trkpt>
<trkpt lat="47.6999360" lon="2.5361965">
	<ele>128.20</ele>
	<time>1970-01-01T00:00:00.000Z</time>
</trkpt>
<trkpt lat="47.7003513" lon="2.5358237">
	<ele>127.90</ele>
	<time>1970-01-01T00:00:00.000Z</time>
</trkpt>
<trkpt lat="47.7006125" lon="2.5365626">
	<ele>128.10</ele>
	<time>1970-01-01T00:00:00.000Z</time>
</trkpt>
<trkpt lat="47.7010006" lon="2.5370792">
	<ele>128.80</ele>
	<time>1970-01-01T00:00:00.000Z</time>
</trkpt>
<trkpt lat="47.7014364" lon="2.5377674">
	<ele>129.70</ele>
	<time>1970-01-01T00:00:00.000Z</time>
</trkpt>
<trkpt lat="47.7020018" lon="2.5384986">
	<ele>131.40</ele>
	<time>1970-01-01T00:00:00.000Z</time>
</trkpt>
<trkpt lat="47.7017589" lon="2.5389847">
	<ele>130.30</ele>
	<time>1970-01-01T00:00:00.000Z</time>
</trkpt>
<trkpt lat="47.7014782" lon="2.5397167">
	<ele>128.70</ele>
	<time>1970-01-01T00:00:00.000Z</time>
</trkpt>
<trkpt lat="47.7014607" lon="2.5398329">
	<ele>127.80</ele>
	<time>1970-01-01T00:00:00.000Z</time>
</trkpt>
<trkpt lat="47.7014838" lon="2.5401967">
	<ele>126.80</ele>
	<time>1970-01-01T00:00:00.000Z</time>
</trkpt>
<trkpt lat="47.7012469" lon="2.5408651">
	<ele>125.40</ele>
	<time>1970-01-01T00:00:00.000Z</time>
</trkpt>
<trkpt lat="47.7012517" lon="2.5411599">
	<ele>124.50</ele>
	<time>1970-01-01T00:00:00.000Z</time>
</trkpt>
<trkpt lat="47.7013035" lon="2.5415167">
	<ele>124.30</ele>
	<time>1970-01-01T00:00:00.000Z</time>
</trkpt>
<trkpt lat="47.7012642" lon="2.5418112">
	<ele>124.20</ele>
	<time>1970-01-01T00:00:00.000Z</time>
</trkpt>
<trkpt lat="47.7007437" lon="2.5426911">
	<ele>128.90</ele>
	<time>1970-01-01T00:00:00.000Z</time>
</trkpt>
<trkpt lat="47.7006354" lon="2.5428120">
	<ele>130.40</ele>
	<time>1970-01-01T00:00:00.000Z</time>
</trkpt>
<trkpt lat="47.7001926" lon="2.5430863">
	<ele>131.30</ele>
	<time>1970-01-01T00:00:00.000Z</time>
</trkpt>
<trkpt lat="47.7000756" lon="2.5433623">
	<ele>131.30</ele>
	<time>1970-01-01T00:00:00.000Z</time>
</trkpt>
<trkpt lat="47.7001751" lon="2.5436732">
	<ele>131.10</ele>
	<time>1970-01-01T00:00:00.000Z</time>
</trkpt>
<trkpt lat="47.7009961" lon="2.5446102">
	<ele>128.20</ele>
	<time>1970-01-01T00:00:00.000Z</time>
</trkpt>
<trkpt lat="47.7010177" lon="2.5457968">
	<ele>122.50</ele>
	<time>1970-01-01T00:00:00.000Z</time>
</trkpt>
<trkpt lat="47.7011515" lon="2.5482677">
	<ele>120.30</ele>
	<time>1970-01-01T00:00:00.000Z</time>
</trkpt>
<trkpt lat="47.7013956" lon="2.5501536">
	<ele>119.70</ele>
	<time>1970-01-01T00:00:00.000Z</time>
</trkpt>
<trkpt lat="47.7019637" lon="2.5511541">
	<ele>120.50</ele>
	<time>1970-01-01T00:00:00.000Z</time>
</trkpt>
<trkpt lat="47.7022521" lon="2.5516929">
	<ele>120.90</ele>
	<time>1970-01-01T00:00:00.000Z</time>
</trkpt>
<trkpt lat="47.7022880" lon="2.5518174">
	<ele>120.90</ele>
	<time>1970-01-01T00:00:00.000Z</time>
</trkpt>
<trkpt lat="47.7022893" lon="2.5519094">
	<ele>120.90</ele>
	<time>1970-01-01T00:00:00.000Z</time>
</trkpt>
<trkpt lat="47.7019612" lon="2.5528489">
	<ele>120.20</ele>
	<time>1970-01-01T00:00:00.000Z</time>
</trkpt>
<trkpt lat="47.7015952" lon="2.5541200">
	<ele>119.60</ele>
	<time>1970-01-01T00:00:00.000Z</time>
</trkpt>
<trkpt lat="47.7015343" lon="2.5544550">
	<ele>119.30</ele>
	<time>1970-01-01T00:00:00.000Z</time>
</trkpt>
<trkpt lat="47.7015338" lon="2.5547710">
	<ele>119.00</ele>
	<time>1970-01-01T00:00:00.000Z</time>
</trkpt>
<trkpt lat="47.7016616" lon="2.5554699">
	<ele>119.60</ele>
	<time>1970-01-01T00:00:00.000Z</time>
</trkpt>
<trkpt lat="47.7020524" lon="2.5566947">
	<ele>120.90</ele>
	<time>1970-01-01T00:00:00.000Z</time>
</trkpt>
<trkpt lat="47.7025891" lon="2.5586651">
	<ele>119.20</ele>
	<time>1970-01-01T00:00:00.000Z</time>
</trkpt>
<trkpt lat="47.7030468" lon="2.5614094">
	<ele>121.80</ele>
	<time>1970-01-01T00:00:00.000Z</time>
</trkpt>
<trkpt lat="47.7030411" lon="2.5615923">
	<ele>121.60</ele>
	<time>1970-01-01T00:00:00.000Z</time>
</trkpt>
<trkpt lat="47.7026536" lon="2.5633974">
	<ele>119.80</ele>
	<time>1970-01-01T00:00:00.000Z</time>
</trkpt>
<trkpt lat="47.7024937" lon="2.5639809">
	<ele>120.50</ele>
	<time>1970-01-01T00:00:00.000Z</time>
</trkpt>
<trkpt lat="47.7023645" lon="2.5642952">
	<ele>120.70</ele>
	<time>1970-01-01T00:00:00.000Z</time>
</trkpt>
<trkpt lat="47.7023453" lon="2.5644662">
	<ele>120.70</ele>
	<time>1970-01-01T00:00:00.000Z</time>
</trkpt>
<trkpt lat="47.7021328" lon="2.5649531">
	<ele>121.50</ele>
	<time>1970-01-01T00:00:00.000Z</time>
</trkpt>
<trkpt lat="47.7011700" lon="2.5669582">
	<ele>122.70</ele>
	<time>1970-01-01T00:00:00.000Z</time>
</trkpt>
<trkpt lat="47.6991265" lon="2.5710215">
	<ele>120.90</ele>
	<time>1970-01-01T00:00:00.000Z</time>
</trkpt>
<trkpt lat="47.6979634" lon="2.5736920">
	<ele>122.20</ele>
	<time>1970-01-01T00:00:00.000Z</time>
</trkpt>
<trkpt lat="47.6970569" lon="2.5756127">
	<ele>121.50</ele>
	<time>1970-01-01T00:00:00.000Z</time>
</trkpt>
<trkpt lat="47.6968581" lon="2.5761394">
	<ele>121.30</ele>
	<time>1970-01-01T00:00:00.000Z</time>
</trkpt>
<trkpt lat="47.6964966" lon="2.5772650">
	<ele>121.80</ele>
	<time>1970-01-01T00:00:00.000Z</time>
</trkpt>
<trkpt lat="47.6961671" lon="2.5784435">
	<ele>122.10</ele>
	<time>1970-01-01T00:00:00.000Z</time>
</trkpt>
<trkpt lat="47.6952916" lon="2.5810462">
	<ele>121.30</ele>
	<time>1970-01-01T00:00:00.000Z</time>
</trkpt>
<trkpt lat="47.6944083" lon="2.5842272">
	<ele>122.70</ele>
	<time>1970-01-01T00:00:00.000Z</time>
</trkpt>
<trkpt lat="47.6935045" lon="2.5872555">
	<ele>122.40</ele>
	<time>1970-01-01T00:00:00.000Z</time>
</trkpt>
<trkpt lat="47.6928117" lon="2.5891057">
	<ele>120.00</ele>
	<time>1970-01-01T00:00:00.000Z</time>
</trkpt>
<trkpt lat="47.6923510" lon="2.5904583">
	<ele>120.90</ele>
	<time>1970-01-01T00:00:00.000Z</time>
</trkpt>
<trkpt lat="47.6921257" lon="2.5913787">
	<ele>122.40</ele>
	<time>1970-01-01T00:00:00.000Z</time>
</trkpt>
<trkpt lat="47.6919363" lon="2.5923171">
	<ele>122.20</ele>
	<time>1970-01-01T00:00:00.000Z</time>
</trkpt>
<trkpt lat="47.6919005" lon="2.5926110">
	<ele>121.90</ele>
	<time>1970-01-01T00:00:00.000Z</time>
</trkpt>
<trkpt lat="47.6919489" lon="2.5933357">
	<ele>121.70</ele>
	<time>1970-01-01T00:00:00.000Z</time>
</trkpt>
<trkpt lat="47.6919308" lon="2.5938326">
	<ele>121.80</ele>
	<time>1970-01-01T00:00:00.000Z</time>
</trkpt>
<trkpt lat="47.6916508" lon="2.5959003">
	<ele>121.10</ele>
	<time>1970-01-01T00:00:00.000Z</time>
</trkpt>
<trkpt lat="47.6909999" lon="2.5984352">
	<ele>120.20</ele>
	<time>1970-01-01T00:00:00.000Z</time>
</trkpt>
<trkpt lat="47.6903339" lon="2.6006078">
	<ele>119.30</ele>
	<time>1970-01-01T00:00:00.000Z</time>
</trkpt>
<trkpt lat="47.6899064" lon="2.6019147">
	<ele>117.50</ele>
	<time>1970-01-01T00:00:00.000Z</time>
</trkpt>
<trkpt lat="47.6893383" lon="2.6034787">
	<ele>118.60</ele>
	<time>1970-01-01T00:00:00.000Z</time>
</trkpt>
<trkpt lat="47.6890849" lon="2.6041261">
	<ele>119.70</ele>
	<time>1970-01-01T00:00:00.000Z</time>
</trkpt>
<trkpt lat="47.6879873" lon="2.6066616">
	<ele>120.00</ele>
	<time>1970-01-01T00:00:00.000Z</time>
</trkpt>
<trkpt lat="47.6868486" lon="2.6096264">
	<ele>120.20</ele>
	<time>1970-01-01T00:00:00.000Z</time>
</trkpt>
<trkpt lat="47.6866295" lon="2.6103066">
	<ele>119.80</ele>
	<time>1970-01-01T00:00:00.000Z</time>
</trkpt>
<trkpt lat="47.6859486" lon="2.6128893">
	<ele>123.50</ele>
	<time>1970-01-01T00:00:00.000Z</time>
</trkpt>
<trkpt lat="47.6852003" lon="2.6160634">
	<ele>120.00</ele>
	<time>1970-01-01T00:00:00.000Z</time>
</trkpt>
<trkpt lat="47.6849857" lon="2.6167352">
	<ele>120.50</ele>
	<time>1970-01-01T00:00:00.000Z</time>
</trkpt>
<trkpt lat="47.6842606" lon="2.6182519">
	<ele>125.80</ele>
	<time>1970-01-01T00:00:00.000Z</time>
</trkpt>
<trkpt lat="47.6830556" lon="2.6210624">
	<ele>126.10</ele>
	<time>1970-01-01T00:00:00.000Z</time>
</trkpt>
<trkpt lat="47.6823832" lon="2.6224760">
	<ele>126.60</ele>
	<time>1970-01-01T00:00:00.000Z</time>
</trkpt>
<trkpt lat="47.6818551" lon="2.6242214">
	<ele>125.20</ele>
	<time>1970-01-01T00:00:00.000Z</time>
</trkpt>
<trkpt lat="47.6818484" lon="2.6243559">
	<ele>125.20</ele>
	<time>1970-01-01T00:00:00.000Z</time>
</trkpt>
<trkpt lat="47.6818926" lon="2.6244255">
	<ele>124.90</ele>
	<time>1970-01-01T00:00:00.000Z</time>
</trkpt>
<trkpt lat="47.6819111" lon="2.6245402">
	<ele>124.90</ele>
	<time>1970-01-01T00:00:00.000Z</time>
</trkpt>
<trkpt lat="47.6819044" lon="2.6247346">
	<ele>124.50</ele>
	<time>1970-01-01T00:00:00.000Z</time>
</trkpt>
<trkpt lat="47.6817812" lon="2.6258806">
	<ele>123.50</ele>
	<time>1970-01-01T00:00:00.000Z</time>
</trkpt>
<trkpt lat="47.6813919" lon="2.6288543">
	<ele>121.20</ele>
	<time>1970-01-01T00:00:00.000Z</time>
</trkpt>
<trkpt lat="47.6812863" lon="2.6290561">
	<ele>121.00</ele>
	<time>1970-01-01T00:00:00.000Z</time>
</trkpt>
<trkpt lat="47.6810638" lon="2.6301161">
	<ele>121.50</ele>
	<time>1970-01-01T00:00:00.000Z</time>
</trkpt>
<trkpt lat="47.6811558" lon="2.6301726">
	<ele>120.30</ele>
	<time>1970-01-01T00:00:00.000Z</time>
</trkpt>
<trkpt lat="47.6811277" lon="2.6303687">
	<ele>119.80</ele>
	<time>1970-01-01T00:00:00.000Z</time>
</trkpt>
<trkpt lat="47.6807187" lon="2.6314459">
	<ele>120.30</ele>
	<time>1970-01-01T00:00:00.000Z</time>
</trkpt>
<trkpt lat="47.6807326" lon="2.6315750">
	<ele>119.40</ele>
	<time>1970-01-01T00:00:00.000Z</time>
</trkpt>
<trkpt lat="47.6807044" lon="2.6317312">
	<ele>119.20</ele>
	<time>1970-01-01T00:00:00.000Z</time>
</trkpt>
<trkpt lat="47.6805807" lon="2.6321810">
	<ele>118.30</ele>
	<time>1970-01-01T00:00:00.000Z</time>
</trkpt>
<trkpt lat="47.6798028" lon="2.6344111">
	<ele>121.70</ele>
	<time>1970-01-01T00:00:00.000Z</time>
</trkpt>
<trkpt lat="47.6796827" lon="2.6348478">
	<ele>120.70</ele>
	<time>1970-01-01T00:00:00.000Z</time>
</trkpt>
<trkpt lat="47.6796066" lon="2.6349907">
	<ele>120.60</ele>
	<time>1970-01-01T00:00:00.000Z</time>
</trkpt>
<trkpt lat="47.6792328" lon="2.6360624">
	<ele>120.30</ele>
	<time>1970-01-01T00:00:00.000Z</time>
</trkpt>
<trkpt lat="47.6787432" lon="2.6378350">
	<ele>120.00</ele>
	<time>1970-01-01T00:00:00.000Z</time>
</trkpt>
<trkpt lat="47.6770043" lon="2.6367037">
	<ele>125.30</ele>
	<time>1970-01-01T00:00:00.000Z</time>
</trkpt>
<trkpt lat="47.6750550" lon="2.6356825">
	<ele>125.40</ele>
	<time>1970-01-01T00:00:00.000Z</time>
</trkpt>
<trkpt lat="47.6744642" lon="2.6351822">
	<ele>125.30</ele>
	<time>1970-01-01T00:00:00.000Z</time>
</trkpt>
<trkpt lat="47.6744034" lon="2.6352188">
	<ele>125.60</ele>
	<time>1970-01-01T00:00:00.000Z</time>
</trkpt>
<trkpt lat="47.6741489" lon="2.6355770">
	<ele>126.00</ele>
	<time>1970-01-01T00:00:00.000Z</time>
</trkpt>
<trkpt lat="47.6742409" lon="2.6360864">
	<ele>126.40</ele>
	<time>1970-01-01T00:00:00.000Z</time>
</trkpt>
<trkpt lat="47.6746521" lon="2.6373878">
	<ele>124.40</ele>
	<time>1970-01-01T00:00:00.000Z</time>
</trkpt>
<trkpt lat="47.6743257" lon="2.6376167">
	<ele>124.50</ele>
	<time>1970-01-01T00:00:00.000Z</time>
</trkpt>
<trkpt lat="47.6742330" lon="2.6376129">
	<ele>124.50</ele>
	<time>1970-01-01T00:00:00.000Z</time>
</trkpt>
<trkpt lat="47.6730039" lon="2.6371307">
	<ele>124.60</ele>
	<time>1970-01-01T00:00:00.000Z</time>
</trkpt>
<trkpt lat="47.6717399" lon="2.6387921">
	<ele>124.80</ele>
	<time>1970-01-01T00:00:00.000Z</time>
</trkpt>
<trkpt lat="47.6705129" lon="2.6407712">
	<ele>123.30</ele>
	<time>1970-01-01T00:00:00.000Z</time>
</trkpt>
<trkpt lat="47.6692960" lon="2.6431432">
	<ele>123.50</ele>
	<time>1970-01-01T00:00:00.000Z</time>
</trkpt>
<trkpt lat="47.6683074" lon="2.6453697">
	<ele>123.60</ele>
	<time>1970-01-01T00:00:00.000Z</time>
</trkpt>
<trkpt lat="47.6677938" lon="2.6467271">
	<ele>123.50</ele>
	<time>1970-01-01T00:00:00.000Z</time>
</trkpt>
<trkpt lat="47.6677259" lon="2.6468583">
	<ele>124.20</ele>
	<time>1970-01-01T00:00:00.000Z</time>
</trkpt>
<trkpt lat="47.6676371" lon="2.6469388">
	<ele>123.90</ele>
	<time>1970-01-01T00:00:00.000Z</time>
</trkpt>
<trkpt lat="47.6674444" lon="2.6469453">
	<ele>123.50</ele>
	<time>1970-01-01T00:00:00.000Z</time>
</trkpt>
<trkpt lat="47.6669693" lon="2.6466898">
	<ele>122.80</ele>
	<time>1970-01-01T00:00:00.000Z</time>
</trkpt>
<trkpt lat="47.6664379" lon="2.6465922">
	<ele>122.50</ele>
	<time>1970-01-01T00:00:00.000Z</time>
</trkpt>
<trkpt lat="47.6657521" lon="2.6466167">
	<ele>122.30</ele>
	<time>1970-01-01T00:00:00.000Z</time>
</trkpt>
<trkpt lat="47.6653162" lon="2.6468314">
	<ele>123.30</ele>
	<time>1970-01-01T00:00:00.000Z</time>
</trkpt>
<trkpt lat="47.6650706" lon="2.6468691">
	<ele>124.30</ele>
	<time>1970-01-01T00:00:00.000Z</time>
</trkpt>
<trkpt lat="47.6647803" lon="2.6467379">
	<ele>124.30</ele>
	<time>1970-01-01T00:00:00.000Z</time>
</trkpt>
<trkpt lat="47.6638537" lon="2.6459646">
	<ele>126.70</ele>
	<time>1970-01-01T00:00:00.000Z</time>
</trkpt>
<trkpt lat="47.6631568" lon="2.6458716">
	<ele>131.50</ele>
	<time>1970-01-01T00:00:00.000Z</time>
</trkpt>
<trkpt lat="47.6625960" lon="2.6455995">
	<ele>132.70</ele>
	<time>1970-01-01T00:00:00.000Z</time>
</trkpt>
<trkpt lat="47.6622220" lon="2.6469267">
	<ele>133.50</ele>
	<time>1970-01-01T00:00:00.000Z</time>
</trkpt>
<trkpt lat="47.6618566" lon="2.6487570">
	<ele>134.50</ele>
	<time>1970-01-01T00:00:00.000Z</time>
</trkpt>
<trkpt lat="47.6618266" lon="2.6492488">
	<ele>134.10</ele>
	<time>1970-01-01T00:00:00.000Z</time>
</trkpt>
<trkpt lat="47.6618730" lon="2.6503157">
	<ele>131.40</ele>
	<time>1970-01-01T00:00:00.000Z</time>
</trkpt>
<trkpt lat="47.6617947" lon="2.6509038">
	<ele>131.70</ele>
	<time>1970-01-01T00:00:00.000Z</time>
</trkpt>
<trkpt lat="47.6616376" lon="2.6516455">
	<ele>132.00</ele>
	<time>1970-01-01T00:00:00.000Z</time>
</trkpt>
<trkpt lat="47.6609731" lon="2.6542987">
	<ele>130.50</ele>
	<time>1970-01-01T00:00:00.000Z</time>
</trkpt>
<trkpt lat="47.6605502" lon="2.6555577">
	<ele>132.60</ele>
	<time>1970-01-01T00:00:00.000Z</time>
</trkpt>
<trkpt lat="47.6601690" lon="2.6563092">
	<ele>134.90</ele>
	<time>1970-01-01T00:00:00.000Z</time>
</trkpt>
<trkpt lat="47.6594002" lon="2.6581459">
	<ele>136.80</ele>
	<time>1970-01-01T00:00:00.000Z</time>
</trkpt>
<trkpt lat="47.6593532" lon="2.6581747">
	<ele>136.80</ele>
	<time>1970-01-01T00:00:00.000Z</time>
</trkpt>
<trkpt lat="47.6592760" lon="2.6584556">
	<ele>137.20</ele>
	<time>1970-01-01T00:00:00.000Z</time>
</trkpt>
<trkpt lat="47.6590881" lon="2.6594801">
	<ele>135.40</ele>
	<time>1970-01-01T00:00:00.000Z</time>
</trkpt>
<trkpt lat="47.6587882" lon="2.6603429">
	<ele>134.00</ele>
	<time>1970-01-01T00:00:00.000Z</time>
</trkpt>
<trkpt lat="47.6586774" lon="2.6605834">
	<ele>134.30</ele>
	<time>1970-01-01T00:00:00.000Z</time>
</trkpt>
<trkpt lat="47.6585796" lon="2.6607091">
	<ele>135.10</ele>
	<time>1970-01-01T00:00:00.000Z</time>
</trkpt>
<trkpt lat="47.6582718" lon="2.6610280">
	<ele>135.00</ele>
	<time>1970-01-01T00:00:00.000Z</time>
</trkpt>
<trkpt lat="47.6581685" lon="2.6610714">
	<ele>135.20</ele>
	<time>1970-01-01T00:00:00.000Z</time>
</trkpt>
<trkpt lat="47.6567816" lon="2.6645762">
	<ele>138.10</ele>
	<time>1970-01-01T00:00:00.000Z</time>
</trkpt>
<trkpt lat="47.6567644" lon="2.6648493">
	<ele>138.00</ele>
	<time>1970-01-01T00:00:00.000Z</time>
</trkpt>
<trkpt lat="47.6563951" lon="2.6669446">
	<ele>129.80</ele>
	<time>1970-01-01T00:00:00.000Z</time>
</trkpt>
<trkpt lat="47.6562349" lon="2.6675995">
	<ele>128.40</ele>
	<time>1970-01-01T00:00:00.000Z</time>
</trkpt>
<trkpt lat="47.6560003" lon="2.6680366">
	<ele>130.00</ele>
	<time>1970-01-01T00:00:00.000Z</time>
</trkpt>
<trkpt lat="47.6529303" lon="2.6658993">
	<ele>150.00</ele>
	<time>1970-01-01T00:00:00.000Z</time>
</trkpt>
<trkpt lat="47.6527266" lon="2.6664400">
	<ele>150.80</ele>
	<time>1970-01-01T00:00:00.000Z</time>
</trkpt>
<trkpt lat="47.6523134" lon="2.6680315">
	<ele>151.00</ele>
	<time>1970-01-01T00:00:00.000Z</time>
</trkpt>
<trkpt lat="47.6520509" lon="2.6687981">
	<ele>152.30</ele>
	<time>1970-01-01T00:00:00.000Z</time>
</trkpt>
<trkpt lat="47.6514685" lon="2.6700269">
	<ele>152.50</ele>
	<time>1970-01-01T00:00:00.000Z</time>
</trkpt>
<trkpt lat="47.6505180" lon="2.6716249">
	<ele>154.10</ele>
	<time>1970-01-01T00:00:00.000Z</time>
</trkpt>
<trkpt lat="47.6503820" lon="2.6719079">
	<ele>154.00</ele>
	<time>1970-01-01T00:00:00.000Z</time>
</trkpt>
<trkpt lat="47.6498408" lon="2.6734166">
	<ele>153.50</ele>
	<time>1970-01-01T00:00:00.000Z</time>
</trkpt>
<trkpt lat="47.6494884" lon="2.6742340">
	<ele>153.80</ele>
	<time>1970-01-01T00:00:00.000Z</time>
</trkpt>
<trkpt lat="47.6493696" lon="2.6745892">
	<ele>153.30</ele>
	<time>1970-01-01T00:00:00.000Z</time>
</trkpt>
<trkpt lat="47.6491504" lon="2.6753789">
	<ele>152.30</ele>
	<time>1970-01-01T00:00:00.000Z</time>
</trkpt>
<trkpt lat="47.6490537" lon="2.6758482">
	<ele>152.00</ele>
	<time>1970-01-01T00:00:00.000Z</time>
</trkpt>
<trkpt lat="47.6490020" lon="2.6763869">
	<ele>151.30</ele>
	<time>1970-01-01T00:00:00.000Z</time>
</trkpt>
<trkpt lat="47.6490347" lon="2.6771208">
	<ele>152.00</ele>
	<time>1970-01-01T00:00:00.000Z</time>
</trkpt>
<trkpt lat="47.6489360" lon="2.6775701">
	<ele>153.30</ele>
	<time>1970-01-01T00:00:00.000Z</time>
</trkpt>
<trkpt lat="47.6482157" lon="2.6794406">
	<ele>153.40</ele>
	<time>1970-01-01T00:00:00.000Z</time>
</trkpt>
<trkpt lat="47.6482194" lon="2.6807724">
	<ele>152.70</ele>
	<time>1970-01-01T00:00:00.000Z</time>
</trkpt>
<trkpt lat="47.6481201" lon="2.6810104">
	<ele>152.60</ele>
	<time>1970-01-01T00:00:00.000Z</time>
</trkpt>
<trkpt lat="47.6477000" lon="2.6817842">
	<ele>153.50</ele>
	<time>1970-01-01T00:00:00.000Z</time>
</trkpt>
<trkpt lat="47.6476161" lon="2.6820816">
	<ele>153.60</ele>
	<time>1970-01-01T00:00:00.000Z</time>
</trkpt>
<trkpt lat="47.6480307" lon="2.6822549">
	<ele>153.40</ele>
	<time>1970-01-01T00:00:00.000Z</time>
</trkpt>
<trkpt lat="47.6482702" lon="2.6822803">
	<ele>152.90</ele>
	<time>1970-01-01T00:00:00.000Z</time>
</trkpt>
<trkpt lat="47.6484892" lon="2.6824068">
	<ele>152.70</ele>
	<time>1970-01-01T00:00:00.000Z</time>
</trkpt>
<trkpt lat="47.6487528" lon="2.6826502">
	<ele>152.60</ele>
	<time>1970-01-01T00:00:00.000Z</time>
</trkpt>
<trkpt lat="47.6491095" lon="2.6831185">
	<ele>152.10</ele>
	<time>1970-01-01T00:00:00.000Z</time>
</trkpt>
<trkpt lat="47.6491287" lon="2.6832128">
	<ele>151.80</ele>
	<time>1970-01-01T00:00:00.000Z</time>
</trkpt>
<trkpt lat="47.6485558" lon="2.6843632">
	<ele>152.00</ele>
	<time>1970-01-01T00:00:00.000Z</time>
</trkpt>
<trkpt lat="47.6480616" lon="2.6846963">
	<ele>151.70</ele>
	<time>1970-01-01T00:00:00.000Z</time>
</trkpt>
<trkpt lat="47.6485920" lon="2.6860918">
	<ele>144.30</ele>
	<time>1970-01-01T00:00:00.000Z</time>
</trkpt>
<trkpt lat="47.6486786" lon="2.6865508">
	<ele>138.30</ele>
	<time>1970-01-01T00:00:00.000Z</time>
</trkpt>
<trkpt lat="47.6486415" lon="2.6868068">
	<ele>136.20</ele>
	<time>1970-01-01T00:00:00.000Z</time>
</trkpt>
<trkpt lat="47.6483056" lon="2.6880408">
	<ele>133.60</ele>
	<time>1970-01-01T00:00:00.000Z</time>
</trkpt>
<trkpt lat="47.6482843" lon="2.6885165">
	<ele>132.50</ele>
	<time>1970-01-01T00:00:00.000Z</time>
</trkpt>
<trkpt lat="47.6483071" lon="2.6899805">
	<ele>127.90</ele>
	<time>1970-01-01T00:00:00.000Z</time>
</trkpt>
<trkpt lat="47.6473296" lon="2.6917068">
	<ele>140.30</ele>
	<time>1970-01-01T00:00:00.000Z</time>
</trkpt>
<trkpt lat="47.6472825" lon="2.6918949">
	<ele>139.50</ele>
	<time>1970-01-01T00:00:00.000Z</time>
</trkpt>
<trkpt lat="47.6473570" lon="2.6921810">
	<ele>136.30</ele>
	<time>1970-01-01T00:00:00.000Z</time>
</trkpt>
<trkpt lat="47.6473683" lon="2.6923768">
	<ele>135.10</ele>
	<time>1970-01-01T00:00:00.000Z</time>
</trkpt>
<trkpt lat="47.6473062" lon="2.6926700">
	<ele>135.30</ele>
	<time>1970-01-01T00:00:00.000Z</time>
</trkpt>
<trkpt lat="47.6471778" lon="2.6928814">
	<ele>134.40</ele>
	<time>1970-01-01T00:00:00.000Z</time>
</trkpt>
<trkpt lat="47.6469319" lon="2.6931117">
	<ele>135.00</ele>
	<time>1970-01-01T00:00:00.000Z</time>
</trkpt>
<trkpt lat="47.6467716" lon="2.6934163">
	<ele>133.20</ele>
	<time>1970-01-01T00:00:00.000Z</time>
</trkpt>
<trkpt lat="47.6461853" lon="2.6950129">
	<ele>134.50</ele>
	<time>1970-01-01T00:00:00.000Z</time>
</trkpt>
<trkpt lat="47.6456767" lon="2.6960519">
	<ele>140.60</ele>
	<time>1970-01-01T00:00:00.000Z</time>
</trkpt>
<trkpt lat="47.6453451" lon="2.6969517">
	<ele>136.80</ele>
	<time>1970-01-01T00:00:00.000Z</time>
</trkpt>
<trkpt lat="47.6445670" lon="2.6988369">
	<ele>136.00</ele>
	<time>1970-01-01T00:00:00.000Z</time>
</trkpt>
<trkpt lat="47.6439722" lon="2.6999830">
	<ele>137.00</ele>
	<time>1970-01-01T00:00:00.000Z</time>
</trkpt>
<trkpt lat="47.6433188" lon="2.7010735">
	<ele>133.50</ele>
	<time>1970-01-01T00:00:00.000Z</time>
</trkpt>
<trkpt lat="47.6431505" lon="2.7017921">
	<ele>133.60</ele>
	<time>1970-01-01T00:00:00.000Z</time>
</trkpt>
<trkpt lat="47.6429060" lon="2.7026034">
	<ele>137.10</ele>
	<time>1970-01-01T00:00:00.000Z</time>
</trkpt>
<trkpt lat="47.6425198" lon="2.7036204">
	<ele>138.70</ele>
	<time>1970-01-01T00:00:00.000Z</time>
</trkpt>
<trkpt lat="47.6419325" lon="2.7049450">
	<ele>136.60</ele>
	<time>1970-01-01T00:00:00.000Z</time>
</trkpt>
<trkpt lat="47.6415134" lon="2.7057956">
	<ele>136.20</ele>
	<time>1970-01-01T00:00:00.000Z</time>
</trkpt>
<trkpt lat="47.6409033" lon="2.7069057">
	<ele>133.80</ele>
	<time>1970-01-01T00:00:00.000Z</time>
</trkpt>
<trkpt lat="47.6402918" lon="2.7081996">
	<ele>135.90</ele>
	<time>1970-01-01T00:00:00.000Z</time>
</trkpt>
<trkpt lat="47.6398024" lon="2.7090334">
	<ele>136.30</ele>
	<time>1970-01-01T00:00:00.000Z</time>
</trkpt>
<trkpt lat="47.6390761" lon="2.7108232">
	<ele>134.90</ele>
	<time>1970-01-01T00:00:00.000Z</time>
</trkpt>
<trkpt lat="47.6387550" lon="2.7113364">
	<ele>138.20</ele>
	<time>1970-01-01T00:00:00.000Z</time>
</trkpt>
<trkpt lat="47.6383735" lon="2.7121043">
	<ele>139.30</ele>
	<time>1970-01-01T00:00:00.000Z</time>
</trkpt>
<trkpt lat="47.6379133" lon="2.7127644">
	<ele>141.10</ele>
	<time>1970-01-01T00:00:00.000Z</time>
</trkpt>
<trkpt lat="47.6376086" lon="2.7133230">
	<ele>140.80</ele>
	<time>1970-01-01T00:00:00.000Z</time>
</trkpt>
<trkpt lat="47.6373144" lon="2.7137013">
	<ele>139.80</ele>
	<time>1970-01-01T00:00:00.000Z</time>
</trkpt>
<trkpt lat="47.6370455" lon="2.7141490">
	<ele>138.70</ele>
	<time>1970-01-01T00:00:00.000Z</time>
</trkpt>
<trkpt lat="47.6368427" lon="2.7144162">
	<ele>137.70</ele>
	<time>1970-01-01T00:00:00.000Z</time>
</trkpt>
<trkpt lat="47.6366353" lon="2.7146530">
	<ele>137.00</ele>
	<time>1970-01-01T00:00:00.000Z</time>
</trkpt>
<trkpt lat="47.6360282" lon="2.7152092">
	<ele>139.70</ele>
	<time>1970-01-01T00:00:00.000Z</time>
</trkpt>
<trkpt lat="47.6350136" lon="2.7166169">
	<ele>131.10</ele>
	<time>1970-01-01T00:00:00.000Z</time>
</trkpt>
<trkpt lat="47.6346674" lon="2.7171512">
	<ele>128.90</ele>
	<time>1970-01-01T00:00:00.000Z</time>
</trkpt>
<trkpt lat="47.6339162" lon="2.7180261">
	<ele>129.00</ele>
	<time>1970-01-01T00:00:00.000Z</time>
</trkpt>
<trkpt lat="47.6331760" lon="2.7189928">
	<ele>132.10</ele>
	<time>1970-01-01T00:00:00.000Z</time>
</trkpt>
<trkpt lat="47.6325470" lon="2.7196625">
	<ele>130.60</ele>
	<time>1970-01-01T00:00:00.000Z</time>
</trkpt>
<trkpt lat="47.6322414" lon="2.7204107">
	<ele>129.90</ele>
	<time>1970-01-01T00:00:00.000Z</time>
</trkpt>
<trkpt lat="47.6320106" lon="2.7213611">
	<ele>129.30</ele>
	<time>1970-01-01T00:00:00.000Z</time>
</trkpt>
<trkpt lat="47.6322324" lon="2.7223107">
	<ele>128.90</ele>
	<time>1970-01-01T00:00:00.000Z</time>
</trkpt>
<trkpt lat="47.6314547" lon="2.7226639">
	<ele>128.70</ele>
	<time>1970-01-01T00:00:00.000Z</time>
</trkpt>
<trkpt lat="47.6308328" lon="2.7230890">
	<ele>129.00</ele>
	<time>1970-01-01T00:00:00.000Z</time>
</trkpt>
<trkpt lat="47.6288270" lon="2.7252102">
	<ele>127.80</ele>
	<time>1970-01-01T00:00:00.000Z</time>
</trkpt>
<trkpt lat="47.6275838" lon="2.7266706">
	<ele>129.20</ele>
	<time>1970-01-01T00:00:00.000Z</time>
</trkpt>
<trkpt lat="47.6276254" lon="2.7267714">
	<ele>129.20</ele>
	<time>1970-01-01T00:00:00.000Z</time>
</trkpt>
<trkpt lat="47.6283389" lon="2.7270594">
	<ele>130.50</ele>
	<time>1970-01-01T00:00:00.000Z</time>
</trkpt>
<trkpt lat="47.6287186" lon="2.7273342">
	<ele>130.70</ele>
	<time>1970-01-01T00:00:00.000Z</time>
</trkpt>
<trkpt lat="47.6289775" lon="2.7275862">
	<ele>130.50</ele>
	<time>1970-01-01T00:00:00.000Z</time>
</trkpt>
<trkpt lat="47.6294521" lon="2.7282168">
	<ele>130.30</ele>
	<time>1970-01-01T00:00:00.000Z</time>
</trkpt>
<trkpt lat="47.6294982" lon="2.7285486">
	<ele>130.40</ele>
	<time>1970-01-01T00:00:00.000Z</time>
</trkpt>
<trkpt lat="47.6297497" lon="2.7290815">
	<ele>131.10</ele>
	<time>1970-01-01T00:00:00.000Z</time>
</trkpt>
<trkpt lat="47.6300690" lon="2.7299413">
	<ele>132.10</ele>
	<time>1970-01-01T00:00:00.000Z</time>
</trkpt>
<trkpt lat="47.6300749" lon="2.7301564">
	<ele>132.10</ele>
	<time>1970-01-01T00:00:00.000Z</time>
</trkpt>
<trkpt lat="47.6300350" lon="2.7302712">
	<ele>132.10</ele>
	<time>1970-01-01T00:00:00.000Z</time>
</trkpt>
<trkpt lat="47.6299173" lon="2.7303389">
	<ele>131.80</ele>
	<time>1970-01-01T00:00:00.000Z</time>
</trkpt>
<trkpt lat="47.6299090" lon="2.7304133">
	<ele>131.80</ele>
	<time>1970-01-01T00:00:00.000Z</time>
</trkpt>
<trkpt lat="47.6301169" lon="2.7310530">
	<ele>131.90</ele>
	<time>1970-01-01T00:00:00.000Z</time>
</trkpt>
<trkpt lat="47.6324886" lon="2.7381459">
	<ele>126.00</ele>
	<time>1970-01-01T00:00:00.000Z</time>
</trkpt>
<trkpt lat="47.6326378" lon="2.7384348">
	<ele>129.00</ele>
	<time>1970-01-01T00:00:00.000Z</time>
</trkpt>
<trkpt lat="47.6328145" lon="2.7389225">
	<ele>131.60</ele>
	<time>1970-01-01T00:00:00.000Z</time>
</trkpt>
<trkpt lat="47.6331169" lon="2.7393513">
	<ele>134.30</ele>
	<time>1970-01-01T00:00:00.000Z</time>
</trkpt>
<trkpt lat="47.6326949" lon="2.7398395">
	<ele>135.70</ele>
	<time>1970-01-01T00:00:00.000Z</time>
</trkpt>
<trkpt lat="47.6326090" lon="2.7398331">
	<ele>135.80</ele>
	<time>1970-01-01T00:00:00.000Z</time>
</trkpt>
<trkpt lat="47.6324762" lon="2.7398018">
	<ele>135.80</ele>
	<time>1970-01-01T00:00:00.000Z</time>
</trkpt>
<trkpt lat="47.6323405" lon="2.7395320">
	<ele>135.50</ele>
	<time>1970-01-01T00:00:00.000Z</time>
</trkpt>
<trkpt lat="47.6321861" lon="2.7393319">
	<ele>134.20</ele>
	<time>1970-01-01T00:00:00.000Z</time>
</trkpt>
<trkpt lat="47.6318599" lon="2.7391217">
	<ele>130.50</ele>
	<time>1970-01-01T00:00:00.000Z</time>
</trkpt>
<trkpt lat="47.6317261" lon="2.7390852">
	<ele>130.50</ele>
	<time>1970-01-01T00:00:00.000Z</time>
</trkpt>
<trkpt lat="47.6299077" lon="2.7403748">
	<ele>133.90</ele>
	<time>1970-01-01T00:00:00.000Z</time>
</trkpt>
<trkpt lat="47.6291068" lon="2.7410593">
	<ele>133.40</ele>
	<time>1970-01-01T00:00:00.000Z</time>
</trkpt>
<trkpt lat="47.6290827" lon="2.7409756">
	<ele>133.40</ele>
	<time>1970-01-01T00:00:00.000Z</time>
</trkpt>
<trkpt lat="47.6290304" lon="2.7409251">
	<ele>133.40</ele>
	<time>1970-01-01T00:00:00.000Z</time>
</trkpt>
<trkpt lat="47.6289511" lon="2.7409255">
	<ele>133.00</ele>
	<time>1970-01-01T00:00:00.000Z</time>
</trkpt>
<trkpt lat="47.6288109" lon="2.7410433">
	<ele>132.70</ele>
	<time>1970-01-01T00:00:00.000Z</time>
</trkpt>
<trkpt lat="47.6287286" lon="2.7412274">
	<ele>133.00</ele>
	<time>1970-01-01T00:00:00.000Z</time>
</trkpt>
<trkpt lat="47.6285650" lon="2.7407476">
	<ele>131.70</ele>
	<time>1970-01-01T00:00:00.000Z</time>
</trkpt>
<trkpt lat="47.6281330" lon="2.7409814">
	<ele>131.10</ele>
	<time>1970-01-01T00:00:00.000Z</time>
</trkpt>
<trkpt lat="47.6262082" lon="2.7424036">
	<ele>130.10</ele>
	<time>1970-01-01T00:00:00.000Z</time>
</trkpt>
<trkpt lat="47.6253222" lon="2.7431120">
	<ele>132.10</ele>
	<time>1970-01-01T00:00:00.000Z</time>
</trkpt>
<trkpt lat="47.6187919" lon="2.7484913">
	<ele>136.10</ele>
	<time>1970-01-01T00:00:00.000Z</time>
</trkpt>
<trkpt lat="47.6116791" lon="2.7543921">
	<ele>135.70</ele>
	<time>1970-01-01T00:00:00.000Z</time>
</trkpt>
<trkpt lat="47.6108517" lon="2.7551163">
	<ele>136.10</ele>
	<time>1970-01-01T00:00:00.000Z</time>
</trkpt>
<trkpt lat="47.6069183" lon="2.7590714">
	<ele>130.50</ele>
	<time>1970-01-01T00:00:00.000Z</time>
</trkpt>
<trkpt lat="47.6063328" lon="2.7597352">
	<ele>130.80</ele>
	<time>1970-01-01T00:00:00.000Z</time>
</trkpt>
<trkpt lat="47.6060893" lon="2.7599240">
	<ele>130.30</ele>
	<time>1970-01-01T00:00:00.000Z</time>
</trkpt>
<trkpt lat="47.6041320" lon="2.7619200">
	<ele>131.80</ele>
	<time>1970-01-01T00:00:00.000Z</time>
</trkpt>
<trkpt lat="47.6014598" lon="2.7647107">
	<ele>132.70</ele>
	<time>1970-01-01T00:00:00.000Z</time>
</trkpt>
<trkpt lat="47.6013464" lon="2.7647204">
	<ele>132.70</ele>
	<time>1970-01-01T00:00:00.000Z</time>
</trkpt>
<trkpt lat="47.6010843" lon="2.7646154">
	<ele>132.70</ele>
	<time>1970-01-01T00:00:00.000Z</time>
</trkpt>
<trkpt lat="47.6008430" lon="2.7641453">
	<ele>132.00</ele>
	<time>1970-01-01T00:00:00.000Z</time>
</trkpt>
<trkpt lat="47.6006024" lon="2.7635727">
	<ele>130.80</ele>
	<time>1970-01-01T00:00:00.000Z</time>
</trkpt>
<trkpt lat="47.6004131" lon="2.7629826">
	<ele>130.60</ele>
	<time>1970-01-01T00:00:00.000Z</time>
</trkpt>
<trkpt lat="47.6003049" lon="2.7624201">
	<ele>130.70</ele>
	<time>1970-01-01T00:00:00.000Z</time>
</trkpt>
<trkpt lat="47.6001880" lon="2.7611722">
	<ele>130.30</ele>
	<time>1970-01-01T00:00:00.000Z</time>
</trkpt>
<trkpt lat="47.5999351" lon="2.7611869">
	<ele>129.90</ele>
	<time>1970-01-01T00:00:00.000Z</time>
</trkpt>
<trkpt lat="47.5998421" lon="2.7612290">
	<ele>128.70</ele>
	<time>1970-01-01T00:00:00.000Z</time>
</trkpt>
<trkpt lat="47.5997662" lon="2.7613437">
	<ele>130.30</ele>
	<time>1970-01-01T00:00:00.000Z</time>
</trkpt>
<trkpt lat="47.5995557" lon="2.7618633">
	<ele>130.20</ele>
	<time>1970-01-01T00:00:00.000Z</time>
</trkpt>
<trkpt lat="47.5994666" lon="2.7619312">
	<ele>130.20</ele>
	<time>1970-01-01T00:00:00.000Z</time>
</trkpt>
<trkpt lat="47.5991950" lon="2.7623732">
	<ele>127.90</ele>
	<time>1970-01-01T00:00:00.000Z</time>
</trkpt>
<trkpt lat="47.5964416" lon="2.7589949">
	<ele>130.20</ele>
	<time>1970-01-01T00:00:00.000Z</time>
</trkpt>
<trkpt lat="47.5964222" lon="2.7591451">
	<ele>130.20</ele>
	<time>1970-01-01T00:00:00.000Z</time>
</trkpt>
<trkpt lat="47.5965406" lon="2.7593908">
	<ele>128.80</ele>
	<time>1970-01-01T00:00:00.000Z</time>
</trkpt>
<trkpt lat="47.5962954" lon="2.7600626">
	<ele>126.40</ele>
	<time>1970-01-01T00:00:00.000Z</time>
</trkpt>
<trkpt lat="47.5946722" lon="2.7629989">
	<ele>126.40</ele>
	<time>1970-01-01T00:00:00.000Z</time>
</trkpt>
<trkpt lat="47.5935860" lon="2.7648931">
	<ele>126.80</ele>
	<time>1970-01-01T00:00:00.000Z</time>
</trkpt>
<trkpt lat="47.5934305" lon="2.7650495">
	<ele>127.50</ele>
	<time>1970-01-01T00:00:00.000Z</time>
</trkpt>
<trkpt lat="47.5925857" lon="2.7656639">
	<ele>128.10</ele>
	<time>1970-01-01T00:00:00.000Z</time>
</trkpt>
<trkpt lat="47.5920037" lon="2.7663171">
	<ele>132.90</ele>
	<time>1970-01-01T00:00:00.000Z</time>
</trkpt>
<trkpt lat="47.5918197" lon="2.7666162">
	<ele>134.20</ele>
	<time>1970-01-01T00:00:00.000Z</time>
</trkpt>
<trkpt lat="47.5914634" lon="2.7666657">
	<ele>135.00</ele>
	<time>1970-01-01T00:00:00.000Z</time>
</trkpt>
<trkpt lat="47.5915013" lon="2.7672067">
	<ele>133.20</ele>
	<time>1970-01-01T00:00:00.000Z</time>
</trkpt>
<trkpt lat="47.5913761" lon="2.7675466">
	<ele>131.00</ele>
	<time>1970-01-01T00:00:00.000Z</time>
</trkpt>
<trkpt lat="47.5907520" lon="2.7687497">
	<ele>127.90</ele>
	<time>1970-01-01T00:00:00.000Z</time>
</trkpt>
<trkpt lat="47.5906231" lon="2.7690935">
	<ele>128.80</ele>
	<time>1970-01-01T00:00:00.000Z</time>
</trkpt>
<trkpt lat="47.5903120" lon="2.7697323">
	<ele>127.50</ele>
	<time>1970-01-01T00:00:00.000Z</time>
</trkpt>
<trkpt lat="47.5873421" lon="2.7755766">
	<ele>129.80</ele>
	<time>1970-01-01T00:00:00.000Z</time>
</trkpt>
<trkpt lat="47.5862893" lon="2.7776071">
	<ele>131.10</ele>
	<time>1970-01-01T00:00:00.000Z</time>
</trkpt>
<trkpt lat="47.5862120" lon="2.7776889">
	<ele>131.10</ele>
	<time>1970-01-01T00:00:00.000Z</time>
</trkpt>
<trkpt lat="47.5861828" lon="2.7775133">
	<ele>131.10</ele>
	<time>1970-01-01T00:00:00.000Z</time>
</trkpt>
<trkpt lat="47.5861749" lon="2.7770995">
	<ele>132.30</ele>
	<time>1970-01-01T00:00:00.000Z</time>
</trkpt>
<trkpt lat="47.5861920" lon="2.7766191">
	<ele>132.60</ele>
	<time>1970-01-01T00:00:00.000Z</time>
</trkpt>
<trkpt lat="47.5862297" lon="2.7761280">
	<ele>132.00</ele>
	<time>1970-01-01T00:00:00.000Z</time>
</trkpt>
<trkpt lat="47.5863160" lon="2.7756048">
	<ele>132.00</ele>
	<time>1970-01-01T00:00:00.000Z</time>
</trkpt>
<trkpt lat="47.5865774" lon="2.7748546">
	<ele>133.30</ele>
	<time>1970-01-01T00:00:00.000Z</time>
</trkpt>
<trkpt lat="47.5868230" lon="2.7738757">
	<ele>133.80</ele>
	<time>1970-01-01T00:00:00.000Z</time>
</trkpt>
<trkpt lat="47.5868806" lon="2.7733765">
	<ele>133.00</ele>
	<time>1970-01-01T00:00:00.000Z</time>
</trkpt>
<trkpt lat="47.5868308" lon="2.7727647">
	<ele>131.60</ele>
	<time>1970-01-01T00:00:00.000Z</time>
</trkpt>
<trkpt lat="47.5869314" lon="2.7722135">
	<ele>129.90</ele>
	<time>1970-01-01T00:00:00.000Z</time>
</trkpt>
<trkpt lat="47.5870588" lon="2.7715450">
	<ele>129.10</ele>
	<time>1970-01-01T00:00:00.000Z</time>
</trkpt>
<trkpt lat="47.5874456" lon="2.7700199">
	<ele>130.30</ele>
	<time>1970-01-01T00:00:00.000Z</time>
</trkpt>
<trkpt lat="47.5876202" lon="2.7695096">
	<ele>130.70</ele>
	<time>1970-01-01T00:00:00.000Z</time>
</trkpt>
<trkpt lat="47.5877449" lon="2.7688877">
	<ele>131.30</ele>
	<time>1970-01-01T00:00:00.000Z</time>
</trkpt>
<trkpt lat="47.5877481" lon="2.7682677">
	<ele>132.80</ele>
	<time>1970-01-01T00:00:00.000Z</time>
</trkpt>
<trkpt lat="47.5877012" lon="2.7677210">
	<ele>133.20</ele>
	<time>1970-01-01T00:00:00.000Z</time>
</trkpt>
<trkpt lat="47.5872900" lon="2.7678120">
	<ele>133.40</ele>
	<time>1970-01-01T00:00:00.000Z</time>
</trkpt>
<trkpt lat="47.5871219" lon="2.7679151">
	<ele>134.00</ele>
	<time>1970-01-01T00:00:00.000Z</time>
</trkpt>
<trkpt lat="47.5869566" lon="2.7681115">
	<ele>134.30</ele>
	<time>1970-01-01T00:00:00.000Z</time>
</trkpt>
<trkpt lat="47.5831287" lon="2.7742199">
	<ele>133.90</ele>
	<time>1970-01-01T00:00:00.000Z</time>
</trkpt>
<trkpt lat="47.5809443" lon="2.7776122">
	<ele>132.70</ele>
	<time>1970-01-01T00:00:00.000Z</time>
</trkpt>
<trkpt lat="47.5794206" lon="2.7796393">
	<ele>133.80</ele>
	<time>1970-01-01T00:00:00.000Z</time>
</trkpt>
<trkpt lat="47.5788955" lon="2.7804157">
	<ele>134.80</ele>
	<time>1970-01-01T00:00:00.000Z</time>
</trkpt>
<trkpt lat="47.5772588" lon="2.7831454">
	<ele>134.30</ele>
	<time>1970-01-01T00:00:00.000Z</time>
</trkpt>
<trkpt lat="47.5769547" lon="2.7827357">
	<ele>135.90</ele>
	<time>1970-01-01T00:00:00.000Z</time>
</trkpt>
<trkpt lat="47.5767347" lon="2.7830503">
	<ele>136.10</ele>
	<time>1970-01-01T00:00:00.000Z</time>
</trkpt>
<trkpt lat="47.5754698" lon="2.7853608">
	<ele>137.40</ele>
	<time>1970-01-01T00:00:00.000Z</time>
</trkpt>
<trkpt lat="47.5720073" lon="2.7919480">
	<ele>138.50</ele>
	<time>1970-01-01T00:00:00.000Z</time>
</trkpt>
<trkpt lat="47.5716944" lon="2.7926395">
	<ele>137.20</ele>
	<time>1970-01-01T00:00:00.000Z</time>
</trkpt>
<trkpt lat="47.5714757" lon="2.7932270">
	<ele>136.50</ele>
	<time>1970-01-01T00:00:00.000Z</time>
</trkpt>
<trkpt lat="47.5711940" lon="2.7942444">
	<ele>136.10</ele>
	<time>1970-01-01T00:00:00.000Z</time>
</trkpt>
<trkpt lat="47.5708915" lon="2.7951925">
	<ele>137.00</ele>
	<time>1970-01-01T00:00:00.000Z</time>
</trkpt>
<trkpt lat="47.5706521" lon="2.7957748">
	<ele>136.60</ele>
	<time>1970-01-01T00:00:00.000Z</time>
</trkpt>
<trkpt lat="47.5703632" lon="2.7963384">
	<ele>135.80</ele>
	<time>1970-01-01T00:00:00.000Z</time>
</trkpt>
<trkpt lat="47.5640848" lon="2.8047197">
	<ele>137.10</ele>
	<time>1970-01-01T00:00:00.000Z</time>
</trkpt>
<trkpt lat="47.5638673" lon="2.8049583">
	<ele>137.90</ele>
	<time>1970-01-01T00:00:00.000Z</time>
</trkpt>
<trkpt lat="47.5630968" lon="2.8054654">
	<ele>140.70</ele>
	<time>1970-01-01T00:00:00.000Z</time>
</trkpt>
<trkpt lat="47.5627769" lon="2.8057817">
	<ele>136.30</ele>
	<time>1970-01-01T00:00:00.000Z</time>
</trkpt>
<trkpt lat="47.5626260" lon="2.8059778">
	<ele>136.20</ele>
	<time>1970-01-01T00:00:00.000Z</time>
</trkpt>
<trkpt lat="47.5624277" lon="2.8063867">
	<ele>135.10</ele>
	<time>1970-01-01T00:00:00.000Z</time>
</trkpt>
<trkpt lat="47.5625380" lon="2.8066627">
	<ele>134.20</ele>
	<time>1970-01-01T00:00:00.000Z</time>
</trkpt>
<trkpt lat="47.5623958" lon="2.8068864">
	<ele>134.70</ele>
	<time>1970-01-01T00:00:00.000Z</time>
</trkpt>
<trkpt lat="47.5615394" lon="2.8077182">
	<ele>136.10</ele>
	<time>1970-01-01T00:00:00.000Z</time>
</trkpt>
<trkpt lat="47.5612134" lon="2.8079762">
	<ele>136.00</ele>
	<time>1970-01-01T00:00:00.000Z</time>
</trkpt>
<trkpt lat="47.5597482" lon="2.8088643">
	<ele>137.70</ele>
	<time>1970-01-01T00:00:00.000Z</time>
</trkpt>
<trkpt lat="47.5561131" lon="2.8119297">
	<ele>137.50</ele>
	<time>1970-01-01T00:00:00.000Z</time>
</trkpt>
<trkpt lat="47.5549971" lon="2.8127391">
	<ele>138.90</ele>
	<time>1970-01-01T00:00:00.000Z</time>
</trkpt>
<trkpt lat="47.5545054" lon="2.8130225">
	<ele>140.60</ele>
	<time>1970-01-01T00:00:00.000Z</time>
</trkpt>
<trkpt lat="47.5526001" lon="2.8137627">
	<ele>138.50</ele>
	<time>1970-01-01T00:00:00.000Z</time>
</trkpt>
<trkpt lat="47.5522059" lon="2.8139932">
	<ele>139.40</ele>
	<time>1970-01-01T00:00:00.000Z</time>
</trkpt>
<trkpt lat="47.5472901" lon="2.8176695">
	<ele>140.00</ele>
	<time>1970-01-01T00:00:00.000Z</time>
</trkpt>
<trkpt lat="47.5456239" lon="2.8189438">
	<ele>134.80</ele>
	<time>1970-01-01T00:00:00.000Z</time>
</trkpt>
<trkpt lat="47.5448933" lon="2.8195602">
	<ele>136.30</ele>
	<time>1970-01-01T00:00:00.000Z</time>
</trkpt>
<trkpt lat="47.5439742" lon="2.8206154">
	<ele>138.50</ele>
	<time>1970-01-01T00:00:00.000Z</time>
</trkpt>
<trkpt lat="47.5440726" lon="2.8207915">
	<ele>138.50</ele>
	<time>1970-01-01T00:00:00.000Z</time>
</trkpt>
<trkpt lat="47.5438174" lon="2.8210829">
	<ele>138.50</ele>
	<time>1970-01-01T00:00:00.000Z</time>
</trkpt>
<trkpt lat="47.5439091" lon="2.8212328">
	<ele>137.30</ele>
	<time>1970-01-01T00:00:00.000Z</time>
</trkpt>
<trkpt lat="47.5438295" lon="2.8213332">
	<ele>137.30</ele>
	<time>1970-01-01T00:00:00.000Z</time>
</trkpt>
<trkpt lat="47.5437053" lon="2.8211093">
	<ele>139.30</ele>
	<time>1970-01-01T00:00:00.000Z</time>
</trkpt>
<trkpt lat="47.5435442" lon="2.8212869">
	<ele>138.70</ele>
	<time>1970-01-01T00:00:00.000Z</time>
</trkpt>
<trkpt lat="47.5433026" lon="2.8214249">
	<ele>137.70</ele>
	<time>1970-01-01T00:00:00.000Z</time>
</trkpt>
<trkpt lat="47.5409683" lon="2.8243126">
	<ele>135.50</ele>
	<time>1970-01-01T00:00:00.000Z</time>
</trkpt>
<trkpt lat="47.5362128" lon="2.8316324">
	<ele>134.20</ele>
	<time>1970-01-01T00:00:00.000Z</time>
</trkpt>
<trkpt lat="47.5359503" lon="2.8321652">
	<ele>134.10</ele>
	<time>1970-01-01T00:00:00.000Z</time>
</trkpt>
<trkpt lat="47.5355284" lon="2.8326576">
	<ele>135.50</ele>
	<time>1970-01-01T00:00:00.000Z</time>
</trkpt>
<trkpt lat="47.5343465" lon="2.8344926">
	<ele>135.30</ele>
	<time>1970-01-01T00:00:00.000Z</time>
</trkpt>
<trkpt lat="47.5338628" lon="2.8354861">
	<ele>135.40</ele>
	<time>1970-01-01T00:00:00.000Z</time>
</trkpt>
<trkpt lat="47.5337317" lon="2.8358242">
	<ele>135.60</ele>
	<time>1970-01-01T00:00:00.000Z</time>
</trkpt>
<trkpt lat="47.5331594" lon="2.8377595">
	<ele>134.70</ele>
	<time>1970-01-01T00:00:00.000Z</time>
</trkpt>
<trkpt lat="47.5328139" lon="2.8384049">
	<ele>135.00</ele>
	<time>1970-01-01T00:00:00.000Z</time>
</trkpt>
<trkpt lat="47.5315543" lon="2.8393498">
	<ele>135.20</ele>
	<time>1970-01-01T00:00:00.000Z</time>
</trkpt>
<trkpt lat="47.5311462" lon="2.8397089">
	<ele>135.20</ele>
	<time>1970-01-01T00:00:00.000Z</time>
</trkpt>
<trkpt lat="47.5307723" lon="2.8399148">
	<ele>135.30</ele>
	<time>1970-01-01T00:00:00.000Z</time>
</trkpt>
<trkpt lat="47.5306059" lon="2.8400593">
	<ele>135.40</ele>
	<time>1970-01-01T00:00:00.000Z</time>
</trkpt>
<trkpt lat="47.5305956" lon="2.8401125">
	<ele>135.40</ele>
	<time>1970-01-01T00:00:00.000Z</time>
</trkpt>
<trkpt lat="47.5296597" lon="2.8408339">
	<ele>136.10</ele>
	<time>1970-01-01T00:00:00.000Z</time>
</trkpt>
<trkpt lat="47.5292441" lon="2.8409680">
	<ele>135.70</ele>
	<time>1970-01-01T00:00:00.000Z</time>
</trkpt>
<trkpt lat="47.5279971" lon="2.8410332">
	<ele>135.80</ele>
	<time>1970-01-01T00:00:00.000Z</time>
</trkpt>
<trkpt lat="47.5272006" lon="2.8413322">
	<ele>137.00</ele>
	<time>1970-01-01T00:00:00.000Z</time>
</trkpt>
<trkpt lat="47.5221318" lon="2.8437204">
	<ele>137.20</ele>
	<time>1970-01-01T00:00:00.000Z</time>
</trkpt>
<trkpt lat="47.5194136" lon="2.8451422">
	<ele>135.10</ele>
	<time>1970-01-01T00:00:00.000Z</time>
</trkpt>
<trkpt lat="47.5173633" lon="2.8459447">
	<ele>135.70</ele>
	<time>1970-01-01T00:00:00.000Z</time>
</trkpt>
<trkpt lat="47.5172954" lon="2.8456165">
	<ele>135.90</ele>
	<time>1970-01-01T00:00:00.000Z</time>
</trkpt>
<trkpt lat="47.5172128" lon="2.8456394">
	<ele>135.90</ele>
	<time>1970-01-01T00:00:00.000Z</time>
</trkpt>
<trkpt lat="47.5169902" lon="2.8457932">
	<ele>135.90</ele>
	<time>1970-01-01T00:00:00.000Z</time>
</trkpt>
<trkpt lat="47.5151754" lon="2.8466319">
	<ele>136.20</ele>
	<time>1970-01-01T00:00:00.000Z</time>
</trkpt>
<trkpt lat="47.5143801" lon="2.8470483">
	<ele>135.10</ele>
	<time>1970-01-01T00:00:00.000Z</time>
</trkpt>
<trkpt lat="47.5140165" lon="2.8472526">
	<ele>134.90</ele>
	<time>1970-01-01T00:00:00.000Z</time>
</trkpt>
<trkpt lat="47.5129428" lon="2.8479708">
	<ele>135.50</ele>
	<time>1970-01-01T00:00:00.000Z</time>
</trkpt>
<trkpt lat="47.5093631" lon="2.8510515">
	<ele>138.10</ele>
	<time>1970-01-01T00:00:00.000Z</time>
</trkpt>
<trkpt lat="47.5089195" lon="2.8513720">
	<ele>137.60</ele>
	<time>1970-01-01T00:00:00.000Z</time>
</trkpt>
<trkpt lat="47.5078363" lon="2.8520007">
	<ele>137.60</ele>
	<time>1970-01-01T00:00:00.000Z</time>
</trkpt>
<trkpt lat="47.5077600" lon="2.8518602">
	<ele>137.90</ele>
	<time>1970-01-01T00:00:00.000Z</time>
</trkpt>
<trkpt lat="47.5074798" lon="2.8521434">
	<ele>138.00</ele>
	<time>1970-01-01T00:00:00.000Z</time>
</trkpt>
<trkpt lat="47.5073200" lon="2.8522002">
	<ele>138.30</ele>
	<time>1970-01-01T00:00:00.000Z</time>
</trkpt>
<trkpt lat="47.5072274" lon="2.8521021">
	<ele>138.50</ele>
	<time>1970-01-01T00:00:00.000Z</time>
</trkpt>
<trkpt lat="47.5074926" lon="2.8531614">
	<ele>137.10</ele>
	<time>1970-01-01T00:00:00.000Z</time>
</trkpt>
<trkpt lat="47.5076108" lon="2.8541695">
	<ele>137.00</ele>
	<time>1970-01-01T00:00:00.000Z</time>
</trkpt>
<trkpt lat="47.5078245" lon="2.8551470">
	<ele>136.60</ele>
	<time>1970-01-01T00:00:00.000Z</time>
</trkpt>
<trkpt lat="47.5087446" lon="2.8582756">
	<ele>134.50</ele>
	<time>1970-01-01T00:00:00.000Z</time>
</trkpt>
<trkpt lat="47.5095875" lon="2.8614276">
	<ele>134.00</ele>
	<time>1970-01-01T00:00:00.000Z</time>
</trkpt>
<trkpt lat="47.5098570" lon="2.8625509">
	<ele>134.40</ele>
	<time>1970-01-01T00:00:00.000Z</time>
</trkpt>
<trkpt lat="47.5100845" lon="2.8638640">
	<ele>134.30</ele>
	<time>1970-01-01T00:00:00.000Z</time>
</trkpt>
<trkpt lat="47.5105419" lon="2.8655543">
	<ele>134.90</ele>
	<time>1970-01-01T00:00:00.000Z</time>
</trkpt>
<trkpt lat="47.5106641" lon="2.8661718">
	<ele>136.10</ele>
	<time>1970-01-01T00:00:00.000Z</time>
</trkpt>
<trkpt lat="47.5107341" lon="2.8667775">
	<ele>136.50</ele>
	<time>1970-01-01T00:00:00.000Z</time>
</trkpt>
<trkpt lat="47.5107241" lon="2.8674615">
	<ele>136.10</ele>
	<time>1970-01-01T00:00:00.000Z</time>
</trkpt>
<trkpt lat="47.5105792" lon="2.8683084">
	<ele>137.30</ele>
	<time>1970-01-01T00:00:00.000Z</time>
</trkpt>
<trkpt lat="47.5107547" lon="2.8684682">
	<ele>137.10</ele>
	<time>1970-01-01T00:00:00.000Z</time>
</trkpt>
<trkpt lat="47.5106192" lon="2.8686160">
	<ele>137.30</ele>
	<time>1970-01-01T00:00:00.000Z</time>
</trkpt>
<trkpt lat="47.5105373" lon="2.8686485">
	<ele>137.30</ele>
	<time>1970-01-01T00:00:00.000Z</time>
</trkpt>
<trkpt lat="47.5104625" lon="2.8686272">
	<ele>137.30</ele>
	<time>1970-01-01T00:00:00.000Z</time>
</trkpt>
<trkpt lat="47.5103391" lon="2.8684075">
	<ele>137.40</ele>
	<time>1970-01-01T00:00:00.000Z</time>
</trkpt>
<trkpt lat="47.5098686" lon="2.8679765">
	<ele>137.10</ele>
	<time>1970-01-01T00:00:00.000Z</time>
</trkpt>
<trkpt lat="47.5096236" lon="2.8678269">
	<ele>136.80</ele>
	<time>1970-01-01T00:00:00.000Z</time>
</trkpt>
<trkpt lat="47.5091328" lon="2.8676408">
	<ele>134.90</ele>
	<time>1970-01-01T00:00:00.000Z</time>
</trkpt>
<trkpt lat="47.5082823" lon="2.8676469">
	<ele>135.10</ele>
	<time>1970-01-01T00:00:00.000Z</time>
</trkpt>
<trkpt lat="47.5076937" lon="2.8677428">
	<ele>135.80</ele>
	<time>1970-01-01T00:00:00.000Z</time>
</trkpt>
<trkpt lat="47.5075488" lon="2.8678296">
	<ele>136.10</ele>
	<time>1970-01-01T00:00:00.000Z</time>
</trkpt>
<trkpt lat="47.5074949" lon="2.8679118">
	<ele>136.30</ele>
	<time>1970-01-01T00:00:00.000Z</time>
</trkpt>
<trkpt lat="47.5066496" lon="2.8679327">
	<ele>136.00</ele>
	<time>1970-01-01T00:00:00.000Z</time>
</trkpt>
<trkpt lat="47.5064508" lon="2.8679878">
	<ele>135.70</ele>
	<time>1970-01-01T00:00:00.000Z</time>
</trkpt>
<trkpt lat="47.5062754" lon="2.8681289">
	<ele>136.00</ele>
	<time>1970-01-01T00:00:00.000Z</time>
</trkpt>
<trkpt lat="47.5054295" lon="2.8690544">
	<ele>135.90</ele>
	<time>1970-01-01T00:00:00.000Z</time>
</trkpt>
<trkpt lat="47.5050580" lon="2.8694021">
	<ele>135.70</ele>
	<time>1970-01-01T00:00:00.000Z</time>
</trkpt>
<trkpt lat="47.5048081" lon="2.8697199">
	<ele>135.70</ele>
	<time>1970-01-01T00:00:00.000Z</time>
</trkpt>
<trkpt lat="47.5046562" lon="2.8699968">
	<ele>135.90</ele>
	<time>1970-01-01T00:00:00.000Z</time>
</trkpt>
<trkpt lat="47.5043962" lon="2.8708264">
	<ele>136.40</ele>
	<time>1970-01-01T00:00:00.000Z</time>
</trkpt>
<trkpt lat="47.5040040" lon="2.8718555">
	<ele>135.90</ele>
	<time>1970-01-01T00:00:00.000Z</time>
</trkpt>
<trkpt lat="47.5038838" lon="2.8722727">
	<ele>135.50</ele>
	<time>1970-01-01T00:00:00.000Z</time>
</trkpt>
<trkpt lat="47.5034934" lon="2.8742066">
	<ele>136.00</ele>
	<time>1970-01-01T00:00:00.000Z</time>
</trkpt>
<trkpt lat="47.5028875" lon="2.8782465">
	<ele>137.50</ele>
	<time>1970-01-01T00:00:00.000Z</time>
</trkpt>
<trkpt lat="47.5027639" lon="2.8789345">
	<ele>137.10</ele>
	<time>1970-01-01T00:00:00.000Z</time>
</trkpt>
<trkpt lat="47.5026321" lon="2.8794278">
	<ele>137.00</ele>
	<time>1970-01-01T00:00:00.000Z</time>
</trkpt>
<trkpt lat="47.5022285" lon="2.8800675">
	<ele>136.20</ele>
	<time>1970-01-01T00:00:00.000Z</time>
</trkpt>
<trkpt lat="47.5016029" lon="2.8809217">
	<ele>135.50</ele>
	<time>1970-01-01T00:00:00.000Z</time>
</trkpt>
<trkpt lat="47.5013980" lon="2.8812677">
	<ele>135.30</ele>
	<time>1970-01-01T00:00:00.000Z</time>
</trkpt>
<trkpt lat="47.5009400" lon="2.8823208">
	<ele>136.20</ele>
	<time>1970-01-01T00:00:00.000Z</time>
</trkpt>
<trkpt lat="47.5007872" lon="2.8825761">
	<ele>136.40</ele>
	<time>1970-01-01T00:00:00.000Z</time>
</trkpt>
<trkpt lat="47.5000733" lon="2.8832113">
	<ele>138.10</ele>
	<time>1970-01-01T00:00:00.000Z</time>
</trkpt>
<trkpt lat="47.4997890" lon="2.8834909">
	<ele>139.50</ele>
	<time>1970-01-01T00:00:00.000Z</time>
</trkpt>
<trkpt lat="47.4995985" lon="2.8837396">
	<ele>140.00</ele>
	<time>1970-01-01T00:00:00.000Z</time>
</trkpt>
<trkpt lat="47.4995486" lon="2.8838566">
	<ele>140.00</ele>
	<time>1970-01-01T00:00:00.000Z</time>
</trkpt>
<trkpt lat="47.4995583" lon="2.8840226">
	<ele>140.50</ele>
	<time>1970-01-01T00:00:00.000Z</time>
</trkpt>
<trkpt lat="47.4998115" lon="2.8844022">
	<ele>140.10</ele>
	<time>1970-01-01T00:00:00.000Z</time>
</trkpt>
<trkpt lat="47.4998118" lon="2.8845879">
	<ele>139.60</ele>
	<time>1970-01-01T00:00:00.000Z</time>
</trkpt>
<trkpt lat="47.4996266" lon="2.8848290">
	<ele>140.00</ele>
	<time>1970-01-01T00:00:00.000Z</time>
</trkpt>
<trkpt lat="47.4990088" lon="2.8854560">
	<ele>139.90</ele>
	<time>1970-01-01T00:00:00.000Z</time>
</trkpt>
<trkpt lat="47.4953434" lon="2.8883618">
	<ele>135.80</ele>
	<time>1970-01-01T00:00:00.000Z</time>
</trkpt>
<trkpt lat="47.4954273" lon="2.8885529">
	<ele>136.00</ele>
	<time>1970-01-01T00:00:00.000Z</time>
</trkpt>
<trkpt lat="47.4954149" lon="2.8887908">
	<ele>136.30</ele>
	<time>1970-01-01T00:00:00.000Z</time>
</trkpt>
<trkpt lat="47.4953457" lon="2.8889424">
	<ele>136.30</ele>
	<time>1970-01-01T00:00:00.000Z</time>
</trkpt>
<trkpt lat="47.4950625" lon="2.8893387">
	<ele>138.30</ele>
	<time>1970-01-01T00:00:00.000Z</time>
</trkpt>
<trkpt lat="47.4949961" lon="2.8895289">
	<ele>138.30</ele>
	<time>1970-01-01T00:00:00.000Z</time>
</trkpt>
<trkpt lat="47.4949901" lon="2.8897890">
	<ele>138.20</ele>
	<time>1970-01-01T00:00:00.000Z</time>
</trkpt>
<trkpt lat="47.4936089" lon="2.8903976">
	<ele>137.50</ele>
	<time>1970-01-01T00:00:00.000Z</time>
</trkpt>
<trkpt lat="47.4928927" lon="2.8908664">
	<ele>138.20</ele>
	<time>1970-01-01T00:00:00.000Z</time>
</trkpt>
<trkpt lat="47.4912497" lon="2.8925419">
	<ele>139.00</ele>
	<time>1970-01-01T00:00:00.000Z</time>
</trkpt>
<trkpt lat="47.4907701" lon="2.8926851">
	<ele>139.10</ele>
	<time>1970-01-01T00:00:00.000Z</time>
</trkpt>
<trkpt lat="47.4899835" lon="2.8928325">
	<ele>137.10</ele>
	<time>1970-01-01T00:00:00.000Z</time>
</trkpt>
<trkpt lat="47.4896181" lon="2.8928229">
	<ele>136.20</ele>
	<time>1970-01-01T00:00:00.000Z</time>
</trkpt>
<trkpt lat="47.4889230" lon="2.8926809">
	<ele>135.70</ele>
	<time>1970-01-01T00:00:00.000Z</time>
</trkpt>
<trkpt lat="47.4885315" lon="2.8927359">
	<ele>136.10</ele>
	<time>1970-01-01T00:00:00.000Z</time>
</trkpt>
<trkpt lat="47.4882363" lon="2.8928508">
	<ele>136.80</ele>
	<time>1970-01-01T00:00:00.000Z</time>
</trkpt>
<trkpt lat="47.4875354" lon="2.8932932">
	<ele>136.90</ele>
	<time>1970-01-01T00:00:00.000Z</time>
</trkpt>
<trkpt lat="47.4871578" lon="2.8936366">
	<ele>136.30</ele>
	<time>1970-01-01T00:00:00.000Z</time>
</trkpt>
<trkpt lat="47.4858377" lon="2.8952459">
	<ele>134.40</ele>
	<time>1970-01-01T00:00:00.000Z</time>
</trkpt>
<trkpt lat="47.4838296" lon="2.8963812">
	<ele>134.00</ele>
	<time>1970-01-01T00:00:00.000Z</time>
</trkpt>
<trkpt lat="47.4837144" lon="2.8964173">
	<ele>134.00</ele>
	<time>1970-01-01T00:00:00.000Z</time>
</trkpt>
<trkpt lat="47.4835884" lon="2.8963925">
	<ele>134.00</ele>
	<time>1970-01-01T00:00:00.000Z</time>
</trkpt>
<trkpt lat="47.4833823" lon="2.8965175">
	<ele>134.00</ele>
	<time>1970-01-01T00:00:00.000Z</time>
</trkpt>
<trkpt lat="47.4832158" lon="2.8965406">
	<ele>134.00</ele>
	<time>1970-01-01T00:00:00.000Z</time>
</trkpt>
<trkpt lat="47.4829070" lon="2.8965065">
	<ele>134.10</ele>
	<time>1970-01-01T00:00:00.000Z</time>
</trkpt>
<trkpt lat="47.4824072" lon="2.8962314">
	<ele>135.00</ele>
	<time>1970-01-01T00:00:00.000Z</time>
</trkpt>
<trkpt lat="47.4817550" lon="2.8957945">
	<ele>135.00</ele>
	<time>1970-01-01T00:00:00.000Z</time>
</trkpt>
<trkpt lat="47.4813828" lon="2.8956775">
	<ele>135.60</ele>
	<time>1970-01-01T00:00:00.000Z</time>
</trkpt>
<trkpt lat="47.4809350" lon="2.8956857">
	<ele>135.40</ele>
	<time>1970-01-01T00:00:00.000Z</time>
</trkpt>
<trkpt lat="47.4804237" lon="2.8958926">
	<ele>135.40</ele>
	<time>1970-01-01T00:00:00.000Z</time>
</trkpt>
<trkpt lat="47.4796761" lon="2.8963164">
	<ele>136.00</ele>
	<time>1970-01-01T00:00:00.000Z</time>
</trkpt>
<trkpt lat="47.4779395" lon="2.8970352">
	<ele>138.30</ele>
	<time>1970-01-01T00:00:00.000Z</time>
</trkpt>
<trkpt lat="47.4775626" lon="2.8973693">
	<ele>137.90</ele>
	<time>1970-01-01T00:00:00.000Z</time>
</trkpt>
<trkpt lat="47.4708772" lon="2.9039218">
	<ele>137.50</ele>
	<time>1970-01-01T00:00:00.000Z</time>
</trkpt>
<trkpt lat="47.4707423" lon="2.9041184">
	<ele>137.20</ele>
	<time>1970-01-01T00:00:00.000Z</time>
</trkpt>
<trkpt lat="47.4697558" lon="2.9052700">
	<ele>140.30</ele>
	<time>1970-01-01T00:00:00.000Z</time>
</trkpt>
<trkpt lat="47.4683784" lon="2.9061617">
	<ele>140.40</ele>
	<time>1970-01-01T00:00:00.000Z</time>
</trkpt>
<trkpt lat="47.4678395" lon="2.9065665">
	<ele>139.60</ele>
	<time>1970-01-01T00:00:00.000Z</time>
</trkpt>
<trkpt lat="47.4675065" lon="2.9066651">
	<ele>138.70</ele>
	<time>1970-01-01T00:00:00.000Z</time>
</trkpt>
<trkpt lat="47.4662698" lon="2.9068719">
	<ele>137.40</ele>
	<time>1970-01-01T00:00:00.000Z</time>
</trkpt>
<trkpt lat="47.4660204" lon="2.9069305">
	<ele>137.10</ele>
	<time>1970-01-01T00:00:00.000Z</time>
</trkpt>
<trkpt lat="47.4658280" lon="2.9070332">
	<ele>136.80</ele>
	<time>1970-01-01T00:00:00.000Z</time>
</trkpt>
<trkpt lat="47.4627860" lon="2.9100849">
	<ele>140.90</ele>
	<time>1970-01-01T00:00:00.000Z</time>
</trkpt>
<trkpt lat="47.4625503" lon="2.9103731">
	<ele>140.40</ele>
	<time>1970-01-01T00:00:00.000Z</time>
</trkpt>
<trkpt lat="47.4599995" lon="2.9129833">
	<ele>138.50</ele>
	<time>1970-01-01T00:00:00.000Z</time>
</trkpt>
<trkpt lat="47.4585642" lon="2.9137991">
	<ele>139.60</ele>
	<time>1970-01-01T00:00:00.000Z</time>
</trkpt>
<trkpt lat="47.4576490" lon="2.9142636">
	<ele>140.10</ele>
	<time>1970-01-01T00:00:00.000Z</time>
</trkpt>
<trkpt lat="47.4475454" lon="2.9176163">
	<ele>139.60</ele>
	<time>1970-01-01T00:00:00.000Z</time>
</trkpt>
<trkpt lat="47.4424786" lon="2.9184572">
	<ele>140.30</ele>
	<time>1970-01-01T00:00:00.000Z</time>
</trkpt>
<trkpt lat="47.4391526" lon="2.9185181">
	<ele>140.30</ele>
	<time>1970-01-01T00:00:00.000Z</time>
</trkpt>
<trkpt lat="47.4366059" lon="2.9185152">
	<ele>143.10</ele>
	<time>1970-01-01T00:00:00.000Z</time>
</trkpt>
<trkpt lat="47.4349801" lon="2.9183732">
	<ele>142.10</ele>
	<time>1970-01-01T00:00:00.000Z</time>
</trkpt>
<trkpt lat="47.4334182" lon="2.9183835">
	<ele>140.60</ele>
	<time>1970-01-01T00:00:00.000Z</time>
</trkpt>
<trkpt lat="47.4332201" lon="2.9183531">
	<ele>140.50</ele>
	<time>1970-01-01T00:00:00.000Z</time>
</trkpt>
<trkpt lat="47.4324242" lon="2.9180598">
	<ele>140.20</ele>
	<time>1970-01-01T00:00:00.000Z</time>
</trkpt>
<trkpt lat="47.4317390" lon="2.9177676">
	<ele>140.40</ele>
	<time>1970-01-01T00:00:00.000Z</time>
</trkpt>
<trkpt lat="47.4313940" lon="2.9175242">
	<ele>140.60</ele>
	<time>1970-01-01T00:00:00.000Z</time>
</trkpt>
<trkpt lat="47.4269638" lon="2.9132303">
	<ele>140.40</ele>
	<time>1970-01-01T00:00:00.000Z</time>
</trkpt>
<trkpt lat="47.4233298" lon="2.9110412">
	<ele>141.40</ele>
	<time>1970-01-01T00:00:00.000Z</time>
</trkpt>
<trkpt lat="47.4226355" lon="2.9105569">
	<ele>141.00</ele>
	<time>1970-01-01T00:00:00.000Z</time>
</trkpt>
<trkpt lat="47.4221886" lon="2.9102099">
	<ele>142.10</ele>
	<time>1970-01-01T00:00:00.000Z</time>
</trkpt>
<trkpt lat="47.4211977" lon="2.9091889">
	<ele>141.10</ele>
	<time>1970-01-01T00:00:00.000Z</time>
</trkpt>
<trkpt lat="47.4199844" lon="2.9082507">
	<ele>141.50</ele>
	<time>1970-01-01T00:00:00.000Z</time>
</trkpt>
<trkpt lat="47.4194610" lon="2.9079373">
	<ele>141.30</ele>
	<time>1970-01-01T00:00:00.000Z</time>
</trkpt>
<trkpt lat="47.4178508" lon="2.9071324">
	<ele>142.10</ele>
	<time>1970-01-01T00:00:00.000Z</time>
</trkpt>
<trkpt lat="47.4177023" lon="2.9071644">
	<ele>142.50</ele>
	<time>1970-01-01T00:00:00.000Z</time>
</trkpt>
<trkpt lat="47.4175456" lon="2.9071368">
	<ele>142.50</ele>
	<time>1970-01-01T00:00:00.000Z</time>
</trkpt>
<trkpt lat="47.4115838" lon="2.9059855">
	<ele>142.70</ele>
	<time>1970-01-01T00:00:00.000Z</time>
</trkpt>
<trkpt lat="47.4113776" lon="2.9059819">
	<ele>143.00</ele>
	<time>1970-01-01T00:00:00.000Z</time>
</trkpt>
<trkpt lat="47.4112226" lon="2.9059173">
	<ele>143.20</ele>
	<time>1970-01-01T00:00:00.000Z</time>
</trkpt>
<trkpt lat="47.4111137" lon="2.9058061">
	<ele>143.50</ele>
	<time>1970-01-01T00:00:00.000Z</time>
</trkpt>
<trkpt lat="47.4111182" lon="2.9059465">
	<ele>143.50</ele>
	<time>1970-01-01T00:00:00.000Z</time>
</trkpt>
<trkpt lat="47.4092078" lon="2.9055783">
	<ele>143.80</ele>
	<time>1970-01-01T00:00:00.000Z</time>
</trkpt>
<trkpt lat="47.4033745" lon="2.9045627">
	<ele>144.70</ele>
	<time>1970-01-01T00:00:00.000Z</time>
</trkpt>
<trkpt lat="47.4028369" lon="2.9043262">
	<ele>144.60</ele>
	<time>1970-01-01T00:00:00.000Z</time>
</trkpt>
<trkpt lat="47.4011797" lon="2.9034143">
	<ele>144.20</ele>
	<time>1970-01-01T00:00:00.000Z</time>
</trkpt>
<trkpt lat="47.4008843" lon="2.9031655">
	<ele>144.00</ele>
	<time>1970-01-01T00:00:00.000Z</time>
</trkpt>
<trkpt lat="47.4006005" lon="2.9028533">
	<ele>144.10</ele>
	<time>1970-01-01T00:00:00.000Z</time>
</trkpt>
<trkpt lat="47.3942165" lon="2.8947858">
	<ele>143.90</ele>
	<time>1970-01-01T00:00:00.000Z</time>
</trkpt>
<trkpt lat="47.3938054" lon="2.8942127">
	<ele>143.30</ele>
	<time>1970-01-01T00:00:00.000Z</time>
</trkpt>
<trkpt lat="47.3924728" lon="2.8918200">
	<ele>146.20</ele>
	<time>1970-01-01T00:00:00.000Z</time>
</trkpt>
<trkpt lat="47.3922752" lon="2.8913933">
	<ele>146.70</ele>
	<time>1970-01-01T00:00:00.000Z</time>
</trkpt>
<trkpt lat="47.3922677" lon="2.8910728">
	<ele>146.70</ele>
	<time>1970-01-01T00:00:00.000Z</time>
</trkpt>
<trkpt lat="47.3923859" lon="2.8904732">
	<ele>146.10</ele>
	<time>1970-01-01T00:00:00.000Z</time>
</trkpt>
<trkpt lat="47.3924350" lon="2.8899533">
	<ele>145.90</ele>
	<time>1970-01-01T00:00:00.000Z</time>
</trkpt>
<trkpt lat="47.3924050" lon="2.8897123">
	<ele>145.70</ele>
	<time>1970-01-01T00:00:00.000Z</time>
</trkpt>
<trkpt lat="47.3922761" lon="2.8894939">
	<ele>146.20</ele>
	<time>1970-01-01T00:00:00.000Z</time>
</trkpt>
<trkpt lat="47.3920094" lon="2.8893167">
	<ele>147.10</ele>
	<time>1970-01-01T00:00:00.000Z</time>
</trkpt>
<trkpt lat="47.3916403" lon="2.8891771">
	<ele>146.80</ele>
	<time>1970-01-01T00:00:00.000Z</time>
</trkpt>
<trkpt lat="47.3911907" lon="2.8888730">
	<ele>147.50</ele>
	<time>1970-01-01T00:00:00.000Z</time>
</trkpt>
<trkpt lat="47.3908636" lon="2.8885208">
	<ele>147.50</ele>
	<time>1970-01-01T00:00:00.000Z</time>
</trkpt>
<trkpt lat="47.3904153" lon="2.8881563">
	<ele>151.20</ele>
	<time>1970-01-01T00:00:00.000Z</time>
</trkpt>
<trkpt lat="47.3905091" lon="2.8879140">
	<ele>152.20</ele>
	<time>1970-01-01T00:00:00.000Z</time>
</trkpt>
<trkpt lat="47.3897842" lon="2.8872994">
	<ele>152.90</ele>
	<time>1970-01-01T00:00:00.000Z</time>
</trkpt>
<trkpt lat="47.3886974" lon="2.8866460">
	<ele>152.50</ele>
	<time>1970-01-01T00:00:00.000Z</time>
</trkpt>
<trkpt lat="47.3873796" lon="2.8859473">
	<ele>146.00</ele>
	<time>1970-01-01T00:00:00.000Z</time>
</trkpt>
<trkpt lat="47.3868765" lon="2.8855297">
	<ele>146.20</ele>
	<time>1970-01-01T00:00:00.000Z</time>
</trkpt>
<trkpt lat="47.3858875" lon="2.8850200">
	<ele>151.70</ele>
	<time>1970-01-01T00:00:00.000Z</time>
</trkpt>
<trkpt lat="47.3854937" lon="2.8845930">
	<ele>155.20</ele>
	<time>1970-01-01T00:00:00.000Z</time>
</trkpt>
<trkpt lat="47.3845151" lon="2.8836606">
	<ele>156.00</ele>
	<time>1970-01-01T00:00:00.000Z</time>
</trkpt>
<trkpt lat="47.3843195" lon="2.8833402">
	<ele>153.80</ele>
	<time>1970-01-01T00:00:00.000Z</time>
</trkpt>
<trkpt lat="47.3839764" lon="2.8824150">
	<ele>149.30</ele>
	<time>1970-01-01T00:00:00.000Z</time>
</trkpt>
<trkpt lat="47.3832297" lon="2.8819043">
	<ele>150.80</ele>
	<time>1970-01-01T00:00:00.000Z</time>
</trkpt>
<trkpt lat="47.3826235" lon="2.8816233">
	<ele>154.00</ele>
	<time>1970-01-01T00:00:00.000Z</time>
</trkpt>
<trkpt lat="47.3817645" lon="2.8814583">
	<ele>156.20</ele>
	<time>1970-01-01T00:00:00.000Z</time>
</trkpt>
<trkpt lat="47.3816682" lon="2.8814920">
	<ele>156.20</ele>
	<time>1970-01-01T00:00:00.000Z</time>
</trkpt>
<trkpt lat="47.3815180" lon="2.8823272">
	<ele>161.10</ele>
	<time>1970-01-01T00:00:00.000Z</time>
</trkpt>
<trkpt lat="47.3801333" lon="2.8814487">
	<ele>152.60</ele>
	<time>1970-01-01T00:00:00.000Z</time>
</trkpt>
<trkpt lat="47.3795499" lon="2.8813069">
	<ele>148.70</ele>
	<time>1970-01-01T00:00:00.000Z</time>
</trkpt>
<trkpt lat="47.3794669" lon="2.8816416">
	<ele>148.10</ele>
	<time>1970-01-01T00:00:00.000Z</time>
</trkpt>
<trkpt lat="47.3781328" lon="2.8811656">
	<ele>145.70</ele>
	<time>1970-01-01T00:00:00.000Z</time>
</trkpt>
<trkpt lat="47.3770978" lon="2.8805279">
	<ele>148.40</ele>
	<time>1970-01-01T00:00:00.000Z</time>
</trkpt>
<trkpt lat="47.3764033" lon="2.8800508">
	<ele>146.70</ele>
	<time>1970-01-01T00:00:00.000Z</time>
</trkpt>
<trkpt lat="47.3755147" lon="2.8791252">
	<ele>146.70</ele>
	<time>1970-01-01T00:00:00.000Z</time>
</trkpt>
<trkpt lat="47.3744068" lon="2.8785604">
	<ele>146.20</ele>
	<time>1970-01-01T00:00:00.000Z</time>
</trkpt>
<trkpt lat="47.3726312" lon="2.8780992">
	<ele>145.20</ele>
	<time>1970-01-01T00:00:00.000Z</time>
</trkpt>
<trkpt lat="47.3716755" lon="2.8776947">
	<ele>146.70</ele>
	<time>1970-01-01T00:00:00.000Z</time>
</trkpt>
<trkpt lat="47.3712676" lon="2.8775736">
	<ele>145.20</ele>
	<time>1970-01-01T00:00:00.000Z</time>
</trkpt>
<trkpt lat="47.3701882" lon="2.8774822">
	<ele>146.80</ele>
	<time>1970-01-01T00:00:00.000Z</time>
</trkpt>
<trkpt lat="47.3696003" lon="2.8773564">
	<ele>148.00</ele>
	<time>1970-01-01T00:00:00.000Z</time>
</trkpt>
<trkpt lat="47.3692202" lon="2.8772126">
	<ele>148.70</ele>
	<time>1970-01-01T00:00:00.000Z</time>
</trkpt>
<trkpt lat="47.3689139" lon="2.8769986">
	<ele>149.20</ele>
	<time>1970-01-01T00:00:00.000Z</time>
</trkpt>
<trkpt lat="47.3670928" lon="2.8761005">
	<ele>154.50</ele>
	<time>1970-01-01T00:00:00.000Z</time>
</trkpt>
<trkpt lat="47.3664800" lon="2.8756236">
	<ele>150.50</ele>
	<time>1970-01-01T00:00:00.000Z</time>
</trkpt>
<trkpt lat="47.3657294" lon="2.8748951">
	<ele>149.70</ele>
	<time>1970-01-01T00:00:00.000Z</time>
</trkpt>
<trkpt lat="47.3640321" lon="2.8737691">
	<ele>154.30</ele>
	<time>1970-01-01T00:00:00.000Z</time>
</trkpt>
<trkpt lat="47.3629323" lon="2.8731623">
	<ele>152.50</ele>
	<time>1970-01-01T00:00:00.000Z</time>
</trkpt>
<trkpt lat="47.3617907" lon="2.8722322">
	<ele>157.60</ele>
	<time>1970-01-01T00:00:00.000Z</time>
</trkpt>
<trkpt lat="47.3605287" lon="2.8715806">
	<ele>158.30</ele>
	<time>1970-01-01T00:00:00.000Z</time>
</trkpt>
<trkpt lat="47.3592606" lon="2.8708539">
	<ele>149.00</ele>
	<time>1970-01-01T00:00:00.000Z</time>
</trkpt>
<trkpt lat="47.3587463" lon="2.8706127">
	<ele>149.10</ele>
	<time>1970-01-01T00:00:00.000Z</time>
</trkpt>
<trkpt lat="47.3583499" lon="2.8703168">
	<ele>153.10</ele>
	<time>1970-01-01T00:00:00.000Z</time>
</trkpt>
<trkpt lat="47.3567203" lon="2.8686861">
	<ele>163.70</ele>
	<time>1970-01-01T00:00:00.000Z</time>
</trkpt>
<trkpt lat="47.3562725" lon="2.8682858">
	<ele>158.80</ele>
	<time>1970-01-01T00:00:00.000Z</time>
</trkpt>
<trkpt lat="47.3541555" lon="2.8669794">
	<ele>155.30</ele>
	<time>1970-01-01T00:00:00.000Z</time>
</trkpt>
<trkpt lat="47.3538904" lon="2.8666662">
	<ele>158.50</ele>
	<time>1970-01-01T00:00:00.000Z</time>
</trkpt>
<trkpt lat="47.3531164" lon="2.8652454">
	<ele>160.00</ele>
	<time>1970-01-01T00:00:00.000Z</time>
</trkpt>
<trkpt lat="47.3525790" lon="2.8644730">
	<ele>159.70</ele>
	<time>1970-01-01T00:00:00.000Z</time>
</trkpt>
<trkpt lat="47.3521805" lon="2.8640237">
	<ele>155.50</ele>
	<time>1970-01-01T00:00:00.000Z</time>
</trkpt>
<trkpt lat="47.3515598" lon="2.8635099">
	<ele>152.10</ele>
	<time>1970-01-01T00:00:00.000Z</time>
</trkpt>
<trkpt lat="47.3499608" lon="2.8625431">
	<ele>147.00</ele>
	<time>1970-01-01T00:00:00.000Z</time>
</trkpt>
<trkpt lat="47.3458322" lon="2.8601879">
	<ele>150.00</ele>
	<time>1970-01-01T00:00:00.000Z</time>
</trkpt>
<trkpt lat="47.3451828" lon="2.8599182">
	<ele>147.70</ele>
	<time>1970-01-01T00:00:00.000Z</time>
</trkpt>
<trkpt lat="47.3442212" lon="2.8597022">
	<ele>146.80</ele>
	<time>1970-01-01T00:00:00.000Z</time>
</trkpt>
<trkpt lat="47.3417569" lon="2.8594345">
	<ele>147.00</ele>
	<time>1970-01-01T00:00:00.000Z</time>
</trkpt>
<trkpt lat="47.3407736" lon="2.8592754">
	<ele>147.10</ele>
	<time>1970-01-01T00:00:00.000Z</time>
</trkpt>
<trkpt lat="47.3402805" lon="2.8594383">
	<ele>146.50</ele>
	<time>1970-01-01T00:00:00.000Z</time>
</trkpt>
<trkpt lat="47.3392901" lon="2.8593364">
	<ele>147.20</ele>
	<time>1970-01-01T00:00:00.000Z</time>
</trkpt>
<trkpt lat="47.3393388" lon="2.8594221">
	<ele>147.40</ele>
	<time>1970-01-01T00:00:00.000Z</time>
</trkpt>
<trkpt lat="47.3392686" lon="2.8601760">
	<ele>148.30</ele>
	<time>1970-01-01T00:00:00.000Z</time>
</trkpt>
<trkpt lat="47.3390753" lon="2.8633815">
	<ele>149.40</ele>
	<time>1970-01-01T00:00:00.000Z</time>
</trkpt>
<trkpt lat="47.3399846" lon="2.8650565">
	<ele>147.10</ele>
	<time>1970-01-01T00:00:00.000Z</time>
</trkpt>
<trkpt lat="47.3404065" lon="2.8659116">
	<ele>147.00</ele>
	<time>1970-01-01T00:00:00.000Z</time>
</trkpt>
<trkpt lat="47.3403814" lon="2.8660195">
	<ele>147.00</ele>
	<time>1970-01-01T00:00:00.000Z</time>
</trkpt>
<trkpt lat="47.3401771" lon="2.8663689">
	<ele>147.40</ele>
	<time>1970-01-01T00:00:00.000Z</time>
</trkpt>
<trkpt lat="47.3399684" lon="2.8665458">
	<ele>146.40</ele>
	<time>1970-01-01T00:00:00.000Z</time>
</trkpt>
<trkpt lat="47.3389117" lon="2.8666820">
	<ele>147.50</ele>
	<time>1970-01-01T00:00:00.000Z</time>
</trkpt>
<trkpt lat="47.3383543" lon="2.8666305">
	<ele>146.30</ele>
	<time>1970-01-01T00:00:00.000Z</time>
</trkpt>
<trkpt lat="47.3373186" lon="2.8665589">
	<ele>146.30</ele>
	<time>1970-01-01T00:00:00.000Z</time>
</trkpt>
<trkpt lat="47.3368686" lon="2.8662476">
	<ele>147.20</ele>
	<time>1970-01-01T00:00:00.000Z</time>
</trkpt>
<trkpt lat="47.3364982" lon="2.8658962">
	<ele>147.30</ele>
	<time>1970-01-01T00:00:00.000Z</time>
</trkpt>
<trkpt lat="47.3360446" lon="2.8651993">
	<ele>148.70</ele>
	<time>1970-01-01T00:00:00.000Z</time>
</trkpt>
<trkpt lat="47.3358148" lon="2.8646604">
	<ele>149.60</ele>
	<time>1970-01-01T00:00:00.000Z</time>
</trkpt>
<trkpt lat="47.3355213" lon="2.8641811">
	<ele>149.00</ele>
	<time>1970-01-01T00:00:00.000Z</time>
</trkpt>
<trkpt lat="47.3351825" lon="2.8632285">
	<ele>147.10</ele>
	<time>1970-01-01T00:00:00.000Z</time>
</trkpt>
<trkpt lat="47.3346310" lon="2.8627810">
	<ele>146.90</ele>
	<time>1970-01-01T00:00:00.000Z</time>
</trkpt>
<trkpt lat="47.3342987" lon="2.8626429">
	<ele>146.70</ele>
	<time>1970-01-01T00:00:00.000Z</time>
</trkpt>
<trkpt lat="47.3339853" lon="2.8625455">
	<ele>146.40</ele>
	<time>1970-01-01T00:00:00.000Z</time>
</trkpt>
<trkpt lat="47.3337233" lon="2.8625450">
	<ele>146.60</ele>
	<time>1970-01-01T00:00:00.000Z</time>
</trkpt>
<trkpt lat="47.3327729" lon="2.8627223">
	<ele>146.60</ele>
	<time>1970-01-01T00:00:00.000Z</time>
</trkpt>
<trkpt lat="47.3316670" lon="2.8631196">
	<ele>144.70</ele>
	<time>1970-01-01T00:00:00.000Z</time>
</trkpt>
<trkpt lat="47.3309027" lon="2.8630710">
	<ele>145.70</ele>
	<time>1970-01-01T00:00:00.000Z</time>
</trkpt>
<trkpt lat="47.3301770" lon="2.8630784">
	<ele>145.40</ele>
	<time>1970-01-01T00:00:00.000Z</time>
</trkpt>
<trkpt lat="47.3294425" lon="2.8631900">
	<ele>145.90</ele>
	<time>1970-01-01T00:00:00.000Z</time>
</trkpt>
<trkpt lat="47.3290106" lon="2.8633078">
	<ele>146.50</ele>
	<time>1970-01-01T00:00:00.000Z</time>
</trkpt>
<trkpt lat="47.3287001" lon="2.8633217">
	<ele>146.80</ele>
	<time>1970-01-01T00:00:00.000Z</time>
</trkpt>
<trkpt lat="47.3284002" lon="2.8632896">
	<ele>146.90</ele>
	<time>1970-01-01T00:00:00.000Z</time>
</trkpt>
<trkpt lat="47.3281931" lon="2.8632130">
	<ele>147.00</ele>
	<time>1970-01-01T00:00:00.000Z</time>
</trkpt>
<trkpt lat="47.3281066" lon="2.8631394">
	<ele>146.70</ele>
	<time>1970-01-01T00:00:00.000Z</time>
</trkpt>
<trkpt lat="47.3277030" lon="2.8625543">
	<ele>145.50</ele>
	<time>1970-01-01T00:00:00.000Z</time>
</trkpt>
<trkpt lat="47.3275792" lon="2.8625367">
	<ele>145.50</ele>
	<time>1970-01-01T00:00:00.000Z</time>
</trkpt>
<trkpt lat="47.3269053" lon="2.8633370">
	<ele>146.20</ele>
	<time>1970-01-01T00:00:00.000Z</time>
</trkpt>
<trkpt lat="47.3257818" lon="2.8653896">
	<ele>144.90</ele>
	<time>1970-01-01T00:00:00.000Z</time>
</trkpt>
<trkpt lat="47.3256977" lon="2.8654862">
	<ele>144.90</ele>
	<time>1970-01-01T00:00:00.000Z</time>
</trkpt>
<trkpt lat="47.3250374" lon="2.8659140">
	<ele>145.30</ele>
	<time>1970-01-01T00:00:00.000Z</time>
</trkpt>
<trkpt lat="47.3238384" lon="2.8668242">
	<ele>145.50</ele>
	<time>1970-01-01T00:00:00.000Z</time>
</trkpt>
<trkpt lat="47.3226561" lon="2.8673658">
	<ele>145.30</ele>
	<time>1970-01-01T00:00:00.000Z</time>
</trkpt>
<trkpt lat="47.3221801" lon="2.8676279">
	<ele>145.30</ele>
	<time>1970-01-01T00:00:00.000Z</time>
</trkpt>
<trkpt lat="47.3220587" lon="2.8676333">
	<ele>145.40</ele>
	<time>1970-01-01T00:00:00.000Z</time>
</trkpt>
<trkpt lat="47.3219878" lon="2.8677605">
	<ele>145.40</ele>
	<time>1970-01-01T00:00:00.000Z</time>
</trkpt>
<trkpt lat="47.3218789" lon="2.8678590">
	<ele>145.30</ele>
	<time>1970-01-01T00:00:00.000Z</time>
</trkpt>
<trkpt lat="47.3211161" lon="2.8683505">
	<ele>145.70</ele>
	<time>1970-01-01T00:00:00.000Z</time>
</trkpt>
<trkpt lat="47.3200664" lon="2.8691554">
	<ele>146.30</ele>
	<time>1970-01-01T00:00:00.000Z</time>
</trkpt>
<trkpt lat="47.3198695" lon="2.8693385">
	<ele>146.90</ele>
	<time>1970-01-01T00:00:00.000Z</time>
</trkpt>
<trkpt lat="47.3194010" lon="2.8699116">
	<ele>146.70</ele>
	<time>1970-01-01T00:00:00.000Z</time>
</trkpt>
<trkpt lat="47.3192563" lon="2.8700351">
	<ele>146.10</ele>
	<time>1970-01-01T00:00:00.000Z</time>
</trkpt>
<trkpt lat="47.3185562" lon="2.8703811">
	<ele>145.40</ele>
	<time>1970-01-01T00:00:00.000Z</time>
</trkpt>
<trkpt lat="47.3177714" lon="2.8713333">
	<ele>144.60</ele>
	<time>1970-01-01T00:00:00.000Z</time>
</trkpt>
<trkpt lat="47.3174624" lon="2.8719604">
	<ele>145.30</ele>
	<time>1970-01-01T00:00:00.000Z</time>
</trkpt>
<trkpt lat="47.3164979" lon="2.8736888">
	<ele>147.00</ele>
	<time>1970-01-01T00:00:00.000Z</time>
</trkpt>
<trkpt lat="47.3161788" lon="2.8746123">
	<ele>147.10</ele>
	<time>1970-01-01T00:00:00.000Z</time>
</trkpt>
<trkpt lat="47.3159149" lon="2.8751888">
	<ele>147.00</ele>
	<time>1970-01-01T00:00:00.000Z</time>
</trkpt>
<trkpt lat="47.3156761" lon="2.8759001">
	<ele>147.00</ele>
	<time>1970-01-01T00:00:00.000Z</time>
</trkpt>
<trkpt lat="47.3154805" lon="2.8763613">
	<ele>146.70</ele>
	<time>1970-01-01T00:00:00.000Z</time>
</trkpt>
<trkpt lat="47.3153987" lon="2.8765164">
	<ele>146.50</ele>
	<time>1970-01-01T00:00:00.000Z</time>
</trkpt>
<trkpt lat="47.3150300" lon="2.8769779">
	<ele>146.30</ele>
	<time>1970-01-01T00:00:00.000Z</time>
</trkpt>
<trkpt lat="47.3144011" lon="2.8781616">
	<ele>146.00</ele>
	<time>1970-01-01T00:00:00.000Z</time>
</trkpt>
<trkpt lat="47.3142951" lon="2.8784251">
	<ele>146.00</ele>
	<time>1970-01-01T00:00:00.000Z</time>
</trkpt>
<trkpt lat="47.3140817" lon="2.8792076">
	<ele>146.20</ele>
	<time>1970-01-01T00:00:00.000Z</time>
</trkpt>
<trkpt lat="47.3137846" lon="2.8800810">
	<ele>146.50</ele>
	<time>1970-01-01T00:00:00.000Z</time>
</trkpt>
<trkpt lat="47.3131983" lon="2.8815302">
	<ele>147.80</ele>
	<time>1970-01-01T00:00:00.000Z</time>
</trkpt>
<trkpt lat="47.3124966" lon="2.8828767">
	<ele>146.50</ele>
	<time>1970-01-01T00:00:00.000Z</time>
</trkpt>
<trkpt lat="47.3117772" lon="2.8846533">
	<ele>146.00</ele>
	<time>1970-01-01T00:00:00.000Z</time>
</trkpt>
<trkpt lat="47.3116797" lon="2.8847761">
	<ele>146.40</ele>
	<time>1970-01-01T00:00:00.000Z</time>
</trkpt>
<trkpt lat="47.3113020" lon="2.8847445">
	<ele>145.70</ele>
	<time>1970-01-01T00:00:00.000Z</time>
</trkpt>
<trkpt lat="47.3110467" lon="2.8878555">
	<ele>148.10</ele>
	<time>1970-01-01T00:00:00.000Z</time>
</trkpt>
<trkpt lat="47.3108211" lon="2.8891901">
	<ele>149.90</ele>
	<time>1970-01-01T00:00:00.000Z</time>
</trkpt>
<trkpt lat="47.3105847" lon="2.8901812">
	<ele>150.40</ele>
	<time>1970-01-01T00:00:00.000Z</time>
</trkpt>
<trkpt lat="47.3103210" lon="2.8906457">
	<ele>149.80</ele>
	<time>1970-01-01T00:00:00.000Z</time>
</trkpt>
<trkpt lat="47.3100632" lon="2.8912208">
	<ele>150.40</ele>
	<time>1970-01-01T00:00:00.000Z</time>
</trkpt>
<trkpt lat="47.3092064" lon="2.8933191">
	<ele>148.00</ele>
	<time>1970-01-01T00:00:00.000Z</time>
</trkpt>
<trkpt lat="47.3081047" lon="2.8946872">
	<ele>146.30</ele>
	<time>1970-01-01T00:00:00.000Z</time>
</trkpt>
<trkpt lat="47.3079152" lon="2.8950184">
	<ele>146.30</ele>
	<time>1970-01-01T00:00:00.000Z</time>
</trkpt>
<trkpt lat="47.3075010" lon="2.8959551">
	<ele>146.80</ele>
	<time>1970-01-01T00:00:00.000Z</time>
</trkpt>
<trkpt lat="47.3072567" lon="2.8966635">
	<ele>147.10</ele>
	<time>1970-01-01T00:00:00.000Z</time>
</trkpt>
<trkpt lat="47.3070846" lon="2.8973615">
	<ele>147.10</ele>
	<time>1970-01-01T00:00:00.000Z</time>
</trkpt>
<trkpt lat="47.3069481" lon="2.8977481">
	<ele>147.20</ele>
	<time>1970-01-01T00:00:00.000Z</time>
</trkpt>
<trkpt lat="47.3064123" lon="2.8987235">
	<ele>147.30</ele>
	<time>1970-01-01T00:00:00.000Z</time>
</trkpt>
<trkpt lat="47.3059855" lon="2.8995922">
	<ele>147.50</ele>
	<time>1970-01-01T00:00:00.000Z</time>
</trkpt>
<trkpt lat="47.3047986" lon="2.9023000">
	<ele>147.40</ele>
	<time>1970-01-01T00:00:00.000Z</time>
</trkpt>
<trkpt lat="47.3046799" lon="2.9024721">
	<ele>147.50</ele>
	<time>1970-01-01T00:00:00.000Z</time>
</trkpt>
<trkpt lat="47.3043409" lon="2.9026433">
	<ele>147.90</ele>
	<time>1970-01-01T00:00:00.000Z</time>
</trkpt>
<trkpt lat="47.3043059" lon="2.9027444">
	<ele>147.90</ele>
	<time>1970-01-01T00:00:00.000Z</time>
</trkpt>
<trkpt lat="47.3043707" lon="2.9030655">
	<ele>147.70</ele>
	<time>1970-01-01T00:00:00.000Z</time>
</trkpt>
<trkpt lat="47.3045087" lon="2.9032971">
	<ele>147.50</ele>
	<time>1970-01-01T00:00:00.000Z</time>
</trkpt>
<trkpt lat="47.3067889" lon="2.9088610">
	<ele>147.50</ele>
	<time>1970-01-01T00:00:00.000Z</time>
</trkpt>
<trkpt lat="47.3072012" lon="2.9097736">
	<ele>149.40</ele>
	<time>1970-01-01T00:00:00.000Z</time>
</trkpt>
<trkpt lat="47.3070725" lon="2.9106016">
	<ele>148.80</ele>
	<time>1970-01-01T00:00:00.000Z</time>
</trkpt>
<trkpt lat="47.3069966" lon="2.9107971">
	<ele>148.70</ele>
	<time>1970-01-01T00:00:00.000Z</time>
</trkpt>
<trkpt lat="47.3067701" lon="2.9112025">
	<ele>147.90</ele>
	<time>1970-01-01T00:00:00.000Z</time>
</trkpt>
<trkpt lat="47.3065047" lon="2.9115405">
	<ele>148.60</ele>
	<time>1970-01-01T00:00:00.000Z</time>
</trkpt>
<trkpt lat="47.3058237" lon="2.9120919">
	<ele>150.90</ele>
	<time>1970-01-01T00:00:00.000Z</time>
</trkpt>
<trkpt lat="47.3050219" lon="2.9126530">
	<ele>149.70</ele>
	<time>1970-01-01T00:00:00.000Z</time>
</trkpt>
<trkpt lat="47.3047656" lon="2.9129501">
	<ele>149.20</ele>
	<time>1970-01-01T00:00:00.000Z</time>
</trkpt>
<trkpt lat="47.3045472" lon="2.9133605">
	<ele>148.90</ele>
	<time>1970-01-01T00:00:00.000Z</time>
</trkpt>
<trkpt lat="47.3044024" lon="2.9135502">
	<ele>148.90</ele>
	<time>1970-01-01T00:00:00.000Z</time>
</trkpt>
<trkpt lat="47.3040857" lon="2.9138644">
	<ele>149.80</ele>
	<time>1970-01-01T00:00:00.000Z</time>
</trkpt>
<trkpt lat="47.3039598" lon="2.9139162">
	<ele>149.70</ele>
	<time>1970-01-01T00:00:00.000Z</time>
</trkpt>
<trkpt lat="47.3038414" lon="2.9139108">
	<ele>149.70</ele>
	<time>1970-01-01T00:00:00.000Z</time>
</trkpt>
<trkpt lat="47.3036494" lon="2.9142184">
	<ele>150.10</ele>
	<time>1970-01-01T00:00:00.000Z</time>
</trkpt>
<trkpt lat="47.3032010" lon="2.9145928">
	<ele>149.50</ele>
	<time>1970-01-01T00:00:00.000Z</time>
</trkpt>
<trkpt lat="47.3023978" lon="2.9157807">
	<ele>150.20</ele>
	<time>1970-01-01T00:00:00.000Z</time>
</trkpt>
<trkpt lat="47.3020387" lon="2.9164086">
	<ele>150.40</ele>
	<time>1970-01-01T00:00:00.000Z</time>
</trkpt>
<trkpt lat="47.3017058" lon="2.9168300">
	<ele>150.10</ele>
	<time>1970-01-01T00:00:00.000Z</time>
</trkpt>
<trkpt lat="47.3004699" lon="2.9182401">
	<ele>149.90</ele>
	<time>1970-01-01T00:00:00.000Z</time>
</trkpt>
<trkpt lat="47.2983981" lon="2.9202413">
	<ele>149.40</ele>
	<time>1970-01-01T00:00:00.000Z</time>
</trkpt>
<trkpt lat="47.2979115" lon="2.9209209">
	<ele>147.60</ele>
	<time>1970-01-01T00:00:00.000Z</time>
</trkpt>
<trkpt lat="47.2970573" lon="2.9224399">
	<ele>145.40</ele>
	<time>1970-01-01T00:00:00.000Z</time>
</trkpt>
<trkpt lat="47.2959519" lon="2.9238020">
	<ele>144.40</ele>
	<time>1970-01-01T00:00:00.000Z</time>
</trkpt>
<trkpt lat="47.2950858" lon="2.9250417">
	<ele>144.30</ele>
	<time>1970-01-01T00:00:00.000Z</time>
</trkpt>
<trkpt lat="47.2943516" lon="2.9257149">
	<ele>143.30</ele>
	<time>1970-01-01T00:00:00.000Z</time>
</trkpt>
<trkpt lat="47.2933980" lon="2.9268491">
	<ele>143.40</ele>
	<time>1970-01-01T00:00:00.000Z</time>
</trkpt>
<trkpt lat="47.2920369" lon="2.9285642">
	<ele>143.50</ele>
	<time>1970-01-01T00:00:00.000Z</time>
</trkpt>
<trkpt lat="47.2905613" lon="2.9297903">
	<ele>143.70</ele>
	<time>1970-01-01T00:00:00.000Z</time>
</trkpt>
<trkpt lat="47.2900980" lon="2.9302208">
	<ele>144.70</ele>
	<time>1970-01-01T00:00:00.000Z</time>
</trkpt>
<trkpt lat="47.2892327" lon="2.9315040">
	<ele>144.50</ele>
	<time>1970-01-01T00:00:00.000Z</time>
</trkpt>
<trkpt lat="47.2890187" lon="2.9318865">
	<ele>144.00</ele>
	<time>1970-01-01T00:00:00.000Z</time>
</trkpt>
<trkpt lat="47.2886176" lon="2.9327869">
	<ele>143.90</ele>
	<time>1970-01-01T00:00:00.000Z</time>
</trkpt>
<trkpt lat="47.2881230" lon="2.9335786">
	<ele>143.20</ele>
	<time>1970-01-01T00:00:00.000Z</time>
</trkpt>
<trkpt lat="47.2873269" lon="2.9345576">
	<ele>145.40</ele>
	<time>1970-01-01T00:00:00.000Z</time>
</trkpt>
<trkpt lat="47.2867014" lon="2.9351243">
	<ele>145.30</ele>
	<time>1970-01-01T00:00:00.000Z</time>
</trkpt>
<trkpt lat="47.2856632" lon="2.9361552">
	<ele>145.40</ele>
	<time>1970-01-01T00:00:00.000Z</time>
</trkpt>
<trkpt lat="47.2854275" lon="2.9364873">
	<ele>143.60</ele>
	<time>1970-01-01T00:00:00.000Z</time>
</trkpt>
<trkpt lat="47.2844966" lon="2.9381236">
	<ele>145.30</ele>
	<time>1970-01-01T00:00:00.000Z</time>
</trkpt>
<trkpt lat="47.2842447" lon="2.9383000">
	<ele>147.80</ele>
	<time>1970-01-01T00:00:00.000Z</time>
</trkpt>
<trkpt lat="47.2834608" lon="2.9387122">
	<ele>149.90</ele>
	<time>1970-01-01T00:00:00.000Z</time>
</trkpt>
<trkpt lat="47.2829901" lon="2.9390937">
	<ele>150.10</ele>
	<time>1970-01-01T00:00:00.000Z</time>
</trkpt>
<trkpt lat="47.2813927" lon="2.9400400">
	<ele>149.40</ele>
	<time>1970-01-01T00:00:00.000Z</time>
</trkpt>
<trkpt lat="47.2805729" lon="2.9407395">
	<ele>149.60</ele>
	<time>1970-01-01T00:00:00.000Z</time>
</trkpt>
<trkpt lat="47.2801066" lon="2.9409320">
	<ele>149.40</ele>
	<time>1970-01-01T00:00:00.000Z</time>
</trkpt>
<trkpt lat="47.2797260" lon="2.9412103">
	<ele>149.40</ele>
	<time>1970-01-01T00:00:00.000Z</time>
</trkpt>
<trkpt lat="47.2783114" lon="2.9423905">
	<ele>150.20</ele>
	<time>1970-01-01T00:00:00.000Z</time>
</trkpt>
<trkpt lat="47.2766367" lon="2.9435879">
	<ele>150.50</ele>
	<time>1970-01-01T00:00:00.000Z</time>
</trkpt>
<trkpt lat="47.2760996" lon="2.9442394">
	<ele>150.20</ele>
	<time>1970-01-01T00:00:00.000Z</time>
</trkpt>
<trkpt lat="47.2753177" lon="2.9453910">
	<ele>150.10</ele>
	<time>1970-01-01T00:00:00.000Z</time>
</trkpt>
<trkpt lat="47.2744767" lon="2.9467518">
	<ele>150.50</ele>
	<time>1970-01-01T00:00:00.000Z</time>
</trkpt>
<trkpt lat="47.2737571" lon="2.9480977">
	<ele>149.70</ele>
	<time>1970-01-01T00:00:00.000Z</time>
</trkpt>
<trkpt lat="47.2749615" lon="2.9459588">
	<ele>150.30</ele>
	<time>1970-01-01T00:00:00.000Z</time>
</trkpt>
<trkpt lat="47.2743633" lon="2.9469514">
	<ele>150.70</ele>
	<time>1970-01-01T00:00:00.000Z</time>
</trkpt>
<trkpt lat="47.2738263" lon="2.9479571">
	<ele>149.40</ele>
	<time>1970-01-01T00:00:00.000Z</time>
</trkpt>
<trkpt lat="47.2734720" lon="2.9487289">
	<ele>150.80</ele>
	<time>1970-01-01T00:00:00.000Z</time>
</trkpt>
<trkpt lat="47.2731247" lon="2.9492713">
	<ele>151.70</ele>
	<time>1970-01-01T00:00:00.000Z</time>
</trkpt>
<trkpt lat="47.2729016" lon="2.9495350">
	<ele>151.70</ele>
	<time>1970-01-01T00:00:00.000Z</time>
</trkpt>
<trkpt lat="47.2724354" lon="2.9499640">
	<ele>152.00</ele>
	<time>1970-01-01T00:00:00.000Z</time>
</trkpt>
<trkpt lat="47.2717073" lon="2.9504856">
	<ele>150.80</ele>
	<time>1970-01-01T00:00:00.000Z</time>
</trkpt>
<trkpt lat="47.2728881" lon="2.9517413">
	<ele>151.30</ele>
	<time>1970-01-01T00:00:00.000Z</time>
</trkpt>
<trkpt lat="47.2729643" lon="2.9519149">
	<ele>150.80</ele>
	<time>1970-01-01T00:00:00.000Z</time>
</trkpt>
<trkpt lat="47.2729693" lon="2.9521046">
	<ele>150.80</ele>
	<time>1970-01-01T00:00:00.000Z</time>
</trkpt>
<trkpt lat="47.2727832" lon="2.9527373">
	<ele>150.60</ele>
	<time>1970-01-01T00:00:00.000Z</time>
</trkpt>
<trkpt lat="47.2727105" lon="2.9534834">
	<ele>150.00</ele>
	<time>1970-01-01T00:00:00.000Z</time>
</trkpt>
<trkpt lat="47.2727269" lon="2.9538707">
	<ele>149.80</ele>
	<time>1970-01-01T00:00:00.000Z</time>
</trkpt>
<trkpt lat="47.2728231" lon="2.9546154">
	<ele>150.30</ele>
	<time>1970-01-01T00:00:00.000Z</time>
</trkpt>
<trkpt lat="47.2729479" lon="2.9551669">
	<ele>150.80</ele>
	<time>1970-01-01T00:00:00.000Z</time>
</trkpt>
<trkpt lat="47.2732617" lon="2.9562630">
	<ele>151.90</ele>
	<time>1970-01-01T00:00:00.000Z</time>
</trkpt>
<trkpt lat="47.2732204" lon="2.9565185">
	<ele>151.80</ele>
	<time>1970-01-01T00:00:00.000Z</time>
</trkpt>
<trkpt lat="47.2731527" lon="2.9566460">
	<ele>151.80</ele>
	<time>1970-01-01T00:00:00.000Z</time>
</trkpt>
<trkpt lat="47.2653449" lon="2.9674833">
	<ele>150.00</ele>
	<time>1970-01-01T00:00:00.000Z</time>
</trkpt>
<trkpt lat="47.2645414" lon="2.9684701">
	<ele>152.20</ele>
	<time>1970-01-01T00:00:00.000Z</time>
</trkpt>
<trkpt lat="47.2636198" lon="2.9695181">
	<ele>152.10</ele>
	<time>1970-01-01T00:00:00.000Z</time>
</trkpt>
<trkpt lat="47.2623327" lon="2.9707487">
	<ele>152.40</ele>
	<time>1970-01-01T00:00:00.000Z</time>
</trkpt>
<trkpt lat="47.2611589" lon="2.9717308">
	<ele>153.10</ele>
	<time>1970-01-01T00:00:00.000Z</time>
</trkpt>
<trkpt lat="47.2596666" lon="2.9727218">
	<ele>152.60</ele>
	<time>1970-01-01T00:00:00.000Z</time>
</trkpt>
<trkpt lat="47.2589240" lon="2.9731507">
	<ele>152.00</ele>
	<time>1970-01-01T00:00:00.000Z</time>
</trkpt>
<trkpt lat="47.2580814" lon="2.9735517">
	<ele>152.10</ele>
	<time>1970-01-01T00:00:00.000Z</time>
</trkpt>
<trkpt lat="47.2574108" lon="2.9738337">
	<ele>152.50</ele>
	<time>1970-01-01T00:00:00.000Z</time>
</trkpt>
<trkpt lat="47.2560993" lon="2.9742945">
	<ele>153.10</ele>
	<time>1970-01-01T00:00:00.000Z</time>
</trkpt>
<trkpt lat="47.2547040" lon="2.9746232">
	<ele>153.40</ele>
	<time>1970-01-01T00:00:00.000Z</time>
</trkpt>
<trkpt lat="47.2536380" lon="2.9747653">
	<ele>152.30</ele>
	<time>1970-01-01T00:00:00.000Z</time>
</trkpt>
<trkpt lat="47.2525145" lon="2.9748396">
	<ele>148.60</ele>
	<time>1970-01-01T00:00:00.000Z</time>
</trkpt>
<trkpt lat="47.2513866" lon="2.9748152">
	<ele>149.90</ele>
	<time>1970-01-01T00:00:00.000Z</time>
</trkpt>
<trkpt lat="47.2463792" lon="2.9744011">
	<ele>151.20</ele>
	<time>1970-01-01T00:00:00.000Z</time>
</trkpt>
<trkpt lat="47.2446157" lon="2.9746451">
	<ele>151.70</ele>
	<time>1970-01-01T00:00:00.000Z</time>
</trkpt>
<trkpt lat="47.2443717" lon="2.9745884">
	<ele>152.00</ele>
	<time>1970-01-01T00:00:00.000Z</time>
</trkpt>
<trkpt lat="47.2433668" lon="2.9742042">
	<ele>153.20</ele>
	<time>1970-01-01T00:00:00.000Z</time>
</trkpt>
<trkpt lat="47.2402660" lon="2.9729474">
	<ele>156.30</ele>
	<time>1970-01-01T00:00:00.000Z</time>
</trkpt>
<trkpt lat="47.2398808" lon="2.9728286">
	<ele>156.40</ele>
	<time>1970-01-01T00:00:00.000Z</time>
</trkpt>
<trkpt lat="47.2396395" lon="2.9728181">
	<ele>156.20</ele>
	<time>1970-01-01T00:00:00.000Z</time>
</trkpt>
<trkpt lat="47.2334583" lon="2.9730936">
	<ele>157.20</ele>
	<time>1970-01-01T00:00:00.000Z</time>
</trkpt>
<trkpt lat="47.2329705" lon="2.9731993">
	<ele>157.30</ele>
	<time>1970-01-01T00:00:00.000Z</time>
</trkpt>
<trkpt lat="47.2316264" lon="2.9736864">
	<ele>158.00</ele>
	<time>1970-01-01T00:00:00.000Z</time>
</trkpt>
<trkpt lat="47.2302410" lon="2.9741221">
	<ele>154.50</ele>
	<time>1970-01-01T00:00:00.000Z</time>
</trkpt>
<trkpt lat="47.2299620" lon="2.9741421">
	<ele>154.40</ele>
	<time>1970-01-01T00:00:00.000Z</time>
</trkpt>
<trkpt lat="47.2281649" lon="2.9737675">
	<ele>151.00</ele>
	<time>1970-01-01T00:00:00.000Z</time>
</trkpt>
<trkpt lat="47.2275978" lon="2.9737744">
	<ele>153.80</ele>
	<time>1970-01-01T00:00:00.000Z</time>
</trkpt>
<trkpt lat="47.2269101" lon="2.9740349">
	<ele>155.50</ele>
	<time>1970-01-01T00:00:00.000Z</time>
</trkpt>
<trkpt lat="47.2251644" lon="2.9740753">
	<ele>157.80</ele>
	<time>1970-01-01T00:00:00.000Z</time>
</trkpt>
<trkpt lat="47.2228932" lon="2.9745721">
	<ele>156.60</ele>
	<time>1970-01-01T00:00:00.000Z</time>
</trkpt>
<trkpt lat="47.2210576" lon="2.9748401">
	<ele>155.90</ele>
	<time>1970-01-01T00:00:00.000Z</time>
</trkpt>
<trkpt lat="47.2198414" lon="2.9749528">
	<ele>158.50</ele>
	<time>1970-01-01T00:00:00.000Z</time>
</trkpt>
<trkpt lat="47.2194723" lon="2.9750192">
	<ele>159.40</ele>
	<time>1970-01-01T00:00:00.000Z</time>
</trkpt>
<trkpt lat="47.2192049" lon="2.9751224">
	<ele>158.30</ele>
	<time>1970-01-01T00:00:00.000Z</time>
</trkpt>
<trkpt lat="47.2157170" lon="2.9783348">
	<ele>156.70</ele>
	<time>1970-01-01T00:00:00.000Z</time>
</trkpt>
<trkpt lat="47.2123732" lon="2.9821372">
	<ele>154.50</ele>
	<time>1970-01-01T00:00:00.000Z</time>
</trkpt>
<trkpt lat="47.2109248" lon="2.9837113">
	<ele>154.90</ele>
	<time>1970-01-01T00:00:00.000Z</time>
</trkpt>
<trkpt lat="47.2101939" lon="2.9844392">
	<ele>154.80</ele>
	<time>1970-01-01T00:00:00.000Z</time>
</trkpt>
<trkpt lat="47.2094180" lon="2.9852916">
	<ele>156.10</ele>
	<time>1970-01-01T00:00:00.000Z</time>
</trkpt>
<trkpt lat="47.2079696" lon="2.9866106">
	<ele>156.50</ele>
	<time>1970-01-01T00:00:00.000Z</time>
</trkpt>
<trkpt lat="47.2075826" lon="2.9870308">
	<ele>155.50</ele>
	<time>1970-01-01T00:00:00.000Z</time>
</trkpt>
<trkpt lat="47.2070533" lon="2.9877197">
	<ele>155.10</ele>
	<time>1970-01-01T00:00:00.000Z</time>
</trkpt>
<trkpt lat="47.2067256" lon="2.9882132">
	<ele>154.80</ele>
	<time>1970-01-01T00:00:00.000Z</time>
</trkpt>
<trkpt lat="47.2063358" lon="2.9886691">
	<ele>153.80</ele>
	<time>1970-01-01T00:00:00.000Z</time>
</trkpt>
<trkpt lat="47.2051025" lon="2.9897897">
	<ele>150.60</ele>
	<time>1970-01-01T00:00:00.000Z</time>
</trkpt>
<trkpt lat="47.2046020" lon="2.9901160">
	<ele>149.10</ele>
	<time>1970-01-01T00:00:00.000Z</time>
</trkpt>
<trkpt lat="47.2039827" lon="2.9902706">
	<ele>150.90</ele>
	<time>1970-01-01T00:00:00.000Z</time>
</trkpt>
<trkpt lat="47.2031337" lon="2.9906976">
	<ele>150.10</ele>
	<time>1970-01-01T00:00:00.000Z</time>
</trkpt>
<trkpt lat="47.2005023" lon="2.9921948">
	<ele>150.80</ele>
	<time>1970-01-01T00:00:00.000Z</time>
</trkpt>
<trkpt lat="47.1996002" lon="2.9927600">
	<ele>152.30</ele>
	<time>1970-01-01T00:00:00.000Z</time>
</trkpt>
<trkpt lat="47.1984165" lon="2.9934116">
	<ele>149.90</ele>
	<time>1970-01-01T00:00:00.000Z</time>
</trkpt>
<trkpt lat="47.1978322" lon="2.9936399">
	<ele>150.00</ele>
	<time>1970-01-01T00:00:00.000Z</time>
</trkpt>
<trkpt lat="47.1972309" lon="2.9939530">
	<ele>151.10</ele>
	<time>1970-01-01T00:00:00.000Z</time>
</trkpt>
<trkpt lat="47.1968536" lon="2.9942003">
	<ele>150.10</ele>
	<time>1970-01-01T00:00:00.000Z</time>
</trkpt>
<trkpt lat="47.1947398" lon="2.9953956">
	<ele>154.10</ele>
	<time>1970-01-01T00:00:00.000Z</time>
</trkpt>
<trkpt lat="47.1942429" lon="2.9955014">
	<ele>154.10</ele>
	<time>1970-01-01T00:00:00.000Z</time>
</trkpt>
<trkpt lat="47.1934309" lon="2.9958593">
	<ele>154.00</ele>
	<time>1970-01-01T00:00:00.000Z</time>
</trkpt>
<trkpt lat="47.1926873" lon="2.9960353">
	<ele>154.50</ele>
	<time>1970-01-01T00:00:00.000Z</time>
</trkpt>
<trkpt lat="47.1919931" lon="2.9962703">
	<ele>154.40</ele>
	<time>1970-01-01T00:00:00.000Z</time>
</trkpt>
<trkpt lat="47.1907373" lon="2.9970521">
	<ele>154.30</ele>
	<time>1970-01-01T00:00:00.000Z</time>
</trkpt>
<trkpt lat="47.1904474" lon="2.9974035">
	<ele>154.50</ele>
	<time>1970-01-01T00:00:00.000Z</time>
</trkpt>
<trkpt lat="47.1895588" lon="2.9986306">
	<ele>154.40</ele>
	<time>1970-01-01T00:00:00.000Z</time>
</trkpt>
<trkpt lat="47.1893383" lon="2.9988945">
	<ele>154.30</ele>
	<time>1970-01-01T00:00:00.000Z</time>
</trkpt>
<trkpt lat="47.1891069" lon="2.9990875">
	<ele>154.50</ele>
	<time>1970-01-01T00:00:00.000Z</time>
</trkpt>
<trkpt lat="47.1888369" lon="2.9992765">
	<ele>155.10</ele>
	<time>1970-01-01T00:00:00.000Z</time>
</trkpt>
<trkpt lat="47.1878988" lon="2.9997570">
	<ele>155.60</ele>
	<time>1970-01-01T00:00:00.000Z</time>
</trkpt>
<trkpt lat="47.1838249" lon="3.0023808">
	<ele>155.30</ele>
	<time>1970-01-01T00:00:00.000Z</time>
</trkpt>
<trkpt lat="47.1837799" lon="3.0024917">
	<ele>155.30</ele>
	<time>1970-01-01T00:00:00.000Z</time>
</trkpt>
<trkpt lat="47.1836169" lon="3.0024561">
	<ele>155.30</ele>
	<time>1970-01-01T00:00:00.000Z</time>
</trkpt>
<trkpt lat="47.1833082" lon="3.0025725">
	<ele>155.40</ele>
	<time>1970-01-01T00:00:00.000Z</time>
</trkpt>
<trkpt lat="47.1831253" lon="3.0025669">
	<ele>155.30</ele>
	<time>1970-01-01T00:00:00.000Z</time>
</trkpt>
<trkpt lat="47.1822854" lon="3.0023676">
	<ele>155.50</ele>
	<time>1970-01-01T00:00:00.000Z</time>
</trkpt>
<trkpt lat="47.1820054" lon="3.0024021">
	<ele>155.60</ele>
	<time>1970-01-01T00:00:00.000Z</time>
</trkpt>
<trkpt lat="47.1814338" lon="3.0026576">
	<ele>156.10</ele>
	<time>1970-01-01T00:00:00.000Z</time>
</trkpt>
<trkpt lat="47.1812303" lon="3.0027083">
	<ele>156.10</ele>
	<time>1970-01-01T00:00:00.000Z</time>
</trkpt>
<trkpt lat="47.1799943" lon="3.0029288">
	<ele>156.00</ele>
	<time>1970-01-01T00:00:00.000Z</time>
</trkpt>
<trkpt lat="47.1766945" lon="3.0055928">
	<ele>155.40</ele>
	<time>1970-01-01T00:00:00.000Z</time>
</trkpt>
<trkpt lat="47.1754223" lon="3.0075205">
	<ele>156.70</ele>
	<time>1970-01-01T00:00:00.000Z</time>
</trkpt>
<trkpt lat="47.1750457" lon="3.0078511">
	<ele>157.20</ele>
	<time>1970-01-01T00:00:00.000Z</time>
</trkpt>
<trkpt lat="47.1745877" lon="3.0080920">
	<ele>157.10</ele>
	<time>1970-01-01T00:00:00.000Z</time>
</trkpt>
<trkpt lat="47.1746761" lon="3.0083245">
	<ele>156.60</ele>
	<time>1970-01-01T00:00:00.000Z</time>
</trkpt>
<trkpt lat="47.1744956" lon="3.0083947">
	<ele>156.60</ele>
	<time>1970-01-01T00:00:00.000Z</time>
</trkpt>
<trkpt lat="47.1692688" lon="3.0092333">
	<ele>155.90</ele>
	<time>1970-01-01T00:00:00.000Z</time>
</trkpt>
<trkpt lat="47.1686629" lon="3.0093520">
	<ele>156.10</ele>
	<time>1970-01-01T00:00:00.000Z</time>
</trkpt>
<trkpt lat="47.1684540" lon="3.0094296">
	<ele>156.10</ele>
	<time>1970-01-01T00:00:00.000Z</time>
</trkpt>
<trkpt lat="47.1682992" lon="3.0094217">
	<ele>155.40</ele>
	<time>1970-01-01T00:00:00.000Z</time>
</trkpt>
<trkpt lat="47.1661898" lon="3.0098122">
	<ele>151.40</ele>
	<time>1970-01-01T00:00:00.000Z</time>
</trkpt>
<trkpt lat="47.1591972" lon="3.0109711">
	<ele>158.10</ele>
	<time>1970-01-01T00:00:00.000Z</time>
</trkpt>
<trkpt lat="47.1561783" lon="3.0119418">
	<ele>156.40</ele>
	<time>1970-01-01T00:00:00.000Z</time>
</trkpt>
<trkpt lat="47.1558858" lon="3.0119643">
	<ele>156.40</ele>
	<time>1970-01-01T00:00:00.000Z</time>
</trkpt>
<trkpt lat="47.1552709" lon="3.0119115">
	<ele>156.70</ele>
	<time>1970-01-01T00:00:00.000Z</time>
</trkpt>
<trkpt lat="47.1551052" lon="3.0119482">
	<ele>156.80</ele>
	<time>1970-01-01T00:00:00.000Z</time>
</trkpt>
<trkpt lat="47.1546928" lon="3.0121620">
	<ele>157.00</ele>
	<time>1970-01-01T00:00:00.000Z</time>
</trkpt>
<trkpt lat="47.1535765" lon="3.0130577">
	<ele>156.90</ele>
	<time>1970-01-01T00:00:00.000Z</time>
</trkpt>
<trkpt lat="47.1532604" lon="3.0132346">
	<ele>156.80</ele>
	<time>1970-01-01T00:00:00.000Z</time>
</trkpt>
<trkpt lat="47.1526140" lon="3.0133136">
	<ele>157.60</ele>
	<time>1970-01-01T00:00:00.000Z</time>
</trkpt>
<trkpt lat="47.1523358" lon="3.0132926">
	<ele>157.90</ele>
	<time>1970-01-01T00:00:00.000Z</time>
</trkpt>
<trkpt lat="47.1515444" lon="3.0131194">
	<ele>159.30</ele>
	<time>1970-01-01T00:00:00.000Z</time>
</trkpt>
<trkpt lat="47.1512221" lon="3.0131166">
	<ele>159.60</ele>
	<time>1970-01-01T00:00:00.000Z</time>
</trkpt>
<trkpt lat="47.1458633" lon="3.0147609">
	<ele>158.10</ele>
	<time>1970-01-01T00:00:00.000Z</time>
</trkpt>
<trkpt lat="47.1453394" lon="3.0147738">
	<ele>157.20</ele>
	<time>1970-01-01T00:00:00.000Z</time>
</trkpt>
<trkpt lat="47.1417212" lon="3.0144459">
	<ele>158.70</ele>
	<time>1970-01-01T00:00:00.000Z</time>
</trkpt>
<trkpt lat="47.1413511" lon="3.0145075">
	<ele>158.20</ele>
	<time>1970-01-01T00:00:00.000Z</time>
</trkpt>
<trkpt lat="47.1392380" lon="3.0153580">
	<ele>158.50</ele>
	<time>1970-01-01T00:00:00.000Z</time>
</trkpt>
<trkpt lat="47.1383395" lon="3.0157694">
	<ele>158.20</ele>
	<time>1970-01-01T00:00:00.000Z</time>
</trkpt>
<trkpt lat="47.1360319" lon="3.0167253">
	<ele>157.50</ele>
	<time>1970-01-01T00:00:00.000Z</time>
</trkpt>
<trkpt lat="47.1294118" lon="3.0226161">
	<ele>159.00</ele>
	<time>1970-01-01T00:00:00.000Z</time>
</trkpt>
<trkpt lat="47.1290824" lon="3.0227992">
	<ele>159.20</ele>
	<time>1970-01-01T00:00:00.000Z</time>
</trkpt>
<trkpt lat="47.1177814" lon="3.0245488">
	<ele>159.60</ele>
	<time>1970-01-01T00:00:00.000Z</time>
</trkpt>
<trkpt lat="47.1066985" lon="3.0250208">
	<ele>160.50</ele>
	<time>1970-01-01T00:00:00.000Z</time>
</trkpt>
<trkpt lat="47.0923494" lon="3.0250616">
	<ele>159.30</ele>
	<time>1970-01-01T00:00:00.000Z</time>
</trkpt>
<trkpt lat="47.0916175" lon="3.0250047">
	<ele>159.50</ele>
	<time>1970-01-01T00:00:00.000Z</time>
</trkpt>
<trkpt lat="47.0887978" lon="3.0243086">
	<ele>159.80</ele>
	<time>1970-01-01T00:00:00.000Z</time>
</trkpt>
<trkpt lat="47.0880812" lon="3.0240975">
	<ele>157.90</ele>
	<time>1970-01-01T00:00:00.000Z</time>
</trkpt>
<trkpt lat="47.0860089" lon="3.0232239">
	<ele>158.00</ele>
	<time>1970-01-01T00:00:00.000Z</time>
</trkpt>
<trkpt lat="47.0858018" lon="3.0230972">
	<ele>157.00</ele>
	<time>1970-01-01T00:00:00.000Z</time>
</trkpt>
<trkpt lat="47.0850961" lon="3.0224880">
	<ele>159.20</ele>
	<time>1970-01-01T00:00:00.000Z</time>
</trkpt>
<trkpt lat="47.0844597" lon="3.0218471">
	<ele>161.20</ele>
	<time>1970-01-01T00:00:00.000Z</time>
</trkpt>
<trkpt lat="47.0837909" lon="3.0210892">
	<ele>161.20</ele>
	<time>1970-01-01T00:00:00.000Z</time>
</trkpt>
<trkpt lat="47.0815658" lon="3.0182810">
	<ele>160.30</ele>
	<time>1970-01-01T00:00:00.000Z</time>
</trkpt>
<trkpt lat="47.0799067" lon="3.0167186">
	<ele>161.00</ele>
	<time>1970-01-01T00:00:00.000Z</time>
</trkpt>
<trkpt lat="47.0780128" lon="3.0156805">
	<ele>161.40</ele>
	<time>1970-01-01T00:00:00.000Z</time>
</trkpt>
<trkpt lat="47.0722629" lon="3.0120683">
	<ele>163.20</ele>
	<time>1970-01-01T00:00:00.000Z</time>
</trkpt>
<trkpt lat="47.0705889" lon="3.0131444">
	<ele>166.60</ele>
	<time>1970-01-01T00:00:00.000Z</time>
</trkpt>
<trkpt lat="47.0683119" lon="3.0140981">
	<ele>164.20</ele>
	<time>1970-01-01T00:00:00.000Z</time>
</trkpt>
<trkpt lat="47.0680292" lon="3.0143035">
	<ele>165.30</ele>
	<time>1970-01-01T00:00:00.000Z</time>
</trkpt>
<trkpt lat="47.0676142" lon="3.0147106">
	<ele>164.60</ele>
	<time>1970-01-01T00:00:00.000Z</time>
</trkpt>
<trkpt lat="47.0673232" lon="3.0149410">
	<ele>165.30</ele>
	<time>1970-01-01T00:00:00.000Z</time>
</trkpt>
<trkpt lat="47.0656315" lon="3.0160264">
	<ele>165.20</ele>
	<time>1970-01-01T00:00:00.000Z</time>
</trkpt>
<trkpt lat="47.0652794" lon="3.0163082">
	<ele>164.40</ele>
	<time>1970-01-01T00:00:00.000Z</time>
</trkpt>
<trkpt lat="47.0648690" lon="3.0165369">
	<ele>163.60</ele>
	<time>1970-01-01T00:00:00.000Z</time>
</trkpt>
<trkpt lat="47.0647959" lon="3.0165215">
	<ele>164.50</ele>
	<time>1970-01-01T00:00:00.000Z</time>
</trkpt>
<trkpt lat="47.0593484" lon="3.0199781">
	<ele>169.40</ele>
	<time>1970-01-01T00:00:00.000Z</time>
</trkpt>
<trkpt lat="47.0588758" lon="3.0201886">
	<ele>170.90</ele>
	<time>1970-01-01T00:00:00.000Z</time>
</trkpt>
<trkpt lat="47.0569678" lon="3.0208756">
	<ele>169.00</ele>
	<time>1970-01-01T00:00:00.000Z</time>
</trkpt>
<trkpt lat="47.0569795" lon="3.0209641">
	<ele>169.00</ele>
	<time>1970-01-01T00:00:00.000Z</time>
</trkpt>
<trkpt lat="47.0549852" lon="3.0216297">
	<ele>165.70</ele>
	<time>1970-01-01T00:00:00.000Z</time>
</trkpt>
<trkpt lat="47.0546502" lon="3.0217773">
	<ele>166.20</ele>
	<time>1970-01-01T00:00:00.000Z</time>
</trkpt>
<trkpt lat="47.0543657" lon="3.0219732">
	<ele>166.70</ele>
	<time>1970-01-01T00:00:00.000Z</time>
</trkpt>
<trkpt lat="47.0541585" lon="3.0222079">
	<ele>167.10</ele>
	<time>1970-01-01T00:00:00.000Z</time>
</trkpt>
<trkpt lat="47.0538333" lon="3.0228334">
	<ele>167.30</ele>
	<time>1970-01-01T00:00:00.000Z</time>
</trkpt>
<trkpt lat="47.0537028" lon="3.0232838">
	<ele>167.40</ele>
	<time>1970-01-01T00:00:00.000Z</time>
</trkpt>
<trkpt lat="47.0536331" lon="3.0246722">
	<ele>168.40</ele>
	<time>1970-01-01T00:00:00.000Z</time>
</trkpt>
<trkpt lat="47.0536726" lon="3.0256194">
	<ele>168.40</ele>
	<time>1970-01-01T00:00:00.000Z</time>
</trkpt>
<trkpt lat="47.0536337" lon="3.0263375">
	<ele>167.50</ele>
	<time>1970-01-01T00:00:00.000Z</time>
</trkpt>
<trkpt lat="47.0535886" lon="3.0265442">
	<ele>166.80</ele>
	<time>1970-01-01T00:00:00.000Z</time>
</trkpt>
<trkpt lat="47.0536048" lon="3.0267943">
	<ele>166.20</ele>
	<time>1970-01-01T00:00:00.000Z</time>
</trkpt>
<trkpt lat="47.0537505" lon="3.0275611">
	<ele>165.10</ele>
	<time>1970-01-01T00:00:00.000Z</time>
</trkpt>
<trkpt lat="47.0538093" lon="3.0276878">
	<ele>164.40</ele>
	<time>1970-01-01T00:00:00.000Z</time>
</trkpt>
<trkpt lat="47.0539295" lon="3.0277209">
	<ele>164.40</ele>
	<time>1970-01-01T00:00:00.000Z</time>
</trkpt>
<trkpt lat="47.0542826" lon="3.0276878">
	<ele>163.80</ele>
	<time>1970-01-01T00:00:00.000Z</time>
</trkpt>
<trkpt lat="47.0550767" lon="3.0273698">
	<ele>162.90</ele>
	<time>1970-01-01T00:00:00.000Z</time>
</trkpt>
<trkpt lat="47.0552696" lon="3.0272448">
	<ele>163.40</ele>
	<time>1970-01-01T00:00:00.000Z</time>
</trkpt>
<trkpt lat="47.0533302" lon="3.0305525">
	<ele>162.00</ele>
	<time>1970-01-01T00:00:00.000Z</time>
</trkpt>
<trkpt lat="47.0528059" lon="3.0316604">
	<ele>161.00</ele>
	<time>1970-01-01T00:00:00.000Z</time>
</trkpt>
<trkpt lat="47.0522788" lon="3.0330404">
	<ele>162.30</ele>
	<time>1970-01-01T00:00:00.000Z</time>
</trkpt>
<trkpt lat="47.0518906" lon="3.0338227">
	<ele>162.70</ele>
	<time>1970-01-01T00:00:00.000Z</time>
</trkpt>
<trkpt lat="47.0515245" lon="3.0345123">
	<ele>163.00</ele>
	<time>1970-01-01T00:00:00.000Z</time>
</trkpt>
<trkpt lat="47.0507834" lon="3.0356687">
	<ele>163.00</ele>
	<time>1970-01-01T00:00:00.000Z</time>
</trkpt>
<trkpt lat="47.0495871" lon="3.0379164">
	<ele>163.40</ele>
	<time>1970-01-01T00:00:00.000Z</time>
</trkpt>
<trkpt lat="47.0491061" lon="3.0386538">
	<ele>162.30</ele>
	<time>1970-01-01T00:00:00.000Z</time>
</trkpt>
<trkpt lat="47.0480757" lon="3.0397714">
	<ele>162.40</ele>
	<time>1970-01-01T00:00:00.000Z</time>
</trkpt>
<trkpt lat="47.0478659" lon="3.0400546">
	<ele>162.20</ele>
	<time>1970-01-01T00:00:00.000Z</time>
</trkpt>
<trkpt lat="47.0470586" lon="3.0417978">
	<ele>161.90</ele>
	<time>1970-01-01T00:00:00.000Z</time>
</trkpt>
<trkpt lat="47.0463323" lon="3.0434872">
	<ele>163.50</ele>
	<time>1970-01-01T00:00:00.000Z</time>
</trkpt>
<trkpt lat="47.0421225" lon="3.0538529">
	<ele>164.40</ele>
	<time>1970-01-01T00:00:00.000Z</time>
</trkpt>
<trkpt lat="47.0368704" lon="3.0619914">
	<ele>164.70</ele>
	<time>1970-01-01T00:00:00.000Z</time>
</trkpt>
<trkpt lat="47.0330790" lon="3.0654555">
	<ele>164.10</ele>
	<time>1970-01-01T00:00:00.000Z</time>
</trkpt>
<trkpt lat="47.0313302" lon="3.0676538">
	<ele>165.20</ele>
	<time>1970-01-01T00:00:00.000Z</time>
</trkpt>
<trkpt lat="47.0311267" lon="3.0678526">
	<ele>165.00</ele>
	<time>1970-01-01T00:00:00.000Z</time>
</trkpt>
<trkpt lat="47.0285949" lon="3.0693370">
	<ele>165.10</ele>
	<time>1970-01-01T00:00:00.000Z</time>
</trkpt>
<trkpt lat="47.0282582" lon="3.0692063">
	<ele>165.10</ele>
	<time>1970-01-01T00:00:00.000Z</time>
</trkpt>
<trkpt lat="47.0280449" lon="3.0690757">
	<ele>164.80</ele>
	<time>1970-01-01T00:00:00.000Z</time>
</trkpt>
<trkpt lat="47.0251344" lon="3.0687914">
	<ele>165.10</ele>
	<time>1970-01-01T00:00:00.000Z</time>
</trkpt>
<trkpt lat="47.0248551" lon="3.0688018">
	<ele>165.00</ele>
	<time>1970-01-01T00:00:00.000Z</time>
</trkpt>
<trkpt lat="47.0185882" lon="3.0699363">
	<ele>165.70</ele>
	<time>1970-01-01T00:00:00.000Z</time>
</trkpt>
<trkpt lat="47.0168477" lon="3.0702962">
	<ele>166.70</ele>
	<time>1970-01-01T00:00:00.000Z</time>
</trkpt>
<trkpt lat="47.0166387" lon="3.0704610">
	<ele>167.40</ele>
	<time>1970-01-01T00:00:00.000Z</time>
</trkpt>
<trkpt lat="47.0164776" lon="3.0710955">
	<ele>167.30</ele>
	<time>1970-01-01T00:00:00.000Z</time>
</trkpt>
<trkpt lat="47.0160709" lon="3.0713852">
	<ele>166.70</ele>
	<time>1970-01-01T00:00:00.000Z</time>
</trkpt>
<trkpt lat="47.0154197" lon="3.0717450">
	<ele>166.20</ele>
	<time>1970-01-01T00:00:00.000Z</time>
</trkpt>
<trkpt lat="47.0152675" lon="3.0717740">
	<ele>164.00</ele>
	<time>1970-01-01T00:00:00.000Z</time>
</trkpt>
<trkpt lat="47.0133781" lon="3.0712186">
	<ele>165.70</ele>
	<time>1970-01-01T00:00:00.000Z</time>
</trkpt>
<trkpt lat="47.0122369" lon="3.0705915">
	<ele>165.30</ele>
	<time>1970-01-01T00:00:00.000Z</time>
</trkpt>
<trkpt lat="47.0104850" lon="3.0689454">
	<ele>162.00</ele>
	<time>1970-01-01T00:00:00.000Z</time>
</trkpt>
<trkpt lat="47.0084864" lon="3.0653151">
	<ele>166.90</ele>
	<time>1970-01-01T00:00:00.000Z</time>
</trkpt>
<trkpt lat="47.0074904" lon="3.0640543">
	<ele>167.20</ele>
	<time>1970-01-01T00:00:00.000Z</time>
</trkpt>
<trkpt lat="47.0070226" lon="3.0636550">
	<ele>167.00</ele>
	<time>1970-01-01T00:00:00.000Z</time>
</trkpt>
<trkpt lat="47.0063828" lon="3.0630106">
	<ele>167.30</ele>
	<time>1970-01-01T00:00:00.000Z</time>
</trkpt>
<trkpt lat="47.0060104" lon="3.0624878">
	<ele>167.90</ele>
	<time>1970-01-01T00:00:00.000Z</time>
</trkpt>
<trkpt lat="47.0048885" lon="3.0605648">
	<ele>167.40</ele>
	<time>1970-01-01T00:00:00.000Z</time>
</trkpt>
<trkpt lat="47.0041422" lon="3.0588203">
	<ele>165.60</ele>
	<time>1970-01-01T00:00:00.000Z</time>
</trkpt>
<trkpt lat="47.0037401" lon="3.0581143">
	<ele>166.00</ele>
	<time>1970-01-01T00:00:00.000Z</time>
</trkpt>
<trkpt lat="47.0017215" lon="3.0564749">
	<ele>166.60</ele>
	<time>1970-01-01T00:00:00.000Z</time>
</trkpt>
<trkpt lat="47.0000454" lon="3.0557703">
	<ele>168.10</ele>
	<time>1970-01-01T00:00:00.000Z</time>
</trkpt>
<trkpt lat="46.9994641" lon="3.0552514">
	<ele>168.70</ele>
	<time>1970-01-01T00:00:00.000Z</time>
</trkpt>
<trkpt lat="46.9990365" lon="3.0550405">
	<ele>168.70</ele>
	<time>1970-01-01T00:00:00.000Z</time>
</trkpt>
<trkpt lat="46.9959771" lon="3.0530292">
	<ele>165.60</ele>
	<time>1970-01-01T00:00:00.000Z</time>
</trkpt>
<trkpt lat="46.9941123" lon="3.0516259">
	<ele>168.50</ele>
	<time>1970-01-01T00:00:00.000Z</time>
</trkpt>
<trkpt lat="46.9938792" lon="3.0513837">
	<ele>168.40</ele>
	<time>1970-01-01T00:00:00.000Z</time>
</trkpt>
<trkpt lat="46.9938091" lon="3.0511638">
	<ele>168.30</ele>
	<time>1970-01-01T00:00:00.000Z</time>
</trkpt>
<trkpt lat="46.9937804" lon="3.0509241">
	<ele>168.30</ele>
	<time>1970-01-01T00:00:00.000Z</time>
</trkpt>
<trkpt lat="46.9931032" lon="3.0509471">
	<ele>168.40</ele>
	<time>1970-01-01T00:00:00.000Z</time>
</trkpt>
<trkpt lat="46.9918510" lon="3.0507936">
	<ele>167.20</ele>
	<time>1970-01-01T00:00:00.000Z</time>
</trkpt>
<trkpt lat="46.9915305" lon="3.0507195">
	<ele>166.50</ele>
	<time>1970-01-01T00:00:00.000Z</time>
</trkpt>
<trkpt lat="46.9912685" lon="3.0507402">
	<ele>164.70</ele>
	<time>1970-01-01T00:00:00.000Z</time>
</trkpt>
<trkpt lat="46.9904913" lon="3.0506658">
	<ele>166.20</ele>
	<time>1970-01-01T00:00:00.000Z</time>
</trkpt>
<trkpt lat="46.9877843" lon="3.0507041">
	<ele>165.50</ele>
	<time>1970-01-01T00:00:00.000Z</time>
</trkpt>
<trkpt lat="46.9869667" lon="3.0506311">
	<ele>161.10</ele>
	<time>1970-01-01T00:00:00.000Z</time>
</trkpt>
<trkpt lat="46.9860719" lon="3.0503445">
	<ele>174.20</ele>
	<time>1970-01-01T00:00:00.000Z</time>
</trkpt>
<trkpt lat="46.9845956" lon="3.0496659">
	<ele>179.80</ele>
	<time>1970-01-01T00:00:00.000Z</time>
</trkpt>
<trkpt lat="46.9840014" lon="3.0494494">
	<ele>172.20</ele>
	<time>1970-01-01T00:00:00.000Z</time>
</trkpt>
<trkpt lat="46.9809875" lon="3.0485835">
	<ele>172.60</ele>
	<time>1970-01-01T00:00:00.000Z</time>
</trkpt>
<trkpt lat="46.9798072" lon="3.0483338">
	<ele>170.70</ele>
	<time>1970-01-01T00:00:00.000Z</time>
</trkpt>
<trkpt lat="46.9786485" lon="3.0482262">
	<ele>156.80</ele>
	<time>1970-01-01T00:00:00.000Z</time>
</trkpt>
<trkpt lat="46.9776059" lon="3.0482162">
	<ele>151.30</ele>
	<time>1970-01-01T00:00:00.000Z</time>
</trkpt>
<trkpt lat="46.9764517" lon="3.0483442">
	<ele>162.50</ele>
	<time>1970-01-01T00:00:00.000Z</time>
</trkpt>
<trkpt lat="46.9760581" lon="3.0484252">
	<ele>164.30</ele>
	<time>1970-01-01T00:00:00.000Z</time>
</trkpt>
<trkpt lat="46.9753000" lon="3.0487102">
	<ele>169.90</ele>
	<time>1970-01-01T00:00:00.000Z</time>
</trkpt>
<trkpt lat="46.9744669" lon="3.0491723">
	<ele>170.40</ele>
	<time>1970-01-01T00:00:00.000Z</time>
</trkpt>
<trkpt lat="46.9741014" lon="3.0494194">
	<ele>169.60</ele>
	<time>1970-01-01T00:00:00.000Z</time>
</trkpt>
<trkpt lat="46.9729124" lon="3.0504585">
	<ele>168.20</ele>
	<time>1970-01-01T00:00:00.000Z</time>
</trkpt>
<trkpt lat="46.9723901" lon="3.0507331">
	<ele>168.50</ele>
	<time>1970-01-01T00:00:00.000Z</time>
</trkpt>
<trkpt lat="46.9713815" lon="3.0511792">
	<ele>169.60</ele>
	<time>1970-01-01T00:00:00.000Z</time>
</trkpt>
<trkpt lat="46.9704935" lon="3.0516914">
	<ele>169.40</ele>
	<time>1970-01-01T00:00:00.000Z</time>
</trkpt>
<trkpt lat="46.9697369" lon="3.0522814">
	<ele>169.50</ele>
	<time>1970-01-01T00:00:00.000Z</time>
</trkpt>
<trkpt lat="46.9688867" lon="3.0531198">
	<ele>169.70</ele>
	<time>1970-01-01T00:00:00.000Z</time>
</trkpt>
<trkpt lat="46.9680661" lon="3.0538371">
	<ele>170.00</ele>
	<time>1970-01-01T00:00:00.000Z</time>
</trkpt>
<trkpt lat="46.9673672" lon="3.0543623">
	<ele>170.10</ele>
	<time>1970-01-01T00:00:00.000Z</time>
</trkpt>
<trkpt lat="46.9664550" lon="3.0549636">
	<ele>170.60</ele>
	<time>1970-01-01T00:00:00.000Z</time>
</trkpt>
<trkpt lat="46.9659127" lon="3.0551843">
	<ele>171.10</ele>
	<time>1970-01-01T00:00:00.000Z</time>
</trkpt>
<trkpt lat="46.9648636" lon="3.0557593">
	<ele>171.50</ele>
	<time>1970-01-01T00:00:00.000Z</time>
</trkpt>
<trkpt lat="46.9639512" lon="3.0564094">
	<ele>170.50</ele>
	<time>1970-01-01T00:00:00.000Z</time>
</trkpt>
<trkpt lat="46.9625974" lon="3.0575480">
	<ele>169.30</ele>
	<time>1970-01-01T00:00:00.000Z</time>
</trkpt>
<trkpt lat="46.9632682" lon="3.0579424">
	<ele>169.30</ele>
	<time>1970-01-01T00:00:00.000Z</time>
</trkpt>
<trkpt lat="46.9632948" lon="3.0581971">
	<ele>168.90</ele>
	<time>1970-01-01T00:00:00.000Z</time>
</trkpt>
<trkpt lat="46.9632892" lon="3.0585680">
	<ele>168.00</ele>
	<time>1970-01-01T00:00:00.000Z</time>
</trkpt>
<trkpt lat="46.9630616" lon="3.0600563">
	<ele>167.20</ele>
	<time>1970-01-01T00:00:00.000Z</time>
</trkpt>
<trkpt lat="46.9627099" lon="3.0611555">
	<ele>166.20</ele>
	<time>1970-01-01T00:00:00.000Z</time>
</trkpt>
<trkpt lat="46.9625264" lon="3.0616372">
	<ele>166.20</ele>
	<time>1970-01-01T00:00:00.000Z</time>
</trkpt>
<trkpt lat="46.9624384" lon="3.0620271">
	<ele>166.40</ele>
	<time>1970-01-01T00:00:00.000Z</time>
</trkpt>
<trkpt lat="46.9622601" lon="3.0636772">
	<ele>167.10</ele>
	<time>1970-01-01T00:00:00.000Z</time>
</trkpt>
<trkpt lat="46.9619620" lon="3.0654629">
	<ele>167.40</ele>
	<time>1970-01-01T00:00:00.000Z</time>
</trkpt>
<trkpt lat="46.9616596" lon="3.0668801">
	<ele>167.60</ele>
	<time>1970-01-01T00:00:00.000Z</time>
</trkpt>
<trkpt lat="46.9616666" lon="3.0671432">
	<ele>167.80</ele>
	<time>1970-01-01T00:00:00.000Z</time>
</trkpt>
<trkpt lat="46.9617916" lon="3.0675786">
	<ele>168.50</ele>
	<time>1970-01-01T00:00:00.000Z</time>
</trkpt>
<trkpt lat="46.9617563" lon="3.0678535">
	<ele>168.70</ele>
	<time>1970-01-01T00:00:00.000Z</time>
</trkpt>
<trkpt lat="46.9615481" lon="3.0682754">
	<ele>169.00</ele>
	<time>1970-01-01T00:00:00.000Z</time>
</trkpt>
<trkpt lat="46.9610501" lon="3.0698292">
	<ele>168.70</ele>
	<time>1970-01-01T00:00:00.000Z</time>
</trkpt>
<trkpt lat="46.9609300" lon="3.0703825">
	<ele>168.80</ele>
	<time>1970-01-01T00:00:00.000Z</time>
</trkpt>
<trkpt lat="46.9608504" lon="3.0709782">
	<ele>169.10</ele>
	<time>1970-01-01T00:00:00.000Z</time>
</trkpt>
<trkpt lat="46.9598009" lon="3.0733241">
	<ele>169.50</ele>
	<time>1970-01-01T00:00:00.000Z</time>
</trkpt>
<trkpt lat="46.9593376" lon="3.0742849">
	<ele>169.50</ele>
	<time>1970-01-01T00:00:00.000Z</time>
</trkpt>
<trkpt lat="46.9581244" lon="3.0761347">
	<ele>169.50</ele>
	<time>1970-01-01T00:00:00.000Z</time>
</trkpt>
<trkpt lat="46.9579578" lon="3.0762583">
	<ele>169.70</ele>
	<time>1970-01-01T00:00:00.000Z</time>
</trkpt>
<trkpt lat="46.9578390" lon="3.0762723">
	<ele>169.70</ele>
	<time>1970-01-01T00:00:00.000Z</time>
</trkpt>
<trkpt lat="46.9576040" lon="3.0762404">
	<ele>169.90</ele>
	<time>1970-01-01T00:00:00.000Z</time>
</trkpt>
<trkpt lat="46.9574285" lon="3.0761337">
	<ele>170.00</ele>
	<time>1970-01-01T00:00:00.000Z</time>
</trkpt>
<trkpt lat="46.9569607" lon="3.0754166">
	<ele>170.30</ele>
	<time>1970-01-01T00:00:00.000Z</time>
</trkpt>
<trkpt lat="46.9565401" lon="3.0750075">
	<ele>170.60</ele>
	<time>1970-01-01T00:00:00.000Z</time>
</trkpt>
<trkpt lat="46.9556136" lon="3.0744285">
	<ele>169.50</ele>
	<time>1970-01-01T00:00:00.000Z</time>
</trkpt>
<trkpt lat="46.9522522" lon="3.0720741">
	<ele>170.50</ele>
	<time>1970-01-01T00:00:00.000Z</time>
</trkpt>
<trkpt lat="46.9516789" lon="3.0718576">
	<ele>171.20</ele>
	<time>1970-01-01T00:00:00.000Z</time>
</trkpt>
<trkpt lat="46.9508893" lon="3.0717974">
	<ele>171.30</ele>
	<time>1970-01-01T00:00:00.000Z</time>
</trkpt>
<trkpt lat="46.9503212" lon="3.0716996">
	<ele>172.10</ele>
	<time>1970-01-01T00:00:00.000Z</time>
</trkpt>
<trkpt lat="46.9488944" lon="3.0713715">
	<ele>173.20</ele>
	<time>1970-01-01T00:00:00.000Z</time>
</trkpt>
<trkpt lat="46.9487278" lon="3.0713804">
	<ele>173.00</ele>
	<time>1970-01-01T00:00:00.000Z</time>
</trkpt>
<trkpt lat="46.9486135" lon="3.0715080">
	<ele>172.90</ele>
	<time>1970-01-01T00:00:00.000Z</time>
</trkpt>
<trkpt lat="46.9484902" lon="3.0714303">
	<ele>172.90</ele>
	<time>1970-01-01T00:00:00.000Z</time>
</trkpt>
<trkpt lat="46.9484235" lon="3.0714470">
	<ele>172.80</ele>
	<time>1970-01-01T00:00:00.000Z</time>
</trkpt>
<trkpt lat="46.9481645" lon="3.0709181">
	<ele>172.20</ele>
	<time>1970-01-01T00:00:00.000Z</time>
</trkpt>
<trkpt lat="46.9479918" lon="3.0706970">
	<ele>172.10</ele>
	<time>1970-01-01T00:00:00.000Z</time>
</trkpt>
<trkpt lat="46.9469850" lon="3.0695192">
	<ele>171.30</ele>
	<time>1970-01-01T00:00:00.000Z</time>
</trkpt>
<trkpt lat="46.9468864" lon="3.0695291">
	<ele>171.60</ele>
	<time>1970-01-01T00:00:00.000Z</time>
</trkpt>
<trkpt lat="46.9447570" lon="3.0738620">
	<ele>172.40</ele>
	<time>1970-01-01T00:00:00.000Z</time>
</trkpt>
<trkpt lat="46.9445720" lon="3.0742620">
	<ele>174.20</ele>
	<time>1970-01-01T00:00:00.000Z</time>
</trkpt>
<trkpt lat="46.9443750" lon="3.0748320">
	<ele>175.30</ele>
	<time>1970-01-01T00:00:00.000Z</time>
</trkpt>
<trkpt lat="46.9431380" lon="3.0773870">
	<ele>173.90</ele>
	<time>1970-01-01T00:00:00.000Z</time>
</trkpt>
<trkpt lat="46.9424580" lon="3.0790100">
	<ele>177.80</ele>
	<time>1970-01-01T00:00:00.000Z</time>
</trkpt>
<trkpt lat="46.9423820" lon="3.0790520">
	<ele>178.50</ele>
	<time>1970-01-01T00:00:00.000Z</time>
</trkpt>
<trkpt lat="46.9421800" lon="3.0788430">
	<ele>179.60</ele>
	<time>1970-01-01T00:00:00.000Z</time>
</trkpt>
<trkpt lat="46.9419420" lon="3.0788470">
	<ele>180.60</ele>
	<time>1970-01-01T00:00:00.000Z</time>
</trkpt>
<trkpt lat="46.9418020" lon="3.0789570">
	<ele>181.70</ele>
	<time>1970-01-01T00:00:00.000Z</time>
</trkpt>
<trkpt lat="46.9416950" lon="3.0791270">
	<ele>182.00</ele>
	<time>1970-01-01T00:00:00.000Z</time>
</trkpt>
<trkpt lat="46.9416520" lon="3.0793120">
	<ele>182.00</ele>
	<time>1970-01-01T00:00:00.000Z</time>
</trkpt>
<trkpt lat="46.9416550" lon="3.0795070">
	<ele>182.30</ele>
	<time>1970-01-01T00:00:00.000Z</time>
</trkpt>
<trkpt lat="46.9419480" lon="3.0801930">
	<ele>181.60</ele>
	<time>1970-01-01T00:00:00.000Z</time>
</trkpt>
<trkpt lat="46.9421850" lon="3.0809330">
	<ele>181.30</ele>
	<time>1970-01-01T00:00:00.000Z</time>
</trkpt>
<trkpt lat="46.9432400" lon="3.0830370">
	<ele>179.60</ele>
	<time>1970-01-01T00:00:00.000Z</time>
</trkpt>
<trkpt lat="46.9433374" lon="3.0833055">
	<ele>179.50</ele>
	<time>1970-01-01T00:00:00.000Z</time>
</trkpt>
<trkpt lat="46.9434550" lon="3.0844000">
	<ele>179.80</ele>
	<time>1970-01-01T00:00:00.000Z</time>
</trkpt>
<trkpt lat="46.9436030" lon="3.0845850">
	<ele>179.30</ele>
	<time>1970-01-01T00:00:00.000Z</time>
</trkpt>
<trkpt lat="46.9437370" lon="3.0851300">
	<ele>179.40</ele>
	<time>1970-01-01T00:00:00.000Z</time>
</trkpt>
<trkpt lat="46.9437270" lon="3.0860100">
	<ele>180.20</ele>
	<time>1970-01-01T00:00:00.000Z</time>
</trkpt>
<trkpt lat="46.9438430" lon="3.0864180">
	<ele>180.30</ele>
	<time>1970-01-01T00:00:00.000Z</time>
</trkpt>
<trkpt lat="46.9439700" lon="3.0865470">
	<ele>180.00</ele>
	<time>1970-01-01T00:00:00.000Z</time>
</trkpt>
<trkpt lat="46.9441870" lon="3.0866550">
	<ele>180.10</ele>
	<time>1970-01-01T00:00:00.000Z</time>
</trkpt>
<trkpt lat="46.9450980" lon="3.0873520">
	<ele>180.40</ele>
	<time>1970-01-01T00:00:00.000Z</time>
</trkpt>
<trkpt lat="46.9450985" lon="3.0874354">
	<ele>180.80</ele>
	<time>1970-01-01T00:00:00.000Z</time>
</trkpt>
<trkpt lat="46.9447999" lon="3.0881475">
	<ele>181.00</ele>
	<time>1970-01-01T00:00:00.000Z</time>
</trkpt>
<trkpt lat="46.9446530" lon="3.0886130">
	<ele>181.40</ele>
	<time>1970-01-01T00:00:00.000Z</time>
</trkpt>
<trkpt lat="46.9437130" lon="3.0911600">
	<ele>184.30</ele>
	<time>1970-01-01T00:00:00.000Z</time>
</trkpt>
<trkpt lat="46.9436070" lon="3.0916150">
	<ele>184.90</ele>
	<time>1970-01-01T00:00:00.000Z</time>
</trkpt>
<trkpt lat="46.9435120" lon="3.0921920">
	<ele>184.40</ele>
	<time>1970-01-01T00:00:00.000Z</time>
</trkpt>
<trkpt lat="46.9435845" lon="3.0934896">
	<ele>183.50</ele>
	<time>1970-01-01T00:00:00.000Z</time>
</trkpt>
<trkpt lat="46.9437150" lon="3.0941920">
	<ele>184.30</ele>
	<time>1970-01-01T00:00:00.000Z</time>
</trkpt>
<trkpt lat="46.9439080" lon="3.0948350">
	<ele>184.50</ele>
	<time>1970-01-01T00:00:00.000Z</time>
</trkpt>
<trkpt lat="46.9441730" lon="3.0953780">
	<ele>184.70</ele>
	<time>1970-01-01T00:00:00.000Z</time>
</trkpt>
<trkpt lat="46.9445780" lon="3.0959220">
	<ele>183.30</ele>
	<time>1970-01-01T00:00:00.000Z</time>
</trkpt>
<trkpt lat="46.9451050" lon="3.0964880">
	<ele>182.30</ele>
	<time>1970-01-01T00:00:00.000Z</time>
</trkpt>
<trkpt lat="46.9454420" lon="3.0969906">
	<ele>183.30</ele>
	<time>1970-01-01T00:00:00.000Z</time>
</trkpt>
<trkpt lat="46.9460200" lon="3.0976120">
	<ele>183.00</ele>
	<time>1970-01-01T00:00:00.000Z</time>
</trkpt>
<trkpt lat="46.9462830" lon="3.0980120">
	<ele>181.30</ele>
	<time>1970-01-01T00:00:00.000Z</time>
</trkpt>
<trkpt lat="46.9464714" lon="3.0983906">
	<ele>179.90</ele>
	<time>1970-01-01T00:00:00.000Z</time>
</trkpt>
<trkpt lat="46.9465876" lon="3.0986729">
	<ele>179.40</ele>
	<time>1970-01-01T00:00:00.000Z</time>
</trkpt>
<trkpt lat="46.9467320" lon="3.0991670">
	<ele>178.30</ele>
	<time>1970-01-01T00:00:00.000Z</time>
</trkpt>
<trkpt lat="46.9468080" lon="3.0997930">
	<ele>176.80</ele>
	<time>1970-01-01T00:00:00.000Z</time>
</trkpt>
<trkpt lat="46.9468100" lon="3.1002530">
	<ele>176.70</ele>
	<time>1970-01-01T00:00:00.000Z</time>
</trkpt>
<trkpt lat="46.9467800" lon="3.1007200">
	<ele>177.80</ele>
	<time>1970-01-01T00:00:00.000Z</time>
</trkpt>
<trkpt lat="46.9466270" lon="3.1014180">
	<ele>177.60</ele>
	<time>1970-01-01T00:00:00.000Z</time>
</trkpt>
<trkpt lat="46.9455770" lon="3.1041420">
	<ele>178.20</ele>
	<time>1970-01-01T00:00:00.000Z</time>
</trkpt>
<trkpt lat="46.9452880" lon="3.1050130">
	<ele>178.80</ele>
	<time>1970-01-01T00:00:00.000Z</time>
</trkpt>
<trkpt lat="46.9451700" lon="3.1057270">
	<ele>178.90</ele>
	<time>1970-01-01T00:00:00.000Z</time>
</trkpt>
<trkpt lat="46.9451280" lon="3.1065970">
	<ele>180.00</ele>
	<time>1970-01-01T00:00:00.000Z</time>
</trkpt>
<trkpt lat="46.9451722" lon="3.1075949">
	<ele>179.40</ele>
	<time>1970-01-01T00:00:00.000Z</time>
</trkpt>
<trkpt lat="46.9453130" lon="3.1083530">
	<ele>179.30</ele>
	<time>1970-01-01T00:00:00.000Z</time>
</trkpt>
<trkpt lat="46.9454780" lon="3.1089080">
	<ele>180.10</ele>
	<time>1970-01-01T00:00:00.000Z</time>
</trkpt>
<trkpt lat="46.9460150" lon="3.1101830">
	<ele>180.80</ele>
	<time>1970-01-01T00:00:00.000Z</time>
</trkpt>
<trkpt lat="46.9478591" lon="3.1125464">
	<ele>179.90</ele>
	<time>1970-01-01T00:00:00.000Z</time>
</trkpt>
<trkpt lat="46.9482330" lon="3.1133000">
	<ele>181.10</ele>
	<time>1970-01-01T00:00:00.000Z</time>
</trkpt>
<trkpt lat="46.9484400" lon="3.1139130">
	<ele>181.30</ele>
	<time>1970-01-01T00:00:00.000Z</time>
</trkpt>
<trkpt lat="46.9485630" lon="3.1146180">
	<ele>180.50</ele>
	<time>1970-01-01T00:00:00.000Z</time>
</trkpt>
<trkpt lat="46.9485950" lon="3.1153550">
	<ele>180.10</ele>
	<time>1970-01-01T00:00:00.000Z</time>
</trkpt>
<trkpt lat="46.9484020" lon="3.1165120">
	<ele>179.40</ele>
	<time>1970-01-01T00:00:00.000Z</time>
</trkpt>
<trkpt lat="46.9481120" lon="3.1171680">
	<ele>178.50</ele>
	<time>1970-01-01T00:00:00.000Z</time>
</trkpt>
<trkpt lat="46.9475530" lon="3.1178220">
	<ele>178.10</ele>
	<time>1970-01-01T00:00:00.000Z</time>
</trkpt>
<trkpt lat="46.9469618" lon="3.1181782">
	<ele>177.80</ele>
	<time>1970-01-01T00:00:00.000Z</time>
</trkpt>
<trkpt lat="46.9465720" lon="3.1185370">
	<ele>179.00</ele>
	<time>1970-01-01T00:00:00.000Z</time>
</trkpt>
<trkpt lat="46.9462404" lon="3.1190039">
	<ele>178.30</ele>
	<time>1970-01-01T00:00:00.000Z</time>
</trkpt>
<trkpt lat="46.9460030" lon="3.1197630">
	<ele>179.00</ele>
	<time>1970-01-01T00:00:00.000Z</time>
</trkpt>
<trkpt lat="46.9458725" lon="3.1204621">
	<ele>180.20</ele>
	<time>1970-01-01T00:00:00.000Z</time>
</trkpt>
<trkpt lat="46.9460480" lon="3.1217950">
	<ele>182.10</ele>
	<time>1970-01-01T00:00:00.000Z</time>
</trkpt>
<trkpt lat="46.9471630" lon="3.1275350">
	<ele>181.40</ele>
	<time>1970-01-01T00:00:00.000Z</time>
</trkpt>
<trkpt lat="46.9474220" lon="3.1285570">
	<ele>182.20</ele>
	<time>1970-01-01T00:00:00.000Z</time>
</trkpt>
<trkpt lat="46.9477441" lon="3.1293745">
	<ele>179.70</ele>
	<time>1970-01-01T00:00:00.000Z</time>
</trkpt>
<trkpt lat="46.9482700" lon="3.1302930">
	<ele>176.50</ele>
	<time>1970-01-01T00:00:00.000Z</time>
</trkpt>
<trkpt lat="46.9495827" lon="3.1314797">
	<ele>176.70</ele>
	<time>1970-01-01T00:00:00.000Z</time>
</trkpt>
<trkpt lat="46.9516080" lon="3.1336380">
	<ele>178.10</ele>
	<time>1970-01-01T00:00:00.000Z</time>
</trkpt>
<trkpt lat="46.9520670" lon="3.1344970">
	<ele>178.00</ele>
	<time>1970-01-01T00:00:00.000Z</time>
</trkpt>
<trkpt lat="46.9524350" lon="3.1356120">
	<ele>177.20</ele>
	<time>1970-01-01T00:00:00.000Z</time>
</trkpt>
<trkpt lat="46.9525370" lon="3.1361720">
	<ele>177.30</ele>
	<time>1970-01-01T00:00:00.000Z</time>
</trkpt>
<trkpt lat="46.9525870" lon="3.1373800">
	<ele>178.80</ele>
	<time>1970-01-01T00:00:00.000Z</time>
</trkpt>
<trkpt lat="46.9526680" lon="3.1379370">
	<ele>178.60</ele>
	<time>1970-01-01T00:00:00.000Z</time>
</trkpt>
<trkpt lat="46.9527350" lon="3.1391970">
	<ele>176.90</ele>
	<time>1970-01-01T00:00:00.000Z</time>
</trkpt>
<trkpt lat="46.9528520" lon="3.1402200">
	<ele>177.10</ele>
	<time>1970-01-01T00:00:00.000Z</time>
</trkpt>
<trkpt lat="46.9531150" lon="3.1410680">
	<ele>176.50</ele>
	<time>1970-01-01T00:00:00.000Z</time>
</trkpt>
<trkpt lat="46.9539650" lon="3.1425550">
	<ele>176.10</ele>
	<time>1970-01-01T00:00:00.000Z</time>
</trkpt>
<trkpt lat="46.9542850" lon="3.1432670">
	<ele>177.20</ele>
	<time>1970-01-01T00:00:00.000Z</time>
</trkpt>
<trkpt lat="46.9544948" lon="3.1441391">
	<ele>177.10</ele>
	<time>1970-01-01T00:00:00.000Z</time>
</trkpt>
<trkpt lat="46.9545450" lon="3.1452550">
	<ele>176.70</ele>
	<time>1970-01-01T00:00:00.000Z</time>
</trkpt>
<trkpt lat="46.9544870" lon="3.1458620">
	<ele>177.70</ele>
	<time>1970-01-01T00:00:00.000Z</time>
</trkpt>
<trkpt lat="46.9543770" lon="3.1460350">
	<ele>177.90</ele>
	<time>1970-01-01T00:00:00.000Z</time>
</trkpt>
<trkpt lat="46.9544060" lon="3.1465605">
	<ele>177.80</ele>
	<time>1970-01-01T00:00:00.000Z</time>
</trkpt>
<trkpt lat="46.9541670" lon="3.1484030">
	<ele>176.70</ele>
	<time>1970-01-01T00:00:00.000Z</time>
</trkpt>
<trkpt lat="46.9539420" lon="3.1510830">
	<ele>178.30</ele>
	<time>1970-01-01T00:00:00.000Z</time>
</trkpt>
<trkpt lat="46.9538270" lon="3.1521530">
	<ele>179.20</ele>
	<time>1970-01-01T00:00:00.000Z</time>
</trkpt>
<trkpt lat="46.9537350" lon="3.1527430">
	<ele>179.70</ele>
	<time>1970-01-01T00:00:00.000Z</time>
</trkpt>
<trkpt lat="46.9534280" lon="3.1536180">
	<ele>179.10</ele>
	<time>1970-01-01T00:00:00.000Z</time>
</trkpt>
<trkpt lat="46.9528650" lon="3.1545403">
	<ele>178.80</ele>
	<time>1970-01-01T00:00:00.000Z</time>
</trkpt>
<trkpt lat="46.9522530" lon="3.1558330">
	<ele>179.90</ele>
	<time>1970-01-01T00:00:00.000Z</time>
</trkpt>
<trkpt lat="46.9521020" lon="3.1564530">
	<ele>179.70</ele>
	<time>1970-01-01T00:00:00.000Z</time>
</trkpt>
<trkpt lat="46.9520720" lon="3.1573950">
	<ele>178.60</ele>
	<time>1970-01-01T00:00:00.000Z</time>
</trkpt>
<trkpt lat="46.9519833" lon="3.1577127">
	<ele>178.30</ele>
	<time>1970-01-01T00:00:00.000Z</time>
</trkpt>
<trkpt lat="46.9520430" lon="3.1579120">
	<ele>177.90</ele>
	<time>1970-01-01T00:00:00.000Z</time>
</trkpt>
<trkpt lat="46.9522280" lon="3.1662820">
	<ele>175.70</ele>
	<time>1970-01-01T00:00:00.000Z</time>
</trkpt>
<trkpt lat="46.9523130" lon="3.1678530">
	<ele>176.60</ele>
	<time>1970-01-01T00:00:00.000Z</time>
</trkpt>
<trkpt lat="46.9525750" lon="3.1698900">
	<ele>177.70</ele>
	<time>1970-01-01T00:00:00.000Z</time>
</trkpt>
<trkpt lat="46.9528980" lon="3.1716350">
	<ele>176.60</ele>
	<time>1970-01-01T00:00:00.000Z</time>
</trkpt>
<trkpt lat="46.9530370" lon="3.1721520">
	<ele>177.20</ele>
	<time>1970-01-01T00:00:00.000Z</time>
</trkpt>
<trkpt lat="46.9532350" lon="3.1736480">
	<ele>176.90</ele>
	<time>1970-01-01T00:00:00.000Z</time>
</trkpt>
<trkpt lat="46.9537850" lon="3.1762820">
	<ele>176.00</ele>
	<time>1970-01-01T00:00:00.000Z</time>
</trkpt>
<trkpt lat="46.9540620" lon="3.1771403">
	<ele>176.70</ele>
	<time>1970-01-01T00:00:00.000Z</time>
</trkpt>
<trkpt lat="46.9543720" lon="3.1779080">
	<ele>177.80</ele>
	<time>1970-01-01T00:00:00.000Z</time>
</trkpt>
<trkpt lat="46.9544067" lon="3.1778629">
	<ele>182.50</ele>
	<time>1970-01-01T00:00:00.000Z</time>
</trkpt>
<trkpt lat="46.9546509" lon="3.1783011">
	<ele>180.09</ele>
	<time>1970-01-01T00:00:07.598Z</time>
</trkpt>
<trkpt lat="46.9550858" lon="3.1789961">
	<ele>180.74</ele>
	<time>1970-01-01T00:00:19.427Z</time>
</trkpt>
<trkpt lat="46.9553146" lon="3.1792901">
	<ele>180.40</ele>
	<time>1970-01-01T00:00:24.743Z</time>
</trkpt>
<trkpt lat="46.9555779" lon="3.1795821">
	<ele>179.98</ele>
	<time>1970-01-01T00:00:30.643Z</time>
</trkpt>
<trkpt lat="46.9563828" lon="3.1803019">
	<ele>181.10</ele>
	<time>1970-01-01T00:00:46.433Z</time>
</trkpt>
<trkpt lat="46.9572258" lon="3.1809480">
	<ele>179.84</ele>
	<time>1970-01-01T00:01:04.988Z</time>
</trkpt>
<trkpt lat="46.9574509" lon="3.1811011">
	<ele>180.15</ele>
	<time>1970-01-01T00:01:09.603Z</time>
</trkpt>
<trkpt lat="46.9581833" lon="3.1816659">
	<ele>181.11</ele>
	<time>1970-01-01T00:01:24.502Z</time>
</trkpt>
<trkpt lat="46.9587326" lon="3.1820669">
	<ele>181.21</ele>
	<time>1970-01-01T00:01:35.707Z</time>
</trkpt>
<trkpt lat="46.9589233" lon="3.1821520">
	<ele>181.04</ele>
	<time>1970-01-01T00:01:39.582Z</time>
</trkpt>
<trkpt lat="46.9591179" lon="3.1820710">
	<ele>181.14</ele>
	<time>1970-01-01T00:01:43.189Z</time>
</trkpt>
<trkpt lat="46.9592514" lon="3.1819651">
	<ele>181.11</ele>
	<time>1970-01-01T00:01:45.669Z</time>
</trkpt>
<trkpt lat="46.9594688" lon="3.1813760">
	<ele>181.03</ele>
	<time>1970-01-01T00:01:51.814Z</time>
</trkpt>
<trkpt lat="46.9595184" lon="3.1814139">
	<ele>181.10</ele>
	<time>1970-01-01T00:01:52.553Z</time>
</trkpt>
<trkpt lat="46.9595833" lon="3.1814649">
	<ele>180.98</ele>
	<time>1970-01-01T00:01:53.556Z</time>
</trkpt>
<trkpt lat="46.9596596" lon="3.1815331">
	<ele>180.59</ele>
	<time>1970-01-01T00:01:54.774Z</time>
</trkpt>
<trkpt lat="46.9597130" lon="3.1813760">
	<ele>179.97</ele>
	<time>1970-01-01T00:01:56.493Z</time>
</trkpt>
<trkpt lat="46.9598923" lon="3.1809239">
	<ele>177.56</ele>
	<time>1970-01-01T00:02:02.659Z</time>
</trkpt>
<trkpt lat="46.9600830" lon="3.1805880">
	<ele>177.79</ele>
	<time>1970-01-01T00:02:09.259Z</time>
</trkpt>
<trkpt lat="46.9605598" lon="3.1791639">
	<ele>178.00</ele>
	<time>1970-01-01T00:02:28.829Z</time>
</trkpt>
<trkpt lat="46.9608459" lon="3.1786039">
	<ele>177.99</ele>
	<time>1970-01-01T00:02:37.570Z</time>
</trkpt>
<trkpt lat="46.9611588" lon="3.1780550">
	<ele>177.93</ele>
	<time>1970-01-01T00:02:46.524Z</time>
</trkpt>
<trkpt lat="46.9617767" lon="3.1772640">
	<ele>177.74</ele>
	<time>1970-01-01T00:03:00.408Z</time>
</trkpt>
<trkpt lat="46.9623909" lon="3.1766410">
	<ele>176.95</ele>
	<time>1970-01-01T00:03:15.049Z</time>
</trkpt>
<trkpt lat="46.9630089" lon="3.1762490">
	<ele>176.15</ele>
	<time>1970-01-01T00:03:24.878Z</time>
</trkpt>
<trkpt lat="46.9632874" lon="3.1760950">
	<ele>177.17</ele>
	<time>1970-01-01T00:03:29.191Z</time>
</trkpt>
<trkpt lat="46.9637032" lon="3.1758521">
	<ele>177.71</ele>
	<time>1970-01-01T00:03:36.251Z</time>
</trkpt>
<trkpt lat="46.9641228" lon="3.1756289">
	<ele>176.87</ele>
	<time>1970-01-01T00:03:43.414Z</time>
</trkpt>
<trkpt lat="46.9710999" lon="3.1719010">
	<ele>174.90</ele>
	<time>1970-01-01T00:06:13.694Z</time>
</trkpt>
<trkpt lat="46.9742470" lon="3.1702280">
	<ele>175.70</ele>
	<time>1970-01-01T00:07:08.947Z</time>
</trkpt>
<trkpt lat="46.9751205" lon="3.1697140">
	<ele>174.79</ele>
	<time>1970-01-01T00:07:25.660Z</time>
</trkpt>
<trkpt lat="46.9755173" lon="3.1695080">
	<ele>177.09</ele>
	<time>1970-01-01T00:07:32.946Z</time>
</trkpt>
<trkpt lat="46.9756241" lon="3.1694450">
	<ele>177.54</ele>
	<time>1970-01-01T00:07:35.001Z</time>
</trkpt>
<trkpt lat="46.9756927" lon="3.1694191">
	<ele>177.97</ele>
	<time>1970-01-01T00:07:36.273Z</time>
</trkpt>
<trkpt lat="46.9757195" lon="3.1694169">
	<ele>178.15</ele>
	<time>1970-01-01T00:07:36.751Z</time>
</trkpt>
<trkpt lat="46.9757729" lon="3.1694450">
	<ele>178.70</ele>
	<time>1970-01-01T00:07:37.709Z</time>
</trkpt>
<trkpt lat="46.9758072" lon="3.1694360">
	<ele>178.84</ele>
	<time>1970-01-01T00:07:38.350Z</time>
</trkpt>
<trkpt lat="46.9762230" lon="3.1691921">
	<ele>175.86</ele>
	<time>1970-01-01T00:07:45.302Z</time>
</trkpt>
<trkpt lat="46.9776382" lon="3.1684549">
	<ele>176.41</ele>
	<time>1970-01-01T00:08:11.284Z</time>
</trkpt>
<trkpt lat="46.9787941" lon="3.1678319">
	<ele>176.47</ele>
	<time>1970-01-01T00:08:33.022Z</time>
</trkpt>
<trkpt lat="46.9791718" lon="3.1676309">
	<ele>176.62</ele>
	<time>1970-01-01T00:08:40.812Z</time>
</trkpt>
<trkpt lat="46.9802513" lon="3.1670611">
	<ele>176.42</ele>
	<time>1970-01-01T00:09:04.307Z</time>
</trkpt>
<trkpt lat="46.9803276" lon="3.1670251">
	<ele>175.98</ele>
	<time>1970-01-01T00:09:05.779Z</time>
</trkpt>
<trkpt lat="46.9803505" lon="3.1670139">
	<ele>175.92</ele>
	<time>1970-01-01T00:09:06.271Z</time>
</trkpt>
<trkpt lat="46.9811287" lon="3.1666520">
	<ele>177.08</ele>
	<time>1970-01-01T00:09:20.635Z</time>
</trkpt>
<trkpt lat="46.9817848" lon="3.1664231">
	<ele>177.06</ele>
	<time>1970-01-01T00:09:30.454Z</time>
</trkpt>
<trkpt lat="46.9818611" lon="3.1663849">
	<ele>176.15</ele>
	<time>1970-01-01T00:09:31.598Z</time>
</trkpt>
<trkpt lat="46.9818878" lon="3.1663260">
	<ele>176.09</ele>
	<time>1970-01-01T00:09:32.244Z</time>
</trkpt>
<trkpt lat="46.9819069" lon="3.1662509">
	<ele>176.18</ele>
	<time>1970-01-01T00:09:33.029Z</time>
</trkpt>
<trkpt lat="46.9819031" lon="3.1661689">
	<ele>176.34</ele>
	<time>1970-01-01T00:09:33.872Z</time>
</trkpt>
<trkpt lat="46.9818916" lon="3.1660891">
	<ele>176.25</ele>
	<time>1970-01-01T00:09:34.723Z</time>
</trkpt>
<trkpt lat="46.9818802" lon="3.1660230">
	<ele>175.82</ele>
	<time>1970-01-01T00:09:35.483Z</time>
</trkpt>
<trkpt lat="46.9818459" lon="3.1658809">
	<ele>174.94</ele>
	<time>1970-01-01T00:09:37.439Z</time>
</trkpt>
<trkpt lat="46.9818077" lon="3.1657381">
	<ele>175.56</ele>
	<time>1970-01-01T00:09:39.531Z</time>
</trkpt>
<trkpt lat="46.9817924" lon="3.1656940">
	<ele>175.89</ele>
	<time>1970-01-01T00:09:40.275Z</time>
</trkpt>
<trkpt lat="46.9817772" lon="3.1656229">
	<ele>176.26</ele>
	<time>1970-01-01T00:09:41.386Z</time>
</trkpt>
<trkpt lat="46.9820824" lon="3.1654129">
	<ele>176.39</ele>
	<time>1970-01-01T00:09:48.696Z</time>
</trkpt>
<trkpt lat="46.9823456" lon="3.1651959">
	<ele>176.87</ele>
	<time>1970-01-01T00:09:55.346Z</time>
</trkpt>
<trkpt lat="46.9824944" lon="3.1650410">
	<ele>176.05</ele>
	<time>1970-01-01T00:09:59.361Z</time>
</trkpt>
<trkpt lat="46.9825974" lon="3.1648891">
	<ele>176.22</ele>
	<time>1970-01-01T00:10:03.153Z</time>
</trkpt>
<trkpt lat="46.9826889" lon="3.1647120">
	<ele>178.01</ele>
	<time>1970-01-01T00:10:07.495Z</time>
</trkpt>
<trkpt lat="46.9827538" lon="3.1645229">
	<ele>176.72</ele>
	<time>1970-01-01T00:10:11.330Z</time>
</trkpt>
<trkpt lat="46.9827995" lon="3.1642489">
	<ele>175.87</ele>
	<time>1970-01-01T00:10:15.980Z</time>
</trkpt>
<trkpt lat="46.9828262" lon="3.1640811">
	<ele>175.86</ele>
	<time>1970-01-01T00:10:18.296Z</time>
</trkpt>
<trkpt lat="46.9828224" lon="3.1639950">
	<ele>175.87</ele>
	<time>1970-01-01T00:10:19.456Z</time>
</trkpt>
<trkpt lat="46.9828186" lon="3.1639521">
	<ele>175.88</ele>
	<time>1970-01-01T00:10:19.922Z</time>
</trkpt>
<trkpt lat="46.9828033" lon="3.1637969">
	<ele>175.86</ele>
	<time>1970-01-01T00:10:14.207Z</time>
</trkpt>
<trkpt lat="46.9827805" lon="3.1636579">
	<ele>175.88</ele>
	<time>1970-01-01T00:10:15.747Z</time>
</trkpt>
<trkpt lat="46.9827423" lon="3.1635201">
	<ele>176.65</ele>
	<time>1970-01-01T00:10:17.315Z</time>
</trkpt>
<trkpt lat="46.9825706" lon="3.1630571">
	<ele>175.28</ele>
	<time>1970-01-01T00:10:26.610Z</time>
</trkpt>
<trkpt lat="46.9823990" lon="3.1626091">
	<ele>176.75</ele>
	<time>1970-01-01T00:10:35.753Z</time>
</trkpt>
<trkpt lat="46.9821968" lon="3.1620121">
	<ele>176.55</ele>
	<time>1970-01-01T00:10:45.757Z</time>
</trkpt>
<trkpt lat="46.9821205" lon="3.1617160">
	<ele>177.12</ele>
	<time>1970-01-01T00:10:49.958Z</time>
</trkpt>
<trkpt lat="46.9820671" lon="3.1615779">
	<ele>177.23</ele>
	<time>1970-01-01T00:10:51.913Z</time>
</trkpt>
<trkpt lat="46.9820251" lon="3.1615319">
	<ele>177.22</ele>
	<time>1970-01-01T00:10:52.831Z</time>
</trkpt>
<trkpt lat="46.9819908" lon="3.1615131">
	<ele>177.17</ele>
	<time>1970-01-01T00:10:53.446Z</time>
</trkpt>
<trkpt lat="46.9820328" lon="3.1612141">
	<ele>177.35</ele>
	<time>1970-01-01T00:10:57.019Z</time>
</trkpt>
<trkpt lat="46.9820557" lon="3.1608980">
	<ele>177.85</ele>
	<time>1970-01-01T00:11:00.803Z</time>
</trkpt>
<trkpt lat="46.9820518" lon="3.1607800">
	<ele>177.92</ele>
	<time>1970-01-01T00:11:02.234Z</time>
</trkpt>
<trkpt lat="46.9819908" lon="3.1605539">
	<ele>178.62</ele>
	<time>1970-01-01T00:11:05.115Z</time>
</trkpt>
<trkpt lat="46.9819260" lon="3.1603661">
	<ele>179.91</ele>
	<time>1970-01-01T00:11:07.859Z</time>
</trkpt>
<trkpt lat="46.9818802" lon="3.1602559">
	<ele>180.40</ele>
	<time>1970-01-01T00:11:09.686Z</time>
</trkpt>
<trkpt lat="46.9819679" lon="3.1601820">
	<ele>179.88</ele>
	<time>1970-01-01T00:11:11.550Z</time>
</trkpt>
<trkpt lat="46.9822006" lon="3.1599691">
	<ele>172.22</ele>
	<time>1970-01-01T00:11:15.202Z</time>
</trkpt>
<trkpt lat="46.9847641" lon="3.1579280">
	<ele>173.43</ele>
	<time>1970-01-01T00:12:02.457Z</time>
</trkpt>
<trkpt lat="46.9848137" lon="3.1579061">
	<ele>175.27</ele>
	<time>1970-01-01T00:12:03.664Z</time>
</trkpt>
<trkpt lat="46.9848595" lon="3.1578989">
	<ele>176.89</ele>
	<time>1970-01-01T00:12:04.807Z</time>
</trkpt>
<trkpt lat="46.9848671" lon="3.1579361">
	<ele>176.99</ele>
	<time>1970-01-01T00:12:05.485Z</time>
</trkpt>
<trkpt lat="46.9848785" lon="3.1579690">
	<ele>177.30</ele>
	<time>1970-01-01T00:12:06.156Z</time>
</trkpt>
<trkpt lat="46.9849014" lon="3.1579969">
	<ele>178.13</ele>
	<time>1970-01-01T00:12:06.870Z</time>
</trkpt>
<trkpt lat="46.9849243" lon="3.1580141">
	<ele>178.98</ele>
	<time>1970-01-01T00:12:07.626Z</time>
</trkpt>
<trkpt lat="46.9849548" lon="3.1580169">
	<ele>180.03</ele>
	<time>1970-01-01T00:12:08.425Z</time>
</trkpt>
<trkpt lat="46.9849815" lon="3.1580081">
	<ele>180.76</ele>
	<time>1970-01-01T00:12:09.267Z</time>
</trkpt>
<trkpt lat="46.9850044" lon="3.1579859">
	<ele>181.14</ele>
	<time>1970-01-01T00:12:10.208Z</time>
</trkpt>
<trkpt lat="46.9850235" lon="3.1579540">
	<ele>181.20</ele>
	<time>1970-01-01T00:12:11.191Z</time>
</trkpt>
<trkpt lat="46.9850349" lon="3.1579161">
	<ele>181.03</ele>
	<time>1970-01-01T00:12:12.214Z</time>
</trkpt>
<trkpt lat="46.9850388" lon="3.1578760">
	<ele>180.75</ele>
	<time>1970-01-01T00:12:13.278Z</time>
</trkpt>
<trkpt lat="46.9850311" lon="3.1578369">
	<ele>180.47</ele>
	<time>1970-01-01T00:12:14.322Z</time>
</trkpt>
<trkpt lat="46.9850159" lon="3.1578031">
	<ele>180.21</ele>
	<time>1970-01-01T00:12:15.347Z</time>
</trkpt>
<trkpt lat="46.9849968" lon="3.1577771">
	<ele>179.96</ele>
	<time>1970-01-01T00:12:16.295Z</time>
</trkpt>
<trkpt lat="46.9850235" lon="3.1577001">
	<ele>180.13</ele>
	<time>1970-01-01T00:12:17.479Z</time>
</trkpt>
<trkpt lat="46.9850616" lon="3.1576560">
	<ele>180.16</ele>
	<time>1970-01-01T00:12:18.448Z</time>
</trkpt>
<trkpt lat="46.9851990" lon="3.1575410">
	<ele>179.18</ele>
	<time>1970-01-01T00:12:24.419Z</time>
</trkpt>
<trkpt lat="46.9852333" lon="3.1575220">
	<ele>179.28</ele>
	<time>1970-01-01T00:12:25.817Z</time>
</trkpt>
<trkpt lat="46.9852562" lon="3.1575260">
	<ele>179.48</ele>
	<time>1970-01-01T00:12:26.583Z</time>
</trkpt>
<trkpt lat="46.9852829" lon="3.1575501">
	<ele>179.87</ele>
	<time>1970-01-01T00:12:27.773Z</time>
</trkpt>
<trkpt lat="46.9853592" lon="3.1576979">
	<ele>182.35</ele>
	<time>1970-01-01T00:12:33.287Z</time>
</trkpt>
<trkpt lat="46.9855042" lon="3.1579330">
	<ele>185.72</ele>
	<time>1970-01-01T00:12:43.379Z</time>
</trkpt>
<trkpt lat="46.9856949" lon="3.1582680">
	<ele>185.09</ele>
	<time>1970-01-01T00:12:56.561Z</time>
</trkpt>
<trkpt lat="46.9857140" lon="3.1582971">
	<ele>185.48</ele>
	<time>1970-01-01T00:12:57.621Z</time>
</trkpt>
<trkpt lat="46.9858208" lon="3.1582601">
	<ele>189.09</ele>
	<time>1970-01-01T00:13:03.061Z</time>
</trkpt>
<trkpt lat="46.9858475" lon="3.1582389">
	<ele>189.64</ele>
	<time>1970-01-01T00:13:04.472Z</time>
</trkpt>
<trkpt lat="46.9861069" lon="3.1580739">
	<ele>190.98</ele>
	<time>1970-01-01T00:13:26.527Z</time>
</trkpt>
<trkpt lat="46.9861450" lon="3.1580520">
	<ele>191.12</ele>
	<time>1970-01-01T00:13:29.784Z</time>
</trkpt>
<trkpt lat="46.9865913" lon="3.1577690">
	<ele>194.80</ele>
	<time>1970-01-01T00:14:22.247Z</time>
</trkpt>
<trkpt lat="46.9866524" lon="3.1577301">
	<ele>195.00</ele>
	<time>1970-01-01T00:14:28.598Z</time>
</trkpt>
<trkpt lat="46.9867859" lon="3.1576459">
	<ele>195.48</ele>
	<time>1970-01-01T00:14:40.697Z</time>
</trkpt>
<trkpt lat="46.9868889" lon="3.1575911">
	<ele>195.88</ele>
	<time>1970-01-01T00:14:48.985Z</time>
</trkpt>
<trkpt lat="46.9870071" lon="3.1575470">
	<ele>196.07</ele>
	<time>1970-01-01T00:14:57.652Z</time>
</trkpt>
<trkpt lat="46.9872513" lon="3.1580350">
	<ele>196.00</ele>
	<time>1970-01-01T00:15:16.292Z</time>
</trkpt>
<trkpt lat="46.9875221" lon="3.1579211">
	<ele>195.56</ele>
	<time>1970-01-01T00:15:26.605Z</time>
</trkpt>
<trkpt lat="46.9875259" lon="3.1579919">
	<ele>195.27</ele>
	<time>1970-01-01T00:15:28.103Z</time>
</trkpt>
<trkpt lat="46.9875450" lon="3.1582510">
	<ele>194.27</ele>
	<time>1970-01-01T00:15:33.081Z</time>
</trkpt>
<trkpt lat="46.9879036" lon="3.1580579">
	<ele>195.74</ele>
	<time>1970-01-01T00:15:40.996Z</time>
</trkpt>
<trkpt lat="46.9879875" lon="3.1580091">
	<ele>195.24</ele>
	<time>1970-01-01T00:15:42.710Z</time>
</trkpt>
<trkpt lat="46.9880333" lon="3.1579690">
	<ele>194.81</ele>
	<time>1970-01-01T00:15:43.737Z</time>
</trkpt>
</trkseg>
</trk>
</gpx>
