<?xml version="1.0" encoding="utf-8" standalone="yes"?>
<gpx version="1.1" creator="Locus Map, Android"
 xmlns="http://www.topografix.com/GPX/1/1"
 xmlns:xsi="http://www.w3.org/2001/XMLSchema-instance"
 xsi:schemaLocation="http://www.topografix.com/GPX/1/1 http://www.topografix.com/GPX/1/1/gpx.xsd"
 xmlns:gpxx="http://www.garmin.com/xmlschemas/GpxExtensions/v3"
 xmlns:gpxtrkx="http://www.garmin.com/xmlschemas/TrackStatsExtension/v1"
 xmlns:gpxtpx="http://www.garmin.com/xmlschemas/TrackPointExtension/v2"
 xmlns:locus="https://www.locusmap.app">
	<metadata>
		<desc>File with points/tracks from Locus Map/4.32.4</desc>
		<time>2026-02-24T10:31:28.205Z</time>
	</metadata>
<trk>
	<name>EuroVelo1.06.Bretagne.RoscoffNantes</name>
	<extensions>
		<line xmlns="http://www.topografix.com/GPX/gpx_style/0/2">
			<color>D700D7</color>
			<opacity>0.59</opacity>
			<width>5.0</width>
			<extensions>
				<locus:lsColorBase>#96D700D7</locus:lsColorBase>
				<locus:lsWidth>5.0</locus:lsWidth>
				<locus:lsUnits>PIXELS</locus:lsUnits>
				<locus:lsColorOutline>#FFD700D7</locus:lsColorOutline>
			</extensions>
		</line>
		<locus:activity>cycling</locus:activity>
	</extensions>
<trkseg>
<trkpt lat="48.7216043" lon="-3.9673942">
	<ele>6.60</ele>
</trkpt>
<trkpt lat="48.7219048" lon="-3.9675247">
	<ele>7.60</ele>
</trkpt>
<trkpt lat="48.7218369" lon="-3.9678513">
	<ele>9.20</ele>
</trkpt>
<trkpt lat="48.7218949" lon="-3.9681101">
	<ele>10.70</ele>
</trkpt>
<trkpt lat="48.7219024" lon="-3.9683991">
	<ele>11.70</ele>
</trkpt>
<trkpt lat="48.7218540" lon="-3.9687625">
	<ele>12.30</ele>
</trkpt>
<trkpt lat="48.7213778" lon="-3.9712207">
	<ele>18.60</ele>
</trkpt>
<trkpt lat="48.7206611" lon="-3.9713241">
	<ele>20.90</ele>
</trkpt>
<trkpt lat="48.7206582" lon="-3.9714206">
	<ele>20.90</ele>
</trkpt>
<trkpt lat="48.7206251" lon="-3.9714611">
	<ele>20.90</ele>
</trkpt>
<trkpt lat="48.7200128" lon="-3.9719565">
	<ele>21.50</ele>
</trkpt>
<trkpt lat="48.7199316" lon="-3.9721394">
	<ele>21.50</ele>
</trkpt>
<trkpt lat="48.7198766" lon="-3.9724309">
	<ele>21.40</ele>
</trkpt>
<trkpt lat="48.7193599" lon="-3.9727438">
	<ele>20.70</ele>
</trkpt>
<trkpt lat="48.7191553" lon="-3.9726142">
	<ele>20.40</ele>
</trkpt>
<trkpt lat="48.7190042" lon="-3.9724343">
	<ele>19.70</ele>
</trkpt>
<trkpt lat="48.7188593" lon="-3.9726714">
	<ele>19.90</ele>
</trkpt>
<trkpt lat="48.7185628" lon="-3.9723711">
	<ele>19.30</ele>
</trkpt>
<trkpt lat="48.7181648" lon="-3.9721200">
	<ele>18.90</ele>
</trkpt>
<trkpt lat="48.7181092" lon="-3.9721439">
	<ele>18.90</ele>
</trkpt>
<trkpt lat="48.7179964" lon="-3.9723281">
	<ele>19.30</ele>
</trkpt>
<trkpt lat="48.7178606" lon="-3.9723959">
	<ele>19.30</ele>
</trkpt>
<trkpt lat="48.7172340" lon="-3.9722261">
	<ele>18.80</ele>
</trkpt>
<trkpt lat="48.7171271" lon="-3.9725079">
	<ele>19.40</ele>
</trkpt>
<trkpt lat="48.7169055" lon="-3.9728849">
	<ele>20.60</ele>
</trkpt>
<trkpt lat="48.7168524" lon="-3.9727126">
	<ele>19.90</ele>
</trkpt>
<trkpt lat="48.7167783" lon="-3.9726059">
	<ele>19.80</ele>
</trkpt>
<trkpt lat="48.7161239" lon="-3.9722018">
	<ele>17.50</ele>
</trkpt>
<trkpt lat="48.7158541" lon="-3.9721056">
	<ele>16.50</ele>
</trkpt>
<trkpt lat="48.7156408" lon="-3.9721849">
	<ele>16.20</ele>
</trkpt>
<trkpt lat="48.7150585" lon="-3.9725846">
	<ele>17.10</ele>
</trkpt>
<trkpt lat="48.7141932" lon="-3.9733448">
	<ele>18.50</ele>
</trkpt>
<trkpt lat="48.7142335" lon="-3.9741211">
	<ele>22.90</ele>
</trkpt>
<trkpt lat="48.7140517" lon="-3.9751734">
	<ele>28.40</ele>
</trkpt>
<trkpt lat="48.7136500" lon="-3.9749722">
	<ele>28.80</ele>
</trkpt>
<trkpt lat="48.7133339" lon="-3.9749722">
	<ele>29.70</ele>
</trkpt>
<trkpt lat="48.7131499" lon="-3.9748917">
	<ele>30.00</ele>
</trkpt>
<trkpt lat="48.7127926" lon="-3.9748575">
	<ele>30.20</ele>
</trkpt>
<trkpt lat="48.7125688" lon="-3.9747320">
	<ele>30.20</ele>
</trkpt>
<trkpt lat="48.7125097" lon="-3.9743680">
	<ele>28.10</ele>
</trkpt>
<trkpt lat="48.7124238" lon="-3.9740931">
	<ele>27.10</ele>
</trkpt>
<trkpt lat="48.7123716" lon="-3.9740289">
	<ele>27.10</ele>
</trkpt>
<trkpt lat="48.7121888" lon="-3.9740958">
	<ele>26.00</ele>
</trkpt>
<trkpt lat="48.7119641" lon="-3.9738325">
	<ele>20.70</ele>
</trkpt>
<trkpt lat="48.7117551" lon="-3.9737486">
	<ele>19.20</ele>
</trkpt>
<trkpt lat="48.7115332" lon="-3.9737434">
	<ele>17.80</ele>
</trkpt>
<trkpt lat="48.7113991" lon="-3.9738128">
	<ele>16.60</ele>
</trkpt>
<trkpt lat="48.7112761" lon="-3.9739860">
	<ele>18.10</ele>
</trkpt>
<trkpt lat="48.7109970" lon="-3.9752967">
	<ele>24.40</ele>
</trkpt>
<trkpt lat="48.7109171" lon="-3.9755520">
	<ele>24.40</ele>
</trkpt>
<trkpt lat="48.7107627" lon="-3.9758138">
	<ele>25.70</ele>
</trkpt>
<trkpt lat="48.7100714" lon="-3.9766996">
	<ele>24.70</ele>
</trkpt>
<trkpt lat="48.7099718" lon="-3.9767654">
	<ele>23.50</ele>
</trkpt>
<trkpt lat="48.7092665" lon="-3.9767065">
	<ele>19.70</ele>
</trkpt>
<trkpt lat="48.7089351" lon="-3.9765843">
	<ele>17.40</ele>
</trkpt>
<trkpt lat="48.7086124" lon="-3.9763747">
	<ele>17.00</ele>
</trkpt>
<trkpt lat="48.7083341" lon="-3.9762692">
	<ele>15.70</ele>
</trkpt>
<trkpt lat="48.7083270" lon="-3.9766216">
	<ele>18.00</ele>
</trkpt>
<trkpt lat="48.7084321" lon="-3.9784939">
	<ele>23.50</ele>
</trkpt>
<trkpt lat="48.7084181" lon="-3.9787485">
	<ele>24.90</ele>
</trkpt>
<trkpt lat="48.7081913" lon="-3.9791206">
	<ele>25.60</ele>
</trkpt>
<trkpt lat="48.7081825" lon="-3.9791945">
	<ele>25.60</ele>
</trkpt>
<trkpt lat="48.7080461" lon="-3.9793182">
	<ele>26.40</ele>
</trkpt>
<trkpt lat="48.7075168" lon="-3.9799676">
	<ele>27.80</ele>
</trkpt>
<trkpt lat="48.7073755" lon="-3.9799883">
	<ele>27.80</ele>
</trkpt>
<trkpt lat="48.7069459" lon="-3.9798939">
	<ele>26.70</ele>
</trkpt>
<trkpt lat="48.7066068" lon="-3.9797626">
	<ele>25.30</ele>
</trkpt>
<trkpt lat="48.7064081" lon="-3.9801957">
	<ele>26.50</ele>
</trkpt>
<trkpt lat="48.7063296" lon="-3.9801947">
	<ele>26.50</ele>
</trkpt>
<trkpt lat="48.7060938" lon="-3.9800581">
	<ele>25.20</ele>
</trkpt>
<trkpt lat="48.7059043" lon="-3.9801787">
	<ele>26.00</ele>
</trkpt>
<trkpt lat="48.7057777" lon="-3.9803664">
	<ele>26.70</ele>
</trkpt>
<trkpt lat="48.7057256" lon="-3.9803786">
	<ele>27.20</ele>
</trkpt>
<trkpt lat="48.7047310" lon="-3.9799534">
	<ele>31.60</ele>
</trkpt>
<trkpt lat="48.7045211" lon="-3.9798066">
	<ele>33.10</ele>
</trkpt>
<trkpt lat="48.7045152" lon="-3.9797076">
	<ele>33.10</ele>
</trkpt>
<trkpt lat="48.7044488" lon="-3.9795759">
	<ele>33.10</ele>
</trkpt>
<trkpt lat="48.7040391" lon="-3.9790640">
	<ele>34.50</ele>
</trkpt>
<trkpt lat="48.7038470" lon="-3.9794763">
	<ele>34.80</ele>
</trkpt>
<trkpt lat="48.7036618" lon="-3.9796943">
	<ele>35.00</ele>
</trkpt>
<trkpt lat="48.7032563" lon="-3.9797710">
	<ele>35.80</ele>
</trkpt>
<trkpt lat="48.7031809" lon="-3.9798099">
	<ele>35.80</ele>
</trkpt>
<trkpt lat="48.7030640" lon="-3.9799703">
	<ele>36.30</ele>
</trkpt>
<trkpt lat="48.7028575" lon="-3.9806439">
	<ele>37.10</ele>
</trkpt>
<trkpt lat="48.7028344" lon="-3.9811305">
	<ele>37.20</ele>
</trkpt>
<trkpt lat="48.7026672" lon="-3.9821476">
	<ele>37.40</ele>
</trkpt>
<trkpt lat="48.7023149" lon="-3.9819053">
	<ele>37.40</ele>
</trkpt>
<trkpt lat="48.7021639" lon="-3.9818770">
	<ele>37.30</ele>
</trkpt>
<trkpt lat="48.7019982" lon="-3.9818698">
	<ele>37.10</ele>
</trkpt>
<trkpt lat="48.7015595" lon="-3.9820211">
	<ele>36.90</ele>
</trkpt>
<trkpt lat="48.7010409" lon="-3.9819026">
	<ele>36.10</ele>
</trkpt>
<trkpt lat="48.7005288" lon="-3.9818899">
	<ele>35.00</ele>
</trkpt>
<trkpt lat="48.7002095" lon="-3.9819753">
	<ele>32.70</ele>
</trkpt>
<trkpt lat="48.6999260" lon="-3.9819906">
	<ele>31.30</ele>
</trkpt>
<trkpt lat="48.6995721" lon="-3.9819418">
	<ele>27.70</ele>
</trkpt>
<trkpt lat="48.6991099" lon="-3.9817408">
	<ele>23.10</ele>
</trkpt>
<trkpt lat="48.6988771" lon="-3.9815527">
	<ele>21.20</ele>
</trkpt>
<trkpt lat="48.6974456" lon="-3.9825737">
	<ele>16.00</ele>
</trkpt>
<trkpt lat="48.6972755" lon="-3.9825946">
	<ele>17.40</ele>
</trkpt>
<trkpt lat="48.6972298" lon="-3.9826812">
	<ele>19.30</ele>
</trkpt>
<trkpt lat="48.6967928" lon="-3.9828190">
	<ele>24.60</ele>
</trkpt>
<trkpt lat="48.6965016" lon="-3.9827337">
	<ele>24.00</ele>
</trkpt>
<trkpt lat="48.6961547" lon="-3.9827841">
	<ele>24.50</ele>
</trkpt>
<trkpt lat="48.6960303" lon="-3.9827647">
	<ele>24.50</ele>
</trkpt>
<trkpt lat="48.6954601" lon="-3.9825110">
	<ele>25.10</ele>
</trkpt>
<trkpt lat="48.6950064" lon="-3.9826235">
	<ele>31.20</ele>
</trkpt>
<trkpt lat="48.6946562" lon="-3.9827607">
	<ele>35.10</ele>
</trkpt>
<trkpt lat="48.6941795" lon="-3.9827446">
	<ele>40.00</ele>
</trkpt>
<trkpt lat="48.6937908" lon="-3.9828426">
	<ele>41.90</ele>
</trkpt>
<trkpt lat="48.6933944" lon="-3.9830432">
	<ele>43.70</ele>
</trkpt>
<trkpt lat="48.6929902" lon="-3.9834841">
	<ele>45.10</ele>
</trkpt>
<trkpt lat="48.6924304" lon="-3.9836356">
	<ele>45.80</ele>
</trkpt>
<trkpt lat="48.6916854" lon="-3.9843746">
	<ele>48.80</ele>
</trkpt>
<trkpt lat="48.6915979" lon="-3.9844202">
	<ele>48.80</ele>
</trkpt>
<trkpt lat="48.6912917" lon="-3.9845129">
	<ele>49.30</ele>
</trkpt>
<trkpt lat="48.6904989" lon="-3.9844680">
	<ele>50.60</ele>
</trkpt>
<trkpt lat="48.6898732" lon="-3.9846351">
	<ele>52.00</ele>
</trkpt>
<trkpt lat="48.6887229" lon="-3.9851398">
	<ele>53.70</ele>
</trkpt>
<trkpt lat="48.6886923" lon="-3.9852325">
	<ele>53.30</ele>
</trkpt>
<trkpt lat="48.6886332" lon="-3.9851932">
	<ele>53.90</ele>
</trkpt>
<trkpt lat="48.6885000" lon="-3.9852627">
	<ele>53.80</ele>
</trkpt>
<trkpt lat="48.6874101" lon="-3.9860005">
	<ele>52.00</ele>
</trkpt>
<trkpt lat="48.6866819" lon="-3.9858538">
	<ele>49.80</ele>
</trkpt>
<trkpt lat="48.6864480" lon="-3.9857611">
	<ele>48.90</ele>
</trkpt>
<trkpt lat="48.6863925" lon="-3.9866906">
	<ele>48.00</ele>
</trkpt>
<trkpt lat="48.6856744" lon="-3.9866162">
	<ele>44.70</ele>
</trkpt>
<trkpt lat="48.6855992" lon="-3.9867139">
	<ele>44.10</ele>
</trkpt>
<trkpt lat="48.6854574" lon="-3.9873153">
	<ele>42.50</ele>
</trkpt>
<trkpt lat="48.6853866" lon="-3.9874899">
	<ele>42.10</ele>
</trkpt>
<trkpt lat="48.6850007" lon="-3.9874160">
	<ele>41.30</ele>
</trkpt>
<trkpt lat="48.6849507" lon="-3.9874434">
	<ele>41.00</ele>
</trkpt>
<trkpt lat="48.6849089" lon="-3.9873646">
	<ele>41.40</ele>
</trkpt>
<trkpt lat="48.6849557" lon="-3.9872967">
	<ele>41.40</ele>
</trkpt>
<trkpt lat="48.6849471" lon="-3.9872554">
	<ele>41.40</ele>
</trkpt>
<trkpt lat="48.6846642" lon="-3.9866735">
	<ele>41.40</ele>
</trkpt>
<trkpt lat="48.6845623" lon="-3.9865487">
	<ele>41.10</ele>
</trkpt>
<trkpt lat="48.6844889" lon="-3.9865263">
	<ele>41.10</ele>
</trkpt>
<trkpt lat="48.6840864" lon="-3.9866271">
	<ele>39.40</ele>
</trkpt>
<trkpt lat="48.6830264" lon="-3.9869937">
	<ele>34.10</ele>
</trkpt>
<trkpt lat="48.6829926" lon="-3.9867710">
	<ele>33.20</ele>
</trkpt>
<trkpt lat="48.6819748" lon="-3.9838814">
	<ele>28.60</ele>
</trkpt>
<trkpt lat="48.6818412" lon="-3.9837435">
	<ele>28.20</ele>
</trkpt>
<trkpt lat="48.6812773" lon="-3.9836735">
	<ele>26.90</ele>
</trkpt>
<trkpt lat="48.6810093" lon="-3.9834548">
	<ele>25.10</ele>
</trkpt>
<trkpt lat="48.6798348" lon="-3.9822353">
	<ele>27.30</ele>
</trkpt>
<trkpt lat="48.6795510" lon="-3.9819928">
	<ele>26.60</ele>
</trkpt>
<trkpt lat="48.6785508" lon="-3.9813407">
	<ele>27.80</ele>
</trkpt>
<trkpt lat="48.6782073" lon="-3.9811789">
	<ele>26.10</ele>
</trkpt>
<trkpt lat="48.6771272" lon="-3.9809975">
	<ele>18.40</ele>
</trkpt>
<trkpt lat="48.6764341" lon="-3.9807751">
	<ele>16.90</ele>
</trkpt>
<trkpt lat="48.6764347" lon="-3.9799326">
	<ele>18.00</ele>
</trkpt>
<trkpt lat="48.6763434" lon="-3.9795045">
	<ele>18.30</ele>
</trkpt>
<trkpt lat="48.6761146" lon="-3.9788480">
	<ele>18.30</ele>
</trkpt>
<trkpt lat="48.6754307" lon="-3.9772076">
	<ele>14.40</ele>
</trkpt>
<trkpt lat="48.6747353" lon="-3.9761165">
	<ele>13.80</ele>
</trkpt>
<trkpt lat="48.6745627" lon="-3.9759189">
	<ele>14.20</ele>
</trkpt>
<trkpt lat="48.6736500" lon="-3.9750675">
	<ele>12.90</ele>
</trkpt>
<trkpt lat="48.6730080" lon="-3.9745439">
	<ele>12.20</ele>
</trkpt>
<trkpt lat="48.6726632" lon="-3.9741883">
	<ele>12.10</ele>
</trkpt>
<trkpt lat="48.6724112" lon="-3.9738669">
	<ele>10.40</ele>
</trkpt>
<trkpt lat="48.6722015" lon="-3.9734831">
	<ele>9.20</ele>
</trkpt>
<trkpt lat="48.6716318" lon="-3.9719576">
	<ele>6.90</ele>
</trkpt>
<trkpt lat="48.6709915" lon="-3.9701106">
	<ele>10.70</ele>
</trkpt>
<trkpt lat="48.6702159" lon="-3.9681691">
	<ele>13.80</ele>
</trkpt>
<trkpt lat="48.6701369" lon="-3.9680536">
	<ele>13.60</ele>
</trkpt>
<trkpt lat="48.6699915" lon="-3.9679770">
	<ele>13.50</ele>
</trkpt>
<trkpt lat="48.6695840" lon="-3.9678898">
	<ele>13.90</ele>
</trkpt>
<trkpt lat="48.6694177" lon="-3.9677994">
	<ele>14.00</ele>
</trkpt>
<trkpt lat="48.6688634" lon="-3.9672114">
	<ele>14.70</ele>
</trkpt>
<trkpt lat="48.6686913" lon="-3.9669744">
	<ele>15.10</ele>
</trkpt>
<trkpt lat="48.6685060" lon="-3.9662217">
	<ele>16.10</ele>
</trkpt>
<trkpt lat="48.6678465" lon="-3.9652257">
	<ele>21.60</ele>
</trkpt>
<trkpt lat="48.6677433" lon="-3.9651369">
	<ele>21.60</ele>
</trkpt>
<trkpt lat="48.6672794" lon="-3.9650108">
	<ele>24.20</ele>
</trkpt>
<trkpt lat="48.6670826" lon="-3.9648701">
	<ele>25.60</ele>
</trkpt>
<trkpt lat="48.6664777" lon="-3.9637438">
	<ele>28.30</ele>
</trkpt>
<trkpt lat="48.6663572" lon="-3.9635968">
	<ele>28.60</ele>
</trkpt>
<trkpt lat="48.6658465" lon="-3.9631579">
	<ele>29.60</ele>
</trkpt>
<trkpt lat="48.6654551" lon="-3.9626870">
	<ele>29.80</ele>
</trkpt>
<trkpt lat="48.6652285" lon="-3.9625777">
	<ele>29.50</ele>
</trkpt>
<trkpt lat="48.6649563" lon="-3.9625223">
	<ele>30.00</ele>
</trkpt>
<trkpt lat="48.6646489" lon="-3.9621760">
	<ele>29.90</ele>
</trkpt>
<trkpt lat="48.6641570" lon="-3.9615228">
	<ele>29.60</ele>
</trkpt>
<trkpt lat="48.6636929" lon="-3.9602586">
	<ele>28.00</ele>
</trkpt>
<trkpt lat="48.6625987" lon="-3.9577558">
	<ele>21.20</ele>
</trkpt>
<trkpt lat="48.6625235" lon="-3.9576530">
	<ele>21.10</ele>
</trkpt>
<trkpt lat="48.6611733" lon="-3.9565148">
	<ele>21.90</ele>
</trkpt>
<trkpt lat="48.6610960" lon="-3.9564159">
	<ele>23.30</ele>
</trkpt>
<trkpt lat="48.6609961" lon="-3.9561327">
	<ele>22.20</ele>
</trkpt>
<trkpt lat="48.6608899" lon="-3.9554165">
	<ele>20.20</ele>
</trkpt>
<trkpt lat="48.6608294" lon="-3.9552925">
	<ele>19.40</ele>
</trkpt>
<trkpt lat="48.6607082" lon="-3.9551578">
	<ele>19.70</ele>
</trkpt>
<trkpt lat="48.6604528" lon="-3.9549697">
	<ele>18.90</ele>
</trkpt>
<trkpt lat="48.6596833" lon="-3.9545864">
	<ele>19.10</ele>
</trkpt>
<trkpt lat="48.6593966" lon="-3.9543315">
	<ele>17.80</ele>
</trkpt>
<trkpt lat="48.6590607" lon="-3.9542704">
	<ele>17.90</ele>
</trkpt>
<trkpt lat="48.6584348" lon="-3.9543355">
	<ele>17.00</ele>
</trkpt>
<trkpt lat="48.6581892" lon="-3.9545358">
	<ele>18.70</ele>
</trkpt>
<trkpt lat="48.6578012" lon="-3.9550402">
	<ele>21.00</ele>
</trkpt>
<trkpt lat="48.6574620" lon="-3.9552812">
	<ele>19.40</ele>
</trkpt>
<trkpt lat="48.6562539" lon="-3.9559284">
	<ele>21.70</ele>
</trkpt>
<trkpt lat="48.6555107" lon="-3.9560202">
	<ele>17.40</ele>
</trkpt>
<trkpt lat="48.6551787" lon="-3.9561558">
	<ele>17.60</ele>
</trkpt>
<trkpt lat="48.6517054" lon="-3.9587224">
	<ele>18.50</ele>
</trkpt>
<trkpt lat="48.6514740" lon="-3.9575849">
	<ele>13.40</ele>
</trkpt>
<trkpt lat="48.6509690" lon="-3.9575831">
	<ele>13.00</ele>
</trkpt>
<trkpt lat="48.6509112" lon="-3.9578796">
	<ele>14.50</ele>
</trkpt>
<trkpt lat="48.6505344" lon="-3.9577861">
	<ele>14.10</ele>
</trkpt>
<trkpt lat="48.6503943" lon="-3.9578936">
	<ele>13.70</ele>
</trkpt>
<trkpt lat="48.6499627" lon="-3.9578397">
	<ele>12.80</ele>
</trkpt>
<trkpt lat="48.6495660" lon="-3.9575117">
	<ele>10.60</ele>
</trkpt>
<trkpt lat="48.6494695" lon="-3.9570900">
	<ele>8.30</ele>
</trkpt>
<trkpt lat="48.6492600" lon="-3.9567037">
	<ele>7.30</ele>
</trkpt>
<trkpt lat="48.6491449" lon="-3.9563709">
	<ele>4.60</ele>
</trkpt>
<trkpt lat="48.6488101" lon="-3.9562145">
	<ele>3.80</ele>
</trkpt>
<trkpt lat="48.6487025" lon="-3.9564331">
	<ele>4.80</ele>
</trkpt>
<trkpt lat="48.6481860" lon="-3.9578974">
	<ele>12.90</ele>
</trkpt>
<trkpt lat="48.6478922" lon="-3.9577043">
	<ele>10.90</ele>
</trkpt>
<trkpt lat="48.6478635" lon="-3.9574061">
	<ele>4.30</ele>
</trkpt>
<trkpt lat="48.6477815" lon="-3.9570790">
	<ele>0.60</ele>
</trkpt>
<trkpt lat="48.6475773" lon="-3.9566511">
	<ele>1.00</ele>
</trkpt>
<trkpt lat="48.6473873" lon="-3.9564568">
	<ele>2.00</ele>
</trkpt>
<trkpt lat="48.6472586" lon="-3.9564029">
	<ele>2.00</ele>
</trkpt>
<trkpt lat="48.6467286" lon="-3.9563240">
	<ele>3.30</ele>
</trkpt>
<trkpt lat="48.6465467" lon="-3.9562385">
	<ele>6.80</ele>
</trkpt>
<trkpt lat="48.6464613" lon="-3.9561549">
	<ele>9.20</ele>
</trkpt>
<trkpt lat="48.6452541" lon="-3.9544105">
	<ele>11.60</ele>
</trkpt>
<trkpt lat="48.6448703" lon="-3.9537312">
	<ele>13.40</ele>
</trkpt>
<trkpt lat="48.6448296" lon="-3.9538866">
	<ele>13.40</ele>
</trkpt>
<trkpt lat="48.6448350" lon="-3.9540249">
	<ele>14.80</ele>
</trkpt>
<trkpt lat="48.6449057" lon="-3.9545304">
	<ele>15.00</ele>
</trkpt>
<trkpt lat="48.6450588" lon="-3.9551694">
	<ele>15.50</ele>
</trkpt>
<trkpt lat="48.6452479" lon="-3.9555966">
	<ele>16.00</ele>
</trkpt>
<trkpt lat="48.6457153" lon="-3.9562489">
	<ele>14.40</ele>
</trkpt>
<trkpt lat="48.6457340" lon="-3.9563318">
	<ele>14.40</ele>
</trkpt>
<trkpt lat="48.6456177" lon="-3.9565452">
	<ele>15.80</ele>
</trkpt>
<trkpt lat="48.6442162" lon="-3.9583492">
	<ele>30.20</ele>
</trkpt>
<trkpt lat="48.6434783" lon="-3.9600809">
	<ele>42.50</ele>
</trkpt>
<trkpt lat="48.6434432" lon="-3.9602316">
	<ele>43.30</ele>
</trkpt>
<trkpt lat="48.6434341" lon="-3.9605260">
	<ele>43.60</ele>
</trkpt>
<trkpt lat="48.6435634" lon="-3.9617410">
	<ele>45.30</ele>
</trkpt>
<trkpt lat="48.6435853" lon="-3.9618598">
	<ele>46.30</ele>
</trkpt>
<trkpt lat="48.6437211" lon="-3.9621777">
	<ele>46.90</ele>
</trkpt>
<trkpt lat="48.6394425" lon="-3.9682833">
	<ele>60.40</ele>
</trkpt>
<trkpt lat="48.6391067" lon="-3.9687890">
	<ele>61.00</ele>
</trkpt>
<trkpt lat="48.6389998" lon="-3.9690254">
	<ele>60.90</ele>
</trkpt>
<trkpt lat="48.6385364" lon="-3.9694295">
	<ele>60.60</ele>
</trkpt>
<trkpt lat="48.6382687" lon="-3.9694673">
	<ele>59.90</ele>
</trkpt>
<trkpt lat="48.6375842" lon="-3.9691130">
	<ele>56.90</ele>
</trkpt>
<trkpt lat="48.6354720" lon="-3.9678677">
	<ele>49.10</ele>
</trkpt>
<trkpt lat="48.6333150" lon="-3.9663823">
	<ele>40.20</ele>
</trkpt>
<trkpt lat="48.6320930" lon="-3.9656008">
	<ele>35.00</ele>
</trkpt>
<trkpt lat="48.6314848" lon="-3.9650564">
	<ele>31.50</ele>
</trkpt>
<trkpt lat="48.6306920" lon="-3.9641919">
	<ele>29.70</ele>
</trkpt>
<trkpt lat="48.6298516" lon="-3.9637718">
	<ele>25.00</ele>
</trkpt>
<trkpt lat="48.6282788" lon="-3.9624886">
	<ele>19.30</ele>
</trkpt>
<trkpt lat="48.6277455" lon="-3.9617255">
	<ele>22.10</ele>
</trkpt>
<trkpt lat="48.6270967" lon="-3.9611949">
	<ele>20.30</ele>
</trkpt>
<trkpt lat="48.6269657" lon="-3.9609649">
	<ele>20.30</ele>
</trkpt>
<trkpt lat="48.6268565" lon="-3.9605772">
	<ele>22.50</ele>
</trkpt>
<trkpt lat="48.6265823" lon="-3.9587697">
	<ele>0.40</ele>
</trkpt>
<trkpt lat="48.6265459" lon="-3.9584502">
	<ele>0.50</ele>
</trkpt>
<trkpt lat="48.6266253" lon="-3.9573574">
	<ele>0.60</ele>
</trkpt>
<trkpt lat="48.6264928" lon="-3.9563331">
	<ele>1.00</ele>
</trkpt>
<trkpt lat="48.6265464" lon="-3.9553418">
	<ele>3.50</ele>
</trkpt>
<trkpt lat="48.6264779" lon="-3.9549839">
	<ele>6.90</ele>
</trkpt>
<trkpt lat="48.6263067" lon="-3.9546859">
	<ele>7.60</ele>
</trkpt>
<trkpt lat="48.6260698" lon="-3.9545672">
	<ele>7.60</ele>
</trkpt>
<trkpt lat="48.6255775" lon="-3.9544621">
	<ele>2.30</ele>
</trkpt>
<trkpt lat="48.6229050" lon="-3.9540858">
	<ele>11.40</ele>
</trkpt>
<trkpt lat="48.6223220" lon="-3.9536635">
	<ele>7.70</ele>
</trkpt>
<trkpt lat="48.6221036" lon="-3.9535690">
	<ele>9.40</ele>
</trkpt>
<trkpt lat="48.6219076" lon="-3.9535389">
	<ele>10.30</ele>
</trkpt>
<trkpt lat="48.6210694" lon="-3.9534341">
	<ele>10.30</ele>
</trkpt>
<trkpt lat="48.6207486" lon="-3.9534376">
	<ele>10.40</ele>
</trkpt>
<trkpt lat="48.6193641" lon="-3.9537504">
	<ele>11.50</ele>
</trkpt>
<trkpt lat="48.6191419" lon="-3.9537358">
	<ele>11.60</ele>
</trkpt>
<trkpt lat="48.6188856" lon="-3.9536254">
	<ele>4.20</ele>
</trkpt>
<trkpt lat="48.6186180" lon="-3.9533827">
	<ele>1.50</ele>
</trkpt>
<trkpt lat="48.6184145" lon="-3.9530355">
	<ele>0.00</ele>
</trkpt>
<trkpt lat="48.6174109" lon="-3.9503715">
	<ele>15.00</ele>
</trkpt>
<trkpt lat="48.6173218" lon="-3.9501499">
	<ele>14.20</ele>
</trkpt>
<trkpt lat="48.6171677" lon="-3.9498979">
	<ele>13.50</ele>
</trkpt>
<trkpt lat="48.6168623" lon="-3.9495930">
	<ele>13.10</ele>
</trkpt>
<trkpt lat="48.6157973" lon="-3.9488425">
	<ele>16.30</ele>
</trkpt>
<trkpt lat="48.6153952" lon="-3.9482592">
	<ele>15.00</ele>
</trkpt>
<trkpt lat="48.6148547" lon="-3.9473416">
	<ele>14.10</ele>
</trkpt>
<trkpt lat="48.6145714" lon="-3.9469675">
	<ele>14.80</ele>
</trkpt>
<trkpt lat="48.6141483" lon="-3.9466675">
	<ele>11.70</ele>
</trkpt>
<trkpt lat="48.6136603" lon="-3.9464269">
	<ele>15.00</ele>
</trkpt>
<trkpt lat="48.6128071" lon="-3.9457292">
	<ele>10.40</ele>
</trkpt>
<trkpt lat="48.6124383" lon="-3.9453955">
	<ele>13.90</ele>
</trkpt>
<trkpt lat="48.6118114" lon="-3.9445672">
	<ele>14.20</ele>
</trkpt>
<trkpt lat="48.6115183" lon="-3.9442818">
	<ele>17.00</ele>
</trkpt>
<trkpt lat="48.6104547" lon="-3.9433996">
	<ele>5.60</ele>
</trkpt>
<trkpt lat="48.6097388" lon="-3.9426712">
	<ele>8.70</ele>
</trkpt>
<trkpt lat="48.6095930" lon="-3.9425837">
	<ele>9.40</ele>
</trkpt>
<trkpt lat="48.6090773" lon="-3.9424471">
	<ele>12.70</ele>
</trkpt>
<trkpt lat="48.6088991" lon="-3.9423608">
	<ele>11.70</ele>
</trkpt>
<trkpt lat="48.6079843" lon="-3.9416033">
	<ele>12.30</ele>
</trkpt>
<trkpt lat="48.6077347" lon="-3.9414244">
	<ele>11.00</ele>
</trkpt>
<trkpt lat="48.6075015" lon="-3.9413362">
	<ele>11.60</ele>
</trkpt>
<trkpt lat="48.6068926" lon="-3.9413098">
	<ele>15.10</ele>
</trkpt>
<trkpt lat="48.6061608" lon="-3.9413937">
	<ele>18.00</ele>
</trkpt>
<trkpt lat="48.6056269" lon="-3.9415065">
	<ele>17.00</ele>
</trkpt>
<trkpt lat="48.6052052" lon="-3.9417663">
	<ele>15.50</ele>
</trkpt>
<trkpt lat="48.6048862" lon="-3.9418479">
	<ele>20.30</ele>
</trkpt>
<trkpt lat="48.6035898" lon="-3.9415966">
	<ele>14.70</ele>
</trkpt>
<trkpt lat="48.6032842" lon="-3.9414484">
	<ele>11.30</ele>
</trkpt>
<trkpt lat="48.6026307" lon="-3.9409817">
	<ele>3.40</ele>
</trkpt>
<trkpt lat="48.6016427" lon="-3.9401642">
	<ele>4.30</ele>
</trkpt>
<trkpt lat="48.6014452" lon="-3.9399270">
	<ele>2.30</ele>
</trkpt>
<trkpt lat="48.6007172" lon="-3.9388337">
	<ele>4.80</ele>
</trkpt>
<trkpt lat="48.6004126" lon="-3.9383126">
	<ele>2.70</ele>
</trkpt>
<trkpt lat="48.5997635" lon="-3.9368404">
	<ele>1.40</ele>
</trkpt>
<trkpt lat="48.5990457" lon="-3.9358820">
	<ele>2.20</ele>
</trkpt>
<trkpt lat="48.5988456" lon="-3.9356756">
	<ele>2.90</ele>
</trkpt>
<trkpt lat="48.5983816" lon="-3.9354085">
	<ele>3.10</ele>
</trkpt>
<trkpt lat="48.5982891" lon="-3.9353077">
	<ele>0.10</ele>
</trkpt>
<trkpt lat="48.5976039" lon="-3.9338878">
	<ele>8.40</ele>
</trkpt>
<trkpt lat="48.5962635" lon="-3.9328812">
	<ele>15.30</ele>
</trkpt>
<trkpt lat="48.5961612" lon="-3.9326828">
	<ele>15.30</ele>
</trkpt>
<trkpt lat="48.5952258" lon="-3.9317714">
	<ele>23.20</ele>
</trkpt>
<trkpt lat="48.5949430" lon="-3.9314180">
	<ele>25.30</ele>
</trkpt>
<trkpt lat="48.5948112" lon="-3.9310480">
	<ele>26.90</ele>
</trkpt>
<trkpt lat="48.5948314" lon="-3.9306858">
	<ele>31.50</ele>
</trkpt>
<trkpt lat="48.5950968" lon="-3.9294033">
	<ele>43.50</ele>
</trkpt>
<trkpt lat="48.5959149" lon="-3.9268340">
	<ele>55.90</ele>
</trkpt>
<trkpt lat="48.5960168" lon="-3.9261710">
	<ele>55.20</ele>
</trkpt>
<trkpt lat="48.5961108" lon="-3.9250862">
	<ele>58.50</ele>
</trkpt>
<trkpt lat="48.5960556" lon="-3.9244540">
	<ele>59.80</ele>
</trkpt>
<trkpt lat="48.5958235" lon="-3.9229503">
	<ele>64.10</ele>
</trkpt>
<trkpt lat="48.5955156" lon="-3.9203339">
	<ele>68.80</ele>
</trkpt>
<trkpt lat="48.5952683" lon="-3.9185804">
	<ele>71.30</ele>
</trkpt>
<trkpt lat="48.5950402" lon="-3.9138932">
	<ele>71.40</ele>
</trkpt>
<trkpt lat="48.5950782" lon="-3.9125873">
	<ele>69.80</ele>
</trkpt>
<trkpt lat="48.5951225" lon="-3.9125265">
	<ele>69.80</ele>
</trkpt>
<trkpt lat="48.5951271" lon="-3.9119961">
	<ele>69.60</ele>
</trkpt>
<trkpt lat="48.5952019" lon="-3.9109143">
	<ele>69.80</ele>
</trkpt>
<trkpt lat="48.5951061" lon="-3.9104183">
	<ele>70.20</ele>
</trkpt>
<trkpt lat="48.5945931" lon="-3.9085577">
	<ele>72.90</ele>
</trkpt>
<trkpt lat="48.5945311" lon="-3.9081329">
	<ele>74.60</ele>
</trkpt>
<trkpt lat="48.5945182" lon="-3.9076875">
	<ele>75.40</ele>
</trkpt>
<trkpt lat="48.5945559" lon="-3.9070091">
	<ele>77.00</ele>
</trkpt>
<trkpt lat="48.5946831" lon="-3.9058007">
	<ele>79.70</ele>
</trkpt>
<trkpt lat="48.5945492" lon="-3.9043442">
	<ele>83.70</ele>
</trkpt>
<trkpt lat="48.5945441" lon="-3.9039815">
	<ele>84.20</ele>
</trkpt>
<trkpt lat="48.5947037" lon="-3.9027584">
	<ele>86.00</ele>
</trkpt>
<trkpt lat="48.5944090" lon="-3.9009320">
	<ele>87.50</ele>
</trkpt>
<trkpt lat="48.5942872" lon="-3.9004015">
	<ele>88.20</ele>
</trkpt>
<trkpt lat="48.5938173" lon="-3.8991347">
	<ele>88.60</ele>
</trkpt>
<trkpt lat="48.5932150" lon="-3.8978750">
	<ele>89.80</ele>
</trkpt>
<trkpt lat="48.5931206" lon="-3.8975889">
	<ele>90.10</ele>
</trkpt>
<trkpt lat="48.5927222" lon="-3.8959900">
	<ele>92.30</ele>
</trkpt>
<trkpt lat="48.5925165" lon="-3.8953516">
	<ele>94.40</ele>
</trkpt>
<trkpt lat="48.5924153" lon="-3.8951967">
	<ele>94.90</ele>
</trkpt>
<trkpt lat="48.5912454" lon="-3.8941481">
	<ele>95.50</ele>
</trkpt>
<trkpt lat="48.5886492" lon="-3.8916617">
	<ele>89.90</ele>
</trkpt>
<trkpt lat="48.5885010" lon="-3.8914149">
	<ele>89.10</ele>
</trkpt>
<trkpt lat="48.5882402" lon="-3.8907136">
	<ele>86.60</ele>
</trkpt>
<trkpt lat="48.5881018" lon="-3.8902979">
	<ele>83.90</ele>
</trkpt>
<trkpt lat="48.5880816" lon="-3.8900380">
	<ele>82.80</ele>
</trkpt>
<trkpt lat="48.5879137" lon="-3.8899914">
	<ele>82.20</ele>
</trkpt>
<trkpt lat="48.5875204" lon="-3.8895012">
	<ele>80.80</ele>
</trkpt>
<trkpt lat="48.5870179" lon="-3.8887639">
	<ele>79.60</ele>
</trkpt>
<trkpt lat="48.5866813" lon="-3.8881833">
	<ele>77.00</ele>
</trkpt>
<trkpt lat="48.5861207" lon="-3.8858787">
	<ele>84.20</ele>
</trkpt>
<trkpt lat="48.5856531" lon="-3.8845201">
	<ele>86.30</ele>
</trkpt>
<trkpt lat="48.5849896" lon="-3.8821979">
	<ele>86.40</ele>
</trkpt>
<trkpt lat="48.5849468" lon="-3.8817840">
	<ele>85.70</ele>
</trkpt>
<trkpt lat="48.5849982" lon="-3.8802433">
	<ele>81.20</ele>
</trkpt>
<trkpt lat="48.5849761" lon="-3.8800935">
	<ele>80.20</ele>
</trkpt>
<trkpt lat="48.5848849" lon="-3.8799848">
	<ele>80.20</ele>
</trkpt>
<trkpt lat="48.5846564" lon="-3.8799220">
	<ele>80.40</ele>
</trkpt>
<trkpt lat="48.5830225" lon="-3.8799927">
	<ele>70.90</ele>
</trkpt>
<trkpt lat="48.5826944" lon="-3.8799373">
	<ele>70.20</ele>
</trkpt>
<trkpt lat="48.5825581" lon="-3.8798581">
	<ele>70.20</ele>
</trkpt>
<trkpt lat="48.5823251" lon="-3.8795934">
	<ele>68.30</ele>
</trkpt>
<trkpt lat="48.5821523" lon="-3.8791937">
	<ele>66.60</ele>
</trkpt>
<trkpt lat="48.5820990" lon="-3.8786803">
	<ele>62.80</ele>
</trkpt>
<trkpt lat="48.5821082" lon="-3.8785060">
	<ele>62.80</ele>
</trkpt>
<trkpt lat="48.5821965" lon="-3.8781039">
	<ele>59.30</ele>
</trkpt>
<trkpt lat="48.5823097" lon="-3.8778494">
	<ele>58.30</ele>
</trkpt>
<trkpt lat="48.5825913" lon="-3.8773843">
	<ele>55.40</ele>
</trkpt>
<trkpt lat="48.5827052" lon="-3.8771012">
	<ele>54.50</ele>
</trkpt>
<trkpt lat="48.5827902" lon="-3.8767721">
	<ele>53.80</ele>
</trkpt>
<trkpt lat="48.5828197" lon="-3.8763718">
	<ele>53.40</ele>
</trkpt>
<trkpt lat="48.5827908" lon="-3.8753895">
	<ele>47.00</ele>
</trkpt>
<trkpt lat="48.5826172" lon="-3.8745052">
	<ele>42.30</ele>
</trkpt>
<trkpt lat="48.5822242" lon="-3.8738847">
	<ele>40.70</ele>
</trkpt>
<trkpt lat="48.5819017" lon="-3.8736381">
	<ele>41.20</ele>
</trkpt>
<trkpt lat="48.5818581" lon="-3.8735168">
	<ele>41.20</ele>
</trkpt>
<trkpt lat="48.5818631" lon="-3.8733541">
	<ele>39.80</ele>
</trkpt>
<trkpt lat="48.5819824" lon="-3.8731792">
	<ele>39.80</ele>
</trkpt>
<trkpt lat="48.5821502" lon="-3.8731972">
	<ele>39.70</ele>
</trkpt>
<trkpt lat="48.5824631" lon="-3.8729240">
	<ele>38.40</ele>
</trkpt>
<trkpt lat="48.5830468" lon="-3.8719978">
	<ele>37.50</ele>
</trkpt>
<trkpt lat="48.5831606" lon="-3.8716698">
	<ele>38.10</ele>
</trkpt>
<trkpt lat="48.5832043" lon="-3.8713353">
	<ele>38.60</ele>
</trkpt>
<trkpt lat="48.5831856" lon="-3.8710511">
	<ele>39.20</ele>
</trkpt>
<trkpt lat="48.5830514" lon="-3.8707178">
	<ele>38.70</ele>
</trkpt>
<trkpt lat="48.5829904" lon="-3.8706785">
	<ele>39.20</ele>
</trkpt>
<trkpt lat="48.5829515" lon="-3.8705849">
	<ele>39.20</ele>
</trkpt>
<trkpt lat="48.5829381" lon="-3.8704742">
	<ele>39.20</ele>
</trkpt>
<trkpt lat="48.5829742" lon="-3.8701782">
	<ele>39.70</ele>
</trkpt>
<trkpt lat="48.5829363" lon="-3.8697881">
	<ele>41.20</ele>
</trkpt>
<trkpt lat="48.5828732" lon="-3.8695375">
	<ele>40.10</ele>
</trkpt>
<trkpt lat="48.5827063" lon="-3.8689726">
	<ele>40.20</ele>
</trkpt>
<trkpt lat="48.5823807" lon="-3.8681065">
	<ele>44.70</ele>
</trkpt>
<trkpt lat="48.5828424" lon="-3.8676500">
	<ele>51.30</ele>
</trkpt>
<trkpt lat="48.5845140" lon="-3.8658038">
	<ele>75.90</ele>
</trkpt>
<trkpt lat="48.5848862" lon="-3.8651913">
	<ele>80.30</ele>
</trkpt>
<trkpt lat="48.5852222" lon="-3.8644242">
	<ele>82.30</ele>
</trkpt>
<trkpt lat="48.5853868" lon="-3.8641383">
	<ele>84.90</ele>
</trkpt>
<trkpt lat="48.5856102" lon="-3.8638506">
	<ele>88.20</ele>
</trkpt>
<trkpt lat="48.5861591" lon="-3.8633061">
	<ele>88.20</ele>
</trkpt>
<trkpt lat="48.5854561" lon="-3.8615657">
	<ele>87.20</ele>
</trkpt>
<trkpt lat="48.5847915" lon="-3.8604577">
	<ele>85.60</ele>
</trkpt>
<trkpt lat="48.5845334" lon="-3.8600958">
	<ele>86.20</ele>
</trkpt>
<trkpt lat="48.5841431" lon="-3.8596771">
	<ele>83.70</ele>
</trkpt>
<trkpt lat="48.5835040" lon="-3.8593456">
	<ele>84.80</ele>
</trkpt>
<trkpt lat="48.5829851" lon="-3.8588256">
	<ele>84.20</ele>
</trkpt>
<trkpt lat="48.5826483" lon="-3.8583092">
	<ele>83.30</ele>
</trkpt>
<trkpt lat="48.5824647" lon="-3.8580959">
	<ele>83.20</ele>
</trkpt>
<trkpt lat="48.5814821" lon="-3.8573029">
	<ele>87.80</ele>
</trkpt>
<trkpt lat="48.5816570" lon="-3.8563691">
	<ele>90.70</ele>
</trkpt>
<trkpt lat="48.5816803" lon="-3.8559666">
	<ele>90.90</ele>
</trkpt>
<trkpt lat="48.5807909" lon="-3.8555438">
	<ele>91.60</ele>
</trkpt>
<trkpt lat="48.5801148" lon="-3.8550564">
	<ele>90.70</ele>
</trkpt>
<trkpt lat="48.5791771" lon="-3.8546109">
	<ele>89.60</ele>
</trkpt>
<trkpt lat="48.5788122" lon="-3.8543453">
	<ele>89.10</ele>
</trkpt>
<trkpt lat="48.5786831" lon="-3.8543147">
	<ele>89.10</ele>
</trkpt>
<trkpt lat="48.5785831" lon="-3.8543737">
	<ele>89.10</ele>
</trkpt>
<trkpt lat="48.5782691" lon="-3.8539325">
	<ele>89.20</ele>
</trkpt>
<trkpt lat="48.5781423" lon="-3.8534369">
	<ele>89.40</ele>
</trkpt>
<trkpt lat="48.5782701" lon="-3.8533666">
	<ele>89.60</ele>
</trkpt>
<trkpt lat="48.5782833" lon="-3.8534200">
	<ele>89.60</ele>
</trkpt>
<trkpt lat="48.5781527" lon="-3.8534914">
	<ele>89.40</ele>
</trkpt>
<trkpt lat="48.5780781" lon="-3.8534707">
	<ele>89.40</ele>
</trkpt>
<trkpt lat="48.5780154" lon="-3.8533835">
	<ele>89.70</ele>
</trkpt>
<trkpt lat="48.5799491" lon="-3.8522491">
	<ele>88.80</ele>
</trkpt>
<trkpt lat="48.5812284" lon="-3.8515635">
	<ele>89.00</ele>
</trkpt>
<trkpt lat="48.5813534" lon="-3.8514480">
	<ele>88.90</ele>
</trkpt>
<trkpt lat="48.5817329" lon="-3.8512228">
	<ele>91.00</ele>
</trkpt>
<trkpt lat="48.5818667" lon="-3.8510797">
	<ele>92.80</ele>
</trkpt>
<trkpt lat="48.5834658" lon="-3.8501408">
	<ele>76.90</ele>
</trkpt>
<trkpt lat="48.5836105" lon="-3.8501979">
	<ele>76.90</ele>
</trkpt>
<trkpt lat="48.5854034" lon="-3.8490610">
	<ele>72.50</ele>
</trkpt>
<trkpt lat="48.5851004" lon="-3.8487424">
	<ele>66.60</ele>
</trkpt>
<trkpt lat="48.5848936" lon="-3.8486173">
	<ele>64.60</ele>
</trkpt>
<trkpt lat="48.5842074" lon="-3.8484757">
	<ele>60.80</ele>
</trkpt>
<trkpt lat="48.5839052" lon="-3.8482850">
	<ele>59.00</ele>
</trkpt>
<trkpt lat="48.5838297" lon="-3.8483091">
	<ele>59.00</ele>
</trkpt>
<trkpt lat="48.5837979" lon="-3.8482492">
	<ele>59.00</ele>
</trkpt>
<trkpt lat="48.5838053" lon="-3.8481835">
	<ele>59.00</ele>
</trkpt>
<trkpt lat="48.5833607" lon="-3.8478462">
	<ele>58.50</ele>
</trkpt>
<trkpt lat="48.5826900" lon="-3.8471227">
	<ele>56.40</ele>
</trkpt>
<trkpt lat="48.5824786" lon="-3.8469998">
	<ele>57.20</ele>
</trkpt>
<trkpt lat="48.5823629" lon="-3.8470173">
	<ele>58.10</ele>
</trkpt>
<trkpt lat="48.5822910" lon="-3.8469657">
	<ele>58.10</ele>
</trkpt>
<trkpt lat="48.5822221" lon="-3.8467825">
	<ele>56.70</ele>
</trkpt>
<trkpt lat="48.5822290" lon="-3.8466772">
	<ele>55.60</ele>
</trkpt>
<trkpt lat="48.5822968" lon="-3.8465351">
	<ele>55.60</ele>
</trkpt>
<trkpt lat="48.5825973" lon="-3.8464914">
	<ele>53.80</ele>
</trkpt>
<trkpt lat="48.5828225" lon="-3.8463454">
	<ele>51.50</ele>
</trkpt>
<trkpt lat="48.5853269" lon="-3.8437965">
	<ele>41.10</ele>
</trkpt>
<trkpt lat="48.5857108" lon="-3.8431989">
	<ele>40.50</ele>
</trkpt>
<trkpt lat="48.5858005" lon="-3.8430065">
	<ele>40.80</ele>
</trkpt>
<trkpt lat="48.5857658" lon="-3.8429652">
	<ele>40.80</ele>
</trkpt>
<trkpt lat="48.5857612" lon="-3.8428558">
	<ele>40.50</ele>
</trkpt>
<trkpt lat="48.5857897" lon="-3.8428024">
	<ele>40.50</ele>
</trkpt>
<trkpt lat="48.5858513" lon="-3.8427968">
	<ele>40.50</ele>
</trkpt>
<trkpt lat="48.5858702" lon="-3.8426740">
	<ele>40.50</ele>
</trkpt>
<trkpt lat="48.5858768" lon="-3.8419782">
	<ele>39.90</ele>
</trkpt>
<trkpt lat="48.5859471" lon="-3.8415260">
	<ele>39.30</ele>
</trkpt>
<trkpt lat="48.5866722" lon="-3.8393318">
	<ele>27.50</ele>
</trkpt>
<trkpt lat="48.5868818" lon="-3.8385304">
	<ele>20.00</ele>
</trkpt>
<trkpt lat="48.5869096" lon="-3.8382686">
	<ele>16.10</ele>
</trkpt>
<trkpt lat="48.5868587" lon="-3.8378659">
	<ele>4.30</ele>
</trkpt>
<trkpt lat="48.5868628" lon="-3.8376874">
	<ele>0.20</ele>
</trkpt>
<trkpt lat="48.5861117" lon="-3.8371339">
	<ele>0.50</ele>
</trkpt>
<trkpt lat="48.5855087" lon="-3.8370224">
	<ele>15.80</ele>
</trkpt>
<trkpt lat="48.5849717" lon="-3.8365630">
	<ele>15.70</ele>
</trkpt>
<trkpt lat="48.5848965" lon="-3.8366143">
	<ele>15.70</ele>
</trkpt>
<trkpt lat="48.5848598" lon="-3.8365619">
	<ele>16.70</ele>
</trkpt>
<trkpt lat="48.5848628" lon="-3.8364792">
	<ele>16.70</ele>
</trkpt>
<trkpt lat="48.5844468" lon="-3.8362071">
	<ele>17.20</ele>
</trkpt>
<trkpt lat="48.5843730" lon="-3.8361240">
	<ele>14.70</ele>
</trkpt>
<trkpt lat="48.5843198" lon="-3.8359766">
	<ele>16.80</ele>
</trkpt>
<trkpt lat="48.5842989" lon="-3.8352887">
	<ele>3.20</ele>
</trkpt>
<trkpt lat="48.5842346" lon="-3.8350586">
	<ele>2.70</ele>
</trkpt>
<trkpt lat="48.5817864" lon="-3.8329224">
	<ele>15.80</ele>
</trkpt>
<trkpt lat="48.5814932" lon="-3.8323221">
	<ele>16.40</ele>
</trkpt>
<trkpt lat="48.5814364" lon="-3.8321146">
	<ele>17.20</ele>
</trkpt>
<trkpt lat="48.5811851" lon="-3.8318382">
	<ele>18.30</ele>
</trkpt>
<trkpt lat="48.5805803" lon="-3.8309413">
	<ele>21.70</ele>
</trkpt>
<trkpt lat="48.5803504" lon="-3.8306690">
	<ele>22.00</ele>
</trkpt>
<trkpt lat="48.5800189" lon="-3.8303726">
	<ele>24.70</ele>
</trkpt>
<trkpt lat="48.5787673" lon="-3.8296062">
	<ele>31.30</ele>
</trkpt>
<trkpt lat="48.5778481" lon="-3.8287608">
	<ele>19.80</ele>
</trkpt>
<trkpt lat="48.5774866" lon="-3.8286401">
	<ele>19.20</ele>
</trkpt>
<trkpt lat="48.5772543" lon="-3.8284097">
	<ele>17.10</ele>
</trkpt>
<trkpt lat="48.5769757" lon="-3.8279937">
	<ele>16.00</ele>
</trkpt>
<trkpt lat="48.5770833" lon="-3.8276458">
	<ele>16.00</ele>
</trkpt>
<trkpt lat="48.5771790" lon="-3.8274895">
	<ele>16.60</ele>
</trkpt>
<trkpt lat="48.5775163" lon="-3.8271200">
	<ele>17.30</ele>
</trkpt>
<trkpt lat="48.5772527" lon="-3.8265685">
	<ele>18.60</ele>
</trkpt>
<trkpt lat="48.5772194" lon="-3.8265043">
	<ele>18.60</ele>
</trkpt>
<trkpt lat="48.5769958" lon="-3.8260124">
	<ele>18.70</ele>
</trkpt>
<trkpt lat="48.5767540" lon="-3.8255998">
	<ele>18.90</ele>
</trkpt>
<trkpt lat="48.5763200" lon="-3.8250452">
	<ele>19.40</ele>
</trkpt>
<trkpt lat="48.5755024" lon="-3.8216933">
	<ele>19.20</ele>
</trkpt>
<trkpt lat="48.5754616" lon="-3.8214744">
	<ele>19.50</ele>
</trkpt>
<trkpt lat="48.5755206" lon="-3.8213745">
	<ele>19.50</ele>
</trkpt>
<trkpt lat="48.5755145" lon="-3.8212621">
	<ele>20.20</ele>
</trkpt>
<trkpt lat="48.5752832" lon="-3.8207000">
	<ele>21.90</ele>
</trkpt>
<trkpt lat="48.5749980" lon="-3.8195811">
	<ele>28.80</ele>
</trkpt>
<trkpt lat="48.5748663" lon="-3.8181502">
	<ele>26.80</ele>
</trkpt>
<trkpt lat="48.5748213" lon="-3.8179416">
	<ele>25.30</ele>
</trkpt>
<trkpt lat="48.5752689" lon="-3.8173958">
	<ele>25.80</ele>
</trkpt>
<trkpt lat="48.5749938" lon="-3.8168253">
	<ele>24.40</ele>
</trkpt>
<trkpt lat="48.5749234" lon="-3.8165725">
	<ele>25.60</ele>
</trkpt>
<trkpt lat="48.5749242" lon="-3.8164651">
	<ele>26.90</ele>
</trkpt>
<trkpt lat="48.5743209" lon="-3.8159170">
	<ele>23.30</ele>
</trkpt>
<trkpt lat="48.5737442" lon="-3.8151738">
	<ele>21.10</ele>
</trkpt>
<trkpt lat="48.5735823" lon="-3.8149105">
	<ele>20.60</ele>
</trkpt>
<trkpt lat="48.5732984" lon="-3.8142435">
	<ele>20.70</ele>
</trkpt>
<trkpt lat="48.5731921" lon="-3.8140650">
	<ele>19.60</ele>
</trkpt>
<trkpt lat="48.5730527" lon="-3.8135217">
	<ele>19.30</ele>
</trkpt>
<trkpt lat="48.5728500" lon="-3.8128993">
	<ele>20.40</ele>
</trkpt>
<trkpt lat="48.5723724" lon="-3.8115623">
	<ele>24.30</ele>
</trkpt>
<trkpt lat="48.5719498" lon="-3.8099575">
	<ele>43.70</ele>
</trkpt>
<trkpt lat="48.5718328" lon="-3.8091703">
	<ele>54.40</ele>
</trkpt>
<trkpt lat="48.5715823" lon="-3.8086050">
	<ele>57.90</ele>
</trkpt>
<trkpt lat="48.5714434" lon="-3.8081150">
	<ele>57.20</ele>
</trkpt>
<trkpt lat="48.5713594" lon="-3.8076451">
	<ele>57.80</ele>
</trkpt>
<trkpt lat="48.5712920" lon="-3.8068955">
	<ele>53.30</ele>
</trkpt>
<trkpt lat="48.5713235" lon="-3.8054461">
	<ele>54.70</ele>
</trkpt>
<trkpt lat="48.5712949" lon="-3.8050449">
	<ele>46.60</ele>
</trkpt>
<trkpt lat="48.5711927" lon="-3.8044031">
	<ele>45.80</ele>
</trkpt>
<trkpt lat="48.5710600" lon="-3.8038450">
	<ele>44.90</ele>
</trkpt>
<trkpt lat="48.5709000" lon="-3.8033600">
	<ele>42.60</ele>
</trkpt>
<trkpt lat="48.5705022" lon="-3.8025961">
	<ele>37.60</ele>
</trkpt>
<trkpt lat="48.5703033" lon="-3.8023100">
	<ele>37.50</ele>
</trkpt>
<trkpt lat="48.5699667" lon="-3.8019844">
	<ele>38.30</ele>
</trkpt>
<trkpt lat="48.5669350" lon="-3.7996250">
	<ele>28.80</ele>
</trkpt>
<trkpt lat="48.5661738" lon="-3.7985884">
	<ele>27.60</ele>
</trkpt>
<trkpt lat="48.5660095" lon="-3.7985799">
	<ele>28.40</ele>
</trkpt>
<trkpt lat="48.5658893" lon="-3.7988303">
	<ele>28.40</ele>
</trkpt>
<trkpt lat="48.5650417" lon="-3.7983183">
	<ele>30.70</ele>
</trkpt>
<trkpt lat="48.5639466" lon="-3.7978832">
	<ele>29.40</ele>
</trkpt>
<trkpt lat="48.5628033" lon="-3.7975884">
	<ele>31.40</ele>
</trkpt>
<trkpt lat="48.5618234" lon="-3.7974217">
	<ele>34.50</ele>
</trkpt>
<trkpt lat="48.5614950" lon="-3.7973217">
	<ele>36.20</ele>
</trkpt>
<trkpt lat="48.5609783" lon="-3.7970500">
	<ele>37.70</ele>
</trkpt>
<trkpt lat="48.5607216" lon="-3.7968384">
	<ele>39.20</ele>
</trkpt>
<trkpt lat="48.5604800" lon="-3.7965750">
	<ele>39.00</ele>
</trkpt>
<trkpt lat="48.5600633" lon="-3.7959400">
	<ele>48.50</ele>
</trkpt>
<trkpt lat="48.5592148" lon="-3.7943452">
	<ele>47.10</ele>
</trkpt>
<trkpt lat="48.5588397" lon="-3.7937429">
	<ele>45.20</ele>
</trkpt>
<trkpt lat="48.5583105" lon="-3.7931811">
	<ele>44.80</ele>
</trkpt>
<trkpt lat="48.5573483" lon="-3.7922900">
	<ele>40.90</ele>
</trkpt>
<trkpt lat="48.5568018" lon="-3.7917003">
	<ele>44.40</ele>
</trkpt>
<trkpt lat="48.5562759" lon="-3.7908727">
	<ele>47.60</ele>
</trkpt>
<trkpt lat="48.5558050" lon="-3.7898183">
	<ele>53.20</ele>
</trkpt>
<trkpt lat="48.5556531" lon="-3.7894080">
	<ele>54.30</ele>
</trkpt>
<trkpt lat="48.5553387" lon="-3.7888402">
	<ele>54.00</ele>
</trkpt>
<trkpt lat="48.5548199" lon="-3.7880531">
	<ele>53.10</ele>
</trkpt>
<trkpt lat="48.5531645" lon="-3.7858063">
	<ele>51.70</ele>
</trkpt>
<trkpt lat="48.5527509" lon="-3.7851758">
	<ele>55.00</ele>
</trkpt>
<trkpt lat="48.5522241" lon="-3.7839627">
	<ele>60.70</ele>
</trkpt>
<trkpt lat="48.5516200" lon="-3.7820517">
	<ele>61.70</ele>
</trkpt>
<trkpt lat="48.5512600" lon="-3.7812484">
	<ele>65.80</ele>
</trkpt>
<trkpt lat="48.5507157" lon="-3.7804103">
	<ele>68.30</ele>
</trkpt>
<trkpt lat="48.5505129" lon="-3.7801538">
	<ele>68.80</ele>
</trkpt>
<trkpt lat="48.5497850" lon="-3.7793700">
	<ele>66.50</ele>
</trkpt>
<trkpt lat="48.5491385" lon="-3.7787618">
	<ele>68.10</ele>
</trkpt>
<trkpt lat="48.5486533" lon="-3.7782459">
	<ele>63.80</ele>
</trkpt>
<trkpt lat="48.5480734" lon="-3.7774467">
	<ele>65.80</ele>
</trkpt>
<trkpt lat="48.5475846" lon="-3.7766763">
	<ele>72.50</ele>
</trkpt>
<trkpt lat="48.5471884" lon="-3.7759594">
	<ele>82.20</ele>
</trkpt>
<trkpt lat="48.5468516" lon="-3.7752465">
	<ele>81.40</ele>
</trkpt>
<trkpt lat="48.5459349" lon="-3.7730194">
	<ele>90.90</ele>
</trkpt>
<trkpt lat="48.5457245" lon="-3.7726036">
	<ele>91.90</ele>
</trkpt>
<trkpt lat="48.5453532" lon="-3.7721202">
	<ele>93.60</ele>
</trkpt>
<trkpt lat="48.5423183" lon="-3.7700567">
	<ele>85.60</ele>
</trkpt>
<trkpt lat="48.5418905" lon="-3.7698803">
	<ele>86.20</ele>
</trkpt>
<trkpt lat="48.5418473" lon="-3.7697511">
	<ele>85.20</ele>
</trkpt>
<trkpt lat="48.5411897" lon="-3.7692679">
	<ele>87.60</ele>
</trkpt>
<trkpt lat="48.5409617" lon="-3.7689938">
	<ele>87.50</ele>
</trkpt>
<trkpt lat="48.5407771" lon="-3.7686881">
	<ele>88.10</ele>
</trkpt>
<trkpt lat="48.5406603" lon="-3.7684152">
	<ele>90.30</ele>
</trkpt>
<trkpt lat="48.5405087" lon="-3.7678334">
	<ele>93.20</ele>
</trkpt>
<trkpt lat="48.5403017" lon="-3.7666933">
	<ele>102.40</ele>
</trkpt>
<trkpt lat="48.5401133" lon="-3.7661234">
	<ele>98.20</ele>
</trkpt>
<trkpt lat="48.5399875" lon="-3.7658459">
	<ele>93.80</ele>
</trkpt>
<trkpt lat="48.5397095" lon="-3.7654430">
	<ele>86.10</ele>
</trkpt>
<trkpt lat="48.5393313" lon="-3.7651207">
	<ele>83.90</ele>
</trkpt>
<trkpt lat="48.5385866" lon="-3.7648434">
	<ele>84.00</ele>
</trkpt>
<trkpt lat="48.5374775" lon="-3.7646615">
	<ele>89.70</ele>
</trkpt>
<trkpt lat="48.5371683" lon="-3.7645350">
	<ele>89.80</ele>
</trkpt>
<trkpt lat="48.5367695" lon="-3.7642570">
	<ele>91.30</ele>
</trkpt>
<trkpt lat="48.5358683" lon="-3.7632317">
	<ele>93.00</ele>
</trkpt>
<trkpt lat="48.5355100" lon="-3.7629884">
	<ele>92.70</ele>
</trkpt>
<trkpt lat="48.5353117" lon="-3.7629117">
	<ele>90.30</ele>
</trkpt>
<trkpt lat="48.5350867" lon="-3.7628766">
	<ele>89.80</ele>
</trkpt>
<trkpt lat="48.5346383" lon="-3.7629483">
	<ele>91.70</ele>
</trkpt>
<trkpt lat="48.5332148" lon="-3.7636165">
	<ele>91.70</ele>
</trkpt>
<trkpt lat="48.5327236" lon="-3.7636979">
	<ele>91.70</ele>
</trkpt>
<trkpt lat="48.5325191" lon="-3.7636595">
	<ele>92.80</ele>
</trkpt>
<trkpt lat="48.5320633" lon="-3.7634400">
	<ele>92.90</ele>
</trkpt>
<trkpt lat="48.5310167" lon="-3.7625367">
	<ele>96.90</ele>
</trkpt>
<trkpt lat="48.5307683" lon="-3.7623633">
	<ele>97.40</ele>
</trkpt>
<trkpt lat="48.5305434" lon="-3.7622467">
	<ele>100.60</ele>
</trkpt>
<trkpt lat="48.5302650" lon="-3.7621667">
	<ele>101.30</ele>
</trkpt>
<trkpt lat="48.5300637" lon="-3.7621561">
	<ele>101.50</ele>
</trkpt>
<trkpt lat="48.5297933" lon="-3.7621917">
	<ele>101.80</ele>
</trkpt>
<trkpt lat="48.5293517" lon="-3.7623733">
	<ele>102.20</ele>
</trkpt>
<trkpt lat="48.5289718" lon="-3.7627561">
	<ele>103.80</ele>
</trkpt>
<trkpt lat="48.5281776" lon="-3.7638224">
	<ele>106.10</ele>
</trkpt>
<trkpt lat="48.5279367" lon="-3.7640833">
	<ele>107.10</ele>
</trkpt>
<trkpt lat="48.5275149" lon="-3.7644054">
	<ele>107.10</ele>
</trkpt>
<trkpt lat="48.5246700" lon="-3.7658717">
	<ele>110.30</ele>
</trkpt>
<trkpt lat="48.5241856" lon="-3.7660035">
	<ele>113.50</ele>
</trkpt>
<trkpt lat="48.5237801" lon="-3.7659625">
	<ele>115.20</ele>
</trkpt>
<trkpt lat="48.5232900" lon="-3.7656600">
	<ele>115.60</ele>
</trkpt>
<trkpt lat="48.5228266" lon="-3.7652417">
	<ele>117.00</ele>
</trkpt>
<trkpt lat="48.5225097" lon="-3.7651467">
	<ele>114.70</ele>
</trkpt>
<trkpt lat="48.5223926" lon="-3.7650632">
	<ele>113.50</ele>
</trkpt>
<trkpt lat="48.5206900" lon="-3.7636784">
	<ele>114.10</ele>
</trkpt>
<trkpt lat="48.5199467" lon="-3.7632622">
	<ele>114.80</ele>
</trkpt>
<trkpt lat="48.5195766" lon="-3.7631034">
	<ele>115.80</ele>
</trkpt>
<trkpt lat="48.5189900" lon="-3.7629533">
	<ele>116.90</ele>
</trkpt>
<trkpt lat="48.5170733" lon="-3.7627483">
	<ele>121.90</ele>
</trkpt>
<trkpt lat="48.5166017" lon="-3.7626383">
	<ele>122.10</ele>
</trkpt>
<trkpt lat="48.5161550" lon="-3.7624667">
	<ele>121.90</ele>
</trkpt>
<trkpt lat="48.5156884" lon="-3.7621983">
	<ele>121.70</ele>
</trkpt>
<trkpt lat="48.5151967" lon="-3.7618234">
	<ele>120.70</ele>
</trkpt>
<trkpt lat="48.5146684" lon="-3.7612717">
	<ele>120.30</ele>
</trkpt>
<trkpt lat="48.5125225" lon="-3.7588076">
	<ele>129.90</ele>
</trkpt>
<trkpt lat="48.5116317" lon="-3.7575867">
	<ele>131.60</ele>
</trkpt>
<trkpt lat="48.5112894" lon="-3.7572246">
	<ele>131.80</ele>
</trkpt>
<trkpt lat="48.5107810" lon="-3.7567958">
	<ele>133.60</ele>
</trkpt>
<trkpt lat="48.5102805" lon="-3.7564155">
	<ele>135.70</ele>
</trkpt>
<trkpt lat="48.5096006" lon="-3.7560897">
	<ele>137.40</ele>
</trkpt>
<trkpt lat="48.5077200" lon="-3.7552683">
	<ele>143.00</ele>
</trkpt>
<trkpt lat="48.5068294" lon="-3.7549591">
	<ele>144.70</ele>
</trkpt>
<trkpt lat="48.5064378" lon="-3.7548726">
	<ele>144.70</ele>
</trkpt>
<trkpt lat="48.5057794" lon="-3.7548560">
	<ele>143.50</ele>
</trkpt>
<trkpt lat="48.5050867" lon="-3.7549700">
	<ele>141.70</ele>
</trkpt>
<trkpt lat="48.5044695" lon="-3.7552310">
	<ele>139.80</ele>
</trkpt>
<trkpt lat="48.5020900" lon="-3.7565183">
	<ele>155.80</ele>
</trkpt>
<trkpt lat="48.5016921" lon="-3.7566975">
	<ele>157.30</ele>
</trkpt>
<trkpt lat="48.5010700" lon="-3.7568401">
	<ele>155.80</ele>
</trkpt>
<trkpt lat="48.5004397" lon="-3.7568342">
	<ele>157.70</ele>
</trkpt>
<trkpt lat="48.4984868" lon="-3.7565175">
	<ele>156.20</ele>
</trkpt>
<trkpt lat="48.4979583" lon="-3.7565283">
	<ele>149.50</ele>
</trkpt>
<trkpt lat="48.4971653" lon="-3.7566524">
	<ele>152.80</ele>
</trkpt>
<trkpt lat="48.4957407" lon="-3.7571191">
	<ele>157.80</ele>
</trkpt>
<trkpt lat="48.4950248" lon="-3.7573056">
	<ele>161.40</ele>
</trkpt>
<trkpt lat="48.4941377" lon="-3.7574377">
	<ele>162.20</ele>
</trkpt>
<trkpt lat="48.4935460" lon="-3.7573871">
	<ele>162.30</ele>
</trkpt>
<trkpt lat="48.4925746" lon="-3.7572080">
	<ele>167.50</ele>
</trkpt>
<trkpt lat="48.4912866" lon="-3.7568700">
	<ele>175.80</ele>
</trkpt>
<trkpt lat="48.4905393" lon="-3.7569050">
	<ele>175.10</ele>
</trkpt>
<trkpt lat="48.4901962" lon="-3.7569556">
	<ele>174.60</ele>
</trkpt>
<trkpt lat="48.4898630" lon="-3.7570679">
	<ele>174.80</ele>
</trkpt>
<trkpt lat="48.4892886" lon="-3.7573560">
	<ele>175.20</ele>
</trkpt>
<trkpt lat="48.4886566" lon="-3.7577850">
	<ele>180.00</ele>
</trkpt>
<trkpt lat="48.4879500" lon="-3.7583735">
	<ele>181.70</ele>
</trkpt>
<trkpt lat="48.4871518" lon="-3.7587967">
	<ele>182.00</ele>
</trkpt>
<trkpt lat="48.4866949" lon="-3.7589519">
	<ele>181.50</ele>
</trkpt>
<trkpt lat="48.4862614" lon="-3.7590331">
	<ele>182.10</ele>
</trkpt>
<trkpt lat="48.4853884" lon="-3.7589542">
	<ele>182.70</ele>
</trkpt>
<trkpt lat="48.4848163" lon="-3.7587654">
	<ele>181.80</ele>
</trkpt>
<trkpt lat="48.4844066" lon="-3.7585755">
	<ele>180.60</ele>
</trkpt>
<trkpt lat="48.4811828" lon="-3.7563590">
	<ele>191.70</ele>
</trkpt>
<trkpt lat="48.4808883" lon="-3.7561067">
	<ele>192.00</ele>
</trkpt>
<trkpt lat="48.4804400" lon="-3.7556384">
	<ele>192.90</ele>
</trkpt>
<trkpt lat="48.4800250" lon="-3.7550666">
	<ele>194.70</ele>
</trkpt>
<trkpt lat="48.4797617" lon="-3.7546317">
	<ele>194.40</ele>
</trkpt>
<trkpt lat="48.4787853" lon="-3.7525887">
	<ele>199.90</ele>
</trkpt>
<trkpt lat="48.4783827" lon="-3.7519389">
	<ele>201.40</ele>
</trkpt>
<trkpt lat="48.4781817" lon="-3.7516500">
	<ele>201.60</ele>
</trkpt>
<trkpt lat="48.4776812" lon="-3.7511356">
	<ele>200.40</ele>
</trkpt>
<trkpt lat="48.4773561" lon="-3.7508723">
	<ele>199.30</ele>
</trkpt>
<trkpt lat="48.4768833" lon="-3.7506000">
	<ele>197.80</ele>
</trkpt>
<trkpt lat="48.4758084" lon="-3.7501134">
	<ele>196.50</ele>
</trkpt>
<trkpt lat="48.4747783" lon="-3.7498612">
	<ele>206.10</ele>
</trkpt>
<trkpt lat="48.4741017" lon="-3.7498649">
	<ele>211.80</ele>
</trkpt>
<trkpt lat="48.4704300" lon="-3.7501367">
	<ele>214.20</ele>
</trkpt>
<trkpt lat="48.4699883" lon="-3.7501350">
	<ele>215.00</ele>
</trkpt>
<trkpt lat="48.4691932" lon="-3.7499463">
	<ele>215.60</ele>
</trkpt>
<trkpt lat="48.4688200" lon="-3.7497834">
	<ele>215.50</ele>
</trkpt>
<trkpt lat="48.4681693" lon="-3.7492918">
	<ele>215.50</ele>
</trkpt>
<trkpt lat="48.4660867" lon="-3.7467416">
	<ele>221.40</ele>
</trkpt>
<trkpt lat="48.4658517" lon="-3.7463150">
	<ele>222.70</ele>
</trkpt>
<trkpt lat="48.4656207" lon="-3.7457534">
	<ele>223.90</ele>
</trkpt>
<trkpt lat="48.4653070" lon="-3.7446181">
	<ele>224.40</ele>
</trkpt>
<trkpt lat="48.4651375" lon="-3.7433979">
	<ele>220.90</ele>
</trkpt>
<trkpt lat="48.4651192" lon="-3.7426800">
	<ele>219.40</ele>
</trkpt>
<trkpt lat="48.4651454" lon="-3.7420511">
	<ele>216.80</ele>
</trkpt>
<trkpt lat="48.4652042" lon="-3.7413891">
	<ele>214.40</ele>
</trkpt>
<trkpt lat="48.4653169" lon="-3.7406162">
	<ele>212.20</ele>
</trkpt>
<trkpt lat="48.4654339" lon="-3.7401054">
	<ele>212.20</ele>
</trkpt>
<trkpt lat="48.4662043" lon="-3.7374141">
	<ele>207.00</ele>
</trkpt>
<trkpt lat="48.4664744" lon="-3.7361929">
	<ele>206.50</ele>
</trkpt>
<trkpt lat="48.4666783" lon="-3.7347593">
	<ele>201.40</ele>
</trkpt>
<trkpt lat="48.4667672" lon="-3.7337994">
	<ele>200.40</ele>
</trkpt>
<trkpt lat="48.4668008" lon="-3.7320996">
	<ele>196.40</ele>
</trkpt>
<trkpt lat="48.4667448" lon="-3.7311354">
	<ele>194.20</ele>
</trkpt>
<trkpt lat="48.4666453" lon="-3.7301282">
	<ele>190.90</ele>
</trkpt>
<trkpt lat="48.4665122" lon="-3.7292088">
	<ele>189.30</ele>
</trkpt>
<trkpt lat="48.4662317" lon="-3.7277933">
	<ele>189.90</ele>
</trkpt>
<trkpt lat="48.4660641" lon="-3.7271367">
	<ele>190.80</ele>
</trkpt>
<trkpt lat="48.4650016" lon="-3.7234300">
	<ele>191.20</ele>
</trkpt>
<trkpt lat="48.4646983" lon="-3.7227983">
	<ele>184.70</ele>
</trkpt>
<trkpt lat="48.4642735" lon="-3.7222543">
	<ele>179.80</ele>
</trkpt>
<trkpt lat="48.4638410" lon="-3.7220121">
	<ele>177.80</ele>
</trkpt>
<trkpt lat="48.4632117" lon="-3.7219683">
	<ele>176.90</ele>
</trkpt>
<trkpt lat="48.4628983" lon="-3.7220600">
	<ele>176.70</ele>
</trkpt>
<trkpt lat="48.4625983" lon="-3.7222300">
	<ele>176.00</ele>
</trkpt>
<trkpt lat="48.4623917" lon="-3.7224000">
	<ele>176.20</ele>
</trkpt>
<trkpt lat="48.4611834" lon="-3.7237783">
	<ele>178.30</ele>
</trkpt>
<trkpt lat="48.4608866" lon="-3.7240600">
	<ele>178.10</ele>
</trkpt>
<trkpt lat="48.4605120" lon="-3.7243373">
	<ele>176.00</ele>
</trkpt>
<trkpt lat="48.4598718" lon="-3.7246428">
	<ele>169.90</ele>
</trkpt>
<trkpt lat="48.4595083" lon="-3.7247383">
	<ele>170.40</ele>
</trkpt>
<trkpt lat="48.4592075" lon="-3.7247557">
	<ele>170.80</ele>
</trkpt>
<trkpt lat="48.4577450" lon="-3.7246533">
	<ele>167.60</ele>
</trkpt>
<trkpt lat="48.4568750" lon="-3.7244967">
	<ele>165.30</ele>
</trkpt>
<trkpt lat="48.4562908" lon="-3.7242994">
	<ele>166.50</ele>
</trkpt>
<trkpt lat="48.4547247" lon="-3.7232538">
	<ele>162.90</ele>
</trkpt>
<trkpt lat="48.4543443" lon="-3.7230370">
	<ele>162.40</ele>
</trkpt>
<trkpt lat="48.4536785" lon="-3.7228480">
	<ele>162.60</ele>
</trkpt>
<trkpt lat="48.4532192" lon="-3.7228839">
	<ele>163.50</ele>
</trkpt>
<trkpt lat="48.4528264" lon="-3.7231123">
	<ele>164.40</ele>
</trkpt>
<trkpt lat="48.4526117" lon="-3.7232850">
	<ele>164.40</ele>
</trkpt>
<trkpt lat="48.4523566" lon="-3.7235716">
	<ele>162.60</ele>
</trkpt>
<trkpt lat="48.4510134" lon="-3.7255571">
	<ele>159.40</ele>
</trkpt>
<trkpt lat="48.4505667" lon="-3.7260600">
	<ele>158.30</ele>
</trkpt>
<trkpt lat="48.4502622" lon="-3.7262903">
	<ele>157.50</ele>
</trkpt>
<trkpt lat="48.4499472" lon="-3.7264114">
	<ele>157.60</ele>
</trkpt>
<trkpt lat="48.4492541" lon="-3.7264496">
	<ele>155.40</ele>
</trkpt>
<trkpt lat="48.4489245" lon="-3.7263523">
	<ele>154.30</ele>
</trkpt>
<trkpt lat="48.4486398" lon="-3.7261618">
	<ele>154.60</ele>
</trkpt>
<trkpt lat="48.4480262" lon="-3.7255078">
	<ele>156.30</ele>
</trkpt>
<trkpt lat="48.4472100" lon="-3.7245133">
	<ele>151.10</ele>
</trkpt>
<trkpt lat="48.4462466" lon="-3.7235033">
	<ele>148.70</ele>
</trkpt>
<trkpt lat="48.4458566" lon="-3.7232934">
	<ele>147.50</ele>
</trkpt>
<trkpt lat="48.4413450" lon="-3.7215450">
	<ele>141.90</ele>
</trkpt>
<trkpt lat="48.4407634" lon="-3.7214866">
	<ele>139.50</ele>
</trkpt>
<trkpt lat="48.4402017" lon="-3.7216250">
	<ele>140.50</ele>
</trkpt>
<trkpt lat="48.4399483" lon="-3.7217767">
	<ele>140.10</ele>
</trkpt>
<trkpt lat="48.4395221" lon="-3.7221431">
	<ele>143.00</ele>
</trkpt>
<trkpt lat="48.4390250" lon="-3.7228717">
	<ele>142.20</ele>
</trkpt>
<trkpt lat="48.4365400" lon="-3.7269467">
	<ele>137.30</ele>
</trkpt>
<trkpt lat="48.4359500" lon="-3.7278633">
	<ele>145.40</ele>
</trkpt>
<trkpt lat="48.4357250" lon="-3.7281183">
	<ele>141.60</ele>
</trkpt>
<trkpt lat="48.4352900" lon="-3.7284166">
	<ele>138.90</ele>
</trkpt>
<trkpt lat="48.4347650" lon="-3.7285633">
	<ele>140.30</ele>
</trkpt>
<trkpt lat="48.4345183" lon="-3.7285300">
	<ele>138.80</ele>
</trkpt>
<trkpt lat="48.4338635" lon="-3.7282671">
	<ele>135.00</ele>
</trkpt>
<trkpt lat="48.4331098" lon="-3.7278670">
	<ele>128.10</ele>
</trkpt>
<trkpt lat="48.4325136" lon="-3.7276182">
	<ele>130.00</ele>
</trkpt>
<trkpt lat="48.4319858" lon="-3.7275720">
	<ele>132.10</ele>
</trkpt>
<trkpt lat="48.4311369" lon="-3.7277556">
	<ele>132.40</ele>
</trkpt>
<trkpt lat="48.4307546" lon="-3.7277353">
	<ele>132.90</ele>
</trkpt>
<trkpt lat="48.4303686" lon="-3.7276337">
	<ele>132.00</ele>
</trkpt>
<trkpt lat="48.4300881" lon="-3.7275043">
	<ele>132.90</ele>
</trkpt>
<trkpt lat="48.4297474" lon="-3.7272775">
	<ele>131.80</ele>
</trkpt>
<trkpt lat="48.4276000" lon="-3.7252200">
	<ele>126.30</ele>
</trkpt>
<trkpt lat="48.4273283" lon="-3.7249500">
	<ele>127.10</ele>
</trkpt>
<trkpt lat="48.4271016" lon="-3.7246400">
	<ele>128.40</ele>
</trkpt>
<trkpt lat="48.4269299" lon="-3.7243059">
	<ele>130.30</ele>
</trkpt>
<trkpt lat="48.4267710" lon="-3.7238872">
	<ele>129.60</ele>
</trkpt>
<trkpt lat="48.4263667" lon="-3.7210809">
	<ele>132.00</ele>
</trkpt>
<trkpt lat="48.4262788" lon="-3.7207142">
	<ele>131.20</ele>
</trkpt>
<trkpt lat="48.4259685" lon="-3.7198687">
	<ele>132.90</ele>
</trkpt>
<trkpt lat="48.4257688" lon="-3.7194733">
	<ele>128.20</ele>
</trkpt>
<trkpt lat="48.4255527" lon="-3.7191136">
	<ele>126.50</ele>
</trkpt>
<trkpt lat="48.4251097" lon="-3.7185634">
	<ele>123.10</ele>
</trkpt>
<trkpt lat="48.4248766" lon="-3.7183557">
	<ele>122.20</ele>
</trkpt>
<trkpt lat="48.4243039" lon="-3.7180078">
	<ele>124.00</ele>
</trkpt>
<trkpt lat="48.4224030" lon="-3.7172600">
	<ele>129.10</ele>
</trkpt>
<trkpt lat="48.4200050" lon="-3.7164017">
	<ele>138.70</ele>
</trkpt>
<trkpt lat="48.4194962" lon="-3.7162811">
	<ele>137.70</ele>
</trkpt>
<trkpt lat="48.4192370" lon="-3.7162819">
	<ele>137.50</ele>
</trkpt>
<trkpt lat="48.4184457" lon="-3.7164174">
	<ele>133.30</ele>
</trkpt>
<trkpt lat="48.4181243" lon="-3.7164194">
	<ele>130.50</ele>
</trkpt>
<trkpt lat="48.4179324" lon="-3.7163697">
	<ele>129.40</ele>
</trkpt>
<trkpt lat="48.4175800" lon="-3.7161671">
	<ele>129.00</ele>
</trkpt>
<trkpt lat="48.4172334" lon="-3.7157667">
	<ele>125.90</ele>
</trkpt>
<trkpt lat="48.4170600" lon="-3.7154667">
	<ele>124.70</ele>
</trkpt>
<trkpt lat="48.4159204" lon="-3.7125250">
	<ele>126.60</ele>
</trkpt>
<trkpt lat="48.4156226" lon="-3.7118589">
	<ele>134.80</ele>
</trkpt>
<trkpt lat="48.4153625" lon="-3.7114326">
	<ele>132.10</ele>
</trkpt>
<trkpt lat="48.4145377" lon="-3.7103474">
	<ele>122.80</ele>
</trkpt>
<trkpt lat="48.4143509" lon="-3.7100400">
	<ele>126.00</ele>
</trkpt>
<trkpt lat="48.4141245" lon="-3.7095661">
	<ele>120.40</ele>
</trkpt>
<trkpt lat="48.4139792" lon="-3.7090128">
	<ele>125.50</ele>
</trkpt>
<trkpt lat="48.4135544" lon="-3.7062437">
	<ele>124.90</ele>
</trkpt>
<trkpt lat="48.4132707" lon="-3.7050107">
	<ele>120.30</ele>
</trkpt>
<trkpt lat="48.4130739" lon="-3.7043736">
	<ele>117.00</ele>
</trkpt>
<trkpt lat="48.4125454" lon="-3.7030322">
	<ele>121.10</ele>
</trkpt>
<trkpt lat="48.4118722" lon="-3.7011699">
	<ele>123.80</ele>
</trkpt>
<trkpt lat="48.4117705" lon="-3.7007058">
	<ele>126.10</ele>
</trkpt>
<trkpt lat="48.4114318" lon="-3.6996227">
	<ele>123.10</ele>
</trkpt>
<trkpt lat="48.4112954" lon="-3.6990795">
	<ele>124.60</ele>
</trkpt>
<trkpt lat="48.4104403" lon="-3.6966487">
	<ele>119.30</ele>
</trkpt>
<trkpt lat="48.4102775" lon="-3.6962978">
	<ele>120.10</ele>
</trkpt>
<trkpt lat="48.4100150" lon="-3.6959350">
	<ele>118.50</ele>
</trkpt>
<trkpt lat="48.4097750" lon="-3.6956750">
	<ele>119.50</ele>
</trkpt>
<trkpt lat="48.4083034" lon="-3.6945603">
	<ele>118.10</ele>
</trkpt>
<trkpt lat="48.4080344" lon="-3.6943322">
	<ele>117.90</ele>
</trkpt>
<trkpt lat="48.4077247" lon="-3.6939407">
	<ele>118.10</ele>
</trkpt>
<trkpt lat="48.4074202" lon="-3.6933244">
	<ele>119.20</ele>
</trkpt>
<trkpt lat="48.4073371" lon="-3.6929981">
	<ele>117.50</ele>
</trkpt>
<trkpt lat="48.4069183" lon="-3.6905904">
	<ele>115.30</ele>
</trkpt>
<trkpt lat="48.4066406" lon="-3.6899151">
	<ele>112.60</ele>
</trkpt>
<trkpt lat="48.4064912" lon="-3.6896861">
	<ele>110.90</ele>
</trkpt>
<trkpt lat="48.4061103" lon="-3.6892818">
	<ele>108.50</ele>
</trkpt>
<trkpt lat="48.4057087" lon="-3.6890338">
	<ele>105.70</ele>
</trkpt>
<trkpt lat="48.4043317" lon="-3.6888187">
	<ele>114.50</ele>
</trkpt>
<trkpt lat="48.4039912" lon="-3.6886928">
	<ele>114.50</ele>
</trkpt>
<trkpt lat="48.4022660" lon="-3.6876637">
	<ele>120.30</ele>
</trkpt>
<trkpt lat="48.4019198" lon="-3.6874979">
	<ele>124.40</ele>
</trkpt>
<trkpt lat="48.4015428" lon="-3.6873994">
	<ele>123.50</ele>
</trkpt>
<trkpt lat="48.4006006" lon="-3.6873312">
	<ele>117.20</ele>
</trkpt>
<trkpt lat="48.4001835" lon="-3.6871686">
	<ele>119.90</ele>
</trkpt>
<trkpt lat="48.3998251" lon="-3.6869149">
	<ele>118.10</ele>
</trkpt>
<trkpt lat="48.3989218" lon="-3.6860105">
	<ele>116.90</ele>
</trkpt>
<trkpt lat="48.3985063" lon="-3.6857136">
	<ele>116.60</ele>
</trkpt>
<trkpt lat="48.3968975" lon="-3.6850825">
	<ele>119.90</ele>
</trkpt>
<trkpt lat="48.3958191" lon="-3.6844549">
	<ele>113.60</ele>
</trkpt>
<trkpt lat="48.3953291" lon="-3.6842318">
	<ele>116.80</ele>
</trkpt>
<trkpt lat="48.3946852" lon="-3.6840608">
	<ele>113.30</ele>
</trkpt>
<trkpt lat="48.3942862" lon="-3.6840530">
	<ele>111.70</ele>
</trkpt>
<trkpt lat="48.3939653" lon="-3.6841183">
	<ele>111.00</ele>
</trkpt>
<trkpt lat="48.3918398" lon="-3.6850355">
	<ele>113.00</ele>
</trkpt>
<trkpt lat="48.3908817" lon="-3.6855189">
	<ele>115.20</ele>
</trkpt>
<trkpt lat="48.3902720" lon="-3.6860610">
	<ele>116.30</ele>
</trkpt>
<trkpt lat="48.3890829" lon="-3.6872179">
	<ele>110.80</ele>
</trkpt>
<trkpt lat="48.3881886" lon="-3.6879590">
	<ele>111.80</ele>
</trkpt>
<trkpt lat="48.3875597" lon="-3.6885703">
	<ele>112.80</ele>
</trkpt>
<trkpt lat="48.3872743" lon="-3.6887836">
	<ele>109.90</ele>
</trkpt>
<trkpt lat="48.3867396" lon="-3.6889450">
	<ele>105.80</ele>
</trkpt>
<trkpt lat="48.3863105" lon="-3.6889965">
	<ele>104.00</ele>
</trkpt>
<trkpt lat="48.3849815" lon="-3.6887725">
	<ele>101.90</ele>
</trkpt>
<trkpt lat="48.3849260" lon="-3.6888401">
	<ele>101.90</ele>
</trkpt>
<trkpt lat="48.3803881" lon="-3.6882816">
	<ele>95.80</ele>
</trkpt>
<trkpt lat="48.3800128" lon="-3.6881786">
	<ele>95.70</ele>
</trkpt>
<trkpt lat="48.3792466" lon="-3.6878133">
	<ele>96.20</ele>
</trkpt>
<trkpt lat="48.3739800" lon="-3.6850417">
	<ele>103.50</ele>
</trkpt>
<trkpt lat="48.3736345" lon="-3.6847933">
	<ele>101.90</ele>
</trkpt>
<trkpt lat="48.3734086" lon="-3.6845276">
	<ele>99.40</ele>
</trkpt>
<trkpt lat="48.3730766" lon="-3.6840167">
	<ele>97.00</ele>
</trkpt>
<trkpt lat="48.3726733" lon="-3.6831350">
	<ele>97.80</ele>
</trkpt>
<trkpt lat="48.3721425" lon="-3.6816201">
	<ele>93.90</ele>
</trkpt>
<trkpt lat="48.3718521" lon="-3.6810776">
	<ele>93.80</ele>
</trkpt>
<trkpt lat="48.3714575" lon="-3.6806530">
	<ele>95.30</ele>
</trkpt>
<trkpt lat="48.3710217" lon="-3.6804018">
	<ele>92.40</ele>
</trkpt>
<trkpt lat="48.3703830" lon="-3.6803893">
	<ele>87.10</ele>
</trkpt>
<trkpt lat="48.3701422" lon="-3.6804663">
	<ele>88.80</ele>
</trkpt>
<trkpt lat="48.3698837" lon="-3.6806073">
	<ele>89.50</ele>
</trkpt>
<trkpt lat="48.3696300" lon="-3.6808166">
	<ele>91.60</ele>
</trkpt>
<trkpt lat="48.3693666" lon="-3.6811300">
	<ele>93.20</ele>
</trkpt>
<trkpt lat="48.3679806" lon="-3.6830544">
	<ele>102.70</ele>
</trkpt>
<trkpt lat="48.3671660" lon="-3.6840262">
	<ele>101.90</ele>
</trkpt>
<trkpt lat="48.3668755" lon="-3.6842711">
	<ele>100.20</ele>
</trkpt>
<trkpt lat="48.3663433" lon="-3.6845934">
	<ele>99.70</ele>
</trkpt>
<trkpt lat="48.3634139" lon="-3.6859683">
	<ele>99.50</ele>
</trkpt>
<trkpt lat="48.3630352" lon="-3.6860987">
	<ele>102.70</ele>
</trkpt>
<trkpt lat="48.3627492" lon="-3.6861138">
	<ele>102.80</ele>
</trkpt>
<trkpt lat="48.3622031" lon="-3.6860378">
	<ele>99.50</ele>
</trkpt>
<trkpt lat="48.3611062" lon="-3.6857648">
	<ele>101.20</ele>
</trkpt>
<trkpt lat="48.3606083" lon="-3.6855960">
	<ele>106.00</ele>
</trkpt>
<trkpt lat="48.3599930" lon="-3.6853240">
	<ele>105.30</ele>
</trkpt>
<trkpt lat="48.3586998" lon="-3.6846970">
	<ele>99.60</ele>
</trkpt>
<trkpt lat="48.3581776" lon="-3.6842971">
	<ele>91.70</ele>
</trkpt>
<trkpt lat="48.3573300" lon="-3.6835460">
	<ele>89.10</ele>
</trkpt>
<trkpt lat="48.3568436" lon="-3.6832003">
	<ele>90.20</ele>
</trkpt>
<trkpt lat="48.3563408" lon="-3.6829922">
	<ele>88.20</ele>
</trkpt>
<trkpt lat="48.3561012" lon="-3.6829445">
	<ele>87.70</ele>
</trkpt>
<trkpt lat="48.3558491" lon="-3.6829166">
	<ele>87.60</ele>
</trkpt>
<trkpt lat="48.3553897" lon="-3.6829528">
	<ele>86.90</ele>
</trkpt>
<trkpt lat="48.3539981" lon="-3.6832789">
	<ele>87.10</ele>
</trkpt>
<trkpt lat="48.3535789" lon="-3.6834686">
	<ele>87.80</ele>
</trkpt>
<trkpt lat="48.3528359" lon="-3.6839847">
	<ele>87.10</ele>
</trkpt>
<trkpt lat="48.3525730" lon="-3.6840592">
	<ele>86.20</ele>
</trkpt>
<trkpt lat="48.3523533" lon="-3.6840350">
	<ele>86.10</ele>
</trkpt>
<trkpt lat="48.3518413" lon="-3.6837936">
	<ele>84.90</ele>
</trkpt>
<trkpt lat="48.3516718" lon="-3.6837720">
	<ele>84.90</ele>
</trkpt>
<trkpt lat="48.3512767" lon="-3.6838355">
	<ele>85.50</ele>
</trkpt>
<trkpt lat="48.3506641" lon="-3.6840595">
	<ele>89.60</ele>
</trkpt>
<trkpt lat="48.3499240" lon="-3.6842198">
	<ele>99.10</ele>
</trkpt>
<trkpt lat="48.3489760" lon="-3.6843392">
	<ele>97.20</ele>
</trkpt>
<trkpt lat="48.3486489" lon="-3.6843353">
	<ele>98.10</ele>
</trkpt>
<trkpt lat="48.3478295" lon="-3.6842292">
	<ele>103.20</ele>
</trkpt>
<trkpt lat="48.3473890" lon="-3.6841175">
	<ele>99.20</ele>
</trkpt>
<trkpt lat="48.3466183" lon="-3.6838474">
	<ele>103.80</ele>
</trkpt>
<trkpt lat="48.3460693" lon="-3.6835661">
	<ele>103.20</ele>
</trkpt>
<trkpt lat="48.3455761" lon="-3.6831198">
	<ele>103.00</ele>
</trkpt>
<trkpt lat="48.3448912" lon="-3.6823463">
	<ele>94.90</ele>
</trkpt>
<trkpt lat="48.3443727" lon="-3.6819453">
	<ele>92.80</ele>
</trkpt>
<trkpt lat="48.3442042" lon="-3.6818433">
	<ele>94.20</ele>
</trkpt>
<trkpt lat="48.3427385" lon="-3.6812737">
	<ele>95.80</ele>
</trkpt>
<trkpt lat="48.3424994" lon="-3.6811497">
	<ele>95.20</ele>
</trkpt>
<trkpt lat="48.3420700" lon="-3.6808425">
	<ele>94.20</ele>
</trkpt>
<trkpt lat="48.3418692" lon="-3.6806126">
	<ele>90.00</ele>
</trkpt>
<trkpt lat="48.3416835" lon="-3.6803059">
	<ele>87.00</ele>
</trkpt>
<trkpt lat="48.3414624" lon="-3.6797367">
	<ele>84.90</ele>
</trkpt>
<trkpt lat="48.3413200" lon="-3.6789900">
	<ele>88.40</ele>
</trkpt>
<trkpt lat="48.3411367" lon="-3.6775756">
	<ele>93.40</ele>
</trkpt>
<trkpt lat="48.3410854" lon="-3.6769346">
	<ele>98.70</ele>
</trkpt>
<trkpt lat="48.3410986" lon="-3.6766222">
	<ele>105.70</ele>
</trkpt>
<trkpt lat="48.3411454" lon="-3.6762581">
	<ele>107.00</ele>
</trkpt>
<trkpt lat="48.3413732" lon="-3.6755452">
	<ele>105.30</ele>
</trkpt>
<trkpt lat="48.3425657" lon="-3.6729763">
	<ele>99.80</ele>
</trkpt>
<trkpt lat="48.3426500" lon="-3.6726985">
	<ele>100.70</ele>
</trkpt>
<trkpt lat="48.3427407" lon="-3.6720992">
	<ele>100.50</ele>
</trkpt>
<trkpt lat="48.3427399" lon="-3.6703597">
	<ele>103.20</ele>
</trkpt>
<trkpt lat="48.3429250" lon="-3.6693850">
	<ele>102.60</ele>
</trkpt>
<trkpt lat="48.3430984" lon="-3.6687066">
	<ele>101.80</ele>
</trkpt>
<trkpt lat="48.3431674" lon="-3.6681600">
	<ele>102.00</ele>
</trkpt>
<trkpt lat="48.3431379" lon="-3.6674556">
	<ele>101.70</ele>
</trkpt>
<trkpt lat="48.3429442" lon="-3.6662951">
	<ele>105.90</ele>
</trkpt>
<trkpt lat="48.3428640" lon="-3.6655220">
	<ele>107.30</ele>
</trkpt>
<trkpt lat="48.3430428" lon="-3.6607763">
	<ele>110.40</ele>
</trkpt>
<trkpt lat="48.3430155" lon="-3.6601162">
	<ele>113.90</ele>
</trkpt>
<trkpt lat="48.3428967" lon="-3.6596380">
	<ele>117.30</ele>
</trkpt>
<trkpt lat="48.3422783" lon="-3.6576818">
	<ele>126.90</ele>
</trkpt>
<trkpt lat="48.3420788" lon="-3.6571101">
	<ele>129.00</ele>
</trkpt>
<trkpt lat="48.3418702" lon="-3.6566787">
	<ele>130.00</ele>
</trkpt>
<trkpt lat="48.3416575" lon="-3.6563830">
	<ele>130.50</ele>
</trkpt>
<trkpt lat="48.3413828" lon="-3.6561063">
	<ele>130.40</ele>
</trkpt>
<trkpt lat="48.3403415" lon="-3.6552756">
	<ele>130.00</ele>
</trkpt>
<trkpt lat="48.3401800" lon="-3.6551082">
	<ele>130.70</ele>
</trkpt>
<trkpt lat="48.3399200" lon="-3.6546560">
	<ele>129.90</ele>
</trkpt>
<trkpt lat="48.3397041" lon="-3.6541046">
	<ele>128.50</ele>
</trkpt>
<trkpt lat="48.3396033" lon="-3.6535767">
	<ele>127.90</ele>
</trkpt>
<trkpt lat="48.3395733" lon="-3.6530483">
	<ele>128.50</ele>
</trkpt>
<trkpt lat="48.3396403" lon="-3.6523058">
	<ele>129.60</ele>
</trkpt>
<trkpt lat="48.3399723" lon="-3.6503591">
	<ele>132.40</ele>
</trkpt>
<trkpt lat="48.3399991" lon="-3.6497963">
	<ele>133.20</ele>
</trkpt>
<trkpt lat="48.3399817" lon="-3.6494100">
	<ele>134.20</ele>
</trkpt>
<trkpt lat="48.3399055" lon="-3.6488643">
	<ele>135.90</ele>
</trkpt>
<trkpt lat="48.3398188" lon="-3.6485179">
	<ele>135.90</ele>
</trkpt>
<trkpt lat="48.3396208" lon="-3.6479625">
	<ele>137.30</ele>
</trkpt>
<trkpt lat="48.3392778" lon="-3.6473501">
	<ele>138.40</ele>
</trkpt>
<trkpt lat="48.3374833" lon="-3.6451222">
	<ele>143.50</ele>
</trkpt>
<trkpt lat="48.3371914" lon="-3.6446223">
	<ele>144.10</ele>
</trkpt>
<trkpt lat="48.3369663" lon="-3.6440521">
	<ele>144.00</ele>
</trkpt>
<trkpt lat="48.3368257" lon="-3.6434587">
	<ele>145.50</ele>
</trkpt>
<trkpt lat="48.3367649" lon="-3.6426895">
	<ele>145.90</ele>
</trkpt>
<trkpt lat="48.3369610" lon="-3.6396586">
	<ele>153.00</ele>
</trkpt>
<trkpt lat="48.3369586" lon="-3.6393789">
	<ele>154.00</ele>
</trkpt>
<trkpt lat="48.3368887" lon="-3.6387523">
	<ele>155.70</ele>
</trkpt>
<trkpt lat="48.3366999" lon="-3.6381058">
	<ele>157.00</ele>
</trkpt>
<trkpt lat="48.3361000" lon="-3.6366662">
	<ele>157.70</ele>
</trkpt>
<trkpt lat="48.3359006" lon="-3.6365905">
	<ele>156.30</ele>
</trkpt>
<trkpt lat="48.3357161" lon="-3.6362551">
	<ele>156.20</ele>
</trkpt>
<trkpt lat="48.3351359" lon="-3.6348461">
	<ele>156.60</ele>
</trkpt>
<trkpt lat="48.3350700" lon="-3.6344317">
	<ele>156.70</ele>
</trkpt>
<trkpt lat="48.3347688" lon="-3.6334352">
	<ele>157.10</ele>
</trkpt>
<trkpt lat="48.3338801" lon="-3.6312956">
	<ele>154.90</ele>
</trkpt>
<trkpt lat="48.3334266" lon="-3.6304133">
	<ele>157.40</ele>
</trkpt>
<trkpt lat="48.3325848" lon="-3.6294213">
	<ele>161.00</ele>
</trkpt>
<trkpt lat="48.3320788" lon="-3.6287529">
	<ele>161.90</ele>
</trkpt>
<trkpt lat="48.3317516" lon="-3.6281739">
	<ele>162.40</ele>
</trkpt>
<trkpt lat="48.3313267" lon="-3.6271488">
	<ele>160.40</ele>
</trkpt>
<trkpt lat="48.3311484" lon="-3.6265486">
	<ele>159.40</ele>
</trkpt>
<trkpt lat="48.3309760" lon="-3.6257879">
	<ele>159.80</ele>
</trkpt>
<trkpt lat="48.3305890" lon="-3.6228373">
	<ele>154.00</ele>
</trkpt>
<trkpt lat="48.3285034" lon="-3.6063000">
	<ele>152.50</ele>
</trkpt>
<trkpt lat="48.3284050" lon="-3.6057850">
	<ele>152.70</ele>
</trkpt>
<trkpt lat="48.3282233" lon="-3.6052416">
	<ele>154.60</ele>
</trkpt>
<trkpt lat="48.3281267" lon="-3.6050534">
	<ele>156.60</ele>
</trkpt>
<trkpt lat="48.3278117" lon="-3.6045816">
	<ele>158.30</ele>
</trkpt>
<trkpt lat="48.3275483" lon="-3.6043366">
	<ele>157.40</ele>
</trkpt>
<trkpt lat="48.3272517" lon="-3.6041783">
	<ele>158.30</ele>
</trkpt>
<trkpt lat="48.3264695" lon="-3.6039331">
	<ele>157.10</ele>
</trkpt>
<trkpt lat="48.3260054" lon="-3.6035595">
	<ele>155.60</ele>
</trkpt>
<trkpt lat="48.3257783" lon="-3.6033053">
	<ele>154.30</ele>
</trkpt>
<trkpt lat="48.3256486" lon="-3.6031287">
	<ele>154.30</ele>
</trkpt>
<trkpt lat="48.3253600" lon="-3.6023286">
	<ele>154.20</ele>
</trkpt>
<trkpt lat="48.3252566" lon="-3.6016950">
	<ele>153.70</ele>
</trkpt>
<trkpt lat="48.3250966" lon="-3.6009817">
	<ele>152.00</ele>
</trkpt>
<trkpt lat="48.3247118" lon="-3.6002483">
	<ele>148.20</ele>
</trkpt>
<trkpt lat="48.3235533" lon="-3.5987117">
	<ele>139.10</ele>
</trkpt>
<trkpt lat="48.3225959" lon="-3.5975432">
	<ele>131.20</ele>
</trkpt>
<trkpt lat="48.3222601" lon="-3.5971823">
	<ele>127.80</ele>
</trkpt>
<trkpt lat="48.3218597" lon="-3.5969099">
	<ele>125.40</ele>
</trkpt>
<trkpt lat="48.3212767" lon="-3.5967955">
	<ele>124.90</ele>
</trkpt>
<trkpt lat="48.3210600" lon="-3.5968383">
	<ele>125.20</ele>
</trkpt>
<trkpt lat="48.3207250" lon="-3.5969783">
	<ele>125.40</ele>
</trkpt>
<trkpt lat="48.3203617" lon="-3.5972750">
	<ele>126.40</ele>
</trkpt>
<trkpt lat="48.3182816" lon="-3.5992967">
	<ele>134.90</ele>
</trkpt>
<trkpt lat="48.3178450" lon="-3.5995983">
	<ele>133.90</ele>
</trkpt>
<trkpt lat="48.3173657" lon="-3.5998326">
	<ele>133.00</ele>
</trkpt>
<trkpt lat="48.3167611" lon="-3.5999082">
	<ele>130.70</ele>
</trkpt>
<trkpt lat="48.3164481" lon="-3.5998765">
	<ele>129.60</ele>
</trkpt>
<trkpt lat="48.3158712" lon="-3.5996392">
	<ele>129.30</ele>
</trkpt>
<trkpt lat="48.3153300" lon="-3.5991783">
	<ele>131.20</ele>
</trkpt>
<trkpt lat="48.3151165" lon="-3.5989535">
	<ele>132.50</ele>
</trkpt>
<trkpt lat="48.3149000" lon="-3.5986534">
	<ele>133.00</ele>
</trkpt>
<trkpt lat="48.3145733" lon="-3.5980334">
	<ele>133.00</ele>
</trkpt>
<trkpt lat="48.3143671" lon="-3.5974708">
	<ele>132.90</ele>
</trkpt>
<trkpt lat="48.3126283" lon="-3.5904200">
	<ele>131.80</ele>
</trkpt>
<trkpt lat="48.3119840" lon="-3.5879243">
	<ele>136.90</ele>
</trkpt>
<trkpt lat="48.3099436" lon="-3.5795359">
	<ele>133.20</ele>
</trkpt>
<trkpt lat="48.3096906" lon="-3.5785875">
	<ele>134.70</ele>
</trkpt>
<trkpt lat="48.3091552" lon="-3.5771347">
	<ele>135.10</ele>
</trkpt>
<trkpt lat="48.3085830" lon="-3.5757847">
	<ele>133.40</ele>
</trkpt>
<trkpt lat="48.3080450" lon="-3.5746217">
	<ele>130.10</ele>
</trkpt>
<trkpt lat="48.3072879" lon="-3.5730446">
	<ele>126.00</ele>
</trkpt>
<trkpt lat="48.3069150" lon="-3.5725883">
	<ele>124.60</ele>
</trkpt>
<trkpt lat="48.3066229" lon="-3.5723339">
	<ele>123.60</ele>
</trkpt>
<trkpt lat="48.3059800" lon="-3.5720350">
	<ele>122.10</ele>
</trkpt>
<trkpt lat="48.3049464" lon="-3.5720248">
	<ele>122.20</ele>
</trkpt>
<trkpt lat="48.3045100" lon="-3.5719567">
	<ele>121.80</ele>
</trkpt>
<trkpt lat="48.3040635" lon="-3.5717544">
	<ele>121.70</ele>
</trkpt>
<trkpt lat="48.3037518" lon="-3.5714279">
	<ele>122.30</ele>
</trkpt>
<trkpt lat="48.3034596" lon="-3.5709259">
	<ele>122.20</ele>
</trkpt>
<trkpt lat="48.3032000" lon="-3.5702266">
	<ele>121.20</ele>
</trkpt>
<trkpt lat="48.3022316" lon="-3.5665716">
	<ele>109.00</ele>
</trkpt>
<trkpt lat="48.3020316" lon="-3.5660683">
	<ele>106.50</ele>
</trkpt>
<trkpt lat="48.3016600" lon="-3.5653317">
	<ele>104.90</ele>
</trkpt>
<trkpt lat="48.2957517" lon="-3.5562700">
	<ele>91.40</ele>
</trkpt>
<trkpt lat="48.2956683" lon="-3.5561517">
	<ele>91.70</ele>
</trkpt>
<trkpt lat="48.2954200" lon="-3.5559483">
	<ele>92.50</ele>
</trkpt>
<trkpt lat="48.2949733" lon="-3.5553583">
	<ele>94.40</ele>
</trkpt>
<trkpt lat="48.2947416" lon="-3.5553250">
	<ele>94.50</ele>
</trkpt>
<trkpt lat="48.2945286" lon="-3.5546605">
	<ele>94.10</ele>
</trkpt>
<trkpt lat="48.2934239" lon="-3.5551908">
	<ele>93.20</ele>
</trkpt>
<trkpt lat="48.2930377" lon="-3.5554970">
	<ele>93.90</ele>
</trkpt>
<trkpt lat="48.2928224" lon="-3.5558626">
	<ele>94.00</ele>
</trkpt>
<trkpt lat="48.2927240" lon="-3.5559261">
	<ele>93.70</ele>
</trkpt>
<trkpt lat="48.2921659" lon="-3.5559295">
	<ele>94.00</ele>
</trkpt>
<trkpt lat="48.2906071" lon="-3.5566200">
	<ele>99.30</ele>
</trkpt>
<trkpt lat="48.2900752" lon="-3.5567850">
	<ele>98.70</ele>
</trkpt>
<trkpt lat="48.2893657" lon="-3.5571889">
	<ele>98.60</ele>
</trkpt>
<trkpt lat="48.2885600" lon="-3.5578461">
	<ele>100.10</ele>
</trkpt>
<trkpt lat="48.2884033" lon="-3.5580011">
	<ele>101.60</ele>
</trkpt>
<trkpt lat="48.2881072" lon="-3.5585215">
	<ele>103.40</ele>
</trkpt>
<trkpt lat="48.2880680" lon="-3.5587398">
	<ele>103.80</ele>
</trkpt>
<trkpt lat="48.2869549" lon="-3.5611902">
	<ele>113.50</ele>
</trkpt>
<trkpt lat="48.2865684" lon="-3.5617440">
	<ele>113.20</ele>
</trkpt>
<trkpt lat="48.2863348" lon="-3.5619827">
	<ele>113.70</ele>
</trkpt>
<trkpt lat="48.2861304" lon="-3.5621195">
	<ele>114.70</ele>
</trkpt>
<trkpt lat="48.2858893" lon="-3.5621841">
	<ele>115.70</ele>
</trkpt>
<trkpt lat="48.2848037" lon="-3.5619959">
	<ele>117.90</ele>
</trkpt>
<trkpt lat="48.2840679" lon="-3.5621435">
	<ele>118.40</ele>
</trkpt>
<trkpt lat="48.2840713" lon="-3.5618544">
	<ele>118.30</ele>
</trkpt>
<trkpt lat="48.2840179" lon="-3.5617748">
	<ele>118.40</ele>
</trkpt>
<trkpt lat="48.2839186" lon="-3.5617421">
	<ele>118.70</ele>
</trkpt>
<trkpt lat="48.2830206" lon="-3.5618815">
	<ele>120.70</ele>
</trkpt>
<trkpt lat="48.2821794" lon="-3.5618632">
	<ele>121.90</ele>
</trkpt>
<trkpt lat="48.2794368" lon="-3.5613694">
	<ele>132.20</ele>
</trkpt>
<trkpt lat="48.2793277" lon="-3.5614303">
	<ele>132.20</ele>
</trkpt>
<trkpt lat="48.2783140" lon="-3.5627104">
	<ele>133.00</ele>
</trkpt>
<trkpt lat="48.2779970" lon="-3.5629400">
	<ele>132.40</ele>
</trkpt>
<trkpt lat="48.2771997" lon="-3.5639469">
	<ele>131.40</ele>
</trkpt>
<trkpt lat="48.2770826" lon="-3.5640243">
	<ele>131.50</ele>
</trkpt>
<trkpt lat="48.2769743" lon="-3.5640080">
	<ele>131.50</ele>
</trkpt>
<trkpt lat="48.2770411" lon="-3.5639920">
	<ele>131.10</ele>
</trkpt>
<trkpt lat="48.2764695" lon="-3.5641461">
	<ele>130.60</ele>
</trkpt>
<trkpt lat="48.2760984" lon="-3.5643509">
	<ele>130.50</ele>
</trkpt>
<trkpt lat="48.2758489" lon="-3.5644293">
	<ele>129.70</ele>
</trkpt>
<trkpt lat="48.2755799" lon="-3.5644346">
	<ele>129.20</ele>
</trkpt>
<trkpt lat="48.2753720" lon="-3.5645384">
	<ele>128.40</ele>
</trkpt>
<trkpt lat="48.2752078" lon="-3.5645031">
	<ele>128.20</ele>
</trkpt>
<trkpt lat="48.2750091" lon="-3.5645865">
	<ele>127.30</ele>
</trkpt>
<trkpt lat="48.2749282" lon="-3.5646927">
	<ele>126.80</ele>
</trkpt>
<trkpt lat="48.2747562" lon="-3.5651067">
	<ele>125.70</ele>
</trkpt>
<trkpt lat="48.2747263" lon="-3.5658387">
	<ele>126.70</ele>
</trkpt>
<trkpt lat="48.2738896" lon="-3.5657229">
	<ele>123.50</ele>
</trkpt>
<trkpt lat="48.2731675" lon="-3.5653838">
	<ele>119.10</ele>
</trkpt>
<trkpt lat="48.2730292" lon="-3.5652333">
	<ele>119.30</ele>
</trkpt>
<trkpt lat="48.2736738" lon="-3.5622152">
	<ele>127.30</ele>
</trkpt>
<trkpt lat="48.2733255" lon="-3.5620338">
	<ele>125.50</ele>
</trkpt>
<trkpt lat="48.2732068" lon="-3.5618784">
	<ele>125.50</ele>
</trkpt>
<trkpt lat="48.2727926" lon="-3.5616779">
	<ele>122.90</ele>
</trkpt>
<trkpt lat="48.2727506" lon="-3.5617281">
	<ele>122.90</ele>
</trkpt>
<trkpt lat="48.2726004" lon="-3.5617513">
	<ele>122.00</ele>
</trkpt>
<trkpt lat="48.2720514" lon="-3.5617318">
	<ele>120.80</ele>
</trkpt>
<trkpt lat="48.2717658" lon="-3.5617628">
	<ele>120.70</ele>
</trkpt>
<trkpt lat="48.2713880" lon="-3.5619361">
	<ele>120.80</ele>
</trkpt>
<trkpt lat="48.2679997" lon="-3.5639357">
	<ele>121.40</ele>
</trkpt>
<trkpt lat="48.2677839" lon="-3.5641041">
	<ele>120.80</ele>
</trkpt>
<trkpt lat="48.2672897" lon="-3.5646908">
	<ele>120.80</ele>
</trkpt>
<trkpt lat="48.2668977" lon="-3.5653637">
	<ele>121.80</ele>
</trkpt>
<trkpt lat="48.2667527" lon="-3.5657671">
	<ele>121.80</ele>
</trkpt>
<trkpt lat="48.2664327" lon="-3.5669120">
	<ele>124.80</ele>
</trkpt>
<trkpt lat="48.2655514" lon="-3.5703774">
	<ele>128.50</ele>
</trkpt>
<trkpt lat="48.2651131" lon="-3.5717352">
	<ele>126.50</ele>
</trkpt>
<trkpt lat="48.2646609" lon="-3.5724429">
	<ele>124.70</ele>
</trkpt>
<trkpt lat="48.2602468" lon="-3.5780413">
	<ele>125.80</ele>
</trkpt>
<trkpt lat="48.2600373" lon="-3.5788403">
	<ele>125.00</ele>
</trkpt>
<trkpt lat="48.2599421" lon="-3.5793405">
	<ele>125.30</ele>
</trkpt>
<trkpt lat="48.2593654" lon="-3.5794014">
	<ele>126.50</ele>
</trkpt>
<trkpt lat="48.2593957" lon="-3.5790456">
	<ele>125.10</ele>
</trkpt>
<trkpt lat="48.2595117" lon="-3.5787116">
	<ele>125.00</ele>
</trkpt>
<trkpt lat="48.2595036" lon="-3.5786523">
	<ele>125.00</ele>
</trkpt>
<trkpt lat="48.2593431" lon="-3.5787258">
	<ele>125.20</ele>
</trkpt>
<trkpt lat="48.2589834" lon="-3.5787867">
	<ele>125.60</ele>
</trkpt>
<trkpt lat="48.2583568" lon="-3.5787236">
	<ele>125.90</ele>
</trkpt>
<trkpt lat="48.2580827" lon="-3.5786271">
	<ele>125.90</ele>
</trkpt>
<trkpt lat="48.2573133" lon="-3.5782083">
	<ele>123.70</ele>
</trkpt>
<trkpt lat="48.2566792" lon="-3.5780416">
	<ele>121.40</ele>
</trkpt>
<trkpt lat="48.2560209" lon="-3.5780988">
	<ele>116.40</ele>
</trkpt>
<trkpt lat="48.2556039" lon="-3.5782506">
	<ele>113.70</ele>
</trkpt>
<trkpt lat="48.2550255" lon="-3.5786762">
	<ele>110.80</ele>
</trkpt>
<trkpt lat="48.2524483" lon="-3.5809917">
	<ele>107.80</ele>
</trkpt>
<trkpt lat="48.2521010" lon="-3.5814354">
	<ele>105.70</ele>
</trkpt>
<trkpt lat="48.2512800" lon="-3.5827407">
	<ele>104.00</ele>
</trkpt>
<trkpt lat="48.2510096" lon="-3.5830373">
	<ele>103.60</ele>
</trkpt>
<trkpt lat="48.2505703" lon="-3.5834116">
	<ele>102.20</ele>
</trkpt>
<trkpt lat="48.2500446" lon="-3.5834831">
	<ele>100.10</ele>
</trkpt>
<trkpt lat="48.2496902" lon="-3.5834367">
	<ele>98.90</ele>
</trkpt>
<trkpt lat="48.2487489" lon="-3.5829927">
	<ele>95.20</ele>
</trkpt>
<trkpt lat="48.2484823" lon="-3.5829422">
	<ele>95.20</ele>
</trkpt>
<trkpt lat="48.2482279" lon="-3.5829533">
	<ele>94.80</ele>
</trkpt>
<trkpt lat="48.2477400" lon="-3.5831176">
	<ele>93.30</ele>
</trkpt>
<trkpt lat="48.2464517" lon="-3.5840850">
	<ele>94.10</ele>
</trkpt>
<trkpt lat="48.2462683" lon="-3.5842967">
	<ele>93.00</ele>
</trkpt>
<trkpt lat="48.2459632" lon="-3.5847964">
	<ele>89.00</ele>
</trkpt>
<trkpt lat="48.2454975" lon="-3.5857792">
	<ele>83.90</ele>
</trkpt>
<trkpt lat="48.2455421" lon="-3.5858194">
	<ele>83.90</ele>
</trkpt>
<trkpt lat="48.2455474" lon="-3.5859498">
	<ele>83.80</ele>
</trkpt>
<trkpt lat="48.2451846" lon="-3.5868858">
	<ele>82.60</ele>
</trkpt>
<trkpt lat="48.2450593" lon="-3.5867836">
	<ele>82.60</ele>
</trkpt>
<trkpt lat="48.2449686" lon="-3.5866128">
	<ele>82.20</ele>
</trkpt>
<trkpt lat="48.2447723" lon="-3.5858772">
	<ele>82.40</ele>
</trkpt>
<trkpt lat="48.2447710" lon="-3.5856405">
	<ele>82.30</ele>
</trkpt>
<trkpt lat="48.2448142" lon="-3.5852876">
	<ele>82.30</ele>
</trkpt>
<trkpt lat="48.2448835" lon="-3.5850651">
	<ele>81.70</ele>
</trkpt>
<trkpt lat="48.2450106" lon="-3.5848269">
	<ele>81.60</ele>
</trkpt>
<trkpt lat="48.2454410" lon="-3.5843942">
	<ele>83.60</ele>
</trkpt>
<trkpt lat="48.2477086" lon="-3.5823649">
	<ele>86.70</ele>
</trkpt>
<trkpt lat="48.2479124" lon="-3.5820308">
	<ele>83.40</ele>
</trkpt>
<trkpt lat="48.2480177" lon="-3.5817114">
	<ele>82.00</ele>
</trkpt>
<trkpt lat="48.2480823" lon="-3.5813964">
	<ele>82.00</ele>
</trkpt>
<trkpt lat="48.2481785" lon="-3.5803999">
	<ele>81.90</ele>
</trkpt>
<trkpt lat="48.2486880" lon="-3.5742411">
	<ele>84.10</ele>
</trkpt>
<trkpt lat="48.2490126" lon="-3.5707992">
	<ele>85.50</ele>
</trkpt>
<trkpt lat="48.2490696" lon="-3.5706184">
	<ele>86.10</ele>
</trkpt>
<trkpt lat="48.2492836" lon="-3.5702463">
	<ele>88.10</ele>
</trkpt>
<trkpt lat="48.2506278" lon="-3.5688393">
	<ele>99.80</ele>
</trkpt>
<trkpt lat="48.2508990" lon="-3.5684918">
	<ele>101.00</ele>
</trkpt>
<trkpt lat="48.2509686" lon="-3.5683451">
	<ele>105.90</ele>
</trkpt>
<trkpt lat="48.2511198" lon="-3.5678178">
	<ele>107.10</ele>
</trkpt>
<trkpt lat="48.2511443" lon="-3.5674261">
	<ele>104.00</ele>
</trkpt>
<trkpt lat="48.2510413" lon="-3.5635671">
	<ele>92.50</ele>
</trkpt>
<trkpt lat="48.2510909" lon="-3.5630650">
	<ele>91.50</ele>
</trkpt>
<trkpt lat="48.2522013" lon="-3.5604537">
	<ele>87.90</ele>
</trkpt>
<trkpt lat="48.2525911" lon="-3.5595654">
	<ele>87.90</ele>
</trkpt>
<trkpt lat="48.2526810" lon="-3.5594265">
	<ele>87.90</ele>
</trkpt>
<trkpt lat="48.2533803" lon="-3.5577129">
	<ele>88.30</ele>
</trkpt>
<trkpt lat="48.2544020" lon="-3.5553472">
	<ele>98.20</ele>
</trkpt>
<trkpt lat="48.2545793" lon="-3.5549015">
	<ele>101.10</ele>
</trkpt>
<trkpt lat="48.2546611" lon="-3.5545845">
	<ele>100.60</ele>
</trkpt>
<trkpt lat="48.2546693" lon="-3.5540961">
	<ele>99.90</ele>
</trkpt>
<trkpt lat="48.2545807" lon="-3.5535457">
	<ele>100.00</ele>
</trkpt>
<trkpt lat="48.2537207" lon="-3.5496842">
	<ele>96.90</ele>
</trkpt>
<trkpt lat="48.2536981" lon="-3.5494907">
	<ele>96.90</ele>
</trkpt>
<trkpt lat="48.2533219" lon="-3.5407793">
	<ele>97.20</ele>
</trkpt>
<trkpt lat="48.2533260" lon="-3.5402810">
	<ele>97.50</ele>
</trkpt>
<trkpt lat="48.2533832" lon="-3.5400474">
	<ele>97.70</ele>
</trkpt>
<trkpt lat="48.2535122" lon="-3.5397404">
	<ele>97.90</ele>
</trkpt>
<trkpt lat="48.2538069" lon="-3.5393092">
	<ele>98.30</ele>
</trkpt>
<trkpt lat="48.2555536" lon="-3.5370333">
	<ele>96.90</ele>
</trkpt>
<trkpt lat="48.2556384" lon="-3.5369060">
	<ele>98.20</ele>
</trkpt>
<trkpt lat="48.2558108" lon="-3.5364826">
	<ele>100.00</ele>
</trkpt>
<trkpt lat="48.2558633" lon="-3.5362687">
	<ele>100.00</ele>
</trkpt>
<trkpt lat="48.2560803" lon="-3.5339000">
	<ele>102.30</ele>
</trkpt>
<trkpt lat="48.2561856" lon="-3.5325840">
	<ele>103.90</ele>
</trkpt>
<trkpt lat="48.2561780" lon="-3.5322816">
	<ele>104.30</ele>
</trkpt>
<trkpt lat="48.2560365" lon="-3.5317057">
	<ele>103.80</ele>
</trkpt>
<trkpt lat="48.2558725" lon="-3.5313743">
	<ele>105.00</ele>
</trkpt>
<trkpt lat="48.2556802" lon="-3.5311464">
	<ele>103.30</ele>
</trkpt>
<trkpt lat="48.2530069" lon="-3.5295802">
	<ele>102.10</ele>
</trkpt>
<trkpt lat="48.2527719" lon="-3.5293739">
	<ele>103.60</ele>
</trkpt>
<trkpt lat="48.2526103" lon="-3.5291294">
	<ele>104.00</ele>
</trkpt>
<trkpt lat="48.2525083" lon="-3.5288329">
	<ele>103.50</ele>
</trkpt>
<trkpt lat="48.2524675" lon="-3.5285601">
	<ele>104.00</ele>
</trkpt>
<trkpt lat="48.2524938" lon="-3.5280997">
	<ele>104.50</ele>
</trkpt>
<trkpt lat="48.2525459" lon="-3.5279102">
	<ele>104.50</ele>
</trkpt>
<trkpt lat="48.2526768" lon="-3.5276331">
	<ele>106.30</ele>
</trkpt>
<trkpt lat="48.2529282" lon="-3.5273479">
	<ele>109.90</ele>
</trkpt>
<trkpt lat="48.2564974" lon="-3.5251895">
	<ele>116.90</ele>
</trkpt>
<trkpt lat="48.2570808" lon="-3.5247927">
	<ele>117.10</ele>
</trkpt>
<trkpt lat="48.2571971" lon="-3.5245367">
	<ele>113.90</ele>
</trkpt>
<trkpt lat="48.2571714" lon="-3.5242159">
	<ele>111.00</ele>
</trkpt>
<trkpt lat="48.2570543" lon="-3.5240175">
	<ele>109.10</ele>
</trkpt>
<trkpt lat="48.2554200" lon="-3.5224832">
	<ele>109.60</ele>
</trkpt>
<trkpt lat="48.2553609" lon="-3.5223284">
	<ele>110.60</ele>
</trkpt>
<trkpt lat="48.2552796" lon="-3.5216773">
	<ele>109.60</ele>
</trkpt>
<trkpt lat="48.2570144" lon="-3.5148686">
	<ele>105.40</ele>
</trkpt>
<trkpt lat="48.2571285" lon="-3.5142378">
	<ele>106.90</ele>
</trkpt>
<trkpt lat="48.2571286" lon="-3.5139656">
	<ele>107.30</ele>
</trkpt>
<trkpt lat="48.2570404" lon="-3.5134762">
	<ele>108.10</ele>
</trkpt>
<trkpt lat="48.2562717" lon="-3.5104700">
	<ele>107.00</ele>
</trkpt>
<trkpt lat="48.2556984" lon="-3.5080841">
	<ele>107.50</ele>
</trkpt>
<trkpt lat="48.2556509" lon="-3.5077525">
	<ele>107.90</ele>
</trkpt>
<trkpt lat="48.2556696" lon="-3.5075210">
	<ele>108.40</ele>
</trkpt>
<trkpt lat="48.2557733" lon="-3.5071382">
	<ele>109.00</ele>
</trkpt>
<trkpt lat="48.2567728" lon="-3.5053408">
	<ele>116.30</ele>
</trkpt>
<trkpt lat="48.2570349" lon="-3.5048054">
	<ele>119.00</ele>
</trkpt>
<trkpt lat="48.2571717" lon="-3.5043597">
	<ele>117.60</ele>
</trkpt>
<trkpt lat="48.2572081" lon="-3.5037744">
	<ele>116.40</ele>
</trkpt>
<trkpt lat="48.2571860" lon="-3.5035739">
	<ele>115.80</ele>
</trkpt>
<trkpt lat="48.2570883" lon="-3.5031918">
	<ele>115.40</ele>
</trkpt>
<trkpt lat="48.2563994" lon="-3.5008830">
	<ele>113.10</ele>
</trkpt>
<trkpt lat="48.2562578" lon="-3.5004882">
	<ele>114.80</ele>
</trkpt>
<trkpt lat="48.2561228" lon="-3.5002550">
	<ele>116.10</ele>
</trkpt>
<trkpt lat="48.2558854" lon="-3.5000012">
	<ele>116.40</ele>
</trkpt>
<trkpt lat="48.2538684" lon="-3.4985593">
	<ele>120.00</ele>
</trkpt>
<trkpt lat="48.2535945" lon="-3.4982720">
	<ele>119.10</ele>
</trkpt>
<trkpt lat="48.2535189" lon="-3.4981522">
	<ele>120.10</ele>
</trkpt>
<trkpt lat="48.2534161" lon="-3.4978701">
	<ele>120.00</ele>
</trkpt>
<trkpt lat="48.2533724" lon="-3.4975636">
	<ele>121.40</ele>
</trkpt>
<trkpt lat="48.2533712" lon="-3.4972773">
	<ele>122.40</ele>
</trkpt>
<trkpt lat="48.2535176" lon="-3.4961800">
	<ele>126.50</ele>
</trkpt>
<trkpt lat="48.2535795" lon="-3.4950794">
	<ele>124.00</ele>
</trkpt>
<trkpt lat="48.2537252" lon="-3.4938490">
	<ele>122.40</ele>
</trkpt>
<trkpt lat="48.2537536" lon="-3.4933804">
	<ele>120.10</ele>
</trkpt>
<trkpt lat="48.2535006" lon="-3.4907784">
	<ele>116.50</ele>
</trkpt>
<trkpt lat="48.2532228" lon="-3.4883810">
	<ele>115.70</ele>
</trkpt>
<trkpt lat="48.2531918" lon="-3.4877574">
	<ele>115.40</ele>
</trkpt>
<trkpt lat="48.2532406" lon="-3.4873143">
	<ele>115.00</ele>
</trkpt>
<trkpt lat="48.2533612" lon="-3.4869858">
	<ele>116.50</ele>
</trkpt>
<trkpt lat="48.2552664" lon="-3.4847259">
	<ele>127.70</ele>
</trkpt>
<trkpt lat="48.2554594" lon="-3.4843126">
	<ele>129.10</ele>
</trkpt>
<trkpt lat="48.2555543" lon="-3.4838545">
	<ele>127.40</ele>
</trkpt>
<trkpt lat="48.2555265" lon="-3.4833750">
	<ele>126.40</ele>
</trkpt>
<trkpt lat="48.2554675" lon="-3.4830637">
	<ele>126.30</ele>
</trkpt>
<trkpt lat="48.2547893" lon="-3.4802398">
	<ele>118.10</ele>
</trkpt>
<trkpt lat="48.2547592" lon="-3.4800756">
	<ele>117.80</ele>
</trkpt>
<trkpt lat="48.2547591" lon="-3.4797848">
	<ele>117.70</ele>
</trkpt>
<trkpt lat="48.2549430" lon="-3.4789916">
	<ele>119.00</ele>
</trkpt>
<trkpt lat="48.2566993" lon="-3.4736830">
	<ele>120.40</ele>
</trkpt>
<trkpt lat="48.2567724" lon="-3.4732905">
	<ele>121.20</ele>
</trkpt>
<trkpt lat="48.2567347" lon="-3.4726754">
	<ele>121.80</ele>
</trkpt>
<trkpt lat="48.2561290" lon="-3.4693816">
	<ele>120.70</ele>
</trkpt>
<trkpt lat="48.2558634" lon="-3.4677327">
	<ele>121.20</ele>
</trkpt>
<trkpt lat="48.2559295" lon="-3.4672312">
	<ele>121.90</ele>
</trkpt>
<trkpt lat="48.2567158" lon="-3.4647784">
	<ele>129.30</ele>
</trkpt>
<trkpt lat="48.2567755" lon="-3.4643443">
	<ele>129.10</ele>
</trkpt>
<trkpt lat="48.2567741" lon="-3.4641430">
	<ele>128.90</ele>
</trkpt>
<trkpt lat="48.2567234" lon="-3.4637662">
	<ele>128.70</ele>
</trkpt>
<trkpt lat="48.2566713" lon="-3.4635887">
	<ele>126.60</ele>
</trkpt>
<trkpt lat="48.2564986" lon="-3.4632154">
	<ele>126.40</ele>
</trkpt>
<trkpt lat="48.2563765" lon="-3.4630534">
	<ele>127.30</ele>
</trkpt>
<trkpt lat="48.2562531" lon="-3.4629361">
	<ele>128.10</ele>
</trkpt>
<trkpt lat="48.2556775" lon="-3.4625862">
	<ele>129.70</ele>
</trkpt>
<trkpt lat="48.2547814" lon="-3.4619488">
	<ele>129.70</ele>
</trkpt>
<trkpt lat="48.2533541" lon="-3.4608999">
	<ele>126.40</ele>
</trkpt>
<trkpt lat="48.2528939" lon="-3.4604701">
	<ele>126.10</ele>
</trkpt>
<trkpt lat="48.2525317" lon="-3.4600016">
	<ele>125.80</ele>
</trkpt>
<trkpt lat="48.2522059" lon="-3.4594675">
	<ele>126.10</ele>
</trkpt>
<trkpt lat="48.2520612" lon="-3.4591545">
	<ele>126.60</ele>
</trkpt>
<trkpt lat="48.2517419" lon="-3.4582779">
	<ele>127.90</ele>
</trkpt>
<trkpt lat="48.2516656" lon="-3.4579616">
	<ele>128.50</ele>
</trkpt>
<trkpt lat="48.2515530" lon="-3.4572284">
	<ele>129.30</ele>
</trkpt>
<trkpt lat="48.2515147" lon="-3.4564571">
	<ele>131.30</ele>
</trkpt>
<trkpt lat="48.2515286" lon="-3.4543939">
	<ele>134.60</ele>
</trkpt>
<trkpt lat="48.2516307" lon="-3.4521518">
	<ele>135.90</ele>
</trkpt>
<trkpt lat="48.2517207" lon="-3.4517951">
	<ele>136.70</ele>
</trkpt>
<trkpt lat="48.2517803" lon="-3.4516749">
	<ele>136.70</ele>
</trkpt>
<trkpt lat="48.2520174" lon="-3.4513701">
	<ele>138.10</ele>
</trkpt>
<trkpt lat="48.2522537" lon="-3.4511441">
	<ele>136.90</ele>
</trkpt>
<trkpt lat="48.2557091" lon="-3.4482421">
	<ele>134.90</ele>
</trkpt>
<trkpt lat="48.2558893" lon="-3.4480671">
	<ele>134.80</ele>
</trkpt>
<trkpt lat="48.2561000" lon="-3.4476681">
	<ele>134.60</ele>
</trkpt>
<trkpt lat="48.2562025" lon="-3.4472850">
	<ele>134.10</ele>
</trkpt>
<trkpt lat="48.2562264" lon="-3.4466519">
	<ele>134.10</ele>
</trkpt>
<trkpt lat="48.2560608" lon="-3.4425657">
	<ele>134.90</ele>
</trkpt>
<trkpt lat="48.2560101" lon="-3.4422740">
	<ele>135.00</ele>
</trkpt>
<trkpt lat="48.2558580" lon="-3.4418798">
	<ele>135.20</ele>
</trkpt>
<trkpt lat="48.2513018" lon="-3.4322138">
	<ele>145.10</ele>
</trkpt>
<trkpt lat="48.2511129" lon="-3.4320229">
	<ele>145.30</ele>
</trkpt>
<trkpt lat="48.2483127" lon="-3.4301512">
	<ele>146.90</ele>
</trkpt>
<trkpt lat="48.2480920" lon="-3.4299970">
	<ele>146.90</ele>
</trkpt>
<trkpt lat="48.2479606" lon="-3.4298526">
	<ele>147.00</ele>
</trkpt>
<trkpt lat="48.2477607" lon="-3.4294672">
	<ele>147.30</ele>
</trkpt>
<trkpt lat="48.2462579" lon="-3.4255703">
	<ele>153.50</ele>
</trkpt>
<trkpt lat="48.2459453" lon="-3.4248262">
	<ele>153.90</ele>
</trkpt>
<trkpt lat="48.2458028" lon="-3.4246358">
	<ele>153.10</ele>
</trkpt>
<trkpt lat="48.2456082" lon="-3.4244550">
	<ele>152.00</ele>
</trkpt>
<trkpt lat="48.2454265" lon="-3.4243470">
	<ele>151.50</ele>
</trkpt>
<trkpt lat="48.2448632" lon="-3.4243980">
	<ele>150.80</ele>
</trkpt>
<trkpt lat="48.2425778" lon="-3.4248116">
	<ele>154.70</ele>
</trkpt>
<trkpt lat="48.2420765" lon="-3.4248818">
	<ele>155.10</ele>
</trkpt>
<trkpt lat="48.2418847" lon="-3.4248545">
	<ele>155.10</ele>
</trkpt>
<trkpt lat="48.2384339" lon="-3.4226831">
	<ele>160.50</ele>
</trkpt>
<trkpt lat="48.2381139" lon="-3.4224470">
	<ele>161.70</ele>
</trkpt>
<trkpt lat="48.2379462" lon="-3.4222028">
	<ele>162.60</ele>
</trkpt>
<trkpt lat="48.2378406" lon="-3.4218913">
	<ele>163.20</ele>
</trkpt>
<trkpt lat="48.2371161" lon="-3.4175381">
	<ele>170.50</ele>
</trkpt>
<trkpt lat="48.2370041" lon="-3.4171687">
	<ele>170.80</ele>
</trkpt>
<trkpt lat="48.2368066" lon="-3.4168130">
	<ele>171.20</ele>
</trkpt>
<trkpt lat="48.2365921" lon="-3.4165529">
	<ele>170.80</ele>
</trkpt>
<trkpt lat="48.2360588" lon="-3.4160321">
	<ele>169.30</ele>
</trkpt>
<trkpt lat="48.2326673" lon="-3.4129868">
	<ele>180.30</ele>
</trkpt>
<trkpt lat="48.2325652" lon="-3.4128350">
	<ele>180.30</ele>
</trkpt>
<trkpt lat="48.2323185" lon="-3.4123055">
	<ele>181.40</ele>
</trkpt>
<trkpt lat="48.2305514" lon="-3.4082700">
	<ele>189.10</ele>
</trkpt>
<trkpt lat="48.2304900" lon="-3.4080469">
	<ele>191.30</ele>
</trkpt>
<trkpt lat="48.2304911" lon="-3.4077935">
	<ele>193.20</ele>
</trkpt>
<trkpt lat="48.2305706" lon="-3.4074126">
	<ele>196.30</ele>
</trkpt>
<trkpt lat="48.2307509" lon="-3.4070846">
	<ele>197.60</ele>
</trkpt>
<trkpt lat="48.2313383" lon="-3.4063094">
	<ele>200.90</ele>
</trkpt>
<trkpt lat="48.2320492" lon="-3.4051629">
	<ele>206.00</ele>
</trkpt>
<trkpt lat="48.2323344" lon="-3.4045912">
	<ele>206.40</ele>
</trkpt>
<trkpt lat="48.2340517" lon="-3.4018294">
	<ele>209.00</ele>
</trkpt>
<trkpt lat="48.2345480" lon="-3.4006763">
	<ele>209.60</ele>
</trkpt>
<trkpt lat="48.2349222" lon="-3.3999311">
	<ele>206.80</ele>
</trkpt>
<trkpt lat="48.2364907" lon="-3.3965135">
	<ele>204.50</ele>
</trkpt>
<trkpt lat="48.2367861" lon="-3.3959413">
	<ele>204.40</ele>
</trkpt>
<trkpt lat="48.2394705" lon="-3.3899930">
	<ele>202.30</ele>
</trkpt>
<trkpt lat="48.2396459" lon="-3.3894029">
	<ele>201.80</ele>
</trkpt>
<trkpt lat="48.2397256" lon="-3.3890174">
	<ele>201.70</ele>
</trkpt>
<trkpt lat="48.2397724" lon="-3.3885880">
	<ele>201.80</ele>
</trkpt>
<trkpt lat="48.2404230" lon="-3.3801705">
	<ele>192.40</ele>
</trkpt>
<trkpt lat="48.2404113" lon="-3.3799218">
	<ele>192.40</ele>
</trkpt>
<trkpt lat="48.2403059" lon="-3.3796274">
	<ele>193.50</ele>
</trkpt>
<trkpt lat="48.2401845" lon="-3.3794255">
	<ele>193.50</ele>
</trkpt>
<trkpt lat="48.2389484" lon="-3.3780198">
	<ele>194.60</ele>
</trkpt>
<trkpt lat="48.2388120" lon="-3.3778101">
	<ele>194.10</ele>
</trkpt>
<trkpt lat="48.2386624" lon="-3.3774243">
	<ele>191.90</ele>
</trkpt>
<trkpt lat="48.2383531" lon="-3.3764567">
	<ele>189.70</ele>
</trkpt>
<trkpt lat="48.2382939" lon="-3.3761889">
	<ele>189.40</ele>
</trkpt>
<trkpt lat="48.2381873" lon="-3.3754507">
	<ele>188.60</ele>
</trkpt>
<trkpt lat="48.2379289" lon="-3.3731173">
	<ele>188.30</ele>
</trkpt>
<trkpt lat="48.2375546" lon="-3.3721906">
	<ele>187.60</ele>
</trkpt>
<trkpt lat="48.2374462" lon="-3.3720613">
	<ele>187.80</ele>
</trkpt>
<trkpt lat="48.2371357" lon="-3.3720971">
	<ele>188.50</ele>
</trkpt>
<trkpt lat="48.2356403" lon="-3.3720285">
	<ele>191.80</ele>
</trkpt>
<trkpt lat="48.2354699" lon="-3.3720733">
	<ele>193.50</ele>
</trkpt>
<trkpt lat="48.2353230" lon="-3.3721826">
	<ele>188.60</ele>
</trkpt>
<trkpt lat="48.2349847" lon="-3.3725771">
	<ele>187.80</ele>
</trkpt>
<trkpt lat="48.2347567" lon="-3.3727409">
	<ele>187.70</ele>
</trkpt>
<trkpt lat="48.2333737" lon="-3.3728484">
	<ele>193.70</ele>
</trkpt>
<trkpt lat="48.2331405" lon="-3.3727998">
	<ele>191.10</ele>
</trkpt>
<trkpt lat="48.2329377" lon="-3.3726602">
	<ele>188.60</ele>
</trkpt>
<trkpt lat="48.2326778" lon="-3.3723970">
	<ele>193.50</ele>
</trkpt>
<trkpt lat="48.2325151" lon="-3.3723004">
	<ele>198.40</ele>
</trkpt>
<trkpt lat="48.2320168" lon="-3.3722059">
	<ele>190.90</ele>
</trkpt>
<trkpt lat="48.2318640" lon="-3.3720966">
	<ele>193.00</ele>
</trkpt>
<trkpt lat="48.2316957" lon="-3.3719050">
	<ele>189.70</ele>
</trkpt>
<trkpt lat="48.2315462" lon="-3.3716460">
	<ele>190.80</ele>
</trkpt>
<trkpt lat="48.2313731" lon="-3.3712113">
	<ele>195.50</ele>
</trkpt>
<trkpt lat="48.2311092" lon="-3.3704375">
	<ele>192.40</ele>
</trkpt>
<trkpt lat="48.2309844" lon="-3.3701550">
	<ele>191.50</ele>
</trkpt>
<trkpt lat="48.2309592" lon="-3.3700162">
	<ele>191.50</ele>
</trkpt>
<trkpt lat="48.2312263" lon="-3.3691316">
	<ele>190.90</ele>
</trkpt>
<trkpt lat="48.2318817" lon="-3.3681625">
	<ele>190.40</ele>
</trkpt>
<trkpt lat="48.2319362" lon="-3.3679335">
	<ele>190.40</ele>
</trkpt>
<trkpt lat="48.2317221" lon="-3.3661757">
	<ele>192.50</ele>
</trkpt>
<trkpt lat="48.2314848" lon="-3.3645963">
	<ele>197.60</ele>
</trkpt>
<trkpt lat="48.2314061" lon="-3.3642816">
	<ele>199.30</ele>
</trkpt>
<trkpt lat="48.2312994" lon="-3.3639887">
	<ele>199.10</ele>
</trkpt>
<trkpt lat="48.2311546" lon="-3.3637379">
	<ele>197.80</ele>
</trkpt>
<trkpt lat="48.2303110" lon="-3.3626491">
	<ele>193.80</ele>
</trkpt>
<trkpt lat="48.2300499" lon="-3.3621972">
	<ele>189.40</ele>
</trkpt>
<trkpt lat="48.2285591" lon="-3.3600982">
	<ele>178.60</ele>
</trkpt>
<trkpt lat="48.2283757" lon="-3.3598773">
	<ele>179.70</ele>
</trkpt>
<trkpt lat="48.2282493" lon="-3.3597986">
	<ele>179.20</ele>
</trkpt>
<trkpt lat="48.2281358" lon="-3.3597554">
	<ele>178.70</ele>
</trkpt>
<trkpt lat="48.2280155" lon="-3.3597655">
	<ele>178.70</ele>
</trkpt>
<trkpt lat="48.2278185" lon="-3.3598229">
	<ele>178.40</ele>
</trkpt>
<trkpt lat="48.2259600" lon="-3.3608746">
	<ele>177.20</ele>
</trkpt>
<trkpt lat="48.2256019" lon="-3.3610166">
	<ele>177.40</ele>
</trkpt>
<trkpt lat="48.2253080" lon="-3.3610310">
	<ele>177.00</ele>
</trkpt>
<trkpt lat="48.2249987" lon="-3.3609123">
	<ele>175.80</ele>
</trkpt>
<trkpt lat="48.2247387" lon="-3.3606724">
	<ele>176.30</ele>
</trkpt>
<trkpt lat="48.2245033" lon="-3.3602233">
	<ele>177.10</ele>
</trkpt>
<trkpt lat="48.2244295" lon="-3.3600189">
	<ele>177.10</ele>
</trkpt>
<trkpt lat="48.2240233" lon="-3.3583441">
	<ele>176.50</ele>
</trkpt>
<trkpt lat="48.2239007" lon="-3.3579537">
	<ele>176.10</ele>
</trkpt>
<trkpt lat="48.2236919" lon="-3.3576172">
	<ele>175.60</ele>
</trkpt>
<trkpt lat="48.2225970" lon="-3.3562124">
	<ele>182.70</ele>
</trkpt>
<trkpt lat="48.2223736" lon="-3.3558357">
	<ele>184.20</ele>
</trkpt>
<trkpt lat="48.2222861" lon="-3.3554892">
	<ele>184.40</ele>
</trkpt>
<trkpt lat="48.2219877" lon="-3.3538664">
	<ele>181.40</ele>
</trkpt>
<trkpt lat="48.2219652" lon="-3.3535441">
	<ele>181.20</ele>
</trkpt>
<trkpt lat="48.2219900" lon="-3.3532669">
	<ele>181.00</ele>
</trkpt>
<trkpt lat="48.2220663" lon="-3.3529291">
	<ele>181.90</ele>
</trkpt>
<trkpt lat="48.2222689" lon="-3.3526064">
	<ele>182.10</ele>
</trkpt>
<trkpt lat="48.2223950" lon="-3.3524964">
	<ele>184.00</ele>
</trkpt>
<trkpt lat="48.2230962" lon="-3.3520949">
	<ele>185.20</ele>
</trkpt>
<trkpt lat="48.2233284" lon="-3.3518403">
	<ele>185.00</ele>
</trkpt>
<trkpt lat="48.2241828" lon="-3.3498526">
	<ele>173.70</ele>
</trkpt>
<trkpt lat="48.2244493" lon="-3.3491256">
	<ele>173.20</ele>
</trkpt>
<trkpt lat="48.2244773" lon="-3.3487825">
	<ele>173.00</ele>
</trkpt>
<trkpt lat="48.2244035" lon="-3.3481329">
	<ele>172.10</ele>
</trkpt>
<trkpt lat="48.2241621" lon="-3.3468888">
	<ele>170.70</ele>
</trkpt>
<trkpt lat="48.2239335" lon="-3.3460417">
	<ele>171.50</ele>
</trkpt>
<trkpt lat="48.2237661" lon="-3.3457439">
	<ele>172.10</ele>
</trkpt>
<trkpt lat="48.2236359" lon="-3.3455983">
	<ele>173.20</ele>
</trkpt>
<trkpt lat="48.2209507" lon="-3.3439504">
	<ele>170.80</ele>
</trkpt>
<trkpt lat="48.2206465" lon="-3.3436624">
	<ele>170.40</ele>
</trkpt>
<trkpt lat="48.2204385" lon="-3.3431793">
	<ele>170.10</ele>
</trkpt>
<trkpt lat="48.2185532" lon="-3.3376138">
	<ele>171.30</ele>
</trkpt>
<trkpt lat="48.2183901" lon="-3.3372252">
	<ele>170.80</ele>
</trkpt>
<trkpt lat="48.2179992" lon="-3.3367889">
	<ele>170.20</ele>
</trkpt>
<trkpt lat="48.2155147" lon="-3.3351956">
	<ele>169.40</ele>
</trkpt>
<trkpt lat="48.2153085" lon="-3.3350173">
	<ele>169.50</ele>
</trkpt>
<trkpt lat="48.2136733" lon="-3.3327775">
	<ele>167.90</ele>
</trkpt>
<trkpt lat="48.2113344" lon="-3.3294526">
	<ele>167.40</ele>
</trkpt>
<trkpt lat="48.2111518" lon="-3.3289137">
	<ele>166.90</ele>
</trkpt>
<trkpt lat="48.2106536" lon="-3.3269083">
	<ele>167.70</ele>
</trkpt>
<trkpt lat="48.2103793" lon="-3.3256161">
	<ele>168.40</ele>
</trkpt>
<trkpt lat="48.2103829" lon="-3.3253276">
	<ele>168.60</ele>
</trkpt>
<trkpt lat="48.2104442" lon="-3.3247857">
	<ele>168.70</ele>
</trkpt>
<trkpt lat="48.2110251" lon="-3.3200396">
	<ele>168.90</ele>
</trkpt>
<trkpt lat="48.2111003" lon="-3.3189938">
	<ele>168.30</ele>
</trkpt>
<trkpt lat="48.2110693" lon="-3.3185007">
	<ele>168.90</ele>
</trkpt>
<trkpt lat="48.2108561" lon="-3.3179724">
	<ele>170.00</ele>
</trkpt>
<trkpt lat="48.2078325" lon="-3.3120670">
	<ele>162.90</ele>
</trkpt>
<trkpt lat="48.2051774" lon="-3.3067349">
	<ele>163.20</ele>
</trkpt>
<trkpt lat="48.2050843" lon="-3.3062876">
	<ele>163.10</ele>
</trkpt>
<trkpt lat="48.2050693" lon="-3.3060187">
	<ele>162.90</ele>
</trkpt>
<trkpt lat="48.2051041" lon="-3.3048869">
	<ele>163.70</ele>
</trkpt>
<trkpt lat="48.2050965" lon="-3.3030243">
	<ele>164.50</ele>
</trkpt>
<trkpt lat="48.2046560" lon="-3.2961959">
	<ele>160.50</ele>
</trkpt>
<trkpt lat="48.2045502" lon="-3.2955171">
	<ele>160.70</ele>
</trkpt>
<trkpt lat="48.2043924" lon="-3.2950799">
	<ele>160.80</ele>
</trkpt>
<trkpt lat="48.2042171" lon="-3.2947536">
	<ele>160.80</ele>
</trkpt>
<trkpt lat="48.2023739" lon="-3.2916668">
	<ele>161.30</ele>
</trkpt>
<trkpt lat="48.2014192" lon="-3.2899946">
	<ele>164.00</ele>
</trkpt>
<trkpt lat="48.2013064" lon="-3.2896118">
	<ele>164.50</ele>
</trkpt>
<trkpt lat="48.2012836" lon="-3.2894193">
	<ele>164.50</ele>
</trkpt>
<trkpt lat="48.2012030" lon="-3.2874826">
	<ele>166.50</ele>
</trkpt>
<trkpt lat="48.2012206" lon="-3.2870056">
	<ele>165.70</ele>
</trkpt>
<trkpt lat="48.2012751" lon="-3.2867519">
	<ele>164.70</ele>
</trkpt>
<trkpt lat="48.2014200" lon="-3.2864662">
	<ele>164.00</ele>
</trkpt>
<trkpt lat="48.2016029" lon="-3.2862711">
	<ele>163.90</ele>
</trkpt>
<trkpt lat="48.2017598" lon="-3.2861627">
	<ele>164.50</ele>
</trkpt>
<trkpt lat="48.2046605" lon="-3.2847263">
	<ele>162.50</ele>
</trkpt>
<trkpt lat="48.2050152" lon="-3.2845233">
	<ele>163.40</ele>
</trkpt>
<trkpt lat="48.2052143" lon="-3.2842912">
	<ele>163.90</ele>
</trkpt>
<trkpt lat="48.2053453" lon="-3.2840349">
	<ele>164.80</ele>
</trkpt>
<trkpt lat="48.2054635" lon="-3.2835948">
	<ele>164.70</ele>
</trkpt>
<trkpt lat="48.2056631" lon="-3.2809789">
	<ele>165.10</ele>
</trkpt>
<trkpt lat="48.2056284" lon="-3.2805148">
	<ele>165.00</ele>
</trkpt>
<trkpt lat="48.2054955" lon="-3.2800772">
	<ele>164.50</ele>
</trkpt>
<trkpt lat="48.2053930" lon="-3.2798885">
	<ele>164.40</ele>
</trkpt>
<trkpt lat="48.2051823" lon="-3.2796728">
	<ele>163.90</ele>
</trkpt>
<trkpt lat="48.2047893" lon="-3.2794453">
	<ele>163.10</ele>
</trkpt>
<trkpt lat="48.2024571" lon="-3.2784804">
	<ele>168.20</ele>
</trkpt>
<trkpt lat="48.2022904" lon="-3.2783358">
	<ele>168.20</ele>
</trkpt>
<trkpt lat="48.2021773" lon="-3.2781538">
	<ele>169.50</ele>
</trkpt>
<trkpt lat="48.2020981" lon="-3.2779970">
	<ele>172.20</ele>
</trkpt>
<trkpt lat="48.2019901" lon="-3.2775545">
	<ele>172.20</ele>
</trkpt>
<trkpt lat="48.2015423" lon="-3.2734851">
	<ele>161.80</ele>
</trkpt>
<trkpt lat="48.2014202" lon="-3.2730350">
	<ele>162.50</ele>
</trkpt>
<trkpt lat="48.2008337" lon="-3.2713470">
	<ele>162.80</ele>
</trkpt>
<trkpt lat="48.2006048" lon="-3.2709070">
	<ele>162.70</ele>
</trkpt>
<trkpt lat="48.2003926" lon="-3.2706804">
	<ele>162.20</ele>
</trkpt>
<trkpt lat="48.2001275" lon="-3.2705222">
	<ele>161.10</ele>
</trkpt>
<trkpt lat="48.1995500" lon="-3.2703539">
	<ele>159.70</ele>
</trkpt>
<trkpt lat="48.1991128" lon="-3.2702732">
	<ele>159.90</ele>
</trkpt>
<trkpt lat="48.1987904" lon="-3.2703206">
	<ele>160.90</ele>
</trkpt>
<trkpt lat="48.1984365" lon="-3.2705501">
	<ele>161.60</ele>
</trkpt>
<trkpt lat="48.1981701" lon="-3.2708955">
	<ele>161.30</ele>
</trkpt>
<trkpt lat="48.1977702" lon="-3.2718506">
	<ele>160.70</ele>
</trkpt>
<trkpt lat="48.1976463" lon="-3.2722606">
	<ele>157.60</ele>
</trkpt>
<trkpt lat="48.1974532" lon="-3.2725629">
	<ele>157.10</ele>
</trkpt>
<trkpt lat="48.1972485" lon="-3.2726970">
	<ele>156.90</ele>
</trkpt>
<trkpt lat="48.1970490" lon="-3.2727236">
	<ele>157.50</ele>
</trkpt>
<trkpt lat="48.1968624" lon="-3.2726294">
	<ele>159.40</ele>
</trkpt>
<trkpt lat="48.1966921" lon="-3.2724552">
	<ele>160.30</ele>
</trkpt>
<trkpt lat="48.1965585" lon="-3.2721814">
	<ele>161.00</ele>
</trkpt>
<trkpt lat="48.1965362" lon="-3.2719782">
	<ele>161.20</ele>
</trkpt>
<trkpt lat="48.1965573" lon="-3.2716437">
	<ele>161.40</ele>
</trkpt>
<trkpt lat="48.1966061" lon="-3.2713369">
	<ele>161.60</ele>
</trkpt>
<trkpt lat="48.1968951" lon="-3.2701289">
	<ele>163.50</ele>
</trkpt>
<trkpt lat="48.1969389" lon="-3.2697736">
	<ele>163.60</ele>
</trkpt>
<trkpt lat="48.1969376" lon="-3.2693919">
	<ele>163.20</ele>
</trkpt>
<trkpt lat="48.1968516" lon="-3.2688560">
	<ele>160.60</ele>
</trkpt>
<trkpt lat="48.1960954" lon="-3.2658326">
	<ele>166.50</ele>
</trkpt>
<trkpt lat="48.1960082" lon="-3.2653444">
	<ele>164.40</ele>
</trkpt>
<trkpt lat="48.1959207" lon="-3.2643001">
	<ele>163.10</ele>
</trkpt>
<trkpt lat="48.1957955" lon="-3.2633522">
	<ele>164.50</ele>
</trkpt>
<trkpt lat="48.1957359" lon="-3.2630647">
	<ele>165.80</ele>
</trkpt>
<trkpt lat="48.1955546" lon="-3.2626421">
	<ele>167.70</ele>
</trkpt>
<trkpt lat="48.1949473" lon="-3.2618220">
	<ele>166.50</ele>
</trkpt>
<trkpt lat="48.1944466" lon="-3.2612758">
	<ele>162.00</ele>
</trkpt>
<trkpt lat="48.1943809" lon="-3.2611591">
	<ele>162.00</ele>
</trkpt>
<trkpt lat="48.1943411" lon="-3.2609757">
	<ele>160.10</ele>
</trkpt>
<trkpt lat="48.1943938" lon="-3.2605426">
	<ele>161.70</ele>
</trkpt>
<trkpt lat="48.1944797" lon="-3.2603881">
	<ele>161.70</ele>
</trkpt>
<trkpt lat="48.1961501" lon="-3.2586246">
	<ele>163.30</ele>
</trkpt>
<trkpt lat="48.1962493" lon="-3.2584514">
	<ele>165.70</ele>
</trkpt>
<trkpt lat="48.1962881" lon="-3.2581342">
	<ele>163.80</ele>
</trkpt>
<trkpt lat="48.1962612" lon="-3.2578301">
	<ele>161.00</ele>
</trkpt>
<trkpt lat="48.1948449" lon="-3.2501226">
	<ele>149.40</ele>
</trkpt>
<trkpt lat="48.1943293" lon="-3.2447001">
	<ele>144.10</ele>
</trkpt>
<trkpt lat="48.1943269" lon="-3.2444465">
	<ele>144.40</ele>
</trkpt>
<trkpt lat="48.1943583" lon="-3.2442645">
	<ele>144.60</ele>
</trkpt>
<trkpt lat="48.1946284" lon="-3.2436012">
	<ele>144.60</ele>
</trkpt>
<trkpt lat="48.1950050" lon="-3.2429137">
	<ele>144.20</ele>
</trkpt>
<trkpt lat="48.1950879" lon="-3.2428206">
	<ele>144.20</ele>
</trkpt>
<trkpt lat="48.1952349" lon="-3.2427050">
	<ele>144.30</ele>
</trkpt>
<trkpt lat="48.1957178" lon="-3.2424752">
	<ele>144.70</ele>
</trkpt>
<trkpt lat="48.1966134" lon="-3.2421657">
	<ele>144.80</ele>
</trkpt>
<trkpt lat="48.1976324" lon="-3.2417395">
	<ele>148.20</ele>
</trkpt>
<trkpt lat="48.1980001" lon="-3.2415192">
	<ele>148.00</ele>
</trkpt>
<trkpt lat="48.2025840" lon="-3.2368761">
	<ele>145.50</ele>
</trkpt>
<trkpt lat="48.2028377" lon="-3.2367532">
	<ele>145.10</ele>
</trkpt>
<trkpt lat="48.2032047" lon="-3.2367442">
	<ele>145.40</ele>
</trkpt>
<trkpt lat="48.2050310" lon="-3.2372798">
	<ele>147.10</ele>
</trkpt>
<trkpt lat="48.2052916" lon="-3.2372951">
	<ele>146.70</ele>
</trkpt>
<trkpt lat="48.2055089" lon="-3.2372425">
	<ele>146.20</ele>
</trkpt>
<trkpt lat="48.2057722" lon="-3.2371129">
	<ele>145.30</ele>
</trkpt>
<trkpt lat="48.2058780" lon="-3.2370144">
	<ele>145.10</ele>
</trkpt>
<trkpt lat="48.2071677" lon="-3.2356281">
	<ele>147.20</ele>
</trkpt>
<trkpt lat="48.2076673" lon="-3.2350446">
	<ele>149.70</ele>
</trkpt>
<trkpt lat="48.2079029" lon="-3.2344315">
	<ele>149.00</ele>
</trkpt>
<trkpt lat="48.2079542" lon="-3.2340260">
	<ele>146.10</ele>
</trkpt>
<trkpt lat="48.2078123" lon="-3.2311171">
	<ele>148.20</ele>
</trkpt>
<trkpt lat="48.2077270" lon="-3.2302166">
	<ele>148.10</ele>
</trkpt>
<trkpt lat="48.2074955" lon="-3.2291971">
	<ele>146.00</ele>
</trkpt>
<trkpt lat="48.2056452" lon="-3.2227808">
	<ele>140.50</ele>
</trkpt>
<trkpt lat="48.2055057" lon="-3.2221496">
	<ele>141.80</ele>
</trkpt>
<trkpt lat="48.2055061" lon="-3.2216630">
	<ele>143.40</ele>
</trkpt>
<trkpt lat="48.2061101" lon="-3.2192443">
	<ele>141.50</ele>
</trkpt>
<trkpt lat="48.2061895" lon="-3.2190271">
	<ele>142.50</ele>
</trkpt>
<trkpt lat="48.2062904" lon="-3.2188385">
	<ele>141.00</ele>
</trkpt>
<trkpt lat="48.2065585" lon="-3.2184977">
	<ele>141.80</ele>
</trkpt>
<trkpt lat="48.2075348" lon="-3.2174423">
	<ele>142.20</ele>
</trkpt>
<trkpt lat="48.2101632" lon="-3.2144698">
	<ele>139.40</ele>
</trkpt>
<trkpt lat="48.2100238" lon="-3.2141631">
	<ele>139.30</ele>
</trkpt>
<trkpt lat="48.2111586" lon="-3.2129868">
	<ele>139.90</ele>
</trkpt>
<trkpt lat="48.2141240" lon="-3.2106599">
	<ele>141.40</ele>
</trkpt>
<trkpt lat="48.2144057" lon="-3.2103806">
	<ele>142.10</ele>
</trkpt>
<trkpt lat="48.2156154" lon="-3.2090175">
	<ele>140.80</ele>
</trkpt>
<trkpt lat="48.2160897" lon="-3.2082008">
	<ele>140.40</ele>
</trkpt>
<trkpt lat="48.2170480" lon="-3.2071292">
	<ele>144.50</ele>
</trkpt>
<trkpt lat="48.2172767" lon="-3.2066389">
	<ele>144.80</ele>
</trkpt>
<trkpt lat="48.2176809" lon="-3.2055597">
	<ele>144.40</ele>
</trkpt>
<trkpt lat="48.2178658" lon="-3.2049009">
	<ele>141.70</ele>
</trkpt>
<trkpt lat="48.2182004" lon="-3.2039827">
	<ele>135.90</ele>
</trkpt>
<trkpt lat="48.2203097" lon="-3.1993502">
	<ele>138.20</ele>
</trkpt>
<trkpt lat="48.2205070" lon="-3.1989554">
	<ele>138.60</ele>
</trkpt>
<trkpt lat="48.2216368" lon="-3.1974859">
	<ele>138.90</ele>
</trkpt>
<trkpt lat="48.2219917" lon="-3.1969686">
	<ele>137.50</ele>
</trkpt>
<trkpt lat="48.2222389" lon="-3.1962359">
	<ele>136.50</ele>
</trkpt>
<trkpt lat="48.2225097" lon="-3.1956618">
	<ele>136.60</ele>
</trkpt>
<trkpt lat="48.2228729" lon="-3.1944622">
	<ele>137.50</ele>
</trkpt>
<trkpt lat="48.2230388" lon="-3.1941397">
	<ele>136.30</ele>
</trkpt>
<trkpt lat="48.2234471" lon="-3.1935615">
	<ele>136.20</ele>
</trkpt>
<trkpt lat="48.2239525" lon="-3.1927417">
	<ele>135.70</ele>
</trkpt>
<trkpt lat="48.2244732" lon="-3.1920130">
	<ele>134.40</ele>
</trkpt>
<trkpt lat="48.2249808" lon="-3.1907714">
	<ele>133.00</ele>
</trkpt>
<trkpt lat="48.2250892" lon="-3.1899174">
	<ele>133.90</ele>
</trkpt>
<trkpt lat="48.2251350" lon="-3.1897785">
	<ele>133.90</ele>
</trkpt>
<trkpt lat="48.2253729" lon="-3.1893075">
	<ele>134.40</ele>
</trkpt>
<trkpt lat="48.2261854" lon="-3.1881057">
	<ele>135.00</ele>
</trkpt>
<trkpt lat="48.2262622" lon="-3.1877892">
	<ele>134.80</ele>
</trkpt>
<trkpt lat="48.2262768" lon="-3.1874817">
	<ele>134.40</ele>
</trkpt>
<trkpt lat="48.2262510" lon="-3.1871498">
	<ele>134.10</ele>
</trkpt>
<trkpt lat="48.2261506" lon="-3.1867173">
	<ele>133.60</ele>
</trkpt>
<trkpt lat="48.2246879" lon="-3.1812562">
	<ele>134.50</ele>
</trkpt>
<trkpt lat="48.2243909" lon="-3.1796857">
	<ele>135.60</ele>
</trkpt>
<trkpt lat="48.2243777" lon="-3.1788003">
	<ele>133.70</ele>
</trkpt>
<trkpt lat="48.2244075" lon="-3.1774203">
	<ele>134.10</ele>
</trkpt>
<trkpt lat="48.2244414" lon="-3.1770715">
	<ele>134.50</ele>
</trkpt>
<trkpt lat="48.2246201" lon="-3.1761244">
	<ele>133.50</ele>
</trkpt>
<trkpt lat="48.2248704" lon="-3.1739175">
	<ele>132.10</ele>
</trkpt>
<trkpt lat="48.2248802" lon="-3.1736620">
	<ele>132.10</ele>
</trkpt>
<trkpt lat="48.2248547" lon="-3.1734368">
	<ele>132.20</ele>
</trkpt>
<trkpt lat="48.2247844" lon="-3.1732177">
	<ele>132.30</ele>
</trkpt>
<trkpt lat="48.2246580" lon="-3.1729850">
	<ele>131.90</ele>
</trkpt>
<trkpt lat="48.2239734" lon="-3.1721682">
	<ele>133.60</ele>
</trkpt>
<trkpt lat="48.2237021" lon="-3.1719650">
	<ele>134.80</ele>
</trkpt>
<trkpt lat="48.2232163" lon="-3.1717966">
	<ele>136.20</ele>
</trkpt>
<trkpt lat="48.2225846" lon="-3.1716807">
	<ele>136.00</ele>
</trkpt>
<trkpt lat="48.2216665" lon="-3.1715503">
	<ele>138.80</ele>
</trkpt>
<trkpt lat="48.2212831" lon="-3.1715780">
	<ele>139.40</ele>
</trkpt>
<trkpt lat="48.2209599" lon="-3.1715132">
	<ele>139.70</ele>
</trkpt>
<trkpt lat="48.2207191" lon="-3.1714493">
	<ele>140.90</ele>
</trkpt>
<trkpt lat="48.2203540" lon="-3.1712193">
	<ele>142.00</ele>
</trkpt>
<trkpt lat="48.2198266" lon="-3.1708178">
	<ele>145.10</ele>
</trkpt>
<trkpt lat="48.2193982" lon="-3.1704174">
	<ele>144.70</ele>
</trkpt>
<trkpt lat="48.2189811" lon="-3.1696458">
	<ele>145.60</ele>
</trkpt>
<trkpt lat="48.2188613" lon="-3.1692500">
	<ele>144.00</ele>
</trkpt>
<trkpt lat="48.2187849" lon="-3.1689391">
	<ele>147.90</ele>
</trkpt>
<trkpt lat="48.2187433" lon="-3.1684634">
	<ele>147.20</ele>
</trkpt>
<trkpt lat="48.2187273" lon="-3.1678359">
	<ele>147.40</ele>
</trkpt>
<trkpt lat="48.2187847" lon="-3.1671821">
	<ele>147.60</ele>
</trkpt>
<trkpt lat="48.2190186" lon="-3.1656954">
	<ele>139.90</ele>
</trkpt>
<trkpt lat="48.2191746" lon="-3.1651647">
	<ele>140.70</ele>
</trkpt>
<trkpt lat="48.2198612" lon="-3.1636003">
	<ele>141.60</ele>
</trkpt>
<trkpt lat="48.2199664" lon="-3.1630767">
	<ele>142.70</ele>
</trkpt>
<trkpt lat="48.2200338" lon="-3.1626279">
	<ele>142.50</ele>
</trkpt>
<trkpt lat="48.2200233" lon="-3.1621477">
	<ele>142.20</ele>
</trkpt>
<trkpt lat="48.2199718" lon="-3.1617700">
	<ele>142.00</ele>
</trkpt>
<trkpt lat="48.2198497" lon="-3.1614666">
	<ele>140.80</ele>
</trkpt>
<trkpt lat="48.2196555" lon="-3.1611357">
	<ele>141.00</ele>
</trkpt>
<trkpt lat="48.2188549" lon="-3.1603255">
	<ele>140.10</ele>
</trkpt>
<trkpt lat="48.2187067" lon="-3.1602481">
	<ele>138.80</ele>
</trkpt>
<trkpt lat="48.2181730" lon="-3.1602679">
	<ele>140.60</ele>
</trkpt>
<trkpt lat="48.2169598" lon="-3.1608578">
	<ele>149.80</ele>
</trkpt>
<trkpt lat="48.2160901" lon="-3.1611065">
	<ele>153.90</ele>
</trkpt>
<trkpt lat="48.2158231" lon="-3.1610754">
	<ele>148.20</ele>
</trkpt>
<trkpt lat="48.2154939" lon="-3.1609143">
	<ele>150.80</ele>
</trkpt>
<trkpt lat="48.2149076" lon="-3.1605128">
	<ele>146.30</ele>
</trkpt>
<trkpt lat="48.2146106" lon="-3.1602160">
	<ele>148.70</ele>
</trkpt>
<trkpt lat="48.2134623" lon="-3.1588704">
	<ele>139.40</ele>
</trkpt>
<trkpt lat="48.2129909" lon="-3.1584626">
	<ele>138.70</ele>
</trkpt>
<trkpt lat="48.2127267" lon="-3.1582819">
	<ele>135.60</ele>
</trkpt>
<trkpt lat="48.2125132" lon="-3.1580124">
	<ele>135.00</ele>
</trkpt>
<trkpt lat="48.2123101" lon="-3.1576758">
	<ele>135.20</ele>
</trkpt>
<trkpt lat="48.2120685" lon="-3.1570557">
	<ele>135.90</ele>
</trkpt>
<trkpt lat="48.2118797" lon="-3.1552421">
	<ele>141.30</ele>
</trkpt>
<trkpt lat="48.2118341" lon="-3.1544510">
	<ele>140.70</ele>
</trkpt>
<trkpt lat="48.2118432" lon="-3.1539251">
	<ele>139.40</ele>
</trkpt>
<trkpt lat="48.2119475" lon="-3.1531975">
	<ele>137.50</ele>
</trkpt>
<trkpt lat="48.2128857" lon="-3.1512392">
	<ele>129.30</ele>
</trkpt>
<trkpt lat="48.2130561" lon="-3.1507085">
	<ele>130.20</ele>
</trkpt>
<trkpt lat="48.2131343" lon="-3.1503845">
	<ele>130.40</ele>
</trkpt>
<trkpt lat="48.2132162" lon="-3.1495170">
	<ele>131.00</ele>
</trkpt>
<trkpt lat="48.2134811" lon="-3.1485529">
	<ele>132.10</ele>
</trkpt>
<trkpt lat="48.2138088" lon="-3.1475504">
	<ele>132.00</ele>
</trkpt>
<trkpt lat="48.2139010" lon="-3.1470378">
	<ele>132.90</ele>
</trkpt>
<trkpt lat="48.2140558" lon="-3.1457561">
	<ele>133.00</ele>
</trkpt>
<trkpt lat="48.2145161" lon="-3.1433939">
	<ele>136.80</ele>
</trkpt>
<trkpt lat="48.2145408" lon="-3.1431075">
	<ele>136.90</ele>
</trkpt>
<trkpt lat="48.2143676" lon="-3.1421515">
	<ele>135.30</ele>
</trkpt>
<trkpt lat="48.2143574" lon="-3.1416391">
	<ele>134.90</ele>
</trkpt>
<trkpt lat="48.2144422" lon="-3.1410839">
	<ele>133.50</ele>
</trkpt>
<trkpt lat="48.2144485" lon="-3.1407694">
	<ele>132.90</ele>
</trkpt>
<trkpt lat="48.2143779" lon="-3.1400930">
	<ele>132.50</ele>
</trkpt>
<trkpt lat="48.2143257" lon="-3.1380002">
	<ele>133.10</ele>
</trkpt>
<trkpt lat="48.2142191" lon="-3.1374962">
	<ele>131.70</ele>
</trkpt>
<trkpt lat="48.2140215" lon="-3.1368622">
	<ele>131.10</ele>
</trkpt>
<trkpt lat="48.2139600" lon="-3.1364324">
	<ele>131.20</ele>
</trkpt>
<trkpt lat="48.2137999" lon="-3.1347718">
	<ele>135.40</ele>
</trkpt>
<trkpt lat="48.2137158" lon="-3.1341820">
	<ele>136.90</ele>
</trkpt>
<trkpt lat="48.2136651" lon="-3.1325437">
	<ele>135.00</ele>
</trkpt>
<trkpt lat="48.2136310" lon="-3.1322125">
	<ele>134.10</ele>
</trkpt>
<trkpt lat="48.2135651" lon="-3.1319198">
	<ele>136.30</ele>
</trkpt>
<trkpt lat="48.2134472" lon="-3.1316588">
	<ele>135.20</ele>
</trkpt>
<trkpt lat="48.2120380" lon="-3.1300545">
	<ele>128.90</ele>
</trkpt>
<trkpt lat="48.2128699" lon="-3.1286430">
	<ele>127.80</ele>
</trkpt>
<trkpt lat="48.2130951" lon="-3.1284000">
	<ele>128.10</ele>
</trkpt>
<trkpt lat="48.2132349" lon="-3.1285879">
	<ele>127.40</ele>
</trkpt>
<trkpt lat="48.2133120" lon="-3.1285661">
	<ele>127.40</ele>
</trkpt>
<trkpt lat="48.2135461" lon="-3.1283033">
	<ele>128.30</ele>
</trkpt>
<trkpt lat="48.2139018" lon="-3.1280860">
	<ele>129.50</ele>
</trkpt>
<trkpt lat="48.2142973" lon="-3.1280141">
	<ele>130.10</ele>
</trkpt>
<trkpt lat="48.2144915" lon="-3.1282175">
	<ele>130.40</ele>
</trkpt>
<trkpt lat="48.2146238" lon="-3.1282496">
	<ele>131.00</ele>
</trkpt>
<trkpt lat="48.2147578" lon="-3.1281960">
	<ele>131.30</ele>
</trkpt>
<trkpt lat="48.2149287" lon="-3.1280046">
	<ele>132.20</ele>
</trkpt>
<trkpt lat="48.2153168" lon="-3.1279864">
	<ele>135.00</ele>
</trkpt>
<trkpt lat="48.2158844" lon="-3.1280362">
	<ele>140.70</ele>
</trkpt>
<trkpt lat="48.2159725" lon="-3.1280964">
	<ele>143.10</ele>
</trkpt>
<trkpt lat="48.2160393" lon="-3.1282579">
	<ele>145.10</ele>
</trkpt>
<trkpt lat="48.2160496" lon="-3.1283949">
	<ele>145.10</ele>
</trkpt>
<trkpt lat="48.2160178" lon="-3.1285879">
	<ele>147.30</ele>
</trkpt>
<trkpt lat="48.2160484" lon="-3.1288629">
	<ele>149.70</ele>
</trkpt>
<trkpt lat="48.2165170" lon="-3.1282242">
	<ele>154.00</ele>
</trkpt>
<trkpt lat="48.2167340" lon="-3.1277756">
	<ele>153.00</ele>
</trkpt>
<trkpt lat="48.2173121" lon="-3.1262937">
	<ele>157.30</ele>
</trkpt>
<trkpt lat="48.2180646" lon="-3.1247682">
	<ele>163.60</ele>
</trkpt>
<trkpt lat="48.2182593" lon="-3.1242677">
	<ele>160.00</ele>
</trkpt>
<trkpt lat="48.2183890" lon="-3.1238085">
	<ele>155.00</ele>
</trkpt>
<trkpt lat="48.2184209" lon="-3.1235228">
	<ele>151.30</ele>
</trkpt>
<trkpt lat="48.2184180" lon="-3.1230807">
	<ele>148.20</ele>
</trkpt>
<trkpt lat="48.2183726" lon="-3.1226958">
	<ele>149.50</ele>
</trkpt>
<trkpt lat="48.2182103" lon="-3.1220114">
	<ele>156.50</ele>
</trkpt>
<trkpt lat="48.2178579" lon="-3.1213072">
	<ele>158.40</ele>
</trkpt>
<trkpt lat="48.2163284" lon="-3.1188674">
	<ele>161.80</ele>
</trkpt>
<trkpt lat="48.2160111" lon="-3.1181175">
	<ele>160.90</ele>
</trkpt>
<trkpt lat="48.2156224" lon="-3.1169924">
	<ele>161.20</ele>
</trkpt>
<trkpt lat="48.2154225" lon="-3.1162934">
	<ele>162.30</ele>
</trkpt>
<trkpt lat="48.2152555" lon="-3.1153984">
	<ele>163.70</ele>
</trkpt>
<trkpt lat="48.2150118" lon="-3.1123509">
	<ele>167.80</ele>
</trkpt>
<trkpt lat="48.2149427" lon="-3.1119930">
	<ele>169.20</ele>
</trkpt>
<trkpt lat="48.2147995" lon="-3.1115178">
	<ele>169.30</ele>
</trkpt>
<trkpt lat="48.2136975" lon="-3.1095184">
	<ele>172.70</ele>
</trkpt>
<trkpt lat="48.2132300" lon="-3.1089121">
	<ele>174.80</ele>
</trkpt>
<trkpt lat="48.2133135" lon="-3.1086272">
	<ele>175.70</ele>
</trkpt>
<trkpt lat="48.2134367" lon="-3.1072835">
	<ele>181.00</ele>
</trkpt>
<trkpt lat="48.2135228" lon="-3.1069864">
	<ele>181.60</ele>
</trkpt>
<trkpt lat="48.2136682" lon="-3.1067884">
	<ele>181.80</ele>
</trkpt>
<trkpt lat="48.2137848" lon="-3.1065023">
	<ele>182.10</ele>
</trkpt>
<trkpt lat="48.2140704" lon="-3.1059773">
	<ele>182.70</ele>
</trkpt>
<trkpt lat="48.2152268" lon="-3.1040176">
	<ele>184.70</ele>
</trkpt>
<trkpt lat="48.2156299" lon="-3.1032065">
	<ele>185.60</ele>
</trkpt>
<trkpt lat="48.2176215" lon="-3.0970117">
	<ele>191.00</ele>
</trkpt>
<trkpt lat="48.2178020" lon="-3.0963706">
	<ele>193.20</ele>
</trkpt>
<trkpt lat="48.2180000" lon="-3.0952153">
	<ele>193.90</ele>
</trkpt>
<trkpt lat="48.2180721" lon="-3.0940114">
	<ele>192.60</ele>
</trkpt>
<trkpt lat="48.2179934" lon="-3.0927671">
	<ele>197.10</ele>
</trkpt>
<trkpt lat="48.2176211" lon="-3.0908358">
	<ele>199.70</ele>
</trkpt>
<trkpt lat="48.2174069" lon="-3.0893041">
	<ele>202.20</ele>
</trkpt>
<trkpt lat="48.2173867" lon="-3.0888679">
	<ele>202.60</ele>
</trkpt>
<trkpt lat="48.2174552" lon="-3.0877656">
	<ele>202.10</ele>
</trkpt>
<trkpt lat="48.2175220" lon="-3.0873043">
	<ele>201.90</ele>
</trkpt>
<trkpt lat="48.2177092" lon="-3.0865820">
	<ele>201.10</ele>
</trkpt>
<trkpt lat="48.2185222" lon="-3.0841583">
	<ele>202.80</ele>
</trkpt>
<trkpt lat="48.2189029" lon="-3.0828890">
	<ele>204.30</ele>
</trkpt>
<trkpt lat="48.2190526" lon="-3.0820391">
	<ele>207.10</ele>
</trkpt>
<trkpt lat="48.2191396" lon="-3.0809604">
	<ele>207.70</ele>
</trkpt>
<trkpt lat="48.2191192" lon="-3.0802382">
	<ele>208.50</ele>
</trkpt>
<trkpt lat="48.2190310" lon="-3.0794194">
	<ele>210.50</ele>
</trkpt>
<trkpt lat="48.2184507" lon="-3.0760591">
	<ele>208.00</ele>
</trkpt>
<trkpt lat="48.2184141" lon="-3.0755100">
	<ele>206.60</ele>
</trkpt>
<trkpt lat="48.2184311" lon="-3.0742663">
	<ele>206.00</ele>
</trkpt>
<trkpt lat="48.2185877" lon="-3.0717424">
	<ele>207.10</ele>
</trkpt>
<trkpt lat="48.2185165" lon="-3.0709331">
	<ele>206.90</ele>
</trkpt>
<trkpt lat="48.2183271" lon="-3.0699340">
	<ele>205.10</ele>
</trkpt>
<trkpt lat="48.2180111" lon="-3.0689914">
	<ele>203.60</ele>
</trkpt>
<trkpt lat="48.2177894" lon="-3.0685374">
	<ele>204.30</ele>
</trkpt>
<trkpt lat="48.2175215" lon="-3.0680988">
	<ele>203.70</ele>
</trkpt>
<trkpt lat="48.2159443" lon="-3.0659772">
	<ele>209.10</ele>
</trkpt>
<trkpt lat="48.2154949" lon="-3.0652187">
	<ele>208.70</ele>
</trkpt>
<trkpt lat="48.2153906" lon="-3.0649499">
	<ele>209.50</ele>
</trkpt>
<trkpt lat="48.2151793" lon="-3.0641108">
	<ele>206.50</ele>
</trkpt>
<trkpt lat="48.2151131" lon="-3.0635973">
	<ele>206.70</ele>
</trkpt>
<trkpt lat="48.2150869" lon="-3.0631110">
	<ele>206.20</ele>
</trkpt>
<trkpt lat="48.2150913" lon="-3.0625228">
	<ele>206.10</ele>
</trkpt>
<trkpt lat="48.2151494" lon="-3.0621101">
	<ele>206.00</ele>
</trkpt>
<trkpt lat="48.2152479" lon="-3.0615841">
	<ele>206.80</ele>
</trkpt>
<trkpt lat="48.2153967" lon="-3.0610881">
	<ele>206.60</ele>
</trkpt>
<trkpt lat="48.2165183" lon="-3.0587468">
	<ele>203.30</ele>
</trkpt>
<trkpt lat="48.2167030" lon="-3.0582545">
	<ele>202.40</ele>
</trkpt>
<trkpt lat="48.2169361" lon="-3.0574287">
	<ele>201.60</ele>
</trkpt>
<trkpt lat="48.2170534" lon="-3.0568320">
	<ele>203.40</ele>
</trkpt>
<trkpt lat="48.2172726" lon="-3.0547795">
	<ele>199.60</ele>
</trkpt>
<trkpt lat="48.2173121" lon="-3.0539863">
	<ele>198.30</ele>
</trkpt>
<trkpt lat="48.2172548" lon="-3.0535911">
	<ele>198.50</ele>
</trkpt>
<trkpt lat="48.2171395" lon="-3.0531126">
	<ele>196.40</ele>
</trkpt>
<trkpt lat="48.2167477" lon="-3.0517715">
	<ele>195.20</ele>
</trkpt>
<trkpt lat="48.2149501" lon="-3.0459152">
	<ele>181.60</ele>
</trkpt>
<trkpt lat="48.2148413" lon="-3.0454962">
	<ele>179.90</ele>
</trkpt>
<trkpt lat="48.2147378" lon="-3.0446451">
	<ele>180.90</ele>
</trkpt>
<trkpt lat="48.2147769" lon="-3.0440404">
	<ele>180.50</ele>
</trkpt>
<trkpt lat="48.2148376" lon="-3.0435939">
	<ele>179.80</ele>
</trkpt>
<trkpt lat="48.2155071" lon="-3.0413081">
	<ele>180.30</ele>
</trkpt>
<trkpt lat="48.2156158" lon="-3.0406472">
	<ele>180.10</ele>
</trkpt>
<trkpt lat="48.2156314" lon="-3.0403073">
	<ele>178.00</ele>
</trkpt>
<trkpt lat="48.2155726" lon="-3.0396972">
	<ele>177.10</ele>
</trkpt>
<trkpt lat="48.2154769" lon="-3.0396557">
	<ele>175.20</ele>
</trkpt>
<trkpt lat="48.2154259" lon="-3.0395184">
	<ele>175.40</ele>
</trkpt>
<trkpt lat="48.2151627" lon="-3.0380500">
	<ele>174.20</ele>
</trkpt>
<trkpt lat="48.2151077" lon="-3.0378991">
	<ele>174.90</ele>
</trkpt>
<trkpt lat="48.2150298" lon="-3.0378401">
	<ele>173.10</ele>
</trkpt>
<trkpt lat="48.2150052" lon="-3.0377696">
	<ele>173.10</ele>
</trkpt>
<trkpt lat="48.2147515" lon="-3.0363416">
	<ele>174.80</ele>
</trkpt>
<trkpt lat="48.2148966" lon="-3.0360359">
	<ele>178.00</ele>
</trkpt>
<trkpt lat="48.2148878" lon="-3.0345116">
	<ele>176.20</ele>
</trkpt>
<trkpt lat="48.2149200" lon="-3.0337625">
	<ele>174.00</ele>
</trkpt>
<trkpt lat="48.2149970" lon="-3.0330969">
	<ele>171.90</ele>
</trkpt>
<trkpt lat="48.2150990" lon="-3.0324677">
	<ele>172.90</ele>
</trkpt>
<trkpt lat="48.2154895" lon="-3.0310414">
	<ele>173.00</ele>
</trkpt>
<trkpt lat="48.2170124" lon="-3.0270196">
	<ele>171.00</ele>
</trkpt>
<trkpt lat="48.2172320" lon="-3.0263484">
	<ele>157.50</ele>
</trkpt>
<trkpt lat="48.2173178" lon="-3.0259416">
	<ele>158.30</ele>
</trkpt>
<trkpt lat="48.2173666" lon="-3.0253671">
	<ele>166.80</ele>
</trkpt>
<trkpt lat="48.2173490" lon="-3.0250069">
	<ele>169.10</ele>
</trkpt>
<trkpt lat="48.2172827" lon="-3.0245830">
	<ele>173.30</ele>
</trkpt>
<trkpt lat="48.2171302" lon="-3.0240560">
	<ele>170.80</ele>
</trkpt>
<trkpt lat="48.2169460" lon="-3.0236108">
	<ele>165.80</ele>
</trkpt>
<trkpt lat="48.2167227" lon="-3.0232557">
	<ele>161.00</ele>
</trkpt>
<trkpt lat="48.2163338" lon="-3.0227726">
	<ele>153.00</ele>
</trkpt>
<trkpt lat="48.2158395" lon="-3.0219975">
	<ele>151.00</ele>
</trkpt>
<trkpt lat="48.2156477" lon="-3.0215855">
	<ele>152.00</ele>
</trkpt>
<trkpt lat="48.2155217" lon="-3.0212235">
	<ele>153.30</ele>
</trkpt>
<trkpt lat="48.2154177" lon="-3.0208791">
	<ele>155.20</ele>
</trkpt>
<trkpt lat="48.2153208" lon="-3.0203749">
	<ele>156.70</ele>
</trkpt>
<trkpt lat="48.2148413" lon="-3.0171464">
	<ele>146.90</ele>
</trkpt>
<trkpt lat="48.2147894" lon="-3.0165433">
	<ele>147.50</ele>
</trkpt>
<trkpt lat="48.2148392" lon="-3.0156971">
	<ele>148.20</ele>
</trkpt>
<trkpt lat="48.2150127" lon="-3.0149500">
	<ele>149.90</ele>
</trkpt>
<trkpt lat="48.2156963" lon="-3.0130222">
	<ele>148.30</ele>
</trkpt>
<trkpt lat="48.2158000" lon="-3.0123762">
	<ele>147.70</ele>
</trkpt>
<trkpt lat="48.2158128" lon="-3.0120962">
	<ele>146.80</ele>
</trkpt>
<trkpt lat="48.2157577" lon="-3.0114248">
	<ele>144.90</ele>
</trkpt>
<trkpt lat="48.2155354" lon="-3.0106606">
	<ele>144.20</ele>
</trkpt>
<trkpt lat="48.2150432" lon="-3.0097236">
	<ele>142.00</ele>
</trkpt>
<trkpt lat="48.2145524" lon="-3.0089830">
	<ele>142.00</ele>
</trkpt>
<trkpt lat="48.2140457" lon="-3.0083427">
	<ele>142.30</ele>
</trkpt>
<trkpt lat="48.2132542" lon="-3.0074696">
	<ele>144.70</ele>
</trkpt>
<trkpt lat="48.2079495" lon="-3.0013111">
	<ele>146.90</ele>
</trkpt>
<trkpt lat="48.2076333" lon="-3.0009978">
	<ele>150.30</ele>
</trkpt>
<trkpt lat="48.2073796" lon="-3.0008098">
	<ele>150.00</ele>
</trkpt>
<trkpt lat="48.2070201" lon="-3.0005863">
	<ele>151.10</ele>
</trkpt>
<trkpt lat="48.2066390" lon="-3.0004286">
	<ele>150.90</ele>
</trkpt>
<trkpt lat="48.2061659" lon="-3.0003203">
	<ele>149.90</ele>
</trkpt>
<trkpt lat="48.2055211" lon="-3.0003319">
	<ele>151.40</ele>
</trkpt>
<trkpt lat="48.2050488" lon="-3.0004538">
	<ele>154.50</ele>
</trkpt>
<trkpt lat="48.2045670" lon="-3.0006518">
	<ele>157.10</ele>
</trkpt>
<trkpt lat="48.2030357" lon="-3.0013579">
	<ele>155.20</ele>
</trkpt>
<trkpt lat="48.2027127" lon="-3.0014440">
	<ele>156.00</ele>
</trkpt>
<trkpt lat="48.2021076" lon="-3.0014674">
	<ele>160.30</ele>
</trkpt>
<trkpt lat="48.2016497" lon="-3.0013869">
	<ele>161.80</ele>
</trkpt>
<trkpt lat="48.2010901" lon="-3.0011600">
	<ele>162.50</ele>
</trkpt>
<trkpt lat="48.2007128" lon="-3.0009424">
	<ele>163.60</ele>
</trkpt>
<trkpt lat="48.2000358" lon="-3.0002991">
	<ele>162.50</ele>
</trkpt>
<trkpt lat="48.1999779" lon="-3.0003604">
	<ele>162.50</ele>
</trkpt>
<trkpt lat="48.1998925" lon="-3.0003385">
	<ele>161.80</ele>
</trkpt>
<trkpt lat="48.1994837" lon="-2.9998367">
	<ele>158.50</ele>
</trkpt>
<trkpt lat="48.1992894" lon="-2.9996842">
	<ele>158.20</ele>
</trkpt>
<trkpt lat="48.1989336" lon="-2.9995383">
	<ele>157.10</ele>
</trkpt>
<trkpt lat="48.1985610" lon="-2.9995120">
	<ele>157.40</ele>
</trkpt>
<trkpt lat="48.1981962" lon="-2.9995868">
	<ele>157.40</ele>
</trkpt>
<trkpt lat="48.1979812" lon="-2.9997966">
	<ele>158.70</ele>
</trkpt>
<trkpt lat="48.1976677" lon="-3.0002867">
	<ele>162.20</ele>
</trkpt>
<trkpt lat="48.1975136" lon="-3.0007715">
	<ele>163.40</ele>
</trkpt>
<trkpt lat="48.1974200" lon="-3.0013071">
	<ele>161.00</ele>
</trkpt>
<trkpt lat="48.1971962" lon="-3.0037870">
	<ele>150.20</ele>
</trkpt>
<trkpt lat="48.1971663" lon="-3.0039114">
	<ele>150.20</ele>
</trkpt>
<trkpt lat="48.1966668" lon="-3.0048582">
	<ele>149.60</ele>
</trkpt>
<trkpt lat="48.1960395" lon="-3.0059164">
	<ele>152.00</ele>
</trkpt>
<trkpt lat="48.1960301" lon="-3.0061432">
	<ele>152.40</ele>
</trkpt>
<trkpt lat="48.1962211" lon="-3.0067804">
	<ele>152.80</ele>
</trkpt>
<trkpt lat="48.1962336" lon="-3.0070702">
	<ele>153.80</ele>
</trkpt>
<trkpt lat="48.1961063" lon="-3.0075331">
	<ele>156.80</ele>
</trkpt>
<trkpt lat="48.1957454" lon="-3.0085195">
	<ele>161.40</ele>
</trkpt>
<trkpt lat="48.1950939" lon="-3.0088601">
	<ele>161.70</ele>
</trkpt>
<trkpt lat="48.1947293" lon="-3.0089311">
	<ele>159.80</ele>
</trkpt>
<trkpt lat="48.1931298" lon="-3.0089318">
	<ele>151.30</ele>
</trkpt>
<trkpt lat="48.1927324" lon="-3.0089994">
	<ele>147.90</ele>
</trkpt>
<trkpt lat="48.1917887" lon="-3.0092940">
	<ele>142.20</ele>
</trkpt>
<trkpt lat="48.1910046" lon="-3.0096866">
	<ele>138.60</ele>
</trkpt>
<trkpt lat="48.1907951" lon="-3.0098212">
	<ele>137.10</ele>
</trkpt>
<trkpt lat="48.1906128" lon="-3.0100374">
	<ele>134.50</ele>
</trkpt>
<trkpt lat="48.1898489" lon="-3.0114721">
	<ele>132.60</ele>
</trkpt>
<trkpt lat="48.1892454" lon="-3.0121858">
	<ele>125.70</ele>
</trkpt>
<trkpt lat="48.1885498" lon="-3.0130846">
	<ele>108.00</ele>
</trkpt>
<trkpt lat="48.1884865" lon="-3.0132951">
	<ele>103.60</ele>
</trkpt>
<trkpt lat="48.1885180" lon="-3.0133879">
	<ele>103.60</ele>
</trkpt>
<trkpt lat="48.1886789" lon="-3.0135958">
	<ele>102.90</ele>
</trkpt>
<trkpt lat="48.1890159" lon="-3.0139250">
	<ele>106.70</ele>
</trkpt>
<trkpt lat="48.1892813" lon="-3.0143103">
	<ele>103.70</ele>
</trkpt>
<trkpt lat="48.1895135" lon="-3.0147888">
	<ele>99.00</ele>
</trkpt>
<trkpt lat="48.1897479" lon="-3.0154219">
	<ele>95.90</ele>
</trkpt>
<trkpt lat="48.1898617" lon="-3.0157461">
	<ele>92.00</ele>
</trkpt>
<trkpt lat="48.1899762" lon="-3.0162582">
	<ele>89.90</ele>
</trkpt>
<trkpt lat="48.1900866" lon="-3.0171195">
	<ele>87.40</ele>
</trkpt>
<trkpt lat="48.1900357" lon="-3.0171382">
	<ele>83.50</ele>
</trkpt>
<trkpt lat="48.1895149" lon="-3.0161169">
	<ele>80.20</ele>
</trkpt>
<trkpt lat="48.1882576" lon="-3.0143310">
	<ele>81.20</ele>
</trkpt>
<trkpt lat="48.1873623" lon="-3.0128949">
	<ele>87.60</ele>
</trkpt>
<trkpt lat="48.1866380" lon="-3.0123624">
	<ele>80.90</ele>
</trkpt>
<trkpt lat="48.1856809" lon="-3.0118387">
	<ele>85.90</ele>
</trkpt>
<trkpt lat="48.1849485" lon="-3.0113472">
	<ele>82.00</ele>
</trkpt>
<trkpt lat="48.1838796" lon="-3.0107194">
	<ele>85.70</ele>
</trkpt>
<trkpt lat="48.1835647" lon="-3.0105824">
	<ele>85.10</ele>
</trkpt>
<trkpt lat="48.1816585" lon="-3.0104731">
	<ele>83.20</ele>
</trkpt>
<trkpt lat="48.1805491" lon="-3.0101872">
	<ele>80.80</ele>
</trkpt>
<trkpt lat="48.1788241" lon="-3.0101863">
	<ele>82.90</ele>
</trkpt>
<trkpt lat="48.1776308" lon="-3.0099199">
	<ele>82.10</ele>
</trkpt>
<trkpt lat="48.1770246" lon="-3.0097276">
	<ele>82.60</ele>
</trkpt>
<trkpt lat="48.1767421" lon="-3.0095544">
	<ele>82.70</ele>
</trkpt>
<trkpt lat="48.1764499" lon="-3.0093140">
	<ele>82.90</ele>
</trkpt>
<trkpt lat="48.1752604" lon="-3.0082406">
	<ele>80.20</ele>
</trkpt>
<trkpt lat="48.1743292" lon="-3.0074897">
	<ele>80.10</ele>
</trkpt>
<trkpt lat="48.1738904" lon="-3.0070777">
	<ele>80.40</ele>
</trkpt>
<trkpt lat="48.1736767" lon="-3.0067379">
	<ele>80.20</ele>
</trkpt>
<trkpt lat="48.1735604" lon="-3.0063953">
	<ele>79.60</ele>
</trkpt>
<trkpt lat="48.1715609" lon="-2.9954732">
	<ele>76.40</ele>
</trkpt>
<trkpt lat="48.1714029" lon="-2.9950759">
	<ele>75.80</ele>
</trkpt>
<trkpt lat="48.1711483" lon="-2.9947691">
	<ele>75.40</ele>
</trkpt>
<trkpt lat="48.1707104" lon="-2.9944993">
	<ele>75.60</ele>
</trkpt>
<trkpt lat="48.1704204" lon="-2.9944513">
	<ele>76.10</ele>
</trkpt>
<trkpt lat="48.1697404" lon="-2.9945782">
	<ele>77.60</ele>
</trkpt>
<trkpt lat="48.1683248" lon="-2.9949640">
	<ele>78.60</ele>
</trkpt>
<trkpt lat="48.1678482" lon="-2.9951378">
	<ele>78.20</ele>
</trkpt>
<trkpt lat="48.1605474" lon="-2.9995820">
	<ele>73.90</ele>
</trkpt>
<trkpt lat="48.1602149" lon="-2.9997375">
	<ele>74.40</ele>
</trkpt>
<trkpt lat="48.1592448" lon="-2.9999867">
	<ele>76.60</ele>
</trkpt>
<trkpt lat="48.1590800" lon="-3.0000781">
	<ele>76.90</ele>
</trkpt>
<trkpt lat="48.1588381" lon="-3.0003338">
	<ele>76.80</ele>
</trkpt>
<trkpt lat="48.1585813" lon="-3.0008011">
	<ele>77.10</ele>
</trkpt>
<trkpt lat="48.1584464" lon="-3.0012586">
	<ele>76.90</ele>
</trkpt>
<trkpt lat="48.1583615" lon="-3.0023232">
	<ele>74.90</ele>
</trkpt>
<trkpt lat="48.1583628" lon="-3.0027289">
	<ele>74.20</ele>
</trkpt>
<trkpt lat="48.1584884" lon="-3.0036086">
	<ele>72.70</ele>
</trkpt>
<trkpt lat="48.1592724" lon="-3.0063278">
	<ele>73.30</ele>
</trkpt>
<trkpt lat="48.1593325" lon="-3.0084106">
	<ele>71.00</ele>
</trkpt>
<trkpt lat="48.1592798" lon="-3.0097551">
	<ele>73.70</ele>
</trkpt>
<trkpt lat="48.1592148" lon="-3.0101058">
	<ele>74.80</ele>
</trkpt>
<trkpt lat="48.1590489" lon="-3.0103777">
	<ele>75.70</ele>
</trkpt>
<trkpt lat="48.1587401" lon="-3.0105712">
	<ele>74.70</ele>
</trkpt>
<trkpt lat="48.1579282" lon="-3.0108192">
	<ele>72.30</ele>
</trkpt>
<trkpt lat="48.1572745" lon="-3.0109291">
	<ele>72.00</ele>
</trkpt>
<trkpt lat="48.1566386" lon="-3.0109607">
	<ele>72.40</ele>
</trkpt>
<trkpt lat="48.1556080" lon="-3.0109105">
	<ele>73.00</ele>
</trkpt>
<trkpt lat="48.1548447" lon="-3.0109732">
	<ele>73.10</ele>
</trkpt>
<trkpt lat="48.1545650" lon="-3.0110624">
	<ele>73.80</ele>
</trkpt>
<trkpt lat="48.1540721" lon="-3.0115434">
	<ele>74.90</ele>
</trkpt>
<trkpt lat="48.1537532" lon="-3.0117626">
	<ele>74.60</ele>
</trkpt>
<trkpt lat="48.1535178" lon="-3.0118414">
	<ele>74.00</ele>
</trkpt>
<trkpt lat="48.1531665" lon="-3.0118625">
	<ele>73.60</ele>
</trkpt>
<trkpt lat="48.1528592" lon="-3.0117663">
	<ele>73.70</ele>
</trkpt>
<trkpt lat="48.1516818" lon="-3.0109220">
	<ele>72.40</ele>
</trkpt>
<trkpt lat="48.1514818" lon="-3.0107049">
	<ele>72.20</ele>
</trkpt>
<trkpt lat="48.1513274" lon="-3.0104716">
	<ele>72.40</ele>
</trkpt>
<trkpt lat="48.1511194" lon="-3.0100034">
	<ele>71.90</ele>
</trkpt>
<trkpt lat="48.1506167" lon="-3.0084168">
	<ele>71.10</ele>
</trkpt>
<trkpt lat="48.1503945" lon="-3.0078437">
	<ele>71.00</ele>
</trkpt>
<trkpt lat="48.1491000" lon="-3.0054317">
	<ele>71.60</ele>
</trkpt>
<trkpt lat="48.1481785" lon="-3.0040461">
	<ele>70.60</ele>
</trkpt>
<trkpt lat="48.1478650" lon="-3.0037480">
	<ele>70.10</ele>
</trkpt>
<trkpt lat="48.1474927" lon="-3.0035183">
	<ele>69.30</ele>
</trkpt>
<trkpt lat="48.1462121" lon="-3.0030895">
	<ele>71.70</ele>
</trkpt>
<trkpt lat="48.1456012" lon="-3.0028225">
	<ele>70.10</ele>
</trkpt>
<trkpt lat="48.1449610" lon="-3.0024269">
	<ele>70.10</ele>
</trkpt>
<trkpt lat="48.1446924" lon="-3.0023520">
	<ele>71.90</ele>
</trkpt>
<trkpt lat="48.1444808" lon="-3.0024364">
	<ele>71.50</ele>
</trkpt>
<trkpt lat="48.1442416" lon="-3.0026984">
	<ele>71.70</ele>
</trkpt>
<trkpt lat="48.1438824" lon="-3.0032175">
	<ele>72.60</ele>
</trkpt>
<trkpt lat="48.1436076" lon="-3.0037262">
	<ele>73.80</ele>
</trkpt>
<trkpt lat="48.1432981" lon="-3.0044062">
	<ele>73.10</ele>
</trkpt>
<trkpt lat="48.1424702" lon="-3.0067254">
	<ele>72.00</ele>
</trkpt>
<trkpt lat="48.1423679" lon="-3.0069340">
	<ele>73.00</ele>
</trkpt>
<trkpt lat="48.1421726" lon="-3.0072086">
	<ele>73.50</ele>
</trkpt>
<trkpt lat="48.1419600" lon="-3.0074337">
	<ele>73.60</ele>
</trkpt>
<trkpt lat="48.1413423" lon="-3.0078812">
	<ele>73.20</ele>
</trkpt>
<trkpt lat="48.1412118" lon="-3.0080392">
	<ele>71.90</ele>
</trkpt>
<trkpt lat="48.1408445" lon="-3.0086873">
	<ele>70.70</ele>
</trkpt>
<trkpt lat="48.1406585" lon="-3.0089400">
	<ele>70.10</ele>
</trkpt>
<trkpt lat="48.1387766" lon="-3.0108145">
	<ele>77.60</ele>
</trkpt>
<trkpt lat="48.1386585" lon="-3.0109020">
	<ele>77.60</ele>
</trkpt>
<trkpt lat="48.1383219" lon="-3.0109968">
	<ele>74.70</ele>
</trkpt>
<trkpt lat="48.1378474" lon="-3.0108647">
	<ele>73.20</ele>
</trkpt>
<trkpt lat="48.1374733" lon="-3.0106507">
	<ele>72.40</ele>
</trkpt>
<trkpt lat="48.1369385" lon="-3.0102371">
	<ele>69.20</ele>
</trkpt>
<trkpt lat="48.1366681" lon="-3.0098966">
	<ele>68.90</ele>
</trkpt>
<trkpt lat="48.1364574" lon="-3.0094213">
	<ele>69.10</ele>
</trkpt>
<trkpt lat="48.1363982" lon="-3.0091270">
	<ele>68.80</ele>
</trkpt>
<trkpt lat="48.1363870" lon="-3.0088053">
	<ele>68.60</ele>
</trkpt>
<trkpt lat="48.1365402" lon="-3.0075875">
	<ele>67.60</ele>
</trkpt>
<trkpt lat="48.1365315" lon="-3.0068660">
	<ele>66.60</ele>
</trkpt>
<trkpt lat="48.1363379" lon="-3.0055315">
	<ele>67.40</ele>
</trkpt>
<trkpt lat="48.1362478" lon="-3.0051610">
	<ele>67.70</ele>
</trkpt>
<trkpt lat="48.1360952" lon="-3.0047497">
	<ele>67.90</ele>
</trkpt>
<trkpt lat="48.1358073" lon="-3.0042596">
	<ele>67.90</ele>
</trkpt>
<trkpt lat="48.1341837" lon="-3.0022576">
	<ele>66.00</ele>
</trkpt>
<trkpt lat="48.1339643" lon="-3.0020613">
	<ele>64.00</ele>
</trkpt>
<trkpt lat="48.1337509" lon="-3.0020080">
	<ele>65.40</ele>
</trkpt>
<trkpt lat="48.1332835" lon="-3.0021598">
	<ele>69.10</ele>
</trkpt>
<trkpt lat="48.1328135" lon="-3.0023816">
	<ele>85.70</ele>
</trkpt>
<trkpt lat="48.1321481" lon="-3.0028886">
	<ele>98.30</ele>
</trkpt>
<trkpt lat="48.1319086" lon="-3.0031199">
	<ele>95.80</ele>
</trkpt>
<trkpt lat="48.1310237" lon="-3.0043583">
	<ele>80.40</ele>
</trkpt>
<trkpt lat="48.1309346" lon="-3.0046503">
	<ele>77.30</ele>
</trkpt>
<trkpt lat="48.1307288" lon="-3.0059445">
	<ele>70.90</ele>
</trkpt>
<trkpt lat="48.1305576" lon="-3.0075043">
	<ele>69.40</ele>
</trkpt>
<trkpt lat="48.1304242" lon="-3.0092259">
	<ele>68.10</ele>
</trkpt>
<trkpt lat="48.1303547" lon="-3.0096248">
	<ele>68.20</ele>
</trkpt>
<trkpt lat="48.1298337" lon="-3.0108724">
	<ele>68.60</ele>
</trkpt>
<trkpt lat="48.1290500" lon="-3.0120833">
	<ele>68.00</ele>
</trkpt>
<trkpt lat="48.1289560" lon="-3.0122821">
	<ele>68.00</ele>
</trkpt>
<trkpt lat="48.1288015" lon="-3.0126996">
	<ele>67.20</ele>
</trkpt>
<trkpt lat="48.1285724" lon="-3.0135858">
	<ele>68.60</ele>
</trkpt>
<trkpt lat="48.1283999" lon="-3.0139156">
	<ele>69.00</ele>
</trkpt>
<trkpt lat="48.1282328" lon="-3.0140916">
	<ele>69.10</ele>
</trkpt>
<trkpt lat="48.1274316" lon="-3.0146426">
	<ele>67.70</ele>
</trkpt>
<trkpt lat="48.1259406" lon="-3.0152863">
	<ele>67.90</ele>
</trkpt>
<trkpt lat="48.1254374" lon="-3.0152947">
	<ele>67.90</ele>
</trkpt>
<trkpt lat="48.1242303" lon="-3.0149904">
	<ele>65.90</ele>
</trkpt>
<trkpt lat="48.1231689" lon="-3.0143617">
	<ele>67.40</ele>
</trkpt>
<trkpt lat="48.1229213" lon="-3.0141484">
	<ele>66.30</ele>
</trkpt>
<trkpt lat="48.1226842" lon="-3.0138575">
	<ele>66.50</ele>
</trkpt>
<trkpt lat="48.1221925" lon="-3.0131821">
	<ele>67.60</ele>
</trkpt>
<trkpt lat="48.1219620" lon="-3.0127636">
	<ele>67.20</ele>
</trkpt>
<trkpt lat="48.1217051" lon="-3.0120982">
	<ele>66.50</ele>
</trkpt>
<trkpt lat="48.1216092" lon="-3.0117798">
	<ele>66.70</ele>
</trkpt>
<trkpt lat="48.1215816" lon="-3.0115703">
	<ele>66.70</ele>
</trkpt>
<trkpt lat="48.1216169" lon="-3.0104885">
	<ele>68.20</ele>
</trkpt>
<trkpt lat="48.1217615" lon="-3.0087173">
	<ele>69.00</ele>
</trkpt>
<trkpt lat="48.1217700" lon="-3.0082915">
	<ele>69.00</ele>
</trkpt>
<trkpt lat="48.1216196" lon="-3.0073255">
	<ele>68.70</ele>
</trkpt>
<trkpt lat="48.1212754" lon="-3.0063053">
	<ele>69.40</ele>
</trkpt>
<trkpt lat="48.1212052" lon="-3.0058546">
	<ele>69.70</ele>
</trkpt>
<trkpt lat="48.1212126" lon="-3.0056497">
	<ele>69.80</ele>
</trkpt>
<trkpt lat="48.1214587" lon="-3.0041080">
	<ele>67.40</ele>
</trkpt>
<trkpt lat="48.1215537" lon="-3.0036409">
	<ele>67.50</ele>
</trkpt>
<trkpt lat="48.1216764" lon="-3.0033222">
	<ele>67.30</ele>
</trkpt>
<trkpt lat="48.1228170" lon="-3.0014761">
	<ele>65.70</ele>
</trkpt>
<trkpt lat="48.1233311" lon="-3.0005505">
	<ele>66.30</ele>
</trkpt>
<trkpt lat="48.1235728" lon="-2.9999266">
	<ele>65.00</ele>
</trkpt>
<trkpt lat="48.1237486" lon="-2.9993708">
	<ele>64.40</ele>
</trkpt>
<trkpt lat="48.1238499" lon="-2.9986589">
	<ele>64.10</ele>
</trkpt>
<trkpt lat="48.1238482" lon="-2.9982404">
	<ele>63.80</ele>
</trkpt>
<trkpt lat="48.1237609" lon="-2.9974322">
	<ele>64.20</ele>
</trkpt>
<trkpt lat="48.1235572" lon="-2.9962246">
	<ele>67.30</ele>
</trkpt>
<trkpt lat="48.1233862" lon="-2.9957716">
	<ele>68.50</ele>
</trkpt>
<trkpt lat="48.1232068" lon="-2.9954132">
	<ele>68.40</ele>
</trkpt>
<trkpt lat="48.1230156" lon="-2.9951484">
	<ele>68.00</ele>
</trkpt>
<trkpt lat="48.1228111" lon="-2.9950013">
	<ele>67.00</ele>
</trkpt>
<trkpt lat="48.1226654" lon="-2.9949266">
	<ele>67.00</ele>
</trkpt>
<trkpt lat="48.1221650" lon="-2.9948315">
	<ele>62.80</ele>
</trkpt>
<trkpt lat="48.1220129" lon="-2.9947647">
	<ele>63.60</ele>
</trkpt>
<trkpt lat="48.1214179" lon="-2.9947329">
	<ele>57.80</ele>
</trkpt>
<trkpt lat="48.1207253" lon="-2.9945808">
	<ele>57.20</ele>
</trkpt>
<trkpt lat="48.1205013" lon="-2.9944849">
	<ele>58.80</ele>
</trkpt>
<trkpt lat="48.1202163" lon="-2.9943027">
	<ele>62.30</ele>
</trkpt>
<trkpt lat="48.1196207" lon="-2.9937519">
	<ele>67.70</ele>
</trkpt>
<trkpt lat="48.1189024" lon="-2.9932604">
	<ele>68.20</ele>
</trkpt>
<trkpt lat="48.1172657" lon="-2.9928247">
	<ele>66.00</ele>
</trkpt>
<trkpt lat="48.1170131" lon="-2.9928023">
	<ele>69.60</ele>
</trkpt>
<trkpt lat="48.1167624" lon="-2.9928531">
	<ele>72.10</ele>
</trkpt>
<trkpt lat="48.1149523" lon="-2.9946021">
	<ele>70.60</ele>
</trkpt>
<trkpt lat="48.1143177" lon="-2.9951540">
	<ele>66.80</ele>
</trkpt>
<trkpt lat="48.1141341" lon="-2.9953827">
	<ele>67.10</ele>
</trkpt>
<trkpt lat="48.1139587" lon="-2.9956867">
	<ele>67.40</ele>
</trkpt>
<trkpt lat="48.1138214" lon="-2.9961390">
	<ele>67.30</ele>
</trkpt>
<trkpt lat="48.1137080" lon="-2.9967668">
	<ele>66.50</ele>
</trkpt>
<trkpt lat="48.1130475" lon="-3.0016007">
	<ele>62.90</ele>
</trkpt>
<trkpt lat="48.1129901" lon="-3.0018021">
	<ele>62.90</ele>
</trkpt>
<trkpt lat="48.1127687" lon="-3.0022295">
	<ele>63.20</ele>
</trkpt>
<trkpt lat="48.1121975" lon="-3.0030070">
	<ele>65.30</ele>
</trkpt>
<trkpt lat="48.1118499" lon="-3.0033482">
	<ele>67.40</ele>
</trkpt>
<trkpt lat="48.1116819" lon="-3.0034613">
	<ele>69.60</ele>
</trkpt>
<trkpt lat="48.1107854" lon="-3.0039526">
	<ele>66.50</ele>
</trkpt>
<trkpt lat="48.1105035" lon="-3.0040413">
	<ele>69.80</ele>
</trkpt>
<trkpt lat="48.1098484" lon="-3.0043567">
	<ele>64.60</ele>
</trkpt>
<trkpt lat="48.1096663" lon="-3.0043940">
	<ele>62.30</ele>
</trkpt>
<trkpt lat="48.1095061" lon="-3.0043621">
	<ele>60.60</ele>
</trkpt>
<trkpt lat="48.1089249" lon="-3.0041034">
	<ele>59.10</ele>
</trkpt>
<trkpt lat="48.1084637" lon="-3.0039821">
	<ele>59.40</ele>
</trkpt>
<trkpt lat="48.1081676" lon="-3.0037947">
	<ele>61.80</ele>
</trkpt>
<trkpt lat="48.1061155" lon="-3.0015807">
	<ele>63.80</ele>
</trkpt>
<trkpt lat="48.1054305" lon="-3.0009273">
	<ele>63.20</ele>
</trkpt>
<trkpt lat="48.1052139" lon="-3.0006458">
	<ele>63.00</ele>
</trkpt>
<trkpt lat="48.1047278" lon="-2.9997764">
	<ele>62.50</ele>
</trkpt>
<trkpt lat="48.1043240" lon="-2.9992536">
	<ele>62.60</ele>
</trkpt>
<trkpt lat="48.1026877" lon="-2.9975374">
	<ele>62.00</ele>
</trkpt>
<trkpt lat="48.1020470" lon="-2.9970091">
	<ele>61.00</ele>
</trkpt>
<trkpt lat="48.1002727" lon="-2.9958002">
	<ele>61.90</ele>
</trkpt>
<trkpt lat="48.0992865" lon="-2.9950591">
	<ele>61.60</ele>
</trkpt>
<trkpt lat="48.0988452" lon="-2.9944671">
	<ele>61.70</ele>
</trkpt>
<trkpt lat="48.0974057" lon="-2.9922615">
	<ele>60.90</ele>
</trkpt>
<trkpt lat="48.0967752" lon="-2.9914746">
	<ele>61.70</ele>
</trkpt>
<trkpt lat="48.0965563" lon="-2.9912479">
	<ele>62.30</ele>
</trkpt>
<trkpt lat="48.0961361" lon="-2.9909343">
	<ele>62.80</ele>
</trkpt>
<trkpt lat="48.0956934" lon="-2.9906792">
	<ele>62.80</ele>
</trkpt>
<trkpt lat="48.0942053" lon="-2.9901374">
	<ele>61.30</ele>
</trkpt>
<trkpt lat="48.0937162" lon="-2.9900163">
	<ele>61.40</ele>
</trkpt>
<trkpt lat="48.0932963" lon="-2.9900374">
	<ele>61.90</ele>
</trkpt>
<trkpt lat="48.0926830" lon="-2.9901787">
	<ele>61.00</ele>
</trkpt>
<trkpt lat="48.0925561" lon="-2.9901751">
	<ele>60.50</ele>
</trkpt>
<trkpt lat="48.0923670" lon="-2.9900879">
	<ele>60.30</ele>
</trkpt>
<trkpt lat="48.0914929" lon="-2.9894599">
	<ele>65.30</ele>
</trkpt>
<trkpt lat="48.0911286" lon="-2.9891435">
	<ele>62.60</ele>
</trkpt>
<trkpt lat="48.0902224" lon="-2.9879678">
	<ele>59.70</ele>
</trkpt>
<trkpt lat="48.0895831" lon="-2.9873313">
	<ele>60.20</ele>
</trkpt>
<trkpt lat="48.0881639" lon="-2.9861236">
	<ele>60.50</ele>
</trkpt>
<trkpt lat="48.0871308" lon="-2.9854799">
	<ele>60.20</ele>
</trkpt>
<trkpt lat="48.0862469" lon="-2.9847998">
	<ele>59.30</ele>
</trkpt>
<trkpt lat="48.0849864" lon="-2.9840571">
	<ele>59.60</ele>
</trkpt>
<trkpt lat="48.0845228" lon="-2.9838480">
	<ele>59.60</ele>
</trkpt>
<trkpt lat="48.0839934" lon="-2.9836474">
	<ele>60.20</ele>
</trkpt>
<trkpt lat="48.0833649" lon="-2.9836251">
	<ele>58.20</ele>
</trkpt>
<trkpt lat="48.0831345" lon="-2.9836769">
	<ele>57.90</ele>
</trkpt>
<trkpt lat="48.0825369" lon="-2.9836580">
	<ele>58.00</ele>
</trkpt>
<trkpt lat="48.0818414" lon="-2.9837031">
	<ele>59.20</ele>
</trkpt>
<trkpt lat="48.0811740" lon="-2.9838796">
	<ele>59.80</ele>
</trkpt>
<trkpt lat="48.0796453" lon="-2.9841403">
	<ele>61.40</ele>
</trkpt>
<trkpt lat="48.0787649" lon="-2.9844791">
	<ele>61.30</ele>
</trkpt>
<trkpt lat="48.0779789" lon="-2.9849142">
	<ele>62.10</ele>
</trkpt>
<trkpt lat="48.0776815" lon="-2.9850027">
	<ele>61.80</ele>
</trkpt>
<trkpt lat="48.0772017" lon="-2.9850155">
	<ele>58.40</ele>
</trkpt>
<trkpt lat="48.0769730" lon="-2.9849018">
	<ele>57.30</ele>
</trkpt>
<trkpt lat="48.0766808" lon="-2.9846471">
	<ele>59.10</ele>
</trkpt>
<trkpt lat="48.0762890" lon="-2.9841588">
	<ele>62.30</ele>
</trkpt>
<trkpt lat="48.0759030" lon="-2.9834329">
	<ele>62.50</ele>
</trkpt>
<trkpt lat="48.0754852" lon="-2.9821747">
	<ele>60.60</ele>
</trkpt>
<trkpt lat="48.0753955" lon="-2.9815320">
	<ele>57.90</ele>
</trkpt>
<trkpt lat="48.0754175" lon="-2.9805974">
	<ele>58.30</ele>
</trkpt>
<trkpt lat="48.0754999" lon="-2.9800090">
	<ele>60.30</ele>
</trkpt>
<trkpt lat="48.0757596" lon="-2.9773134">
	<ele>61.70</ele>
</trkpt>
<trkpt lat="48.0760269" lon="-2.9760434">
	<ele>58.90</ele>
</trkpt>
<trkpt lat="48.0764232" lon="-2.9749808">
	<ele>59.20</ele>
</trkpt>
<trkpt lat="48.0765358" lon="-2.9745380">
	<ele>58.70</ele>
</trkpt>
<trkpt lat="48.0765808" lon="-2.9742293">
	<ele>59.00</ele>
</trkpt>
<trkpt lat="48.0766020" lon="-2.9737568">
	<ele>59.10</ele>
</trkpt>
<trkpt lat="48.0765848" lon="-2.9734418">
	<ele>59.40</ele>
</trkpt>
<trkpt lat="48.0764414" lon="-2.9723363">
	<ele>60.50</ele>
</trkpt>
<trkpt lat="48.0762575" lon="-2.9714614">
	<ele>59.70</ele>
</trkpt>
<trkpt lat="48.0761488" lon="-2.9710823">
	<ele>58.90</ele>
</trkpt>
<trkpt lat="48.0756704" lon="-2.9698382">
	<ele>59.60</ele>
</trkpt>
<trkpt lat="48.0752458" lon="-2.9693592">
	<ele>58.40</ele>
</trkpt>
<trkpt lat="48.0743968" lon="-2.9686789">
	<ele>59.20</ele>
</trkpt>
<trkpt lat="48.0734624" lon="-2.9682302">
	<ele>59.50</ele>
</trkpt>
<trkpt lat="48.0732283" lon="-2.9680618">
	<ele>59.20</ele>
</trkpt>
<trkpt lat="48.0728678" lon="-2.9676391">
	<ele>57.70</ele>
</trkpt>
<trkpt lat="48.0726410" lon="-2.9672666">
	<ele>57.90</ele>
</trkpt>
<trkpt lat="48.0724281" lon="-2.9668097">
	<ele>57.60</ele>
</trkpt>
<trkpt lat="48.0723695" lon="-2.9667893">
	<ele>57.90</ele>
</trkpt>
<trkpt lat="48.0724094" lon="-2.9667561">
	<ele>57.90</ele>
</trkpt>
<trkpt lat="48.0722568" lon="-2.9661018">
	<ele>58.80</ele>
</trkpt>
<trkpt lat="48.0722710" lon="-2.9655786">
	<ele>59.80</ele>
</trkpt>
<trkpt lat="48.0723922" lon="-2.9651271">
	<ele>60.50</ele>
</trkpt>
<trkpt lat="48.0732885" lon="-2.9643968">
	<ele>59.20</ele>
</trkpt>
<trkpt lat="48.0738647" lon="-2.9640142">
	<ele>60.80</ele>
</trkpt>
<trkpt lat="48.0741881" lon="-2.9637345">
	<ele>62.60</ele>
</trkpt>
<trkpt lat="48.0745116" lon="-2.9629281">
	<ele>62.90</ele>
</trkpt>
<trkpt lat="48.0745834" lon="-2.9624729">
	<ele>62.20</ele>
</trkpt>
<trkpt lat="48.0743678" lon="-2.9622908">
	<ele>62.10</ele>
</trkpt>
<trkpt lat="48.0751995" lon="-2.9593174">
	<ele>62.80</ele>
</trkpt>
<trkpt lat="48.0754847" lon="-2.9586833">
	<ele>63.20</ele>
</trkpt>
<trkpt lat="48.0759656" lon="-2.9581461">
	<ele>63.10</ele>
</trkpt>
<trkpt lat="48.0774466" lon="-2.9567581">
	<ele>68.00</ele>
</trkpt>
<trkpt lat="48.0779363" lon="-2.9562454">
	<ele>70.00</ele>
</trkpt>
<trkpt lat="48.0818639" lon="-2.9524725">
	<ele>67.40</ele>
</trkpt>
<trkpt lat="48.0827864" lon="-2.9514743">
	<ele>65.90</ele>
</trkpt>
<trkpt lat="48.0845181" lon="-2.9486162">
	<ele>68.20</ele>
</trkpt>
<trkpt lat="48.0852473" lon="-2.9473761">
	<ele>69.90</ele>
</trkpt>
<trkpt lat="48.0854115" lon="-2.9469398">
	<ele>70.20</ele>
</trkpt>
<trkpt lat="48.0854771" lon="-2.9465769">
	<ele>70.40</ele>
</trkpt>
<trkpt lat="48.0858265" lon="-2.9433796">
	<ele>70.90</ele>
</trkpt>
<trkpt lat="48.0858895" lon="-2.9430303">
	<ele>71.90</ele>
</trkpt>
<trkpt lat="48.0861214" lon="-2.9424458">
	<ele>72.70</ele>
</trkpt>
<trkpt lat="48.0876461" lon="-2.9400157">
	<ele>74.80</ele>
</trkpt>
<trkpt lat="48.0880383" lon="-2.9393347">
	<ele>75.00</ele>
</trkpt>
<trkpt lat="48.0884418" lon="-2.9387352">
	<ele>75.10</ele>
</trkpt>
<trkpt lat="48.0889711" lon="-2.9378334">
	<ele>74.90</ele>
</trkpt>
<trkpt lat="48.0891491" lon="-2.9375822">
	<ele>74.90</ele>
</trkpt>
<trkpt lat="48.0894728" lon="-2.9372564">
	<ele>75.00</ele>
</trkpt>
<trkpt lat="48.0895546" lon="-2.9372068">
	<ele>74.90</ele>
</trkpt>
<trkpt lat="48.0914945" lon="-2.9368090">
	<ele>73.30</ele>
</trkpt>
<trkpt lat="48.0936651" lon="-2.9364448">
	<ele>75.60</ele>
</trkpt>
<trkpt lat="48.0962387" lon="-2.9365324">
	<ele>78.50</ele>
</trkpt>
<trkpt lat="48.0966322" lon="-2.9365874">
	<ele>78.40</ele>
</trkpt>
<trkpt lat="48.0969107" lon="-2.9366890">
	<ele>78.40</ele>
</trkpt>
<trkpt lat="48.0978507" lon="-2.9372043">
	<ele>79.70</ele>
</trkpt>
<trkpt lat="48.1017104" lon="-2.9394934">
	<ele>82.50</ele>
</trkpt>
<trkpt lat="48.1058458" lon="-2.9409538">
	<ele>84.60</ele>
</trkpt>
<trkpt lat="48.1059942" lon="-2.9409774">
	<ele>84.60</ele>
</trkpt>
<trkpt lat="48.1061534" lon="-2.9409450">
	<ele>84.50</ele>
</trkpt>
<trkpt lat="48.1063553" lon="-2.9408408">
	<ele>85.40</ele>
</trkpt>
<trkpt lat="48.1065106" lon="-2.9406855">
	<ele>85.50</ele>
</trkpt>
<trkpt lat="48.1066610" lon="-2.9404547">
	<ele>86.60</ele>
</trkpt>
<trkpt lat="48.1068151" lon="-2.9401289">
	<ele>86.90</ele>
</trkpt>
<trkpt lat="48.1068444" lon="-2.9399101">
	<ele>86.70</ele>
</trkpt>
<trkpt lat="48.1066091" lon="-2.9366140">
	<ele>91.70</ele>
</trkpt>
<trkpt lat="48.1066163" lon="-2.9360554">
	<ele>93.80</ele>
</trkpt>
<trkpt lat="48.1067731" lon="-2.9342454">
	<ele>92.70</ele>
</trkpt>
<trkpt lat="48.1068310" lon="-2.9331260">
	<ele>91.20</ele>
</trkpt>
<trkpt lat="48.1063972" lon="-2.9295054">
	<ele>97.30</ele>
</trkpt>
<trkpt lat="48.1058791" lon="-2.9274959">
	<ele>99.70</ele>
</trkpt>
<trkpt lat="48.1057110" lon="-2.9260938">
	<ele>102.60</ele>
</trkpt>
<trkpt lat="48.1059952" lon="-2.9238369">
	<ele>110.50</ele>
</trkpt>
<trkpt lat="48.1060083" lon="-2.9232388">
	<ele>113.80</ele>
</trkpt>
<trkpt lat="48.1061659" lon="-2.9218018">
	<ele>118.00</ele>
</trkpt>
<trkpt lat="48.1061776" lon="-2.9206838">
	<ele>119.80</ele>
</trkpt>
<trkpt lat="48.1061300" lon="-2.9187674">
	<ele>123.40</ele>
</trkpt>
<trkpt lat="48.1061675" lon="-2.9172025">
	<ele>114.90</ele>
</trkpt>
<trkpt lat="48.1062984" lon="-2.9169083">
	<ele>114.10</ele>
</trkpt>
<trkpt lat="48.1062310" lon="-2.9160334">
	<ele>110.00</ele>
</trkpt>
<trkpt lat="48.1058146" lon="-2.9140209">
	<ele>104.90</ele>
</trkpt>
<trkpt lat="48.1058165" lon="-2.9135746">
	<ele>106.80</ele>
</trkpt>
<trkpt lat="48.1058778" lon="-2.9131378">
	<ele>108.20</ele>
</trkpt>
<trkpt lat="48.1060476" lon="-2.9126003">
	<ele>109.00</ele>
</trkpt>
<trkpt lat="48.1063063" lon="-2.9121487">
	<ele>109.40</ele>
</trkpt>
<trkpt lat="48.1065480" lon="-2.9118861">
	<ele>108.10</ele>
</trkpt>
<trkpt lat="48.1067264" lon="-2.9117532">
	<ele>106.90</ele>
</trkpt>
<trkpt lat="48.1071109" lon="-2.9115994">
	<ele>107.00</ele>
</trkpt>
<trkpt lat="48.1084680" lon="-2.9114376">
	<ele>102.90</ele>
</trkpt>
<trkpt lat="48.1097507" lon="-2.9113386">
	<ele>109.50</ele>
</trkpt>
<trkpt lat="48.1115252" lon="-2.9119533">
	<ele>109.30</ele>
</trkpt>
<trkpt lat="48.1118234" lon="-2.9119156">
	<ele>109.30</ele>
</trkpt>
<trkpt lat="48.1120912" lon="-2.9117163">
	<ele>109.40</ele>
</trkpt>
<trkpt lat="48.1122492" lon="-2.9114770">
	<ele>109.40</ele>
</trkpt>
<trkpt lat="48.1123786" lon="-2.9110741">
	<ele>109.20</ele>
</trkpt>
<trkpt lat="48.1124048" lon="-2.9107404">
	<ele>109.50</ele>
</trkpt>
<trkpt lat="48.1123802" lon="-2.9094328">
	<ele>108.50</ele>
</trkpt>
<trkpt lat="48.1126906" lon="-2.9084151">
	<ele>110.40</ele>
</trkpt>
<trkpt lat="48.1137790" lon="-2.9053890">
	<ele>109.30</ele>
</trkpt>
<trkpt lat="48.1140698" lon="-2.9048268">
	<ele>109.70</ele>
</trkpt>
<trkpt lat="48.1146260" lon="-2.9042094">
	<ele>109.90</ele>
</trkpt>
<trkpt lat="48.1147595" lon="-2.9040095">
	<ele>110.30</ele>
</trkpt>
<trkpt lat="48.1148793" lon="-2.9037416">
	<ele>109.90</ele>
</trkpt>
<trkpt lat="48.1149662" lon="-2.9033768">
	<ele>109.70</ele>
</trkpt>
<trkpt lat="48.1149683" lon="-2.9031110">
	<ele>109.50</ele>
</trkpt>
<trkpt lat="48.1148884" lon="-2.9027375">
	<ele>109.20</ele>
</trkpt>
<trkpt lat="48.1148730" lon="-2.9024996">
	<ele>109.10</ele>
</trkpt>
<trkpt lat="48.1150712" lon="-2.9024278">
	<ele>109.00</ele>
</trkpt>
<trkpt lat="48.1140145" lon="-2.8954738">
	<ele>120.70</ele>
</trkpt>
<trkpt lat="48.1139488" lon="-2.8947585">
	<ele>122.40</ele>
</trkpt>
<trkpt lat="48.1139133" lon="-2.8937079">
	<ele>125.40</ele>
</trkpt>
<trkpt lat="48.1139346" lon="-2.8932147">
	<ele>126.60</ele>
</trkpt>
<trkpt lat="48.1139976" lon="-2.8928375">
	<ele>126.90</ele>
</trkpt>
<trkpt lat="48.1142607" lon="-2.8921135">
	<ele>127.80</ele>
</trkpt>
<trkpt lat="48.1143653" lon="-2.8917156">
	<ele>127.90</ele>
</trkpt>
<trkpt lat="48.1144947" lon="-2.8906176">
	<ele>129.10</ele>
</trkpt>
<trkpt lat="48.1145090" lon="-2.8903310">
	<ele>129.50</ele>
</trkpt>
<trkpt lat="48.1142818" lon="-2.8886472">
	<ele>132.30</ele>
</trkpt>
<trkpt lat="48.1142337" lon="-2.8879845">
	<ele>133.90</ele>
</trkpt>
<trkpt lat="48.1142623" lon="-2.8874112">
	<ele>134.10</ele>
</trkpt>
<trkpt lat="48.1145125" lon="-2.8847795">
	<ele>134.60</ele>
</trkpt>
<trkpt lat="48.1147897" lon="-2.8837030">
	<ele>133.10</ele>
</trkpt>
<trkpt lat="48.1154045" lon="-2.8817691">
	<ele>132.80</ele>
</trkpt>
<trkpt lat="48.1155992" lon="-2.8812599">
	<ele>133.20</ele>
</trkpt>
<trkpt lat="48.1158008" lon="-2.8809537">
	<ele>133.80</ele>
</trkpt>
<trkpt lat="48.1163850" lon="-2.8804424">
	<ele>134.60</ele>
</trkpt>
<trkpt lat="48.1167164" lon="-2.8800445">
	<ele>134.20</ele>
</trkpt>
<trkpt lat="48.1168677" lon="-2.8797276">
	<ele>132.30</ele>
</trkpt>
<trkpt lat="48.1170638" lon="-2.8789858">
	<ele>131.10</ele>
</trkpt>
<trkpt lat="48.1174134" lon="-2.8772352">
	<ele>132.30</ele>
</trkpt>
<trkpt lat="48.1178476" lon="-2.8749520">
	<ele>133.20</ele>
</trkpt>
<trkpt lat="48.1179948" lon="-2.8740379">
	<ele>133.30</ele>
</trkpt>
<trkpt lat="48.1180090" lon="-2.8735491">
	<ele>132.90</ele>
</trkpt>
<trkpt lat="48.1179232" lon="-2.8729630">
	<ele>132.60</ele>
</trkpt>
<trkpt lat="48.1177531" lon="-2.8722990">
	<ele>132.80</ele>
</trkpt>
<trkpt lat="48.1176224" lon="-2.8715946">
	<ele>132.80</ele>
</trkpt>
<trkpt lat="48.1176408" lon="-2.8711567">
	<ele>132.50</ele>
</trkpt>
<trkpt lat="48.1179722" lon="-2.8685186">
	<ele>131.90</ele>
</trkpt>
<trkpt lat="48.1182836" lon="-2.8672339">
	<ele>132.10</ele>
</trkpt>
<trkpt lat="48.1187285" lon="-2.8663879">
	<ele>132.10</ele>
</trkpt>
<trkpt lat="48.1193496" lon="-2.8654051">
	<ele>131.90</ele>
</trkpt>
<trkpt lat="48.1196234" lon="-2.8648897">
	<ele>132.40</ele>
</trkpt>
<trkpt lat="48.1197659" lon="-2.8643237">
	<ele>133.00</ele>
</trkpt>
<trkpt lat="48.1198017" lon="-2.8638890">
	<ele>133.80</ele>
</trkpt>
<trkpt lat="48.1197519" lon="-2.8632450">
	<ele>133.90</ele>
</trkpt>
<trkpt lat="48.1196517" lon="-2.8628937">
	<ele>134.40</ele>
</trkpt>
<trkpt lat="48.1193425" lon="-2.8622186">
	<ele>133.80</ele>
</trkpt>
<trkpt lat="48.1192232" lon="-2.8617604">
	<ele>133.00</ele>
</trkpt>
<trkpt lat="48.1191845" lon="-2.8614475">
	<ele>132.90</ele>
</trkpt>
<trkpt lat="48.1191890" lon="-2.8610182">
	<ele>132.90</ele>
</trkpt>
<trkpt lat="48.1198362" lon="-2.8580766">
	<ele>132.20</ele>
</trkpt>
<trkpt lat="48.1198665" lon="-2.8574151">
	<ele>133.10</ele>
</trkpt>
<trkpt lat="48.1198045" lon="-2.8570209">
	<ele>132.00</ele>
</trkpt>
<trkpt lat="48.1191838" lon="-2.8548636">
	<ele>130.80</ele>
</trkpt>
<trkpt lat="48.1190575" lon="-2.8543389">
	<ele>131.80</ele>
</trkpt>
<trkpt lat="48.1189609" lon="-2.8532594">
	<ele>131.00</ele>
</trkpt>
<trkpt lat="48.1188998" lon="-2.8518553">
	<ele>132.00</ele>
</trkpt>
<trkpt lat="48.1187871" lon="-2.8512674">
	<ele>132.00</ele>
</trkpt>
<trkpt lat="48.1186173" lon="-2.8506788">
	<ele>132.00</ele>
</trkpt>
<trkpt lat="48.1184555" lon="-2.8504443">
	<ele>131.70</ele>
</trkpt>
<trkpt lat="48.1180610" lon="-2.8500011">
	<ele>131.90</ele>
</trkpt>
<trkpt lat="48.1178581" lon="-2.8499280">
	<ele>131.70</ele>
</trkpt>
<trkpt lat="48.1150083" lon="-2.8493593">
	<ele>131.30</ele>
</trkpt>
<trkpt lat="48.1147730" lon="-2.8492574">
	<ele>133.20</ele>
</trkpt>
<trkpt lat="48.1141486" lon="-2.8487187">
	<ele>135.30</ele>
</trkpt>
<trkpt lat="48.1137775" lon="-2.8479640">
	<ele>138.10</ele>
</trkpt>
<trkpt lat="48.1136423" lon="-2.8475496">
	<ele>140.60</ele>
</trkpt>
<trkpt lat="48.1135669" lon="-2.8470912">
	<ele>141.70</ele>
</trkpt>
<trkpt lat="48.1133521" lon="-2.8449388">
	<ele>144.30</ele>
</trkpt>
<trkpt lat="48.1133558" lon="-2.8443881">
	<ele>145.10</ele>
</trkpt>
<trkpt lat="48.1134105" lon="-2.8439694">
	<ele>145.40</ele>
</trkpt>
<trkpt lat="48.1135086" lon="-2.8435607">
	<ele>146.60</ele>
</trkpt>
<trkpt lat="48.1137298" lon="-2.8429936">
	<ele>147.00</ele>
</trkpt>
<trkpt lat="48.1165907" lon="-2.8365213">
	<ele>144.30</ele>
</trkpt>
<trkpt lat="48.1167430" lon="-2.8359067">
	<ele>142.80</ele>
</trkpt>
<trkpt lat="48.1166420" lon="-2.8349492">
	<ele>139.80</ele>
</trkpt>
<trkpt lat="48.1164030" lon="-2.8344597">
	<ele>136.60</ele>
</trkpt>
<trkpt lat="48.1164513" lon="-2.8343856">
	<ele>136.60</ele>
</trkpt>
<trkpt lat="48.1158691" lon="-2.8330817">
	<ele>133.20</ele>
</trkpt>
<trkpt lat="48.1155511" lon="-2.8326348">
	<ele>131.60</ele>
</trkpt>
<trkpt lat="48.1131663" lon="-2.8297702">
	<ele>123.80</ele>
</trkpt>
<trkpt lat="48.1128214" lon="-2.8291822">
	<ele>124.30</ele>
</trkpt>
<trkpt lat="48.1124194" lon="-2.8280705">
	<ele>122.80</ele>
</trkpt>
<trkpt lat="48.1122505" lon="-2.8274158">
	<ele>120.70</ele>
</trkpt>
<trkpt lat="48.1117880" lon="-2.8234287">
	<ele>114.10</ele>
</trkpt>
<trkpt lat="48.1117199" lon="-2.8234212">
	<ele>113.70</ele>
</trkpt>
<trkpt lat="48.1116360" lon="-2.8228123">
	<ele>113.70</ele>
</trkpt>
<trkpt lat="48.1116535" lon="-2.8224580">
	<ele>113.80</ele>
</trkpt>
<trkpt lat="48.1116033" lon="-2.8221919">
	<ele>113.70</ele>
</trkpt>
<trkpt lat="48.1114160" lon="-2.8216945">
	<ele>113.00</ele>
</trkpt>
<trkpt lat="48.1104440" lon="-2.8195643">
	<ele>112.20</ele>
</trkpt>
<trkpt lat="48.1079024" lon="-2.8137501">
	<ele>103.10</ele>
</trkpt>
<trkpt lat="48.1063880" lon="-2.8105758">
	<ele>99.90</ele>
</trkpt>
<trkpt lat="48.1062652" lon="-2.8102236">
	<ele>100.00</ele>
</trkpt>
<trkpt lat="48.1059616" lon="-2.8088179">
	<ele>100.60</ele>
</trkpt>
<trkpt lat="48.1059199" lon="-2.8084525">
	<ele>100.40</ele>
</trkpt>
<trkpt lat="48.1059104" lon="-2.8079212">
	<ele>99.30</ele>
</trkpt>
<trkpt lat="48.1061119" lon="-2.8034121">
	<ele>97.10</ele>
</trkpt>
<trkpt lat="48.1061043" lon="-2.8027786">
	<ele>95.80</ele>
</trkpt>
<trkpt lat="48.1055205" lon="-2.7981565">
	<ele>90.60</ele>
</trkpt>
<trkpt lat="48.1053321" lon="-2.7968927">
	<ele>89.20</ele>
</trkpt>
<trkpt lat="48.1048291" lon="-2.7942000">
	<ele>84.50</ele>
</trkpt>
<trkpt lat="48.1044595" lon="-2.7900070">
	<ele>81.00</ele>
</trkpt>
<trkpt lat="48.1044709" lon="-2.7884400">
	<ele>80.60</ele>
</trkpt>
<trkpt lat="48.1046625" lon="-2.7859393">
	<ele>79.00</ele>
</trkpt>
<trkpt lat="48.1047425" lon="-2.7855871">
	<ele>78.90</ele>
</trkpt>
<trkpt lat="48.1049616" lon="-2.7848939">
	<ele>78.20</ele>
</trkpt>
<trkpt lat="48.1056567" lon="-2.7828331">
	<ele>74.80</ele>
</trkpt>
<trkpt lat="48.1057129" lon="-2.7825616">
	<ele>74.70</ele>
</trkpt>
<trkpt lat="48.1057568" lon="-2.7819601">
	<ele>74.00</ele>
</trkpt>
<trkpt lat="48.1057384" lon="-2.7816859">
	<ele>73.80</ele>
</trkpt>
<trkpt lat="48.1055998" lon="-2.7812673">
	<ele>73.50</ele>
</trkpt>
<trkpt lat="48.1053936" lon="-2.7809001">
	<ele>73.20</ele>
</trkpt>
<trkpt lat="48.1050689" lon="-2.7806463">
	<ele>72.50</ele>
</trkpt>
<trkpt lat="48.1038866" lon="-2.7803127">
	<ele>71.50</ele>
</trkpt>
<trkpt lat="48.0991787" lon="-2.7794125">
	<ele>71.80</ele>
</trkpt>
<trkpt lat="48.0988297" lon="-2.7792994">
	<ele>70.80</ele>
</trkpt>
<trkpt lat="48.0985074" lon="-2.7790824">
	<ele>70.50</ele>
</trkpt>
<trkpt lat="48.0967585" lon="-2.7772731">
	<ele>69.60</ele>
</trkpt>
<trkpt lat="48.0963112" lon="-2.7768664">
	<ele>69.80</ele>
</trkpt>
<trkpt lat="48.0960612" lon="-2.7767603">
	<ele>69.00</ele>
</trkpt>
<trkpt lat="48.0948271" lon="-2.7767424">
	<ele>68.30</ele>
</trkpt>
<trkpt lat="48.0947918" lon="-2.7771052">
	<ele>68.90</ele>
</trkpt>
<trkpt lat="48.0946815" lon="-2.7770824">
	<ele>68.50</ele>
</trkpt>
<trkpt lat="48.0944334" lon="-2.7771532">
	<ele>68.30</ele>
</trkpt>
<trkpt lat="48.0940811" lon="-2.7773668">
	<ele>68.10</ele>
</trkpt>
<trkpt lat="48.0936779" lon="-2.7775203">
	<ele>68.00</ele>
</trkpt>
<trkpt lat="48.0905300" lon="-2.7777328">
	<ele>66.90</ele>
</trkpt>
<trkpt lat="48.0901302" lon="-2.7776162">
	<ele>67.40</ele>
</trkpt>
<trkpt lat="48.0895312" lon="-2.7773206">
	<ele>67.40</ele>
</trkpt>
<trkpt lat="48.0873994" lon="-2.7757712">
	<ele>69.80</ele>
</trkpt>
<trkpt lat="48.0871391" lon="-2.7754216">
	<ele>69.80</ele>
</trkpt>
<trkpt lat="48.0870621" lon="-2.7752022">
	<ele>69.80</ele>
</trkpt>
<trkpt lat="48.0868761" lon="-2.7745108">
	<ele>69.80</ele>
</trkpt>
<trkpt lat="48.0864473" lon="-2.7731708">
	<ele>72.40</ele>
</trkpt>
<trkpt lat="48.0864210" lon="-2.7729304">
	<ele>72.10</ele>
</trkpt>
<trkpt lat="48.0865078" lon="-2.7721806">
	<ele>69.00</ele>
</trkpt>
<trkpt lat="48.0866234" lon="-2.7714935">
	<ele>68.50</ele>
</trkpt>
<trkpt lat="48.0868896" lon="-2.7706140">
	<ele>67.20</ele>
</trkpt>
<trkpt lat="48.0873341" lon="-2.7693708">
	<ele>67.00</ele>
</trkpt>
<trkpt lat="48.0873605" lon="-2.7690356">
	<ele>66.00</ele>
</trkpt>
<trkpt lat="48.0873462" lon="-2.7688851">
	<ele>65.30</ele>
</trkpt>
<trkpt lat="48.0872932" lon="-2.7686225">
	<ele>65.20</ele>
</trkpt>
<trkpt lat="48.0871541" lon="-2.7683579">
	<ele>65.10</ele>
</trkpt>
<trkpt lat="48.0870364" lon="-2.7682342">
	<ele>65.10</ele>
</trkpt>
<trkpt lat="48.0857573" lon="-2.7672912">
	<ele>66.00</ele>
</trkpt>
<trkpt lat="48.0809775" lon="-2.7635820">
	<ele>68.70</ele>
</trkpt>
<trkpt lat="48.0807028" lon="-2.7632624">
	<ele>69.10</ele>
</trkpt>
<trkpt lat="48.0803824" lon="-2.7624927">
	<ele>65.80</ele>
</trkpt>
<trkpt lat="48.0801665" lon="-2.7621486">
	<ele>65.20</ele>
</trkpt>
<trkpt lat="48.0797939" lon="-2.7615913">
	<ele>65.60</ele>
</trkpt>
<trkpt lat="48.0789785" lon="-2.7605094">
	<ele>67.50</ele>
</trkpt>
<trkpt lat="48.0784728" lon="-2.7599911">
	<ele>66.20</ele>
</trkpt>
<trkpt lat="48.0762258" lon="-2.7579204">
	<ele>65.60</ele>
</trkpt>
<trkpt lat="48.0759076" lon="-2.7575918">
	<ele>65.40</ele>
</trkpt>
<trkpt lat="48.0754799" lon="-2.7570020">
	<ele>65.00</ele>
</trkpt>
<trkpt lat="48.0753237" lon="-2.7569004">
	<ele>65.00</ele>
</trkpt>
<trkpt lat="48.0746268" lon="-2.7569037">
	<ele>64.90</ele>
</trkpt>
<trkpt lat="48.0742222" lon="-2.7567634">
	<ele>65.10</ele>
</trkpt>
<trkpt lat="48.0738015" lon="-2.7562358">
	<ele>64.60</ele>
</trkpt>
<trkpt lat="48.0735795" lon="-2.7566880">
	<ele>65.80</ele>
</trkpt>
<trkpt lat="48.0720833" lon="-2.7557725">
	<ele>65.80</ele>
</trkpt>
<trkpt lat="48.0715972" lon="-2.7553234">
	<ele>64.20</ele>
</trkpt>
<trkpt lat="48.0714892" lon="-2.7552011">
	<ele>64.00</ele>
</trkpt>
<trkpt lat="48.0713813" lon="-2.7549442">
	<ele>64.50</ele>
</trkpt>
<trkpt lat="48.0708052" lon="-2.7539877">
	<ele>67.80</ele>
</trkpt>
<trkpt lat="48.0703140" lon="-2.7529511">
	<ele>67.00</ele>
</trkpt>
<trkpt lat="48.0702274" lon="-2.7526710">
	<ele>68.20</ele>
</trkpt>
<trkpt lat="48.0700295" lon="-2.7511830">
	<ele>66.70</ele>
</trkpt>
<trkpt lat="48.0700533" lon="-2.7507203">
	<ele>66.40</ele>
</trkpt>
<trkpt lat="48.0694720" lon="-2.7493662">
	<ele>67.00</ele>
</trkpt>
<trkpt lat="48.0693881" lon="-2.7492870">
	<ele>68.20</ele>
</trkpt>
<trkpt lat="48.0692337" lon="-2.7492703">
	<ele>69.60</ele>
</trkpt>
<trkpt lat="48.0690833" lon="-2.7493678">
	<ele>68.90</ele>
</trkpt>
<trkpt lat="48.0686800" lon="-2.7498048">
	<ele>68.80</ele>
</trkpt>
<trkpt lat="48.0684661" lon="-2.7499810">
	<ele>67.50</ele>
</trkpt>
<trkpt lat="48.0682409" lon="-2.7500366">
	<ele>67.50</ele>
</trkpt>
<trkpt lat="48.0681406" lon="-2.7500381">
	<ele>67.50</ele>
</trkpt>
<trkpt lat="48.0681190" lon="-2.7495799">
	<ele>73.80</ele>
</trkpt>
<trkpt lat="48.0680784" lon="-2.7495527">
	<ele>72.80</ele>
</trkpt>
<trkpt lat="48.0678440" lon="-2.7495015">
	<ele>71.20</ele>
</trkpt>
<trkpt lat="48.0676646" lon="-2.7495390">
	<ele>69.30</ele>
</trkpt>
<trkpt lat="48.0671466" lon="-2.7498625">
	<ele>66.30</ele>
</trkpt>
<trkpt lat="48.0667795" lon="-2.7496348">
	<ele>66.60</ele>
</trkpt>
<trkpt lat="48.0666494" lon="-2.7494827">
	<ele>67.70</ele>
</trkpt>
<trkpt lat="48.0665624" lon="-2.7491912">
	<ele>67.50</ele>
</trkpt>
<trkpt lat="48.0665510" lon="-2.7486428">
	<ele>67.80</ele>
</trkpt>
<trkpt lat="48.0664986" lon="-2.7482696">
	<ele>68.10</ele>
</trkpt>
<trkpt lat="48.0660956" lon="-2.7471165">
	<ele>67.30</ele>
</trkpt>
<trkpt lat="48.0657626" lon="-2.7464269">
	<ele>68.60</ele>
</trkpt>
<trkpt lat="48.0649503" lon="-2.7452121">
	<ele>66.10</ele>
</trkpt>
<trkpt lat="48.0646861" lon="-2.7447161">
	<ele>63.80</ele>
</trkpt>
<trkpt lat="48.0640403" lon="-2.7433409">
	<ele>60.80</ele>
</trkpt>
<trkpt lat="48.0632992" lon="-2.7421835">
	<ele>61.30</ele>
</trkpt>
<trkpt lat="48.0632057" lon="-2.7419852">
	<ele>61.50</ele>
</trkpt>
<trkpt lat="48.0630129" lon="-2.7411238">
	<ele>62.00</ele>
</trkpt>
<trkpt lat="48.0624406" lon="-2.7381358">
	<ele>61.70</ele>
</trkpt>
<trkpt lat="48.0622589" lon="-2.7375946">
	<ele>63.10</ele>
</trkpt>
<trkpt lat="48.0621255" lon="-2.7373551">
	<ele>63.30</ele>
</trkpt>
<trkpt lat="48.0609006" lon="-2.7358746">
	<ele>58.20</ele>
</trkpt>
<trkpt lat="48.0601709" lon="-2.7350233">
	<ele>58.70</ele>
</trkpt>
<trkpt lat="48.0596305" lon="-2.7345117">
	<ele>59.20</ele>
</trkpt>
<trkpt lat="48.0582105" lon="-2.7332707">
	<ele>63.20</ele>
</trkpt>
<trkpt lat="48.0579092" lon="-2.7331348">
	<ele>65.70</ele>
</trkpt>
<trkpt lat="48.0577450" lon="-2.7331241">
	<ele>66.20</ele>
</trkpt>
<trkpt lat="48.0574300" lon="-2.7332680">
	<ele>66.90</ele>
</trkpt>
<trkpt lat="48.0567123" lon="-2.7337775">
	<ele>66.30</ele>
</trkpt>
<trkpt lat="48.0564024" lon="-2.7339215">
	<ele>65.60</ele>
</trkpt>
<trkpt lat="48.0552511" lon="-2.7341466">
	<ele>61.50</ele>
</trkpt>
<trkpt lat="48.0537383" lon="-2.7348713">
	<ele>62.20</ele>
</trkpt>
<trkpt lat="48.0529625" lon="-2.7349517">
	<ele>60.70</ele>
</trkpt>
<trkpt lat="48.0527952" lon="-2.7349015">
	<ele>60.80</ele>
</trkpt>
<trkpt lat="48.0525227" lon="-2.7346725">
	<ele>60.40</ele>
</trkpt>
<trkpt lat="48.0520017" lon="-2.7338529">
	<ele>59.60</ele>
</trkpt>
<trkpt lat="48.0501400" lon="-2.7304656">
	<ele>60.10</ele>
</trkpt>
<trkpt lat="48.0450417" lon="-2.7211166">
	<ele>60.90</ele>
</trkpt>
<trkpt lat="48.0419767" lon="-2.7154409">
	<ele>59.30</ele>
</trkpt>
<trkpt lat="48.0417857" lon="-2.7150002">
	<ele>61.10</ele>
</trkpt>
<trkpt lat="48.0416071" lon="-2.7146961">
	<ele>62.30</ele>
</trkpt>
<trkpt lat="48.0414037" lon="-2.7144606">
	<ele>62.70</ele>
</trkpt>
<trkpt lat="48.0401000" lon="-2.7132410">
	<ele>58.10</ele>
</trkpt>
<trkpt lat="48.0384960" lon="-2.7116488">
	<ele>60.50</ele>
</trkpt>
<trkpt lat="48.0242743" lon="-2.6980655">
	<ele>53.00</ele>
</trkpt>
<trkpt lat="48.0239623" lon="-2.6977045">
	<ele>52.30</ele>
</trkpt>
<trkpt lat="48.0237560" lon="-2.6973335">
	<ele>52.00</ele>
</trkpt>
<trkpt lat="48.0235336" lon="-2.6966014">
	<ele>51.50</ele>
</trkpt>
<trkpt lat="48.0220677" lon="-2.6876365">
	<ele>52.40</ele>
</trkpt>
<trkpt lat="48.0220518" lon="-2.6874212">
	<ele>53.00</ele>
</trkpt>
<trkpt lat="48.0220729" lon="-2.6871383">
	<ele>53.50</ele>
</trkpt>
<trkpt lat="48.0222693" lon="-2.6856904">
	<ele>54.30</ele>
</trkpt>
<trkpt lat="48.0222586" lon="-2.6853191">
	<ele>54.50</ele>
</trkpt>
<trkpt lat="48.0221546" lon="-2.6846568">
	<ele>53.90</ele>
</trkpt>
<trkpt lat="48.0219660" lon="-2.6838297">
	<ele>53.30</ele>
</trkpt>
<trkpt lat="48.0210175" lon="-2.6823157">
	<ele>52.10</ele>
</trkpt>
<trkpt lat="48.0208340" lon="-2.6819030">
	<ele>51.50</ele>
</trkpt>
<trkpt lat="48.0205369" lon="-2.6809886">
	<ele>51.50</ele>
</trkpt>
<trkpt lat="48.0203238" lon="-2.6805067">
	<ele>52.10</ele>
</trkpt>
<trkpt lat="48.0200899" lon="-2.6801614">
	<ele>52.10</ele>
</trkpt>
<trkpt lat="48.0169467" lon="-2.6768567">
	<ele>48.60</ele>
</trkpt>
<trkpt lat="48.0161282" lon="-2.6762334">
	<ele>47.30</ele>
</trkpt>
<trkpt lat="48.0157752" lon="-2.6760333">
	<ele>47.10</ele>
</trkpt>
<trkpt lat="48.0146185" lon="-2.6755178">
	<ele>47.80</ele>
</trkpt>
<trkpt lat="48.0143940" lon="-2.6753727">
	<ele>47.80</ele>
</trkpt>
<trkpt lat="48.0136273" lon="-2.6747391">
	<ele>48.00</ele>
</trkpt>
<trkpt lat="48.0126766" lon="-2.6743560">
	<ele>48.40</ele>
</trkpt>
<trkpt lat="48.0124353" lon="-2.6741629">
	<ele>48.60</ele>
</trkpt>
<trkpt lat="48.0107538" lon="-2.6724314">
	<ele>46.10</ele>
</trkpt>
<trkpt lat="48.0106153" lon="-2.6727196">
	<ele>46.70</ele>
</trkpt>
<trkpt lat="48.0105458" lon="-2.6726995">
	<ele>46.70</ele>
</trkpt>
<trkpt lat="48.0098925" lon="-2.6719079">
	<ele>48.80</ele>
</trkpt>
<trkpt lat="48.0095172" lon="-2.6711376">
	<ele>48.20</ele>
</trkpt>
<trkpt lat="48.0094062" lon="-2.6709753">
	<ele>48.20</ele>
</trkpt>
<trkpt lat="48.0091280" lon="-2.6709059">
	<ele>48.70</ele>
</trkpt>
<trkpt lat="48.0091174" lon="-2.6699848">
	<ele>47.00</ele>
</trkpt>
<trkpt lat="48.0095708" lon="-2.6685399">
	<ele>45.30</ele>
</trkpt>
<trkpt lat="48.0096563" lon="-2.6681365">
	<ele>45.00</ele>
</trkpt>
<trkpt lat="48.0097598" lon="-2.6671487">
	<ele>44.50</ele>
</trkpt>
<trkpt lat="48.0098675" lon="-2.6665497">
	<ele>45.00</ele>
</trkpt>
<trkpt lat="48.0106879" lon="-2.6640221">
	<ele>48.70</ele>
</trkpt>
<trkpt lat="48.0107186" lon="-2.6638298">
	<ele>48.70</ele>
</trkpt>
<trkpt lat="48.0107086" lon="-2.6633947">
	<ele>48.60</ele>
</trkpt>
<trkpt lat="48.0105987" lon="-2.6629987">
	<ele>47.70</ele>
</trkpt>
<trkpt lat="48.0105103" lon="-2.6628042">
	<ele>47.80</ele>
</trkpt>
<trkpt lat="48.0095724" lon="-2.6614622">
	<ele>46.40</ele>
</trkpt>
<trkpt lat="48.0092397" lon="-2.6602894">
	<ele>46.70</ele>
</trkpt>
<trkpt lat="48.0091739" lon="-2.6601211">
	<ele>46.50</ele>
</trkpt>
<trkpt lat="48.0090814" lon="-2.6600081">
	<ele>46.70</ele>
</trkpt>
<trkpt lat="48.0089073" lon="-2.6598816">
	<ele>46.40</ele>
</trkpt>
<trkpt lat="48.0057004" lon="-2.6591399">
	<ele>47.10</ele>
</trkpt>
<trkpt lat="48.0055212" lon="-2.6590168">
	<ele>47.20</ele>
</trkpt>
<trkpt lat="48.0052060" lon="-2.6586736">
	<ele>47.80</ele>
</trkpt>
<trkpt lat="48.0050361" lon="-2.6583850">
	<ele>48.20</ele>
</trkpt>
<trkpt lat="48.0042010" lon="-2.6550553">
	<ele>45.10</ele>
</trkpt>
<trkpt lat="48.0039513" lon="-2.6542978">
	<ele>45.70</ele>
</trkpt>
<trkpt lat="48.0033191" lon="-2.6526729">
	<ele>46.00</ele>
</trkpt>
<trkpt lat="48.0030134" lon="-2.6522835">
	<ele>45.70</ele>
</trkpt>
<trkpt lat="48.0030597" lon="-2.6522539">
	<ele>46.10</ele>
</trkpt>
<trkpt lat="48.0029149" lon="-2.6520686">
	<ele>45.70</ele>
</trkpt>
<trkpt lat="48.0027484" lon="-2.6519050">
	<ele>45.60</ele>
</trkpt>
<trkpt lat="48.0025722" lon="-2.6517973">
	<ele>45.10</ele>
</trkpt>
<trkpt lat="48.0023042" lon="-2.6517117">
	<ele>44.60</ele>
</trkpt>
<trkpt lat="48.0021043" lon="-2.6516975">
	<ele>44.40</ele>
</trkpt>
<trkpt lat="48.0017821" lon="-2.6517484">
	<ele>44.80</ele>
</trkpt>
<trkpt lat="47.9972643" lon="-2.6537092">
	<ele>45.10</ele>
</trkpt>
<trkpt lat="47.9955489" lon="-2.6546818">
	<ele>43.30</ele>
</trkpt>
<trkpt lat="47.9944969" lon="-2.6556576">
	<ele>46.70</ele>
</trkpt>
<trkpt lat="47.9941876" lon="-2.6558344">
	<ele>51.50</ele>
</trkpt>
<trkpt lat="47.9939040" lon="-2.6558254">
	<ele>51.00</ele>
</trkpt>
<trkpt lat="47.9926004" lon="-2.6555829">
	<ele>42.20</ele>
</trkpt>
<trkpt lat="47.9921074" lon="-2.6553595">
	<ele>41.00</ele>
</trkpt>
<trkpt lat="47.9912824" lon="-2.6547948">
	<ele>43.30</ele>
</trkpt>
<trkpt lat="47.9903715" lon="-2.6538989">
	<ele>45.50</ele>
</trkpt>
<trkpt lat="47.9899940" lon="-2.6534575">
	<ele>45.10</ele>
</trkpt>
<trkpt lat="47.9897813" lon="-2.6530575">
	<ele>44.30</ele>
</trkpt>
<trkpt lat="47.9892189" lon="-2.6514311">
	<ele>42.80</ele>
</trkpt>
<trkpt lat="47.9890555" lon="-2.6511069">
	<ele>42.70</ele>
</trkpt>
<trkpt lat="47.9888574" lon="-2.6508813">
	<ele>42.90</ele>
</trkpt>
<trkpt lat="47.9886083" lon="-2.6507257">
	<ele>42.90</ele>
</trkpt>
<trkpt lat="47.9871942" lon="-2.6510264">
	<ele>43.00</ele>
</trkpt>
<trkpt lat="47.9869578" lon="-2.6510429">
	<ele>43.90</ele>
</trkpt>
<trkpt lat="47.9866226" lon="-2.6508646">
	<ele>45.00</ele>
</trkpt>
<trkpt lat="47.9854947" lon="-2.6500016">
	<ele>46.60</ele>
</trkpt>
<trkpt lat="47.9852468" lon="-2.6496636">
	<ele>46.50</ele>
</trkpt>
<trkpt lat="47.9843970" lon="-2.6482392">
	<ele>48.30</ele>
</trkpt>
<trkpt lat="47.9841841" lon="-2.6477085">
	<ele>46.80</ele>
</trkpt>
<trkpt lat="47.9837871" lon="-2.6464224">
	<ele>45.70</ele>
</trkpt>
<trkpt lat="47.9836749" lon="-2.6451765">
	<ele>46.10</ele>
</trkpt>
<trkpt lat="47.9840327" lon="-2.6422564">
	<ele>44.20</ele>
</trkpt>
<trkpt lat="47.9840278" lon="-2.6418302">
	<ele>44.40</ele>
</trkpt>
<trkpt lat="47.9839599" lon="-2.6415313">
	<ele>44.70</ele>
</trkpt>
<trkpt lat="47.9819508" lon="-2.6377704">
	<ele>47.90</ele>
</trkpt>
<trkpt lat="47.9797731" lon="-2.6335738">
	<ele>44.30</ele>
</trkpt>
<trkpt lat="47.9753006" lon="-2.6252636">
	<ele>40.80</ele>
</trkpt>
<trkpt lat="47.9749114" lon="-2.6246678">
	<ele>39.90</ele>
</trkpt>
<trkpt lat="47.9745390" lon="-2.6243686">
	<ele>39.50</ele>
</trkpt>
<trkpt lat="47.9726351" lon="-2.6237006">
	<ele>40.30</ele>
</trkpt>
<trkpt lat="47.9711841" lon="-2.6232443">
	<ele>40.90</ele>
</trkpt>
<trkpt lat="47.9704574" lon="-2.6229533">
	<ele>39.70</ele>
</trkpt>
<trkpt lat="47.9695383" lon="-2.6223592">
	<ele>38.70</ele>
</trkpt>
<trkpt lat="47.9680728" lon="-2.6210868">
	<ele>39.90</ele>
</trkpt>
<trkpt lat="47.9660380" lon="-2.6201919">
	<ele>38.10</ele>
</trkpt>
<trkpt lat="47.9660162" lon="-2.6193007">
	<ele>39.20</ele>
</trkpt>
<trkpt lat="47.9658690" lon="-2.6192850">
	<ele>39.20</ele>
</trkpt>
<trkpt lat="47.9657498" lon="-2.6193829">
	<ele>39.20</ele>
</trkpt>
<trkpt lat="47.9656237" lon="-2.6194228">
	<ele>38.60</ele>
</trkpt>
<trkpt lat="47.9653598" lon="-2.6194019">
	<ele>39.00</ele>
</trkpt>
<trkpt lat="47.9648356" lon="-2.6195809">
	<ele>38.10</ele>
</trkpt>
<trkpt lat="47.9634196" lon="-2.6205359">
	<ele>37.10</ele>
</trkpt>
<trkpt lat="47.9630728" lon="-2.6208474">
	<ele>37.30</ele>
</trkpt>
<trkpt lat="47.9617985" lon="-2.6223363">
	<ele>38.40</ele>
</trkpt>
<trkpt lat="47.9612966" lon="-2.6226953">
	<ele>41.30</ele>
</trkpt>
<trkpt lat="47.9607621" lon="-2.6228412">
	<ele>41.50</ele>
</trkpt>
<trkpt lat="47.9601047" lon="-2.6228104">
	<ele>41.20</ele>
</trkpt>
<trkpt lat="47.9599304" lon="-2.6227635">
	<ele>41.90</ele>
</trkpt>
<trkpt lat="47.9597756" lon="-2.6226547">
	<ele>41.90</ele>
</trkpt>
<trkpt lat="47.9596034" lon="-2.6225014">
	<ele>40.80</ele>
</trkpt>
<trkpt lat="47.9594133" lon="-2.6222174">
	<ele>40.00</ele>
</trkpt>
<trkpt lat="47.9589722" lon="-2.6213859">
	<ele>38.20</ele>
</trkpt>
<trkpt lat="47.9587598" lon="-2.6207378">
	<ele>37.10</ele>
</trkpt>
<trkpt lat="47.9579887" lon="-2.6181470">
	<ele>40.40</ele>
</trkpt>
<trkpt lat="47.9578573" lon="-2.6174010">
	<ele>40.60</ele>
</trkpt>
<trkpt lat="47.9578435" lon="-2.6169411">
	<ele>40.60</ele>
</trkpt>
<trkpt lat="47.9580327" lon="-2.6150565">
	<ele>39.30</ele>
</trkpt>
<trkpt lat="47.9580539" lon="-2.6145396">
	<ele>38.90</ele>
</trkpt>
<trkpt lat="47.9579431" lon="-2.6128647">
	<ele>38.80</ele>
</trkpt>
<trkpt lat="47.9578719" lon="-2.6122565">
	<ele>39.80</ele>
</trkpt>
<trkpt lat="47.9578532" lon="-2.6118494">
	<ele>40.40</ele>
</trkpt>
<trkpt lat="47.9578726" lon="-2.6115921">
	<ele>41.00</ele>
</trkpt>
<trkpt lat="47.9582649" lon="-2.6089291">
	<ele>40.20</ele>
</trkpt>
<trkpt lat="47.9584556" lon="-2.6081852">
	<ele>39.10</ele>
</trkpt>
<trkpt lat="47.9586536" lon="-2.6077869">
	<ele>38.40</ele>
</trkpt>
<trkpt lat="47.9588829" lon="-2.6074963">
	<ele>37.00</ele>
</trkpt>
<trkpt lat="47.9598775" lon="-2.6069534">
	<ele>36.10</ele>
</trkpt>
<trkpt lat="47.9612215" lon="-2.6058518">
	<ele>35.70</ele>
</trkpt>
<trkpt lat="47.9613355" lon="-2.6057146">
	<ele>35.70</ele>
</trkpt>
<trkpt lat="47.9614902" lon="-2.6053622">
	<ele>36.00</ele>
</trkpt>
<trkpt lat="47.9615534" lon="-2.6051015">
	<ele>36.10</ele>
</trkpt>
<trkpt lat="47.9615536" lon="-2.6046964">
	<ele>36.20</ele>
</trkpt>
<trkpt lat="47.9614349" lon="-2.6036133">
	<ele>36.30</ele>
</trkpt>
<trkpt lat="47.9612434" lon="-2.6027444">
	<ele>37.20</ele>
</trkpt>
<trkpt lat="47.9611582" lon="-2.6020362">
	<ele>37.40</ele>
</trkpt>
<trkpt lat="47.9610476" lon="-2.6014203">
	<ele>37.30</ele>
</trkpt>
<trkpt lat="47.9605638" lon="-2.5992286">
	<ele>35.90</ele>
</trkpt>
<trkpt lat="47.9605105" lon="-2.5984944">
	<ele>35.50</ele>
</trkpt>
<trkpt lat="47.9605499" lon="-2.5969668">
	<ele>35.70</ele>
</trkpt>
<trkpt lat="47.9605318" lon="-2.5964958">
	<ele>36.40</ele>
</trkpt>
<trkpt lat="47.9600905" lon="-2.5946367">
	<ele>35.90</ele>
</trkpt>
<trkpt lat="47.9600881" lon="-2.5923335">
	<ele>35.30</ele>
</trkpt>
<trkpt lat="47.9601273" lon="-2.5916623">
	<ele>34.50</ele>
</trkpt>
<trkpt lat="47.9600945" lon="-2.5912467">
	<ele>33.60</ele>
</trkpt>
<trkpt lat="47.9600430" lon="-2.5910245">
	<ele>33.80</ele>
</trkpt>
<trkpt lat="47.9599422" lon="-2.5907366">
	<ele>34.00</ele>
</trkpt>
<trkpt lat="47.9591226" lon="-2.5892996">
	<ele>33.40</ele>
</trkpt>
<trkpt lat="47.9589426" lon="-2.5884475">
	<ele>33.80</ele>
</trkpt>
<trkpt lat="47.9579112" lon="-2.5852675">
	<ele>38.50</ele>
</trkpt>
<trkpt lat="47.9567884" lon="-2.5833745">
	<ele>35.90</ele>
</trkpt>
<trkpt lat="47.9542429" lon="-2.5793287">
	<ele>35.80</ele>
</trkpt>
<trkpt lat="47.9538772" lon="-2.5786364">
	<ele>34.20</ele>
</trkpt>
<trkpt lat="47.9537356" lon="-2.5781488">
	<ele>33.40</ele>
</trkpt>
<trkpt lat="47.9531907" lon="-2.5754512">
	<ele>34.60</ele>
</trkpt>
<trkpt lat="47.9532099" lon="-2.5753786">
	<ele>34.60</ele>
</trkpt>
<trkpt lat="47.9534066" lon="-2.5752785">
	<ele>34.80</ele>
</trkpt>
<trkpt lat="47.9532737" lon="-2.5747693">
	<ele>33.50</ele>
</trkpt>
<trkpt lat="47.9530797" lon="-2.5748464">
	<ele>33.50</ele>
</trkpt>
<trkpt lat="47.9529853" lon="-2.5744488">
	<ele>33.30</ele>
</trkpt>
<trkpt lat="47.9529757" lon="-2.5739266">
	<ele>33.30</ele>
</trkpt>
<trkpt lat="47.9531296" lon="-2.5732929">
	<ele>34.40</ele>
</trkpt>
<trkpt lat="47.9532544" lon="-2.5723984">
	<ele>35.90</ele>
</trkpt>
<trkpt lat="47.9532813" lon="-2.5717453">
	<ele>34.90</ele>
</trkpt>
<trkpt lat="47.9533824" lon="-2.5707152">
	<ele>33.90</ele>
</trkpt>
<trkpt lat="47.9535899" lon="-2.5696643">
	<ele>34.50</ele>
</trkpt>
<trkpt lat="47.9536838" lon="-2.5688696">
	<ele>33.30</ele>
</trkpt>
<trkpt lat="47.9536787" lon="-2.5670596">
	<ele>35.20</ele>
</trkpt>
<trkpt lat="47.9537198" lon="-2.5667402">
	<ele>35.00</ele>
</trkpt>
<trkpt lat="47.9539814" lon="-2.5656826">
	<ele>33.80</ele>
</trkpt>
<trkpt lat="47.9540068" lon="-2.5648884">
	<ele>34.80</ele>
</trkpt>
<trkpt lat="47.9535340" lon="-2.5620254">
	<ele>33.60</ele>
</trkpt>
<trkpt lat="47.9530829" lon="-2.5609104">
	<ele>34.50</ele>
</trkpt>
<trkpt lat="47.9528346" lon="-2.5605861">
	<ele>34.50</ele>
</trkpt>
<trkpt lat="47.9523817" lon="-2.5601410">
	<ele>34.40</ele>
</trkpt>
<trkpt lat="47.9521698" lon="-2.5597634">
	<ele>34.20</ele>
</trkpt>
<trkpt lat="47.9517077" lon="-2.5567462">
	<ele>35.90</ele>
</trkpt>
<trkpt lat="47.9517941" lon="-2.5563484">
	<ele>38.60</ele>
</trkpt>
<trkpt lat="47.9522098" lon="-2.5555890">
	<ele>34.40</ele>
</trkpt>
<trkpt lat="47.9523939" lon="-2.5549343">
	<ele>34.10</ele>
</trkpt>
<trkpt lat="47.9527462" lon="-2.5529793">
	<ele>37.30</ele>
</trkpt>
<trkpt lat="47.9528259" lon="-2.5518213">
	<ele>38.50</ele>
</trkpt>
<trkpt lat="47.9528075" lon="-2.5512678">
	<ele>39.00</ele>
</trkpt>
<trkpt lat="47.9526722" lon="-2.5491614">
	<ele>39.40</ele>
</trkpt>
<trkpt lat="47.9525214" lon="-2.5485970">
	<ele>38.90</ele>
</trkpt>
<trkpt lat="47.9524977" lon="-2.5484098">
	<ele>39.90</ele>
</trkpt>
<trkpt lat="47.9525879" lon="-2.5482461">
	<ele>44.10</ele>
</trkpt>
<trkpt lat="47.9524726" lon="-2.5481342">
	<ele>41.20</ele>
</trkpt>
<trkpt lat="47.9521780" lon="-2.5476599">
	<ele>38.80</ele>
</trkpt>
<trkpt lat="47.9512771" lon="-2.5464001">
	<ele>36.50</ele>
</trkpt>
<trkpt lat="47.9511960" lon="-2.5461756">
	<ele>37.30</ele>
</trkpt>
<trkpt lat="47.9510127" lon="-2.5459417">
	<ele>37.00</ele>
</trkpt>
<trkpt lat="47.9493783" lon="-2.5440341">
	<ele>37.90</ele>
</trkpt>
<trkpt lat="47.9488845" lon="-2.5436226">
	<ele>38.00</ele>
</trkpt>
<trkpt lat="47.9467722" lon="-2.5421669">
	<ele>39.80</ele>
</trkpt>
<trkpt lat="47.9450545" lon="-2.5407570">
	<ele>35.40</ele>
</trkpt>
<trkpt lat="47.9439238" lon="-2.5400855">
	<ele>33.00</ele>
</trkpt>
<trkpt lat="47.9427706" lon="-2.5397872">
	<ele>31.50</ele>
</trkpt>
<trkpt lat="47.9416261" lon="-2.5393051">
	<ele>30.60</ele>
</trkpt>
<trkpt lat="47.9401933" lon="-2.5385621">
	<ele>30.00</ele>
</trkpt>
<trkpt lat="47.9398219" lon="-2.5384380">
	<ele>30.10</ele>
</trkpt>
<trkpt lat="47.9389601" lon="-2.5383408">
	<ele>28.50</ele>
</trkpt>
<trkpt lat="47.9385944" lon="-2.5382492">
	<ele>28.90</ele>
</trkpt>
<trkpt lat="47.9383371" lon="-2.5380874">
	<ele>29.70</ele>
</trkpt>
<trkpt lat="47.9354192" lon="-2.5351253">
	<ele>28.80</ele>
</trkpt>
<trkpt lat="47.9352726" lon="-2.5348934">
	<ele>28.40</ele>
</trkpt>
<trkpt lat="47.9352105" lon="-2.5346915">
	<ele>28.10</ele>
</trkpt>
<trkpt lat="47.9349795" lon="-2.5335663">
	<ele>29.40</ele>
</trkpt>
<trkpt lat="47.9348165" lon="-2.5330235">
	<ele>29.70</ele>
</trkpt>
<trkpt lat="47.9346213" lon="-2.5326586">
	<ele>29.50</ele>
</trkpt>
<trkpt lat="47.9338190" lon="-2.5319070">
	<ele>30.70</ele>
</trkpt>
<trkpt lat="47.9335329" lon="-2.5315433">
	<ele>31.40</ele>
</trkpt>
<trkpt lat="47.9326205" lon="-2.5293808">
	<ele>27.90</ele>
</trkpt>
<trkpt lat="47.9323955" lon="-2.5289879">
	<ele>27.60</ele>
</trkpt>
<trkpt lat="47.9318266" lon="-2.5284988">
	<ele>28.00</ele>
</trkpt>
<trkpt lat="47.9314478" lon="-2.5282284">
	<ele>30.10</ele>
</trkpt>
<trkpt lat="47.9311875" lon="-2.5279278">
	<ele>33.80</ele>
</trkpt>
<trkpt lat="47.9310846" lon="-2.5277323">
	<ele>34.20</ele>
</trkpt>
<trkpt lat="47.9310199" lon="-2.5274343">
	<ele>36.10</ele>
</trkpt>
<trkpt lat="47.9309624" lon="-2.5269311">
	<ele>35.70</ele>
</trkpt>
<trkpt lat="47.9309515" lon="-2.5263510">
	<ele>35.60</ele>
</trkpt>
<trkpt lat="47.9311149" lon="-2.5248586">
	<ele>35.40</ele>
</trkpt>
<trkpt lat="47.9311186" lon="-2.5242729">
	<ele>34.60</ele>
</trkpt>
<trkpt lat="47.9310917" lon="-2.5235775">
	<ele>33.70</ele>
</trkpt>
<trkpt lat="47.9309740" lon="-2.5221730">
	<ele>30.50</ele>
</trkpt>
<trkpt lat="47.9310022" lon="-2.5215756">
	<ele>28.90</ele>
</trkpt>
<trkpt lat="47.9312317" lon="-2.5195360">
	<ele>28.80</ele>
</trkpt>
<trkpt lat="47.9312432" lon="-2.5190852">
	<ele>29.20</ele>
</trkpt>
<trkpt lat="47.9311619" lon="-2.5183822">
	<ele>29.20</ele>
</trkpt>
<trkpt lat="47.9307879" lon="-2.5162236">
	<ele>30.20</ele>
</trkpt>
<trkpt lat="47.9306240" lon="-2.5156496">
	<ele>30.10</ele>
</trkpt>
<trkpt lat="47.9303803" lon="-2.5151469">
	<ele>29.80</ele>
</trkpt>
<trkpt lat="47.9291602" lon="-2.5129514">
	<ele>26.40</ele>
</trkpt>
<trkpt lat="47.9288982" lon="-2.5126344">
	<ele>26.50</ele>
</trkpt>
<trkpt lat="47.9288617" lon="-2.5123948">
	<ele>26.70</ele>
</trkpt>
<trkpt lat="47.9284985" lon="-2.5117219">
	<ele>27.30</ele>
</trkpt>
<trkpt lat="47.9282140" lon="-2.5110211">
	<ele>27.00</ele>
</trkpt>
<trkpt lat="47.9279704" lon="-2.5102606">
	<ele>27.30</ele>
</trkpt>
<trkpt lat="47.9277550" lon="-2.5094604">
	<ele>27.10</ele>
</trkpt>
<trkpt lat="47.9274807" lon="-2.5082884">
	<ele>26.90</ele>
</trkpt>
<trkpt lat="47.9273767" lon="-2.5068925">
	<ele>26.80</ele>
</trkpt>
<trkpt lat="47.9272722" lon="-2.5065264">
	<ele>26.60</ele>
</trkpt>
<trkpt lat="47.9269185" lon="-2.5056196">
	<ele>26.90</ele>
</trkpt>
<trkpt lat="47.9262058" lon="-2.5046329">
	<ele>27.10</ele>
</trkpt>
<trkpt lat="47.9259540" lon="-2.5042516">
	<ele>28.70</ele>
</trkpt>
<trkpt lat="47.9257172" lon="-2.5038043">
	<ele>28.90</ele>
</trkpt>
<trkpt lat="47.9253644" lon="-2.5032847">
	<ele>28.60</ele>
</trkpt>
<trkpt lat="47.9246412" lon="-2.5023680">
	<ele>30.20</ele>
</trkpt>
<trkpt lat="47.9240081" lon="-2.5017198">
	<ele>30.80</ele>
</trkpt>
<trkpt lat="47.9236683" lon="-2.5014821">
	<ele>30.70</ele>
</trkpt>
<trkpt lat="47.9230259" lon="-2.5011348">
	<ele>32.70</ele>
</trkpt>
<trkpt lat="47.9229097" lon="-2.5010163">
	<ele>32.30</ele>
</trkpt>
<trkpt lat="47.9226981" lon="-2.5005895">
	<ele>32.30</ele>
</trkpt>
<trkpt lat="47.9226113" lon="-2.4999484">
	<ele>30.30</ele>
</trkpt>
<trkpt lat="47.9226443" lon="-2.4996003">
	<ele>30.00</ele>
</trkpt>
<trkpt lat="47.9228153" lon="-2.4990072">
	<ele>29.50</ele>
</trkpt>
<trkpt lat="47.9230199" lon="-2.4985135">
	<ele>29.00</ele>
</trkpt>
<trkpt lat="47.9231834" lon="-2.4982855">
	<ele>28.20</ele>
</trkpt>
<trkpt lat="47.9234719" lon="-2.4980264">
	<ele>27.80</ele>
</trkpt>
<trkpt lat="47.9235315" lon="-2.4978848">
	<ele>27.70</ele>
</trkpt>
<trkpt lat="47.9238623" lon="-2.4966336">
	<ele>28.60</ele>
</trkpt>
<trkpt lat="47.9239635" lon="-2.4961043">
	<ele>28.90</ele>
</trkpt>
<trkpt lat="47.9239630" lon="-2.4956568">
	<ele>29.50</ele>
</trkpt>
<trkpt lat="47.9238863" lon="-2.4951517">
	<ele>29.90</ele>
</trkpt>
<trkpt lat="47.9231953" lon="-2.4935460">
	<ele>28.90</ele>
</trkpt>
<trkpt lat="47.9227995" lon="-2.4927237">
	<ele>29.40</ele>
</trkpt>
<trkpt lat="47.9225670" lon="-2.4923374">
	<ele>28.40</ele>
</trkpt>
<trkpt lat="47.9220782" lon="-2.4916617">
	<ele>30.00</ele>
</trkpt>
<trkpt lat="47.9211446" lon="-2.4908015">
	<ele>30.60</ele>
</trkpt>
<trkpt lat="47.9209987" lon="-2.4906052">
	<ele>31.70</ele>
</trkpt>
<trkpt lat="47.9209013" lon="-2.4904006">
	<ele>32.90</ele>
</trkpt>
<trkpt lat="47.9201987" lon="-2.4883990">
	<ele>31.60</ele>
</trkpt>
<trkpt lat="47.9200833" lon="-2.4881313">
	<ele>31.50</ele>
</trkpt>
<trkpt lat="47.9198912" lon="-2.4878302">
	<ele>31.30</ele>
</trkpt>
<trkpt lat="47.9177080" lon="-2.4852720">
	<ele>28.30</ele>
</trkpt>
<trkpt lat="47.9170801" lon="-2.4842441">
	<ele>26.00</ele>
</trkpt>
<trkpt lat="47.9167209" lon="-2.4837581">
	<ele>26.50</ele>
</trkpt>
<trkpt lat="47.9164153" lon="-2.4834339">
	<ele>27.30</ele>
</trkpt>
<trkpt lat="47.9146466" lon="-2.4823750">
	<ele>32.40</ele>
</trkpt>
<trkpt lat="47.9127137" lon="-2.4815623">
	<ele>26.40</ele>
</trkpt>
<trkpt lat="47.9124445" lon="-2.4813981">
	<ele>26.50</ele>
</trkpt>
<trkpt lat="47.9123569" lon="-2.4814344">
	<ele>26.50</ele>
</trkpt>
<trkpt lat="47.9100971" lon="-2.4814933">
	<ele>30.30</ele>
</trkpt>
<trkpt lat="47.9098642" lon="-2.4814095">
	<ele>31.30</ele>
</trkpt>
<trkpt lat="47.9096668" lon="-2.4812215">
	<ele>32.00</ele>
</trkpt>
<trkpt lat="47.9095605" lon="-2.4810033">
	<ele>32.60</ele>
</trkpt>
<trkpt lat="47.9089490" lon="-2.4793779">
	<ele>29.50</ele>
</trkpt>
<trkpt lat="47.9077574" lon="-2.4774598">
	<ele>27.00</ele>
</trkpt>
<trkpt lat="47.9077083" lon="-2.4771623">
	<ele>26.90</ele>
</trkpt>
<trkpt lat="47.9078253" lon="-2.4760469">
	<ele>28.00</ele>
</trkpt>
<trkpt lat="47.9078194" lon="-2.4758446">
	<ele>28.20</ele>
</trkpt>
<trkpt lat="47.9077877" lon="-2.4756653">
	<ele>28.40</ele>
</trkpt>
<trkpt lat="47.9076679" lon="-2.4754513">
	<ele>28.10</ele>
</trkpt>
<trkpt lat="47.9055449" lon="-2.4732579">
	<ele>26.50</ele>
</trkpt>
<trkpt lat="47.9054044" lon="-2.4730274">
	<ele>26.40</ele>
</trkpt>
<trkpt lat="47.9053176" lon="-2.4727860">
	<ele>26.70</ele>
</trkpt>
<trkpt lat="47.9051214" lon="-2.4717945">
	<ele>27.50</ele>
</trkpt>
<trkpt lat="47.9049903" lon="-2.4715339">
	<ele>27.70</ele>
</trkpt>
<trkpt lat="47.9041424" lon="-2.4706769">
	<ele>26.40</ele>
</trkpt>
<trkpt lat="47.9034357" lon="-2.4700668">
	<ele>25.60</ele>
</trkpt>
<trkpt lat="47.9026595" lon="-2.4698087">
	<ele>25.10</ele>
</trkpt>
<trkpt lat="47.9023856" lon="-2.4695796">
	<ele>25.20</ele>
</trkpt>
<trkpt lat="47.9022252" lon="-2.4692677">
	<ele>23.80</ele>
</trkpt>
<trkpt lat="47.9017878" lon="-2.4675686">
	<ele>25.70</ele>
</trkpt>
<trkpt lat="47.9017252" lon="-2.4673549">
	<ele>26.20</ele>
</trkpt>
<trkpt lat="47.9016052" lon="-2.4671039">
	<ele>26.40</ele>
</trkpt>
<trkpt lat="47.9014476" lon="-2.4668804">
	<ele>26.40</ele>
</trkpt>
<trkpt lat="47.9005661" lon="-2.4660852">
	<ele>29.50</ele>
</trkpt>
<trkpt lat="47.9001695" lon="-2.4654594">
	<ele>30.10</ele>
</trkpt>
<trkpt lat="47.8999719" lon="-2.4650273">
	<ele>29.50</ele>
</trkpt>
<trkpt lat="47.8998697" lon="-2.4646817">
	<ele>27.70</ele>
</trkpt>
<trkpt lat="47.8997938" lon="-2.4642195">
	<ele>27.40</ele>
</trkpt>
<trkpt lat="47.8997559" lon="-2.4633553">
	<ele>24.70</ele>
</trkpt>
<trkpt lat="47.8999195" lon="-2.4619750">
	<ele>25.30</ele>
</trkpt>
<trkpt lat="47.9000905" lon="-2.4615837">
	<ele>25.10</ele>
</trkpt>
<trkpt lat="47.9001502" lon="-2.4615303">
	<ele>25.10</ele>
</trkpt>
<trkpt lat="47.9002716" lon="-2.4609322">
	<ele>24.90</ele>
</trkpt>
<trkpt lat="47.9003328" lon="-2.4593314">
	<ele>28.20</ele>
</trkpt>
<trkpt lat="47.9002271" lon="-2.4586989">
	<ele>30.80</ele>
</trkpt>
<trkpt lat="47.9000582" lon="-2.4583405">
	<ele>30.60</ele>
</trkpt>
<trkpt lat="47.8998995" lon="-2.4581395">
	<ele>31.10</ele>
</trkpt>
<trkpt lat="47.8993385" lon="-2.4576118">
	<ele>31.40</ele>
</trkpt>
<trkpt lat="47.8987536" lon="-2.4571584">
	<ele>32.20</ele>
</trkpt>
<trkpt lat="47.8974425" lon="-2.4563221">
	<ele>27.60</ele>
</trkpt>
<trkpt lat="47.8971203" lon="-2.4560249">
	<ele>27.90</ele>
</trkpt>
<trkpt lat="47.8963417" lon="-2.4551951">
	<ele>27.50</ele>
</trkpt>
<trkpt lat="47.8961041" lon="-2.4549993">
	<ele>28.30</ele>
</trkpt>
<trkpt lat="47.8950973" lon="-2.4545865">
	<ele>26.50</ele>
</trkpt>
<trkpt lat="47.8949966" lon="-2.4545144">
	<ele>26.50</ele>
</trkpt>
<trkpt lat="47.8948674" lon="-2.4543761">
	<ele>26.80</ele>
</trkpt>
<trkpt lat="47.8946934" lon="-2.4540929">
	<ele>27.00</ele>
</trkpt>
<trkpt lat="47.8945131" lon="-2.4539082">
	<ele>27.30</ele>
</trkpt>
<trkpt lat="47.8942766" lon="-2.4537503">
	<ele>26.80</ele>
</trkpt>
<trkpt lat="47.8905927" lon="-2.4524507">
	<ele>21.50</ele>
</trkpt>
<trkpt lat="47.8902270" lon="-2.4523575">
	<ele>21.50</ele>
</trkpt>
<trkpt lat="47.8898303" lon="-2.4523362">
	<ele>21.50</ele>
</trkpt>
<trkpt lat="47.8896836" lon="-2.4523886">
	<ele>21.50</ele>
</trkpt>
<trkpt lat="47.8888466" lon="-2.4528931">
	<ele>23.00</ele>
</trkpt>
<trkpt lat="47.8886582" lon="-2.4528909">
	<ele>23.40</ele>
</trkpt>
<trkpt lat="47.8885038" lon="-2.4528224">
	<ele>23.50</ele>
</trkpt>
<trkpt lat="47.8879735" lon="-2.4520617">
	<ele>24.20</ele>
</trkpt>
<trkpt lat="47.8868787" lon="-2.4503248">
	<ele>23.80</ele>
</trkpt>
<trkpt lat="47.8867279" lon="-2.4499996">
	<ele>24.70</ele>
</trkpt>
<trkpt lat="47.8866273" lon="-2.4495990">
	<ele>25.00</ele>
</trkpt>
<trkpt lat="47.8865308" lon="-2.4490035">
	<ele>26.90</ele>
</trkpt>
<trkpt lat="47.8864347" lon="-2.4480923">
	<ele>29.30</ele>
</trkpt>
<trkpt lat="47.8864644" lon="-2.4476589">
	<ele>27.60</ele>
</trkpt>
<trkpt lat="47.8869241" lon="-2.4453180">
	<ele>24.70</ele>
</trkpt>
<trkpt lat="47.8870333" lon="-2.4445764">
	<ele>22.40</ele>
</trkpt>
<trkpt lat="47.8873405" lon="-2.4409162">
	<ele>20.70</ele>
</trkpt>
<trkpt lat="47.8873027" lon="-2.4398667">
	<ele>21.50</ele>
</trkpt>
<trkpt lat="47.8873561" lon="-2.4395224">
	<ele>22.50</ele>
</trkpt>
<trkpt lat="47.8877764" lon="-2.4381963">
	<ele>24.50</ele>
</trkpt>
<trkpt lat="47.8878666" lon="-2.4378065">
	<ele>24.70</ele>
</trkpt>
<trkpt lat="47.8880178" lon="-2.4367979">
	<ele>25.50</ele>
</trkpt>
<trkpt lat="47.8880320" lon="-2.4362926">
	<ele>25.10</ele>
</trkpt>
<trkpt lat="47.8876969" lon="-2.4355512">
	<ele>22.70</ele>
</trkpt>
<trkpt lat="47.8875897" lon="-2.4350967">
	<ele>21.80</ele>
</trkpt>
<trkpt lat="47.8872899" lon="-2.4332263">
	<ele>22.20</ele>
</trkpt>
<trkpt lat="47.8871490" lon="-2.4326402">
	<ele>22.50</ele>
</trkpt>
<trkpt lat="47.8870232" lon="-2.4323106">
	<ele>22.60</ele>
</trkpt>
<trkpt lat="47.8864677" lon="-2.4312958">
	<ele>22.30</ele>
</trkpt>
<trkpt lat="47.8859792" lon="-2.4302268">
	<ele>22.00</ele>
</trkpt>
<trkpt lat="47.8857846" lon="-2.4296245">
	<ele>21.30</ele>
</trkpt>
<trkpt lat="47.8856129" lon="-2.4292742">
	<ele>20.80</ele>
</trkpt>
<trkpt lat="47.8848831" lon="-2.4281411">
	<ele>22.40</ele>
</trkpt>
<trkpt lat="47.8840640" lon="-2.4265786">
	<ele>22.20</ele>
</trkpt>
<trkpt lat="47.8838110" lon="-2.4261802">
	<ele>22.50</ele>
</trkpt>
<trkpt lat="47.8834994" lon="-2.4258201">
	<ele>23.20</ele>
</trkpt>
<trkpt lat="47.8822845" lon="-2.4249195">
	<ele>21.10</ele>
</trkpt>
<trkpt lat="47.8808920" lon="-2.4233469">
	<ele>21.40</ele>
</trkpt>
<trkpt lat="47.8807967" lon="-2.4233045">
	<ele>21.40</ele>
</trkpt>
<trkpt lat="47.8800173" lon="-2.4233551">
	<ele>20.90</ele>
</trkpt>
<trkpt lat="47.8793261" lon="-2.4234861">
	<ele>22.10</ele>
</trkpt>
<trkpt lat="47.8789490" lon="-2.4236343">
	<ele>22.60</ele>
</trkpt>
<trkpt lat="47.8781559" lon="-2.4240804">
	<ele>21.40</ele>
</trkpt>
<trkpt lat="47.8777888" lon="-2.4244687">
	<ele>20.60</ele>
</trkpt>
<trkpt lat="47.8770636" lon="-2.4254411">
	<ele>19.60</ele>
</trkpt>
<trkpt lat="47.8767324" lon="-2.4259571">
	<ele>19.50</ele>
</trkpt>
<trkpt lat="47.8764485" lon="-2.4264824">
	<ele>20.80</ele>
</trkpt>
<trkpt lat="47.8762290" lon="-2.4269699">
	<ele>21.90</ele>
</trkpt>
<trkpt lat="47.8759960" lon="-2.4273629">
	<ele>23.50</ele>
</trkpt>
<trkpt lat="47.8757372" lon="-2.4276691">
	<ele>23.60</ele>
</trkpt>
<trkpt lat="47.8754084" lon="-2.4278749">
	<ele>22.60</ele>
</trkpt>
<trkpt lat="47.8750926" lon="-2.4279934">
	<ele>21.80</ele>
</trkpt>
<trkpt lat="47.8746883" lon="-2.4280274">
	<ele>20.50</ele>
</trkpt>
<trkpt lat="47.8741258" lon="-2.4279965">
	<ele>19.90</ele>
</trkpt>
<trkpt lat="47.8733109" lon="-2.4277356">
	<ele>18.80</ele>
</trkpt>
<trkpt lat="47.8729458" lon="-2.4275643">
	<ele>19.90</ele>
</trkpt>
<trkpt lat="47.8722390" lon="-2.4271205">
	<ele>27.20</ele>
</trkpt>
<trkpt lat="47.8720752" lon="-2.4271321">
	<ele>27.60</ele>
</trkpt>
<trkpt lat="47.8719624" lon="-2.4272079">
	<ele>28.00</ele>
</trkpt>
<trkpt lat="47.8716214" lon="-2.4275494">
	<ele>27.00</ele>
</trkpt>
<trkpt lat="47.8712337" lon="-2.4282769">
	<ele>28.80</ele>
</trkpt>
<trkpt lat="47.8710496" lon="-2.4287724">
	<ele>28.70</ele>
</trkpt>
<trkpt lat="47.8707558" lon="-2.4299618">
	<ele>26.60</ele>
</trkpt>
<trkpt lat="47.8704813" lon="-2.4305413">
	<ele>24.40</ele>
</trkpt>
<trkpt lat="47.8701893" lon="-2.4310479">
	<ele>23.90</ele>
</trkpt>
<trkpt lat="47.8699912" lon="-2.4316528">
	<ele>23.50</ele>
</trkpt>
<trkpt lat="47.8696924" lon="-2.4330146">
	<ele>23.60</ele>
</trkpt>
<trkpt lat="47.8694430" lon="-2.4335399">
	<ele>26.90</ele>
</trkpt>
<trkpt lat="47.8691373" lon="-2.4339608">
	<ele>28.00</ele>
</trkpt>
<trkpt lat="47.8683204" lon="-2.4347505">
	<ele>28.00</ele>
</trkpt>
<trkpt lat="47.8679707" lon="-2.4352061">
	<ele>24.40</ele>
</trkpt>
<trkpt lat="47.8674414" lon="-2.4365175">
	<ele>22.10</ele>
</trkpt>
<trkpt lat="47.8671288" lon="-2.4374033">
	<ele>21.20</ele>
</trkpt>
<trkpt lat="47.8670441" lon="-2.4377630">
	<ele>20.90</ele>
</trkpt>
<trkpt lat="47.8668142" lon="-2.4383606">
	<ele>19.90</ele>
</trkpt>
<trkpt lat="47.8667846" lon="-2.4390434">
	<ele>19.40</ele>
</trkpt>
<trkpt lat="47.8665031" lon="-2.4409839">
	<ele>20.40</ele>
</trkpt>
<trkpt lat="47.8663258" lon="-2.4442512">
	<ele>23.00</ele>
</trkpt>
<trkpt lat="47.8662695" lon="-2.4444005">
	<ele>23.00</ele>
</trkpt>
<trkpt lat="47.8661266" lon="-2.4445279">
	<ele>24.10</ele>
</trkpt>
<trkpt lat="47.8651662" lon="-2.4443622">
	<ele>23.10</ele>
</trkpt>
<trkpt lat="47.8650092" lon="-2.4462311">
	<ele>27.50</ele>
</trkpt>
<trkpt lat="47.8637827" lon="-2.4458483">
	<ele>22.70</ele>
</trkpt>
<trkpt lat="47.8628231" lon="-2.4456518">
	<ele>21.60</ele>
</trkpt>
<trkpt lat="47.8620867" lon="-2.4455791">
	<ele>21.30</ele>
</trkpt>
<trkpt lat="47.8613838" lon="-2.4455891">
	<ele>21.10</ele>
</trkpt>
<trkpt lat="47.8609230" lon="-2.4456875">
	<ele>22.30</ele>
</trkpt>
<trkpt lat="47.8604624" lon="-2.4459274">
	<ele>24.10</ele>
</trkpt>
<trkpt lat="47.8598427" lon="-2.4464205">
	<ele>27.60</ele>
</trkpt>
<trkpt lat="47.8593032" lon="-2.4467757">
	<ele>27.00</ele>
</trkpt>
<trkpt lat="47.8588973" lon="-2.4469027">
	<ele>25.40</ele>
</trkpt>
<trkpt lat="47.8583659" lon="-2.4469722">
	<ele>23.90</ele>
</trkpt>
<trkpt lat="47.8576566" lon="-2.4469018">
	<ele>22.90</ele>
</trkpt>
<trkpt lat="47.8565553" lon="-2.4463263">
	<ele>21.70</ele>
</trkpt>
<trkpt lat="47.8561909" lon="-2.4462499">
	<ele>22.60</ele>
</trkpt>
<trkpt lat="47.8553719" lon="-2.4462068">
	<ele>23.90</ele>
</trkpt>
<trkpt lat="47.8538032" lon="-2.4464317">
	<ele>22.30</ele>
</trkpt>
<trkpt lat="47.8530036" lon="-2.4463891">
	<ele>22.90</ele>
</trkpt>
<trkpt lat="47.8520078" lon="-2.4460758">
	<ele>25.70</ele>
</trkpt>
<trkpt lat="47.8493185" lon="-2.4450064">
	<ele>18.40</ele>
</trkpt>
<trkpt lat="47.8486955" lon="-2.4445071">
	<ele>18.20</ele>
</trkpt>
<trkpt lat="47.8480654" lon="-2.4438675">
	<ele>17.60</ele>
</trkpt>
<trkpt lat="47.8472155" lon="-2.4427737">
	<ele>17.00</ele>
</trkpt>
<trkpt lat="47.8466272" lon="-2.4423940">
	<ele>17.80</ele>
</trkpt>
<trkpt lat="47.8445946" lon="-2.4417963">
	<ele>19.20</ele>
</trkpt>
<trkpt lat="47.8442226" lon="-2.4414967">
	<ele>20.20</ele>
</trkpt>
<trkpt lat="47.8440696" lon="-2.4412990">
	<ele>20.40</ele>
</trkpt>
<trkpt lat="47.8438031" lon="-2.4406020">
	<ele>19.50</ele>
</trkpt>
<trkpt lat="47.8433830" lon="-2.4397867">
	<ele>18.20</ele>
</trkpt>
<trkpt lat="47.8426007" lon="-2.4385556">
	<ele>17.60</ele>
</trkpt>
<trkpt lat="47.8417143" lon="-2.4372771">
	<ele>16.60</ele>
</trkpt>
<trkpt lat="47.8409302" lon="-2.4364920">
	<ele>18.20</ele>
</trkpt>
<trkpt lat="47.8406044" lon="-2.4360554">
	<ele>18.30</ele>
</trkpt>
<trkpt lat="47.8402900" lon="-2.4355000">
	<ele>17.60</ele>
</trkpt>
<trkpt lat="47.8397673" lon="-2.4341935">
	<ele>17.80</ele>
</trkpt>
<trkpt lat="47.8396054" lon="-2.4335625">
	<ele>18.30</ele>
</trkpt>
<trkpt lat="47.8395343" lon="-2.4328482">
	<ele>19.70</ele>
</trkpt>
<trkpt lat="47.8395278" lon="-2.4324876">
	<ele>19.90</ele>
</trkpt>
<trkpt lat="47.8395895" lon="-2.4320227">
	<ele>19.90</ele>
</trkpt>
<trkpt lat="47.8396811" lon="-2.4317135">
	<ele>19.80</ele>
</trkpt>
<trkpt lat="47.8398322" lon="-2.4315215">
	<ele>20.20</ele>
</trkpt>
<trkpt lat="47.8400152" lon="-2.4311434">
	<ele>21.30</ele>
</trkpt>
<trkpt lat="47.8399926" lon="-2.4307473">
	<ele>22.00</ele>
</trkpt>
<trkpt lat="47.8397052" lon="-2.4300809">
	<ele>20.80</ele>
</trkpt>
<trkpt lat="47.8392719" lon="-2.4288750">
	<ele>19.40</ele>
</trkpt>
<trkpt lat="47.8385392" lon="-2.4273239">
	<ele>19.20</ele>
</trkpt>
<trkpt lat="47.8380593" lon="-2.4264329">
	<ele>18.20</ele>
</trkpt>
<trkpt lat="47.8378112" lon="-2.4257097">
	<ele>17.60</ele>
</trkpt>
<trkpt lat="47.8374043" lon="-2.4241881">
	<ele>17.90</ele>
</trkpt>
<trkpt lat="47.8372342" lon="-2.4234794">
	<ele>16.70</ele>
</trkpt>
<trkpt lat="47.8370554" lon="-2.4225083">
	<ele>17.00</ele>
</trkpt>
<trkpt lat="47.8369324" lon="-2.4216228">
	<ele>16.60</ele>
</trkpt>
<trkpt lat="47.8369063" lon="-2.4211548">
	<ele>16.50</ele>
</trkpt>
<trkpt lat="47.8369362" lon="-2.4197912">
	<ele>17.60</ele>
</trkpt>
<trkpt lat="47.8370653" lon="-2.4187515">
	<ele>17.20</ele>
</trkpt>
<trkpt lat="47.8370520" lon="-2.4185862">
	<ele>17.00</ele>
</trkpt>
<trkpt lat="47.8369575" lon="-2.4182441">
	<ele>16.80</ele>
</trkpt>
<trkpt lat="47.8368254" lon="-2.4179382">
	<ele>17.00</ele>
</trkpt>
<trkpt lat="47.8364141" lon="-2.4172504">
	<ele>18.40</ele>
</trkpt>
<trkpt lat="47.8361987" lon="-2.4169417">
	<ele>18.80</ele>
</trkpt>
<trkpt lat="47.8359428" lon="-2.4167004">
	<ele>18.50</ele>
</trkpt>
<trkpt lat="47.8353514" lon="-2.4164583">
	<ele>18.50</ele>
</trkpt>
<trkpt lat="47.8351465" lon="-2.4163090">
	<ele>18.70</ele>
</trkpt>
<trkpt lat="47.8349290" lon="-2.4160430">
	<ele>19.40</ele>
</trkpt>
<trkpt lat="47.8343810" lon="-2.4151186">
	<ele>19.20</ele>
</trkpt>
<trkpt lat="47.8338885" lon="-2.4144790">
	<ele>19.30</ele>
</trkpt>
<trkpt lat="47.8332117" lon="-2.4133067">
	<ele>19.30</ele>
</trkpt>
<trkpt lat="47.8328262" lon="-2.4127400">
	<ele>19.20</ele>
</trkpt>
<trkpt lat="47.8324862" lon="-2.4124129">
	<ele>19.40</ele>
</trkpt>
<trkpt lat="47.8316776" lon="-2.4117704">
	<ele>18.60</ele>
</trkpt>
<trkpt lat="47.8310833" lon="-2.4109714">
	<ele>18.80</ele>
</trkpt>
<trkpt lat="47.8306991" lon="-2.4105188">
	<ele>19.00</ele>
</trkpt>
<trkpt lat="47.8294065" lon="-2.4093297">
	<ele>20.00</ele>
</trkpt>
<trkpt lat="47.8287798" lon="-2.4086855">
	<ele>19.30</ele>
</trkpt>
<trkpt lat="47.8283876" lon="-2.4082644">
	<ele>20.00</ele>
</trkpt>
<trkpt lat="47.8278837" lon="-2.4076106">
	<ele>20.40</ele>
</trkpt>
<trkpt lat="47.8268750" lon="-2.4060014">
	<ele>18.40</ele>
</trkpt>
<trkpt lat="47.8258902" lon="-2.4045188">
	<ele>18.60</ele>
</trkpt>
<trkpt lat="47.8254704" lon="-2.4036609">
	<ele>18.10</ele>
</trkpt>
<trkpt lat="47.8253393" lon="-2.4032045">
	<ele>17.50</ele>
</trkpt>
<trkpt lat="47.8252386" lon="-2.4026715">
	<ele>16.90</ele>
</trkpt>
<trkpt lat="47.8250281" lon="-2.4004438">
	<ele>16.80</ele>
</trkpt>
<trkpt lat="47.8248760" lon="-2.3996663">
	<ele>16.90</ele>
</trkpt>
<trkpt lat="47.8247097" lon="-2.3993880">
	<ele>17.10</ele>
</trkpt>
<trkpt lat="47.8197285" lon="-2.3930305">
	<ele>17.80</ele>
</trkpt>
<trkpt lat="47.8155131" lon="-2.3875031">
	<ele>14.30</ele>
</trkpt>
<trkpt lat="47.8112513" lon="-2.3820270">
	<ele>16.00</ele>
</trkpt>
<trkpt lat="47.8110597" lon="-2.3818615">
	<ele>16.30</ele>
</trkpt>
<trkpt lat="47.8101036" lon="-2.3812187">
	<ele>16.90</ele>
</trkpt>
<trkpt lat="47.8093352" lon="-2.3807998">
	<ele>16.80</ele>
</trkpt>
<trkpt lat="47.8089445" lon="-2.3805388">
	<ele>16.40</ele>
</trkpt>
<trkpt lat="47.8086370" lon="-2.3804509">
	<ele>16.40</ele>
</trkpt>
<trkpt lat="47.8079088" lon="-2.3804162">
	<ele>16.10</ele>
</trkpt>
<trkpt lat="47.8076312" lon="-2.3804191">
	<ele>16.00</ele>
</trkpt>
<trkpt lat="47.8072690" lon="-2.3805108">
	<ele>16.10</ele>
</trkpt>
<trkpt lat="47.8069969" lon="-2.3805231">
	<ele>16.60</ele>
</trkpt>
<trkpt lat="47.8067556" lon="-2.3804499">
	<ele>17.00</ele>
</trkpt>
<trkpt lat="47.8064234" lon="-2.3802126">
	<ele>17.40</ele>
</trkpt>
<trkpt lat="47.8062666" lon="-2.3800550">
	<ele>17.30</ele>
</trkpt>
<trkpt lat="47.8060099" lon="-2.3796038">
	<ele>17.30</ele>
</trkpt>
<trkpt lat="47.8057609" lon="-2.3789851">
	<ele>16.60</ele>
</trkpt>
<trkpt lat="47.8055225" lon="-2.3781982">
	<ele>16.40</ele>
</trkpt>
<trkpt lat="47.8047736" lon="-2.3754288">
	<ele>18.50</ele>
</trkpt>
<trkpt lat="47.8044672" lon="-2.3740612">
	<ele>23.10</ele>
</trkpt>
<trkpt lat="47.8044376" lon="-2.3738521">
	<ele>23.20</ele>
</trkpt>
<trkpt lat="47.8044161" lon="-2.3726508">
	<ele>25.40</ele>
</trkpt>
<trkpt lat="47.8045012" lon="-2.3722018">
	<ele>27.40</ele>
</trkpt>
<trkpt lat="47.8046470" lon="-2.3716670">
	<ele>27.20</ele>
</trkpt>
<trkpt lat="47.8047925" lon="-2.3712920">
	<ele>25.90</ele>
</trkpt>
<trkpt lat="47.8049859" lon="-2.3709795">
	<ele>25.30</ele>
</trkpt>
<trkpt lat="47.8052458" lon="-2.3707313">
	<ele>23.30</ele>
</trkpt>
<trkpt lat="47.8061608" lon="-2.3702125">
	<ele>19.60</ele>
</trkpt>
<trkpt lat="47.8068141" lon="-2.3697524">
	<ele>16.20</ele>
</trkpt>
<trkpt lat="47.8070027" lon="-2.3695492">
	<ele>15.40</ele>
</trkpt>
<trkpt lat="47.8072516" lon="-2.3691315">
	<ele>14.40</ele>
</trkpt>
<trkpt lat="47.8073739" lon="-2.3688073">
	<ele>14.60</ele>
</trkpt>
<trkpt lat="47.8074375" lon="-2.3683310">
	<ele>14.20</ele>
</trkpt>
<trkpt lat="47.8076056" lon="-2.3652151">
	<ele>15.20</ele>
</trkpt>
<trkpt lat="47.8076776" lon="-2.3604728">
	<ele>15.00</ele>
</trkpt>
<trkpt lat="47.8079305" lon="-2.3578335">
	<ele>15.10</ele>
</trkpt>
<trkpt lat="47.8082179" lon="-2.3553360">
	<ele>14.20</ele>
</trkpt>
<trkpt lat="47.8081976" lon="-2.3550249">
	<ele>14.20</ele>
</trkpt>
<trkpt lat="47.8075651" lon="-2.3517981">
	<ele>12.00</ele>
</trkpt>
<trkpt lat="47.8067008" lon="-2.3479950">
	<ele>12.80</ele>
</trkpt>
<trkpt lat="47.8066004" lon="-2.3472211">
	<ele>12.20</ele>
</trkpt>
<trkpt lat="47.8059831" lon="-2.3441163">
	<ele>11.80</ele>
</trkpt>
<trkpt lat="47.8055588" lon="-2.3429514">
	<ele>13.10</ele>
</trkpt>
<trkpt lat="47.8049181" lon="-2.3409925">
	<ele>13.50</ele>
</trkpt>
<trkpt lat="47.8044247" lon="-2.3398794">
	<ele>14.30</ele>
</trkpt>
<trkpt lat="47.8040076" lon="-2.3390889">
	<ele>14.90</ele>
</trkpt>
<trkpt lat="47.8036550" lon="-2.3382519">
	<ele>15.00</ele>
</trkpt>
<trkpt lat="47.8032132" lon="-2.3369499">
	<ele>13.30</ele>
</trkpt>
<trkpt lat="47.8030627" lon="-2.3363237">
	<ele>12.20</ele>
</trkpt>
<trkpt lat="47.8029258" lon="-2.3355970">
	<ele>11.50</ele>
</trkpt>
<trkpt lat="47.8028689" lon="-2.3350111">
	<ele>11.30</ele>
</trkpt>
<trkpt lat="47.8028723" lon="-2.3347345">
	<ele>10.80</ele>
</trkpt>
<trkpt lat="47.8031577" lon="-2.3330440">
	<ele>12.00</ele>
</trkpt>
<trkpt lat="47.8031922" lon="-2.3325857">
	<ele>12.00</ele>
</trkpt>
<trkpt lat="47.8031755" lon="-2.3322454">
	<ele>12.10</ele>
</trkpt>
<trkpt lat="47.8030253" lon="-2.3317384">
	<ele>12.50</ele>
</trkpt>
<trkpt lat="47.8028829" lon="-2.3314152">
	<ele>12.80</ele>
</trkpt>
<trkpt lat="47.8026104" lon="-2.3310618">
	<ele>13.90</ele>
</trkpt>
<trkpt lat="47.8020799" lon="-2.3305258">
	<ele>15.60</ele>
</trkpt>
<trkpt lat="47.8017598" lon="-2.3300863">
	<ele>15.70</ele>
</trkpt>
<trkpt lat="47.8014454" lon="-2.3294570">
	<ele>14.70</ele>
</trkpt>
<trkpt lat="47.8012801" lon="-2.3291969">
	<ele>13.70</ele>
</trkpt>
<trkpt lat="47.8011145" lon="-2.3290562">
	<ele>12.80</ele>
</trkpt>
<trkpt lat="47.8002311" lon="-2.3285380">
	<ele>11.10</ele>
</trkpt>
<trkpt lat="47.7995555" lon="-2.3279788">
	<ele>10.70</ele>
</trkpt>
<trkpt lat="47.7992123" lon="-2.3277561">
	<ele>11.10</ele>
</trkpt>
<trkpt lat="47.7985719" lon="-2.3276322">
	<ele>11.10</ele>
</trkpt>
<trkpt lat="47.7983315" lon="-2.3276701">
	<ele>10.90</ele>
</trkpt>
<trkpt lat="47.7981299" lon="-2.3276410">
	<ele>10.90</ele>
</trkpt>
<trkpt lat="47.7979163" lon="-2.3275487">
	<ele>11.10</ele>
</trkpt>
<trkpt lat="47.7976578" lon="-2.3273280">
	<ele>11.10</ele>
</trkpt>
<trkpt lat="47.7974098" lon="-2.3270109">
	<ele>11.20</ele>
</trkpt>
<trkpt lat="47.7970099" lon="-2.3263484">
	<ele>11.70</ele>
</trkpt>
<trkpt lat="47.7968766" lon="-2.3262159">
	<ele>11.70</ele>
</trkpt>
<trkpt lat="47.7965082" lon="-2.3260166">
	<ele>12.20</ele>
</trkpt>
<trkpt lat="47.7962516" lon="-2.3259428">
	<ele>12.00</ele>
</trkpt>
<trkpt lat="47.7959767" lon="-2.3259203">
	<ele>12.10</ele>
</trkpt>
<trkpt lat="47.7955161" lon="-2.3260107">
	<ele>11.30</ele>
</trkpt>
<trkpt lat="47.7952410" lon="-2.3261558">
	<ele>11.10</ele>
</trkpt>
<trkpt lat="47.7941429" lon="-2.3271210">
	<ele>13.30</ele>
</trkpt>
<trkpt lat="47.7933374" lon="-2.3274704">
	<ele>16.70</ele>
</trkpt>
<trkpt lat="47.7930997" lon="-2.3275129">
	<ele>19.00</ele>
</trkpt>
<trkpt lat="47.7929192" lon="-2.3274815">
	<ele>20.20</ele>
</trkpt>
<trkpt lat="47.7923034" lon="-2.3271143">
	<ele>22.20</ele>
</trkpt>
<trkpt lat="47.7920481" lon="-2.3268895">
	<ele>21.10</ele>
</trkpt>
<trkpt lat="47.7914472" lon="-2.3261008">
	<ele>19.10</ele>
</trkpt>
<trkpt lat="47.7910252" lon="-2.3252961">
	<ele>18.50</ele>
</trkpt>
<trkpt lat="47.7908261" lon="-2.3248322">
	<ele>18.30</ele>
</trkpt>
<trkpt lat="47.7906816" lon="-2.3244017">
	<ele>19.90</ele>
</trkpt>
<trkpt lat="47.7906091" lon="-2.3236993">
	<ele>16.90</ele>
</trkpt>
<trkpt lat="47.7904724" lon="-2.3231022">
	<ele>16.60</ele>
</trkpt>
<trkpt lat="47.7900281" lon="-2.3217153">
	<ele>15.40</ele>
</trkpt>
<trkpt lat="47.7895832" lon="-2.3207728">
	<ele>15.60</ele>
</trkpt>
<trkpt lat="47.7882725" lon="-2.3199189">
	<ele>15.00</ele>
</trkpt>
<trkpt lat="47.7855764" lon="-2.3182558">
	<ele>11.10</ele>
</trkpt>
<trkpt lat="47.7826364" lon="-2.3166370">
	<ele>11.00</ele>
</trkpt>
<trkpt lat="47.7817918" lon="-2.3163799">
	<ele>10.20</ele>
</trkpt>
<trkpt lat="47.7810889" lon="-2.3160263">
	<ele>9.40</ele>
</trkpt>
<trkpt lat="47.7807377" lon="-2.3158097">
	<ele>9.30</ele>
</trkpt>
<trkpt lat="47.7802419" lon="-2.3154281">
	<ele>9.40</ele>
</trkpt>
<trkpt lat="47.7789777" lon="-2.3142969">
	<ele>9.70</ele>
</trkpt>
<trkpt lat="47.7786051" lon="-2.3140308">
	<ele>11.20</ele>
</trkpt>
<trkpt lat="47.7783492" lon="-2.3139876">
	<ele>11.70</ele>
</trkpt>
<trkpt lat="47.7760680" lon="-2.3146433">
	<ele>10.60</ele>
</trkpt>
<trkpt lat="47.7743845" lon="-2.3149884">
	<ele>11.50</ele>
</trkpt>
<trkpt lat="47.7708362" lon="-2.3155915">
	<ele>11.80</ele>
</trkpt>
<trkpt lat="47.7706502" lon="-2.3156536">
	<ele>11.40</ele>
</trkpt>
<trkpt lat="47.7704387" lon="-2.3158322">
	<ele>11.20</ele>
</trkpt>
<trkpt lat="47.7703049" lon="-2.3158127">
	<ele>11.20</ele>
</trkpt>
<trkpt lat="47.7701945" lon="-2.3157204">
	<ele>10.90</ele>
</trkpt>
<trkpt lat="47.7700458" lon="-2.3156700">
	<ele>10.00</ele>
</trkpt>
<trkpt lat="47.7676504" lon="-2.3159091">
	<ele>11.30</ele>
</trkpt>
<trkpt lat="47.7673669" lon="-2.3159782">
	<ele>11.50</ele>
</trkpt>
<trkpt lat="47.7669720" lon="-2.3161333">
	<ele>11.10</ele>
</trkpt>
<trkpt lat="47.7665647" lon="-2.3164290">
	<ele>10.50</ele>
</trkpt>
<trkpt lat="47.7663016" lon="-2.3167036">
	<ele>10.00</ele>
</trkpt>
<trkpt lat="47.7657868" lon="-2.3173955">
	<ele>9.40</ele>
</trkpt>
<trkpt lat="47.7655364" lon="-2.3176536">
	<ele>9.80</ele>
</trkpt>
<trkpt lat="47.7653059" lon="-2.3177368">
	<ele>9.90</ele>
</trkpt>
<trkpt lat="47.7646659" lon="-2.3177701">
	<ele>9.70</ele>
</trkpt>
<trkpt lat="47.7632106" lon="-2.3176246">
	<ele>9.20</ele>
</trkpt>
<trkpt lat="47.7618134" lon="-2.3172547">
	<ele>9.00</ele>
</trkpt>
<trkpt lat="47.7613908" lon="-2.3170973">
	<ele>9.20</ele>
</trkpt>
<trkpt lat="47.7603770" lon="-2.3165623">
	<ele>9.20</ele>
</trkpt>
<trkpt lat="47.7601104" lon="-2.3165180">
	<ele>9.20</ele>
</trkpt>
<trkpt lat="47.7592407" lon="-2.3166168">
	<ele>8.50</ele>
</trkpt>
<trkpt lat="47.7587224" lon="-2.3166004">
	<ele>8.30</ele>
</trkpt>
<trkpt lat="47.7585046" lon="-2.3165344">
	<ele>8.70</ele>
</trkpt>
<trkpt lat="47.7582253" lon="-2.3163819">
	<ele>9.20</ele>
</trkpt>
<trkpt lat="47.7572829" lon="-2.3155337">
	<ele>9.60</ele>
</trkpt>
<trkpt lat="47.7570565" lon="-2.3151606">
	<ele>8.90</ele>
</trkpt>
<trkpt lat="47.7569292" lon="-2.3148081">
	<ele>8.10</ele>
</trkpt>
<trkpt lat="47.7569214" lon="-2.3145100">
	<ele>8.10</ele>
</trkpt>
<trkpt lat="47.7569643" lon="-2.3141958">
	<ele>8.20</ele>
</trkpt>
<trkpt lat="47.7570818" lon="-2.3138146">
	<ele>7.90</ele>
</trkpt>
<trkpt lat="47.7571600" lon="-2.3133552">
	<ele>8.00</ele>
</trkpt>
<trkpt lat="47.7572049" lon="-2.3128394">
	<ele>8.30</ele>
</trkpt>
<trkpt lat="47.7572075" lon="-2.3123088">
	<ele>8.90</ele>
</trkpt>
<trkpt lat="47.7571394" lon="-2.3117603">
	<ele>9.10</ele>
</trkpt>
<trkpt lat="47.7569452" lon="-2.3111464">
	<ele>9.70</ele>
</trkpt>
<trkpt lat="47.7567085" lon="-2.3105280">
	<ele>9.90</ele>
</trkpt>
<trkpt lat="47.7564477" lon="-2.3101197">
	<ele>10.20</ele>
</trkpt>
<trkpt lat="47.7560164" lon="-2.3096838">
	<ele>9.40</ele>
</trkpt>
<trkpt lat="47.7556777" lon="-2.3094164">
	<ele>8.70</ele>
</trkpt>
<trkpt lat="47.7551360" lon="-2.3082580">
	<ele>8.10</ele>
</trkpt>
<trkpt lat="47.7543831" lon="-2.3051249">
	<ele>9.30</ele>
</trkpt>
<trkpt lat="47.7538848" lon="-2.3036418">
	<ele>8.90</ele>
</trkpt>
<trkpt lat="47.7536882" lon="-2.3032400">
	<ele>8.80</ele>
</trkpt>
<trkpt lat="47.7534251" lon="-2.3028846">
	<ele>9.10</ele>
</trkpt>
<trkpt lat="47.7523178" lon="-2.3017230">
	<ele>8.80</ele>
</trkpt>
<trkpt lat="47.7516582" lon="-2.3004787">
	<ele>8.70</ele>
</trkpt>
<trkpt lat="47.7514740" lon="-2.2999613">
	<ele>8.40</ele>
</trkpt>
<trkpt lat="47.7513379" lon="-2.2993320">
	<ele>8.20</ele>
</trkpt>
<trkpt lat="47.7511937" lon="-2.2985638">
	<ele>7.50</ele>
</trkpt>
<trkpt lat="47.7511041" lon="-2.2975839">
	<ele>8.20</ele>
</trkpt>
<trkpt lat="47.7502094" lon="-2.2947085">
	<ele>8.40</ele>
</trkpt>
<trkpt lat="47.7500556" lon="-2.2943110">
	<ele>8.40</ele>
</trkpt>
<trkpt lat="47.7495603" lon="-2.2933483">
	<ele>9.50</ele>
</trkpt>
<trkpt lat="47.7490797" lon="-2.2925647">
	<ele>10.80</ele>
</trkpt>
<trkpt lat="47.7482038" lon="-2.2913522">
	<ele>9.20</ele>
</trkpt>
<trkpt lat="47.7459103" lon="-2.2895032">
	<ele>10.20</ele>
</trkpt>
<trkpt lat="47.7455086" lon="-2.2893076">
	<ele>12.50</ele>
</trkpt>
<trkpt lat="47.7448653" lon="-2.2885430">
	<ele>20.30</ele>
</trkpt>
<trkpt lat="47.7446699" lon="-2.2882192">
	<ele>25.30</ele>
</trkpt>
<trkpt lat="47.7445605" lon="-2.2877908">
	<ele>21.10</ele>
</trkpt>
<trkpt lat="47.7443653" lon="-2.2867239">
	<ele>23.30</ele>
</trkpt>
<trkpt lat="47.7442591" lon="-2.2856943">
	<ele>18.10</ele>
</trkpt>
<trkpt lat="47.7440604" lon="-2.2844927">
	<ele>14.50</ele>
</trkpt>
<trkpt lat="47.7438632" lon="-2.2838928">
	<ele>11.50</ele>
</trkpt>
<trkpt lat="47.7438468" lon="-2.2825808">
	<ele>8.60</ele>
</trkpt>
<trkpt lat="47.7437098" lon="-2.2820347">
	<ele>8.50</ele>
</trkpt>
<trkpt lat="47.7431023" lon="-2.2805547">
	<ele>10.10</ele>
</trkpt>
<trkpt lat="47.7430004" lon="-2.2801694">
	<ele>9.40</ele>
</trkpt>
<trkpt lat="47.7428716" lon="-2.2792154">
	<ele>8.40</ele>
</trkpt>
<trkpt lat="47.7427239" lon="-2.2777288">
	<ele>8.50</ele>
</trkpt>
<trkpt lat="47.7427298" lon="-2.2770712">
	<ele>8.60</ele>
</trkpt>
<trkpt lat="47.7427958" lon="-2.2763489">
	<ele>8.00</ele>
</trkpt>
<trkpt lat="47.7429657" lon="-2.2754387">
	<ele>7.70</ele>
</trkpt>
<trkpt lat="47.7433438" lon="-2.2746764">
	<ele>7.20</ele>
</trkpt>
<trkpt lat="47.7437051" lon="-2.2740754">
	<ele>6.80</ele>
</trkpt>
<trkpt lat="47.7438300" lon="-2.2737409">
	<ele>6.80</ele>
</trkpt>
<trkpt lat="47.7439181" lon="-2.2732684">
	<ele>6.70</ele>
</trkpt>
<trkpt lat="47.7439928" lon="-2.2720374">
	<ele>6.50</ele>
</trkpt>
<trkpt lat="47.7440748" lon="-2.2715927">
	<ele>6.50</ele>
</trkpt>
<trkpt lat="47.7441997" lon="-2.2712582">
	<ele>6.70</ele>
</trkpt>
<trkpt lat="47.7447279" lon="-2.2703411">
	<ele>8.40</ele>
</trkpt>
<trkpt lat="47.7449625" lon="-2.2700104">
	<ele>8.40</ele>
</trkpt>
<trkpt lat="47.7452340" lon="-2.2698108">
	<ele>8.60</ele>
</trkpt>
<trkpt lat="47.7454583" lon="-2.2697057">
	<ele>8.30</ele>
</trkpt>
<trkpt lat="47.7457802" lon="-2.2696597">
	<ele>7.70</ele>
</trkpt>
<trkpt lat="47.7460856" lon="-2.2694494">
	<ele>7.60</ele>
</trkpt>
<trkpt lat="47.7462533" lon="-2.2691192">
	<ele>7.80</ele>
</trkpt>
<trkpt lat="47.7463762" lon="-2.2686147">
	<ele>8.40</ele>
</trkpt>
<trkpt lat="47.7463953" lon="-2.2681919">
	<ele>9.10</ele>
</trkpt>
<trkpt lat="47.7463253" lon="-2.2678382">
	<ele>9.10</ele>
</trkpt>
<trkpt lat="47.7461302" lon="-2.2675076">
	<ele>8.90</ele>
</trkpt>
<trkpt lat="47.7458536" lon="-2.2671848">
	<ele>8.60</ele>
</trkpt>
<trkpt lat="47.7456629" lon="-2.2667555">
	<ele>8.30</ele>
</trkpt>
<trkpt lat="47.7454741" lon="-2.2660715">
	<ele>7.90</ele>
</trkpt>
<trkpt lat="47.7451132" lon="-2.2628510">
	<ele>9.00</ele>
</trkpt>
<trkpt lat="47.7449941" lon="-2.2623156">
	<ele>9.30</ele>
</trkpt>
<trkpt lat="47.7447229" lon="-2.2617650">
	<ele>9.70</ele>
</trkpt>
<trkpt lat="47.7442617" lon="-2.2611957">
	<ele>9.70</ele>
</trkpt>
<trkpt lat="47.7439151" lon="-2.2606235">
	<ele>9.60</ele>
</trkpt>
<trkpt lat="47.7435514" lon="-2.2602196">
	<ele>8.70</ele>
</trkpt>
<trkpt lat="47.7431801" lon="-2.2599847">
	<ele>8.30</ele>
</trkpt>
<trkpt lat="47.7427283" lon="-2.2598409">
	<ele>8.70</ele>
</trkpt>
<trkpt lat="47.7422476" lon="-2.2598021">
	<ele>8.80</ele>
</trkpt>
<trkpt lat="47.7418685" lon="-2.2596427">
	<ele>8.60</ele>
</trkpt>
<trkpt lat="47.7412355" lon="-2.2592828">
	<ele>8.50</ele>
</trkpt>
<trkpt lat="47.7401351" lon="-2.2580666">
	<ele>9.20</ele>
</trkpt>
<trkpt lat="47.7383269" lon="-2.2564018">
	<ele>13.50</ele>
</trkpt>
<trkpt lat="47.7381510" lon="-2.2561721">
	<ele>16.40</ele>
</trkpt>
<trkpt lat="47.7367120" lon="-2.2520285">
	<ele>15.80</ele>
</trkpt>
<trkpt lat="47.7364962" lon="-2.2515721">
	<ele>17.70</ele>
</trkpt>
<trkpt lat="47.7363864" lon="-2.2509881">
	<ele>14.80</ele>
</trkpt>
<trkpt lat="47.7363232" lon="-2.2503237">
	<ele>12.20</ele>
</trkpt>
<trkpt lat="47.7363355" lon="-2.2497306">
	<ele>11.50</ele>
</trkpt>
<trkpt lat="47.7367967" lon="-2.2474305">
	<ele>5.80</ele>
</trkpt>
<trkpt lat="47.7370196" lon="-2.2466140">
	<ele>5.30</ele>
</trkpt>
<trkpt lat="47.7375622" lon="-2.2452134">
	<ele>4.90</ele>
</trkpt>
<trkpt lat="47.7378382" lon="-2.2446462">
	<ele>4.60</ele>
</trkpt>
<trkpt lat="47.7383789" lon="-2.2437655">
	<ele>5.40</ele>
</trkpt>
<trkpt lat="47.7386217" lon="-2.2433011">
	<ele>5.70</ele>
</trkpt>
<trkpt lat="47.7387329" lon="-2.2428981">
	<ele>6.40</ele>
</trkpt>
<trkpt lat="47.7389001" lon="-2.2425220">
	<ele>7.10</ele>
</trkpt>
<trkpt lat="47.7391748" lon="-2.2421456">
	<ele>7.40</ele>
</trkpt>
<trkpt lat="47.7406415" lon="-2.2404115">
	<ele>5.40</ele>
</trkpt>
<trkpt lat="47.7408629" lon="-2.2399450">
	<ele>5.60</ele>
</trkpt>
<trkpt lat="47.7410686" lon="-2.2393496">
	<ele>7.10</ele>
</trkpt>
<trkpt lat="47.7411598" lon="-2.2389128">
	<ele>8.50</ele>
</trkpt>
<trkpt lat="47.7412414" lon="-2.2382096">
	<ele>7.80</ele>
</trkpt>
<trkpt lat="47.7412465" lon="-2.2374565">
	<ele>8.40</ele>
</trkpt>
<trkpt lat="47.7411554" lon="-2.2356537">
	<ele>10.70</ele>
</trkpt>
<trkpt lat="47.7410455" lon="-2.2350696">
	<ele>10.20</ele>
</trkpt>
<trkpt lat="47.7407593" lon="-2.2342666">
	<ele>10.60</ele>
</trkpt>
<trkpt lat="47.7405041" lon="-2.2337320">
	<ele>9.70</ele>
</trkpt>
<trkpt lat="47.7403101" lon="-2.2334263">
	<ele>9.00</ele>
</trkpt>
<trkpt lat="47.7401231" lon="-2.2324845">
	<ele>10.20</ele>
</trkpt>
<trkpt lat="47.7399876" lon="-2.2319935">
	<ele>10.10</ele>
</trkpt>
<trkpt lat="47.7397598" lon="-2.2314828">
	<ele>10.40</ele>
</trkpt>
<trkpt lat="47.7394703" lon="-2.2310723">
	<ele>9.90</ele>
</trkpt>
<trkpt lat="47.7389070" lon="-2.2303800">
	<ele>9.40</ele>
</trkpt>
<trkpt lat="47.7386052" lon="-2.2300850">
	<ele>9.90</ele>
</trkpt>
<trkpt lat="47.7379763" lon="-2.2292589">
	<ele>9.20</ele>
</trkpt>
<trkpt lat="47.7377672" lon="-2.2291322">
	<ele>8.50</ele>
</trkpt>
<trkpt lat="47.7375419" lon="-2.2288872">
	<ele>8.10</ele>
</trkpt>
<trkpt lat="47.7370089" lon="-2.2276779">
	<ele>7.00</ele>
</trkpt>
<trkpt lat="47.7364142" lon="-2.2270463">
	<ele>6.10</ele>
</trkpt>
<trkpt lat="47.7362245" lon="-2.2266455">
	<ele>5.90</ele>
</trkpt>
<trkpt lat="47.7359250" lon="-2.2262978">
	<ele>6.50</ele>
</trkpt>
<trkpt lat="47.7341420" lon="-2.2247004">
	<ele>4.10</ele>
</trkpt>
<trkpt lat="47.7337443" lon="-2.2242814">
	<ele>5.10</ele>
</trkpt>
<trkpt lat="47.7333000" lon="-2.2237566">
	<ele>5.70</ele>
</trkpt>
<trkpt lat="47.7329532" lon="-2.2231848">
	<ele>5.40</ele>
</trkpt>
<trkpt lat="47.7314604" lon="-2.2220808">
	<ele>5.10</ele>
</trkpt>
<trkpt lat="47.7307665" lon="-2.2210599">
	<ele>5.70</ele>
</trkpt>
<trkpt lat="47.7304552" lon="-2.2203360">
	<ele>5.40</ele>
</trkpt>
<trkpt lat="47.7302554" lon="-2.2196797">
	<ele>4.10</ele>
</trkpt>
<trkpt lat="47.7301480" lon="-2.2186645">
	<ele>2.70</ele>
</trkpt>
<trkpt lat="47.7299303" lon="-2.2175536">
	<ele>3.80</ele>
</trkpt>
<trkpt lat="47.7296626" lon="-2.2164945">
	<ele>6.50</ele>
</trkpt>
<trkpt lat="47.7291185" lon="-2.2150814">
	<ele>6.70</ele>
</trkpt>
<trkpt lat="47.7289540" lon="-2.2148105">
	<ele>7.10</ele>
</trkpt>
<trkpt lat="47.7289064" lon="-2.2145936">
	<ele>7.10</ele>
</trkpt>
<trkpt lat="47.7288448" lon="-2.2144744">
	<ele>7.10</ele>
</trkpt>
<trkpt lat="47.7286044" lon="-2.2144084">
	<ele>8.50</ele>
</trkpt>
<trkpt lat="47.7277737" lon="-2.2136620">
	<ele>7.70</ele>
</trkpt>
<trkpt lat="47.7267723" lon="-2.2129979">
	<ele>6.20</ele>
</trkpt>
<trkpt lat="47.7264485" lon="-2.2128742">
	<ele>6.20</ele>
</trkpt>
<trkpt lat="47.7259660" lon="-2.2128835">
	<ele>6.50</ele>
</trkpt>
<trkpt lat="47.7256295" lon="-2.2129354">
	<ele>7.00</ele>
</trkpt>
<trkpt lat="47.7252261" lon="-2.2130881">
	<ele>7.90</ele>
</trkpt>
<trkpt lat="47.7251368" lon="-2.2130807">
	<ele>9.10</ele>
</trkpt>
<trkpt lat="47.7247251" lon="-2.2123445">
	<ele>14.20</ele>
</trkpt>
<trkpt lat="47.7246391" lon="-2.2119187">
	<ele>14.40</ele>
</trkpt>
<trkpt lat="47.7246042" lon="-2.2115245">
	<ele>16.60</ele>
</trkpt>
<trkpt lat="47.7246492" lon="-2.2111575">
	<ele>14.40</ele>
</trkpt>
<trkpt lat="47.7244944" lon="-2.2102138">
	<ele>15.20</ele>
</trkpt>
<trkpt lat="47.7244724" lon="-2.2092620">
	<ele>13.90</ele>
</trkpt>
<trkpt lat="47.7245361" lon="-2.2088757">
	<ele>13.00</ele>
</trkpt>
<trkpt lat="47.7245678" lon="-2.2084066">
	<ele>11.80</ele>
</trkpt>
<trkpt lat="47.7243042" lon="-2.2070384">
	<ele>12.70</ele>
</trkpt>
<trkpt lat="47.7242006" lon="-2.2053464">
	<ele>13.70</ele>
</trkpt>
<trkpt lat="47.7243413" lon="-2.2033919">
	<ele>11.90</ele>
</trkpt>
<trkpt lat="47.7243948" lon="-2.2018691">
	<ele>12.10</ele>
</trkpt>
<trkpt lat="47.7243697" lon="-2.2015484">
	<ele>11.90</ele>
</trkpt>
<trkpt lat="47.7241288" lon="-2.2006070">
	<ele>11.40</ele>
</trkpt>
<trkpt lat="47.7240342" lon="-2.2000778">
	<ele>11.00</ele>
</trkpt>
<trkpt lat="47.7240091" lon="-2.1991946">
	<ele>8.40</ele>
</trkpt>
<trkpt lat="47.7239534" lon="-2.1985154">
	<ele>7.70</ele>
</trkpt>
<trkpt lat="47.7238545" lon="-2.1979222">
	<ele>9.30</ele>
</trkpt>
<trkpt lat="47.7237468" lon="-2.1973652">
	<ele>9.70</ele>
</trkpt>
<trkpt lat="47.7236283" lon="-2.1969305">
	<ele>11.50</ele>
</trkpt>
<trkpt lat="47.7235495" lon="-2.1964488">
	<ele>10.90</ele>
</trkpt>
<trkpt lat="47.7233688" lon="-2.1957875">
	<ele>12.20</ele>
</trkpt>
<trkpt lat="47.7233624" lon="-2.1956100">
	<ele>12.00</ele>
</trkpt>
<trkpt lat="47.7234349" lon="-2.1953766">
	<ele>11.60</ele>
</trkpt>
<trkpt lat="47.7234814" lon="-2.1947586">
	<ele>10.80</ele>
</trkpt>
<trkpt lat="47.7235263" lon="-2.1932138">
	<ele>9.70</ele>
</trkpt>
<trkpt lat="47.7234619" lon="-2.1926205">
	<ele>9.50</ele>
</trkpt>
<trkpt lat="47.7233411" lon="-2.1919013">
	<ele>11.20</ele>
</trkpt>
<trkpt lat="47.7232897" lon="-2.1912313">
	<ele>10.50</ele>
</trkpt>
<trkpt lat="47.7233290" lon="-2.1895940">
	<ele>9.90</ele>
</trkpt>
<trkpt lat="47.7233009" lon="-2.1885090">
	<ele>8.30</ele>
</trkpt>
<trkpt lat="47.7232244" lon="-2.1877588">
	<ele>7.60</ele>
</trkpt>
<trkpt lat="47.7137436" lon="-2.1250860">
	<ele>6.00</ele>
</trkpt>
<trkpt lat="47.7136895" lon="-2.1247679">
	<ele>6.00</ele>
</trkpt>
<trkpt lat="47.7135963" lon="-2.1245255">
	<ele>2.70</ele>
</trkpt>
<trkpt lat="47.7134699" lon="-2.1243065">
	<ele>1.80</ele>
</trkpt>
<trkpt lat="47.7128418" lon="-2.1237740">
	<ele>2.30</ele>
</trkpt>
<trkpt lat="47.7125852" lon="-2.1234205">
	<ele>5.90</ele>
</trkpt>
<trkpt lat="47.7120086" lon="-2.1224473">
	<ele>5.60</ele>
</trkpt>
<trkpt lat="47.7113317" lon="-2.1214208">
	<ele>14.10</ele>
</trkpt>
<trkpt lat="47.7105462" lon="-2.1201214">
	<ele>8.90</ele>
</trkpt>
<trkpt lat="47.7102456" lon="-2.1197956">
	<ele>11.40</ele>
</trkpt>
<trkpt lat="47.7098979" lon="-2.1195605">
	<ele>13.60</ele>
</trkpt>
<trkpt lat="47.7095800" lon="-2.1194387">
	<ele>13.50</ele>
</trkpt>
<trkpt lat="47.7089589" lon="-2.1192581">
	<ele>14.60</ele>
</trkpt>
<trkpt lat="47.7085951" lon="-2.1192283">
	<ele>5.20</ele>
</trkpt>
<trkpt lat="47.7080617" lon="-2.1193097">
	<ele>6.10</ele>
</trkpt>
<trkpt lat="47.7071409" lon="-2.1196560">
	<ele>9.00</ele>
</trkpt>
<trkpt lat="47.7062191" lon="-2.1200234">
	<ele>6.80</ele>
</trkpt>
<trkpt lat="47.7043489" lon="-2.1208776">
	<ele>9.80</ele>
</trkpt>
<trkpt lat="47.7041182" lon="-2.1210781">
	<ele>4.90</ele>
</trkpt>
<trkpt lat="47.7036156" lon="-2.1212737">
	<ele>14.10</ele>
</trkpt>
<trkpt lat="47.7021626" lon="-2.1223271">
	<ele>22.50</ele>
</trkpt>
<trkpt lat="47.7018821" lon="-2.1224379">
	<ele>9.00</ele>
</trkpt>
<trkpt lat="47.7014381" lon="-2.1225225">
	<ele>19.60</ele>
</trkpt>
<trkpt lat="47.6996358" lon="-2.1225612">
	<ele>7.20</ele>
</trkpt>
<trkpt lat="47.6992503" lon="-2.1228634">
	<ele>14.40</ele>
</trkpt>
<trkpt lat="47.6976993" lon="-2.1232126">
	<ele>9.30</ele>
</trkpt>
<trkpt lat="47.6971272" lon="-2.1232795">
	<ele>10.90</ele>
</trkpt>
<trkpt lat="47.6954258" lon="-2.1233014">
	<ele>4.20</ele>
</trkpt>
<trkpt lat="47.6950607" lon="-2.1233828">
	<ele>3.10</ele>
</trkpt>
<trkpt lat="47.6927459" lon="-2.1244167">
	<ele>3.10</ele>
</trkpt>
<trkpt lat="47.6918607" lon="-2.1251745">
	<ele>2.60</ele>
</trkpt>
<trkpt lat="47.6915840" lon="-2.1253599">
	<ele>2.10</ele>
</trkpt>
<trkpt lat="47.6911243" lon="-2.1254747">
	<ele>3.00</ele>
</trkpt>
<trkpt lat="47.6906003" lon="-2.1253447">
	<ele>3.80</ele>
</trkpt>
<trkpt lat="47.6900790" lon="-2.1249870">
	<ele>4.70</ele>
</trkpt>
<trkpt lat="47.6898289" lon="-2.1246502">
	<ele>4.70</ele>
</trkpt>
<trkpt lat="47.6892425" lon="-2.1234114">
	<ele>4.50</ele>
</trkpt>
<trkpt lat="47.6886119" lon="-2.1222003">
	<ele>4.30</ele>
</trkpt>
<trkpt lat="47.6883701" lon="-2.1219173">
	<ele>4.30</ele>
</trkpt>
<trkpt lat="47.6875732" lon="-2.1217240">
	<ele>5.50</ele>
</trkpt>
<trkpt lat="47.6873733" lon="-2.1217101">
	<ele>5.80</ele>
</trkpt>
<trkpt lat="47.6872275" lon="-2.1217702">
	<ele>6.20</ele>
</trkpt>
<trkpt lat="47.6855143" lon="-2.1228777">
	<ele>5.10</ele>
</trkpt>
<trkpt lat="47.6847810" lon="-2.1232476">
	<ele>4.30</ele>
</trkpt>
<trkpt lat="47.6845461" lon="-2.1223380">
	<ele>4.90</ele>
</trkpt>
<trkpt lat="47.6844692" lon="-2.1217283">
	<ele>5.60</ele>
</trkpt>
<trkpt lat="47.6840684" lon="-2.1201875">
	<ele>3.90</ele>
</trkpt>
<trkpt lat="47.6813838" lon="-2.1107853">
	<ele>2.20</ele>
</trkpt>
<trkpt lat="47.6768375" lon="-2.0945371">
	<ele>6.30</ele>
</trkpt>
<trkpt lat="47.6764100" lon="-2.0936693">
	<ele>6.50</ele>
</trkpt>
<trkpt lat="47.6763190" lon="-2.0933936">
	<ele>5.90</ele>
</trkpt>
<trkpt lat="47.6760742" lon="-2.0932259">
	<ele>5.40</ele>
</trkpt>
<trkpt lat="47.6759296" lon="-2.0930722">
	<ele>5.10</ele>
</trkpt>
<trkpt lat="47.6722528" lon="-2.0889594">
	<ele>6.10</ele>
</trkpt>
<trkpt lat="47.6719084" lon="-2.0886483">
	<ele>6.20</ele>
</trkpt>
<trkpt lat="47.6715919" lon="-2.0884502">
	<ele>6.90</ele>
</trkpt>
<trkpt lat="47.6705292" lon="-2.0883311">
	<ele>5.00</ele>
</trkpt>
<trkpt lat="47.6696830" lon="-2.0887184">
	<ele>7.40</ele>
</trkpt>
<trkpt lat="47.6693054" lon="-2.0890312">
	<ele>10.80</ele>
</trkpt>
<trkpt lat="47.6689370" lon="-2.0895436">
	<ele>10.00</ele>
</trkpt>
<trkpt lat="47.6660440" lon="-2.0954789">
	<ele>9.10</ele>
</trkpt>
<trkpt lat="47.6649947" lon="-2.0975631">
	<ele>7.30</ele>
</trkpt>
<trkpt lat="47.6647442" lon="-2.0979207">
	<ele>10.30</ele>
</trkpt>
<trkpt lat="47.6645165" lon="-2.0981080">
	<ele>9.20</ele>
</trkpt>
<trkpt lat="47.6629964" lon="-2.0989514">
	<ele>7.80</ele>
</trkpt>
<trkpt lat="47.6612486" lon="-2.1000247">
	<ele>3.20</ele>
</trkpt>
<trkpt lat="47.6599868" lon="-2.1004338">
	<ele>4.00</ele>
</trkpt>
<trkpt lat="47.6559360" lon="-2.1016306">
	<ele>6.30</ele>
</trkpt>
<trkpt lat="47.6557343" lon="-2.1016627">
	<ele>6.80</ele>
</trkpt>
<trkpt lat="47.6555326" lon="-2.1015269">
	<ele>7.10</ele>
</trkpt>
<trkpt lat="47.6554211" lon="-2.1015374">
	<ele>7.20</ele>
</trkpt>
<trkpt lat="47.6553403" lon="-2.1016674">
	<ele>7.20</ele>
</trkpt>
<trkpt lat="47.6552365" lon="-2.1016921">
	<ele>7.20</ele>
</trkpt>
<trkpt lat="47.6545894" lon="-2.1016485">
	<ele>7.30</ele>
</trkpt>
<trkpt lat="47.6539086" lon="-2.1011967">
	<ele>7.70</ele>
</trkpt>
<trkpt lat="47.6533546" lon="-2.1006562">
	<ele>7.60</ele>
</trkpt>
<trkpt lat="47.6529124" lon="-2.0999641">
	<ele>8.30</ele>
</trkpt>
<trkpt lat="47.6523065" lon="-2.0984297">
	<ele>8.20</ele>
</trkpt>
<trkpt lat="47.6489927" lon="-2.0879626">
	<ele>5.10</ele>
</trkpt>
<trkpt lat="47.6487634" lon="-2.0874577">
	<ele>4.00</ele>
</trkpt>
<trkpt lat="47.6486388" lon="-2.0874685">
	<ele>4.00</ele>
</trkpt>
<trkpt lat="47.6485583" lon="-2.0873449">
	<ele>3.50</ele>
</trkpt>
<trkpt lat="47.6484437" lon="-2.0869949">
	<ele>3.70</ele>
</trkpt>
<trkpt lat="47.6484454" lon="-2.0866928">
	<ele>4.10</ele>
</trkpt>
<trkpt lat="47.6484946" lon="-2.0864828">
	<ele>4.70</ele>
</trkpt>
<trkpt lat="47.6484743" lon="-2.0863368">
	<ele>5.70</ele>
</trkpt>
<trkpt lat="47.6479845" lon="-2.0847389">
	<ele>0.00</ele>
</trkpt>
<trkpt lat="47.6482816" lon="-2.0845081">
	<ele>1.10</ele>
</trkpt>
<trkpt lat="47.6483346" lon="-2.0844328">
	<ele>0.00</ele>
</trkpt>
<trkpt lat="47.6483320" lon="-2.0843200">
	<ele>0.00</ele>
</trkpt>
<trkpt lat="47.6481732" lon="-2.0838026">
	<ele>1.40</ele>
</trkpt>
<trkpt lat="47.6480292" lon="-2.0835108">
	<ele>5.00</ele>
</trkpt>
<trkpt lat="47.6477033" lon="-2.0836757">
	<ele>3.80</ele>
</trkpt>
<trkpt lat="47.6476120" lon="-2.0836322">
	<ele>5.00</ele>
</trkpt>
<trkpt lat="47.6469789" lon="-2.0814473">
	<ele>4.10</ele>
</trkpt>
<trkpt lat="47.6462986" lon="-2.0793844">
	<ele>5.50</ele>
</trkpt>
<trkpt lat="47.6440974" lon="-2.0723962">
	<ele>6.00</ele>
</trkpt>
<trkpt lat="47.6439307" lon="-2.0720411">
	<ele>5.10</ele>
</trkpt>
<trkpt lat="47.6437870" lon="-2.0718425">
	<ele>4.80</ele>
</trkpt>
<trkpt lat="47.6436120" lon="-2.0717267">
	<ele>4.20</ele>
</trkpt>
<trkpt lat="47.6433383" lon="-2.0716773">
	<ele>3.90</ele>
</trkpt>
<trkpt lat="47.6425902" lon="-2.0719004">
	<ele>4.60</ele>
</trkpt>
<trkpt lat="47.6418541" lon="-2.0722605">
	<ele>3.60</ele>
</trkpt>
<trkpt lat="47.6358568" lon="-2.0744294">
	<ele>5.10</ele>
</trkpt>
<trkpt lat="47.6351724" lon="-2.0747097">
	<ele>5.10</ele>
</trkpt>
<trkpt lat="47.6331279" lon="-2.0753875">
	<ele>3.50</ele>
</trkpt>
<trkpt lat="47.6328730" lon="-2.0754089">
	<ele>3.80</ele>
</trkpt>
<trkpt lat="47.6324440" lon="-2.0755559">
	<ele>4.20</ele>
</trkpt>
<trkpt lat="47.6324244" lon="-2.0748359">
	<ele>5.90</ele>
</trkpt>
<trkpt lat="47.6318463" lon="-2.0749518">
	<ele>6.00</ele>
</trkpt>
<trkpt lat="47.6308916" lon="-2.0748737">
	<ele>5.70</ele>
</trkpt>
<trkpt lat="47.6301059" lon="-2.0748764">
	<ele>5.00</ele>
</trkpt>
<trkpt lat="47.6295816" lon="-2.0749275">
	<ele>4.80</ele>
</trkpt>
<trkpt lat="47.6292112" lon="-2.0750020">
	<ele>4.60</ele>
</trkpt>
<trkpt lat="47.6263902" lon="-2.0758417">
	<ele>4.20</ele>
</trkpt>
<trkpt lat="47.6259638" lon="-2.0759475">
	<ele>4.80</ele>
</trkpt>
<trkpt lat="47.6255339" lon="-2.0759970">
	<ele>6.00</ele>
</trkpt>
<trkpt lat="47.6251193" lon="-2.0762171">
	<ele>5.30</ele>
</trkpt>
<trkpt lat="47.6248509" lon="-2.0763107">
	<ele>5.50</ele>
</trkpt>
<trkpt lat="47.6191051" lon="-2.0779744">
	<ele>6.00</ele>
</trkpt>
<trkpt lat="47.6176841" lon="-2.0784332">
	<ele>5.80</ele>
</trkpt>
<trkpt lat="47.6172902" lon="-2.0785363">
	<ele>8.40</ele>
</trkpt>
<trkpt lat="47.6168455" lon="-2.0785739">
	<ele>8.50</ele>
</trkpt>
<trkpt lat="47.6160054" lon="-2.0791796">
	<ele>14.10</ele>
</trkpt>
<trkpt lat="47.6157232" lon="-2.0794418">
	<ele>16.20</ele>
</trkpt>
<trkpt lat="47.6152764" lon="-2.0799677">
	<ele>12.60</ele>
</trkpt>
<trkpt lat="47.6143904" lon="-2.0812822">
	<ele>8.10</ele>
</trkpt>
<trkpt lat="47.6140097" lon="-2.0816489">
	<ele>7.30</ele>
</trkpt>
<trkpt lat="47.6133523" lon="-2.0820937">
	<ele>6.90</ele>
</trkpt>
<trkpt lat="47.6128084" lon="-2.0821844">
	<ele>8.20</ele>
</trkpt>
<trkpt lat="47.6125484" lon="-2.0822933">
	<ele>8.90</ele>
</trkpt>
<trkpt lat="47.6091877" lon="-2.0828982">
	<ele>13.10</ele>
</trkpt>
<trkpt lat="47.6088337" lon="-2.0829561">
	<ele>12.70</ele>
</trkpt>
<trkpt lat="47.6087503" lon="-2.0829112">
	<ele>12.20</ele>
</trkpt>
<trkpt lat="47.6086518" lon="-2.0829203">
	<ele>12.20</ele>
</trkpt>
<trkpt lat="47.6074382" lon="-2.0830657">
	<ele>9.10</ele>
</trkpt>
<trkpt lat="47.6064242" lon="-2.0832904">
	<ele>6.90</ele>
</trkpt>
<trkpt lat="47.6047912" lon="-2.0835675">
	<ele>3.60</ele>
</trkpt>
<trkpt lat="47.6043090" lon="-2.0836925">
	<ele>3.60</ele>
</trkpt>
<trkpt lat="47.6034598" lon="-2.0841347">
	<ele>5.60</ele>
</trkpt>
<trkpt lat="47.6027579" lon="-2.0847769">
	<ele>5.70</ele>
</trkpt>
<trkpt lat="47.6025677" lon="-2.0850168">
	<ele>6.00</ele>
</trkpt>
<trkpt lat="47.6023225" lon="-2.0853507">
	<ele>6.70</ele>
</trkpt>
<trkpt lat="47.6000230" lon="-2.0889100">
	<ele>7.30</ele>
</trkpt>
<trkpt lat="47.5998557" lon="-2.0893489">
	<ele>6.20</ele>
</trkpt>
<trkpt lat="47.5993677" lon="-2.0902784">
	<ele>4.50</ele>
</trkpt>
<trkpt lat="47.5984316" lon="-2.0905239">
	<ele>4.40</ele>
</trkpt>
<trkpt lat="47.5973049" lon="-2.0900271">
	<ele>5.40</ele>
</trkpt>
<trkpt lat="47.5961973" lon="-2.0894099">
	<ele>5.10</ele>
</trkpt>
<trkpt lat="47.5939103" lon="-2.0878888">
	<ele>3.00</ele>
</trkpt>
<trkpt lat="47.5913861" lon="-2.0861467">
	<ele>2.70</ele>
</trkpt>
<trkpt lat="47.5891186" lon="-2.0846662">
	<ele>3.40</ele>
</trkpt>
<trkpt lat="47.5841414" lon="-2.0812293">
	<ele>2.50</ele>
</trkpt>
<trkpt lat="47.5772066" lon="-2.0765151">
	<ele>3.70</ele>
</trkpt>
<trkpt lat="47.5767770" lon="-2.0761546">
	<ele>3.50</ele>
</trkpt>
<trkpt lat="47.5765388" lon="-2.0758805">
	<ele>3.90</ele>
</trkpt>
<trkpt lat="47.5762608" lon="-2.0754674">
	<ele>4.70</ele>
</trkpt>
<trkpt lat="47.5760060" lon="-2.0749177">
	<ele>5.10</ele>
</trkpt>
<trkpt lat="47.5759238" lon="-2.0746646">
	<ele>4.90</ele>
</trkpt>
<trkpt lat="47.5754220" lon="-2.0722958">
	<ele>7.40</ele>
</trkpt>
<trkpt lat="47.5752865" lon="-2.0721658">
	<ele>6.40</ele>
</trkpt>
<trkpt lat="47.5752423" lon="-2.0720692">
	<ele>6.60</ele>
</trkpt>
<trkpt lat="47.5752190" lon="-2.0718044">
	<ele>6.60</ele>
</trkpt>
<trkpt lat="47.5752654" lon="-2.0715434">
	<ele>6.80</ele>
</trkpt>
<trkpt lat="47.5745730" lon="-2.0684366">
	<ele>5.20</ele>
</trkpt>
<trkpt lat="47.5743544" lon="-2.0672417">
	<ele>5.40</ele>
</trkpt>
<trkpt lat="47.5730355" lon="-2.0517861">
	<ele>6.40</ele>
</trkpt>
<trkpt lat="47.5727821" lon="-2.0503635">
	<ele>6.00</ele>
</trkpt>
<trkpt lat="47.5718228" lon="-2.0473078">
	<ele>7.00</ele>
</trkpt>
<trkpt lat="47.5717350" lon="-2.0469132">
	<ele>6.50</ele>
</trkpt>
<trkpt lat="47.5717418" lon="-2.0465663">
	<ele>6.60</ele>
</trkpt>
<trkpt lat="47.5716604" lon="-2.0463373">
	<ele>6.50</ele>
</trkpt>
<trkpt lat="47.5716214" lon="-2.0457988">
	<ele>6.30</ele>
</trkpt>
<trkpt lat="47.5715199" lon="-2.0452608">
	<ele>5.90</ele>
</trkpt>
<trkpt lat="47.5710345" lon="-2.0436606">
	<ele>6.30</ele>
</trkpt>
<trkpt lat="47.5707698" lon="-2.0424621">
	<ele>6.10</ele>
</trkpt>
<trkpt lat="47.5707044" lon="-2.0420468">
	<ele>5.70</ele>
</trkpt>
<trkpt lat="47.5700919" lon="-2.0355683">
	<ele>5.20</ele>
</trkpt>
<trkpt lat="47.5700470" lon="-2.0349818">
	<ele>5.10</ele>
</trkpt>
<trkpt lat="47.5700121" lon="-2.0329514">
	<ele>6.20</ele>
</trkpt>
<trkpt lat="47.5699218" lon="-2.0321933">
	<ele>5.70</ele>
</trkpt>
<trkpt lat="47.5697839" lon="-2.0315722">
	<ele>4.60</ele>
</trkpt>
<trkpt lat="47.5695535" lon="-2.0309659">
	<ele>4.40</ele>
</trkpt>
<trkpt lat="47.5693932" lon="-2.0306310">
	<ele>4.60</ele>
</trkpt>
<trkpt lat="47.5690293" lon="-2.0301033">
	<ele>5.10</ele>
</trkpt>
<trkpt lat="47.5678717" lon="-2.0287157">
	<ele>5.10</ele>
</trkpt>
<trkpt lat="47.5675832" lon="-2.0282195">
	<ele>5.60</ele>
</trkpt>
<trkpt lat="47.5673772" lon="-2.0276369">
	<ele>5.00</ele>
</trkpt>
<trkpt lat="47.5672400" lon="-2.0268790">
	<ele>4.90</ele>
</trkpt>
<trkpt lat="47.5667133" lon="-2.0232739">
	<ele>5.80</ele>
</trkpt>
<trkpt lat="47.5664972" lon="-2.0217148">
	<ele>5.90</ele>
</trkpt>
<trkpt lat="47.5664904" lon="-2.0215106">
	<ele>5.80</ele>
</trkpt>
<trkpt lat="47.5664513" lon="-2.0214236">
	<ele>5.40</ele>
</trkpt>
<trkpt lat="47.5663650" lon="-2.0209160">
	<ele>4.90</ele>
</trkpt>
<trkpt lat="47.5655384" lon="-2.0152395">
	<ele>5.00</ele>
</trkpt>
<trkpt lat="47.5654124" lon="-2.0145890">
	<ele>5.40</ele>
</trkpt>
<trkpt lat="47.5652283" lon="-2.0139497">
	<ele>5.10</ele>
</trkpt>
<trkpt lat="47.5649945" lon="-2.0133636">
	<ele>5.30</ele>
</trkpt>
<trkpt lat="47.5647432" lon="-2.0128559">
	<ele>5.90</ele>
</trkpt>
<trkpt lat="47.5627676" lon="-2.0092258">
	<ele>5.30</ele>
</trkpt>
<trkpt lat="47.5621058" lon="-2.0083280">
	<ele>4.20</ele>
</trkpt>
<trkpt lat="47.5614585" lon="-2.0076688">
	<ele>3.70</ele>
</trkpt>
<trkpt lat="47.5576819" lon="-2.0049336">
	<ele>0.10</ele>
</trkpt>
<trkpt lat="47.5570914" lon="-2.0043437">
	<ele>0.50</ele>
</trkpt>
<trkpt lat="47.5566878" lon="-2.0040793">
	<ele>0.20</ele>
</trkpt>
<trkpt lat="47.5559920" lon="-2.0037523">
	<ele>0.00</ele>
</trkpt>
<trkpt lat="47.5553635" lon="-2.0036491">
	<ele>0.00</ele>
</trkpt>
<trkpt lat="47.5545762" lon="-2.0036234">
	<ele>0.00</ele>
</trkpt>
<trkpt lat="47.5539676" lon="-2.0034712">
	<ele>0.30</ele>
</trkpt>
<trkpt lat="47.5528272" lon="-2.0026250">
	<ele>0.10</ele>
</trkpt>
<trkpt lat="47.5489811" lon="-2.0007092">
	<ele>0.20</ele>
</trkpt>
<trkpt lat="47.5487080" lon="-2.0004727">
	<ele>0.30</ele>
</trkpt>
<trkpt lat="47.5483972" lon="-2.0000642">
	<ele>0.60</ele>
</trkpt>
<trkpt lat="47.5480185" lon="-1.9993986">
	<ele>0.40</ele>
</trkpt>
<trkpt lat="47.5477531" lon="-1.9987862">
	<ele>1.20</ele>
</trkpt>
<trkpt lat="47.5475639" lon="-1.9984502">
	<ele>0.30</ele>
</trkpt>
<trkpt lat="47.5471953" lon="-1.9979225">
	<ele>0.90</ele>
</trkpt>
<trkpt lat="47.5470325" lon="-1.9977482">
	<ele>0.90</ele>
</trkpt>
<trkpt lat="47.5467467" lon="-1.9976092">
	<ele>2.30</ele>
</trkpt>
<trkpt lat="47.5456943" lon="-1.9976165">
	<ele>1.30</ele>
</trkpt>
<trkpt lat="47.5454082" lon="-1.9974375">
	<ele>1.30</ele>
</trkpt>
<trkpt lat="47.5450433" lon="-1.9970539">
	<ele>2.90</ele>
</trkpt>
<trkpt lat="47.5447251" lon="-1.9965290">
	<ele>2.20</ele>
</trkpt>
<trkpt lat="47.5440269" lon="-1.9951311">
	<ele>1.10</ele>
</trkpt>
<trkpt lat="47.5436447" lon="-1.9939079">
	<ele>0.10</ele>
</trkpt>
<trkpt lat="47.5435944" lon="-1.9933982">
	<ele>0.10</ele>
</trkpt>
<trkpt lat="47.5436119" lon="-1.9926373">
	<ele>0.20</ele>
</trkpt>
<trkpt lat="47.5437340" lon="-1.9915150">
	<ele>0.00</ele>
</trkpt>
<trkpt lat="47.5437933" lon="-1.9906019">
	<ele>0.00</ele>
</trkpt>
<trkpt lat="47.5438117" lon="-1.9896721">
	<ele>0.30</ele>
</trkpt>
<trkpt lat="47.5437716" lon="-1.9878981">
	<ele>0.00</ele>
</trkpt>
<trkpt lat="47.5437267" lon="-1.9873636">
	<ele>0.00</ele>
</trkpt>
<trkpt lat="47.5433805" lon="-1.9852522">
	<ele>0.30</ele>
</trkpt>
<trkpt lat="47.5429641" lon="-1.9839423">
	<ele>0.30</ele>
</trkpt>
<trkpt lat="47.5427248" lon="-1.9822412">
	<ele>0.10</ele>
</trkpt>
<trkpt lat="47.5427142" lon="-1.9817775">
	<ele>1.20</ele>
</trkpt>
<trkpt lat="47.5427642" lon="-1.9804325">
	<ele>1.40</ele>
</trkpt>
<trkpt lat="47.5428027" lon="-1.9801003">
	<ele>1.00</ele>
</trkpt>
<trkpt lat="47.5431282" lon="-1.9783985">
	<ele>1.00</ele>
</trkpt>
<trkpt lat="47.5433798" lon="-1.9767693">
	<ele>1.40</ele>
</trkpt>
<trkpt lat="47.5433490" lon="-1.9754670">
	<ele>1.00</ele>
</trkpt>
<trkpt lat="47.5432969" lon="-1.9745647">
	<ele>1.00</ele>
</trkpt>
<trkpt lat="47.5433572" lon="-1.9738366">
	<ele>1.00</ele>
</trkpt>
<trkpt lat="47.5433904" lon="-1.9736717">
	<ele>1.10</ele>
</trkpt>
<trkpt lat="47.5440506" lon="-1.9727553">
	<ele>1.70</ele>
</trkpt>
<trkpt lat="47.5441781" lon="-1.9725340">
	<ele>1.90</ele>
</trkpt>
<trkpt lat="47.5442583" lon="-1.9723038">
	<ele>1.50</ele>
</trkpt>
<trkpt lat="47.5443522" lon="-1.9718617">
	<ele>1.50</ele>
</trkpt>
<trkpt lat="47.5444803" lon="-1.9708623">
	<ele>1.20</ele>
</trkpt>
<trkpt lat="47.5444740" lon="-1.9704760">
	<ele>1.10</ele>
</trkpt>
<trkpt lat="47.5444190" lon="-1.9698941">
	<ele>1.20</ele>
</trkpt>
<trkpt lat="47.5437971" lon="-1.9676938">
	<ele>1.40</ele>
</trkpt>
<trkpt lat="47.5423948" lon="-1.9647719">
	<ele>2.20</ele>
</trkpt>
<trkpt lat="47.5422532" lon="-1.9645583">
	<ele>1.60</ele>
</trkpt>
<trkpt lat="47.5410932" lon="-1.9633124">
	<ele>1.40</ele>
</trkpt>
<trkpt lat="47.5407180" lon="-1.9630320">
	<ele>2.10</ele>
</trkpt>
<trkpt lat="47.5393344" lon="-1.9624718">
	<ele>1.50</ele>
</trkpt>
<trkpt lat="47.5360312" lon="-1.9620332">
	<ele>1.00</ele>
</trkpt>
<trkpt lat="47.5320888" lon="-1.9603925">
	<ele>1.40</ele>
</trkpt>
<trkpt lat="47.5317326" lon="-1.9601828">
	<ele>2.10</ele>
</trkpt>
<trkpt lat="47.5315678" lon="-1.9600618">
	<ele>2.10</ele>
</trkpt>
<trkpt lat="47.5313733" lon="-1.9598413">
	<ele>3.50</ele>
</trkpt>
<trkpt lat="47.5312719" lon="-1.9598051">
	<ele>3.60</ele>
</trkpt>
<trkpt lat="47.5307381" lon="-1.9597633">
	<ele>2.30</ele>
</trkpt>
<trkpt lat="47.5302822" lon="-1.9600294">
	<ele>1.10</ele>
</trkpt>
<trkpt lat="47.5287817" lon="-1.9618078">
	<ele>1.90</ele>
</trkpt>
<trkpt lat="47.5282395" lon="-1.9621218">
	<ele>2.00</ele>
</trkpt>
<trkpt lat="47.5277605" lon="-1.9623319">
	<ele>2.00</ele>
</trkpt>
<trkpt lat="47.5272270" lon="-1.9624842">
	<ele>2.00</ele>
</trkpt>
<trkpt lat="47.5265033" lon="-1.9625667">
	<ele>2.00</ele>
</trkpt>
<trkpt lat="47.5262890" lon="-1.9625640">
	<ele>2.00</ele>
</trkpt>
<trkpt lat="47.5260606" lon="-1.9625056">
	<ele>2.00</ele>
</trkpt>
<trkpt lat="47.5257820" lon="-1.9623169">
	<ele>2.70</ele>
</trkpt>
<trkpt lat="47.5253866" lon="-1.9618048">
	<ele>3.70</ele>
</trkpt>
<trkpt lat="47.5249376" lon="-1.9608922">
	<ele>2.70</ele>
</trkpt>
<trkpt lat="47.5238017" lon="-1.9582670">
	<ele>3.30</ele>
</trkpt>
<trkpt lat="47.5231035" lon="-1.9568834">
	<ele>2.30</ele>
</trkpt>
<trkpt lat="47.5228891" lon="-1.9562995">
	<ele>2.50</ele>
</trkpt>
<trkpt lat="47.5228265" lon="-1.9559208">
	<ele>2.30</ele>
</trkpt>
<trkpt lat="47.5228078" lon="-1.9555017">
	<ele>2.00</ele>
</trkpt>
<trkpt lat="47.5228477" lon="-1.9550554">
	<ele>2.00</ele>
</trkpt>
<trkpt lat="47.5230683" lon="-1.9542048">
	<ele>2.20</ele>
</trkpt>
<trkpt lat="47.5233363" lon="-1.9535362">
	<ele>3.20</ele>
</trkpt>
<trkpt lat="47.5234914" lon="-1.9532610">
	<ele>3.30</ele>
</trkpt>
<trkpt lat="47.5238374" lon="-1.9530310">
	<ele>9.50</ele>
</trkpt>
<trkpt lat="47.5239234" lon="-1.9527896">
	<ele>10.00</ele>
</trkpt>
<trkpt lat="47.5242994" lon="-1.9523877">
	<ele>10.20</ele>
</trkpt>
<trkpt lat="47.5240892" lon="-1.9522285">
	<ele>3.20</ele>
</trkpt>
<trkpt lat="47.5241904" lon="-1.9520208">
	<ele>2.70</ele>
</trkpt>
<trkpt lat="47.5243615" lon="-1.9518554">
	<ele>2.30</ele>
</trkpt>
<trkpt lat="47.5247956" lon="-1.9516671">
	<ele>7.00</ele>
</trkpt>
<trkpt lat="47.5252419" lon="-1.9510421">
	<ele>5.90</ele>
</trkpt>
<trkpt lat="47.5253825" lon="-1.9506430">
	<ele>7.70</ele>
</trkpt>
<trkpt lat="47.5253958" lon="-1.9504374">
	<ele>6.60</ele>
</trkpt>
<trkpt lat="47.5251293" lon="-1.9476562">
	<ele>2.30</ele>
</trkpt>
<trkpt lat="47.5250277" lon="-1.9471134">
	<ele>3.50</ele>
</trkpt>
<trkpt lat="47.5249603" lon="-1.9469152">
	<ele>2.90</ele>
</trkpt>
<trkpt lat="47.5244629" lon="-1.9460400">
	<ele>3.60</ele>
</trkpt>
<trkpt lat="47.5242582" lon="-1.9458280">
	<ele>3.50</ele>
</trkpt>
<trkpt lat="47.5232907" lon="-1.9450706">
	<ele>3.30</ele>
</trkpt>
<trkpt lat="47.5231511" lon="-1.9449994">
	<ele>3.30</ele>
</trkpt>
<trkpt lat="47.5220153" lon="-1.9447498">
	<ele>6.50</ele>
</trkpt>
<trkpt lat="47.5191898" lon="-1.9449626">
	<ele>3.10</ele>
</trkpt>
<trkpt lat="47.5188288" lon="-1.9449548">
	<ele>3.10</ele>
</trkpt>
<trkpt lat="47.5184021" lon="-1.9448261">
	<ele>4.20</ele>
</trkpt>
<trkpt lat="47.5180456" lon="-1.9448453">
	<ele>4.60</ele>
</trkpt>
<trkpt lat="47.5176977" lon="-1.9450912">
	<ele>4.60</ele>
</trkpt>
<trkpt lat="47.5171478" lon="-1.9459578">
	<ele>3.00</ele>
</trkpt>
<trkpt lat="47.5167686" lon="-1.9465164">
	<ele>3.10</ele>
</trkpt>
<trkpt lat="47.5166593" lon="-1.9466219">
	<ele>3.10</ele>
</trkpt>
<trkpt lat="47.5164579" lon="-1.9467108">
	<ele>3.10</ele>
</trkpt>
<trkpt lat="47.5160085" lon="-1.9467557">
	<ele>5.10</ele>
</trkpt>
<trkpt lat="47.5142410" lon="-1.9466852">
	<ele>3.10</ele>
</trkpt>
<trkpt lat="47.5133637" lon="-1.9465854">
	<ele>3.10</ele>
</trkpt>
<trkpt lat="47.5124948" lon="-1.9465739">
	<ele>3.20</ele>
</trkpt>
<trkpt lat="47.5119405" lon="-1.9464601">
	<ele>5.20</ele>
</trkpt>
<trkpt lat="47.5102960" lon="-1.9460366">
	<ele>3.30</ele>
</trkpt>
<trkpt lat="47.5084682" lon="-1.9452088">
	<ele>3.60</ele>
</trkpt>
<trkpt lat="47.5081383" lon="-1.9450413">
	<ele>4.70</ele>
</trkpt>
<trkpt lat="47.5078612" lon="-1.9448144">
	<ele>4.20</ele>
</trkpt>
<trkpt lat="47.5075872" lon="-1.9442073">
	<ele>3.60</ele>
</trkpt>
<trkpt lat="47.5074032" lon="-1.9431183">
	<ele>3.80</ele>
</trkpt>
<trkpt lat="47.5070924" lon="-1.9420191">
	<ele>3.10</ele>
</trkpt>
<trkpt lat="47.5070226" lon="-1.9416652">
	<ele>3.20</ele>
</trkpt>
<trkpt lat="47.5070262" lon="-1.9406644">
	<ele>3.40</ele>
</trkpt>
<trkpt lat="47.5070775" lon="-1.9397140">
	<ele>3.50</ele>
</trkpt>
<trkpt lat="47.5070355" lon="-1.9386058">
	<ele>3.40</ele>
</trkpt>
<trkpt lat="47.5071080" lon="-1.9376411">
	<ele>3.40</ele>
</trkpt>
<trkpt lat="47.5070857" lon="-1.9372457">
	<ele>3.50</ele>
</trkpt>
<trkpt lat="47.5069839" lon="-1.9365848">
	<ele>3.10</ele>
</trkpt>
<trkpt lat="47.5069950" lon="-1.9362587">
	<ele>3.70</ele>
</trkpt>
<trkpt lat="47.5073517" lon="-1.9344274">
	<ele>6.70</ele>
</trkpt>
<trkpt lat="47.5074809" lon="-1.9339791">
	<ele>5.80</ele>
</trkpt>
<trkpt lat="47.5085362" lon="-1.9320815">
	<ele>6.80</ele>
</trkpt>
<trkpt lat="47.5092139" lon="-1.9305325">
	<ele>6.40</ele>
</trkpt>
<trkpt lat="47.5096077" lon="-1.9297465">
	<ele>6.80</ele>
</trkpt>
<trkpt lat="47.5102435" lon="-1.9283282">
	<ele>4.10</ele>
</trkpt>
<trkpt lat="47.5106161" lon="-1.9266483">
	<ele>10.30</ele>
</trkpt>
<trkpt lat="47.5108413" lon="-1.9261106">
	<ele>15.80</ele>
</trkpt>
<trkpt lat="47.5108817" lon="-1.9257469">
	<ele>15.10</ele>
</trkpt>
<trkpt lat="47.5107967" lon="-1.9253372">
	<ele>10.90</ele>
</trkpt>
<trkpt lat="47.5101936" lon="-1.9242253">
	<ele>9.80</ele>
</trkpt>
<trkpt lat="47.5096461" lon="-1.9234609">
	<ele>9.90</ele>
</trkpt>
<trkpt lat="47.5091636" lon="-1.9229190">
	<ele>10.00</ele>
</trkpt>
<trkpt lat="47.5088045" lon="-1.9226570">
	<ele>10.70</ele>
</trkpt>
<trkpt lat="47.5083553" lon="-1.9225280">
	<ele>11.30</ele>
</trkpt>
<trkpt lat="47.5075083" lon="-1.9225330">
	<ele>11.20</ele>
</trkpt>
<trkpt lat="47.5062894" lon="-1.9230402">
	<ele>13.10</ele>
</trkpt>
<trkpt lat="47.5052094" lon="-1.9238659">
	<ele>7.90</ele>
</trkpt>
<trkpt lat="47.5049654" lon="-1.9242126">
	<ele>7.00</ele>
</trkpt>
<trkpt lat="47.5046300" lon="-1.9248181">
	<ele>6.30</ele>
</trkpt>
<trkpt lat="47.5040754" lon="-1.9263544">
	<ele>7.10</ele>
</trkpt>
<trkpt lat="47.5039978" lon="-1.9266765">
	<ele>6.90</ele>
</trkpt>
<trkpt lat="47.5040036" lon="-1.9268844">
	<ele>6.90</ele>
</trkpt>
<trkpt lat="47.5040854" lon="-1.9272591">
	<ele>7.40</ele>
</trkpt>
<trkpt lat="47.5041329" lon="-1.9276578">
	<ele>6.80</ele>
</trkpt>
<trkpt lat="47.5041234" lon="-1.9287219">
	<ele>5.90</ele>
</trkpt>
<trkpt lat="47.5043283" lon="-1.9306951">
	<ele>8.20</ele>
</trkpt>
<trkpt lat="47.5043249" lon="-1.9309315">
	<ele>8.70</ele>
</trkpt>
<trkpt lat="47.5042529" lon="-1.9313710">
	<ele>8.90</ele>
</trkpt>
<trkpt lat="47.5041003" lon="-1.9317723">
	<ele>10.30</ele>
</trkpt>
<trkpt lat="47.5038879" lon="-1.9320623">
	<ele>10.50</ele>
</trkpt>
<trkpt lat="47.5030261" lon="-1.9326632">
	<ele>12.60</ele>
</trkpt>
<trkpt lat="47.5026262" lon="-1.9328571">
	<ele>14.60</ele>
</trkpt>
<trkpt lat="47.5018670" lon="-1.9330488">
	<ele>6.30</ele>
</trkpt>
<trkpt lat="47.5013150" lon="-1.9330935">
	<ele>5.40</ele>
</trkpt>
<trkpt lat="47.4999694" lon="-1.9331105">
	<ele>8.50</ele>
</trkpt>
<trkpt lat="47.4995337" lon="-1.9329560">
	<ele>8.40</ele>
</trkpt>
<trkpt lat="47.4994221" lon="-1.9328805">
	<ele>8.80</ele>
</trkpt>
<trkpt lat="47.4986146" lon="-1.9322070">
	<ele>10.30</ele>
</trkpt>
<trkpt lat="47.4977206" lon="-1.9313364">
	<ele>10.20</ele>
</trkpt>
<trkpt lat="47.4976284" lon="-1.9311257">
	<ele>9.70</ele>
</trkpt>
<trkpt lat="47.4975751" lon="-1.9308848">
	<ele>9.70</ele>
</trkpt>
<trkpt lat="47.4974053" lon="-1.9293559">
	<ele>5.70</ele>
</trkpt>
<trkpt lat="47.4972115" lon="-1.9280604">
	<ele>5.00</ele>
</trkpt>
<trkpt lat="47.4971482" lon="-1.9247642">
	<ele>7.40</ele>
</trkpt>
<trkpt lat="47.4971715" lon="-1.9245228">
	<ele>8.00</ele>
</trkpt>
<trkpt lat="47.4974478" lon="-1.9230562">
	<ele>8.30</ele>
</trkpt>
<trkpt lat="47.4982463" lon="-1.9199579">
	<ele>13.30</ele>
</trkpt>
<trkpt lat="47.4984936" lon="-1.9182270">
	<ele>12.60</ele>
</trkpt>
<trkpt lat="47.4985303" lon="-1.9174231">
	<ele>12.80</ele>
</trkpt>
<trkpt lat="47.4984831" lon="-1.9169900">
	<ele>13.60</ele>
</trkpt>
<trkpt lat="47.4983942" lon="-1.9166414">
	<ele>11.00</ele>
</trkpt>
<trkpt lat="47.4971987" lon="-1.9132308">
	<ele>10.90</ele>
</trkpt>
<trkpt lat="47.4969746" lon="-1.9129072">
	<ele>10.40</ele>
</trkpt>
<trkpt lat="47.4961373" lon="-1.9122569">
	<ele>8.20</ele>
</trkpt>
<trkpt lat="47.4959987" lon="-1.9121049">
	<ele>7.60</ele>
</trkpt>
<trkpt lat="47.4958694" lon="-1.9118965">
	<ele>7.70</ele>
</trkpt>
<trkpt lat="47.4956094" lon="-1.9113229">
	<ele>8.40</ele>
</trkpt>
<trkpt lat="47.4954233" lon="-1.9110408">
	<ele>8.60</ele>
</trkpt>
<trkpt lat="47.4952015" lon="-1.9108743">
	<ele>8.80</ele>
</trkpt>
<trkpt lat="47.4946217" lon="-1.9106725">
	<ele>7.90</ele>
</trkpt>
<trkpt lat="47.4943209" lon="-1.9106432">
	<ele>7.90</ele>
</trkpt>
<trkpt lat="47.4934336" lon="-1.9106681">
	<ele>6.80</ele>
</trkpt>
<trkpt lat="47.4931054" lon="-1.9108013">
	<ele>7.00</ele>
</trkpt>
<trkpt lat="47.4928537" lon="-1.9110144">
	<ele>6.50</ele>
</trkpt>
<trkpt lat="47.4920265" lon="-1.9121945">
	<ele>4.80</ele>
</trkpt>
<trkpt lat="47.4917397" lon="-1.9124242">
	<ele>6.50</ele>
</trkpt>
<trkpt lat="47.4914531" lon="-1.9124784">
	<ele>7.70</ele>
</trkpt>
<trkpt lat="47.4911099" lon="-1.9123539">
	<ele>9.00</ele>
</trkpt>
<trkpt lat="47.4901034" lon="-1.9117234">
	<ele>8.50</ele>
</trkpt>
<trkpt lat="47.4897945" lon="-1.9116483">
	<ele>8.70</ele>
</trkpt>
<trkpt lat="47.4890770" lon="-1.9116184">
	<ele>8.10</ele>
</trkpt>
<trkpt lat="47.4888321" lon="-1.9116578">
	<ele>8.20</ele>
</trkpt>
<trkpt lat="47.4876281" lon="-1.9121877">
	<ele>12.90</ele>
</trkpt>
<trkpt lat="47.4873309" lon="-1.9122584">
	<ele>12.80</ele>
</trkpt>
<trkpt lat="47.4870354" lon="-1.9122853">
	<ele>15.70</ele>
</trkpt>
<trkpt lat="47.4865704" lon="-1.9122163">
	<ele>12.20</ele>
</trkpt>
<trkpt lat="47.4862612" lon="-1.9120999">
	<ele>12.40</ele>
</trkpt>
<trkpt lat="47.4857052" lon="-1.9117379">
	<ele>11.70</ele>
</trkpt>
<trkpt lat="47.4847137" lon="-1.9109691">
	<ele>8.40</ele>
</trkpt>
<trkpt lat="47.4841091" lon="-1.9103335">
	<ele>7.60</ele>
</trkpt>
<trkpt lat="47.4837696" lon="-1.9096672">
	<ele>8.20</ele>
</trkpt>
<trkpt lat="47.4836523" lon="-1.9091078">
	<ele>8.50</ele>
</trkpt>
<trkpt lat="47.4836462" lon="-1.9088308">
	<ele>8.30</ele>
</trkpt>
<trkpt lat="47.4837061" lon="-1.9083267">
	<ele>7.30</ele>
</trkpt>
<trkpt lat="47.4840453" lon="-1.9071817">
	<ele>6.00</ele>
</trkpt>
<trkpt lat="47.4841441" lon="-1.9064999">
	<ele>6.50</ele>
</trkpt>
<trkpt lat="47.4841658" lon="-1.9055874">
	<ele>7.70</ele>
</trkpt>
<trkpt lat="47.4840926" lon="-1.9044387">
	<ele>10.10</ele>
</trkpt>
<trkpt lat="47.4838521" lon="-1.9032329">
	<ele>8.90</ele>
</trkpt>
<trkpt lat="47.4831163" lon="-1.9004954">
	<ele>13.60</ele>
</trkpt>
<trkpt lat="47.4826421" lon="-1.8985840">
	<ele>12.50</ele>
</trkpt>
<trkpt lat="47.4825633" lon="-1.8979306">
	<ele>12.60</ele>
</trkpt>
<trkpt lat="47.4824978" lon="-1.8967906">
	<ele>12.80</ele>
</trkpt>
<trkpt lat="47.4825120" lon="-1.8963771">
	<ele>12.60</ele>
</trkpt>
<trkpt lat="47.4825908" lon="-1.8958831">
	<ele>12.90</ele>
</trkpt>
<trkpt lat="47.4836844" lon="-1.8921716">
	<ele>9.90</ele>
</trkpt>
<trkpt lat="47.4837706" lon="-1.8915857">
	<ele>10.10</ele>
</trkpt>
<trkpt lat="47.4837475" lon="-1.8906378">
	<ele>11.50</ele>
</trkpt>
<trkpt lat="47.4836969" lon="-1.8903466">
	<ele>11.80</ele>
</trkpt>
<trkpt lat="47.4834159" lon="-1.8893091">
	<ele>11.20</ele>
</trkpt>
<trkpt lat="47.4829490" lon="-1.8879353">
	<ele>12.10</ele>
</trkpt>
<trkpt lat="47.4819798" lon="-1.8868432">
	<ele>10.30</ele>
</trkpt>
<trkpt lat="47.4815803" lon="-1.8863398">
	<ele>10.00</ele>
</trkpt>
<trkpt lat="47.4810993" lon="-1.8853728">
	<ele>9.40</ele>
</trkpt>
<trkpt lat="47.4799450" lon="-1.8828786">
	<ele>9.90</ele>
</trkpt>
<trkpt lat="47.4798925" lon="-1.8826476">
	<ele>9.90</ele>
</trkpt>
<trkpt lat="47.4799150" lon="-1.8822355">
	<ele>10.80</ele>
</trkpt>
<trkpt lat="47.4798268" lon="-1.8819780">
	<ele>9.90</ele>
</trkpt>
<trkpt lat="47.4797868" lon="-1.8816161">
	<ele>10.10</ele>
</trkpt>
<trkpt lat="47.4797802" lon="-1.8805238">
	<ele>11.10</ele>
</trkpt>
<trkpt lat="47.4797469" lon="-1.8802584">
	<ele>11.30</ele>
</trkpt>
<trkpt lat="47.4792017" lon="-1.8795317">
	<ele>9.40</ele>
</trkpt>
<trkpt lat="47.4790468" lon="-1.8792773">
	<ele>9.20</ele>
</trkpt>
<trkpt lat="47.4786736" lon="-1.8781477">
	<ele>9.90</ele>
</trkpt>
<trkpt lat="47.4785568" lon="-1.8779152">
	<ele>9.90</ele>
</trkpt>
<trkpt lat="47.4779627" lon="-1.8771613">
	<ele>10.40</ele>
</trkpt>
<trkpt lat="47.4777707" lon="-1.8769668">
	<ele>9.80</ele>
</trkpt>
<trkpt lat="47.4775235" lon="-1.8768050">
	<ele>9.90</ele>
</trkpt>
<trkpt lat="47.4772982" lon="-1.8767580">
	<ele>9.30</ele>
</trkpt>
<trkpt lat="47.4762746" lon="-1.8767899">
	<ele>7.90</ele>
</trkpt>
<trkpt lat="47.4756487" lon="-1.8765371">
	<ele>8.30</ele>
</trkpt>
<trkpt lat="47.4754263" lon="-1.8764132">
	<ele>8.80</ele>
</trkpt>
<trkpt lat="47.4753011" lon="-1.8762878">
	<ele>8.80</ele>
</trkpt>
<trkpt lat="47.4751363" lon="-1.8760156">
	<ele>9.60</ele>
</trkpt>
<trkpt lat="47.4749730" lon="-1.8752786">
	<ele>9.40</ele>
</trkpt>
<trkpt lat="47.4748906" lon="-1.8750688">
	<ele>9.60</ele>
</trkpt>
<trkpt lat="47.4745519" lon="-1.8746727">
	<ele>10.70</ele>
</trkpt>
<trkpt lat="47.4742387" lon="-1.8739889">
	<ele>13.10</ele>
</trkpt>
<trkpt lat="47.4741287" lon="-1.8738261">
	<ele>12.90</ele>
</trkpt>
<trkpt lat="47.4739117" lon="-1.8736242">
	<ele>13.20</ele>
</trkpt>
<trkpt lat="47.4736782" lon="-1.8735288">
	<ele>12.70</ele>
</trkpt>
<trkpt lat="47.4718868" lon="-1.8730762">
	<ele>13.30</ele>
</trkpt>
<trkpt lat="47.4698214" lon="-1.8724042">
	<ele>9.50</ele>
</trkpt>
<trkpt lat="47.4693719" lon="-1.8721335">
	<ele>9.10</ele>
</trkpt>
<trkpt lat="47.4687078" lon="-1.8716440">
	<ele>9.00</ele>
</trkpt>
<trkpt lat="47.4682603" lon="-1.8713881">
	<ele>9.20</ele>
</trkpt>
<trkpt lat="47.4679312" lon="-1.8712745">
	<ele>9.50</ele>
</trkpt>
<trkpt lat="47.4672654" lon="-1.8707842">
	<ele>9.00</ele>
</trkpt>
<trkpt lat="47.4663503" lon="-1.8701852">
	<ele>9.60</ele>
</trkpt>
<trkpt lat="47.4661440" lon="-1.8700107">
	<ele>10.00</ele>
</trkpt>
<trkpt lat="47.4659236" lon="-1.8696573">
	<ele>10.50</ele>
</trkpt>
<trkpt lat="47.4658260" lon="-1.8692670">
	<ele>10.40</ele>
</trkpt>
<trkpt lat="47.4658114" lon="-1.8690480">
	<ele>10.20</ele>
</trkpt>
<trkpt lat="47.4658502" lon="-1.8683776">
	<ele>9.80</ele>
</trkpt>
<trkpt lat="47.4658956" lon="-1.8680717">
	<ele>9.70</ele>
</trkpt>
<trkpt lat="47.4660220" lon="-1.8676406">
	<ele>10.60</ele>
</trkpt>
<trkpt lat="47.4665169" lon="-1.8663380">
	<ele>12.50</ele>
</trkpt>
<trkpt lat="47.4667016" lon="-1.8656684">
	<ele>12.60</ele>
</trkpt>
<trkpt lat="47.4669194" lon="-1.8652021">
	<ele>12.10</ele>
</trkpt>
<trkpt lat="47.4669803" lon="-1.8648894">
	<ele>11.90</ele>
</trkpt>
<trkpt lat="47.4670588" lon="-1.8637173">
	<ele>10.40</ele>
</trkpt>
<trkpt lat="47.4670374" lon="-1.8635048">
	<ele>10.40</ele>
</trkpt>
<trkpt lat="47.4664636" lon="-1.8623194">
	<ele>10.50</ele>
</trkpt>
<trkpt lat="47.4660235" lon="-1.8616275">
	<ele>10.80</ele>
</trkpt>
<trkpt lat="47.4659458" lon="-1.8614457">
	<ele>10.70</ele>
</trkpt>
<trkpt lat="47.4653910" lon="-1.8592062">
	<ele>10.40</ele>
</trkpt>
<trkpt lat="47.4653424" lon="-1.8586338">
	<ele>10.50</ele>
</trkpt>
<trkpt lat="47.4653508" lon="-1.8581523">
	<ele>10.70</ele>
</trkpt>
<trkpt lat="47.4653894" lon="-1.8577847">
	<ele>11.00</ele>
</trkpt>
<trkpt lat="47.4654303" lon="-1.8575250">
	<ele>11.10</ele>
</trkpt>
<trkpt lat="47.4656532" lon="-1.8567681">
	<ele>10.50</ele>
</trkpt>
<trkpt lat="47.4660435" lon="-1.8556657">
	<ele>9.80</ele>
</trkpt>
<trkpt lat="47.4662929" lon="-1.8550844">
	<ele>9.70</ele>
</trkpt>
<trkpt lat="47.4667682" lon="-1.8543080">
	<ele>9.80</ele>
</trkpt>
<trkpt lat="47.4673248" lon="-1.8537394">
	<ele>9.80</ele>
</trkpt>
<trkpt lat="47.4678490" lon="-1.8533914">
	<ele>9.70</ele>
</trkpt>
<trkpt lat="47.4690801" lon="-1.8527018">
	<ele>11.80</ele>
</trkpt>
<trkpt lat="47.4700765" lon="-1.8519247">
	<ele>12.10</ele>
</trkpt>
<trkpt lat="47.4702822" lon="-1.8517150">
	<ele>11.80</ele>
</trkpt>
<trkpt lat="47.4707271" lon="-1.8509902">
	<ele>10.30</ele>
</trkpt>
<trkpt lat="47.4716229" lon="-1.8502621">
	<ele>9.30</ele>
</trkpt>
<trkpt lat="47.4720241" lon="-1.8496295">
	<ele>10.90</ele>
</trkpt>
<trkpt lat="47.4727940" lon="-1.8482392">
	<ele>11.00</ele>
</trkpt>
<trkpt lat="47.4730933" lon="-1.8478589">
	<ele>11.00</ele>
</trkpt>
<trkpt lat="47.4735792" lon="-1.8473749">
	<ele>10.90</ele>
</trkpt>
<trkpt lat="47.4737348" lon="-1.8473061">
	<ele>10.60</ele>
</trkpt>
<trkpt lat="47.4742045" lon="-1.8472221">
	<ele>11.40</ele>
</trkpt>
<trkpt lat="47.4743643" lon="-1.8470660">
	<ele>12.10</ele>
</trkpt>
<trkpt lat="47.4744697" lon="-1.8468603">
	<ele>12.60</ele>
</trkpt>
<trkpt lat="47.4750254" lon="-1.8442933">
	<ele>12.60</ele>
</trkpt>
<trkpt lat="47.4751304" lon="-1.8435814">
	<ele>13.00</ele>
</trkpt>
<trkpt lat="47.4751157" lon="-1.8432627">
	<ele>11.10</ele>
</trkpt>
<trkpt lat="47.4750605" lon="-1.8430219">
	<ele>11.10</ele>
</trkpt>
<trkpt lat="47.4744174" lon="-1.8418701">
	<ele>9.10</ele>
</trkpt>
<trkpt lat="47.4743414" lon="-1.8416568">
	<ele>8.80</ele>
</trkpt>
<trkpt lat="47.4743084" lon="-1.8414231">
	<ele>8.90</ele>
</trkpt>
<trkpt lat="47.4743460" lon="-1.8411284">
	<ele>9.20</ele>
</trkpt>
<trkpt lat="47.4747624" lon="-1.8393490">
	<ele>13.10</ele>
</trkpt>
<trkpt lat="47.4750818" lon="-1.8381344">
	<ele>12.80</ele>
</trkpt>
<trkpt lat="47.4751327" lon="-1.8380229">
	<ele>13.60</ele>
</trkpt>
<trkpt lat="47.4754404" lon="-1.8365815">
	<ele>13.90</ele>
</trkpt>
<trkpt lat="47.4754461" lon="-1.8361754">
	<ele>13.90</ele>
</trkpt>
<trkpt lat="47.4753774" lon="-1.8348787">
	<ele>14.00</ele>
</trkpt>
<trkpt lat="47.4751710" lon="-1.8331819">
	<ele>14.40</ele>
</trkpt>
<trkpt lat="47.4743793" lon="-1.8307776">
	<ele>12.80</ele>
</trkpt>
<trkpt lat="47.4740889" lon="-1.8302381">
	<ele>13.10</ele>
</trkpt>
<trkpt lat="47.4738145" lon="-1.8298513">
	<ele>12.00</ele>
</trkpt>
<trkpt lat="47.4730563" lon="-1.8289936">
	<ele>9.60</ele>
</trkpt>
<trkpt lat="47.4726781" lon="-1.8283395">
	<ele>9.30</ele>
</trkpt>
<trkpt lat="47.4722499" lon="-1.8274717">
	<ele>9.20</ele>
</trkpt>
<trkpt lat="47.4716195" lon="-1.8258907">
	<ele>11.30</ele>
</trkpt>
<trkpt lat="47.4715051" lon="-1.8254647">
	<ele>10.80</ele>
</trkpt>
<trkpt lat="47.4712715" lon="-1.8241950">
	<ele>10.70</ele>
</trkpt>
<trkpt lat="47.4711688" lon="-1.8238176">
	<ele>11.80</ele>
</trkpt>
<trkpt lat="47.4706560" lon="-1.8226710">
	<ele>12.10</ele>
</trkpt>
<trkpt lat="47.4701596" lon="-1.8214446">
	<ele>11.20</ele>
</trkpt>
<trkpt lat="47.4699934" lon="-1.8209547">
	<ele>11.80</ele>
</trkpt>
<trkpt lat="47.4699006" lon="-1.8206047">
	<ele>11.50</ele>
</trkpt>
<trkpt lat="47.4697594" lon="-1.8197196">
	<ele>11.30</ele>
</trkpt>
<trkpt lat="47.4697200" lon="-1.8188849">
	<ele>11.70</ele>
</trkpt>
<trkpt lat="47.4697645" lon="-1.8182972">
	<ele>12.60</ele>
</trkpt>
<trkpt lat="47.4698911" lon="-1.8176548">
	<ele>12.80</ele>
</trkpt>
<trkpt lat="47.4701628" lon="-1.8166359">
	<ele>11.80</ele>
</trkpt>
<trkpt lat="47.4702708" lon="-1.8157317">
	<ele>11.60</ele>
</trkpt>
<trkpt lat="47.4702846" lon="-1.8152731">
	<ele>11.60</ele>
</trkpt>
<trkpt lat="47.4702370" lon="-1.8136832">
	<ele>10.60</ele>
</trkpt>
<trkpt lat="47.4702054" lon="-1.8130060">
	<ele>10.10</ele>
</trkpt>
<trkpt lat="47.4701512" lon="-1.8125594">
	<ele>10.30</ele>
</trkpt>
<trkpt lat="47.4699565" lon="-1.8116847">
	<ele>11.60</ele>
</trkpt>
<trkpt lat="47.4696943" lon="-1.8110067">
	<ele>12.10</ele>
</trkpt>
<trkpt lat="47.4688402" lon="-1.8096025">
	<ele>13.60</ele>
</trkpt>
<trkpt lat="47.4686568" lon="-1.8092163">
	<ele>13.10</ele>
</trkpt>
<trkpt lat="47.4683570" lon="-1.8082817">
	<ele>12.90</ele>
</trkpt>
<trkpt lat="47.4682685" lon="-1.8076092">
	<ele>11.80</ele>
</trkpt>
<trkpt lat="47.4682540" lon="-1.8069067">
	<ele>11.40</ele>
</trkpt>
<trkpt lat="47.4682913" lon="-1.8063916">
	<ele>11.10</ele>
</trkpt>
<trkpt lat="47.4692762" lon="-1.7979359">
	<ele>12.20</ele>
</trkpt>
<trkpt lat="47.4694607" lon="-1.7967042">
	<ele>11.10</ele>
</trkpt>
<trkpt lat="47.4695654" lon="-1.7954609">
	<ele>10.30</ele>
</trkpt>
<trkpt lat="47.4697692" lon="-1.7936874">
	<ele>11.40</ele>
</trkpt>
<trkpt lat="47.4706401" lon="-1.7894176">
	<ele>11.80</ele>
</trkpt>
<trkpt lat="47.4709503" lon="-1.7881199">
	<ele>12.40</ele>
</trkpt>
<trkpt lat="47.4720811" lon="-1.7828710">
	<ele>12.80</ele>
</trkpt>
<trkpt lat="47.4722468" lon="-1.7818344">
	<ele>12.10</ele>
</trkpt>
<trkpt lat="47.4732311" lon="-1.7773259">
	<ele>13.70</ele>
</trkpt>
<trkpt lat="47.4733883" lon="-1.7762978">
	<ele>13.20</ele>
</trkpt>
<trkpt lat="47.4733313" lon="-1.7751390">
	<ele>12.40</ele>
</trkpt>
<trkpt lat="47.4731303" lon="-1.7738481">
	<ele>13.10</ele>
</trkpt>
<trkpt lat="47.4730033" lon="-1.7732378">
	<ele>12.60</ele>
</trkpt>
<trkpt lat="47.4728544" lon="-1.7727906">
	<ele>12.80</ele>
</trkpt>
<trkpt lat="47.4723192" lon="-1.7715271">
	<ele>13.60</ele>
</trkpt>
<trkpt lat="47.4713781" lon="-1.7694408">
	<ele>13.50</ele>
</trkpt>
<trkpt lat="47.4712361" lon="-1.7692769">
	<ele>13.60</ele>
</trkpt>
<trkpt lat="47.4711378" lon="-1.7690893">
	<ele>13.50</ele>
</trkpt>
<trkpt lat="47.4710995" lon="-1.7688639">
	<ele>13.70</ele>
</trkpt>
<trkpt lat="47.4709122" lon="-1.7684788">
	<ele>13.90</ele>
</trkpt>
<trkpt lat="47.4708366" lon="-1.7681714">
	<ele>14.10</ele>
</trkpt>
<trkpt lat="47.4705126" lon="-1.7673268">
	<ele>13.80</ele>
</trkpt>
<trkpt lat="47.4701879" lon="-1.7666004">
	<ele>14.10</ele>
</trkpt>
<trkpt lat="47.4701094" lon="-1.7661746">
	<ele>14.50</ele>
</trkpt>
<trkpt lat="47.4700528" lon="-1.7660161">
	<ele>14.50</ele>
</trkpt>
<trkpt lat="47.4697643" lon="-1.7653377">
	<ele>14.10</ele>
</trkpt>
<trkpt lat="47.4690523" lon="-1.7638496">
	<ele>15.10</ele>
</trkpt>
<trkpt lat="47.4689840" lon="-1.7636178">
	<ele>15.00</ele>
</trkpt>
<trkpt lat="47.4687576" lon="-1.7635984">
	<ele>15.10</ele>
</trkpt>
<trkpt lat="47.4669637" lon="-1.7596427">
	<ele>14.10</ele>
</trkpt>
<trkpt lat="47.4662640" lon="-1.7582885">
	<ele>14.40</ele>
</trkpt>
<trkpt lat="47.4660294" lon="-1.7579184">
	<ele>14.50</ele>
</trkpt>
<trkpt lat="47.4657121" lon="-1.7575208">
	<ele>14.40</ele>
</trkpt>
<trkpt lat="47.4626292" lon="-1.7537907">
	<ele>14.30</ele>
</trkpt>
<trkpt lat="47.4623389" lon="-1.7532876">
	<ele>14.60</ele>
</trkpt>
<trkpt lat="47.4622247" lon="-1.7530013">
	<ele>14.80</ele>
</trkpt>
<trkpt lat="47.4620099" lon="-1.7522742">
	<ele>15.50</ele>
</trkpt>
<trkpt lat="47.4619550" lon="-1.7522368">
	<ele>16.00</ele>
</trkpt>
<trkpt lat="47.4617804" lon="-1.7523024">
	<ele>16.50</ele>
</trkpt>
<trkpt lat="47.4617322" lon="-1.7522317">
	<ele>16.50</ele>
</trkpt>
<trkpt lat="47.4585758" lon="-1.7434816">
	<ele>18.00</ele>
</trkpt>
<trkpt lat="47.4584549" lon="-1.7428242">
	<ele>19.00</ele>
</trkpt>
<trkpt lat="47.4584314" lon="-1.7406776">
	<ele>17.10</ele>
</trkpt>
<trkpt lat="47.4584394" lon="-1.7403489">
	<ele>17.30</ele>
</trkpt>
<trkpt lat="47.4584888" lon="-1.7400180">
	<ele>18.10</ele>
</trkpt>
<trkpt lat="47.4587144" lon="-1.7390339">
	<ele>19.10</ele>
</trkpt>
<trkpt lat="47.4588058" lon="-1.7387394">
	<ele>18.40</ele>
</trkpt>
<trkpt lat="47.4595989" lon="-1.7368318">
	<ele>21.10</ele>
</trkpt>
<trkpt lat="47.4598145" lon="-1.7364658">
	<ele>21.40</ele>
</trkpt>
<trkpt lat="47.4599344" lon="-1.7363581">
	<ele>21.40</ele>
</trkpt>
<trkpt lat="47.4605042" lon="-1.7360351">
	<ele>19.40</ele>
</trkpt>
<trkpt lat="47.4611420" lon="-1.7351369">
	<ele>20.80</ele>
</trkpt>
<trkpt lat="47.4613412" lon="-1.7347245">
	<ele>20.40</ele>
</trkpt>
<trkpt lat="47.4614725" lon="-1.7342922">
	<ele>20.00</ele>
</trkpt>
<trkpt lat="47.4620205" lon="-1.7319487">
	<ele>19.20</ele>
</trkpt>
<trkpt lat="47.4621597" lon="-1.7314759">
	<ele>18.80</ele>
</trkpt>
<trkpt lat="47.4635297" lon="-1.7281502">
	<ele>15.70</ele>
</trkpt>
<trkpt lat="47.4638283" lon="-1.7275351">
	<ele>16.70</ele>
</trkpt>
<trkpt lat="47.4645623" lon="-1.7263824">
	<ele>16.40</ele>
</trkpt>
<trkpt lat="47.4647769" lon="-1.7261437">
	<ele>16.00</ele>
</trkpt>
<trkpt lat="47.4653724" lon="-1.7257562">
	<ele>15.20</ele>
</trkpt>
<trkpt lat="47.4663563" lon="-1.7253862">
	<ele>14.30</ele>
</trkpt>
<trkpt lat="47.4667227" lon="-1.7251870">
	<ele>14.00</ele>
</trkpt>
<trkpt lat="47.4684799" lon="-1.7239542">
	<ele>15.80</ele>
</trkpt>
<trkpt lat="47.4688742" lon="-1.7235485">
	<ele>17.10</ele>
</trkpt>
<trkpt lat="47.4691268" lon="-1.7232065">
	<ele>18.70</ele>
</trkpt>
<trkpt lat="47.4694572" lon="-1.7225675">
	<ele>18.60</ele>
</trkpt>
<trkpt lat="47.4699113" lon="-1.7215075">
	<ele>18.40</ele>
</trkpt>
<trkpt lat="47.4700195" lon="-1.7210668">
	<ele>18.20</ele>
</trkpt>
<trkpt lat="47.4703168" lon="-1.7203961">
	<ele>18.70</ele>
</trkpt>
<trkpt lat="47.4704059" lon="-1.7200402">
	<ele>18.90</ele>
</trkpt>
<trkpt lat="47.4705100" lon="-1.7191236">
	<ele>17.50</ele>
</trkpt>
<trkpt lat="47.4705318" lon="-1.7182472">
	<ele>16.00</ele>
</trkpt>
<trkpt lat="47.4704846" lon="-1.7163255">
	<ele>15.50</ele>
</trkpt>
<trkpt lat="47.4704724" lon="-1.7112144">
	<ele>16.10</ele>
</trkpt>
<trkpt lat="47.4704220" lon="-1.7063116">
	<ele>16.40</ele>
</trkpt>
<trkpt lat="47.4703258" lon="-1.7054050">
	<ele>17.50</ele>
</trkpt>
<trkpt lat="47.4701945" lon="-1.7046511">
	<ele>16.50</ele>
</trkpt>
<trkpt lat="47.4699180" lon="-1.7034626">
	<ele>15.90</ele>
</trkpt>
<trkpt lat="47.4695579" lon="-1.7022982">
	<ele>15.70</ele>
</trkpt>
<trkpt lat="47.4694682" lon="-1.7016671">
	<ele>15.10</ele>
</trkpt>
<trkpt lat="47.4694953" lon="-1.7011458">
	<ele>14.90</ele>
</trkpt>
<trkpt lat="47.4695521" lon="-1.7008100">
	<ele>15.20</ele>
</trkpt>
<trkpt lat="47.4700543" lon="-1.6990615">
	<ele>16.60</ele>
</trkpt>
<trkpt lat="47.4701807" lon="-1.6984322">
	<ele>16.40</ele>
</trkpt>
<trkpt lat="47.4705353" lon="-1.6962447">
	<ele>16.50</ele>
</trkpt>
<trkpt lat="47.4705070" lon="-1.6952702">
	<ele>17.10</ele>
</trkpt>
<trkpt lat="47.4704639" lon="-1.6948777">
	<ele>17.30</ele>
</trkpt>
<trkpt lat="47.4704496" lon="-1.6934400">
	<ele>17.80</ele>
</trkpt>
<trkpt lat="47.4702432" lon="-1.6851163">
	<ele>18.00</ele>
</trkpt>
<trkpt lat="47.4701754" lon="-1.6846639">
	<ele>17.60</ele>
</trkpt>
<trkpt lat="47.4700938" lon="-1.6842563">
	<ele>17.80</ele>
</trkpt>
<trkpt lat="47.4699569" lon="-1.6838394">
	<ele>18.00</ele>
</trkpt>
<trkpt lat="47.4696806" lon="-1.6832899">
	<ele>17.90</ele>
</trkpt>
<trkpt lat="47.4694263" lon="-1.6829360">
	<ele>18.80</ele>
</trkpt>
<trkpt lat="47.4667550" lon="-1.6800248">
	<ele>18.80</ele>
</trkpt>
<trkpt lat="47.4664094" lon="-1.6797557">
	<ele>19.10</ele>
</trkpt>
<trkpt lat="47.4662737" lon="-1.6796724">
	<ele>19.10</ele>
</trkpt>
<trkpt lat="47.4658816" lon="-1.6795498">
	<ele>19.20</ele>
</trkpt>
<trkpt lat="47.4653291" lon="-1.6795361">
	<ele>18.70</ele>
</trkpt>
<trkpt lat="47.4632667" lon="-1.6799982">
	<ele>17.60</ele>
</trkpt>
<trkpt lat="47.4627505" lon="-1.6800018">
	<ele>17.50</ele>
</trkpt>
<trkpt lat="47.4624445" lon="-1.6799189">
	<ele>17.50</ele>
</trkpt>
<trkpt lat="47.4621046" lon="-1.6797445">
	<ele>18.00</ele>
</trkpt>
<trkpt lat="47.4612503" lon="-1.6790320">
	<ele>18.60</ele>
</trkpt>
<trkpt lat="47.4598678" lon="-1.6778109">
	<ele>17.50</ele>
</trkpt>
<trkpt lat="47.4596620" lon="-1.6775882">
	<ele>17.40</ele>
</trkpt>
<trkpt lat="47.4594932" lon="-1.6773391">
	<ele>17.10</ele>
</trkpt>
<trkpt lat="47.4591152" lon="-1.6766054">
	<ele>16.70</ele>
</trkpt>
<trkpt lat="47.4578256" lon="-1.6718935">
	<ele>18.20</ele>
</trkpt>
<trkpt lat="47.4575498" lon="-1.6710918">
	<ele>17.50</ele>
</trkpt>
<trkpt lat="47.4573629" lon="-1.6706607">
	<ele>17.50</ele>
</trkpt>
<trkpt lat="47.4571062" lon="-1.6701581">
	<ele>18.20</ele>
</trkpt>
<trkpt lat="47.4553235" lon="-1.6672884">
	<ele>18.70</ele>
</trkpt>
<trkpt lat="47.4551350" lon="-1.6670352">
	<ele>19.00</ele>
</trkpt>
<trkpt lat="47.4550557" lon="-1.6667870">
	<ele>19.40</ele>
</trkpt>
<trkpt lat="47.4547826" lon="-1.6663394">
	<ele>19.60</ele>
</trkpt>
<trkpt lat="47.4519401" lon="-1.6618290">
	<ele>19.90</ele>
</trkpt>
<trkpt lat="47.4516238" lon="-1.6610775">
	<ele>20.20</ele>
</trkpt>
<trkpt lat="47.4514597" lon="-1.6605062">
	<ele>20.90</ele>
</trkpt>
<trkpt lat="47.4512680" lon="-1.6593831">
	<ele>20.40</ele>
</trkpt>
<trkpt lat="47.4510768" lon="-1.6594418">
	<ele>20.80</ele>
</trkpt>
<trkpt lat="47.4509893" lon="-1.6590263">
	<ele>20.90</ele>
</trkpt>
<trkpt lat="47.4500873" lon="-1.6532703">
	<ele>21.90</ele>
</trkpt>
<trkpt lat="47.4500181" lon="-1.6524831">
	<ele>21.20</ele>
</trkpt>
<trkpt lat="47.4496743" lon="-1.6452541">
	<ele>23.10</ele>
</trkpt>
<trkpt lat="47.4497109" lon="-1.6444522">
	<ele>23.30</ele>
</trkpt>
<trkpt lat="47.4499359" lon="-1.6436179">
	<ele>22.80</ele>
</trkpt>
<trkpt lat="47.4501944" lon="-1.6431194">
	<ele>20.40</ele>
</trkpt>
<trkpt lat="47.4512185" lon="-1.6417021">
	<ele>19.60</ele>
</trkpt>
<trkpt lat="47.4514366" lon="-1.6415949">
	<ele>19.30</ele>
</trkpt>
<trkpt lat="47.4515113" lon="-1.6414909">
	<ele>19.30</ele>
</trkpt>
<trkpt lat="47.4517262" lon="-1.6411352">
	<ele>19.60</ele>
</trkpt>
<trkpt lat="47.4517859" lon="-1.6409186">
	<ele>19.60</ele>
</trkpt>
<trkpt lat="47.4522704" lon="-1.6401846">
	<ele>19.90</ele>
</trkpt>
<trkpt lat="47.4526159" lon="-1.6394601">
	<ele>20.70</ele>
</trkpt>
<trkpt lat="47.4527443" lon="-1.6390528">
	<ele>20.80</ele>
</trkpt>
<trkpt lat="47.4533540" lon="-1.6345901">
	<ele>19.50</ele>
</trkpt>
<trkpt lat="47.4533706" lon="-1.6340270">
	<ele>19.70</ele>
</trkpt>
<trkpt lat="47.4533206" lon="-1.6333328">
	<ele>19.20</ele>
</trkpt>
<trkpt lat="47.4530309" lon="-1.6318519">
	<ele>20.20</ele>
</trkpt>
<trkpt lat="47.4530037" lon="-1.6315179">
	<ele>20.00</ele>
</trkpt>
<trkpt lat="47.4530013" lon="-1.6311937">
	<ele>19.90</ele>
</trkpt>
<trkpt lat="47.4530462" lon="-1.6308558">
	<ele>20.00</ele>
</trkpt>
<trkpt lat="47.4531323" lon="-1.6305249">
	<ele>19.30</ele>
</trkpt>
<trkpt lat="47.4533913" lon="-1.6300091">
	<ele>19.80</ele>
</trkpt>
<trkpt lat="47.4536786" lon="-1.6296884">
	<ele>19.40</ele>
</trkpt>
<trkpt lat="47.4541659" lon="-1.6292462">
	<ele>19.00</ele>
</trkpt>
<trkpt lat="47.4544053" lon="-1.6290940">
	<ele>18.90</ele>
</trkpt>
<trkpt lat="47.4547835" lon="-1.6289376">
	<ele>19.50</ele>
</trkpt>
<trkpt lat="47.4553113" lon="-1.6287803">
	<ele>19.10</ele>
</trkpt>
<trkpt lat="47.4558493" lon="-1.6287699">
	<ele>19.00</ele>
</trkpt>
<trkpt lat="47.4563922" lon="-1.6289617">
	<ele>20.30</ele>
</trkpt>
<trkpt lat="47.4568959" lon="-1.6292940">
	<ele>18.90</ele>
</trkpt>
<trkpt lat="47.4578223" lon="-1.6302780">
	<ele>20.80</ele>
</trkpt>
<trkpt lat="47.4582399" lon="-1.6305228">
	<ele>20.70</ele>
</trkpt>
<trkpt lat="47.4584976" lon="-1.6305474">
	<ele>20.70</ele>
</trkpt>
<trkpt lat="47.4587359" lon="-1.6305305">
	<ele>20.30</ele>
</trkpt>
<trkpt lat="47.4589435" lon="-1.6304637">
	<ele>20.00</ele>
</trkpt>
<trkpt lat="47.4591621" lon="-1.6303419">
	<ele>20.50</ele>
</trkpt>
<trkpt lat="47.4594849" lon="-1.6300671">
	<ele>20.70</ele>
</trkpt>
<trkpt lat="47.4597293" lon="-1.6297679">
	<ele>21.10</ele>
</trkpt>
<trkpt lat="47.4598658" lon="-1.6294912">
	<ele>21.60</ele>
</trkpt>
<trkpt lat="47.4599799" lon="-1.6291571">
	<ele>22.30</ele>
</trkpt>
<trkpt lat="47.4600369" lon="-1.6288851">
	<ele>22.20</ele>
</trkpt>
<trkpt lat="47.4600547" lon="-1.6283937">
	<ele>22.00</ele>
</trkpt>
<trkpt lat="47.4598611" lon="-1.6266568">
	<ele>21.60</ele>
</trkpt>
<trkpt lat="47.4598181" lon="-1.6258874">
	<ele>22.00</ele>
</trkpt>
<trkpt lat="47.4599587" lon="-1.6188766">
	<ele>21.60</ele>
</trkpt>
<trkpt lat="47.4599725" lon="-1.6177342">
	<ele>21.10</ele>
</trkpt>
<trkpt lat="47.4599525" lon="-1.6172653">
	<ele>21.60</ele>
</trkpt>
<trkpt lat="47.4598691" lon="-1.6164888">
	<ele>22.70</ele>
</trkpt>
<trkpt lat="47.4593040" lon="-1.6134908">
	<ele>23.00</ele>
</trkpt>
<trkpt lat="47.4591868" lon="-1.6127058">
	<ele>23.40</ele>
</trkpt>
<trkpt lat="47.4592654" lon="-1.6124601">
	<ele>23.50</ele>
</trkpt>
<trkpt lat="47.4593480" lon="-1.6119642">
	<ele>23.80</ele>
</trkpt>
<trkpt lat="47.4600221" lon="-1.6096808">
	<ele>24.00</ele>
</trkpt>
<trkpt lat="47.4601041" lon="-1.6093111">
	<ele>23.90</ele>
</trkpt>
<trkpt lat="47.4601627" lon="-1.6086740">
	<ele>24.30</ele>
</trkpt>
<trkpt lat="47.4601019" lon="-1.6078660">
	<ele>25.30</ele>
</trkpt>
<trkpt lat="47.4599330" lon="-1.6072200">
	<ele>26.00</ele>
</trkpt>
<trkpt lat="47.4596867" lon="-1.6067291">
	<ele>25.90</ele>
</trkpt>
<trkpt lat="47.4595385" lon="-1.6065378">
	<ele>26.30</ele>
</trkpt>
<trkpt lat="47.4552769" lon="-1.6021601">
	<ele>27.20</ele>
</trkpt>
<trkpt lat="47.4548226" lon="-1.6015104">
	<ele>28.10</ele>
</trkpt>
<trkpt lat="47.4544116" lon="-1.6006195">
	<ele>28.20</ele>
</trkpt>
<trkpt lat="47.4525831" lon="-1.5954600">
	<ele>28.90</ele>
</trkpt>
<trkpt lat="47.4523537" lon="-1.5946557">
	<ele>28.00</ele>
</trkpt>
<trkpt lat="47.4521674" lon="-1.5938559">
	<ele>26.80</ele>
</trkpt>
<trkpt lat="47.4513564" lon="-1.5889576">
	<ele>26.20</ele>
</trkpt>
<trkpt lat="47.4512290" lon="-1.5878541">
	<ele>26.50</ele>
</trkpt>
<trkpt lat="47.4511826" lon="-1.5861670">
	<ele>25.50</ele>
</trkpt>
<trkpt lat="47.4511843" lon="-1.5845752">
	<ele>23.30</ele>
</trkpt>
<trkpt lat="47.4511377" lon="-1.5841707">
	<ele>22.10</ele>
</trkpt>
<trkpt lat="47.4513718" lon="-1.5840911">
	<ele>22.00</ele>
</trkpt>
<trkpt lat="47.4512318" lon="-1.5835988">
	<ele>21.40</ele>
</trkpt>
<trkpt lat="47.4507092" lon="-1.5822219">
	<ele>21.10</ele>
</trkpt>
<trkpt lat="47.4505623" lon="-1.5817464">
	<ele>21.30</ele>
</trkpt>
<trkpt lat="47.4504512" lon="-1.5812496">
	<ele>21.70</ele>
</trkpt>
<trkpt lat="47.4498802" lon="-1.5776851">
	<ele>20.80</ele>
</trkpt>
<trkpt lat="47.4497369" lon="-1.5770466">
	<ele>20.90</ele>
</trkpt>
<trkpt lat="47.4495517" lon="-1.5765311">
	<ele>20.30</ele>
</trkpt>
<trkpt lat="47.4464345" lon="-1.5692744">
	<ele>16.50</ele>
</trkpt>
<trkpt lat="47.4458948" lon="-1.5677188">
	<ele>19.10</ele>
</trkpt>
<trkpt lat="47.4455201" lon="-1.5667937">
	<ele>19.60</ele>
</trkpt>
<trkpt lat="47.4454179" lon="-1.5661005">
	<ele>18.20</ele>
</trkpt>
<trkpt lat="47.4453635" lon="-1.5644051">
	<ele>17.10</ele>
</trkpt>
<trkpt lat="47.4450777" lon="-1.5637331">
	<ele>17.20</ele>
</trkpt>
<trkpt lat="47.4448297" lon="-1.5635377">
	<ele>17.50</ele>
</trkpt>
<trkpt lat="47.4443334" lon="-1.5633793">
	<ele>17.90</ele>
</trkpt>
<trkpt lat="47.4441161" lon="-1.5632253">
	<ele>18.30</ele>
</trkpt>
<trkpt lat="47.4440002" lon="-1.5629778">
	<ele>18.20</ele>
</trkpt>
<trkpt lat="47.4439620" lon="-1.5626126">
	<ele>18.00</ele>
</trkpt>
<trkpt lat="47.4439445" lon="-1.5618493">
	<ele>17.50</ele>
</trkpt>
<trkpt lat="47.4439124" lon="-1.5616797">
	<ele>17.50</ele>
</trkpt>
<trkpt lat="47.4437937" lon="-1.5613803">
	<ele>17.10</ele>
</trkpt>
<trkpt lat="47.4435239" lon="-1.5610472">
	<ele>17.90</ele>
</trkpt>
<trkpt lat="47.4420655" lon="-1.5596662">
	<ele>18.60</ele>
</trkpt>
<trkpt lat="47.4417132" lon="-1.5591890">
	<ele>18.20</ele>
</trkpt>
<trkpt lat="47.4409705" lon="-1.5575988">
	<ele>18.20</ele>
</trkpt>
<trkpt lat="47.4408514" lon="-1.5572609">
	<ele>18.20</ele>
</trkpt>
<trkpt lat="47.4407522" lon="-1.5567810">
	<ele>18.80</ele>
</trkpt>
<trkpt lat="47.4407316" lon="-1.5560826">
	<ele>19.00</ele>
</trkpt>
<trkpt lat="47.4406309" lon="-1.5556491">
	<ele>19.10</ele>
</trkpt>
<trkpt lat="47.4404269" lon="-1.5552612">
	<ele>19.30</ele>
</trkpt>
<trkpt lat="47.4397194" lon="-1.5543666">
	<ele>20.20</ele>
</trkpt>
<trkpt lat="47.4395672" lon="-1.5541245">
	<ele>19.80</ele>
</trkpt>
<trkpt lat="47.4393651" lon="-1.5536266">
	<ele>19.10</ele>
</trkpt>
<trkpt lat="47.4392935" lon="-1.5532112">
	<ele>18.80</ele>
</trkpt>
<trkpt lat="47.4393138" lon="-1.5525808">
	<ele>18.50</ele>
</trkpt>
<trkpt lat="47.4401982" lon="-1.5479381">
	<ele>16.80</ele>
</trkpt>
<trkpt lat="47.4405236" lon="-1.5464690">
	<ele>13.30</ele>
</trkpt>
<trkpt lat="47.4405903" lon="-1.5460764">
	<ele>12.90</ele>
</trkpt>
<trkpt lat="47.4406583" lon="-1.5452052">
	<ele>12.40</ele>
</trkpt>
<trkpt lat="47.4406290" lon="-1.5444132">
	<ele>12.30</ele>
</trkpt>
<trkpt lat="47.4404258" lon="-1.5430617">
	<ele>14.30</ele>
</trkpt>
<trkpt lat="47.4403132" lon="-1.5426831">
	<ele>14.20</ele>
</trkpt>
<trkpt lat="47.4397780" lon="-1.5401923">
	<ele>11.60</ele>
</trkpt>
<trkpt lat="47.4395776" lon="-1.5395897">
	<ele>11.30</ele>
</trkpt>
<trkpt lat="47.4394384" lon="-1.5393061">
	<ele>11.70</ele>
</trkpt>
<trkpt lat="47.4392336" lon="-1.5389979">
	<ele>12.10</ele>
</trkpt>
<trkpt lat="47.4390426" lon="-1.5387809">
	<ele>12.00</ele>
</trkpt>
<trkpt lat="47.4386885" lon="-1.5385336">
	<ele>11.50</ele>
</trkpt>
<trkpt lat="47.4381456" lon="-1.5383636">
	<ele>11.20</ele>
</trkpt>
<trkpt lat="47.4373288" lon="-1.5381904">
	<ele>11.30</ele>
</trkpt>
<trkpt lat="47.4372389" lon="-1.5381294">
	<ele>11.30</ele>
</trkpt>
<trkpt lat="47.4363356" lon="-1.5379429">
	<ele>11.70</ele>
</trkpt>
<trkpt lat="47.4358588" lon="-1.5377410">
	<ele>12.50</ele>
</trkpt>
<trkpt lat="47.4355050" lon="-1.5374644">
	<ele>12.70</ele>
</trkpt>
<trkpt lat="47.4351360" lon="-1.5370540">
	<ele>11.50</ele>
</trkpt>
<trkpt lat="47.4348211" lon="-1.5365347">
	<ele>10.00</ele>
</trkpt>
<trkpt lat="47.4341753" lon="-1.5350809">
	<ele>8.90</ele>
</trkpt>
<trkpt lat="47.4340400" lon="-1.5347100">
	<ele>8.80</ele>
</trkpt>
<trkpt lat="47.4339157" lon="-1.5341448">
	<ele>8.80</ele>
</trkpt>
<trkpt lat="47.4338847" lon="-1.5336833">
	<ele>8.80</ele>
</trkpt>
<trkpt lat="47.4339020" lon="-1.5331672">
	<ele>8.80</ele>
</trkpt>
<trkpt lat="47.4341499" lon="-1.5299967">
	<ele>9.60</ele>
</trkpt>
<trkpt lat="47.4340952" lon="-1.5294234">
	<ele>9.30</ele>
</trkpt>
<trkpt lat="47.4340498" lon="-1.5292462">
	<ele>8.90</ele>
</trkpt>
<trkpt lat="47.4338535" lon="-1.5287873">
	<ele>8.80</ele>
</trkpt>
<trkpt lat="47.4336052" lon="-1.5284813">
	<ele>8.80</ele>
</trkpt>
<trkpt lat="47.4330771" lon="-1.5282771">
	<ele>9.40</ele>
</trkpt>
<trkpt lat="47.4326330" lon="-1.5282011">
	<ele>9.60</ele>
</trkpt>
<trkpt lat="47.4320970" lon="-1.5281476">
	<ele>10.00</ele>
</trkpt>
<trkpt lat="47.4318442" lon="-1.5281970">
	<ele>10.10</ele>
</trkpt>
<trkpt lat="47.4314954" lon="-1.5283934">
	<ele>10.60</ele>
</trkpt>
<trkpt lat="47.4312689" lon="-1.5286224">
	<ele>11.00</ele>
</trkpt>
<trkpt lat="47.4310834" lon="-1.5288959">
	<ele>11.30</ele>
</trkpt>
<trkpt lat="47.4307363" lon="-1.5296283">
	<ele>12.30</ele>
</trkpt>
<trkpt lat="47.4305803" lon="-1.5298798">
	<ele>12.10</ele>
</trkpt>
<trkpt lat="47.4302654" lon="-1.5302458">
	<ele>11.10</ele>
</trkpt>
<trkpt lat="47.4300321" lon="-1.5304095">
	<ele>10.60</ele>
</trkpt>
<trkpt lat="47.4295695" lon="-1.5305630">
	<ele>10.10</ele>
</trkpt>
<trkpt lat="47.4292052" lon="-1.5305764">
	<ele>10.00</ele>
</trkpt>
<trkpt lat="47.4282580" lon="-1.5304864">
	<ele>9.70</ele>
</trkpt>
<trkpt lat="47.4277814" lon="-1.5305209">
	<ele>9.30</ele>
</trkpt>
<trkpt lat="47.4274174" lon="-1.5306325">
	<ele>9.00</ele>
</trkpt>
<trkpt lat="47.4269983" lon="-1.5308822">
	<ele>9.80</ele>
</trkpt>
<trkpt lat="47.4267194" lon="-1.5311193">
	<ele>10.20</ele>
</trkpt>
<trkpt lat="47.4265738" lon="-1.5312733">
	<ele>10.50</ele>
</trkpt>
<trkpt lat="47.4258414" lon="-1.5322775">
	<ele>10.60</ele>
</trkpt>
<trkpt lat="47.4255450" lon="-1.5326056">
	<ele>10.50</ele>
</trkpt>
<trkpt lat="47.4252345" lon="-1.5328022">
	<ele>10.30</ele>
</trkpt>
<trkpt lat="47.4234492" lon="-1.5333883">
	<ele>10.40</ele>
</trkpt>
<trkpt lat="47.4229173" lon="-1.5336258">
	<ele>10.60</ele>
</trkpt>
<trkpt lat="47.4190368" lon="-1.5359158">
	<ele>7.90</ele>
</trkpt>
<trkpt lat="47.4187394" lon="-1.5360572">
	<ele>7.90</ele>
</trkpt>
<trkpt lat="47.4184459" lon="-1.5360765">
	<ele>7.60</ele>
</trkpt>
<trkpt lat="47.4182479" lon="-1.5360221">
	<ele>7.00</ele>
</trkpt>
<trkpt lat="47.4161508" lon="-1.5347733">
	<ele>10.40</ele>
</trkpt>
<trkpt lat="47.4157233" lon="-1.5345861">
	<ele>10.50</ele>
</trkpt>
<trkpt lat="47.4153115" lon="-1.5345069">
	<ele>9.80</ele>
</trkpt>
<trkpt lat="47.4149507" lon="-1.5345037">
	<ele>9.40</ele>
</trkpt>
<trkpt lat="47.4145715" lon="-1.5345738">
	<ele>9.00</ele>
</trkpt>
<trkpt lat="47.4118411" lon="-1.5354364">
	<ele>8.20</ele>
</trkpt>
<trkpt lat="47.4113911" lon="-1.5354634">
	<ele>8.20</ele>
</trkpt>
<trkpt lat="47.4110943" lon="-1.5353598">
	<ele>8.30</ele>
</trkpt>
<trkpt lat="47.4106969" lon="-1.5350514">
	<ele>8.40</ele>
</trkpt>
<trkpt lat="47.4097659" lon="-1.5340547">
	<ele>7.70</ele>
</trkpt>
<trkpt lat="47.4093911" lon="-1.5338468">
	<ele>7.70</ele>
</trkpt>
<trkpt lat="47.4068655" lon="-1.5328063">
	<ele>6.70</ele>
</trkpt>
<trkpt lat="47.4066996" lon="-1.5326854">
	<ele>6.90</ele>
</trkpt>
<trkpt lat="47.4065748" lon="-1.5325085">
	<ele>7.20</ele>
</trkpt>
<trkpt lat="47.4064834" lon="-1.5321284">
	<ele>7.40</ele>
</trkpt>
<trkpt lat="47.4064950" lon="-1.5314271">
	<ele>7.90</ele>
</trkpt>
<trkpt lat="47.4069494" lon="-1.5290309">
	<ele>8.60</ele>
</trkpt>
<trkpt lat="47.4070327" lon="-1.5279771">
	<ele>9.00</ele>
</trkpt>
<trkpt lat="47.4070189" lon="-1.5274320">
	<ele>9.10</ele>
</trkpt>
<trkpt lat="47.4069574" lon="-1.5268603">
	<ele>8.70</ele>
</trkpt>
<trkpt lat="47.4068635" lon="-1.5262933">
	<ele>9.20</ele>
</trkpt>
<trkpt lat="47.4067267" lon="-1.5257485">
	<ele>9.70</ele>
</trkpt>
<trkpt lat="47.4066052" lon="-1.5253975">
	<ele>9.70</ele>
</trkpt>
<trkpt lat="47.4063134" lon="-1.5248014">
	<ele>9.80</ele>
</trkpt>
<trkpt lat="47.4061308" lon="-1.5245075">
	<ele>9.50</ele>
</trkpt>
<trkpt lat="47.4045321" lon="-1.5222160">
	<ele>7.60</ele>
</trkpt>
<trkpt lat="47.4041159" lon="-1.5217208">
	<ele>8.10</ele>
</trkpt>
<trkpt lat="47.4038513" lon="-1.5212485">
	<ele>8.60</ele>
</trkpt>
<trkpt lat="47.4033350" lon="-1.5205869">
	<ele>10.70</ele>
</trkpt>
<trkpt lat="47.4023230" lon="-1.5190052">
	<ele>7.30</ele>
</trkpt>
<trkpt lat="47.4022249" lon="-1.5189330">
	<ele>7.30</ele>
</trkpt>
<trkpt lat="47.4020979" lon="-1.5190880">
	<ele>8.00</ele>
</trkpt>
<trkpt lat="47.4021013" lon="-1.5191666">
	<ele>8.00</ele>
</trkpt>
<trkpt lat="47.4037516" lon="-1.5214967">
	<ele>9.10</ele>
</trkpt>
<trkpt lat="47.4040038" lon="-1.5217759">
	<ele>8.60</ele>
</trkpt>
<trkpt lat="47.4042166" lon="-1.5221583">
	<ele>7.90</ele>
</trkpt>
<trkpt lat="47.4059675" lon="-1.5246397">
	<ele>9.60</ele>
</trkpt>
<trkpt lat="47.4062952" lon="-1.5252132">
	<ele>10.00</ele>
</trkpt>
<trkpt lat="47.4065076" lon="-1.5257239">
	<ele>10.00</ele>
</trkpt>
<trkpt lat="47.4066860" lon="-1.5264190">
	<ele>9.70</ele>
</trkpt>
<trkpt lat="47.4067839" lon="-1.5270388">
	<ele>9.40</ele>
</trkpt>
<trkpt lat="47.4068370" lon="-1.5277992">
	<ele>9.50</ele>
</trkpt>
<trkpt lat="47.4067730" lon="-1.5289098">
	<ele>9.20</ele>
</trkpt>
<trkpt lat="47.4065506" lon="-1.5300795">
	<ele>9.70</ele>
</trkpt>
<trkpt lat="47.4064099" lon="-1.5306327">
	<ele>9.20</ele>
</trkpt>
<trkpt lat="47.4063653" lon="-1.5306485">
	<ele>9.20</ele>
</trkpt>
<trkpt lat="47.4061692" lon="-1.5305705">
	<ele>9.10</ele>
</trkpt>
<trkpt lat="47.4059987" lon="-1.5306064">
	<ele>9.00</ele>
</trkpt>
<trkpt lat="47.4049074" lon="-1.5312867">
	<ele>9.40</ele>
</trkpt>
<trkpt lat="47.4045190" lon="-1.5314881">
	<ele>9.70</ele>
</trkpt>
<trkpt lat="47.4043072" lon="-1.5316834">
	<ele>9.90</ele>
</trkpt>
<trkpt lat="47.4038447" lon="-1.5326478">
	<ele>9.20</ele>
</trkpt>
<trkpt lat="47.4025541" lon="-1.5347277">
	<ele>9.80</ele>
</trkpt>
<trkpt lat="47.4024718" lon="-1.5349752">
	<ele>9.80</ele>
</trkpt>
<trkpt lat="47.4023741" lon="-1.5354619">
	<ele>9.70</ele>
</trkpt>
<trkpt lat="47.4022280" lon="-1.5364477">
	<ele>9.10</ele>
</trkpt>
<trkpt lat="47.4020502" lon="-1.5364522">
	<ele>9.60</ele>
</trkpt>
<trkpt lat="47.4020073" lon="-1.5363669">
	<ele>10.10</ele>
</trkpt>
<trkpt lat="47.4019312" lon="-1.5358245">
	<ele>9.90</ele>
</trkpt>
<trkpt lat="47.4018110" lon="-1.5354152">
	<ele>10.30</ele>
</trkpt>
<trkpt lat="47.4017344" lon="-1.5353109">
	<ele>10.30</ele>
</trkpt>
<trkpt lat="47.4013748" lon="-1.5350016">
	<ele>10.80</ele>
</trkpt>
<trkpt lat="47.4012453" lon="-1.5347767">
	<ele>11.00</ele>
</trkpt>
<trkpt lat="47.4011467" lon="-1.5344102">
	<ele>10.50</ele>
</trkpt>
<trkpt lat="47.4009905" lon="-1.5333910">
	<ele>10.20</ele>
</trkpt>
<trkpt lat="47.4009209" lon="-1.5332494">
	<ele>10.10</ele>
</trkpt>
<trkpt lat="47.4003793" lon="-1.5341105">
	<ele>11.80</ele>
</trkpt>
<trkpt lat="47.4000786" lon="-1.5348341">
	<ele>13.70</ele>
</trkpt>
<trkpt lat="47.4000454" lon="-1.5349643">
	<ele>13.70</ele>
</trkpt>
<trkpt lat="47.4000442" lon="-1.5354312">
	<ele>14.80</ele>
</trkpt>
<trkpt lat="47.3997992" lon="-1.5367240">
	<ele>17.80</ele>
</trkpt>
<trkpt lat="47.3991427" lon="-1.5353267">
	<ele>15.50</ele>
</trkpt>
<trkpt lat="47.3985646" lon="-1.5342183">
	<ele>13.50</ele>
</trkpt>
<trkpt lat="47.3983356" lon="-1.5337124">
	<ele>12.80</ele>
</trkpt>
<trkpt lat="47.3953109" lon="-1.5277637">
	<ele>9.80</ele>
</trkpt>
<trkpt lat="47.3951958" lon="-1.5278572">
	<ele>9.90</ele>
</trkpt>
<trkpt lat="47.3945796" lon="-1.5280315">
	<ele>9.50</ele>
</trkpt>
<trkpt lat="47.3934393" lon="-1.5286790">
	<ele>9.90</ele>
</trkpt>
<trkpt lat="47.3924237" lon="-1.5290420">
	<ele>10.70</ele>
</trkpt>
<trkpt lat="47.3916207" lon="-1.5296247">
	<ele>13.10</ele>
</trkpt>
<trkpt lat="47.3911061" lon="-1.5299329">
	<ele>13.80</ele>
</trkpt>
<trkpt lat="47.3908854" lon="-1.5301412">
	<ele>14.30</ele>
</trkpt>
<trkpt lat="47.3906914" lon="-1.5304171">
	<ele>14.80</ele>
</trkpt>
<trkpt lat="47.3902449" lon="-1.5311938">
	<ele>15.10</ele>
</trkpt>
<trkpt lat="47.3897929" lon="-1.5321888">
	<ele>16.30</ele>
</trkpt>
<trkpt lat="47.3897352" lon="-1.5322669">
	<ele>16.30</ele>
</trkpt>
<trkpt lat="47.3896724" lon="-1.5322510">
	<ele>16.30</ele>
</trkpt>
<trkpt lat="47.3897606" lon="-1.5308133">
	<ele>13.80</ele>
</trkpt>
<trkpt lat="47.3897313" lon="-1.5303749">
	<ele>12.90</ele>
</trkpt>
<trkpt lat="47.3896429" lon="-1.5300706">
	<ele>12.70</ele>
</trkpt>
<trkpt lat="47.3895233" lon="-1.5299429">
	<ele>12.70</ele>
</trkpt>
<trkpt lat="47.3889522" lon="-1.5297611">
	<ele>12.90</ele>
</trkpt>
<trkpt lat="47.3887366" lon="-1.5297396">
	<ele>13.20</ele>
</trkpt>
<trkpt lat="47.3884710" lon="-1.5298284">
	<ele>14.10</ele>
</trkpt>
<trkpt lat="47.3884353" lon="-1.5297906">
	<ele>14.10</ele>
</trkpt>
<trkpt lat="47.3884898" lon="-1.5291393">
	<ele>14.10</ele>
</trkpt>
<trkpt lat="47.3888036" lon="-1.5277275">
	<ele>13.60</ele>
</trkpt>
<trkpt lat="47.3888142" lon="-1.5272164">
	<ele>12.80</ele>
</trkpt>
<trkpt lat="47.3887535" lon="-1.5268360">
	<ele>11.60</ele>
</trkpt>
<trkpt lat="47.3885173" lon="-1.5261449">
	<ele>11.30</ele>
</trkpt>
<trkpt lat="47.3884178" lon="-1.5253004">
	<ele>10.70</ele>
</trkpt>
<trkpt lat="47.3880578" lon="-1.5228848">
	<ele>9.30</ele>
</trkpt>
<trkpt lat="47.3875444" lon="-1.5201663">
	<ele>8.00</ele>
</trkpt>
<trkpt lat="47.3873392" lon="-1.5194919">
	<ele>7.90</ele>
</trkpt>
<trkpt lat="47.3865827" lon="-1.5174122">
	<ele>8.40</ele>
</trkpt>
<trkpt lat="47.3850803" lon="-1.5134898">
	<ele>7.20</ele>
</trkpt>
<trkpt lat="47.3847731" lon="-1.5130563">
	<ele>6.80</ele>
</trkpt>
<trkpt lat="47.3845752" lon="-1.5128777">
	<ele>6.70</ele>
</trkpt>
<trkpt lat="47.3834925" lon="-1.5105432">
	<ele>7.70</ele>
</trkpt>
<trkpt lat="47.3833911" lon="-1.5104548">
	<ele>8.00</ele>
</trkpt>
<trkpt lat="47.3831810" lon="-1.5104737">
	<ele>8.20</ele>
</trkpt>
<trkpt lat="47.3831214" lon="-1.5104409">
	<ele>8.20</ele>
</trkpt>
<trkpt lat="47.3830057" lon="-1.5101978">
	<ele>8.20</ele>
</trkpt>
<trkpt lat="47.3828397" lon="-1.5100425">
	<ele>8.00</ele>
</trkpt>
<trkpt lat="47.3827521" lon="-1.5099038">
	<ele>8.00</ele>
</trkpt>
<trkpt lat="47.3823958" lon="-1.5086024">
	<ele>7.20</ele>
</trkpt>
<trkpt lat="47.3821397" lon="-1.5082410">
	<ele>6.80</ele>
</trkpt>
<trkpt lat="47.3817514" lon="-1.5078165">
	<ele>6.50</ele>
</trkpt>
<trkpt lat="47.3812341" lon="-1.5076725">
	<ele>6.30</ele>
</trkpt>
<trkpt lat="47.3810838" lon="-1.5075665">
	<ele>6.10</ele>
</trkpt>
<trkpt lat="47.3808083" lon="-1.5072822">
	<ele>6.00</ele>
</trkpt>
<trkpt lat="47.3805835" lon="-1.5071630">
	<ele>6.30</ele>
</trkpt>
<trkpt lat="47.3802612" lon="-1.5071750">
	<ele>7.80</ele>
</trkpt>
<trkpt lat="47.3800407" lon="-1.5070906">
	<ele>8.90</ele>
</trkpt>
<trkpt lat="47.3797955" lon="-1.5068469">
	<ele>9.40</ele>
</trkpt>
<trkpt lat="47.3796430" lon="-1.5066385">
	<ele>9.80</ele>
</trkpt>
<trkpt lat="47.3795125" lon="-1.5065774">
	<ele>10.50</ele>
</trkpt>
<trkpt lat="47.3792014" lon="-1.5067061">
	<ele>13.10</ele>
</trkpt>
<trkpt lat="47.3791080" lon="-1.5066549">
	<ele>12.10</ele>
</trkpt>
<trkpt lat="47.3789952" lon="-1.5065075">
	<ele>13.00</ele>
</trkpt>
<trkpt lat="47.3788204" lon="-1.5064831">
	<ele>13.80</ele>
</trkpt>
<trkpt lat="47.3779917" lon="-1.5065585">
	<ele>14.20</ele>
</trkpt>
<trkpt lat="47.3773113" lon="-1.5066982">
	<ele>12.20</ele>
</trkpt>
<trkpt lat="47.3769177" lon="-1.5066661">
	<ele>10.60</ele>
</trkpt>
<trkpt lat="47.3764833" lon="-1.5067108">
	<ele>9.40</ele>
</trkpt>
<trkpt lat="47.3764385" lon="-1.5067508">
	<ele>8.80</ele>
</trkpt>
<trkpt lat="47.3764231" lon="-1.5068438">
	<ele>8.80</ele>
</trkpt>
<trkpt lat="47.3764267" lon="-1.5072605">
	<ele>8.20</ele>
</trkpt>
<trkpt lat="47.3764043" lon="-1.5073487">
	<ele>8.20</ele>
</trkpt>
<trkpt lat="47.3763142" lon="-1.5075336">
	<ele>8.00</ele>
</trkpt>
<trkpt lat="47.3762058" lon="-1.5078828">
	<ele>7.50</ele>
</trkpt>
<trkpt lat="47.3758191" lon="-1.5086141">
	<ele>7.50</ele>
</trkpt>
<trkpt lat="47.3757202" lon="-1.5087054">
	<ele>7.20</ele>
</trkpt>
<trkpt lat="47.3755913" lon="-1.5087458">
	<ele>7.20</ele>
</trkpt>
<trkpt lat="47.3749345" lon="-1.5086883">
	<ele>7.00</ele>
</trkpt>
<trkpt lat="47.3745770" lon="-1.5089392">
	<ele>7.20</ele>
</trkpt>
<trkpt lat="47.3744585" lon="-1.5091881">
	<ele>7.60</ele>
</trkpt>
<trkpt lat="47.3743926" lon="-1.5094262">
	<ele>8.30</ele>
</trkpt>
<trkpt lat="47.3742034" lon="-1.5105282">
	<ele>8.80</ele>
</trkpt>
<trkpt lat="47.3742116" lon="-1.5106103">
	<ele>8.80</ele>
</trkpt>
<trkpt lat="47.3743093" lon="-1.5107422">
	<ele>9.10</ele>
</trkpt>
<trkpt lat="47.3742502" lon="-1.5117412">
	<ele>10.20</ele>
</trkpt>
<trkpt lat="47.3742482" lon="-1.5123687">
	<ele>11.80</ele>
</trkpt>
<trkpt lat="47.3741672" lon="-1.5132106">
	<ele>12.30</ele>
</trkpt>
<trkpt lat="47.3741198" lon="-1.5134167">
	<ele>12.10</ele>
</trkpt>
<trkpt lat="47.3740388" lon="-1.5135988">
	<ele>11.70</ele>
</trkpt>
<trkpt lat="47.3736888" lon="-1.5141262">
	<ele>10.10</ele>
</trkpt>
<trkpt lat="47.3735228" lon="-1.5142754">
	<ele>9.90</ele>
</trkpt>
<trkpt lat="47.3727896" lon="-1.5143109">
	<ele>10.20</ele>
</trkpt>
<trkpt lat="47.3726162" lon="-1.5144019">
	<ele>10.40</ele>
</trkpt>
<trkpt lat="47.3723554" lon="-1.5147370">
	<ele>10.90</ele>
</trkpt>
<trkpt lat="47.3719177" lon="-1.5155804">
	<ele>13.70</ele>
</trkpt>
<trkpt lat="47.3711022" lon="-1.5169623">
	<ele>14.00</ele>
</trkpt>
<trkpt lat="47.3710464" lon="-1.5170412">
	<ele>14.00</ele>
</trkpt>
<trkpt lat="47.3708729" lon="-1.5171464">
	<ele>13.60</ele>
</trkpt>
<trkpt lat="47.3707928" lon="-1.5171671">
	<ele>13.20</ele>
</trkpt>
<trkpt lat="47.3706653" lon="-1.5170604">
	<ele>13.20</ele>
</trkpt>
<trkpt lat="47.3704556" lon="-1.5170443">
	<ele>12.80</ele>
</trkpt>
<trkpt lat="47.3701757" lon="-1.5167986">
	<ele>12.60</ele>
</trkpt>
<trkpt lat="47.3700405" lon="-1.5167585">
	<ele>12.40</ele>
</trkpt>
<trkpt lat="47.3682362" lon="-1.5168100">
	<ele>10.10</ele>
</trkpt>
<trkpt lat="47.3680212" lon="-1.5168433">
	<ele>9.90</ele>
</trkpt>
<trkpt lat="47.3679858" lon="-1.5168976">
	<ele>9.90</ele>
</trkpt>
<trkpt lat="47.3681009" lon="-1.5180223">
	<ele>9.20</ele>
</trkpt>
<trkpt lat="47.3680772" lon="-1.5182921">
	<ele>9.10</ele>
</trkpt>
<trkpt lat="47.3678299" lon="-1.5190580">
	<ele>9.00</ele>
</trkpt>
<trkpt lat="47.3672239" lon="-1.5206561">
	<ele>11.40</ele>
</trkpt>
<trkpt lat="47.3665935" lon="-1.5221361">
	<ele>11.10</ele>
</trkpt>
<trkpt lat="47.3665076" lon="-1.5224920">
	<ele>11.20</ele>
</trkpt>
<trkpt lat="47.3663804" lon="-1.5237877">
	<ele>11.80</ele>
</trkpt>
<trkpt lat="47.3662391" lon="-1.5245239">
	<ele>11.70</ele>
</trkpt>
<trkpt lat="47.3661250" lon="-1.5247454">
	<ele>11.90</ele>
</trkpt>
<trkpt lat="47.3660492" lon="-1.5250129">
	<ele>11.90</ele>
</trkpt>
<trkpt lat="47.3659182" lon="-1.5252476">
	<ele>11.90</ele>
</trkpt>
<trkpt lat="47.3655340" lon="-1.5258125">
	<ele>12.40</ele>
</trkpt>
<trkpt lat="47.3651794" lon="-1.5261376">
	<ele>11.40</ele>
</trkpt>
<trkpt lat="47.3646654" lon="-1.5263443">
	<ele>9.20</ele>
</trkpt>
<trkpt lat="47.3642005" lon="-1.5264427">
	<ele>8.70</ele>
</trkpt>
<trkpt lat="47.3641216" lon="-1.5263897">
	<ele>8.70</ele>
</trkpt>
<trkpt lat="47.3636073" lon="-1.5255933">
	<ele>9.40</ele>
</trkpt>
<trkpt lat="47.3631701" lon="-1.5250274">
	<ele>10.50</ele>
</trkpt>
<trkpt lat="47.3626371" lon="-1.5238208">
	<ele>11.90</ele>
</trkpt>
<trkpt lat="47.3624121" lon="-1.5230916">
	<ele>11.20</ele>
</trkpt>
<trkpt lat="47.3622906" lon="-1.5228731">
	<ele>11.20</ele>
</trkpt>
<trkpt lat="47.3620192" lon="-1.5226829">
	<ele>11.30</ele>
</trkpt>
<trkpt lat="47.3607118" lon="-1.5222760">
	<ele>11.00</ele>
</trkpt>
<trkpt lat="47.3605593" lon="-1.5220987">
	<ele>11.10</ele>
</trkpt>
<trkpt lat="47.3601546" lon="-1.5212474">
	<ele>9.80</ele>
</trkpt>
<trkpt lat="47.3599875" lon="-1.5212493">
	<ele>10.20</ele>
</trkpt>
<trkpt lat="47.3598190" lon="-1.5214394">
	<ele>10.60</ele>
</trkpt>
<trkpt lat="47.3591963" lon="-1.5225119">
	<ele>13.80</ele>
</trkpt>
<trkpt lat="47.3585155" lon="-1.5227408">
	<ele>14.90</ele>
</trkpt>
<trkpt lat="47.3583438" lon="-1.5226582">
	<ele>14.90</ele>
</trkpt>
<trkpt lat="47.3571824" lon="-1.5218301">
	<ele>16.00</ele>
</trkpt>
<trkpt lat="47.3564934" lon="-1.5212110">
	<ele>18.80</ele>
</trkpt>
<trkpt lat="47.3564065" lon="-1.5212026">
	<ele>18.80</ele>
</trkpt>
<trkpt lat="47.3562612" lon="-1.5209941">
	<ele>19.20</ele>
</trkpt>
<trkpt lat="47.3555714" lon="-1.5213427">
	<ele>20.70</ele>
</trkpt>
<trkpt lat="47.3550657" lon="-1.5214795">
	<ele>21.10</ele>
</trkpt>
<trkpt lat="47.3546793" lon="-1.5216562">
	<ele>21.30</ele>
</trkpt>
<trkpt lat="47.3546232" lon="-1.5217401">
	<ele>21.30</ele>
</trkpt>
<trkpt lat="47.3545142" lon="-1.5220564">
	<ele>19.50</ele>
</trkpt>
<trkpt lat="47.3544033" lon="-1.5222424">
	<ele>19.50</ele>
</trkpt>
<trkpt lat="47.3543228" lon="-1.5223104">
	<ele>17.50</ele>
</trkpt>
<trkpt lat="47.3541641" lon="-1.5223540">
	<ele>16.60</ele>
</trkpt>
<trkpt lat="47.3538429" lon="-1.5225560">
	<ele>15.00</ele>
</trkpt>
<trkpt lat="47.3535964" lon="-1.5226535">
	<ele>13.40</ele>
</trkpt>
<trkpt lat="47.3528762" lon="-1.5231532">
	<ele>11.70</ele>
</trkpt>
<trkpt lat="47.3526255" lon="-1.5231801">
	<ele>12.00</ele>
</trkpt>
<trkpt lat="47.3514859" lon="-1.5230182">
	<ele>18.60</ele>
</trkpt>
<trkpt lat="47.3514252" lon="-1.5230406">
	<ele>20.00</ele>
</trkpt>
<trkpt lat="47.3512683" lon="-1.5239380">
	<ele>22.00</ele>
</trkpt>
<trkpt lat="47.3511160" lon="-1.5243783">
	<ele>22.20</ele>
</trkpt>
<trkpt lat="47.3508851" lon="-1.5245718">
	<ele>23.90</ele>
</trkpt>
<trkpt lat="47.3502866" lon="-1.5249046">
	<ele>25.00</ele>
</trkpt>
<trkpt lat="47.3496379" lon="-1.5254201">
	<ele>25.60</ele>
</trkpt>
<trkpt lat="47.3494583" lon="-1.5254244">
	<ele>26.00</ele>
</trkpt>
<trkpt lat="47.3491267" lon="-1.5252744">
	<ele>26.50</ele>
</trkpt>
<trkpt lat="47.3479563" lon="-1.5251270">
	<ele>26.60</ele>
</trkpt>
<trkpt lat="47.3478543" lon="-1.5250368">
	<ele>26.60</ele>
</trkpt>
<trkpt lat="47.3477521" lon="-1.5243283">
	<ele>24.60</ele>
</trkpt>
<trkpt lat="47.3477182" lon="-1.5242531">
	<ele>24.60</ele>
</trkpt>
<trkpt lat="47.3461172" lon="-1.5242981">
	<ele>24.40</ele>
</trkpt>
<trkpt lat="47.3459568" lon="-1.5244615">
	<ele>24.40</ele>
</trkpt>
<trkpt lat="47.3453832" lon="-1.5252978">
	<ele>23.20</ele>
</trkpt>
<trkpt lat="47.3451132" lon="-1.5254896">
	<ele>23.20</ele>
</trkpt>
<trkpt lat="47.3440536" lon="-1.5271124">
	<ele>20.70</ele>
</trkpt>
<trkpt lat="47.3439617" lon="-1.5270606">
	<ele>20.60</ele>
</trkpt>
<trkpt lat="47.3430309" lon="-1.5260607">
	<ele>24.30</ele>
</trkpt>
<trkpt lat="47.3429575" lon="-1.5258172">
	<ele>24.30</ele>
</trkpt>
<trkpt lat="47.3427623" lon="-1.5254482">
	<ele>26.50</ele>
</trkpt>
<trkpt lat="47.3425471" lon="-1.5253346">
	<ele>26.20</ele>
</trkpt>
<trkpt lat="47.3423293" lon="-1.5249050">
	<ele>25.70</ele>
</trkpt>
<trkpt lat="47.3418704" lon="-1.5246842">
	<ele>23.10</ele>
</trkpt>
<trkpt lat="47.3418103" lon="-1.5249248">
	<ele>22.90</ele>
</trkpt>
<trkpt lat="47.3417393" lon="-1.5248915">
	<ele>21.90</ele>
</trkpt>
<trkpt lat="47.3415892" lon="-1.5254427">
	<ele>20.80</ele>
</trkpt>
<trkpt lat="47.3415087" lon="-1.5253261">
	<ele>20.80</ele>
</trkpt>
<trkpt lat="47.3412588" lon="-1.5252387">
	<ele>19.60</ele>
</trkpt>
<trkpt lat="47.3412575" lon="-1.5250634">
	<ele>19.60</ele>
</trkpt>
<trkpt lat="47.3407318" lon="-1.5249236">
	<ele>15.40</ele>
</trkpt>
<trkpt lat="47.3406692" lon="-1.5250031">
	<ele>14.40</ele>
</trkpt>
<trkpt lat="47.3406197" lon="-1.5254155">
	<ele>14.80</ele>
</trkpt>
<trkpt lat="47.3405082" lon="-1.5255467">
	<ele>13.80</ele>
</trkpt>
<trkpt lat="47.3403860" lon="-1.5256041">
	<ele>13.80</ele>
</trkpt>
<trkpt lat="47.3403141" lon="-1.5254149">
	<ele>12.40</ele>
</trkpt>
<trkpt lat="47.3402726" lon="-1.5250917">
	<ele>12.20</ele>
</trkpt>
<trkpt lat="47.3401685" lon="-1.5246850">
	<ele>11.30</ele>
</trkpt>
<trkpt lat="47.3399311" lon="-1.5247631">
	<ele>9.80</ele>
</trkpt>
<trkpt lat="47.3395071" lon="-1.5249515">
	<ele>7.90</ele>
</trkpt>
<trkpt lat="47.3394675" lon="-1.5251591">
	<ele>8.30</ele>
</trkpt>
<trkpt lat="47.3394075" lon="-1.5260244">
	<ele>4.30</ele>
</trkpt>
<trkpt lat="47.3405829" lon="-1.5265214">
	<ele>14.60</ele>
</trkpt>
<trkpt lat="47.3402866" lon="-1.5277845">
	<ele>12.60</ele>
</trkpt>
<trkpt lat="47.3401767" lon="-1.5281042">
	<ele>12.30</ele>
</trkpt>
<trkpt lat="47.3400679" lon="-1.5289055">
	<ele>11.10</ele>
</trkpt>
<trkpt lat="47.3397334" lon="-1.5286040">
	<ele>10.10</ele>
</trkpt>
<trkpt lat="47.3387329" lon="-1.5311995">
	<ele>9.80</ele>
</trkpt>
<trkpt lat="47.3386508" lon="-1.5312163">
	<ele>9.30</ele>
</trkpt>
<trkpt lat="47.3386107" lon="-1.5311785">
	<ele>8.60</ele>
</trkpt>
<trkpt lat="47.3382548" lon="-1.5305861">
	<ele>6.60</ele>
</trkpt>
<trkpt lat="47.3381946" lon="-1.5305375">
	<ele>6.60</ele>
</trkpt>
<trkpt lat="47.3377415" lon="-1.5314980">
	<ele>7.80</ele>
</trkpt>
<trkpt lat="47.3374550" lon="-1.5316839">
	<ele>7.60</ele>
</trkpt>
<trkpt lat="47.3370381" lon="-1.5318708">
	<ele>7.80</ele>
</trkpt>
<trkpt lat="47.3364879" lon="-1.5321868">
	<ele>9.50</ele>
</trkpt>
<trkpt lat="47.3352969" lon="-1.5328956">
	<ele>15.40</ele>
</trkpt>
<trkpt lat="47.3352317" lon="-1.5329692">
	<ele>15.40</ele>
</trkpt>
<trkpt lat="47.3351929" lon="-1.5330784">
	<ele>16.00</ele>
</trkpt>
<trkpt lat="47.3349872" lon="-1.5346644">
	<ele>17.20</ele>
</trkpt>
<trkpt lat="47.3349593" lon="-1.5347658">
	<ele>17.30</ele>
</trkpt>
<trkpt lat="47.3349043" lon="-1.5348262">
	<ele>17.30</ele>
</trkpt>
<trkpt lat="47.3337827" lon="-1.5350266">
	<ele>20.50</ele>
</trkpt>
<trkpt lat="47.3325993" lon="-1.5354829">
	<ele>22.50</ele>
</trkpt>
<trkpt lat="47.3325484" lon="-1.5351364">
	<ele>22.80</ele>
</trkpt>
<trkpt lat="47.3320682" lon="-1.5348641">
	<ele>22.70</ele>
</trkpt>
<trkpt lat="47.3317263" lon="-1.5347419">
	<ele>21.60</ele>
</trkpt>
<trkpt lat="47.3312815" lon="-1.5346348">
	<ele>19.90</ele>
</trkpt>
<trkpt lat="47.3310850" lon="-1.5346374">
	<ele>19.00</ele>
</trkpt>
<trkpt lat="47.3302194" lon="-1.5348393">
	<ele>15.10</ele>
</trkpt>
<trkpt lat="47.3298229" lon="-1.5351877">
	<ele>13.20</ele>
</trkpt>
<trkpt lat="47.3289121" lon="-1.5356010">
	<ele>14.30</ele>
</trkpt>
<trkpt lat="47.3283530" lon="-1.5360778">
	<ele>17.40</ele>
</trkpt>
<trkpt lat="47.3282946" lon="-1.5361533">
	<ele>17.40</ele>
</trkpt>
<trkpt lat="47.3282873" lon="-1.5362633">
	<ele>17.40</ele>
</trkpt>
<trkpt lat="47.3285159" lon="-1.5366265">
	<ele>16.90</ele>
</trkpt>
<trkpt lat="47.3285575" lon="-1.5367620">
	<ele>16.90</ele>
</trkpt>
<trkpt lat="47.3276612" lon="-1.5368864">
	<ele>20.50</ele>
</trkpt>
<trkpt lat="47.3271655" lon="-1.5370098">
	<ele>22.50</ele>
</trkpt>
<trkpt lat="47.3264784" lon="-1.5369771">
	<ele>25.20</ele>
</trkpt>
<trkpt lat="47.3259796" lon="-1.5368149">
	<ele>27.50</ele>
</trkpt>
<trkpt lat="47.3233610" lon="-1.5355491">
	<ele>21.90</ele>
</trkpt>
<trkpt lat="47.3225627" lon="-1.5350752">
	<ele>18.10</ele>
</trkpt>
<trkpt lat="47.3224967" lon="-1.5350957">
	<ele>18.10</ele>
</trkpt>
<trkpt lat="47.3224693" lon="-1.5356161">
	<ele>16.20</ele>
</trkpt>
<trkpt lat="47.3223933" lon="-1.5357790">
	<ele>15.60</ele>
</trkpt>
<trkpt lat="47.3223120" lon="-1.5358489">
	<ele>15.00</ele>
</trkpt>
<trkpt lat="47.3212309" lon="-1.5358719">
	<ele>15.20</ele>
</trkpt>
<trkpt lat="47.3209942" lon="-1.5359765">
	<ele>15.40</ele>
</trkpt>
<trkpt lat="47.3207741" lon="-1.5361503">
	<ele>15.40</ele>
</trkpt>
<trkpt lat="47.3206614" lon="-1.5363657">
	<ele>14.60</ele>
</trkpt>
<trkpt lat="47.3206169" lon="-1.5367042">
	<ele>13.60</ele>
</trkpt>
<trkpt lat="47.3205083" lon="-1.5369823">
	<ele>12.90</ele>
</trkpt>
<trkpt lat="47.3203276" lon="-1.5371827">
	<ele>12.00</ele>
</trkpt>
<trkpt lat="47.3200029" lon="-1.5374377">
	<ele>12.40</ele>
</trkpt>
<trkpt lat="47.3199039" lon="-1.5376003">
	<ele>12.40</ele>
</trkpt>
<trkpt lat="47.3196688" lon="-1.5378469">
	<ele>13.70</ele>
</trkpt>
<trkpt lat="47.3181622" lon="-1.5409007">
	<ele>14.40</ele>
</trkpt>
<trkpt lat="47.3176430" lon="-1.5418382">
	<ele>12.70</ele>
</trkpt>
<trkpt lat="47.3170071" lon="-1.5425256">
	<ele>13.10</ele>
</trkpt>
<trkpt lat="47.3164331" lon="-1.5429530">
	<ele>11.90</ele>
</trkpt>
<trkpt lat="47.3162627" lon="-1.5431835">
	<ele>11.70</ele>
</trkpt>
<trkpt lat="47.3160431" lon="-1.5432890">
	<ele>10.80</ele>
</trkpt>
<trkpt lat="47.3152278" lon="-1.5432549">
	<ele>7.60</ele>
</trkpt>
<trkpt lat="47.3149965" lon="-1.5433453">
	<ele>7.30</ele>
</trkpt>
<trkpt lat="47.3148757" lon="-1.5433461">
	<ele>6.80</ele>
</trkpt>
<trkpt lat="47.3135231" lon="-1.5431582">
	<ele>9.10</ele>
</trkpt>
<trkpt lat="47.3132761" lon="-1.5430597">
	<ele>9.20</ele>
</trkpt>
<trkpt lat="47.3127723" lon="-1.5430343">
	<ele>8.40</ele>
</trkpt>
<trkpt lat="47.3125443" lon="-1.5430729">
	<ele>8.40</ele>
</trkpt>
<trkpt lat="47.3123791" lon="-1.5432582">
	<ele>8.50</ele>
</trkpt>
<trkpt lat="47.3122540" lon="-1.5432959">
	<ele>8.50</ele>
</trkpt>
<trkpt lat="47.3121222" lon="-1.5432333">
	<ele>8.70</ele>
</trkpt>
<trkpt lat="47.3120706" lon="-1.5431249">
	<ele>8.70</ele>
</trkpt>
<trkpt lat="47.3119614" lon="-1.5430138">
	<ele>8.50</ele>
</trkpt>
<trkpt lat="47.3116654" lon="-1.5429162">
	<ele>8.70</ele>
</trkpt>
<trkpt lat="47.3101293" lon="-1.5428170">
	<ele>12.30</ele>
</trkpt>
<trkpt lat="47.3096847" lon="-1.5429031">
	<ele>13.50</ele>
</trkpt>
<trkpt lat="47.3093815" lon="-1.5427460">
	<ele>14.10</ele>
</trkpt>
<trkpt lat="47.3092229" lon="-1.5427072">
	<ele>14.70</ele>
</trkpt>
<trkpt lat="47.3087223" lon="-1.5426785">
	<ele>16.90</ele>
</trkpt>
<trkpt lat="47.3082986" lon="-1.5427296">
	<ele>19.20</ele>
</trkpt>
<trkpt lat="47.3076915" lon="-1.5430163">
	<ele>22.20</ele>
</trkpt>
<trkpt lat="47.3074321" lon="-1.5430915">
	<ele>24.00</ele>
</trkpt>
<trkpt lat="47.3072947" lon="-1.5431878">
	<ele>24.00</ele>
</trkpt>
<trkpt lat="47.3056487" lon="-1.5446672">
	<ele>27.80</ele>
</trkpt>
<trkpt lat="47.3041653" lon="-1.5458503">
	<ele>23.50</ele>
</trkpt>
<trkpt lat="47.3036215" lon="-1.5465587">
	<ele>20.40</ele>
</trkpt>
<trkpt lat="47.3032456" lon="-1.5467035">
	<ele>19.40</ele>
</trkpt>
<trkpt lat="47.3029048" lon="-1.5465779">
	<ele>19.70</ele>
</trkpt>
<trkpt lat="47.3026556" lon="-1.5465886">
	<ele>20.80</ele>
</trkpt>
<trkpt lat="47.3008344" lon="-1.5475408">
	<ele>25.00</ele>
</trkpt>
<trkpt lat="47.2991806" lon="-1.5481631">
	<ele>26.80</ele>
</trkpt>
<trkpt lat="47.2981570" lon="-1.5484376">
	<ele>25.50</ele>
</trkpt>
<trkpt lat="47.2978593" lon="-1.5483840">
	<ele>25.80</ele>
</trkpt>
<trkpt lat="47.2972763" lon="-1.5485457">
	<ele>27.20</ele>
</trkpt>
<trkpt lat="47.2971186" lon="-1.5485228">
	<ele>27.30</ele>
</trkpt>
<trkpt lat="47.2958499" lon="-1.5488803">
	<ele>28.50</ele>
</trkpt>
<trkpt lat="47.2948697" lon="-1.5489076">
	<ele>30.00</ele>
</trkpt>
<trkpt lat="47.2943726" lon="-1.5488669">
	<ele>30.70</ele>
</trkpt>
<trkpt lat="47.2936538" lon="-1.5489474">
	<ele>30.50</ele>
</trkpt>
<trkpt lat="47.2934314" lon="-1.5491170">
	<ele>31.50</ele>
</trkpt>
<trkpt lat="47.2931645" lon="-1.5491848">
	<ele>30.50</ele>
</trkpt>
<trkpt lat="47.2928735" lon="-1.5491720">
	<ele>30.10</ele>
</trkpt>
<trkpt lat="47.2925737" lon="-1.5492169">
	<ele>29.40</ele>
</trkpt>
<trkpt lat="47.2922197" lon="-1.5490972">
	<ele>28.90</ele>
</trkpt>
<trkpt lat="47.2905233" lon="-1.5491573">
	<ele>27.50</ele>
</trkpt>
<trkpt lat="47.2903890" lon="-1.5492249">
	<ele>27.00</ele>
</trkpt>
<trkpt lat="47.2903417" lon="-1.5493125">
	<ele>27.00</ele>
</trkpt>
<trkpt lat="47.2901557" lon="-1.5493338">
	<ele>26.50</ele>
</trkpt>
<trkpt lat="47.2900210" lon="-1.5494272">
	<ele>26.10</ele>
</trkpt>
<trkpt lat="47.2897017" lon="-1.5492583">
	<ele>26.30</ele>
</trkpt>
<trkpt lat="47.2893074" lon="-1.5492312">
	<ele>27.00</ele>
</trkpt>
<trkpt lat="47.2864263" lon="-1.5496966">
	<ele>25.50</ele>
</trkpt>
<trkpt lat="47.2860684" lon="-1.5497835">
	<ele>25.70</ele>
</trkpt>
<trkpt lat="47.2859097" lon="-1.5500048">
	<ele>26.10</ele>
</trkpt>
<trkpt lat="47.2857230" lon="-1.5504158">
	<ele>26.60</ele>
</trkpt>
<trkpt lat="47.2856043" lon="-1.5504615">
	<ele>26.80</ele>
</trkpt>
<trkpt lat="47.2854959" lon="-1.5503902">
	<ele>27.10</ele>
</trkpt>
<trkpt lat="47.2851894" lon="-1.5499234">
	<ele>27.00</ele>
</trkpt>
<trkpt lat="47.2850411" lon="-1.5498232">
	<ele>27.20</ele>
</trkpt>
<trkpt lat="47.2843438" lon="-1.5498354">
	<ele>28.10</ele>
</trkpt>
<trkpt lat="47.2832279" lon="-1.5497480">
	<ele>28.50</ele>
</trkpt>
<trkpt lat="47.2829652" lon="-1.5498787">
	<ele>29.30</ele>
</trkpt>
<trkpt lat="47.2826853" lon="-1.5497250">
	<ele>28.40</ele>
</trkpt>
<trkpt lat="47.2814185" lon="-1.5494790">
	<ele>27.70</ele>
</trkpt>
<trkpt lat="47.2772790" lon="-1.5482526">
	<ele>35.90</ele>
</trkpt>
<trkpt lat="47.2766480" lon="-1.5481363">
	<ele>38.20</ele>
</trkpt>
<trkpt lat="47.2761714" lon="-1.5482837">
	<ele>39.00</ele>
</trkpt>
<trkpt lat="47.2759905" lon="-1.5481672">
	<ele>38.30</ele>
</trkpt>
<trkpt lat="47.2758759" lon="-1.5478843">
	<ele>37.70</ele>
</trkpt>
<trkpt lat="47.2757698" lon="-1.5477566">
	<ele>37.60</ele>
</trkpt>
<trkpt lat="47.2750621" lon="-1.5475273">
	<ele>37.50</ele>
</trkpt>
<trkpt lat="47.2746831" lon="-1.5474860">
	<ele>37.20</ele>
</trkpt>
<trkpt lat="47.2745599" lon="-1.5475234">
	<ele>37.20</ele>
</trkpt>
<trkpt lat="47.2744908" lon="-1.5476196">
	<ele>36.60</ele>
</trkpt>
<trkpt lat="47.2742065" lon="-1.5477766">
	<ele>35.50</ele>
</trkpt>
<trkpt lat="47.2740572" lon="-1.5477099">
	<ele>34.70</ele>
</trkpt>
<trkpt lat="47.2736796" lon="-1.5472442">
	<ele>33.80</ele>
</trkpt>
<trkpt lat="47.2735655" lon="-1.5471574">
	<ele>33.60</ele>
</trkpt>
<trkpt lat="47.2727182" lon="-1.5468686">
	<ele>32.80</ele>
</trkpt>
<trkpt lat="47.2723662" lon="-1.5468104">
	<ele>32.30</ele>
</trkpt>
<trkpt lat="47.2706813" lon="-1.5462855">
	<ele>32.50</ele>
</trkpt>
<trkpt lat="47.2700686" lon="-1.5461850">
	<ele>32.90</ele>
</trkpt>
<trkpt lat="47.2689891" lon="-1.5462536">
	<ele>32.20</ele>
</trkpt>
<trkpt lat="47.2685151" lon="-1.5460479">
	<ele>30.90</ele>
</trkpt>
<trkpt lat="47.2675112" lon="-1.5460144">
	<ele>28.10</ele>
</trkpt>
<trkpt lat="47.2674504" lon="-1.5459842">
	<ele>28.10</ele>
</trkpt>
<trkpt lat="47.2674302" lon="-1.5457721">
	<ele>28.10</ele>
</trkpt>
<trkpt lat="47.2674679" lon="-1.5456467">
	<ele>28.10</ele>
</trkpt>
<trkpt lat="47.2675502" lon="-1.5455634">
	<ele>28.10</ele>
</trkpt>
<trkpt lat="47.2675699" lon="-1.5454684">
	<ele>28.10</ele>
</trkpt>
<trkpt lat="47.2675387" lon="-1.5452296">
	<ele>28.10</ele>
</trkpt>
<trkpt lat="47.2674447" lon="-1.5449264">
	<ele>28.10</ele>
</trkpt>
<trkpt lat="47.2672781" lon="-1.5447559">
	<ele>27.80</ele>
</trkpt>
<trkpt lat="47.2667884" lon="-1.5446211">
	<ele>26.00</ele>
</trkpt>
<trkpt lat="47.2664566" lon="-1.5446371">
	<ele>25.00</ele>
</trkpt>
<trkpt lat="47.2660986" lon="-1.5447279">
	<ele>24.70</ele>
</trkpt>
<trkpt lat="47.2659909" lon="-1.5447080">
	<ele>24.70</ele>
</trkpt>
<trkpt lat="47.2659019" lon="-1.5446226">
	<ele>23.60</ele>
</trkpt>
<trkpt lat="47.2658391" lon="-1.5444983">
	<ele>23.60</ele>
</trkpt>
<trkpt lat="47.2657381" lon="-1.5440651">
	<ele>22.50</ele>
</trkpt>
<trkpt lat="47.2656090" lon="-1.5439451">
	<ele>22.50</ele>
</trkpt>
<trkpt lat="47.2654090" lon="-1.5440017">
	<ele>22.40</ele>
</trkpt>
<trkpt lat="47.2646663" lon="-1.5444238">
	<ele>21.10</ele>
</trkpt>
<trkpt lat="47.2644692" lon="-1.5444838">
	<ele>20.60</ele>
</trkpt>
<trkpt lat="47.2643377" lon="-1.5444682">
	<ele>20.60</ele>
</trkpt>
<trkpt lat="47.2641587" lon="-1.5443597">
	<ele>20.20</ele>
</trkpt>
<trkpt lat="47.2628246" lon="-1.5430684">
	<ele>19.50</ele>
</trkpt>
<trkpt lat="47.2626768" lon="-1.5429531">
	<ele>19.70</ele>
</trkpt>
<trkpt lat="47.2624396" lon="-1.5428563">
	<ele>19.90</ele>
</trkpt>
<trkpt lat="47.2603570" lon="-1.5426484">
	<ele>23.90</ele>
</trkpt>
<trkpt lat="47.2599174" lon="-1.5427423">
	<ele>27.80</ele>
</trkpt>
<trkpt lat="47.2592216" lon="-1.5429828">
	<ele>29.70</ele>
</trkpt>
<trkpt lat="47.2590335" lon="-1.5429935">
	<ele>30.00</ele>
</trkpt>
<trkpt lat="47.2588713" lon="-1.5429529">
	<ele>29.90</ele>
</trkpt>
<trkpt lat="47.2584694" lon="-1.5427236">
	<ele>28.30</ele>
</trkpt>
<trkpt lat="47.2583029" lon="-1.5425479">
	<ele>27.20</ele>
</trkpt>
<trkpt lat="47.2581713" lon="-1.5423380">
	<ele>25.20</ele>
</trkpt>
<trkpt lat="47.2579569" lon="-1.5417604">
	<ele>22.00</ele>
</trkpt>
<trkpt lat="47.2573992" lon="-1.5400239">
	<ele>12.60</ele>
</trkpt>
<trkpt lat="47.2572745" lon="-1.5397436">
	<ele>11.20</ele>
</trkpt>
<trkpt lat="47.2570483" lon="-1.5395363">
	<ele>9.10</ele>
</trkpt>
<trkpt lat="47.2568066" lon="-1.5394809">
	<ele>6.80</ele>
</trkpt>
<trkpt lat="47.2565677" lon="-1.5394845">
	<ele>6.20</ele>
</trkpt>
<trkpt lat="47.2563100" lon="-1.5395661">
	<ele>9.00</ele>
</trkpt>
<trkpt lat="47.2559984" lon="-1.5397822">
	<ele>7.00</ele>
</trkpt>
<trkpt lat="47.2550442" lon="-1.5402185">
	<ele>10.80</ele>
</trkpt>
<trkpt lat="47.2543678" lon="-1.5402346">
	<ele>8.10</ele>
</trkpt>
<trkpt lat="47.2537162" lon="-1.5404314">
	<ele>8.90</ele>
</trkpt>
<trkpt lat="47.2529702" lon="-1.5405834">
	<ele>7.50</ele>
</trkpt>
<trkpt lat="47.2527709" lon="-1.5406811">
	<ele>8.40</ele>
</trkpt>
<trkpt lat="47.2519787" lon="-1.5408571">
	<ele>4.00</ele>
</trkpt>
<trkpt lat="47.2516992" lon="-1.5410065">
	<ele>5.70</ele>
</trkpt>
<trkpt lat="47.2515741" lon="-1.5413839">
	<ele>7.30</ele>
</trkpt>
<trkpt lat="47.2515336" lon="-1.5416052">
	<ele>8.80</ele>
</trkpt>
<trkpt lat="47.2515657" lon="-1.5417546">
	<ele>10.70</ele>
</trkpt>
<trkpt lat="47.2518285" lon="-1.5419161">
	<ele>11.10</ele>
</trkpt>
<trkpt lat="47.2519052" lon="-1.5420595">
	<ele>13.90</ele>
</trkpt>
<trkpt lat="47.2518831" lon="-1.5424414">
	<ele>16.00</ele>
</trkpt>
<trkpt lat="47.2519292" lon="-1.5429737">
	<ele>19.00</ele>
</trkpt>
<trkpt lat="47.2525932" lon="-1.5476184">
	<ele>14.70</ele>
</trkpt>
<trkpt lat="47.2526221" lon="-1.5480478">
	<ele>13.30</ele>
</trkpt>
<trkpt lat="47.2523602" lon="-1.5489609">
	<ele>14.80</ele>
</trkpt>
<trkpt lat="47.2522291" lon="-1.5492378">
	<ele>15.50</ele>
</trkpt>
<trkpt lat="47.2520696" lon="-1.5493459">
	<ele>15.50</ele>
</trkpt>
<trkpt lat="47.2518643" lon="-1.5493462">
	<ele>17.10</ele>
</trkpt>
<trkpt lat="47.2514432" lon="-1.5496247">
	<ele>18.90</ele>
</trkpt>
<trkpt lat="47.2498404" lon="-1.5504615">
	<ele>23.40</ele>
</trkpt>
<trkpt lat="47.2490532" lon="-1.5509771">
	<ele>24.60</ele>
</trkpt>
<trkpt lat="47.2483391" lon="-1.5516208">
	<ele>23.00</ele>
</trkpt>
<trkpt lat="47.2481361" lon="-1.5519212">
	<ele>21.90</ele>
</trkpt>
<trkpt lat="47.2468220" lon="-1.5517654">
	<ele>18.40</ele>
</trkpt>
<trkpt lat="47.2446485" lon="-1.5518996">
	<ele>18.20</ele>
</trkpt>
<trkpt lat="47.2445582" lon="-1.5519920">
	<ele>17.30</ele>
</trkpt>
<trkpt lat="47.2436702" lon="-1.5520442">
	<ele>14.90</ele>
</trkpt>
<trkpt lat="47.2435490" lon="-1.5522280">
	<ele>13.40</ele>
</trkpt>
<trkpt lat="47.2434340" lon="-1.5519880">
	<ele>13.20</ele>
</trkpt>
<trkpt lat="47.2433510" lon="-1.5522370">
	<ele>12.50</ele>
</trkpt>
<trkpt lat="47.2432792" lon="-1.5526694">
	<ele>11.90</ele>
</trkpt>
<trkpt lat="47.2430412" lon="-1.5530461">
	<ele>8.90</ele>
</trkpt>
<trkpt lat="47.2429244" lon="-1.5533708">
	<ele>8.60</ele>
</trkpt>
<trkpt lat="47.2429109" lon="-1.5536761">
	<ele>8.50</ele>
</trkpt>
<trkpt lat="47.2426819" lon="-1.5536567">
	<ele>8.80</ele>
</trkpt>
<trkpt lat="47.2426010" lon="-1.5538450">
	<ele>9.30</ele>
</trkpt>
<trkpt lat="47.2423809" lon="-1.5546700">
	<ele>10.70</ele>
</trkpt>
<trkpt lat="47.2423160" lon="-1.5552830">
	<ele>11.90</ele>
</trkpt>
<trkpt lat="47.2419303" lon="-1.5562594">
	<ele>13.60</ele>
</trkpt>
<trkpt lat="47.2411516" lon="-1.5563609">
	<ele>15.50</ele>
</trkpt>
<trkpt lat="47.2408349" lon="-1.5564482">
	<ele>16.30</ele>
</trkpt>
<trkpt lat="47.2406400" lon="-1.5563370">
	<ele>16.70</ele>
</trkpt>
<trkpt lat="47.2400080" lon="-1.5555274">
	<ele>18.20</ele>
</trkpt>
<trkpt lat="47.2397014" lon="-1.5552263">
	<ele>19.10</ele>
</trkpt>
<trkpt lat="47.2395114" lon="-1.5552912">
	<ele>19.40</ele>
</trkpt>
<trkpt lat="47.2392647" lon="-1.5555687">
	<ele>20.00</ele>
</trkpt>
<trkpt lat="47.2389806" lon="-1.5551829">
	<ele>19.80</ele>
</trkpt>
<trkpt lat="47.2390894" lon="-1.5548939">
	<ele>18.80</ele>
</trkpt>
<trkpt lat="47.2393081" lon="-1.5545598">
	<ele>17.80</ele>
</trkpt>
<trkpt lat="47.2393807" lon="-1.5543348">
	<ele>16.90</ele>
</trkpt>
<trkpt lat="47.2393809" lon="-1.5541742">
	<ele>16.90</ele>
</trkpt>
<trkpt lat="47.2393299" lon="-1.5540023">
	<ele>16.20</ele>
</trkpt>
<trkpt lat="47.2384704" lon="-1.5527792">
	<ele>16.80</ele>
</trkpt>
<trkpt lat="47.2382889" lon="-1.5522539">
	<ele>17.30</ele>
</trkpt>
<trkpt lat="47.2380254" lon="-1.5518680">
	<ele>14.90</ele>
</trkpt>
<trkpt lat="47.2377065" lon="-1.5517176">
	<ele>14.30</ele>
</trkpt>
<trkpt lat="47.2372025" lon="-1.5516098">
	<ele>11.80</ele>
</trkpt>
<trkpt lat="47.2371128" lon="-1.5515296">
	<ele>11.80</ele>
</trkpt>
<trkpt lat="47.2370497" lon="-1.5511805">
	<ele>10.40</ele>
</trkpt>
<trkpt lat="47.2369409" lon="-1.5508908">
	<ele>9.50</ele>
</trkpt>
<trkpt lat="47.2368896" lon="-1.5508492">
	<ele>8.40</ele>
</trkpt>
<trkpt lat="47.2367072" lon="-1.5509344">
	<ele>9.30</ele>
</trkpt>
<trkpt lat="47.2366413" lon="-1.5509009">
	<ele>9.30</ele>
</trkpt>
<trkpt lat="47.2365912" lon="-1.5508260">
	<ele>8.40</ele>
</trkpt>
<trkpt lat="47.2365521" lon="-1.5505974">
	<ele>7.20</ele>
</trkpt>
<trkpt lat="47.2363142" lon="-1.5504999">
	<ele>8.00</ele>
</trkpt>
<trkpt lat="47.2361476" lon="-1.5503635">
	<ele>8.00</ele>
</trkpt>
<trkpt lat="47.2359605" lon="-1.5500961">
	<ele>7.40</ele>
</trkpt>
<trkpt lat="47.2357208" lon="-1.5496469">
	<ele>6.30</ele>
</trkpt>
<trkpt lat="47.2353870" lon="-1.5492325">
	<ele>4.40</ele>
</trkpt>
<trkpt lat="47.2346352" lon="-1.5490052">
	<ele>11.50</ele>
</trkpt>
<trkpt lat="47.2336707" lon="-1.5489200">
	<ele>5.80</ele>
</trkpt>
<trkpt lat="47.2331285" lon="-1.5487337">
	<ele>5.70</ele>
</trkpt>
<trkpt lat="47.2328523" lon="-1.5487091">
	<ele>3.10</ele>
</trkpt>
<trkpt lat="47.2327610" lon="-1.5487691">
	<ele>5.90</ele>
</trkpt>
<trkpt lat="47.2323043" lon="-1.5488784">
	<ele>5.80</ele>
</trkpt>
<trkpt lat="47.2321229" lon="-1.5489947">
	<ele>8.50</ele>
</trkpt>
<trkpt lat="47.2317981" lon="-1.5492340">
	<ele>6.10</ele>
</trkpt>
<trkpt lat="47.2313349" lon="-1.5496897">
	<ele>8.00</ele>
</trkpt>
<trkpt lat="47.2310908" lon="-1.5500043">
	<ele>10.20</ele>
</trkpt>
<trkpt lat="47.2308817" lon="-1.5501840">
	<ele>12.30</ele>
</trkpt>
<trkpt lat="47.2307105" lon="-1.5504275">
	<ele>14.00</ele>
</trkpt>
<trkpt lat="47.2304392" lon="-1.5507002">
	<ele>11.60</ele>
</trkpt>
<trkpt lat="47.2301969" lon="-1.5510294">
	<ele>9.00</ele>
</trkpt>
<trkpt lat="47.2300902" lon="-1.5511035">
	<ele>4.90</ele>
</trkpt>
<trkpt lat="47.2300482" lon="-1.5511876">
	<ele>10.70</ele>
</trkpt>
<trkpt lat="47.2300363" lon="-1.5513253">
	<ele>10.70</ele>
</trkpt>
<trkpt lat="47.2298688" lon="-1.5514283">
	<ele>12.60</ele>
</trkpt>
<trkpt lat="47.2284763" lon="-1.5531237">
	<ele>6.80</ele>
</trkpt>
<trkpt lat="47.2278968" lon="-1.5522195">
	<ele>8.70</ele>
</trkpt>
<trkpt lat="47.2271386" lon="-1.5532252">
	<ele>8.30</ele>
</trkpt>
<trkpt lat="47.2268735" lon="-1.5533682">
	<ele>4.70</ele>
</trkpt>
<trkpt lat="47.2265100" lon="-1.5533472">
	<ele>5.80</ele>
</trkpt>
<trkpt lat="47.2262537" lon="-1.5532837">
	<ele>10.90</ele>
</trkpt>
<trkpt lat="47.2261837" lon="-1.5531125">
	<ele>10.90</ele>
</trkpt>
<trkpt lat="47.2236540" lon="-1.5525970">
	<ele>7.50</ele>
</trkpt>
<trkpt lat="47.2230560" lon="-1.5523930">
	<ele>8.00</ele>
</trkpt>
<trkpt lat="47.2229689" lon="-1.5525016">
	<ele>7.20</ele>
</trkpt>
<trkpt lat="47.2228925" lon="-1.5525080">
	<ele>7.80</ele>
</trkpt>
<trkpt lat="47.2228251" lon="-1.5524105">
	<ele>8.60</ele>
</trkpt>
<trkpt lat="47.2228162" lon="-1.5522869">
	<ele>8.60</ele>
</trkpt>
<trkpt lat="47.2226545" lon="-1.5521244">
	<ele>9.80</ele>
</trkpt>
<trkpt lat="47.2216483" lon="-1.5513050">
	<ele>13.90</ele>
</trkpt>
<trkpt lat="47.2214642" lon="-1.5517797">
	<ele>13.50</ele>
</trkpt>
<trkpt lat="47.2212127" lon="-1.5523064">
	<ele>12.80</ele>
</trkpt>
<trkpt lat="47.2210465" lon="-1.5526251">
	<ele>12.20</ele>
</trkpt>
<trkpt lat="47.2208713" lon="-1.5528787">
	<ele>11.60</ele>
</trkpt>
<trkpt lat="47.2202694" lon="-1.5542575">
	<ele>13.00</ele>
</trkpt>
<trkpt lat="47.2200203" lon="-1.5547052">
	<ele>13.20</ele>
</trkpt>
<trkpt lat="47.2200083" lon="-1.5549694">
	<ele>12.80</ele>
</trkpt>
<trkpt lat="47.2198843" lon="-1.5553118">
	<ele>12.50</ele>
</trkpt>
<trkpt lat="47.2193304" lon="-1.5561924">
	<ele>12.80</ele>
</trkpt>
<trkpt lat="47.2190612" lon="-1.5567074">
	<ele>13.50</ele>
</trkpt>
<trkpt lat="47.2187112" lon="-1.5570182">
	<ele>13.30</ele>
</trkpt>
<trkpt lat="47.2185621" lon="-1.5570937">
	<ele>14.20</ele>
</trkpt>
<trkpt lat="47.2181821" lon="-1.5571714">
	<ele>14.50</ele>
</trkpt>
<trkpt lat="47.2176697" lon="-1.5571196">
	<ele>14.90</ele>
</trkpt>
<trkpt lat="47.2168767" lon="-1.5568591">
	<ele>11.50</ele>
</trkpt>
<trkpt lat="47.2165970" lon="-1.5567402">
	<ele>11.30</ele>
</trkpt>
<trkpt lat="47.2162735" lon="-1.5565395">
	<ele>12.60</ele>
</trkpt>
<trkpt lat="47.2160388" lon="-1.5565527">
	<ele>13.80</ele>
</trkpt>
<trkpt lat="47.2150875" lon="-1.5561245">
	<ele>14.40</ele>
</trkpt>
<trkpt lat="47.2149363" lon="-1.5560167">
	<ele>14.40</ele>
</trkpt>
<trkpt lat="47.2148326" lon="-1.5560015">
	<ele>14.40</ele>
</trkpt>
<trkpt lat="47.2144559" lon="-1.5556379">
	<ele>13.90</ele>
</trkpt>
<trkpt lat="47.2140567" lon="-1.5553287">
	<ele>12.90</ele>
</trkpt>
<trkpt lat="47.2139801" lon="-1.5551043">
	<ele>12.70</ele>
</trkpt>
<trkpt lat="47.2137050" lon="-1.5548306">
	<ele>12.70</ele>
</trkpt>
<trkpt lat="47.2136216" lon="-1.5548366">
	<ele>12.60</ele>
</trkpt>
<trkpt lat="47.2135392" lon="-1.5549241">
	<ele>12.70</ele>
</trkpt>
<trkpt lat="47.2126155" lon="-1.5541019">
	<ele>11.20</ele>
</trkpt>
<trkpt lat="47.2125106" lon="-1.5542838">
	<ele>11.10</ele>
</trkpt>
<trkpt lat="47.2123002" lon="-1.5545296">
	<ele>11.10</ele>
</trkpt>
<trkpt lat="47.2116280" lon="-1.5565984">
	<ele>11.20</ele>
</trkpt>
<trkpt lat="47.2116428" lon="-1.5566804">
	<ele>11.20</ele>
</trkpt>
<trkpt lat="47.2116160" lon="-1.5567860">
	<ele>11.20</ele>
</trkpt>
<trkpt lat="47.2116657" lon="-1.5568947">
	<ele>11.30</ele>
</trkpt>
<trkpt lat="47.2117454" lon="-1.5569015">
	<ele>11.30</ele>
</trkpt>
<trkpt lat="47.2117667" lon="-1.5570027">
	<ele>11.30</ele>
</trkpt>
<trkpt lat="47.2114168" lon="-1.5579501">
	<ele>10.10</ele>
</trkpt>
<trkpt lat="47.2113727" lon="-1.5585804">
	<ele>8.70</ele>
</trkpt>
<trkpt lat="47.2114187" lon="-1.5587477">
	<ele>8.80</ele>
</trkpt>
<trkpt lat="47.2114781" lon="-1.5588344">
	<ele>9.00</ele>
</trkpt>
<trkpt lat="47.2114900" lon="-1.5589661">
	<ele>9.80</ele>
</trkpt>
<trkpt lat="47.2114144" lon="-1.5590874">
	<ele>9.20</ele>
</trkpt>
<trkpt lat="47.2110746" lon="-1.5592650">
	<ele>9.30</ele>
</trkpt>
<trkpt lat="47.2109228" lon="-1.5594184">
	<ele>9.10</ele>
</trkpt>
<trkpt lat="47.2107446" lon="-1.5596780">
	<ele>9.00</ele>
</trkpt>
<trkpt lat="47.2106327" lon="-1.5599002">
	<ele>8.70</ele>
</trkpt>
<trkpt lat="47.2106125" lon="-1.5599771">
	<ele>8.70</ele>
</trkpt>
<trkpt lat="47.2106274" lon="-1.5600853">
	<ele>8.60</ele>
</trkpt>
<trkpt lat="47.2104720" lon="-1.5602562">
	<ele>8.50</ele>
</trkpt>
<trkpt lat="47.2100643" lon="-1.5613071">
	<ele>7.90</ele>
</trkpt>
<trkpt lat="47.2101111" lon="-1.5613749">
	<ele>7.90</ele>
</trkpt>
<trkpt lat="47.2100634" lon="-1.5616114">
	<ele>7.60</ele>
</trkpt>
<trkpt lat="47.2098618" lon="-1.5616952">
	<ele>5.00</ele>
</trkpt>
</trkseg>
</trk>
</gpx>
