<?xml version="1.0" encoding="utf-8" standalone="yes"?>
<gpx version="1.1" creator="Locus Map, Android"
 xmlns="http://www.topografix.com/GPX/1/1"
 xmlns:xsi="http://www.w3.org/2001/XMLSchema-instance"
 xsi:schemaLocation="http://www.topografix.com/GPX/1/1 http://www.topografix.com/GPX/1/1/gpx.xsd"
 xmlns:gpxx="http://www.garmin.com/xmlschemas/GpxExtensions/v3"
 xmlns:gpxtrkx="http://www.garmin.com/xmlschemas/TrackStatsExtension/v1"
 xmlns:gpxtpx="http://www.garmin.com/xmlschemas/TrackPointExtension/v2"
 xmlns:locus="https://www.locusmap.app">
	<metadata>
		<desc>File with points/tracks from Locus Map/4.33.0</desc>
		<time>2026-05-14T21:38:25.741Z</time>
	</metadata>
<trk>
	<name>EuroVelo6.01.Frankreich.NeversMuhlhouse</name>
	<extensions>
		<line xmlns="http://www.topografix.com/GPX/gpx_style/0/2">
			<color>D700D7</color>
			<opacity>0.59</opacity>
			<width>5.0</width>
			<extensions>
				<locus:lsColorBase>#96D700D7</locus:lsColorBase>
				<locus:lsWidth>5.0</locus:lsWidth>
				<locus:lsUnits>PIXELS</locus:lsUnits>
				<locus:lsColorOutline>#FFD700D7</locus:lsColorOutline>
			</extensions>
		</line>
		<locus:activity>cycling</locus:activity>
		<locus:rteComputeType>103</locus:rteComputeType>
	</extensions>
<trkseg>
<trkpt lat="46.9881058" lon="3.1579101">
	<ele>193.94</ele>
	<time>1970-01-01T00:00:00.000Z</time>
</trkpt>
<trkpt lat="46.9880867" lon="3.1579280">
	<ele>194.22</ele>
	<time>1970-01-01T00:00:00.536Z</time>
</trkpt>
<trkpt lat="46.9880714" lon="3.1579411">
	<ele>194.41</ele>
	<time>1970-01-01T00:00:00.919Z</time>
</trkpt>
<trkpt lat="46.9879875" lon="3.1580091">
	<ele>195.24</ele>
	<time>1970-01-01T00:00:02.818Z</time>
</trkpt>
<trkpt lat="46.9879036" lon="3.1580579">
	<ele>195.74</ele>
	<time>1970-01-01T00:00:04.824Z</time>
</trkpt>
<trkpt lat="46.9875450" lon="3.1582510">
	<ele>194.27</ele>
	<time>1970-01-01T00:00:14.445Z</time>
</trkpt>
<trkpt lat="46.9875259" lon="3.1579919">
	<ele>195.27</ele>
	<time>1970-01-01T00:00:19.223Z</time>
</trkpt>
<trkpt lat="46.9875221" lon="3.1579211">
	<ele>195.56</ele>
	<time>1970-01-01T00:00:20.368Z</time>
</trkpt>
<trkpt lat="46.9872513" lon="3.1580350">
	<ele>196.00</ele>
	<time>1970-01-01T00:00:26.712Z</time>
</trkpt>
<trkpt lat="46.9870071" lon="3.1575470">
	<ele>196.07</ele>
	<time>1970-01-01T00:00:38.412Z</time>
</trkpt>
<trkpt lat="46.9868889" lon="3.1575911">
	<ele>195.88</ele>
	<time>1970-01-01T00:00:41.601Z</time>
</trkpt>
<trkpt lat="46.9867859" lon="3.1576459">
	<ele>195.48</ele>
	<time>1970-01-01T00:00:44.061Z</time>
</trkpt>
<trkpt lat="46.9866524" lon="3.1577301">
	<ele>195.00</ele>
	<time>1970-01-01T00:00:46.865Z</time>
</trkpt>
<trkpt lat="46.9865913" lon="3.1577690">
	<ele>194.80</ele>
	<time>1970-01-01T00:00:48.017Z</time>
</trkpt>
<trkpt lat="46.9861450" lon="3.1580520">
	<ele>191.12</ele>
	<time>1970-01-01T00:00:52.708Z</time>
</trkpt>
<trkpt lat="46.9861069" lon="3.1580739">
	<ele>190.98</ele>
	<time>1970-01-01T00:00:53.166Z</time>
</trkpt>
<trkpt lat="46.9858475" lon="3.1582389">
	<ele>189.64</ele>
	<time>1970-01-01T00:00:55.646Z</time>
</trkpt>
<trkpt lat="46.9858208" lon="3.1582601">
	<ele>189.09</ele>
	<time>1970-01-01T00:00:55.886Z</time>
</trkpt>
<trkpt lat="46.9857140" lon="3.1582971">
	<ele>185.48</ele>
	<time>1970-01-01T00:00:56.846Z</time>
</trkpt>
<trkpt lat="46.9856949" lon="3.1582680">
	<ele>185.09</ele>
	<time>1970-01-01T00:00:57.086Z</time>
</trkpt>
<trkpt lat="46.9855042" lon="3.1579330">
	<ele>185.72</ele>
	<time>1970-01-01T00:00:59.726Z</time>
</trkpt>
<trkpt lat="46.9853592" lon="3.1576979">
	<ele>182.35</ele>
	<time>1970-01-01T00:01:01.646Z</time>
</trkpt>
<trkpt lat="46.9852829" lon="3.1575501">
	<ele>179.87</ele>
	<time>1970-01-01T00:01:02.766Z</time>
</trkpt>
<trkpt lat="46.9852562" lon="3.1575260">
	<ele>179.48</ele>
	<time>1970-01-01T00:01:03.006Z</time>
</trkpt>
<trkpt lat="46.9852333" lon="3.1575220">
	<ele>179.28</ele>
	<time>1970-01-01T00:01:03.166Z</time>
</trkpt>
<trkpt lat="46.9851990" lon="3.1575410">
	<ele>179.18</ele>
	<time>1970-01-01T00:01:03.486Z</time>
</trkpt>
<trkpt lat="46.9850616" lon="3.1576560">
	<ele>180.16</ele>
	<time>1970-01-01T00:01:04.926Z</time>
</trkpt>
<trkpt lat="46.9850235" lon="3.1577001">
	<ele>180.13</ele>
	<time>1970-01-01T00:01:05.326Z</time>
</trkpt>
<trkpt lat="46.9849968" lon="3.1577771">
	<ele>179.96</ele>
	<time>1970-01-01T00:01:05.886Z</time>
</trkpt>
<trkpt lat="46.9849739" lon="3.1577611">
	<ele>179.64</ele>
	<time>1970-01-01T00:01:06.126Z</time>
</trkpt>
<trkpt lat="46.9849472" lon="3.1577561">
	<ele>179.20</ele>
	<time>1970-01-01T00:01:06.366Z</time>
</trkpt>
<trkpt lat="46.9849014" lon="3.1577771">
	<ele>178.27</ele>
	<time>1970-01-01T00:01:06.846Z</time>
</trkpt>
<trkpt lat="46.9848671" lon="3.1578300">
	<ele>177.37</ele>
	<time>1970-01-01T00:01:07.246Z</time>
</trkpt>
<trkpt lat="46.9848595" lon="3.1578989">
	<ele>176.89</ele>
	<time>1970-01-01T00:01:07.646Z</time>
</trkpt>
<trkpt lat="46.9848137" lon="3.1579061">
	<ele>175.27</ele>
	<time>1970-01-01T00:01:08.046Z</time>
</trkpt>
<trkpt lat="46.9847641" lon="3.1579280">
	<ele>173.43</ele>
	<time>1970-01-01T00:01:08.526Z</time>
</trkpt>
<trkpt lat="46.9822006" lon="3.1599691">
	<ele>172.22</ele>
	<time>1970-01-01T00:01:42.689Z</time>
</trkpt>
<trkpt lat="46.9819679" lon="3.1601820">
	<ele>179.88</ele>
	<time>1970-01-01T00:01:46.459Z</time>
</trkpt>
<trkpt lat="46.9818802" lon="3.1602559">
	<ele>180.40</ele>
	<time>1970-01-01T00:01:47.950Z</time>
</trkpt>
<trkpt lat="46.9819260" lon="3.1603661">
	<ele>179.91</ele>
	<time>1970-01-01T00:01:49.258Z</time>
</trkpt>
<trkpt lat="46.9819908" lon="3.1605539">
	<ele>178.62</ele>
	<time>1970-01-01T00:01:51.299Z</time>
</trkpt>
<trkpt lat="46.9820518" lon="3.1607800">
	<ele>177.92</ele>
	<time>1970-01-01T00:01:53.684Z</time>
</trkpt>
<trkpt lat="46.9820557" lon="3.1608980">
	<ele>177.85</ele>
	<time>1970-01-01T00:01:54.909Z</time>
</trkpt>
<trkpt lat="46.9820328" lon="3.1612141">
	<ele>177.35</ele>
	<time>1970-01-01T00:01:58.273Z</time>
</trkpt>
<trkpt lat="46.9819908" lon="3.1615131">
	<ele>177.17</ele>
	<time>1970-01-01T00:02:01.610Z</time>
</trkpt>
<trkpt lat="46.9820251" lon="3.1615319">
	<ele>177.22</ele>
	<time>1970-01-01T00:02:02.201Z</time>
</trkpt>
<trkpt lat="46.9820671" lon="3.1615779">
	<ele>177.23</ele>
	<time>1970-01-01T00:02:03.150Z</time>
</trkpt>
<trkpt lat="46.9821205" lon="3.1617160">
	<ele>177.12</ele>
	<time>1970-01-01T00:02:05.183Z</time>
</trkpt>
<trkpt lat="46.9821968" lon="3.1620121">
	<ele>176.55</ele>
	<time>1970-01-01T00:02:09.495Z</time>
</trkpt>
<trkpt lat="46.9823990" lon="3.1626091">
	<ele>176.75</ele>
	<time>1970-01-01T00:02:18.959Z</time>
</trkpt>
<trkpt lat="46.9825706" lon="3.1630571">
	<ele>175.28</ele>
	<time>1970-01-01T00:02:25.179Z</time>
</trkpt>
<trkpt lat="46.9827423" lon="3.1635201">
	<ele>176.65</ele>
	<time>1970-01-01T00:02:29.618Z</time>
</trkpt>
<trkpt lat="46.9827805" lon="3.1636579">
	<ele>175.88</ele>
	<time>1970-01-01T00:02:30.941Z</time>
</trkpt>
<trkpt lat="46.9828033" lon="3.1637969">
	<ele>175.86</ele>
	<time>1970-01-01T00:02:32.459Z</time>
</trkpt>
<trkpt lat="46.9828224" lon="3.1639950">
	<ele>175.87</ele>
	<time>1970-01-01T00:02:34.841Z</time>
</trkpt>
<trkpt lat="46.9828262" lon="3.1640811">
	<ele>175.86</ele>
	<time>1970-01-01T00:02:36.034Z</time>
</trkpt>
<trkpt lat="46.9827995" lon="3.1642489">
	<ele>175.87</ele>
	<time>1970-01-01T00:02:38.555Z</time>
</trkpt>
<trkpt lat="46.9827843" lon="3.1643469">
	<ele>175.82</ele>
	<time>1970-01-01T00:02:40.082Z</time>
</trkpt>
<trkpt lat="46.9827538" lon="3.1645229">
	<ele>176.72</ele>
	<time>1970-01-01T00:02:42.576Z</time>
</trkpt>
<trkpt lat="46.9826889" lon="3.1647120">
	<ele>178.01</ele>
	<time>1970-01-01T00:02:45.402Z</time>
</trkpt>
<trkpt lat="46.9825974" lon="3.1648891">
	<ele>176.22</ele>
	<time>1970-01-01T00:02:48.031Z</time>
</trkpt>
<trkpt lat="46.9824944" lon="3.1650410">
	<ele>176.05</ele>
	<time>1970-01-01T00:02:50.142Z</time>
</trkpt>
<trkpt lat="46.9823456" lon="3.1651959">
	<ele>176.87</ele>
	<time>1970-01-01T00:02:52.736Z</time>
</trkpt>
<trkpt lat="46.9820824" lon="3.1654129">
	<ele>176.39</ele>
	<time>1970-01-01T00:02:57.172Z</time>
</trkpt>
<trkpt lat="46.9817772" lon="3.1656229">
	<ele>176.26</ele>
	<time>1970-01-01T00:03:02.233Z</time>
</trkpt>
<trkpt lat="46.9817924" lon="3.1656940">
	<ele>175.89</ele>
	<time>1970-01-01T00:03:03.066Z</time>
</trkpt>
<trkpt lat="46.9818077" lon="3.1657381">
	<ele>175.56</ele>
	<time>1970-01-01T00:03:03.596Z</time>
</trkpt>
<trkpt lat="46.9818459" lon="3.1658809">
	<ele>174.94</ele>
	<time>1970-01-01T00:03:05.125Z</time>
</trkpt>
<trkpt lat="46.9818802" lon="3.1660230">
	<ele>175.82</ele>
	<time>1970-01-01T00:03:06.617Z</time>
</trkpt>
<trkpt lat="46.9818916" lon="3.1660891">
	<ele>176.25</ele>
	<time>1970-01-01T00:03:07.220Z</time>
</trkpt>
<trkpt lat="46.9819031" lon="3.1661689">
	<ele>176.34</ele>
	<time>1970-01-01T00:03:07.954Z</time>
</trkpt>
<trkpt lat="46.9819069" lon="3.1662509">
	<ele>176.18</ele>
	<time>1970-01-01T00:03:08.664Z</time>
</trkpt>
<trkpt lat="46.9818878" lon="3.1663260">
	<ele>176.09</ele>
	<time>1970-01-01T00:03:09.385Z</time>
</trkpt>
<trkpt lat="46.9818611" lon="3.1663849">
	<ele>176.15</ele>
	<time>1970-01-01T00:03:09.996Z</time>
</trkpt>
<trkpt lat="46.9817848" lon="3.1664231">
	<ele>177.06</ele>
	<time>1970-01-01T00:03:11.245Z</time>
</trkpt>
<trkpt lat="46.9811287" lon="3.1666520">
	<ele>177.08</ele>
	<time>1970-01-01T00:03:25.223Z</time>
</trkpt>
<trkpt lat="46.9803505" lon="3.1670139">
	<ele>175.92</ele>
	<time>1970-01-01T00:03:41.918Z</time>
</trkpt>
<trkpt lat="46.9803276" lon="3.1670251">
	<ele>175.98</ele>
	<time>1970-01-01T00:03:42.448Z</time>
</trkpt>
<trkpt lat="46.9802513" lon="3.1670611">
	<ele>176.42</ele>
	<time>1970-01-01T00:03:44.143Z</time>
</trkpt>
<trkpt lat="46.9791718" lon="3.1676309">
	<ele>176.62</ele>
	<time>1970-01-01T00:04:05.245Z</time>
</trkpt>
<trkpt lat="46.9787941" lon="3.1678319">
	<ele>176.47</ele>
	<time>1970-01-01T00:04:12.332Z</time>
</trkpt>
<trkpt lat="46.9776382" lon="3.1684549">
	<ele>176.41</ele>
	<time>1970-01-01T00:04:35.479Z</time>
</trkpt>
<trkpt lat="46.9762230" lon="3.1691921">
	<ele>175.86</ele>
	<time>1970-01-01T00:05:03.453Z</time>
</trkpt>
<trkpt lat="46.9758072" lon="3.1694360">
	<ele>178.84</ele>
	<time>1970-01-01T00:05:13.313Z</time>
</trkpt>
<trkpt lat="46.9757729" lon="3.1694450">
	<ele>178.70</ele>
	<time>1970-01-01T00:05:14.070Z</time>
</trkpt>
<trkpt lat="46.9757195" lon="3.1694169">
	<ele>178.15</ele>
	<time>1970-01-01T00:05:15.199Z</time>
</trkpt>
<trkpt lat="46.9756927" lon="3.1694191">
	<ele>177.97</ele>
	<time>1970-01-01T00:05:15.760Z</time>
</trkpt>
<trkpt lat="46.9756241" lon="3.1694450">
	<ele>177.54</ele>
	<time>1970-01-01T00:05:17.248Z</time>
</trkpt>
<trkpt lat="46.9755173" lon="3.1695080">
	<ele>177.09</ele>
	<time>1970-01-01T00:05:19.639Z</time>
</trkpt>
<trkpt lat="46.9751205" lon="3.1697140">
	<ele>174.79</ele>
	<time>1970-01-01T00:05:28.562Z</time>
</trkpt>
<trkpt lat="46.9742470" lon="3.1702280">
	<ele>175.70</ele>
	<time>1970-01-01T00:05:48.042Z</time>
</trkpt>
<trkpt lat="46.9710999" lon="3.1719010">
	<ele>174.90</ele>
	<time>1970-01-01T00:06:59.961Z</time>
</trkpt>
<trkpt lat="46.9641228" lon="3.1756289">
	<ele>176.87</ele>
	<time>1970-01-01T00:09:05.497Z</time>
</trkpt>
<trkpt lat="46.9637032" lon="3.1758521">
	<ele>177.71</ele>
	<time>1970-01-01T00:09:14.314Z</time>
</trkpt>
<trkpt lat="46.9632874" lon="3.1760950">
	<ele>177.17</ele>
	<time>1970-01-01T00:09:22.945Z</time>
</trkpt>
<trkpt lat="46.9630089" lon="3.1762490">
	<ele>176.15</ele>
	<time>1970-01-01T00:09:29.290Z</time>
</trkpt>
<trkpt lat="46.9623909" lon="3.1766410">
	<ele>176.95</ele>
	<time>1970-01-01T00:09:47.635Z</time>
</trkpt>
<trkpt lat="46.9617767" lon="3.1772640">
	<ele>177.74</ele>
	<time>1970-01-01T00:10:02.610Z</time>
</trkpt>
<trkpt lat="46.9613876" lon="3.1777620">
	<ele>177.00</ele>
	<time>1970-01-01T00:10:13.214Z</time>
</trkpt>
<trkpt lat="46.9614006" lon="3.1777847">
	<ele>175.30</ele>
	<time>1970-01-01T00:00:00.000Z</time>
</trkpt>
<trkpt lat="46.9604341" lon="3.1796944">
	<ele>176.60</ele>
	<time>1970-01-01T00:00:00.000Z</time>
</trkpt>
<trkpt lat="46.9596530" lon="3.1815320">
	<ele>175.30</ele>
	<time>1970-01-01T00:00:00.000Z</time>
</trkpt>
<trkpt lat="46.9594361" lon="3.1821132">
	<ele>176.20</ele>
	<time>1970-01-01T00:00:00.000Z</time>
</trkpt>
<trkpt lat="46.9595020" lon="3.1825620">
	<ele>177.40</ele>
	<time>1970-01-01T00:00:00.000Z</time>
</trkpt>
<trkpt lat="46.9597370" lon="3.1828230">
	<ele>177.80</ele>
	<time>1970-01-01T00:00:00.000Z</time>
</trkpt>
<trkpt lat="46.9600800" lon="3.1830680">
	<ele>177.80</ele>
	<time>1970-01-01T00:00:00.000Z</time>
</trkpt>
<trkpt lat="46.9605200" lon="3.1834530">
	<ele>178.80</ele>
	<time>1970-01-01T00:00:00.000Z</time>
</trkpt>
<trkpt lat="46.9611520" lon="3.1838500">
	<ele>177.90</ele>
	<time>1970-01-01T00:00:00.000Z</time>
</trkpt>
<trkpt lat="46.9623104" lon="3.1846930">
	<ele>177.00</ele>
	<time>1970-01-01T00:00:00.000Z</time>
</trkpt>
<trkpt lat="46.9627170" lon="3.1850400">
	<ele>175.80</ele>
	<time>1970-01-01T00:00:00.000Z</time>
</trkpt>
<trkpt lat="46.9631130" lon="3.1855270">
	<ele>175.80</ele>
	<time>1970-01-01T00:00:00.000Z</time>
</trkpt>
<trkpt lat="46.9633800" lon="3.1860030">
	<ele>175.80</ele>
	<time>1970-01-01T00:00:00.000Z</time>
</trkpt>
<trkpt lat="46.9636557" lon="3.1867008">
	<ele>176.50</ele>
	<time>1970-01-01T00:00:00.000Z</time>
</trkpt>
<trkpt lat="46.9638588" lon="3.1882726">
	<ele>176.70</ele>
	<time>1970-01-01T00:00:00.000Z</time>
</trkpt>
<trkpt lat="46.9637480" lon="3.1890620">
	<ele>176.50</ele>
	<time>1970-01-01T00:00:00.000Z</time>
</trkpt>
<trkpt lat="46.9633979" lon="3.1905102">
	<ele>175.90</ele>
	<time>1970-01-01T00:00:00.000Z</time>
</trkpt>
<trkpt lat="46.9626800" lon="3.1932667">
	<ele>176.70</ele>
	<time>1970-01-01T00:00:00.000Z</time>
</trkpt>
<trkpt lat="46.9624073" lon="3.1939713">
	<ele>176.60</ele>
	<time>1970-01-01T00:00:00.000Z</time>
</trkpt>
<trkpt lat="46.9617480" lon="3.1953420">
	<ele>176.70</ele>
	<time>1970-01-01T00:00:00.000Z</time>
</trkpt>
<trkpt lat="46.9614670" lon="3.1958620">
	<ele>176.80</ele>
	<time>1970-01-01T00:00:00.000Z</time>
</trkpt>
<trkpt lat="46.9611830" lon="3.1962770">
	<ele>176.20</ele>
	<time>1970-01-01T00:00:00.000Z</time>
</trkpt>
<trkpt lat="46.9602769" lon="3.1972587">
	<ele>177.20</ele>
	<time>1970-01-01T00:00:00.000Z</time>
</trkpt>
<trkpt lat="46.9594580" lon="3.1978230">
	<ele>178.50</ele>
	<time>1970-01-01T00:00:00.000Z</time>
</trkpt>
<trkpt lat="46.9574797" lon="3.1989407">
	<ele>177.70</ele>
	<time>1970-01-01T00:00:00.000Z</time>
</trkpt>
<trkpt lat="46.9563250" lon="3.1992030">
	<ele>177.20</ele>
	<time>1970-01-01T00:00:00.000Z</time>
</trkpt>
<trkpt lat="46.9522530" lon="3.2003670">
	<ele>179.50</ele>
	<time>1970-01-01T00:00:00.000Z</time>
</trkpt>
<trkpt lat="46.9513300" lon="3.2007700">
	<ele>180.00</ele>
	<time>1970-01-01T00:00:00.000Z</time>
</trkpt>
<trkpt lat="46.9478300" lon="3.2025750">
	<ele>176.70</ele>
	<time>1970-01-01T00:00:00.000Z</time>
</trkpt>
<trkpt lat="46.9472399" lon="3.2027589">
	<ele>176.20</ele>
	<time>1970-01-01T00:00:00.000Z</time>
</trkpt>
<trkpt lat="46.9460780" lon="3.2025450">
	<ele>180.40</ele>
	<time>1970-01-01T00:00:00.000Z</time>
</trkpt>
<trkpt lat="46.9452800" lon="3.2021050">
	<ele>180.30</ele>
	<time>1970-01-01T00:00:00.000Z</time>
</trkpt>
<trkpt lat="46.9447130" lon="3.2017200">
	<ele>169.70</ele>
	<time>1970-01-01T00:00:00.000Z</time>
</trkpt>
<trkpt lat="46.9441400" lon="3.2013900">
	<ele>187.40</ele>
	<time>1970-01-01T00:00:00.000Z</time>
</trkpt>
<trkpt lat="46.9435980" lon="3.2011850">
	<ele>186.90</ele>
	<time>1970-01-01T00:00:00.000Z</time>
</trkpt>
<trkpt lat="46.9425000" lon="3.2010920">
	<ele>178.90</ele>
	<time>1970-01-01T00:00:00.000Z</time>
</trkpt>
<trkpt lat="46.9404520" lon="3.2017720">
	<ele>179.80</ele>
	<time>1970-01-01T00:00:00.000Z</time>
</trkpt>
<trkpt lat="46.9396300" lon="3.2021730">
	<ele>184.20</ele>
	<time>1970-01-01T00:00:00.000Z</time>
</trkpt>
<trkpt lat="46.9389106" lon="3.2027195">
	<ele>181.80</ele>
	<time>1970-01-01T00:00:00.000Z</time>
</trkpt>
<trkpt lat="46.9380350" lon="3.2037120">
	<ele>180.80</ele>
	<time>1970-01-01T00:00:00.000Z</time>
</trkpt>
<trkpt lat="46.9370620" lon="3.2049830">
	<ele>177.70</ele>
	<time>1970-01-01T00:00:00.000Z</time>
</trkpt>
<trkpt lat="46.9368980" lon="3.2053470">
	<ele>177.80</ele>
	<time>1970-01-01T00:00:00.000Z</time>
</trkpt>
<trkpt lat="46.9365184" lon="3.2066525">
	<ele>177.30</ele>
	<time>1970-01-01T00:00:00.000Z</time>
</trkpt>
<trkpt lat="46.9362280" lon="3.2083370">
	<ele>178.30</ele>
	<time>1970-01-01T00:00:00.000Z</time>
</trkpt>
<trkpt lat="46.9358500" lon="3.2101580">
	<ele>176.80</ele>
	<time>1970-01-01T00:00:00.000Z</time>
</trkpt>
<trkpt lat="46.9338720" lon="3.2184900">
	<ele>176.60</ele>
	<time>1970-01-01T00:00:00.000Z</time>
</trkpt>
<trkpt lat="46.9335620" lon="3.2194780">
	<ele>176.50</ele>
	<time>1970-01-01T00:00:00.000Z</time>
</trkpt>
<trkpt lat="46.9326570" lon="3.2217900">
	<ele>177.00</ele>
	<time>1970-01-01T00:00:00.000Z</time>
</trkpt>
<trkpt lat="46.9321730" lon="3.2228620">
	<ele>178.70</ele>
	<time>1970-01-01T00:00:00.000Z</time>
</trkpt>
<trkpt lat="46.9314730" lon="3.2238050">
	<ele>178.70</ele>
	<time>1970-01-01T00:00:00.000Z</time>
</trkpt>
<trkpt lat="46.9304030" lon="3.2245720">
	<ele>179.30</ele>
	<time>1970-01-01T00:00:00.000Z</time>
</trkpt>
<trkpt lat="46.9290019" lon="3.2253408">
	<ele>178.90</ele>
	<time>1970-01-01T00:00:00.000Z</time>
</trkpt>
<trkpt lat="46.9283850" lon="3.2258770">
	<ele>179.60</ele>
	<time>1970-01-01T00:00:00.000Z</time>
</trkpt>
<trkpt lat="46.9278120" lon="3.2266050">
	<ele>179.30</ele>
	<time>1970-01-01T00:00:00.000Z</time>
</trkpt>
<trkpt lat="46.9275330" lon="3.2271220">
	<ele>178.90</ele>
	<time>1970-01-01T00:00:00.000Z</time>
</trkpt>
<trkpt lat="46.9271520" lon="3.2282300">
	<ele>178.10</ele>
	<time>1970-01-01T00:00:00.000Z</time>
</trkpt>
<trkpt lat="46.9266725" lon="3.2303180">
	<ele>178.40</ele>
	<time>1970-01-01T00:00:00.000Z</time>
</trkpt>
<trkpt lat="46.9259232" lon="3.2345898">
	<ele>178.30</ele>
	<time>1970-01-01T00:00:00.000Z</time>
</trkpt>
<trkpt lat="46.9252651" lon="3.2363552">
	<ele>177.50</ele>
	<time>1970-01-01T00:00:00.000Z</time>
</trkpt>
<trkpt lat="46.9243265" lon="3.2373845">
	<ele>179.70</ele>
	<time>1970-01-01T00:00:00.000Z</time>
</trkpt>
<trkpt lat="46.9217333" lon="3.2394307">
	<ele>178.30</ele>
	<time>1970-01-01T00:00:00.000Z</time>
</trkpt>
<trkpt lat="46.9159678" lon="3.2422647">
	<ele>184.90</ele>
	<time>1970-01-01T00:00:00.000Z</time>
</trkpt>
<trkpt lat="46.9150485" lon="3.2428708">
	<ele>184.40</ele>
	<time>1970-01-01T00:00:00.000Z</time>
</trkpt>
<trkpt lat="46.9119065" lon="3.2465902">
	<ele>180.60</ele>
	<time>1970-01-01T00:00:00.000Z</time>
</trkpt>
<trkpt lat="46.9101515" lon="3.2484803">
	<ele>178.40</ele>
	<time>1970-01-01T00:00:00.000Z</time>
</trkpt>
<trkpt lat="46.9088236" lon="3.2494475">
	<ele>177.90</ele>
	<time>1970-01-01T00:00:00.000Z</time>
</trkpt>
<trkpt lat="46.9079478" lon="3.2496137">
	<ele>178.20</ele>
	<time>1970-01-01T00:00:00.000Z</time>
</trkpt>
<trkpt lat="46.9071725" lon="3.2495858">
	<ele>177.80</ele>
	<time>1970-01-01T00:00:00.000Z</time>
</trkpt>
<trkpt lat="46.9061565" lon="3.2490216">
	<ele>178.60</ele>
	<time>1970-01-01T00:00:00.000Z</time>
</trkpt>
<trkpt lat="46.9044163" lon="3.2476012">
	<ele>177.80</ele>
	<time>1970-01-01T00:00:00.000Z</time>
</trkpt>
<trkpt lat="46.9031770" lon="3.2465018">
	<ele>178.30</ele>
	<time>1970-01-01T00:00:00.000Z</time>
</trkpt>
<trkpt lat="46.9025274" lon="3.2461339">
	<ele>178.80</ele>
	<time>1970-01-01T00:00:00.000Z</time>
</trkpt>
<trkpt lat="46.9017097" lon="3.2458844">
	<ele>178.80</ele>
	<time>1970-01-01T00:00:00.000Z</time>
</trkpt>
<trkpt lat="46.9007383" lon="3.2456905">
	<ele>179.10</ele>
	<time>1970-01-01T00:00:00.000Z</time>
</trkpt>
<trkpt lat="46.8977755" lon="3.2458203">
	<ele>179.10</ele>
	<time>1970-01-01T00:00:00.000Z</time>
</trkpt>
<trkpt lat="46.8926901" lon="3.2458366">
	<ele>181.30</ele>
	<time>1970-01-01T00:00:00.000Z</time>
</trkpt>
<trkpt lat="46.8904711" lon="3.2457992">
	<ele>180.40</ele>
	<time>1970-01-01T00:00:00.000Z</time>
</trkpt>
<trkpt lat="46.8896956" lon="3.2460634">
	<ele>181.60</ele>
	<time>1970-01-01T00:00:00.000Z</time>
</trkpt>
<trkpt lat="46.8891360" lon="3.2465108">
	<ele>181.20</ele>
	<time>1970-01-01T00:00:00.000Z</time>
</trkpt>
<trkpt lat="46.8889016" lon="3.2469355">
	<ele>180.50</ele>
	<time>1970-01-01T00:00:00.000Z</time>
</trkpt>
<trkpt lat="46.8886406" lon="3.2478447">
	<ele>179.50</ele>
	<time>1970-01-01T00:00:00.000Z</time>
</trkpt>
<trkpt lat="46.8881029" lon="3.2500353">
	<ele>180.00</ele>
	<time>1970-01-01T00:00:00.000Z</time>
</trkpt>
<trkpt lat="46.8876985" lon="3.2511066">
	<ele>179.90</ele>
	<time>1970-01-01T00:00:00.000Z</time>
</trkpt>
<trkpt lat="46.8873396" lon="3.2518347">
	<ele>180.10</ele>
	<time>1970-01-01T00:00:00.000Z</time>
</trkpt>
<trkpt lat="46.8858656" lon="3.2531829">
	<ele>182.50</ele>
	<time>1970-01-01T00:00:00.000Z</time>
</trkpt>
<trkpt lat="46.8841890" lon="3.2545910">
	<ele>183.80</ele>
	<time>1970-01-01T00:00:00.000Z</time>
</trkpt>
<trkpt lat="46.8825707" lon="3.2565291">
	<ele>181.90</ele>
	<time>1970-01-01T00:00:00.000Z</time>
</trkpt>
<trkpt lat="46.8768820" lon="3.2648834">
	<ele>180.80</ele>
	<time>1970-01-01T00:00:00.000Z</time>
</trkpt>
<trkpt lat="46.8752860" lon="3.2674550">
	<ele>181.70</ele>
	<time>1970-01-01T00:00:00.000Z</time>
</trkpt>
<trkpt lat="46.8715618" lon="3.2733072">
	<ele>180.50</ele>
	<time>1970-01-01T00:00:00.000Z</time>
</trkpt>
<trkpt lat="46.8709347" lon="3.2740683">
	<ele>181.00</ele>
	<time>1970-01-01T00:00:00.000Z</time>
</trkpt>
<trkpt lat="46.8689838" lon="3.2754826">
	<ele>183.00</ele>
	<time>1970-01-01T00:00:00.000Z</time>
</trkpt>
<trkpt lat="46.8686662" lon="3.2757998">
	<ele>183.60</ele>
	<time>1970-01-01T00:00:00.000Z</time>
</trkpt>
<trkpt lat="46.8683265" lon="3.2763563">
	<ele>183.20</ele>
	<time>1970-01-01T00:00:00.000Z</time>
</trkpt>
<trkpt lat="46.8676860" lon="3.2777338">
	<ele>182.20</ele>
	<time>1970-01-01T00:00:00.000Z</time>
</trkpt>
<trkpt lat="46.8656936" lon="3.2822263">
	<ele>183.30</ele>
	<time>1970-01-01T00:00:00.000Z</time>
</trkpt>
<trkpt lat="46.8650314" lon="3.2844065">
	<ele>183.60</ele>
	<time>1970-01-01T00:00:00.000Z</time>
</trkpt>
<trkpt lat="46.8643061" lon="3.2855420">
	<ele>183.00</ele>
	<time>1970-01-01T00:00:00.000Z</time>
</trkpt>
<trkpt lat="46.8629314" lon="3.2872920">
	<ele>184.60</ele>
	<time>1970-01-01T00:00:00.000Z</time>
</trkpt>
<trkpt lat="46.8611308" lon="3.2890223">
	<ele>183.50</ele>
	<time>1970-01-01T00:00:00.000Z</time>
</trkpt>
<trkpt lat="46.8591494" lon="3.2906875">
	<ele>182.70</ele>
	<time>1970-01-01T00:00:00.000Z</time>
</trkpt>
<trkpt lat="46.8573009" lon="3.2915544">
	<ele>182.90</ele>
	<time>1970-01-01T00:00:00.000Z</time>
</trkpt>
<trkpt lat="46.8564157" lon="3.2924671">
	<ele>181.50</ele>
	<time>1970-01-01T00:00:00.000Z</time>
</trkpt>
<trkpt lat="46.8530406" lon="3.2969835">
	<ele>185.10</ele>
	<time>1970-01-01T00:00:00.000Z</time>
</trkpt>
<trkpt lat="46.8522095" lon="3.2982464">
	<ele>183.00</ele>
	<time>1970-01-01T00:00:00.000Z</time>
</trkpt>
<trkpt lat="46.8515145" lon="3.2998399">
	<ele>183.50</ele>
	<time>1970-01-01T00:00:00.000Z</time>
</trkpt>
<trkpt lat="46.8505602" lon="3.3026386">
	<ele>182.50</ele>
	<time>1970-01-01T00:00:00.000Z</time>
</trkpt>
<trkpt lat="46.8485442" lon="3.3082437">
	<ele>185.40</ele>
	<time>1970-01-01T00:00:00.000Z</time>
</trkpt>
<trkpt lat="46.8476624" lon="3.3105998">
	<ele>183.50</ele>
	<time>1970-01-01T00:00:00.000Z</time>
</trkpt>
<trkpt lat="46.8468477" lon="3.3123486">
	<ele>183.50</ele>
	<time>1970-01-01T00:00:00.000Z</time>
</trkpt>
<trkpt lat="46.8451658" lon="3.3153942">
	<ele>183.10</ele>
	<time>1970-01-01T00:00:00.000Z</time>
</trkpt>
<trkpt lat="46.8441006" lon="3.3172630">
	<ele>184.80</ele>
	<time>1970-01-01T00:00:00.000Z</time>
</trkpt>
<trkpt lat="46.8435202" lon="3.3182143">
	<ele>185.70</ele>
	<time>1970-01-01T00:00:00.000Z</time>
</trkpt>
<trkpt lat="46.8427015" lon="3.3192425">
	<ele>183.80</ele>
	<time>1970-01-01T00:00:00.000Z</time>
</trkpt>
<trkpt lat="46.8412095" lon="3.3203360">
	<ele>184.30</ele>
	<time>1970-01-01T00:00:00.000Z</time>
</trkpt>
<trkpt lat="46.8390732" lon="3.3218161">
	<ele>183.90</ele>
	<time>1970-01-01T00:00:00.000Z</time>
</trkpt>
<trkpt lat="46.8382619" lon="3.3222887">
	<ele>185.50</ele>
	<time>1970-01-01T00:00:00.000Z</time>
</trkpt>
<trkpt lat="46.8372489" lon="3.3224909">
	<ele>185.30</ele>
	<time>1970-01-01T00:00:00.000Z</time>
</trkpt>
<trkpt lat="46.8364930" lon="3.3225170">
	<ele>185.80</ele>
	<time>1970-01-01T00:00:00.000Z</time>
</trkpt>
<trkpt lat="46.8357130" lon="3.3226300">
	<ele>186.90</ele>
	<time>1970-01-01T00:00:00.000Z</time>
</trkpt>
<trkpt lat="46.8349930" lon="3.3230080">
	<ele>186.20</ele>
	<time>1970-01-01T00:00:00.000Z</time>
</trkpt>
<trkpt lat="46.8344450" lon="3.3234780">
	<ele>187.40</ele>
	<time>1970-01-01T00:00:00.000Z</time>
</trkpt>
<trkpt lat="46.8341100" lon="3.3238330">
	<ele>187.40</ele>
	<time>1970-01-01T00:00:00.000Z</time>
</trkpt>
<trkpt lat="46.8338170" lon="3.3242430">
	<ele>187.40</ele>
	<time>1970-01-01T00:00:00.000Z</time>
</trkpt>
<trkpt lat="46.8334680" lon="3.3248820">
	<ele>185.50</ele>
	<time>1970-01-01T00:00:00.000Z</time>
</trkpt>
<trkpt lat="46.8332980" lon="3.3252730">
	<ele>185.00</ele>
	<time>1970-01-01T00:00:00.000Z</time>
</trkpt>
<trkpt lat="46.8329570" lon="3.3264580">
	<ele>185.30</ele>
	<time>1970-01-01T00:00:00.000Z</time>
</trkpt>
<trkpt lat="46.8326570" lon="3.3273470">
	<ele>186.00</ele>
	<time>1970-01-01T00:00:00.000Z</time>
</trkpt>
<trkpt lat="46.8310900" lon="3.3306050">
	<ele>187.70</ele>
	<time>1970-01-01T00:00:00.000Z</time>
</trkpt>
<trkpt lat="46.8307500" lon="3.3315480">
	<ele>187.00</ele>
	<time>1970-01-01T00:00:00.000Z</time>
</trkpt>
<trkpt lat="46.8305630" lon="3.3325250">
	<ele>185.90</ele>
	<time>1970-01-01T00:00:00.000Z</time>
</trkpt>
<trkpt lat="46.8304880" lon="3.3333900">
	<ele>185.10</ele>
	<time>1970-01-01T00:00:00.000Z</time>
</trkpt>
<trkpt lat="46.8303520" lon="3.3344130">
	<ele>185.40</ele>
	<time>1970-01-01T00:00:00.000Z</time>
</trkpt>
<trkpt lat="46.8301300" lon="3.3352770">
	<ele>184.90</ele>
	<time>1970-01-01T00:00:00.000Z</time>
</trkpt>
<trkpt lat="46.8298570" lon="3.3360200">
	<ele>184.90</ele>
	<time>1970-01-01T00:00:00.000Z</time>
</trkpt>
<trkpt lat="46.8295920" lon="3.3365070">
	<ele>185.20</ele>
	<time>1970-01-01T00:00:00.000Z</time>
</trkpt>
<trkpt lat="46.8290180" lon="3.3371580">
	<ele>186.00</ele>
	<time>1970-01-01T00:00:00.000Z</time>
</trkpt>
<trkpt lat="46.8272450" lon="3.3383950">
	<ele>189.80</ele>
	<time>1970-01-01T00:00:00.000Z</time>
</trkpt>
<trkpt lat="46.8266480" lon="3.3389120">
	<ele>188.30</ele>
	<time>1970-01-01T00:00:00.000Z</time>
</trkpt>
<trkpt lat="46.8239370" lon="3.3414980">
	<ele>186.90</ele>
	<time>1970-01-01T00:00:00.000Z</time>
</trkpt>
<trkpt lat="46.8216330" lon="3.3437820">
	<ele>186.50</ele>
	<time>1970-01-01T00:00:00.000Z</time>
</trkpt>
<trkpt lat="46.8211850" lon="3.3442880">
	<ele>185.40</ele>
	<time>1970-01-01T00:00:00.000Z</time>
</trkpt>
<trkpt lat="46.8207320" lon="3.3449750">
	<ele>184.90</ele>
	<time>1970-01-01T00:00:00.000Z</time>
</trkpt>
<trkpt lat="46.8195850" lon="3.3474130">
	<ele>185.20</ele>
	<time>1970-01-01T00:00:00.000Z</time>
</trkpt>
<trkpt lat="46.8194570" lon="3.3477400">
	<ele>184.70</ele>
	<time>1970-01-01T00:00:00.000Z</time>
</trkpt>
<trkpt lat="46.8193850" lon="3.3480220">
	<ele>184.70</ele>
	<time>1970-01-01T00:00:00.000Z</time>
</trkpt>
<trkpt lat="46.8193700" lon="3.3483270">
	<ele>184.70</ele>
	<time>1970-01-01T00:00:00.000Z</time>
</trkpt>
<trkpt lat="46.8193630" lon="3.3488480">
	<ele>184.90</ele>
	<time>1970-01-01T00:00:00.000Z</time>
</trkpt>
<trkpt lat="46.8194175" lon="3.3493234">
	<ele>185.00</ele>
	<time>1970-01-01T00:00:00.000Z</time>
</trkpt>
<trkpt lat="46.8195650" lon="3.3498150">
	<ele>184.70</ele>
	<time>1970-01-01T00:00:00.000Z</time>
</trkpt>
<trkpt lat="46.8204650" lon="3.3520750">
	<ele>184.50</ele>
	<time>1970-01-01T00:00:00.000Z</time>
</trkpt>
<trkpt lat="46.8206270" lon="3.3526430">
	<ele>184.30</ele>
	<time>1970-01-01T00:00:00.000Z</time>
</trkpt>
<trkpt lat="46.8206880" lon="3.3535420">
	<ele>185.00</ele>
	<time>1970-01-01T00:00:00.000Z</time>
</trkpt>
<trkpt lat="46.8206470" lon="3.3539720">
	<ele>185.10</ele>
	<time>1970-01-01T00:00:00.000Z</time>
</trkpt>
<trkpt lat="46.8205670" lon="3.3543230">
	<ele>185.40</ele>
	<time>1970-01-01T00:00:00.000Z</time>
</trkpt>
<trkpt lat="46.8202870" lon="3.3550250">
	<ele>185.30</ele>
	<time>1970-01-01T00:00:00.000Z</time>
</trkpt>
<trkpt lat="46.8194680" lon="3.3565350">
	<ele>185.00</ele>
	<time>1970-01-01T00:00:00.000Z</time>
</trkpt>
<trkpt lat="46.8191830" lon="3.3571930">
	<ele>186.50</ele>
	<time>1970-01-01T00:00:00.000Z</time>
</trkpt>
<trkpt lat="46.8189100" lon="3.3576220">
	<ele>186.40</ele>
	<time>1970-01-01T00:00:00.000Z</time>
</trkpt>
<trkpt lat="46.8150570" lon="3.3647280">
	<ele>185.30</ele>
	<time>1970-01-01T00:00:00.000Z</time>
</trkpt>
<trkpt lat="46.8143420" lon="3.3658600">
	<ele>186.50</ele>
	<time>1970-01-01T00:00:00.000Z</time>
</trkpt>
<trkpt lat="46.8141730" lon="3.3663400">
	<ele>186.70</ele>
	<time>1970-01-01T00:00:00.000Z</time>
</trkpt>
<trkpt lat="46.8129180" lon="3.3686530">
	<ele>187.60</ele>
	<time>1970-01-01T00:00:00.000Z</time>
</trkpt>
<trkpt lat="46.8124670" lon="3.3696780">
	<ele>188.10</ele>
	<time>1970-01-01T00:00:00.000Z</time>
</trkpt>
<trkpt lat="46.8119470" lon="3.3703979">
	<ele>188.20</ele>
	<time>1970-01-01T00:00:00.000Z</time>
</trkpt>
<trkpt lat="46.8117400" lon="3.3708380">
	<ele>188.20</ele>
	<time>1970-01-01T00:00:00.000Z</time>
</trkpt>
<trkpt lat="46.8100070" lon="3.3740830">
	<ele>190.70</ele>
	<time>1970-01-01T00:00:00.000Z</time>
</trkpt>
<trkpt lat="46.8098930" lon="3.3744230">
	<ele>191.40</ele>
	<time>1970-01-01T00:00:00.000Z</time>
</trkpt>
<trkpt lat="46.8098400" lon="3.3748630">
	<ele>191.70</ele>
	<time>1970-01-01T00:00:00.000Z</time>
</trkpt>
<trkpt lat="46.8098700" lon="3.3751650">
	<ele>192.10</ele>
	<time>1970-01-01T00:00:00.000Z</time>
</trkpt>
<trkpt lat="46.8099720" lon="3.3755070">
	<ele>192.00</ele>
	<time>1970-01-01T00:00:00.000Z</time>
</trkpt>
<trkpt lat="46.8106845" lon="3.3764619">
	<ele>190.00</ele>
	<time>1970-01-01T00:00:00.000Z</time>
</trkpt>
<trkpt lat="46.8116734" lon="3.3779408">
	<ele>191.60</ele>
	<time>1970-01-01T00:00:00.000Z</time>
</trkpt>
<trkpt lat="46.8122430" lon="3.3786800">
	<ele>189.60</ele>
	<time>1970-01-01T00:00:00.000Z</time>
</trkpt>
<trkpt lat="46.8126420" lon="3.3793630">
	<ele>190.40</ele>
	<time>1970-01-01T00:00:00.000Z</time>
</trkpt>
<trkpt lat="46.8129680" lon="3.3800650">
	<ele>191.00</ele>
	<time>1970-01-01T00:00:00.000Z</time>
</trkpt>
<trkpt lat="46.8132580" lon="3.3809770">
	<ele>190.30</ele>
	<time>1970-01-01T00:00:00.000Z</time>
</trkpt>
<trkpt lat="46.8137753" lon="3.3837819">
	<ele>191.30</ele>
	<time>1970-01-01T00:00:00.000Z</time>
</trkpt>
<trkpt lat="46.8141480" lon="3.3848530">
	<ele>190.80</ele>
	<time>1970-01-01T00:00:00.000Z</time>
</trkpt>
<trkpt lat="46.8149980" lon="3.3870630">
	<ele>190.10</ele>
	<time>1970-01-01T00:00:00.000Z</time>
</trkpt>
<trkpt lat="46.8152270" lon="3.3878930">
	<ele>190.10</ele>
	<time>1970-01-01T00:00:00.000Z</time>
</trkpt>
<trkpt lat="46.8153850" lon="3.3887850">
	<ele>189.70</ele>
	<time>1970-01-01T00:00:00.000Z</time>
</trkpt>
<trkpt lat="46.8157420" lon="3.3930070">
	<ele>191.30</ele>
	<time>1970-01-01T00:00:00.000Z</time>
</trkpt>
<trkpt lat="46.8159020" lon="3.3942250">
	<ele>191.10</ele>
	<time>1970-01-01T00:00:00.000Z</time>
</trkpt>
<trkpt lat="46.8160420" lon="3.3965030">
	<ele>190.90</ele>
	<time>1970-01-01T00:00:00.000Z</time>
</trkpt>
<trkpt lat="46.8161780" lon="3.3980750">
	<ele>192.20</ele>
	<time>1970-01-01T00:00:00.000Z</time>
</trkpt>
<trkpt lat="46.8163570" lon="3.3997100">
	<ele>194.00</ele>
	<time>1970-01-01T00:00:00.000Z</time>
</trkpt>
<trkpt lat="46.8165076" lon="3.4003850">
	<ele>194.20</ele>
	<time>1970-01-01T00:00:00.000Z</time>
</trkpt>
<trkpt lat="46.8166750" lon="3.4008920">
	<ele>193.40</ele>
	<time>1970-01-01T00:00:00.000Z</time>
</trkpt>
<trkpt lat="46.8168670" lon="3.4014120">
	<ele>193.00</ele>
	<time>1970-01-01T00:00:00.000Z</time>
</trkpt>
<trkpt lat="46.8171630" lon="3.4019350">
	<ele>193.30</ele>
	<time>1970-01-01T00:00:00.000Z</time>
</trkpt>
<trkpt lat="46.8174620" lon="3.4023570">
	<ele>193.10</ele>
	<time>1970-01-01T00:00:00.000Z</time>
</trkpt>
<trkpt lat="46.8183430" lon="3.4031970">
	<ele>191.40</ele>
	<time>1970-01-01T00:00:00.000Z</time>
</trkpt>
<trkpt lat="46.8194570" lon="3.4041120">
	<ele>191.50</ele>
	<time>1970-01-01T00:00:00.000Z</time>
</trkpt>
<trkpt lat="46.8199120" lon="3.4046300">
	<ele>191.10</ele>
	<time>1970-01-01T00:00:00.000Z</time>
</trkpt>
<trkpt lat="46.8202000" lon="3.4050830">
	<ele>191.50</ele>
	<time>1970-01-01T00:00:00.000Z</time>
</trkpt>
<trkpt lat="46.8204620" lon="3.4056680">
	<ele>191.10</ele>
	<time>1970-01-01T00:00:00.000Z</time>
</trkpt>
<trkpt lat="46.8207050" lon="3.4065180">
	<ele>190.60</ele>
	<time>1970-01-01T00:00:00.000Z</time>
</trkpt>
<trkpt lat="46.8207633" lon="3.4069038">
	<ele>190.80</ele>
	<time>1970-01-01T00:00:00.000Z</time>
</trkpt>
<trkpt lat="46.8208020" lon="3.4078830">
	<ele>191.60</ele>
	<time>1970-01-01T00:00:00.000Z</time>
</trkpt>
<trkpt lat="46.8205320" lon="3.4110800">
	<ele>191.30</ele>
	<time>1970-01-01T00:00:00.000Z</time>
</trkpt>
<trkpt lat="46.8203680" lon="3.4125650">
	<ele>192.70</ele>
	<time>1970-01-01T00:00:00.000Z</time>
</trkpt>
<trkpt lat="46.8203030" lon="3.4135920">
	<ele>192.90</ele>
	<time>1970-01-01T00:00:00.000Z</time>
</trkpt>
<trkpt lat="46.8201030" lon="3.4152980">
	<ele>190.70</ele>
	<time>1970-01-01T00:00:00.000Z</time>
</trkpt>
<trkpt lat="46.8199700" lon="3.4161400">
	<ele>191.80</ele>
	<time>1970-01-01T00:00:00.000Z</time>
</trkpt>
<trkpt lat="46.8195600" lon="3.4180070">
	<ele>192.00</ele>
	<time>1970-01-01T00:00:00.000Z</time>
</trkpt>
<trkpt lat="46.8195120" lon="3.4189170">
	<ele>191.30</ele>
	<time>1970-01-01T00:00:00.000Z</time>
</trkpt>
<trkpt lat="46.8195550" lon="3.4198900">
	<ele>190.80</ele>
	<time>1970-01-01T00:00:00.000Z</time>
</trkpt>
<trkpt lat="46.8197280" lon="3.4206920">
	<ele>190.10</ele>
	<time>1970-01-01T00:00:00.000Z</time>
</trkpt>
<trkpt lat="46.8201070" lon="3.4220270">
	<ele>190.40</ele>
	<time>1970-01-01T00:00:00.000Z</time>
</trkpt>
<trkpt lat="46.8201380" lon="3.4227850">
	<ele>190.70</ele>
	<time>1970-01-01T00:00:00.000Z</time>
</trkpt>
<trkpt lat="46.8201080" lon="3.4233200">
	<ele>191.40</ele>
	<time>1970-01-01T00:00:00.000Z</time>
</trkpt>
<trkpt lat="46.8199950" lon="3.4239970">
	<ele>192.40</ele>
	<time>1970-01-01T00:00:00.000Z</time>
</trkpt>
<trkpt lat="46.8197020" lon="3.4246750">
	<ele>192.30</ele>
	<time>1970-01-01T00:00:00.000Z</time>
</trkpt>
<trkpt lat="46.8191770" lon="3.4253780">
	<ele>192.40</ele>
	<time>1970-01-01T00:00:00.000Z</time>
</trkpt>
<trkpt lat="46.8188370" lon="3.4259750">
	<ele>191.40</ele>
	<time>1970-01-01T00:00:00.000Z</time>
</trkpt>
<trkpt lat="46.8186550" lon="3.4263630">
	<ele>191.20</ele>
	<time>1970-01-01T00:00:00.000Z</time>
</trkpt>
<trkpt lat="46.8183230" lon="3.4272980">
	<ele>191.30</ele>
	<time>1970-01-01T00:00:00.000Z</time>
</trkpt>
<trkpt lat="46.8182600" lon="3.4275730">
	<ele>191.20</ele>
	<time>1970-01-01T00:00:00.000Z</time>
</trkpt>
<trkpt lat="46.8180100" lon="3.4294070">
	<ele>192.90</ele>
	<time>1970-01-01T00:00:00.000Z</time>
</trkpt>
<trkpt lat="46.8175480" lon="3.4330520">
	<ele>190.80</ele>
	<time>1970-01-01T00:00:00.000Z</time>
</trkpt>
<trkpt lat="46.8177570" lon="3.4353450">
	<ele>193.30</ele>
	<time>1970-01-01T00:00:00.000Z</time>
</trkpt>
<trkpt lat="46.8191300" lon="3.4427370">
	<ele>192.70</ele>
	<time>1970-01-01T00:00:00.000Z</time>
</trkpt>
<trkpt lat="46.8192630" lon="3.4436080">
	<ele>193.20</ele>
	<time>1970-01-01T00:00:00.000Z</time>
</trkpt>
<trkpt lat="46.8195750" lon="3.4452720">
	<ele>192.10</ele>
	<time>1970-01-01T00:00:00.000Z</time>
</trkpt>
<trkpt lat="46.8197130" lon="3.4462930">
	<ele>191.90</ele>
	<time>1970-01-01T00:00:00.000Z</time>
</trkpt>
<trkpt lat="46.8197250" lon="3.4468870">
	<ele>191.40</ele>
	<time>1970-01-01T00:00:00.000Z</time>
</trkpt>
<trkpt lat="46.8196370" lon="3.4478020">
	<ele>192.40</ele>
	<time>1970-01-01T00:00:00.000Z</time>
</trkpt>
<trkpt lat="46.8193034" lon="3.4501315">
	<ele>192.00</ele>
	<time>1970-01-01T00:00:00.000Z</time>
</trkpt>
<trkpt lat="46.8194089" lon="3.4502964">
	<ele>191.00</ele>
	<time>1970-01-01T00:00:00.000Z</time>
</trkpt>
<trkpt lat="46.8193901" lon="3.4507102">
	<ele>191.20</ele>
	<time>1970-01-01T00:00:00.000Z</time>
</trkpt>
<trkpt lat="46.8194635" lon="3.4508389">
	<ele>191.20</ele>
	<time>1970-01-01T00:00:00.000Z</time>
</trkpt>
<trkpt lat="46.8204693" lon="3.4512681">
	<ele>191.10</ele>
	<time>1970-01-01T00:00:00.000Z</time>
</trkpt>
<trkpt lat="46.8205038" lon="3.4514542">
	<ele>191.10</ele>
	<time>1970-01-01T00:00:00.000Z</time>
</trkpt>
<trkpt lat="46.8212920" lon="3.4517100">
	<ele>190.80</ele>
	<time>1970-01-01T00:00:00.000Z</time>
</trkpt>
<trkpt lat="46.8209424" lon="3.4540586">
	<ele>191.20</ele>
	<time>1970-01-01T00:00:00.000Z</time>
</trkpt>
<trkpt lat="46.8231913" lon="3.4546674">
	<ele>191.00</ele>
	<time>1970-01-01T00:00:00.000Z</time>
</trkpt>
<trkpt lat="46.8233336" lon="3.4548249">
	<ele>190.60</ele>
	<time>1970-01-01T00:00:00.000Z</time>
</trkpt>
<trkpt lat="46.8234045" lon="3.4549816">
	<ele>190.70</ele>
	<time>1970-01-01T00:00:00.000Z</time>
</trkpt>
<trkpt lat="46.8232800" lon="3.4563271">
	<ele>189.80</ele>
	<time>1970-01-01T00:00:00.000Z</time>
</trkpt>
<trkpt lat="46.8265781" lon="3.4572817">
	<ele>184.60</ele>
	<time>1970-01-01T00:00:00.000Z</time>
</trkpt>
<trkpt lat="46.8267567" lon="3.4573040">
	<ele>184.50</ele>
	<time>1970-01-01T00:00:00.000Z</time>
</trkpt>
<trkpt lat="46.8271643" lon="3.4572450">
	<ele>184.50</ele>
	<time>1970-01-01T00:00:00.000Z</time>
</trkpt>
<trkpt lat="46.8277269" lon="3.4569753">
	<ele>186.90</ele>
	<time>1970-01-01T00:00:00.000Z</time>
</trkpt>
<trkpt lat="46.8281180" lon="3.4586700">
	<ele>184.80</ele>
	<time>1970-01-01T00:00:00.000Z</time>
</trkpt>
<trkpt lat="46.8282070" lon="3.4588450">
	<ele>190.00</ele>
	<time>1970-01-01T00:00:00.000Z</time>
</trkpt>
<trkpt lat="46.8283080" lon="3.4588630">
	<ele>190.00</ele>
	<time>1970-01-01T00:00:00.000Z</time>
</trkpt>
<trkpt lat="46.8290950" lon="3.4585580">
	<ele>190.10</ele>
	<time>1970-01-01T00:00:00.000Z</time>
</trkpt>
<trkpt lat="46.8293480" lon="3.4585850">
	<ele>190.70</ele>
	<time>1970-01-01T00:00:00.000Z</time>
</trkpt>
<trkpt lat="46.8295470" lon="3.4586900">
	<ele>191.80</ele>
	<time>1970-01-01T00:00:00.000Z</time>
</trkpt>
<trkpt lat="46.8297750" lon="3.4588800">
	<ele>192.20</ele>
	<time>1970-01-01T00:00:00.000Z</time>
</trkpt>
<trkpt lat="46.8300550" lon="3.4593170">
	<ele>192.30</ele>
	<time>1970-01-01T00:00:00.000Z</time>
</trkpt>
<trkpt lat="46.8302230" lon="3.4598720">
	<ele>193.90</ele>
	<time>1970-01-01T00:00:00.000Z</time>
</trkpt>
<trkpt lat="46.8303720" lon="3.4613400">
	<ele>194.40</ele>
	<time>1970-01-01T00:00:00.000Z</time>
</trkpt>
<trkpt lat="46.8303580" lon="3.4616230">
	<ele>193.80</ele>
	<time>1970-01-01T00:00:00.000Z</time>
</trkpt>
<trkpt lat="46.8299170" lon="3.4630930">
	<ele>190.60</ele>
	<time>1970-01-01T00:00:00.000Z</time>
</trkpt>
<trkpt lat="46.8297530" lon="3.4634450">
	<ele>185.90</ele>
	<time>1970-01-01T00:00:00.000Z</time>
</trkpt>
<trkpt lat="46.8295380" lon="3.4637150">
	<ele>186.00</ele>
	<time>1970-01-01T00:00:00.000Z</time>
</trkpt>
<trkpt lat="46.8292480" lon="3.4639700">
	<ele>189.30</ele>
	<time>1970-01-01T00:00:00.000Z</time>
</trkpt>
<trkpt lat="46.8292100" lon="3.4641180">
	<ele>189.30</ele>
	<time>1970-01-01T00:00:00.000Z</time>
</trkpt>
<trkpt lat="46.8299500" lon="3.4657380">
	<ele>188.40</ele>
	<time>1970-01-01T00:00:00.000Z</time>
</trkpt>
<trkpt lat="46.8302961" lon="3.4665845">
	<ele>191.40</ele>
	<time>1970-01-01T00:00:00.000Z</time>
</trkpt>
<trkpt lat="46.8304317" lon="3.4665683">
	<ele>191.30</ele>
	<time>1970-01-01T00:00:00.000Z</time>
</trkpt>
<trkpt lat="46.8305464" lon="3.4664964">
	<ele>191.30</ele>
	<time>1970-01-01T00:00:00.000Z</time>
</trkpt>
<trkpt lat="46.8311852" lon="3.4658250">
	<ele>191.40</ele>
	<time>1970-01-01T00:00:00.000Z</time>
</trkpt>
<trkpt lat="46.8315361" lon="3.4656406">
	<ele>191.00</ele>
	<time>1970-01-01T00:00:00.000Z</time>
</trkpt>
<trkpt lat="46.8317435" lon="3.4656111">
	<ele>191.00</ele>
	<time>1970-01-01T00:00:00.000Z</time>
</trkpt>
<trkpt lat="46.8323951" lon="3.4653147">
	<ele>190.90</ele>
	<time>1970-01-01T00:00:00.000Z</time>
</trkpt>
<trkpt lat="46.8328528" lon="3.4652353">
	<ele>190.50</ele>
	<time>1970-01-01T00:00:00.000Z</time>
</trkpt>
<trkpt lat="46.8332600" lon="3.4652805">
	<ele>190.00</ele>
	<time>1970-01-01T00:00:00.000Z</time>
</trkpt>
<trkpt lat="46.8339800" lon="3.4657930">
	<ele>184.40</ele>
	<time>1970-01-01T00:00:00.000Z</time>
</trkpt>
<trkpt lat="46.8347400" lon="3.4664530">
	<ele>187.90</ele>
	<time>1970-01-01T00:00:00.000Z</time>
</trkpt>
<trkpt lat="46.8351433" lon="3.4666229">
	<ele>191.60</ele>
	<time>1970-01-01T00:00:00.000Z</time>
</trkpt>
<trkpt lat="46.8355250" lon="3.4666930">
	<ele>191.20</ele>
	<time>1970-01-01T00:00:00.000Z</time>
</trkpt>
<trkpt lat="46.8360654" lon="3.4665974">
	<ele>191.00</ele>
	<time>1970-01-01T00:00:00.000Z</time>
</trkpt>
<trkpt lat="46.8366670" lon="3.4700680">
	<ele>190.50</ele>
	<time>1970-01-01T00:00:00.000Z</time>
</trkpt>
<trkpt lat="46.8369449" lon="3.4721004">
	<ele>189.50</ele>
	<time>1970-01-01T00:00:00.000Z</time>
</trkpt>
<trkpt lat="46.8374764" lon="3.4743849">
	<ele>191.70</ele>
	<time>1970-01-01T00:00:00.000Z</time>
</trkpt>
<trkpt lat="46.8394168" lon="3.4858633">
	<ele>191.50</ele>
	<time>1970-01-01T00:00:00.000Z</time>
</trkpt>
<trkpt lat="46.8395320" lon="3.4862020">
	<ele>191.70</ele>
	<time>1970-01-01T00:00:00.000Z</time>
</trkpt>
<trkpt lat="46.8397230" lon="3.4872570">
	<ele>191.40</ele>
	<time>1970-01-01T00:00:00.000Z</time>
</trkpt>
<trkpt lat="46.8402280" lon="3.4905620">
	<ele>191.30</ele>
	<time>1970-01-01T00:00:00.000Z</time>
</trkpt>
<trkpt lat="46.8404026" lon="3.4922062">
	<ele>191.60</ele>
	<time>1970-01-01T00:00:00.000Z</time>
</trkpt>
<trkpt lat="46.8403730" lon="3.4934830">
	<ele>192.40</ele>
	<time>1970-01-01T00:00:00.000Z</time>
</trkpt>
<trkpt lat="46.8401830" lon="3.4949530">
	<ele>192.00</ele>
	<time>1970-01-01T00:00:00.000Z</time>
</trkpt>
<trkpt lat="46.8397607" lon="3.4966255">
	<ele>192.90</ele>
	<time>1970-01-01T00:00:00.000Z</time>
</trkpt>
<trkpt lat="46.8395469" lon="3.4982708">
	<ele>192.20</ele>
	<time>1970-01-01T00:00:00.000Z</time>
</trkpt>
<trkpt lat="46.8396075" lon="3.5001798">
	<ele>191.30</ele>
	<time>1970-01-01T00:00:00.000Z</time>
</trkpt>
<trkpt lat="46.8397680" lon="3.5013062">
	<ele>190.30</ele>
	<time>1970-01-01T00:00:00.000Z</time>
</trkpt>
<trkpt lat="46.8397640" lon="3.5022302">
	<ele>190.30</ele>
	<time>1970-01-01T00:00:00.000Z</time>
</trkpt>
<trkpt lat="46.8396490" lon="3.5033139">
	<ele>190.80</ele>
	<time>1970-01-01T00:00:00.000Z</time>
</trkpt>
<trkpt lat="46.8393972" lon="3.5041352">
	<ele>191.10</ele>
	<time>1970-01-01T00:00:00.000Z</time>
</trkpt>
<trkpt lat="46.8390205" lon="3.5051763">
	<ele>190.90</ele>
	<time>1970-01-01T00:00:00.000Z</time>
</trkpt>
<trkpt lat="46.8387948" lon="3.5063393">
	<ele>191.60</ele>
	<time>1970-01-01T00:00:00.000Z</time>
</trkpt>
<trkpt lat="46.8387356" lon="3.5072628">
	<ele>191.70</ele>
	<time>1970-01-01T00:00:00.000Z</time>
</trkpt>
<trkpt lat="46.8387870" lon="3.5081070">
	<ele>191.90</ele>
	<time>1970-01-01T00:00:00.000Z</time>
</trkpt>
<trkpt lat="46.8393960" lon="3.5122270">
	<ele>192.00</ele>
	<time>1970-01-01T00:00:00.000Z</time>
</trkpt>
<trkpt lat="46.8396129" lon="3.5135138">
	<ele>191.50</ele>
	<time>1970-01-01T00:00:00.000Z</time>
</trkpt>
<trkpt lat="46.8390766" lon="3.5141198">
	<ele>191.40</ele>
	<time>1970-01-01T00:00:00.000Z</time>
</trkpt>
<trkpt lat="46.8380799" lon="3.5153879">
	<ele>190.20</ele>
	<time>1970-01-01T00:00:00.000Z</time>
</trkpt>
<trkpt lat="46.8372372" lon="3.5162964">
	<ele>190.20</ele>
	<time>1970-01-01T00:00:00.000Z</time>
</trkpt>
<trkpt lat="46.8368739" lon="3.5165706">
	<ele>190.60</ele>
	<time>1970-01-01T00:00:00.000Z</time>
</trkpt>
<trkpt lat="46.8365503" lon="3.5164565">
	<ele>190.70</ele>
	<time>1970-01-01T00:00:00.000Z</time>
</trkpt>
<trkpt lat="46.8360372" lon="3.5161461">
	<ele>190.20</ele>
	<time>1970-01-01T00:00:00.000Z</time>
</trkpt>
<trkpt lat="46.8356177" lon="3.5161977">
	<ele>190.30</ele>
	<time>1970-01-01T00:00:00.000Z</time>
</trkpt>
<trkpt lat="46.8342042" lon="3.5168784">
	<ele>193.80</ele>
	<time>1970-01-01T00:00:00.000Z</time>
</trkpt>
<trkpt lat="46.8309058" lon="3.5171802">
	<ele>204.20</ele>
	<time>1970-01-01T00:00:00.000Z</time>
</trkpt>
<trkpt lat="46.8307068" lon="3.5232598">
	<ele>212.00</ele>
	<time>1970-01-01T00:00:00.000Z</time>
</trkpt>
<trkpt lat="46.8297918" lon="3.5232788">
	<ele>215.20</ele>
	<time>1970-01-01T00:00:00.000Z</time>
</trkpt>
<trkpt lat="46.8292774" lon="3.5232460">
	<ele>216.20</ele>
	<time>1970-01-01T00:00:00.000Z</time>
</trkpt>
<trkpt lat="46.8288577" lon="3.5233530">
	<ele>216.70</ele>
	<time>1970-01-01T00:00:00.000Z</time>
</trkpt>
<trkpt lat="46.8259341" lon="3.5250186">
	<ele>218.40</ele>
	<time>1970-01-01T00:00:00.000Z</time>
</trkpt>
<trkpt lat="46.8254751" lon="3.5253751">
	<ele>218.20</ele>
	<time>1970-01-01T00:00:00.000Z</time>
</trkpt>
<trkpt lat="46.8252260" lon="3.5256503">
	<ele>218.30</ele>
	<time>1970-01-01T00:00:00.000Z</time>
</trkpt>
<trkpt lat="46.8249763" lon="3.5260922">
	<ele>218.50</ele>
	<time>1970-01-01T00:00:00.000Z</time>
</trkpt>
<trkpt lat="46.8247460" lon="3.5264232">
	<ele>219.00</ele>
	<time>1970-01-01T00:00:00.000Z</time>
</trkpt>
<trkpt lat="46.8244594" lon="3.5265870">
	<ele>219.10</ele>
	<time>1970-01-01T00:00:00.000Z</time>
</trkpt>
<trkpt lat="46.8217866" lon="3.5275883">
	<ele>221.00</ele>
	<time>1970-01-01T00:00:00.000Z</time>
</trkpt>
<trkpt lat="46.8211945" lon="3.5278602">
	<ele>220.50</ele>
	<time>1970-01-01T00:00:00.000Z</time>
</trkpt>
<trkpt lat="46.8208693" lon="3.5281347">
	<ele>220.40</ele>
	<time>1970-01-01T00:00:00.000Z</time>
</trkpt>
<trkpt lat="46.8205996" lon="3.5287707">
	<ele>220.50</ele>
	<time>1970-01-01T00:00:00.000Z</time>
</trkpt>
<trkpt lat="46.8193064" lon="3.5322840">
	<ele>226.50</ele>
	<time>1970-01-01T00:00:00.000Z</time>
</trkpt>
<trkpt lat="46.8146245" lon="3.5390673">
	<ele>231.70</ele>
	<time>1970-01-01T00:00:00.000Z</time>
</trkpt>
<trkpt lat="46.8134535" lon="3.5408601">
	<ele>233.50</ele>
	<time>1970-01-01T00:00:00.000Z</time>
</trkpt>
<trkpt lat="46.8124945" lon="3.5421552">
	<ele>234.30</ele>
	<time>1970-01-01T00:00:00.000Z</time>
</trkpt>
<trkpt lat="46.8121303" lon="3.5425958">
	<ele>235.00</ele>
	<time>1970-01-01T00:00:00.000Z</time>
</trkpt>
<trkpt lat="46.8106003" lon="3.5437186">
	<ele>234.20</ele>
	<time>1970-01-01T00:00:00.000Z</time>
</trkpt>
<trkpt lat="46.8093961" lon="3.5444560">
	<ele>233.70</ele>
	<time>1970-01-01T00:00:00.000Z</time>
</trkpt>
<trkpt lat="46.8087349" lon="3.5512224">
	<ele>235.00</ele>
	<time>1970-01-01T00:00:00.000Z</time>
</trkpt>
<trkpt lat="46.8071599" lon="3.5497907">
	<ele>235.70</ele>
	<time>1970-01-01T00:00:00.000Z</time>
</trkpt>
<trkpt lat="46.8062294" lon="3.5490874">
	<ele>234.80</ele>
	<time>1970-01-01T00:00:00.000Z</time>
</trkpt>
<trkpt lat="46.8060308" lon="3.5490825">
	<ele>234.60</ele>
	<time>1970-01-01T00:00:00.000Z</time>
</trkpt>
<trkpt lat="46.8058659" lon="3.5504288">
	<ele>234.90</ele>
	<time>1970-01-01T00:00:00.000Z</time>
</trkpt>
<trkpt lat="46.8054541" lon="3.5528412">
	<ele>234.50</ele>
	<time>1970-01-01T00:00:00.000Z</time>
</trkpt>
<trkpt lat="46.8053073" lon="3.5538961">
	<ele>233.40</ele>
	<time>1970-01-01T00:00:00.000Z</time>
</trkpt>
<trkpt lat="46.8050388" lon="3.5542334">
	<ele>233.40</ele>
	<time>1970-01-01T00:00:00.000Z</time>
</trkpt>
<trkpt lat="46.8048366" lon="3.5546685">
	<ele>233.60</ele>
	<time>1970-01-01T00:00:00.000Z</time>
</trkpt>
<trkpt lat="46.8041404" lon="3.5555357">
	<ele>232.10</ele>
	<time>1970-01-01T00:00:00.000Z</time>
</trkpt>
<trkpt lat="46.8039330" lon="3.5558723">
	<ele>231.20</ele>
	<time>1970-01-01T00:00:00.000Z</time>
</trkpt>
<trkpt lat="46.8037782" lon="3.5562970">
	<ele>230.50</ele>
	<time>1970-01-01T00:00:00.000Z</time>
</trkpt>
<trkpt lat="46.8036676" lon="3.5567452">
	<ele>231.10</ele>
	<time>1970-01-01T00:00:00.000Z</time>
</trkpt>
<trkpt lat="46.8035709" lon="3.5577642">
	<ele>230.20</ele>
	<time>1970-01-01T00:00:00.000Z</time>
</trkpt>
<trkpt lat="46.8032805" lon="3.5591820">
	<ele>227.00</ele>
	<time>1970-01-01T00:00:00.000Z</time>
</trkpt>
<trkpt lat="46.8033917" lon="3.5603367">
	<ele>226.70</ele>
	<time>1970-01-01T00:00:00.000Z</time>
</trkpt>
<trkpt lat="46.8031282" lon="3.5613661">
	<ele>227.40</ele>
	<time>1970-01-01T00:00:00.000Z</time>
</trkpt>
<trkpt lat="46.8025304" lon="3.5625256">
	<ele>212.40</ele>
	<time>1970-01-01T00:00:00.000Z</time>
</trkpt>
<trkpt lat="46.8023869" lon="3.5629127">
	<ele>210.90</ele>
	<time>1970-01-01T00:00:00.000Z</time>
</trkpt>
<trkpt lat="46.8023195" lon="3.5635400">
	<ele>207.00</ele>
	<time>1970-01-01T00:00:00.000Z</time>
</trkpt>
<trkpt lat="46.8021507" lon="3.5639268">
	<ele>205.10</ele>
	<time>1970-01-01T00:00:00.000Z</time>
</trkpt>
<trkpt lat="46.8016824" lon="3.5643374">
	<ele>202.00</ele>
	<time>1970-01-01T00:00:00.000Z</time>
</trkpt>
<trkpt lat="46.8010252" lon="3.5652769">
	<ele>198.60</ele>
	<time>1970-01-01T00:00:00.000Z</time>
</trkpt>
<trkpt lat="46.8008063" lon="3.5656570">
	<ele>197.50</ele>
	<time>1970-01-01T00:00:00.000Z</time>
</trkpt>
<trkpt lat="46.8005969" lon="3.5662177">
	<ele>196.40</ele>
	<time>1970-01-01T00:00:00.000Z</time>
</trkpt>
<trkpt lat="46.8002223" lon="3.5677923">
	<ele>195.60</ele>
	<time>1970-01-01T00:00:00.000Z</time>
</trkpt>
<trkpt lat="46.8002110" lon="3.5683872">
	<ele>195.50</ele>
	<time>1970-01-01T00:00:00.000Z</time>
</trkpt>
<trkpt lat="46.7999803" lon="3.5695261">
	<ele>193.80</ele>
	<time>1970-01-01T00:00:00.000Z</time>
</trkpt>
<trkpt lat="46.7998335" lon="3.5700588">
	<ele>194.00</ele>
	<time>1970-01-01T00:00:00.000Z</time>
</trkpt>
<trkpt lat="46.7996261" lon="3.5703116">
	<ele>194.40</ele>
	<time>1970-01-01T00:00:00.000Z</time>
</trkpt>
<trkpt lat="46.7994576" lon="3.5706742">
	<ele>194.20</ele>
	<time>1970-01-01T00:00:00.000Z</time>
</trkpt>
<trkpt lat="46.7993971" lon="3.5710984">
	<ele>193.90</ele>
	<time>1970-01-01T00:00:00.000Z</time>
</trkpt>
<trkpt lat="46.7992783" lon="3.5715222">
	<ele>194.50</ele>
	<time>1970-01-01T00:00:00.000Z</time>
</trkpt>
<trkpt lat="46.7988148" lon="3.5724887">
	<ele>193.50</ele>
	<time>1970-01-01T00:00:00.000Z</time>
</trkpt>
<trkpt lat="46.7983655" lon="3.5739774">
	<ele>193.70</ele>
	<time>1970-01-01T00:00:00.000Z</time>
</trkpt>
<trkpt lat="46.7974258" lon="3.5751451">
	<ele>193.90</ele>
	<time>1970-01-01T00:00:00.000Z</time>
</trkpt>
<trkpt lat="46.7974964" lon="3.5754441">
	<ele>194.10</ele>
	<time>1970-01-01T00:00:00.000Z</time>
</trkpt>
<trkpt lat="46.7968344" lon="3.5757641">
	<ele>194.30</ele>
	<time>1970-01-01T00:00:00.000Z</time>
</trkpt>
<trkpt lat="46.7964014" lon="3.5758811">
	<ele>193.70</ele>
	<time>1970-01-01T00:00:00.000Z</time>
</trkpt>
<trkpt lat="46.7952265" lon="3.5767931">
	<ele>192.90</ele>
	<time>1970-01-01T00:00:00.000Z</time>
</trkpt>
<trkpt lat="46.7945764" lon="3.5774381">
	<ele>191.80</ele>
	<time>1970-01-01T00:00:00.000Z</time>
</trkpt>
<trkpt lat="46.7943024" lon="3.5775261">
	<ele>191.70</ele>
	<time>1970-01-01T00:00:00.000Z</time>
</trkpt>
<trkpt lat="46.7940615" lon="3.5775311">
	<ele>191.60</ele>
	<time>1970-01-01T00:00:00.000Z</time>
</trkpt>
<trkpt lat="46.7935364" lon="3.5773411">
	<ele>192.30</ele>
	<time>1970-01-01T00:00:00.000Z</time>
</trkpt>
<trkpt lat="46.7926375" lon="3.5769331">
	<ele>193.10</ele>
	<time>1970-01-01T00:00:00.000Z</time>
</trkpt>
<trkpt lat="46.7923144" lon="3.5759941">
	<ele>191.80</ele>
	<time>1970-01-01T00:00:00.000Z</time>
</trkpt>
<trkpt lat="46.7919012" lon="3.5745246">
	<ele>193.00</ele>
	<time>1970-01-01T00:00:00.000Z</time>
</trkpt>
<trkpt lat="46.7916102" lon="3.5718374">
	<ele>191.60</ele>
	<time>1970-01-01T00:00:00.000Z</time>
</trkpt>
<trkpt lat="46.7914728" lon="3.5715685">
	<ele>191.70</ele>
	<time>1970-01-01T00:00:00.000Z</time>
</trkpt>
<trkpt lat="46.7912715" lon="3.5714331">
	<ele>191.60</ele>
	<time>1970-01-01T00:00:00.000Z</time>
</trkpt>
<trkpt lat="46.7910794" lon="3.5710841">
	<ele>192.30</ele>
	<time>1970-01-01T00:00:00.000Z</time>
</trkpt>
<trkpt lat="46.7908224" lon="3.5704411">
	<ele>193.30</ele>
	<time>1970-01-01T00:00:00.000Z</time>
</trkpt>
<trkpt lat="46.7908344" lon="3.5699991">
	<ele>194.00</ele>
	<time>1970-01-01T00:00:00.000Z</time>
</trkpt>
<trkpt lat="46.7908094" lon="3.5697061">
	<ele>194.10</ele>
	<time>1970-01-01T00:00:00.000Z</time>
</trkpt>
<trkpt lat="46.7905474" lon="3.5694541">
	<ele>193.90</ele>
	<time>1970-01-01T00:00:00.000Z</time>
</trkpt>
<trkpt lat="46.7900815" lon="3.5691361">
	<ele>193.50</ele>
	<time>1970-01-01T00:00:00.000Z</time>
</trkpt>
<trkpt lat="46.7897195" lon="3.5692741">
	<ele>193.20</ele>
	<time>1970-01-01T00:00:00.000Z</time>
</trkpt>
<trkpt lat="46.7894714" lon="3.5692131">
	<ele>193.00</ele>
	<time>1970-01-01T00:00:00.000Z</time>
</trkpt>
<trkpt lat="46.7885324" lon="3.5687081">
	<ele>192.30</ele>
	<time>1970-01-01T00:00:00.000Z</time>
</trkpt>
<trkpt lat="46.7884665" lon="3.5687391">
	<ele>192.00</ele>
	<time>1970-01-01T00:00:00.000Z</time>
</trkpt>
<trkpt lat="46.7882174" lon="3.5694861">
	<ele>192.20</ele>
	<time>1970-01-01T00:00:00.000Z</time>
</trkpt>
<trkpt lat="46.7881194" lon="3.5696861">
	<ele>192.10</ele>
	<time>1970-01-01T00:00:00.000Z</time>
</trkpt>
<trkpt lat="46.7879464" lon="3.5696931">
	<ele>191.90</ele>
	<time>1970-01-01T00:00:00.000Z</time>
</trkpt>
<trkpt lat="46.7869975" lon="3.5695355">
	<ele>191.50</ele>
	<time>1970-01-01T00:00:00.000Z</time>
</trkpt>
<trkpt lat="46.7855202" lon="3.5698355">
	<ele>191.60</ele>
	<time>1970-01-01T00:00:00.000Z</time>
</trkpt>
<trkpt lat="46.7851285" lon="3.5697829">
	<ele>191.80</ele>
	<time>1970-01-01T00:00:00.000Z</time>
</trkpt>
<trkpt lat="46.7806611" lon="3.5681567">
	<ele>192.10</ele>
	<time>1970-01-01T00:00:00.000Z</time>
</trkpt>
<trkpt lat="46.7805189" lon="3.5687195">
	<ele>191.10</ele>
	<time>1970-01-01T00:00:00.000Z</time>
</trkpt>
<trkpt lat="46.7801466" lon="3.5707686">
	<ele>190.10</ele>
	<time>1970-01-01T00:00:00.000Z</time>
</trkpt>
<trkpt lat="46.7801622" lon="3.5714624">
	<ele>192.90</ele>
	<time>1970-01-01T00:00:00.000Z</time>
</trkpt>
<trkpt lat="46.7803460" lon="3.5728237">
	<ele>195.10</ele>
	<time>1970-01-01T00:00:00.000Z</time>
</trkpt>
<trkpt lat="46.7805824" lon="3.5751012">
	<ele>194.70</ele>
	<time>1970-01-01T00:00:00.000Z</time>
</trkpt>
<trkpt lat="46.7807697" lon="3.5757691">
	<ele>194.70</ele>
	<time>1970-01-01T00:00:00.000Z</time>
</trkpt>
<trkpt lat="46.7812963" lon="3.5771619">
	<ele>193.60</ele>
	<time>1970-01-01T00:00:00.000Z</time>
</trkpt>
<trkpt lat="46.7813894" lon="3.5776067">
	<ele>193.50</ele>
	<time>1970-01-01T00:00:00.000Z</time>
</trkpt>
<trkpt lat="46.7811439" lon="3.5847067">
	<ele>195.70</ele>
	<time>1970-01-01T00:00:00.000Z</time>
</trkpt>
<trkpt lat="46.7812723" lon="3.5848179">
	<ele>195.70</ele>
	<time>1970-01-01T00:00:00.000Z</time>
</trkpt>
<trkpt lat="46.7815392" lon="3.5847844">
	<ele>195.00</ele>
	<time>1970-01-01T00:00:00.000Z</time>
</trkpt>
<trkpt lat="46.7817900" lon="3.5846657">
	<ele>194.80</ele>
	<time>1970-01-01T00:00:00.000Z</time>
</trkpt>
<trkpt lat="46.7824395" lon="3.5848305">
	<ele>194.50</ele>
	<time>1970-01-01T00:00:00.000Z</time>
</trkpt>
<trkpt lat="46.7832385" lon="3.5851304">
	<ele>193.60</ele>
	<time>1970-01-01T00:00:00.000Z</time>
</trkpt>
<trkpt lat="46.7834208" lon="3.5853510">
	<ele>193.70</ele>
	<time>1970-01-01T00:00:00.000Z</time>
</trkpt>
<trkpt lat="46.7835447" lon="3.5855829">
	<ele>194.00</ele>
	<time>1970-01-01T00:00:00.000Z</time>
</trkpt>
<trkpt lat="46.7836091" lon="3.5860206">
	<ele>194.40</ele>
	<time>1970-01-01T00:00:00.000Z</time>
</trkpt>
<trkpt lat="46.7836128" lon="3.5865075">
	<ele>194.00</ele>
	<time>1970-01-01T00:00:00.000Z</time>
</trkpt>
<trkpt lat="46.7837551" lon="3.5868476">
	<ele>193.90</ele>
	<time>1970-01-01T00:00:00.000Z</time>
</trkpt>
<trkpt lat="46.7844068" lon="3.5882021">
	<ele>193.60</ele>
	<time>1970-01-01T00:00:00.000Z</time>
</trkpt>
<trkpt lat="46.7850305" lon="3.5892215">
	<ele>194.30</ele>
	<time>1970-01-01T00:00:00.000Z</time>
</trkpt>
<trkpt lat="46.7855920" lon="3.5903202">
	<ele>193.60</ele>
	<time>1970-01-01T00:00:00.000Z</time>
</trkpt>
<trkpt lat="46.7871016" lon="3.5918541">
	<ele>192.40</ele>
	<time>1970-01-01T00:00:00.000Z</time>
</trkpt>
<trkpt lat="46.7878164" lon="3.5929541">
	<ele>193.70</ele>
	<time>1970-01-01T00:00:00.000Z</time>
</trkpt>
<trkpt lat="46.7880675" lon="3.5938831">
	<ele>194.30</ele>
	<time>1970-01-01T00:00:00.000Z</time>
</trkpt>
<trkpt lat="46.7882064" lon="3.5945541">
	<ele>193.90</ele>
	<time>1970-01-01T00:00:00.000Z</time>
</trkpt>
<trkpt lat="46.7882583" lon="3.5952015">
	<ele>193.70</ele>
	<time>1970-01-01T00:00:00.000Z</time>
</trkpt>
<trkpt lat="46.7881575" lon="3.5971831">
	<ele>196.90</ele>
	<time>1970-01-01T00:00:00.000Z</time>
</trkpt>
<trkpt lat="46.7881575" lon="3.5981041">
	<ele>197.20</ele>
	<time>1970-01-01T00:00:00.000Z</time>
</trkpt>
<trkpt lat="46.7880425" lon="3.5981281">
	<ele>197.10</ele>
	<time>1970-01-01T00:00:00.000Z</time>
</trkpt>
<trkpt lat="46.7878075" lon="3.5980431">
	<ele>196.80</ele>
	<time>1970-01-01T00:00:00.000Z</time>
</trkpt>
<trkpt lat="46.7875365" lon="3.5980861">
	<ele>196.30</ele>
	<time>1970-01-01T00:00:00.000Z</time>
</trkpt>
<trkpt lat="46.7873864" lon="3.5982511">
	<ele>196.70</ele>
	<time>1970-01-01T00:00:00.000Z</time>
</trkpt>
<trkpt lat="46.7870365" lon="3.5991681">
	<ele>197.90</ele>
	<time>1970-01-01T00:00:00.000Z</time>
</trkpt>
<trkpt lat="46.7867964" lon="3.5996511">
	<ele>198.90</ele>
	<time>1970-01-01T00:00:00.000Z</time>
</trkpt>
<trkpt lat="46.7864445" lon="3.6001111">
	<ele>199.60</ele>
	<time>1970-01-01T00:00:00.000Z</time>
</trkpt>
<trkpt lat="46.7859425" lon="3.6006041">
	<ele>198.60</ele>
	<time>1970-01-01T00:00:00.000Z</time>
</trkpt>
<trkpt lat="46.7853975" lon="3.6010091">
	<ele>198.30</ele>
	<time>1970-01-01T00:00:00.000Z</time>
</trkpt>
<trkpt lat="46.7843345" lon="3.6018941">
	<ele>195.90</ele>
	<time>1970-01-01T00:00:00.000Z</time>
</trkpt>
<trkpt lat="46.7827595" lon="3.6030742">
	<ele>196.60</ele>
	<time>1970-01-01T00:00:00.000Z</time>
</trkpt>
<trkpt lat="46.7823315" lon="3.6036062">
	<ele>196.80</ele>
	<time>1970-01-01T00:00:00.000Z</time>
</trkpt>
<trkpt lat="46.7815845" lon="3.6048661">
	<ele>197.10</ele>
	<time>1970-01-01T00:00:00.000Z</time>
</trkpt>
<trkpt lat="46.7806525" lon="3.6062111">
	<ele>197.80</ele>
	<time>1970-01-01T00:00:00.000Z</time>
</trkpt>
<trkpt lat="46.7794095" lon="3.6078441">
	<ele>196.10</ele>
	<time>1970-01-01T00:00:00.000Z</time>
</trkpt>
<trkpt lat="46.7791815" lon="3.6080631">
	<ele>196.20</ele>
	<time>1970-01-01T00:00:00.000Z</time>
</trkpt>
<trkpt lat="46.7789345" lon="3.6081741">
	<ele>196.20</ele>
	<time>1970-01-01T00:00:00.000Z</time>
</trkpt>
<trkpt lat="46.7781265" lon="3.6083731">
	<ele>196.20</ele>
	<time>1970-01-01T00:00:00.000Z</time>
</trkpt>
<trkpt lat="46.7775595" lon="3.6086381">
	<ele>195.90</ele>
	<time>1970-01-01T00:00:00.000Z</time>
</trkpt>
<trkpt lat="46.7773675" lon="3.6089041">
	<ele>196.40</ele>
	<time>1970-01-01T00:00:00.000Z</time>
</trkpt>
<trkpt lat="46.7770065" lon="3.6097482">
	<ele>197.40</ele>
	<time>1970-01-01T00:00:00.000Z</time>
</trkpt>
<trkpt lat="46.7764165" lon="3.6107281">
	<ele>197.60</ele>
	<time>1970-01-01T00:00:00.000Z</time>
</trkpt>
<trkpt lat="46.7760645" lon="3.6111681">
	<ele>198.20</ele>
	<time>1970-01-01T00:00:00.000Z</time>
</trkpt>
<trkpt lat="46.7756825" lon="3.6115411">
	<ele>198.30</ele>
	<time>1970-01-01T00:00:00.000Z</time>
</trkpt>
<trkpt lat="46.7748095" lon="3.6122991">
	<ele>196.20</ele>
	<time>1970-01-01T00:00:00.000Z</time>
</trkpt>
<trkpt lat="46.7745115" lon="3.6124641">
	<ele>196.50</ele>
	<time>1970-01-01T00:00:00.000Z</time>
</trkpt>
<trkpt lat="46.7737765" lon="3.6125041">
	<ele>196.90</ele>
	<time>1970-01-01T00:00:00.000Z</time>
</trkpt>
<trkpt lat="46.7733515" lon="3.6126431">
	<ele>196.30</ele>
	<time>1970-01-01T00:00:00.000Z</time>
</trkpt>
<trkpt lat="46.7725675" lon="3.6129781">
	<ele>195.20</ele>
	<time>1970-01-01T00:00:00.000Z</time>
</trkpt>
<trkpt lat="46.7723475" lon="3.6132091">
	<ele>195.30</ele>
	<time>1970-01-01T00:00:00.000Z</time>
</trkpt>
<trkpt lat="46.7719475" lon="3.6139261">
	<ele>195.90</ele>
	<time>1970-01-01T00:00:00.000Z</time>
</trkpt>
<trkpt lat="46.7717595" lon="3.6141961">
	<ele>196.40</ele>
	<time>1970-01-01T00:00:00.000Z</time>
</trkpt>
<trkpt lat="46.7710365" lon="3.6146581">
	<ele>196.20</ele>
	<time>1970-01-01T00:00:00.000Z</time>
</trkpt>
<trkpt lat="46.7707315" lon="3.6150891">
	<ele>196.10</ele>
	<time>1970-01-01T00:00:00.000Z</time>
</trkpt>
<trkpt lat="46.7705625" lon="3.6155131">
	<ele>195.90</ele>
	<time>1970-01-01T00:00:00.000Z</time>
</trkpt>
<trkpt lat="46.7701294" lon="3.6160441">
	<ele>195.50</ele>
	<time>1970-01-01T00:00:00.000Z</time>
</trkpt>
<trkpt lat="46.7698525" lon="3.6166662">
	<ele>195.80</ele>
	<time>1970-01-01T00:00:00.000Z</time>
</trkpt>
<trkpt lat="46.7692075" lon="3.6184761">
	<ele>197.20</ele>
	<time>1970-01-01T00:00:00.000Z</time>
</trkpt>
<trkpt lat="46.7687765" lon="3.6195061">
	<ele>196.70</ele>
	<time>1970-01-01T00:00:00.000Z</time>
</trkpt>
<trkpt lat="46.7684484" lon="3.6201517">
	<ele>196.30</ele>
	<time>1970-01-01T00:00:00.000Z</time>
</trkpt>
<trkpt lat="46.7679225" lon="3.6208591">
	<ele>196.70</ele>
	<time>1970-01-01T00:00:00.000Z</time>
</trkpt>
<trkpt lat="46.7676325" lon="3.6211641">
	<ele>196.70</ele>
	<time>1970-01-01T00:00:00.000Z</time>
</trkpt>
<trkpt lat="46.7669165" lon="3.6216191">
	<ele>197.60</ele>
	<time>1970-01-01T00:00:00.000Z</time>
</trkpt>
<trkpt lat="46.7666375" lon="3.6219131">
	<ele>198.30</ele>
	<time>1970-01-01T00:00:00.000Z</time>
</trkpt>
<trkpt lat="46.7664025" lon="3.6223212">
	<ele>198.90</ele>
	<time>1970-01-01T00:00:00.000Z</time>
</trkpt>
<trkpt lat="46.7662295" lon="3.6226991">
	<ele>199.40</ele>
	<time>1970-01-01T00:00:00.000Z</time>
</trkpt>
<trkpt lat="46.7659965" lon="3.6234741">
	<ele>198.60</ele>
	<time>1970-01-01T00:00:00.000Z</time>
</trkpt>
<trkpt lat="46.7658945" lon="3.6240091">
	<ele>198.80</ele>
	<time>1970-01-01T00:00:00.000Z</time>
</trkpt>
<trkpt lat="46.7658125" lon="3.6252262">
	<ele>198.50</ele>
	<time>1970-01-01T00:00:00.000Z</time>
</trkpt>
<trkpt lat="46.7657195" lon="3.6256532">
	<ele>198.90</ele>
	<time>1970-01-01T00:00:00.000Z</time>
</trkpt>
<trkpt lat="46.7653475" lon="3.6263862">
	<ele>199.40</ele>
	<time>1970-01-01T00:00:00.000Z</time>
</trkpt>
<trkpt lat="46.7648075" lon="3.6264361">
	<ele>199.70</ele>
	<time>1970-01-01T00:00:00.000Z</time>
</trkpt>
<trkpt lat="46.7646715" lon="3.6265231">
	<ele>199.50</ele>
	<time>1970-01-01T00:00:00.000Z</time>
</trkpt>
<trkpt lat="46.7644245" lon="3.6268912">
	<ele>199.50</ele>
	<time>1970-01-01T00:00:00.000Z</time>
</trkpt>
<trkpt lat="46.7630825" lon="3.6291591">
	<ele>199.10</ele>
	<time>1970-01-01T00:00:00.000Z</time>
</trkpt>
<trkpt lat="46.7627675" lon="3.6295741">
	<ele>198.80</ele>
	<time>1970-01-01T00:00:00.000Z</time>
</trkpt>
<trkpt lat="46.7625245" lon="3.6297781">
	<ele>198.50</ele>
	<time>1970-01-01T00:00:00.000Z</time>
</trkpt>
<trkpt lat="46.7623025" lon="3.6297692">
	<ele>197.90</ele>
	<time>1970-01-01T00:00:00.000Z</time>
</trkpt>
<trkpt lat="46.7615265" lon="3.6291242">
	<ele>196.40</ele>
	<time>1970-01-01T00:00:00.000Z</time>
</trkpt>
<trkpt lat="46.7612195" lon="3.6290062">
	<ele>196.20</ele>
	<time>1970-01-01T00:00:00.000Z</time>
</trkpt>
<trkpt lat="46.7603475" lon="3.6288512">
	<ele>196.40</ele>
	<time>1970-01-01T00:00:00.000Z</time>
</trkpt>
<trkpt lat="46.7595395" lon="3.6285231">
	<ele>195.80</ele>
	<time>1970-01-01T00:00:00.000Z</time>
</trkpt>
<trkpt lat="46.7552965" lon="3.6265962">
	<ele>199.20</ele>
	<time>1970-01-01T00:00:00.000Z</time>
</trkpt>
<trkpt lat="46.7547365" lon="3.6266642">
	<ele>198.20</ele>
	<time>1970-01-01T00:00:00.000Z</time>
</trkpt>
<trkpt lat="46.7543723" lon="3.6268456">
	<ele>196.60</ele>
	<time>1970-01-01T00:00:00.000Z</time>
</trkpt>
<trkpt lat="46.7538141" lon="3.6278796">
	<ele>194.60</ele>
	<time>1970-01-01T00:00:00.000Z</time>
</trkpt>
<trkpt lat="46.7530845" lon="3.6286691">
	<ele>196.00</ele>
	<time>1970-01-01T00:00:00.000Z</time>
</trkpt>
<trkpt lat="46.7527983" lon="3.6289215">
	<ele>193.80</ele>
	<time>1970-01-01T00:00:00.000Z</time>
</trkpt>
<trkpt lat="46.7522610" lon="3.6295808">
	<ele>193.70</ele>
	<time>1970-01-01T00:00:00.000Z</time>
</trkpt>
<trkpt lat="46.7520795" lon="3.6300712">
	<ele>195.40</ele>
	<time>1970-01-01T00:00:00.000Z</time>
</trkpt>
<trkpt lat="46.7517745" lon="3.6306681">
	<ele>196.00</ele>
	<time>1970-01-01T00:00:00.000Z</time>
</trkpt>
<trkpt lat="46.7516045" lon="3.6312311">
	<ele>196.90</ele>
	<time>1970-01-01T00:00:00.000Z</time>
</trkpt>
<trkpt lat="46.7512445" lon="3.6316781">
	<ele>197.70</ele>
	<time>1970-01-01T00:00:00.000Z</time>
</trkpt>
<trkpt lat="46.7508045" lon="3.6324162">
	<ele>198.40</ele>
	<time>1970-01-01T00:00:00.000Z</time>
</trkpt>
<trkpt lat="46.7494790" lon="3.6329314">
	<ele>200.00</ele>
	<time>1970-01-01T00:00:00.000Z</time>
</trkpt>
<trkpt lat="46.7489829" lon="3.6330365">
	<ele>200.20</ele>
	<time>1970-01-01T00:00:00.000Z</time>
</trkpt>
<trkpt lat="46.7486022" lon="3.6329488">
	<ele>199.30</ele>
	<time>1970-01-01T00:00:00.000Z</time>
</trkpt>
<trkpt lat="46.7481271" lon="3.6326938">
	<ele>199.30</ele>
	<time>1970-01-01T00:00:00.000Z</time>
</trkpt>
<trkpt lat="46.7474443" lon="3.6320759">
	<ele>198.60</ele>
	<time>1970-01-01T00:00:00.000Z</time>
</trkpt>
<trkpt lat="46.7472922" lon="3.6320186">
	<ele>198.00</ele>
	<time>1970-01-01T00:00:00.000Z</time>
</trkpt>
<trkpt lat="46.7467748" lon="3.6325394">
	<ele>198.10</ele>
	<time>1970-01-01T00:00:00.000Z</time>
</trkpt>
<trkpt lat="46.7462964" lon="3.6328665">
	<ele>198.20</ele>
	<time>1970-01-01T00:00:00.000Z</time>
</trkpt>
<trkpt lat="46.7457595" lon="3.6334703">
	<ele>198.00</ele>
	<time>1970-01-01T00:00:00.000Z</time>
</trkpt>
<trkpt lat="46.7451470" lon="3.6339345">
	<ele>197.00</ele>
	<time>1970-01-01T00:00:00.000Z</time>
</trkpt>
<trkpt lat="46.7445736" lon="3.6342327">
	<ele>197.50</ele>
	<time>1970-01-01T00:00:00.000Z</time>
</trkpt>
<trkpt lat="46.7443248" lon="3.6344239">
	<ele>198.00</ele>
	<time>1970-01-01T00:00:00.000Z</time>
</trkpt>
<trkpt lat="46.7441898" lon="3.6346996">
	<ele>198.00</ele>
	<time>1970-01-01T00:00:00.000Z</time>
</trkpt>
<trkpt lat="46.7438776" lon="3.6360268">
	<ele>195.90</ele>
	<time>1970-01-01T00:00:00.000Z</time>
</trkpt>
<trkpt lat="46.7436645" lon="3.6366342">
	<ele>196.30</ele>
	<time>1970-01-01T00:00:00.000Z</time>
</trkpt>
<trkpt lat="46.7433181" lon="3.6372401">
	<ele>196.80</ele>
	<time>1970-01-01T00:00:00.000Z</time>
</trkpt>
<trkpt lat="46.7428966" lon="3.6376233">
	<ele>197.70</ele>
	<time>1970-01-01T00:00:00.000Z</time>
</trkpt>
<trkpt lat="46.7426282" lon="3.6379251">
	<ele>197.80</ele>
	<time>1970-01-01T00:00:00.000Z</time>
</trkpt>
<trkpt lat="46.7422069" lon="3.6382806">
	<ele>197.10</ele>
	<time>1970-01-01T00:00:00.000Z</time>
</trkpt>
<trkpt lat="46.7419001" lon="3.6386096">
	<ele>197.50</ele>
	<time>1970-01-01T00:00:00.000Z</time>
</trkpt>
<trkpt lat="46.7415926" lon="3.6390774">
	<ele>198.00</ele>
	<time>1970-01-01T00:00:00.000Z</time>
</trkpt>
<trkpt lat="46.7413056" lon="3.6392680">
	<ele>198.00</ele>
	<time>1970-01-01T00:00:00.000Z</time>
</trkpt>
<trkpt lat="46.7410945" lon="3.6395428">
	<ele>197.70</ele>
	<time>1970-01-01T00:00:00.000Z</time>
</trkpt>
<trkpt lat="46.7410540" lon="3.6399582">
	<ele>197.40</ele>
	<time>1970-01-01T00:00:00.000Z</time>
</trkpt>
<trkpt lat="46.7411087" lon="3.6404024">
	<ele>197.30</ele>
	<time>1970-01-01T00:00:00.000Z</time>
</trkpt>
<trkpt lat="46.7415391" lon="3.6418214">
	<ele>196.40</ele>
	<time>1970-01-01T00:00:00.000Z</time>
</trkpt>
<trkpt lat="46.7416315" lon="3.6423631">
	<ele>196.50</ele>
	<time>1970-01-01T00:00:00.000Z</time>
</trkpt>
<trkpt lat="46.7416414" lon="3.6439851">
	<ele>196.60</ele>
	<time>1970-01-01T00:00:00.000Z</time>
</trkpt>
<trkpt lat="46.7417720" lon="3.6444857">
	<ele>196.60</ele>
	<time>1970-01-01T00:00:00.000Z</time>
</trkpt>
<trkpt lat="46.7422995" lon="3.6455732">
	<ele>196.50</ele>
	<time>1970-01-01T00:00:00.000Z</time>
</trkpt>
<trkpt lat="46.7425838" lon="3.6458539">
	<ele>196.60</ele>
	<time>1970-01-01T00:00:00.000Z</time>
</trkpt>
<trkpt lat="46.7428515" lon="3.6462482">
	<ele>196.80</ele>
	<time>1970-01-01T00:00:00.000Z</time>
</trkpt>
<trkpt lat="46.7429405" lon="3.6468284">
	<ele>197.10</ele>
	<time>1970-01-01T00:00:00.000Z</time>
</trkpt>
<trkpt lat="46.7430116" lon="3.6477442">
	<ele>196.80</ele>
	<time>1970-01-01T00:00:00.000Z</time>
</trkpt>
<trkpt lat="46.7431425" lon="3.6481894">
	<ele>196.60</ele>
	<time>1970-01-01T00:00:00.000Z</time>
</trkpt>
<trkpt lat="46.7435766" lon="3.6489432">
	<ele>197.10</ele>
	<time>1970-01-01T00:00:00.000Z</time>
</trkpt>
<trkpt lat="46.7436840" lon="3.6498719">
	<ele>199.10</ele>
	<time>1970-01-01T00:00:00.000Z</time>
</trkpt>
<trkpt lat="46.7436615" lon="3.6499712">
	<ele>198.90</ele>
	<time>1970-01-01T00:00:00.000Z</time>
</trkpt>
<trkpt lat="46.7317660" lon="3.6410829">
	<ele>200.07</ele>
	<time>1970-01-01T00:00:00.000Z</time>
</trkpt>
<trkpt lat="46.7318425" lon="3.6416462">
	<ele>196.70</ele>
	<time>1970-01-01T00:00:00.000Z</time>
</trkpt>
<trkpt lat="46.7317145" lon="3.6423712">
	<ele>197.20</ele>
	<time>1970-01-01T00:00:00.000Z</time>
</trkpt>
<trkpt lat="46.7315377" lon="3.6429563">
	<ele>196.90</ele>
	<time>1970-01-01T00:00:00.000Z</time>
</trkpt>
<trkpt lat="46.7279397" lon="3.6525404">
	<ele>198.10</ele>
	<time>1970-01-01T00:00:00.000Z</time>
</trkpt>
<trkpt lat="46.7274154" lon="3.6536584">
	<ele>197.10</ele>
	<time>1970-01-01T00:00:00.000Z</time>
</trkpt>
<trkpt lat="46.7261328" lon="3.6558706">
	<ele>198.70</ele>
	<time>1970-01-01T00:00:00.000Z</time>
</trkpt>
<trkpt lat="46.7251875" lon="3.6577113">
	<ele>198.40</ele>
	<time>1970-01-01T00:00:00.000Z</time>
</trkpt>
<trkpt lat="46.7247178" lon="3.6596581">
	<ele>198.60</ele>
	<time>1970-01-01T00:00:00.000Z</time>
</trkpt>
<trkpt lat="46.7243825" lon="3.6619062">
	<ele>197.90</ele>
	<time>1970-01-01T00:00:00.000Z</time>
</trkpt>
<trkpt lat="46.7242631" lon="3.6643828">
	<ele>199.30</ele>
	<time>1970-01-01T00:00:00.000Z</time>
</trkpt>
<trkpt lat="46.7244925" lon="3.6692342">
	<ele>199.80</ele>
	<time>1970-01-01T00:00:00.000Z</time>
</trkpt>
<trkpt lat="46.7246776" lon="3.6760792">
	<ele>202.60</ele>
	<time>1970-01-01T00:00:00.000Z</time>
</trkpt>
<trkpt lat="46.7247186" lon="3.6764558">
	<ele>203.20</ele>
	<time>1970-01-01T00:00:00.000Z</time>
</trkpt>
<trkpt lat="46.7249687" lon="3.6773618">
	<ele>206.50</ele>
	<time>1970-01-01T00:00:00.000Z</time>
</trkpt>
<trkpt lat="46.7242125" lon="3.6786832">
	<ele>208.10</ele>
	<time>1970-01-01T00:00:00.000Z</time>
</trkpt>
<trkpt lat="46.7239095" lon="3.6790882">
	<ele>209.30</ele>
	<time>1970-01-01T00:00:00.000Z</time>
</trkpt>
<trkpt lat="46.7229944" lon="3.6800546">
	<ele>216.70</ele>
	<time>1970-01-01T00:00:00.000Z</time>
</trkpt>
<trkpt lat="46.7225695" lon="3.6804042">
	<ele>218.40</ele>
	<time>1970-01-01T00:00:00.000Z</time>
</trkpt>
<trkpt lat="46.7221016" lon="3.6807142">
	<ele>219.80</ele>
	<time>1970-01-01T00:00:00.000Z</time>
</trkpt>
<trkpt lat="46.7219551" lon="3.6809279">
	<ele>221.20</ele>
	<time>1970-01-01T00:00:00.000Z</time>
</trkpt>
<trkpt lat="46.7217625" lon="3.6824532">
	<ele>225.90</ele>
	<time>1970-01-01T00:00:00.000Z</time>
</trkpt>
<trkpt lat="46.7215396" lon="3.6832882">
	<ele>227.70</ele>
	<time>1970-01-01T00:00:00.000Z</time>
</trkpt>
<trkpt lat="46.7215449" lon="3.6835872">
	<ele>228.50</ele>
	<time>1970-01-01T00:00:00.000Z</time>
</trkpt>
<trkpt lat="46.7216840" lon="3.6844512">
	<ele>230.40</ele>
	<time>1970-01-01T00:00:00.000Z</time>
</trkpt>
<trkpt lat="46.7216566" lon="3.6851392">
	<ele>231.90</ele>
	<time>1970-01-01T00:00:00.000Z</time>
</trkpt>
<trkpt lat="46.7214045" lon="3.6865932">
	<ele>232.00</ele>
	<time>1970-01-01T00:00:00.000Z</time>
</trkpt>
<trkpt lat="46.7212730" lon="3.6868745">
	<ele>231.90</ele>
	<time>1970-01-01T00:00:00.000Z</time>
</trkpt>
<trkpt lat="46.7200681" lon="3.6872202">
	<ele>234.90</ele>
	<time>1970-01-01T00:00:00.000Z</time>
</trkpt>
<trkpt lat="46.7195915" lon="3.6872663">
	<ele>236.40</ele>
	<time>1970-01-01T00:00:00.000Z</time>
</trkpt>
<trkpt lat="46.7192902" lon="3.6872008">
	<ele>236.90</ele>
	<time>1970-01-01T00:00:00.000Z</time>
</trkpt>
<trkpt lat="46.7179245" lon="3.6871882">
	<ele>239.40</ele>
	<time>1970-01-01T00:00:00.000Z</time>
</trkpt>
<trkpt lat="46.7167126" lon="3.6873315">
	<ele>239.30</ele>
	<time>1970-01-01T00:00:00.000Z</time>
</trkpt>
<trkpt lat="46.7161182" lon="3.6876678">
	<ele>238.50</ele>
	<time>1970-01-01T00:00:00.000Z</time>
</trkpt>
<trkpt lat="46.7157296" lon="3.6879413">
	<ele>238.30</ele>
	<time>1970-01-01T00:00:00.000Z</time>
</trkpt>
<trkpt lat="46.7147705" lon="3.6881803">
	<ele>236.30</ele>
	<time>1970-01-01T00:00:00.000Z</time>
</trkpt>
<trkpt lat="46.7140125" lon="3.6892432">
	<ele>235.70</ele>
	<time>1970-01-01T00:00:00.000Z</time>
</trkpt>
<trkpt lat="46.7133732" lon="3.6898593">
	<ele>235.30</ele>
	<time>1970-01-01T00:00:00.000Z</time>
</trkpt>
<trkpt lat="46.7123766" lon="3.6909294">
	<ele>235.10</ele>
	<time>1970-01-01T00:00:00.000Z</time>
</trkpt>
<trkpt lat="46.7117536" lon="3.6914208">
	<ele>236.00</ele>
	<time>1970-01-01T00:00:00.000Z</time>
</trkpt>
<trkpt lat="46.7112101" lon="3.6919925">
	<ele>233.00</ele>
	<time>1970-01-01T00:00:00.000Z</time>
</trkpt>
<trkpt lat="46.7105601" lon="3.6921812">
	<ele>228.70</ele>
	<time>1970-01-01T00:00:00.000Z</time>
</trkpt>
<trkpt lat="46.7103203" lon="3.6923602">
	<ele>228.10</ele>
	<time>1970-01-01T00:00:00.000Z</time>
</trkpt>
<trkpt lat="46.7101946" lon="3.6927583">
	<ele>225.80</ele>
	<time>1970-01-01T00:00:00.000Z</time>
</trkpt>
<trkpt lat="46.7081895" lon="3.6962993">
	<ele>237.70</ele>
	<time>1970-01-01T00:00:00.000Z</time>
</trkpt>
<trkpt lat="46.7059096" lon="3.6985612">
	<ele>246.80</ele>
	<time>1970-01-01T00:00:00.000Z</time>
</trkpt>
<trkpt lat="46.7048876" lon="3.6993282">
	<ele>247.50</ele>
	<time>1970-01-01T00:00:00.000Z</time>
</trkpt>
<trkpt lat="46.7029175" lon="3.7011068">
	<ele>244.30</ele>
	<time>1970-01-01T00:00:00.000Z</time>
</trkpt>
<trkpt lat="46.7015116" lon="3.7025492">
	<ele>243.40</ele>
	<time>1970-01-01T00:00:00.000Z</time>
</trkpt>
<trkpt lat="46.7010374" lon="3.7031785">
	<ele>241.90</ele>
	<time>1970-01-01T00:00:00.000Z</time>
</trkpt>
<trkpt lat="46.7007124" lon="3.7037425">
	<ele>242.70</ele>
	<time>1970-01-01T00:00:00.000Z</time>
</trkpt>
<trkpt lat="46.7004903" lon="3.7043610">
	<ele>244.00</ele>
	<time>1970-01-01T00:00:00.000Z</time>
</trkpt>
<trkpt lat="46.7003894" lon="3.7055185">
	<ele>248.20</ele>
	<time>1970-01-01T00:00:00.000Z</time>
</trkpt>
<trkpt lat="46.7002568" lon="3.7065397">
	<ele>251.80</ele>
	<time>1970-01-01T00:00:00.000Z</time>
</trkpt>
<trkpt lat="46.7000215" lon="3.7078483">
	<ele>251.20</ele>
	<time>1970-01-01T00:00:00.000Z</time>
</trkpt>
<trkpt lat="46.6998331" lon="3.7086307">
	<ele>249.50</ele>
	<time>1970-01-01T00:00:00.000Z</time>
</trkpt>
<trkpt lat="46.6995126" lon="3.7095043">
	<ele>249.20</ele>
	<time>1970-01-01T00:00:00.000Z</time>
</trkpt>
<trkpt lat="46.6989966" lon="3.7104483">
	<ele>250.00</ele>
	<time>1970-01-01T00:00:00.000Z</time>
</trkpt>
<trkpt lat="46.6984658" lon="3.7111695">
	<ele>253.10</ele>
	<time>1970-01-01T00:00:00.000Z</time>
</trkpt>
<trkpt lat="46.6978990" lon="3.7122004">
	<ele>254.50</ele>
	<time>1970-01-01T00:00:00.000Z</time>
</trkpt>
<trkpt lat="46.6973676" lon="3.7133942">
	<ele>252.30</ele>
	<time>1970-01-01T00:00:00.000Z</time>
</trkpt>
<trkpt lat="46.6970440" lon="3.7142581">
	<ele>248.50</ele>
	<time>1970-01-01T00:00:00.000Z</time>
</trkpt>
<trkpt lat="46.6964700" lon="3.7150407">
	<ele>246.80</ele>
	<time>1970-01-01T00:00:00.000Z</time>
</trkpt>
<trkpt lat="46.6960026" lon="3.7159783">
	<ele>247.70</ele>
	<time>1970-01-01T00:00:00.000Z</time>
</trkpt>
<trkpt lat="46.6954505" lon="3.7173374">
	<ele>253.60</ele>
	<time>1970-01-01T00:00:00.000Z</time>
</trkpt>
<trkpt lat="46.6950566" lon="3.7181763">
	<ele>256.20</ele>
	<time>1970-01-01T00:00:00.000Z</time>
</trkpt>
<trkpt lat="46.6946279" lon="3.7187983">
	<ele>257.10</ele>
	<time>1970-01-01T00:00:00.000Z</time>
</trkpt>
<trkpt lat="46.6935430" lon="3.7197456">
	<ele>258.40</ele>
	<time>1970-01-01T00:00:00.000Z</time>
</trkpt>
<trkpt lat="46.6912976" lon="3.7220583">
	<ele>255.90</ele>
	<time>1970-01-01T00:00:00.000Z</time>
</trkpt>
<trkpt lat="46.6910039" lon="3.7222864">
	<ele>254.80</ele>
	<time>1970-01-01T00:00:00.000Z</time>
</trkpt>
<trkpt lat="46.6907765" lon="3.7226043">
	<ele>253.80</ele>
	<time>1970-01-01T00:00:00.000Z</time>
</trkpt>
<trkpt lat="46.6905792" lon="3.7229722">
	<ele>253.00</ele>
	<time>1970-01-01T00:00:00.000Z</time>
</trkpt>
<trkpt lat="46.6903666" lon="3.7235985">
	<ele>252.10</ele>
	<time>1970-01-01T00:00:00.000Z</time>
</trkpt>
<trkpt lat="46.6899536" lon="3.7258543">
	<ele>256.00</ele>
	<time>1970-01-01T00:00:00.000Z</time>
</trkpt>
<trkpt lat="46.6894446" lon="3.7277433">
	<ele>258.30</ele>
	<time>1970-01-01T00:00:00.000Z</time>
</trkpt>
<trkpt lat="46.6889907" lon="3.7290129">
	<ele>259.60</ele>
	<time>1970-01-01T00:00:00.000Z</time>
</trkpt>
<trkpt lat="46.6888710" lon="3.7294699">
	<ele>259.10</ele>
	<time>1970-01-01T00:00:00.000Z</time>
</trkpt>
<trkpt lat="46.6888039" lon="3.7299193">
	<ele>258.20</ele>
	<time>1970-01-01T00:00:00.000Z</time>
</trkpt>
<trkpt lat="46.6891257" lon="3.7339458">
	<ele>260.10</ele>
	<time>1970-01-01T00:00:00.000Z</time>
</trkpt>
<trkpt lat="46.6888166" lon="3.7361713">
	<ele>251.50</ele>
	<time>1970-01-01T00:00:00.000Z</time>
</trkpt>
<trkpt lat="46.6885769" lon="3.7375174">
	<ele>255.60</ele>
	<time>1970-01-01T00:00:00.000Z</time>
</trkpt>
<trkpt lat="46.6882469" lon="3.7381718">
	<ele>257.90</ele>
	<time>1970-01-01T00:00:00.000Z</time>
</trkpt>
<trkpt lat="46.6868866" lon="3.7403763">
	<ele>262.80</ele>
	<time>1970-01-01T00:00:00.000Z</time>
</trkpt>
<trkpt lat="46.6862476" lon="3.7415613">
	<ele>265.50</ele>
	<time>1970-01-01T00:00:00.000Z</time>
</trkpt>
<trkpt lat="46.6847876" lon="3.7447013">
	<ele>262.40</ele>
	<time>1970-01-01T00:00:00.000Z</time>
</trkpt>
<trkpt lat="46.6836207" lon="3.7474135">
	<ele>256.40</ele>
	<time>1970-01-01T00:00:00.000Z</time>
</trkpt>
<trkpt lat="46.6831416" lon="3.7492943">
	<ele>257.10</ele>
	<time>1970-01-01T00:00:00.000Z</time>
</trkpt>
<trkpt lat="46.6829676" lon="3.7498013">
	<ele>257.50</ele>
	<time>1970-01-01T00:00:00.000Z</time>
</trkpt>
<trkpt lat="46.6825013" lon="3.7505694">
	<ele>258.20</ele>
	<time>1970-01-01T00:00:00.000Z</time>
</trkpt>
<trkpt lat="46.6822216" lon="3.7512583">
	<ele>258.00</ele>
	<time>1970-01-01T00:00:00.000Z</time>
</trkpt>
<trkpt lat="46.6819176" lon="3.7517983">
	<ele>257.20</ele>
	<time>1970-01-01T00:00:00.000Z</time>
</trkpt>
<trkpt lat="46.6813023" lon="3.7526406">
	<ele>256.70</ele>
	<time>1970-01-01T00:00:00.000Z</time>
</trkpt>
<trkpt lat="46.6811109" lon="3.7530090">
	<ele>257.70</ele>
	<time>1970-01-01T00:00:00.000Z</time>
</trkpt>
<trkpt lat="46.6808896" lon="3.7537783">
	<ele>261.40</ele>
	<time>1970-01-01T00:00:00.000Z</time>
</trkpt>
<trkpt lat="46.6805966" lon="3.7545813">
	<ele>263.10</ele>
	<time>1970-01-01T00:00:00.000Z</time>
</trkpt>
<trkpt lat="46.6801993" lon="3.7553525">
	<ele>264.60</ele>
	<time>1970-01-01T00:00:00.000Z</time>
</trkpt>
<trkpt lat="46.6794896" lon="3.7563086">
	<ele>266.20</ele>
	<time>1970-01-01T00:00:00.000Z</time>
</trkpt>
<trkpt lat="46.6791016" lon="3.7567763">
	<ele>265.10</ele>
	<time>1970-01-01T00:00:00.000Z</time>
</trkpt>
<trkpt lat="46.6788218" lon="3.7569996">
	<ele>264.70</ele>
	<time>1970-01-01T00:00:00.000Z</time>
</trkpt>
<trkpt lat="46.6752466" lon="3.7593183">
	<ele>252.80</ele>
	<time>1970-01-01T00:00:00.000Z</time>
</trkpt>
<trkpt lat="46.6747226" lon="3.7594233">
	<ele>249.60</ele>
	<time>1970-01-01T00:00:00.000Z</time>
</trkpt>
<trkpt lat="46.6737057" lon="3.7594995">
	<ele>250.50</ele>
	<time>1970-01-01T00:00:00.000Z</time>
</trkpt>
<trkpt lat="46.6732499" lon="3.7596146">
	<ele>251.70</ele>
	<time>1970-01-01T00:00:00.000Z</time>
</trkpt>
<trkpt lat="46.6715248" lon="3.7602319">
	<ele>247.20</ele>
	<time>1970-01-01T00:00:00.000Z</time>
</trkpt>
<trkpt lat="46.6710396" lon="3.7602793">
	<ele>246.60</ele>
	<time>1970-01-01T00:00:00.000Z</time>
</trkpt>
<trkpt lat="46.6698366" lon="3.7602983">
	<ele>247.40</ele>
	<time>1970-01-01T00:00:00.000Z</time>
</trkpt>
<trkpt lat="46.6685866" lon="3.7601133">
	<ele>248.50</ele>
	<time>1970-01-01T00:00:00.000Z</time>
</trkpt>
<trkpt lat="46.6682003" lon="3.7599885">
	<ele>248.70</ele>
	<time>1970-01-01T00:00:00.000Z</time>
</trkpt>
<trkpt lat="46.6677539" lon="3.7600023">
	<ele>250.00</ele>
	<time>1970-01-01T00:00:00.000Z</time>
</trkpt>
<trkpt lat="46.6669876" lon="3.7601563">
	<ele>251.80</ele>
	<time>1970-01-01T00:00:00.000Z</time>
</trkpt>
<trkpt lat="46.6656776" lon="3.7605193">
	<ele>250.50</ele>
	<time>1970-01-01T00:00:00.000Z</time>
</trkpt>
<trkpt lat="46.6653580" lon="3.7606458">
	<ele>249.00</ele>
	<time>1970-01-01T00:00:00.000Z</time>
</trkpt>
<trkpt lat="46.6618296" lon="3.7628243">
	<ele>232.70</ele>
	<time>1970-01-01T00:00:00.000Z</time>
</trkpt>
<trkpt lat="46.6616306" lon="3.7630165">
	<ele>232.80</ele>
	<time>1970-01-01T00:00:00.000Z</time>
</trkpt>
<trkpt lat="46.6606146" lon="3.7648714">
	<ele>239.30</ele>
	<time>1970-01-01T00:00:00.000Z</time>
</trkpt>
<trkpt lat="46.6603696" lon="3.7651093">
	<ele>240.80</ele>
	<time>1970-01-01T00:00:00.000Z</time>
</trkpt>
<trkpt lat="46.6600309" lon="3.7652302">
	<ele>244.60</ele>
	<time>1970-01-01T00:00:00.000Z</time>
</trkpt>
<trkpt lat="46.6594232" lon="3.7653423">
	<ele>248.20</ele>
	<time>1970-01-01T00:00:00.000Z</time>
</trkpt>
<trkpt lat="46.6585247" lon="3.7654263">
	<ele>254.10</ele>
	<time>1970-01-01T00:00:00.000Z</time>
</trkpt>
<trkpt lat="46.6577876" lon="3.7654563">
	<ele>259.60</ele>
	<time>1970-01-01T00:00:00.000Z</time>
</trkpt>
<trkpt lat="46.6567426" lon="3.7653554">
	<ele>258.70</ele>
	<time>1970-01-01T00:00:00.000Z</time>
</trkpt>
<trkpt lat="46.6564597" lon="3.7654088">
	<ele>258.60</ele>
	<time>1970-01-01T00:00:00.000Z</time>
</trkpt>
<trkpt lat="46.6558196" lon="3.7662784">
	<ele>253.80</ele>
	<time>1970-01-01T00:00:00.000Z</time>
</trkpt>
<trkpt lat="46.6550716" lon="3.7670043">
	<ele>246.80</ele>
	<time>1970-01-01T00:00:00.000Z</time>
</trkpt>
<trkpt lat="46.6546536" lon="3.7678835">
	<ele>241.00</ele>
	<time>1970-01-01T00:00:00.000Z</time>
</trkpt>
<trkpt lat="46.6541646" lon="3.7691883">
	<ele>236.10</ele>
	<time>1970-01-01T00:00:00.000Z</time>
</trkpt>
<trkpt lat="46.6539502" lon="3.7694439">
	<ele>234.70</ele>
	<time>1970-01-01T00:00:00.000Z</time>
</trkpt>
<trkpt lat="46.6537596" lon="3.7695294">
	<ele>233.20</ele>
	<time>1970-01-01T00:00:00.000Z</time>
</trkpt>
<trkpt lat="46.6531322" lon="3.7695795">
	<ele>231.50</ele>
	<time>1970-01-01T00:00:00.000Z</time>
</trkpt>
<trkpt lat="46.6517413" lon="3.7693370">
	<ele>226.10</ele>
	<time>1970-01-01T00:00:00.000Z</time>
</trkpt>
<trkpt lat="46.6513823" lon="3.7693577">
	<ele>223.90</ele>
	<time>1970-01-01T00:00:00.000Z</time>
</trkpt>
<trkpt lat="46.6510167" lon="3.7694434">
	<ele>222.80</ele>
	<time>1970-01-01T00:00:00.000Z</time>
</trkpt>
<trkpt lat="46.6488693" lon="3.7693020">
	<ele>218.20</ele>
	<time>1970-01-01T00:00:00.000Z</time>
</trkpt>
<trkpt lat="46.6487397" lon="3.7692010">
	<ele>218.00</ele>
	<time>1970-01-01T00:00:00.000Z</time>
</trkpt>
<trkpt lat="46.6482707" lon="3.7684986">
	<ele>217.90</ele>
	<time>1970-01-01T00:00:00.000Z</time>
</trkpt>
<trkpt lat="46.6466376" lon="3.7657543">
	<ele>217.80</ele>
	<time>1970-01-01T00:00:00.000Z</time>
</trkpt>
<trkpt lat="46.6464533" lon="3.7652266">
	<ele>217.40</ele>
	<time>1970-01-01T00:00:00.000Z</time>
</trkpt>
<trkpt lat="46.6460316" lon="3.7635794">
	<ele>217.90</ele>
	<time>1970-01-01T00:00:00.000Z</time>
</trkpt>
<trkpt lat="46.6450146" lon="3.7601514">
	<ele>217.00</ele>
	<time>1970-01-01T00:00:00.000Z</time>
</trkpt>
<trkpt lat="46.6447467" lon="3.7593944">
	<ele>217.20</ele>
	<time>1970-01-01T00:00:00.000Z</time>
</trkpt>
<trkpt lat="46.6439526" lon="3.7562884">
	<ele>216.70</ele>
	<time>1970-01-01T00:00:00.000Z</time>
</trkpt>
<trkpt lat="46.6438166" lon="3.7558643">
	<ele>216.90</ele>
	<time>1970-01-01T00:00:00.000Z</time>
</trkpt>
<trkpt lat="46.6434377" lon="3.7551163">
	<ele>217.50</ele>
	<time>1970-01-01T00:00:00.000Z</time>
</trkpt>
<trkpt lat="46.6432991" lon="3.7547187">
	<ele>217.50</ele>
	<time>1970-01-01T00:00:00.000Z</time>
</trkpt>
<trkpt lat="46.6432326" lon="3.7543864">
	<ele>216.80</ele>
	<time>1970-01-01T00:00:00.000Z</time>
</trkpt>
<trkpt lat="46.6431476" lon="3.7536434">
	<ele>215.70</ele>
	<time>1970-01-01T00:00:00.000Z</time>
</trkpt>
<trkpt lat="46.6430296" lon="3.7532534">
	<ele>214.70</ele>
	<time>1970-01-01T00:00:00.000Z</time>
</trkpt>
<trkpt lat="46.6421501" lon="3.7509790">
	<ele>214.80</ele>
	<time>1970-01-01T00:00:00.000Z</time>
</trkpt>
<trkpt lat="46.6393528" lon="3.7532325">
	<ele>215.90</ele>
	<time>1970-01-01T00:00:00.000Z</time>
</trkpt>
<trkpt lat="46.6387946" lon="3.7534483">
	<ele>217.50</ele>
	<time>1970-01-01T00:00:00.000Z</time>
</trkpt>
<trkpt lat="46.6385846" lon="3.7534333">
	<ele>218.10</ele>
	<time>1970-01-01T00:00:00.000Z</time>
</trkpt>
<trkpt lat="46.6365816" lon="3.7519533">
	<ele>233.60</ele>
	<time>1970-01-01T00:00:00.000Z</time>
</trkpt>
<trkpt lat="46.6359246" lon="3.7516434">
	<ele>236.50</ele>
	<time>1970-01-01T00:00:00.000Z</time>
</trkpt>
<trkpt lat="46.6353029" lon="3.7515179">
	<ele>238.80</ele>
	<time>1970-01-01T00:00:00.000Z</time>
</trkpt>
<trkpt lat="46.6346426" lon="3.7515490">
	<ele>239.70</ele>
	<time>1970-01-01T00:00:00.000Z</time>
</trkpt>
<trkpt lat="46.6336716" lon="3.7516934">
	<ele>241.60</ele>
	<time>1970-01-01T00:00:00.000Z</time>
</trkpt>
<trkpt lat="46.6328839" lon="3.7518667">
	<ele>243.60</ele>
	<time>1970-01-01T00:00:00.000Z</time>
</trkpt>
<trkpt lat="46.6326672" lon="3.7519669">
	<ele>243.50</ele>
	<time>1970-01-01T00:00:00.000Z</time>
</trkpt>
<trkpt lat="46.6321645" lon="3.7524555">
	<ele>246.80</ele>
	<time>1970-01-01T00:00:00.000Z</time>
</trkpt>
<trkpt lat="46.6313520" lon="3.7535461">
	<ele>252.90</ele>
	<time>1970-01-01T00:00:00.000Z</time>
</trkpt>
<trkpt lat="46.6310576" lon="3.7543244">
	<ele>253.30</ele>
	<time>1970-01-01T00:00:00.000Z</time>
</trkpt>
<trkpt lat="46.6303546" lon="3.7559644">
	<ele>254.50</ele>
	<time>1970-01-01T00:00:00.000Z</time>
</trkpt>
<trkpt lat="46.6301142" lon="3.7563389">
	<ele>254.40</ele>
	<time>1970-01-01T00:00:00.000Z</time>
</trkpt>
<trkpt lat="46.6293447" lon="3.7571464">
	<ele>253.80</ele>
	<time>1970-01-01T00:00:00.000Z</time>
</trkpt>
<trkpt lat="46.6290217" lon="3.7563503">
	<ele>252.20</ele>
	<time>1970-01-01T00:00:00.000Z</time>
</trkpt>
<trkpt lat="46.6283334" lon="3.7549678">
	<ele>248.80</ele>
	<time>1970-01-01T00:00:00.000Z</time>
</trkpt>
<trkpt lat="46.6265770" lon="3.7534152">
	<ele>245.00</ele>
	<time>1970-01-01T00:00:00.000Z</time>
</trkpt>
<trkpt lat="46.6255226" lon="3.7526584">
	<ele>241.90</ele>
	<time>1970-01-01T00:00:00.000Z</time>
</trkpt>
<trkpt lat="46.6254846" lon="3.7525134">
	<ele>241.90</ele>
	<time>1970-01-01T00:00:00.000Z</time>
</trkpt>
<trkpt lat="46.6255976" lon="3.7520534">
	<ele>242.10</ele>
	<time>1970-01-01T00:00:00.000Z</time>
</trkpt>
<trkpt lat="46.6255844" lon="3.7519026">
	<ele>242.00</ele>
	<time>1970-01-01T00:00:00.000Z</time>
</trkpt>
<trkpt lat="46.6250626" lon="3.7515384">
	<ele>240.50</ele>
	<time>1970-01-01T00:00:00.000Z</time>
</trkpt>
<trkpt lat="46.6247731" lon="3.7514004">
	<ele>238.90</ele>
	<time>1970-01-01T00:00:00.000Z</time>
</trkpt>
<trkpt lat="46.6236174" lon="3.7516870">
	<ele>235.10</ele>
	<time>1970-01-01T00:00:00.000Z</time>
</trkpt>
<trkpt lat="46.6223126" lon="3.7519234">
	<ele>229.90</ele>
	<time>1970-01-01T00:00:00.000Z</time>
</trkpt>
<trkpt lat="46.6200692" lon="3.7528448">
	<ele>223.60</ele>
	<time>1970-01-01T00:00:00.000Z</time>
</trkpt>
<trkpt lat="46.6189396" lon="3.7533914">
	<ele>230.40</ele>
	<time>1970-01-01T00:00:00.000Z</time>
</trkpt>
<trkpt lat="46.6184691" lon="3.7536735">
	<ele>234.30</ele>
	<time>1970-01-01T00:00:00.000Z</time>
</trkpt>
<trkpt lat="46.6176896" lon="3.7542244">
	<ele>239.00</ele>
	<time>1970-01-01T00:00:00.000Z</time>
</trkpt>
<trkpt lat="46.6165376" lon="3.7548894">
	<ele>240.90</ele>
	<time>1970-01-01T00:00:00.000Z</time>
</trkpt>
<trkpt lat="46.6164017" lon="3.7548019">
	<ele>240.50</ele>
	<time>1970-01-01T00:00:00.000Z</time>
</trkpt>
<trkpt lat="46.6162396" lon="3.7544864">
	<ele>239.40</ele>
	<time>1970-01-01T00:00:00.000Z</time>
</trkpt>
<trkpt lat="46.6149166" lon="3.7516764">
	<ele>232.90</ele>
	<time>1970-01-01T00:00:00.000Z</time>
</trkpt>
<trkpt lat="46.6142776" lon="3.7502364">
	<ele>231.40</ele>
	<time>1970-01-01T00:00:00.000Z</time>
</trkpt>
<trkpt lat="46.6135216" lon="3.7487914">
	<ele>228.30</ele>
	<time>1970-01-01T00:00:00.000Z</time>
</trkpt>
<trkpt lat="46.6129096" lon="3.7471034">
	<ele>226.40</ele>
	<time>1970-01-01T00:00:00.000Z</time>
</trkpt>
<trkpt lat="46.6127524" lon="3.7465825">
	<ele>225.60</ele>
	<time>1970-01-01T00:00:00.000Z</time>
</trkpt>
<trkpt lat="46.6127508" lon="3.7462408">
	<ele>225.10</ele>
	<time>1970-01-01T00:00:00.000Z</time>
</trkpt>
<trkpt lat="46.6127976" lon="3.7457084">
	<ele>224.90</ele>
	<time>1970-01-01T00:00:00.000Z</time>
</trkpt>
<trkpt lat="46.6126966" lon="3.7443394">
	<ele>223.20</ele>
	<time>1970-01-01T00:00:00.000Z</time>
</trkpt>
<trkpt lat="46.6125876" lon="3.7439045">
	<ele>222.50</ele>
	<time>1970-01-01T00:00:00.000Z</time>
</trkpt>
<trkpt lat="46.6121770" lon="3.7431482">
	<ele>220.70</ele>
	<time>1970-01-01T00:00:00.000Z</time>
</trkpt>
<trkpt lat="46.6119096" lon="3.7433064">
	<ele>220.40</ele>
	<time>1970-01-01T00:00:00.000Z</time>
</trkpt>
<trkpt lat="46.6116557" lon="3.7432918">
	<ele>220.10</ele>
	<time>1970-01-01T00:00:00.000Z</time>
</trkpt>
<trkpt lat="46.6115500" lon="3.7432243">
	<ele>219.80</ele>
	<time>1970-01-01T00:00:00.000Z</time>
</trkpt>
<trkpt lat="46.6110096" lon="3.7434194">
	<ele>219.40</ele>
	<time>1970-01-01T00:00:00.000Z</time>
</trkpt>
<trkpt lat="46.6051196" lon="3.7457234">
	<ele>222.90</ele>
	<time>1970-01-01T00:00:00.000Z</time>
</trkpt>
<trkpt lat="46.6040866" lon="3.7459315">
	<ele>223.50</ele>
	<time>1970-01-01T00:00:00.000Z</time>
</trkpt>
<trkpt lat="46.6034796" lon="3.7459714">
	<ele>225.20</ele>
	<time>1970-01-01T00:00:00.000Z</time>
</trkpt>
<trkpt lat="46.5981808" lon="3.7457817">
	<ele>225.90</ele>
	<time>1970-01-01T00:00:00.000Z</time>
</trkpt>
<trkpt lat="46.5948066" lon="3.7456132">
	<ele>223.20</ele>
	<time>1970-01-01T00:00:00.000Z</time>
</trkpt>
<trkpt lat="46.5943566" lon="3.7456515">
	<ele>224.70</ele>
	<time>1970-01-01T00:00:00.000Z</time>
</trkpt>
<trkpt lat="46.5937434" lon="3.7456098">
	<ele>225.40</ele>
	<time>1970-01-01T00:00:00.000Z</time>
</trkpt>
<trkpt lat="46.5936619" lon="3.7456833">
	<ele>225.50</ele>
	<time>1970-01-01T00:00:00.000Z</time>
</trkpt>
<trkpt lat="46.5935771" lon="3.7458466">
	<ele>226.00</ele>
	<time>1970-01-01T00:00:00.000Z</time>
</trkpt>
<trkpt lat="46.5934693" lon="3.7459405">
	<ele>226.00</ele>
	<time>1970-01-01T00:00:00.000Z</time>
</trkpt>
<trkpt lat="46.5930330" lon="3.7459068">
	<ele>226.30</ele>
	<time>1970-01-01T00:00:00.000Z</time>
</trkpt>
<trkpt lat="46.5928921" lon="3.7458085">
	<ele>226.50</ele>
	<time>1970-01-01T00:00:00.000Z</time>
</trkpt>
<trkpt lat="46.5927778" lon="3.7456021">
	<ele>226.00</ele>
	<time>1970-01-01T00:00:00.000Z</time>
</trkpt>
<trkpt lat="46.5925416" lon="3.7455714">
	<ele>226.60</ele>
	<time>1970-01-01T00:00:00.000Z</time>
</trkpt>
<trkpt lat="46.5913076" lon="3.7455945">
	<ele>226.80</ele>
	<time>1970-01-01T00:00:00.000Z</time>
</trkpt>
<trkpt lat="46.5904478" lon="3.7454889">
	<ele>225.10</ele>
	<time>1970-01-01T00:00:00.000Z</time>
</trkpt>
<trkpt lat="46.5898746" lon="3.7455114">
	<ele>225.60</ele>
	<time>1970-01-01T00:00:00.000Z</time>
</trkpt>
<trkpt lat="46.5876128" lon="3.7453815">
	<ele>228.20</ele>
	<time>1970-01-01T00:00:00.000Z</time>
</trkpt>
<trkpt lat="46.5803663" lon="3.7450868">
	<ele>221.30</ele>
	<time>1970-01-01T00:00:00.000Z</time>
</trkpt>
<trkpt lat="46.5787458" lon="3.7450910">
	<ele>224.50</ele>
	<time>1970-01-01T00:00:00.000Z</time>
</trkpt>
<trkpt lat="46.5778283" lon="3.7451581">
	<ele>229.00</ele>
	<time>1970-01-01T00:00:00.000Z</time>
</trkpt>
<trkpt lat="46.5747820" lon="3.7455290">
	<ele>231.20</ele>
	<time>1970-01-01T00:00:00.000Z</time>
</trkpt>
<trkpt lat="46.5737674" lon="3.7455870">
	<ele>230.10</ele>
	<time>1970-01-01T00:00:00.000Z</time>
</trkpt>
<trkpt lat="46.5733545" lon="3.7456623">
	<ele>230.00</ele>
	<time>1970-01-01T00:00:00.000Z</time>
</trkpt>
<trkpt lat="46.5729132" lon="3.7458496">
	<ele>231.10</ele>
	<time>1970-01-01T00:00:00.000Z</time>
</trkpt>
<trkpt lat="46.5725279" lon="3.7460806">
	<ele>231.20</ele>
	<time>1970-01-01T00:00:00.000Z</time>
</trkpt>
<trkpt lat="46.5720229" lon="3.7464667">
	<ele>231.00</ele>
	<time>1970-01-01T00:00:00.000Z</time>
</trkpt>
<trkpt lat="46.5700366" lon="3.7485385">
	<ele>229.60</ele>
	<time>1970-01-01T00:00:00.000Z</time>
</trkpt>
<trkpt lat="46.5690356" lon="3.7492820">
	<ele>229.70</ele>
	<time>1970-01-01T00:00:00.000Z</time>
</trkpt>
<trkpt lat="46.5684526" lon="3.7496435">
	<ele>230.00</ele>
	<time>1970-01-01T00:00:00.000Z</time>
</trkpt>
<trkpt lat="46.5676416" lon="3.7498795">
	<ele>230.20</ele>
	<time>1970-01-01T00:00:00.000Z</time>
</trkpt>
<trkpt lat="46.5665847" lon="3.7498823">
	<ele>231.30</ele>
	<time>1970-01-01T00:00:00.000Z</time>
</trkpt>
<trkpt lat="46.5655705" lon="3.7496074">
	<ele>231.20</ele>
	<time>1970-01-01T00:00:00.000Z</time>
</trkpt>
<trkpt lat="46.5653958" lon="3.7495185">
	<ele>229.90</ele>
	<time>1970-01-01T00:00:00.000Z</time>
</trkpt>
<trkpt lat="46.5508126" lon="3.7416835">
	<ele>221.20</ele>
	<time>1970-01-01T00:00:00.000Z</time>
</trkpt>
<trkpt lat="46.5503476" lon="3.7415236">
	<ele>222.20</ele>
	<time>1970-01-01T00:00:00.000Z</time>
</trkpt>
<trkpt lat="46.5498976" lon="3.7414216">
	<ele>221.20</ele>
	<time>1970-01-01T00:00:00.000Z</time>
</trkpt>
<trkpt lat="46.5491746" lon="3.7413796">
	<ele>221.20</ele>
	<time>1970-01-01T00:00:00.000Z</time>
</trkpt>
<trkpt lat="46.5487621" lon="3.7414395">
	<ele>220.20</ele>
	<time>1970-01-01T00:00:00.000Z</time>
</trkpt>
<trkpt lat="46.5480715" lon="3.7416268">
	<ele>219.10</ele>
	<time>1970-01-01T00:00:00.000Z</time>
</trkpt>
<trkpt lat="46.5474256" lon="3.7420144">
	<ele>221.50</ele>
	<time>1970-01-01T00:00:00.000Z</time>
</trkpt>
<trkpt lat="46.5466346" lon="3.7427835">
	<ele>221.80</ele>
	<time>1970-01-01T00:00:00.000Z</time>
</trkpt>
<trkpt lat="46.5426396" lon="3.7470065">
	<ele>218.10</ele>
	<time>1970-01-01T00:00:00.000Z</time>
</trkpt>
<trkpt lat="46.5413102" lon="3.7486558">
	<ele>216.70</ele>
	<time>1970-01-01T00:00:00.000Z</time>
</trkpt>
<trkpt lat="46.5400796" lon="3.7503496">
	<ele>217.50</ele>
	<time>1970-01-01T00:00:00.000Z</time>
</trkpt>
<trkpt lat="46.5398768" lon="3.7507122">
	<ele>217.20</ele>
	<time>1970-01-01T00:00:00.000Z</time>
</trkpt>
<trkpt lat="46.5396396" lon="3.7512636">
	<ele>217.40</ele>
	<time>1970-01-01T00:00:00.000Z</time>
</trkpt>
<trkpt lat="46.5394855" lon="3.7517150">
	<ele>218.50</ele>
	<time>1970-01-01T00:00:00.000Z</time>
</trkpt>
<trkpt lat="46.5391902" lon="3.7530807">
	<ele>218.20</ele>
	<time>1970-01-01T00:00:00.000Z</time>
</trkpt>
<trkpt lat="46.5392001" lon="3.7544501">
	<ele>216.80</ele>
	<time>1970-01-01T00:00:00.000Z</time>
</trkpt>
<trkpt lat="46.5394285" lon="3.7598410">
	<ele>220.50</ele>
	<time>1970-01-01T00:00:00.000Z</time>
</trkpt>
<trkpt lat="46.5393540" lon="3.7601685">
	<ele>220.00</ele>
	<time>1970-01-01T00:00:00.000Z</time>
</trkpt>
<trkpt lat="46.5392070" lon="3.7603280">
	<ele>218.70</ele>
	<time>1970-01-01T00:00:00.000Z</time>
</trkpt>
<trkpt lat="46.5365410" lon="3.7607129">
	<ele>217.40</ele>
	<time>1970-01-01T00:00:00.000Z</time>
</trkpt>
<trkpt lat="46.5364707" lon="3.7608309">
	<ele>217.40</ele>
	<time>1970-01-01T00:00:00.000Z</time>
</trkpt>
<trkpt lat="46.5365014" lon="3.7613356">
	<ele>218.60</ele>
	<time>1970-01-01T00:00:00.000Z</time>
</trkpt>
<trkpt lat="46.5366155" lon="3.7620974">
	<ele>218.20</ele>
	<time>1970-01-01T00:00:00.000Z</time>
</trkpt>
<trkpt lat="46.5366129" lon="3.7623020">
	<ele>219.80</ele>
	<time>1970-01-01T00:00:00.000Z</time>
</trkpt>
<trkpt lat="46.5364685" lon="3.7630314">
	<ele>219.30</ele>
	<time>1970-01-01T00:00:00.000Z</time>
</trkpt>
<trkpt lat="46.5364623" lon="3.7635257">
	<ele>219.10</ele>
	<time>1970-01-01T00:00:00.000Z</time>
</trkpt>
<trkpt lat="46.5363876" lon="3.7638477">
	<ele>219.30</ele>
	<time>1970-01-01T00:00:00.000Z</time>
</trkpt>
<trkpt lat="46.5362171" lon="3.7643120">
	<ele>219.70</ele>
	<time>1970-01-01T00:00:00.000Z</time>
</trkpt>
<trkpt lat="46.5348821" lon="3.7661440">
	<ele>220.80</ele>
	<time>1970-01-01T00:00:00.000Z</time>
</trkpt>
<trkpt lat="46.5342384" lon="3.7668090">
	<ele>221.30</ele>
	<time>1970-01-01T00:00:00.000Z</time>
</trkpt>
<trkpt lat="46.5337926" lon="3.7671724">
	<ele>222.20</ele>
	<time>1970-01-01T00:00:00.000Z</time>
</trkpt>
<trkpt lat="46.5323514" lon="3.7680892">
	<ele>220.90</ele>
	<time>1970-01-01T00:00:00.000Z</time>
</trkpt>
<trkpt lat="46.5320530" lon="3.7684308">
	<ele>219.80</ele>
	<time>1970-01-01T00:00:00.000Z</time>
</trkpt>
<trkpt lat="46.5313211" lon="3.7690850">
	<ele>220.20</ele>
	<time>1970-01-01T00:00:00.000Z</time>
</trkpt>
<trkpt lat="46.5263239" lon="3.7743997">
	<ele>219.80</ele>
	<time>1970-01-01T00:00:00.000Z</time>
</trkpt>
<trkpt lat="46.5254231" lon="3.7753902">
	<ele>220.40</ele>
	<time>1970-01-01T00:00:00.000Z</time>
</trkpt>
<trkpt lat="46.5253450" lon="3.7755160">
	<ele>219.90</ele>
	<time>1970-01-01T00:00:00.000Z</time>
</trkpt>
<trkpt lat="46.5252803" lon="3.7755143">
	<ele>220.30</ele>
	<time>1970-01-01T00:00:00.000Z</time>
</trkpt>
<trkpt lat="46.5249648" lon="3.7758042">
	<ele>220.50</ele>
	<time>1970-01-01T00:00:00.000Z</time>
</trkpt>
<trkpt lat="46.5248209" lon="3.7760221">
	<ele>220.50</ele>
	<time>1970-01-01T00:00:00.000Z</time>
</trkpt>
<trkpt lat="46.5245882" lon="3.7762801">
	<ele>220.30</ele>
	<time>1970-01-01T00:00:00.000Z</time>
</trkpt>
<trkpt lat="46.5217382" lon="3.7792644">
	<ele>222.20</ele>
	<time>1970-01-01T00:00:00.000Z</time>
</trkpt>
<trkpt lat="46.5211704" lon="3.7799652">
	<ele>222.60</ele>
	<time>1970-01-01T00:00:00.000Z</time>
</trkpt>
<trkpt lat="46.5206902" lon="3.7807195">
	<ele>223.20</ele>
	<time>1970-01-01T00:00:00.000Z</time>
</trkpt>
<trkpt lat="46.5203461" lon="3.7814092">
	<ele>222.60</ele>
	<time>1970-01-01T00:00:00.000Z</time>
</trkpt>
<trkpt lat="46.5200911" lon="3.7820331">
	<ele>221.90</ele>
	<time>1970-01-01T00:00:00.000Z</time>
</trkpt>
<trkpt lat="46.5177189" lon="3.7886005">
	<ele>223.10</ele>
	<time>1970-01-01T00:00:00.000Z</time>
</trkpt>
<trkpt lat="46.5173530" lon="3.7897230">
	<ele>222.00</ele>
	<time>1970-01-01T00:00:00.000Z</time>
</trkpt>
<trkpt lat="46.5147772" lon="3.7960226">
	<ele>220.60</ele>
	<time>1970-01-01T00:00:00.000Z</time>
</trkpt>
<trkpt lat="46.5146252" lon="3.7963001">
	<ele>220.80</ele>
	<time>1970-01-01T00:00:00.000Z</time>
</trkpt>
<trkpt lat="46.5144202" lon="3.7968820">
	<ele>221.30</ele>
	<time>1970-01-01T00:00:00.000Z</time>
</trkpt>
<trkpt lat="46.5121273" lon="3.8025362">
	<ele>223.80</ele>
	<time>1970-01-01T00:00:00.000Z</time>
</trkpt>
<trkpt lat="46.5119067" lon="3.8030303">
	<ele>224.00</ele>
	<time>1970-01-01T00:00:00.000Z</time>
</trkpt>
<trkpt lat="46.5116647" lon="3.8033342">
	<ele>224.40</ele>
	<time>1970-01-01T00:00:00.000Z</time>
</trkpt>
<trkpt lat="46.5114297" lon="3.8035606">
	<ele>224.50</ele>
	<time>1970-01-01T00:00:00.000Z</time>
</trkpt>
<trkpt lat="46.5110649" lon="3.8041628">
	<ele>223.40</ele>
	<time>1970-01-01T00:00:00.000Z</time>
</trkpt>
<trkpt lat="46.5099791" lon="3.8052800">
	<ele>223.60</ele>
	<time>1970-01-01T00:00:00.000Z</time>
</trkpt>
<trkpt lat="46.5093959" lon="3.8061867">
	<ele>223.00</ele>
	<time>1970-01-01T00:00:00.000Z</time>
</trkpt>
<trkpt lat="46.5091366" lon="3.8066922">
	<ele>223.30</ele>
	<time>1970-01-01T00:00:00.000Z</time>
</trkpt>
<trkpt lat="46.5066670" lon="3.8128540">
	<ele>223.60</ele>
	<time>1970-01-01T00:00:00.000Z</time>
</trkpt>
<trkpt lat="46.5064807" lon="3.8134437">
	<ele>222.70</ele>
	<time>1970-01-01T00:00:00.000Z</time>
</trkpt>
<trkpt lat="46.5025298" lon="3.8234041">
	<ele>223.90</ele>
	<time>1970-01-01T00:00:00.000Z</time>
</trkpt>
<trkpt lat="46.5009032" lon="3.8276263">
	<ele>225.30</ele>
	<time>1970-01-01T00:00:00.000Z</time>
</trkpt>
<trkpt lat="46.5002883" lon="3.8291264">
	<ele>224.70</ele>
	<time>1970-01-01T00:00:00.000Z</time>
</trkpt>
<trkpt lat="46.4998166" lon="3.8301478">
	<ele>225.70</ele>
	<time>1970-01-01T00:00:00.000Z</time>
</trkpt>
<trkpt lat="46.4994450" lon="3.8307926">
	<ele>225.30</ele>
	<time>1970-01-01T00:00:00.000Z</time>
</trkpt>
<trkpt lat="46.4975458" lon="3.8344552">
	<ele>225.80</ele>
	<time>1970-01-01T00:00:00.000Z</time>
</trkpt>
<trkpt lat="46.4970342" lon="3.8353374">
	<ele>224.60</ele>
	<time>1970-01-01T00:00:00.000Z</time>
</trkpt>
<trkpt lat="46.4953617" lon="3.8384973">
	<ele>224.60</ele>
	<time>1970-01-01T00:00:00.000Z</time>
</trkpt>
<trkpt lat="46.4951245" lon="3.8388786">
	<ele>223.90</ele>
	<time>1970-01-01T00:00:00.000Z</time>
</trkpt>
<trkpt lat="46.4950648" lon="3.8388942">
	<ele>223.80</ele>
	<time>1970-01-01T00:00:00.000Z</time>
</trkpt>
<trkpt lat="46.4947291" lon="3.8395227">
	<ele>222.90</ele>
	<time>1970-01-01T00:00:00.000Z</time>
</trkpt>
<trkpt lat="46.4947084" lon="3.8397125">
	<ele>222.80</ele>
	<time>1970-01-01T00:00:00.000Z</time>
</trkpt>
<trkpt lat="46.4943181" lon="3.8404507">
	<ele>224.90</ele>
	<time>1970-01-01T00:00:00.000Z</time>
</trkpt>
<trkpt lat="46.4941032" lon="3.8409447">
	<ele>225.80</ele>
	<time>1970-01-01T00:00:00.000Z</time>
</trkpt>
<trkpt lat="46.4937692" lon="3.8414439">
	<ele>226.70</ele>
	<time>1970-01-01T00:00:00.000Z</time>
</trkpt>
<trkpt lat="46.4933283" lon="3.8423797">
	<ele>226.50</ele>
	<time>1970-01-01T00:00:00.000Z</time>
</trkpt>
<trkpt lat="46.4908980" lon="3.8479054">
	<ele>232.20</ele>
	<time>1970-01-01T00:00:00.000Z</time>
</trkpt>
<trkpt lat="46.4904330" lon="3.8488577">
	<ele>231.80</ele>
	<time>1970-01-01T00:00:00.000Z</time>
</trkpt>
<trkpt lat="46.4900678" lon="3.8494680">
	<ele>230.40</ele>
	<time>1970-01-01T00:00:00.000Z</time>
</trkpt>
<trkpt lat="46.4894680" lon="3.8502527">
	<ele>228.80</ele>
	<time>1970-01-01T00:00:00.000Z</time>
</trkpt>
<trkpt lat="46.4889788" lon="3.8507907">
	<ele>228.10</ele>
	<time>1970-01-01T00:00:00.000Z</time>
</trkpt>
<trkpt lat="46.4872353" lon="3.8525431">
	<ele>227.10</ele>
	<time>1970-01-01T00:00:00.000Z</time>
</trkpt>
<trkpt lat="46.4866716" lon="3.8533029">
	<ele>227.60</ele>
	<time>1970-01-01T00:00:00.000Z</time>
</trkpt>
<trkpt lat="46.4863366" lon="3.8538709">
	<ele>227.10</ele>
	<time>1970-01-01T00:00:00.000Z</time>
</trkpt>
<trkpt lat="46.4860004" lon="3.8545337">
	<ele>227.20</ele>
	<time>1970-01-01T00:00:00.000Z</time>
</trkpt>
<trkpt lat="46.4856249" lon="3.8554710">
	<ele>227.50</ele>
	<time>1970-01-01T00:00:00.000Z</time>
</trkpt>
<trkpt lat="46.4853452" lon="3.8563594">
	<ele>226.00</ele>
	<time>1970-01-01T00:00:00.000Z</time>
</trkpt>
<trkpt lat="46.4848813" lon="3.8581129">
	<ele>227.40</ele>
	<time>1970-01-01T00:00:00.000Z</time>
</trkpt>
<trkpt lat="46.4847786" lon="3.8586701">
	<ele>227.40</ele>
	<time>1970-01-01T00:00:00.000Z</time>
</trkpt>
<trkpt lat="46.4844979" lon="3.8596274">
	<ele>226.60</ele>
	<time>1970-01-01T00:00:00.000Z</time>
</trkpt>
<trkpt lat="46.4813688" lon="3.8674841">
	<ele>227.40</ele>
	<time>1970-01-01T00:00:00.000Z</time>
</trkpt>
<trkpt lat="46.4810519" lon="3.8684746">
	<ele>228.50</ele>
	<time>1970-01-01T00:00:00.000Z</time>
</trkpt>
<trkpt lat="46.4807671" lon="3.8697333">
	<ele>229.00</ele>
	<time>1970-01-01T00:00:00.000Z</time>
</trkpt>
<trkpt lat="46.4806590" lon="3.8706866">
	<ele>228.10</ele>
	<time>1970-01-01T00:00:00.000Z</time>
</trkpt>
<trkpt lat="46.4806277" lon="3.8712371">
	<ele>227.60</ele>
	<time>1970-01-01T00:00:00.000Z</time>
</trkpt>
<trkpt lat="46.4805977" lon="3.8734593">
	<ele>227.60</ele>
	<time>1970-01-01T00:00:00.000Z</time>
</trkpt>
<trkpt lat="46.4806421" lon="3.8741413">
	<ele>226.90</ele>
	<time>1970-01-01T00:00:00.000Z</time>
</trkpt>
<trkpt lat="46.4806805" lon="3.8761414">
	<ele>227.00</ele>
	<time>1970-01-01T00:00:00.000Z</time>
</trkpt>
<trkpt lat="46.4807048" lon="3.8822511">
	<ele>228.20</ele>
	<time>1970-01-01T00:00:00.000Z</time>
</trkpt>
<trkpt lat="46.4806934" lon="3.8835346">
	<ele>228.60</ele>
	<time>1970-01-01T00:00:00.000Z</time>
</trkpt>
<trkpt lat="46.4806569" lon="3.8840247">
	<ele>228.50</ele>
	<time>1970-01-01T00:00:00.000Z</time>
</trkpt>
<trkpt lat="46.4805903" lon="3.8845484">
	<ele>228.80</ele>
	<time>1970-01-01T00:00:00.000Z</time>
</trkpt>
<trkpt lat="46.4804751" lon="3.8851397">
	<ele>227.60</ele>
	<time>1970-01-01T00:00:00.000Z</time>
</trkpt>
<trkpt lat="46.4802604" lon="3.8860383">
	<ele>228.20</ele>
	<time>1970-01-01T00:00:00.000Z</time>
</trkpt>
<trkpt lat="46.4794693" lon="3.8881870">
	<ele>239.30</ele>
	<time>1970-01-01T00:00:00.000Z</time>
</trkpt>
<trkpt lat="46.4793191" lon="3.8887256">
	<ele>239.50</ele>
	<time>1970-01-01T00:00:00.000Z</time>
</trkpt>
<trkpt lat="46.4791969" lon="3.8893941">
	<ele>237.00</ele>
	<time>1970-01-01T00:00:00.000Z</time>
</trkpt>
<trkpt lat="46.4791278" lon="3.8900987">
	<ele>233.00</ele>
	<time>1970-01-01T00:00:00.000Z</time>
</trkpt>
<trkpt lat="46.4791290" lon="3.8908742">
	<ele>231.40</ele>
	<time>1970-01-01T00:00:00.000Z</time>
</trkpt>
<trkpt lat="46.4791642" lon="3.8917885">
	<ele>230.10</ele>
	<time>1970-01-01T00:00:00.000Z</time>
</trkpt>
<trkpt lat="46.4792212" lon="3.8921074">
	<ele>229.50</ele>
	<time>1970-01-01T00:00:00.000Z</time>
</trkpt>
<trkpt lat="46.4792087" lon="3.8924532">
	<ele>228.50</ele>
	<time>1970-01-01T00:00:00.000Z</time>
</trkpt>
<trkpt lat="46.4794439" lon="3.8939678">
	<ele>225.80</ele>
	<time>1970-01-01T00:00:00.000Z</time>
</trkpt>
<trkpt lat="46.4797649" lon="3.8957348">
	<ele>226.80</ele>
	<time>1970-01-01T00:00:00.000Z</time>
</trkpt>
<trkpt lat="46.4798418" lon="3.8966330">
	<ele>227.40</ele>
	<time>1970-01-01T00:00:00.000Z</time>
</trkpt>
<trkpt lat="46.4798709" lon="3.8979866">
	<ele>225.50</ele>
	<time>1970-01-01T00:00:00.000Z</time>
</trkpt>
<trkpt lat="46.4798115" lon="3.8988466">
	<ele>225.40</ele>
	<time>1970-01-01T00:00:00.000Z</time>
</trkpt>
<trkpt lat="46.4797448" lon="3.8993702">
	<ele>225.30</ele>
	<time>1970-01-01T00:00:00.000Z</time>
</trkpt>
<trkpt lat="46.4786455" lon="3.9061540">
	<ele>230.00</ele>
	<time>1970-01-01T00:00:00.000Z</time>
</trkpt>
<trkpt lat="46.4779652" lon="3.9105888">
	<ele>226.90</ele>
	<time>1970-01-01T00:00:00.000Z</time>
</trkpt>
<trkpt lat="46.4779276" lon="3.9115872">
	<ele>227.10</ele>
	<time>1970-01-01T00:00:00.000Z</time>
</trkpt>
<trkpt lat="46.4779503" lon="3.9120962">
	<ele>227.50</ele>
	<time>1970-01-01T00:00:00.000Z</time>
</trkpt>
<trkpt lat="46.4780893" lon="3.9128068">
	<ele>227.40</ele>
	<time>1970-01-01T00:00:00.000Z</time>
</trkpt>
<trkpt lat="46.4781307" lon="3.9132560">
	<ele>227.70</ele>
	<time>1970-01-01T00:00:00.000Z</time>
</trkpt>
<trkpt lat="46.4781541" lon="3.9141441">
	<ele>228.00</ele>
	<time>1970-01-01T00:00:00.000Z</time>
</trkpt>
<trkpt lat="46.4781375" lon="3.9149105">
	<ele>227.90</ele>
	<time>1970-01-01T00:00:00.000Z</time>
</trkpt>
<trkpt lat="46.4780533" lon="3.9158299">
	<ele>228.60</ele>
	<time>1970-01-01T00:00:00.000Z</time>
</trkpt>
<trkpt lat="46.4779060" lon="3.9165753">
	<ele>229.50</ele>
	<time>1970-01-01T00:00:00.000Z</time>
</trkpt>
<trkpt lat="46.4777242" lon="3.9172420">
	<ele>229.30</ele>
	<time>1970-01-01T00:00:00.000Z</time>
</trkpt>
<trkpt lat="46.4770389" lon="3.9190142">
	<ele>228.50</ele>
	<time>1970-01-01T00:00:00.000Z</time>
</trkpt>
<trkpt lat="46.4767716" lon="3.9198336">
	<ele>228.30</ele>
	<time>1970-01-01T00:00:00.000Z</time>
</trkpt>
<trkpt lat="46.4765634" lon="3.9206718">
	<ele>228.30</ele>
	<time>1970-01-01T00:00:00.000Z</time>
</trkpt>
<trkpt lat="46.4764398" lon="3.9214264">
	<ele>228.10</ele>
	<time>1970-01-01T00:00:00.000Z</time>
</trkpt>
<trkpt lat="46.4763176" lon="3.9225085">
	<ele>227.50</ele>
	<time>1970-01-01T00:00:00.000Z</time>
</trkpt>
<trkpt lat="46.4763037" lon="3.9234534">
	<ele>227.70</ele>
	<time>1970-01-01T00:00:00.000Z</time>
</trkpt>
<trkpt lat="46.4762591" lon="3.9241036">
	<ele>227.50</ele>
	<time>1970-01-01T00:00:00.000Z</time>
</trkpt>
<trkpt lat="46.4761418" lon="3.9244418">
	<ele>228.20</ele>
	<time>1970-01-01T00:00:00.000Z</time>
</trkpt>
<trkpt lat="46.4757485" lon="3.9291604">
	<ele>227.90</ele>
	<time>1970-01-01T00:00:00.000Z</time>
</trkpt>
<trkpt lat="46.4756594" lon="3.9295713">
	<ele>228.10</ele>
	<time>1970-01-01T00:00:00.000Z</time>
</trkpt>
<trkpt lat="46.4756337" lon="3.9298809">
	<ele>228.10</ele>
	<time>1970-01-01T00:00:00.000Z</time>
</trkpt>
<trkpt lat="46.4756543" lon="3.9303638">
	<ele>228.10</ele>
	<time>1970-01-01T00:00:00.000Z</time>
</trkpt>
<trkpt lat="46.4755769" lon="3.9312145">
	<ele>227.80</ele>
	<time>1970-01-01T00:00:00.000Z</time>
</trkpt>
<trkpt lat="46.4755356" lon="3.9316096">
	<ele>227.70</ele>
	<time>1970-01-01T00:00:00.000Z</time>
</trkpt>
<trkpt lat="46.4753161" lon="3.9328352">
	<ele>227.20</ele>
	<time>1970-01-01T00:00:00.000Z</time>
</trkpt>
<trkpt lat="46.4748854" lon="3.9342614">
	<ele>227.50</ele>
	<time>1970-01-01T00:00:00.000Z</time>
</trkpt>
<trkpt lat="46.4725396" lon="3.9393787">
	<ele>226.40</ele>
	<time>1970-01-01T00:00:00.000Z</time>
</trkpt>
<trkpt lat="46.4714980" lon="3.9415417">
	<ele>226.90</ele>
	<time>1970-01-01T00:00:00.000Z</time>
</trkpt>
<trkpt lat="46.4712698" lon="3.9421122">
	<ele>227.00</ele>
	<time>1970-01-01T00:00:00.000Z</time>
</trkpt>
<trkpt lat="46.4709992" lon="3.9431466">
	<ele>227.80</ele>
	<time>1970-01-01T00:00:00.000Z</time>
</trkpt>
<trkpt lat="46.4709140" lon="3.9436954">
	<ele>228.70</ele>
	<time>1970-01-01T00:00:00.000Z</time>
</trkpt>
<trkpt lat="46.4708707" lon="3.9446590">
	<ele>228.90</ele>
	<time>1970-01-01T00:00:00.000Z</time>
</trkpt>
<trkpt lat="46.4709234" lon="3.9459786">
	<ele>229.80</ele>
	<time>1970-01-01T00:00:00.000Z</time>
</trkpt>
<trkpt lat="46.4710073" lon="3.9467824">
	<ele>230.60</ele>
	<time>1970-01-01T00:00:00.000Z</time>
</trkpt>
<trkpt lat="46.4715613" lon="3.9559825">
	<ele>231.30</ele>
	<time>1970-01-01T00:00:00.000Z</time>
</trkpt>
<trkpt lat="46.4716663" lon="3.9565456">
	<ele>231.10</ele>
	<time>1970-01-01T00:00:00.000Z</time>
</trkpt>
<trkpt lat="46.4718207" lon="3.9569896">
	<ele>230.80</ele>
	<time>1970-01-01T00:00:00.000Z</time>
</trkpt>
<trkpt lat="46.4718924" lon="3.9578102">
	<ele>230.00</ele>
	<time>1970-01-01T00:00:00.000Z</time>
</trkpt>
<trkpt lat="46.4717769" lon="3.9586460">
	<ele>230.60</ele>
	<time>1970-01-01T00:00:00.000Z</time>
</trkpt>
<trkpt lat="46.4718428" lon="3.9592028">
	<ele>230.20</ele>
	<time>1970-01-01T00:00:00.000Z</time>
</trkpt>
<trkpt lat="46.4718056" lon="3.9595403">
	<ele>229.70</ele>
	<time>1970-01-01T00:00:00.000Z</time>
</trkpt>
<trkpt lat="46.4718298" lon="3.9602015">
	<ele>229.30</ele>
	<time>1970-01-01T00:00:00.000Z</time>
</trkpt>
<trkpt lat="46.4721184" lon="3.9656723">
	<ele>228.90</ele>
	<time>1970-01-01T00:00:00.000Z</time>
</trkpt>
<trkpt lat="46.4721457" lon="3.9659075">
	<ele>228.90</ele>
	<time>1970-01-01T00:00:00.000Z</time>
</trkpt>
<trkpt lat="46.4723291" lon="3.9664396">
	<ele>228.50</ele>
	<time>1970-01-01T00:00:00.000Z</time>
</trkpt>
<trkpt lat="46.4729717" lon="3.9767790">
	<ele>229.20</ele>
	<time>1970-01-01T00:00:00.000Z</time>
</trkpt>
<trkpt lat="46.4730378" lon="3.9771428">
	<ele>228.90</ele>
	<time>1970-01-01T00:00:00.000Z</time>
</trkpt>
<trkpt lat="46.4730949" lon="3.9773169">
	<ele>229.10</ele>
	<time>1970-01-01T00:00:00.000Z</time>
</trkpt>
<trkpt lat="46.4733569" lon="3.9777211">
	<ele>229.10</ele>
	<time>1970-01-01T00:00:00.000Z</time>
</trkpt>
<trkpt lat="46.4736617" lon="3.9780491">
	<ele>228.40</ele>
	<time>1970-01-01T00:00:00.000Z</time>
</trkpt>
<trkpt lat="46.4744403" lon="3.9785837">
	<ele>226.50</ele>
	<time>1970-01-01T00:00:00.000Z</time>
</trkpt>
<trkpt lat="46.4749231" lon="3.9787827">
	<ele>227.50</ele>
	<time>1970-01-01T00:00:00.000Z</time>
</trkpt>
<trkpt lat="46.4750450" lon="3.9789930">
	<ele>228.40</ele>
	<time>1970-01-01T00:00:00.000Z</time>
</trkpt>
<trkpt lat="46.4753370" lon="3.9792130">
	<ele>229.10</ele>
	<time>1970-01-01T00:00:00.000Z</time>
</trkpt>
<trkpt lat="46.4756650" lon="3.9793900">
	<ele>229.00</ele>
	<time>1970-01-01T00:00:00.000Z</time>
</trkpt>
<trkpt lat="46.4774130" lon="3.9806050">
	<ele>222.00</ele>
	<time>1970-01-01T00:00:00.000Z</time>
</trkpt>
<trkpt lat="46.4784095" lon="3.9811752">
	<ele>233.30</ele>
	<time>1970-01-01T00:00:00.000Z</time>
</trkpt>
<trkpt lat="46.4784551" lon="3.9810404">
	<ele>232.10</ele>
	<time>1970-01-01T00:00:00.000Z</time>
</trkpt>
<trkpt lat="46.4793762" lon="3.9816174">
	<ele>238.00</ele>
	<time>1970-01-01T00:00:00.000Z</time>
</trkpt>
<trkpt lat="46.4798657" lon="3.9820726">
	<ele>237.70</ele>
	<time>1970-01-01T00:00:00.000Z</time>
</trkpt>
<trkpt lat="46.4802829" lon="3.9823326">
	<ele>236.70</ele>
	<time>1970-01-01T00:00:00.000Z</time>
</trkpt>
<trkpt lat="46.4824939" lon="3.9868105">
	<ele>234.20</ele>
	<time>1970-01-01T00:00:00.000Z</time>
</trkpt>
<trkpt lat="46.4825502" lon="3.9872406">
	<ele>234.40</ele>
	<time>1970-01-01T00:00:00.000Z</time>
</trkpt>
<trkpt lat="46.4826944" lon="3.9872637">
	<ele>234.00</ele>
	<time>1970-01-01T00:00:00.000Z</time>
</trkpt>
<trkpt lat="46.4828480" lon="3.9871720">
	<ele>233.30</ele>
	<time>1970-01-01T00:00:00.000Z</time>
</trkpt>
<trkpt lat="46.4832560" lon="3.9878943">
	<ele>233.20</ele>
	<time>1970-01-01T00:00:00.000Z</time>
</trkpt>
<trkpt lat="46.4830751" lon="3.9881194">
	<ele>233.70</ele>
	<time>1970-01-01T00:00:00.000Z</time>
</trkpt>
<trkpt lat="46.4835409" lon="3.9890507">
	<ele>233.60</ele>
	<time>1970-01-01T00:00:00.000Z</time>
</trkpt>
<trkpt lat="46.4839321" lon="3.9911022">
	<ele>232.20</ele>
	<time>1970-01-01T00:00:00.000Z</time>
</trkpt>
<trkpt lat="46.4841263" lon="3.9917900">
	<ele>231.00</ele>
	<time>1970-01-01T00:00:00.000Z</time>
</trkpt>
<trkpt lat="46.4844500" lon="3.9924150">
	<ele>231.40</ele>
	<time>1970-01-01T00:00:00.000Z</time>
</trkpt>
<trkpt lat="46.4849034" lon="3.9930990">
	<ele>231.60</ele>
	<time>1970-01-01T00:00:00.000Z</time>
</trkpt>
<trkpt lat="46.4851863" lon="3.9937050">
	<ele>231.40</ele>
	<time>1970-01-01T00:00:00.000Z</time>
</trkpt>
<trkpt lat="46.4853310" lon="3.9941157">
	<ele>231.40</ele>
	<time>1970-01-01T00:00:00.000Z</time>
</trkpt>
<trkpt lat="46.4854068" lon="3.9947127">
	<ele>232.10</ele>
	<time>1970-01-01T00:00:00.000Z</time>
</trkpt>
<trkpt lat="46.4853764" lon="3.9970773">
	<ele>232.80</ele>
	<time>1970-01-01T00:00:00.000Z</time>
</trkpt>
<trkpt lat="46.4854680" lon="3.9976030">
	<ele>232.30</ele>
	<time>1970-01-01T00:00:00.000Z</time>
</trkpt>
<trkpt lat="46.4856718" lon="3.9984326">
	<ele>232.50</ele>
	<time>1970-01-01T00:00:00.000Z</time>
</trkpt>
<trkpt lat="46.4860221" lon="3.9990696">
	<ele>232.20</ele>
	<time>1970-01-01T00:00:00.000Z</time>
</trkpt>
<trkpt lat="46.4879874" lon="4.0032340">
	<ele>233.00</ele>
	<time>1970-01-01T00:00:00.000Z</time>
</trkpt>
<trkpt lat="46.4880958" lon="4.0035149">
	<ele>233.00</ele>
	<time>1970-01-01T00:00:00.000Z</time>
</trkpt>
<trkpt lat="46.4882372" lon="4.0041108">
	<ele>233.30</ele>
	<time>1970-01-01T00:00:00.000Z</time>
</trkpt>
<trkpt lat="46.4883094" lon="4.0045896">
	<ele>233.50</ele>
	<time>1970-01-01T00:00:00.000Z</time>
</trkpt>
<trkpt lat="46.4882970" lon="4.0057080">
	<ele>233.80</ele>
	<time>1970-01-01T00:00:00.000Z</time>
</trkpt>
<trkpt lat="46.4882279" lon="4.0061714">
	<ele>233.80</ele>
	<time>1970-01-01T00:00:00.000Z</time>
</trkpt>
<trkpt lat="46.4880900" lon="4.0066000">
	<ele>233.90</ele>
	<time>1970-01-01T00:00:00.000Z</time>
</trkpt>
<trkpt lat="46.4880282" lon="4.0072784">
	<ele>232.80</ele>
	<time>1970-01-01T00:00:00.000Z</time>
</trkpt>
<trkpt lat="46.4876709" lon="4.0094701">
	<ele>233.40</ele>
	<time>1970-01-01T00:00:00.000Z</time>
</trkpt>
<trkpt lat="46.4876782" lon="4.0102381">
	<ele>232.70</ele>
	<time>1970-01-01T00:00:00.000Z</time>
</trkpt>
<trkpt lat="46.4877300" lon="4.0106050">
	<ele>232.60</ele>
	<time>1970-01-01T00:00:00.000Z</time>
</trkpt>
<trkpt lat="46.4881523" lon="4.0122731">
	<ele>232.80</ele>
	<time>1970-01-01T00:00:00.000Z</time>
</trkpt>
<trkpt lat="46.4882170" lon="4.0126650">
	<ele>232.00</ele>
	<time>1970-01-01T00:00:00.000Z</time>
</trkpt>
<trkpt lat="46.4882495" lon="4.0129216">
	<ele>232.00</ele>
	<time>1970-01-01T00:00:00.000Z</time>
</trkpt>
<trkpt lat="46.4882320" lon="4.0135486">
	<ele>232.40</ele>
	<time>1970-01-01T00:00:00.000Z</time>
</trkpt>
<trkpt lat="46.4881736" lon="4.0141081">
	<ele>233.60</ele>
	<time>1970-01-01T00:00:00.000Z</time>
</trkpt>
<trkpt lat="46.4879650" lon="4.0148300">
	<ele>234.40</ele>
	<time>1970-01-01T00:00:00.000Z</time>
</trkpt>
<trkpt lat="46.4877084" lon="4.0154153">
	<ele>234.10</ele>
	<time>1970-01-01T00:00:00.000Z</time>
</trkpt>
<trkpt lat="46.4877249" lon="4.0160938">
	<ele>233.40</ele>
	<time>1970-01-01T00:00:00.000Z</time>
</trkpt>
<trkpt lat="46.4874301" lon="4.0161912">
	<ele>233.50</ele>
	<time>1970-01-01T00:00:00.000Z</time>
</trkpt>
<trkpt lat="46.4873422" lon="4.0165023">
	<ele>233.30</ele>
	<time>1970-01-01T00:00:00.000Z</time>
</trkpt>
<trkpt lat="46.4872284" lon="4.0171505">
	<ele>233.20</ele>
	<time>1970-01-01T00:00:00.000Z</time>
</trkpt>
<trkpt lat="46.4869600" lon="4.0203030">
	<ele>233.30</ele>
	<time>1970-01-01T00:00:00.000Z</time>
</trkpt>
<trkpt lat="46.4869780" lon="4.0206520">
	<ele>233.80</ele>
	<time>1970-01-01T00:00:00.000Z</time>
</trkpt>
<trkpt lat="46.4870420" lon="4.0209850">
	<ele>234.80</ele>
	<time>1970-01-01T00:00:00.000Z</time>
</trkpt>
<trkpt lat="46.4875400" lon="4.0225830">
	<ele>234.10</ele>
	<time>1970-01-01T00:00:00.000Z</time>
</trkpt>
<trkpt lat="46.4877104" lon="4.0246270">
	<ele>233.60</ele>
	<time>1970-01-01T00:00:00.000Z</time>
</trkpt>
<trkpt lat="46.4878224" lon="4.0251928">
	<ele>233.70</ele>
	<time>1970-01-01T00:00:00.000Z</time>
</trkpt>
<trkpt lat="46.4880420" lon="4.0271770">
	<ele>235.80</ele>
	<time>1970-01-01T00:00:00.000Z</time>
</trkpt>
<trkpt lat="46.4881895" lon="4.0282418">
	<ele>236.30</ele>
	<time>1970-01-01T00:00:00.000Z</time>
</trkpt>
<trkpt lat="46.4880834" lon="4.0296080">
	<ele>234.40</ele>
	<time>1970-01-01T00:00:00.000Z</time>
</trkpt>
<trkpt lat="46.4879518" lon="4.0302138">
	<ele>235.30</ele>
	<time>1970-01-01T00:00:00.000Z</time>
</trkpt>
<trkpt lat="46.4873949" lon="4.0312223">
	<ele>237.10</ele>
	<time>1970-01-01T00:00:00.000Z</time>
</trkpt>
<trkpt lat="46.4872161" lon="4.0317598">
	<ele>237.30</ele>
	<time>1970-01-01T00:00:00.000Z</time>
</trkpt>
<trkpt lat="46.4868000" lon="4.0340900">
	<ele>235.80</ele>
	<time>1970-01-01T00:00:00.000Z</time>
</trkpt>
<trkpt lat="46.4868420" lon="4.0352820">
	<ele>234.40</ele>
	<time>1970-01-01T00:00:00.000Z</time>
</trkpt>
<trkpt lat="46.4870790" lon="4.0370297">
	<ele>234.40</ele>
	<time>1970-01-01T00:00:00.000Z</time>
</trkpt>
<trkpt lat="46.4870016" lon="4.0377514">
	<ele>234.00</ele>
	<time>1970-01-01T00:00:00.000Z</time>
</trkpt>
<trkpt lat="46.4866468" lon="4.0400153">
	<ele>233.30</ele>
	<time>1970-01-01T00:00:00.000Z</time>
</trkpt>
<trkpt lat="46.4859662" lon="4.0475973">
	<ele>233.10</ele>
	<time>1970-01-01T00:00:00.000Z</time>
</trkpt>
<trkpt lat="46.4859062" lon="4.0479817">
	<ele>233.10</ele>
	<time>1970-01-01T00:00:00.000Z</time>
</trkpt>
<trkpt lat="46.4857830" lon="4.0483080">
	<ele>233.40</ele>
	<time>1970-01-01T00:00:00.000Z</time>
</trkpt>
<trkpt lat="46.4855620" lon="4.0485730">
	<ele>233.60</ele>
	<time>1970-01-01T00:00:00.000Z</time>
</trkpt>
<trkpt lat="46.4852050" lon="4.0488880">
	<ele>234.20</ele>
	<time>1970-01-01T00:00:00.000Z</time>
</trkpt>
<trkpt lat="46.4849800" lon="4.0491507">
	<ele>234.30</ele>
	<time>1970-01-01T00:00:00.000Z</time>
</trkpt>
<trkpt lat="46.4845988" lon="4.0498232">
	<ele>233.90</ele>
	<time>1970-01-01T00:00:00.000Z</time>
</trkpt>
<trkpt lat="46.4844420" lon="4.0506552">
	<ele>233.40</ele>
	<time>1970-01-01T00:00:00.000Z</time>
</trkpt>
<trkpt lat="46.4842070" lon="4.0511920">
	<ele>233.10</ele>
	<time>1970-01-01T00:00:00.000Z</time>
</trkpt>
<trkpt lat="46.4829786" lon="4.0524546">
	<ele>232.40</ele>
	<time>1970-01-01T00:00:00.000Z</time>
</trkpt>
<trkpt lat="46.4826670" lon="4.0527011">
	<ele>231.80</ele>
	<time>1970-01-01T00:00:00.000Z</time>
</trkpt>
<trkpt lat="46.4821302" lon="4.0529373">
	<ele>232.20</ele>
	<time>1970-01-01T00:00:00.000Z</time>
</trkpt>
<trkpt lat="46.4815365" lon="4.0545179">
	<ele>232.30</ele>
	<time>1970-01-01T00:00:00.000Z</time>
</trkpt>
<trkpt lat="46.4810050" lon="4.0556250">
	<ele>233.50</ele>
	<time>1970-01-01T00:00:00.000Z</time>
</trkpt>
<trkpt lat="46.4805743" lon="4.0563061">
	<ele>233.70</ele>
	<time>1970-01-01T00:00:00.000Z</time>
</trkpt>
<trkpt lat="46.4802970" lon="4.0568780">
	<ele>233.20</ele>
	<time>1970-01-01T00:00:00.000Z</time>
</trkpt>
<trkpt lat="46.4800068" lon="4.0573028">
	<ele>233.70</ele>
	<time>1970-01-01T00:00:00.000Z</time>
</trkpt>
<trkpt lat="46.4792665" lon="4.0581926">
	<ele>235.30</ele>
	<time>1970-01-01T00:00:00.000Z</time>
</trkpt>
<trkpt lat="46.4790893" lon="4.0586095">
	<ele>235.40</ele>
	<time>1970-01-01T00:00:00.000Z</time>
</trkpt>
<trkpt lat="46.4790166" lon="4.0590054">
	<ele>235.00</ele>
	<time>1970-01-01T00:00:00.000Z</time>
</trkpt>
<trkpt lat="46.4790544" lon="4.0600866">
	<ele>235.60</ele>
	<time>1970-01-01T00:00:00.000Z</time>
</trkpt>
<trkpt lat="46.4792859" lon="4.0621394">
	<ele>235.80</ele>
	<time>1970-01-01T00:00:00.000Z</time>
</trkpt>
<trkpt lat="46.4795266" lon="4.0635830">
	<ele>235.70</ele>
	<time>1970-01-01T00:00:00.000Z</time>
</trkpt>
<trkpt lat="46.4795359" lon="4.0640661">
	<ele>236.10</ele>
	<time>1970-01-01T00:00:00.000Z</time>
</trkpt>
<trkpt lat="46.4794302" lon="4.0647143">
	<ele>236.60</ele>
	<time>1970-01-01T00:00:00.000Z</time>
</trkpt>
<trkpt lat="46.4792500" lon="4.0653480">
	<ele>236.00</ele>
	<time>1970-01-01T00:00:00.000Z</time>
</trkpt>
<trkpt lat="46.4790470" lon="4.0657420">
	<ele>234.90</ele>
	<time>1970-01-01T00:00:00.000Z</time>
</trkpt>
<trkpt lat="46.4787480" lon="4.0661170">
	<ele>234.50</ele>
	<time>1970-01-01T00:00:00.000Z</time>
</trkpt>
<trkpt lat="46.4783850" lon="4.0663530">
	<ele>234.90</ele>
	<time>1970-01-01T00:00:00.000Z</time>
</trkpt>
<trkpt lat="46.4780470" lon="4.0664570">
	<ele>235.80</ele>
	<time>1970-01-01T00:00:00.000Z</time>
</trkpt>
<trkpt lat="46.4771020" lon="4.0666080">
	<ele>234.70</ele>
	<time>1970-01-01T00:00:00.000Z</time>
</trkpt>
<trkpt lat="46.4768220" lon="4.0666900">
	<ele>235.50</ele>
	<time>1970-01-01T00:00:00.000Z</time>
</trkpt>
<trkpt lat="46.4753150" lon="4.0678700">
	<ele>237.20</ele>
	<time>1970-01-01T00:00:00.000Z</time>
</trkpt>
<trkpt lat="46.4741520" lon="4.0689150">
	<ele>239.40</ele>
	<time>1970-01-01T00:00:00.000Z</time>
</trkpt>
<trkpt lat="46.4738700" lon="4.0691930">
	<ele>239.50</ele>
	<time>1970-01-01T00:00:00.000Z</time>
</trkpt>
<trkpt lat="46.4734905" lon="4.0699190">
	<ele>239.70</ele>
	<time>1970-01-01T00:00:00.000Z</time>
</trkpt>
<trkpt lat="46.4729105" lon="4.0718732">
	<ele>237.80</ele>
	<time>1970-01-01T00:00:00.000Z</time>
</trkpt>
<trkpt lat="46.4722311" lon="4.0735868">
	<ele>237.50</ele>
	<time>1970-01-01T00:00:00.000Z</time>
</trkpt>
<trkpt lat="46.4720110" lon="4.0742819">
	<ele>237.40</ele>
	<time>1970-01-01T00:00:00.000Z</time>
</trkpt>
<trkpt lat="46.4718530" lon="4.0749470">
	<ele>237.00</ele>
	<time>1970-01-01T00:00:00.000Z</time>
</trkpt>
<trkpt lat="46.4713150" lon="4.0762350">
	<ele>237.60</ele>
	<time>1970-01-01T00:00:00.000Z</time>
</trkpt>
<trkpt lat="46.4707294" lon="4.0774081">
	<ele>239.40</ele>
	<time>1970-01-01T00:00:00.000Z</time>
</trkpt>
<trkpt lat="46.4706034" lon="4.0777418">
	<ele>238.90</ele>
	<time>1970-01-01T00:00:00.000Z</time>
</trkpt>
<trkpt lat="46.4704702" lon="4.0782745">
	<ele>238.30</ele>
	<time>1970-01-01T00:00:00.000Z</time>
</trkpt>
<trkpt lat="46.4704370" lon="4.0787770">
	<ele>236.70</ele>
	<time>1970-01-01T00:00:00.000Z</time>
</trkpt>
<trkpt lat="46.4707124" lon="4.0801616">
	<ele>235.20</ele>
	<time>1970-01-01T00:00:00.000Z</time>
</trkpt>
<trkpt lat="46.4707405" lon="4.0807087">
	<ele>236.00</ele>
	<time>1970-01-01T00:00:00.000Z</time>
</trkpt>
<trkpt lat="46.4706230" lon="4.0812530">
	<ele>236.70</ele>
	<time>1970-01-01T00:00:00.000Z</time>
</trkpt>
<trkpt lat="46.4701847" lon="4.0820073">
	<ele>238.20</ele>
	<time>1970-01-01T00:00:00.000Z</time>
</trkpt>
<trkpt lat="46.4699922" lon="4.0831210">
	<ele>236.40</ele>
	<time>1970-01-01T00:00:00.000Z</time>
</trkpt>
<trkpt lat="46.4698000" lon="4.0835720">
	<ele>236.50</ele>
	<time>1970-01-01T00:00:00.000Z</time>
</trkpt>
<trkpt lat="46.4670191" lon="4.0875481">
	<ele>238.40</ele>
	<time>1970-01-01T00:00:00.000Z</time>
</trkpt>
<trkpt lat="46.4644430" lon="4.0913250">
	<ele>240.00</ele>
	<time>1970-01-01T00:00:00.000Z</time>
</trkpt>
<trkpt lat="46.4635047" lon="4.0923247">
	<ele>239.30</ele>
	<time>1970-01-01T00:00:00.000Z</time>
</trkpt>
<trkpt lat="46.4618331" lon="4.0939058">
	<ele>238.70</ele>
	<time>1970-01-01T00:00:00.000Z</time>
</trkpt>
<trkpt lat="46.4615322" lon="4.0942771">
	<ele>237.20</ele>
	<time>1970-01-01T00:00:00.000Z</time>
</trkpt>
<trkpt lat="46.4608219" lon="4.0953276">
	<ele>238.00</ele>
	<time>1970-01-01T00:00:00.000Z</time>
</trkpt>
<trkpt lat="46.4603400" lon="4.0961270">
	<ele>237.50</ele>
	<time>1970-01-01T00:00:00.000Z</time>
</trkpt>
<trkpt lat="46.4595896" lon="4.0971784">
	<ele>238.10</ele>
	<time>1970-01-01T00:00:00.000Z</time>
</trkpt>
<trkpt lat="46.4593788" lon="4.0973454">
	<ele>238.70</ele>
	<time>1970-01-01T00:00:00.000Z</time>
</trkpt>
<trkpt lat="46.4581214" lon="4.0980390">
	<ele>240.90</ele>
	<time>1970-01-01T00:00:00.000Z</time>
</trkpt>
<trkpt lat="46.4575531" lon="4.0984212">
	<ele>241.80</ele>
	<time>1970-01-01T00:00:00.000Z</time>
</trkpt>
<trkpt lat="46.4557367" lon="4.1009628">
	<ele>242.30</ele>
	<time>1970-01-01T00:00:00.000Z</time>
</trkpt>
<trkpt lat="46.4555100" lon="4.1011730">
	<ele>243.20</ele>
	<time>1970-01-01T00:00:00.000Z</time>
</trkpt>
<trkpt lat="46.4548618" lon="4.1021568">
	<ele>242.90</ele>
	<time>1970-01-01T00:00:00.000Z</time>
</trkpt>
<trkpt lat="46.4494954" lon="4.1139170">
	<ele>242.40</ele>
	<time>1970-01-01T00:00:00.000Z</time>
</trkpt>
<trkpt lat="46.4491350" lon="4.1146400">
	<ele>242.70</ele>
	<time>1970-01-01T00:00:00.000Z</time>
</trkpt>
<trkpt lat="46.4480171" lon="4.1163885">
	<ele>243.10</ele>
	<time>1970-01-01T00:00:00.000Z</time>
</trkpt>
<trkpt lat="46.4475270" lon="4.1170880">
	<ele>243.30</ele>
	<time>1970-01-01T00:00:00.000Z</time>
</trkpt>
<trkpt lat="46.4470980" lon="4.1176250">
	<ele>243.40</ele>
	<time>1970-01-01T00:00:00.000Z</time>
</trkpt>
<trkpt lat="46.4465036" lon="4.1186816">
	<ele>242.10</ele>
	<time>1970-01-01T00:00:00.000Z</time>
</trkpt>
<trkpt lat="46.4461780" lon="4.1199520">
	<ele>241.30</ele>
	<time>1970-01-01T00:00:00.000Z</time>
</trkpt>
<trkpt lat="46.4457838" lon="4.1204207">
	<ele>243.20</ele>
	<time>1970-01-01T00:00:00.000Z</time>
</trkpt>
<trkpt lat="46.4456400" lon="4.1207070">
	<ele>243.90</ele>
	<time>1970-01-01T00:00:00.000Z</time>
</trkpt>
<trkpt lat="46.4432780" lon="4.1280650">
	<ele>243.40</ele>
	<time>1970-01-01T00:00:00.000Z</time>
</trkpt>
<trkpt lat="46.4431755" lon="4.1285752">
	<ele>242.90</ele>
	<time>1970-01-01T00:00:00.000Z</time>
</trkpt>
<trkpt lat="46.4431650" lon="4.1293180">
	<ele>242.20</ele>
	<time>1970-01-01T00:00:00.000Z</time>
</trkpt>
<trkpt lat="46.4432120" lon="4.1414907">
	<ele>242.00</ele>
	<time>1970-01-01T00:00:00.000Z</time>
</trkpt>
<trkpt lat="46.4431620" lon="4.1421050">
	<ele>242.40</ele>
	<time>1970-01-01T00:00:00.000Z</time>
</trkpt>
<trkpt lat="46.4432030" lon="4.1426470">
	<ele>243.00</ele>
	<time>1970-01-01T00:00:00.000Z</time>
</trkpt>
<trkpt lat="46.4432061" lon="4.1437006">
	<ele>242.30</ele>
	<time>1970-01-01T00:00:00.000Z</time>
</trkpt>
<trkpt lat="46.4430670" lon="4.1460100">
	<ele>242.10</ele>
	<time>1970-01-01T00:00:00.000Z</time>
</trkpt>
<trkpt lat="46.4427820" lon="4.1488480">
	<ele>243.40</ele>
	<time>1970-01-01T00:00:00.000Z</time>
</trkpt>
<trkpt lat="46.4426680" lon="4.1497130">
	<ele>244.40</ele>
	<time>1970-01-01T00:00:00.000Z</time>
</trkpt>
<trkpt lat="46.4424070" lon="4.1506130">
	<ele>244.00</ele>
	<time>1970-01-01T00:00:00.000Z</time>
</trkpt>
<trkpt lat="46.4423244" lon="4.1513930">
	<ele>244.10</ele>
	<time>1970-01-01T00:00:00.000Z</time>
</trkpt>
<trkpt lat="46.4424539" lon="4.1518187">
	<ele>243.50</ele>
	<time>1970-01-01T00:00:00.000Z</time>
</trkpt>
<trkpt lat="46.4429347" lon="4.1527490">
	<ele>243.10</ele>
	<time>1970-01-01T00:00:00.000Z</time>
</trkpt>
<trkpt lat="46.4432607" lon="4.1532887">
	<ele>243.10</ele>
	<time>1970-01-01T00:00:00.000Z</time>
</trkpt>
<trkpt lat="46.4436321" lon="4.1536955">
	<ele>242.90</ele>
	<time>1970-01-01T00:00:00.000Z</time>
</trkpt>
<trkpt lat="46.4439932" lon="4.1539763">
	<ele>242.90</ele>
	<time>1970-01-01T00:00:00.000Z</time>
</trkpt>
<trkpt lat="46.4459950" lon="4.1552820">
	<ele>244.30</ele>
	<time>1970-01-01T00:00:00.000Z</time>
</trkpt>
<trkpt lat="46.4466853" lon="4.1557157">
	<ele>245.60</ele>
	<time>1970-01-01T00:00:00.000Z</time>
</trkpt>
<trkpt lat="46.4482770" lon="4.1561850">
	<ele>244.10</ele>
	<time>1970-01-01T00:00:00.000Z</time>
</trkpt>
<trkpt lat="46.4484800" lon="4.1562280">
	<ele>244.00</ele>
	<time>1970-01-01T00:00:00.000Z</time>
</trkpt>
<trkpt lat="46.4487400" lon="4.1562000">
	<ele>243.50</ele>
	<time>1970-01-01T00:00:00.000Z</time>
</trkpt>
<trkpt lat="46.4491254" lon="4.1563087">
	<ele>242.90</ele>
	<time>1970-01-01T00:00:00.000Z</time>
</trkpt>
<trkpt lat="46.4506470" lon="4.1568480">
	<ele>244.80</ele>
	<time>1970-01-01T00:00:00.000Z</time>
</trkpt>
<trkpt lat="46.4508700" lon="4.1570670">
	<ele>246.60</ele>
	<time>1970-01-01T00:00:00.000Z</time>
</trkpt>
<trkpt lat="46.4514295" lon="4.1571982">
	<ele>245.70</ele>
	<time>1970-01-01T00:00:00.000Z</time>
</trkpt>
<trkpt lat="46.4514263" lon="4.1550919">
	<ele>243.10</ele>
	<time>1970-01-01T00:00:00.000Z</time>
</trkpt>
<trkpt lat="46.4515250" lon="4.1544347">
	<ele>245.30</ele>
	<time>1970-01-01T00:00:00.000Z</time>
</trkpt>
<trkpt lat="46.4517200" lon="4.1534820">
	<ele>250.70</ele>
	<time>1970-01-01T00:00:00.000Z</time>
</trkpt>
<trkpt lat="46.4516828" lon="4.1526693">
	<ele>252.50</ele>
	<time>1970-01-01T00:00:00.000Z</time>
</trkpt>
<trkpt lat="46.4530216" lon="4.1523013">
	<ele>254.60</ele>
	<time>1970-01-01T00:00:00.000Z</time>
</trkpt>
<trkpt lat="46.4545253" lon="4.1519913">
	<ele>256.00</ele>
	<time>1970-01-01T00:00:00.000Z</time>
</trkpt>
<trkpt lat="46.4568070" lon="4.1507093">
	<ele>264.90</ele>
	<time>1970-01-01T00:00:00.000Z</time>
</trkpt>
<trkpt lat="46.4576120" lon="4.1509030">
	<ele>264.90</ele>
	<time>1970-01-01T00:00:00.000Z</time>
</trkpt>
<trkpt lat="46.4583144" lon="4.1511423">
	<ele>264.00</ele>
	<time>1970-01-01T00:00:00.000Z</time>
</trkpt>
<trkpt lat="46.4586945" lon="4.1513802">
	<ele>263.70</ele>
	<time>1970-01-01T00:00:00.000Z</time>
</trkpt>
<trkpt lat="46.4590411" lon="4.1514369">
	<ele>264.40</ele>
	<time>1970-01-01T00:00:00.000Z</time>
</trkpt>
<trkpt lat="46.4593376" lon="4.1513792">
	<ele>265.30</ele>
	<time>1970-01-01T00:00:00.000Z</time>
</trkpt>
<trkpt lat="46.4595730" lon="4.1512520">
	<ele>266.50</ele>
	<time>1970-01-01T00:00:00.000Z</time>
</trkpt>
<trkpt lat="46.4597791" lon="4.1510111">
	<ele>267.70</ele>
	<time>1970-01-01T00:00:00.000Z</time>
</trkpt>
<trkpt lat="46.4600714" lon="4.1505706">
	<ele>269.60</ele>
	<time>1970-01-01T00:00:00.000Z</time>
</trkpt>
<trkpt lat="46.4602073" lon="4.1505002">
	<ele>270.50</ele>
	<time>1970-01-01T00:00:00.000Z</time>
</trkpt>
<trkpt lat="46.4605092" lon="4.1504352">
	<ele>271.30</ele>
	<time>1970-01-01T00:00:00.000Z</time>
</trkpt>
<trkpt lat="46.4606800" lon="4.1504559">
	<ele>272.10</ele>
	<time>1970-01-01T00:00:00.000Z</time>
</trkpt>
<trkpt lat="46.4613002" lon="4.1509194">
	<ele>274.50</ele>
	<time>1970-01-01T00:00:00.000Z</time>
</trkpt>
<trkpt lat="46.4614810" lon="4.1509555">
	<ele>274.50</ele>
	<time>1970-01-01T00:00:00.000Z</time>
</trkpt>
<trkpt lat="46.4616523" lon="4.1509536">
	<ele>275.10</ele>
	<time>1970-01-01T00:00:00.000Z</time>
</trkpt>
<trkpt lat="46.4628095" lon="4.1505795">
	<ele>277.50</ele>
	<time>1970-01-01T00:00:00.000Z</time>
</trkpt>
<trkpt lat="46.4629464" lon="4.1504491">
	<ele>277.70</ele>
	<time>1970-01-01T00:00:00.000Z</time>
</trkpt>
<trkpt lat="46.4636844" lon="4.1490551">
	<ele>278.50</ele>
	<time>1970-01-01T00:00:00.000Z</time>
</trkpt>
<trkpt lat="46.4640392" lon="4.1485942">
	<ele>278.70</ele>
	<time>1970-01-01T00:00:00.000Z</time>
</trkpt>
<trkpt lat="46.4648112" lon="4.1479896">
	<ele>276.70</ele>
	<time>1970-01-01T00:00:00.000Z</time>
</trkpt>
<trkpt lat="46.4649498" lon="4.1477540">
	<ele>277.40</ele>
	<time>1970-01-01T00:00:00.000Z</time>
</trkpt>
<trkpt lat="46.4651452" lon="4.1472051">
	<ele>278.50</ele>
	<time>1970-01-01T00:00:00.000Z</time>
</trkpt>
<trkpt lat="46.4653181" lon="4.1468662">
	<ele>278.70</ele>
	<time>1970-01-01T00:00:00.000Z</time>
</trkpt>
<trkpt lat="46.4654350" lon="4.1469250">
	<ele>278.50</ele>
	<time>1970-01-01T00:00:00.000Z</time>
</trkpt>
<trkpt lat="46.4662347" lon="4.1480964">
	<ele>276.30</ele>
	<time>1970-01-01T00:00:00.000Z</time>
</trkpt>
<trkpt lat="46.4663378" lon="4.1483480">
	<ele>275.70</ele>
	<time>1970-01-01T00:00:00.000Z</time>
</trkpt>
<trkpt lat="46.4664319" lon="4.1487231">
	<ele>274.40</ele>
	<time>1970-01-01T00:00:00.000Z</time>
</trkpt>
<trkpt lat="46.4666605" lon="4.1500643">
	<ele>273.10</ele>
	<time>1970-01-01T00:00:00.000Z</time>
</trkpt>
<trkpt lat="46.4675375" lon="4.1519545">
	<ele>274.30</ele>
	<time>1970-01-01T00:00:00.000Z</time>
</trkpt>
<trkpt lat="46.4680856" lon="4.1538648">
	<ele>272.30</ele>
	<time>1970-01-01T00:00:00.000Z</time>
</trkpt>
<trkpt lat="46.4681446" lon="4.1541975">
	<ele>272.00</ele>
	<time>1970-01-01T00:00:00.000Z</time>
</trkpt>
<trkpt lat="46.4682022" lon="4.1546129">
	<ele>269.40</ele>
	<time>1970-01-01T00:00:00.000Z</time>
</trkpt>
<trkpt lat="46.4682358" lon="4.1560821">
	<ele>266.10</ele>
	<time>1970-01-01T00:00:00.000Z</time>
</trkpt>
<trkpt lat="46.4683196" lon="4.1566535">
	<ele>263.90</ele>
	<time>1970-01-01T00:00:00.000Z</time>
</trkpt>
<trkpt lat="46.4685114" lon="4.1571665">
	<ele>260.90</ele>
	<time>1970-01-01T00:00:00.000Z</time>
</trkpt>
<trkpt lat="46.4688799" lon="4.1577991">
	<ele>258.60</ele>
	<time>1970-01-01T00:00:00.000Z</time>
</trkpt>
<trkpt lat="46.4692855" lon="4.1583400">
	<ele>260.50</ele>
	<time>1970-01-01T00:00:00.000Z</time>
</trkpt>
<trkpt lat="46.4696096" lon="4.1586196">
	<ele>262.40</ele>
	<time>1970-01-01T00:00:00.000Z</time>
</trkpt>
<trkpt lat="46.4718379" lon="4.1599867">
	<ele>270.50</ele>
	<time>1970-01-01T00:00:00.000Z</time>
</trkpt>
<trkpt lat="46.4723777" lon="4.1606189">
	<ele>267.90</ele>
	<time>1970-01-01T00:00:00.000Z</time>
</trkpt>
<trkpt lat="46.4735573" lon="4.1623398">
	<ele>255.10</ele>
	<time>1970-01-01T00:00:00.000Z</time>
</trkpt>
<trkpt lat="46.4740624" lon="4.1629151">
	<ele>255.40</ele>
	<time>1970-01-01T00:00:00.000Z</time>
</trkpt>
<trkpt lat="46.4747319" lon="4.1634856">
	<ele>259.80</ele>
	<time>1970-01-01T00:00:00.000Z</time>
</trkpt>
<trkpt lat="46.4749972" lon="4.1638666">
	<ele>261.10</ele>
	<time>1970-01-01T00:00:00.000Z</time>
</trkpt>
<trkpt lat="46.4753410" lon="4.1642505">
	<ele>261.50</ele>
	<time>1970-01-01T00:00:00.000Z</time>
</trkpt>
<trkpt lat="46.4765435" lon="4.1654386">
	<ele>258.60</ele>
	<time>1970-01-01T00:00:00.000Z</time>
</trkpt>
<trkpt lat="46.4792777" lon="4.1668647">
	<ele>258.30</ele>
	<time>1970-01-01T00:00:00.000Z</time>
</trkpt>
<trkpt lat="46.4801448" lon="4.1675867">
	<ele>254.10</ele>
	<time>1970-01-01T00:00:00.000Z</time>
</trkpt>
<trkpt lat="46.4810219" lon="4.1681229">
	<ele>253.00</ele>
	<time>1970-01-01T00:00:00.000Z</time>
</trkpt>
<trkpt lat="46.4812282" lon="4.1681816">
	<ele>253.60</ele>
	<time>1970-01-01T00:00:00.000Z</time>
</trkpt>
<trkpt lat="46.4813995" lon="4.1681873">
	<ele>254.40</ele>
	<time>1970-01-01T00:00:00.000Z</time>
</trkpt>
<trkpt lat="46.4815873" lon="4.1680593">
	<ele>255.10</ele>
	<time>1970-01-01T00:00:00.000Z</time>
</trkpt>
<trkpt lat="46.4833445" lon="4.1667328">
	<ele>263.40</ele>
	<time>1970-01-01T00:00:00.000Z</time>
</trkpt>
<trkpt lat="46.4842024" lon="4.1657897">
	<ele>267.40</ele>
	<time>1970-01-01T00:00:00.000Z</time>
</trkpt>
<trkpt lat="46.4850109" lon="4.1652688">
	<ele>271.50</ele>
	<time>1970-01-01T00:00:00.000Z</time>
</trkpt>
<trkpt lat="46.4853770" lon="4.1651570">
	<ele>273.50</ele>
	<time>1970-01-01T00:00:00.000Z</time>
</trkpt>
<trkpt lat="46.4859055" lon="4.1651645">
	<ele>274.90</ele>
	<time>1970-01-01T00:00:00.000Z</time>
</trkpt>
<trkpt lat="46.4863885" lon="4.1653360">
	<ele>275.00</ele>
	<time>1970-01-01T00:00:00.000Z</time>
</trkpt>
<trkpt lat="46.4867671" lon="4.1653382">
	<ele>275.10</ele>
	<time>1970-01-01T00:00:00.000Z</time>
</trkpt>
<trkpt lat="46.4873399" lon="4.1652541">
	<ele>276.40</ele>
	<time>1970-01-01T00:00:00.000Z</time>
</trkpt>
<trkpt lat="46.4907224" lon="4.1650166">
	<ele>284.50</ele>
	<time>1970-01-01T00:00:00.000Z</time>
</trkpt>
<trkpt lat="46.4910143" lon="4.1650781">
	<ele>283.70</ele>
	<time>1970-01-01T00:00:00.000Z</time>
</trkpt>
<trkpt lat="46.4921614" lon="4.1657062">
	<ele>285.40</ele>
	<time>1970-01-01T00:00:00.000Z</time>
</trkpt>
<trkpt lat="46.4926943" lon="4.1658793">
	<ele>286.30</ele>
	<time>1970-01-01T00:00:00.000Z</time>
</trkpt>
<trkpt lat="46.4937799" lon="4.1658952">
	<ele>289.50</ele>
	<time>1970-01-01T00:00:00.000Z</time>
</trkpt>
<trkpt lat="46.4964887" lon="4.1662450">
	<ele>292.00</ele>
	<time>1970-01-01T00:00:00.000Z</time>
</trkpt>
<trkpt lat="46.4977714" lon="4.1673227">
	<ele>288.70</ele>
	<time>1970-01-01T00:00:00.000Z</time>
</trkpt>
<trkpt lat="46.4980183" lon="4.1674514">
	<ele>288.50</ele>
	<time>1970-01-01T00:00:00.000Z</time>
</trkpt>
<trkpt lat="46.4981097" lon="4.1724853">
	<ele>268.40</ele>
	<time>1970-01-01T00:00:00.000Z</time>
</trkpt>
<trkpt lat="46.4978776" lon="4.1740290">
	<ele>261.70</ele>
	<time>1970-01-01T00:00:00.000Z</time>
</trkpt>
<trkpt lat="46.4978128" lon="4.1753922">
	<ele>257.20</ele>
	<time>1970-01-01T00:00:00.000Z</time>
</trkpt>
<trkpt lat="46.4978165" lon="4.1755992">
	<ele>257.20</ele>
	<time>1970-01-01T00:00:00.000Z</time>
</trkpt>
<trkpt lat="46.4978821" lon="4.1759635">
	<ele>256.40</ele>
	<time>1970-01-01T00:00:00.000Z</time>
</trkpt>
<trkpt lat="46.4989010" lon="4.1770117">
	<ele>255.90</ele>
	<time>1970-01-01T00:00:00.000Z</time>
</trkpt>
<trkpt lat="46.4999394" lon="4.1777297">
	<ele>258.30</ele>
	<time>1970-01-01T00:00:00.000Z</time>
</trkpt>
<trkpt lat="46.5005399" lon="4.1785879">
	<ele>254.60</ele>
	<time>1970-01-01T00:00:00.000Z</time>
</trkpt>
<trkpt lat="46.5008971" lon="4.1790241">
	<ele>254.90</ele>
	<time>1970-01-01T00:00:00.000Z</time>
</trkpt>
<trkpt lat="46.5010886" lon="4.1791030">
	<ele>255.60</ele>
	<time>1970-01-01T00:00:00.000Z</time>
</trkpt>
<trkpt lat="46.5017515" lon="4.1791980">
	<ele>257.70</ele>
	<time>1970-01-01T00:00:00.000Z</time>
</trkpt>
<trkpt lat="46.5069949" lon="4.1806178">
	<ele>251.10</ele>
	<time>1970-01-01T00:00:00.000Z</time>
</trkpt>
<trkpt lat="46.5080730" lon="4.1813020">
	<ele>250.60</ele>
	<time>1970-01-01T00:00:00.000Z</time>
</trkpt>
<trkpt lat="46.5090180" lon="4.1820420">
	<ele>250.40</ele>
	<time>1970-01-01T00:00:00.000Z</time>
</trkpt>
<trkpt lat="46.5089227" lon="4.1823176">
	<ele>250.20</ele>
	<time>1970-01-01T00:00:00.000Z</time>
</trkpt>
<trkpt lat="46.5062422" lon="4.1870789">
	<ele>253.50</ele>
	<time>1970-01-01T00:00:00.000Z</time>
</trkpt>
<trkpt lat="46.5061826" lon="4.1874283">
	<ele>255.60</ele>
	<time>1970-01-01T00:00:00.000Z</time>
</trkpt>
<trkpt lat="46.5062644" lon="4.1882119">
	<ele>259.30</ele>
	<time>1970-01-01T00:00:00.000Z</time>
</trkpt>
<trkpt lat="46.5062282" lon="4.1887768">
	<ele>262.60</ele>
	<time>1970-01-01T00:00:00.000Z</time>
</trkpt>
<trkpt lat="46.5059882" lon="4.1902717">
	<ele>271.10</ele>
	<time>1970-01-01T00:00:00.000Z</time>
</trkpt>
<trkpt lat="46.5057794" lon="4.1923339">
	<ele>274.00</ele>
	<time>1970-01-01T00:00:00.000Z</time>
</trkpt>
<trkpt lat="46.5056777" lon="4.1927795">
	<ele>274.20</ele>
	<time>1970-01-01T00:00:00.000Z</time>
</trkpt>
<trkpt lat="46.5050647" lon="4.1948278">
	<ele>274.20</ele>
	<time>1970-01-01T00:00:00.000Z</time>
</trkpt>
<trkpt lat="46.5049600" lon="4.1960100">
	<ele>274.60</ele>
	<time>1970-01-01T00:00:00.000Z</time>
</trkpt>
<trkpt lat="46.5049057" lon="4.1979318">
	<ele>277.40</ele>
	<time>1970-01-01T00:00:00.000Z</time>
</trkpt>
<trkpt lat="46.5048443" lon="4.1983751">
	<ele>277.90</ele>
	<time>1970-01-01T00:00:00.000Z</time>
</trkpt>
<trkpt lat="46.5042175" lon="4.2013832">
	<ele>278.40</ele>
	<time>1970-01-01T00:00:00.000Z</time>
</trkpt>
<trkpt lat="46.5040934" lon="4.2020522">
	<ele>279.40</ele>
	<time>1970-01-01T00:00:00.000Z</time>
</trkpt>
<trkpt lat="46.5040161" lon="4.2028082">
	<ele>279.90</ele>
	<time>1970-01-01T00:00:00.000Z</time>
</trkpt>
<trkpt lat="46.5039204" lon="4.2032612">
	<ele>280.30</ele>
	<time>1970-01-01T00:00:00.000Z</time>
</trkpt>
<trkpt lat="46.5034396" lon="4.2046226">
	<ele>281.60</ele>
	<time>1970-01-01T00:00:00.000Z</time>
</trkpt>
<trkpt lat="46.5029830" lon="4.2053885">
	<ele>282.60</ele>
	<time>1970-01-01T00:00:00.000Z</time>
</trkpt>
<trkpt lat="46.5027922" lon="4.2058929">
	<ele>282.60</ele>
	<time>1970-01-01T00:00:00.000Z</time>
</trkpt>
<trkpt lat="46.5026599" lon="4.2066516">
	<ele>282.30</ele>
	<time>1970-01-01T00:00:00.000Z</time>
</trkpt>
<trkpt lat="46.5024264" lon="4.2086392">
	<ele>283.40</ele>
	<time>1970-01-01T00:00:00.000Z</time>
</trkpt>
<trkpt lat="46.5026631" lon="4.2086497">
	<ele>284.10</ele>
	<time>1970-01-01T00:00:00.000Z</time>
</trkpt>
<trkpt lat="46.5035295" lon="4.2077038">
	<ele>284.60</ele>
	<time>1970-01-01T00:00:00.000Z</time>
</trkpt>
<trkpt lat="46.5058359" lon="4.2069319">
	<ele>279.70</ele>
	<time>1970-01-01T00:00:00.000Z</time>
</trkpt>
<trkpt lat="46.5069573" lon="4.2068263">
	<ele>277.70</ele>
	<time>1970-01-01T00:00:00.000Z</time>
</trkpt>
<trkpt lat="46.5100414" lon="4.2068204">
	<ele>272.40</ele>
	<time>1970-01-01T00:00:00.000Z</time>
</trkpt>
<trkpt lat="46.5103041" lon="4.2067661">
	<ele>273.40</ele>
	<time>1970-01-01T00:00:00.000Z</time>
</trkpt>
<trkpt lat="46.5109704" lon="4.2064838">
	<ele>273.00</ele>
	<time>1970-01-01T00:00:00.000Z</time>
</trkpt>
<trkpt lat="46.5117057" lon="4.2064248">
	<ele>272.50</ele>
	<time>1970-01-01T00:00:00.000Z</time>
</trkpt>
<trkpt lat="46.5142145" lon="4.2072906">
	<ele>280.00</ele>
	<time>1970-01-01T00:00:00.000Z</time>
</trkpt>
<trkpt lat="46.5171995" lon="4.2083836">
	<ele>284.10</ele>
	<time>1970-01-01T00:00:00.000Z</time>
</trkpt>
<trkpt lat="46.5175441" lon="4.2086482">
	<ele>285.80</ele>
	<time>1970-01-01T00:00:00.000Z</time>
</trkpt>
<trkpt lat="46.5178726" lon="4.2090177">
	<ele>286.60</ele>
	<time>1970-01-01T00:00:00.000Z</time>
</trkpt>
<trkpt lat="46.5188732" lon="4.2105162">
	<ele>287.00</ele>
	<time>1970-01-01T00:00:00.000Z</time>
</trkpt>
<trkpt lat="46.5191531" lon="4.2107366">
	<ele>286.00</ele>
	<time>1970-01-01T00:00:00.000Z</time>
</trkpt>
<trkpt lat="46.5210868" lon="4.2116461">
	<ele>283.60</ele>
	<time>1970-01-01T00:00:00.000Z</time>
</trkpt>
<trkpt lat="46.5216580" lon="4.2118344">
	<ele>279.50</ele>
	<time>1970-01-01T00:00:00.000Z</time>
</trkpt>
<trkpt lat="46.5235841" lon="4.2123223">
	<ele>274.90</ele>
	<time>1970-01-01T00:00:00.000Z</time>
</trkpt>
<trkpt lat="46.5250536" lon="4.2131631">
	<ele>275.00</ele>
	<time>1970-01-01T00:00:00.000Z</time>
</trkpt>
<trkpt lat="46.5253283" lon="4.2132568">
	<ele>276.40</ele>
	<time>1970-01-01T00:00:00.000Z</time>
</trkpt>
<trkpt lat="46.5256766" lon="4.2133006">
	<ele>277.70</ele>
	<time>1970-01-01T00:00:00.000Z</time>
</trkpt>
<trkpt lat="46.5261785" lon="4.2132863">
	<ele>278.70</ele>
	<time>1970-01-01T00:00:00.000Z</time>
</trkpt>
<trkpt lat="46.5299651" lon="4.2129433">
	<ele>279.00</ele>
	<time>1970-01-01T00:00:00.000Z</time>
</trkpt>
<trkpt lat="46.5311440" lon="4.2128891">
	<ele>275.90</ele>
	<time>1970-01-01T00:00:00.000Z</time>
</trkpt>
<trkpt lat="46.5336205" lon="4.2130591">
	<ele>271.90</ele>
	<time>1970-01-01T00:00:00.000Z</time>
</trkpt>
<trkpt lat="46.5354501" lon="4.2132278">
	<ele>280.50</ele>
	<time>1970-01-01T00:00:00.000Z</time>
</trkpt>
<trkpt lat="46.5363525" lon="4.2136173">
	<ele>280.90</ele>
	<time>1970-01-01T00:00:00.000Z</time>
</trkpt>
<trkpt lat="46.5364902" lon="4.2136430">
	<ele>280.40</ele>
	<time>1970-01-01T00:00:00.000Z</time>
</trkpt>
<trkpt lat="46.5384869" lon="4.2138175">
	<ele>278.00</ele>
	<time>1970-01-01T00:00:00.000Z</time>
</trkpt>
<trkpt lat="46.5386892" lon="4.2138983">
	<ele>276.90</ele>
	<time>1970-01-01T00:00:00.000Z</time>
</trkpt>
<trkpt lat="46.5396400" lon="4.2144369">
	<ele>268.40</ele>
	<time>1970-01-01T00:00:00.000Z</time>
</trkpt>
<trkpt lat="46.5397776" lon="4.2144733">
	<ele>266.90</ele>
	<time>1970-01-01T00:00:00.000Z</time>
</trkpt>
<trkpt lat="46.5399157" lon="4.2144781">
	<ele>266.90</ele>
	<time>1970-01-01T00:00:00.000Z</time>
</trkpt>
<trkpt lat="46.5400902" lon="4.2140310">
	<ele>267.20</ele>
	<time>1970-01-01T00:00:00.000Z</time>
</trkpt>
<trkpt lat="46.5402773" lon="4.2137109">
	<ele>265.20</ele>
	<time>1970-01-01T00:00:00.000Z</time>
</trkpt>
<trkpt lat="46.5405517" lon="4.2133832">
	<ele>262.60</ele>
	<time>1970-01-01T00:00:00.000Z</time>
</trkpt>
<trkpt lat="46.5406642" lon="4.2131763">
	<ele>264.00</ele>
	<time>1970-01-01T00:00:00.000Z</time>
</trkpt>
<trkpt lat="46.5407572" lon="4.2128318">
	<ele>264.40</ele>
	<time>1970-01-01T00:00:00.000Z</time>
</trkpt>
<trkpt lat="46.5408630" lon="4.2116974">
	<ele>265.60</ele>
	<time>1970-01-01T00:00:00.000Z</time>
</trkpt>
<trkpt lat="46.5409717" lon="4.2112796">
	<ele>264.20</ele>
	<time>1970-01-01T00:00:00.000Z</time>
</trkpt>
<trkpt lat="46.5411794" lon="4.2110340">
	<ele>262.80</ele>
	<time>1970-01-01T00:00:00.000Z</time>
</trkpt>
<trkpt lat="46.5418973" lon="4.2107005">
	<ele>260.10</ele>
	<time>1970-01-01T00:00:00.000Z</time>
</trkpt>
<trkpt lat="46.5420641" lon="4.2107379">
	<ele>259.70</ele>
	<time>1970-01-01T00:00:00.000Z</time>
</trkpt>
<trkpt lat="46.5423161" lon="4.2108836">
	<ele>259.10</ele>
	<time>1970-01-01T00:00:00.000Z</time>
</trkpt>
<trkpt lat="46.5428741" lon="4.2114404">
	<ele>258.30</ele>
	<time>1970-01-01T00:00:00.000Z</time>
</trkpt>
<trkpt lat="46.5430183" lon="4.2115085">
	<ele>258.80</ele>
	<time>1970-01-01T00:00:00.000Z</time>
</trkpt>
<trkpt lat="46.5432063" lon="4.2115782">
	<ele>258.90</ele>
	<time>1970-01-01T00:00:00.000Z</time>
</trkpt>
<trkpt lat="46.5444241" lon="4.2118100">
	<ele>260.40</ele>
	<time>1970-01-01T00:00:00.000Z</time>
</trkpt>
<trkpt lat="46.5454734" lon="4.2121097">
	<ele>260.60</ele>
	<time>1970-01-01T00:00:00.000Z</time>
</trkpt>
<trkpt lat="46.5458346" lon="4.2122487">
	<ele>260.10</ele>
	<time>1970-01-01T00:00:00.000Z</time>
</trkpt>
<trkpt lat="46.5462301" lon="4.2125153">
	<ele>260.50</ele>
	<time>1970-01-01T00:00:00.000Z</time>
</trkpt>
<trkpt lat="46.5469966" lon="4.2123311">
	<ele>259.80</ele>
	<time>1970-01-01T00:00:00.000Z</time>
</trkpt>
<trkpt lat="46.5475337" lon="4.2119492">
	<ele>259.10</ele>
	<time>1970-01-01T00:00:00.000Z</time>
</trkpt>
<trkpt lat="46.5488177" lon="4.2112453">
	<ele>257.70</ele>
	<time>1970-01-01T00:00:00.000Z</time>
</trkpt>
<trkpt lat="46.5489798" lon="4.2115565">
	<ele>257.70</ele>
	<time>1970-01-01T00:00:00.000Z</time>
</trkpt>
<trkpt lat="46.5490697" lon="4.2118336">
	<ele>257.80</ele>
	<time>1970-01-01T00:00:00.000Z</time>
</trkpt>
<trkpt lat="46.5492637" lon="4.2133053">
	<ele>261.40</ele>
	<time>1970-01-01T00:00:00.000Z</time>
</trkpt>
<trkpt lat="46.5494512" lon="4.2138386">
	<ele>262.70</ele>
	<time>1970-01-01T00:00:00.000Z</time>
</trkpt>
<trkpt lat="46.5495993" lon="4.2141178">
	<ele>262.90</ele>
	<time>1970-01-01T00:00:00.000Z</time>
</trkpt>
<trkpt lat="46.5503022" lon="4.2151434">
	<ele>262.40</ele>
	<time>1970-01-01T00:00:00.000Z</time>
</trkpt>
<trkpt lat="46.5506299" lon="4.2155552">
	<ele>260.80</ele>
	<time>1970-01-01T00:00:00.000Z</time>
</trkpt>
<trkpt lat="46.5510727" lon="4.2160447">
	<ele>260.70</ele>
	<time>1970-01-01T00:00:00.000Z</time>
</trkpt>
<trkpt lat="46.5528709" lon="4.2177527">
	<ele>268.40</ele>
	<time>1970-01-01T00:00:00.000Z</time>
</trkpt>
<trkpt lat="46.5532900" lon="4.2185130">
	<ele>271.20</ele>
	<time>1970-01-01T00:00:00.000Z</time>
</trkpt>
<trkpt lat="46.5533191" lon="4.2193141">
	<ele>273.10</ele>
	<time>1970-01-01T00:00:00.000Z</time>
</trkpt>
<trkpt lat="46.5553183" lon="4.2202316">
	<ele>270.50</ele>
	<time>1970-01-01T00:00:00.000Z</time>
</trkpt>
<trkpt lat="46.5572866" lon="4.2212232">
	<ele>265.70</ele>
	<time>1970-01-01T00:00:00.000Z</time>
</trkpt>
<trkpt lat="46.5582304" lon="4.2214708">
	<ele>265.20</ele>
	<time>1970-01-01T00:00:00.000Z</time>
</trkpt>
<trkpt lat="46.5596711" lon="4.2216818">
	<ele>261.70</ele>
	<time>1970-01-01T00:00:00.000Z</time>
</trkpt>
<trkpt lat="46.5599692" lon="4.2220143">
	<ele>261.00</ele>
	<time>1970-01-01T00:00:00.000Z</time>
</trkpt>
<trkpt lat="46.5602807" lon="4.2224332">
	<ele>260.30</ele>
	<time>1970-01-01T00:00:00.000Z</time>
</trkpt>
<trkpt lat="46.5605403" lon="4.2228608">
	<ele>258.50</ele>
	<time>1970-01-01T00:00:00.000Z</time>
</trkpt>
<trkpt lat="46.5607325" lon="4.2233293">
	<ele>258.10</ele>
	<time>1970-01-01T00:00:00.000Z</time>
</trkpt>
<trkpt lat="46.5609865" lon="4.2240896">
	<ele>258.00</ele>
	<time>1970-01-01T00:00:00.000Z</time>
</trkpt>
<trkpt lat="46.5610269" lon="4.2247782">
	<ele>259.40</ele>
	<time>1970-01-01T00:00:00.000Z</time>
</trkpt>
<trkpt lat="46.5611196" lon="4.2249962">
	<ele>259.00</ele>
	<time>1970-01-01T00:00:00.000Z</time>
</trkpt>
<trkpt lat="46.5613100" lon="4.2251209">
	<ele>258.50</ele>
	<time>1970-01-01T00:00:00.000Z</time>
</trkpt>
<trkpt lat="46.5615320" lon="4.2251286">
	<ele>258.20</ele>
	<time>1970-01-01T00:00:00.000Z</time>
</trkpt>
<trkpt lat="46.5625147" lon="4.2248300">
	<ele>260.00</ele>
	<time>1970-01-01T00:00:00.000Z</time>
</trkpt>
<trkpt lat="46.5626621" lon="4.2248674">
	<ele>260.60</ele>
	<time>1970-01-01T00:00:00.000Z</time>
</trkpt>
<trkpt lat="46.5628426" lon="4.2260438">
	<ele>260.20</ele>
	<time>1970-01-01T00:00:00.000Z</time>
</trkpt>
<trkpt lat="46.5629262" lon="4.2263583">
	<ele>259.10</ele>
	<time>1970-01-01T00:00:00.000Z</time>
</trkpt>
<trkpt lat="46.5641069" lon="4.2288473">
	<ele>264.30</ele>
	<time>1970-01-01T00:00:00.000Z</time>
</trkpt>
<trkpt lat="46.5642512" lon="4.2290672">
	<ele>265.30</ele>
	<time>1970-01-01T00:00:00.000Z</time>
</trkpt>
<trkpt lat="46.5644409" lon="4.2292457">
	<ele>265.40</ele>
	<time>1970-01-01T00:00:00.000Z</time>
</trkpt>
<trkpt lat="46.5644404" lon="4.2297180">
	<ele>266.80</ele>
	<time>1970-01-01T00:00:00.000Z</time>
</trkpt>
<trkpt lat="46.5644955" lon="4.2304178">
	<ele>267.90</ele>
	<time>1970-01-01T00:00:00.000Z</time>
</trkpt>
<trkpt lat="46.5646895" lon="4.2321103">
	<ele>268.40</ele>
	<time>1970-01-01T00:00:00.000Z</time>
</trkpt>
<trkpt lat="46.5648561" lon="4.2332221">
	<ele>269.00</ele>
	<time>1970-01-01T00:00:00.000Z</time>
</trkpt>
<trkpt lat="46.5651220" lon="4.2337146">
	<ele>268.70</ele>
	<time>1970-01-01T00:00:00.000Z</time>
</trkpt>
<trkpt lat="46.5649327" lon="4.2344059">
	<ele>265.80</ele>
	<time>1970-01-01T00:00:00.000Z</time>
</trkpt>
<trkpt lat="46.5647993" lon="4.2353162">
	<ele>264.90</ele>
	<time>1970-01-01T00:00:00.000Z</time>
</trkpt>
<trkpt lat="46.5642211" lon="4.2366680">
	<ele>268.80</ele>
	<time>1970-01-01T00:00:00.000Z</time>
</trkpt>
<trkpt lat="46.5641341" lon="4.2369978">
	<ele>269.90</ele>
	<time>1970-01-01T00:00:00.000Z</time>
</trkpt>
<trkpt lat="46.5633574" lon="4.2382804">
	<ele>273.60</ele>
	<time>1970-01-01T00:00:00.000Z</time>
</trkpt>
<trkpt lat="46.5632193" lon="4.2385655">
	<ele>274.40</ele>
	<time>1970-01-01T00:00:00.000Z</time>
</trkpt>
<trkpt lat="46.5631641" lon="4.2387677">
	<ele>275.10</ele>
	<time>1970-01-01T00:00:00.000Z</time>
</trkpt>
<trkpt lat="46.5632743" lon="4.2410370">
	<ele>280.20</ele>
	<time>1970-01-01T00:00:00.000Z</time>
</trkpt>
<trkpt lat="46.5632680" lon="4.2414125">
	<ele>280.80</ele>
	<time>1970-01-01T00:00:00.000Z</time>
</trkpt>
<trkpt lat="46.5629949" lon="4.2449031">
	<ele>284.90</ele>
	<time>1970-01-01T00:00:00.000Z</time>
</trkpt>
<trkpt lat="46.5628960" lon="4.2459411">
	<ele>287.00</ele>
	<time>1970-01-01T00:00:00.000Z</time>
</trkpt>
<trkpt lat="46.5628083" lon="4.2463138">
	<ele>287.80</ele>
	<time>1970-01-01T00:00:00.000Z</time>
</trkpt>
<trkpt lat="46.5623724" lon="4.2475761">
	<ele>288.80</ele>
	<time>1970-01-01T00:00:00.000Z</time>
</trkpt>
<trkpt lat="46.5633167" lon="4.2482322">
	<ele>288.80</ele>
	<time>1970-01-01T00:00:00.000Z</time>
</trkpt>
<trkpt lat="46.5634325" lon="4.2483973">
	<ele>289.00</ele>
	<time>1970-01-01T00:00:00.000Z</time>
</trkpt>
<trkpt lat="46.5633839" lon="4.2486425">
	<ele>289.00</ele>
	<time>1970-01-01T00:00:00.000Z</time>
</trkpt>
<trkpt lat="46.5631987" lon="4.2490870">
	<ele>289.40</ele>
	<time>1970-01-01T00:00:00.000Z</time>
</trkpt>
<trkpt lat="46.5631581" lon="4.2493003">
	<ele>289.40</ele>
	<time>1970-01-01T00:00:00.000Z</time>
</trkpt>
<trkpt lat="46.5631854" lon="4.2494408">
	<ele>289.40</ele>
	<time>1970-01-01T00:00:00.000Z</time>
</trkpt>
<trkpt lat="46.5639346" lon="4.2502510">
	<ele>288.70</ele>
	<time>1970-01-01T00:00:00.000Z</time>
</trkpt>
<trkpt lat="46.5647582" lon="4.2514828">
	<ele>289.10</ele>
	<time>1970-01-01T00:00:00.000Z</time>
</trkpt>
<trkpt lat="46.5650564" lon="4.2518046">
	<ele>291.70</ele>
	<time>1970-01-01T00:00:00.000Z</time>
</trkpt>
<trkpt lat="46.5651864" lon="4.2520024">
	<ele>292.70</ele>
	<time>1970-01-01T00:00:00.000Z</time>
</trkpt>
<trkpt lat="46.5655267" lon="4.2529057">
	<ele>294.00</ele>
	<time>1970-01-01T00:00:00.000Z</time>
</trkpt>
<trkpt lat="46.5658131" lon="4.2543655">
	<ele>294.70</ele>
	<time>1970-01-01T00:00:00.000Z</time>
</trkpt>
<trkpt lat="46.5655624" lon="4.2547431">
	<ele>293.60</ele>
	<time>1970-01-01T00:00:00.000Z</time>
</trkpt>
<trkpt lat="46.5652001" lon="4.2551490">
	<ele>291.60</ele>
	<time>1970-01-01T00:00:00.000Z</time>
</trkpt>
<trkpt lat="46.5648615" lon="4.2554699">
	<ele>290.40</ele>
	<time>1970-01-01T00:00:00.000Z</time>
</trkpt>
<trkpt lat="46.5644262" lon="4.2558088">
	<ele>289.00</ele>
	<time>1970-01-01T00:00:00.000Z</time>
</trkpt>
<trkpt lat="46.5631240" lon="4.2566110">
	<ele>280.70</ele>
	<time>1970-01-01T00:00:00.000Z</time>
</trkpt>
<trkpt lat="46.5628647" lon="4.2566233">
	<ele>280.50</ele>
	<time>1970-01-01T00:00:00.000Z</time>
</trkpt>
<trkpt lat="46.5625065" lon="4.2567823">
	<ele>281.80</ele>
	<time>1970-01-01T00:00:00.000Z</time>
</trkpt>
<trkpt lat="46.5623781" lon="4.2569281">
	<ele>281.80</ele>
	<time>1970-01-01T00:00:00.000Z</time>
</trkpt>
<trkpt lat="46.5622928" lon="4.2571613">
	<ele>283.70</ele>
	<time>1970-01-01T00:00:00.000Z</time>
</trkpt>
<trkpt lat="46.5621241" lon="4.2583793">
	<ele>290.40</ele>
	<time>1970-01-01T00:00:00.000Z</time>
</trkpt>
<trkpt lat="46.5621738" lon="4.2598198">
	<ele>291.40</ele>
	<time>1970-01-01T00:00:00.000Z</time>
</trkpt>
<trkpt lat="46.5622356" lon="4.2601119">
	<ele>292.00</ele>
	<time>1970-01-01T00:00:00.000Z</time>
</trkpt>
<trkpt lat="46.5623515" lon="4.2602663">
	<ele>292.20</ele>
	<time>1970-01-01T00:00:00.000Z</time>
</trkpt>
<trkpt lat="46.5625132" lon="4.2603364">
	<ele>292.90</ele>
	<time>1970-01-01T00:00:00.000Z</time>
</trkpt>
<trkpt lat="46.5631596" lon="4.2602091">
	<ele>294.20</ele>
	<time>1970-01-01T00:00:00.000Z</time>
</trkpt>
<trkpt lat="46.5633440" lon="4.2602586">
	<ele>295.30</ele>
	<time>1970-01-01T00:00:00.000Z</time>
</trkpt>
<trkpt lat="46.5635034" lon="4.2604682">
	<ele>295.00</ele>
	<time>1970-01-01T00:00:00.000Z</time>
</trkpt>
<trkpt lat="46.5636175" lon="4.2607299">
	<ele>296.40</ele>
	<time>1970-01-01T00:00:00.000Z</time>
</trkpt>
<trkpt lat="46.5637962" lon="4.2619818">
	<ele>301.20</ele>
	<time>1970-01-01T00:00:00.000Z</time>
</trkpt>
<trkpt lat="46.5641663" lon="4.2624352">
	<ele>303.50</ele>
	<time>1970-01-01T00:00:00.000Z</time>
</trkpt>
<trkpt lat="46.5642495" lon="4.2627710">
	<ele>304.60</ele>
	<time>1970-01-01T00:00:00.000Z</time>
</trkpt>
<trkpt lat="46.5642664" lon="4.2630830">
	<ele>305.20</ele>
	<time>1970-01-01T00:00:00.000Z</time>
</trkpt>
<trkpt lat="46.5649303" lon="4.2650796">
	<ele>307.30</ele>
	<time>1970-01-01T00:00:00.000Z</time>
</trkpt>
<trkpt lat="46.5659930" lon="4.2680954">
	<ele>309.00</ele>
	<time>1970-01-01T00:00:00.000Z</time>
</trkpt>
<trkpt lat="46.5678195" lon="4.2695658">
	<ele>314.00</ele>
	<time>1970-01-01T00:00:00.000Z</time>
</trkpt>
<trkpt lat="46.5684935" lon="4.2699044">
	<ele>313.80</ele>
	<time>1970-01-01T00:00:00.000Z</time>
</trkpt>
<trkpt lat="46.5688119" lon="4.2698948">
	<ele>313.70</ele>
	<time>1970-01-01T00:00:00.000Z</time>
</trkpt>
<trkpt lat="46.5697858" lon="4.2696149">
	<ele>314.20</ele>
	<time>1970-01-01T00:00:00.000Z</time>
</trkpt>
<trkpt lat="46.5699737" lon="4.2696215">
	<ele>313.90</ele>
	<time>1970-01-01T00:00:00.000Z</time>
</trkpt>
<trkpt lat="46.5697568" lon="4.2704738">
	<ele>313.00</ele>
	<time>1970-01-01T00:00:00.000Z</time>
</trkpt>
<trkpt lat="46.5690248" lon="4.2726917">
	<ele>310.90</ele>
	<time>1970-01-01T00:00:00.000Z</time>
</trkpt>
<trkpt lat="46.5682905" lon="4.2741965">
	<ele>308.30</ele>
	<time>1970-01-01T00:00:00.000Z</time>
</trkpt>
<trkpt lat="46.5679029" lon="4.2748748">
	<ele>308.90</ele>
	<time>1970-01-01T00:00:00.000Z</time>
</trkpt>
<trkpt lat="46.5680533" lon="4.2753834">
	<ele>309.40</ele>
	<time>1970-01-01T00:00:00.000Z</time>
</trkpt>
<trkpt lat="46.5684611" lon="4.2777680">
	<ele>309.20</ele>
	<time>1970-01-01T00:00:00.000Z</time>
</trkpt>
<trkpt lat="46.5685754" lon="4.2795548">
	<ele>308.20</ele>
	<time>1970-01-01T00:00:00.000Z</time>
</trkpt>
<trkpt lat="46.5685488" lon="4.2802669">
	<ele>308.60</ele>
	<time>1970-01-01T00:00:00.000Z</time>
</trkpt>
<trkpt lat="46.5685686" lon="4.2807918">
	<ele>309.50</ele>
	<time>1970-01-01T00:00:00.000Z</time>
</trkpt>
<trkpt lat="46.5686718" lon="4.2815297">
	<ele>310.90</ele>
	<time>1970-01-01T00:00:00.000Z</time>
</trkpt>
<trkpt lat="46.5690227" lon="4.2830104">
	<ele>314.00</ele>
	<time>1970-01-01T00:00:00.000Z</time>
</trkpt>
<trkpt lat="46.5696461" lon="4.2863045">
	<ele>322.10</ele>
	<time>1970-01-01T00:00:00.000Z</time>
</trkpt>
<trkpt lat="46.5697222" lon="4.2877755">
	<ele>318.40</ele>
	<time>1970-01-01T00:00:00.000Z</time>
</trkpt>
<trkpt lat="46.5706636" lon="4.2877044">
	<ele>318.10</ele>
	<time>1970-01-01T00:00:00.000Z</time>
</trkpt>
<trkpt lat="46.5708346" lon="4.2878575">
	<ele>317.10</ele>
	<time>1970-01-01T00:00:00.000Z</time>
</trkpt>
<trkpt lat="46.5714802" lon="4.2890133">
	<ele>314.50</ele>
	<time>1970-01-01T00:00:00.000Z</time>
</trkpt>
<trkpt lat="46.5730912" lon="4.2920707">
	<ele>311.90</ele>
	<time>1970-01-01T00:00:00.000Z</time>
</trkpt>
<trkpt lat="46.5755283" lon="4.2950384">
	<ele>306.30</ele>
	<time>1970-01-01T00:00:00.000Z</time>
</trkpt>
<trkpt lat="46.5758089" lon="4.2953420">
	<ele>306.10</ele>
	<time>1970-01-01T00:00:00.000Z</time>
</trkpt>
<trkpt lat="46.5760689" lon="4.2954551">
	<ele>306.10</ele>
	<time>1970-01-01T00:00:00.000Z</time>
</trkpt>
<trkpt lat="46.5798984" lon="4.2956970">
	<ele>303.70</ele>
	<time>1970-01-01T00:00:00.000Z</time>
</trkpt>
<trkpt lat="46.5821835" lon="4.2964358">
	<ele>307.30</ele>
	<time>1970-01-01T00:00:00.000Z</time>
</trkpt>
<trkpt lat="46.5843608" lon="4.2965145">
	<ele>311.80</ele>
	<time>1970-01-01T00:00:00.000Z</time>
</trkpt>
<trkpt lat="46.5849673" lon="4.2965537">
	<ele>315.60</ele>
	<time>1970-01-01T00:00:00.000Z</time>
</trkpt>
<trkpt lat="46.5852402" lon="4.2966154">
	<ele>317.00</ele>
	<time>1970-01-01T00:00:00.000Z</time>
</trkpt>
<trkpt lat="46.5862325" lon="4.2970657">
	<ele>313.10</ele>
	<time>1970-01-01T00:00:00.000Z</time>
</trkpt>
<trkpt lat="46.5873102" lon="4.2973982">
	<ele>305.40</ele>
	<time>1970-01-01T00:00:00.000Z</time>
</trkpt>
<trkpt lat="46.5876760" lon="4.2975842">
	<ele>300.00</ele>
	<time>1970-01-01T00:00:00.000Z</time>
</trkpt>
<trkpt lat="46.5891962" lon="4.2985026">
	<ele>289.80</ele>
	<time>1970-01-01T00:00:00.000Z</time>
</trkpt>
<trkpt lat="46.5899288" lon="4.2988227">
	<ele>286.70</ele>
	<time>1970-01-01T00:00:00.000Z</time>
</trkpt>
<trkpt lat="46.5904963" lon="4.2990506">
	<ele>286.00</ele>
	<time>1970-01-01T00:00:00.000Z</time>
</trkpt>
<trkpt lat="46.5914563" lon="4.2993099">
	<ele>284.10</ele>
	<time>1970-01-01T00:00:00.000Z</time>
</trkpt>
<trkpt lat="46.5923721" lon="4.2993603">
	<ele>284.40</ele>
	<time>1970-01-01T00:00:00.000Z</time>
</trkpt>
<trkpt lat="46.5934102" lon="4.2992252">
	<ele>284.50</ele>
	<time>1970-01-01T00:00:00.000Z</time>
</trkpt>
<trkpt lat="46.5942315" lon="4.2992376">
	<ele>284.20</ele>
	<time>1970-01-01T00:00:00.000Z</time>
</trkpt>
<trkpt lat="46.5949921" lon="4.2993170">
	<ele>282.10</ele>
	<time>1970-01-01T00:00:00.000Z</time>
</trkpt>
<trkpt lat="46.5955519" lon="4.2993027">
	<ele>279.40</ele>
	<time>1970-01-01T00:00:00.000Z</time>
</trkpt>
<trkpt lat="46.5959818" lon="4.2992320">
	<ele>276.60</ele>
	<time>1970-01-01T00:00:00.000Z</time>
</trkpt>
<trkpt lat="46.5973961" lon="4.2986786">
	<ele>264.60</ele>
	<time>1970-01-01T00:00:00.000Z</time>
</trkpt>
<trkpt lat="46.5980660" lon="4.2984957">
	<ele>263.60</ele>
	<time>1970-01-01T00:00:00.000Z</time>
</trkpt>
<trkpt lat="46.5985556" lon="4.2984097">
	<ele>263.10</ele>
	<time>1970-01-01T00:00:00.000Z</time>
</trkpt>
<trkpt lat="46.5997261" lon="4.2975021">
	<ele>267.00</ele>
	<time>1970-01-01T00:00:00.000Z</time>
</trkpt>
<trkpt lat="46.5998585" lon="4.2974206">
	<ele>267.20</ele>
	<time>1970-01-01T00:00:00.000Z</time>
</trkpt>
<trkpt lat="46.6001571" lon="4.2973622">
	<ele>267.20</ele>
	<time>1970-01-01T00:00:00.000Z</time>
</trkpt>
<trkpt lat="46.6002993" lon="4.2980929">
	<ele>266.80</ele>
	<time>1970-01-01T00:00:00.000Z</time>
</trkpt>
<trkpt lat="46.6005039" lon="4.3062530">
	<ele>275.00</ele>
	<time>1970-01-01T00:00:00.000Z</time>
</trkpt>
<trkpt lat="46.6007669" lon="4.3055027">
	<ele>276.70</ele>
	<time>1970-01-01T00:00:00.000Z</time>
</trkpt>
<trkpt lat="46.6009138" lon="4.3052662">
	<ele>277.90</ele>
	<time>1970-01-01T00:00:00.000Z</time>
</trkpt>
<trkpt lat="46.6018554" lon="4.3045230">
	<ele>277.70</ele>
	<time>1970-01-01T00:00:00.000Z</time>
</trkpt>
<trkpt lat="46.6022084" lon="4.3054515">
	<ele>279.30</ele>
	<time>1970-01-01T00:00:00.000Z</time>
</trkpt>
<trkpt lat="46.6027599" lon="4.3066115">
	<ele>280.40</ele>
	<time>1970-01-01T00:00:00.000Z</time>
</trkpt>
<trkpt lat="46.6040295" lon="4.3089206">
	<ele>280.80</ele>
	<time>1970-01-01T00:00:00.000Z</time>
</trkpt>
<trkpt lat="46.6043389" lon="4.3096228">
	<ele>281.20</ele>
	<time>1970-01-01T00:00:00.000Z</time>
</trkpt>
<trkpt lat="46.6045887" lon="4.3103230">
	<ele>280.60</ele>
	<time>1970-01-01T00:00:00.000Z</time>
</trkpt>
<trkpt lat="46.6050505" lon="4.3118426">
	<ele>279.70</ele>
	<time>1970-01-01T00:00:00.000Z</time>
</trkpt>
<trkpt lat="46.6053458" lon="4.3126654">
	<ele>280.60</ele>
	<time>1970-01-01T00:00:00.000Z</time>
</trkpt>
<trkpt lat="46.6055769" lon="4.3130711">
	<ele>282.30</ele>
	<time>1970-01-01T00:00:00.000Z</time>
</trkpt>
<trkpt lat="46.6058793" lon="4.3134794">
	<ele>283.20</ele>
	<time>1970-01-01T00:00:00.000Z</time>
</trkpt>
<trkpt lat="46.6066387" lon="4.3143190">
	<ele>284.50</ele>
	<time>1970-01-01T00:00:00.000Z</time>
</trkpt>
<trkpt lat="46.6068709" lon="4.3146558">
	<ele>282.80</ele>
	<time>1970-01-01T00:00:00.000Z</time>
</trkpt>
<trkpt lat="46.6072168" lon="4.3153075">
	<ele>278.70</ele>
	<time>1970-01-01T00:00:00.000Z</time>
</trkpt>
<trkpt lat="46.6076884" lon="4.3169487">
	<ele>276.70</ele>
	<time>1970-01-01T00:00:00.000Z</time>
</trkpt>
<trkpt lat="46.6078509" lon="4.3178702">
	<ele>280.60</ele>
	<time>1970-01-01T00:00:00.000Z</time>
</trkpt>
<trkpt lat="46.6081269" lon="4.3184332">
	<ele>284.90</ele>
	<time>1970-01-01T00:00:00.000Z</time>
</trkpt>
<trkpt lat="46.6085317" lon="4.3191217">
	<ele>288.10</ele>
	<time>1970-01-01T00:00:00.000Z</time>
</trkpt>
<trkpt lat="46.6085706" lon="4.3196240">
	<ele>288.80</ele>
	<time>1970-01-01T00:00:00.000Z</time>
</trkpt>
<trkpt lat="46.6084544" lon="4.3208292">
	<ele>288.70</ele>
	<time>1970-01-01T00:00:00.000Z</time>
</trkpt>
<trkpt lat="46.6084524" lon="4.3216237">
	<ele>289.70</ele>
	<time>1970-01-01T00:00:00.000Z</time>
</trkpt>
<trkpt lat="46.6085958" lon="4.3215945">
	<ele>290.10</ele>
	<time>1970-01-01T00:00:00.000Z</time>
</trkpt>
<trkpt lat="46.6101175" lon="4.3224104">
	<ele>290.10</ele>
	<time>1970-01-01T00:00:00.000Z</time>
</trkpt>
<trkpt lat="46.6116551" lon="4.3223113">
	<ele>289.90</ele>
	<time>1970-01-01T00:00:00.000Z</time>
</trkpt>
<trkpt lat="46.6129763" lon="4.3223251">
	<ele>288.70</ele>
	<time>1970-01-01T00:00:00.000Z</time>
</trkpt>
<trkpt lat="46.6139868" lon="4.3224140">
	<ele>288.80</ele>
	<time>1970-01-01T00:00:00.000Z</time>
</trkpt>
<trkpt lat="46.6150543" lon="4.3226432">
	<ele>288.40</ele>
	<time>1970-01-01T00:00:00.000Z</time>
</trkpt>
<trkpt lat="46.6156808" lon="4.3222170">
	<ele>287.30</ele>
	<time>1970-01-01T00:00:00.000Z</time>
</trkpt>
<trkpt lat="46.6158422" lon="4.3245728">
	<ele>291.10</ele>
	<time>1970-01-01T00:00:00.000Z</time>
</trkpt>
<trkpt lat="46.6158313" lon="4.3258855">
	<ele>290.90</ele>
	<time>1970-01-01T00:00:00.000Z</time>
</trkpt>
<trkpt lat="46.6158723" lon="4.3262670">
	<ele>291.20</ele>
	<time>1970-01-01T00:00:00.000Z</time>
</trkpt>
<trkpt lat="46.6164726" lon="4.3293818">
	<ele>294.00</ele>
	<time>1970-01-01T00:00:00.000Z</time>
</trkpt>
<trkpt lat="46.6164158" lon="4.3305893">
	<ele>297.40</ele>
	<time>1970-01-01T00:00:00.000Z</time>
</trkpt>
<trkpt lat="46.6165095" lon="4.3327180">
	<ele>300.50</ele>
	<time>1970-01-01T00:00:00.000Z</time>
</trkpt>
<trkpt lat="46.6163190" lon="4.3334020">
	<ele>301.40</ele>
	<time>1970-01-01T00:00:00.000Z</time>
</trkpt>
<trkpt lat="46.6150830" lon="4.3366738">
	<ele>307.80</ele>
	<time>1970-01-01T00:00:00.000Z</time>
</trkpt>
<trkpt lat="46.6141268" lon="4.3389192">
	<ele>308.20</ele>
	<time>1970-01-01T00:00:00.000Z</time>
</trkpt>
<trkpt lat="46.6134381" lon="4.3401723">
	<ele>310.00</ele>
	<time>1970-01-01T00:00:00.000Z</time>
</trkpt>
<trkpt lat="46.6133613" lon="4.3404805">
	<ele>310.30</ele>
	<time>1970-01-01T00:00:00.000Z</time>
</trkpt>
<trkpt lat="46.6131461" lon="4.3418892">
	<ele>313.30</ele>
	<time>1970-01-01T00:00:00.000Z</time>
</trkpt>
<trkpt lat="46.6126974" lon="4.3437040">
	<ele>320.80</ele>
	<time>1970-01-01T00:00:00.000Z</time>
</trkpt>
<trkpt lat="46.6125456" lon="4.3442167">
	<ele>322.30</ele>
	<time>1970-01-01T00:00:00.000Z</time>
</trkpt>
<trkpt lat="46.6118053" lon="4.3477137">
	<ele>324.20</ele>
	<time>1970-01-01T00:00:00.000Z</time>
</trkpt>
<trkpt lat="46.6116928" lon="4.3480205">
	<ele>323.50</ele>
	<time>1970-01-01T00:00:00.000Z</time>
</trkpt>
<trkpt lat="46.6109688" lon="4.3492375">
	<ele>327.70</ele>
	<time>1970-01-01T00:00:00.000Z</time>
</trkpt>
<trkpt lat="46.6107821" lon="4.3496970">
	<ele>328.00</ele>
	<time>1970-01-01T00:00:00.000Z</time>
</trkpt>
<trkpt lat="46.6105521" lon="4.3505869">
	<ele>327.20</ele>
	<time>1970-01-01T00:00:00.000Z</time>
</trkpt>
<trkpt lat="46.6102784" lon="4.3525981">
	<ele>328.60</ele>
	<time>1970-01-01T00:00:00.000Z</time>
</trkpt>
<trkpt lat="46.6100731" lon="4.3534370">
	<ele>330.50</ele>
	<time>1970-01-01T00:00:00.000Z</time>
</trkpt>
<trkpt lat="46.6100261" lon="4.3547482">
	<ele>332.30</ele>
	<time>1970-01-01T00:00:00.000Z</time>
</trkpt>
<trkpt lat="46.6104587" lon="4.3558701">
	<ele>332.40</ele>
	<time>1970-01-01T00:00:00.000Z</time>
</trkpt>
<trkpt lat="46.6111707" lon="4.3573478">
	<ele>332.70</ele>
	<time>1970-01-01T00:00:00.000Z</time>
</trkpt>
<trkpt lat="46.6112948" lon="4.3577326">
	<ele>332.60</ele>
	<time>1970-01-01T00:00:00.000Z</time>
</trkpt>
<trkpt lat="46.6113952" lon="4.3581164">
	<ele>333.70</ele>
	<time>1970-01-01T00:00:00.000Z</time>
</trkpt>
<trkpt lat="46.6114293" lon="4.3588778">
	<ele>335.10</ele>
	<time>1970-01-01T00:00:00.000Z</time>
</trkpt>
<trkpt lat="46.6116047" lon="4.3597309">
	<ele>335.00</ele>
	<time>1970-01-01T00:00:00.000Z</time>
</trkpt>
<trkpt lat="46.6140514" lon="4.3607381">
	<ele>335.60</ele>
	<time>1970-01-01T00:00:00.000Z</time>
</trkpt>
<trkpt lat="46.6148174" lon="4.3611814">
	<ele>338.30</ele>
	<time>1970-01-01T00:00:00.000Z</time>
</trkpt>
<trkpt lat="46.6164046" lon="4.3623120">
	<ele>347.20</ele>
	<time>1970-01-01T00:00:00.000Z</time>
</trkpt>
<trkpt lat="46.6166420" lon="4.3623553">
	<ele>348.80</ele>
	<time>1970-01-01T00:00:00.000Z</time>
</trkpt>
<trkpt lat="46.6168896" lon="4.3624856">
	<ele>349.10</ele>
	<time>1970-01-01T00:00:00.000Z</time>
</trkpt>
<trkpt lat="46.6171948" lon="4.3627389">
	<ele>349.40</ele>
	<time>1970-01-01T00:00:00.000Z</time>
</trkpt>
<trkpt lat="46.6176257" lon="4.3632734">
	<ele>351.10</ele>
	<time>1970-01-01T00:00:00.000Z</time>
</trkpt>
<trkpt lat="46.6178481" lon="4.3634891">
	<ele>351.60</ele>
	<time>1970-01-01T00:00:00.000Z</time>
</trkpt>
<trkpt lat="46.6181810" lon="4.3635188">
	<ele>353.70</ele>
	<time>1970-01-01T00:00:00.000Z</time>
</trkpt>
<trkpt lat="46.6185510" lon="4.3634636">
	<ele>353.40</ele>
	<time>1970-01-01T00:00:00.000Z</time>
</trkpt>
<trkpt lat="46.6191850" lon="4.3632973">
	<ele>352.10</ele>
	<time>1970-01-01T00:00:00.000Z</time>
</trkpt>
<trkpt lat="46.6217647" lon="4.3635147">
	<ele>349.20</ele>
	<time>1970-01-01T00:00:00.000Z</time>
</trkpt>
<trkpt lat="46.6230572" lon="4.3644789">
	<ele>347.90</ele>
	<time>1970-01-01T00:00:00.000Z</time>
</trkpt>
<trkpt lat="46.6235524" lon="4.3647567">
	<ele>343.70</ele>
	<time>1970-01-01T00:00:00.000Z</time>
</trkpt>
<trkpt lat="46.6249587" lon="4.3653451">
	<ele>341.00</ele>
	<time>1970-01-01T00:00:00.000Z</time>
</trkpt>
<trkpt lat="46.6266744" lon="4.3659451">
	<ele>340.80</ele>
	<time>1970-01-01T00:00:00.000Z</time>
</trkpt>
<trkpt lat="46.6268613" lon="4.3661422">
	<ele>341.30</ele>
	<time>1970-01-01T00:00:00.000Z</time>
</trkpt>
<trkpt lat="46.6270102" lon="4.3664760">
	<ele>342.90</ele>
	<time>1970-01-01T00:00:00.000Z</time>
</trkpt>
<trkpt lat="46.6270370" lon="4.3671800">
	<ele>341.70</ele>
	<time>1970-01-01T00:00:00.000Z</time>
</trkpt>
<trkpt lat="46.6273191" lon="4.3678530">
	<ele>340.80</ele>
	<time>1970-01-01T00:00:00.000Z</time>
</trkpt>
<trkpt lat="46.6273493" lon="4.3681652">
	<ele>340.40</ele>
	<time>1970-01-01T00:00:00.000Z</time>
</trkpt>
<trkpt lat="46.6273197" lon="4.3684924">
	<ele>339.20</ele>
	<time>1970-01-01T00:00:00.000Z</time>
</trkpt>
<trkpt lat="46.6271188" lon="4.3690725">
	<ele>336.60</ele>
	<time>1970-01-01T00:00:00.000Z</time>
</trkpt>
<trkpt lat="46.6271245" lon="4.3694183">
	<ele>332.80</ele>
	<time>1970-01-01T00:00:00.000Z</time>
</trkpt>
<trkpt lat="46.6272514" lon="4.3696477">
	<ele>331.20</ele>
	<time>1970-01-01T00:00:00.000Z</time>
</trkpt>
<trkpt lat="46.6274387" lon="4.3698276">
	<ele>329.20</ele>
	<time>1970-01-01T00:00:00.000Z</time>
</trkpt>
<trkpt lat="46.6276507" lon="4.3699565">
	<ele>328.40</ele>
	<time>1970-01-01T00:00:00.000Z</time>
</trkpt>
<trkpt lat="46.6281962" lon="4.3700807">
	<ele>324.20</ele>
	<time>1970-01-01T00:00:00.000Z</time>
</trkpt>
<trkpt lat="46.6284103" lon="4.3700888">
	<ele>322.30</ele>
	<time>1970-01-01T00:00:00.000Z</time>
</trkpt>
<trkpt lat="46.6286495" lon="4.3700285">
	<ele>320.70</ele>
	<time>1970-01-01T00:00:00.000Z</time>
</trkpt>
<trkpt lat="46.6292497" lon="4.3697573">
	<ele>314.30</ele>
	<time>1970-01-01T00:00:00.000Z</time>
</trkpt>
<trkpt lat="46.6295462" lon="4.3698203">
	<ele>312.30</ele>
	<time>1970-01-01T00:00:00.000Z</time>
</trkpt>
<trkpt lat="46.6300544" lon="4.3700296">
	<ele>304.90</ele>
	<time>1970-01-01T00:00:00.000Z</time>
</trkpt>
<trkpt lat="46.6308360" lon="4.3702662">
	<ele>300.30</ele>
	<time>1970-01-01T00:00:00.000Z</time>
</trkpt>
<trkpt lat="46.6320565" lon="4.3705887">
	<ele>293.30</ele>
	<time>1970-01-01T00:00:00.000Z</time>
</trkpt>
<trkpt lat="46.6327219" lon="4.3706655">
	<ele>291.80</ele>
	<time>1970-01-01T00:00:00.000Z</time>
</trkpt>
<trkpt lat="46.6332222" lon="4.3706497">
	<ele>292.70</ele>
	<time>1970-01-01T00:00:00.000Z</time>
</trkpt>
<trkpt lat="46.6339283" lon="4.3704515">
	<ele>295.30</ele>
	<time>1970-01-01T00:00:00.000Z</time>
</trkpt>
<trkpt lat="46.6342779" lon="4.3702055">
	<ele>295.50</ele>
	<time>1970-01-01T00:00:00.000Z</time>
</trkpt>
<trkpt lat="46.6353125" lon="4.3696047">
	<ele>295.70</ele>
	<time>1970-01-01T00:00:00.000Z</time>
</trkpt>
<trkpt lat="46.6373034" lon="4.3694548">
	<ele>301.30</ele>
	<time>1970-01-01T00:00:00.000Z</time>
</trkpt>
<trkpt lat="46.6374850" lon="4.3692887">
	<ele>301.70</ele>
	<time>1970-01-01T00:00:00.000Z</time>
</trkpt>
<trkpt lat="46.6376946" lon="4.3688817">
	<ele>302.10</ele>
	<time>1970-01-01T00:00:00.000Z</time>
</trkpt>
<trkpt lat="46.6379015" lon="4.3686302">
	<ele>302.50</ele>
	<time>1970-01-01T00:00:00.000Z</time>
</trkpt>
<trkpt lat="46.6381679" lon="4.3683811">
	<ele>304.00</ele>
	<time>1970-01-01T00:00:00.000Z</time>
</trkpt>
<trkpt lat="46.6384212" lon="4.3682003">
	<ele>304.50</ele>
	<time>1970-01-01T00:00:00.000Z</time>
</trkpt>
<trkpt lat="46.6386850" lon="4.3680892">
	<ele>307.80</ele>
	<time>1970-01-01T00:00:00.000Z</time>
</trkpt>
<trkpt lat="46.6388519" lon="4.3680782">
	<ele>308.90</ele>
	<time>1970-01-01T00:00:00.000Z</time>
</trkpt>
<trkpt lat="46.6405017" lon="4.3694498">
	<ele>322.90</ele>
	<time>1970-01-01T00:00:00.000Z</time>
</trkpt>
<trkpt lat="46.6403767" lon="4.3700369">
	<ele>326.30</ele>
	<time>1970-01-01T00:00:00.000Z</time>
</trkpt>
<trkpt lat="46.6403709" lon="4.3703651">
	<ele>327.60</ele>
	<time>1970-01-01T00:00:00.000Z</time>
</trkpt>
<trkpt lat="46.6404352" lon="4.3707651">
	<ele>329.20</ele>
	<time>1970-01-01T00:00:00.000Z</time>
</trkpt>
<trkpt lat="46.6406857" lon="4.3707163">
	<ele>329.60</ele>
	<time>1970-01-01T00:00:00.000Z</time>
</trkpt>
<trkpt lat="46.6408088" lon="4.3707609">
	<ele>331.10</ele>
	<time>1970-01-01T00:00:00.000Z</time>
</trkpt>
<trkpt lat="46.6409232" lon="4.3709152">
	<ele>331.40</ele>
	<time>1970-01-01T00:00:00.000Z</time>
</trkpt>
<trkpt lat="46.6413285" lon="4.3717403">
	<ele>334.30</ele>
	<time>1970-01-01T00:00:00.000Z</time>
</trkpt>
<trkpt lat="46.6415622" lon="4.3725388">
	<ele>336.70</ele>
	<time>1970-01-01T00:00:00.000Z</time>
</trkpt>
<trkpt lat="46.6418055" lon="4.3731779">
	<ele>338.80</ele>
	<time>1970-01-01T00:00:00.000Z</time>
</trkpt>
<trkpt lat="46.6423483" lon="4.3740181">
	<ele>342.30</ele>
	<time>1970-01-01T00:00:00.000Z</time>
</trkpt>
<trkpt lat="46.6424623" lon="4.3741515">
	<ele>343.10</ele>
	<time>1970-01-01T00:00:00.000Z</time>
</trkpt>
<trkpt lat="46.6425927" lon="4.3741692">
	<ele>343.70</ele>
	<time>1970-01-01T00:00:00.000Z</time>
</trkpt>
<trkpt lat="46.6426188" lon="4.3746782">
	<ele>345.50</ele>
	<time>1970-01-01T00:00:00.000Z</time>
</trkpt>
<trkpt lat="46.6436393" lon="4.3776760">
	<ele>353.30</ele>
	<time>1970-01-01T00:00:00.000Z</time>
</trkpt>
<trkpt lat="46.6444952" lon="4.3798778">
	<ele>356.10</ele>
	<time>1970-01-01T00:00:00.000Z</time>
</trkpt>
<trkpt lat="46.6449785" lon="4.3809559">
	<ele>358.80</ele>
	<time>1970-01-01T00:00:00.000Z</time>
</trkpt>
<trkpt lat="46.6455518" lon="4.3820073">
	<ele>359.90</ele>
	<time>1970-01-01T00:00:00.000Z</time>
</trkpt>
<trkpt lat="46.6455847" lon="4.3824785">
	<ele>358.10</ele>
	<time>1970-01-01T00:00:00.000Z</time>
</trkpt>
<trkpt lat="46.6455630" lon="4.3836875">
	<ele>353.10</ele>
	<time>1970-01-01T00:00:00.000Z</time>
</trkpt>
<trkpt lat="46.6454973" lon="4.3850449">
	<ele>348.30</ele>
	<time>1970-01-01T00:00:00.000Z</time>
</trkpt>
<trkpt lat="46.6460890" lon="4.3850772">
	<ele>346.20</ele>
	<time>1970-01-01T00:00:00.000Z</time>
</trkpt>
<trkpt lat="46.6464581" lon="4.3852311">
	<ele>344.00</ele>
	<time>1970-01-01T00:00:00.000Z</time>
</trkpt>
<trkpt lat="46.6465939" lon="4.3853362">
	<ele>342.70</ele>
	<time>1970-01-01T00:00:00.000Z</time>
</trkpt>
<trkpt lat="46.6467419" lon="4.3855319">
	<ele>341.20</ele>
	<time>1970-01-01T00:00:00.000Z</time>
</trkpt>
<trkpt lat="46.6470674" lon="4.3861940">
	<ele>336.70</ele>
	<time>1970-01-01T00:00:00.000Z</time>
</trkpt>
<trkpt lat="46.6475213" lon="4.3873711">
	<ele>334.50</ele>
	<time>1970-01-01T00:00:00.000Z</time>
</trkpt>
<trkpt lat="46.6476551" lon="4.3875962">
	<ele>333.60</ele>
	<time>1970-01-01T00:00:00.000Z</time>
</trkpt>
<trkpt lat="46.6480875" lon="4.3880525">
	<ele>332.50</ele>
	<time>1970-01-01T00:00:00.000Z</time>
</trkpt>
<trkpt lat="46.6491989" lon="4.3886645">
	<ele>331.70</ele>
	<time>1970-01-01T00:00:00.000Z</time>
</trkpt>
<trkpt lat="46.6501753" lon="4.3891216">
	<ele>331.30</ele>
	<time>1970-01-01T00:00:00.000Z</time>
</trkpt>
<trkpt lat="46.6505656" lon="4.3892463">
	<ele>332.80</ele>
	<time>1970-01-01T00:00:00.000Z</time>
</trkpt>
<trkpt lat="46.6510258" lon="4.3893139">
	<ele>335.50</ele>
	<time>1970-01-01T00:00:00.000Z</time>
</trkpt>
<trkpt lat="46.6517787" lon="4.3895623">
	<ele>341.00</ele>
	<time>1970-01-01T00:00:00.000Z</time>
</trkpt>
<trkpt lat="46.6519560" lon="4.3896591">
	<ele>342.40</ele>
	<time>1970-01-01T00:00:00.000Z</time>
</trkpt>
<trkpt lat="46.6520978" lon="4.3898144">
	<ele>343.00</ele>
	<time>1970-01-01T00:00:00.000Z</time>
</trkpt>
<trkpt lat="46.6525389" lon="4.3905612">
	<ele>344.80</ele>
	<time>1970-01-01T00:00:00.000Z</time>
</trkpt>
<trkpt lat="46.6530489" lon="4.3913004">
	<ele>345.70</ele>
	<time>1970-01-01T00:00:00.000Z</time>
</trkpt>
<trkpt lat="46.6535170" lon="4.3905383">
	<ele>344.40</ele>
	<time>1970-01-01T00:00:00.000Z</time>
</trkpt>
<trkpt lat="46.6538755" lon="4.3901318">
	<ele>343.40</ele>
	<time>1970-01-01T00:00:00.000Z</time>
</trkpt>
<trkpt lat="46.6550736" lon="4.3889873">
	<ele>340.80</ele>
	<time>1970-01-01T00:00:00.000Z</time>
</trkpt>
<trkpt lat="46.6555376" lon="4.3884549">
	<ele>339.10</ele>
	<time>1970-01-01T00:00:00.000Z</time>
</trkpt>
<trkpt lat="46.6559829" lon="4.3878118">
	<ele>338.50</ele>
	<time>1970-01-01T00:00:00.000Z</time>
</trkpt>
<trkpt lat="46.6569703" lon="4.3861291">
	<ele>338.40</ele>
	<time>1970-01-01T00:00:00.000Z</time>
</trkpt>
<trkpt lat="46.6572020" lon="4.3858778">
	<ele>338.20</ele>
	<time>1970-01-01T00:00:00.000Z</time>
</trkpt>
<trkpt lat="46.6574521" lon="4.3857573">
	<ele>338.20</ele>
	<time>1970-01-01T00:00:00.000Z</time>
</trkpt>
<trkpt lat="46.6575343" lon="4.3859893">
	<ele>338.10</ele>
	<time>1970-01-01T00:00:00.000Z</time>
</trkpt>
<trkpt lat="46.6579290" lon="4.3864254">
	<ele>338.20</ele>
	<time>1970-01-01T00:00:00.000Z</time>
</trkpt>
<trkpt lat="46.6581487" lon="4.3869082">
	<ele>338.40</ele>
	<time>1970-01-01T00:00:00.000Z</time>
</trkpt>
<trkpt lat="46.6583007" lon="4.3870843">
	<ele>339.40</ele>
	<time>1970-01-01T00:00:00.000Z</time>
</trkpt>
<trkpt lat="46.6585330" lon="4.3872520">
	<ele>340.50</ele>
	<time>1970-01-01T00:00:00.000Z</time>
</trkpt>
<trkpt lat="46.6586604" lon="4.3874932">
	<ele>341.40</ele>
	<time>1970-01-01T00:00:00.000Z</time>
</trkpt>
<trkpt lat="46.6587185" lon="4.3877054">
	<ele>341.40</ele>
	<time>1970-01-01T00:00:00.000Z</time>
</trkpt>
<trkpt lat="46.6587810" lon="4.3884479">
	<ele>337.80</ele>
	<time>1970-01-01T00:00:00.000Z</time>
</trkpt>
<trkpt lat="46.6589277" lon="4.3887135">
	<ele>336.80</ele>
	<time>1970-01-01T00:00:00.000Z</time>
</trkpt>
<trkpt lat="46.6595159" lon="4.3893159">
	<ele>336.70</ele>
	<time>1970-01-01T00:00:00.000Z</time>
</trkpt>
<trkpt lat="46.6604829" lon="4.3895325">
	<ele>337.00</ele>
	<time>1970-01-01T00:00:00.000Z</time>
</trkpt>
<trkpt lat="46.6606259" lon="4.3896179">
	<ele>332.20</ele>
	<time>1970-01-01T00:00:00.000Z</time>
</trkpt>
<trkpt lat="46.6610121" lon="4.3899726">
	<ele>328.10</ele>
	<time>1970-01-01T00:00:00.000Z</time>
</trkpt>
<trkpt lat="46.6612028" lon="4.3900899">
	<ele>328.70</ele>
	<time>1970-01-01T00:00:00.000Z</time>
</trkpt>
<trkpt lat="46.6616976" lon="4.3901386">
	<ele>326.90</ele>
	<time>1970-01-01T00:00:00.000Z</time>
</trkpt>
<trkpt lat="46.6627030" lon="4.3905268">
	<ele>326.60</ele>
	<time>1970-01-01T00:00:00.000Z</time>
</trkpt>
<trkpt lat="46.6628812" lon="4.3901836">
	<ele>331.80</ele>
	<time>1970-01-01T00:00:00.000Z</time>
</trkpt>
<trkpt lat="46.6630072" lon="4.3900683">
	<ele>335.50</ele>
	<time>1970-01-01T00:00:00.000Z</time>
</trkpt>
<trkpt lat="46.6633811" lon="4.3899526">
	<ele>331.80</ele>
	<time>1970-01-01T00:00:00.000Z</time>
</trkpt>
<trkpt lat="46.6635079" lon="4.3897972">
	<ele>332.90</ele>
	<time>1970-01-01T00:00:00.000Z</time>
</trkpt>
<trkpt lat="46.6635876" lon="4.3895802">
	<ele>335.80</ele>
	<time>1970-01-01T00:00:00.000Z</time>
</trkpt>
<trkpt lat="46.6636954" lon="4.3889443">
	<ele>338.10</ele>
	<time>1970-01-01T00:00:00.000Z</time>
</trkpt>
<trkpt lat="46.6643735" lon="4.3883798">
	<ele>336.40</ele>
	<time>1970-01-01T00:00:00.000Z</time>
</trkpt>
<trkpt lat="46.6651511" lon="4.3876391">
	<ele>335.30</ele>
	<time>1970-01-01T00:00:00.000Z</time>
</trkpt>
<trkpt lat="46.6665297" lon="4.3860211">
	<ele>330.10</ele>
	<time>1970-01-01T00:00:00.000Z</time>
</trkpt>
<trkpt lat="46.6680157" lon="4.3841768">
	<ele>325.10</ele>
	<time>1970-01-01T00:00:00.000Z</time>
</trkpt>
<trkpt lat="46.6693394" lon="4.3837068">
	<ele>317.60</ele>
	<time>1970-01-01T00:00:00.000Z</time>
</trkpt>
<trkpt lat="46.6713236" lon="4.3813412">
	<ele>297.50</ele>
	<time>1970-01-01T00:00:00.000Z</time>
</trkpt>
<trkpt lat="46.6711986" lon="4.3821666">
	<ele>297.90</ele>
	<time>1970-01-01T00:00:00.000Z</time>
</trkpt>
<trkpt lat="46.6712387" lon="4.3826183">
	<ele>296.10</ele>
	<time>1970-01-01T00:00:00.000Z</time>
</trkpt>
<trkpt lat="46.6719868" lon="4.3842871">
	<ele>288.40</ele>
	<time>1970-01-01T00:00:00.000Z</time>
</trkpt>
<trkpt lat="46.6724981" lon="4.3834262">
	<ele>289.30</ele>
	<time>1970-01-01T00:00:00.000Z</time>
</trkpt>
<trkpt lat="46.6729681" lon="4.3825536">
	<ele>288.90</ele>
	<time>1970-01-01T00:00:00.000Z</time>
</trkpt>
<trkpt lat="46.6733470" lon="4.3814676">
	<ele>288.20</ele>
	<time>1970-01-01T00:00:00.000Z</time>
</trkpt>
<trkpt lat="46.6737310" lon="4.3799415">
	<ele>288.30</ele>
	<time>1970-01-01T00:00:00.000Z</time>
</trkpt>
<trkpt lat="46.6739126" lon="4.3794182">
	<ele>287.40</ele>
	<time>1970-01-01T00:00:00.000Z</time>
</trkpt>
<trkpt lat="46.6752394" lon="4.3768372">
	<ele>290.60</ele>
	<time>1970-01-01T00:00:00.000Z</time>
</trkpt>
<trkpt lat="46.6756880" lon="4.3766180">
	<ele>289.40</ele>
	<time>1970-01-01T00:00:00.000Z</time>
</trkpt>
<trkpt lat="46.6760470" lon="4.3765900">
	<ele>288.10</ele>
	<time>1970-01-01T00:00:00.000Z</time>
</trkpt>
<trkpt lat="46.6765432" lon="4.3770865">
	<ele>287.40</ele>
	<time>1970-01-01T00:00:00.000Z</time>
</trkpt>
<trkpt lat="46.6772308" lon="4.3779128">
	<ele>288.00</ele>
	<time>1970-01-01T00:00:00.000Z</time>
</trkpt>
<trkpt lat="46.6774975" lon="4.3784031">
	<ele>288.40</ele>
	<time>1970-01-01T00:00:00.000Z</time>
</trkpt>
<trkpt lat="46.6798826" lon="4.3809542">
	<ele>300.80</ele>
	<time>1970-01-01T00:00:00.000Z</time>
</trkpt>
<trkpt lat="46.6809794" lon="4.3819961">
	<ele>303.30</ele>
	<time>1970-01-01T00:00:00.000Z</time>
</trkpt>
<trkpt lat="46.6812223" lon="4.3822755">
	<ele>304.00</ele>
	<time>1970-01-01T00:00:00.000Z</time>
</trkpt>
<trkpt lat="46.6816657" lon="4.3828926">
	<ele>304.80</ele>
	<time>1970-01-01T00:00:00.000Z</time>
</trkpt>
<trkpt lat="46.6820187" lon="4.3835562">
	<ele>305.00</ele>
	<time>1970-01-01T00:00:00.000Z</time>
</trkpt>
<trkpt lat="46.6829164" lon="4.3849509">
	<ele>303.20</ele>
	<time>1970-01-01T00:00:00.000Z</time>
</trkpt>
<trkpt lat="46.6843559" lon="4.3833946">
	<ele>295.70</ele>
	<time>1970-01-01T00:00:00.000Z</time>
</trkpt>
<trkpt lat="46.6845221" lon="4.3833408">
	<ele>295.70</ele>
	<time>1970-01-01T00:00:00.000Z</time>
</trkpt>
<trkpt lat="46.6846998" lon="4.3834176">
	<ele>295.90</ele>
	<time>1970-01-01T00:00:00.000Z</time>
</trkpt>
<trkpt lat="46.6851173" lon="4.3839436">
	<ele>297.30</ele>
	<time>1970-01-01T00:00:00.000Z</time>
</trkpt>
<trkpt lat="46.6853560" lon="4.3836572">
	<ele>295.30</ele>
	<time>1970-01-01T00:00:00.000Z</time>
</trkpt>
<trkpt lat="46.6859409" lon="4.3837076">
	<ele>295.30</ele>
	<time>1970-01-01T00:00:00.000Z</time>
</trkpt>
<trkpt lat="46.6860820" lon="4.3836750">
	<ele>295.10</ele>
	<time>1970-01-01T00:00:00.000Z</time>
</trkpt>
<trkpt lat="46.6864100" lon="4.3834880">
	<ele>294.80</ele>
	<time>1970-01-01T00:00:00.000Z</time>
</trkpt>
<trkpt lat="46.6865208" lon="4.3835494">
	<ele>294.80</ele>
	<time>1970-01-01T00:00:00.000Z</time>
</trkpt>
<trkpt lat="46.6866270" lon="4.3837053">
	<ele>295.80</ele>
	<time>1970-01-01T00:00:00.000Z</time>
</trkpt>
<trkpt lat="46.6866753" lon="4.3839596">
	<ele>296.40</ele>
	<time>1970-01-01T00:00:00.000Z</time>
</trkpt>
<trkpt lat="46.6866361" lon="4.3843228">
	<ele>296.80</ele>
	<time>1970-01-01T00:00:00.000Z</time>
</trkpt>
<trkpt lat="46.6865519" lon="4.3846964">
	<ele>296.80</ele>
	<time>1970-01-01T00:00:00.000Z</time>
</trkpt>
<trkpt lat="46.6869096" lon="4.3849820">
	<ele>298.00</ele>
	<time>1970-01-01T00:00:00.000Z</time>
</trkpt>
<trkpt lat="46.6872276" lon="4.3856846">
	<ele>300.40</ele>
	<time>1970-01-01T00:00:00.000Z</time>
</trkpt>
<trkpt lat="46.6879579" lon="4.3883439">
	<ele>301.10</ele>
	<time>1970-01-01T00:00:00.000Z</time>
</trkpt>
<trkpt lat="46.6887533" lon="4.3908256">
	<ele>306.80</ele>
	<time>1970-01-01T00:00:00.000Z</time>
</trkpt>
<trkpt lat="46.6951645" lon="4.3915695">
	<ele>285.60</ele>
	<time>1970-01-01T00:00:00.000Z</time>
</trkpt>
<trkpt lat="46.6954132" lon="4.3915230">
	<ele>285.00</ele>
	<time>1970-01-01T00:00:00.000Z</time>
</trkpt>
<trkpt lat="46.6959111" lon="4.3912831">
	<ele>283.60</ele>
	<time>1970-01-01T00:00:00.000Z</time>
</trkpt>
<trkpt lat="46.6960199" lon="4.3920193">
	<ele>282.70</ele>
	<time>1970-01-01T00:00:00.000Z</time>
</trkpt>
<trkpt lat="46.6960391" lon="4.3923677">
	<ele>282.20</ele>
	<time>1970-01-01T00:00:00.000Z</time>
</trkpt>
<trkpt lat="46.6959209" lon="4.3932876">
	<ele>283.10</ele>
	<time>1970-01-01T00:00:00.000Z</time>
</trkpt>
<trkpt lat="46.6959297" lon="4.3939314">
	<ele>284.50</ele>
	<time>1970-01-01T00:00:00.000Z</time>
</trkpt>
<trkpt lat="46.6961094" lon="4.3949662">
	<ele>284.30</ele>
	<time>1970-01-01T00:00:00.000Z</time>
</trkpt>
<trkpt lat="46.6962270" lon="4.3952222">
	<ele>283.80</ele>
	<time>1970-01-01T00:00:00.000Z</time>
</trkpt>
<trkpt lat="46.6964308" lon="4.3954888">
	<ele>283.30</ele>
	<time>1970-01-01T00:00:00.000Z</time>
</trkpt>
<trkpt lat="46.6979670" lon="4.3963608">
	<ele>284.00</ele>
	<time>1970-01-01T00:00:00.000Z</time>
</trkpt>
<trkpt lat="46.6982930" lon="4.3966247">
	<ele>285.10</ele>
	<time>1970-01-01T00:00:00.000Z</time>
</trkpt>
<trkpt lat="46.6989284" lon="4.3975067">
	<ele>283.70</ele>
	<time>1970-01-01T00:00:00.000Z</time>
</trkpt>
<trkpt lat="46.6991742" lon="4.3979895">
	<ele>282.50</ele>
	<time>1970-01-01T00:00:00.000Z</time>
</trkpt>
<trkpt lat="46.6992689" lon="4.3983777">
	<ele>282.40</ele>
	<time>1970-01-01T00:00:00.000Z</time>
</trkpt>
<trkpt lat="46.6992775" lon="4.3987478">
	<ele>282.50</ele>
	<time>1970-01-01T00:00:00.000Z</time>
</trkpt>
<trkpt lat="46.6992341" lon="4.3991825">
	<ele>282.80</ele>
	<time>1970-01-01T00:00:00.000Z</time>
</trkpt>
<trkpt lat="46.6990992" lon="4.3996063">
	<ele>284.30</ele>
	<time>1970-01-01T00:00:00.000Z</time>
</trkpt>
<trkpt lat="46.6980201" lon="4.4010296">
	<ele>285.70</ele>
	<time>1970-01-01T00:00:00.000Z</time>
</trkpt>
<trkpt lat="46.6973179" lon="4.4018755">
	<ele>286.10</ele>
	<time>1970-01-01T00:00:00.000Z</time>
</trkpt>
<trkpt lat="46.6971761" lon="4.4021215">
	<ele>285.50</ele>
	<time>1970-01-01T00:00:00.000Z</time>
</trkpt>
<trkpt lat="46.6970999" lon="4.4023922">
	<ele>284.50</ele>
	<time>1970-01-01T00:00:00.000Z</time>
</trkpt>
<trkpt lat="46.6970850" lon="4.4029390">
	<ele>283.50</ele>
	<time>1970-01-01T00:00:00.000Z</time>
</trkpt>
<trkpt lat="46.6971512" lon="4.4032152">
	<ele>283.40</ele>
	<time>1970-01-01T00:00:00.000Z</time>
</trkpt>
<trkpt lat="46.6974485" lon="4.4039440">
	<ele>286.70</ele>
	<time>1970-01-01T00:00:00.000Z</time>
</trkpt>
<trkpt lat="46.6979789" lon="4.4049923">
	<ele>288.50</ele>
	<time>1970-01-01T00:00:00.000Z</time>
</trkpt>
<trkpt lat="46.6992626" lon="4.4068829">
	<ele>283.20</ele>
	<time>1970-01-01T00:00:00.000Z</time>
</trkpt>
<trkpt lat="46.6997130" lon="4.4081502">
	<ele>284.30</ele>
	<time>1970-01-01T00:00:00.000Z</time>
</trkpt>
<trkpt lat="46.6999392" lon="4.4088615">
	<ele>285.60</ele>
	<time>1970-01-01T00:00:00.000Z</time>
</trkpt>
<trkpt lat="46.7000496" lon="4.4097903">
	<ele>287.90</ele>
	<time>1970-01-01T00:00:00.000Z</time>
</trkpt>
<trkpt lat="46.7001224" lon="4.4105475">
	<ele>287.80</ele>
	<time>1970-01-01T00:00:00.000Z</time>
</trkpt>
<trkpt lat="46.7000557" lon="4.4114102">
	<ele>290.90</ele>
	<time>1970-01-01T00:00:00.000Z</time>
</trkpt>
<trkpt lat="46.7000487" lon="4.4120830">
	<ele>292.10</ele>
	<time>1970-01-01T00:00:00.000Z</time>
</trkpt>
<trkpt lat="46.7001834" lon="4.4125098">
	<ele>292.00</ele>
	<time>1970-01-01T00:00:00.000Z</time>
</trkpt>
<trkpt lat="46.7007185" lon="4.4135749">
	<ele>287.80</ele>
	<time>1970-01-01T00:00:00.000Z</time>
</trkpt>
<trkpt lat="46.7014832" lon="4.4140685">
	<ele>284.50</ele>
	<time>1970-01-01T00:00:00.000Z</time>
</trkpt>
<trkpt lat="46.7016630" lon="4.4142529">
	<ele>284.00</ele>
	<time>1970-01-01T00:00:00.000Z</time>
</trkpt>
<trkpt lat="46.7023130" lon="4.4151655">
	<ele>283.70</ele>
	<time>1970-01-01T00:00:00.000Z</time>
</trkpt>
<trkpt lat="46.7024691" lon="4.4155339">
	<ele>284.60</ele>
	<time>1970-01-01T00:00:00.000Z</time>
</trkpt>
<trkpt lat="46.7036348" lon="4.4196987">
	<ele>285.50</ele>
	<time>1970-01-01T00:00:00.000Z</time>
</trkpt>
<trkpt lat="46.7037943" lon="4.4201634">
	<ele>285.70</ele>
	<time>1970-01-01T00:00:00.000Z</time>
</trkpt>
<trkpt lat="46.7039377" lon="4.4203908">
	<ele>285.70</ele>
	<time>1970-01-01T00:00:00.000Z</time>
</trkpt>
<trkpt lat="46.7045607" lon="4.4211102">
	<ele>284.50</ele>
	<time>1970-01-01T00:00:00.000Z</time>
</trkpt>
<trkpt lat="46.7055621" lon="4.4231238">
	<ele>286.50</ele>
	<time>1970-01-01T00:00:00.000Z</time>
</trkpt>
<trkpt lat="46.7069742" lon="4.4254787">
	<ele>289.10</ele>
	<time>1970-01-01T00:00:00.000Z</time>
</trkpt>
<trkpt lat="46.7072395" lon="4.4259995">
	<ele>289.60</ele>
	<time>1970-01-01T00:00:00.000Z</time>
</trkpt>
<trkpt lat="46.7074820" lon="4.4266524">
	<ele>288.90</ele>
	<time>1970-01-01T00:00:00.000Z</time>
</trkpt>
<trkpt lat="46.7075121" lon="4.4269568">
	<ele>289.40</ele>
	<time>1970-01-01T00:00:00.000Z</time>
</trkpt>
<trkpt lat="46.7074785" lon="4.4274068">
	<ele>290.00</ele>
	<time>1970-01-01T00:00:00.000Z</time>
</trkpt>
<trkpt lat="46.7075299" lon="4.4279232">
	<ele>290.50</ele>
	<time>1970-01-01T00:00:00.000Z</time>
</trkpt>
<trkpt lat="46.7077555" lon="4.4283939">
	<ele>289.80</ele>
	<time>1970-01-01T00:00:00.000Z</time>
</trkpt>
<trkpt lat="46.7080177" lon="4.4288035">
	<ele>287.80</ele>
	<time>1970-01-01T00:00:00.000Z</time>
</trkpt>
<trkpt lat="46.7083285" lon="4.4290597">
	<ele>287.70</ele>
	<time>1970-01-01T00:00:00.000Z</time>
</trkpt>
<trkpt lat="46.7090239" lon="4.4291531">
	<ele>287.50</ele>
	<time>1970-01-01T00:00:00.000Z</time>
</trkpt>
<trkpt lat="46.7093464" lon="4.4293284">
	<ele>288.40</ele>
	<time>1970-01-01T00:00:00.000Z</time>
</trkpt>
<trkpt lat="46.7096621" lon="4.4295921">
	<ele>289.40</ele>
	<time>1970-01-01T00:00:00.000Z</time>
</trkpt>
<trkpt lat="46.7099652" lon="4.4299885">
	<ele>290.00</ele>
	<time>1970-01-01T00:00:00.000Z</time>
</trkpt>
<trkpt lat="46.7101969" lon="4.4303970">
	<ele>290.20</ele>
	<time>1970-01-01T00:00:00.000Z</time>
</trkpt>
<trkpt lat="46.7107085" lon="4.4319111">
	<ele>290.40</ele>
	<time>1970-01-01T00:00:00.000Z</time>
</trkpt>
<trkpt lat="46.7108498" lon="4.4325380">
	<ele>289.90</ele>
	<time>1970-01-01T00:00:00.000Z</time>
</trkpt>
<trkpt lat="46.7108967" lon="4.4333018">
	<ele>290.10</ele>
	<time>1970-01-01T00:00:00.000Z</time>
</trkpt>
<trkpt lat="46.7110292" lon="4.4338469">
	<ele>289.60</ele>
	<time>1970-01-01T00:00:00.000Z</time>
</trkpt>
<trkpt lat="46.7113773" lon="4.4345706">
	<ele>289.00</ele>
	<time>1970-01-01T00:00:00.000Z</time>
</trkpt>
<trkpt lat="46.7116922" lon="4.4354336">
	<ele>289.70</ele>
	<time>1970-01-01T00:00:00.000Z</time>
</trkpt>
<trkpt lat="46.7118638" lon="4.4360617">
	<ele>289.20</ele>
	<time>1970-01-01T00:00:00.000Z</time>
</trkpt>
<trkpt lat="46.7122385" lon="4.4381033">
	<ele>289.10</ele>
	<time>1970-01-01T00:00:00.000Z</time>
</trkpt>
<trkpt lat="46.7123422" lon="4.4385512">
	<ele>288.60</ele>
	<time>1970-01-01T00:00:00.000Z</time>
</trkpt>
<trkpt lat="46.7124739" lon="4.4388522">
	<ele>288.10</ele>
	<time>1970-01-01T00:00:00.000Z</time>
</trkpt>
<trkpt lat="46.7133591" lon="4.4402553">
	<ele>287.10</ele>
	<time>1970-01-01T00:00:00.000Z</time>
</trkpt>
<trkpt lat="46.7135389" lon="4.4404399">
	<ele>288.20</ele>
	<time>1970-01-01T00:00:00.000Z</time>
</trkpt>
<trkpt lat="46.7137930" lon="4.4404571">
	<ele>289.40</ele>
	<time>1970-01-01T00:00:00.000Z</time>
</trkpt>
<trkpt lat="46.7155808" lon="4.4397498">
	<ele>291.60</ele>
	<time>1970-01-01T00:00:00.000Z</time>
</trkpt>
<trkpt lat="46.7158062" lon="4.4397686">
	<ele>292.80</ele>
	<time>1970-01-01T00:00:00.000Z</time>
</trkpt>
<trkpt lat="46.7161750" lon="4.4398700">
	<ele>292.50</ele>
	<time>1970-01-01T00:00:00.000Z</time>
</trkpt>
<trkpt lat="46.7169815" lon="4.4401612">
	<ele>291.50</ele>
	<time>1970-01-01T00:00:00.000Z</time>
</trkpt>
<trkpt lat="46.7176232" lon="4.4405056">
	<ele>290.30</ele>
	<time>1970-01-01T00:00:00.000Z</time>
</trkpt>
<trkpt lat="46.7177614" lon="4.4408011">
	<ele>291.10</ele>
	<time>1970-01-01T00:00:00.000Z</time>
</trkpt>
<trkpt lat="46.7179480" lon="4.4417670">
	<ele>294.90</ele>
	<time>1970-01-01T00:00:00.000Z</time>
</trkpt>
<trkpt lat="46.7181827" lon="4.4423750">
	<ele>293.20</ele>
	<time>1970-01-01T00:00:00.000Z</time>
</trkpt>
<trkpt lat="46.7183633" lon="4.4426522">
	<ele>292.20</ele>
	<time>1970-01-01T00:00:00.000Z</time>
</trkpt>
<trkpt lat="46.7186222" lon="4.4429427">
	<ele>291.60</ele>
	<time>1970-01-01T00:00:00.000Z</time>
</trkpt>
<trkpt lat="46.7194541" lon="4.4435464">
	<ele>292.90</ele>
	<time>1970-01-01T00:00:00.000Z</time>
</trkpt>
<trkpt lat="46.7198887" lon="4.4436049">
	<ele>293.30</ele>
	<time>1970-01-01T00:00:00.000Z</time>
</trkpt>
<trkpt lat="46.7202143" lon="4.4437734">
	<ele>292.20</ele>
	<time>1970-01-01T00:00:00.000Z</time>
</trkpt>
<trkpt lat="46.7212029" lon="4.4451726">
	<ele>291.80</ele>
	<time>1970-01-01T00:00:00.000Z</time>
</trkpt>
<trkpt lat="46.7213261" lon="4.4454684">
	<ele>291.80</ele>
	<time>1970-01-01T00:00:00.000Z</time>
</trkpt>
<trkpt lat="46.7214120" lon="4.4458456">
	<ele>291.80</ele>
	<time>1970-01-01T00:00:00.000Z</time>
</trkpt>
<trkpt lat="46.7214251" lon="4.4462928">
	<ele>291.80</ele>
	<time>1970-01-01T00:00:00.000Z</time>
</trkpt>
<trkpt lat="46.7213488" lon="4.4469442">
	<ele>291.90</ele>
	<time>1970-01-01T00:00:00.000Z</time>
</trkpt>
<trkpt lat="46.7213219" lon="4.4476288">
	<ele>291.80</ele>
	<time>1970-01-01T00:00:00.000Z</time>
</trkpt>
<trkpt lat="46.7214582" lon="4.4483716">
	<ele>293.10</ele>
	<time>1970-01-01T00:00:00.000Z</time>
</trkpt>
<trkpt lat="46.7218211" lon="4.4492167">
	<ele>296.50</ele>
	<time>1970-01-01T00:00:00.000Z</time>
</trkpt>
<trkpt lat="46.7234749" lon="4.4509539">
	<ele>293.50</ele>
	<time>1970-01-01T00:00:00.000Z</time>
</trkpt>
<trkpt lat="46.7236054" lon="4.4512394">
	<ele>293.90</ele>
	<time>1970-01-01T00:00:00.000Z</time>
</trkpt>
<trkpt lat="46.7238993" lon="4.4523417">
	<ele>293.80</ele>
	<time>1970-01-01T00:00:00.000Z</time>
</trkpt>
<trkpt lat="46.7260471" lon="4.4582537">
	<ele>293.00</ele>
	<time>1970-01-01T00:00:00.000Z</time>
</trkpt>
<trkpt lat="46.7273379" lon="4.4610678">
	<ele>294.60</ele>
	<time>1970-01-01T00:00:00.000Z</time>
</trkpt>
<trkpt lat="46.7275881" lon="4.4618256">
	<ele>296.50</ele>
	<time>1970-01-01T00:00:00.000Z</time>
</trkpt>
<trkpt lat="46.7276816" lon="4.4625564">
	<ele>296.40</ele>
	<time>1970-01-01T00:00:00.000Z</time>
</trkpt>
<trkpt lat="46.7282542" lon="4.4651866">
	<ele>298.20</ele>
	<time>1970-01-01T00:00:00.000Z</time>
</trkpt>
<trkpt lat="46.7285876" lon="4.4664672">
	<ele>297.00</ele>
	<time>1970-01-01T00:00:00.000Z</time>
</trkpt>
<trkpt lat="46.7288638" lon="4.4673612">
	<ele>296.30</ele>
	<time>1970-01-01T00:00:00.000Z</time>
</trkpt>
<trkpt lat="46.7301536" lon="4.4732714">
	<ele>300.70</ele>
	<time>1970-01-01T00:00:00.000Z</time>
</trkpt>
<trkpt lat="46.7303274" lon="4.4739121">
	<ele>300.20</ele>
	<time>1970-01-01T00:00:00.000Z</time>
</trkpt>
<trkpt lat="46.7304836" lon="4.4743443">
	<ele>299.20</ele>
	<time>1970-01-01T00:00:00.000Z</time>
</trkpt>
<trkpt lat="46.7307060" lon="4.4746752">
	<ele>298.50</ele>
	<time>1970-01-01T00:00:00.000Z</time>
</trkpt>
<trkpt lat="46.7309865" lon="4.4749564">
	<ele>297.70</ele>
	<time>1970-01-01T00:00:00.000Z</time>
</trkpt>
<trkpt lat="46.7312756" lon="4.4751548">
	<ele>298.00</ele>
	<time>1970-01-01T00:00:00.000Z</time>
</trkpt>
<trkpt lat="46.7323767" lon="4.4754893">
	<ele>299.00</ele>
	<time>1970-01-01T00:00:00.000Z</time>
</trkpt>
<trkpt lat="46.7330221" lon="4.4757433">
	<ele>299.40</ele>
	<time>1970-01-01T00:00:00.000Z</time>
</trkpt>
<trkpt lat="46.7333110" lon="4.4759523">
	<ele>299.40</ele>
	<time>1970-01-01T00:00:00.000Z</time>
</trkpt>
<trkpt lat="46.7336340" lon="4.4762560">
	<ele>299.70</ele>
	<time>1970-01-01T00:00:00.000Z</time>
</trkpt>
<trkpt lat="46.7350322" lon="4.4782647">
	<ele>299.90</ele>
	<time>1970-01-01T00:00:00.000Z</time>
</trkpt>
<trkpt lat="46.7352080" lon="4.4784230">
	<ele>299.40</ele>
	<time>1970-01-01T00:00:00.000Z</time>
</trkpt>
<trkpt lat="46.7355320" lon="4.4783800">
	<ele>299.10</ele>
	<time>1970-01-01T00:00:00.000Z</time>
</trkpt>
<trkpt lat="46.7357770" lon="4.4789280">
	<ele>300.10</ele>
	<time>1970-01-01T00:00:00.000Z</time>
</trkpt>
<trkpt lat="46.7359000" lon="4.4794450">
	<ele>301.40</ele>
	<time>1970-01-01T00:00:00.000Z</time>
</trkpt>
<trkpt lat="46.7355315" lon="4.4799593">
	<ele>302.50</ele>
	<time>1970-01-01T00:00:00.000Z</time>
</trkpt>
<trkpt lat="46.7359108" lon="4.4802541">
	<ele>298.60</ele>
	<time>1970-01-01T00:00:00.000Z</time>
</trkpt>
<trkpt lat="46.7361319" lon="4.4805428">
	<ele>298.60</ele>
	<time>1970-01-01T00:00:00.000Z</time>
</trkpt>
<trkpt lat="46.7363158" lon="4.4809947">
	<ele>298.70</ele>
	<time>1970-01-01T00:00:00.000Z</time>
</trkpt>
<trkpt lat="46.7363664" lon="4.4813393">
	<ele>298.80</ele>
	<time>1970-01-01T00:00:00.000Z</time>
</trkpt>
<trkpt lat="46.7362720" lon="4.4816080">
	<ele>300.10</ele>
	<time>1970-01-01T00:00:00.000Z</time>
</trkpt>
<trkpt lat="46.7361144" lon="4.4817806">
	<ele>300.10</ele>
	<time>1970-01-01T00:00:00.000Z</time>
</trkpt>
<trkpt lat="46.7360843" lon="4.4836854">
	<ele>299.20</ele>
	<time>1970-01-01T00:00:00.000Z</time>
</trkpt>
<trkpt lat="46.7361820" lon="4.4840965">
	<ele>298.90</ele>
	<time>1970-01-01T00:00:00.000Z</time>
</trkpt>
<trkpt lat="46.7366630" lon="4.4848780">
	<ele>298.70</ele>
	<time>1970-01-01T00:00:00.000Z</time>
</trkpt>
<trkpt lat="46.7366779" lon="4.4856003">
	<ele>299.40</ele>
	<time>1970-01-01T00:00:00.000Z</time>
</trkpt>
<trkpt lat="46.7367643" lon="4.4866428">
	<ele>300.20</ele>
	<time>1970-01-01T00:00:00.000Z</time>
</trkpt>
<trkpt lat="46.7369359" lon="4.4871436">
	<ele>298.80</ele>
	<time>1970-01-01T00:00:00.000Z</time>
</trkpt>
<trkpt lat="46.7368906" lon="4.4877508">
	<ele>301.50</ele>
	<time>1970-01-01T00:00:00.000Z</time>
</trkpt>
<trkpt lat="46.7366994" lon="4.4882866">
	<ele>303.60</ele>
	<time>1970-01-01T00:00:00.000Z</time>
</trkpt>
<trkpt lat="46.7370720" lon="4.4883450">
	<ele>301.90</ele>
	<time>1970-01-01T00:00:00.000Z</time>
</trkpt>
<trkpt lat="46.7372180" lon="4.4882833">
	<ele>300.60</ele>
	<time>1970-01-01T00:00:00.000Z</time>
</trkpt>
<trkpt lat="46.7373420" lon="4.4883670">
	<ele>300.60</ele>
	<time>1970-01-01T00:00:00.000Z</time>
</trkpt>
<trkpt lat="46.7374670" lon="4.4888500">
	<ele>300.70</ele>
	<time>1970-01-01T00:00:00.000Z</time>
</trkpt>
<trkpt lat="46.7376770" lon="4.4891970">
	<ele>300.40</ele>
	<time>1970-01-01T00:00:00.000Z</time>
</trkpt>
<trkpt lat="46.7377878" lon="4.4893020">
	<ele>299.70</ele>
	<time>1970-01-01T00:00:00.000Z</time>
</trkpt>
<trkpt lat="46.7382140" lon="4.4893271">
	<ele>299.90</ele>
	<time>1970-01-01T00:00:00.000Z</time>
</trkpt>
<trkpt lat="46.7387537" lon="4.4889594">
	<ele>299.00</ele>
	<time>1970-01-01T00:00:00.000Z</time>
</trkpt>
<trkpt lat="46.7390720" lon="4.4886020">
	<ele>299.80</ele>
	<time>1970-01-01T00:00:00.000Z</time>
</trkpt>
<trkpt lat="46.7393881" lon="4.4879218">
	<ele>298.60</ele>
	<time>1970-01-01T00:00:00.000Z</time>
</trkpt>
<trkpt lat="46.7395880" lon="4.4877170">
	<ele>298.70</ele>
	<time>1970-01-01T00:00:00.000Z</time>
</trkpt>
<trkpt lat="46.7397980" lon="4.4875980">
	<ele>298.60</ele>
	<time>1970-01-01T00:00:00.000Z</time>
</trkpt>
<trkpt lat="46.7400620" lon="4.4876000">
	<ele>298.60</ele>
	<time>1970-01-01T00:00:00.000Z</time>
</trkpt>
<trkpt lat="46.7403600" lon="4.4876830">
	<ele>298.60</ele>
	<time>1970-01-01T00:00:00.000Z</time>
</trkpt>
<trkpt lat="46.7406370" lon="4.4878730">
	<ele>298.70</ele>
	<time>1970-01-01T00:00:00.000Z</time>
</trkpt>
<trkpt lat="46.7407950" lon="4.4880420">
	<ele>298.80</ele>
	<time>1970-01-01T00:00:00.000Z</time>
</trkpt>
<trkpt lat="46.7410882" lon="4.4887300">
	<ele>299.40</ele>
	<time>1970-01-01T00:00:00.000Z</time>
</trkpt>
<trkpt lat="46.7413350" lon="4.4888520">
	<ele>299.50</ele>
	<time>1970-01-01T00:00:00.000Z</time>
</trkpt>
<trkpt lat="46.7415804" lon="4.4889059">
	<ele>298.80</ele>
	<time>1970-01-01T00:00:00.000Z</time>
</trkpt>
<trkpt lat="46.7418250" lon="4.4891530">
	<ele>298.60</ele>
	<time>1970-01-01T00:00:00.000Z</time>
</trkpt>
<trkpt lat="46.7419880" lon="4.4893770">
	<ele>298.70</ele>
	<time>1970-01-01T00:00:00.000Z</time>
</trkpt>
<trkpt lat="46.7427780" lon="4.4913980">
	<ele>298.90</ele>
	<time>1970-01-01T00:00:00.000Z</time>
</trkpt>
<trkpt lat="46.7428530" lon="4.4917180">
	<ele>299.50</ele>
	<time>1970-01-01T00:00:00.000Z</time>
</trkpt>
<trkpt lat="46.7429630" lon="4.4930570">
	<ele>298.70</ele>
	<time>1970-01-01T00:00:00.000Z</time>
</trkpt>
<trkpt lat="46.7430100" lon="4.4938220">
	<ele>299.60</ele>
	<time>1970-01-01T00:00:00.000Z</time>
</trkpt>
<trkpt lat="46.7429925" lon="4.4947492">
	<ele>298.70</ele>
	<time>1970-01-01T00:00:00.000Z</time>
</trkpt>
<trkpt lat="46.7437063" lon="4.4951739">
	<ele>298.60</ele>
	<time>1970-01-01T00:00:00.000Z</time>
</trkpt>
<trkpt lat="46.7443414" lon="4.4954980">
	<ele>302.00</ele>
	<time>1970-01-01T00:00:00.000Z</time>
</trkpt>
<trkpt lat="46.7445630" lon="4.4957580">
	<ele>303.30</ele>
	<time>1970-01-01T00:00:00.000Z</time>
</trkpt>
<trkpt lat="46.7447920" lon="4.4959020">
	<ele>304.30</ele>
	<time>1970-01-01T00:00:00.000Z</time>
</trkpt>
<trkpt lat="46.7450389" lon="4.4959458">
	<ele>304.30</ele>
	<time>1970-01-01T00:00:00.000Z</time>
</trkpt>
<trkpt lat="46.7462220" lon="4.4970130">
	<ele>305.50</ele>
	<time>1970-01-01T00:00:00.000Z</time>
</trkpt>
<trkpt lat="46.7467862" lon="4.4974179">
	<ele>305.60</ele>
	<time>1970-01-01T00:00:00.000Z</time>
</trkpt>
<trkpt lat="46.7478970" lon="4.4989070">
	<ele>307.30</ele>
	<time>1970-01-01T00:00:00.000Z</time>
</trkpt>
<trkpt lat="46.7486520" lon="4.4995800">
	<ele>308.70</ele>
	<time>1970-01-01T00:00:00.000Z</time>
</trkpt>
<trkpt lat="46.7490350" lon="4.4997820">
	<ele>307.90</ele>
	<time>1970-01-01T00:00:00.000Z</time>
</trkpt>
<trkpt lat="46.7494220" lon="4.5000700">
	<ele>307.90</ele>
	<time>1970-01-01T00:00:00.000Z</time>
</trkpt>
<trkpt lat="46.7497270" lon="4.5003880">
	<ele>308.60</ele>
	<time>1970-01-01T00:00:00.000Z</time>
</trkpt>
<trkpt lat="46.7499250" lon="4.5006820">
	<ele>308.50</ele>
	<time>1970-01-01T00:00:00.000Z</time>
</trkpt>
<trkpt lat="46.7501500" lon="4.5008280">
	<ele>308.20</ele>
	<time>1970-01-01T00:00:00.000Z</time>
</trkpt>
<trkpt lat="46.7504320" lon="4.5008450">
	<ele>308.30</ele>
	<time>1970-01-01T00:00:00.000Z</time>
</trkpt>
<trkpt lat="46.7531500" lon="4.5004270">
	<ele>306.80</ele>
	<time>1970-01-01T00:00:00.000Z</time>
</trkpt>
<trkpt lat="46.7535670" lon="4.5004680">
	<ele>306.60</ele>
	<time>1970-01-01T00:00:00.000Z</time>
</trkpt>
<trkpt lat="46.7539130" lon="4.5006430">
	<ele>306.70</ele>
	<time>1970-01-01T00:00:00.000Z</time>
</trkpt>
<trkpt lat="46.7544220" lon="4.5010850">
	<ele>308.20</ele>
	<time>1970-01-01T00:00:00.000Z</time>
</trkpt>
<trkpt lat="46.7546220" lon="4.5013370">
	<ele>309.40</ele>
	<time>1970-01-01T00:00:00.000Z</time>
</trkpt>
<trkpt lat="46.7547580" lon="4.5016680">
	<ele>310.40</ele>
	<time>1970-01-01T00:00:00.000Z</time>
</trkpt>
<trkpt lat="46.7548420" lon="4.5021150">
	<ele>310.40</ele>
	<time>1970-01-01T00:00:00.000Z</time>
</trkpt>
<trkpt lat="46.7548066" lon="4.5026969">
	<ele>309.80</ele>
	<time>1970-01-01T00:00:00.000Z</time>
</trkpt>
<trkpt lat="46.7546904" lon="4.5037489">
	<ele>307.40</ele>
	<time>1970-01-01T00:00:00.000Z</time>
</trkpt>
<trkpt lat="46.7546724" lon="4.5042800">
	<ele>304.90</ele>
	<time>1970-01-01T00:00:00.000Z</time>
</trkpt>
<trkpt lat="46.7547850" lon="4.5047535">
	<ele>301.80</ele>
	<time>1970-01-01T00:00:00.000Z</time>
</trkpt>
<trkpt lat="46.7555206" lon="4.5067001">
	<ele>295.00</ele>
	<time>1970-01-01T00:00:00.000Z</time>
</trkpt>
<trkpt lat="46.7562230" lon="4.5083570">
	<ele>295.00</ele>
	<time>1970-01-01T00:00:00.000Z</time>
</trkpt>
<trkpt lat="46.7571170" lon="4.5106570">
	<ele>290.20</ele>
	<time>1970-01-01T00:00:00.000Z</time>
</trkpt>
<trkpt lat="46.7573820" lon="4.5111980">
	<ele>289.30</ele>
	<time>1970-01-01T00:00:00.000Z</time>
</trkpt>
<trkpt lat="46.7583950" lon="4.5137930">
	<ele>286.00</ele>
	<time>1970-01-01T00:00:00.000Z</time>
</trkpt>
<trkpt lat="46.7589050" lon="4.5150020">
	<ele>284.10</ele>
	<time>1970-01-01T00:00:00.000Z</time>
</trkpt>
<trkpt lat="46.7592320" lon="4.5155800">
	<ele>284.00</ele>
	<time>1970-01-01T00:00:00.000Z</time>
</trkpt>
<trkpt lat="46.7593920" lon="4.5160670">
	<ele>283.10</ele>
	<time>1970-01-01T00:00:00.000Z</time>
</trkpt>
<trkpt lat="46.7594802" lon="4.5166370">
	<ele>281.80</ele>
	<time>1970-01-01T00:00:00.000Z</time>
</trkpt>
<trkpt lat="46.7596330" lon="4.5181980">
	<ele>281.80</ele>
	<time>1970-01-01T00:00:00.000Z</time>
</trkpt>
<trkpt lat="46.7598391" lon="4.5191801">
	<ele>281.60</ele>
	<time>1970-01-01T00:00:00.000Z</time>
</trkpt>
<trkpt lat="46.7601438" lon="4.5197162">
	<ele>282.20</ele>
	<time>1970-01-01T00:00:00.000Z</time>
</trkpt>
<trkpt lat="46.7603920" lon="4.5200630">
	<ele>281.70</ele>
	<time>1970-01-01T00:00:00.000Z</time>
</trkpt>
<trkpt lat="46.7612431" lon="4.5204655">
	<ele>282.50</ele>
	<time>1970-01-01T00:00:00.000Z</time>
</trkpt>
<trkpt lat="46.7613272" lon="4.5206607">
	<ele>282.10</ele>
	<time>1970-01-01T00:00:00.000Z</time>
</trkpt>
<trkpt lat="46.7619620" lon="4.5211680">
	<ele>280.50</ele>
	<time>1970-01-01T00:00:00.000Z</time>
</trkpt>
<trkpt lat="46.7624376" lon="4.5216747">
	<ele>279.50</ele>
	<time>1970-01-01T00:00:00.000Z</time>
</trkpt>
<trkpt lat="46.7634239" lon="4.5231888">
	<ele>280.50</ele>
	<time>1970-01-01T00:00:00.000Z</time>
</trkpt>
<trkpt lat="46.7638070" lon="4.5235650">
	<ele>279.60</ele>
	<time>1970-01-01T00:00:00.000Z</time>
</trkpt>
<trkpt lat="46.7646120" lon="4.5240850">
	<ele>277.30</ele>
	<time>1970-01-01T00:00:00.000Z</time>
</trkpt>
<trkpt lat="46.7654120" lon="4.5242350">
	<ele>278.80</ele>
	<time>1970-01-01T00:00:00.000Z</time>
</trkpt>
<trkpt lat="46.7656710" lon="4.5243642">
	<ele>279.00</ele>
	<time>1970-01-01T00:00:00.000Z</time>
</trkpt>
<trkpt lat="46.7659084" lon="4.5245989">
	<ele>279.30</ele>
	<time>1970-01-01T00:00:00.000Z</time>
</trkpt>
<trkpt lat="46.7661800" lon="4.5250970">
	<ele>279.50</ele>
	<time>1970-01-01T00:00:00.000Z</time>
</trkpt>
<trkpt lat="46.7663880" lon="4.5256350">
	<ele>280.80</ele>
	<time>1970-01-01T00:00:00.000Z</time>
</trkpt>
<trkpt lat="46.7666370" lon="4.5265480">
	<ele>281.00</ele>
	<time>1970-01-01T00:00:00.000Z</time>
</trkpt>
<trkpt lat="46.7669869" lon="4.5273383">
	<ele>280.30</ele>
	<time>1970-01-01T00:00:00.000Z</time>
</trkpt>
<trkpt lat="46.7671269" lon="4.5279215">
	<ele>279.00</ele>
	<time>1970-01-01T00:00:00.000Z</time>
</trkpt>
<trkpt lat="46.7673073" lon="4.5289437">
	<ele>277.00</ele>
	<time>1970-01-01T00:00:00.000Z</time>
</trkpt>
<trkpt lat="46.7676650" lon="4.5305200">
	<ele>277.50</ele>
	<time>1970-01-01T00:00:00.000Z</time>
</trkpt>
<trkpt lat="46.7679564" lon="4.5312314">
	<ele>276.60</ele>
	<time>1970-01-01T00:00:00.000Z</time>
</trkpt>
<trkpt lat="46.7685020" lon="4.5320150">
	<ele>276.20</ele>
	<time>1970-01-01T00:00:00.000Z</time>
</trkpt>
<trkpt lat="46.7686635" lon="4.5323602">
	<ele>275.80</ele>
	<time>1970-01-01T00:00:00.000Z</time>
</trkpt>
<trkpt lat="46.7687450" lon="4.5327870">
	<ele>274.30</ele>
	<time>1970-01-01T00:00:00.000Z</time>
</trkpt>
<trkpt lat="46.7688130" lon="4.5337480">
	<ele>274.20</ele>
	<time>1970-01-01T00:00:00.000Z</time>
</trkpt>
<trkpt lat="46.7692913" lon="4.5358853">
	<ele>273.40</ele>
	<time>1970-01-01T00:00:00.000Z</time>
</trkpt>
<trkpt lat="46.7703806" lon="4.5391234">
	<ele>273.40</ele>
	<time>1970-01-01T00:00:00.000Z</time>
</trkpt>
<trkpt lat="46.7707690" lon="4.5398804">
	<ele>272.60</ele>
	<time>1970-01-01T00:00:00.000Z</time>
</trkpt>
<trkpt lat="46.7709820" lon="4.5408480">
	<ele>270.60</ele>
	<time>1970-01-01T00:00:00.000Z</time>
</trkpt>
<trkpt lat="46.7711820" lon="4.5413870">
	<ele>271.30</ele>
	<time>1970-01-01T00:00:00.000Z</time>
</trkpt>
<trkpt lat="46.7721580" lon="4.5432980">
	<ele>270.70</ele>
	<time>1970-01-01T00:00:00.000Z</time>
</trkpt>
<trkpt lat="46.7723769" lon="4.5435743">
	<ele>270.20</ele>
	<time>1970-01-01T00:00:00.000Z</time>
</trkpt>
<trkpt lat="46.7725251" lon="4.5436990">
	<ele>269.70</ele>
	<time>1970-01-01T00:00:00.000Z</time>
</trkpt>
<trkpt lat="46.7731427" lon="4.5438403">
	<ele>268.30</ele>
	<time>1970-01-01T00:00:00.000Z</time>
</trkpt>
<trkpt lat="46.7740830" lon="4.5437809">
	<ele>267.70</ele>
	<time>1970-01-01T00:00:00.000Z</time>
</trkpt>
<trkpt lat="46.7744056" lon="4.5438588">
	<ele>267.30</ele>
	<time>1970-01-01T00:00:00.000Z</time>
</trkpt>
<trkpt lat="46.7746696" lon="4.5437780">
	<ele>267.20</ele>
	<time>1970-01-01T00:00:00.000Z</time>
</trkpt>
<trkpt lat="46.7748361" lon="4.5435448">
	<ele>268.30</ele>
	<time>1970-01-01T00:00:00.000Z</time>
</trkpt>
<trkpt lat="46.7749363" lon="4.5434912">
	<ele>268.70</ele>
	<time>1970-01-01T00:00:00.000Z</time>
</trkpt>
<trkpt lat="46.7750660" lon="4.5434974">
	<ele>269.30</ele>
	<time>1970-01-01T00:00:00.000Z</time>
</trkpt>
<trkpt lat="46.7754126" lon="4.5436593">
	<ele>269.90</ele>
	<time>1970-01-01T00:00:00.000Z</time>
</trkpt>
<trkpt lat="46.7759407" lon="4.5439957">
	<ele>270.70</ele>
	<time>1970-01-01T00:00:00.000Z</time>
</trkpt>
<trkpt lat="46.7768415" lon="4.5440581">
	<ele>271.80</ele>
	<time>1970-01-01T00:00:00.000Z</time>
</trkpt>
<trkpt lat="46.7771581" lon="4.5441996">
	<ele>271.30</ele>
	<time>1970-01-01T00:00:00.000Z</time>
</trkpt>
<trkpt lat="46.7775423" lon="4.5445760">
	<ele>272.20</ele>
	<time>1970-01-01T00:00:00.000Z</time>
</trkpt>
<trkpt lat="46.7778645" lon="4.5450587">
	<ele>271.00</ele>
	<time>1970-01-01T00:00:00.000Z</time>
</trkpt>
<trkpt lat="46.7781724" lon="4.5455974">
	<ele>272.40</ele>
	<time>1970-01-01T00:00:00.000Z</time>
</trkpt>
<trkpt lat="46.7784358" lon="4.5459360">
	<ele>272.20</ele>
	<time>1970-01-01T00:00:00.000Z</time>
</trkpt>
<trkpt lat="46.7786426" lon="4.5460940">
	<ele>271.10</ele>
	<time>1970-01-01T00:00:00.000Z</time>
</trkpt>
<trkpt lat="46.7797948" lon="4.5476380">
	<ele>270.40</ele>
	<time>1970-01-01T00:00:00.000Z</time>
</trkpt>
<trkpt lat="46.7805310" lon="4.5485373">
	<ele>263.60</ele>
	<time>1970-01-01T00:00:00.000Z</time>
</trkpt>
<trkpt lat="46.7817539" lon="4.5505331">
	<ele>259.30</ele>
	<time>1970-01-01T00:00:00.000Z</time>
</trkpt>
<trkpt lat="46.7818425" lon="4.5504942">
	<ele>259.30</ele>
	<time>1970-01-01T00:00:00.000Z</time>
</trkpt>
<trkpt lat="46.7819814" lon="4.5503059">
	<ele>258.30</ele>
	<time>1970-01-01T00:00:00.000Z</time>
</trkpt>
<trkpt lat="46.7820480" lon="4.5504045">
	<ele>258.30</ele>
	<time>1970-01-01T00:00:00.000Z</time>
</trkpt>
<trkpt lat="46.7838412" lon="4.5533420">
	<ele>259.70</ele>
	<time>1970-01-01T00:00:00.000Z</time>
</trkpt>
<trkpt lat="46.7839705" lon="4.5538191">
	<ele>259.40</ele>
	<time>1970-01-01T00:00:00.000Z</time>
</trkpt>
<trkpt lat="46.7840179" lon="4.5546276">
	<ele>261.50</ele>
	<time>1970-01-01T00:00:00.000Z</time>
</trkpt>
<trkpt lat="46.7840774" lon="4.5548427">
	<ele>261.60</ele>
	<time>1970-01-01T00:00:00.000Z</time>
</trkpt>
<trkpt lat="46.7841969" lon="4.5550819">
	<ele>259.70</ele>
	<time>1970-01-01T00:00:00.000Z</time>
</trkpt>
<trkpt lat="46.7843375" lon="4.5549234">
	<ele>257.80</ele>
	<time>1970-01-01T00:00:00.000Z</time>
</trkpt>
<trkpt lat="46.7844104" lon="4.5549295">
	<ele>257.80</ele>
	<time>1970-01-01T00:00:00.000Z</time>
</trkpt>
<trkpt lat="46.7858265" lon="4.5561832">
	<ele>256.60</ele>
	<time>1970-01-01T00:00:00.000Z</time>
</trkpt>
<trkpt lat="46.7865406" lon="4.5572199">
	<ele>255.80</ele>
	<time>1970-01-01T00:00:00.000Z</time>
</trkpt>
<trkpt lat="46.7867014" lon="4.5573860">
	<ele>256.10</ele>
	<time>1970-01-01T00:00:00.000Z</time>
</trkpt>
<trkpt lat="46.7868979" lon="4.5574760">
	<ele>256.20</ele>
	<time>1970-01-01T00:00:00.000Z</time>
</trkpt>
<trkpt lat="46.7870773" lon="4.5574775">
	<ele>256.30</ele>
	<time>1970-01-01T00:00:00.000Z</time>
</trkpt>
<trkpt lat="46.7884612" lon="4.5571380">
	<ele>255.70</ele>
	<time>1970-01-01T00:00:00.000Z</time>
</trkpt>
<trkpt lat="46.7891558" lon="4.5569196">
	<ele>254.60</ele>
	<time>1970-01-01T00:00:00.000Z</time>
</trkpt>
<trkpt lat="46.7895586" lon="4.5568688">
	<ele>255.40</ele>
	<time>1970-01-01T00:00:00.000Z</time>
</trkpt>
<trkpt lat="46.7905903" lon="4.5569638">
	<ele>257.90</ele>
	<time>1970-01-01T00:00:00.000Z</time>
</trkpt>
<trkpt lat="46.7908333" lon="4.5570599">
	<ele>256.90</ele>
	<time>1970-01-01T00:00:00.000Z</time>
</trkpt>
<trkpt lat="46.7911339" lon="4.5572669">
	<ele>256.30</ele>
	<time>1970-01-01T00:00:00.000Z</time>
</trkpt>
<trkpt lat="46.7915263" lon="4.5574663">
	<ele>255.30</ele>
	<time>1970-01-01T00:00:00.000Z</time>
</trkpt>
<trkpt lat="46.7915647" lon="4.5574293">
	<ele>255.30</ele>
	<time>1970-01-01T00:00:00.000Z</time>
</trkpt>
<trkpt lat="46.7917622" lon="4.5564717">
	<ele>256.20</ele>
	<time>1970-01-01T00:00:00.000Z</time>
</trkpt>
<trkpt lat="46.7921876" lon="4.5568711">
	<ele>255.50</ele>
	<time>1970-01-01T00:00:00.000Z</time>
</trkpt>
<trkpt lat="46.7924028" lon="4.5570243">
	<ele>254.50</ele>
	<time>1970-01-01T00:00:00.000Z</time>
</trkpt>
<trkpt lat="46.7927645" lon="4.5572040">
	<ele>254.90</ele>
	<time>1970-01-01T00:00:00.000Z</time>
</trkpt>
<trkpt lat="46.7932479" lon="4.5576148">
	<ele>254.30</ele>
	<time>1970-01-01T00:00:00.000Z</time>
</trkpt>
<trkpt lat="46.7950465" lon="4.5593638">
	<ele>259.80</ele>
	<time>1970-01-01T00:00:00.000Z</time>
</trkpt>
<trkpt lat="46.7955248" lon="4.5600117">
	<ele>258.10</ele>
	<time>1970-01-01T00:00:00.000Z</time>
</trkpt>
<trkpt lat="46.7957976" lon="4.5602042">
	<ele>258.50</ele>
	<time>1970-01-01T00:00:00.000Z</time>
</trkpt>
<trkpt lat="46.7971571" lon="4.5613744">
	<ele>253.00</ele>
	<time>1970-01-01T00:00:00.000Z</time>
</trkpt>
<trkpt lat="46.7978668" lon="4.5618223">
	<ele>251.00</ele>
	<time>1970-01-01T00:00:00.000Z</time>
</trkpt>
<trkpt lat="46.7982084" lon="4.5621375">
	<ele>250.90</ele>
	<time>1970-01-01T00:00:00.000Z</time>
</trkpt>
<trkpt lat="46.7986224" lon="4.5626726">
	<ele>250.10</ele>
	<time>1970-01-01T00:00:00.000Z</time>
</trkpt>
<trkpt lat="46.7991949" lon="4.5635427">
	<ele>252.30</ele>
	<time>1970-01-01T00:00:00.000Z</time>
</trkpt>
<trkpt lat="46.7999477" lon="4.5644568">
	<ele>254.00</ele>
	<time>1970-01-01T00:00:00.000Z</time>
</trkpt>
<trkpt lat="46.8004360" lon="4.5652196">
	<ele>251.90</ele>
	<time>1970-01-01T00:00:00.000Z</time>
</trkpt>
<trkpt lat="46.8009518" lon="4.5657772">
	<ele>252.60</ele>
	<time>1970-01-01T00:00:00.000Z</time>
</trkpt>
<trkpt lat="46.8018750" lon="4.5672155">
	<ele>249.10</ele>
	<time>1970-01-01T00:00:00.000Z</time>
</trkpt>
<trkpt lat="46.8022072" lon="4.5677642">
	<ele>249.60</ele>
	<time>1970-01-01T00:00:00.000Z</time>
</trkpt>
<trkpt lat="46.8023948" lon="4.5681708">
	<ele>250.40</ele>
	<time>1970-01-01T00:00:00.000Z</time>
</trkpt>
<trkpt lat="46.8026427" lon="4.5685655">
	<ele>251.30</ele>
	<time>1970-01-01T00:00:00.000Z</time>
</trkpt>
<trkpt lat="46.8024317" lon="4.5686606">
	<ele>250.10</ele>
	<time>1970-01-01T00:00:00.000Z</time>
</trkpt>
<trkpt lat="46.8022751" lon="4.5687840">
	<ele>249.10</ele>
	<time>1970-01-01T00:00:00.000Z</time>
</trkpt>
<trkpt lat="46.8026189" lon="4.5690294">
	<ele>250.80</ele>
	<time>1970-01-01T00:00:00.000Z</time>
</trkpt>
<trkpt lat="46.8033786" lon="4.5699727">
	<ele>250.70</ele>
	<time>1970-01-01T00:00:00.000Z</time>
</trkpt>
<trkpt lat="46.8038608" lon="4.5704019">
	<ele>251.40</ele>
	<time>1970-01-01T00:00:00.000Z</time>
</trkpt>
<trkpt lat="46.8044559" lon="4.5713842">
	<ele>250.00</ele>
	<time>1970-01-01T00:00:00.000Z</time>
</trkpt>
<trkpt lat="46.8074292" lon="4.5760527">
	<ele>247.00</ele>
	<time>1970-01-01T00:00:00.000Z</time>
</trkpt>
<trkpt lat="46.8078575" lon="4.5766314">
	<ele>246.10</ele>
	<time>1970-01-01T00:00:00.000Z</time>
</trkpt>
<trkpt lat="46.8078667" lon="4.5767675">
	<ele>246.10</ele>
	<time>1970-01-01T00:00:00.000Z</time>
</trkpt>
<trkpt lat="46.8075252" lon="4.5775423">
	<ele>245.60</ele>
	<time>1970-01-01T00:00:00.000Z</time>
</trkpt>
<trkpt lat="46.8077064" lon="4.5779488">
	<ele>245.80</ele>
	<time>1970-01-01T00:00:00.000Z</time>
</trkpt>
<trkpt lat="46.8077436" lon="4.5781029">
	<ele>246.30</ele>
	<time>1970-01-01T00:00:00.000Z</time>
</trkpt>
<trkpt lat="46.8078869" lon="4.5782756">
	<ele>247.10</ele>
	<time>1970-01-01T00:00:00.000Z</time>
</trkpt>
<trkpt lat="46.8073947" lon="4.5790418">
	<ele>254.20</ele>
	<time>1970-01-01T00:00:00.000Z</time>
</trkpt>
<trkpt lat="46.8075073" lon="4.5792771">
	<ele>255.90</ele>
	<time>1970-01-01T00:00:00.000Z</time>
</trkpt>
<trkpt lat="46.8079396" lon="4.5799415">
	<ele>251.30</ele>
	<time>1970-01-01T00:00:00.000Z</time>
</trkpt>
<trkpt lat="46.8083484" lon="4.5805051">
	<ele>250.00</ele>
	<time>1970-01-01T00:00:00.000Z</time>
</trkpt>
<trkpt lat="46.8086447" lon="4.5805886">
	<ele>249.00</ele>
	<time>1970-01-01T00:00:00.000Z</time>
</trkpt>
<trkpt lat="46.8092496" lon="4.5812895">
	<ele>247.20</ele>
	<time>1970-01-01T00:00:00.000Z</time>
</trkpt>
<trkpt lat="46.8107961" lon="4.5821262">
	<ele>244.30</ele>
	<time>1970-01-01T00:00:00.000Z</time>
</trkpt>
<trkpt lat="46.8111527" lon="4.5824270">
	<ele>245.00</ele>
	<time>1970-01-01T00:00:00.000Z</time>
</trkpt>
<trkpt lat="46.8125788" lon="4.5850059">
	<ele>245.90</ele>
	<time>1970-01-01T00:00:00.000Z</time>
</trkpt>
<trkpt lat="46.8128238" lon="4.5853693">
	<ele>245.20</ele>
	<time>1970-01-01T00:00:00.000Z</time>
</trkpt>
<trkpt lat="46.8148791" lon="4.5874616">
	<ele>243.90</ele>
	<time>1970-01-01T00:00:00.000Z</time>
</trkpt>
<trkpt lat="46.8152774" lon="4.5879320">
	<ele>243.90</ele>
	<time>1970-01-01T00:00:00.000Z</time>
</trkpt>
<trkpt lat="46.8154363" lon="4.5883550">
	<ele>243.60</ele>
	<time>1970-01-01T00:00:00.000Z</time>
</trkpt>
<trkpt lat="46.8160587" lon="4.5908389">
	<ele>242.00</ele>
	<time>1970-01-01T00:00:00.000Z</time>
</trkpt>
<trkpt lat="46.8160559" lon="4.5911777">
	<ele>242.40</ele>
	<time>1970-01-01T00:00:00.000Z</time>
</trkpt>
<trkpt lat="46.8159666" lon="4.5917513">
	<ele>243.00</ele>
	<time>1970-01-01T00:00:00.000Z</time>
</trkpt>
<trkpt lat="46.8160034" lon="4.5924127">
	<ele>243.80</ele>
	<time>1970-01-01T00:00:00.000Z</time>
</trkpt>
<trkpt lat="46.8160727" lon="4.5926724">
	<ele>243.80</ele>
	<time>1970-01-01T00:00:00.000Z</time>
</trkpt>
<trkpt lat="46.8162087" lon="4.5930013">
	<ele>243.70</ele>
	<time>1970-01-01T00:00:00.000Z</time>
</trkpt>
<trkpt lat="46.8164139" lon="4.5933394">
	<ele>242.90</ele>
	<time>1970-01-01T00:00:00.000Z</time>
</trkpt>
<trkpt lat="46.8172456" lon="4.5944219">
	<ele>240.10</ele>
	<time>1970-01-01T00:00:00.000Z</time>
</trkpt>
<trkpt lat="46.8180511" lon="4.5955640">
	<ele>239.90</ele>
	<time>1970-01-01T00:00:00.000Z</time>
</trkpt>
<trkpt lat="46.8185674" lon="4.5964748">
	<ele>240.40</ele>
	<time>1970-01-01T00:00:00.000Z</time>
</trkpt>
<trkpt lat="46.8187026" lon="4.5966225">
	<ele>240.70</ele>
	<time>1970-01-01T00:00:00.000Z</time>
</trkpt>
<trkpt lat="46.8201697" lon="4.5977125">
	<ele>238.60</ele>
	<time>1970-01-01T00:00:00.000Z</time>
</trkpt>
<trkpt lat="46.8209519" lon="4.5981692">
	<ele>238.70</ele>
	<time>1970-01-01T00:00:00.000Z</time>
</trkpt>
<trkpt lat="46.8216711" lon="4.5984063">
	<ele>239.90</ele>
	<time>1970-01-01T00:00:00.000Z</time>
</trkpt>
<trkpt lat="46.8224650" lon="4.5987803">
	<ele>240.80</ele>
	<time>1970-01-01T00:00:00.000Z</time>
</trkpt>
<trkpt lat="46.8227164" lon="4.5988624">
	<ele>241.10</ele>
	<time>1970-01-01T00:00:00.000Z</time>
</trkpt>
<trkpt lat="46.8253326" lon="4.5991654">
	<ele>240.10</ele>
	<time>1970-01-01T00:00:00.000Z</time>
</trkpt>
<trkpt lat="46.8253126" lon="4.5994273">
	<ele>240.80</ele>
	<time>1970-01-01T00:00:00.000Z</time>
</trkpt>
<trkpt lat="46.8247236" lon="4.5993930">
	<ele>240.30</ele>
	<time>1970-01-01T00:00:00.000Z</time>
</trkpt>
<trkpt lat="46.8246851" lon="4.5998899">
	<ele>242.10</ele>
	<time>1970-01-01T00:00:00.000Z</time>
</trkpt>
<trkpt lat="46.8246150" lon="4.6001326">
	<ele>242.70</ele>
	<time>1970-01-01T00:00:00.000Z</time>
</trkpt>
<trkpt lat="46.8239237" lon="4.6010398">
	<ele>244.20</ele>
	<time>1970-01-01T00:00:00.000Z</time>
</trkpt>
<trkpt lat="46.8235433" lon="4.6017186">
	<ele>245.80</ele>
	<time>1970-01-01T00:00:00.000Z</time>
</trkpt>
<trkpt lat="46.8234735" lon="4.6019404">
	<ele>245.80</ele>
	<time>1970-01-01T00:00:00.000Z</time>
</trkpt>
<trkpt lat="46.8234705" lon="4.6021573">
	<ele>245.70</ele>
	<time>1970-01-01T00:00:00.000Z</time>
</trkpt>
<trkpt lat="46.8236191" lon="4.6030278">
	<ele>244.80</ele>
	<time>1970-01-01T00:00:00.000Z</time>
</trkpt>
<trkpt lat="46.8236924" lon="4.6036977">
	<ele>244.80</ele>
	<time>1970-01-01T00:00:00.000Z</time>
</trkpt>
<trkpt lat="46.8254042" lon="4.6041834">
	<ele>242.50</ele>
	<time>1970-01-01T00:00:00.000Z</time>
</trkpt>
<trkpt lat="46.8257421" lon="4.6043502">
	<ele>242.00</ele>
	<time>1970-01-01T00:00:00.000Z</time>
</trkpt>
<trkpt lat="46.8273680" lon="4.6054033">
	<ele>238.50</ele>
	<time>1970-01-01T00:00:00.000Z</time>
</trkpt>
<trkpt lat="46.8280578" lon="4.6061560">
	<ele>238.80</ele>
	<time>1970-01-01T00:00:00.000Z</time>
</trkpt>
<trkpt lat="46.8282973" lon="4.6064671">
	<ele>238.50</ele>
	<time>1970-01-01T00:00:00.000Z</time>
</trkpt>
<trkpt lat="46.8283563" lon="4.6066396">
	<ele>238.60</ele>
	<time>1970-01-01T00:00:00.000Z</time>
</trkpt>
<trkpt lat="46.8286397" lon="4.6083248">
	<ele>239.10</ele>
	<time>1970-01-01T00:00:00.000Z</time>
</trkpt>
<trkpt lat="46.8287532" lon="4.6086704">
	<ele>239.00</ele>
	<time>1970-01-01T00:00:00.000Z</time>
</trkpt>
<trkpt lat="46.8290202" lon="4.6090780">
	<ele>238.10</ele>
	<time>1970-01-01T00:00:00.000Z</time>
</trkpt>
<trkpt lat="46.8294425" lon="4.6095893">
	<ele>236.70</ele>
	<time>1970-01-01T00:00:00.000Z</time>
</trkpt>
<trkpt lat="46.8294041" lon="4.6097181">
	<ele>236.70</ele>
	<time>1970-01-01T00:00:00.000Z</time>
</trkpt>
<trkpt lat="46.8294543" lon="4.6098053">
	<ele>236.40</ele>
	<time>1970-01-01T00:00:00.000Z</time>
</trkpt>
<trkpt lat="46.8295436" lon="4.6098621">
	<ele>236.20</ele>
	<time>1970-01-01T00:00:00.000Z</time>
</trkpt>
<trkpt lat="46.8298916" lon="4.6099011">
	<ele>236.00</ele>
	<time>1970-01-01T00:00:00.000Z</time>
</trkpt>
<trkpt lat="46.8300985" lon="4.6099945">
	<ele>235.90</ele>
	<time>1970-01-01T00:00:00.000Z</time>
</trkpt>
<trkpt lat="46.8303305" lon="4.6101935">
	<ele>235.80</ele>
	<time>1970-01-01T00:00:00.000Z</time>
</trkpt>
<trkpt lat="46.8305202" lon="4.6104716">
	<ele>235.50</ele>
	<time>1970-01-01T00:00:00.000Z</time>
</trkpt>
<trkpt lat="46.8309329" lon="4.6116198">
	<ele>234.70</ele>
	<time>1970-01-01T00:00:00.000Z</time>
</trkpt>
<trkpt lat="46.8321093" lon="4.6154481">
	<ele>237.00</ele>
	<time>1970-01-01T00:00:00.000Z</time>
</trkpt>
<trkpt lat="46.8322798" lon="4.6159096">
	<ele>236.60</ele>
	<time>1970-01-01T00:00:00.000Z</time>
</trkpt>
<trkpt lat="46.8335882" lon="4.6184111">
	<ele>236.70</ele>
	<time>1970-01-01T00:00:00.000Z</time>
</trkpt>
<trkpt lat="46.8339519" lon="4.6189919">
	<ele>236.50</ele>
	<time>1970-01-01T00:00:00.000Z</time>
</trkpt>
<trkpt lat="46.8345452" lon="4.6198122">
	<ele>236.20</ele>
	<time>1970-01-01T00:00:00.000Z</time>
</trkpt>
<trkpt lat="46.8350982" lon="4.6202484">
	<ele>236.30</ele>
	<time>1970-01-01T00:00:00.000Z</time>
</trkpt>
<trkpt lat="46.8353272" lon="4.6203645">
	<ele>237.30</ele>
	<time>1970-01-01T00:00:00.000Z</time>
</trkpt>
<trkpt lat="46.8355317" lon="4.6204086">
	<ele>237.60</ele>
	<time>1970-01-01T00:00:00.000Z</time>
</trkpt>
<trkpt lat="46.8364303" lon="4.6204547">
	<ele>237.40</ele>
	<time>1970-01-01T00:00:00.000Z</time>
</trkpt>
<trkpt lat="46.8366950" lon="4.6203815">
	<ele>236.40</ele>
	<time>1970-01-01T00:00:00.000Z</time>
</trkpt>
<trkpt lat="46.8369442" lon="4.6202323">
	<ele>235.30</ele>
	<time>1970-01-01T00:00:00.000Z</time>
</trkpt>
<trkpt lat="46.8370107" lon="4.6203450">
	<ele>235.80</ele>
	<time>1970-01-01T00:00:00.000Z</time>
</trkpt>
<trkpt lat="46.8370971" lon="4.6203539">
	<ele>235.30</ele>
	<time>1970-01-01T00:00:00.000Z</time>
</trkpt>
<trkpt lat="46.8375290" lon="4.6197059">
	<ele>235.40</ele>
	<time>1970-01-01T00:00:00.000Z</time>
</trkpt>
<trkpt lat="46.8377002" lon="4.6195153">
	<ele>235.10</ele>
	<time>1970-01-01T00:00:00.000Z</time>
</trkpt>
<trkpt lat="46.8379735" lon="4.6193502">
	<ele>234.50</ele>
	<time>1970-01-01T00:00:00.000Z</time>
</trkpt>
<trkpt lat="46.8382500" lon="4.6193089">
	<ele>234.20</ele>
	<time>1970-01-01T00:00:00.000Z</time>
</trkpt>
<trkpt lat="46.8385356" lon="4.6193579">
	<ele>234.10</ele>
	<time>1970-01-01T00:00:00.000Z</time>
</trkpt>
<trkpt lat="46.8387755" lon="4.6194683">
	<ele>234.10</ele>
	<time>1970-01-01T00:00:00.000Z</time>
</trkpt>
<trkpt lat="46.8393519" lon="4.6199993">
	<ele>234.60</ele>
	<time>1970-01-01T00:00:00.000Z</time>
</trkpt>
<trkpt lat="46.8395179" lon="4.6202570">
	<ele>235.00</ele>
	<time>1970-01-01T00:00:00.000Z</time>
</trkpt>
<trkpt lat="46.8396443" lon="4.6205433">
	<ele>235.30</ele>
	<time>1970-01-01T00:00:00.000Z</time>
</trkpt>
<trkpt lat="46.8400537" lon="4.6218024">
	<ele>235.30</ele>
	<time>1970-01-01T00:00:00.000Z</time>
</trkpt>
<trkpt lat="46.8401591" lon="4.6224428">
	<ele>235.30</ele>
	<time>1970-01-01T00:00:00.000Z</time>
</trkpt>
<trkpt lat="46.8404954" lon="4.6230481">
	<ele>234.40</ele>
	<time>1970-01-01T00:00:00.000Z</time>
</trkpt>
<trkpt lat="46.8411358" lon="4.6248664">
	<ele>232.20</ele>
	<time>1970-01-01T00:00:00.000Z</time>
</trkpt>
<trkpt lat="46.8414019" lon="4.6254209">
	<ele>232.90</ele>
	<time>1970-01-01T00:00:00.000Z</time>
</trkpt>
<trkpt lat="46.8425143" lon="4.6272982">
	<ele>233.20</ele>
	<time>1970-01-01T00:00:00.000Z</time>
</trkpt>
<trkpt lat="46.8430036" lon="4.6282896">
	<ele>232.70</ele>
	<time>1970-01-01T00:00:00.000Z</time>
</trkpt>
<trkpt lat="46.8440759" lon="4.6308930">
	<ele>233.70</ele>
	<time>1970-01-01T00:00:00.000Z</time>
</trkpt>
<trkpt lat="46.8442982" lon="4.6313498">
	<ele>234.10</ele>
	<time>1970-01-01T00:00:00.000Z</time>
</trkpt>
<trkpt lat="46.8446385" lon="4.6319018">
	<ele>233.70</ele>
	<time>1970-01-01T00:00:00.000Z</time>
</trkpt>
<trkpt lat="46.8446592" lon="4.6325129">
	<ele>234.40</ele>
	<time>1970-01-01T00:00:00.000Z</time>
</trkpt>
<trkpt lat="46.8447001" lon="4.6326537">
	<ele>234.40</ele>
	<time>1970-01-01T00:00:00.000Z</time>
</trkpt>
<trkpt lat="46.8457490" lon="4.6339897">
	<ele>233.70</ele>
	<time>1970-01-01T00:00:00.000Z</time>
</trkpt>
<trkpt lat="46.8460367" lon="4.6344204">
	<ele>234.50</ele>
	<time>1970-01-01T00:00:00.000Z</time>
</trkpt>
<trkpt lat="46.8458974" lon="4.6347173">
	<ele>235.20</ele>
	<time>1970-01-01T00:00:00.000Z</time>
</trkpt>
<trkpt lat="46.8459037" lon="4.6347779">
	<ele>235.20</ele>
	<time>1970-01-01T00:00:00.000Z</time>
</trkpt>
<trkpt lat="46.8460169" lon="4.6349032">
	<ele>235.90</ele>
	<time>1970-01-01T00:00:00.000Z</time>
</trkpt>
<trkpt lat="46.8465965" lon="4.6338222">
	<ele>233.30</ele>
	<time>1970-01-01T00:00:00.000Z</time>
</trkpt>
<trkpt lat="46.8465509" lon="4.6339248">
	<ele>233.30</ele>
	<time>1970-01-01T00:00:00.000Z</time>
</trkpt>
<trkpt lat="46.8467310" lon="4.6336479">
	<ele>232.70</ele>
	<time>1970-01-01T00:00:00.000Z</time>
</trkpt>
<trkpt lat="46.8466825" lon="4.6339661">
	<ele>233.00</ele>
	<time>1970-01-01T00:00:00.000Z</time>
</trkpt>
<trkpt lat="46.8485579" lon="4.6358452">
	<ele>232.90</ele>
	<time>1970-01-01T00:00:00.000Z</time>
</trkpt>
<trkpt lat="46.8488004" lon="4.6361850">
	<ele>233.10</ele>
	<time>1970-01-01T00:00:00.000Z</time>
</trkpt>
<trkpt lat="46.8490745" lon="4.6366785">
	<ele>232.50</ele>
	<time>1970-01-01T00:00:00.000Z</time>
</trkpt>
<trkpt lat="46.8494670" lon="4.6369730">
	<ele>231.20</ele>
	<time>1970-01-01T00:00:00.000Z</time>
</trkpt>
<trkpt lat="46.8527708" lon="4.6389638">
	<ele>230.90</ele>
	<time>1970-01-01T00:00:00.000Z</time>
</trkpt>
<trkpt lat="46.8536239" lon="4.6392069">
	<ele>231.20</ele>
	<time>1970-01-01T00:00:00.000Z</time>
</trkpt>
<trkpt lat="46.8543708" lon="4.6393318">
	<ele>230.70</ele>
	<time>1970-01-01T00:00:00.000Z</time>
</trkpt>
<trkpt lat="46.8550403" lon="4.6396673">
	<ele>230.90</ele>
	<time>1970-01-01T00:00:00.000Z</time>
</trkpt>
<trkpt lat="46.8556170" lon="4.6400855">
	<ele>230.90</ele>
	<time>1970-01-01T00:00:00.000Z</time>
</trkpt>
<trkpt lat="46.8561100" lon="4.6407080">
	<ele>230.40</ele>
	<time>1970-01-01T00:00:00.000Z</time>
</trkpt>
<trkpt lat="46.8563120" lon="4.6408720">
	<ele>230.30</ele>
	<time>1970-01-01T00:00:00.000Z</time>
</trkpt>
<trkpt lat="46.8578586" lon="4.6427398">
	<ele>230.00</ele>
	<time>1970-01-01T00:00:00.000Z</time>
</trkpt>
<trkpt lat="46.8586220" lon="4.6434300">
	<ele>229.90</ele>
	<time>1970-01-01T00:00:00.000Z</time>
</trkpt>
<trkpt lat="46.8602563" lon="4.6443513">
	<ele>228.70</ele>
	<time>1970-01-01T00:00:00.000Z</time>
</trkpt>
<trkpt lat="46.8612520" lon="4.6450320">
	<ele>229.30</ele>
	<time>1970-01-01T00:00:00.000Z</time>
</trkpt>
<trkpt lat="46.8628813" lon="4.6458415">
	<ele>230.90</ele>
	<time>1970-01-01T00:00:00.000Z</time>
</trkpt>
<trkpt lat="46.8643135" lon="4.6462308">
	<ele>228.90</ele>
	<time>1970-01-01T00:00:00.000Z</time>
</trkpt>
<trkpt lat="46.8661343" lon="4.6460126">
	<ele>229.40</ele>
	<time>1970-01-01T00:00:00.000Z</time>
</trkpt>
<trkpt lat="46.8664009" lon="4.6460850">
	<ele>229.00</ele>
	<time>1970-01-01T00:00:00.000Z</time>
</trkpt>
<trkpt lat="46.8667045" lon="4.6459396">
	<ele>228.30</ele>
	<time>1970-01-01T00:00:00.000Z</time>
</trkpt>
<trkpt lat="46.8670228" lon="4.6459920">
	<ele>227.90</ele>
	<time>1970-01-01T00:00:00.000Z</time>
</trkpt>
<trkpt lat="46.8672693" lon="4.6462014">
	<ele>227.20</ele>
	<time>1970-01-01T00:00:00.000Z</time>
</trkpt>
<trkpt lat="46.8679953" lon="4.6471214">
	<ele>226.50</ele>
	<time>1970-01-01T00:00:00.000Z</time>
</trkpt>
<trkpt lat="46.8682500" lon="4.6473620">
	<ele>227.10</ele>
	<time>1970-01-01T00:00:00.000Z</time>
</trkpt>
<trkpt lat="46.8684230" lon="4.6476830">
	<ele>228.00</ele>
	<time>1970-01-01T00:00:00.000Z</time>
</trkpt>
<trkpt lat="46.8691900" lon="4.6503520">
	<ele>226.70</ele>
	<time>1970-01-01T00:00:00.000Z</time>
</trkpt>
<trkpt lat="46.8699920" lon="4.6517730">
	<ele>225.80</ele>
	<time>1970-01-01T00:00:00.000Z</time>
</trkpt>
<trkpt lat="46.8706558" lon="4.6530645">
	<ele>225.30</ele>
	<time>1970-01-01T00:00:00.000Z</time>
</trkpt>
<trkpt lat="46.8720179" lon="4.6546980">
	<ele>226.20</ele>
	<time>1970-01-01T00:00:00.000Z</time>
</trkpt>
<trkpt lat="46.8725270" lon="4.6553980">
	<ele>225.90</ele>
	<time>1970-01-01T00:00:00.000Z</time>
</trkpt>
<trkpt lat="46.8727494" lon="4.6557133">
	<ele>226.00</ele>
	<time>1970-01-01T00:00:00.000Z</time>
</trkpt>
<trkpt lat="46.8729900" lon="4.6563630">
	<ele>226.00</ele>
	<time>1970-01-01T00:00:00.000Z</time>
</trkpt>
<trkpt lat="46.8734180" lon="4.6569470">
	<ele>225.80</ele>
	<time>1970-01-01T00:00:00.000Z</time>
</trkpt>
<trkpt lat="46.8743365" lon="4.6579145">
	<ele>224.10</ele>
	<time>1970-01-01T00:00:00.000Z</time>
</trkpt>
<trkpt lat="46.8753647" lon="4.6589244">
	<ele>223.50</ele>
	<time>1970-01-01T00:00:00.000Z</time>
</trkpt>
<trkpt lat="46.8764621" lon="4.6596798">
	<ele>223.30</ele>
	<time>1970-01-01T00:00:00.000Z</time>
</trkpt>
<trkpt lat="46.8779750" lon="4.6605325">
	<ele>223.80</ele>
	<time>1970-01-01T00:00:00.000Z</time>
</trkpt>
<trkpt lat="46.8784300" lon="4.6609620">
	<ele>224.00</ele>
	<time>1970-01-01T00:00:00.000Z</time>
</trkpt>
<trkpt lat="46.8789530" lon="4.6616430">
	<ele>222.60</ele>
	<time>1970-01-01T00:00:00.000Z</time>
</trkpt>
<trkpt lat="46.8791080" lon="4.6619370">
	<ele>222.40</ele>
	<time>1970-01-01T00:00:00.000Z</time>
</trkpt>
<trkpt lat="46.8792500" lon="4.6623770">
	<ele>222.90</ele>
	<time>1970-01-01T00:00:00.000Z</time>
</trkpt>
<trkpt lat="46.8794130" lon="4.6627450">
	<ele>223.20</ele>
	<time>1970-01-01T00:00:00.000Z</time>
</trkpt>
<trkpt lat="46.8796949" lon="4.6631541">
	<ele>224.00</ele>
	<time>1970-01-01T00:00:00.000Z</time>
</trkpt>
<trkpt lat="46.8804163" lon="4.6646043">
	<ele>223.10</ele>
	<time>1970-01-01T00:00:00.000Z</time>
</trkpt>
<trkpt lat="46.8809515" lon="4.6650736">
	<ele>221.70</ele>
	<time>1970-01-01T00:00:00.000Z</time>
</trkpt>
<trkpt lat="46.8842316" lon="4.6673915">
	<ele>221.80</ele>
	<time>1970-01-01T00:00:00.000Z</time>
</trkpt>
<trkpt lat="46.8853150" lon="4.6678170">
	<ele>223.10</ele>
	<time>1970-01-01T00:00:00.000Z</time>
</trkpt>
<trkpt lat="46.8854970" lon="4.6679900">
	<ele>223.10</ele>
	<time>1970-01-01T00:00:00.000Z</time>
</trkpt>
<trkpt lat="46.8857150" lon="4.6683600">
	<ele>222.90</ele>
	<time>1970-01-01T00:00:00.000Z</time>
</trkpt>
<trkpt lat="46.8858538" lon="4.6687023">
	<ele>222.80</ele>
	<time>1970-01-01T00:00:00.000Z</time>
</trkpt>
<trkpt lat="46.8865632" lon="4.6701367">
	<ele>222.50</ele>
	<time>1970-01-01T00:00:00.000Z</time>
</trkpt>
<trkpt lat="46.8868839" lon="4.6709746">
	<ele>223.30</ele>
	<time>1970-01-01T00:00:00.000Z</time>
</trkpt>
<trkpt lat="46.8870917" lon="4.6716613">
	<ele>223.90</ele>
	<time>1970-01-01T00:00:00.000Z</time>
</trkpt>
<trkpt lat="46.8873652" lon="4.6721520">
	<ele>223.90</ele>
	<time>1970-01-01T00:00:00.000Z</time>
</trkpt>
<trkpt lat="46.8886162" lon="4.6740997">
	<ele>223.80</ele>
	<time>1970-01-01T00:00:00.000Z</time>
</trkpt>
<trkpt lat="46.8888920" lon="4.6744420">
	<ele>222.60</ele>
	<time>1970-01-01T00:00:00.000Z</time>
</trkpt>
<trkpt lat="46.8891112" lon="4.6749946">
	<ele>223.20</ele>
	<time>1970-01-01T00:00:00.000Z</time>
</trkpt>
<trkpt lat="46.8896271" lon="4.6768423">
	<ele>224.30</ele>
	<time>1970-01-01T00:00:00.000Z</time>
</trkpt>
<trkpt lat="46.8897122" lon="4.6774229">
	<ele>225.30</ele>
	<time>1970-01-01T00:00:00.000Z</time>
</trkpt>
<trkpt lat="46.8897320" lon="4.6781480">
	<ele>225.10</ele>
	<time>1970-01-01T00:00:00.000Z</time>
</trkpt>
<trkpt lat="46.8898483" lon="4.6785712">
	<ele>225.40</ele>
	<time>1970-01-01T00:00:00.000Z</time>
</trkpt>
<trkpt lat="46.8910656" lon="4.6806592">
	<ele>223.50</ele>
	<time>1970-01-01T00:00:00.000Z</time>
</trkpt>
<trkpt lat="46.8926300" lon="4.6835470">
	<ele>223.10</ele>
	<time>1970-01-01T00:00:00.000Z</time>
</trkpt>
<trkpt lat="46.8943478" lon="4.6852004">
	<ele>222.60</ele>
	<time>1970-01-01T00:00:00.000Z</time>
</trkpt>
<trkpt lat="46.8948182" lon="4.6864026">
	<ele>224.20</ele>
	<time>1970-01-01T00:00:00.000Z</time>
</trkpt>
<trkpt lat="46.8952530" lon="4.6868750">
	<ele>221.90</ele>
	<time>1970-01-01T00:00:00.000Z</time>
</trkpt>
<trkpt lat="46.8960543" lon="4.6875726">
	<ele>219.80</ele>
	<time>1970-01-01T00:00:00.000Z</time>
</trkpt>
<trkpt lat="46.8974743" lon="4.6885537">
	<ele>220.20</ele>
	<time>1970-01-01T00:00:00.000Z</time>
</trkpt>
<trkpt lat="46.8984550" lon="4.6890630">
	<ele>222.60</ele>
	<time>1970-01-01T00:00:00.000Z</time>
</trkpt>
<trkpt lat="46.8991707" lon="4.6892186">
	<ele>222.00</ele>
	<time>1970-01-01T00:00:00.000Z</time>
</trkpt>
<trkpt lat="46.8995263" lon="4.6894312">
	<ele>221.60</ele>
	<time>1970-01-01T00:00:00.000Z</time>
</trkpt>
<trkpt lat="46.9001832" lon="4.6903134">
	<ele>220.80</ele>
	<time>1970-01-01T00:00:00.000Z</time>
</trkpt>
<trkpt lat="46.9015752" lon="4.6919581">
	<ele>220.80</ele>
	<time>1970-01-01T00:00:00.000Z</time>
</trkpt>
<trkpt lat="46.9020046" lon="4.6928477">
	<ele>221.60</ele>
	<time>1970-01-01T00:00:00.000Z</time>
</trkpt>
<trkpt lat="46.9026057" lon="4.6937339">
	<ele>221.10</ele>
	<time>1970-01-01T00:00:00.000Z</time>
</trkpt>
<trkpt lat="46.9028622" lon="4.6939519">
	<ele>220.20</ele>
	<time>1970-01-01T00:00:00.000Z</time>
</trkpt>
<trkpt lat="46.9030719" lon="4.6943324">
	<ele>220.20</ele>
	<time>1970-01-01T00:00:00.000Z</time>
</trkpt>
<trkpt lat="46.9040021" lon="4.6953152">
	<ele>220.30</ele>
	<time>1970-01-01T00:00:00.000Z</time>
</trkpt>
<trkpt lat="46.9043100" lon="4.6958920">
	<ele>219.30</ele>
	<time>1970-01-01T00:00:00.000Z</time>
</trkpt>
<trkpt lat="46.9047222" lon="4.6971148">
	<ele>220.20</ele>
	<time>1970-01-01T00:00:00.000Z</time>
</trkpt>
<trkpt lat="46.9050270" lon="4.6981530">
	<ele>219.00</ele>
	<time>1970-01-01T00:00:00.000Z</time>
</trkpt>
<trkpt lat="46.9051780" lon="4.6996300">
	<ele>220.30</ele>
	<time>1970-01-01T00:00:00.000Z</time>
</trkpt>
<trkpt lat="46.9051880" lon="4.7011250">
	<ele>220.90</ele>
	<time>1970-01-01T00:00:00.000Z</time>
</trkpt>
<trkpt lat="46.9048370" lon="4.7039730">
	<ele>221.70</ele>
	<time>1970-01-01T00:00:00.000Z</time>
</trkpt>
<trkpt lat="46.9045870" lon="4.7051400">
	<ele>223.00</ele>
	<time>1970-01-01T00:00:00.000Z</time>
</trkpt>
<trkpt lat="46.9045000" lon="4.7056820">
	<ele>222.50</ele>
	<time>1970-01-01T00:00:00.000Z</time>
</trkpt>
<trkpt lat="46.9044959" lon="4.7061572">
	<ele>221.50</ele>
	<time>1970-01-01T00:00:00.000Z</time>
</trkpt>
<trkpt lat="46.9045947" lon="4.7065708">
	<ele>220.90</ele>
	<time>1970-01-01T00:00:00.000Z</time>
</trkpt>
<trkpt lat="46.9047153" lon="4.7068570">
	<ele>219.70</ele>
	<time>1970-01-01T00:00:00.000Z</time>
</trkpt>
<trkpt lat="46.9048720" lon="4.7070720">
	<ele>219.10</ele>
	<time>1970-01-01T00:00:00.000Z</time>
</trkpt>
<trkpt lat="46.9049540" lon="4.7073610">
	<ele>219.90</ele>
	<time>1970-01-01T00:00:00.000Z</time>
</trkpt>
<trkpt lat="46.9049750" lon="4.7083030">
	<ele>221.80</ele>
	<time>1970-01-01T00:00:00.000Z</time>
</trkpt>
<trkpt lat="46.9049347" lon="4.7087402">
	<ele>222.60</ele>
	<time>1970-01-01T00:00:00.000Z</time>
</trkpt>
<trkpt lat="46.9049254" lon="4.7092823">
	<ele>222.80</ele>
	<time>1970-01-01T00:00:00.000Z</time>
</trkpt>
<trkpt lat="46.9049492" lon="4.7095264">
	<ele>222.90</ele>
	<time>1970-01-01T00:00:00.000Z</time>
</trkpt>
<trkpt lat="46.9047530" lon="4.7105850">
	<ele>222.70</ele>
	<time>1970-01-01T00:00:00.000Z</time>
</trkpt>
<trkpt lat="46.9047730" lon="4.7109643">
	<ele>222.50</ele>
	<time>1970-01-01T00:00:00.000Z</time>
</trkpt>
<trkpt lat="46.9052798" lon="4.7124632">
	<ele>219.40</ele>
	<time>1970-01-01T00:00:00.000Z</time>
</trkpt>
<trkpt lat="46.9063356" lon="4.7153661">
	<ele>218.10</ele>
	<time>1970-01-01T00:00:00.000Z</time>
</trkpt>
<trkpt lat="46.9067490" lon="4.7162659">
	<ele>220.60</ele>
	<time>1970-01-01T00:00:00.000Z</time>
</trkpt>
<trkpt lat="46.9071516" lon="4.7173107">
	<ele>220.90</ele>
	<time>1970-01-01T00:00:00.000Z</time>
</trkpt>
<trkpt lat="46.9073046" lon="4.7180101">
	<ele>219.90</ele>
	<time>1970-01-01T00:00:00.000Z</time>
</trkpt>
<trkpt lat="46.9074376" lon="4.7190797">
	<ele>219.10</ele>
	<time>1970-01-01T00:00:00.000Z</time>
</trkpt>
<trkpt lat="46.9073534" lon="4.7194463">
	<ele>220.00</ele>
	<time>1970-01-01T00:00:00.000Z</time>
</trkpt>
<trkpt lat="46.9067199" lon="4.7200502">
	<ele>221.30</ele>
	<time>1970-01-01T00:00:00.000Z</time>
</trkpt>
<trkpt lat="46.9065000" lon="4.7203170">
	<ele>221.70</ele>
	<time>1970-01-01T00:00:00.000Z</time>
</trkpt>
<trkpt lat="46.9063680" lon="4.7206080">
	<ele>222.50</ele>
	<time>1970-01-01T00:00:00.000Z</time>
</trkpt>
<trkpt lat="46.9063170" lon="4.7208850">
	<ele>223.10</ele>
	<time>1970-01-01T00:00:00.000Z</time>
</trkpt>
<trkpt lat="46.9063074" lon="4.7218229">
	<ele>225.60</ele>
	<time>1970-01-01T00:00:00.000Z</time>
</trkpt>
<trkpt lat="46.9062270" lon="4.7223700">
	<ele>226.10</ele>
	<time>1970-01-01T00:00:00.000Z</time>
</trkpt>
<trkpt lat="46.9062868" lon="4.7229121">
	<ele>225.60</ele>
	<time>1970-01-01T00:00:00.000Z</time>
</trkpt>
<trkpt lat="46.9067070" lon="4.7243530">
	<ele>219.70</ele>
	<time>1970-01-01T00:00:00.000Z</time>
</trkpt>
<trkpt lat="46.9067927" lon="4.7258515">
	<ele>220.90</ele>
	<time>1970-01-01T00:00:00.000Z</time>
</trkpt>
<trkpt lat="46.9073116" lon="4.7272972">
	<ele>219.70</ele>
	<time>1970-01-01T00:00:00.000Z</time>
</trkpt>
<trkpt lat="46.9072993" lon="4.7278859">
	<ele>220.40</ele>
	<time>1970-01-01T00:00:00.000Z</time>
</trkpt>
<trkpt lat="46.9073266" lon="4.7285192">
	<ele>220.90</ele>
	<time>1970-01-01T00:00:00.000Z</time>
</trkpt>
<trkpt lat="46.9074841" lon="4.7289513">
	<ele>220.50</ele>
	<time>1970-01-01T00:00:00.000Z</time>
</trkpt>
<trkpt lat="46.9083379" lon="4.7304117">
	<ele>216.70</ele>
	<time>1970-01-01T00:00:00.000Z</time>
</trkpt>
<trkpt lat="46.9085666" lon="4.7309932">
	<ele>216.70</ele>
	<time>1970-01-01T00:00:00.000Z</time>
</trkpt>
<trkpt lat="46.9086800" lon="4.7315935">
	<ele>219.30</ele>
	<time>1970-01-01T00:00:00.000Z</time>
</trkpt>
<trkpt lat="46.9086630" lon="4.7322530">
	<ele>221.00</ele>
	<time>1970-01-01T00:00:00.000Z</time>
</trkpt>
<trkpt lat="46.9086907" lon="4.7327004">
	<ele>222.30</ele>
	<time>1970-01-01T00:00:00.000Z</time>
</trkpt>
<trkpt lat="46.9089120" lon="4.7330700">
	<ele>220.80</ele>
	<time>1970-01-01T00:00:00.000Z</time>
</trkpt>
<trkpt lat="46.9091905" lon="4.7332316">
	<ele>219.90</ele>
	<time>1970-01-01T00:00:00.000Z</time>
</trkpt>
<trkpt lat="46.9095100" lon="4.7335270">
	<ele>218.00</ele>
	<time>1970-01-01T00:00:00.000Z</time>
</trkpt>
<trkpt lat="46.9097580" lon="4.7341695">
	<ele>218.30</ele>
	<time>1970-01-01T00:00:00.000Z</time>
</trkpt>
<trkpt lat="46.9102811" lon="4.7370256">
	<ele>220.90</ele>
	<time>1970-01-01T00:00:00.000Z</time>
</trkpt>
<trkpt lat="46.9102570" lon="4.7374150">
	<ele>221.00</ele>
	<time>1970-01-01T00:00:00.000Z</time>
</trkpt>
<trkpt lat="46.9102936" lon="4.7380350">
	<ele>221.50</ele>
	<time>1970-01-01T00:00:00.000Z</time>
</trkpt>
<trkpt lat="46.9105543" lon="4.7391286">
	<ele>218.30</ele>
	<time>1970-01-01T00:00:00.000Z</time>
</trkpt>
<trkpt lat="46.9108904" lon="4.7401647">
	<ele>218.70</ele>
	<time>1970-01-01T00:00:00.000Z</time>
</trkpt>
<trkpt lat="46.9110652" lon="4.7409499">
	<ele>217.50</ele>
	<time>1970-01-01T00:00:00.000Z</time>
</trkpt>
<trkpt lat="46.9110856" lon="4.7415829">
	<ele>217.40</ele>
	<time>1970-01-01T00:00:00.000Z</time>
</trkpt>
<trkpt lat="46.9108330" lon="4.7422100">
	<ele>217.90</ele>
	<time>1970-01-01T00:00:00.000Z</time>
</trkpt>
<trkpt lat="46.9106000" lon="4.7426550">
	<ele>217.20</ele>
	<time>1970-01-01T00:00:00.000Z</time>
</trkpt>
<trkpt lat="46.9102897" lon="4.7430554">
	<ele>218.10</ele>
	<time>1970-01-01T00:00:00.000Z</time>
</trkpt>
<trkpt lat="46.9097290" lon="4.7435039">
	<ele>219.40</ele>
	<time>1970-01-01T00:00:00.000Z</time>
</trkpt>
<trkpt lat="46.9091017" lon="4.7436951">
	<ele>222.30</ele>
	<time>1970-01-01T00:00:00.000Z</time>
</trkpt>
<trkpt lat="46.9086442" lon="4.7440513">
	<ele>222.00</ele>
	<time>1970-01-01T00:00:00.000Z</time>
</trkpt>
<trkpt lat="46.9084420" lon="4.7442980">
	<ele>221.20</ele>
	<time>1970-01-01T00:00:00.000Z</time>
</trkpt>
<trkpt lat="46.9080548" lon="4.7451183">
	<ele>219.80</ele>
	<time>1970-01-01T00:00:00.000Z</time>
</trkpt>
<trkpt lat="46.9070430" lon="4.7461550">
	<ele>221.00</ele>
	<time>1970-01-01T00:00:00.000Z</time>
</trkpt>
<trkpt lat="46.9067815" lon="4.7464859">
	<ele>220.50</ele>
	<time>1970-01-01T00:00:00.000Z</time>
</trkpt>
<trkpt lat="46.9065909" lon="4.7461342">
	<ele>220.40</ele>
	<time>1970-01-01T00:00:00.000Z</time>
</trkpt>
<trkpt lat="46.9062536" lon="4.7457197">
	<ele>219.80</ele>
	<time>1970-01-01T00:00:00.000Z</time>
</trkpt>
<trkpt lat="46.9061389" lon="4.7456859">
	<ele>219.80</ele>
	<time>1970-01-01T00:00:00.000Z</time>
</trkpt>
<trkpt lat="46.9061638" lon="4.7458228">
	<ele>219.80</ele>
	<time>1970-01-01T00:00:00.000Z</time>
</trkpt>
<trkpt lat="46.9064150" lon="4.7461530">
	<ele>220.00</ele>
	<time>1970-01-01T00:00:00.000Z</time>
</trkpt>
<trkpt lat="46.9064536" lon="4.7463662">
	<ele>220.00</ele>
	<time>1970-01-01T00:00:00.000Z</time>
</trkpt>
<trkpt lat="46.9063530" lon="4.7466720">
	<ele>220.00</ele>
	<time>1970-01-01T00:00:00.000Z</time>
</trkpt>
<trkpt lat="46.9056555" lon="4.7475030">
	<ele>219.50</ele>
	<time>1970-01-01T00:00:00.000Z</time>
</trkpt>
<trkpt lat="46.9043953" lon="4.7492212">
	<ele>220.10</ele>
	<time>1970-01-01T00:00:00.000Z</time>
</trkpt>
<trkpt lat="46.9040611" lon="4.7494536">
	<ele>220.80</ele>
	<time>1970-01-01T00:00:00.000Z</time>
</trkpt>
<trkpt lat="46.9038293" lon="4.7495116">
	<ele>220.80</ele>
	<time>1970-01-01T00:00:00.000Z</time>
</trkpt>
<trkpt lat="46.9035050" lon="4.7496920">
	<ele>221.00</ele>
	<time>1970-01-01T00:00:00.000Z</time>
</trkpt>
<trkpt lat="46.9032905" lon="4.7498644">
	<ele>220.90</ele>
	<time>1970-01-01T00:00:00.000Z</time>
</trkpt>
<trkpt lat="46.9031280" lon="4.7501950">
	<ele>221.40</ele>
	<time>1970-01-01T00:00:00.000Z</time>
</trkpt>
<trkpt lat="46.9029278" lon="4.7515668">
	<ele>220.60</ele>
	<time>1970-01-01T00:00:00.000Z</time>
</trkpt>
<trkpt lat="46.9028444" lon="4.7518657">
	<ele>221.00</ele>
	<time>1970-01-01T00:00:00.000Z</time>
</trkpt>
<trkpt lat="46.9028180" lon="4.7522270">
	<ele>221.60</ele>
	<time>1970-01-01T00:00:00.000Z</time>
</trkpt>
<trkpt lat="46.9027300" lon="4.7523680">
	<ele>222.40</ele>
	<time>1970-01-01T00:00:00.000Z</time>
</trkpt>
<trkpt lat="46.9026080" lon="4.7524030">
	<ele>222.60</ele>
	<time>1970-01-01T00:00:00.000Z</time>
</trkpt>
<trkpt lat="46.9024300" lon="4.7526340">
	<ele>223.60</ele>
	<time>1970-01-01T00:00:00.000Z</time>
</trkpt>
<trkpt lat="46.9023080" lon="4.7529850">
	<ele>224.50</ele>
	<time>1970-01-01T00:00:00.000Z</time>
</trkpt>
<trkpt lat="46.9020930" lon="4.7532989">
	<ele>225.70</ele>
	<time>1970-01-01T00:00:00.000Z</time>
</trkpt>
<trkpt lat="46.8913116" lon="4.7569715">
	<ele>224.60</ele>
	<time>1970-01-01T00:00:00.000Z</time>
</trkpt>
<trkpt lat="46.8910717" lon="4.7572521">
	<ele>224.90</ele>
	<time>1970-01-01T00:00:00.000Z</time>
</trkpt>
<trkpt lat="46.8883533" lon="4.7637517">
	<ele>216.90</ele>
	<time>1970-01-01T00:00:00.000Z</time>
</trkpt>
<trkpt lat="46.8881280" lon="4.7640822">
	<ele>216.90</ele>
	<time>1970-01-01T00:00:00.000Z</time>
</trkpt>
<trkpt lat="46.8878079" lon="4.7643229">
	<ele>216.70</ele>
	<time>1970-01-01T00:00:00.000Z</time>
</trkpt>
<trkpt lat="46.8869950" lon="4.7647120">
	<ele>216.10</ele>
	<time>1970-01-01T00:00:00.000Z</time>
</trkpt>
<trkpt lat="46.8860610" lon="4.7649975">
	<ele>215.50</ele>
	<time>1970-01-01T00:00:00.000Z</time>
</trkpt>
<trkpt lat="46.8850449" lon="4.7649516">
	<ele>213.00</ele>
	<time>1970-01-01T00:00:00.000Z</time>
</trkpt>
<trkpt lat="46.8831215" lon="4.7645007">
	<ele>211.00</ele>
	<time>1970-01-01T00:00:00.000Z</time>
</trkpt>
<trkpt lat="46.8827121" lon="4.7646037">
	<ele>211.10</ele>
	<time>1970-01-01T00:00:00.000Z</time>
</trkpt>
<trkpt lat="46.8823035" lon="4.7649864">
	<ele>211.40</ele>
	<time>1970-01-01T00:00:00.000Z</time>
</trkpt>
<trkpt lat="46.8820720" lon="4.7654000">
	<ele>211.40</ele>
	<time>1970-01-01T00:00:00.000Z</time>
</trkpt>
<trkpt lat="46.8817716" lon="4.7660832">
	<ele>210.40</ele>
	<time>1970-01-01T00:00:00.000Z</time>
</trkpt>
<trkpt lat="46.8807951" lon="4.7680959">
	<ele>208.40</ele>
	<time>1970-01-01T00:00:00.000Z</time>
</trkpt>
<trkpt lat="46.8795445" lon="4.7690323">
	<ele>206.20</ele>
	<time>1970-01-01T00:00:00.000Z</time>
</trkpt>
<trkpt lat="46.8792937" lon="4.7693975">
	<ele>206.70</ele>
	<time>1970-01-01T00:00:00.000Z</time>
</trkpt>
<trkpt lat="46.8790405" lon="4.7699808">
	<ele>205.60</ele>
	<time>1970-01-01T00:00:00.000Z</time>
</trkpt>
<trkpt lat="46.8784930" lon="4.7709250">
	<ele>204.80</ele>
	<time>1970-01-01T00:00:00.000Z</time>
</trkpt>
<trkpt lat="46.8780601" lon="4.7718563">
	<ele>204.20</ele>
	<time>1970-01-01T00:00:00.000Z</time>
</trkpt>
<trkpt lat="46.8776309" lon="4.7723594">
	<ele>203.90</ele>
	<time>1970-01-01T00:00:00.000Z</time>
</trkpt>
<trkpt lat="46.8768784" lon="4.7729325">
	<ele>202.90</ele>
	<time>1970-01-01T00:00:00.000Z</time>
</trkpt>
<trkpt lat="46.8762748" lon="4.7734886">
	<ele>200.30</ele>
	<time>1970-01-01T00:00:00.000Z</time>
</trkpt>
<trkpt lat="46.8761749" lon="4.7738482">
	<ele>200.50</ele>
	<time>1970-01-01T00:00:00.000Z</time>
</trkpt>
<trkpt lat="46.8758103" lon="4.7764922">
	<ele>199.90</ele>
	<time>1970-01-01T00:00:00.000Z</time>
</trkpt>
<trkpt lat="46.8756790" lon="4.7768504">
	<ele>199.60</ele>
	<time>1970-01-01T00:00:00.000Z</time>
</trkpt>
<trkpt lat="46.8750122" lon="4.7776225">
	<ele>198.40</ele>
	<time>1970-01-01T00:00:00.000Z</time>
</trkpt>
<trkpt lat="46.8735940" lon="4.7789184">
	<ele>196.90</ele>
	<time>1970-01-01T00:00:00.000Z</time>
</trkpt>
<trkpt lat="46.8731773" lon="4.7792523">
	<ele>197.00</ele>
	<time>1970-01-01T00:00:00.000Z</time>
</trkpt>
<trkpt lat="46.8724904" lon="4.7796057">
	<ele>196.50</ele>
	<time>1970-01-01T00:00:00.000Z</time>
</trkpt>
<trkpt lat="46.8721030" lon="4.7798880">
	<ele>196.20</ele>
	<time>1970-01-01T00:00:00.000Z</time>
</trkpt>
<trkpt lat="46.8719450" lon="4.7800870">
	<ele>196.00</ele>
	<time>1970-01-01T00:00:00.000Z</time>
</trkpt>
<trkpt lat="46.8718547" lon="4.7803949">
	<ele>196.00</ele>
	<time>1970-01-01T00:00:00.000Z</time>
</trkpt>
<trkpt lat="46.8714347" lon="4.7824651">
	<ele>199.00</ele>
	<time>1970-01-01T00:00:00.000Z</time>
</trkpt>
<trkpt lat="46.8712620" lon="4.7830450">
	<ele>199.70</ele>
	<time>1970-01-01T00:00:00.000Z</time>
</trkpt>
<trkpt lat="46.8710181" lon="4.7836365">
	<ele>200.50</ele>
	<time>1970-01-01T00:00:00.000Z</time>
</trkpt>
<trkpt lat="46.8707069" lon="4.7846181">
	<ele>199.70</ele>
	<time>1970-01-01T00:00:00.000Z</time>
</trkpt>
<trkpt lat="46.8705453" lon="4.7855468">
	<ele>199.80</ele>
	<time>1970-01-01T00:00:00.000Z</time>
</trkpt>
<trkpt lat="46.8704059" lon="4.7859771">
	<ele>199.80</ele>
	<time>1970-01-01T00:00:00.000Z</time>
</trkpt>
<trkpt lat="46.8701473" lon="4.7862694">
	<ele>198.90</ele>
	<time>1970-01-01T00:00:00.000Z</time>
</trkpt>
<trkpt lat="46.8694520" lon="4.7865850">
	<ele>197.40</ele>
	<time>1970-01-01T00:00:00.000Z</time>
</trkpt>
<trkpt lat="46.8691598" lon="4.7867831">
	<ele>197.20</ele>
	<time>1970-01-01T00:00:00.000Z</time>
</trkpt>
<trkpt lat="46.8686780" lon="4.7874330">
	<ele>197.00</ele>
	<time>1970-01-01T00:00:00.000Z</time>
</trkpt>
<trkpt lat="46.8678878" lon="4.7887052">
	<ele>195.40</ele>
	<time>1970-01-01T00:00:00.000Z</time>
</trkpt>
<trkpt lat="46.8677207" lon="4.7890497">
	<ele>196.10</ele>
	<time>1970-01-01T00:00:00.000Z</time>
</trkpt>
<trkpt lat="46.8676469" lon="4.7897631">
	<ele>196.90</ele>
	<time>1970-01-01T00:00:00.000Z</time>
</trkpt>
<trkpt lat="46.8674273" lon="4.7903485">
	<ele>196.70</ele>
	<time>1970-01-01T00:00:00.000Z</time>
</trkpt>
<trkpt lat="46.8664421" lon="4.7915907">
	<ele>194.30</ele>
	<time>1970-01-01T00:00:00.000Z</time>
</trkpt>
<trkpt lat="46.8660720" lon="4.7918170">
	<ele>193.60</ele>
	<time>1970-01-01T00:00:00.000Z</time>
</trkpt>
<trkpt lat="46.8646265" lon="4.7922759">
	<ele>192.00</ele>
	<time>1970-01-01T00:00:00.000Z</time>
</trkpt>
<trkpt lat="46.8642539" lon="4.7925843">
	<ele>192.60</ele>
	<time>1970-01-01T00:00:00.000Z</time>
</trkpt>
<trkpt lat="46.8617787" lon="4.7949976">
	<ele>192.00</ele>
	<time>1970-01-01T00:00:00.000Z</time>
</trkpt>
<trkpt lat="46.8611250" lon="4.7955747">
	<ele>192.60</ele>
	<time>1970-01-01T00:00:00.000Z</time>
</trkpt>
<trkpt lat="46.8598395" lon="4.7964395">
	<ele>193.00</ele>
	<time>1970-01-01T00:00:00.000Z</time>
</trkpt>
<trkpt lat="46.8588980" lon="4.7969620">
	<ele>193.10</ele>
	<time>1970-01-01T00:00:00.000Z</time>
</trkpt>
<trkpt lat="46.8586550" lon="4.7971530">
	<ele>193.40</ele>
	<time>1970-01-01T00:00:00.000Z</time>
</trkpt>
<trkpt lat="46.8585920" lon="4.7973470">
	<ele>193.90</ele>
	<time>1970-01-01T00:00:00.000Z</time>
</trkpt>
<trkpt lat="46.8585000" lon="4.7974030">
	<ele>193.80</ele>
	<time>1970-01-01T00:00:00.000Z</time>
</trkpt>
<trkpt lat="46.8583279" lon="4.7973880">
	<ele>193.60</ele>
	<time>1970-01-01T00:00:00.000Z</time>
</trkpt>
<trkpt lat="46.8573820" lon="4.7981520">
	<ele>191.90</ele>
	<time>1970-01-01T00:00:00.000Z</time>
</trkpt>
<trkpt lat="46.8566167" lon="4.7985633">
	<ele>191.10</ele>
	<time>1970-01-01T00:00:00.000Z</time>
</trkpt>
<trkpt lat="46.8554880" lon="4.7992580">
	<ele>192.80</ele>
	<time>1970-01-01T00:00:00.000Z</time>
</trkpt>
<trkpt lat="46.8545632" lon="4.7997750">
	<ele>192.70</ele>
	<time>1970-01-01T00:00:00.000Z</time>
</trkpt>
<trkpt lat="46.8543206" lon="4.7999640">
	<ele>192.60</ele>
	<time>1970-01-01T00:00:00.000Z</time>
</trkpt>
<trkpt lat="46.8539819" lon="4.8004348">
	<ele>192.70</ele>
	<time>1970-01-01T00:00:00.000Z</time>
</trkpt>
<trkpt lat="46.8537104" lon="4.8006448">
	<ele>192.40</ele>
	<time>1970-01-01T00:00:00.000Z</time>
</trkpt>
<trkpt lat="46.8533985" lon="4.8006746">
	<ele>191.40</ele>
	<time>1970-01-01T00:00:00.000Z</time>
</trkpt>
<trkpt lat="46.8530669" lon="4.8006485">
	<ele>191.10</ele>
	<time>1970-01-01T00:00:00.000Z</time>
</trkpt>
<trkpt lat="46.8528495" lon="4.8005651">
	<ele>190.50</ele>
	<time>1970-01-01T00:00:00.000Z</time>
</trkpt>
<trkpt lat="46.8523278" lon="4.8005070">
	<ele>190.50</ele>
	<time>1970-01-01T00:00:00.000Z</time>
</trkpt>
<trkpt lat="46.8515130" lon="4.8006650">
	<ele>190.50</ele>
	<time>1970-01-01T00:00:00.000Z</time>
</trkpt>
<trkpt lat="46.8511007" lon="4.8008976">
	<ele>190.50</ele>
	<time>1970-01-01T00:00:00.000Z</time>
</trkpt>
<trkpt lat="46.8491676" lon="4.8024730">
	<ele>189.20</ele>
	<time>1970-01-01T00:00:00.000Z</time>
</trkpt>
<trkpt lat="46.8488759" lon="4.8029573">
	<ele>189.30</ele>
	<time>1970-01-01T00:00:00.000Z</time>
</trkpt>
<trkpt lat="46.8474523" lon="4.8079308">
	<ele>187.30</ele>
	<time>1970-01-01T00:00:00.000Z</time>
</trkpt>
<trkpt lat="46.8474220" lon="4.8085270">
	<ele>187.90</ele>
	<time>1970-01-01T00:00:00.000Z</time>
</trkpt>
<trkpt lat="46.8474363" lon="4.8090910">
	<ele>188.80</ele>
	<time>1970-01-01T00:00:00.000Z</time>
</trkpt>
<trkpt lat="46.8473650" lon="4.8101580">
	<ele>189.40</ele>
	<time>1970-01-01T00:00:00.000Z</time>
</trkpt>
<trkpt lat="46.8471704" lon="4.8107777">
	<ele>188.60</ele>
	<time>1970-01-01T00:00:00.000Z</time>
</trkpt>
<trkpt lat="46.8471528" lon="4.8111770">
	<ele>188.00</ele>
	<time>1970-01-01T00:00:00.000Z</time>
</trkpt>
<trkpt lat="46.8473230" lon="4.8122030">
	<ele>187.50</ele>
	<time>1970-01-01T00:00:00.000Z</time>
</trkpt>
<trkpt lat="46.8474859" lon="4.8129413">
	<ele>187.20</ele>
	<time>1970-01-01T00:00:00.000Z</time>
</trkpt>
<trkpt lat="46.8476500" lon="4.8139550">
	<ele>187.60</ele>
	<time>1970-01-01T00:00:00.000Z</time>
</trkpt>
<trkpt lat="46.8476680" lon="4.8143300">
	<ele>187.80</ele>
	<time>1970-01-01T00:00:00.000Z</time>
</trkpt>
<trkpt lat="46.8475820" lon="4.8150580">
	<ele>187.80</ele>
	<time>1970-01-01T00:00:00.000Z</time>
</trkpt>
<trkpt lat="46.8471440" lon="4.8173023">
	<ele>185.70</ele>
	<time>1970-01-01T00:00:00.000Z</time>
</trkpt>
<trkpt lat="46.8472627" lon="4.8188430">
	<ele>186.60</ele>
	<time>1970-01-01T00:00:00.000Z</time>
</trkpt>
<trkpt lat="46.8472420" lon="4.8193000">
	<ele>186.90</ele>
	<time>1970-01-01T00:00:00.000Z</time>
</trkpt>
<trkpt lat="46.8470950" lon="4.8198070">
	<ele>186.70</ele>
	<time>1970-01-01T00:00:00.000Z</time>
</trkpt>
<trkpt lat="46.8468765" lon="4.8204049">
	<ele>187.30</ele>
	<time>1970-01-01T00:00:00.000Z</time>
</trkpt>
<trkpt lat="46.8462170" lon="4.8215970">
	<ele>186.10</ele>
	<time>1970-01-01T00:00:00.000Z</time>
</trkpt>
<trkpt lat="46.8460093" lon="4.8224163">
	<ele>187.10</ele>
	<time>1970-01-01T00:00:00.000Z</time>
</trkpt>
<trkpt lat="46.8457352" lon="4.8229137">
	<ele>187.20</ele>
	<time>1970-01-01T00:00:00.000Z</time>
</trkpt>
<trkpt lat="46.8454617" lon="4.8230800">
	<ele>186.70</ele>
	<time>1970-01-01T00:00:00.000Z</time>
</trkpt>
<trkpt lat="46.8450030" lon="4.8231470">
	<ele>186.40</ele>
	<time>1970-01-01T00:00:00.000Z</time>
</trkpt>
<trkpt lat="46.8444193" lon="4.8229813">
	<ele>185.60</ele>
	<time>1970-01-01T00:00:00.000Z</time>
</trkpt>
<trkpt lat="46.8441013" lon="4.8230327">
	<ele>184.60</ele>
	<time>1970-01-01T00:00:00.000Z</time>
</trkpt>
<trkpt lat="46.8437540" lon="4.8232717">
	<ele>184.50</ele>
	<time>1970-01-01T00:00:00.000Z</time>
</trkpt>
<trkpt lat="46.8430438" lon="4.8239554">
	<ele>184.10</ele>
	<time>1970-01-01T00:00:00.000Z</time>
</trkpt>
<trkpt lat="46.8422466" lon="4.8251265">
	<ele>185.60</ele>
	<time>1970-01-01T00:00:00.000Z</time>
</trkpt>
<trkpt lat="46.8409501" lon="4.8259709">
	<ele>182.90</ele>
	<time>1970-01-01T00:00:00.000Z</time>
</trkpt>
<trkpt lat="46.8408080" lon="4.8262370">
	<ele>182.70</ele>
	<time>1970-01-01T00:00:00.000Z</time>
</trkpt>
<trkpt lat="46.8405220" lon="4.8269770">
	<ele>182.30</ele>
	<time>1970-01-01T00:00:00.000Z</time>
</trkpt>
<trkpt lat="46.8402968" lon="4.8273492">
	<ele>183.10</ele>
	<time>1970-01-01T00:00:00.000Z</time>
</trkpt>
<trkpt lat="46.8399037" lon="4.8277319">
	<ele>183.20</ele>
	<time>1970-01-01T00:00:00.000Z</time>
</trkpt>
<trkpt lat="46.8393656" lon="4.8279497">
	<ele>182.90</ele>
	<time>1970-01-01T00:00:00.000Z</time>
</trkpt>
<trkpt lat="46.8391030" lon="4.8280150">
	<ele>182.40</ele>
	<time>1970-01-01T00:00:00.000Z</time>
</trkpt>
<trkpt lat="46.8388315" lon="4.8281764">
	<ele>181.50</ele>
	<time>1970-01-01T00:00:00.000Z</time>
</trkpt>
<trkpt lat="46.8384920" lon="4.8286981">
	<ele>181.20</ele>
	<time>1970-01-01T00:00:00.000Z</time>
</trkpt>
<trkpt lat="46.8383020" lon="4.8290720">
	<ele>181.20</ele>
	<time>1970-01-01T00:00:00.000Z</time>
</trkpt>
<trkpt lat="46.8380874" lon="4.8292991">
	<ele>181.40</ele>
	<time>1970-01-01T00:00:00.000Z</time>
</trkpt>
<trkpt lat="46.8379452" lon="4.8295229">
	<ele>181.60</ele>
	<time>1970-01-01T00:00:00.000Z</time>
</trkpt>
<trkpt lat="46.8374650" lon="4.8298070">
	<ele>182.00</ele>
	<time>1970-01-01T00:00:00.000Z</time>
</trkpt>
<trkpt lat="46.8367418" lon="4.8300198">
	<ele>182.30</ele>
	<time>1970-01-01T00:00:00.000Z</time>
</trkpt>
<trkpt lat="46.8360914" lon="4.8301233">
	<ele>182.40</ele>
	<time>1970-01-01T00:00:00.000Z</time>
</trkpt>
<trkpt lat="46.8357355" lon="4.8305561">
	<ele>183.80</ele>
	<time>1970-01-01T00:00:00.000Z</time>
</trkpt>
<trkpt lat="46.8352811" lon="4.8315786">
	<ele>185.90</ele>
	<time>1970-01-01T00:00:00.000Z</time>
</trkpt>
<trkpt lat="46.8346220" lon="4.8336393">
	<ele>185.20</ele>
	<time>1970-01-01T00:00:00.000Z</time>
</trkpt>
<trkpt lat="46.8343480" lon="4.8346448">
	<ele>182.40</ele>
	<time>1970-01-01T00:00:00.000Z</time>
</trkpt>
<trkpt lat="46.8339171" lon="4.8357291">
	<ele>181.90</ele>
	<time>1970-01-01T00:00:00.000Z</time>
</trkpt>
<trkpt lat="46.8338753" lon="4.8371942">
	<ele>182.30</ele>
	<time>1970-01-01T00:00:00.000Z</time>
</trkpt>
<trkpt lat="46.8337936" lon="4.8377712">
	<ele>182.90</ele>
	<time>1970-01-01T00:00:00.000Z</time>
</trkpt>
<trkpt lat="46.8335481" lon="4.8390227">
	<ele>183.60</ele>
	<time>1970-01-01T00:00:00.000Z</time>
</trkpt>
<trkpt lat="46.8334214" lon="4.8401842">
	<ele>182.30</ele>
	<time>1970-01-01T00:00:00.000Z</time>
</trkpt>
<trkpt lat="46.8334992" lon="4.8415675">
	<ele>181.00</ele>
	<time>1970-01-01T00:00:00.000Z</time>
</trkpt>
<trkpt lat="46.8335470" lon="4.8419470">
	<ele>181.80</ele>
	<time>1970-01-01T00:00:00.000Z</time>
</trkpt>
<trkpt lat="46.8335084" lon="4.8423819">
	<ele>181.40</ele>
	<time>1970-01-01T00:00:00.000Z</time>
</trkpt>
<trkpt lat="46.8331930" lon="4.8440000">
	<ele>182.60</ele>
	<time>1970-01-01T00:00:00.000Z</time>
</trkpt>
<trkpt lat="46.8330570" lon="4.8450750">
	<ele>182.10</ele>
	<time>1970-01-01T00:00:00.000Z</time>
</trkpt>
<trkpt lat="46.8329950" lon="4.8458850">
	<ele>183.90</ele>
	<time>1970-01-01T00:00:00.000Z</time>
</trkpt>
<trkpt lat="46.8328930" lon="4.8463730">
	<ele>182.90</ele>
	<time>1970-01-01T00:00:00.000Z</time>
</trkpt>
<trkpt lat="46.8327323" lon="4.8467887">
	<ele>181.80</ele>
	<time>1970-01-01T00:00:00.000Z</time>
</trkpt>
<trkpt lat="46.8324280" lon="4.8473230">
	<ele>181.90</ele>
	<time>1970-01-01T00:00:00.000Z</time>
</trkpt>
<trkpt lat="46.8316724" lon="4.8480198">
	<ele>181.20</ele>
	<time>1970-01-01T00:00:00.000Z</time>
</trkpt>
<trkpt lat="46.8290373" lon="4.8499700">
	<ele>181.00</ele>
	<time>1970-01-01T00:00:00.000Z</time>
</trkpt>
<trkpt lat="46.8285150" lon="4.8501220">
	<ele>180.70</ele>
	<time>1970-01-01T00:00:00.000Z</time>
</trkpt>
<trkpt lat="46.8279041" lon="4.8502352">
	<ele>180.20</ele>
	<time>1970-01-01T00:00:00.000Z</time>
</trkpt>
<trkpt lat="46.8272964" lon="4.8504479">
	<ele>180.40</ele>
	<time>1970-01-01T00:00:00.000Z</time>
</trkpt>
<trkpt lat="46.8267661" lon="4.8505506">
	<ele>181.40</ele>
	<time>1970-01-01T00:00:00.000Z</time>
</trkpt>
<trkpt lat="46.8264770" lon="4.8505200">
	<ele>181.20</ele>
	<time>1970-01-01T00:00:00.000Z</time>
</trkpt>
<trkpt lat="46.8261070" lon="4.8502900">
	<ele>179.70</ele>
	<time>1970-01-01T00:00:00.000Z</time>
</trkpt>
<trkpt lat="46.8257156" lon="4.8499849">
	<ele>178.80</ele>
	<time>1970-01-01T00:00:00.000Z</time>
</trkpt>
<trkpt lat="46.8253080" lon="4.8497500">
	<ele>179.00</ele>
	<time>1970-01-01T00:00:00.000Z</time>
</trkpt>
<trkpt lat="46.8251550" lon="4.8493859">
	<ele>179.20</ele>
	<time>1970-01-01T00:00:00.000Z</time>
</trkpt>
<trkpt lat="46.8250719" lon="4.8485543">
	<ele>178.30</ele>
	<time>1970-01-01T00:00:00.000Z</time>
</trkpt>
<trkpt lat="46.8247861" lon="4.8469140">
	<ele>180.20</ele>
	<time>1970-01-01T00:00:00.000Z</time>
</trkpt>
<trkpt lat="46.8246570" lon="4.8466730">
	<ele>180.40</ele>
	<time>1970-01-01T00:00:00.000Z</time>
</trkpt>
<trkpt lat="46.8244633" lon="4.8464465">
	<ele>180.30</ele>
	<time>1970-01-01T00:00:00.000Z</time>
</trkpt>
<trkpt lat="46.8234264" lon="4.8465254">
	<ele>180.80</ele>
	<time>1970-01-01T00:00:00.000Z</time>
</trkpt>
<trkpt lat="46.8223733" lon="4.8465255">
	<ele>179.90</ele>
	<time>1970-01-01T00:00:00.000Z</time>
</trkpt>
<trkpt lat="46.8216227" lon="4.8463775">
	<ele>180.70</ele>
	<time>1970-01-01T00:00:00.000Z</time>
</trkpt>
<trkpt lat="46.8213971" lon="4.8460982">
	<ele>181.20</ele>
	<time>1970-01-01T00:00:00.000Z</time>
</trkpt>
<trkpt lat="46.8213408" lon="4.8457915">
	<ele>181.20</ele>
	<time>1970-01-01T00:00:00.000Z</time>
</trkpt>
<trkpt lat="46.8214266" lon="4.8445433">
	<ele>177.40</ele>
	<time>1970-01-01T00:00:00.000Z</time>
</trkpt>
<trkpt lat="46.8213361" lon="4.8439523">
	<ele>177.00</ele>
	<time>1970-01-01T00:00:00.000Z</time>
</trkpt>
<trkpt lat="46.8211020" lon="4.8435181">
	<ele>177.40</ele>
	<time>1970-01-01T00:00:00.000Z</time>
</trkpt>
<trkpt lat="46.8208800" lon="4.8433450">
	<ele>176.90</ele>
	<time>1970-01-01T00:00:00.000Z</time>
</trkpt>
<trkpt lat="46.8203519" lon="4.8430648">
	<ele>177.20</ele>
	<time>1970-01-01T00:00:00.000Z</time>
</trkpt>
<trkpt lat="46.8200699" lon="4.8429952">
	<ele>177.80</ele>
	<time>1970-01-01T00:00:00.000Z</time>
</trkpt>
<trkpt lat="46.8187920" lon="4.8425030">
	<ele>175.10</ele>
	<time>1970-01-01T00:00:00.000Z</time>
</trkpt>
<trkpt lat="46.8185080" lon="4.8422180">
	<ele>175.30</ele>
	<time>1970-01-01T00:00:00.000Z</time>
</trkpt>
<trkpt lat="46.8181650" lon="4.8416520">
	<ele>176.80</ele>
	<time>1970-01-01T00:00:00.000Z</time>
</trkpt>
<trkpt lat="46.8176232" lon="4.8405673">
	<ele>179.90</ele>
	<time>1970-01-01T00:00:00.000Z</time>
</trkpt>
<trkpt lat="46.8171882" lon="4.8400714">
	<ele>181.50</ele>
	<time>1970-01-01T00:00:00.000Z</time>
</trkpt>
<trkpt lat="46.8168642" lon="4.8398678">
	<ele>182.40</ele>
	<time>1970-01-01T00:00:00.000Z</time>
</trkpt>
<trkpt lat="46.8167312" lon="4.8398305">
	<ele>182.80</ele>
	<time>1970-01-01T00:00:00.000Z</time>
</trkpt>
<trkpt lat="46.8165260" lon="4.8399876">
	<ele>184.40</ele>
	<time>1970-01-01T00:00:00.000Z</time>
</trkpt>
<trkpt lat="46.8165390" lon="4.8401297">
	<ele>184.40</ele>
	<time>1970-01-01T00:00:00.000Z</time>
</trkpt>
<trkpt lat="46.8170096" lon="4.8403306">
	<ele>182.10</ele>
	<time>1970-01-01T00:00:00.000Z</time>
</trkpt>
<trkpt lat="46.8173580" lon="4.8406117">
	<ele>180.50</ele>
	<time>1970-01-01T00:00:00.000Z</time>
</trkpt>
<trkpt lat="46.8174761" lon="4.8409397">
	<ele>180.20</ele>
	<time>1970-01-01T00:00:00.000Z</time>
</trkpt>
<trkpt lat="46.8174873" lon="4.8411736">
	<ele>179.40</ele>
	<time>1970-01-01T00:00:00.000Z</time>
</trkpt>
<trkpt lat="46.8175949" lon="4.8414217">
	<ele>179.40</ele>
	<time>1970-01-01T00:00:00.000Z</time>
</trkpt>
<trkpt lat="46.8183416" lon="4.8425453">
	<ele>177.20</ele>
	<time>1970-01-01T00:00:00.000Z</time>
</trkpt>
<trkpt lat="46.8184145" lon="4.8427392">
	<ele>177.40</ele>
	<time>1970-01-01T00:00:00.000Z</time>
</trkpt>
<trkpt lat="46.8184323" lon="4.8429674">
	<ele>179.60</ele>
	<time>1970-01-01T00:00:00.000Z</time>
</trkpt>
<trkpt lat="46.8184008" lon="4.8431807">
	<ele>183.10</ele>
	<time>1970-01-01T00:00:00.000Z</time>
</trkpt>
<trkpt lat="46.8180544" lon="4.8443695">
	<ele>185.60</ele>
	<time>1970-01-01T00:00:00.000Z</time>
</trkpt>
<trkpt lat="46.8180135" lon="4.8447953">
	<ele>185.00</ele>
	<time>1970-01-01T00:00:00.000Z</time>
</trkpt>
<trkpt lat="46.8181123" lon="4.8449211">
	<ele>184.80</ele>
	<time>1970-01-01T00:00:00.000Z</time>
</trkpt>
<trkpt lat="46.8181100" lon="4.8450678">
	<ele>184.40</ele>
	<time>1970-01-01T00:00:00.000Z</time>
</trkpt>
<trkpt lat="46.8180480" lon="4.8451538">
	<ele>184.40</ele>
	<time>1970-01-01T00:00:00.000Z</time>
</trkpt>
<trkpt lat="46.8179065" lon="4.8451834">
	<ele>184.80</ele>
	<time>1970-01-01T00:00:00.000Z</time>
</trkpt>
<trkpt lat="46.8143949" lon="4.8472422">
	<ele>186.30</ele>
	<time>1970-01-01T00:00:00.000Z</time>
</trkpt>
<trkpt lat="46.8134274" lon="4.8478456">
	<ele>186.80</ele>
	<time>1970-01-01T00:00:00.000Z</time>
</trkpt>
<trkpt lat="46.8127622" lon="4.8484593">
	<ele>187.30</ele>
	<time>1970-01-01T00:00:00.000Z</time>
</trkpt>
<trkpt lat="46.8124519" lon="4.8488793">
	<ele>188.00</ele>
	<time>1970-01-01T00:00:00.000Z</time>
</trkpt>
<trkpt lat="46.8121895" lon="4.8493597">
	<ele>188.00</ele>
	<time>1970-01-01T00:00:00.000Z</time>
</trkpt>
<trkpt lat="46.8105705" lon="4.8530838">
	<ele>186.30</ele>
	<time>1970-01-01T00:00:00.000Z</time>
</trkpt>
<trkpt lat="46.8105666" lon="4.8533284">
	<ele>187.00</ele>
	<time>1970-01-01T00:00:00.000Z</time>
</trkpt>
<trkpt lat="46.8104259" lon="4.8537152">
	<ele>188.10</ele>
	<time>1970-01-01T00:00:00.000Z</time>
</trkpt>
<trkpt lat="46.8101244" lon="4.8536559">
	<ele>187.50</ele>
	<time>1970-01-01T00:00:00.000Z</time>
</trkpt>
<trkpt lat="46.8083786" lon="4.8556276">
	<ele>189.20</ele>
	<time>1970-01-01T00:00:00.000Z</time>
</trkpt>
<trkpt lat="46.8079841" lon="4.8564718">
	<ele>188.40</ele>
	<time>1970-01-01T00:00:00.000Z</time>
</trkpt>
<trkpt lat="46.8064710" lon="4.8613625">
	<ele>185.40</ele>
	<time>1970-01-01T00:00:00.000Z</time>
</trkpt>
<trkpt lat="46.8065174" lon="4.8614714">
	<ele>185.40</ele>
	<time>1970-01-01T00:00:00.000Z</time>
</trkpt>
<trkpt lat="46.8065423" lon="4.8618304">
	<ele>184.20</ele>
	<time>1970-01-01T00:00:00.000Z</time>
</trkpt>
<trkpt lat="46.8064320" lon="4.8620120">
	<ele>184.20</ele>
	<time>1970-01-01T00:00:00.000Z</time>
</trkpt>
<trkpt lat="46.8065423" lon="4.8618304">
	<ele>184.20</ele>
	<time>1970-01-01T00:00:00.000Z</time>
</trkpt>
<trkpt lat="46.8065595" lon="4.8619159">
	<ele>184.20</ele>
	<time>1970-01-01T00:00:00.000Z</time>
</trkpt>
<trkpt lat="46.8067816" lon="4.8621273">
	<ele>183.50</ele>
	<time>1970-01-01T00:00:00.000Z</time>
</trkpt>
<trkpt lat="46.8072297" lon="4.8624064">
	<ele>183.10</ele>
	<time>1970-01-01T00:00:00.000Z</time>
</trkpt>
<trkpt lat="46.8078001" lon="4.8628672">
	<ele>184.00</ele>
	<time>1970-01-01T00:00:00.000Z</time>
</trkpt>
<trkpt lat="46.8080025" lon="4.8622604">
	<ele>184.80</ele>
	<time>1970-01-01T00:00:00.000Z</time>
</trkpt>
<trkpt lat="46.8080005" lon="4.8621788">
	<ele>184.80</ele>
	<time>1970-01-01T00:00:00.000Z</time>
</trkpt>
<trkpt lat="46.8076900" lon="4.8626476">
	<ele>183.30</ele>
	<time>1970-01-01T00:00:00.000Z</time>
</trkpt>
<trkpt lat="46.8072622" lon="4.8634480">
	<ele>181.50</ele>
	<time>1970-01-01T00:00:00.000Z</time>
</trkpt>
<trkpt lat="46.8073102" lon="4.8637374">
	<ele>181.10</ele>
	<time>1970-01-01T00:00:00.000Z</time>
</trkpt>
<trkpt lat="46.8091530" lon="4.8650091">
	<ele>182.20</ele>
	<time>1970-01-01T00:00:00.000Z</time>
</trkpt>
<trkpt lat="46.8098630" lon="4.8656320">
	<ele>182.80</ele>
	<time>1970-01-01T00:00:00.000Z</time>
</trkpt>
<trkpt lat="46.8105150" lon="4.8665830">
	<ele>184.80</ele>
	<time>1970-01-01T00:00:00.000Z</time>
</trkpt>
<trkpt lat="46.8124530" lon="4.8704150">
	<ele>185.80</ele>
	<time>1970-01-01T00:00:00.000Z</time>
</trkpt>
<trkpt lat="46.8134206" lon="4.8725453">
	<ele>186.80</ele>
	<time>1970-01-01T00:00:00.000Z</time>
</trkpt>
<trkpt lat="46.8150307" lon="4.8759084">
	<ele>188.30</ele>
	<time>1970-01-01T00:00:00.000Z</time>
</trkpt>
<trkpt lat="46.8152550" lon="4.8765265">
	<ele>188.70</ele>
	<time>1970-01-01T00:00:00.000Z</time>
</trkpt>
<trkpt lat="46.8161132" lon="4.8792456">
	<ele>182.10</ele>
	<time>1970-01-01T00:00:00.000Z</time>
</trkpt>
<trkpt lat="46.8155902" lon="4.8796000">
	<ele>180.10</ele>
	<time>1970-01-01T00:00:00.000Z</time>
</trkpt>
<trkpt lat="46.8159106" lon="4.8805482">
	<ele>178.30</ele>
	<time>1970-01-01T00:00:00.000Z</time>
</trkpt>
<trkpt lat="46.8145420" lon="4.8812634">
	<ele>176.30</ele>
	<time>1970-01-01T00:00:00.000Z</time>
</trkpt>
<trkpt lat="46.8144462" lon="4.8815285">
	<ele>175.80</ele>
	<time>1970-01-01T00:00:00.000Z</time>
</trkpt>
<trkpt lat="46.8143092" lon="4.8816338">
	<ele>175.50</ele>
	<time>1970-01-01T00:00:00.000Z</time>
</trkpt>
<trkpt lat="46.8142236" lon="4.8817602">
	<ele>175.40</ele>
	<time>1970-01-01T00:00:00.000Z</time>
</trkpt>
<trkpt lat="46.8144388" lon="4.8824640">
	<ele>175.90</ele>
	<time>1970-01-01T00:00:00.000Z</time>
</trkpt>
<trkpt lat="46.8146416" lon="4.8835047">
	<ele>177.30</ele>
	<time>1970-01-01T00:00:00.000Z</time>
</trkpt>
<trkpt lat="46.8138572" lon="4.8837009">
	<ele>176.40</ele>
	<time>1970-01-01T00:00:00.000Z</time>
</trkpt>
<trkpt lat="46.8128079" lon="4.8849106">
	<ele>174.30</ele>
	<time>1970-01-01T00:00:00.000Z</time>
</trkpt>
<trkpt lat="46.8128480" lon="4.8854970">
	<ele>173.60</ele>
	<time>1970-01-01T00:00:00.000Z</time>
</trkpt>
<trkpt lat="46.8128450" lon="4.8859430">
	<ele>173.60</ele>
	<time>1970-01-01T00:00:00.000Z</time>
</trkpt>
<trkpt lat="46.8130580" lon="4.8864330">
	<ele>173.60</ele>
	<time>1970-01-01T00:00:00.000Z</time>
</trkpt>
<trkpt lat="46.8131300" lon="4.8867150">
	<ele>173.40</ele>
	<time>1970-01-01T00:00:00.000Z</time>
</trkpt>
<trkpt lat="46.8132270" lon="4.8875080">
	<ele>173.10</ele>
	<time>1970-01-01T00:00:00.000Z</time>
</trkpt>
<trkpt lat="46.8133330" lon="4.8877850">
	<ele>173.40</ele>
	<time>1970-01-01T00:00:00.000Z</time>
</trkpt>
<trkpt lat="46.8136820" lon="4.8882300">
	<ele>173.80</ele>
	<time>1970-01-01T00:00:00.000Z</time>
</trkpt>
<trkpt lat="46.8139650" lon="4.8886930">
	<ele>173.80</ele>
	<time>1970-01-01T00:00:00.000Z</time>
</trkpt>
<trkpt lat="46.8140370" lon="4.8888970">
	<ele>173.80</ele>
	<time>1970-01-01T00:00:00.000Z</time>
</trkpt>
<trkpt lat="46.8140120" lon="4.8890250">
	<ele>173.60</ele>
	<time>1970-01-01T00:00:00.000Z</time>
</trkpt>
<trkpt lat="46.8141169" lon="4.8893035">
	<ele>173.60</ele>
	<time>1970-01-01T00:00:00.000Z</time>
</trkpt>
<trkpt lat="46.8146460" lon="4.8899384">
	<ele>175.70</ele>
	<time>1970-01-01T00:00:00.000Z</time>
</trkpt>
<trkpt lat="46.8147237" lon="4.8900799">
	<ele>176.00</ele>
	<time>1970-01-01T00:00:00.000Z</time>
</trkpt>
<trkpt lat="46.8149905" lon="4.8907835">
	<ele>174.80</ele>
	<time>1970-01-01T00:00:00.000Z</time>
</trkpt>
<trkpt lat="46.8151225" lon="4.8909853">
	<ele>174.30</ele>
	<time>1970-01-01T00:00:00.000Z</time>
</trkpt>
<trkpt lat="46.8152916" lon="4.8914826">
	<ele>174.10</ele>
	<time>1970-01-01T00:00:00.000Z</time>
</trkpt>
<trkpt lat="46.8153380" lon="4.8915420">
	<ele>174.10</ele>
	<time>1970-01-01T00:00:00.000Z</time>
</trkpt>
<trkpt lat="46.8149976" lon="4.8927926">
	<ele>173.50</ele>
	<time>1970-01-01T00:00:00.000Z</time>
</trkpt>
<trkpt lat="46.8149147" lon="4.8937803">
	<ele>173.70</ele>
	<time>1970-01-01T00:00:00.000Z</time>
</trkpt>
<trkpt lat="46.8149543" lon="4.8946580">
	<ele>174.10</ele>
	<time>1970-01-01T00:00:00.000Z</time>
</trkpt>
<trkpt lat="46.8144864" lon="4.8980145">
	<ele>174.30</ele>
	<time>1970-01-01T00:00:00.000Z</time>
</trkpt>
<trkpt lat="46.8144017" lon="4.8988419">
	<ele>173.60</ele>
	<time>1970-01-01T00:00:00.000Z</time>
</trkpt>
<trkpt lat="46.8144214" lon="4.8988938">
	<ele>173.60</ele>
	<time>1970-01-01T00:00:00.000Z</time>
</trkpt>
<trkpt lat="46.8144871" lon="4.8989053">
	<ele>173.60</ele>
	<time>1970-01-01T00:00:00.000Z</time>
</trkpt>
<trkpt lat="46.8153888" lon="4.8987283">
	<ele>174.90</ele>
	<time>1970-01-01T00:00:00.000Z</time>
</trkpt>
<trkpt lat="46.8155581" lon="4.9006917">
	<ele>177.10</ele>
	<time>1970-01-01T00:00:00.000Z</time>
</trkpt>
<trkpt lat="46.8156278" lon="4.9011061">
	<ele>176.20</ele>
	<time>1970-01-01T00:00:00.000Z</time>
</trkpt>
<trkpt lat="46.8157553" lon="4.9015645">
	<ele>175.40</ele>
	<time>1970-01-01T00:00:00.000Z</time>
</trkpt>
<trkpt lat="46.8163737" lon="4.9029440">
	<ele>172.00</ele>
	<time>1970-01-01T00:00:00.000Z</time>
</trkpt>
<trkpt lat="46.8167765" lon="4.9039683">
	<ele>171.60</ele>
	<time>1970-01-01T00:00:00.000Z</time>
</trkpt>
<trkpt lat="46.8170181" lon="4.9047194">
	<ele>172.00</ele>
	<time>1970-01-01T00:00:00.000Z</time>
</trkpt>
<trkpt lat="46.8174093" lon="4.9057276">
	<ele>172.10</ele>
	<time>1970-01-01T00:00:00.000Z</time>
</trkpt>
<trkpt lat="46.8179552" lon="4.9069158">
	<ele>171.90</ele>
	<time>1970-01-01T00:00:00.000Z</time>
</trkpt>
<trkpt lat="46.8185699" lon="4.9080343">
	<ele>172.20</ele>
	<time>1970-01-01T00:00:00.000Z</time>
</trkpt>
<trkpt lat="46.8188090" lon="4.9087669">
	<ele>174.00</ele>
	<time>1970-01-01T00:00:00.000Z</time>
</trkpt>
<trkpt lat="46.8196221" lon="4.9107300">
	<ele>176.80</ele>
	<time>1970-01-01T00:00:00.000Z</time>
</trkpt>
<trkpt lat="46.8196200" lon="4.9108297">
	<ele>176.60</ele>
	<time>1970-01-01T00:00:00.000Z</time>
</trkpt>
<trkpt lat="46.8194555" lon="4.9108821">
	<ele>175.70</ele>
	<time>1970-01-01T00:00:00.000Z</time>
</trkpt>
<trkpt lat="46.8199686" lon="4.9121738">
	<ele>175.70</ele>
	<time>1970-01-01T00:00:00.000Z</time>
</trkpt>
<trkpt lat="46.8202431" lon="4.9129500">
	<ele>175.20</ele>
	<time>1970-01-01T00:00:00.000Z</time>
</trkpt>
<trkpt lat="46.8205513" lon="4.9140210">
	<ele>174.60</ele>
	<time>1970-01-01T00:00:00.000Z</time>
</trkpt>
<trkpt lat="46.8212111" lon="4.9156086">
	<ele>174.30</ele>
	<time>1970-01-01T00:00:00.000Z</time>
</trkpt>
<trkpt lat="46.8215000" lon="4.9166869">
	<ele>174.80</ele>
	<time>1970-01-01T00:00:00.000Z</time>
</trkpt>
<trkpt lat="46.8219212" lon="4.9177265">
	<ele>174.80</ele>
	<time>1970-01-01T00:00:00.000Z</time>
</trkpt>
<trkpt lat="46.8220978" lon="4.9195553">
	<ele>174.00</ele>
	<time>1970-01-01T00:00:00.000Z</time>
</trkpt>
<trkpt lat="46.8223717" lon="4.9214938">
	<ele>174.30</ele>
	<time>1970-01-01T00:00:00.000Z</time>
</trkpt>
<trkpt lat="46.8227333" lon="4.9229801">
	<ele>173.30</ele>
	<time>1970-01-01T00:00:00.000Z</time>
</trkpt>
<trkpt lat="46.8228471" lon="4.9232794">
	<ele>173.30</ele>
	<time>1970-01-01T00:00:00.000Z</time>
</trkpt>
<trkpt lat="46.8230182" lon="4.9236029">
	<ele>173.10</ele>
	<time>1970-01-01T00:00:00.000Z</time>
</trkpt>
<trkpt lat="46.8236695" lon="4.9245668">
	<ele>172.00</ele>
	<time>1970-01-01T00:00:00.000Z</time>
</trkpt>
<trkpt lat="46.8247483" lon="4.9263018">
	<ele>174.00</ele>
	<time>1970-01-01T00:00:00.000Z</time>
</trkpt>
<trkpt lat="46.8261715" lon="4.9283863">
	<ele>174.40</ele>
	<time>1970-01-01T00:00:00.000Z</time>
</trkpt>
<trkpt lat="46.8263701" lon="4.9286282">
	<ele>174.80</ele>
	<time>1970-01-01T00:00:00.000Z</time>
</trkpt>
<trkpt lat="46.8237305" lon="4.9319393">
	<ele>173.10</ele>
	<time>1970-01-01T00:00:00.000Z</time>
</trkpt>
<trkpt lat="46.8233810" lon="4.9325344">
	<ele>173.10</ele>
	<time>1970-01-01T00:00:00.000Z</time>
</trkpt>
<trkpt lat="46.8231041" lon="4.9332041">
	<ele>173.80</ele>
	<time>1970-01-01T00:00:00.000Z</time>
</trkpt>
<trkpt lat="46.8233376" lon="4.9336153">
	<ele>173.90</ele>
	<time>1970-01-01T00:00:00.000Z</time>
</trkpt>
<trkpt lat="46.8236717" lon="4.9339920">
	<ele>173.60</ele>
	<time>1970-01-01T00:00:00.000Z</time>
</trkpt>
<trkpt lat="46.8251796" lon="4.9375126">
	<ele>172.90</ele>
	<time>1970-01-01T00:00:00.000Z</time>
</trkpt>
<trkpt lat="46.8253616" lon="4.9376687">
	<ele>173.20</ele>
	<time>1970-01-01T00:00:00.000Z</time>
</trkpt>
<trkpt lat="46.8256501" lon="4.9378141">
	<ele>173.80</ele>
	<time>1970-01-01T00:00:00.000Z</time>
</trkpt>
<trkpt lat="46.8262902" lon="4.9382569">
	<ele>173.50</ele>
	<time>1970-01-01T00:00:00.000Z</time>
</trkpt>
<trkpt lat="46.8259749" lon="4.9386354">
	<ele>173.60</ele>
	<time>1970-01-01T00:00:00.000Z</time>
</trkpt>
<trkpt lat="46.8256848" lon="4.9390659">
	<ele>173.40</ele>
	<time>1970-01-01T00:00:00.000Z</time>
</trkpt>
<trkpt lat="46.8250893" lon="4.9400969">
	<ele>171.90</ele>
	<time>1970-01-01T00:00:00.000Z</time>
</trkpt>
<trkpt lat="46.8253021" lon="4.9404537">
	<ele>172.90</ele>
	<time>1970-01-01T00:00:00.000Z</time>
</trkpt>
<trkpt lat="46.8258642" lon="4.9410878">
	<ele>172.70</ele>
	<time>1970-01-01T00:00:00.000Z</time>
</trkpt>
<trkpt lat="46.8266455" lon="4.9420738">
	<ele>174.30</ele>
	<time>1970-01-01T00:00:00.000Z</time>
</trkpt>
<trkpt lat="46.8278919" lon="4.9438427">
	<ele>172.80</ele>
	<time>1970-01-01T00:00:00.000Z</time>
</trkpt>
<trkpt lat="46.8282033" lon="4.9444431">
	<ele>172.80</ele>
	<time>1970-01-01T00:00:00.000Z</time>
</trkpt>
<trkpt lat="46.8287658" lon="4.9453176">
	<ele>174.30</ele>
	<time>1970-01-01T00:00:00.000Z</time>
</trkpt>
<trkpt lat="46.8292341" lon="4.9463330">
	<ele>173.40</ele>
	<time>1970-01-01T00:00:00.000Z</time>
</trkpt>
<trkpt lat="46.8296253" lon="4.9470045">
	<ele>173.00</ele>
	<time>1970-01-01T00:00:00.000Z</time>
</trkpt>
<trkpt lat="46.8302660" lon="4.9479960">
	<ele>172.30</ele>
	<time>1970-01-01T00:00:00.000Z</time>
</trkpt>
<trkpt lat="46.8316510" lon="4.9499737">
	<ele>172.70</ele>
	<time>1970-01-01T00:00:00.000Z</time>
</trkpt>
<trkpt lat="46.8319322" lon="4.9503368">
	<ele>173.00</ele>
	<time>1970-01-01T00:00:00.000Z</time>
</trkpt>
<trkpt lat="46.8331652" lon="4.9517158">
	<ele>172.70</ele>
	<time>1970-01-01T00:00:00.000Z</time>
</trkpt>
<trkpt lat="46.8344433" lon="4.9533040">
	<ele>170.80</ele>
	<time>1970-01-01T00:00:00.000Z</time>
</trkpt>
<trkpt lat="46.8350862" lon="4.9539531">
	<ele>171.10</ele>
	<time>1970-01-01T00:00:00.000Z</time>
</trkpt>
<trkpt lat="46.8351907" lon="4.9541079">
	<ele>170.60</ele>
	<time>1970-01-01T00:00:00.000Z</time>
</trkpt>
<trkpt lat="46.8354463" lon="4.9542798">
	<ele>169.70</ele>
	<time>1970-01-01T00:00:00.000Z</time>
</trkpt>
<trkpt lat="46.8366595" lon="4.9556045">
	<ele>171.50</ele>
	<time>1970-01-01T00:00:00.000Z</time>
</trkpt>
<trkpt lat="46.8372933" lon="4.9564149">
	<ele>171.50</ele>
	<time>1970-01-01T00:00:00.000Z</time>
</trkpt>
<trkpt lat="46.8379582" lon="4.9574548">
	<ele>171.10</ele>
	<time>1970-01-01T00:00:00.000Z</time>
</trkpt>
<trkpt lat="46.8390465" lon="4.9586583">
	<ele>171.80</ele>
	<time>1970-01-01T00:00:00.000Z</time>
</trkpt>
<trkpt lat="46.8396697" lon="4.9594066">
	<ele>173.30</ele>
	<time>1970-01-01T00:00:00.000Z</time>
</trkpt>
<trkpt lat="46.8428506" lon="4.9622717">
	<ele>172.70</ele>
	<time>1970-01-01T00:00:00.000Z</time>
</trkpt>
<trkpt lat="46.8429789" lon="4.9623525">
	<ele>171.90</ele>
	<time>1970-01-01T00:00:00.000Z</time>
</trkpt>
<trkpt lat="46.8448189" lon="4.9628799">
	<ele>170.50</ele>
	<time>1970-01-01T00:00:00.000Z</time>
</trkpt>
<trkpt lat="46.8451559" lon="4.9628763">
	<ele>170.40</ele>
	<time>1970-01-01T00:00:00.000Z</time>
</trkpt>
<trkpt lat="46.8457529" lon="4.9627234">
	<ele>171.80</ele>
	<time>1970-01-01T00:00:00.000Z</time>
</trkpt>
<trkpt lat="46.8472904" lon="4.9621385">
	<ele>172.40</ele>
	<time>1970-01-01T00:00:00.000Z</time>
</trkpt>
<trkpt lat="46.8486190" lon="4.9614934">
	<ele>174.20</ele>
	<time>1970-01-01T00:00:00.000Z</time>
</trkpt>
<trkpt lat="46.8489400" lon="4.9614250">
	<ele>173.90</ele>
	<time>1970-01-01T00:00:00.000Z</time>
</trkpt>
<trkpt lat="46.8494551" lon="4.9614239">
	<ele>172.90</ele>
	<time>1970-01-01T00:00:00.000Z</time>
</trkpt>
<trkpt lat="46.8504739" lon="4.9615226">
	<ele>172.40</ele>
	<time>1970-01-01T00:00:00.000Z</time>
</trkpt>
<trkpt lat="46.8509385" lon="4.9616851">
	<ele>172.80</ele>
	<time>1970-01-01T00:00:00.000Z</time>
</trkpt>
<trkpt lat="46.8517766" lon="4.9620817">
	<ele>172.30</ele>
	<time>1970-01-01T00:00:00.000Z</time>
</trkpt>
<trkpt lat="46.8535934" lon="4.9630757">
	<ele>171.90</ele>
	<time>1970-01-01T00:00:00.000Z</time>
</trkpt>
<trkpt lat="46.8538873" lon="4.9631153">
	<ele>171.60</ele>
	<time>1970-01-01T00:00:00.000Z</time>
</trkpt>
<trkpt lat="46.8542469" lon="4.9630995">
	<ele>170.70</ele>
	<time>1970-01-01T00:00:00.000Z</time>
</trkpt>
<trkpt lat="46.8550282" lon="4.9628638">
	<ele>171.10</ele>
	<time>1970-01-01T00:00:00.000Z</time>
</trkpt>
<trkpt lat="46.8560235" lon="4.9621161">
	<ele>170.70</ele>
	<time>1970-01-01T00:00:00.000Z</time>
</trkpt>
<trkpt lat="46.8565589" lon="4.9615617">
	<ele>170.80</ele>
	<time>1970-01-01T00:00:00.000Z</time>
</trkpt>
<trkpt lat="46.8571117" lon="4.9608898">
	<ele>170.80</ele>
	<time>1970-01-01T00:00:00.000Z</time>
</trkpt>
<trkpt lat="46.8572659" lon="4.9605633">
	<ele>170.90</ele>
	<time>1970-01-01T00:00:00.000Z</time>
</trkpt>
<trkpt lat="46.8576025" lon="4.9595185">
	<ele>171.70</ele>
	<time>1970-01-01T00:00:00.000Z</time>
</trkpt>
<trkpt lat="46.8581136" lon="4.9582765">
	<ele>170.20</ele>
	<time>1970-01-01T00:00:00.000Z</time>
</trkpt>
<trkpt lat="46.8584058" lon="4.9577776">
	<ele>172.00</ele>
	<time>1970-01-01T00:00:00.000Z</time>
</trkpt>
<trkpt lat="46.8590760" lon="4.9568171">
	<ele>172.70</ele>
	<time>1970-01-01T00:00:00.000Z</time>
</trkpt>
<trkpt lat="46.8592547" lon="4.9566332">
	<ele>172.30</ele>
	<time>1970-01-01T00:00:00.000Z</time>
</trkpt>
<trkpt lat="46.8617994" lon="4.9547083">
	<ele>173.80</ele>
	<time>1970-01-01T00:00:00.000Z</time>
</trkpt>
<trkpt lat="46.8622301" lon="4.9544809">
	<ele>172.80</ele>
	<time>1970-01-01T00:00:00.000Z</time>
</trkpt>
<trkpt lat="46.8626222" lon="4.9541983">
	<ele>174.70</ele>
	<time>1970-01-01T00:00:00.000Z</time>
</trkpt>
<trkpt lat="46.8629350" lon="4.9540810">
	<ele>174.90</ele>
	<time>1970-01-01T00:00:00.000Z</time>
</trkpt>
<trkpt lat="46.8633871" lon="4.9540789">
	<ele>173.70</ele>
	<time>1970-01-01T00:00:00.000Z</time>
</trkpt>
<trkpt lat="46.8640797" lon="4.9539200">
	<ele>173.50</ele>
	<time>1970-01-01T00:00:00.000Z</time>
</trkpt>
<trkpt lat="46.8647165" lon="4.9539168">
	<ele>173.70</ele>
	<time>1970-01-01T00:00:00.000Z</time>
</trkpt>
<trkpt lat="46.8653775" lon="4.9540312">
	<ele>172.60</ele>
	<time>1970-01-01T00:00:00.000Z</time>
</trkpt>
<trkpt lat="46.8658847" lon="4.9542871">
	<ele>172.50</ele>
	<time>1970-01-01T00:00:00.000Z</time>
</trkpt>
<trkpt lat="46.8663071" lon="4.9545545">
	<ele>173.50</ele>
	<time>1970-01-01T00:00:00.000Z</time>
</trkpt>
<trkpt lat="46.8665314" lon="4.9547609">
	<ele>174.10</ele>
	<time>1970-01-01T00:00:00.000Z</time>
</trkpt>
<trkpt lat="46.8669924" lon="4.9553541">
	<ele>173.60</ele>
	<time>1970-01-01T00:00:00.000Z</time>
</trkpt>
<trkpt lat="46.8675138" lon="4.9562054">
	<ele>174.20</ele>
	<time>1970-01-01T00:00:00.000Z</time>
</trkpt>
<trkpt lat="46.8681038" lon="4.9572629">
	<ele>173.50</ele>
	<time>1970-01-01T00:00:00.000Z</time>
</trkpt>
<trkpt lat="46.8691170" lon="4.9597514">
	<ele>172.80</ele>
	<time>1970-01-01T00:00:00.000Z</time>
</trkpt>
<trkpt lat="46.8696855" lon="4.9600070">
	<ele>172.30</ele>
	<time>1970-01-01T00:00:00.000Z</time>
</trkpt>
<trkpt lat="46.8698823" lon="4.9601376">
	<ele>172.10</ele>
	<time>1970-01-01T00:00:00.000Z</time>
</trkpt>
<trkpt lat="46.8702327" lon="4.9605048">
	<ele>171.90</ele>
	<time>1970-01-01T00:00:00.000Z</time>
</trkpt>
<trkpt lat="46.8705588" lon="4.9607124">
	<ele>172.00</ele>
	<time>1970-01-01T00:00:00.000Z</time>
</trkpt>
<trkpt lat="46.8705907" lon="4.9609512">
	<ele>172.50</ele>
	<time>1970-01-01T00:00:00.000Z</time>
</trkpt>
<trkpt lat="46.8699013" lon="4.9622973">
	<ele>173.20</ele>
	<time>1970-01-01T00:00:00.000Z</time>
</trkpt>
<trkpt lat="46.8698726" lon="4.9624512">
	<ele>173.20</ele>
	<time>1970-01-01T00:00:00.000Z</time>
</trkpt>
<trkpt lat="46.8702240" lon="4.9627594">
	<ele>173.60</ele>
	<time>1970-01-01T00:00:00.000Z</time>
</trkpt>
<trkpt lat="46.8706547" lon="4.9632255">
	<ele>172.40</ele>
	<time>1970-01-01T00:00:00.000Z</time>
</trkpt>
<trkpt lat="46.8711199" lon="4.9635642">
	<ele>172.40</ele>
	<time>1970-01-01T00:00:00.000Z</time>
</trkpt>
<trkpt lat="46.8715717" lon="4.9637460">
	<ele>173.50</ele>
	<time>1970-01-01T00:00:00.000Z</time>
</trkpt>
<trkpt lat="46.8718540" lon="4.9637760">
	<ele>173.90</ele>
	<time>1970-01-01T00:00:00.000Z</time>
</trkpt>
<trkpt lat="46.8723450" lon="4.9636572">
	<ele>173.00</ele>
	<time>1970-01-01T00:00:00.000Z</time>
</trkpt>
<trkpt lat="46.8725360" lon="4.9635472">
	<ele>173.30</ele>
	<time>1970-01-01T00:00:00.000Z</time>
</trkpt>
<trkpt lat="46.8733127" lon="4.9629476">
	<ele>172.30</ele>
	<time>1970-01-01T00:00:00.000Z</time>
</trkpt>
<trkpt lat="46.8737378" lon="4.9625244">
	<ele>172.00</ele>
	<time>1970-01-01T00:00:00.000Z</time>
</trkpt>
<trkpt lat="46.8739922" lon="4.9621330">
	<ele>171.90</ele>
	<time>1970-01-01T00:00:00.000Z</time>
</trkpt>
<trkpt lat="46.8743662" lon="4.9613243">
	<ele>171.00</ele>
	<time>1970-01-01T00:00:00.000Z</time>
</trkpt>
<trkpt lat="46.8745343" lon="4.9610270">
	<ele>170.90</ele>
	<time>1970-01-01T00:00:00.000Z</time>
</trkpt>
<trkpt lat="46.8754366" lon="4.9595585">
	<ele>171.00</ele>
	<time>1970-01-01T00:00:00.000Z</time>
</trkpt>
<trkpt lat="46.8761541" lon="4.9582002">
	<ele>170.40</ele>
	<time>1970-01-01T00:00:00.000Z</time>
</trkpt>
<trkpt lat="46.8769007" lon="4.9566642">
	<ele>170.80</ele>
	<time>1970-01-01T00:00:00.000Z</time>
</trkpt>
<trkpt lat="46.8775538" lon="4.9554912">
	<ele>171.20</ele>
	<time>1970-01-01T00:00:00.000Z</time>
</trkpt>
<trkpt lat="46.8779511" lon="4.9548515">
	<ele>173.20</ele>
	<time>1970-01-01T00:00:00.000Z</time>
</trkpt>
<trkpt lat="46.8781260" lon="4.9546266">
	<ele>174.00</ele>
	<time>1970-01-01T00:00:00.000Z</time>
</trkpt>
<trkpt lat="46.8783070" lon="4.9545228">
	<ele>172.10</ele>
	<time>1970-01-01T00:00:00.000Z</time>
</trkpt>
<trkpt lat="46.8784983" lon="4.9542855">
	<ele>172.70</ele>
	<time>1970-01-01T00:00:00.000Z</time>
</trkpt>
<trkpt lat="46.8792355" lon="4.9532521">
	<ele>171.20</ele>
	<time>1970-01-01T00:00:00.000Z</time>
</trkpt>
<trkpt lat="46.8795355" lon="4.9527690">
	<ele>172.00</ele>
	<time>1970-01-01T00:00:00.000Z</time>
</trkpt>
<trkpt lat="46.8796787" lon="4.9524747">
	<ele>171.90</ele>
	<time>1970-01-01T00:00:00.000Z</time>
</trkpt>
<trkpt lat="46.8805070" lon="4.9517743">
	<ele>170.90</ele>
	<time>1970-01-01T00:00:00.000Z</time>
</trkpt>
<trkpt lat="46.8807187" lon="4.9516676">
	<ele>171.00</ele>
	<time>1970-01-01T00:00:00.000Z</time>
</trkpt>
<trkpt lat="46.8817230" lon="4.9509708">
	<ele>171.60</ele>
	<time>1970-01-01T00:00:00.000Z</time>
</trkpt>
<trkpt lat="46.8825141" lon="4.9505830">
	<ele>174.40</ele>
	<time>1970-01-01T00:00:00.000Z</time>
</trkpt>
<trkpt lat="46.8834563" lon="4.9502531">
	<ele>176.50</ele>
	<time>1970-01-01T00:00:00.000Z</time>
</trkpt>
<trkpt lat="46.8843470" lon="4.9500370">
	<ele>183.50</ele>
	<time>1970-01-01T00:00:00.000Z</time>
</trkpt>
<trkpt lat="46.8864620" lon="4.9504720">
	<ele>177.40</ele>
	<time>1970-01-01T00:00:00.000Z</time>
</trkpt>
<trkpt lat="46.8869110" lon="4.9505871">
	<ele>178.80</ele>
	<time>1970-01-01T00:00:00.000Z</time>
</trkpt>
<trkpt lat="46.8877997" lon="4.9509743">
	<ele>174.10</ele>
	<time>1970-01-01T00:00:00.000Z</time>
</trkpt>
<trkpt lat="46.8884595" lon="4.9511980">
	<ele>182.40</ele>
	<time>1970-01-01T00:00:00.000Z</time>
</trkpt>
<trkpt lat="46.8887849" lon="4.9514449">
	<ele>181.40</ele>
	<time>1970-01-01T00:00:00.000Z</time>
</trkpt>
<trkpt lat="46.8893283" lon="4.9517944">
	<ele>182.60</ele>
	<time>1970-01-01T00:00:00.000Z</time>
</trkpt>
<trkpt lat="46.8893710" lon="4.9517878">
	<ele>184.30</ele>
	<time>1970-01-01T00:00:00.000Z</time>
</trkpt>
<trkpt lat="46.8894204" lon="4.9518514">
	<ele>184.30</ele>
	<time>1970-01-01T00:00:00.000Z</time>
</trkpt>
<trkpt lat="46.8903113" lon="4.9524248">
	<ele>177.60</ele>
	<time>1970-01-01T00:00:00.000Z</time>
</trkpt>
<trkpt lat="46.8904269" lon="4.9524578">
	<ele>177.60</ele>
	<time>1970-01-01T00:00:00.000Z</time>
</trkpt>
<trkpt lat="46.8906941" lon="4.9524215">
	<ele>181.20</ele>
	<time>1970-01-01T00:00:00.000Z</time>
</trkpt>
<trkpt lat="46.8907942" lon="4.9524671">
	<ele>181.20</ele>
	<time>1970-01-01T00:00:00.000Z</time>
</trkpt>
<trkpt lat="46.8908636" lon="4.9525156">
	<ele>182.50</ele>
	<time>1970-01-01T00:00:00.000Z</time>
</trkpt>
<trkpt lat="46.8909641" lon="4.9527005">
	<ele>179.60</ele>
	<time>1970-01-01T00:00:00.000Z</time>
</trkpt>
<trkpt lat="46.8912302" lon="4.9529913">
	<ele>179.60</ele>
	<time>1970-01-01T00:00:00.000Z</time>
</trkpt>
<trkpt lat="46.8918139" lon="4.9533566">
	<ele>181.60</ele>
	<time>1970-01-01T00:00:00.000Z</time>
</trkpt>
<trkpt lat="46.8919394" lon="4.9535030">
	<ele>180.90</ele>
	<time>1970-01-01T00:00:00.000Z</time>
</trkpt>
<trkpt lat="46.8921201" lon="4.9539444">
	<ele>174.80</ele>
	<time>1970-01-01T00:00:00.000Z</time>
</trkpt>
<trkpt lat="46.8925274" lon="4.9546252">
	<ele>179.10</ele>
	<time>1970-01-01T00:00:00.000Z</time>
</trkpt>
<trkpt lat="46.8925979" lon="4.9549233">
	<ele>176.30</ele>
	<time>1970-01-01T00:00:00.000Z</time>
</trkpt>
<trkpt lat="46.8928889" lon="4.9554515">
	<ele>177.30</ele>
	<time>1970-01-01T00:00:00.000Z</time>
</trkpt>
<trkpt lat="46.8930422" lon="4.9561284">
	<ele>174.70</ele>
	<time>1970-01-01T00:00:00.000Z</time>
</trkpt>
<trkpt lat="46.8934211" lon="4.9583165">
	<ele>170.50</ele>
	<time>1970-01-01T00:00:00.000Z</time>
</trkpt>
<trkpt lat="46.8936123" lon="4.9601023">
	<ele>172.40</ele>
	<time>1970-01-01T00:00:00.000Z</time>
</trkpt>
<trkpt lat="46.8936774" lon="4.9616196">
	<ele>171.70</ele>
	<time>1970-01-01T00:00:00.000Z</time>
</trkpt>
<trkpt lat="46.8938069" lon="4.9632731">
	<ele>172.20</ele>
	<time>1970-01-01T00:00:00.000Z</time>
</trkpt>
<trkpt lat="46.8939070" lon="4.9640546">
	<ele>172.30</ele>
	<time>1970-01-01T00:00:00.000Z</time>
</trkpt>
<trkpt lat="46.8940690" lon="4.9645374">
	<ele>172.10</ele>
	<time>1970-01-01T00:00:00.000Z</time>
</trkpt>
<trkpt lat="46.8940830" lon="4.9649807">
	<ele>171.20</ele>
	<time>1970-01-01T00:00:00.000Z</time>
</trkpt>
<trkpt lat="46.8948838" lon="4.9668203">
	<ele>171.90</ele>
	<time>1970-01-01T00:00:00.000Z</time>
</trkpt>
<trkpt lat="46.8954484" lon="4.9679392">
	<ele>171.90</ele>
	<time>1970-01-01T00:00:00.000Z</time>
</trkpt>
<trkpt lat="46.8955871" lon="4.9683568">
	<ele>171.90</ele>
	<time>1970-01-01T00:00:00.000Z</time>
</trkpt>
<trkpt lat="46.8957558" lon="4.9686573">
	<ele>172.50</ele>
	<time>1970-01-01T00:00:00.000Z</time>
</trkpt>
<trkpt lat="46.8959437" lon="4.9687850">
	<ele>173.10</ele>
	<time>1970-01-01T00:00:00.000Z</time>
</trkpt>
<trkpt lat="46.8960804" lon="4.9691631">
	<ele>173.30</ele>
	<time>1970-01-01T00:00:00.000Z</time>
</trkpt>
<trkpt lat="46.8972165" lon="4.9707719">
	<ele>173.40</ele>
	<time>1970-01-01T00:00:00.000Z</time>
</trkpt>
<trkpt lat="46.8976677" lon="4.9715084">
	<ele>174.00</ele>
	<time>1970-01-01T00:00:00.000Z</time>
</trkpt>
<trkpt lat="46.9008733" lon="4.9708171">
	<ele>178.20</ele>
	<time>1970-01-01T00:00:00.000Z</time>
</trkpt>
<trkpt lat="46.9015251" lon="4.9729920">
	<ele>178.40</ele>
	<time>1970-01-01T00:00:00.000Z</time>
</trkpt>
<trkpt lat="46.9022203" lon="4.9763051">
	<ele>179.10</ele>
	<time>1970-01-01T00:00:00.000Z</time>
</trkpt>
<trkpt lat="46.9023812" lon="4.9767433">
	<ele>179.00</ele>
	<time>1970-01-01T00:00:00.000Z</time>
</trkpt>
<trkpt lat="46.9025118" lon="4.9770055">
	<ele>179.20</ele>
	<time>1970-01-01T00:00:00.000Z</time>
</trkpt>
<trkpt lat="46.9025014" lon="4.9772943">
	<ele>178.60</ele>
	<time>1970-01-01T00:00:00.000Z</time>
</trkpt>
<trkpt lat="46.9028327" lon="4.9787217">
	<ele>178.00</ele>
	<time>1970-01-01T00:00:00.000Z</time>
</trkpt>
<trkpt lat="46.9029839" lon="4.9800925">
	<ele>175.70</ele>
	<time>1970-01-01T00:00:00.000Z</time>
</trkpt>
<trkpt lat="46.9030433" lon="4.9812432">
	<ele>175.70</ele>
	<time>1970-01-01T00:00:00.000Z</time>
</trkpt>
<trkpt lat="46.9030310" lon="4.9825345">
	<ele>175.40</ele>
	<time>1970-01-01T00:00:00.000Z</time>
</trkpt>
<trkpt lat="46.9030807" lon="4.9829989">
	<ele>175.20</ele>
	<time>1970-01-01T00:00:00.000Z</time>
</trkpt>
<trkpt lat="46.9035400" lon="4.9851419">
	<ele>176.90</ele>
	<time>1970-01-01T00:00:00.000Z</time>
</trkpt>
<trkpt lat="46.9036574" lon="4.9859596">
	<ele>177.20</ele>
	<time>1970-01-01T00:00:00.000Z</time>
</trkpt>
<trkpt lat="46.9037719" lon="4.9870979">
	<ele>176.40</ele>
	<time>1970-01-01T00:00:00.000Z</time>
</trkpt>
<trkpt lat="46.9041745" lon="4.9884031">
	<ele>176.30</ele>
	<time>1970-01-01T00:00:00.000Z</time>
</trkpt>
<trkpt lat="46.9044919" lon="4.9901060">
	<ele>177.90</ele>
	<time>1970-01-01T00:00:00.000Z</time>
</trkpt>
<trkpt lat="46.9047589" lon="4.9913327">
	<ele>176.90</ele>
	<time>1970-01-01T00:00:00.000Z</time>
</trkpt>
<trkpt lat="46.9049063" lon="4.9921806">
	<ele>176.30</ele>
	<time>1970-01-01T00:00:00.000Z</time>
</trkpt>
<trkpt lat="46.9049566" lon="4.9927606">
	<ele>176.10</ele>
	<time>1970-01-01T00:00:00.000Z</time>
</trkpt>
<trkpt lat="46.9048649" lon="4.9948335">
	<ele>176.80</ele>
	<time>1970-01-01T00:00:00.000Z</time>
</trkpt>
<trkpt lat="46.9048055" lon="4.9952506">
	<ele>176.50</ele>
	<time>1970-01-01T00:00:00.000Z</time>
</trkpt>
<trkpt lat="46.9045619" lon="4.9959486">
	<ele>175.80</ele>
	<time>1970-01-01T00:00:00.000Z</time>
</trkpt>
<trkpt lat="46.9042785" lon="4.9965045">
	<ele>176.30</ele>
	<time>1970-01-01T00:00:00.000Z</time>
</trkpt>
<trkpt lat="46.9039561" lon="4.9970735">
	<ele>175.90</ele>
	<time>1970-01-01T00:00:00.000Z</time>
</trkpt>
<trkpt lat="46.9033282" lon="4.9979662">
	<ele>174.00</ele>
	<time>1970-01-01T00:00:00.000Z</time>
</trkpt>
<trkpt lat="46.9036049" lon="4.9983707">
	<ele>174.50</ele>
	<time>1970-01-01T00:00:00.000Z</time>
</trkpt>
<trkpt lat="46.9035398" lon="4.9984891">
	<ele>174.40</ele>
	<time>1970-01-01T00:00:00.000Z</time>
</trkpt>
<trkpt lat="46.9035037" lon="4.9986468">
	<ele>174.10</ele>
	<time>1970-01-01T00:00:00.000Z</time>
</trkpt>
<trkpt lat="46.9035192" lon="4.9988918">
	<ele>173.30</ele>
	<time>1970-01-01T00:00:00.000Z</time>
</trkpt>
<trkpt lat="46.9060057" lon="5.0031574">
	<ele>174.30</ele>
	<time>1970-01-01T00:00:00.000Z</time>
</trkpt>
<trkpt lat="46.9066454" lon="5.0043323">
	<ele>172.60</ele>
	<time>1970-01-01T00:00:00.000Z</time>
</trkpt>
<trkpt lat="46.9068463" lon="5.0046011">
	<ele>172.50</ele>
	<time>1970-01-01T00:00:00.000Z</time>
</trkpt>
<trkpt lat="46.9069304" lon="5.0047739">
	<ele>174.40</ele>
	<time>1970-01-01T00:00:00.000Z</time>
</trkpt>
<trkpt lat="46.9072787" lon="5.0056739">
	<ele>173.30</ele>
	<time>1970-01-01T00:00:00.000Z</time>
</trkpt>
<trkpt lat="46.9073988" lon="5.0060713">
	<ele>172.30</ele>
	<time>1970-01-01T00:00:00.000Z</time>
</trkpt>
<trkpt lat="46.9077631" lon="5.0069785">
	<ele>172.30</ele>
	<time>1970-01-01T00:00:00.000Z</time>
</trkpt>
<trkpt lat="46.9078972" lon="5.0095107">
	<ele>172.00</ele>
	<time>1970-01-01T00:00:00.000Z</time>
</trkpt>
<trkpt lat="46.9078784" lon="5.0105390">
	<ele>172.50</ele>
	<time>1970-01-01T00:00:00.000Z</time>
</trkpt>
<trkpt lat="46.9076590" lon="5.0119608">
	<ele>174.20</ele>
	<time>1970-01-01T00:00:00.000Z</time>
</trkpt>
<trkpt lat="46.9074570" lon="5.0127509">
	<ele>175.20</ele>
	<time>1970-01-01T00:00:00.000Z</time>
</trkpt>
<trkpt lat="46.9072275" lon="5.0134100">
	<ele>175.30</ele>
	<time>1970-01-01T00:00:00.000Z</time>
</trkpt>
<trkpt lat="46.9057423" lon="5.0163471">
	<ele>172.10</ele>
	<time>1970-01-01T00:00:00.000Z</time>
</trkpt>
<trkpt lat="46.9051961" lon="5.0175015">
	<ele>172.30</ele>
	<time>1970-01-01T00:00:00.000Z</time>
</trkpt>
<trkpt lat="46.9046939" lon="5.0187103">
	<ele>172.30</ele>
	<time>1970-01-01T00:00:00.000Z</time>
</trkpt>
<trkpt lat="46.9032716" lon="5.0225194">
	<ele>172.50</ele>
	<time>1970-01-01T00:00:00.000Z</time>
</trkpt>
<trkpt lat="46.9032353" lon="5.0226888">
	<ele>172.90</ele>
	<time>1970-01-01T00:00:00.000Z</time>
</trkpt>
<trkpt lat="46.9032430" lon="5.0229050">
	<ele>172.90</ele>
	<time>1970-01-01T00:00:00.000Z</time>
</trkpt>
<trkpt lat="46.9034100" lon="5.0233520">
	<ele>174.60</ele>
	<time>1970-01-01T00:00:00.000Z</time>
</trkpt>
<trkpt lat="46.9036070" lon="5.0241830">
	<ele>174.80</ele>
	<time>1970-01-01T00:00:00.000Z</time>
</trkpt>
<trkpt lat="46.9036986" lon="5.0243750">
	<ele>174.80</ele>
	<time>1970-01-01T00:00:00.000Z</time>
</trkpt>
<trkpt lat="46.9036908" lon="5.0245754">
	<ele>174.90</ele>
	<time>1970-01-01T00:00:00.000Z</time>
</trkpt>
<trkpt lat="46.9036250" lon="5.0245450">
	<ele>174.90</ele>
	<time>1970-01-01T00:00:00.000Z</time>
</trkpt>
<trkpt lat="46.9035108" lon="5.0242964">
	<ele>174.60</ele>
	<time>1970-01-01T00:00:00.000Z</time>
</trkpt>
<trkpt lat="46.9033052" lon="5.0234798">
	<ele>174.00</ele>
	<time>1970-01-01T00:00:00.000Z</time>
</trkpt>
<trkpt lat="46.9031750" lon="5.0231020">
	<ele>173.40</ele>
	<time>1970-01-01T00:00:00.000Z</time>
</trkpt>
<trkpt lat="46.9013000" lon="5.0216870">
	<ele>174.70</ele>
	<time>1970-01-01T00:00:00.000Z</time>
</trkpt>
<trkpt lat="46.9009200" lon="5.0216170">
	<ele>175.30</ele>
	<time>1970-01-01T00:00:00.000Z</time>
</trkpt>
<trkpt lat="46.9004630" lon="5.0218620">
	<ele>175.80</ele>
	<time>1970-01-01T00:00:00.000Z</time>
</trkpt>
<trkpt lat="46.8997309" lon="5.0229216">
	<ele>177.60</ele>
	<time>1970-01-01T00:00:00.000Z</time>
</trkpt>
<trkpt lat="46.8989770" lon="5.0238880">
	<ele>178.20</ele>
	<time>1970-01-01T00:00:00.000Z</time>
</trkpt>
<trkpt lat="46.8986480" lon="5.0243700">
	<ele>178.30</ele>
	<time>1970-01-01T00:00:00.000Z</time>
</trkpt>
<trkpt lat="46.8983770" lon="5.0246464">
	<ele>178.50</ele>
	<time>1970-01-01T00:00:00.000Z</time>
</trkpt>
<trkpt lat="46.8980264" lon="5.0249214">
	<ele>177.30</ele>
	<time>1970-01-01T00:00:00.000Z</time>
</trkpt>
<trkpt lat="46.8977630" lon="5.0250330">
	<ele>177.50</ele>
	<time>1970-01-01T00:00:00.000Z</time>
</trkpt>
<trkpt lat="46.8975880" lon="5.0250680">
	<ele>173.50</ele>
	<time>1970-01-01T00:00:00.000Z</time>
</trkpt>
<trkpt lat="46.8965966" lon="5.0244287">
	<ele>178.90</ele>
	<time>1970-01-01T00:00:00.000Z</time>
</trkpt>
<trkpt lat="46.8962680" lon="5.0246520">
	<ele>178.90</ele>
	<time>1970-01-01T00:00:00.000Z</time>
</trkpt>
<trkpt lat="46.8960236" lon="5.0245806">
	<ele>179.50</ele>
	<time>1970-01-01T00:00:00.000Z</time>
</trkpt>
<trkpt lat="46.8956389" lon="5.0242974">
	<ele>180.40</ele>
	<time>1970-01-01T00:00:00.000Z</time>
</trkpt>
<trkpt lat="46.8953219" lon="5.0241379">
	<ele>179.40</ele>
	<time>1970-01-01T00:00:00.000Z</time>
</trkpt>
<trkpt lat="46.8946206" lon="5.0239196">
	<ele>177.00</ele>
	<time>1970-01-01T00:00:00.000Z</time>
</trkpt>
<trkpt lat="46.8945830" lon="5.0240850">
	<ele>177.50</ele>
	<time>1970-01-01T00:00:00.000Z</time>
</trkpt>
<trkpt lat="46.8945100" lon="5.0271870">
	<ele>174.60</ele>
	<time>1970-01-01T00:00:00.000Z</time>
</trkpt>
<trkpt lat="46.8945796" lon="5.0273061">
	<ele>175.10</ele>
	<time>1970-01-01T00:00:00.000Z</time>
</trkpt>
<trkpt lat="46.8949058" lon="5.0276642">
	<ele>175.70</ele>
	<time>1970-01-01T00:00:00.000Z</time>
</trkpt>
<trkpt lat="46.8953040" lon="5.0280489">
	<ele>175.50</ele>
	<time>1970-01-01T00:00:00.000Z</time>
</trkpt>
<trkpt lat="46.8957272" lon="5.0288812">
	<ele>175.70</ele>
	<time>1970-01-01T00:00:00.000Z</time>
</trkpt>
<trkpt lat="46.8961080" lon="5.0293070">
	<ele>176.40</ele>
	<time>1970-01-01T00:00:00.000Z</time>
</trkpt>
<trkpt lat="46.8960470" lon="5.0295170">
	<ele>176.50</ele>
	<time>1970-01-01T00:00:00.000Z</time>
</trkpt>
<trkpt lat="46.8956750" lon="5.0304030">
	<ele>176.40</ele>
	<time>1970-01-01T00:00:00.000Z</time>
</trkpt>
<trkpt lat="46.8955120" lon="5.0308620">
	<ele>176.30</ele>
	<time>1970-01-01T00:00:00.000Z</time>
</trkpt>
<trkpt lat="46.8954030" lon="5.0312870">
	<ele>177.00</ele>
	<time>1970-01-01T00:00:00.000Z</time>
</trkpt>
<trkpt lat="46.8953200" lon="5.0320620">
	<ele>177.40</ele>
	<time>1970-01-01T00:00:00.000Z</time>
</trkpt>
<trkpt lat="46.8951480" lon="5.0331630">
	<ele>175.40</ele>
	<time>1970-01-01T00:00:00.000Z</time>
</trkpt>
<trkpt lat="46.8951536" lon="5.0335079">
	<ele>175.20</ele>
	<time>1970-01-01T00:00:00.000Z</time>
</trkpt>
<trkpt lat="46.8958580" lon="5.0384070">
	<ele>173.10</ele>
	<time>1970-01-01T00:00:00.000Z</time>
</trkpt>
<trkpt lat="46.8964580" lon="5.0416770">
	<ele>174.70</ele>
	<time>1970-01-01T00:00:00.000Z</time>
</trkpt>
<trkpt lat="46.8979909" lon="5.0488250">
	<ele>172.50</ele>
	<time>1970-01-01T00:00:00.000Z</time>
</trkpt>
<trkpt lat="46.8983880" lon="5.0513080">
	<ele>172.80</ele>
	<time>1970-01-01T00:00:00.000Z</time>
</trkpt>
<trkpt lat="46.8989070" lon="5.0535830">
	<ele>172.40</ele>
	<time>1970-01-01T00:00:00.000Z</time>
</trkpt>
<trkpt lat="46.8994050" lon="5.0559850">
	<ele>172.90</ele>
	<time>1970-01-01T00:00:00.000Z</time>
</trkpt>
<trkpt lat="46.8994980" lon="5.0567350">
	<ele>172.50</ele>
	<time>1970-01-01T00:00:00.000Z</time>
</trkpt>
<trkpt lat="46.8996930" lon="5.0632870">
	<ele>173.00</ele>
	<time>1970-01-01T00:00:00.000Z</time>
</trkpt>
<trkpt lat="46.8999852" lon="5.0711780">
	<ele>172.80</ele>
	<time>1970-01-01T00:00:00.000Z</time>
</trkpt>
<trkpt lat="46.8998620" lon="5.0716900">
	<ele>173.80</ele>
	<time>1970-01-01T00:00:00.000Z</time>
</trkpt>
<trkpt lat="46.8994517" lon="5.0726514">
	<ele>175.50</ele>
	<time>1970-01-01T00:00:00.000Z</time>
</trkpt>
<trkpt lat="46.8992420" lon="5.0733320">
	<ele>175.70</ele>
	<time>1970-01-01T00:00:00.000Z</time>
</trkpt>
<trkpt lat="46.8991420" lon="5.0745370">
	<ele>174.30</ele>
	<time>1970-01-01T00:00:00.000Z</time>
</trkpt>
<trkpt lat="46.8990870" lon="5.0759650">
	<ele>173.80</ele>
	<time>1970-01-01T00:00:00.000Z</time>
</trkpt>
<trkpt lat="46.8992050" lon="5.0763900">
	<ele>174.00</ele>
	<time>1970-01-01T00:00:00.000Z</time>
</trkpt>
<trkpt lat="46.9007250" lon="5.0793280">
	<ele>176.10</ele>
	<time>1970-01-01T00:00:00.000Z</time>
</trkpt>
<trkpt lat="46.9013070" lon="5.0806120">
	<ele>175.90</ele>
	<time>1970-01-01T00:00:00.000Z</time>
</trkpt>
<trkpt lat="46.9020400" lon="5.0817330">
	<ele>176.30</ele>
	<time>1970-01-01T00:00:00.000Z</time>
</trkpt>
<trkpt lat="46.9025880" lon="5.0824050">
	<ele>175.40</ele>
	<time>1970-01-01T00:00:00.000Z</time>
</trkpt>
<trkpt lat="46.9033670" lon="5.0831370">
	<ele>175.60</ele>
	<time>1970-01-01T00:00:00.000Z</time>
</trkpt>
<trkpt lat="46.9046150" lon="5.0840985">
	<ele>174.30</ele>
	<time>1970-01-01T00:00:00.000Z</time>
</trkpt>
<trkpt lat="46.9048990" lon="5.0842666">
	<ele>174.40</ele>
	<time>1970-01-01T00:00:00.000Z</time>
</trkpt>
<trkpt lat="46.9051177" lon="5.0842737">
	<ele>174.40</ele>
	<time>1970-01-01T00:00:00.000Z</time>
</trkpt>
<trkpt lat="46.9056248" lon="5.0840703">
	<ele>174.30</ele>
	<time>1970-01-01T00:00:00.000Z</time>
</trkpt>
<trkpt lat="46.9071203" lon="5.0832513">
	<ele>172.80</ele>
	<time>1970-01-01T00:00:00.000Z</time>
</trkpt>
<trkpt lat="46.9076554" lon="5.0829994">
	<ele>172.40</ele>
	<time>1970-01-01T00:00:00.000Z</time>
</trkpt>
<trkpt lat="46.9081411" lon="5.0828768">
	<ele>173.10</ele>
	<time>1970-01-01T00:00:00.000Z</time>
</trkpt>
<trkpt lat="46.9087618" lon="5.0828402">
	<ele>173.30</ele>
	<time>1970-01-01T00:00:00.000Z</time>
</trkpt>
<trkpt lat="46.9099580" lon="5.0830500">
	<ele>173.20</ele>
	<time>1970-01-01T00:00:00.000Z</time>
</trkpt>
<trkpt lat="46.9104030" lon="5.0832000">
	<ele>173.20</ele>
	<time>1970-01-01T00:00:00.000Z</time>
</trkpt>
<trkpt lat="46.9109280" lon="5.0835000">
	<ele>174.30</ele>
	<time>1970-01-01T00:00:00.000Z</time>
</trkpt>
<trkpt lat="46.9116080" lon="5.0839850">
	<ele>175.50</ele>
	<time>1970-01-01T00:00:00.000Z</time>
</trkpt>
<trkpt lat="46.9135400" lon="5.0858750">
	<ele>174.50</ele>
	<time>1970-01-01T00:00:00.000Z</time>
</trkpt>
<trkpt lat="46.9148780" lon="5.0874780">
	<ele>175.20</ele>
	<time>1970-01-01T00:00:00.000Z</time>
</trkpt>
<trkpt lat="46.9151813" lon="5.0876899">
	<ele>175.50</ele>
	<time>1970-01-01T00:00:00.000Z</time>
</trkpt>
<trkpt lat="46.9157470" lon="5.0876320">
	<ele>176.30</ele>
	<time>1970-01-01T00:00:00.000Z</time>
</trkpt>
<trkpt lat="46.9159600" lon="5.0877080">
	<ele>176.40</ele>
	<time>1970-01-01T00:00:00.000Z</time>
</trkpt>
<trkpt lat="46.9166270" lon="5.0880900">
	<ele>177.20</ele>
	<time>1970-01-01T00:00:00.000Z</time>
</trkpt>
<trkpt lat="46.9181727" lon="5.0882733">
	<ele>175.60</ele>
	<time>1970-01-01T00:00:00.000Z</time>
</trkpt>
<trkpt lat="46.9199770" lon="5.0879630">
	<ele>174.90</ele>
	<time>1970-01-01T00:00:00.000Z</time>
</trkpt>
<trkpt lat="46.9207570" lon="5.0878930">
	<ele>174.20</ele>
	<time>1970-01-01T00:00:00.000Z</time>
</trkpt>
<trkpt lat="46.9213420" lon="5.0879380">
	<ele>174.10</ele>
	<time>1970-01-01T00:00:00.000Z</time>
</trkpt>
<trkpt lat="46.9218780" lon="5.0881245">
	<ele>173.70</ele>
	<time>1970-01-01T00:00:00.000Z</time>
</trkpt>
<trkpt lat="46.9223630" lon="5.0883702">
	<ele>173.40</ele>
	<time>1970-01-01T00:00:00.000Z</time>
</trkpt>
<trkpt lat="46.9228930" lon="5.0889220">
	<ele>174.10</ele>
	<time>1970-01-01T00:00:00.000Z</time>
</trkpt>
<trkpt lat="46.9232950" lon="5.0894830">
	<ele>173.70</ele>
	<time>1970-01-01T00:00:00.000Z</time>
</trkpt>
<trkpt lat="46.9236055" lon="5.0900004">
	<ele>173.30</ele>
	<time>1970-01-01T00:00:00.000Z</time>
</trkpt>
<trkpt lat="46.9239437" lon="5.0904288">
	<ele>173.30</ele>
	<time>1970-01-01T00:00:00.000Z</time>
</trkpt>
<trkpt lat="46.9246530" lon="5.0910870">
	<ele>173.30</ele>
	<time>1970-01-01T00:00:00.000Z</time>
</trkpt>
<trkpt lat="46.9252700" lon="5.0915300">
	<ele>173.60</ele>
	<time>1970-01-01T00:00:00.000Z</time>
</trkpt>
<trkpt lat="46.9265450" lon="5.0922070">
	<ele>173.70</ele>
	<time>1970-01-01T00:00:00.000Z</time>
</trkpt>
<trkpt lat="46.9269130" lon="5.0924730">
	<ele>174.30</ele>
	<time>1970-01-01T00:00:00.000Z</time>
</trkpt>
<trkpt lat="46.9276980" lon="5.0932020">
	<ele>174.60</ele>
	<time>1970-01-01T00:00:00.000Z</time>
</trkpt>
<trkpt lat="46.9281200" lon="5.0934930">
	<ele>174.60</ele>
	<time>1970-01-01T00:00:00.000Z</time>
</trkpt>
<trkpt lat="46.9296130" lon="5.0940930">
	<ele>173.90</ele>
	<time>1970-01-01T00:00:00.000Z</time>
</trkpt>
<trkpt lat="46.9306120" lon="5.0944200">
	<ele>174.70</ele>
	<time>1970-01-01T00:00:00.000Z</time>
</trkpt>
<trkpt lat="46.9311762" lon="5.0944487">
	<ele>174.20</ele>
	<time>1970-01-01T00:00:00.000Z</time>
</trkpt>
<trkpt lat="46.9332700" lon="5.0941780">
	<ele>173.40</ele>
	<time>1970-01-01T00:00:00.000Z</time>
</trkpt>
<trkpt lat="46.9338920" lon="5.0940070">
	<ele>173.50</ele>
	<time>1970-01-01T00:00:00.000Z</time>
</trkpt>
<trkpt lat="46.9344408" lon="5.0939257">
	<ele>173.90</ele>
	<time>1970-01-01T00:00:00.000Z</time>
</trkpt>
<trkpt lat="46.9347978" lon="5.0939553">
	<ele>174.20</ele>
	<time>1970-01-01T00:00:00.000Z</time>
</trkpt>
<trkpt lat="46.9367370" lon="5.0949280">
	<ele>176.70</ele>
	<time>1970-01-01T00:00:00.000Z</time>
</trkpt>
<trkpt lat="46.9370580" lon="5.0949100">
	<ele>177.90</ele>
	<time>1970-01-01T00:00:00.000Z</time>
</trkpt>
<trkpt lat="46.9373663" lon="5.0945137">
	<ele>178.90</ele>
	<time>1970-01-01T00:00:00.000Z</time>
</trkpt>
<trkpt lat="46.9376956" lon="5.0941624">
	<ele>179.60</ele>
	<time>1970-01-01T00:00:00.000Z</time>
</trkpt>
<trkpt lat="46.9378488" lon="5.0941313">
	<ele>179.80</ele>
	<time>1970-01-01T00:00:00.000Z</time>
</trkpt>
<trkpt lat="46.9380684" lon="5.0942398">
	<ele>180.00</ele>
	<time>1970-01-01T00:00:00.000Z</time>
</trkpt>
<trkpt lat="46.9389000" lon="5.0952180">
	<ele>181.10</ele>
	<time>1970-01-01T00:00:00.000Z</time>
</trkpt>
<trkpt lat="46.9391100" lon="5.0955380">
	<ele>181.40</ele>
	<time>1970-01-01T00:00:00.000Z</time>
</trkpt>
<trkpt lat="46.9414961" lon="5.1003492">
	<ele>184.10</ele>
	<time>1970-01-01T00:00:00.000Z</time>
</trkpt>
<trkpt lat="46.9417975" lon="5.1011476">
	<ele>184.20</ele>
	<time>1970-01-01T00:00:00.000Z</time>
</trkpt>
<trkpt lat="46.9427330" lon="5.1040520">
	<ele>184.80</ele>
	<time>1970-01-01T00:00:00.000Z</time>
</trkpt>
<trkpt lat="46.9429470" lon="5.1048680">
	<ele>182.50</ele>
	<time>1970-01-01T00:00:00.000Z</time>
</trkpt>
<trkpt lat="46.9431915" lon="5.1064938">
	<ele>182.20</ele>
	<time>1970-01-01T00:00:00.000Z</time>
</trkpt>
<trkpt lat="46.9435980" lon="5.1084150">
	<ele>180.30</ele>
	<time>1970-01-01T00:00:00.000Z</time>
</trkpt>
<trkpt lat="46.9438170" lon="5.1091230">
	<ele>180.50</ele>
	<time>1970-01-01T00:00:00.000Z</time>
</trkpt>
<trkpt lat="46.9443450" lon="5.1106000">
	<ele>181.10</ele>
	<time>1970-01-01T00:00:00.000Z</time>
</trkpt>
<trkpt lat="46.9444870" lon="5.1112350">
	<ele>181.90</ele>
	<time>1970-01-01T00:00:00.000Z</time>
</trkpt>
<trkpt lat="46.9450180" lon="5.1145070">
	<ele>184.20</ele>
	<time>1970-01-01T00:00:00.000Z</time>
</trkpt>
<trkpt lat="46.9451850" lon="5.1152900">
	<ele>184.10</ele>
	<time>1970-01-01T00:00:00.000Z</time>
</trkpt>
<trkpt lat="46.9454230" lon="5.1159080">
	<ele>184.30</ele>
	<time>1970-01-01T00:00:00.000Z</time>
</trkpt>
<trkpt lat="46.9457620" lon="5.1166250">
	<ele>185.30</ele>
	<time>1970-01-01T00:00:00.000Z</time>
</trkpt>
<trkpt lat="46.9463180" lon="5.1175200">
	<ele>185.90</ele>
	<time>1970-01-01T00:00:00.000Z</time>
</trkpt>
<trkpt lat="46.9468652" lon="5.1185023">
	<ele>187.00</ele>
	<time>1970-01-01T00:00:00.000Z</time>
</trkpt>
<trkpt lat="46.9469730" lon="5.1189250">
	<ele>186.80</ele>
	<time>1970-01-01T00:00:00.000Z</time>
</trkpt>
<trkpt lat="46.9471980" lon="5.1201330">
	<ele>186.90</ele>
	<time>1970-01-01T00:00:00.000Z</time>
</trkpt>
<trkpt lat="46.9474230" lon="5.1207970">
	<ele>186.60</ele>
	<time>1970-01-01T00:00:00.000Z</time>
</trkpt>
<trkpt lat="46.9477730" lon="5.1213270">
	<ele>187.70</ele>
	<time>1970-01-01T00:00:00.000Z</time>
</trkpt>
<trkpt lat="46.9482028" lon="5.1218031">
	<ele>188.50</ele>
	<time>1970-01-01T00:00:00.000Z</time>
</trkpt>
<trkpt lat="46.9487785" lon="5.1222699">
	<ele>189.10</ele>
	<time>1970-01-01T00:00:00.000Z</time>
</trkpt>
<trkpt lat="46.9493570" lon="5.1228080">
	<ele>190.10</ele>
	<time>1970-01-01T00:00:00.000Z</time>
</trkpt>
<trkpt lat="46.9498850" lon="5.1232650">
	<ele>190.00</ele>
	<time>1970-01-01T00:00:00.000Z</time>
</trkpt>
<trkpt lat="46.9501832" lon="5.1234506">
	<ele>189.20</ele>
	<time>1970-01-01T00:00:00.000Z</time>
</trkpt>
<trkpt lat="46.9509799" lon="5.1237594">
	<ele>188.00</ele>
	<time>1970-01-01T00:00:00.000Z</time>
</trkpt>
<trkpt lat="46.9520030" lon="5.1240380">
	<ele>186.80</ele>
	<time>1970-01-01T00:00:00.000Z</time>
</trkpt>
<trkpt lat="46.9525430" lon="5.1241270">
	<ele>185.70</ele>
	<time>1970-01-01T00:00:00.000Z</time>
</trkpt>
<trkpt lat="46.9542700" lon="5.1242030">
	<ele>181.60</ele>
	<time>1970-01-01T00:00:00.000Z</time>
</trkpt>
<trkpt lat="46.9548370" lon="5.1242170">
	<ele>180.60</ele>
	<time>1970-01-01T00:00:00.000Z</time>
</trkpt>
<trkpt lat="46.9555730" lon="5.1241701">
	<ele>179.30</ele>
	<time>1970-01-01T00:00:00.000Z</time>
</trkpt>
<trkpt lat="46.9565670" lon="5.1238200">
	<ele>178.10</ele>
	<time>1970-01-01T00:00:00.000Z</time>
</trkpt>
<trkpt lat="46.9571850" lon="5.1235530">
	<ele>177.90</ele>
	<time>1970-01-01T00:00:00.000Z</time>
</trkpt>
<trkpt lat="46.9573230" lon="5.1233650">
	<ele>177.80</ele>
	<time>1970-01-01T00:00:00.000Z</time>
</trkpt>
<trkpt lat="46.9573807" lon="5.1228455">
	<ele>177.80</ele>
	<time>1970-01-01T00:00:00.000Z</time>
</trkpt>
<trkpt lat="46.9580037" lon="5.1204492">
	<ele>178.40</ele>
	<time>1970-01-01T00:00:00.000Z</time>
</trkpt>
<trkpt lat="46.9581730" lon="5.1201870">
	<ele>179.00</ele>
	<time>1970-01-01T00:00:00.000Z</time>
</trkpt>
<trkpt lat="46.9585530" lon="5.1199180">
	<ele>179.50</ele>
	<time>1970-01-01T00:00:00.000Z</time>
</trkpt>
<trkpt lat="46.9590480" lon="5.1197450">
	<ele>179.50</ele>
	<time>1970-01-01T00:00:00.000Z</time>
</trkpt>
<trkpt lat="46.9593450" lon="5.1197980">
	<ele>179.20</ele>
	<time>1970-01-01T00:00:00.000Z</time>
</trkpt>
<trkpt lat="46.9599503" lon="5.1200588">
	<ele>177.80</ele>
	<time>1970-01-01T00:00:00.000Z</time>
</trkpt>
<trkpt lat="46.9601398" lon="5.1202668">
	<ele>177.60</ele>
	<time>1970-01-01T00:00:00.000Z</time>
</trkpt>
<trkpt lat="46.9603820" lon="5.1206350">
	<ele>176.90</ele>
	<time>1970-01-01T00:00:00.000Z</time>
</trkpt>
<trkpt lat="46.9606020" lon="5.1208450">
	<ele>175.90</ele>
	<time>1970-01-01T00:00:00.000Z</time>
</trkpt>
<trkpt lat="46.9609327" lon="5.1209549">
	<ele>173.80</ele>
	<time>1970-01-01T00:00:00.000Z</time>
</trkpt>
<trkpt lat="46.9611770" lon="5.1211820">
	<ele>173.00</ele>
	<time>1970-01-01T00:00:00.000Z</time>
</trkpt>
<trkpt lat="46.9614589" lon="5.1213604">
	<ele>173.70</ele>
	<time>1970-01-01T00:00:00.000Z</time>
</trkpt>
<trkpt lat="46.9619350" lon="5.1215020">
	<ele>172.10</ele>
	<time>1970-01-01T00:00:00.000Z</time>
</trkpt>
<trkpt lat="46.9623082" lon="5.1214770">
	<ele>172.10</ele>
	<time>1970-01-01T00:00:00.000Z</time>
</trkpt>
<trkpt lat="46.9627180" lon="5.1213800">
	<ele>172.30</ele>
	<time>1970-01-01T00:00:00.000Z</time>
</trkpt>
<trkpt lat="46.9637898" lon="5.1206876">
	<ele>172.00</ele>
	<time>1970-01-01T00:00:00.000Z</time>
</trkpt>
<trkpt lat="46.9644685" lon="5.1202009">
	<ele>172.00</ele>
	<time>1970-01-01T00:00:00.000Z</time>
</trkpt>
<trkpt lat="46.9652396" lon="5.1197510">
	<ele>172.00</ele>
	<time>1970-01-01T00:00:00.000Z</time>
</trkpt>
<trkpt lat="46.9656700" lon="5.1195870">
	<ele>172.00</ele>
	<time>1970-01-01T00:00:00.000Z</time>
</trkpt>
<trkpt lat="46.9659600" lon="5.1195280">
	<ele>172.10</ele>
	<time>1970-01-01T00:00:00.000Z</time>
</trkpt>
<trkpt lat="46.9671802" lon="5.1193734">
	<ele>172.20</ele>
	<time>1970-01-01T00:00:00.000Z</time>
</trkpt>
<trkpt lat="46.9680128" lon="5.1194165">
	<ele>172.30</ele>
	<time>1970-01-01T00:00:00.000Z</time>
</trkpt>
<trkpt lat="46.9688666" lon="5.1195650">
	<ele>172.00</ele>
	<time>1970-01-01T00:00:00.000Z</time>
</trkpt>
<trkpt lat="46.9694095" lon="5.1197671">
	<ele>172.20</ele>
	<time>1970-01-01T00:00:00.000Z</time>
</trkpt>
<trkpt lat="46.9700484" lon="5.1199394">
	<ele>172.10</ele>
	<time>1970-01-01T00:00:00.000Z</time>
</trkpt>
<trkpt lat="46.9706618" lon="5.1201798">
	<ele>172.10</ele>
	<time>1970-01-01T00:00:00.000Z</time>
</trkpt>
<trkpt lat="46.9716450" lon="5.1208200">
	<ele>172.50</ele>
	<time>1970-01-01T00:00:00.000Z</time>
</trkpt>
<trkpt lat="46.9718580" lon="5.1210350">
	<ele>172.60</ele>
	<time>1970-01-01T00:00:00.000Z</time>
</trkpt>
<trkpt lat="46.9721220" lon="5.1214380">
	<ele>172.20</ele>
	<time>1970-01-01T00:00:00.000Z</time>
</trkpt>
<trkpt lat="46.9723320" lon="5.1218970">
	<ele>172.10</ele>
	<time>1970-01-01T00:00:00.000Z</time>
</trkpt>
<trkpt lat="46.9727280" lon="5.1237300">
	<ele>172.00</ele>
	<time>1970-01-01T00:00:00.000Z</time>
</trkpt>
<trkpt lat="46.9728870" lon="5.1258830">
	<ele>173.50</ele>
	<time>1970-01-01T00:00:00.000Z</time>
</trkpt>
<trkpt lat="46.9729125" lon="5.1265597">
	<ele>172.20</ele>
	<time>1970-01-01T00:00:00.000Z</time>
</trkpt>
<trkpt lat="46.9730380" lon="5.1273030">
	<ele>172.20</ele>
	<time>1970-01-01T00:00:00.000Z</time>
</trkpt>
<trkpt lat="46.9732820" lon="5.1283020">
	<ele>172.40</ele>
	<time>1970-01-01T00:00:00.000Z</time>
</trkpt>
<trkpt lat="46.9735300" lon="5.1290550">
	<ele>172.20</ele>
	<time>1970-01-01T00:00:00.000Z</time>
</trkpt>
<trkpt lat="46.9743280" lon="5.1304850">
	<ele>172.90</ele>
	<time>1970-01-01T00:00:00.000Z</time>
</trkpt>
<trkpt lat="46.9747262" lon="5.1309172">
	<ele>172.60</ele>
	<time>1970-01-01T00:00:00.000Z</time>
</trkpt>
<trkpt lat="46.9752314" lon="5.1312341">
	<ele>172.10</ele>
	<time>1970-01-01T00:00:00.000Z</time>
</trkpt>
<trkpt lat="46.9762393" lon="5.1317066">
	<ele>172.00</ele>
	<time>1970-01-01T00:00:00.000Z</time>
</trkpt>
<trkpt lat="46.9766880" lon="5.1318030">
	<ele>172.00</ele>
	<time>1970-01-01T00:00:00.000Z</time>
</trkpt>
<trkpt lat="46.9775730" lon="5.1324130">
	<ele>174.10</ele>
	<time>1970-01-01T00:00:00.000Z</time>
</trkpt>
<trkpt lat="46.9784208" lon="5.1331441">
	<ele>176.40</ele>
	<time>1970-01-01T00:00:00.000Z</time>
</trkpt>
<trkpt lat="46.9791250" lon="5.1336520">
	<ele>178.40</ele>
	<time>1970-01-01T00:00:00.000Z</time>
</trkpt>
<trkpt lat="46.9800572" lon="5.1344125">
	<ele>177.70</ele>
	<time>1970-01-01T00:00:00.000Z</time>
</trkpt>
<trkpt lat="46.9808533" lon="5.1349759">
	<ele>178.30</ele>
	<time>1970-01-01T00:00:00.000Z</time>
</trkpt>
<trkpt lat="46.9815754" lon="5.1356398">
	<ele>178.30</ele>
	<time>1970-01-01T00:00:00.000Z</time>
</trkpt>
<trkpt lat="46.9833312" lon="5.1369911">
	<ele>172.60</ele>
	<time>1970-01-01T00:00:00.000Z</time>
</trkpt>
<trkpt lat="46.9841791" lon="5.1383578">
	<ele>172.00</ele>
	<time>1970-01-01T00:00:00.000Z</time>
</trkpt>
<trkpt lat="46.9852054" lon="5.1402211">
	<ele>172.30</ele>
	<time>1970-01-01T00:00:00.000Z</time>
</trkpt>
<trkpt lat="46.9855190" lon="5.1410380">
	<ele>172.10</ele>
	<time>1970-01-01T00:00:00.000Z</time>
</trkpt>
<trkpt lat="46.9863413" lon="5.1434477">
	<ele>172.00</ele>
	<time>1970-01-01T00:00:00.000Z</time>
</trkpt>
<trkpt lat="46.9866149" lon="5.1439492">
	<ele>172.20</ele>
	<time>1970-01-01T00:00:00.000Z</time>
</trkpt>
<trkpt lat="46.9870090" lon="5.1443875">
	<ele>172.20</ele>
	<time>1970-01-01T00:00:00.000Z</time>
</trkpt>
<trkpt lat="46.9879690" lon="5.1450641">
	<ele>172.40</ele>
	<time>1970-01-01T00:00:00.000Z</time>
</trkpt>
<trkpt lat="46.9884300" lon="5.1450270">
	<ele>172.40</ele>
	<time>1970-01-01T00:00:00.000Z</time>
</trkpt>
<trkpt lat="46.9890641" lon="5.1450865">
	<ele>172.50</ele>
	<time>1970-01-01T00:00:00.000Z</time>
</trkpt>
<trkpt lat="46.9897120" lon="5.1452100">
	<ele>172.00</ele>
	<time>1970-01-01T00:00:00.000Z</time>
</trkpt>
<trkpt lat="46.9901031" lon="5.1454540">
	<ele>172.20</ele>
	<time>1970-01-01T00:00:00.000Z</time>
</trkpt>
<trkpt lat="46.9908580" lon="5.1461170">
	<ele>174.50</ele>
	<time>1970-01-01T00:00:00.000Z</time>
</trkpt>
<trkpt lat="46.9917670" lon="5.1468050">
	<ele>172.10</ele>
	<time>1970-01-01T00:00:00.000Z</time>
</trkpt>
<trkpt lat="46.9923420" lon="5.1471600">
	<ele>173.60</ele>
	<time>1970-01-01T00:00:00.000Z</time>
</trkpt>
<trkpt lat="46.9932446" lon="5.1474979">
	<ele>172.40</ele>
	<time>1970-01-01T00:00:00.000Z</time>
</trkpt>
<trkpt lat="46.9939880" lon="5.1473350">
	<ele>172.40</ele>
	<time>1970-01-01T00:00:00.000Z</time>
</trkpt>
<trkpt lat="46.9954195" lon="5.1462192">
	<ele>173.20</ele>
	<time>1970-01-01T00:00:00.000Z</time>
</trkpt>
<trkpt lat="46.9966837" lon="5.1451712">
	<ele>172.70</ele>
	<time>1970-01-01T00:00:00.000Z</time>
</trkpt>
<trkpt lat="46.9973343" lon="5.1448571">
	<ele>173.10</ele>
	<time>1970-01-01T00:00:00.000Z</time>
</trkpt>
<trkpt lat="46.9978909" lon="5.1445032">
	<ele>173.10</ele>
	<time>1970-01-01T00:00:00.000Z</time>
</trkpt>
<trkpt lat="46.9989443" lon="5.1442797">
	<ele>173.40</ele>
	<time>1970-01-01T00:00:00.000Z</time>
</trkpt>
<trkpt lat="46.9993150" lon="5.1442900">
	<ele>173.40</ele>
	<time>1970-01-01T00:00:00.000Z</time>
</trkpt>
<trkpt lat="46.9998730" lon="5.1441270">
	<ele>172.20</ele>
	<time>1970-01-01T00:00:00.000Z</time>
</trkpt>
<trkpt lat="47.0009733" lon="5.1435118">
	<ele>176.20</ele>
	<time>1970-01-01T00:00:00.000Z</time>
</trkpt>
<trkpt lat="47.0016670" lon="5.1432180">
	<ele>177.90</ele>
	<time>1970-01-01T00:00:00.000Z</time>
</trkpt>
<trkpt lat="47.0022570" lon="5.1433800">
	<ele>178.40</ele>
	<time>1970-01-01T00:00:00.000Z</time>
</trkpt>
<trkpt lat="47.0026900" lon="5.1435720">
	<ele>173.70</ele>
	<time>1970-01-01T00:00:00.000Z</time>
</trkpt>
<trkpt lat="47.0027167" lon="5.1438392">
	<ele>177.90</ele>
	<time>1970-01-01T00:00:00.000Z</time>
</trkpt>
<trkpt lat="47.0025610" lon="5.1452332">
	<ele>178.70</ele>
	<time>1970-01-01T00:00:00.000Z</time>
</trkpt>
<trkpt lat="47.0025538" lon="5.1459555">
	<ele>178.10</ele>
	<time>1970-01-01T00:00:00.000Z</time>
</trkpt>
<trkpt lat="47.0024252" lon="5.1465557">
	<ele>177.80</ele>
	<time>1970-01-01T00:00:00.000Z</time>
</trkpt>
<trkpt lat="47.0025900" lon="5.1466616">
	<ele>177.60</ele>
	<time>1970-01-01T00:00:00.000Z</time>
</trkpt>
<trkpt lat="47.0034950" lon="5.1468511">
	<ele>177.50</ele>
	<time>1970-01-01T00:00:00.000Z</time>
</trkpt>
<trkpt lat="47.0049542" lon="5.1478035">
	<ele>176.20</ele>
	<time>1970-01-01T00:00:00.000Z</time>
</trkpt>
<trkpt lat="47.0069280" lon="5.1493274">
	<ele>175.50</ele>
	<time>1970-01-01T00:00:00.000Z</time>
</trkpt>
<trkpt lat="47.0078800" lon="5.1499706">
	<ele>175.20</ele>
	<time>1970-01-01T00:00:00.000Z</time>
</trkpt>
<trkpt lat="47.0087437" lon="5.1503845">
	<ele>175.80</ele>
	<time>1970-01-01T00:00:00.000Z</time>
</trkpt>
<trkpt lat="47.0117178" lon="5.1506294">
	<ele>176.30</ele>
	<time>1970-01-01T00:00:00.000Z</time>
</trkpt>
<trkpt lat="47.0125327" lon="5.1506709">
	<ele>177.10</ele>
	<time>1970-01-01T00:00:00.000Z</time>
</trkpt>
<trkpt lat="47.0129474" lon="5.1506331">
	<ele>177.00</ele>
	<time>1970-01-01T00:00:00.000Z</time>
</trkpt>
<trkpt lat="47.0131876" lon="5.1506789">
	<ele>178.30</ele>
	<time>1970-01-01T00:00:00.000Z</time>
</trkpt>
<trkpt lat="47.0144502" lon="5.1505756">
	<ele>178.70</ele>
	<time>1970-01-01T00:00:00.000Z</time>
</trkpt>
<trkpt lat="47.0154000" lon="5.1503400">
	<ele>178.50</ele>
	<time>1970-01-01T00:00:00.000Z</time>
</trkpt>
<trkpt lat="47.0154230" lon="5.1501803">
	<ele>178.50</ele>
	<time>1970-01-01T00:00:00.000Z</time>
</trkpt>
<trkpt lat="47.0156891" lon="5.1498117">
	<ele>178.70</ele>
	<time>1970-01-01T00:00:00.000Z</time>
</trkpt>
<trkpt lat="47.0159571" lon="5.1493485">
	<ele>179.00</ele>
	<time>1970-01-01T00:00:00.000Z</time>
</trkpt>
<trkpt lat="47.0160734" lon="5.1490687">
	<ele>179.00</ele>
	<time>1970-01-01T00:00:00.000Z</time>
</trkpt>
<trkpt lat="47.0162448" lon="5.1488183">
	<ele>178.90</ele>
	<time>1970-01-01T00:00:00.000Z</time>
</trkpt>
<trkpt lat="47.0166617" lon="5.1488078">
	<ele>178.80</ele>
	<time>1970-01-01T00:00:00.000Z</time>
</trkpt>
<trkpt lat="47.0168341" lon="5.1487018">
	<ele>178.60</ele>
	<time>1970-01-01T00:00:00.000Z</time>
</trkpt>
<trkpt lat="47.0172565" lon="5.1486961">
	<ele>177.70</ele>
	<time>1970-01-01T00:00:00.000Z</time>
</trkpt>
<trkpt lat="47.0183086" lon="5.1488869">
	<ele>177.30</ele>
	<time>1970-01-01T00:00:00.000Z</time>
</trkpt>
<trkpt lat="47.0197807" lon="5.1494044">
	<ele>178.40</ele>
	<time>1970-01-01T00:00:00.000Z</time>
</trkpt>
<trkpt lat="47.0199866" lon="5.1492780">
	<ele>177.80</ele>
	<time>1970-01-01T00:00:00.000Z</time>
</trkpt>
<trkpt lat="47.0201547" lon="5.1485438">
	<ele>176.90</ele>
	<time>1970-01-01T00:00:00.000Z</time>
</trkpt>
<trkpt lat="47.0202973" lon="5.1481880">
	<ele>176.60</ele>
	<time>1970-01-01T00:00:00.000Z</time>
</trkpt>
<trkpt lat="47.0210021" lon="5.1471769">
	<ele>176.20</ele>
	<time>1970-01-01T00:00:00.000Z</time>
</trkpt>
<trkpt lat="47.0214191" lon="5.1466874">
	<ele>174.90</ele>
	<time>1970-01-01T00:00:00.000Z</time>
</trkpt>
<trkpt lat="47.0218597" lon="5.1462531">
	<ele>175.40</ele>
	<time>1970-01-01T00:00:00.000Z</time>
</trkpt>
<trkpt lat="47.0223229" lon="5.1459371">
	<ele>176.00</ele>
	<time>1970-01-01T00:00:00.000Z</time>
</trkpt>
<trkpt lat="47.0230230" lon="5.1455041">
	<ele>177.90</ele>
	<time>1970-01-01T00:00:00.000Z</time>
</trkpt>
<trkpt lat="47.0238120" lon="5.1449480">
	<ele>174.10</ele>
	<time>1970-01-01T00:00:00.000Z</time>
</trkpt>
<trkpt lat="47.0246120" lon="5.1444647">
	<ele>176.00</ele>
	<time>1970-01-01T00:00:00.000Z</time>
</trkpt>
<trkpt lat="47.0248982" lon="5.1443586">
	<ele>176.20</ele>
	<time>1970-01-01T00:00:00.000Z</time>
</trkpt>
<trkpt lat="47.0252509" lon="5.1443365">
	<ele>175.40</ele>
	<time>1970-01-01T00:00:00.000Z</time>
</trkpt>
<trkpt lat="47.0256326" lon="5.1444149">
	<ele>174.10</ele>
	<time>1970-01-01T00:00:00.000Z</time>
</trkpt>
<trkpt lat="47.0259673" lon="5.1446903">
	<ele>174.20</ele>
	<time>1970-01-01T00:00:00.000Z</time>
</trkpt>
<trkpt lat="47.0277934" lon="5.1472329">
	<ele>177.50</ele>
	<time>1970-01-01T00:00:00.000Z</time>
</trkpt>
<trkpt lat="47.0281594" lon="5.1473851">
	<ele>178.30</ele>
	<time>1970-01-01T00:00:00.000Z</time>
</trkpt>
<trkpt lat="47.0300668" lon="5.1477708">
	<ele>177.60</ele>
	<time>1970-01-01T00:00:00.000Z</time>
</trkpt>
<trkpt lat="47.0315030" lon="5.1481838">
	<ele>180.20</ele>
	<time>1970-01-01T00:00:00.000Z</time>
</trkpt>
<trkpt lat="47.0329056" lon="5.1486802">
	<ele>177.50</ele>
	<time>1970-01-01T00:00:00.000Z</time>
</trkpt>
<trkpt lat="47.0340305" lon="5.1489844">
	<ele>177.10</ele>
	<time>1970-01-01T00:00:00.000Z</time>
</trkpt>
<trkpt lat="47.0358525" lon="5.1488187">
	<ele>176.50</ele>
	<time>1970-01-01T00:00:00.000Z</time>
</trkpt>
<trkpt lat="47.0365510" lon="5.1488897">
	<ele>176.20</ele>
	<time>1970-01-01T00:00:00.000Z</time>
</trkpt>
<trkpt lat="47.0375655" lon="5.1491941">
	<ele>176.60</ele>
	<time>1970-01-01T00:00:00.000Z</time>
</trkpt>
<trkpt lat="47.0384538" lon="5.1495278">
	<ele>178.50</ele>
	<time>1970-01-01T00:00:00.000Z</time>
</trkpt>
<trkpt lat="47.0390682" lon="5.1494031">
	<ele>179.50</ele>
	<time>1970-01-01T00:00:00.000Z</time>
</trkpt>
<trkpt lat="47.0397619" lon="5.1489561">
	<ele>178.00</ele>
	<time>1970-01-01T00:00:00.000Z</time>
</trkpt>
<trkpt lat="47.0402180" lon="5.1487120">
	<ele>176.70</ele>
	<time>1970-01-01T00:00:00.000Z</time>
</trkpt>
<trkpt lat="47.0417530" lon="5.1483150">
	<ele>176.80</ele>
	<time>1970-01-01T00:00:00.000Z</time>
</trkpt>
<trkpt lat="47.0424280" lon="5.1480930">
	<ele>177.60</ele>
	<time>1970-01-01T00:00:00.000Z</time>
</trkpt>
<trkpt lat="47.0432270" lon="5.1476150">
	<ele>177.60</ele>
	<time>1970-01-01T00:00:00.000Z</time>
</trkpt>
<trkpt lat="47.0440916" lon="5.1470232">
	<ele>179.30</ele>
	<time>1970-01-01T00:00:00.000Z</time>
</trkpt>
<trkpt lat="47.0443800" lon="5.1468730">
	<ele>179.80</ele>
	<time>1970-01-01T00:00:00.000Z</time>
</trkpt>
<trkpt lat="47.0449225" lon="5.1467164">
	<ele>181.10</ele>
	<time>1970-01-01T00:00:00.000Z</time>
</trkpt>
<trkpt lat="47.0472280" lon="5.1453830">
	<ele>183.00</ele>
	<time>1970-01-01T00:00:00.000Z</time>
</trkpt>
<trkpt lat="47.0494750" lon="5.1443530">
	<ele>177.30</ele>
	<time>1970-01-01T00:00:00.000Z</time>
</trkpt>
<trkpt lat="47.0503250" lon="5.1440400">
	<ele>176.90</ele>
	<time>1970-01-01T00:00:00.000Z</time>
</trkpt>
<trkpt lat="47.0515380" lon="5.1438500">
	<ele>176.50</ele>
	<time>1970-01-01T00:00:00.000Z</time>
</trkpt>
<trkpt lat="47.0520250" lon="5.1439320">
	<ele>177.00</ele>
	<time>1970-01-01T00:00:00.000Z</time>
</trkpt>
<trkpt lat="47.0526980" lon="5.1441350">
	<ele>176.60</ele>
	<time>1970-01-01T00:00:00.000Z</time>
</trkpt>
<trkpt lat="47.0533580" lon="5.1442150">
	<ele>176.60</ele>
	<time>1970-01-01T00:00:00.000Z</time>
</trkpt>
<trkpt lat="47.0544120" lon="5.1440400">
	<ele>177.80</ele>
	<time>1970-01-01T00:00:00.000Z</time>
</trkpt>
<trkpt lat="47.0558970" lon="5.1439800">
	<ele>178.00</ele>
	<time>1970-01-01T00:00:00.000Z</time>
</trkpt>
<trkpt lat="47.0564470" lon="5.1438920">
	<ele>178.30</ele>
	<time>1970-01-01T00:00:00.000Z</time>
</trkpt>
<trkpt lat="47.0572250" lon="5.1436980">
	<ele>178.50</ele>
	<time>1970-01-01T00:00:00.000Z</time>
</trkpt>
<trkpt lat="47.0576650" lon="5.1436480">
	<ele>178.70</ele>
	<time>1970-01-01T00:00:00.000Z</time>
</trkpt>
<trkpt lat="47.0589560" lon="5.1437516">
	<ele>179.40</ele>
	<time>1970-01-01T00:00:00.000Z</time>
</trkpt>
<trkpt lat="47.0590400" lon="5.1433500">
	<ele>178.80</ele>
	<time>1970-01-01T00:00:00.000Z</time>
</trkpt>
<trkpt lat="47.0592800" lon="5.1425400">
	<ele>178.00</ele>
	<time>1970-01-01T00:00:00.000Z</time>
</trkpt>
<trkpt lat="47.0594200" lon="5.1427000">
	<ele>178.20</ele>
	<time>1970-01-01T00:00:00.000Z</time>
</trkpt>
<trkpt lat="47.0608200" lon="5.1436200">
	<ele>175.40</ele>
	<time>1970-01-01T00:00:00.000Z</time>
</trkpt>
<trkpt lat="47.0615900" lon="5.1442400">
	<ele>176.30</ele>
	<time>1970-01-01T00:00:00.000Z</time>
</trkpt>
<trkpt lat="47.0620500" lon="5.1445000">
	<ele>176.60</ele>
	<time>1970-01-01T00:00:00.000Z</time>
</trkpt>
<trkpt lat="47.0625800" lon="5.1446900">
	<ele>173.10</ele>
	<time>1970-01-01T00:00:00.000Z</time>
</trkpt>
<trkpt lat="47.0628100" lon="5.1448700">
	<ele>173.70</ele>
	<time>1970-01-01T00:00:00.000Z</time>
</trkpt>
<trkpt lat="47.0631600" lon="5.1453400">
	<ele>176.80</ele>
	<time>1970-01-01T00:00:00.000Z</time>
</trkpt>
<trkpt lat="47.0634000" lon="5.1464100">
	<ele>176.30</ele>
	<time>1970-01-01T00:00:00.000Z</time>
</trkpt>
<trkpt lat="47.0634100" lon="5.1465600">
	<ele>176.30</ele>
	<time>1970-01-01T00:00:00.000Z</time>
</trkpt>
<trkpt lat="47.0634100" lon="5.1467300">
	<ele>176.10</ele>
	<time>1970-01-01T00:00:00.000Z</time>
</trkpt>
<trkpt lat="47.0633100" lon="5.1472300">
	<ele>176.30</ele>
	<time>1970-01-01T00:00:00.000Z</time>
</trkpt>
<trkpt lat="47.0630200" lon="5.1484000">
	<ele>178.60</ele>
	<time>1970-01-01T00:00:00.000Z</time>
</trkpt>
<trkpt lat="47.0629600" lon="5.1487600">
	<ele>178.50</ele>
	<time>1970-01-01T00:00:00.000Z</time>
</trkpt>
<trkpt lat="47.0629500" lon="5.1492100">
	<ele>177.50</ele>
	<time>1970-01-01T00:00:00.000Z</time>
</trkpt>
<trkpt lat="47.0631400" lon="5.1504200">
	<ele>176.30</ele>
	<time>1970-01-01T00:00:00.000Z</time>
</trkpt>
<trkpt lat="47.0631200" lon="5.1508700">
	<ele>176.00</ele>
	<time>1970-01-01T00:00:00.000Z</time>
</trkpt>
<trkpt lat="47.0630200" lon="5.1512300">
	<ele>175.80</ele>
	<time>1970-01-01T00:00:00.000Z</time>
</trkpt>
<trkpt lat="47.0627500" lon="5.1518400">
	<ele>175.70</ele>
	<time>1970-01-01T00:00:00.000Z</time>
</trkpt>
<trkpt lat="47.0623300" lon="5.1523500">
	<ele>176.40</ele>
	<time>1970-01-01T00:00:00.000Z</time>
</trkpt>
<trkpt lat="47.0621200" lon="5.1528100">
	<ele>176.70</ele>
	<time>1970-01-01T00:00:00.000Z</time>
</trkpt>
<trkpt lat="47.0614200" lon="5.1549900">
	<ele>175.90</ele>
	<time>1970-01-01T00:00:00.000Z</time>
</trkpt>
<trkpt lat="47.0605800" lon="5.1578300">
	<ele>176.40</ele>
	<time>1970-01-01T00:00:00.000Z</time>
</trkpt>
<trkpt lat="47.0604800" lon="5.1580700">
	<ele>176.20</ele>
	<time>1970-01-01T00:00:00.000Z</time>
</trkpt>
<trkpt lat="47.0603970" lon="5.1580870">
	<ele>176.20</ele>
	<time>1970-01-01T00:00:00.000Z</time>
</trkpt>
<trkpt lat="47.0603420" lon="5.1598000">
	<ele>175.50</ele>
	<time>1970-01-01T00:00:00.000Z</time>
</trkpt>
<trkpt lat="47.0604720" lon="5.1611030">
	<ele>176.90</ele>
	<time>1970-01-01T00:00:00.000Z</time>
</trkpt>
<trkpt lat="47.0608400" lon="5.1627600">
	<ele>177.00</ele>
	<time>1970-01-01T00:00:00.000Z</time>
</trkpt>
<trkpt lat="47.0610570" lon="5.1659780">
	<ele>176.00</ele>
	<time>1970-01-01T00:00:00.000Z</time>
</trkpt>
<trkpt lat="47.0613650" lon="5.1695950">
	<ele>175.90</ele>
	<time>1970-01-01T00:00:00.000Z</time>
</trkpt>
<trkpt lat="47.0614500" lon="5.1700550">
	<ele>176.50</ele>
	<time>1970-01-01T00:00:00.000Z</time>
</trkpt>
<trkpt lat="47.0616320" lon="5.1703670">
	<ele>177.40</ele>
	<time>1970-01-01T00:00:00.000Z</time>
</trkpt>
<trkpt lat="47.0624280" lon="5.1714180">
	<ele>179.30</ele>
	<time>1970-01-01T00:00:00.000Z</time>
</trkpt>
<trkpt lat="47.0624030" lon="5.1715830">
	<ele>179.30</ele>
	<time>1970-01-01T00:00:00.000Z</time>
</trkpt>
<trkpt lat="47.0621100" lon="5.1724020">
	<ele>179.80</ele>
	<time>1970-01-01T00:00:00.000Z</time>
</trkpt>
<trkpt lat="47.0619457" lon="5.1731833">
	<ele>180.80</ele>
	<time>1970-01-01T00:00:00.000Z</time>
</trkpt>
<trkpt lat="47.0618220" lon="5.1735670">
	<ele>181.40</ele>
	<time>1970-01-01T00:00:00.000Z</time>
</trkpt>
<trkpt lat="47.0617320" lon="5.1738000">
	<ele>181.40</ele>
	<time>1970-01-01T00:00:00.000Z</time>
</trkpt>
<trkpt lat="47.0613300" lon="5.1745800">
	<ele>181.20</ele>
	<time>1970-01-01T00:00:00.000Z</time>
</trkpt>
<trkpt lat="47.0612200" lon="5.1748900">
	<ele>180.80</ele>
	<time>1970-01-01T00:00:00.000Z</time>
</trkpt>
<trkpt lat="47.0610200" lon="5.1756500">
	<ele>180.40</ele>
	<time>1970-01-01T00:00:00.000Z</time>
</trkpt>
<trkpt lat="47.0608500" lon="5.1760600">
	<ele>179.90</ele>
	<time>1970-01-01T00:00:00.000Z</time>
</trkpt>
<trkpt lat="47.0612000" lon="5.1762600">
	<ele>179.90</ele>
	<time>1970-01-01T00:00:00.000Z</time>
</trkpt>
<trkpt lat="47.0616000" lon="5.1765900">
	<ele>180.00</ele>
	<time>1970-01-01T00:00:00.000Z</time>
</trkpt>
<trkpt lat="47.0616800" lon="5.1763200">
	<ele>180.20</ele>
	<time>1970-01-01T00:00:00.000Z</time>
</trkpt>
<trkpt lat="47.0621600" lon="5.1765700">
	<ele>180.20</ele>
	<time>1970-01-01T00:00:00.000Z</time>
</trkpt>
<trkpt lat="47.0622900" lon="5.1763600">
	<ele>180.50</ele>
	<time>1970-01-01T00:00:00.000Z</time>
</trkpt>
<trkpt lat="47.0623000" lon="5.1762100">
	<ele>180.70</ele>
	<time>1970-01-01T00:00:00.000Z</time>
</trkpt>
<trkpt lat="47.0625100" lon="5.1758900">
	<ele>180.80</ele>
	<time>1970-01-01T00:00:00.000Z</time>
</trkpt>
<trkpt lat="47.0626500" lon="5.1758300">
	<ele>180.80</ele>
	<time>1970-01-01T00:00:00.000Z</time>
</trkpt>
<trkpt lat="47.0627700" lon="5.1759100">
	<ele>180.60</ele>
	<time>1970-01-01T00:00:00.000Z</time>
</trkpt>
<trkpt lat="47.0629700" lon="5.1759800">
	<ele>180.30</ele>
	<time>1970-01-01T00:00:00.000Z</time>
</trkpt>
<trkpt lat="47.0631000" lon="5.1759800">
	<ele>180.30</ele>
	<time>1970-01-01T00:00:00.000Z</time>
</trkpt>
<trkpt lat="47.0632830" lon="5.1760730">
	<ele>180.00</ele>
	<time>1970-01-01T00:00:00.000Z</time>
</trkpt>
<trkpt lat="47.0633274" lon="5.1764963">
	<ele>178.60</ele>
	<time>1970-01-01T00:00:00.000Z</time>
</trkpt>
<trkpt lat="47.0645270" lon="5.1844330">
	<ele>176.90</ele>
	<time>1970-01-01T00:00:00.000Z</time>
</trkpt>
<trkpt lat="47.0646030" lon="5.1853630">
	<ele>175.90</ele>
	<time>1970-01-01T00:00:00.000Z</time>
</trkpt>
<trkpt lat="47.0644645" lon="5.1880169">
	<ele>176.80</ele>
	<time>1970-01-01T00:00:00.000Z</time>
</trkpt>
<trkpt lat="47.0642230" lon="5.1893380">
	<ele>177.30</ele>
	<time>1970-01-01T00:00:00.000Z</time>
</trkpt>
<trkpt lat="47.0638070" lon="5.1912030">
	<ele>179.80</ele>
	<time>1970-01-01T00:00:00.000Z</time>
</trkpt>
<trkpt lat="47.0637170" lon="5.1920270">
	<ele>179.90</ele>
	<time>1970-01-01T00:00:00.000Z</time>
</trkpt>
<trkpt lat="47.0636750" lon="5.1929870">
	<ele>179.40</ele>
	<time>1970-01-01T00:00:00.000Z</time>
</trkpt>
<trkpt lat="47.0636420" lon="5.1940220">
	<ele>179.10</ele>
	<time>1970-01-01T00:00:00.000Z</time>
</trkpt>
<trkpt lat="47.0636700" lon="5.1947170">
	<ele>177.50</ele>
	<time>1970-01-01T00:00:00.000Z</time>
</trkpt>
<trkpt lat="47.0636270" lon="5.1948730">
	<ele>175.90</ele>
	<time>1970-01-01T00:00:00.000Z</time>
</trkpt>
<trkpt lat="47.0634630" lon="5.1948100">
	<ele>176.40</ele>
	<time>1970-01-01T00:00:00.000Z</time>
</trkpt>
<trkpt lat="47.0631400" lon="5.1945130">
	<ele>177.10</ele>
	<time>1970-01-01T00:00:00.000Z</time>
</trkpt>
<trkpt lat="47.0584380" lon="5.1899330">
	<ele>175.60</ele>
	<time>1970-01-01T00:00:00.000Z</time>
</trkpt>
<trkpt lat="47.0552380" lon="5.1866200">
	<ele>175.80</ele>
	<time>1970-01-01T00:00:00.000Z</time>
</trkpt>
<trkpt lat="47.0551420" lon="5.1863750">
	<ele>176.40</ele>
	<time>1970-01-01T00:00:00.000Z</time>
</trkpt>
<trkpt lat="47.0552530" lon="5.1860570">
	<ele>178.40</ele>
	<time>1970-01-01T00:00:00.000Z</time>
</trkpt>
<trkpt lat="47.0558171" lon="5.1850213">
	<ele>178.30</ele>
	<time>1970-01-01T00:00:00.000Z</time>
</trkpt>
<trkpt lat="47.0557230" lon="5.1849450">
	<ele>178.10</ele>
	<time>1970-01-01T00:00:00.000Z</time>
</trkpt>
<trkpt lat="47.0527380" lon="5.1882380">
	<ele>180.60</ele>
	<time>1970-01-01T00:00:00.000Z</time>
</trkpt>
<trkpt lat="47.0524169" lon="5.1887020">
	<ele>181.50</ele>
	<time>1970-01-01T00:00:00.000Z</time>
</trkpt>
<trkpt lat="47.0534434" lon="5.1882904">
	<ele>179.60</ele>
	<time>1970-01-01T00:00:00.000Z</time>
</trkpt>
<trkpt lat="47.0545592" lon="5.1872547">
	<ele>175.30</ele>
	<time>1970-01-01T00:00:00.000Z</time>
</trkpt>
<trkpt lat="47.0547192" lon="5.1872734">
	<ele>174.50</ele>
	<time>1970-01-01T00:00:00.000Z</time>
</trkpt>
<trkpt lat="47.0591370" lon="5.1917020">
	<ele>176.10</ele>
	<time>1970-01-01T00:00:00.000Z</time>
</trkpt>
<trkpt lat="47.0617904" lon="5.1940969">
	<ele>175.10</ele>
	<time>1970-01-01T00:00:00.000Z</time>
</trkpt>
<trkpt lat="47.0683916" lon="5.2006532">
	<ele>175.20</ele>
	<time>1970-01-01T00:00:00.000Z</time>
</trkpt>
<trkpt lat="47.0714848" lon="5.2036420">
	<ele>175.10</ele>
	<time>1970-01-01T00:00:00.000Z</time>
</trkpt>
<trkpt lat="47.0719246" lon="5.2041534">
	<ele>175.50</ele>
	<time>1970-01-01T00:00:00.000Z</time>
</trkpt>
<trkpt lat="47.0749120" lon="5.2071330">
	<ele>175.00</ele>
	<time>1970-01-01T00:00:00.000Z</time>
</trkpt>
<trkpt lat="47.0757730" lon="5.2083570">
	<ele>175.10</ele>
	<time>1970-01-01T00:00:00.000Z</time>
</trkpt>
<trkpt lat="47.0760500" lon="5.2090820">
	<ele>175.10</ele>
	<time>1970-01-01T00:00:00.000Z</time>
</trkpt>
<trkpt lat="47.0764880" lon="5.2104500">
	<ele>176.80</ele>
	<time>1970-01-01T00:00:00.000Z</time>
</trkpt>
<trkpt lat="47.0782880" lon="5.2131470">
	<ele>175.60</ele>
	<time>1970-01-01T00:00:00.000Z</time>
</trkpt>
<trkpt lat="47.0785880" lon="5.2137170">
	<ele>175.60</ele>
	<time>1970-01-01T00:00:00.000Z</time>
</trkpt>
<trkpt lat="47.0788430" lon="5.2144700">
	<ele>175.20</ele>
	<time>1970-01-01T00:00:00.000Z</time>
</trkpt>
<trkpt lat="47.0789570" lon="5.2149580">
	<ele>175.10</ele>
	<time>1970-01-01T00:00:00.000Z</time>
</trkpt>
<trkpt lat="47.0790835" lon="5.2160070">
	<ele>175.80</ele>
	<time>1970-01-01T00:00:00.000Z</time>
</trkpt>
<trkpt lat="47.0791180" lon="5.2180080">
	<ele>175.60</ele>
	<time>1970-01-01T00:00:00.000Z</time>
</trkpt>
<trkpt lat="47.0791700" lon="5.2190250">
	<ele>176.00</ele>
	<time>1970-01-01T00:00:00.000Z</time>
</trkpt>
<trkpt lat="47.0793900" lon="5.2204130">
	<ele>176.20</ele>
	<time>1970-01-01T00:00:00.000Z</time>
</trkpt>
<trkpt lat="47.0796135" lon="5.2214746">
	<ele>175.70</ele>
	<time>1970-01-01T00:00:00.000Z</time>
</trkpt>
<trkpt lat="47.0803205" lon="5.2236743">
	<ele>175.80</ele>
	<time>1970-01-01T00:00:00.000Z</time>
</trkpt>
<trkpt lat="47.0807312" lon="5.2243938">
	<ele>175.60</ele>
	<time>1970-01-01T00:00:00.000Z</time>
</trkpt>
<trkpt lat="47.0811391" lon="5.2252178">
	<ele>175.40</ele>
	<time>1970-01-01T00:00:00.000Z</time>
</trkpt>
<trkpt lat="47.0820529" lon="5.2267663">
	<ele>175.00</ele>
	<time>1970-01-01T00:00:00.000Z</time>
</trkpt>
<trkpt lat="47.0823070" lon="5.2272650">
	<ele>175.10</ele>
	<time>1970-01-01T00:00:00.000Z</time>
</trkpt>
<trkpt lat="47.0825588" lon="5.2274908">
	<ele>175.10</ele>
	<time>1970-01-01T00:00:00.000Z</time>
</trkpt>
<trkpt lat="47.0829976" lon="5.2280375">
	<ele>175.80</ele>
	<time>1970-01-01T00:00:00.000Z</time>
</trkpt>
<trkpt lat="47.0838549" lon="5.2289903">
	<ele>178.00</ele>
	<time>1970-01-01T00:00:00.000Z</time>
</trkpt>
<trkpt lat="47.0850628" lon="5.2302062">
	<ele>176.30</ele>
	<time>1970-01-01T00:00:00.000Z</time>
</trkpt>
<trkpt lat="47.0853818" lon="5.2307813">
	<ele>175.10</ele>
	<time>1970-01-01T00:00:00.000Z</time>
</trkpt>
<trkpt lat="47.0855343" lon="5.2313474">
	<ele>175.10</ele>
	<time>1970-01-01T00:00:00.000Z</time>
</trkpt>
<trkpt lat="47.0855863" lon="5.2321174">
	<ele>175.00</ele>
	<time>1970-01-01T00:00:00.000Z</time>
</trkpt>
<trkpt lat="47.0855512" lon="5.2325689">
	<ele>175.00</ele>
	<time>1970-01-01T00:00:00.000Z</time>
</trkpt>
<trkpt lat="47.0854550" lon="5.2330220">
	<ele>175.40</ele>
	<time>1970-01-01T00:00:00.000Z</time>
</trkpt>
<trkpt lat="47.0852375" lon="5.2333885">
	<ele>176.30</ele>
	<time>1970-01-01T00:00:00.000Z</time>
</trkpt>
<trkpt lat="47.0850197" lon="5.2338781">
	<ele>176.00</ele>
	<time>1970-01-01T00:00:00.000Z</time>
</trkpt>
<trkpt lat="47.0845780" lon="5.2346530">
	<ele>176.20</ele>
	<time>1970-01-01T00:00:00.000Z</time>
</trkpt>
<trkpt lat="47.0842854" lon="5.2349412">
	<ele>176.80</ele>
	<time>1970-01-01T00:00:00.000Z</time>
</trkpt>
<trkpt lat="47.0839730" lon="5.2353850">
	<ele>175.90</ele>
	<time>1970-01-01T00:00:00.000Z</time>
</trkpt>
<trkpt lat="47.0836058" lon="5.2356396">
	<ele>176.50</ele>
	<time>1970-01-01T00:00:00.000Z</time>
</trkpt>
<trkpt lat="47.0828893" lon="5.2369041">
	<ele>176.00</ele>
	<time>1970-01-01T00:00:00.000Z</time>
</trkpt>
<trkpt lat="47.0820730" lon="5.2381800">
	<ele>176.80</ele>
	<time>1970-01-01T00:00:00.000Z</time>
</trkpt>
<trkpt lat="47.0815024" lon="5.2394020">
	<ele>175.20</ele>
	<time>1970-01-01T00:00:00.000Z</time>
</trkpt>
<trkpt lat="47.0813690" lon="5.2401634">
	<ele>175.60</ele>
	<time>1970-01-01T00:00:00.000Z</time>
</trkpt>
<trkpt lat="47.0813336" lon="5.2406627">
	<ele>175.10</ele>
	<time>1970-01-01T00:00:00.000Z</time>
</trkpt>
<trkpt lat="47.0813396" lon="5.2413313">
	<ele>175.10</ele>
	<time>1970-01-01T00:00:00.000Z</time>
</trkpt>
<trkpt lat="47.0814401" lon="5.2418714">
	<ele>175.00</ele>
	<time>1970-01-01T00:00:00.000Z</time>
</trkpt>
<trkpt lat="47.0815465" lon="5.2430801">
	<ele>175.10</ele>
	<time>1970-01-01T00:00:00.000Z</time>
</trkpt>
<trkpt lat="47.0817289" lon="5.2439920">
	<ele>175.70</ele>
	<time>1970-01-01T00:00:00.000Z</time>
</trkpt>
<trkpt lat="47.0822936" lon="5.2451254">
	<ele>176.90</ele>
	<time>1970-01-01T00:00:00.000Z</time>
</trkpt>
<trkpt lat="47.0829530" lon="5.2459180">
	<ele>177.20</ele>
	<time>1970-01-01T00:00:00.000Z</time>
</trkpt>
<trkpt lat="47.0831026" lon="5.2463531">
	<ele>179.20</ele>
	<time>1970-01-01T00:00:00.000Z</time>
</trkpt>
<trkpt lat="47.0840893" lon="5.2478363">
	<ele>179.90</ele>
	<time>1970-01-01T00:00:00.000Z</time>
</trkpt>
<trkpt lat="47.0846681" lon="5.2484955">
	<ele>180.20</ele>
	<time>1970-01-01T00:00:00.000Z</time>
</trkpt>
<trkpt lat="47.0863709" lon="5.2508544">
	<ele>180.20</ele>
	<time>1970-01-01T00:00:00.000Z</time>
</trkpt>
<trkpt lat="47.0867575" lon="5.2515729">
	<ele>179.80</ele>
	<time>1970-01-01T00:00:00.000Z</time>
</trkpt>
<trkpt lat="47.0871150" lon="5.2526080">
	<ele>180.70</ele>
	<time>1970-01-01T00:00:00.000Z</time>
</trkpt>
<trkpt lat="47.0873318" lon="5.2533477">
	<ele>182.40</ele>
	<time>1970-01-01T00:00:00.000Z</time>
</trkpt>
<trkpt lat="47.0874253" lon="5.2543090">
	<ele>182.70</ele>
	<time>1970-01-01T00:00:00.000Z</time>
</trkpt>
<trkpt lat="47.0864263" lon="5.2533683">
	<ele>180.50</ele>
	<time>1970-01-01T00:00:00.000Z</time>
</trkpt>
<trkpt lat="47.0861800" lon="5.2533630">
	<ele>180.10</ele>
	<time>1970-01-01T00:00:00.000Z</time>
</trkpt>
<trkpt lat="47.0861020" lon="5.2535070">
	<ele>180.10</ele>
	<time>1970-01-01T00:00:00.000Z</time>
</trkpt>
<trkpt lat="47.0861751" lon="5.2538776">
	<ele>180.40</ele>
	<time>1970-01-01T00:00:00.000Z</time>
</trkpt>
<trkpt lat="47.0865310" lon="5.2548734">
	<ele>181.10</ele>
	<time>1970-01-01T00:00:00.000Z</time>
</trkpt>
<trkpt lat="47.0868430" lon="5.2556150">
	<ele>181.60</ele>
	<time>1970-01-01T00:00:00.000Z</time>
</trkpt>
<trkpt lat="47.0873484" lon="5.2564522">
	<ele>181.30</ele>
	<time>1970-01-01T00:00:00.000Z</time>
</trkpt>
<trkpt lat="47.0877350" lon="5.2567720">
	<ele>180.70</ele>
	<time>1970-01-01T00:00:00.000Z</time>
</trkpt>
<trkpt lat="47.0880870" lon="5.2572530">
	<ele>180.20</ele>
	<time>1970-01-01T00:00:00.000Z</time>
</trkpt>
<trkpt lat="47.0887933" lon="5.2591041">
	<ele>180.50</ele>
	<time>1970-01-01T00:00:00.000Z</time>
</trkpt>
<trkpt lat="47.0891530" lon="5.2592880">
	<ele>179.90</ele>
	<time>1970-01-01T00:00:00.000Z</time>
</trkpt>
<trkpt lat="47.0918109" lon="5.2598686">
	<ele>177.90</ele>
	<time>1970-01-01T00:00:00.000Z</time>
</trkpt>
<trkpt lat="47.0981043" lon="5.2615370">
	<ele>181.20</ele>
	<time>1970-01-01T00:00:00.000Z</time>
</trkpt>
<trkpt lat="47.0998810" lon="5.2619128">
	<ele>176.80</ele>
	<time>1970-01-01T00:00:00.000Z</time>
</trkpt>
<trkpt lat="47.0998280" lon="5.2624400">
	<ele>176.10</ele>
	<time>1970-01-01T00:00:00.000Z</time>
</trkpt>
<trkpt lat="47.0998579" lon="5.2630703">
	<ele>176.20</ele>
	<time>1970-01-01T00:00:00.000Z</time>
</trkpt>
<trkpt lat="47.0994650" lon="5.2656170">
	<ele>177.00</ele>
	<time>1970-01-01T00:00:00.000Z</time>
</trkpt>
<trkpt lat="47.0993370" lon="5.2666930">
	<ele>179.20</ele>
	<time>1970-01-01T00:00:00.000Z</time>
</trkpt>
<trkpt lat="47.0993656" lon="5.2681284">
	<ele>178.30</ele>
	<time>1970-01-01T00:00:00.000Z</time>
</trkpt>
<trkpt lat="47.0995943" lon="5.2694314">
	<ele>178.80</ele>
	<time>1970-01-01T00:00:00.000Z</time>
</trkpt>
<trkpt lat="47.0998770" lon="5.2704934">
	<ele>178.70</ele>
	<time>1970-01-01T00:00:00.000Z</time>
</trkpt>
<trkpt lat="47.1001250" lon="5.2712670">
	<ele>178.80</ele>
	<time>1970-01-01T00:00:00.000Z</time>
</trkpt>
<trkpt lat="47.1005730" lon="5.2740195">
	<ele>176.60</ele>
	<time>1970-01-01T00:00:00.000Z</time>
</trkpt>
<trkpt lat="47.1006388" lon="5.2751743">
	<ele>176.50</ele>
	<time>1970-01-01T00:00:00.000Z</time>
</trkpt>
<trkpt lat="47.1008300" lon="5.2762750">
	<ele>176.10</ele>
	<time>1970-01-01T00:00:00.000Z</time>
</trkpt>
<trkpt lat="47.1010480" lon="5.2773220">
	<ele>176.70</ele>
	<time>1970-01-01T00:00:00.000Z</time>
</trkpt>
<trkpt lat="47.1012670" lon="5.2781920">
	<ele>176.10</ele>
	<time>1970-01-01T00:00:00.000Z</time>
</trkpt>
<trkpt lat="47.1017870" lon="5.2818320">
	<ele>176.80</ele>
	<time>1970-01-01T00:00:00.000Z</time>
</trkpt>
<trkpt lat="47.1020932" lon="5.2844279">
	<ele>177.70</ele>
	<time>1970-01-01T00:00:00.000Z</time>
</trkpt>
<trkpt lat="47.1022100" lon="5.2856320">
	<ele>176.30</ele>
	<time>1970-01-01T00:00:00.000Z</time>
</trkpt>
<trkpt lat="47.1022555" lon="5.2864601">
	<ele>176.10</ele>
	<time>1970-01-01T00:00:00.000Z</time>
</trkpt>
<trkpt lat="47.1021152" lon="5.2872895">
	<ele>176.70</ele>
	<time>1970-01-01T00:00:00.000Z</time>
</trkpt>
<trkpt lat="47.1020143" lon="5.2884351">
	<ele>176.30</ele>
	<time>1970-01-01T00:00:00.000Z</time>
</trkpt>
<trkpt lat="47.1016380" lon="5.2912000">
	<ele>176.30</ele>
	<time>1970-01-01T00:00:00.000Z</time>
</trkpt>
<trkpt lat="47.1014771" lon="5.2926613">
	<ele>176.90</ele>
	<time>1970-01-01T00:00:00.000Z</time>
</trkpt>
<trkpt lat="47.1013991" lon="5.2938429">
	<ele>176.40</ele>
	<time>1970-01-01T00:00:00.000Z</time>
</trkpt>
<trkpt lat="47.1013889" lon="5.2951679">
	<ele>177.20</ele>
	<time>1970-01-01T00:00:00.000Z</time>
</trkpt>
<trkpt lat="47.1014181" lon="5.2968089">
	<ele>179.80</ele>
	<time>1970-01-01T00:00:00.000Z</time>
</trkpt>
<trkpt lat="47.1015569" lon="5.2978980">
	<ele>182.10</ele>
	<time>1970-01-01T00:00:00.000Z</time>
</trkpt>
<trkpt lat="47.1017768" lon="5.2986078">
	<ele>181.80</ele>
	<time>1970-01-01T00:00:00.000Z</time>
</trkpt>
<trkpt lat="47.1024570" lon="5.3000850">
	<ele>178.60</ele>
	<time>1970-01-01T00:00:00.000Z</time>
</trkpt>
<trkpt lat="47.1028980" lon="5.3007170">
	<ele>177.90</ele>
	<time>1970-01-01T00:00:00.000Z</time>
</trkpt>
<trkpt lat="47.1038270" lon="5.3018700">
	<ele>176.50</ele>
	<time>1970-01-01T00:00:00.000Z</time>
</trkpt>
<trkpt lat="47.1050670" lon="5.3030030">
	<ele>176.30</ele>
	<time>1970-01-01T00:00:00.000Z</time>
</trkpt>
<trkpt lat="47.1053180" lon="5.3033520">
	<ele>176.50</ele>
	<time>1970-01-01T00:00:00.000Z</time>
</trkpt>
<trkpt lat="47.1056130" lon="5.3038850">
	<ele>176.80</ele>
	<time>1970-01-01T00:00:00.000Z</time>
</trkpt>
<trkpt lat="47.1062700" lon="5.3053050">
	<ele>177.60</ele>
	<time>1970-01-01T00:00:00.000Z</time>
</trkpt>
<trkpt lat="47.1065770" lon="5.3061270">
	<ele>176.10</ele>
	<time>1970-01-01T00:00:00.000Z</time>
</trkpt>
<trkpt lat="47.1067150" lon="5.3066400">
	<ele>176.50</ele>
	<time>1970-01-01T00:00:00.000Z</time>
</trkpt>
<trkpt lat="47.1070981" lon="5.3083906">
	<ele>178.30</ele>
	<time>1970-01-01T00:00:00.000Z</time>
</trkpt>
<trkpt lat="47.1072901" lon="5.3101803">
	<ele>176.30</ele>
	<time>1970-01-01T00:00:00.000Z</time>
</trkpt>
<trkpt lat="47.1074412" lon="5.3107818">
	<ele>176.60</ele>
	<time>1970-01-01T00:00:00.000Z</time>
</trkpt>
<trkpt lat="47.1074955" lon="5.3114477">
	<ele>177.50</ele>
	<time>1970-01-01T00:00:00.000Z</time>
</trkpt>
<trkpt lat="47.1076458" lon="5.3120840">
	<ele>176.80</ele>
	<time>1970-01-01T00:00:00.000Z</time>
</trkpt>
<trkpt lat="47.1076561" lon="5.3126079">
	<ele>177.90</ele>
	<time>1970-01-01T00:00:00.000Z</time>
</trkpt>
<trkpt lat="47.1075273" lon="5.3129845">
	<ele>179.60</ele>
	<time>1970-01-01T00:00:00.000Z</time>
</trkpt>
<trkpt lat="47.1078568" lon="5.3133520">
	<ele>177.50</ele>
	<time>1970-01-01T00:00:00.000Z</time>
</trkpt>
<trkpt lat="47.1078611" lon="5.3135364">
	<ele>177.40</ele>
	<time>1970-01-01T00:00:00.000Z</time>
</trkpt>
<trkpt lat="47.1077074" lon="5.3137944">
	<ele>178.50</ele>
	<time>1970-01-01T00:00:00.000Z</time>
</trkpt>
<trkpt lat="47.1075020" lon="5.3144291">
	<ele>178.40</ele>
	<time>1970-01-01T00:00:00.000Z</time>
</trkpt>
<trkpt lat="47.1073775" lon="5.3146376">
	<ele>178.30</ele>
	<time>1970-01-01T00:00:00.000Z</time>
</trkpt>
<trkpt lat="47.1070213" lon="5.3151510">
	<ele>179.10</ele>
	<time>1970-01-01T00:00:00.000Z</time>
</trkpt>
<trkpt lat="47.1064917" lon="5.3155932">
	<ele>181.30</ele>
	<time>1970-01-01T00:00:00.000Z</time>
</trkpt>
<trkpt lat="47.1055527" lon="5.3159000">
	<ele>181.60</ele>
	<time>1970-01-01T00:00:00.000Z</time>
</trkpt>
<trkpt lat="47.1049053" lon="5.3160280">
	<ele>182.00</ele>
	<time>1970-01-01T00:00:00.000Z</time>
</trkpt>
<trkpt lat="47.1045784" lon="5.3162150">
	<ele>182.20</ele>
	<time>1970-01-01T00:00:00.000Z</time>
</trkpt>
<trkpt lat="47.1041845" lon="5.3162853">
	<ele>182.90</ele>
	<time>1970-01-01T00:00:00.000Z</time>
</trkpt>
<trkpt lat="47.1032957" lon="5.3165435">
	<ele>182.00</ele>
	<time>1970-01-01T00:00:00.000Z</time>
</trkpt>
<trkpt lat="47.1025152" lon="5.3166745">
	<ele>183.30</ele>
	<time>1970-01-01T00:00:00.000Z</time>
</trkpt>
<trkpt lat="47.1018304" lon="5.3166263">
	<ele>184.20</ele>
	<time>1970-01-01T00:00:00.000Z</time>
</trkpt>
<trkpt lat="47.1016183" lon="5.3167068">
	<ele>184.40</ele>
	<time>1970-01-01T00:00:00.000Z</time>
</trkpt>
<trkpt lat="47.1013688" lon="5.3168774">
	<ele>184.30</ele>
	<time>1970-01-01T00:00:00.000Z</time>
</trkpt>
<trkpt lat="47.1011890" lon="5.3170623">
	<ele>184.20</ele>
	<time>1970-01-01T00:00:00.000Z</time>
</trkpt>
<trkpt lat="47.1003537" lon="5.3184984">
	<ele>183.30</ele>
	<time>1970-01-01T00:00:00.000Z</time>
</trkpt>
<trkpt lat="47.0999751" lon="5.3190618">
	<ele>184.40</ele>
	<time>1970-01-01T00:00:00.000Z</time>
</trkpt>
<trkpt lat="47.0996930" lon="5.3196816">
	<ele>185.70</ele>
	<time>1970-01-01T00:00:00.000Z</time>
</trkpt>
<trkpt lat="47.0995553" lon="5.3198586">
	<ele>185.90</ele>
	<time>1970-01-01T00:00:00.000Z</time>
</trkpt>
<trkpt lat="47.0994054" lon="5.3199732">
	<ele>186.50</ele>
	<time>1970-01-01T00:00:00.000Z</time>
</trkpt>
<trkpt lat="47.0987313" lon="5.3200486">
	<ele>187.70</ele>
	<time>1970-01-01T00:00:00.000Z</time>
</trkpt>
<trkpt lat="47.0984991" lon="5.3200971">
	<ele>188.90</ele>
	<time>1970-01-01T00:00:00.000Z</time>
</trkpt>
<trkpt lat="47.0982721" lon="5.3202077">
	<ele>189.60</ele>
	<time>1970-01-01T00:00:00.000Z</time>
</trkpt>
<trkpt lat="47.0980635" lon="5.3204216">
	<ele>189.10</ele>
	<time>1970-01-01T00:00:00.000Z</time>
</trkpt>
<trkpt lat="47.0978459" lon="5.3207170">
	<ele>190.70</ele>
	<time>1970-01-01T00:00:00.000Z</time>
</trkpt>
<trkpt lat="47.0976111" lon="5.3211346">
	<ele>189.60</ele>
	<time>1970-01-01T00:00:00.000Z</time>
</trkpt>
<trkpt lat="47.0971943" lon="5.3220854">
	<ele>191.20</ele>
	<time>1970-01-01T00:00:00.000Z</time>
</trkpt>
<trkpt lat="47.0967855" lon="5.3235388">
	<ele>190.40</ele>
	<time>1970-01-01T00:00:00.000Z</time>
</trkpt>
<trkpt lat="47.0967491" lon="5.3238650">
	<ele>190.70</ele>
	<time>1970-01-01T00:00:00.000Z</time>
</trkpt>
<trkpt lat="47.0968630" lon="5.3245991">
	<ele>191.60</ele>
	<time>1970-01-01T00:00:00.000Z</time>
</trkpt>
<trkpt lat="47.0968649" lon="5.3247941">
	<ele>191.60</ele>
	<time>1970-01-01T00:00:00.000Z</time>
</trkpt>
<trkpt lat="47.0968031" lon="5.3250161">
	<ele>191.40</ele>
	<time>1970-01-01T00:00:00.000Z</time>
</trkpt>
<trkpt lat="47.0965728" lon="5.3253949">
	<ele>190.50</ele>
	<time>1970-01-01T00:00:00.000Z</time>
</trkpt>
<trkpt lat="47.0964308" lon="5.3254690">
	<ele>190.20</ele>
	<time>1970-01-01T00:00:00.000Z</time>
</trkpt>
<trkpt lat="47.0962271" lon="5.3254986">
	<ele>189.80</ele>
	<time>1970-01-01T00:00:00.000Z</time>
</trkpt>
<trkpt lat="47.0957952" lon="5.3254131">
	<ele>189.20</ele>
	<time>1970-01-01T00:00:00.000Z</time>
</trkpt>
<trkpt lat="47.0941201" lon="5.3252173">
	<ele>185.80</ele>
	<time>1970-01-01T00:00:00.000Z</time>
</trkpt>
<trkpt lat="47.0931976" lon="5.3251556">
	<ele>185.70</ele>
	<time>1970-01-01T00:00:00.000Z</time>
</trkpt>
<trkpt lat="47.0930422" lon="5.3252085">
	<ele>185.70</ele>
	<time>1970-01-01T00:00:00.000Z</time>
</trkpt>
<trkpt lat="47.0922104" lon="5.3256952">
	<ele>186.00</ele>
	<time>1970-01-01T00:00:00.000Z</time>
</trkpt>
<trkpt lat="47.0918307" lon="5.3260329">
	<ele>185.80</ele>
	<time>1970-01-01T00:00:00.000Z</time>
</trkpt>
<trkpt lat="47.0913231" lon="5.3267016">
	<ele>186.70</ele>
	<time>1970-01-01T00:00:00.000Z</time>
</trkpt>
<trkpt lat="47.0912414" lon="5.3268817">
	<ele>186.70</ele>
	<time>1970-01-01T00:00:00.000Z</time>
</trkpt>
<trkpt lat="47.0910901" lon="5.3270475">
	<ele>186.60</ele>
	<time>1970-01-01T00:00:00.000Z</time>
</trkpt>
<trkpt lat="47.0898068" lon="5.3279396">
	<ele>186.60</ele>
	<time>1970-01-01T00:00:00.000Z</time>
</trkpt>
<trkpt lat="47.0890871" lon="5.3282889">
	<ele>188.90</ele>
	<time>1970-01-01T00:00:00.000Z</time>
</trkpt>
<trkpt lat="47.0888720" lon="5.3284819">
	<ele>188.60</ele>
	<time>1970-01-01T00:00:00.000Z</time>
</trkpt>
<trkpt lat="47.0886831" lon="5.3287482">
	<ele>188.90</ele>
	<time>1970-01-01T00:00:00.000Z</time>
</trkpt>
<trkpt lat="47.0885419" lon="5.3290580">
	<ele>189.00</ele>
	<time>1970-01-01T00:00:00.000Z</time>
</trkpt>
<trkpt lat="47.0884131" lon="5.3297069">
	<ele>188.30</ele>
	<time>1970-01-01T00:00:00.000Z</time>
</trkpt>
<trkpt lat="47.0883312" lon="5.3312399">
	<ele>189.40</ele>
	<time>1970-01-01T00:00:00.000Z</time>
</trkpt>
<trkpt lat="47.0882238" lon="5.3345551">
	<ele>190.10</ele>
	<time>1970-01-01T00:00:00.000Z</time>
</trkpt>
<trkpt lat="47.0881023" lon="5.3354606">
	<ele>189.40</ele>
	<time>1970-01-01T00:00:00.000Z</time>
</trkpt>
<trkpt lat="47.0879865" lon="5.3358743">
	<ele>188.10</ele>
	<time>1970-01-01T00:00:00.000Z</time>
</trkpt>
<trkpt lat="47.0872356" lon="5.3375544">
	<ele>187.80</ele>
	<time>1970-01-01T00:00:00.000Z</time>
</trkpt>
<trkpt lat="47.0871278" lon="5.3379277">
	<ele>188.00</ele>
	<time>1970-01-01T00:00:00.000Z</time>
</trkpt>
<trkpt lat="47.0863431" lon="5.3425085">
	<ele>189.70</ele>
	<time>1970-01-01T00:00:00.000Z</time>
</trkpt>
<trkpt lat="47.0862079" lon="5.3428597">
	<ele>188.60</ele>
	<time>1970-01-01T00:00:00.000Z</time>
</trkpt>
<trkpt lat="47.0861948" lon="5.3433612">
	<ele>187.90</ele>
	<time>1970-01-01T00:00:00.000Z</time>
</trkpt>
<trkpt lat="47.0841631" lon="5.3549095">
	<ele>186.80</ele>
	<time>1970-01-01T00:00:00.000Z</time>
</trkpt>
<trkpt lat="47.0839414" lon="5.3561557">
	<ele>186.70</ele>
	<time>1970-01-01T00:00:00.000Z</time>
</trkpt>
<trkpt lat="47.0836195" lon="5.3576687">
	<ele>185.90</ele>
	<time>1970-01-01T00:00:00.000Z</time>
</trkpt>
<trkpt lat="47.0833231" lon="5.3580705">
	<ele>185.90</ele>
	<time>1970-01-01T00:00:00.000Z</time>
</trkpt>
<trkpt lat="47.0736884" lon="5.3639447">
	<ele>193.50</ele>
	<time>1970-01-01T00:00:00.000Z</time>
</trkpt>
<trkpt lat="47.0734253" lon="5.3641650">
	<ele>193.70</ele>
	<time>1970-01-01T00:00:00.000Z</time>
</trkpt>
<trkpt lat="47.0732979" lon="5.3644018">
	<ele>193.60</ele>
	<time>1970-01-01T00:00:00.000Z</time>
</trkpt>
<trkpt lat="47.0713159" lon="5.3700020">
	<ele>187.70</ele>
	<time>1970-01-01T00:00:00.000Z</time>
</trkpt>
<trkpt lat="47.0731359" lon="5.3712989">
	<ele>195.20</ele>
	<time>1970-01-01T00:00:00.000Z</time>
</trkpt>
<trkpt lat="47.0739493" lon="5.3724497">
	<ele>194.30</ele>
	<time>1970-01-01T00:00:00.000Z</time>
</trkpt>
<trkpt lat="47.0742695" lon="5.3733159">
	<ele>193.90</ele>
	<time>1970-01-01T00:00:00.000Z</time>
</trkpt>
<trkpt lat="47.0744441" lon="5.3739558">
	<ele>193.50</ele>
	<time>1970-01-01T00:00:00.000Z</time>
</trkpt>
<trkpt lat="47.0750318" lon="5.3791495">
	<ele>189.80</ele>
	<time>1970-01-01T00:00:00.000Z</time>
</trkpt>
<trkpt lat="47.0751468" lon="5.3808589">
	<ele>192.50</ele>
	<time>1970-01-01T00:00:00.000Z</time>
</trkpt>
<trkpt lat="47.0755466" lon="5.3842302">
	<ele>190.20</ele>
	<time>1970-01-01T00:00:00.000Z</time>
</trkpt>
<trkpt lat="47.0760182" lon="5.3875262">
	<ele>189.00</ele>
	<time>1970-01-01T00:00:00.000Z</time>
</trkpt>
<trkpt lat="47.0761277" lon="5.3879118">
	<ele>189.20</ele>
	<time>1970-01-01T00:00:00.000Z</time>
</trkpt>
<trkpt lat="47.0774686" lon="5.3911600">
	<ele>194.80</ele>
	<time>1970-01-01T00:00:00.000Z</time>
</trkpt>
<trkpt lat="47.0753684" lon="5.4080374">
	<ele>202.20</ele>
	<time>1970-01-01T00:00:00.000Z</time>
</trkpt>
<trkpt lat="47.0747224" lon="5.4092220">
	<ele>201.40</ele>
	<time>1970-01-01T00:00:00.000Z</time>
</trkpt>
<trkpt lat="47.0746116" lon="5.4095252">
	<ele>200.60</ele>
	<time>1970-01-01T00:00:00.000Z</time>
</trkpt>
<trkpt lat="47.0744765" lon="5.4102920">
	<ele>200.90</ele>
	<time>1970-01-01T00:00:00.000Z</time>
</trkpt>
<trkpt lat="47.0754302" lon="5.4113273">
	<ele>202.40</ele>
	<time>1970-01-01T00:00:00.000Z</time>
</trkpt>
<trkpt lat="47.0755155" lon="5.4115132">
	<ele>202.40</ele>
	<time>1970-01-01T00:00:00.000Z</time>
</trkpt>
<trkpt lat="47.0752695" lon="5.4122491">
	<ele>205.50</ele>
	<time>1970-01-01T00:00:00.000Z</time>
</trkpt>
<trkpt lat="47.0748665" lon="5.4126571">
	<ele>207.60</ele>
	<time>1970-01-01T00:00:00.000Z</time>
</trkpt>
<trkpt lat="47.0738599" lon="5.4132269">
	<ele>210.00</ele>
	<time>1970-01-01T00:00:00.000Z</time>
</trkpt>
<trkpt lat="47.0736040" lon="5.4132478">
	<ele>210.00</ele>
	<time>1970-01-01T00:00:00.000Z</time>
</trkpt>
<trkpt lat="47.0722143" lon="5.4124125">
	<ele>205.80</ele>
	<time>1970-01-01T00:00:00.000Z</time>
</trkpt>
<trkpt lat="47.0718532" lon="5.4122794">
	<ele>205.10</ele>
	<time>1970-01-01T00:00:00.000Z</time>
</trkpt>
<trkpt lat="47.0714259" lon="5.4124062">
	<ele>205.80</ele>
	<time>1970-01-01T00:00:00.000Z</time>
</trkpt>
<trkpt lat="47.0698376" lon="5.4131912">
	<ele>208.90</ele>
	<time>1970-01-01T00:00:00.000Z</time>
</trkpt>
<trkpt lat="47.0686433" lon="5.4138360">
	<ele>210.50</ele>
	<time>1970-01-01T00:00:00.000Z</time>
</trkpt>
<trkpt lat="47.0675372" lon="5.4143757">
	<ele>212.00</ele>
	<time>1970-01-01T00:00:00.000Z</time>
</trkpt>
<trkpt lat="47.0673751" lon="5.4145482">
	<ele>211.70</ele>
	<time>1970-01-01T00:00:00.000Z</time>
</trkpt>
<trkpt lat="47.0671303" lon="5.4145613">
	<ele>211.00</ele>
	<time>1970-01-01T00:00:00.000Z</time>
</trkpt>
<trkpt lat="47.0643538" lon="5.4157874">
	<ele>212.70</ele>
	<time>1970-01-01T00:00:00.000Z</time>
</trkpt>
<trkpt lat="47.0637263" lon="5.4160186">
	<ele>212.10</ele>
	<time>1970-01-01T00:00:00.000Z</time>
</trkpt>
<trkpt lat="47.0632538" lon="5.4159071">
	<ele>209.80</ele>
	<time>1970-01-01T00:00:00.000Z</time>
</trkpt>
<trkpt lat="47.0628851" lon="5.4155962">
	<ele>207.50</ele>
	<time>1970-01-01T00:00:00.000Z</time>
</trkpt>
<trkpt lat="47.0620544" lon="5.4143968">
	<ele>204.90</ele>
	<time>1970-01-01T00:00:00.000Z</time>
</trkpt>
<trkpt lat="47.0616283" lon="5.4138755">
	<ele>202.90</ele>
	<time>1970-01-01T00:00:00.000Z</time>
</trkpt>
<trkpt lat="47.0598608" lon="5.4126977">
	<ele>197.00</ele>
	<time>1970-01-01T00:00:00.000Z</time>
</trkpt>
<trkpt lat="47.0593679" lon="5.4126358">
	<ele>196.60</ele>
	<time>1970-01-01T00:00:00.000Z</time>
</trkpt>
<trkpt lat="47.0593525" lon="5.4133699">
	<ele>196.70</ele>
	<time>1970-01-01T00:00:00.000Z</time>
</trkpt>
<trkpt lat="47.0593952" lon="5.4138070">
	<ele>196.70</ele>
	<time>1970-01-01T00:00:00.000Z</time>
</trkpt>
<trkpt lat="47.0594003" lon="5.4142873">
	<ele>196.70</ele>
	<time>1970-01-01T00:00:00.000Z</time>
</trkpt>
<trkpt lat="47.0594516" lon="5.4229498">
	<ele>197.70</ele>
	<time>1970-01-01T00:00:00.000Z</time>
</trkpt>
<trkpt lat="47.0594152" lon="5.4267508">
	<ele>193.40</ele>
	<time>1970-01-01T00:00:00.000Z</time>
</trkpt>
<trkpt lat="47.0596759" lon="5.4267626">
	<ele>194.00</ele>
	<time>1970-01-01T00:00:00.000Z</time>
</trkpt>
<trkpt lat="47.0596711" lon="5.4291153">
	<ele>196.00</ele>
	<time>1970-01-01T00:00:00.000Z</time>
</trkpt>
<trkpt lat="47.0596307" lon="5.4294275">
	<ele>195.50</ele>
	<time>1970-01-01T00:00:00.000Z</time>
</trkpt>
<trkpt lat="47.0596362" lon="5.4296535">
	<ele>195.90</ele>
	<time>1970-01-01T00:00:00.000Z</time>
</trkpt>
<trkpt lat="47.0596914" lon="5.4299910">
	<ele>195.60</ele>
	<time>1970-01-01T00:00:00.000Z</time>
</trkpt>
<trkpt lat="47.0597056" lon="5.4363537">
	<ele>194.50</ele>
	<time>1970-01-01T00:00:00.000Z</time>
</trkpt>
<trkpt lat="47.0597444" lon="5.4375190">
	<ele>196.30</ele>
	<time>1970-01-01T00:00:00.000Z</time>
</trkpt>
<trkpt lat="47.0596267" lon="5.4379768">
	<ele>195.40</ele>
	<time>1970-01-01T00:00:00.000Z</time>
</trkpt>
<trkpt lat="47.0594173" lon="5.4384120">
	<ele>194.90</ele>
	<time>1970-01-01T00:00:00.000Z</time>
</trkpt>
<trkpt lat="47.0588003" lon="5.4392061">
	<ele>193.60</ele>
	<time>1970-01-01T00:00:00.000Z</time>
</trkpt>
<trkpt lat="47.0586350" lon="5.4395149">
	<ele>193.40</ele>
	<time>1970-01-01T00:00:00.000Z</time>
</trkpt>
<trkpt lat="47.0566812" lon="5.4420299">
	<ele>194.90</ele>
	<time>1970-01-01T00:00:00.000Z</time>
</trkpt>
<trkpt lat="47.0565085" lon="5.4420311">
	<ele>195.10</ele>
	<time>1970-01-01T00:00:00.000Z</time>
</trkpt>
<trkpt lat="47.0563031" lon="5.4423169">
	<ele>195.90</ele>
	<time>1970-01-01T00:00:00.000Z</time>
</trkpt>
<trkpt lat="47.0562193" lon="5.4425613">
	<ele>196.00</ele>
	<time>1970-01-01T00:00:00.000Z</time>
</trkpt>
<trkpt lat="47.0560110" lon="5.4427733">
	<ele>196.30</ele>
	<time>1970-01-01T00:00:00.000Z</time>
</trkpt>
<trkpt lat="47.0555448" lon="5.4434770">
	<ele>195.70</ele>
	<time>1970-01-01T00:00:00.000Z</time>
</trkpt>
<trkpt lat="47.0554428" lon="5.4439972">
	<ele>195.20</ele>
	<time>1970-01-01T00:00:00.000Z</time>
</trkpt>
<trkpt lat="47.0555053" lon="5.4443261">
	<ele>194.90</ele>
	<time>1970-01-01T00:00:00.000Z</time>
</trkpt>
<trkpt lat="47.0576928" lon="5.4513493">
	<ele>196.30</ele>
	<time>1970-01-01T00:00:00.000Z</time>
</trkpt>
<trkpt lat="47.0597392" lon="5.4577789">
	<ele>197.00</ele>
	<time>1970-01-01T00:00:00.000Z</time>
</trkpt>
<trkpt lat="47.0604169" lon="5.4600307">
	<ele>198.70</ele>
	<time>1970-01-01T00:00:00.000Z</time>
</trkpt>
<trkpt lat="47.0606219" lon="5.4605785">
	<ele>199.30</ele>
	<time>1970-01-01T00:00:00.000Z</time>
</trkpt>
<trkpt lat="47.0609827" lon="5.4610541">
	<ele>199.90</ele>
	<time>1970-01-01T00:00:00.000Z</time>
</trkpt>
<trkpt lat="47.0614171" lon="5.4612953">
	<ele>200.20</ele>
	<time>1970-01-01T00:00:00.000Z</time>
</trkpt>
<trkpt lat="47.0620621" lon="5.4617958">
	<ele>199.80</ele>
	<time>1970-01-01T00:00:00.000Z</time>
</trkpt>
<trkpt lat="47.0623232" lon="5.4619056">
	<ele>199.70</ele>
	<time>1970-01-01T00:00:00.000Z</time>
</trkpt>
<trkpt lat="47.0658036" lon="5.4647108">
	<ele>198.80</ele>
	<time>1970-01-01T00:00:00.000Z</time>
</trkpt>
<trkpt lat="47.0677943" lon="5.4662427">
	<ele>199.50</ele>
	<time>1970-01-01T00:00:00.000Z</time>
</trkpt>
<trkpt lat="47.0680908" lon="5.4663685">
	<ele>202.00</ele>
	<time>1970-01-01T00:00:00.000Z</time>
</trkpt>
<trkpt lat="47.0697448" lon="5.4676475">
	<ele>209.30</ele>
	<time>1970-01-01T00:00:00.000Z</time>
</trkpt>
<trkpt lat="47.0717860" lon="5.4692821">
	<ele>209.10</ele>
	<time>1970-01-01T00:00:00.000Z</time>
</trkpt>
<trkpt lat="47.0719785" lon="5.4695829">
	<ele>208.80</ele>
	<time>1970-01-01T00:00:00.000Z</time>
</trkpt>
<trkpt lat="47.0725219" lon="5.4700003">
	<ele>211.20</ele>
	<time>1970-01-01T00:00:00.000Z</time>
</trkpt>
<trkpt lat="47.0726635" lon="5.4702600">
	<ele>209.50</ele>
	<time>1970-01-01T00:00:00.000Z</time>
</trkpt>
<trkpt lat="47.0729334" lon="5.4703087">
	<ele>209.50</ele>
	<time>1970-01-01T00:00:00.000Z</time>
</trkpt>
<trkpt lat="47.0758088" lon="5.4726007">
	<ele>211.20</ele>
	<time>1970-01-01T00:00:00.000Z</time>
</trkpt>
<trkpt lat="47.0761464" lon="5.4729229">
	<ele>209.30</ele>
	<time>1970-01-01T00:00:00.000Z</time>
</trkpt>
<trkpt lat="47.0764754" lon="5.4734062">
	<ele>205.70</ele>
	<time>1970-01-01T00:00:00.000Z</time>
</trkpt>
<trkpt lat="47.0785102" lon="5.4767632">
	<ele>199.80</ele>
	<time>1970-01-01T00:00:00.000Z</time>
</trkpt>
<trkpt lat="47.0803513" lon="5.4796172">
	<ele>202.00</ele>
	<time>1970-01-01T00:00:00.000Z</time>
</trkpt>
<trkpt lat="47.0807188" lon="5.4800129">
	<ele>201.90</ele>
	<time>1970-01-01T00:00:00.000Z</time>
</trkpt>
<trkpt lat="47.0812395" lon="5.4804817">
	<ele>204.20</ele>
	<time>1970-01-01T00:00:00.000Z</time>
</trkpt>
<trkpt lat="47.0814707" lon="5.4808050">
	<ele>202.20</ele>
	<time>1970-01-01T00:00:00.000Z</time>
</trkpt>
<trkpt lat="47.0817264" lon="5.4810323">
	<ele>204.60</ele>
	<time>1970-01-01T00:00:00.000Z</time>
</trkpt>
<trkpt lat="47.0819138" lon="5.4812578">
	<ele>204.90</ele>
	<time>1970-01-01T00:00:00.000Z</time>
</trkpt>
<trkpt lat="47.0828484" lon="5.4828045">
	<ele>196.00</ele>
	<time>1970-01-01T00:00:00.000Z</time>
</trkpt>
<trkpt lat="47.0837199" lon="5.4837827">
	<ele>196.10</ele>
	<time>1970-01-01T00:00:00.000Z</time>
</trkpt>
<trkpt lat="47.0856678" lon="5.4869583">
	<ele>196.10</ele>
	<time>1970-01-01T00:00:00.000Z</time>
</trkpt>
<trkpt lat="47.0872910" lon="5.4906424">
	<ele>196.70</ele>
	<time>1970-01-01T00:00:00.000Z</time>
</trkpt>
<trkpt lat="47.0873777" lon="5.4909057">
	<ele>196.60</ele>
	<time>1970-01-01T00:00:00.000Z</time>
</trkpt>
<trkpt lat="47.0878054" lon="5.4914363">
	<ele>196.80</ele>
	<time>1970-01-01T00:00:00.000Z</time>
</trkpt>
<trkpt lat="47.0884494" lon="5.4918581">
	<ele>196.60</ele>
	<time>1970-01-01T00:00:00.000Z</time>
</trkpt>
<trkpt lat="47.0887040" lon="5.4923292">
	<ele>196.60</ele>
	<time>1970-01-01T00:00:00.000Z</time>
</trkpt>
<trkpt lat="47.0887856" lon="5.4925864">
	<ele>197.30</ele>
	<time>1970-01-01T00:00:00.000Z</time>
</trkpt>
<trkpt lat="47.0886233" lon="5.4927644">
	<ele>200.90</ele>
	<time>1970-01-01T00:00:00.000Z</time>
</trkpt>
<trkpt lat="47.0886138" lon="5.4928299">
	<ele>200.90</ele>
	<time>1970-01-01T00:00:00.000Z</time>
</trkpt>
<trkpt lat="47.0890323" lon="5.4942120">
	<ele>196.70</ele>
	<time>1970-01-01T00:00:00.000Z</time>
</trkpt>
<trkpt lat="47.0891515" lon="5.4951782">
	<ele>196.50</ele>
	<time>1970-01-01T00:00:00.000Z</time>
</trkpt>
<trkpt lat="47.0894714" lon="5.4957406">
	<ele>196.50</ele>
	<time>1970-01-01T00:00:00.000Z</time>
</trkpt>
<trkpt lat="47.0905676" lon="5.4965186">
	<ele>197.40</ele>
	<time>1970-01-01T00:00:00.000Z</time>
</trkpt>
<trkpt lat="47.0928030" lon="5.4984534">
	<ele>197.10</ele>
	<time>1970-01-01T00:00:00.000Z</time>
</trkpt>
<trkpt lat="47.0932965" lon="5.4992212">
	<ele>199.30</ele>
	<time>1970-01-01T00:00:00.000Z</time>
</trkpt>
<trkpt lat="47.0934176" lon="5.4994685">
	<ele>197.40</ele>
	<time>1970-01-01T00:00:00.000Z</time>
</trkpt>
<trkpt lat="47.0934503" lon="5.4997544">
	<ele>197.30</ele>
	<time>1970-01-01T00:00:00.000Z</time>
</trkpt>
<trkpt lat="47.0934148" lon="5.4998844">
	<ele>197.30</ele>
	<time>1970-01-01T00:00:00.000Z</time>
</trkpt>
<trkpt lat="47.0933551" lon="5.4999490">
	<ele>197.90</ele>
	<time>1970-01-01T00:00:00.000Z</time>
</trkpt>
<trkpt lat="47.0932931" lon="5.4999342">
	<ele>197.90</ele>
	<time>1970-01-01T00:00:00.000Z</time>
</trkpt>
<trkpt lat="47.0932721" lon="5.4998644">
	<ele>199.90</ele>
	<time>1970-01-01T00:00:00.000Z</time>
</trkpt>
<trkpt lat="47.0932760" lon="5.4994500">
	<ele>200.20</ele>
	<time>1970-01-01T00:00:00.000Z</time>
</trkpt>
<trkpt lat="47.0933146" lon="5.4993650">
	<ele>199.30</ele>
	<time>1970-01-01T00:00:00.000Z</time>
</trkpt>
<trkpt lat="47.0935412" lon="5.4990971">
	<ele>196.60</ele>
	<time>1970-01-01T00:00:00.000Z</time>
</trkpt>
<trkpt lat="47.0935987" lon="5.4990834">
	<ele>197.90</ele>
	<time>1970-01-01T00:00:00.000Z</time>
</trkpt>
<trkpt lat="47.0937210" lon="5.4993226">
	<ele>197.80</ele>
	<time>1970-01-01T00:00:00.000Z</time>
</trkpt>
<trkpt lat="47.0937502" lon="5.4994826">
	<ele>197.60</ele>
	<time>1970-01-01T00:00:00.000Z</time>
</trkpt>
<trkpt lat="47.0937193" lon="5.5002823">
	<ele>197.40</ele>
	<time>1970-01-01T00:00:00.000Z</time>
</trkpt>
<trkpt lat="47.0936095" lon="5.5026485">
	<ele>205.20</ele>
	<time>1970-01-01T00:00:00.000Z</time>
</trkpt>
<trkpt lat="47.0935769" lon="5.5029100">
	<ele>205.00</ele>
	<time>1970-01-01T00:00:00.000Z</time>
</trkpt>
<trkpt lat="47.0935529" lon="5.5029966">
	<ele>205.00</ele>
	<time>1970-01-01T00:00:00.000Z</time>
</trkpt>
<trkpt lat="47.0933558" lon="5.5029894">
	<ele>204.90</ele>
	<time>1970-01-01T00:00:00.000Z</time>
</trkpt>
<trkpt lat="47.0932469" lon="5.5030472">
	<ele>204.90</ele>
	<time>1970-01-01T00:00:00.000Z</time>
</trkpt>
<trkpt lat="47.0931703" lon="5.5031998">
	<ele>204.70</ele>
	<time>1970-01-01T00:00:00.000Z</time>
</trkpt>
<trkpt lat="47.0930713" lon="5.5037145">
	<ele>205.50</ele>
	<time>1970-01-01T00:00:00.000Z</time>
</trkpt>
<trkpt lat="47.0929149" lon="5.5042684">
	<ele>205.20</ele>
	<time>1970-01-01T00:00:00.000Z</time>
</trkpt>
<trkpt lat="47.0929237" lon="5.5043711">
	<ele>205.20</ele>
	<time>1970-01-01T00:00:00.000Z</time>
</trkpt>
<trkpt lat="47.0930816" lon="5.5044438">
	<ele>206.20</ele>
	<time>1970-01-01T00:00:00.000Z</time>
</trkpt>
<trkpt lat="47.0931682" lon="5.5045288">
	<ele>206.40</ele>
	<time>1970-01-01T00:00:00.000Z</time>
</trkpt>
<trkpt lat="47.0932271" lon="5.5048819">
	<ele>206.70</ele>
	<time>1970-01-01T00:00:00.000Z</time>
</trkpt>
<trkpt lat="47.0930744" lon="5.5079077">
	<ele>206.30</ele>
	<time>1970-01-01T00:00:00.000Z</time>
</trkpt>
<trkpt lat="47.0930967" lon="5.5084960">
	<ele>206.90</ele>
	<time>1970-01-01T00:00:00.000Z</time>
</trkpt>
<trkpt lat="47.0930053" lon="5.5090680">
	<ele>206.00</ele>
	<time>1970-01-01T00:00:00.000Z</time>
</trkpt>
<trkpt lat="47.0927987" lon="5.5132106">
	<ele>206.70</ele>
	<time>1970-01-01T00:00:00.000Z</time>
</trkpt>
<trkpt lat="47.0927954" lon="5.5142550">
	<ele>202.40</ele>
	<time>1970-01-01T00:00:00.000Z</time>
</trkpt>
<trkpt lat="47.0928502" lon="5.5150298">
	<ele>200.60</ele>
	<time>1970-01-01T00:00:00.000Z</time>
</trkpt>
<trkpt lat="47.0930448" lon="5.5161807">
	<ele>200.50</ele>
	<time>1970-01-01T00:00:00.000Z</time>
</trkpt>
<trkpt lat="47.0936336" lon="5.5191788">
	<ele>201.60</ele>
	<time>1970-01-01T00:00:00.000Z</time>
</trkpt>
<trkpt lat="47.0950600" lon="5.5262016">
	<ele>201.00</ele>
	<time>1970-01-01T00:00:00.000Z</time>
</trkpt>
<trkpt lat="47.0952437" lon="5.5269302">
	<ele>202.00</ele>
	<time>1970-01-01T00:00:00.000Z</time>
</trkpt>
<trkpt lat="47.0954637" lon="5.5268229">
	<ele>202.60</ele>
	<time>1970-01-01T00:00:00.000Z</time>
</trkpt>
<trkpt lat="47.0963670" lon="5.5313313">
	<ele>202.80</ele>
	<time>1970-01-01T00:00:00.000Z</time>
</trkpt>
<trkpt lat="47.0963527" lon="5.5315826">
	<ele>202.90</ele>
	<time>1970-01-01T00:00:00.000Z</time>
</trkpt>
<trkpt lat="47.0963812" lon="5.5317910">
	<ele>202.90</ele>
	<time>1970-01-01T00:00:00.000Z</time>
</trkpt>
<trkpt lat="47.0964850" lon="5.5319480">
	<ele>202.90</ele>
	<time>1970-01-01T00:00:00.000Z</time>
</trkpt>
<trkpt lat="47.0972460" lon="5.5356550">
	<ele>202.00</ele>
	<time>1970-01-01T00:00:00.000Z</time>
</trkpt>
<trkpt lat="47.0976217" lon="5.5376003">
	<ele>203.20</ele>
	<time>1970-01-01T00:00:00.000Z</time>
</trkpt>
<trkpt lat="47.0975903" lon="5.5377648">
	<ele>203.20</ele>
	<time>1970-01-01T00:00:00.000Z</time>
</trkpt>
<trkpt lat="47.0979899" lon="5.5391712">
	<ele>203.80</ele>
	<time>1970-01-01T00:00:00.000Z</time>
</trkpt>
<trkpt lat="47.0981460" lon="5.5396279">
	<ele>203.10</ele>
	<time>1970-01-01T00:00:00.000Z</time>
</trkpt>
<trkpt lat="47.0984289" lon="5.5403178">
	<ele>204.20</ele>
	<time>1970-01-01T00:00:00.000Z</time>
</trkpt>
<trkpt lat="47.0988997" lon="5.5412172">
	<ele>205.20</ele>
	<time>1970-01-01T00:00:00.000Z</time>
</trkpt>
<trkpt lat="47.0992437" lon="5.5417173">
	<ele>206.60</ele>
	<time>1970-01-01T00:00:00.000Z</time>
</trkpt>
<trkpt lat="47.0995525" lon="5.5420831">
	<ele>208.10</ele>
	<time>1970-01-01T00:00:00.000Z</time>
</trkpt>
<trkpt lat="47.1002453" lon="5.5426975">
	<ele>207.50</ele>
	<time>1970-01-01T00:00:00.000Z</time>
</trkpt>
<trkpt lat="47.1007702" lon="5.5430690">
	<ele>204.70</ele>
	<time>1970-01-01T00:00:00.000Z</time>
</trkpt>
<trkpt lat="47.1012784" lon="5.5433075">
	<ele>203.90</ele>
	<time>1970-01-01T00:00:00.000Z</time>
</trkpt>
<trkpt lat="47.1131252" lon="5.5480186">
	<ele>200.50</ele>
	<time>1970-01-01T00:00:00.000Z</time>
</trkpt>
<trkpt lat="47.1132524" lon="5.5480785">
	<ele>200.40</ele>
	<time>1970-01-01T00:00:00.000Z</time>
</trkpt>
<trkpt lat="47.1136606" lon="5.5484626">
	<ele>200.80</ele>
	<time>1970-01-01T00:00:00.000Z</time>
</trkpt>
<trkpt lat="47.1235811" lon="5.5624014">
	<ele>205.50</ele>
	<time>1970-01-01T00:00:00.000Z</time>
</trkpt>
<trkpt lat="47.1237855" lon="5.5625985">
	<ele>205.90</ele>
	<time>1970-01-01T00:00:00.000Z</time>
</trkpt>
<trkpt lat="47.1250908" lon="5.5633871">
	<ele>213.60</ele>
	<time>1970-01-01T00:00:00.000Z</time>
</trkpt>
<trkpt lat="47.1257561" lon="5.5641590">
	<ele>200.60</ele>
	<time>1970-01-01T00:00:00.000Z</time>
</trkpt>
<trkpt lat="47.1265011" lon="5.5647340">
	<ele>202.50</ele>
	<time>1970-01-01T00:00:00.000Z</time>
</trkpt>
<trkpt lat="47.1269066" lon="5.5651262">
	<ele>205.30</ele>
	<time>1970-01-01T00:00:00.000Z</time>
</trkpt>
<trkpt lat="47.1273802" lon="5.5657398">
	<ele>204.90</ele>
	<time>1970-01-01T00:00:00.000Z</time>
</trkpt>
<trkpt lat="47.1279918" lon="5.5669025">
	<ele>200.90</ele>
	<time>1970-01-01T00:00:00.000Z</time>
</trkpt>
<trkpt lat="47.1286700" lon="5.5677316">
	<ele>200.80</ele>
	<time>1970-01-01T00:00:00.000Z</time>
</trkpt>
<trkpt lat="47.1289726" lon="5.5682072">
	<ele>200.60</ele>
	<time>1970-01-01T00:00:00.000Z</time>
</trkpt>
<trkpt lat="47.1299076" lon="5.5699217">
	<ele>203.20</ele>
	<time>1970-01-01T00:00:00.000Z</time>
</trkpt>
<trkpt lat="47.1302401" lon="5.5707870">
	<ele>200.50</ele>
	<time>1970-01-01T00:00:00.000Z</time>
</trkpt>
<trkpt lat="47.1303502" lon="5.5709685">
	<ele>201.10</ele>
	<time>1970-01-01T00:00:00.000Z</time>
</trkpt>
<trkpt lat="47.1307636" lon="5.5714524">
	<ele>202.40</ele>
	<time>1970-01-01T00:00:00.000Z</time>
</trkpt>
<trkpt lat="47.1310840" lon="5.5720397">
	<ele>201.00</ele>
	<time>1970-01-01T00:00:00.000Z</time>
</trkpt>
<trkpt lat="47.1319563" lon="5.5743635">
	<ele>200.60</ele>
	<time>1970-01-01T00:00:00.000Z</time>
</trkpt>
<trkpt lat="47.1321608" lon="5.5747426">
	<ele>200.80</ele>
	<time>1970-01-01T00:00:00.000Z</time>
</trkpt>
<trkpt lat="47.1328008" lon="5.5758036">
	<ele>200.70</ele>
	<time>1970-01-01T00:00:00.000Z</time>
</trkpt>
<trkpt lat="47.1336637" lon="5.5767699">
	<ele>201.40</ele>
	<time>1970-01-01T00:00:00.000Z</time>
</trkpt>
<trkpt lat="47.1338571" lon="5.5770838">
	<ele>201.50</ele>
	<time>1970-01-01T00:00:00.000Z</time>
</trkpt>
<trkpt lat="47.1339985" lon="5.5773970">
	<ele>201.00</ele>
	<time>1970-01-01T00:00:00.000Z</time>
</trkpt>
<trkpt lat="47.1341449" lon="5.5778448">
	<ele>200.70</ele>
	<time>1970-01-01T00:00:00.000Z</time>
</trkpt>
<trkpt lat="47.1342228" lon="5.5781586">
	<ele>200.50</ele>
	<time>1970-01-01T00:00:00.000Z</time>
</trkpt>
<trkpt lat="47.1342667" lon="5.5785260">
	<ele>200.50</ele>
	<time>1970-01-01T00:00:00.000Z</time>
</trkpt>
<trkpt lat="47.1342536" lon="5.5792398">
	<ele>202.00</ele>
	<time>1970-01-01T00:00:00.000Z</time>
</trkpt>
<trkpt lat="47.1341949" lon="5.5800806">
	<ele>208.50</ele>
	<time>1970-01-01T00:00:00.000Z</time>
</trkpt>
<trkpt lat="47.1332592" lon="5.5874240">
	<ele>208.30</ele>
	<time>1970-01-01T00:00:00.000Z</time>
</trkpt>
<trkpt lat="47.1332887" lon="5.5879191">
	<ele>208.60</ele>
	<time>1970-01-01T00:00:00.000Z</time>
</trkpt>
<trkpt lat="47.1334130" lon="5.5884382">
	<ele>210.10</ele>
	<time>1970-01-01T00:00:00.000Z</time>
</trkpt>
<trkpt lat="47.1354259" lon="5.5932016">
	<ele>215.50</ele>
	<time>1970-01-01T00:00:00.000Z</time>
</trkpt>
<trkpt lat="47.1355518" lon="5.5933263">
	<ele>215.50</ele>
	<time>1970-01-01T00:00:00.000Z</time>
</trkpt>
<trkpt lat="47.1358726" lon="5.5943912">
	<ele>202.90</ele>
	<time>1970-01-01T00:00:00.000Z</time>
</trkpt>
<trkpt lat="47.1367707" lon="5.5960236">
	<ele>202.30</ele>
	<time>1970-01-01T00:00:00.000Z</time>
</trkpt>
<trkpt lat="47.1379855" lon="5.5980643">
	<ele>202.10</ele>
	<time>1970-01-01T00:00:00.000Z</time>
</trkpt>
<trkpt lat="47.1384727" lon="5.5990963">
	<ele>202.00</ele>
	<time>1970-01-01T00:00:00.000Z</time>
</trkpt>
<trkpt lat="47.1390831" lon="5.6005716">
	<ele>202.50</ele>
	<time>1970-01-01T00:00:00.000Z</time>
</trkpt>
<trkpt lat="47.1401213" lon="5.6040812">
	<ele>202.00</ele>
	<time>1970-01-01T00:00:00.000Z</time>
</trkpt>
<trkpt lat="47.1401599" lon="5.6047966">
	<ele>202.30</ele>
	<time>1970-01-01T00:00:00.000Z</time>
</trkpt>
<trkpt lat="47.1402800" lon="5.6056244">
	<ele>208.10</ele>
	<time>1970-01-01T00:00:00.000Z</time>
</trkpt>
<trkpt lat="47.1402559" lon="5.6057391">
	<ele>208.10</ele>
	<time>1970-01-01T00:00:00.000Z</time>
</trkpt>
<trkpt lat="47.1403122" lon="5.6060882">
	<ele>208.20</ele>
	<time>1970-01-01T00:00:00.000Z</time>
</trkpt>
<trkpt lat="47.1403696" lon="5.6061491">
	<ele>213.40</ele>
	<time>1970-01-01T00:00:00.000Z</time>
</trkpt>
<trkpt lat="47.1404949" lon="5.6068790">
	<ele>210.80</ele>
	<time>1970-01-01T00:00:00.000Z</time>
</trkpt>
<trkpt lat="47.1437236" lon="5.6264717">
	<ele>207.10</ele>
	<time>1970-01-01T00:00:00.000Z</time>
</trkpt>
<trkpt lat="47.1438745" lon="5.6272282">
	<ele>206.90</ele>
	<time>1970-01-01T00:00:00.000Z</time>
</trkpt>
<trkpt lat="47.1436046" lon="5.6273335">
	<ele>206.80</ele>
	<time>1970-01-01T00:00:00.000Z</time>
</trkpt>
<trkpt lat="47.1436172" lon="5.6274401">
	<ele>206.60</ele>
	<time>1970-01-01T00:00:00.000Z</time>
</trkpt>
<trkpt lat="47.1458690" lon="5.6410910">
	<ele>205.00</ele>
	<time>1970-01-01T00:00:00.000Z</time>
</trkpt>
<trkpt lat="47.1459666" lon="5.6417025">
	<ele>204.20</ele>
	<time>1970-01-01T00:00:00.000Z</time>
</trkpt>
<trkpt lat="47.1459682" lon="5.6420145">
	<ele>204.00</ele>
	<time>1970-01-01T00:00:00.000Z</time>
</trkpt>
<trkpt lat="47.1460591" lon="5.6423375">
	<ele>204.30</ele>
	<time>1970-01-01T00:00:00.000Z</time>
</trkpt>
<trkpt lat="47.1461866" lon="5.6430423">
	<ele>204.30</ele>
	<time>1970-01-01T00:00:00.000Z</time>
</trkpt>
<trkpt lat="47.1465834" lon="5.6455063">
	<ele>204.40</ele>
	<time>1970-01-01T00:00:00.000Z</time>
</trkpt>
<trkpt lat="47.1466981" lon="5.6465247">
	<ele>205.30</ele>
	<time>1970-01-01T00:00:00.000Z</time>
</trkpt>
<trkpt lat="47.1468884" lon="5.6494628">
	<ele>205.00</ele>
	<time>1970-01-01T00:00:00.000Z</time>
</trkpt>
<trkpt lat="47.1468742" lon="5.6518665">
	<ele>205.30</ele>
	<time>1970-01-01T00:00:00.000Z</time>
</trkpt>
<trkpt lat="47.1468110" lon="5.6521720">
	<ele>207.10</ele>
	<time>1970-01-01T00:00:00.000Z</time>
</trkpt>
<trkpt lat="47.1466997" lon="5.6524796">
	<ele>205.60</ele>
	<time>1970-01-01T00:00:00.000Z</time>
</trkpt>
<trkpt lat="47.1464340" lon="5.6529684">
	<ele>205.50</ele>
	<time>1970-01-01T00:00:00.000Z</time>
</trkpt>
<trkpt lat="47.1463111" lon="5.6532890">
	<ele>205.00</ele>
	<time>1970-01-01T00:00:00.000Z</time>
</trkpt>
<trkpt lat="47.1462011" lon="5.6537614">
	<ele>205.00</ele>
	<time>1970-01-01T00:00:00.000Z</time>
</trkpt>
<trkpt lat="47.1460446" lon="5.6551204">
	<ele>205.20</ele>
	<time>1970-01-01T00:00:00.000Z</time>
</trkpt>
<trkpt lat="47.1461176" lon="5.6552972">
	<ele>205.30</ele>
	<time>1970-01-01T00:00:00.000Z</time>
</trkpt>
<trkpt lat="47.1458458" lon="5.6573677">
	<ele>206.40</ele>
	<time>1970-01-01T00:00:00.000Z</time>
</trkpt>
<trkpt lat="47.1457051" lon="5.6577928">
	<ele>205.80</ele>
	<time>1970-01-01T00:00:00.000Z</time>
</trkpt>
<trkpt lat="47.1455987" lon="5.6590993">
	<ele>205.30</ele>
	<time>1970-01-01T00:00:00.000Z</time>
</trkpt>
<trkpt lat="47.1459190" lon="5.6591576">
	<ele>212.10</ele>
	<time>1970-01-01T00:00:00.000Z</time>
</trkpt>
<trkpt lat="47.1466479" lon="5.6591457">
	<ele>220.90</ele>
	<time>1970-01-01T00:00:00.000Z</time>
</trkpt>
<trkpt lat="47.1465036" lon="5.6602418">
	<ele>221.60</ele>
	<time>1970-01-01T00:00:00.000Z</time>
</trkpt>
<trkpt lat="47.1465144" lon="5.6608755">
	<ele>223.10</ele>
	<time>1970-01-01T00:00:00.000Z</time>
</trkpt>
<trkpt lat="47.1463814" lon="5.6619119">
	<ele>223.10</ele>
	<time>1970-01-01T00:00:00.000Z</time>
</trkpt>
<trkpt lat="47.1468506" lon="5.6620630">
	<ele>227.70</ele>
	<time>1970-01-01T00:00:00.000Z</time>
</trkpt>
<trkpt lat="47.1471449" lon="5.6622372">
	<ele>230.70</ele>
	<time>1970-01-01T00:00:00.000Z</time>
</trkpt>
<trkpt lat="47.1473353" lon="5.6622292">
	<ele>231.70</ele>
	<time>1970-01-01T00:00:00.000Z</time>
</trkpt>
<trkpt lat="47.1475633" lon="5.6620096">
	<ele>231.70</ele>
	<time>1970-01-01T00:00:00.000Z</time>
</trkpt>
<trkpt lat="47.1476259" lon="5.6626088">
	<ele>233.40</ele>
	<time>1970-01-01T00:00:00.000Z</time>
</trkpt>
<trkpt lat="47.1478033" lon="5.6634723">
	<ele>237.50</ele>
	<time>1970-01-01T00:00:00.000Z</time>
</trkpt>
<trkpt lat="47.1480461" lon="5.6643806">
	<ele>239.60</ele>
	<time>1970-01-01T00:00:00.000Z</time>
</trkpt>
<trkpt lat="47.1483183" lon="5.6651657">
	<ele>241.00</ele>
	<time>1970-01-01T00:00:00.000Z</time>
</trkpt>
<trkpt lat="47.1489823" lon="5.6711112">
	<ele>244.00</ele>
	<time>1970-01-01T00:00:00.000Z</time>
</trkpt>
<trkpt lat="47.1495259" lon="5.6773096">
	<ele>243.00</ele>
	<time>1970-01-01T00:00:00.000Z</time>
</trkpt>
<trkpt lat="47.1496629" lon="5.6792565">
	<ele>245.70</ele>
	<time>1970-01-01T00:00:00.000Z</time>
</trkpt>
<trkpt lat="47.1496173" lon="5.6793119">
	<ele>245.70</ele>
	<time>1970-01-01T00:00:00.000Z</time>
</trkpt>
<trkpt lat="47.1491110" lon="5.6792939">
	<ele>245.80</ele>
	<time>1970-01-01T00:00:00.000Z</time>
</trkpt>
<trkpt lat="47.1489661" lon="5.6793569">
	<ele>245.80</ele>
	<time>1970-01-01T00:00:00.000Z</time>
</trkpt>
<trkpt lat="47.1488260" lon="5.6800927">
	<ele>245.60</ele>
	<time>1970-01-01T00:00:00.000Z</time>
</trkpt>
<trkpt lat="47.1487395" lon="5.6808529">
	<ele>244.40</ele>
	<time>1970-01-01T00:00:00.000Z</time>
</trkpt>
<trkpt lat="47.1485587" lon="5.6816516">
	<ele>244.90</ele>
	<time>1970-01-01T00:00:00.000Z</time>
</trkpt>
<trkpt lat="47.1475129" lon="5.6831499">
	<ele>243.90</ele>
	<time>1970-01-01T00:00:00.000Z</time>
</trkpt>
<trkpt lat="47.1481861" lon="5.6838992">
	<ele>246.60</ele>
	<time>1970-01-01T00:00:00.000Z</time>
</trkpt>
<trkpt lat="47.1491696" lon="5.6847987">
	<ele>247.40</ele>
	<time>1970-01-01T00:00:00.000Z</time>
</trkpt>
<trkpt lat="47.1493352" lon="5.6850332">
	<ele>246.90</ele>
	<time>1970-01-01T00:00:00.000Z</time>
</trkpt>
<trkpt lat="47.1495279" lon="5.6853236">
	<ele>245.90</ele>
	<time>1970-01-01T00:00:00.000Z</time>
</trkpt>
<trkpt lat="47.1501460" lon="5.6868290">
	<ele>241.00</ele>
	<time>1970-01-01T00:00:00.000Z</time>
</trkpt>
<trkpt lat="47.1509988" lon="5.6882677">
	<ele>242.80</ele>
	<time>1970-01-01T00:00:00.000Z</time>
</trkpt>
<trkpt lat="47.1517013" lon="5.6893381">
	<ele>242.70</ele>
	<time>1970-01-01T00:00:00.000Z</time>
</trkpt>
<trkpt lat="47.1519522" lon="5.6898172">
	<ele>241.20</ele>
	<time>1970-01-01T00:00:00.000Z</time>
</trkpt>
<trkpt lat="47.1520945" lon="5.6902478">
	<ele>240.20</ele>
	<time>1970-01-01T00:00:00.000Z</time>
</trkpt>
<trkpt lat="47.1521922" lon="5.6907418">
	<ele>240.40</ele>
	<time>1970-01-01T00:00:00.000Z</time>
</trkpt>
<trkpt lat="47.1522449" lon="5.6911198">
	<ele>240.10</ele>
	<time>1970-01-01T00:00:00.000Z</time>
</trkpt>
<trkpt lat="47.1522400" lon="5.6917534">
	<ele>239.00</ele>
	<time>1970-01-01T00:00:00.000Z</time>
</trkpt>
<trkpt lat="47.1524942" lon="5.6931816">
	<ele>235.90</ele>
	<time>1970-01-01T00:00:00.000Z</time>
</trkpt>
<trkpt lat="47.1524377" lon="5.6933915">
	<ele>236.10</ele>
	<time>1970-01-01T00:00:00.000Z</time>
</trkpt>
<trkpt lat="47.1522691" lon="5.6936256">
	<ele>234.80</ele>
	<time>1970-01-01T00:00:00.000Z</time>
</trkpt>
<trkpt lat="47.1515568" lon="5.6944545">
	<ele>228.30</ele>
	<time>1970-01-01T00:00:00.000Z</time>
</trkpt>
<trkpt lat="47.1514221" lon="5.6946797">
	<ele>226.40</ele>
	<time>1970-01-01T00:00:00.000Z</time>
</trkpt>
<trkpt lat="47.1513340" lon="5.6950456">
	<ele>224.30</ele>
	<time>1970-01-01T00:00:00.000Z</time>
</trkpt>
<trkpt lat="47.1511955" lon="5.6963441">
	<ele>223.70</ele>
	<time>1970-01-01T00:00:00.000Z</time>
</trkpt>
<trkpt lat="47.1511173" lon="5.6975879">
	<ele>221.10</ele>
	<time>1970-01-01T00:00:00.000Z</time>
</trkpt>
<trkpt lat="47.1511482" lon="5.6981592">
	<ele>219.40</ele>
	<time>1970-01-01T00:00:00.000Z</time>
</trkpt>
<trkpt lat="47.1513638" lon="5.6993274">
	<ele>217.10</ele>
	<time>1970-01-01T00:00:00.000Z</time>
</trkpt>
<trkpt lat="47.1513561" lon="5.6999685">
	<ele>216.40</ele>
	<time>1970-01-01T00:00:00.000Z</time>
</trkpt>
<trkpt lat="47.1512824" lon="5.7008416">
	<ele>216.30</ele>
	<time>1970-01-01T00:00:00.000Z</time>
</trkpt>
<trkpt lat="47.1511819" lon="5.7011409">
	<ele>218.00</ele>
	<time>1970-01-01T00:00:00.000Z</time>
</trkpt>
<trkpt lat="47.1508523" lon="5.7016487">
	<ele>216.60</ele>
	<time>1970-01-01T00:00:00.000Z</time>
</trkpt>
<trkpt lat="47.1505583" lon="5.7023139">
	<ele>215.90</ele>
	<time>1970-01-01T00:00:00.000Z</time>
</trkpt>
<trkpt lat="47.1504693" lon="5.7024542">
	<ele>215.90</ele>
	<time>1970-01-01T00:00:00.000Z</time>
</trkpt>
<trkpt lat="47.1505093" lon="5.7028137">
	<ele>217.00</ele>
	<time>1970-01-01T00:00:00.000Z</time>
</trkpt>
<trkpt lat="47.1506867" lon="5.7064593">
	<ele>208.00</ele>
	<time>1970-01-01T00:00:00.000Z</time>
</trkpt>
<trkpt lat="47.1507222" lon="5.7068091">
	<ele>208.00</ele>
	<time>1970-01-01T00:00:00.000Z</time>
</trkpt>
<trkpt lat="47.1510464" lon="5.7086974">
	<ele>208.10</ele>
	<time>1970-01-01T00:00:00.000Z</time>
</trkpt>
<trkpt lat="47.1510440" lon="5.7090334">
	<ele>208.10</ele>
	<time>1970-01-01T00:00:00.000Z</time>
</trkpt>
<trkpt lat="47.1506204" lon="5.7120881">
	<ele>208.00</ele>
	<time>1970-01-01T00:00:00.000Z</time>
</trkpt>
<trkpt lat="47.1504980" lon="5.7127699">
	<ele>208.10</ele>
	<time>1970-01-01T00:00:00.000Z</time>
</trkpt>
<trkpt lat="47.1502685" lon="5.7134824">
	<ele>208.20</ele>
	<time>1970-01-01T00:00:00.000Z</time>
</trkpt>
<trkpt lat="47.1498061" lon="5.7142311">
	<ele>208.80</ele>
	<time>1970-01-01T00:00:00.000Z</time>
</trkpt>
<trkpt lat="47.1496386" lon="5.7148587">
	<ele>211.00</ele>
	<time>1970-01-01T00:00:00.000Z</time>
</trkpt>
<trkpt lat="47.1495336" lon="5.7159574">
	<ele>213.00</ele>
	<time>1970-01-01T00:00:00.000Z</time>
</trkpt>
<trkpt lat="47.1486298" lon="5.7222517">
	<ele>214.50</ele>
	<time>1970-01-01T00:00:00.000Z</time>
</trkpt>
<trkpt lat="47.1484856" lon="5.7226964">
	<ele>214.50</ele>
	<time>1970-01-01T00:00:00.000Z</time>
</trkpt>
<trkpt lat="47.1485266" lon="5.7233905">
	<ele>215.10</ele>
	<time>1970-01-01T00:00:00.000Z</time>
</trkpt>
<trkpt lat="47.1483297" lon="5.7243095">
	<ele>214.30</ele>
	<time>1970-01-01T00:00:00.000Z</time>
</trkpt>
<trkpt lat="47.1482966" lon="5.7248519">
	<ele>215.00</ele>
	<time>1970-01-01T00:00:00.000Z</time>
</trkpt>
<trkpt lat="47.1483001" lon="5.7258612">
	<ele>217.50</ele>
	<time>1970-01-01T00:00:00.000Z</time>
</trkpt>
<trkpt lat="47.1482146" lon="5.7267294">
	<ele>217.70</ele>
	<time>1970-01-01T00:00:00.000Z</time>
</trkpt>
<trkpt lat="47.1482731" lon="5.7280443">
	<ele>208.50</ele>
	<time>1970-01-01T00:00:00.000Z</time>
</trkpt>
<trkpt lat="47.1483774" lon="5.7287527">
	<ele>208.80</ele>
	<time>1970-01-01T00:00:00.000Z</time>
</trkpt>
<trkpt lat="47.1485238" lon="5.7292606">
	<ele>209.00</ele>
	<time>1970-01-01T00:00:00.000Z</time>
</trkpt>
<trkpt lat="47.1488367" lon="5.7299491">
	<ele>209.20</ele>
	<time>1970-01-01T00:00:00.000Z</time>
</trkpt>
<trkpt lat="47.1496028" lon="5.7311690">
	<ele>209.00</ele>
	<time>1970-01-01T00:00:00.000Z</time>
</trkpt>
<trkpt lat="47.1498765" lon="5.7317702">
	<ele>209.00</ele>
	<time>1970-01-01T00:00:00.000Z</time>
</trkpt>
<trkpt lat="47.1503232" lon="5.7330534">
	<ele>209.20</ele>
	<time>1970-01-01T00:00:00.000Z</time>
</trkpt>
<trkpt lat="47.1513974" lon="5.7365110">
	<ele>210.40</ele>
	<time>1970-01-01T00:00:00.000Z</time>
</trkpt>
<trkpt lat="47.1516159" lon="5.7372692">
	<ele>210.10</ele>
	<time>1970-01-01T00:00:00.000Z</time>
</trkpt>
<trkpt lat="47.1516340" lon="5.7374255">
	<ele>210.10</ele>
	<time>1970-01-01T00:00:00.000Z</time>
</trkpt>
<trkpt lat="47.1516448" lon="5.7376447">
	<ele>210.10</ele>
	<time>1970-01-01T00:00:00.000Z</time>
</trkpt>
<trkpt lat="47.1515640" lon="5.7390605">
	<ele>210.10</ele>
	<time>1970-01-01T00:00:00.000Z</time>
</trkpt>
<trkpt lat="47.1516606" lon="5.7398601">
	<ele>210.10</ele>
	<time>1970-01-01T00:00:00.000Z</time>
</trkpt>
<trkpt lat="47.1521027" lon="5.7411991">
	<ele>222.00</ele>
	<time>1970-01-01T00:00:00.000Z</time>
</trkpt>
<trkpt lat="47.1537447" lon="5.7468245">
	<ele>216.40</ele>
	<time>1970-01-01T00:00:00.000Z</time>
</trkpt>
<trkpt lat="47.1537876" lon="5.7472759">
	<ele>216.10</ele>
	<time>1970-01-01T00:00:00.000Z</time>
</trkpt>
<trkpt lat="47.1539728" lon="5.7475980">
	<ele>216.00</ele>
	<time>1970-01-01T00:00:00.000Z</time>
</trkpt>
<trkpt lat="47.1542201" lon="5.7483866">
	<ele>216.10</ele>
	<time>1970-01-01T00:00:00.000Z</time>
</trkpt>
<trkpt lat="47.1545400" lon="5.7495641">
	<ele>215.50</ele>
	<time>1970-01-01T00:00:00.000Z</time>
</trkpt>
<trkpt lat="47.1598152" lon="5.7674667">
	<ele>214.30</ele>
	<time>1970-01-01T00:00:00.000Z</time>
</trkpt>
<trkpt lat="47.1600128" lon="5.7680088">
	<ele>213.10</ele>
	<time>1970-01-01T00:00:00.000Z</time>
</trkpt>
<trkpt lat="47.1605944" lon="5.7687356">
	<ele>213.60</ele>
	<time>1970-01-01T00:00:00.000Z</time>
</trkpt>
<trkpt lat="47.1608772" lon="5.7691727">
	<ele>210.70</ele>
	<time>1970-01-01T00:00:00.000Z</time>
</trkpt>
<trkpt lat="47.1615103" lon="5.7720196">
	<ele>210.80</ele>
	<time>1970-01-01T00:00:00.000Z</time>
</trkpt>
<trkpt lat="47.1616947" lon="5.7727085">
	<ele>211.40</ele>
	<time>1970-01-01T00:00:00.000Z</time>
</trkpt>
<trkpt lat="47.1625562" lon="5.7755412">
	<ele>211.00</ele>
	<time>1970-01-01T00:00:00.000Z</time>
</trkpt>
<trkpt lat="47.1630659" lon="5.7769338">
	<ele>211.70</ele>
	<time>1970-01-01T00:00:00.000Z</time>
</trkpt>
<trkpt lat="47.1633410" lon="5.7775360">
	<ele>211.40</ele>
	<time>1970-01-01T00:00:00.000Z</time>
</trkpt>
<trkpt lat="47.1639800" lon="5.7786524">
	<ele>211.20</ele>
	<time>1970-01-01T00:00:00.000Z</time>
</trkpt>
<trkpt lat="47.1641969" lon="5.7789544">
	<ele>212.90</ele>
	<time>1970-01-01T00:00:00.000Z</time>
</trkpt>
<trkpt lat="47.1646620" lon="5.7794365">
	<ele>213.00</ele>
	<time>1970-01-01T00:00:00.000Z</time>
</trkpt>
<trkpt lat="47.1653269" lon="5.7802656">
	<ele>212.70</ele>
	<time>1970-01-01T00:00:00.000Z</time>
</trkpt>
<trkpt lat="47.1674559" lon="5.7821806">
	<ele>212.30</ele>
	<time>1970-01-01T00:00:00.000Z</time>
</trkpt>
<trkpt lat="47.1686615" lon="5.7831652">
	<ele>213.30</ele>
	<time>1970-01-01T00:00:00.000Z</time>
</trkpt>
<trkpt lat="47.1689748" lon="5.7833567">
	<ele>213.30</ele>
	<time>1970-01-01T00:00:00.000Z</time>
</trkpt>
<trkpt lat="47.1699876" lon="5.7837878">
	<ele>213.30</ele>
	<time>1970-01-01T00:00:00.000Z</time>
</trkpt>
<trkpt lat="47.1711075" lon="5.7846206">
	<ele>213.70</ele>
	<time>1970-01-01T00:00:00.000Z</time>
</trkpt>
<trkpt lat="47.1717036" lon="5.7851050">
	<ele>216.40</ele>
	<time>1970-01-01T00:00:00.000Z</time>
</trkpt>
<trkpt lat="47.1724102" lon="5.7859531">
	<ele>216.40</ele>
	<time>1970-01-01T00:00:00.000Z</time>
</trkpt>
<trkpt lat="47.1729850" lon="5.7871616">
	<ele>217.70</ele>
	<time>1970-01-01T00:00:00.000Z</time>
</trkpt>
<trkpt lat="47.1733557" lon="5.7880909">
	<ele>215.80</ele>
	<time>1970-01-01T00:00:00.000Z</time>
</trkpt>
<trkpt lat="47.1736227" lon="5.7891890">
	<ele>215.00</ele>
	<time>1970-01-01T00:00:00.000Z</time>
</trkpt>
<trkpt lat="47.1739680" lon="5.7912649">
	<ele>213.60</ele>
	<time>1970-01-01T00:00:00.000Z</time>
</trkpt>
<trkpt lat="47.1740954" lon="5.7917495">
	<ele>215.20</ele>
	<time>1970-01-01T00:00:00.000Z</time>
</trkpt>
<trkpt lat="47.1743946" lon="5.7921206">
	<ele>215.90</ele>
	<time>1970-01-01T00:00:00.000Z</time>
</trkpt>
<trkpt lat="47.1745655" lon="5.7921724">
	<ele>216.70</ele>
	<time>1970-01-01T00:00:00.000Z</time>
</trkpt>
<trkpt lat="47.1751440" lon="5.7932930">
	<ele>213.80</ele>
	<time>1970-01-01T00:00:00.000Z</time>
</trkpt>
<trkpt lat="47.1747460" lon="5.7939857">
	<ele>215.30</ele>
	<time>1970-01-01T00:00:00.000Z</time>
</trkpt>
<trkpt lat="47.1742086" lon="5.7950616">
	<ele>213.90</ele>
	<time>1970-01-01T00:00:00.000Z</time>
</trkpt>
<trkpt lat="47.1732790" lon="5.8002389">
	<ele>213.30</ele>
	<time>1970-01-01T00:00:00.000Z</time>
</trkpt>
<trkpt lat="47.1729515" lon="5.8029395">
	<ele>213.20</ele>
	<time>1970-01-01T00:00:00.000Z</time>
</trkpt>
<trkpt lat="47.1725860" lon="5.8054808">
	<ele>213.10</ele>
	<time>1970-01-01T00:00:00.000Z</time>
</trkpt>
<trkpt lat="47.1719029" lon="5.8076035">
	<ele>214.10</ele>
	<time>1970-01-01T00:00:00.000Z</time>
</trkpt>
<trkpt lat="47.1709987" lon="5.8093390">
	<ele>214.10</ele>
	<time>1970-01-01T00:00:00.000Z</time>
</trkpt>
<trkpt lat="47.1706335" lon="5.8102427">
	<ele>215.70</ele>
	<time>1970-01-01T00:00:00.000Z</time>
</trkpt>
<trkpt lat="47.1701215" lon="5.8109150">
	<ele>214.90</ele>
	<time>1970-01-01T00:00:00.000Z</time>
</trkpt>
<trkpt lat="47.1697842" lon="5.8114566">
	<ele>214.00</ele>
	<time>1970-01-01T00:00:00.000Z</time>
</trkpt>
<trkpt lat="47.1691925" lon="5.8122645">
	<ele>214.00</ele>
	<time>1970-01-01T00:00:00.000Z</time>
</trkpt>
<trkpt lat="47.1684458" lon="5.8131762">
	<ele>213.30</ele>
	<time>1970-01-01T00:00:00.000Z</time>
</trkpt>
<trkpt lat="47.1680554" lon="5.8143301">
	<ele>213.10</ele>
	<time>1970-01-01T00:00:00.000Z</time>
</trkpt>
<trkpt lat="47.1680548" lon="5.8159238">
	<ele>213.10</ele>
	<time>1970-01-01T00:00:00.000Z</time>
</trkpt>
<trkpt lat="47.1681065" lon="5.8169331">
	<ele>213.20</ele>
	<time>1970-01-01T00:00:00.000Z</time>
</trkpt>
<trkpt lat="47.1679868" lon="5.8187163">
	<ele>213.20</ele>
	<time>1970-01-01T00:00:00.000Z</time>
</trkpt>
<trkpt lat="47.1678405" lon="5.8200228">
	<ele>213.30</ele>
	<time>1970-01-01T00:00:00.000Z</time>
</trkpt>
<trkpt lat="47.1676273" lon="5.8208072">
	<ele>213.10</ele>
	<time>1970-01-01T00:00:00.000Z</time>
</trkpt>
<trkpt lat="47.1661401" lon="5.8248546">
	<ele>214.70</ele>
	<time>1970-01-01T00:00:00.000Z</time>
</trkpt>
<trkpt lat="47.1661046" lon="5.8263067">
	<ele>217.00</ele>
	<time>1970-01-01T00:00:00.000Z</time>
</trkpt>
<trkpt lat="47.1661437" lon="5.8273373">
	<ele>216.00</ele>
	<time>1970-01-01T00:00:00.000Z</time>
</trkpt>
<trkpt lat="47.1660723" lon="5.8278198">
	<ele>216.70</ele>
	<time>1970-01-01T00:00:00.000Z</time>
</trkpt>
<trkpt lat="47.1662266" lon="5.8294175">
	<ele>218.90</ele>
	<time>1970-01-01T00:00:00.000Z</time>
</trkpt>
<trkpt lat="47.1661927" lon="5.8297224">
	<ele>218.80</ele>
	<time>1970-01-01T00:00:00.000Z</time>
</trkpt>
<trkpt lat="47.1663221" lon="5.8299514">
	<ele>218.60</ele>
	<time>1970-01-01T00:00:00.000Z</time>
</trkpt>
<trkpt lat="47.1670282" lon="5.8322407">
	<ele>216.00</ele>
	<time>1970-01-01T00:00:00.000Z</time>
</trkpt>
<trkpt lat="47.1673029" lon="5.8342265">
	<ele>219.50</ele>
	<time>1970-01-01T00:00:00.000Z</time>
</trkpt>
<trkpt lat="47.1673809" lon="5.8357125">
	<ele>222.10</ele>
	<time>1970-01-01T00:00:00.000Z</time>
</trkpt>
<trkpt lat="47.1673830" lon="5.8369796">
	<ele>224.60</ele>
	<time>1970-01-01T00:00:00.000Z</time>
</trkpt>
<trkpt lat="47.1673112" lon="5.8377779">
	<ele>222.10</ele>
	<time>1970-01-01T00:00:00.000Z</time>
</trkpt>
<trkpt lat="47.1671008" lon="5.8393606">
	<ele>216.60</ele>
	<time>1970-01-01T00:00:00.000Z</time>
</trkpt>
<trkpt lat="47.1666889" lon="5.8415906">
	<ele>218.70</ele>
	<time>1970-01-01T00:00:00.000Z</time>
</trkpt>
<trkpt lat="47.1665651" lon="5.8419855">
	<ele>219.00</ele>
	<time>1970-01-01T00:00:00.000Z</time>
</trkpt>
<trkpt lat="47.1663852" lon="5.8432073">
	<ele>217.90</ele>
	<time>1970-01-01T00:00:00.000Z</time>
</trkpt>
<trkpt lat="47.1658104" lon="5.8463942">
	<ele>218.00</ele>
	<time>1970-01-01T00:00:00.000Z</time>
</trkpt>
<trkpt lat="47.1655895" lon="5.8472952">
	<ele>217.70</ele>
	<time>1970-01-01T00:00:00.000Z</time>
</trkpt>
<trkpt lat="47.1650684" lon="5.8487839">
	<ele>216.30</ele>
	<time>1970-01-01T00:00:00.000Z</time>
</trkpt>
<trkpt lat="47.1646324" lon="5.8497228">
	<ele>217.20</ele>
	<time>1970-01-01T00:00:00.000Z</time>
</trkpt>
<trkpt lat="47.1641757" lon="5.8505296">
	<ele>216.90</ele>
	<time>1970-01-01T00:00:00.000Z</time>
</trkpt>
<trkpt lat="47.1632130" lon="5.8516809">
	<ele>215.50</ele>
	<time>1970-01-01T00:00:00.000Z</time>
</trkpt>
<trkpt lat="47.1622557" lon="5.8526087">
	<ele>217.60</ele>
	<time>1970-01-01T00:00:00.000Z</time>
</trkpt>
<trkpt lat="47.1608415" lon="5.8537299">
	<ele>219.10</ele>
	<time>1970-01-01T00:00:00.000Z</time>
</trkpt>
<trkpt lat="47.1593674" lon="5.8550599">
	<ele>217.30</ele>
	<time>1970-01-01T00:00:00.000Z</time>
</trkpt>
<trkpt lat="47.1584313" lon="5.8557529">
	<ele>218.30</ele>
	<time>1970-01-01T00:00:00.000Z</time>
</trkpt>
<trkpt lat="47.1576170" lon="5.8562023">
	<ele>219.20</ele>
	<time>1970-01-01T00:00:00.000Z</time>
</trkpt>
<trkpt lat="47.1569220" lon="5.8564920">
	<ele>218.90</ele>
	<time>1970-01-01T00:00:00.000Z</time>
</trkpt>
<trkpt lat="47.1562237" lon="5.8565714">
	<ele>220.20</ele>
	<time>1970-01-01T00:00:00.000Z</time>
</trkpt>
<trkpt lat="47.1560336" lon="5.8567476">
	<ele>225.60</ele>
	<time>1970-01-01T00:00:00.000Z</time>
</trkpt>
<trkpt lat="47.1558263" lon="5.8566960">
	<ele>224.30</ele>
	<time>1970-01-01T00:00:00.000Z</time>
</trkpt>
<trkpt lat="47.1557526" lon="5.8565822">
	<ele>224.30</ele>
	<time>1970-01-01T00:00:00.000Z</time>
</trkpt>
<trkpt lat="47.1557624" lon="5.8562507">
	<ele>220.40</ele>
	<time>1970-01-01T00:00:00.000Z</time>
</trkpt>
<trkpt lat="47.1556657" lon="5.8560736">
	<ele>218.00</ele>
	<time>1970-01-01T00:00:00.000Z</time>
</trkpt>
<trkpt lat="47.1550482" lon="5.8561411">
	<ele>217.00</ele>
	<time>1970-01-01T00:00:00.000Z</time>
</trkpt>
<trkpt lat="47.1543618" lon="5.8560724">
	<ele>215.30</ele>
	<time>1970-01-01T00:00:00.000Z</time>
</trkpt>
<trkpt lat="47.1530595" lon="5.8556515">
	<ele>219.90</ele>
	<time>1970-01-01T00:00:00.000Z</time>
</trkpt>
<trkpt lat="47.1515936" lon="5.8549686">
	<ele>236.40</ele>
	<time>1970-01-01T00:00:00.000Z</time>
</trkpt>
<trkpt lat="47.1486100" lon="5.8534317">
	<ele>217.30</ele>
	<time>1970-01-01T00:00:00.000Z</time>
</trkpt>
<trkpt lat="47.1464398" lon="5.8525657">
	<ele>218.70</ele>
	<time>1970-01-01T00:00:00.000Z</time>
</trkpt>
<trkpt lat="47.1419351" lon="5.8504266">
	<ele>218.20</ele>
	<time>1970-01-01T00:00:00.000Z</time>
</trkpt>
<trkpt lat="47.1411801" lon="5.8503028">
	<ele>218.90</ele>
	<time>1970-01-01T00:00:00.000Z</time>
</trkpt>
<trkpt lat="47.1404112" lon="5.8507511">
	<ele>219.00</ele>
	<time>1970-01-01T00:00:00.000Z</time>
</trkpt>
<trkpt lat="47.1400745" lon="5.8512573">
	<ele>219.40</ele>
	<time>1970-01-01T00:00:00.000Z</time>
</trkpt>
<trkpt lat="47.1395441" lon="5.8525854">
	<ele>220.60</ele>
	<time>1970-01-01T00:00:00.000Z</time>
</trkpt>
<trkpt lat="47.1398271" lon="5.8527813">
	<ele>220.80</ele>
	<time>1970-01-01T00:00:00.000Z</time>
</trkpt>
<trkpt lat="47.1388478" lon="5.8628995">
	<ele>221.30</ele>
	<time>1970-01-01T00:00:00.000Z</time>
</trkpt>
<trkpt lat="47.1400457" lon="5.8676174">
	<ele>233.00</ele>
	<time>1970-01-01T00:00:00.000Z</time>
</trkpt>
<trkpt lat="47.1409199" lon="5.8706601">
	<ele>228.30</ele>
	<time>1970-01-01T00:00:00.000Z</time>
</trkpt>
<trkpt lat="47.1420187" lon="5.8734436">
	<ele>228.00</ele>
	<time>1970-01-01T00:00:00.000Z</time>
</trkpt>
<trkpt lat="47.1443582" lon="5.8790534">
	<ele>224.00</ele>
	<time>1970-01-01T00:00:00.000Z</time>
</trkpt>
<trkpt lat="47.1448806" lon="5.8800945">
	<ele>224.70</ele>
	<time>1970-01-01T00:00:00.000Z</time>
</trkpt>
<trkpt lat="47.1461338" lon="5.8814542">
	<ele>223.80</ele>
	<time>1970-01-01T00:00:00.000Z</time>
</trkpt>
<trkpt lat="47.1474620" lon="5.8826783">
	<ele>224.60</ele>
	<time>1970-01-01T00:00:00.000Z</time>
</trkpt>
<trkpt lat="47.1481155" lon="5.8832374">
	<ele>225.80</ele>
	<time>1970-01-01T00:00:00.000Z</time>
</trkpt>
<trkpt lat="47.1494511" lon="5.8832040">
	<ele>224.50</ele>
	<time>1970-01-01T00:00:00.000Z</time>
</trkpt>
<trkpt lat="47.1532105" lon="5.8834753">
	<ele>220.60</ele>
	<time>1970-01-01T00:00:00.000Z</time>
</trkpt>
<trkpt lat="47.1562635" lon="5.8833941">
	<ele>255.60</ele>
	<time>1970-01-01T00:00:00.000Z</time>
</trkpt>
<trkpt lat="47.1572575" lon="5.8828366">
	<ele>238.10</ele>
	<time>1970-01-01T00:00:00.000Z</time>
</trkpt>
<trkpt lat="47.1584142" lon="5.8824102">
	<ele>223.50</ele>
	<time>1970-01-01T00:00:00.000Z</time>
</trkpt>
<trkpt lat="47.1594747" lon="5.8823169">
	<ele>245.60</ele>
	<time>1970-01-01T00:00:00.000Z</time>
</trkpt>
<trkpt lat="47.1606611" lon="5.8825715">
	<ele>260.10</ele>
	<time>1970-01-01T00:00:00.000Z</time>
</trkpt>
<trkpt lat="47.1618927" lon="5.8833637">
	<ele>244.60</ele>
	<time>1970-01-01T00:00:00.000Z</time>
</trkpt>
<trkpt lat="47.1622675" lon="5.8837565">
	<ele>237.70</ele>
	<time>1970-01-01T00:00:00.000Z</time>
</trkpt>
<trkpt lat="47.1626758" lon="5.8843708">
	<ele>237.80</ele>
	<time>1970-01-01T00:00:00.000Z</time>
</trkpt>
<trkpt lat="47.1630720" lon="5.8853429">
	<ele>236.50</ele>
	<time>1970-01-01T00:00:00.000Z</time>
</trkpt>
<trkpt lat="47.1630982" lon="5.8855976">
	<ele>239.60</ele>
	<time>1970-01-01T00:00:00.000Z</time>
</trkpt>
<trkpt lat="47.1628322" lon="5.8856370">
	<ele>228.60</ele>
	<time>1970-01-01T00:00:00.000Z</time>
</trkpt>
<trkpt lat="47.1611245" lon="5.8866610">
	<ele>221.00</ele>
	<time>1970-01-01T00:00:00.000Z</time>
</trkpt>
<trkpt lat="47.1598226" lon="5.8873188">
	<ele>229.00</ele>
	<time>1970-01-01T00:00:00.000Z</time>
</trkpt>
<trkpt lat="47.1596837" lon="5.8876081">
	<ele>229.10</ele>
	<time>1970-01-01T00:00:00.000Z</time>
</trkpt>
<trkpt lat="47.1595571" lon="5.8877494">
	<ele>229.70</ele>
	<time>1970-01-01T00:00:00.000Z</time>
</trkpt>
<trkpt lat="47.1608379" lon="5.8892056">
	<ele>226.20</ele>
	<time>1970-01-01T00:00:00.000Z</time>
</trkpt>
<trkpt lat="47.1614108" lon="5.8902126">
	<ele>227.20</ele>
	<time>1970-01-01T00:00:00.000Z</time>
</trkpt>
<trkpt lat="47.1613066" lon="5.8907931">
	<ele>230.50</ele>
	<time>1970-01-01T00:00:00.000Z</time>
</trkpt>
<trkpt lat="47.1612201" lon="5.8909890">
	<ele>234.50</ele>
	<time>1970-01-01T00:00:00.000Z</time>
</trkpt>
<trkpt lat="47.1615099" lon="5.8915630">
	<ele>235.20</ele>
	<time>1970-01-01T00:00:00.000Z</time>
</trkpt>
<trkpt lat="47.1619937" lon="5.8930670">
	<ele>238.60</ele>
	<time>1970-01-01T00:00:00.000Z</time>
</trkpt>
<trkpt lat="47.1625196" lon="5.8960821">
	<ele>244.40</ele>
	<time>1970-01-01T00:00:00.000Z</time>
</trkpt>
<trkpt lat="47.1629610" lon="5.8978452">
	<ele>251.20</ele>
	<time>1970-01-01T00:00:00.000Z</time>
</trkpt>
<trkpt lat="47.1630754" lon="5.8984821">
	<ele>258.20</ele>
	<time>1970-01-01T00:00:00.000Z</time>
</trkpt>
<trkpt lat="47.1635571" lon="5.8999366">
	<ele>255.20</ele>
	<time>1970-01-01T00:00:00.000Z</time>
</trkpt>
<trkpt lat="47.1643588" lon="5.9016284">
	<ele>260.90</ele>
	<time>1970-01-01T00:00:00.000Z</time>
</trkpt>
<trkpt lat="47.1647896" lon="5.9023827">
	<ele>262.50</ele>
	<time>1970-01-01T00:00:00.000Z</time>
</trkpt>
<trkpt lat="47.1653244" lon="5.9030183">
	<ele>246.00</ele>
	<time>1970-01-01T00:00:00.000Z</time>
</trkpt>
<trkpt lat="47.1656078" lon="5.9032164">
	<ele>245.10</ele>
	<time>1970-01-01T00:00:00.000Z</time>
</trkpt>
<trkpt lat="47.1662295" lon="5.9033856">
	<ele>226.90</ele>
	<time>1970-01-01T00:00:00.000Z</time>
</trkpt>
<trkpt lat="47.1675120" lon="5.9031758">
	<ele>224.10</ele>
	<time>1970-01-01T00:00:00.000Z</time>
</trkpt>
<trkpt lat="47.1676638" lon="5.9029737">
	<ele>223.60</ele>
	<time>1970-01-01T00:00:00.000Z</time>
</trkpt>
<trkpt lat="47.1697458" lon="5.9058433">
	<ele>238.10</ele>
	<time>1970-01-01T00:00:00.000Z</time>
</trkpt>
<trkpt lat="47.1700401" lon="5.9059357">
	<ele>235.70</ele>
	<time>1970-01-01T00:00:00.000Z</time>
</trkpt>
<trkpt lat="47.1704045" lon="5.9058311">
	<ele>235.70</ele>
	<time>1970-01-01T00:00:00.000Z</time>
</trkpt>
<trkpt lat="47.1718141" lon="5.9048510">
	<ele>240.80</ele>
	<time>1970-01-01T00:00:00.000Z</time>
</trkpt>
<trkpt lat="47.1722206" lon="5.9048180">
	<ele>245.50</ele>
	<time>1970-01-01T00:00:00.000Z</time>
</trkpt>
<trkpt lat="47.1723553" lon="5.9049077">
	<ele>248.00</ele>
	<time>1970-01-01T00:00:00.000Z</time>
</trkpt>
<trkpt lat="47.1726195" lon="5.9055779">
	<ele>241.00</ele>
	<time>1970-01-01T00:00:00.000Z</time>
</trkpt>
<trkpt lat="47.1718685" lon="5.9066736">
	<ele>236.00</ele>
	<time>1970-01-01T00:00:00.000Z</time>
</trkpt>
<trkpt lat="47.1713741" lon="5.9082113">
	<ele>222.30</ele>
	<time>1970-01-01T00:00:00.000Z</time>
</trkpt>
<trkpt lat="47.1711282" lon="5.9085135">
	<ele>227.50</ele>
	<time>1970-01-01T00:00:00.000Z</time>
</trkpt>
<trkpt lat="47.1707437" lon="5.9095160">
	<ele>231.70</ele>
	<time>1970-01-01T00:00:00.000Z</time>
</trkpt>
<trkpt lat="47.1703912" lon="5.9106045">
	<ele>239.30</ele>
	<time>1970-01-01T00:00:00.000Z</time>
</trkpt>
<trkpt lat="47.1699622" lon="5.9123088">
	<ele>231.80</ele>
	<time>1970-01-01T00:00:00.000Z</time>
</trkpt>
<trkpt lat="47.1698555" lon="5.9128585">
	<ele>232.20</ele>
	<time>1970-01-01T00:00:00.000Z</time>
</trkpt>
<trkpt lat="47.1698316" lon="5.9133948">
	<ele>231.00</ele>
	<time>1970-01-01T00:00:00.000Z</time>
</trkpt>
<trkpt lat="47.1698758" lon="5.9136759">
	<ele>230.20</ele>
	<time>1970-01-01T00:00:00.000Z</time>
</trkpt>
<trkpt lat="47.1699689" lon="5.9140071">
	<ele>229.90</ele>
	<time>1970-01-01T00:00:00.000Z</time>
</trkpt>
<trkpt lat="47.1701902" lon="5.9144886">
	<ele>228.00</ele>
	<time>1970-01-01T00:00:00.000Z</time>
</trkpt>
<trkpt lat="47.1701627" lon="5.9146089">
	<ele>228.00</ele>
	<time>1970-01-01T00:00:00.000Z</time>
</trkpt>
<trkpt lat="47.1700849" lon="5.9146943">
	<ele>227.40</ele>
	<time>1970-01-01T00:00:00.000Z</time>
</trkpt>
<trkpt lat="47.1698683" lon="5.9148400">
	<ele>228.00</ele>
	<time>1970-01-01T00:00:00.000Z</time>
</trkpt>
<trkpt lat="47.1702821" lon="5.9162740">
	<ele>226.00</ele>
	<time>1970-01-01T00:00:00.000Z</time>
</trkpt>
<trkpt lat="47.1705947" lon="5.9175121">
	<ele>223.00</ele>
	<time>1970-01-01T00:00:00.000Z</time>
</trkpt>
<trkpt lat="47.1706280" lon="5.9215542">
	<ele>226.90</ele>
	<time>1970-01-01T00:00:00.000Z</time>
</trkpt>
<trkpt lat="47.1708918" lon="5.9263365">
	<ele>226.90</ele>
	<time>1970-01-01T00:00:00.000Z</time>
</trkpt>
<trkpt lat="47.1713738" lon="5.9292199">
	<ele>224.20</ele>
	<time>1970-01-01T00:00:00.000Z</time>
</trkpt>
<trkpt lat="47.1716691" lon="5.9307491">
	<ele>226.30</ele>
	<time>1970-01-01T00:00:00.000Z</time>
</trkpt>
<trkpt lat="47.1721928" lon="5.9322936">
	<ele>225.90</ele>
	<time>1970-01-01T00:00:00.000Z</time>
</trkpt>
<trkpt lat="47.1730714" lon="5.9352877">
	<ele>231.50</ele>
	<time>1970-01-01T00:00:00.000Z</time>
</trkpt>
<trkpt lat="47.1747897" lon="5.9406864">
	<ele>240.40</ele>
	<time>1970-01-01T00:00:00.000Z</time>
</trkpt>
<trkpt lat="47.1752744" lon="5.9416414">
	<ele>236.00</ele>
	<time>1970-01-01T00:00:00.000Z</time>
</trkpt>
<trkpt lat="47.1757696" lon="5.9422617">
	<ele>233.40</ele>
	<time>1970-01-01T00:00:00.000Z</time>
</trkpt>
<trkpt lat="47.1766670" lon="5.9428253">
	<ele>226.40</ele>
	<time>1970-01-01T00:00:00.000Z</time>
</trkpt>
<trkpt lat="47.1778391" lon="5.9437429">
	<ele>226.10</ele>
	<time>1970-01-01T00:00:00.000Z</time>
</trkpt>
<trkpt lat="47.1788918" lon="5.9448202">
	<ele>227.80</ele>
	<time>1970-01-01T00:00:00.000Z</time>
</trkpt>
<trkpt lat="47.1795504" lon="5.9457033">
	<ele>228.80</ele>
	<time>1970-01-01T00:00:00.000Z</time>
</trkpt>
<trkpt lat="47.1801558" lon="5.9466060">
	<ele>228.20</ele>
	<time>1970-01-01T00:00:00.000Z</time>
</trkpt>
<trkpt lat="47.1805906" lon="5.9477697">
	<ele>228.80</ele>
	<time>1970-01-01T00:00:00.000Z</time>
</trkpt>
<trkpt lat="47.1824659" lon="5.9555085">
	<ele>234.30</ele>
	<time>1970-01-01T00:00:00.000Z</time>
</trkpt>
<trkpt lat="47.1828338" lon="5.9565399">
	<ele>241.10</ele>
	<time>1970-01-01T00:00:00.000Z</time>
</trkpt>
<trkpt lat="47.1836931" lon="5.9580640">
	<ele>246.40</ele>
	<time>1970-01-01T00:00:00.000Z</time>
</trkpt>
<trkpt lat="47.1848793" lon="5.9600401">
	<ele>248.40</ele>
	<time>1970-01-01T00:00:00.000Z</time>
</trkpt>
<trkpt lat="47.1856961" lon="5.9615167">
	<ele>246.40</ele>
	<time>1970-01-01T00:00:00.000Z</time>
</trkpt>
<trkpt lat="47.1864899" lon="5.9628158">
	<ele>260.00</ele>
	<time>1970-01-01T00:00:00.000Z</time>
</trkpt>
<trkpt lat="47.1873645" lon="5.9635954">
	<ele>263.30</ele>
	<time>1970-01-01T00:00:00.000Z</time>
</trkpt>
<trkpt lat="47.1887325" lon="5.9642947">
	<ele>251.90</ele>
	<time>1970-01-01T00:00:00.000Z</time>
</trkpt>
<trkpt lat="47.1897052" lon="5.9643912">
	<ele>234.40</ele>
	<time>1970-01-01T00:00:00.000Z</time>
</trkpt>
<trkpt lat="47.1905970" lon="5.9642145">
	<ele>232.50</ele>
	<time>1970-01-01T00:00:00.000Z</time>
</trkpt>
<trkpt lat="47.1913615" lon="5.9635682">
	<ele>235.20</ele>
	<time>1970-01-01T00:00:00.000Z</time>
</trkpt>
<trkpt lat="47.1919940" lon="5.9626349">
	<ele>233.70</ele>
	<time>1970-01-01T00:00:00.000Z</time>
</trkpt>
<trkpt lat="47.1934351" lon="5.9601864">
	<ele>234.10</ele>
	<time>1970-01-01T00:00:00.000Z</time>
</trkpt>
<trkpt lat="47.1939045" lon="5.9596098">
	<ele>233.90</ele>
	<time>1970-01-01T00:00:00.000Z</time>
</trkpt>
<trkpt lat="47.1945587" lon="5.9592585">
	<ele>233.30</ele>
	<time>1970-01-01T00:00:00.000Z</time>
</trkpt>
<trkpt lat="47.1979193" lon="5.9594541">
	<ele>232.40</ele>
	<time>1970-01-01T00:00:00.000Z</time>
</trkpt>
<trkpt lat="47.1983322" lon="5.9599394">
	<ele>233.10</ele>
	<time>1970-01-01T00:00:00.000Z</time>
</trkpt>
<trkpt lat="47.1989091" lon="5.9610829">
	<ele>232.90</ele>
	<time>1970-01-01T00:00:00.000Z</time>
</trkpt>
<trkpt lat="47.1990008" lon="5.9615576">
	<ele>232.40</ele>
	<time>1970-01-01T00:00:00.000Z</time>
</trkpt>
<trkpt lat="47.1990438" lon="5.9622199">
	<ele>233.50</ele>
	<time>1970-01-01T00:00:00.000Z</time>
</trkpt>
<trkpt lat="47.1989852" lon="5.9643217">
	<ele>236.50</ele>
	<time>1970-01-01T00:00:00.000Z</time>
</trkpt>
<trkpt lat="47.1990464" lon="5.9647913">
	<ele>236.50</ele>
	<time>1970-01-01T00:00:00.000Z</time>
</trkpt>
<trkpt lat="47.1990556" lon="5.9654839">
	<ele>234.20</ele>
	<time>1970-01-01T00:00:00.000Z</time>
</trkpt>
<trkpt lat="47.1990355" lon="5.9659849">
	<ele>233.70</ele>
	<time>1970-01-01T00:00:00.000Z</time>
</trkpt>
<trkpt lat="47.1989593" lon="5.9664756">
	<ele>231.90</ele>
	<time>1970-01-01T00:00:00.000Z</time>
</trkpt>
<trkpt lat="47.1989999" lon="5.9673180">
	<ele>231.50</ele>
	<time>1970-01-01T00:00:00.000Z</time>
</trkpt>
<trkpt lat="47.1991649" lon="5.9693427">
	<ele>230.70</ele>
	<time>1970-01-01T00:00:00.000Z</time>
</trkpt>
<trkpt lat="47.1989324" lon="5.9767102">
	<ele>241.30</ele>
	<time>1970-01-01T00:00:00.000Z</time>
</trkpt>
<trkpt lat="47.1986993" lon="5.9804700">
	<ele>237.30</ele>
	<time>1970-01-01T00:00:00.000Z</time>
</trkpt>
<trkpt lat="47.1984724" lon="5.9822164">
	<ele>232.50</ele>
	<time>1970-01-01T00:00:00.000Z</time>
</trkpt>
<trkpt lat="47.1981395" lon="5.9837040">
	<ele>233.90</ele>
	<time>1970-01-01T00:00:00.000Z</time>
</trkpt>
<trkpt lat="47.1981647" lon="5.9847125">
	<ele>233.90</ele>
	<time>1970-01-01T00:00:00.000Z</time>
</trkpt>
<trkpt lat="47.1985735" lon="5.9862506">
	<ele>236.40</ele>
	<time>1970-01-01T00:00:00.000Z</time>
</trkpt>
<trkpt lat="47.1993194" lon="5.9879794">
	<ele>232.50</ele>
	<time>1970-01-01T00:00:00.000Z</time>
</trkpt>
<trkpt lat="47.2002833" lon="5.9906444">
	<ele>231.10</ele>
	<time>1970-01-01T00:00:00.000Z</time>
</trkpt>
<trkpt lat="47.2002776" lon="5.9909597">
	<ele>231.20</ele>
	<time>1970-01-01T00:00:00.000Z</time>
</trkpt>
<trkpt lat="47.2003601" lon="5.9914520">
	<ele>233.30</ele>
	<time>1970-01-01T00:00:00.000Z</time>
</trkpt>
<trkpt lat="47.2012728" lon="5.9930234">
	<ele>237.60</ele>
	<time>1970-01-01T00:00:00.000Z</time>
</trkpt>
<trkpt lat="47.2025134" lon="5.9939657">
	<ele>233.50</ele>
	<time>1970-01-01T00:00:00.000Z</time>
</trkpt>
<trkpt lat="47.2036110" lon="5.9945253">
	<ele>232.60</ele>
	<time>1970-01-01T00:00:00.000Z</time>
</trkpt>
<trkpt lat="47.2043283" lon="5.9947625">
	<ele>232.50</ele>
	<time>1970-01-01T00:00:00.000Z</time>
</trkpt>
<trkpt lat="47.2049640" lon="5.9950866">
	<ele>233.90</ele>
	<time>1970-01-01T00:00:00.000Z</time>
</trkpt>
<trkpt lat="47.2062681" lon="5.9956004">
	<ele>234.70</ele>
	<time>1970-01-01T00:00:00.000Z</time>
</trkpt>
<trkpt lat="47.2065775" lon="5.9958292">
	<ele>234.00</ele>
	<time>1970-01-01T00:00:00.000Z</time>
</trkpt>
<trkpt lat="47.2067389" lon="5.9950707">
	<ele>232.00</ele>
	<time>1970-01-01T00:00:00.000Z</time>
</trkpt>
<trkpt lat="47.2072667" lon="5.9952346">
	<ele>231.20</ele>
	<time>1970-01-01T00:00:00.000Z</time>
</trkpt>
<trkpt lat="47.2081610" lon="5.9958831">
	<ele>233.40</ele>
	<time>1970-01-01T00:00:00.000Z</time>
</trkpt>
<trkpt lat="47.2090063" lon="5.9962766">
	<ele>232.70</ele>
	<time>1970-01-01T00:00:00.000Z</time>
</trkpt>
<trkpt lat="47.2099472" lon="5.9972640">
	<ele>231.60</ele>
	<time>1970-01-01T00:00:00.000Z</time>
</trkpt>
<trkpt lat="47.2125001" lon="5.9997045">
	<ele>233.00</ele>
	<time>1970-01-01T00:00:00.000Z</time>
</trkpt>
<trkpt lat="47.2147651" lon="6.0022094">
	<ele>231.80</ele>
	<time>1970-01-01T00:00:00.000Z</time>
</trkpt>
<trkpt lat="47.2154749" lon="6.0032652">
	<ele>231.40</ele>
	<time>1970-01-01T00:00:00.000Z</time>
</trkpt>
<trkpt lat="47.2158423" lon="6.0042975">
	<ele>232.10</ele>
	<time>1970-01-01T00:00:00.000Z</time>
</trkpt>
<trkpt lat="47.2160930" lon="6.0054058">
	<ele>233.10</ele>
	<time>1970-01-01T00:00:00.000Z</time>
</trkpt>
<trkpt lat="47.2163250" lon="6.0071003">
	<ele>234.80</ele>
	<time>1970-01-01T00:00:00.000Z</time>
</trkpt>
<trkpt lat="47.2167008" lon="6.0132529">
	<ele>243.30</ele>
	<time>1970-01-01T00:00:00.000Z</time>
</trkpt>
<trkpt lat="47.2171512" lon="6.0170608">
	<ele>234.80</ele>
	<time>1970-01-01T00:00:00.000Z</time>
</trkpt>
<trkpt lat="47.2174481" lon="6.0185080">
	<ele>239.20</ele>
	<time>1970-01-01T00:00:00.000Z</time>
</trkpt>
<trkpt lat="47.2180222" lon="6.0202261">
	<ele>234.40</ele>
	<time>1970-01-01T00:00:00.000Z</time>
</trkpt>
<trkpt lat="47.2185010" lon="6.0213502">
	<ele>234.60</ele>
	<time>1970-01-01T00:00:00.000Z</time>
</trkpt>
<trkpt lat="47.2190395" lon="6.0223945">
	<ele>234.30</ele>
	<time>1970-01-01T00:00:00.000Z</time>
</trkpt>
<trkpt lat="47.2194094" lon="6.0233432">
	<ele>234.20</ele>
	<time>1970-01-01T00:00:00.000Z</time>
</trkpt>
<trkpt lat="47.2197223" lon="6.0242881">
	<ele>234.00</ele>
	<time>1970-01-01T00:00:00.000Z</time>
</trkpt>
<trkpt lat="47.2198452" lon="6.0258074">
	<ele>235.20</ele>
	<time>1970-01-01T00:00:00.000Z</time>
</trkpt>
<trkpt lat="47.2201366" lon="6.0274223">
	<ele>234.60</ele>
	<time>1970-01-01T00:00:00.000Z</time>
</trkpt>
<trkpt lat="47.2205529" lon="6.0287100">
	<ele>235.90</ele>
	<time>1970-01-01T00:00:00.000Z</time>
</trkpt>
<trkpt lat="47.2210423" lon="6.0294992">
	<ele>236.70</ele>
	<time>1970-01-01T00:00:00.000Z</time>
</trkpt>
<trkpt lat="47.2218250" lon="6.0300569">
	<ele>236.40</ele>
	<time>1970-01-01T00:00:00.000Z</time>
</trkpt>
<trkpt lat="47.2226676" lon="6.0305347">
	<ele>234.10</ele>
	<time>1970-01-01T00:00:00.000Z</time>
</trkpt>
<trkpt lat="47.2232345" lon="6.0309613">
	<ele>236.00</ele>
	<time>1970-01-01T00:00:00.000Z</time>
</trkpt>
<trkpt lat="47.2239558" lon="6.0313791">
	<ele>239.10</ele>
	<time>1970-01-01T00:00:00.000Z</time>
</trkpt>
<trkpt lat="47.2245339" lon="6.0315910">
	<ele>234.70</ele>
	<time>1970-01-01T00:00:00.000Z</time>
</trkpt>
<trkpt lat="47.2252043" lon="6.0319331">
	<ele>237.00</ele>
	<time>1970-01-01T00:00:00.000Z</time>
</trkpt>
<trkpt lat="47.2259316" lon="6.0325620">
	<ele>239.60</ele>
	<time>1970-01-01T00:00:00.000Z</time>
</trkpt>
<trkpt lat="47.2265181" lon="6.0325531">
	<ele>238.40</ele>
	<time>1970-01-01T00:00:00.000Z</time>
</trkpt>
<trkpt lat="47.2273825" lon="6.0323184">
	<ele>239.20</ele>
	<time>1970-01-01T00:00:00.000Z</time>
</trkpt>
<trkpt lat="47.2280354" lon="6.0318998">
	<ele>239.60</ele>
	<time>1970-01-01T00:00:00.000Z</time>
</trkpt>
<trkpt lat="47.2288919" lon="6.0305559">
	<ele>238.90</ele>
	<time>1970-01-01T00:00:00.000Z</time>
</trkpt>
<trkpt lat="47.2292640" lon="6.0303436">
	<ele>242.70</ele>
	<time>1970-01-01T00:00:00.000Z</time>
</trkpt>
<trkpt lat="47.2297194" lon="6.0304088">
	<ele>251.10</ele>
	<time>1970-01-01T00:00:00.000Z</time>
</trkpt>
<trkpt lat="47.2297033" lon="6.0305119">
	<ele>251.10</ele>
	<time>1970-01-01T00:00:00.000Z</time>
</trkpt>
<trkpt lat="47.2296354" lon="6.0306301">
	<ele>256.10</ele>
	<time>1970-01-01T00:00:00.000Z</time>
</trkpt>
<trkpt lat="47.2296415" lon="6.0306789">
	<ele>256.10</ele>
	<time>1970-01-01T00:00:00.000Z</time>
</trkpt>
<trkpt lat="47.2297493" lon="6.0304840">
	<ele>256.90</ele>
	<time>1970-01-01T00:00:00.000Z</time>
</trkpt>
<trkpt lat="47.2297987" lon="6.0304599">
	<ele>256.90</ele>
	<time>1970-01-01T00:00:00.000Z</time>
</trkpt>
<trkpt lat="47.2298657" lon="6.0305175">
	<ele>256.90</ele>
	<time>1970-01-01T00:00:00.000Z</time>
</trkpt>
<trkpt lat="47.2314639" lon="6.0359397">
	<ele>253.40</ele>
	<time>1970-01-01T00:00:00.000Z</time>
</trkpt>
<trkpt lat="47.2313474" lon="6.0362402">
	<ele>243.00</ele>
	<time>1970-01-01T00:00:00.000Z</time>
</trkpt>
<trkpt lat="47.2310560" lon="6.0365879">
	<ele>240.80</ele>
	<time>1970-01-01T00:00:00.000Z</time>
</trkpt>
<trkpt lat="47.2287456" lon="6.0385189">
	<ele>248.60</ele>
	<time>1970-01-01T00:00:00.000Z</time>
</trkpt>
<trkpt lat="47.2280533" lon="6.0388242">
	<ele>249.90</ele>
	<time>1970-01-01T00:00:00.000Z</time>
</trkpt>
<trkpt lat="47.2275491" lon="6.0393160">
	<ele>242.60</ele>
	<time>1970-01-01T00:00:00.000Z</time>
</trkpt>
<trkpt lat="47.2267016" lon="6.0409653">
	<ele>245.20</ele>
	<time>1970-01-01T00:00:00.000Z</time>
</trkpt>
<trkpt lat="47.2260690" lon="6.0430895">
	<ele>249.50</ele>
	<time>1970-01-01T00:00:00.000Z</time>
</trkpt>
<trkpt lat="47.2258726" lon="6.0444275">
	<ele>256.40</ele>
	<time>1970-01-01T00:00:00.000Z</time>
</trkpt>
<trkpt lat="47.2258077" lon="6.0451271">
	<ele>256.90</ele>
	<time>1970-01-01T00:00:00.000Z</time>
</trkpt>
<trkpt lat="47.2260844" lon="6.0483612">
	<ele>248.00</ele>
	<time>1970-01-01T00:00:00.000Z</time>
</trkpt>
<trkpt lat="47.2267581" lon="6.0509972">
	<ele>249.50</ele>
	<time>1970-01-01T00:00:00.000Z</time>
</trkpt>
<trkpt lat="47.2274095" lon="6.0531799">
	<ele>246.60</ele>
	<time>1970-01-01T00:00:00.000Z</time>
</trkpt>
<trkpt lat="47.2280216" lon="6.0546212">
	<ele>254.70</ele>
	<time>1970-01-01T00:00:00.000Z</time>
</trkpt>
<trkpt lat="47.2288236" lon="6.0560610">
	<ele>241.30</ele>
	<time>1970-01-01T00:00:00.000Z</time>
</trkpt>
<trkpt lat="47.2308050" lon="6.0582602">
	<ele>241.60</ele>
	<time>1970-01-01T00:00:00.000Z</time>
</trkpt>
<trkpt lat="47.2318972" lon="6.0591744">
	<ele>247.80</ele>
	<time>1970-01-01T00:00:00.000Z</time>
</trkpt>
<trkpt lat="47.2324768" lon="6.0597404">
	<ele>246.00</ele>
	<time>1970-01-01T00:00:00.000Z</time>
</trkpt>
<trkpt lat="47.2331516" lon="6.0604750">
	<ele>249.30</ele>
	<time>1970-01-01T00:00:00.000Z</time>
</trkpt>
<trkpt lat="47.2340981" lon="6.0609615">
	<ele>240.70</ele>
	<time>1970-01-01T00:00:00.000Z</time>
</trkpt>
<trkpt lat="47.2350600" lon="6.0612803">
	<ele>245.00</ele>
	<time>1970-01-01T00:00:00.000Z</time>
</trkpt>
<trkpt lat="47.2361958" lon="6.0615273">
	<ele>239.50</ele>
	<time>1970-01-01T00:00:00.000Z</time>
</trkpt>
<trkpt lat="47.2371549" lon="6.0619300">
	<ele>240.70</ele>
	<time>1970-01-01T00:00:00.000Z</time>
</trkpt>
<trkpt lat="47.2379919" lon="6.0625760">
	<ele>239.90</ele>
	<time>1970-01-01T00:00:00.000Z</time>
</trkpt>
<trkpt lat="47.2389321" lon="6.0635651">
	<ele>240.60</ele>
	<time>1970-01-01T00:00:00.000Z</time>
</trkpt>
<trkpt lat="47.2396467" lon="6.0644546">
	<ele>240.00</ele>
	<time>1970-01-01T00:00:00.000Z</time>
</trkpt>
<trkpt lat="47.2410815" lon="6.0660661">
	<ele>240.10</ele>
	<time>1970-01-01T00:00:00.000Z</time>
</trkpt>
<trkpt lat="47.2417687" lon="6.0669687">
	<ele>247.00</ele>
	<time>1970-01-01T00:00:00.000Z</time>
</trkpt>
<trkpt lat="47.2450229" lon="6.0683060">
	<ele>241.60</ele>
	<time>1970-01-01T00:00:00.000Z</time>
</trkpt>
<trkpt lat="47.2460135" lon="6.0690627">
	<ele>240.80</ele>
	<time>1970-01-01T00:00:00.000Z</time>
</trkpt>
<trkpt lat="47.2464366" lon="6.0696469">
	<ele>243.00</ele>
	<time>1970-01-01T00:00:00.000Z</time>
</trkpt>
<trkpt lat="47.2476642" lon="6.0715374">
	<ele>241.30</ele>
	<time>1970-01-01T00:00:00.000Z</time>
</trkpt>
<trkpt lat="47.2483033" lon="6.0726101">
	<ele>244.00</ele>
	<time>1970-01-01T00:00:00.000Z</time>
</trkpt>
<trkpt lat="47.2487293" lon="6.0730825">
	<ele>243.20</ele>
	<time>1970-01-01T00:00:00.000Z</time>
</trkpt>
<trkpt lat="47.2492316" lon="6.0735594">
	<ele>243.20</ele>
	<time>1970-01-01T00:00:00.000Z</time>
</trkpt>
<trkpt lat="47.2504273" lon="6.0744960">
	<ele>244.70</ele>
	<time>1970-01-01T00:00:00.000Z</time>
</trkpt>
<trkpt lat="47.2510964" lon="6.0751504">
	<ele>245.10</ele>
	<time>1970-01-01T00:00:00.000Z</time>
</trkpt>
<trkpt lat="47.2516147" lon="6.0757403">
	<ele>242.20</ele>
	<time>1970-01-01T00:00:00.000Z</time>
</trkpt>
<trkpt lat="47.2519631" lon="6.0762643">
	<ele>241.50</ele>
	<time>1970-01-01T00:00:00.000Z</time>
</trkpt>
<trkpt lat="47.2524416" lon="6.0776361">
	<ele>241.30</ele>
	<time>1970-01-01T00:00:00.000Z</time>
</trkpt>
<trkpt lat="47.2526646" lon="6.0785731">
	<ele>241.60</ele>
	<time>1970-01-01T00:00:00.000Z</time>
</trkpt>
<trkpt lat="47.2528141" lon="6.0799026">
	<ele>247.60</ele>
	<time>1970-01-01T00:00:00.000Z</time>
</trkpt>
<trkpt lat="47.2534146" lon="6.0807845">
	<ele>255.20</ele>
	<time>1970-01-01T00:00:00.000Z</time>
</trkpt>
<trkpt lat="47.2549251" lon="6.0818142">
	<ele>249.30</ele>
	<time>1970-01-01T00:00:00.000Z</time>
</trkpt>
<trkpt lat="47.2571666" lon="6.0832311">
	<ele>247.90</ele>
	<time>1970-01-01T00:00:00.000Z</time>
</trkpt>
<trkpt lat="47.2587424" lon="6.0840136">
	<ele>248.80</ele>
	<time>1970-01-01T00:00:00.000Z</time>
</trkpt>
<trkpt lat="47.2598700" lon="6.0845125">
	<ele>255.60</ele>
	<time>1970-01-01T00:00:00.000Z</time>
</trkpt>
<trkpt lat="47.2624917" lon="6.0865444">
	<ele>253.40</ele>
	<time>1970-01-01T00:00:00.000Z</time>
</trkpt>
<trkpt lat="47.2667680" lon="6.0886926">
	<ele>249.50</ele>
	<time>1970-01-01T00:00:00.000Z</time>
</trkpt>
<trkpt lat="47.2675125" lon="6.0886608">
	<ele>247.70</ele>
	<time>1970-01-01T00:00:00.000Z</time>
</trkpt>
<trkpt lat="47.2682679" lon="6.0882938">
	<ele>247.40</ele>
	<time>1970-01-01T00:00:00.000Z</time>
</trkpt>
<trkpt lat="47.2685858" lon="6.0873079">
	<ele>245.30</ele>
	<time>1970-01-01T00:00:00.000Z</time>
</trkpt>
<trkpt lat="47.2685669" lon="6.0861303">
	<ele>244.70</ele>
	<time>1970-01-01T00:00:00.000Z</time>
</trkpt>
<trkpt lat="47.2687028" lon="6.0854677">
	<ele>244.60</ele>
	<time>1970-01-01T00:00:00.000Z</time>
</trkpt>
<trkpt lat="47.2690587" lon="6.0850726">
	<ele>244.40</ele>
	<time>1970-01-01T00:00:00.000Z</time>
</trkpt>
<trkpt lat="47.2708001" lon="6.0846870">
	<ele>243.00</ele>
	<time>1970-01-01T00:00:00.000Z</time>
</trkpt>
<trkpt lat="47.2710068" lon="6.0849572">
	<ele>243.70</ele>
	<time>1970-01-01T00:00:00.000Z</time>
</trkpt>
<trkpt lat="47.2710883" lon="6.0859711">
	<ele>243.40</ele>
	<time>1970-01-01T00:00:00.000Z</time>
</trkpt>
<trkpt lat="47.2710502" lon="6.0871447">
	<ele>243.00</ele>
	<time>1970-01-01T00:00:00.000Z</time>
</trkpt>
<trkpt lat="47.2705688" lon="6.0913958">
	<ele>244.90</ele>
	<time>1970-01-01T00:00:00.000Z</time>
</trkpt>
<trkpt lat="47.2702751" lon="6.0933916">
	<ele>247.20</ele>
	<time>1970-01-01T00:00:00.000Z</time>
</trkpt>
<trkpt lat="47.2700438" lon="6.0952238">
	<ele>246.00</ele>
	<time>1970-01-01T00:00:00.000Z</time>
</trkpt>
<trkpt lat="47.2700979" lon="6.0970760">
	<ele>243.20</ele>
	<time>1970-01-01T00:00:00.000Z</time>
</trkpt>
<trkpt lat="47.2700433" lon="6.0987525">
	<ele>244.40</ele>
	<time>1970-01-01T00:00:00.000Z</time>
</trkpt>
<trkpt lat="47.2700620" lon="6.0999301">
	<ele>245.50</ele>
	<time>1970-01-01T00:00:00.000Z</time>
</trkpt>
<trkpt lat="47.2699640" lon="6.1011835">
	<ele>246.70</ele>
	<time>1970-01-01T00:00:00.000Z</time>
</trkpt>
<trkpt lat="47.2696756" lon="6.1030116">
	<ele>245.50</ele>
	<time>1970-01-01T00:00:00.000Z</time>
</trkpt>
<trkpt lat="47.2694082" lon="6.1076976">
	<ele>245.50</ele>
	<time>1970-01-01T00:00:00.000Z</time>
</trkpt>
<trkpt lat="47.2695300" lon="6.1092186">
	<ele>245.20</ele>
	<time>1970-01-01T00:00:00.000Z</time>
</trkpt>
<trkpt lat="47.2697062" lon="6.1108273">
	<ele>246.40</ele>
	<time>1970-01-01T00:00:00.000Z</time>
</trkpt>
<trkpt lat="47.2701188" lon="6.1122008">
	<ele>246.30</ele>
	<time>1970-01-01T00:00:00.000Z</time>
</trkpt>
<trkpt lat="47.2707135" lon="6.1132510">
	<ele>247.20</ele>
	<time>1970-01-01T00:00:00.000Z</time>
</trkpt>
<trkpt lat="47.2713679" lon="6.1142214">
	<ele>247.00</ele>
	<time>1970-01-01T00:00:00.000Z</time>
</trkpt>
<trkpt lat="47.2731333" lon="6.1161949">
	<ele>249.90</ele>
	<time>1970-01-01T00:00:00.000Z</time>
</trkpt>
<trkpt lat="47.2735135" lon="6.1168099">
	<ele>249.50</ele>
	<time>1970-01-01T00:00:00.000Z</time>
</trkpt>
<trkpt lat="47.2745103" lon="6.1178047">
	<ele>249.80</ele>
	<time>1970-01-01T00:00:00.000Z</time>
</trkpt>
<trkpt lat="47.2755015" lon="6.1189672">
	<ele>245.10</ele>
	<time>1970-01-01T00:00:00.000Z</time>
</trkpt>
<trkpt lat="47.2768297" lon="6.1203215">
	<ele>249.90</ele>
	<time>1970-01-01T00:00:00.000Z</time>
</trkpt>
<trkpt lat="47.2774408" lon="6.1208689">
	<ele>252.20</ele>
	<time>1970-01-01T00:00:00.000Z</time>
</trkpt>
<trkpt lat="47.2784863" lon="6.1221194">
	<ele>258.50</ele>
	<time>1970-01-01T00:00:00.000Z</time>
</trkpt>
<trkpt lat="47.2790349" lon="6.1228306">
	<ele>258.50</ele>
	<time>1970-01-01T00:00:00.000Z</time>
</trkpt>
<trkpt lat="47.2795209" lon="6.1237053">
	<ele>259.80</ele>
	<time>1970-01-01T00:00:00.000Z</time>
</trkpt>
<trkpt lat="47.2800124" lon="6.1244124">
	<ele>256.00</ele>
	<time>1970-01-01T00:00:00.000Z</time>
</trkpt>
<trkpt lat="47.2806227" lon="6.1267246">
	<ele>247.40</ele>
	<time>1970-01-01T00:00:00.000Z</time>
</trkpt>
<trkpt lat="47.2808447" lon="6.1286733">
	<ele>245.50</ele>
	<time>1970-01-01T00:00:00.000Z</time>
</trkpt>
<trkpt lat="47.2813078" lon="6.1319835">
	<ele>245.00</ele>
	<time>1970-01-01T00:00:00.000Z</time>
</trkpt>
<trkpt lat="47.2816622" lon="6.1351181">
	<ele>245.00</ele>
	<time>1970-01-01T00:00:00.000Z</time>
</trkpt>
<trkpt lat="47.2825796" lon="6.1367801">
	<ele>245.20</ele>
	<time>1970-01-01T00:00:00.000Z</time>
</trkpt>
<trkpt lat="47.2841053" lon="6.1390736">
	<ele>246.50</ele>
	<time>1970-01-01T00:00:00.000Z</time>
</trkpt>
<trkpt lat="47.2843685" lon="6.1397647">
	<ele>245.70</ele>
	<time>1970-01-01T00:00:00.000Z</time>
</trkpt>
<trkpt lat="47.2845682" lon="6.1423842">
	<ele>245.30</ele>
	<time>1970-01-01T00:00:00.000Z</time>
</trkpt>
<trkpt lat="47.2849250" lon="6.1454352">
	<ele>245.90</ele>
	<time>1970-01-01T00:00:00.000Z</time>
</trkpt>
<trkpt lat="47.2856120" lon="6.1481339">
	<ele>248.30</ele>
	<time>1970-01-01T00:00:00.000Z</time>
</trkpt>
<trkpt lat="47.2862961" lon="6.1496963">
	<ele>250.90</ele>
	<time>1970-01-01T00:00:00.000Z</time>
</trkpt>
<trkpt lat="47.2868263" lon="6.1514641">
	<ele>248.20</ele>
	<time>1970-01-01T00:00:00.000Z</time>
</trkpt>
<trkpt lat="47.2874816" lon="6.1538895">
	<ele>247.60</ele>
	<time>1970-01-01T00:00:00.000Z</time>
</trkpt>
<trkpt lat="47.2879868" lon="6.1564122">
	<ele>249.10</ele>
	<time>1970-01-01T00:00:00.000Z</time>
</trkpt>
<trkpt lat="47.2889610" lon="6.1625366">
	<ele>248.10</ele>
	<time>1970-01-01T00:00:00.000Z</time>
</trkpt>
<trkpt lat="47.2891795" lon="6.1648229">
	<ele>249.40</ele>
	<time>1970-01-01T00:00:00.000Z</time>
</trkpt>
<trkpt lat="47.2893138" lon="6.1674275">
	<ele>249.90</ele>
	<time>1970-01-01T00:00:00.000Z</time>
</trkpt>
<trkpt lat="47.2895124" lon="6.1725235">
	<ele>248.50</ele>
	<time>1970-01-01T00:00:00.000Z</time>
</trkpt>
<trkpt lat="47.2896825" lon="6.1740494">
	<ele>247.80</ele>
	<time>1970-01-01T00:00:00.000Z</time>
</trkpt>
<trkpt lat="47.2897288" lon="6.1747707">
	<ele>251.80</ele>
	<time>1970-01-01T00:00:00.000Z</time>
</trkpt>
<trkpt lat="47.2901151" lon="6.1756630">
	<ele>258.00</ele>
	<time>1970-01-01T00:00:00.000Z</time>
</trkpt>
<trkpt lat="47.2899747" lon="6.1757912">
	<ele>255.40</ele>
	<time>1970-01-01T00:00:00.000Z</time>
</trkpt>
<trkpt lat="47.2903308" lon="6.1768900">
	<ele>256.80</ele>
	<time>1970-01-01T00:00:00.000Z</time>
</trkpt>
<trkpt lat="47.2905628" lon="6.1785458">
	<ele>253.60</ele>
	<time>1970-01-01T00:00:00.000Z</time>
</trkpt>
<trkpt lat="47.2907257" lon="6.1792486">
	<ele>260.30</ele>
	<time>1970-01-01T00:00:00.000Z</time>
</trkpt>
<trkpt lat="47.2907782" lon="6.1814225">
	<ele>254.50</ele>
	<time>1970-01-01T00:00:00.000Z</time>
</trkpt>
<trkpt lat="47.2903501" lon="6.1832299">
	<ele>251.00</ele>
	<time>1970-01-01T00:00:00.000Z</time>
</trkpt>
<trkpt lat="47.2897752" lon="6.1850266">
	<ele>251.20</ele>
	<time>1970-01-01T00:00:00.000Z</time>
</trkpt>
<trkpt lat="47.2892479" lon="6.1871013">
	<ele>250.90</ele>
	<time>1970-01-01T00:00:00.000Z</time>
</trkpt>
<trkpt lat="47.2887211" lon="6.1896582">
	<ele>251.50</ele>
	<time>1970-01-01T00:00:00.000Z</time>
</trkpt>
<trkpt lat="47.2887334" lon="6.1914973">
	<ele>253.20</ele>
	<time>1970-01-01T00:00:00.000Z</time>
</trkpt>
<trkpt lat="47.2890115" lon="6.1963829">
	<ele>254.60</ele>
	<time>1970-01-01T00:00:00.000Z</time>
</trkpt>
<trkpt lat="47.2894495" lon="6.1986851">
	<ele>252.80</ele>
	<time>1970-01-01T00:00:00.000Z</time>
</trkpt>
<trkpt lat="47.2899055" lon="6.2004482">
	<ele>253.40</ele>
	<time>1970-01-01T00:00:00.000Z</time>
</trkpt>
<trkpt lat="47.2906976" lon="6.2021284">
	<ele>251.90</ele>
	<time>1970-01-01T00:00:00.000Z</time>
</trkpt>
<trkpt lat="47.2908571" lon="6.2023715">
	<ele>251.80</ele>
	<time>1970-01-01T00:00:00.000Z</time>
</trkpt>
<trkpt lat="47.2913114" lon="6.2026500">
	<ele>254.30</ele>
	<time>1970-01-01T00:00:00.000Z</time>
</trkpt>
<trkpt lat="47.2914212" lon="6.2025704">
	<ele>254.00</ele>
	<time>1970-01-01T00:00:00.000Z</time>
</trkpt>
<trkpt lat="47.2924194" lon="6.2032655">
	<ele>254.70</ele>
	<time>1970-01-01T00:00:00.000Z</time>
</trkpt>
<trkpt lat="47.2925529" lon="6.2029230">
	<ele>254.60</ele>
	<time>1970-01-01T00:00:00.000Z</time>
</trkpt>
<trkpt lat="47.2935480" lon="6.2034869">
	<ele>253.70</ele>
	<time>1970-01-01T00:00:00.000Z</time>
</trkpt>
<trkpt lat="47.2946208" lon="6.2039531">
	<ele>254.60</ele>
	<time>1970-01-01T00:00:00.000Z</time>
</trkpt>
<trkpt lat="47.2951921" lon="6.2041608">
	<ele>255.80</ele>
	<time>1970-01-01T00:00:00.000Z</time>
</trkpt>
<trkpt lat="47.2976076" lon="6.2047466">
	<ele>274.10</ele>
	<time>1970-01-01T00:00:00.000Z</time>
</trkpt>
<trkpt lat="47.3013066" lon="6.2062395">
	<ele>277.00</ele>
	<time>1970-01-01T00:00:00.000Z</time>
</trkpt>
<trkpt lat="47.3023564" lon="6.2068068">
	<ele>273.70</ele>
	<time>1970-01-01T00:00:00.000Z</time>
</trkpt>
<trkpt lat="47.3031241" lon="6.2074940">
	<ele>261.80</ele>
	<time>1970-01-01T00:00:00.000Z</time>
</trkpt>
<trkpt lat="47.3035867" lon="6.2083522">
	<ele>255.30</ele>
	<time>1970-01-01T00:00:00.000Z</time>
</trkpt>
<trkpt lat="47.3037988" lon="6.2092165">
	<ele>258.30</ele>
	<time>1970-01-01T00:00:00.000Z</time>
</trkpt>
<trkpt lat="47.3038254" lon="6.2092061">
	<ele>258.11</ele>
	<time>1970-01-01T00:00:00.000Z</time>
</trkpt>
<trkpt lat="47.3038597" lon="6.2093968">
	<ele>257.66</ele>
	<time>1970-01-01T00:00:02.672Z</time>
</trkpt>
<trkpt lat="47.3038826" lon="6.2096090">
	<ele>256.59</ele>
	<time>1970-01-01T00:00:05.684Z</time>
</trkpt>
<trkpt lat="47.3039207" lon="6.2101312">
	<ele>255.91</ele>
	<time>1970-01-01T00:00:13.000Z</time>
</trkpt>
<trkpt lat="47.3039322" lon="6.2105050">
	<ele>256.24</ele>
	<time>1970-01-01T00:00:17.429Z</time>
</trkpt>
<trkpt lat="47.3039131" lon="6.2108011">
	<ele>255.57</ele>
	<time>1970-01-01T00:00:20.568Z</time>
</trkpt>
<trkpt lat="47.3038559" lon="6.2112350">
	<ele>255.64</ele>
	<time>1970-01-01T00:00:26.355Z</time>
</trkpt>
<trkpt lat="47.3037491" lon="6.2118158">
	<ele>257.00</ele>
	<time>1970-01-01T00:00:36.680Z</time>
</trkpt>
<trkpt lat="47.3036613" lon="6.2122269">
	<ele>256.37</ele>
	<time>1970-01-01T00:00:43.504Z</time>
</trkpt>
<trkpt lat="47.3035698" lon="6.2126260">
	<ele>256.92</ele>
	<time>1970-01-01T00:00:48.718Z</time>
</trkpt>
<trkpt lat="47.3035164" lon="6.2128820">
	<ele>257.34</ele>
	<time>1970-01-01T00:00:51.630Z</time>
</trkpt>
<trkpt lat="47.3034782" lon="6.2131338">
	<ele>257.37</ele>
	<time>1970-01-01T00:00:54.302Z</time>
</trkpt>
<trkpt lat="47.3033791" lon="6.2138758">
	<ele>256.18</ele>
	<time>1970-01-01T00:01:00.884Z</time>
</trkpt>
<trkpt lat="47.3033524" lon="6.2140212">
	<ele>256.29</ele>
	<time>1970-01-01T00:01:02.095Z</time>
</trkpt>
<trkpt lat="47.3032990" lon="6.2142148">
	<ele>256.70</ele>
	<time>1970-01-01T00:01:03.718Z</time>
</trkpt>
<trkpt lat="47.3032684" lon="6.2142968">
	<ele>257.01</ele>
	<time>1970-01-01T00:01:04.459Z</time>
</trkpt>
<trkpt lat="47.3031921" lon="6.2144418">
	<ele>256.90</ele>
	<time>1970-01-01T00:01:05.876Z</time>
</trkpt>
<trkpt lat="47.3029404" lon="6.2148161">
	<ele>256.36</ele>
	<time>1970-01-01T00:01:10.700Z</time>
</trkpt>
<trkpt lat="47.3028526" lon="6.2149611">
	<ele>256.22</ele>
	<time>1970-01-01T00:01:12.311Z</time>
</trkpt>
<trkpt lat="47.3027916" lon="6.2150841">
	<ele>256.50</ele>
	<time>1970-01-01T00:01:13.492Z</time>
</trkpt>
<trkpt lat="47.3027115" lon="6.2152929">
	<ele>258.60</ele>
	<time>1970-01-01T00:01:15.615Z</time>
</trkpt>
<trkpt lat="47.3026199" lon="6.2155018">
	<ele>257.80</ele>
	<time>1970-01-01T00:01:17.865Z</time>
</trkpt>
<trkpt lat="47.3025131" lon="6.2157068">
	<ele>256.07</ele>
	<time>1970-01-01T00:01:20.045Z</time>
</trkpt>
<trkpt lat="47.3023949" lon="6.2158909">
	<ele>256.96</ele>
	<time>1970-01-01T00:01:22.357Z</time>
</trkpt>
<trkpt lat="47.3020973" lon="6.2162852">
	<ele>257.92</ele>
	<time>1970-01-01T00:01:28.718Z</time>
</trkpt>
<trkpt lat="47.3019142" lon="6.2165308">
	<ele>257.24</ele>
	<time>1970-01-01T00:01:32.328Z</time>
</trkpt>
<trkpt lat="47.3015823" lon="6.2169981">
	<ele>256.47</ele>
	<time>1970-01-01T00:01:37.678Z</time>
</trkpt>
<trkpt lat="47.3004570" lon="6.2189269">
	<ele>255.58</ele>
	<time>1970-01-01T00:02:08.476Z</time>
</trkpt>
<trkpt lat="47.2998772" lon="6.2199240">
	<ele>255.82</ele>
	<time>1970-01-01T00:02:21.399Z</time>
</trkpt>
<trkpt lat="47.2998047" lon="6.2199221">
	<ele>255.66</ele>
	<time>1970-01-01T00:02:22.709Z</time>
</trkpt>
<trkpt lat="47.2997704" lon="6.2199450">
	<ele>255.72</ele>
	<time>1970-01-01T00:02:23.365Z</time>
</trkpt>
<trkpt lat="47.2997093" lon="6.2200241">
	<ele>256.11</ele>
	<time>1970-01-01T00:02:25.052Z</time>
</trkpt>
<trkpt lat="47.2994080" lon="6.2205110">
	<ele>256.75</ele>
	<time>1970-01-01T00:02:36.435Z</time>
</trkpt>
<trkpt lat="47.2991867" lon="6.2209039">
	<ele>257.19</ele>
	<time>1970-01-01T00:02:42.731Z</time>
</trkpt>
<trkpt lat="47.2991371" lon="6.2210059">
	<ele>257.00</ele>
	<time>1970-01-01T00:02:43.677Z</time>
</trkpt>
<trkpt lat="47.2991028" lon="6.2211008">
	<ele>256.83</ele>
	<time>1970-01-01T00:02:44.493Z</time>
</trkpt>
<trkpt lat="47.2990608" lon="6.2211671">
	<ele>256.78</ele>
	<time>1970-01-01T00:02:45.259Z</time>
</trkpt>
<trkpt lat="47.2990150" lon="6.2212238">
	<ele>256.79</ele>
	<time>1970-01-01T00:02:46.082Z</time>
</trkpt>
<trkpt lat="47.2989922" lon="6.2212648">
	<ele>256.87</ele>
	<time>1970-01-01T00:02:46.560Z</time>
</trkpt>
<trkpt lat="47.2989731" lon="6.2213531">
	<ele>257.06</ele>
	<time>1970-01-01T00:02:47.454Z</time>
</trkpt>
<trkpt lat="47.2989502" lon="6.2214561">
	<ele>257.12</ele>
	<time>1970-01-01T00:02:48.495Z</time>
</trkpt>
<trkpt lat="47.2988663" lon="6.2214808">
	<ele>256.94</ele>
	<time>1970-01-01T00:02:49.752Z</time>
</trkpt>
<trkpt lat="47.2988396" lon="6.2215052">
	<ele>256.77</ele>
	<time>1970-01-01T00:02:50.116Z</time>
</trkpt>
<trkpt lat="47.2988129" lon="6.2215462">
	<ele>256.55</ele>
	<time>1970-01-01T00:02:50.605Z</time>
</trkpt>
<trkpt lat="47.2987480" lon="6.2217059">
	<ele>256.00</ele>
	<time>1970-01-01T00:02:52.358Z</time>
</trkpt>
<trkpt lat="47.2987099" lon="6.2218528">
	<ele>255.66</ele>
	<time>1970-01-01T00:02:54.092Z</time>
</trkpt>
<trkpt lat="47.2985725" lon="6.2223902">
	<ele>258.01</ele>
	<time>1970-01-01T00:03:04.166Z</time>
</trkpt>
<trkpt lat="47.2984238" lon="6.2231131">
	<ele>256.25</ele>
	<time>1970-01-01T00:03:17.912Z</time>
</trkpt>
<trkpt lat="47.2981491" lon="6.2242432">
	<ele>256.29</ele>
	<time>1970-01-01T00:03:37.853Z</time>
</trkpt>
<trkpt lat="47.2979469" lon="6.2250261">
	<ele>254.16</ele>
	<time>1970-01-01T00:03:47.562Z</time>
</trkpt>
<trkpt lat="47.2977295" lon="6.2257719">
	<ele>256.89</ele>
	<time>1970-01-01T00:03:55.319Z</time>
</trkpt>
<trkpt lat="47.2974701" lon="6.2264361">
	<ele>257.81</ele>
	<time>1970-01-01T00:04:02.026Z</time>
</trkpt>
<trkpt lat="47.2971802" lon="6.2271032">
	<ele>256.46</ele>
	<time>1970-01-01T00:04:10.448Z</time>
</trkpt>
<trkpt lat="47.2965736" lon="6.2284451">
	<ele>257.19</ele>
	<time>1970-01-01T00:04:32.554Z</time>
</trkpt>
<trkpt lat="47.2964249" lon="6.2287588">
	<ele>257.35</ele>
	<time>1970-01-01T00:04:38.588Z</time>
</trkpt>
<trkpt lat="47.2963333" lon="6.2289009">
	<ele>257.60</ele>
	<time>1970-01-01T00:04:41.777Z</time>
</trkpt>
<trkpt lat="47.2961273" lon="6.2295532">
	<ele>255.76</ele>
	<time>1970-01-01T00:04:49.601Z</time>
</trkpt>
<trkpt lat="47.2960548" lon="6.2300911">
	<ele>256.60</ele>
	<time>1970-01-01T00:04:54.656Z</time>
</trkpt>
<trkpt lat="47.2960014" lon="6.2306991">
	<ele>255.90</ele>
	<time>1970-01-01T00:05:02.192Z</time>
</trkpt>
<trkpt lat="47.2959785" lon="6.2311721">
	<ele>255.97</ele>
	<time>1970-01-01T00:05:08.128Z</time>
</trkpt>
<trkpt lat="47.2959404" lon="6.2315378">
	<ele>255.67</ele>
	<time>1970-01-01T00:05:12.044Z</time>
</trkpt>
<trkpt lat="47.2959366" lon="6.2316799">
	<ele>255.64</ele>
	<time>1970-01-01T00:05:13.630Z</time>
</trkpt>
<trkpt lat="47.2959328" lon="6.2319140">
	<ele>255.61</ele>
	<time>1970-01-01T00:05:13.966Z</time>
</trkpt>
<trkpt lat="47.2959709" lon="6.2322469">
	<ele>255.99</ele>
	<time>1970-01-01T00:05:18.581Z</time>
</trkpt>
<trkpt lat="47.2960434" lon="6.2325802">
	<ele>256.66</ele>
	<time>1970-01-01T00:05:23.133Z</time>
</trkpt>
<trkpt lat="47.2961235" lon="6.2328758">
	<ele>256.40</ele>
	<time>1970-01-01T00:05:27.291Z</time>
</trkpt>
<trkpt lat="47.2962418" lon="6.2331910">
	<ele>255.89</ele>
	<time>1970-01-01T00:05:31.662Z</time>
</trkpt>
<trkpt lat="47.2963448" lon="6.2333989">
	<ele>256.60</ele>
	<time>1970-01-01T00:05:34.957Z</time>
</trkpt>
<trkpt lat="47.2963943" lon="6.2334762">
	<ele>256.57</ele>
	<time>1970-01-01T00:05:36.433Z</time>
</trkpt>
<trkpt lat="47.2964363" lon="6.2334809">
	<ele>256.75</ele>
	<time>1970-01-01T00:05:37.290Z</time>
</trkpt>
<trkpt lat="47.2964859" lon="6.2334580">
	<ele>256.99</ele>
	<time>1970-01-01T00:05:38.192Z</time>
</trkpt>
<trkpt lat="47.2966919" lon="6.2333112">
	<ele>257.08</ele>
	<time>1970-01-01T00:05:41.412Z</time>
</trkpt>
<trkpt lat="47.2967644" lon="6.2332602">
	<ele>257.59</ele>
	<time>1970-01-01T00:05:42.716Z</time>
</trkpt>
<trkpt lat="47.2968712" lon="6.2332249">
	<ele>258.60</ele>
	<time>1970-01-01T00:05:44.711Z</time>
</trkpt>
<trkpt lat="47.2969666" lon="6.2332110">
	<ele>259.24</ele>
	<time>1970-01-01T00:05:46.798Z</time>
</trkpt>
<trkpt lat="47.2972794" lon="6.2329741">
	<ele>261.56</ele>
	<time>1970-01-01T00:05:59.417Z</time>
</trkpt>
<trkpt lat="47.2972908" lon="6.2330260">
	<ele>261.57</ele>
	<time>1970-01-01T00:06:00.564Z</time>
</trkpt>
<trkpt lat="47.2973328" lon="6.2331562">
	<ele>261.18</ele>
	<time>1970-01-01T00:06:03.418Z</time>
</trkpt>
<trkpt lat="47.2973862" lon="6.2332911">
	<ele>260.92</ele>
	<time>1970-01-01T00:06:06.200Z</time>
</trkpt>
<trkpt lat="47.2976799" lon="6.2338099">
	<ele>259.89</ele>
	<time>1970-01-01T00:06:21.156Z</time>
</trkpt>
<trkpt lat="47.2979660" lon="6.2342429">
	<ele>259.16</ele>
	<time>1970-01-01T00:06:32.082Z</time>
</trkpt>
<trkpt lat="47.2980461" lon="6.2342958">
	<ele>259.35</ele>
	<time>1970-01-01T00:06:34.256Z</time>
</trkpt>
<trkpt lat="47.2981377" lon="6.2343111">
	<ele>259.86</ele>
	<time>1970-01-01T00:06:36.376Z</time>
</trkpt>
<trkpt lat="47.2987213" lon="6.2340822">
	<ele>268.78</ele>
	<time>1970-01-01T00:06:55.175Z</time>
</trkpt>
<trkpt lat="47.2987404" lon="6.2341318">
	<ele>268.55</ele>
	<time>1970-01-01T00:06:56.070Z</time>
</trkpt>
<trkpt lat="47.2987747" lon="6.2341609">
	<ele>268.26</ele>
	<time>1970-01-01T00:06:56.955Z</time>
</trkpt>
<trkpt lat="47.2988167" lon="6.2341619">
	<ele>268.16</ele>
	<time>1970-01-01T00:06:58.125Z</time>
</trkpt>
<trkpt lat="47.2988510" lon="6.2341299">
	<ele>268.45</ele>
	<time>1970-01-01T00:06:59.442Z</time>
</trkpt>
<trkpt lat="47.2988701" lon="6.2340751">
	<ele>268.88</ele>
	<time>1970-01-01T00:07:00.909Z</time>
</trkpt>
<trkpt lat="47.2989540" lon="6.2340760">
	<ele>269.04</ele>
	<time>1970-01-01T00:07:03.784Z</time>
</trkpt>
<trkpt lat="47.2991638" lon="6.2341342">
	<ele>268.55</ele>
	<time>1970-01-01T00:07:12.036Z</time>
</trkpt>
<trkpt lat="47.2992897" lon="6.2341962">
	<ele>269.16</ele>
	<time>1970-01-01T00:07:18.025Z</time>
</trkpt>
<trkpt lat="47.2993240" lon="6.2342219">
	<ele>269.32</ele>
	<time>1970-01-01T00:07:19.601Z</time>
</trkpt>
<trkpt lat="47.2993736" lon="6.2342739">
	<ele>269.17</ele>
	<time>1970-01-01T00:07:22.121Z</time>
</trkpt>
<trkpt lat="47.2995224" lon="6.2344518">
	<ele>268.28</ele>
	<time>1970-01-01T00:07:27.973Z</time>
</trkpt>
<trkpt lat="47.3000336" lon="6.2350321">
	<ele>263.46</ele>
	<time>1970-01-01T00:07:37.819Z</time>
</trkpt>
<trkpt lat="47.3001556" lon="6.2351589">
	<ele>262.01</ele>
	<time>1970-01-01T00:07:40.054Z</time>
</trkpt>
<trkpt lat="47.3002281" lon="6.2352099">
	<ele>262.12</ele>
	<time>1970-01-01T00:07:41.205Z</time>
</trkpt>
<trkpt lat="47.3002930" lon="6.2352381">
	<ele>262.19</ele>
	<time>1970-01-01T00:07:42.070Z</time>
</trkpt>
<trkpt lat="47.3003616" lon="6.2352529">
	<ele>262.07</ele>
	<time>1970-01-01T00:07:43.027Z</time>
</trkpt>
<trkpt lat="47.3007812" lon="6.2353172">
	<ele>258.92</ele>
	<time>1970-01-01T00:07:48.565Z</time>
</trkpt>
<trkpt lat="47.3009453" lon="6.2353258">
	<ele>258.63</ele>
	<time>1970-01-01T00:07:51.007Z</time>
</trkpt>
<trkpt lat="47.3009605" lon="6.2353568">
	<ele>258.31</ele>
	<time>1970-01-01T00:07:51.378Z</time>
</trkpt>
<trkpt lat="47.3009758" lon="6.2353921">
	<ele>258.21</ele>
	<time>1970-01-01T00:07:51.716Z</time>
</trkpt>
<trkpt lat="47.3009949" lon="6.2354059">
	<ele>258.17</ele>
	<time>1970-01-01T00:07:51.933Z</time>
</trkpt>
<trkpt lat="47.3010292" lon="6.2354188">
	<ele>258.05</ele>
	<time>1970-01-01T00:07:52.371Z</time>
</trkpt>
<trkpt lat="47.3010864" lon="6.2354240">
	<ele>257.86</ele>
	<time>1970-01-01T00:07:53.152Z</time>
</trkpt>
<trkpt lat="47.3012428" lon="6.2354059">
	<ele>258.28</ele>
	<time>1970-01-01T00:07:55.577Z</time>
</trkpt>
<trkpt lat="47.3019829" lon="6.2352538">
	<ele>258.44</ele>
	<time>1970-01-01T00:08:13.971Z</time>
</trkpt>
<trkpt lat="47.3021393" lon="6.2352328">
	<ele>258.43</ele>
	<time>1970-01-01T00:08:18.278Z</time>
</trkpt>
<trkpt lat="47.3024597" lon="6.2352152">
	<ele>258.43</ele>
	<time>1970-01-01T00:08:27.472Z</time>
</trkpt>
<trkpt lat="47.3028030" lon="6.2352209">
	<ele>257.95</ele>
	<time>1970-01-01T00:08:34.351Z</time>
</trkpt>
<trkpt lat="47.3030701" lon="6.2352700">
	<ele>258.15</ele>
	<time>1970-01-01T00:08:42.453Z</time>
</trkpt>
<trkpt lat="47.3033333" lon="6.2353621">
	<ele>257.96</ele>
	<time>1970-01-01T00:08:47.155Z</time>
</trkpt>
<trkpt lat="47.3035545" lon="6.2355032">
	<ele>258.10</ele>
	<time>1970-01-01T00:08:50.997Z</time>
</trkpt>
<trkpt lat="47.3036804" lon="6.2356081">
	<ele>258.40</ele>
	<time>1970-01-01T00:08:52.992Z</time>
</trkpt>
<trkpt lat="47.3038216" lon="6.2357101">
	<ele>258.71</ele>
	<time>1970-01-01T00:08:55.018Z</time>
</trkpt>
<trkpt lat="47.3040657" lon="6.2358570">
	<ele>258.32</ele>
	<time>1970-01-01T00:08:57.992Z</time>
</trkpt>
<trkpt lat="47.3047028" lon="6.2361870">
	<ele>258.64</ele>
	<time>1970-01-01T00:09:15.188Z</time>
</trkpt>
<trkpt lat="47.3049316" lon="6.2362671">
	<ele>258.80</ele>
	<time>1970-01-01T00:09:23.153Z</time>
</trkpt>
<trkpt lat="47.3054886" lon="6.2364111">
	<ele>258.37</ele>
	<time>1970-01-01T00:09:35.271Z</time>
</trkpt>
<trkpt lat="47.3055878" lon="6.2364621">
	<ele>258.55</ele>
	<time>1970-01-01T00:09:37.207Z</time>
</trkpt>
<trkpt lat="47.3056488" lon="6.2365088">
	<ele>258.77</ele>
	<time>1970-01-01T00:09:38.352Z</time>
</trkpt>
<trkpt lat="47.3057251" lon="6.2365880">
	<ele>258.82</ele>
	<time>1970-01-01T00:09:39.580Z</time>
</trkpt>
<trkpt lat="47.3057823" lon="6.2366691">
	<ele>258.58</ele>
	<time>1970-01-01T00:09:40.561Z</time>
</trkpt>
<trkpt lat="47.3059120" lon="6.2368779">
	<ele>258.05</ele>
	<time>1970-01-01T00:09:42.688Z</time>
</trkpt>
<trkpt lat="47.3060493" lon="6.2371278">
	<ele>258.30</ele>
	<time>1970-01-01T00:09:45.037Z</time>
</trkpt>
<trkpt lat="47.3064804" lon="6.2379918">
	<ele>257.86</ele>
	<time>1970-01-01T00:09:55.188Z</time>
</trkpt>
<trkpt lat="47.3066063" lon="6.2382770">
	<ele>258.71</ele>
	<time>1970-01-01T00:09:58.658Z</time>
</trkpt>
<trkpt lat="47.3067856" lon="6.2387309">
	<ele>258.16</ele>
	<time>1970-01-01T00:10:04.945Z</time>
</trkpt>
<trkpt lat="47.3068466" lon="6.2389321">
	<ele>258.35</ele>
	<time>1970-01-01T00:10:07.500Z</time>
</trkpt>
<trkpt lat="47.3069153" lon="6.2391820">
	<ele>258.83</ele>
	<time>1970-01-01T00:10:10.233Z</time>
</trkpt>
<trkpt lat="47.3070526" lon="6.2397561">
	<ele>257.74</ele>
	<time>1970-01-01T00:10:15.753Z</time>
</trkpt>
<trkpt lat="47.3070793" lon="6.2398858">
	<ele>257.96</ele>
	<time>1970-01-01T00:10:16.980Z</time>
</trkpt>
<trkpt lat="47.3070908" lon="6.2399220">
	<ele>258.07</ele>
	<time>1970-01-01T00:10:17.335Z</time>
</trkpt>
<trkpt lat="47.3075523" lon="6.2420521">
	<ele>259.00</ele>
	<time>1970-01-01T00:10:44.113Z</time>
</trkpt>
<trkpt lat="47.3076515" lon="6.2424541">
	<ele>258.86</ele>
	<time>1970-01-01T00:10:47.282Z</time>
</trkpt>
<trkpt lat="47.3080673" lon="6.2438741">
	<ele>258.10</ele>
	<time>1970-01-01T00:11:00.945Z</time>
</trkpt>
<trkpt lat="47.3081360" lon="6.2441349">
	<ele>257.55</ele>
	<time>1970-01-01T00:11:03.865Z</time>
</trkpt>
<trkpt lat="47.3082428" lon="6.2446022">
	<ele>258.42</ele>
	<time>1970-01-01T00:11:09.852Z</time>
</trkpt>
<trkpt lat="47.3083115" lon="6.2449770">
	<ele>258.94</ele>
	<time>1970-01-01T00:11:15.189Z</time>
</trkpt>
<trkpt lat="47.3084373" lon="6.2457118">
	<ele>258.05</ele>
	<time>1970-01-01T00:11:22.749Z</time>
</trkpt>
<trkpt lat="47.3086700" lon="6.2472649">
	<ele>258.34</ele>
	<time>1970-01-01T00:11:50.913Z</time>
</trkpt>
<trkpt lat="47.3088989" lon="6.2487540">
	<ele>258.62</ele>
	<time>1970-01-01T00:12:21.886Z</time>
</trkpt>
<trkpt lat="47.3090897" lon="6.2501559">
	<ele>258.82</ele>
	<time>1970-01-01T00:12:42.070Z</time>
</trkpt>
<trkpt lat="47.3091202" lon="6.2504029">
	<ele>258.72</ele>
	<time>1970-01-01T00:12:45.039Z</time>
</trkpt>
<trkpt lat="47.3093605" lon="6.2518268">
	<ele>259.12</ele>
	<time>1970-01-01T00:13:10.110Z</time>
</trkpt>
<trkpt lat="47.3094482" lon="6.2524018">
	<ele>259.14</ele>
	<time>1970-01-01T00:13:16.988Z</time>
</trkpt>
<trkpt lat="47.3095894" lon="6.2533450">
	<ele>260.06</ele>
	<time>1970-01-01T00:13:27.569Z</time>
</trkpt>
<trkpt lat="47.3096428" lon="6.2536860">
	<ele>258.84</ele>
	<time>1970-01-01T00:13:32.336Z</time>
</trkpt>
<trkpt lat="47.3098030" lon="6.2545090">
	<ele>259.32</ele>
	<time>1970-01-01T00:13:48.898Z</time>
</trkpt>
<trkpt lat="47.3098602" lon="6.2548399">
	<ele>259.63</ele>
	<time>1970-01-01T00:13:55.303Z</time>
</trkpt>
<trkpt lat="47.3099213" lon="6.2552800">
	<ele>259.89</ele>
	<time>1970-01-01T00:14:02.440Z</time>
</trkpt>
<trkpt lat="47.3099823" lon="6.2558289">
	<ele>259.87</ele>
	<time>1970-01-01T00:14:08.065Z</time>
</trkpt>
<trkpt lat="47.3100967" lon="6.2565541">
	<ele>258.56</ele>
	<time>1970-01-01T00:14:15.823Z</time>
</trkpt>
<trkpt lat="47.3101387" lon="6.2568898">
	<ele>258.99</ele>
	<time>1970-01-01T00:14:19.451Z</time>
</trkpt>
<trkpt lat="47.3101730" lon="6.2571092">
	<ele>259.72</ele>
	<time>1970-01-01T00:14:22.051Z</time>
</trkpt>
<trkpt lat="47.3101959" lon="6.2571812">
	<ele>260.08</ele>
	<time>1970-01-01T00:14:22.978Z</time>
</trkpt>
<trkpt lat="47.3102608" lon="6.2573042">
	<ele>260.29</ele>
	<time>1970-01-01T00:14:24.964Z</time>
</trkpt>
<trkpt lat="47.3103867" lon="6.2574849">
	<ele>260.30</ele>
	<time>1970-01-01T00:14:28.112Z</time>
</trkpt>
<trkpt lat="47.3104286" lon="6.2575541">
	<ele>260.91</ele>
	<time>1970-01-01T00:14:29.201Z</time>
</trkpt>
<trkpt lat="47.3109512" lon="6.2583699">
	<ele>260.26</ele>
	<time>1970-01-01T00:14:39.812Z</time>
</trkpt>
<trkpt lat="47.3111076" lon="6.2586260">
	<ele>260.92</ele>
	<time>1970-01-01T00:14:43.679Z</time>
</trkpt>
<trkpt lat="47.3112183" lon="6.2588382">
	<ele>259.87</ele>
	<time>1970-01-01T00:14:46.910Z</time>
</trkpt>
<trkpt lat="47.3115578" lon="6.2595119">
	<ele>258.97</ele>
	<time>1970-01-01T00:14:53.920Z</time>
</trkpt>
<trkpt lat="47.3116798" lon="6.2597418">
	<ele>259.00</ele>
	<time>1970-01-01T00:14:56.569Z</time>
</trkpt>
<trkpt lat="47.3117867" lon="6.2598720">
	<ele>259.05</ele>
	<time>1970-01-01T00:14:58.596Z</time>
</trkpt>
<trkpt lat="47.3119202" lon="6.2599750">
	<ele>259.06</ele>
	<time>1970-01-01T00:15:00.957Z</time>
</trkpt>
<trkpt lat="47.3123779" lon="6.2603111">
	<ele>258.89</ele>
	<time>1970-01-01T00:15:12.352Z</time>
</trkpt>
<trkpt lat="47.3124771" lon="6.2603621">
	<ele>258.58</ele>
	<time>1970-01-01T00:15:14.580Z</time>
</trkpt>
<trkpt lat="47.3125038" lon="6.2603769">
	<ele>258.53</ele>
	<time>1970-01-01T00:15:15.179Z</time>
</trkpt>
<trkpt lat="47.3126068" lon="6.2604599">
	<ele>258.50</ele>
	<time>1970-01-01T00:15:17.919Z</time>
</trkpt>
<trkpt lat="47.3127518" lon="6.2605419">
	<ele>258.96</ele>
	<time>1970-01-01T00:15:21.166Z</time>
</trkpt>
<trkpt lat="47.3129616" lon="6.2606459">
	<ele>258.61</ele>
	<time>1970-01-01T00:15:25.543Z</time>
</trkpt>
<trkpt lat="47.3136063" lon="6.2609811">
	<ele>258.91</ele>
	<time>1970-01-01T00:15:40.688Z</time>
</trkpt>
<trkpt lat="47.3137932" lon="6.2610998">
	<ele>259.42</ele>
	<time>1970-01-01T00:15:46.181Z</time>
</trkpt>
<trkpt lat="47.3140144" lon="6.2612538">
	<ele>259.55</ele>
	<time>1970-01-01T00:15:54.205Z</time>
</trkpt>
<trkpt lat="47.3142662" lon="6.2614651">
	<ele>259.78</ele>
	<time>1970-01-01T00:15:59.965Z</time>
</trkpt>
<trkpt lat="47.3146286" lon="6.2618308">
	<ele>259.10</ele>
	<time>1970-01-01T00:16:14.068Z</time>
</trkpt>
<trkpt lat="47.3148575" lon="6.2620268">
	<ele>258.98</ele>
	<time>1970-01-01T00:16:19.103Z</time>
</trkpt>
<trkpt lat="47.3149948" lon="6.2621341">
	<ele>258.50</ele>
	<time>1970-01-01T00:16:21.488Z</time>
</trkpt>
<trkpt lat="47.3153305" lon="6.2623639">
	<ele>259.05</ele>
	<time>1970-01-01T00:16:33.896Z</time>
</trkpt>
<trkpt lat="47.3156776" lon="6.2625680">
	<ele>258.97</ele>
	<time>1970-01-01T00:16:42.023Z</time>
</trkpt>
<trkpt lat="47.3168640" lon="6.2633500">
	<ele>260.94</ele>
	<time>1970-01-01T00:17:07.887Z</time>
</trkpt>
<trkpt lat="47.3176537" lon="6.2638602">
	<ele>260.69</ele>
	<time>1970-01-01T00:17:40.604Z</time>
</trkpt>
<trkpt lat="47.3178520" lon="6.2639761">
	<ele>260.96</ele>
	<time>1970-01-01T00:17:46.551Z</time>
</trkpt>
<trkpt lat="47.3190842" lon="6.2646542">
	<ele>260.76</ele>
	<time>1970-01-01T00:18:19.306Z</time>
</trkpt>
<trkpt lat="47.3194122" lon="6.2648482">
	<ele>261.73</ele>
	<time>1970-01-01T00:18:26.552Z</time>
</trkpt>
<trkpt lat="47.3196411" lon="6.2650251">
	<ele>260.33</ele>
	<time>1970-01-01T00:18:34.085Z</time>
</trkpt>
<trkpt lat="47.3198700" lon="6.2652268">
	<ele>261.08</ele>
	<time>1970-01-01T00:18:39.544Z</time>
</trkpt>
<trkpt lat="47.3200569" lon="6.2654109">
	<ele>261.45</ele>
	<time>1970-01-01T00:18:45.268Z</time>
</trkpt>
<trkpt lat="47.3201866" lon="6.2655520">
	<ele>262.16</ele>
	<time>1970-01-01T00:18:51.524Z</time>
</trkpt>
<trkpt lat="47.3203583" lon="6.2657719">
	<ele>262.41</ele>
	<time>1970-01-01T00:18:59.911Z</time>
</trkpt>
<trkpt lat="47.3204803" lon="6.2659440">
	<ele>262.68</ele>
	<time>1970-01-01T00:19:05.990Z</time>
</trkpt>
<trkpt lat="47.3205757" lon="6.2661281">
	<ele>260.36</ele>
	<time>1970-01-01T00:19:10.352Z</time>
</trkpt>
<trkpt lat="47.3206253" lon="6.2662439">
	<ele>260.75</ele>
	<time>1970-01-01T00:19:12.210Z</time>
</trkpt>
<trkpt lat="47.3206635" lon="6.2663522">
	<ele>260.80</ele>
	<time>1970-01-01T00:19:14.842Z</time>
</trkpt>
<trkpt lat="47.3206978" lon="6.2664771">
	<ele>260.20</ele>
	<time>1970-01-01T00:19:16.484Z</time>
</trkpt>
<trkpt lat="47.3207550" lon="6.2667942">
	<ele>258.37</ele>
	<time>1970-01-01T00:19:19.781Z</time>
</trkpt>
<trkpt lat="47.3208084" lon="6.2672029">
	<ele>259.76</ele>
	<time>1970-01-01T00:19:22.956Z</time>
</trkpt>
<trkpt lat="47.3208504" lon="6.2677860">
	<ele>259.01</ele>
	<time>1970-01-01T00:19:26.763Z</time>
</trkpt>
<trkpt lat="47.3208542" lon="6.2680249">
	<ele>259.03</ele>
	<time>1970-01-01T00:19:28.274Z</time>
</trkpt>
<trkpt lat="47.3208237" lon="6.2692971">
	<ele>259.96</ele>
	<time>1970-01-01T00:19:35.954Z</time>
</trkpt>
<trkpt lat="47.3208580" lon="6.2696609">
	<ele>260.07</ele>
	<time>1970-01-01T00:19:38.824Z</time>
</trkpt>
<trkpt lat="47.3208466" lon="6.2707891">
	<ele>260.04</ele>
	<time>1970-01-01T00:19:50.444Z</time>
</trkpt>
<trkpt lat="47.3208542" lon="6.2715731">
	<ele>260.14</ele>
	<time>1970-01-01T00:19:59.368Z</time>
</trkpt>
<trkpt lat="47.3209038" lon="6.2723789">
	<ele>259.19</ele>
	<time>1970-01-01T00:20:06.751Z</time>
</trkpt>
<trkpt lat="47.3211632" lon="6.2744069">
	<ele>259.26</ele>
	<time>1970-01-01T00:20:31.225Z</time>
</trkpt>
<trkpt lat="47.3211937" lon="6.2745152">
	<ele>259.11</ele>
	<time>1970-01-01T00:20:32.691Z</time>
</trkpt>
<trkpt lat="47.3212395" lon="6.2746081">
	<ele>258.97</ele>
	<time>1970-01-01T00:20:34.161Z</time>
</trkpt>
<trkpt lat="47.3212318" lon="6.2749281">
	<ele>259.95</ele>
	<time>1970-01-01T00:20:38.093Z</time>
</trkpt>
<trkpt lat="47.3212547" lon="6.2751088">
	<ele>260.43</ele>
	<time>1970-01-01T00:20:39.435Z</time>
</trkpt>
<trkpt lat="47.3213005" lon="6.2753758">
	<ele>260.08</ele>
	<time>1970-01-01T00:20:41.874Z</time>
</trkpt>
<trkpt lat="47.3214035" lon="6.2758389">
	<ele>260.04</ele>
	<time>1970-01-01T00:20:47.884Z</time>
</trkpt>
<trkpt lat="47.3214455" lon="6.2760739">
	<ele>258.55</ele>
	<time>1970-01-01T00:20:51.018Z</time>
</trkpt>
<trkpt lat="47.3214760" lon="6.2763391">
	<ele>259.43</ele>
	<time>1970-01-01T00:20:54.944Z</time>
</trkpt>
<trkpt lat="47.3214722" lon="6.2769752">
	<ele>259.49</ele>
	<time>1970-01-01T00:21:05.601Z</time>
</trkpt>
<trkpt lat="47.3214188" lon="6.2787461">
	<ele>260.13</ele>
	<time>1970-01-01T00:21:29.896Z</time>
</trkpt>
<trkpt lat="47.3213730" lon="6.2790232">
	<ele>259.90</ele>
	<time>1970-01-01T00:21:33.082Z</time>
</trkpt>
<trkpt lat="47.3213692" lon="6.2792821">
	<ele>259.85</ele>
	<time>1970-01-01T00:21:35.892Z</time>
</trkpt>
<trkpt lat="47.3213806" lon="6.2795911">
	<ele>259.89</ele>
	<time>1970-01-01T00:21:39.424Z</time>
</trkpt>
<trkpt lat="47.3214035" lon="6.2798371">
	<ele>260.40</ele>
	<time>1970-01-01T00:21:42.388Z</time>
</trkpt>
<trkpt lat="47.3214836" lon="6.2804689">
	<ele>260.18</ele>
	<time>1970-01-01T00:21:49.788Z</time>
</trkpt>
<trkpt lat="47.3215103" lon="6.2807379">
	<ele>259.73</ele>
	<time>1970-01-01T00:21:52.705Z</time>
</trkpt>
<trkpt lat="47.3216057" lon="6.2815962">
	<ele>259.85</ele>
	<time>1970-01-01T00:22:01.247Z</time>
</trkpt>
<trkpt lat="47.3216667" lon="6.2820249">
	<ele>260.58</ele>
	<time>1970-01-01T00:22:06.206Z</time>
</trkpt>
<trkpt lat="47.3216896" lon="6.2821422">
	<ele>259.56</ele>
	<time>1970-01-01T00:22:07.775Z</time>
</trkpt>
<trkpt lat="47.3217049" lon="6.2821860">
	<ele>259.25</ele>
	<time>1970-01-01T00:22:08.470Z</time>
</trkpt>
<trkpt lat="47.3217316" lon="6.2822719">
	<ele>258.99</ele>
	<time>1970-01-01T00:22:09.861Z</time>
</trkpt>
<trkpt lat="47.3217697" lon="6.2823629">
	<ele>259.07</ele>
	<time>1970-01-01T00:22:11.542Z</time>
</trkpt>
<trkpt lat="47.3218155" lon="6.2824478">
	<ele>259.31</ele>
	<time>1970-01-01T00:22:13.434Z</time>
</trkpt>
<trkpt lat="47.3222694" lon="6.2831721">
	<ele>260.52</ele>
	<time>1970-01-01T00:22:30.722Z</time>
</trkpt>
<trkpt lat="47.3224907" lon="6.2835078">
	<ele>259.84</ele>
	<time>1970-01-01T00:22:39.924Z</time>
</trkpt>
<trkpt lat="47.3228035" lon="6.2838941">
	<ele>261.23</ele>
	<time>1970-01-01T00:22:55.179Z</time>
</trkpt>
<trkpt lat="47.3230209" lon="6.2842021">
	<ele>261.09</ele>
	<time>1970-01-01T00:23:05.264Z</time>
</trkpt>
<trkpt lat="47.3234100" lon="6.2846999">
	<ele>261.06</ele>
	<time>1970-01-01T00:23:20.970Z</time>
</trkpt>
<trkpt lat="47.3236847" lon="6.2849989">
	<ele>261.95</ele>
	<time>1970-01-01T00:23:40.226Z</time>
</trkpt>
<trkpt lat="47.3240166" lon="6.2852931">
	<ele>262.39</ele>
	<time>1970-01-01T00:24:03.075Z</time>
</trkpt>
<trkpt lat="47.3245735" lon="6.2858019">
	<ele>262.90</ele>
	<time>1970-01-01T00:24:35.254Z</time>
</trkpt>
<trkpt lat="47.3255882" lon="6.2868142">
	<ele>263.48</ele>
	<time>1970-01-01T00:25:10.558Z</time>
</trkpt>
<trkpt lat="47.3264008" lon="6.2876811">
	<ele>262.45</ele>
	<time>1970-01-01T00:25:37.888Z</time>
</trkpt>
<trkpt lat="47.3266106" lon="6.2879119">
	<ele>262.18</ele>
	<time>1970-01-01T00:25:44.434Z</time>
</trkpt>
<trkpt lat="47.3267250" lon="6.2880578">
	<ele>261.66</ele>
	<time>1970-01-01T00:25:47.809Z</time>
</trkpt>
<trkpt lat="47.3272591" lon="6.2888160">
	<ele>261.76</ele>
	<time>1970-01-01T00:26:13.539Z</time>
</trkpt>
<trkpt lat="47.3275833" lon="6.2892509">
	<ele>262.41</ele>
	<time>1970-01-01T00:26:23.084Z</time>
</trkpt>
<trkpt lat="47.3277702" lon="6.2895451">
	<ele>261.83</ele>
	<time>1970-01-01T00:26:30.401Z</time>
</trkpt>
<trkpt lat="47.3278961" lon="6.2897611">
	<ele>263.37</ele>
	<time>1970-01-01T00:26:34.118Z</time>
</trkpt>
<trkpt lat="47.3282013" lon="6.2903519">
	<ele>263.28</ele>
	<time>1970-01-01T00:26:43.073Z</time>
</trkpt>
<trkpt lat="47.3284187" lon="6.2908130">
	<ele>262.97</ele>
	<time>1970-01-01T00:26:48.642Z</time>
</trkpt>
<trkpt lat="47.3285141" lon="6.2910151">
	<ele>262.46</ele>
	<time>1970-01-01T00:26:53.031Z</time>
</trkpt>
<trkpt lat="47.3289490" lon="6.2919331">
	<ele>263.44</ele>
	<time>1970-01-01T00:27:07.182Z</time>
</trkpt>
<trkpt lat="47.3292007" lon="6.2923970">
	<ele>262.52</ele>
	<time>1970-01-01T00:27:13.632Z</time>
</trkpt>
<trkpt lat="47.3293686" lon="6.2927489">
	<ele>263.16</ele>
	<time>1970-01-01T00:27:19.190Z</time>
</trkpt>
<trkpt lat="47.3294754" lon="6.2929802">
	<ele>262.91</ele>
	<time>1970-01-01T00:27:24.040Z</time>
</trkpt>
<trkpt lat="47.3296738" lon="6.2934618">
	<ele>264.18</ele>
	<time>1970-01-01T00:27:31.110Z</time>
</trkpt>
<trkpt lat="47.3298340" lon="6.2939868">
	<ele>263.86</ele>
	<time>1970-01-01T00:27:40.383Z</time>
</trkpt>
<trkpt lat="47.3298874" lon="6.2941999">
	<ele>263.73</ele>
	<time>1970-01-01T00:27:42.592Z</time>
</trkpt>
<trkpt lat="47.3299370" lon="6.2944498">
	<ele>262.92</ele>
	<time>1970-01-01T00:27:45.034Z</time>
</trkpt>
<trkpt lat="47.3300667" lon="6.2954569">
	<ele>259.83</ele>
	<time>1970-01-01T00:27:54.018Z</time>
</trkpt>
<trkpt lat="47.3301353" lon="6.2959089">
	<ele>258.93</ele>
	<time>1970-01-01T00:27:58.126Z</time>
</trkpt>
<trkpt lat="47.3301697" lon="6.2962251">
	<ele>259.37</ele>
	<time>1970-01-01T00:28:00.684Z</time>
</trkpt>
<trkpt lat="47.3301964" lon="6.2965598">
	<ele>260.00</ele>
	<time>1970-01-01T00:28:02.991Z</time>
</trkpt>
<trkpt lat="47.3302155" lon="6.2974119">
	<ele>259.94</ele>
	<time>1970-01-01T00:28:08.111Z</time>
</trkpt>
<trkpt lat="47.3302193" lon="6.2975688">
	<ele>259.89</ele>
	<time>1970-01-01T00:28:09.102Z</time>
</trkpt>
<trkpt lat="47.3302269" lon="6.2978501">
	<ele>260.81</ele>
	<time>1970-01-01T00:28:10.859Z</time>
</trkpt>
<trkpt lat="47.3302269" lon="6.2981062">
	<ele>260.79</ele>
	<time>1970-01-01T00:28:12.444Z</time>
</trkpt>
<trkpt lat="47.3302040" lon="6.2988129">
	<ele>260.56</ele>
	<time>1970-01-01T00:28:16.716Z</time>
</trkpt>
<trkpt lat="47.3301201" lon="6.3005691">
	<ele>260.25</ele>
	<time>1970-01-01T00:28:30.710Z</time>
</trkpt>
<trkpt lat="47.3300934" lon="6.3008728">
	<ele>259.98</ele>
	<time>1970-01-01T00:28:33.632Z</time>
</trkpt>
<trkpt lat="47.3299942" lon="6.3016782">
	<ele>260.99</ele>
	<time>1970-01-01T00:28:41.509Z</time>
</trkpt>
<trkpt lat="47.3297729" lon="6.3031011">
	<ele>259.37</ele>
	<time>1970-01-01T00:28:55.073Z</time>
</trkpt>
<trkpt lat="47.3297539" lon="6.3033428">
	<ele>260.22</ele>
	<time>1970-01-01T00:28:57.495Z</time>
</trkpt>
<trkpt lat="47.3297539" lon="6.3035378">
	<ele>260.88</ele>
	<time>1970-01-01T00:28:59.699Z</time>
</trkpt>
<trkpt lat="47.3297157" lon="6.3036861">
	<ele>261.25</ele>
	<time>1970-01-01T00:29:01.490Z</time>
</trkpt>
<trkpt lat="47.3296967" lon="6.3038788">
	<ele>261.83</ele>
	<time>1970-01-01T00:29:03.760Z</time>
</trkpt>
<trkpt lat="47.3297272" lon="6.3044562">
	<ele>263.02</ele>
	<time>1970-01-01T00:29:09.369Z</time>
</trkpt>
<trkpt lat="47.3297653" lon="6.3050289">
	<ele>263.02</ele>
	<time>1970-01-01T00:29:22.326Z</time>
</trkpt>
<trkpt lat="47.3297920" lon="6.3058028">
	<ele>261.02</ele>
	<time>1970-01-01T00:29:37.276Z</time>
</trkpt>
<trkpt lat="47.3298264" lon="6.3067689">
	<ele>262.28</ele>
	<time>1970-01-01T00:30:10.072Z</time>
</trkpt>
<trkpt lat="47.3298874" lon="6.3085179">
	<ele>264.30</ele>
	<time>1970-01-01T00:31:30.083Z</time>
</trkpt>
<trkpt lat="47.3299103" lon="6.3088431">
	<ele>264.16</ele>
	<time>1970-01-01T00:31:35.164Z</time>
</trkpt>
<trkpt lat="47.3299408" lon="6.3091002">
	<ele>263.67</ele>
	<time>1970-01-01T00:31:40.206Z</time>
</trkpt>
<trkpt lat="47.3299866" lon="6.3093662">
	<ele>263.95</ele>
	<time>1970-01-01T00:31:44.526Z</time>
</trkpt>
<trkpt lat="47.3300858" lon="6.3097539">
	<ele>263.36</ele>
	<time>1970-01-01T00:31:49.913Z</time>
</trkpt>
<trkpt lat="47.3302155" lon="6.3101749">
	<ele>263.66</ele>
	<time>1970-01-01T00:32:01.807Z</time>
</trkpt>
<trkpt lat="47.3304520" lon="6.3108711">
	<ele>262.93</ele>
	<time>1970-01-01T00:32:21.725Z</time>
</trkpt>
<trkpt lat="47.3305702" lon="6.3111610">
	<ele>262.76</ele>
	<time>1970-01-01T00:32:29.674Z</time>
</trkpt>
<trkpt lat="47.3307266" lon="6.3114610">
	<ele>261.54</ele>
	<time>1970-01-01T00:32:33.427Z</time>
</trkpt>
<trkpt lat="47.3308563" lon="6.3116560">
	<ele>263.35</ele>
	<time>1970-01-01T00:32:36.631Z</time>
</trkpt>
<trkpt lat="47.3310966" lon="6.3119540">
	<ele>263.65</ele>
	<time>1970-01-01T00:32:40.387Z</time>
</trkpt>
<trkpt lat="47.3314362" lon="6.3123031">
	<ele>263.17</ele>
	<time>1970-01-01T00:32:45.188Z</time>
</trkpt>
<trkpt lat="47.3315582" lon="6.3124089">
	<ele>262.58</ele>
	<time>1970-01-01T00:32:46.824Z</time>
</trkpt>
<trkpt lat="47.3317642" lon="6.3125629">
	<ele>263.76</ele>
	<time>1970-01-01T00:32:49.465Z</time>
</trkpt>
<trkpt lat="47.3319931" lon="6.3127179">
	<ele>264.06</ele>
	<time>1970-01-01T00:32:53.596Z</time>
</trkpt>
<trkpt lat="47.3323517" lon="6.3129120">
	<ele>264.65</ele>
	<time>1970-01-01T00:33:00.756Z</time>
</trkpt>
<trkpt lat="47.3328285" lon="6.3130860">
	<ele>263.80</ele>
	<time>1970-01-01T00:33:12.751Z</time>
</trkpt>
<trkpt lat="47.3333511" lon="6.3132949">
	<ele>264.34</ele>
	<time>1970-01-01T00:33:20.679Z</time>
</trkpt>
<trkpt lat="47.3339500" lon="6.3135672">
	<ele>264.53</ele>
	<time>1970-01-01T00:33:31.977Z</time>
</trkpt>
<trkpt lat="47.3341637" lon="6.3136439">
	<ele>264.06</ele>
	<time>1970-01-01T00:33:36.147Z</time>
</trkpt>
<trkpt lat="47.3349075" lon="6.3138900">
	<ele>263.86</ele>
	<time>1970-01-01T00:33:53.721Z</time>
</trkpt>
<trkpt lat="47.3360214" lon="6.3142958">
	<ele>264.34</ele>
	<time>1970-01-01T00:34:17.705Z</time>
</trkpt>
<trkpt lat="47.3364944" lon="6.3144579">
	<ele>263.84</ele>
	<time>1970-01-01T00:34:32.989Z</time>
</trkpt>
<trkpt lat="47.3374519" lon="6.3148189">
	<ele>264.56</ele>
	<time>1970-01-01T00:34:57.474Z</time>
</trkpt>
<trkpt lat="47.3380661" lon="6.3150978">
	<ele>264.29</ele>
	<time>1970-01-01T00:35:10.083Z</time>
</trkpt>
<trkpt lat="47.3384476" lon="6.3152852">
	<ele>264.48</ele>
	<time>1970-01-01T00:35:17.858Z</time>
</trkpt>
<trkpt lat="47.3387604" lon="6.3154759">
	<ele>264.37</ele>
	<time>1970-01-01T00:35:33.450Z</time>
</trkpt>
<trkpt lat="47.3390770" lon="6.3157020">
	<ele>264.26</ele>
	<time>1970-01-01T00:35:40.765Z</time>
</trkpt>
<trkpt lat="47.3394203" lon="6.3159642">
	<ele>264.45</ele>
	<time>1970-01-01T00:35:48.095Z</time>
</trkpt>
<trkpt lat="47.3397255" lon="6.3162231">
	<ele>263.87</ele>
	<time>1970-01-01T00:35:56.433Z</time>
</trkpt>
<trkpt lat="47.3400116" lon="6.3165002">
	<ele>264.57</ele>
	<time>1970-01-01T00:36:02.082Z</time>
</trkpt>
<trkpt lat="47.3403358" lon="6.3168640">
	<ele>264.69</ele>
	<time>1970-01-01T00:36:10.754Z</time>
</trkpt>
<trkpt lat="47.3405228" lon="6.3171120">
	<ele>264.25</ele>
	<time>1970-01-01T00:36:16.593Z</time>
</trkpt>
<trkpt lat="47.3409691" lon="6.3177738">
	<ele>265.18</ele>
	<time>1970-01-01T00:36:25.949Z</time>
</trkpt>
<trkpt lat="47.3412209" lon="6.3182201">
	<ele>265.51</ele>
	<time>1970-01-01T00:36:30.679Z</time>
</trkpt>
<trkpt lat="47.3415260" lon="6.3188019">
	<ele>265.53</ele>
	<time>1970-01-01T00:36:37.267Z</time>
</trkpt>
<trkpt lat="47.3418007" lon="6.3192840">
	<ele>267.30</ele>
	<time>1970-01-01T00:36:47.212Z</time>
</trkpt>
<trkpt lat="47.3421516" lon="6.3198881">
	<ele>264.58</ele>
	<time>1970-01-01T00:36:59.852Z</time>
</trkpt>
<trkpt lat="47.3423805" lon="6.3203101">
	<ele>265.67</ele>
	<time>1970-01-01T00:37:10.347Z</time>
</trkpt>
<trkpt lat="47.3424104" lon="6.3202781">
	<ele>269.50</ele>
	<time>1970-01-01T00:00:00.000Z</time>
</trkpt>
<trkpt lat="47.3423805" lon="6.3203101">
	<ele>265.67</ele>
	<time>1970-01-01T02:38:43.914Z</time>
</trkpt>
<trkpt lat="47.3424759" lon="6.3204789">
	<ele>265.44</ele>
	<time>1970-01-01T02:38:46.282Z</time>
</trkpt>
<trkpt lat="47.3425751" lon="6.3207049">
	<ele>265.87</ele>
	<time>1970-01-01T02:38:49.906Z</time>
</trkpt>
<trkpt lat="47.3427048" lon="6.3210311">
	<ele>264.88</ele>
	<time>1970-01-01T02:38:56.114Z</time>
</trkpt>
<trkpt lat="47.3428116" lon="6.3213458">
	<ele>265.75</ele>
	<time>1970-01-01T02:39:04.373Z</time>
</trkpt>
<trkpt lat="47.3429108" lon="6.3216939">
	<ele>265.68</ele>
	<time>1970-01-01T02:39:10.228Z</time>
</trkpt>
<trkpt lat="47.3430977" lon="6.3225298">
	<ele>264.58</ele>
	<time>1970-01-01T02:39:18.547Z</time>
</trkpt>
<trkpt lat="47.3432961" lon="6.3237491">
	<ele>264.53</ele>
	<time>1970-01-01T02:39:32.396Z</time>
</trkpt>
<trkpt lat="47.3434105" lon="6.3245230">
	<ele>266.03</ele>
	<time>1970-01-01T02:39:44.615Z</time>
</trkpt>
<trkpt lat="47.3434830" lon="6.3251462">
	<ele>267.01</ele>
	<time>1970-01-01T02:39:54.673Z</time>
</trkpt>
<trkpt lat="47.3435135" lon="6.3255048">
	<ele>266.21</ele>
	<time>1970-01-01T02:40:00.632Z</time>
</trkpt>
<trkpt lat="47.3435478" lon="6.3260698">
	<ele>264.83</ele>
	<time>1970-01-01T02:40:08.883Z</time>
</trkpt>
<trkpt lat="47.3435326" lon="6.3263679">
	<ele>262.52</ele>
	<time>1970-01-01T02:40:12.221Z</time>
</trkpt>
<trkpt lat="47.3435135" lon="6.3265572">
	<ele>261.91</ele>
	<time>1970-01-01T02:40:13.898Z</time>
</trkpt>
<trkpt lat="47.3434677" lon="6.3268619">
	<ele>262.48</ele>
	<time>1970-01-01T02:40:17.436Z</time>
</trkpt>
<trkpt lat="47.3433495" lon="6.3274360">
	<ele>263.89</ele>
	<time>1970-01-01T02:40:21.036Z</time>
</trkpt>
<trkpt lat="47.3431206" lon="6.3283782">
	<ele>262.02</ele>
	<time>1970-01-01T02:40:28.047Z</time>
</trkpt>
<trkpt lat="47.3429375" lon="6.3291502">
	<ele>262.63</ele>
	<time>1970-01-01T02:40:34.436Z</time>
</trkpt>
<trkpt lat="47.3426743" lon="6.3303041">
	<ele>262.96</ele>
	<time>1970-01-01T02:40:41.810Z</time>
</trkpt>
<trkpt lat="47.3425522" lon="6.3308649">
	<ele>262.45</ele>
	<time>1970-01-01T02:40:45.819Z</time>
</trkpt>
<trkpt lat="47.3423767" lon="6.3318272">
	<ele>263.46</ele>
	<time>1970-01-01T02:40:53.772Z</time>
</trkpt>
<trkpt lat="47.3423157" lon="6.3321400">
	<ele>262.22</ele>
	<time>1970-01-01T02:40:57.404Z</time>
</trkpt>
<trkpt lat="47.3420944" lon="6.3332062">
	<ele>261.84</ele>
	<time>1970-01-01T02:41:10.890Z</time>
</trkpt>
<trkpt lat="47.3420029" lon="6.3336482">
	<ele>262.18</ele>
	<time>1970-01-01T02:41:15.307Z</time>
</trkpt>
<trkpt lat="47.3418846" lon="6.3341641">
	<ele>263.49</ele>
	<time>1970-01-01T02:41:21.865Z</time>
</trkpt>
<trkpt lat="47.3417778" lon="6.3346848">
	<ele>262.04</ele>
	<time>1970-01-01T02:41:28.520Z</time>
</trkpt>
<trkpt lat="47.3416672" lon="6.3353329">
	<ele>263.22</ele>
	<time>1970-01-01T02:41:33.626Z</time>
</trkpt>
<trkpt lat="47.3413811" lon="6.3367329">
	<ele>263.20</ele>
	<time>1970-01-01T02:42:02.101Z</time>
</trkpt>
<trkpt lat="47.3413124" lon="6.3371148">
	<ele>262.94</ele>
	<time>1970-01-01T02:42:10.381Z</time>
</trkpt>
<trkpt lat="47.3412590" lon="6.3374920">
	<ele>262.63</ele>
	<time>1970-01-01T02:42:19.271Z</time>
</trkpt>
<trkpt lat="47.3411903" lon="6.3381472">
	<ele>263.84</ele>
	<time>1970-01-01T02:42:40.459Z</time>
</trkpt>
<trkpt lat="47.3411865" lon="6.3382449">
	<ele>264.28</ele>
	<time>1970-01-01T02:42:43.163Z</time>
</trkpt>
<trkpt lat="47.3411903" lon="6.3383379">
	<ele>264.73</ele>
	<time>1970-01-01T02:42:46.161Z</time>
</trkpt>
<trkpt lat="47.3412132" lon="6.3385110">
	<ele>265.36</ele>
	<time>1970-01-01T02:42:52.891Z</time>
</trkpt>
<trkpt lat="47.3412132" lon="6.3385839">
	<ele>265.38</ele>
	<time>1970-01-01T02:42:56.023Z</time>
</trkpt>
<trkpt lat="47.3411980" lon="6.3386478">
	<ele>265.16</ele>
	<time>1970-01-01T02:42:58.522Z</time>
</trkpt>
<trkpt lat="47.3411179" lon="6.3388090">
	<ele>263.85</ele>
	<time>1970-01-01T02:43:03.198Z</time>
</trkpt>
<trkpt lat="47.3411102" lon="6.3388538">
	<ele>263.84</ele>
	<time>1970-01-01T02:43:04.308Z</time>
</trkpt>
<trkpt lat="47.3410797" lon="6.3393302">
	<ele>264.08</ele>
	<time>1970-01-01T02:43:16.901Z</time>
</trkpt>
<trkpt lat="47.3409691" lon="6.3398910">
	<ele>264.25</ele>
	<time>1970-01-01T02:43:27.348Z</time>
</trkpt>
<trkpt lat="47.3408089" lon="6.3405132">
	<ele>263.86</ele>
	<time>1970-01-01T02:43:36.154Z</time>
</trkpt>
<trkpt lat="47.3406448" lon="6.3410759">
	<ele>263.89</ele>
	<time>1970-01-01T02:43:49.263Z</time>
</trkpt>
<trkpt lat="47.3404922" lon="6.3415041">
	<ele>263.98</ele>
	<time>1970-01-01T02:44:00.612Z</time>
</trkpt>
<trkpt lat="47.3403893" lon="6.3417420">
	<ele>263.25</ele>
	<time>1970-01-01T02:44:05.654Z</time>
</trkpt>
<trkpt lat="47.3398323" lon="6.3429470">
	<ele>265.35</ele>
	<time>1970-01-01T02:44:28.030Z</time>
</trkpt>
<trkpt lat="47.3390541" lon="6.3441591">
	<ele>264.70</ele>
	<time>1970-01-01T02:44:45.291Z</time>
</trkpt>
<trkpt lat="47.3389778" lon="6.3442769">
	<ele>264.58</ele>
	<time>1970-01-01T02:44:47.985Z</time>
</trkpt>
<trkpt lat="47.3388748" lon="6.3444409">
	<ele>264.55</ele>
	<time>1970-01-01T02:44:53.300Z</time>
</trkpt>
<trkpt lat="47.3379784" lon="6.3456068">
	<ele>264.62</ele>
	<time>1970-01-01T02:45:11.523Z</time>
</trkpt>
<trkpt lat="47.3378029" lon="6.3458748">
	<ele>265.88</ele>
	<time>1970-01-01T02:45:15.010Z</time>
</trkpt>
<trkpt lat="47.3376045" lon="6.3461781">
	<ele>270.52</ele>
	<time>1970-01-01T02:45:18.439Z</time>
</trkpt>
<trkpt lat="47.3375206" lon="6.3462529">
	<ele>271.32</ele>
	<time>1970-01-01T02:45:19.473Z</time>
</trkpt>
<trkpt lat="47.3368607" lon="6.3466449">
	<ele>269.22</ele>
	<time>1970-01-01T02:45:28.181Z</time>
</trkpt>
<trkpt lat="47.3364944" lon="6.3469138">
	<ele>271.32</ele>
	<time>1970-01-01T02:45:33.599Z</time>
</trkpt>
<trkpt lat="47.3362465" lon="6.3472199">
	<ele>272.31</ele>
	<time>1970-01-01T02:45:37.192Z</time>
</trkpt>
<trkpt lat="47.3359146" lon="6.3478060">
	<ele>275.27</ele>
	<time>1970-01-01T02:45:44.248Z</time>
</trkpt>
<trkpt lat="47.3357391" lon="6.3480730">
	<ele>272.95</ele>
	<time>1970-01-01T02:45:47.149Z</time>
</trkpt>
<trkpt lat="47.3355904" lon="6.3482709">
	<ele>272.07</ele>
	<time>1970-01-01T02:45:50.521Z</time>
</trkpt>
<trkpt lat="47.3355789" lon="6.3483639">
	<ele>272.29</ele>
	<time>1970-01-01T02:45:51.541Z</time>
</trkpt>
<trkpt lat="47.3355751" lon="6.3485131">
	<ele>270.54</ele>
	<time>1970-01-01T02:45:52.988Z</time>
</trkpt>
<trkpt lat="47.3354912" lon="6.3488698">
	<ele>266.45</ele>
	<time>1970-01-01T02:45:55.713Z</time>
</trkpt>
<trkpt lat="47.3355370" lon="6.3489461">
	<ele>266.21</ele>
	<time>1970-01-01T02:45:56.585Z</time>
</trkpt>
<trkpt lat="47.3359337" lon="6.3493428">
	<ele>266.62</ele>
	<time>1970-01-01T02:46:02.452Z</time>
</trkpt>
<trkpt lat="47.3361359" lon="6.3496132">
	<ele>266.39</ele>
	<time>1970-01-01T02:46:07.351Z</time>
</trkpt>
<trkpt lat="47.3363342" lon="6.3499870">
	<ele>265.13</ele>
	<time>1970-01-01T02:46:12.383Z</time>
</trkpt>
<trkpt lat="47.3365898" lon="6.3503470">
	<ele>265.94</ele>
	<time>1970-01-01T02:46:18.792Z</time>
</trkpt>
<trkpt lat="47.3369942" lon="6.3507590">
	<ele>266.57</ele>
	<time>1970-01-01T02:46:27.885Z</time>
</trkpt>
<trkpt lat="47.3372269" lon="6.3509369">
	<ele>265.95</ele>
	<time>1970-01-01T02:46:32.427Z</time>
</trkpt>
<trkpt lat="47.3372803" lon="6.3509789">
	<ele>265.34</ele>
	<time>1970-01-01T02:46:33.535Z</time>
</trkpt>
<trkpt lat="47.3376236" lon="6.3511910">
	<ele>265.66</ele>
	<time>1970-01-01T02:46:43.919Z</time>
</trkpt>
<trkpt lat="47.3380814" lon="6.3516550">
	<ele>265.36</ele>
	<time>1970-01-01T02:47:00.308Z</time>
</trkpt>
<trkpt lat="47.3383064" lon="6.3518600">
	<ele>265.48</ele>
	<time>1970-01-01T02:47:06.991Z</time>
</trkpt>
<trkpt lat="47.3387070" lon="6.3522019">
	<ele>265.56</ele>
	<time>1970-01-01T02:47:30.117Z</time>
</trkpt>
<trkpt lat="47.3389473" lon="6.3524799">
	<ele>263.88</ele>
	<time>1970-01-01T02:47:41.038Z</time>
</trkpt>
<trkpt lat="47.3395691" lon="6.3530469">
	<ele>265.10</ele>
	<time>1970-01-01T02:48:07.374Z</time>
</trkpt>
<trkpt lat="47.3397331" lon="6.3531728">
	<ele>265.39</ele>
	<time>1970-01-01T02:48:11.211Z</time>
</trkpt>
<trkpt lat="47.3399773" lon="6.3534298">
	<ele>264.81</ele>
	<time>1970-01-01T02:48:17.340Z</time>
</trkpt>
<trkpt lat="47.3401146" lon="6.3536382">
	<ele>264.24</ele>
	<time>1970-01-01T02:48:19.908Z</time>
</trkpt>
<trkpt lat="47.3407631" lon="6.3546472">
	<ele>264.68</ele>
	<time>1970-01-01T02:48:28.308Z</time>
</trkpt>
<trkpt lat="47.3408318" lon="6.3548040">
	<ele>264.49</ele>
	<time>1970-01-01T02:48:29.561Z</time>
</trkpt>
<trkpt lat="47.3410454" lon="6.3552432">
	<ele>264.63</ele>
	<time>1970-01-01T02:48:33.523Z</time>
</trkpt>
<trkpt lat="47.3411446" lon="6.3554692">
	<ele>263.76</ele>
	<time>1970-01-01T02:48:35.893Z</time>
</trkpt>
<trkpt lat="47.3405075" lon="6.3561282">
	<ele>266.12</ele>
	<time>1970-01-01T02:48:47.420Z</time>
</trkpt>
<trkpt lat="47.3404808" lon="6.3561559">
	<ele>266.16</ele>
	<time>1970-01-01T02:48:48.038Z</time>
</trkpt>
<trkpt lat="47.3410263" lon="6.3575640">
	<ele>265.65</ele>
	<time>1970-01-01T02:49:06.809Z</time>
</trkpt>
<trkpt lat="47.3419228" lon="6.3598838">
	<ele>267.97</ele>
	<time>1970-01-01T01:35:25.211Z</time>
</trkpt>
<trkpt lat="47.3420563" lon="6.3602681">
	<ele>266.02</ele>
	<time>1970-01-01T01:35:31.058Z</time>
</trkpt>
<trkpt lat="47.3419952" lon="6.3603530">
	<ele>265.95</ele>
	<time>1970-01-01T01:35:32.861Z</time>
</trkpt>
<trkpt lat="47.3419151" lon="6.3604922">
	<ele>266.59</ele>
	<time>1970-01-01T01:35:36.002Z</time>
</trkpt>
<trkpt lat="47.3418732" lon="6.3605852">
	<ele>267.05</ele>
	<time>1970-01-01T01:35:37.993Z</time>
</trkpt>
<trkpt lat="47.3419456" lon="6.3607459">
	<ele>268.48</ele>
	<time>1970-01-01T01:35:41.808Z</time>
</trkpt>
<trkpt lat="47.3420372" lon="6.3612490">
	<ele>267.87</ele>
	<time>1970-01-01T01:35:49.357Z</time>
</trkpt>
<trkpt lat="47.3420982" lon="6.3617020">
	<ele>267.07</ele>
	<time>1970-01-01T01:35:55.114Z</time>
</trkpt>
<trkpt lat="47.3421135" lon="6.3618598">
	<ele>267.98</ele>
	<time>1970-01-01T01:35:57.094Z</time>
</trkpt>
<trkpt lat="47.3420525" lon="6.3620720">
	<ele>269.14</ele>
	<time>1970-01-01T01:36:00.502Z</time>
</trkpt>
<trkpt lat="47.3420143" lon="6.3622899">
	<ele>267.86</ele>
	<time>1970-01-01T01:36:04.275Z</time>
</trkpt>
<trkpt lat="47.3415642" lon="6.3649950">
	<ele>267.40</ele>
	<time>1970-01-01T01:37:09.603Z</time>
</trkpt>
<trkpt lat="47.3412514" lon="6.3668590">
	<ele>270.30</ele>
	<time>1970-01-01T01:37:43.456Z</time>
</trkpt>
<trkpt lat="47.3412247" lon="6.3673401">
	<ele>271.36</ele>
	<time>1970-01-01T01:37:52.604Z</time>
</trkpt>
<trkpt lat="47.3412170" lon="6.3678088">
	<ele>270.14</ele>
	<time>1970-01-01T01:37:58.118Z</time>
</trkpt>
<trkpt lat="47.3412132" lon="6.3681102">
	<ele>270.48</ele>
	<time>1970-01-01T01:38:01.397Z</time>
</trkpt>
<trkpt lat="47.3412857" lon="6.3721418">
	<ele>267.97</ele>
	<time>1970-01-01T01:39:34.081Z</time>
</trkpt>
<trkpt lat="47.3412666" lon="6.3723841">
	<ele>267.66</ele>
	<time>1970-01-01T01:39:40.134Z</time>
</trkpt>
<trkpt lat="47.3411942" lon="6.3727031">
	<ele>269.50</ele>
	<time>1970-01-01T01:39:44.700Z</time>
</trkpt>
<trkpt lat="47.3412094" lon="6.3727431">
	<ele>268.96</ele>
	<time>1970-01-01T00:52:24.740Z</time>
</trkpt>
<trkpt lat="47.3412100" lon="6.3727446">
	<ele>285.00</ele>
	<time>1970-01-01T00:00:00.000Z</time>
</trkpt>
<trkpt lat="47.3412666" lon="6.3728962">
	<ele>266.54</ele>
	<time>1970-01-01T01:43:43.231Z</time>
</trkpt>
<trkpt lat="47.3414154" lon="6.3731971">
	<ele>265.49</ele>
	<time>1970-01-01T01:43:45.471Z</time>
</trkpt>
<trkpt lat="47.3414688" lon="6.3732872">
	<ele>265.88</ele>
	<time>1970-01-01T01:43:46.191Z</time>
</trkpt>
<trkpt lat="47.3416443" lon="6.3735690">
	<ele>267.82</ele>
	<time>1970-01-01T01:43:48.511Z</time>
</trkpt>
<trkpt lat="47.3419571" lon="6.3737040">
	<ele>266.02</ele>
	<time>1970-01-01T01:43:51.391Z</time>
</trkpt>
<trkpt lat="47.3422775" lon="6.3737521">
	<ele>265.57</ele>
	<time>1970-01-01T01:43:54.271Z</time>
</trkpt>
<trkpt lat="47.3424454" lon="6.3737869">
	<ele>266.33</ele>
	<time>1970-01-01T01:43:55.791Z</time>
</trkpt>
<trkpt lat="47.3427773" lon="6.3739090">
	<ele>266.03</ele>
	<time>1970-01-01T01:43:58.831Z</time>
</trkpt>
<trkpt lat="47.3430481" lon="6.3740392">
	<ele>265.54</ele>
	<time>1970-01-01T01:44:01.880Z</time>
</trkpt>
<trkpt lat="47.3431549" lon="6.3740549">
	<ele>265.94</ele>
	<time>1970-01-01T01:44:03.181Z</time>
</trkpt>
<trkpt lat="47.3433914" lon="6.3739891">
	<ele>266.43</ele>
	<time>1970-01-01T01:44:06.768Z</time>
</trkpt>
<trkpt lat="47.3440361" lon="6.3738451">
	<ele>267.32</ele>
	<time>1970-01-01T01:44:15.262Z</time>
</trkpt>
<trkpt lat="47.3444901" lon="6.3737602">
	<ele>266.93</ele>
	<time>1970-01-01T01:44:24.270Z</time>
</trkpt>
<trkpt lat="47.3447304" lon="6.3737230">
	<ele>267.69</ele>
	<time>1970-01-01T01:44:29.906Z</time>
</trkpt>
<trkpt lat="47.3449821" lon="6.3737192">
	<ele>267.58</ele>
	<time>1970-01-01T01:44:36.570Z</time>
</trkpt>
<trkpt lat="47.3452034" lon="6.3737440">
	<ele>267.75</ele>
	<time>1970-01-01T01:44:42.401Z</time>
</trkpt>
<trkpt lat="47.3458366" lon="6.3738499">
	<ele>267.44</ele>
	<time>1970-01-01T01:44:57.792Z</time>
</trkpt>
<trkpt lat="47.3460732" lon="6.3739338">
	<ele>266.73</ele>
	<time>1970-01-01T01:45:03.402Z</time>
</trkpt>
<trkpt lat="47.3463249" lon="6.3740401">
	<ele>267.20</ele>
	<time>1970-01-01T01:45:09.474Z</time>
</trkpt>
<trkpt lat="47.3465767" lon="6.3741140">
	<ele>267.15</ele>
	<time>1970-01-01T01:45:15.572Z</time>
</trkpt>
<trkpt lat="47.3469086" lon="6.3741722">
	<ele>266.10</ele>
	<time>1970-01-01T01:45:23.309Z</time>
</trkpt>
<trkpt lat="47.3475533" lon="6.3742399">
	<ele>267.11</ele>
	<time>1970-01-01T01:45:41.840Z</time>
</trkpt>
<trkpt lat="47.3479195" lon="6.3742342">
	<ele>267.07</ele>
	<time>1970-01-01T01:45:50.075Z</time>
</trkpt>
<trkpt lat="47.3484459" lon="6.3741732">
	<ele>268.52</ele>
	<time>1970-01-01T01:45:57.889Z</time>
</trkpt>
<trkpt lat="47.3489342" lon="6.3740411">
	<ele>268.34</ele>
	<time>1970-01-01T01:46:06.314Z</time>
</trkpt>
<trkpt lat="47.3494377" lon="6.3738680">
	<ele>268.69</ele>
	<time>1970-01-01T01:46:12.197Z</time>
</trkpt>
<trkpt lat="47.3497124" lon="6.3737550">
	<ele>268.44</ele>
	<time>1970-01-01T01:46:16.563Z</time>
</trkpt>
<trkpt lat="47.3502808" lon="6.3735399">
	<ele>267.94</ele>
	<time>1970-01-01T01:46:25.288Z</time>
</trkpt>
<trkpt lat="47.3505974" lon="6.3734579">
	<ele>267.76</ele>
	<time>1970-01-01T01:46:29.442Z</time>
</trkpt>
<trkpt lat="47.3507233" lon="6.3734598">
	<ele>267.80</ele>
	<time>1970-01-01T01:46:31.021Z</time>
</trkpt>
<trkpt lat="47.3507729" lon="6.3734832">
	<ele>268.21</ele>
	<time>1970-01-01T01:46:31.720Z</time>
</trkpt>
<trkpt lat="47.3508339" lon="6.3735170">
	<ele>268.75</ele>
	<time>1970-01-01T01:46:32.512Z</time>
</trkpt>
<trkpt lat="47.3510132" lon="6.3737521">
	<ele>269.99</ele>
	<time>1970-01-01T01:46:35.727Z</time>
</trkpt>
<trkpt lat="47.3510551" lon="6.3737669">
	<ele>269.98</ele>
	<time>1970-01-01T01:46:36.350Z</time>
</trkpt>
<trkpt lat="47.3511086" lon="6.3737559">
	<ele>269.59</ele>
	<time>1970-01-01T01:46:37.069Z</time>
</trkpt>
<trkpt lat="47.3511505" lon="6.3737020">
	<ele>268.80</ele>
	<time>1970-01-01T01:46:37.765Z</time>
</trkpt>
<trkpt lat="47.3512306" lon="6.3735681">
	<ele>268.64</ele>
	<time>1970-01-01T01:46:39.292Z</time>
</trkpt>
<trkpt lat="47.3513069" lon="6.3734560">
	<ele>269.05</ele>
	<time>1970-01-01T01:46:40.599Z</time>
</trkpt>
<trkpt lat="47.3513451" lon="6.3734179">
	<ele>268.88</ele>
	<time>1970-01-01T01:46:41.135Z</time>
</trkpt>
<trkpt lat="47.3513908" lon="6.3734078">
	<ele>268.74</ele>
	<time>1970-01-01T01:46:41.680Z</time>
</trkpt>
<trkpt lat="47.3514557" lon="6.3734398">
	<ele>268.79</ele>
	<time>1970-01-01T01:46:42.533Z</time>
</trkpt>
<trkpt lat="47.3516350" lon="6.3735628">
	<ele>269.54</ele>
	<time>1970-01-01T01:46:44.898Z</time>
</trkpt>
<trkpt lat="47.3517723" lon="6.3737130">
	<ele>270.69</ele>
	<time>1970-01-01T01:46:47.085Z</time>
</trkpt>
<trkpt lat="47.3519058" lon="6.3739061">
	<ele>270.93</ele>
	<time>1970-01-01T01:46:49.647Z</time>
</trkpt>
<trkpt lat="47.3520775" lon="6.3742251">
	<ele>269.55</ele>
	<time>1970-01-01T01:46:53.887Z</time>
</trkpt>
<trkpt lat="47.3523407" lon="6.3747401">
	<ele>268.08</ele>
	<time>1970-01-01T01:47:02.220Z</time>
</trkpt>
<trkpt lat="47.3525238" lon="6.3751359">
	<ele>271.20</ele>
	<time>1970-01-01T01:47:08.305Z</time>
</trkpt>
<trkpt lat="47.3526192" lon="6.3754449">
	<ele>269.20</ele>
	<time>1970-01-01T01:47:12.961Z</time>
</trkpt>
<trkpt lat="47.3527069" lon="6.3757682">
	<ele>269.26</ele>
	<time>1970-01-01T01:47:17.834Z</time>
</trkpt>
<trkpt lat="47.3528214" lon="6.3763671">
	<ele>270.76</ele>
	<time>1970-01-01T01:47:27.913Z</time>
</trkpt>
<trkpt lat="47.3528976" lon="6.3770642">
	<ele>267.10</ele>
	<time>1970-01-01T01:47:43.692Z</time>
</trkpt>
<trkpt lat="47.3529053" lon="6.3771281">
	<ele>267.09</ele>
	<time>1970-01-01T01:47:44.982Z</time>
</trkpt>
<trkpt lat="47.3529243" lon="6.3776498">
	<ele>268.12</ele>
	<time>1970-01-01T01:47:53.934Z</time>
</trkpt>
<trkpt lat="47.3529015" lon="6.3779950">
	<ele>269.16</ele>
	<time>1970-01-01T01:48:05.789Z</time>
</trkpt>
<trkpt lat="47.3528595" lon="6.3783908">
	<ele>271.44</ele>
	<time>1970-01-01T01:48:26.408Z</time>
</trkpt>
<trkpt lat="47.3527336" lon="6.3789492">
	<ele>269.33</ele>
	<time>1970-01-01T01:49:07.403Z</time>
</trkpt>
<trkpt lat="47.3526344" lon="6.3793812">
	<ele>268.97</ele>
	<time>1970-01-01T01:49:38.694Z</time>
</trkpt>
<trkpt lat="47.3524284" lon="6.3807449">
	<ele>268.68</ele>
	<time>1970-01-01T01:50:45.688Z</time>
</trkpt>
<trkpt lat="47.3522873" lon="6.3814688">
	<ele>267.63</ele>
	<time>1970-01-01T01:51:12.114Z</time>
</trkpt>
<trkpt lat="47.3521118" lon="6.3827610">
	<ele>267.13</ele>
	<time>1970-01-01T01:51:24.499Z</time>
</trkpt>
<trkpt lat="47.3520660" lon="6.3833489">
	<ele>269.24</ele>
	<time>1970-01-01T01:51:28.371Z</time>
</trkpt>
<trkpt lat="47.3517876" lon="6.3847990">
	<ele>268.31</ele>
	<time>1970-01-01T01:51:39.024Z</time>
</trkpt>
<trkpt lat="47.3517647" lon="6.3851151">
	<ele>267.92</ele>
	<time>1970-01-01T01:51:41.391Z</time>
</trkpt>
<trkpt lat="47.3517761" lon="6.3854079">
	<ele>268.14</ele>
	<time>1970-01-01T01:51:43.255Z</time>
</trkpt>
<trkpt lat="47.3518448" lon="6.3860731">
	<ele>268.57</ele>
	<time>1970-01-01T01:51:47.411Z</time>
</trkpt>
<trkpt lat="47.3520889" lon="6.3874021">
	<ele>269.33</ele>
	<time>1970-01-01T01:52:03.575Z</time>
</trkpt>
<trkpt lat="47.3525162" lon="6.3884439">
	<ele>270.21</ele>
	<time>1970-01-01T01:52:16.243Z</time>
</trkpt>
<trkpt lat="47.3527527" lon="6.3889689">
	<ele>269.45</ele>
	<time>1970-01-01T01:52:27.343Z</time>
</trkpt>
<trkpt lat="47.3529663" lon="6.3893518">
	<ele>268.82</ele>
	<time>1970-01-01T01:52:46.954Z</time>
</trkpt>
<trkpt lat="47.3532639" lon="6.3897920">
	<ele>270.23</ele>
	<time>1970-01-01T01:53:10.251Z</time>
</trkpt>
<trkpt lat="47.3536758" lon="6.3905520">
	<ele>271.23</ele>
	<time>1970-01-01T01:53:56.602Z</time>
</trkpt>
<trkpt lat="47.3541336" lon="6.3912430">
	<ele>270.49</ele>
	<time>1970-01-01T01:54:12.485Z</time>
</trkpt>
<trkpt lat="47.3544998" lon="6.3916788">
	<ele>269.08</ele>
	<time>1970-01-01T01:54:18.388Z</time>
</trkpt>
<trkpt lat="47.3547592" lon="6.3918738">
	<ele>269.56</ele>
	<time>1970-01-01T01:54:21.482Z</time>
</trkpt>
<trkpt lat="47.3560677" lon="6.3930821">
	<ele>268.24</ele>
	<time>1970-01-01T01:54:35.162Z</time>
</trkpt>
<trkpt lat="47.3567047" lon="6.3938608">
	<ele>268.73</ele>
	<time>1970-01-01T01:54:44.854Z</time>
</trkpt>
<trkpt lat="47.3571396" lon="6.3947902">
	<ele>267.65</ele>
	<time>1970-01-01T01:54:55.881Z</time>
</trkpt>
<trkpt lat="47.3575363" lon="6.3962498">
	<ele>268.40</ele>
	<time>1970-01-01T01:55:12.612Z</time>
</trkpt>
<trkpt lat="47.3576279" lon="6.3970699">
	<ele>268.10</ele>
	<time>1970-01-01T01:55:22.935Z</time>
</trkpt>
<trkpt lat="47.3576584" lon="6.3977900">
	<ele>267.77</ele>
	<time>1970-01-01T01:55:31.412Z</time>
</trkpt>
<trkpt lat="47.3576622" lon="6.3978829">
	<ele>267.74</ele>
	<time>1970-01-01T01:03:40.339Z</time>
</trkpt>
<trkpt lat="47.3576317" lon="6.3987832">
	<ele>268.74</ele>
	<time>1970-01-01T01:03:52.281Z</time>
</trkpt>
<trkpt lat="47.3576012" lon="6.3989439">
	<ele>269.89</ele>
	<time>1970-01-01T01:03:54.525Z</time>
</trkpt>
<trkpt lat="47.3575211" lon="6.3991680">
	<ele>270.90</ele>
	<time>1970-01-01T01:03:58.002Z</time>
</trkpt>
<trkpt lat="47.3574677" lon="6.3994269">
	<ele>271.02</ele>
	<time>1970-01-01T01:04:02.961Z</time>
</trkpt>
<trkpt lat="47.3574753" lon="6.3995352">
	<ele>271.07</ele>
	<time>1970-01-01T01:04:04.845Z</time>
</trkpt>
<trkpt lat="47.3575172" lon="6.3997002">
	<ele>270.95</ele>
	<time>1970-01-01T01:04:07.804Z</time>
</trkpt>
<trkpt lat="47.3575172" lon="6.3997979">
	<ele>270.72</ele>
	<time>1970-01-01T01:04:09.460Z</time>
</trkpt>
<trkpt lat="47.3573837" lon="6.4005761">
	<ele>268.68</ele>
	<time>1970-01-01T01:04:24.793Z</time>
</trkpt>
<trkpt lat="47.3572845" lon="6.4009900">
	<ele>270.32</ele>
	<time>1970-01-01T01:04:37.052Z</time>
</trkpt>
<trkpt lat="47.3570595" lon="6.4018621">
	<ele>268.50</ele>
	<time>1970-01-01T01:05:15.110Z</time>
</trkpt>
<trkpt lat="47.3567047" lon="6.4034190">
	<ele>270.18</ele>
	<time>1970-01-01T01:06:15.836Z</time>
</trkpt>
<trkpt lat="47.3565369" lon="6.4046531">
	<ele>272.14</ele>
	<time>1970-01-01T01:07:41.603Z</time>
</trkpt>
<trkpt lat="47.3564110" lon="6.4058828">
	<ele>269.16</ele>
	<time>1970-01-01T01:08:19.462Z</time>
</trkpt>
<trkpt lat="47.3563538" lon="6.4067521">
	<ele>269.72</ele>
	<time>1970-01-01T01:08:33.156Z</time>
</trkpt>
<trkpt lat="47.3563118" lon="6.4076071">
	<ele>269.64</ele>
	<time>1970-01-01T01:08:48.902Z</time>
</trkpt>
<trkpt lat="47.3564835" lon="6.4094582">
	<ele>269.24</ele>
	<time>1970-01-01T01:09:00.182Z</time>
</trkpt>
<trkpt lat="47.3565865" lon="6.4104390">
	<ele>269.19</ele>
	<time>1970-01-01T01:09:06.182Z</time>
</trkpt>
<trkpt lat="47.3569336" lon="6.4123001">
	<ele>269.08</ele>
	<time>1970-01-01T01:09:21.010Z</time>
</trkpt>
<trkpt lat="47.3573799" lon="6.4143829">
	<ele>268.78</ele>
	<time>1970-01-01T01:09:46.830Z</time>
</trkpt>
<trkpt lat="47.3574982" lon="6.4151392">
	<ele>269.07</ele>
	<time>1970-01-01T01:09:58.766Z</time>
</trkpt>
<trkpt lat="47.3577232" lon="6.4165678">
	<ele>268.05</ele>
	<time>1970-01-01T01:10:45.461Z</time>
</trkpt>
<trkpt lat="47.3578949" lon="6.4172759">
	<ele>267.68</ele>
	<time>1970-01-01T01:11:11.160Z</time>
</trkpt>
<trkpt lat="47.3582878" lon="6.4183321">
	<ele>268.61</ele>
	<time>1970-01-01T01:11:26.940Z</time>
</trkpt>
<trkpt lat="47.3584976" lon="6.4187102">
	<ele>269.28</ele>
	<time>1970-01-01T01:11:37.562Z</time>
</trkpt>
<trkpt lat="47.3586197" lon="6.4189062">
	<ele>270.04</ele>
	<time>1970-01-01T01:11:43.249Z</time>
</trkpt>
<trkpt lat="47.3587685" lon="6.4190450">
	<ele>269.67</ele>
	<time>1970-01-01T01:11:49.440Z</time>
</trkpt>
<trkpt lat="47.3590012" lon="6.4191618">
	<ele>269.43</ele>
	<time>1970-01-01T01:11:53.269Z</time>
</trkpt>
<trkpt lat="47.3591499" lon="6.4192080">
	<ele>269.20</ele>
	<time>1970-01-01T01:11:54.629Z</time>
</trkpt>
<trkpt lat="47.3596840" lon="6.4193201">
	<ele>269.13</ele>
	<time>1970-01-01T01:11:59.429Z</time>
</trkpt>
<trkpt lat="47.3600616" lon="6.4193678">
	<ele>269.54</ele>
	<time>1970-01-01T01:12:02.789Z</time>
</trkpt>
<trkpt lat="47.3606377" lon="6.4194231">
	<ele>269.91</ele>
	<time>1970-01-01T01:12:07.909Z</time>
</trkpt>
<trkpt lat="47.3612213" lon="6.4194422">
	<ele>269.99</ele>
	<time>1970-01-01T01:12:14.832Z</time>
</trkpt>
<trkpt lat="47.3615074" lon="6.4194121">
	<ele>269.85</ele>
	<time>1970-01-01T01:12:19.700Z</time>
</trkpt>
<trkpt lat="47.3622398" lon="6.4192958">
	<ele>269.02</ele>
	<time>1970-01-01T01:12:28.559Z</time>
</trkpt>
<trkpt lat="47.3637009" lon="6.4190040">
	<ele>269.97</ele>
	<time>1970-01-01T01:12:51.964Z</time>
</trkpt>
<trkpt lat="47.3638496" lon="6.4190202">
	<ele>271.06</ele>
	<time>1970-01-01T01:12:54.338Z</time>
</trkpt>
<trkpt lat="47.3643837" lon="6.4189601">
	<ele>271.14</ele>
	<time>1970-01-01T01:13:02.583Z</time>
</trkpt>
<trkpt lat="47.3645897" lon="6.4189658">
	<ele>270.81</ele>
	<time>1970-01-01T01:13:05.993Z</time>
</trkpt>
<trkpt lat="47.3654556" lon="6.4190440">
	<ele>270.31</ele>
	<time>1970-01-01T01:13:19.779Z</time>
</trkpt>
<trkpt lat="47.3658829" lon="6.4191670">
	<ele>271.81</ele>
	<time>1970-01-01T01:13:27.232Z</time>
</trkpt>
<trkpt lat="47.3668289" lon="6.4196210">
	<ele>270.86</ele>
	<time>1970-01-01T01:13:54.579Z</time>
</trkpt>
<trkpt lat="47.3685608" lon="6.4206100">
	<ele>270.40</ele>
	<time>1970-01-01T01:14:29.179Z</time>
</trkpt>
<trkpt lat="47.3689537" lon="6.4208908">
	<ele>271.77</ele>
	<time>1970-01-01T01:14:37.651Z</time>
</trkpt>
<trkpt lat="47.3693085" lon="6.4211760">
	<ele>271.24</ele>
	<time>1970-01-01T01:14:51.205Z</time>
</trkpt>
<trkpt lat="47.3697014" lon="6.4215550">
	<ele>271.44</ele>
	<time>1970-01-01T01:14:58.954Z</time>
</trkpt>
<trkpt lat="47.3699265" lon="6.4218159">
	<ele>271.27</ele>
	<time>1970-01-01T01:15:02.808Z</time>
</trkpt>
<trkpt lat="47.3702278" lon="6.4222040">
	<ele>270.89</ele>
	<time>1970-01-01T01:15:09.215Z</time>
</trkpt>
<trkpt lat="47.3704987" lon="6.4226260">
	<ele>271.50</ele>
	<time>1970-01-01T01:15:15.291Z</time>
</trkpt>
<trkpt lat="47.3706627" lon="6.4229031">
	<ele>271.31</ele>
	<time>1970-01-01T01:15:19.377Z</time>
</trkpt>
<trkpt lat="47.3709259" lon="6.4234161">
	<ele>270.65</ele>
	<time>1970-01-01T01:15:28.440Z</time>
</trkpt>
<trkpt lat="47.3710594" lon="6.4237289">
	<ele>269.90</ele>
	<time>1970-01-01T01:15:33.843Z</time>
</trkpt>
<trkpt lat="47.3713074" lon="6.4243088">
	<ele>270.67</ele>
	<time>1970-01-01T01:15:41.599Z</time>
</trkpt>
<trkpt lat="47.3714828" lon="6.4247508">
	<ele>270.69</ele>
	<time>1970-01-01T01:15:46.798Z</time>
</trkpt>
<trkpt lat="47.3715782" lon="6.4250040">
	<ele>270.30</ele>
	<time>1970-01-01T01:15:49.461Z</time>
</trkpt>
<trkpt lat="47.3716354" lon="6.4251881">
	<ele>272.21</ele>
	<time>1970-01-01T01:15:51.470Z</time>
</trkpt>
<trkpt lat="47.3716621" lon="6.4253812">
	<ele>273.28</ele>
	<time>1970-01-01T01:15:53.538Z</time>
</trkpt>
<trkpt lat="47.3716660" lon="6.4254031">
	<ele>273.26</ele>
	<time>1970-01-01T01:15:52.702Z</time>
</trkpt>
<trkpt lat="47.3716660" lon="6.4256368">
	<ele>272.81</ele>
	<time>1970-01-01T01:15:56.118Z</time>
</trkpt>
<trkpt lat="47.3716431" lon="6.4257922">
	<ele>272.31</ele>
	<time>1970-01-01T01:15:58.509Z</time>
</trkpt>
<trkpt lat="47.3716316" lon="6.4258499">
	<ele>272.05</ele>
	<time>1970-01-01T01:15:59.561Z</time>
</trkpt>
<trkpt lat="47.3715630" lon="6.4260459">
	<ele>271.24</ele>
	<time>1970-01-01T01:16:04.361Z</time>
</trkpt>
<trkpt lat="47.3713036" lon="6.4264870">
	<ele>272.42</ele>
	<time>1970-01-01T01:16:19.951Z</time>
</trkpt>
<trkpt lat="47.3712082" lon="6.4266701">
	<ele>271.52</ele>
	<time>1970-01-01T01:16:27.825Z</time>
</trkpt>
<trkpt lat="47.3711319" lon="6.4268470">
	<ele>271.99</ele>
	<time>1970-01-01T01:16:33.784Z</time>
</trkpt>
<trkpt lat="47.3710861" lon="6.4269228">
	<ele>272.79</ele>
	<time>1970-01-01T01:16:36.540Z</time>
</trkpt>
<trkpt lat="47.3710060" lon="6.4270058">
	<ele>274.63</ele>
	<time>1970-01-01T01:16:40.119Z</time>
</trkpt>
<trkpt lat="47.3709106" lon="6.4270492">
	<ele>276.31</ele>
	<time>1970-01-01T01:16:43.887Z</time>
</trkpt>
<trkpt lat="47.3706131" lon="6.4271131">
	<ele>275.41</ele>
	<time>1970-01-01T01:17:00.005Z</time>
</trkpt>
<trkpt lat="47.3704338" lon="6.4271889">
	<ele>274.38</ele>
	<time>1970-01-01T01:17:09.727Z</time>
</trkpt>
<trkpt lat="47.3702621" lon="6.4272332">
	<ele>274.53</ele>
	<time>1970-01-01T01:17:18.416Z</time>
</trkpt>
<trkpt lat="47.3701134" lon="6.4272251">
	<ele>273.37</ele>
	<time>1970-01-01T01:17:27.048Z</time>
</trkpt>
<trkpt lat="47.3697166" lon="6.4271402">
	<ele>275.18</ele>
	<time>1970-01-01T01:18:05.266Z</time>
</trkpt>
<trkpt lat="47.3694572" lon="6.4271531">
	<ele>275.07</ele>
	<time>1970-01-01T01:18:30.160Z</time>
</trkpt>
<trkpt lat="47.3693314" lon="6.4271770">
	<ele>274.61</ele>
	<time>1970-01-01T01:18:41.237Z</time>
</trkpt>
<trkpt lat="47.3691940" lon="6.4272442">
	<ele>272.68</ele>
	<time>1970-01-01T01:18:52.358Z</time>
</trkpt>
<trkpt lat="47.3690338" lon="6.4273610">
	<ele>274.49</ele>
	<time>1970-01-01T01:19:04.312Z</time>
</trkpt>
<trkpt lat="47.3687592" lon="6.4275360">
	<ele>273.43</ele>
	<time>1970-01-01T01:19:25.148Z</time>
</trkpt>
<trkpt lat="47.3685074" lon="6.4276719">
	<ele>273.86</ele>
	<time>1970-01-01T01:19:43.173Z</time>
</trkpt>
<trkpt lat="47.3682098" lon="6.4279041">
	<ele>272.17</ele>
	<time>1970-01-01T01:19:56.093Z</time>
</trkpt>
<trkpt lat="47.3679428" lon="6.4282622">
	<ele>271.03</ele>
	<time>1970-01-01T01:20:01.180Z</time>
</trkpt>
<trkpt lat="47.3677483" lon="6.4287000">
	<ele>271.56</ele>
	<time>1970-01-01T01:20:05.501Z</time>
</trkpt>
<trkpt lat="47.3676376" lon="6.4290199">
	<ele>271.69</ele>
	<time>1970-01-01T01:20:07.661Z</time>
</trkpt>
<trkpt lat="47.3675537" lon="6.4293332">
	<ele>272.17</ele>
	<time>1970-01-01T01:20:09.661Z</time>
</trkpt>
<trkpt lat="47.3674622" lon="6.4297080">
	<ele>271.85</ele>
	<time>1970-01-01T01:20:12.064Z</time>
</trkpt>
<trkpt lat="47.3671188" lon="6.4315581">
	<ele>270.55</ele>
	<time>1970-01-01T01:20:31.466Z</time>
</trkpt>
<trkpt lat="47.3668747" lon="6.4334679">
	<ele>270.10</ele>
	<time>1970-01-01T01:20:51.215Z</time>
</trkpt>
<trkpt lat="47.3667450" lon="6.4349031">
	<ele>271.25</ele>
	<time>1970-01-01T01:20:59.935Z</time>
</trkpt>
<trkpt lat="47.3666801" lon="6.4358668">
	<ele>270.98</ele>
	<time>1970-01-01T01:21:06.845Z</time>
</trkpt>
<trkpt lat="47.3665466" lon="6.4370642">
	<ele>270.77</ele>
	<time>1970-01-01T01:21:21.977Z</time>
</trkpt>
<trkpt lat="47.3665276" lon="6.4372611">
	<ele>271.34</ele>
	<time>1970-01-01T01:21:23.603Z</time>
</trkpt>
<trkpt lat="47.3665314" lon="6.4375892">
	<ele>271.27</ele>
	<time>1970-01-01T01:21:27.120Z</time>
</trkpt>
<trkpt lat="47.3665123" lon="6.4379950">
	<ele>271.56</ele>
	<time>1970-01-01T01:21:33.579Z</time>
</trkpt>
<trkpt lat="47.3663979" lon="6.4387879">
	<ele>271.29</ele>
	<time>1970-01-01T01:21:48.846Z</time>
</trkpt>
<trkpt lat="47.3663025" lon="6.4391952">
	<ele>270.58</ele>
	<time>1970-01-01T01:21:55.720Z</time>
</trkpt>
<trkpt lat="47.3662148" lon="6.4394822">
	<ele>270.79</ele>
	<time>1970-01-01T01:22:01.936Z</time>
</trkpt>
<trkpt lat="47.3660278" lon="6.4399371">
	<ele>271.58</ele>
	<time>1970-01-01T01:22:09.665Z</time>
</trkpt>
<trkpt lat="47.3656044" lon="6.4407640">
	<ele>273.04</ele>
	<time>1970-01-01T01:22:33.552Z</time>
</trkpt>
<trkpt lat="47.3651962" lon="6.4416542">
	<ele>274.52</ele>
	<time>1970-01-01T01:22:52.361Z</time>
</trkpt>
<trkpt lat="47.3648224" lon="6.4425349">
	<ele>275.03</ele>
	<time>1970-01-01T01:23:17.909Z</time>
</trkpt>
<trkpt lat="47.3640556" lon="6.4439001">
	<ele>274.40</ele>
	<time>1970-01-01T01:24:26.845Z</time>
</trkpt>
<trkpt lat="47.3628578" lon="6.4466639">
	<ele>276.45</ele>
	<time>1970-01-01T01:25:31.204Z</time>
</trkpt>
<trkpt lat="47.3628235" lon="6.4467602">
	<ele>274.86</ele>
	<time>1970-01-01T01:25:32.777Z</time>
</trkpt>
<trkpt lat="47.3624573" lon="6.4478741">
	<ele>275.27</ele>
	<time>1970-01-01T01:25:57.765Z</time>
</trkpt>
<trkpt lat="47.3623772" lon="6.4485478">
	<ele>277.94</ele>
	<time>1970-01-01T01:26:10.519Z</time>
</trkpt>
<trkpt lat="47.3623543" lon="6.4494920">
	<ele>276.33</ele>
	<time>1970-01-01T01:26:25.139Z</time>
</trkpt>
<trkpt lat="47.3624268" lon="6.4503522">
	<ele>274.67</ele>
	<time>1970-01-01T01:26:34.293Z</time>
</trkpt>
<trkpt lat="47.3626060" lon="6.4509811">
	<ele>274.86</ele>
	<time>1970-01-01T01:26:41.738Z</time>
</trkpt>
<trkpt lat="47.3627663" lon="6.4512749">
	<ele>273.67</ele>
	<time>1970-01-01T01:26:44.065Z</time>
</trkpt>
<trkpt lat="47.3630257" lon="6.4516101">
	<ele>274.48</ele>
	<time>1970-01-01T01:26:47.105Z</time>
</trkpt>
<trkpt lat="47.3632584" lon="6.4519358">
	<ele>274.20</ele>
	<time>1970-01-01T01:26:49.985Z</time>
</trkpt>
<trkpt lat="47.3634796" lon="6.4521918">
	<ele>273.27</ele>
	<time>1970-01-01T01:26:52.465Z</time>
</trkpt>
<trkpt lat="47.3637238" lon="6.4524488">
	<ele>273.29</ele>
	<time>1970-01-01T01:26:55.105Z</time>
</trkpt>
<trkpt lat="47.3638229" lon="6.4524822">
	<ele>273.16</ele>
	<time>1970-01-01T01:26:55.985Z</time>
</trkpt>
<trkpt lat="47.3640366" lon="6.4525032">
	<ele>272.41</ele>
	<time>1970-01-01T01:26:57.905Z</time>
</trkpt>
<trkpt lat="47.3641815" lon="6.4525528">
	<ele>271.96</ele>
	<time>1970-01-01T01:26:59.185Z</time>
</trkpt>
<trkpt lat="47.3644409" lon="6.4526811">
	<ele>272.68</ele>
	<time>1970-01-01T01:27:02.013Z</time>
</trkpt>
<trkpt lat="47.3655243" lon="6.4530172">
	<ele>272.95</ele>
	<time>1970-01-01T01:27:19.033Z</time>
</trkpt>
<trkpt lat="47.3658333" lon="6.4530821">
	<ele>272.06</ele>
	<time>1970-01-01T01:27:24.128Z</time>
</trkpt>
<trkpt lat="47.3660774" lon="6.4531112">
	<ele>272.13</ele>
	<time>1970-01-01T01:27:27.983Z</time>
</trkpt>
<trkpt lat="47.3661270" lon="6.4531169">
	<ele>272.15</ele>
	<time>1970-01-01T01:27:28.484Z</time>
</trkpt>
<trkpt lat="47.3667946" lon="6.4531441">
	<ele>272.28</ele>
	<time>1970-01-01T01:27:40.276Z</time>
</trkpt>
<trkpt lat="47.3675385" lon="6.4531598">
	<ele>271.96</ele>
	<time>1970-01-01T01:27:54.485Z</time>
</trkpt>
<trkpt lat="47.3678894" lon="6.4532361">
	<ele>272.30</ele>
	<time>1970-01-01T01:27:59.707Z</time>
</trkpt>
<trkpt lat="47.3682442" lon="6.4532251">
	<ele>272.68</ele>
	<time>1970-01-01T01:28:04.934Z</time>
</trkpt>
<trkpt lat="47.3686409" lon="6.4532571">
	<ele>272.77</ele>
	<time>1970-01-01T01:28:13.724Z</time>
</trkpt>
<trkpt lat="47.3690491" lon="6.4533582">
	<ele>273.11</ele>
	<time>1970-01-01T01:28:27.137Z</time>
</trkpt>
<trkpt lat="47.3694687" lon="6.4535379">
	<ele>272.78</ele>
	<time>1970-01-01T01:28:38.784Z</time>
</trkpt>
<trkpt lat="47.3699226" lon="6.4538021">
	<ele>272.80</ele>
	<time>1970-01-01T01:28:48.762Z</time>
</trkpt>
<trkpt lat="47.3703308" lon="6.4540739">
	<ele>272.65</ele>
	<time>1970-01-01T01:28:56.727Z</time>
</trkpt>
<trkpt lat="47.3708572" lon="6.4545469">
	<ele>273.04</ele>
	<time>1970-01-01T01:29:05.344Z</time>
</trkpt>
<trkpt lat="47.3719254" lon="6.4555740">
	<ele>272.08</ele>
	<time>1970-01-01T01:29:22.862Z</time>
</trkpt>
<trkpt lat="47.3722687" lon="6.4559770">
	<ele>272.42</ele>
	<time>1970-01-01T01:29:30.146Z</time>
</trkpt>
<trkpt lat="47.3726349" lon="6.4564672">
	<ele>272.69</ele>
	<time>1970-01-01T01:29:43.301Z</time>
</trkpt>
<trkpt lat="47.3730507" lon="6.4569860">
	<ele>273.06</ele>
	<time>1970-01-01T01:29:54.925Z</time>
</trkpt>
<trkpt lat="47.3732224" lon="6.4573140">
	<ele>272.35</ele>
	<time>1970-01-01T01:29:58.997Z</time>
</trkpt>
<trkpt lat="47.3733482" lon="6.4576650">
	<ele>272.59</ele>
	<time>1970-01-01T01:30:02.314Z</time>
</trkpt>
<trkpt lat="47.3734169" lon="6.4580069">
	<ele>272.69</ele>
	<time>1970-01-01T01:30:05.731Z</time>
</trkpt>
<trkpt lat="47.3735046" lon="6.4585242">
	<ele>272.23</ele>
	<time>1970-01-01T01:30:12.086Z</time>
</trkpt>
<trkpt lat="47.3735695" lon="6.4589930">
	<ele>272.52</ele>
	<time>1970-01-01T01:30:21.381Z</time>
</trkpt>
<trkpt lat="47.3735504" lon="6.4591341">
	<ele>273.46</ele>
	<time>1970-01-01T01:30:24.333Z</time>
</trkpt>
<trkpt lat="47.3734856" lon="6.4591899">
	<ele>274.38</ele>
	<time>1970-01-01T01:30:26.529Z</time>
</trkpt>
<trkpt lat="47.3730888" lon="6.4593968">
	<ele>277.52</ele>
	<time>1970-01-01T01:30:35.728Z</time>
</trkpt>
<trkpt lat="47.3728981" lon="6.4594769">
	<ele>279.80</ele>
	<time>1970-01-01T01:30:41.361Z</time>
</trkpt>
<trkpt lat="47.3726921" lon="6.4597192">
	<ele>280.92</ele>
	<time>1970-01-01T01:30:52.200Z</time>
</trkpt>
<trkpt lat="47.3719444" lon="6.4611211">
	<ele>286.96</ele>
	<time>1970-01-01T01:32:02.061Z</time>
</trkpt>
<trkpt lat="47.3717117" lon="6.4616952">
	<ele>289.01</ele>
	<time>1970-01-01T01:32:28.284Z</time>
</trkpt>
<trkpt lat="47.3714333" lon="6.4625492">
	<ele>288.94</ele>
	<time>1970-01-01T01:32:42.609Z</time>
</trkpt>
<trkpt lat="47.3712425" lon="6.4630661">
	<ele>290.01</ele>
	<time>1970-01-01T01:32:50.255Z</time>
</trkpt>
<trkpt lat="47.3711128" lon="6.4633098">
	<ele>290.10</ele>
	<time>1970-01-01T01:32:55.554Z</time>
</trkpt>
<trkpt lat="47.3708839" lon="6.4636431">
	<ele>291.07</ele>
	<time>1970-01-01T01:33:06.010Z</time>
</trkpt>
<trkpt lat="47.3706093" lon="6.4639091">
	<ele>291.22</ele>
	<time>1970-01-01T01:33:18.293Z</time>
</trkpt>
<trkpt lat="47.3705330" lon="6.4639621">
	<ele>292.05</ele>
	<time>1970-01-01T01:33:21.317Z</time>
</trkpt>
<trkpt lat="47.3698502" lon="6.4644279">
	<ele>294.81</ele>
	<time>1970-01-01T01:34:05.622Z</time>
</trkpt>
<trkpt lat="47.3694000" lon="6.4647479">
	<ele>296.14</ele>
	<time>1970-01-01T01:34:27.546Z</time>
</trkpt>
<trkpt lat="47.3692398" lon="6.4649081">
	<ele>296.68</ele>
	<time>1970-01-01T01:34:34.765Z</time>
</trkpt>
<trkpt lat="47.3690796" lon="6.4651160">
	<ele>297.31</ele>
	<time>1970-01-01T01:34:42.517Z</time>
</trkpt>
<trkpt lat="47.3679276" lon="6.4670768">
	<ele>308.58</ele>
	<time>1970-01-01T01:36:24.038Z</time>
</trkpt>
<trkpt lat="47.3678207" lon="6.4673009">
	<ele>309.78</ele>
	<time>1970-01-01T01:36:30.970Z</time>
</trkpt>
<trkpt lat="47.3676758" lon="6.4678359">
	<ele>311.18</ele>
	<time>1970-01-01T01:36:49.197Z</time>
</trkpt>
<trkpt lat="47.3675919" lon="6.4680262">
	<ele>312.40</ele>
	<time>1970-01-01T01:36:56.335Z</time>
</trkpt>
<trkpt lat="47.3676682" lon="6.4688101">
	<ele>311.82</ele>
	<time>1970-01-01T01:37:16.062Z</time>
</trkpt>
<trkpt lat="47.3678093" lon="6.4699039">
	<ele>311.81</ele>
	<time>1970-01-01T01:37:31.683Z</time>
</trkpt>
<trkpt lat="47.3678169" lon="6.4706831">
	<ele>313.21</ele>
	<time>1970-01-01T01:37:47.526Z</time>
</trkpt>
<trkpt lat="47.3678055" lon="6.4710622">
	<ele>313.74</ele>
	<time>1970-01-01T01:37:55.849Z</time>
</trkpt>
<trkpt lat="47.3677979" lon="6.4712081">
	<ele>314.16</ele>
	<time>1970-01-01T01:37:59.101Z</time>
</trkpt>
<trkpt lat="47.3676872" lon="6.4724069">
	<ele>317.24</ele>
	<time>1970-01-01T01:38:27.410Z</time>
</trkpt>
<trkpt lat="47.3675575" lon="6.4735351">
	<ele>317.90</ele>
	<time>1970-01-01T01:38:59.948Z</time>
</trkpt>
<trkpt lat="47.3675117" lon="6.4737182">
	<ele>317.57</ele>
	<time>1970-01-01T01:39:03.863Z</time>
</trkpt>
<trkpt lat="47.3673897" lon="6.4742012">
	<ele>316.22</ele>
	<time>1970-01-01T01:39:12.037Z</time>
</trkpt>
<trkpt lat="47.3673134" lon="6.4747992">
	<ele>318.39</ele>
	<time>1970-01-01T01:39:23.214Z</time>
</trkpt>
<trkpt lat="47.3672905" lon="6.4753828">
	<ele>320.31</ele>
	<time>1970-01-01T01:39:36.211Z</time>
</trkpt>
<trkpt lat="47.3671913" lon="6.4770622">
	<ele>315.47</ele>
	<time>1970-01-01T01:40:08.506Z</time>
</trkpt>
<trkpt lat="47.3672485" lon="6.4779510">
	<ele>313.20</ele>
	<time>1970-01-01T01:40:20.255Z</time>
</trkpt>
<trkpt lat="47.3673363" lon="6.4788189">
	<ele>315.07</ele>
	<time>1970-01-01T01:40:29.593Z</time>
</trkpt>
<trkpt lat="47.3673477" lon="6.4789371">
	<ele>314.84</ele>
	<time>1970-01-01T01:40:30.935Z</time>
</trkpt>
<trkpt lat="47.3673706" lon="6.4792638">
	<ele>313.56</ele>
	<time>1970-01-01T01:40:34.726Z</time>
</trkpt>
<trkpt lat="47.3674812" lon="6.4796152">
	<ele>311.53</ele>
	<time>1970-01-01T01:40:39.490Z</time>
</trkpt>
<trkpt lat="47.3675766" lon="6.4798689">
	<ele>310.70</ele>
	<time>1970-01-01T01:40:42.116Z</time>
</trkpt>
<trkpt lat="47.3676910" lon="6.4801130">
	<ele>309.99</ele>
	<time>1970-01-01T01:40:44.360Z</time>
</trkpt>
<trkpt lat="47.3677139" lon="6.4805269">
	<ele>309.47</ele>
	<time>1970-01-01T01:40:47.455Z</time>
</trkpt>
<trkpt lat="47.3676910" lon="6.4810891">
	<ele>309.29</ele>
	<time>1970-01-01T01:40:51.988Z</time>
</trkpt>
<trkpt lat="47.3676758" lon="6.4814301">
	<ele>308.90</ele>
	<time>1970-01-01T01:40:55.062Z</time>
</trkpt>
<trkpt lat="47.3676300" lon="6.4818401">
	<ele>308.26</ele>
	<time>1970-01-01T01:40:58.390Z</time>
</trkpt>
<trkpt lat="47.3675499" lon="6.4820290">
	<ele>307.52</ele>
	<time>1970-01-01T01:41:00.201Z</time>
</trkpt>
<trkpt lat="47.3672295" lon="6.4830871">
	<ele>302.58</ele>
	<time>1970-01-01T01:41:07.241Z</time>
</trkpt>
<trkpt lat="47.3672180" lon="6.4832158">
	<ele>302.29</ele>
	<time>1970-01-01T01:41:08.100Z</time>
</trkpt>
<trkpt lat="47.3672218" lon="6.4833350">
	<ele>302.01</ele>
	<time>1970-01-01T01:41:08.820Z</time>
</trkpt>
<trkpt lat="47.3672409" lon="6.4835448">
	<ele>302.13</ele>
	<time>1970-01-01T01:41:10.208Z</time>
</trkpt>
<trkpt lat="47.3673820" lon="6.4838138">
	<ele>301.74</ele>
	<time>1970-01-01T01:41:12.288Z</time>
</trkpt>
<trkpt lat="47.3674812" lon="6.4840231">
	<ele>300.00</ele>
	<time>1970-01-01T01:41:13.808Z</time>
</trkpt>
<trkpt lat="47.3675537" lon="6.4841971">
	<ele>298.47</ele>
	<time>1970-01-01T01:41:15.008Z</time>
</trkpt>
<trkpt lat="47.3676071" lon="6.4843798">
	<ele>298.91</ele>
	<time>1970-01-01T01:41:16.208Z</time>
</trkpt>
<trkpt lat="47.3676491" lon="6.4845982">
	<ele>298.65</ele>
	<time>1970-01-01T01:41:17.568Z</time>
</trkpt>
<trkpt lat="47.3676720" lon="6.4848680">
	<ele>297.37</ele>
	<time>1970-01-01T01:41:19.372Z</time>
</trkpt>
<trkpt lat="47.3676414" lon="6.4862452">
	<ele>290.21</ele>
	<time>1970-01-01T01:41:35.877Z</time>
</trkpt>
<trkpt lat="47.3676262" lon="6.4872060">
	<ele>288.62</ele>
	<time>1970-01-01T01:41:49.719Z</time>
</trkpt>
<trkpt lat="47.3676529" lon="6.4876170">
	<ele>287.29</ele>
	<time>1970-01-01T01:41:55.293Z</time>
</trkpt>
<trkpt lat="47.3676987" lon="6.4880919">
	<ele>287.38</ele>
	<time>1970-01-01T01:42:02.014Z</time>
</trkpt>
<trkpt lat="47.3678970" lon="6.4892912">
	<ele>282.79</ele>
	<time>1970-01-01T01:42:13.880Z</time>
</trkpt>
<trkpt lat="47.3683548" lon="6.4912882">
	<ele>275.31</ele>
	<time>1970-01-01T01:42:26.600Z</time>
</trkpt>
<trkpt lat="47.3686676" lon="6.4924860">
	<ele>276.58</ele>
	<time>1970-01-01T01:42:42.894Z</time>
</trkpt>
<trkpt lat="47.3693848" lon="6.4945760">
	<ele>277.83</ele>
	<time>1970-01-01T01:43:11.590Z</time>
</trkpt>
<trkpt lat="47.3693002" lon="6.4946405">
	<ele>284.90</ele>
	<time>1970-01-01T00:00:00.000Z</time>
</trkpt>
<trkpt lat="47.3700130" lon="6.4964473">
	<ele>285.70</ele>
	<time>1970-01-01T01:53:23.541Z</time>
</trkpt>
<trkpt lat="47.3708245" lon="6.4980598">
	<ele>286.30</ele>
	<time>1970-01-01T01:53:23.541Z</time>
</trkpt>
<trkpt lat="47.3715878" lon="6.4997360">
	<ele>289.60</ele>
	<time>1970-01-01T01:53:23.541Z</time>
</trkpt>
<trkpt lat="47.3724005" lon="6.5006751">
	<ele>285.90</ele>
	<time>1970-01-01T01:53:23.541Z</time>
</trkpt>
<trkpt lat="47.3728879" lon="6.5011173">
	<ele>282.40</ele>
	<time>1970-01-01T01:53:23.541Z</time>
</trkpt>
<trkpt lat="47.3738317" lon="6.5015951">
	<ele>285.60</ele>
	<time>1970-01-01T01:53:23.541Z</time>
</trkpt>
<trkpt lat="47.3747250" lon="6.5022038">
	<ele>284.20</ele>
	<time>1970-01-01T01:53:23.541Z</time>
</trkpt>
<trkpt lat="47.3760120" lon="6.5033147">
	<ele>291.00</ele>
	<time>1970-01-01T01:53:23.541Z</time>
</trkpt>
<trkpt lat="47.3769028" lon="6.5039907">
	<ele>291.30</ele>
	<time>1970-01-01T01:53:23.541Z</time>
</trkpt>
<trkpt lat="47.3778970" lon="6.5043378">
	<ele>290.20</ele>
	<time>1970-01-01T01:53:23.541Z</time>
</trkpt>
<trkpt lat="47.3787135" lon="6.5045363">
	<ele>289.70</ele>
	<time>1970-01-01T01:53:23.541Z</time>
</trkpt>
<trkpt lat="47.3795733" lon="6.5048055">
	<ele>294.90</ele>
	<time>1970-01-01T01:53:23.541Z</time>
</trkpt>
<trkpt lat="47.3808893" lon="6.5051106">
	<ele>276.50</ele>
	<time>1970-01-01T01:53:23.541Z</time>
</trkpt>
<trkpt lat="47.3818908" lon="6.5052562">
	<ele>283.50</ele>
	<time>1970-01-01T01:53:23.541Z</time>
</trkpt>
<trkpt lat="47.3818893" lon="6.5052738">
	<ele>278.82</ele>
	<time>1970-01-01T03:36:34.797Z</time>
</trkpt>
<trkpt lat="47.3824463" lon="6.5052691">
	<ele>278.77</ele>
	<time>1970-01-01T03:36:44.651Z</time>
</trkpt>
<trkpt lat="47.3828964" lon="6.5052838">
	<ele>279.17</ele>
	<time>1970-01-01T03:36:54.761Z</time>
</trkpt>
<trkpt lat="47.3831024" lon="6.5052261">
	<ele>279.25</ele>
	<time>1970-01-01T01:43:36.084Z</time>
</trkpt>
<trkpt lat="47.3835373" lon="6.5048981">
	<ele>278.36</ele>
	<time>1970-01-01T01:43:48.891Z</time>
</trkpt>
<trkpt lat="47.3835945" lon="6.5048542">
	<ele>278.52</ele>
	<time>1970-01-01T01:43:50.400Z</time>
</trkpt>
<trkpt lat="47.3836937" lon="6.5048051">
	<ele>279.21</ele>
	<time>1970-01-01T01:43:53.051Z</time>
</trkpt>
<trkpt lat="47.3844757" lon="6.5044718">
	<ele>282.57</ele>
	<time>1970-01-01T01:44:10.431Z</time>
</trkpt>
<trkpt lat="47.3847198" lon="6.5043540">
	<ele>284.17</ele>
	<time>1970-01-01T01:44:16.476Z</time>
</trkpt>
<trkpt lat="47.3851700" lon="6.5041060">
	<ele>284.92</ele>
	<time>1970-01-01T01:44:32.812Z</time>
</trkpt>
<trkpt lat="47.3859253" lon="6.5036540">
	<ele>289.46</ele>
	<time>1970-01-01T01:45:07.904Z</time>
</trkpt>
<trkpt lat="47.3865280" lon="6.5032668">
	<ele>292.55</ele>
	<time>1970-01-01T01:45:33.749Z</time>
</trkpt>
<trkpt lat="47.3868904" lon="6.5029740">
	<ele>293.22</ele>
	<time>1970-01-01T01:45:50.484Z</time>
</trkpt>
<trkpt lat="47.3875656" lon="6.5023661">
	<ele>297.29</ele>
	<time>1970-01-01T01:46:11.123Z</time>
</trkpt>
<trkpt lat="47.3878937" lon="6.5020552">
	<ele>297.69</ele>
	<time>1970-01-01T01:46:19.644Z</time>
</trkpt>
<trkpt lat="47.3881111" lon="6.5019550">
	<ele>300.04</ele>
	<time>1970-01-01T01:46:26.076Z</time>
</trkpt>
<trkpt lat="47.3884506" lon="6.5018620">
	<ele>301.10</ele>
	<time>1970-01-01T01:46:33.379Z</time>
</trkpt>
<trkpt lat="47.3887024" lon="6.5017929">
	<ele>303.71</ele>
	<time>1970-01-01T01:46:38.877Z</time>
</trkpt>
<trkpt lat="47.3888893" lon="6.5016818">
	<ele>303.31</ele>
	<time>1970-01-01T01:46:44.837Z</time>
</trkpt>
<trkpt lat="47.3892899" lon="6.5012851">
	<ele>303.09</ele>
	<time>1970-01-01T01:46:54.468Z</time>
</trkpt>
<trkpt lat="47.3893738" lon="6.5013218">
	<ele>304.17</ele>
	<time>1970-01-01T01:46:56.951Z</time>
</trkpt>
<trkpt lat="47.3896332" lon="6.5008440">
	<ele>303.33</ele>
	<time>1970-01-01T01:47:02.517Z</time>
</trkpt>
<trkpt lat="47.3898048" lon="6.5005379">
	<ele>302.66</ele>
	<time>1970-01-01T01:47:05.488Z</time>
</trkpt>
<trkpt lat="47.3902054" lon="6.5000482">
	<ele>299.13</ele>
	<time>1970-01-01T01:47:14.130Z</time>
</trkpt>
<trkpt lat="47.3906174" lon="6.4996629">
	<ele>296.80</ele>
	<time>1970-01-01T01:47:21.121Z</time>
</trkpt>
<trkpt lat="47.3910751" lon="6.4992509">
	<ele>293.76</ele>
	<time>1970-01-01T01:47:27.855Z</time>
</trkpt>
<trkpt lat="47.3912506" lon="6.4990888">
	<ele>292.83</ele>
	<time>1970-01-01T01:47:30.205Z</time>
</trkpt>
<trkpt lat="47.3911133" lon="6.4986911">
	<ele>287.80</ele>
	<time>1970-01-01T01:47:32.925Z</time>
</trkpt>
<trkpt lat="47.3910866" lon="6.4986181">
	<ele>287.03</ele>
	<time>1970-01-01T01:47:33.756Z</time>
</trkpt>
<trkpt lat="47.3910065" lon="6.4983869">
	<ele>285.25</ele>
	<time>1970-01-01T01:47:36.438Z</time>
</trkpt>
<trkpt lat="47.3910141" lon="6.4983468">
	<ele>284.90</ele>
	<time>1970-01-01T01:47:36.807Z</time>
</trkpt>
<trkpt lat="47.3914375" lon="6.4979730">
	<ele>283.74</ele>
	<time>1970-01-01T01:47:44.720Z</time>
</trkpt>
<trkpt lat="47.3917389" lon="6.4976459">
	<ele>284.22</ele>
	<time>1970-01-01T01:47:50.789Z</time>
</trkpt>
<trkpt lat="47.3915062" lon="6.4969749">
	<ele>278.33</ele>
	<time>1970-01-01T01:47:55.349Z</time>
</trkpt>
<trkpt lat="47.3915939" lon="6.4969158">
	<ele>278.64</ele>
	<time>1970-01-01T01:47:56.322Z</time>
</trkpt>
<trkpt lat="47.3917656" lon="6.4968848">
	<ele>279.05</ele>
	<time>1970-01-01T01:47:58.321Z</time>
</trkpt>
<trkpt lat="47.3919334" lon="6.4967632">
	<ele>279.26</ele>
	<time>1970-01-01T01:48:00.913Z</time>
</trkpt>
<trkpt lat="47.3918343" lon="6.4964828">
	<ele>278.14</ele>
	<time>1970-01-01T01:48:03.243Z</time>
</trkpt>
<trkpt lat="47.3922081" lon="6.4959478">
	<ele>278.72</ele>
	<time>1970-01-01T01:48:09.751Z</time>
</trkpt>
<trkpt lat="47.3924332" lon="6.4956670">
	<ele>279.78</ele>
	<time>1970-01-01T01:48:13.608Z</time>
</trkpt>
<trkpt lat="47.3924675" lon="6.4956121">
	<ele>279.98</ele>
	<time>1970-01-01T01:48:14.350Z</time>
</trkpt>
<trkpt lat="47.3923950" lon="6.4954929">
	<ele>278.23</ele>
	<time>1970-01-01T01:48:15.794Z</time>
</trkpt>
<trkpt lat="47.3919411" lon="6.4947672">
	<ele>276.77</ele>
	<time>1970-01-01T01:48:25.633Z</time>
</trkpt>
<trkpt lat="47.3919258" lon="6.4947038">
	<ele>277.47</ele>
	<time>1970-01-01T01:48:26.348Z</time>
</trkpt>
<trkpt lat="47.3919144" lon="6.4946251">
	<ele>279.03</ele>
	<time>1970-01-01T01:48:27.214Z</time>
</trkpt>
<trkpt lat="47.3919258" lon="6.4945202">
	<ele>281.08</ele>
	<time>1970-01-01T01:48:28.312Z</time>
</trkpt>
<trkpt lat="47.3919525" lon="6.4944620">
	<ele>281.65</ele>
	<time>1970-01-01T01:48:29.050Z</time>
</trkpt>
<trkpt lat="47.3919792" lon="6.4944172">
	<ele>281.60</ele>
	<time>1970-01-01T01:48:29.792Z</time>
</trkpt>
<trkpt lat="47.3923607" lon="6.4941349">
	<ele>277.50</ele>
	<time>1970-01-01T01:48:36.742Z</time>
</trkpt>
<trkpt lat="47.3924332" lon="6.4940548">
	<ele>277.47</ele>
	<time>1970-01-01T01:48:39.124Z</time>
</trkpt>
<trkpt lat="47.3926277" lon="6.4939342">
	<ele>277.57</ele>
	<time>1970-01-01T01:48:43.333Z</time>
</trkpt>
<trkpt lat="47.3927917" lon="6.4938679">
	<ele>278.77</ele>
	<time>1970-01-01T01:48:47.084Z</time>
</trkpt>
<trkpt lat="47.3930092" lon="6.4938049">
	<ele>277.16</ele>
	<time>1970-01-01T01:48:51.304Z</time>
</trkpt>
<trkpt lat="47.3938408" lon="6.4937158">
	<ele>278.42</ele>
	<time>1970-01-01T01:49:03.380Z</time>
</trkpt>
<trkpt lat="47.3938332" lon="6.4936590">
	<ele>278.81</ele>
	<time>1970-01-01T01:49:04.034Z</time>
</trkpt>
<trkpt lat="47.3938026" lon="6.4936619">
	<ele>278.79</ele>
	<time>1970-01-01T01:49:04.524Z</time>
</trkpt>
<trkpt lat="47.3938026" lon="6.4936584">
	<ele>282.00</ele>
	<time>1970-01-01T00:00:00.000Z</time>
</trkpt>
<trkpt lat="47.3942889" lon="6.4938932">
	<ele>276.80</ele>
	<time>1970-01-01T00:00:00.000Z</time>
</trkpt>
<trkpt lat="47.3948603" lon="6.4945443">
	<ele>276.10</ele>
	<time>1970-01-01T00:00:00.000Z</time>
</trkpt>
<trkpt lat="47.3958231" lon="6.4957650">
	<ele>276.90</ele>
	<time>1970-01-01T00:00:00.000Z</time>
</trkpt>
<trkpt lat="47.3966009" lon="6.4970387">
	<ele>277.10</ele>
	<time>1970-01-01T00:00:00.000Z</time>
</trkpt>
<trkpt lat="47.3972298" lon="6.4986378">
	<ele>279.30</ele>
	<time>1970-01-01T00:00:00.000Z</time>
</trkpt>
<trkpt lat="47.3975742" lon="6.4998777">
	<ele>279.30</ele>
	<time>1970-01-01T00:00:00.000Z</time>
</trkpt>
<trkpt lat="47.3977083" lon="6.5012360">
	<ele>278.40</ele>
	<time>1970-01-01T00:00:00.000Z</time>
</trkpt>
<trkpt lat="47.3974601" lon="6.5043167">
	<ele>280.00</ele>
	<time>1970-01-01T00:00:00.000Z</time>
</trkpt>
<trkpt lat="47.3977456" lon="6.5052825">
	<ele>277.90</ele>
	<time>1970-01-01T00:00:00.000Z</time>
</trkpt>
<trkpt lat="47.3987491" lon="6.5066414">
	<ele>275.80</ele>
	<time>1970-01-01T00:00:00.000Z</time>
</trkpt>
<trkpt lat="47.4000311" lon="6.5078874">
	<ele>274.60</ele>
	<time>1970-01-01T00:00:00.000Z</time>
</trkpt>
<trkpt lat="47.4034623" lon="6.5104475">
	<ele>274.90</ele>
	<time>1970-01-01T00:00:00.000Z</time>
</trkpt>
<trkpt lat="47.4047278" lon="6.5108835">
	<ele>275.80</ele>
	<time>1970-01-01T00:00:00.000Z</time>
</trkpt>
<trkpt lat="47.4092020" lon="6.5111664">
	<ele>278.50</ele>
	<time>1970-01-01T00:00:00.000Z</time>
</trkpt>
<trkpt lat="47.4106068" lon="6.5115461">
	<ele>278.70</ele>
	<time>1970-01-01T00:00:00.000Z</time>
</trkpt>
<trkpt lat="47.4121991" lon="6.5118056">
	<ele>294.10</ele>
	<time>1970-01-01T00:00:00.000Z</time>
</trkpt>
<trkpt lat="47.4136471" lon="6.5122562">
	<ele>305.90</ele>
	<time>1970-01-01T00:00:00.000Z</time>
</trkpt>
<trkpt lat="47.4148044" lon="6.5131558">
	<ele>299.00</ele>
	<time>1970-01-01T00:00:00.000Z</time>
</trkpt>
<trkpt lat="47.4160214" lon="6.5149366">
	<ele>293.90</ele>
	<time>1970-01-01T00:00:00.000Z</time>
</trkpt>
<trkpt lat="47.4165179" lon="6.5163913">
	<ele>293.60</ele>
	<time>1970-01-01T00:00:00.000Z</time>
</trkpt>
<trkpt lat="47.4166805" lon="6.5182243">
	<ele>284.90</ele>
	<time>1970-01-01T00:00:00.000Z</time>
</trkpt>
<trkpt lat="47.4165773" lon="6.5236096">
	<ele>279.10</ele>
	<time>1970-01-01T00:00:00.000Z</time>
</trkpt>
<trkpt lat="47.4162610" lon="6.5361244">
	<ele>278.00</ele>
	<time>1970-01-01T00:00:00.000Z</time>
</trkpt>
<trkpt lat="47.4159532" lon="6.5464824">
	<ele>282.50</ele>
	<time>1970-01-01T00:00:00.000Z</time>
</trkpt>
<trkpt lat="47.4159946" lon="6.5491150">
	<ele>281.60</ele>
	<time>1970-01-01T00:00:00.000Z</time>
</trkpt>
<trkpt lat="47.4162024" lon="6.5509517">
	<ele>281.00</ele>
	<time>1970-01-01T00:00:00.000Z</time>
</trkpt>
<trkpt lat="47.4166960" lon="6.5524739">
	<ele>283.40</ele>
	<time>1970-01-01T00:00:00.000Z</time>
</trkpt>
<trkpt lat="47.4173845" lon="6.5536745">
	<ele>285.10</ele>
	<time>1970-01-01T00:00:00.000Z</time>
</trkpt>
<trkpt lat="47.4182677" lon="6.5545534">
	<ele>293.40</ele>
	<time>1970-01-01T00:00:00.000Z</time>
</trkpt>
<trkpt lat="47.4193529" lon="6.5549090">
	<ele>287.00</ele>
	<time>1970-01-01T00:00:00.000Z</time>
</trkpt>
<trkpt lat="47.4203112" lon="6.5549848">
	<ele>283.80</ele>
	<time>1970-01-01T00:00:00.000Z</time>
</trkpt>
<trkpt lat="47.4215504" lon="6.5548806">
	<ele>286.40</ele>
	<time>1970-01-01T00:00:00.000Z</time>
</trkpt>
<trkpt lat="47.4224777" lon="6.5545495">
	<ele>288.50</ele>
	<time>1970-01-01T00:00:00.000Z</time>
</trkpt>
<trkpt lat="47.4231818" lon="6.5540657">
	<ele>287.40</ele>
	<time>1970-01-01T00:00:00.000Z</time>
</trkpt>
<trkpt lat="47.4238574" lon="6.5531078">
	<ele>292.40</ele>
	<time>1970-01-01T00:00:00.000Z</time>
</trkpt>
<trkpt lat="47.4241678" lon="6.5521209">
	<ele>297.70</ele>
	<time>1970-01-01T00:00:00.000Z</time>
</trkpt>
<trkpt lat="47.4245387" lon="6.5507343">
	<ele>296.30</ele>
	<time>1970-01-01T00:00:00.000Z</time>
</trkpt>
<trkpt lat="47.4249763" lon="6.5500272">
	<ele>293.90</ele>
	<time>1970-01-01T00:00:00.000Z</time>
</trkpt>
<trkpt lat="47.4254017" lon="6.5496562">
	<ele>289.80</ele>
	<time>1970-01-01T00:00:00.000Z</time>
</trkpt>
<trkpt lat="47.4258441" lon="6.5488146">
	<ele>291.30</ele>
	<time>1970-01-01T00:00:00.000Z</time>
</trkpt>
<trkpt lat="47.4264072" lon="6.5471733">
	<ele>301.90</ele>
	<time>1970-01-01T00:00:00.000Z</time>
</trkpt>
<trkpt lat="47.4268432" lon="6.5452523">
	<ele>307.60</ele>
	<time>1970-01-01T00:00:00.000Z</time>
</trkpt>
<trkpt lat="47.4273801" lon="6.5430694">
	<ele>312.90</ele>
	<time>1970-01-01T00:00:00.000Z</time>
</trkpt>
<trkpt lat="47.4281673" lon="6.5402993">
	<ele>317.30</ele>
	<time>1970-01-01T00:00:00.000Z</time>
</trkpt>
<trkpt lat="47.4289128" lon="6.5386723">
	<ele>315.50</ele>
	<time>1970-01-01T00:00:00.000Z</time>
</trkpt>
<trkpt lat="47.4295980" lon="6.5374450">
	<ele>309.90</ele>
	<time>1970-01-01T00:00:00.000Z</time>
</trkpt>
<trkpt lat="47.4312038" lon="6.5348067">
	<ele>296.40</ele>
	<time>1970-01-01T00:00:00.000Z</time>
</trkpt>
<trkpt lat="47.4323598" lon="6.5332119">
	<ele>295.80</ele>
	<time>1970-01-01T00:00:00.000Z</time>
</trkpt>
<trkpt lat="47.4333978" lon="6.5323495">
	<ele>302.80</ele>
	<time>1970-01-01T00:00:00.000Z</time>
</trkpt>
<trkpt lat="47.4349124" lon="6.5315920">
	<ele>291.20</ele>
	<time>1970-01-01T00:00:00.000Z</time>
</trkpt>
<trkpt lat="47.4365746" lon="6.5311833">
	<ele>300.00</ele>
	<time>1970-01-01T00:00:00.000Z</time>
</trkpt>
<trkpt lat="47.4380852" lon="6.5311673">
	<ele>300.00</ele>
	<time>1970-01-01T00:00:00.000Z</time>
</trkpt>
<trkpt lat="47.4392668" lon="6.5313952">
	<ele>321.50</ele>
	<time>1970-01-01T00:00:00.000Z</time>
</trkpt>
<trkpt lat="47.4405297" lon="6.5318994">
	<ele>337.00</ele>
	<time>1970-01-01T00:00:00.000Z</time>
</trkpt>
<trkpt lat="47.4412860" lon="6.5324985">
	<ele>315.30</ele>
	<time>1970-01-01T00:00:00.000Z</time>
</trkpt>
<trkpt lat="47.4416290" lon="6.5331325">
	<ele>299.70</ele>
	<time>1970-01-01T00:00:00.000Z</time>
</trkpt>
<trkpt lat="47.4417725" lon="6.5342230">
	<ele>284.80</ele>
	<time>1970-01-01T00:00:00.000Z</time>
</trkpt>
<trkpt lat="47.4411658" lon="6.5408528">
	<ele>281.70</ele>
	<time>1970-01-01T00:00:00.000Z</time>
</trkpt>
<trkpt lat="47.4410420" lon="6.5430013">
	<ele>280.60</ele>
	<time>1970-01-01T00:00:00.000Z</time>
</trkpt>
<trkpt lat="47.4410314" lon="6.5445519">
	<ele>280.70</ele>
	<time>1970-01-01T00:00:00.000Z</time>
</trkpt>
<trkpt lat="47.4412058" lon="6.5460495">
	<ele>282.60</ele>
	<time>1970-01-01T00:00:00.000Z</time>
</trkpt>
<trkpt lat="47.4419283" lon="6.5500862">
	<ele>281.70</ele>
	<time>1970-01-01T00:00:00.000Z</time>
</trkpt>
<trkpt lat="47.4420644" lon="6.5513785">
	<ele>282.30</ele>
	<time>1970-01-01T00:00:00.000Z</time>
</trkpt>
<trkpt lat="47.4421051" lon="6.5524314">
	<ele>281.20</ele>
	<time>1970-01-01T00:00:00.000Z</time>
</trkpt>
<trkpt lat="47.4419058" lon="6.5547317">
	<ele>282.20</ele>
	<time>1970-01-01T00:00:00.000Z</time>
</trkpt>
<trkpt lat="47.4421977" lon="6.5557383">
	<ele>284.50</ele>
	<time>1970-01-01T00:00:00.000Z</time>
</trkpt>
<trkpt lat="47.4422509" lon="6.5579977">
	<ele>283.60</ele>
	<time>1970-01-01T00:00:00.000Z</time>
</trkpt>
<trkpt lat="47.4434266" lon="6.5604574">
	<ele>291.70</ele>
	<time>1970-01-01T00:00:00.000Z</time>
</trkpt>
<trkpt lat="47.4435845" lon="6.5611445">
	<ele>292.60</ele>
	<time>1970-01-01T00:00:00.000Z</time>
</trkpt>
<trkpt lat="47.4436390" lon="6.5621606">
	<ele>298.50</ele>
	<time>1970-01-01T00:00:00.000Z</time>
</trkpt>
<trkpt lat="47.4434295" lon="6.5628860">
	<ele>295.20</ele>
	<time>1970-01-01T00:00:00.000Z</time>
</trkpt>
<trkpt lat="47.4430954" lon="6.5632642">
	<ele>290.60</ele>
	<time>1970-01-01T00:00:00.000Z</time>
</trkpt>
<trkpt lat="47.4423653" lon="6.5632063">
	<ele>288.10</ele>
	<time>1970-01-01T00:00:00.000Z</time>
</trkpt>
<trkpt lat="47.4422568" lon="6.5636699">
	<ele>288.00</ele>
	<time>1970-01-01T00:00:00.000Z</time>
</trkpt>
<trkpt lat="47.4421670" lon="6.5648769">
	<ele>288.50</ele>
	<time>1970-01-01T00:00:00.000Z</time>
</trkpt>
<trkpt lat="47.4420687" lon="6.5675671">
	<ele>287.50</ele>
	<time>1970-01-01T00:00:00.000Z</time>
</trkpt>
<trkpt lat="47.4422094" lon="6.5687250">
	<ele>288.20</ele>
	<time>1970-01-01T00:00:00.000Z</time>
</trkpt>
<trkpt lat="47.4426646" lon="6.5700427">
	<ele>288.80</ele>
	<time>1970-01-01T00:00:00.000Z</time>
</trkpt>
<trkpt lat="47.4433577" lon="6.5711096">
	<ele>295.50</ele>
	<time>1970-01-01T00:00:00.000Z</time>
</trkpt>
<trkpt lat="47.4446799" lon="6.5724964">
	<ele>297.90</ele>
	<time>1970-01-01T00:00:00.000Z</time>
</trkpt>
<trkpt lat="47.4450634" lon="6.5732688">
	<ele>299.10</ele>
	<time>1970-01-01T00:00:00.000Z</time>
</trkpt>
<trkpt lat="47.4456652" lon="6.5743286">
	<ele>302.10</ele>
	<time>1970-01-01T00:00:00.000Z</time>
</trkpt>
<trkpt lat="47.4461351" lon="6.5752429">
	<ele>298.30</ele>
	<time>1970-01-01T00:00:00.000Z</time>
</trkpt>
<trkpt lat="47.4466630" lon="6.5758246">
	<ele>303.50</ele>
	<time>1970-01-01T00:00:00.000Z</time>
</trkpt>
<trkpt lat="47.4472032" lon="6.5760699">
	<ele>294.80</ele>
	<time>1970-01-01T00:00:00.000Z</time>
</trkpt>
<trkpt lat="47.4487897" lon="6.5763586">
	<ele>304.10</ele>
	<time>1970-01-01T00:00:00.000Z</time>
</trkpt>
<trkpt lat="47.4487629" lon="6.5769118">
	<ele>291.60</ele>
	<time>1970-01-01T00:00:00.000Z</time>
</trkpt>
<trkpt lat="47.4501396" lon="6.5777750">
	<ele>295.90</ele>
	<time>1970-01-01T00:00:00.000Z</time>
</trkpt>
<trkpt lat="47.4500906" lon="6.5779376">
	<ele>291.80</ele>
	<time>1970-01-01T00:00:00.000Z</time>
</trkpt>
<trkpt lat="47.4506593" lon="6.5783648">
	<ele>295.40</ele>
	<time>1970-01-01T00:00:00.000Z</time>
</trkpt>
<trkpt lat="47.4510978" lon="6.5788915">
	<ele>293.20</ele>
	<time>1970-01-01T00:00:00.000Z</time>
</trkpt>
<trkpt lat="47.4503728" lon="6.5802883">
	<ele>285.30</ele>
	<time>1970-01-01T00:00:00.000Z</time>
</trkpt>
<trkpt lat="47.4502533" lon="6.5805939">
	<ele>288.10</ele>
	<time>1970-01-01T00:00:00.000Z</time>
</trkpt>
<trkpt lat="47.4501044" lon="6.5806668">
	<ele>288.70</ele>
	<time>1970-01-01T00:00:00.000Z</time>
</trkpt>
<trkpt lat="47.4493068" lon="6.5818595">
	<ele>289.30</ele>
	<time>1970-01-01T00:00:00.000Z</time>
</trkpt>
<trkpt lat="47.4490023" lon="6.5821594">
	<ele>289.20</ele>
	<time>1970-01-01T00:00:00.000Z</time>
</trkpt>
<trkpt lat="47.4508572" lon="6.5849961">
	<ele>288.80</ele>
	<time>1970-01-01T00:00:00.000Z</time>
</trkpt>
<trkpt lat="47.4515255" lon="6.5867360">
	<ele>288.80</ele>
	<time>1970-01-01T00:00:00.000Z</time>
</trkpt>
<trkpt lat="47.4520642" lon="6.5882633">
	<ele>289.50</ele>
	<time>1970-01-01T00:00:00.000Z</time>
</trkpt>
<trkpt lat="47.4522985" lon="6.5893614">
	<ele>290.60</ele>
	<time>1970-01-01T00:00:00.000Z</time>
</trkpt>
<trkpt lat="47.4523096" lon="6.5903068">
	<ele>290.10</ele>
	<time>1970-01-01T00:00:00.000Z</time>
</trkpt>
<trkpt lat="47.4522243" lon="6.5913795">
	<ele>288.90</ele>
	<time>1970-01-01T00:00:00.000Z</time>
</trkpt>
<trkpt lat="47.4520405" lon="6.5926466">
	<ele>289.00</ele>
	<time>1970-01-01T00:00:00.000Z</time>
</trkpt>
<trkpt lat="47.4516335" lon="6.5937610">
	<ele>289.00</ele>
	<time>1970-01-01T00:00:00.000Z</time>
</trkpt>
<trkpt lat="47.4512006" lon="6.5943337">
	<ele>290.60</ele>
	<time>1970-01-01T00:00:00.000Z</time>
</trkpt>
<trkpt lat="47.4505321" lon="6.5950898">
	<ele>291.80</ele>
	<time>1970-01-01T00:00:00.000Z</time>
</trkpt>
<trkpt lat="47.4495646" lon="6.5958894">
	<ele>293.00</ele>
	<time>1970-01-01T00:00:00.000Z</time>
</trkpt>
<trkpt lat="47.4485791" lon="6.5965527">
	<ele>295.00</ele>
	<time>1970-01-01T00:00:00.000Z</time>
</trkpt>
<trkpt lat="47.4475124" lon="6.5969396">
	<ele>295.70</ele>
	<time>1970-01-01T00:00:00.000Z</time>
</trkpt>
<trkpt lat="47.4466356" lon="6.5971393">
	<ele>292.70</ele>
	<time>1970-01-01T00:00:00.000Z</time>
</trkpt>
<trkpt lat="47.4445368" lon="6.5969715">
	<ele>300.90</ele>
	<time>1970-01-01T00:00:00.000Z</time>
</trkpt>
<trkpt lat="47.4438474" lon="6.5970512">
	<ele>295.50</ele>
	<time>1970-01-01T00:00:00.000Z</time>
</trkpt>
<trkpt lat="47.4428312" lon="6.5973073">
	<ele>302.30</ele>
	<time>1970-01-01T00:00:00.000Z</time>
</trkpt>
<trkpt lat="47.4380821" lon="6.5982765">
	<ele>293.80</ele>
	<time>1970-01-01T00:00:00.000Z</time>
</trkpt>
<trkpt lat="47.4372484" lon="6.5985471">
	<ele>296.80</ele>
	<time>1970-01-01T00:00:00.000Z</time>
</trkpt>
<trkpt lat="47.4344131" lon="6.5997365">
	<ele>300.70</ele>
	<time>1970-01-01T00:00:00.000Z</time>
</trkpt>
<trkpt lat="47.4338051" lon="6.6000926">
	<ele>308.60</ele>
	<time>1970-01-01T00:00:00.000Z</time>
</trkpt>
<trkpt lat="47.4333747" lon="6.6005977">
	<ele>306.50</ele>
	<time>1970-01-01T00:00:00.000Z</time>
</trkpt>
<trkpt lat="47.4287677" lon="6.6113561">
	<ele>291.10</ele>
	<time>1970-01-01T00:00:00.000Z</time>
</trkpt>
<trkpt lat="47.4281349" lon="6.6130873">
	<ele>291.60</ele>
	<time>1970-01-01T00:00:00.000Z</time>
</trkpt>
<trkpt lat="47.4279199" lon="6.6129270">
	<ele>292.50</ele>
	<time>1970-01-01T00:00:00.000Z</time>
</trkpt>
<trkpt lat="47.4272007" lon="6.6149481">
	<ele>295.70</ele>
	<time>1970-01-01T00:00:00.000Z</time>
</trkpt>
<trkpt lat="47.4265496" lon="6.6176061">
	<ele>300.50</ele>
	<time>1970-01-01T00:00:00.000Z</time>
</trkpt>
<trkpt lat="47.4262623" lon="6.6195321">
	<ele>301.20</ele>
	<time>1970-01-01T00:00:00.000Z</time>
</trkpt>
<trkpt lat="47.4262378" lon="6.6214974">
	<ele>300.30</ele>
	<time>1970-01-01T00:00:00.000Z</time>
</trkpt>
<trkpt lat="47.4265388" lon="6.6247818">
	<ele>297.70</ele>
	<time>1970-01-01T00:00:00.000Z</time>
</trkpt>
<trkpt lat="47.4270528" lon="6.6271727">
	<ele>298.30</ele>
	<time>1970-01-01T00:00:00.000Z</time>
</trkpt>
<trkpt lat="47.4281263" lon="6.6294394">
	<ele>297.60</ele>
	<time>1970-01-01T00:00:00.000Z</time>
</trkpt>
<trkpt lat="47.4298882" lon="6.6310288">
	<ele>295.80</ele>
	<time>1970-01-01T00:00:00.000Z</time>
</trkpt>
<trkpt lat="47.4315388" lon="6.6317244">
	<ele>297.40</ele>
	<time>1970-01-01T00:00:00.000Z</time>
</trkpt>
<trkpt lat="47.4331822" lon="6.6317062">
	<ele>295.10</ele>
	<time>1970-01-01T00:00:00.000Z</time>
</trkpt>
<trkpt lat="47.4349811" lon="6.6309419">
	<ele>295.10</ele>
	<time>1970-01-01T00:00:00.000Z</time>
</trkpt>
<trkpt lat="47.4372552" lon="6.6295178">
	<ele>296.60</ele>
	<time>1970-01-01T00:00:00.000Z</time>
</trkpt>
<trkpt lat="47.4381749" lon="6.6288342">
	<ele>296.70</ele>
	<time>1970-01-01T00:00:00.000Z</time>
</trkpt>
<trkpt lat="47.4384963" lon="6.6285264">
	<ele>296.00</ele>
	<time>1970-01-01T00:00:00.000Z</time>
</trkpt>
<trkpt lat="47.4392824" lon="6.6281310">
	<ele>295.10</ele>
	<time>1970-01-01T00:00:00.000Z</time>
</trkpt>
<trkpt lat="47.4395538" lon="6.6281277">
	<ele>294.70</ele>
	<time>1970-01-01T00:00:00.000Z</time>
</trkpt>
<trkpt lat="47.4407040" lon="6.6285246">
	<ele>295.20</ele>
	<time>1970-01-01T00:00:00.000Z</time>
</trkpt>
<trkpt lat="47.4414765" lon="6.6289176">
	<ele>296.90</ele>
	<time>1970-01-01T00:00:00.000Z</time>
</trkpt>
<trkpt lat="47.4419855" lon="6.6289412">
	<ele>296.90</ele>
	<time>1970-01-01T00:00:00.000Z</time>
</trkpt>
<trkpt lat="47.4460968" lon="6.6308093">
	<ele>297.30</ele>
	<time>1970-01-01T00:00:00.000Z</time>
</trkpt>
<trkpt lat="47.4464034" lon="6.6313274">
	<ele>296.80</ele>
	<time>1970-01-01T00:00:00.000Z</time>
</trkpt>
<trkpt lat="47.4465238" lon="6.6321681">
	<ele>296.40</ele>
	<time>1970-01-01T00:00:00.000Z</time>
</trkpt>
<trkpt lat="47.4467142" lon="6.6351110">
	<ele>296.70</ele>
	<time>1970-01-01T00:00:00.000Z</time>
</trkpt>
<trkpt lat="47.4478334" lon="6.6492355">
	<ele>297.70</ele>
	<time>1970-01-01T00:00:00.000Z</time>
</trkpt>
<trkpt lat="47.4478334" lon="6.6496010">
	<ele>298.10</ele>
	<time>1970-01-01T00:00:00.000Z</time>
</trkpt>
<trkpt lat="47.4478738" lon="6.6497106">
	<ele>298.10</ele>
	<time>1970-01-01T00:00:00.000Z</time>
</trkpt>
<trkpt lat="47.4479281" lon="6.6503526">
	<ele>298.70</ele>
	<time>1970-01-01T00:00:00.000Z</time>
</trkpt>
<trkpt lat="47.4497650" lon="6.6744228">
	<ele>302.20</ele>
	<time>1970-01-01T00:00:00.000Z</time>
</trkpt>
<trkpt lat="47.4498482" lon="6.6750915">
	<ele>301.80</ele>
	<time>1970-01-01T00:00:00.000Z</time>
</trkpt>
<trkpt lat="47.4499755" lon="6.6770967">
	<ele>302.20</ele>
	<time>1970-01-01T00:00:00.000Z</time>
</trkpt>
<trkpt lat="47.4500740" lon="6.6782648">
	<ele>301.10</ele>
	<time>1970-01-01T00:00:00.000Z</time>
</trkpt>
<trkpt lat="47.4502133" lon="6.6794105">
	<ele>300.10</ele>
	<time>1970-01-01T00:00:00.000Z</time>
</trkpt>
<trkpt lat="47.4503965" lon="6.6803708">
	<ele>300.10</ele>
	<time>1970-01-01T00:00:00.000Z</time>
</trkpt>
<trkpt lat="47.4506337" lon="6.6813151">
	<ele>300.70</ele>
	<time>1970-01-01T00:00:00.000Z</time>
</trkpt>
<trkpt lat="47.4511719" lon="6.6829325">
	<ele>301.40</ele>
	<time>1970-01-01T00:00:00.000Z</time>
</trkpt>
<trkpt lat="47.4515445" lon="6.6837567">
	<ele>301.10</ele>
	<time>1970-01-01T00:00:00.000Z</time>
</trkpt>
<trkpt lat="47.4519824" lon="6.6846221">
	<ele>301.60</ele>
	<time>1970-01-01T00:00:00.000Z</time>
</trkpt>
<trkpt lat="47.4524145" lon="6.6853128">
	<ele>301.30</ele>
	<time>1970-01-01T00:00:00.000Z</time>
</trkpt>
<trkpt lat="47.4529878" lon="6.6861256">
	<ele>301.40</ele>
	<time>1970-01-01T00:00:00.000Z</time>
</trkpt>
<trkpt lat="47.4552069" lon="6.6885705">
	<ele>303.70</ele>
	<time>1970-01-01T00:00:00.000Z</time>
</trkpt>
<trkpt lat="47.4562512" lon="6.6874770">
	<ele>300.60</ele>
	<time>1970-01-01T00:00:00.000Z</time>
</trkpt>
<trkpt lat="47.4572896" lon="6.6888462">
	<ele>301.00</ele>
	<time>1970-01-01T00:00:00.000Z</time>
</trkpt>
<trkpt lat="47.4584632" lon="6.6912739">
	<ele>301.20</ele>
	<time>1970-01-01T00:00:00.000Z</time>
</trkpt>
<trkpt lat="47.4592603" lon="6.6923888">
	<ele>301.10</ele>
	<time>1970-01-01T00:00:00.000Z</time>
</trkpt>
<trkpt lat="47.4617266" lon="6.6952141">
	<ele>302.90</ele>
	<time>1970-01-01T00:00:00.000Z</time>
</trkpt>
<trkpt lat="47.4628923" lon="6.6971359">
	<ele>303.00</ele>
	<time>1970-01-01T00:00:00.000Z</time>
</trkpt>
<trkpt lat="47.4629818" lon="6.6975504">
	<ele>303.20</ele>
	<time>1970-01-01T00:00:00.000Z</time>
</trkpt>
<trkpt lat="47.4703297" lon="6.7130292">
	<ele>309.00</ele>
	<time>1970-01-01T00:00:00.000Z</time>
</trkpt>
<trkpt lat="47.4718956" lon="6.7164778">
	<ele>305.80</ele>
	<time>1970-01-01T00:00:00.000Z</time>
</trkpt>
<trkpt lat="47.4721936" lon="6.7173639">
	<ele>305.10</ele>
	<time>1970-01-01T00:00:00.000Z</time>
</trkpt>
<trkpt lat="47.4736398" lon="6.7224894">
	<ele>309.30</ele>
	<time>1970-01-01T00:00:00.000Z</time>
</trkpt>
<trkpt lat="47.4748491" lon="6.7266411">
	<ele>304.60</ele>
	<time>1970-01-01T00:00:00.000Z</time>
</trkpt>
<trkpt lat="47.4757564" lon="6.7299174">
	<ele>307.60</ele>
	<time>1970-01-01T00:00:00.000Z</time>
</trkpt>
<trkpt lat="47.4759685" lon="6.7310790">
	<ele>307.90</ele>
	<time>1970-01-01T00:00:00.000Z</time>
</trkpt>
<trkpt lat="47.4759325" lon="6.7319743">
	<ele>307.60</ele>
	<time>1970-01-01T00:00:00.000Z</time>
</trkpt>
<trkpt lat="47.4758681" lon="6.7323809">
	<ele>306.50</ele>
	<time>1970-01-01T00:00:00.000Z</time>
</trkpt>
<trkpt lat="47.4756072" lon="6.7322816">
	<ele>308.40</ele>
	<time>1970-01-01T00:00:00.000Z</time>
</trkpt>
<trkpt lat="47.4754960" lon="6.7323171">
	<ele>307.90</ele>
	<time>1970-01-01T00:00:00.000Z</time>
</trkpt>
<trkpt lat="47.4755004" lon="6.7328692">
	<ele>307.30</ele>
	<time>1970-01-01T00:00:00.000Z</time>
</trkpt>
<trkpt lat="47.4753989" lon="6.7332894">
	<ele>308.00</ele>
	<time>1970-01-01T00:00:00.000Z</time>
</trkpt>
<trkpt lat="47.4750548" lon="6.7336116">
	<ele>309.10</ele>
	<time>1970-01-01T00:00:00.000Z</time>
</trkpt>
<trkpt lat="47.4754668" lon="6.7355173">
	<ele>307.20</ele>
	<time>1970-01-01T00:00:00.000Z</time>
</trkpt>
<trkpt lat="47.4755178" lon="6.7358671">
	<ele>307.30</ele>
	<time>1970-01-01T00:00:00.000Z</time>
</trkpt>
<trkpt lat="47.4757238" lon="6.7358490">
	<ele>306.30</ele>
	<time>1970-01-01T00:00:00.000Z</time>
</trkpt>
<trkpt lat="47.4757638" lon="6.7363738">
	<ele>306.90</ele>
	<time>1970-01-01T00:00:00.000Z</time>
</trkpt>
<trkpt lat="47.4766127" lon="6.7406294">
	<ele>309.80</ele>
	<time>1970-01-01T00:00:00.000Z</time>
</trkpt>
<trkpt lat="47.4769556" lon="6.7425179">
	<ele>310.50</ele>
	<time>1970-01-01T00:00:00.000Z</time>
</trkpt>
<trkpt lat="47.4772062" lon="6.7442979">
	<ele>308.40</ele>
	<time>1970-01-01T00:00:00.000Z</time>
</trkpt>
<trkpt lat="47.4771169" lon="6.7445080">
	<ele>307.70</ele>
	<time>1970-01-01T00:00:00.000Z</time>
</trkpt>
<trkpt lat="47.4771501" lon="6.7450729">
	<ele>308.20</ele>
	<time>1970-01-01T00:00:00.000Z</time>
</trkpt>
<trkpt lat="47.4772442" lon="6.7453421">
	<ele>308.20</ele>
	<time>1970-01-01T00:00:00.000Z</time>
</trkpt>
<trkpt lat="47.4772881" lon="6.7457593">
	<ele>308.10</ele>
	<time>1970-01-01T00:00:00.000Z</time>
</trkpt>
<trkpt lat="47.4772975" lon="6.7468916">
	<ele>308.40</ele>
	<time>1970-01-01T00:00:00.000Z</time>
</trkpt>
<trkpt lat="47.4769971" lon="6.7571822">
	<ele>309.70</ele>
	<time>1970-01-01T00:00:00.000Z</time>
</trkpt>
<trkpt lat="47.4769639" lon="6.7592357">
	<ele>310.80</ele>
	<time>1970-01-01T00:00:00.000Z</time>
</trkpt>
<trkpt lat="47.4766330" lon="6.7600284">
	<ele>311.40</ele>
	<time>1970-01-01T00:00:00.000Z</time>
</trkpt>
<trkpt lat="47.4767018" lon="6.7608491">
	<ele>310.90</ele>
	<time>1970-01-01T00:00:00.000Z</time>
</trkpt>
<trkpt lat="47.4776489" lon="6.7622381">
	<ele>308.80</ele>
	<time>1970-01-01T00:00:00.000Z</time>
</trkpt>
<trkpt lat="47.4781863" lon="6.7627261">
	<ele>310.40</ele>
	<time>1970-01-01T00:00:00.000Z</time>
</trkpt>
<trkpt lat="47.4787002" lon="6.7633531">
	<ele>310.40</ele>
	<time>1970-01-01T00:00:00.000Z</time>
</trkpt>
<trkpt lat="47.4790735" lon="6.7641954">
	<ele>311.20</ele>
	<time>1970-01-01T00:00:00.000Z</time>
</trkpt>
<trkpt lat="47.4791801" lon="6.7645406">
	<ele>311.10</ele>
	<time>1970-01-01T00:00:00.000Z</time>
</trkpt>
<trkpt lat="47.4794919" lon="6.7658987">
	<ele>311.30</ele>
	<time>1970-01-01T00:00:00.000Z</time>
</trkpt>
<trkpt lat="47.4796238" lon="6.7660460">
	<ele>311.40</ele>
	<time>1970-01-01T00:00:00.000Z</time>
</trkpt>
<trkpt lat="47.4797618" lon="6.7665669">
	<ele>311.80</ele>
	<time>1970-01-01T00:00:00.000Z</time>
</trkpt>
<trkpt lat="47.4797511" lon="6.7666445">
	<ele>311.80</ele>
	<time>1970-01-01T00:00:00.000Z</time>
</trkpt>
<trkpt lat="47.4796029" lon="6.7661514">
	<ele>311.40</ele>
	<time>1970-01-01T00:00:00.000Z</time>
</trkpt>
<trkpt lat="47.4802536" lon="6.7658047">
	<ele>309.80</ele>
	<time>1970-01-01T00:00:00.000Z</time>
</trkpt>
<trkpt lat="47.4810370" lon="6.7651001">
	<ele>315.90</ele>
	<time>1970-01-01T00:00:00.000Z</time>
</trkpt>
<trkpt lat="47.4812152" lon="6.7654415">
	<ele>319.90</ele>
	<time>1970-01-01T00:00:00.000Z</time>
</trkpt>
<trkpt lat="47.4809852" lon="6.7659030">
	<ele>311.40</ele>
	<time>1970-01-01T00:00:00.000Z</time>
</trkpt>
<trkpt lat="47.4809591" lon="6.7660629">
	<ele>311.10</ele>
	<time>1970-01-01T00:00:00.000Z</time>
</trkpt>
<trkpt lat="47.4809894" lon="6.7663028">
	<ele>310.90</ele>
	<time>1970-01-01T00:00:00.000Z</time>
</trkpt>
<trkpt lat="47.4812752" lon="6.7667886">
	<ele>314.20</ele>
	<time>1970-01-01T00:00:00.000Z</time>
</trkpt>
<trkpt lat="47.4815776" lon="6.7674050">
	<ele>311.90</ele>
	<time>1970-01-01T00:00:00.000Z</time>
</trkpt>
<trkpt lat="47.4818153" lon="6.7677067">
	<ele>311.00</ele>
	<time>1970-01-01T00:00:00.000Z</time>
</trkpt>
<trkpt lat="47.4819555" lon="6.7678090">
	<ele>312.20</ele>
	<time>1970-01-01T00:00:00.000Z</time>
</trkpt>
<trkpt lat="47.4823865" lon="6.7680044">
	<ele>312.00</ele>
	<time>1970-01-01T00:00:00.000Z</time>
</trkpt>
<trkpt lat="47.4825849" lon="6.7682379">
	<ele>311.70</ele>
	<time>1970-01-01T00:00:00.000Z</time>
</trkpt>
<trkpt lat="47.4828604" lon="6.7686562">
	<ele>312.40</ele>
	<time>1970-01-01T00:00:00.000Z</time>
</trkpt>
<trkpt lat="47.4832413" lon="6.7689974">
	<ele>309.60</ele>
	<time>1970-01-01T00:00:00.000Z</time>
</trkpt>
<trkpt lat="47.4838306" lon="6.7694044">
	<ele>312.40</ele>
	<time>1970-01-01T00:00:00.000Z</time>
</trkpt>
<trkpt lat="47.4843145" lon="6.7696140">
	<ele>315.40</ele>
	<time>1970-01-01T00:00:00.000Z</time>
</trkpt>
<trkpt lat="47.4854795" lon="6.7704467">
	<ele>312.90</ele>
	<time>1970-01-01T00:00:00.000Z</time>
</trkpt>
<trkpt lat="47.4857468" lon="6.7705436">
	<ele>313.90</ele>
	<time>1970-01-01T00:00:00.000Z</time>
</trkpt>
<trkpt lat="47.4860874" lon="6.7707472">
	<ele>312.80</ele>
	<time>1970-01-01T00:00:00.000Z</time>
</trkpt>
<trkpt lat="47.4861716" lon="6.7707498">
	<ele>312.80</ele>
	<time>1970-01-01T00:00:00.000Z</time>
</trkpt>
<trkpt lat="47.4885411" lon="6.7727680">
	<ele>310.30</ele>
	<time>1970-01-01T00:00:00.000Z</time>
</trkpt>
<trkpt lat="47.4908134" lon="6.7733108">
	<ele>310.80</ele>
	<time>1970-01-01T00:00:00.000Z</time>
</trkpt>
<trkpt lat="47.4950533" lon="6.7735233">
	<ele>312.50</ele>
	<time>1970-01-01T00:00:00.000Z</time>
</trkpt>
<trkpt lat="47.4966136" lon="6.7734562">
	<ele>313.80</ele>
	<time>1970-01-01T00:00:00.000Z</time>
</trkpt>
<trkpt lat="47.4976527" lon="6.7730953">
	<ele>318.50</ele>
	<time>1970-01-01T00:00:00.000Z</time>
</trkpt>
<trkpt lat="47.4989082" lon="6.7729457">
	<ele>317.60</ele>
	<time>1970-01-01T00:00:00.000Z</time>
</trkpt>
<trkpt lat="47.5001492" lon="6.7722991">
	<ele>325.60</ele>
	<time>1970-01-01T00:00:00.000Z</time>
</trkpt>
<trkpt lat="47.5003859" lon="6.7734433">
	<ele>310.30</ele>
	<time>1970-01-01T00:00:00.000Z</time>
</trkpt>
<trkpt lat="47.5005659" lon="6.7737014">
	<ele>310.40</ele>
	<time>1970-01-01T00:00:00.000Z</time>
</trkpt>
<trkpt lat="47.5006313" lon="6.7738683">
	<ele>310.20</ele>
	<time>1970-01-01T00:00:00.000Z</time>
</trkpt>
<trkpt lat="47.5013686" lon="6.7736750">
	<ele>309.90</ele>
	<time>1970-01-01T00:00:00.000Z</time>
</trkpt>
<trkpt lat="47.5023333" lon="6.7742374">
	<ele>310.80</ele>
	<time>1970-01-01T00:00:00.000Z</time>
</trkpt>
<trkpt lat="47.5036315" lon="6.7755197">
	<ele>312.40</ele>
	<time>1970-01-01T00:00:00.000Z</time>
</trkpt>
<trkpt lat="47.5038155" lon="6.7755760">
	<ele>311.30</ele>
	<time>1970-01-01T00:00:00.000Z</time>
</trkpt>
<trkpt lat="47.5043595" lon="6.7762927">
	<ele>310.90</ele>
	<time>1970-01-01T00:00:00.000Z</time>
</trkpt>
<trkpt lat="47.5049702" lon="6.7776637">
	<ele>313.00</ele>
	<time>1970-01-01T00:00:00.000Z</time>
</trkpt>
<trkpt lat="47.5054468" lon="6.7797036">
	<ele>314.80</ele>
	<time>1970-01-01T00:00:00.000Z</time>
</trkpt>
<trkpt lat="47.5054801" lon="6.7806368">
	<ele>315.90</ele>
	<time>1970-01-01T00:00:00.000Z</time>
</trkpt>
<trkpt lat="47.5053936" lon="6.7811936">
	<ele>316.90</ele>
	<time>1970-01-01T00:00:00.000Z</time>
</trkpt>
<trkpt lat="47.5041183" lon="6.7876342">
	<ele>319.40</ele>
	<time>1970-01-01T00:00:00.000Z</time>
</trkpt>
<trkpt lat="47.5040135" lon="6.7896281">
	<ele>316.80</ele>
	<time>1970-01-01T00:00:00.000Z</time>
</trkpt>
<trkpt lat="47.5041798" lon="6.7911529">
	<ele>315.60</ele>
	<time>1970-01-01T00:00:00.000Z</time>
</trkpt>
<trkpt lat="47.5044403" lon="6.7915611">
	<ele>314.50</ele>
	<time>1970-01-01T00:00:00.000Z</time>
</trkpt>
<trkpt lat="47.5048428" lon="6.7942164">
	<ele>314.30</ele>
	<time>1970-01-01T00:00:00.000Z</time>
</trkpt>
<trkpt lat="47.5048661" lon="6.7953413">
	<ele>315.70</ele>
	<time>1970-01-01T00:00:00.000Z</time>
</trkpt>
<trkpt lat="47.5050795" lon="6.7968388">
	<ele>317.00</ele>
	<time>1970-01-01T00:00:00.000Z</time>
</trkpt>
<trkpt lat="47.5052024" lon="6.7982788">
	<ele>317.10</ele>
	<time>1970-01-01T00:00:00.000Z</time>
</trkpt>
<trkpt lat="47.5050005" lon="6.8032578">
	<ele>315.70</ele>
	<time>1970-01-01T00:00:00.000Z</time>
</trkpt>
<trkpt lat="47.5050311" lon="6.8035471">
	<ele>315.70</ele>
	<time>1970-01-01T00:00:00.000Z</time>
</trkpt>
<trkpt lat="47.5050015" lon="6.8047679">
	<ele>316.30</ele>
	<time>1970-01-01T00:00:00.000Z</time>
</trkpt>
<trkpt lat="47.5052172" lon="6.8048649">
	<ele>316.40</ele>
	<time>1970-01-01T00:00:00.000Z</time>
</trkpt>
<trkpt lat="47.5045778" lon="6.8048461">
	<ele>316.30</ele>
	<time>1970-01-01T00:00:00.000Z</time>
</trkpt>
<trkpt lat="47.5045360" lon="6.8047530">
	<ele>316.50</ele>
	<time>1970-01-01T00:00:00.000Z</time>
</trkpt>
<trkpt lat="47.5046783" lon="6.8046984">
	<ele>316.40</ele>
	<time>1970-01-01T00:00:00.000Z</time>
</trkpt>
<trkpt lat="47.5046884" lon="6.8048898">
	<ele>316.30</ele>
	<time>1970-01-01T00:00:00.000Z</time>
</trkpt>
<trkpt lat="47.5045303" lon="6.8077011">
	<ele>315.90</ele>
	<time>1970-01-01T00:00:00.000Z</time>
</trkpt>
<trkpt lat="47.5044621" lon="6.8080569">
	<ele>316.40</ele>
	<time>1970-01-01T00:00:00.000Z</time>
</trkpt>
<trkpt lat="47.5044925" lon="6.8085869">
	<ele>315.50</ele>
	<time>1970-01-01T00:00:00.000Z</time>
</trkpt>
<trkpt lat="47.5043154" lon="6.8119964">
	<ele>313.70</ele>
	<time>1970-01-01T00:00:00.000Z</time>
</trkpt>
<trkpt lat="47.5041565" lon="6.8126581">
	<ele>315.00</ele>
	<time>1970-01-01T00:00:00.000Z</time>
</trkpt>
<trkpt lat="47.5039218" lon="6.8171851">
	<ele>314.50</ele>
	<time>1970-01-01T00:00:00.000Z</time>
</trkpt>
<trkpt lat="47.5034546" lon="6.8233997">
	<ele>318.00</ele>
	<time>1970-01-01T00:00:00.000Z</time>
</trkpt>
<trkpt lat="47.5034780" lon="6.8239672">
	<ele>314.10</ele>
	<time>1970-01-01T00:00:00.000Z</time>
</trkpt>
<trkpt lat="47.5036391" lon="6.8243475">
	<ele>313.10</ele>
	<time>1970-01-01T00:00:00.000Z</time>
</trkpt>
<trkpt lat="47.5036894" lon="6.8253249">
	<ele>313.10</ele>
	<time>1970-01-01T00:00:00.000Z</time>
</trkpt>
<trkpt lat="47.5034798" lon="6.8256536">
	<ele>314.30</ele>
	<time>1970-01-01T00:00:00.000Z</time>
</trkpt>
<trkpt lat="47.5034684" lon="6.8272706">
	<ele>314.40</ele>
	<time>1970-01-01T00:00:00.000Z</time>
</trkpt>
<trkpt lat="47.5036031" lon="6.8283053">
	<ele>314.60</ele>
	<time>1970-01-01T00:00:00.000Z</time>
</trkpt>
<trkpt lat="47.5037210" lon="6.8287055">
	<ele>313.50</ele>
	<time>1970-01-01T00:00:00.000Z</time>
</trkpt>
<trkpt lat="47.5041392" lon="6.8316463">
	<ele>314.10</ele>
	<time>1970-01-01T00:00:00.000Z</time>
</trkpt>
<trkpt lat="47.5044476" lon="6.8328255">
	<ele>313.40</ele>
	<time>1970-01-01T00:00:00.000Z</time>
</trkpt>
<trkpt lat="47.5045185" lon="6.8329319">
	<ele>314.20</ele>
	<time>1970-01-01T00:00:00.000Z</time>
</trkpt>
<trkpt lat="47.5046805" lon="6.8330533">
	<ele>313.20</ele>
	<time>1970-01-01T00:00:00.000Z</time>
</trkpt>
<trkpt lat="47.5047008" lon="6.8331260">
	<ele>313.10</ele>
	<time>1970-01-01T00:00:00.000Z</time>
</trkpt>
<trkpt lat="47.5047191" lon="6.8332537">
	<ele>313.10</ele>
	<time>1970-01-01T00:00:00.000Z</time>
</trkpt>
<trkpt lat="47.5046001" lon="6.8336415">
	<ele>314.40</ele>
	<time>1970-01-01T00:00:00.000Z</time>
</trkpt>
<trkpt lat="47.5046271" lon="6.8340967">
	<ele>315.30</ele>
	<time>1970-01-01T00:00:00.000Z</time>
</trkpt>
<trkpt lat="47.5047521" lon="6.8346434">
	<ele>315.40</ele>
	<time>1970-01-01T00:00:00.000Z</time>
</trkpt>
<trkpt lat="47.5054850" lon="6.8370044">
	<ele>314.00</ele>
	<time>1970-01-01T00:00:00.000Z</time>
</trkpt>
<trkpt lat="47.5059209" lon="6.8390036">
	<ele>313.70</ele>
	<time>1970-01-01T00:00:00.000Z</time>
</trkpt>
<trkpt lat="47.5061240" lon="6.8396713">
	<ele>314.50</ele>
	<time>1970-01-01T00:00:00.000Z</time>
</trkpt>
<trkpt lat="47.5065140" lon="6.8412055">
	<ele>315.20</ele>
	<time>1970-01-01T00:00:00.000Z</time>
</trkpt>
<trkpt lat="47.5067956" lon="6.8413411">
	<ele>313.70</ele>
	<time>1970-01-01T00:00:00.000Z</time>
</trkpt>
<trkpt lat="47.5069210" lon="6.8417049">
	<ele>313.30</ele>
	<time>1970-01-01T00:00:00.000Z</time>
</trkpt>
<trkpt lat="47.5068597" lon="6.8420608">
	<ele>314.50</ele>
	<time>1970-01-01T00:00:00.000Z</time>
</trkpt>
<trkpt lat="47.5074136" lon="6.8434266">
	<ele>314.10</ele>
	<time>1970-01-01T00:00:00.000Z</time>
</trkpt>
<trkpt lat="47.5079368" lon="6.8445679">
	<ele>313.90</ele>
	<time>1970-01-01T00:00:00.000Z</time>
</trkpt>
<trkpt lat="47.5085729" lon="6.8458130">
	<ele>317.30</ele>
	<time>1970-01-01T00:00:00.000Z</time>
</trkpt>
<trkpt lat="47.5090475" lon="6.8466299">
	<ele>314.10</ele>
	<time>1970-01-01T00:00:00.000Z</time>
</trkpt>
<trkpt lat="47.5092739" lon="6.8475161">
	<ele>317.80</ele>
	<time>1970-01-01T00:00:00.000Z</time>
</trkpt>
<trkpt lat="47.5097102" lon="6.8489152">
	<ele>317.50</ele>
	<time>1970-01-01T00:00:00.000Z</time>
</trkpt>
<trkpt lat="47.5097039" lon="6.8494531">
	<ele>317.40</ele>
	<time>1970-01-01T00:00:00.000Z</time>
</trkpt>
<trkpt lat="47.5097314" lon="6.8496044">
	<ele>317.20</ele>
	<time>1970-01-01T00:00:00.000Z</time>
</trkpt>
<trkpt lat="47.5101457" lon="6.8508617">
	<ele>317.90</ele>
	<time>1970-01-01T00:00:00.000Z</time>
</trkpt>
<trkpt lat="47.5103139" lon="6.8507950">
	<ele>317.40</ele>
	<time>1970-01-01T00:00:00.000Z</time>
</trkpt>
<trkpt lat="47.5126688" lon="6.8584317">
	<ele>320.50</ele>
	<time>1970-01-01T00:00:00.000Z</time>
</trkpt>
<trkpt lat="47.5126040" lon="6.8586579">
	<ele>320.90</ele>
	<time>1970-01-01T00:00:00.000Z</time>
</trkpt>
<trkpt lat="47.5129732" lon="6.8584834">
	<ele>320.60</ele>
	<time>1970-01-01T00:00:00.000Z</time>
</trkpt>
<trkpt lat="47.5131055" lon="6.8590686">
	<ele>321.50</ele>
	<time>1970-01-01T00:00:00.000Z</time>
</trkpt>
<trkpt lat="47.5155728" lon="6.8670023">
	<ele>320.20</ele>
	<time>1970-01-01T00:00:00.000Z</time>
</trkpt>
<trkpt lat="47.5194866" lon="6.8795282">
	<ele>322.60</ele>
	<time>1970-01-01T00:00:00.000Z</time>
</trkpt>
<trkpt lat="47.5197329" lon="6.8802219">
	<ele>321.40</ele>
	<time>1970-01-01T00:00:00.000Z</time>
</trkpt>
<trkpt lat="47.5199466" lon="6.8809661">
	<ele>321.30</ele>
	<time>1970-01-01T00:00:00.000Z</time>
</trkpt>
<trkpt lat="47.5201337" lon="6.8814337">
	<ele>321.90</ele>
	<time>1970-01-01T00:00:00.000Z</time>
</trkpt>
<trkpt lat="47.5203255" lon="6.8816905">
	<ele>322.50</ele>
	<time>1970-01-01T00:00:00.000Z</time>
</trkpt>
<trkpt lat="47.5205657" lon="6.8819227">
	<ele>322.10</ele>
	<time>1970-01-01T00:00:00.000Z</time>
</trkpt>
<trkpt lat="47.5208334" lon="6.8820478">
	<ele>323.00</ele>
	<time>1970-01-01T00:00:00.000Z</time>
</trkpt>
<trkpt lat="47.5211346" lon="6.8820943">
	<ele>322.90</ele>
	<time>1970-01-01T00:00:00.000Z</time>
</trkpt>
<trkpt lat="47.5213076" lon="6.8820541">
	<ele>322.40</ele>
	<time>1970-01-01T00:00:00.000Z</time>
</trkpt>
<trkpt lat="47.5217767" lon="6.8817889">
	<ele>322.20</ele>
	<time>1970-01-01T00:00:00.000Z</time>
</trkpt>
<trkpt lat="47.5224405" lon="6.8810450">
	<ele>322.20</ele>
	<time>1970-01-01T00:00:00.000Z</time>
</trkpt>
<trkpt lat="47.5225807" lon="6.8812770">
	<ele>322.40</ele>
	<time>1970-01-01T00:00:00.000Z</time>
</trkpt>
<trkpt lat="47.5228358" lon="6.8809189">
	<ele>323.60</ele>
	<time>1970-01-01T00:00:00.000Z</time>
</trkpt>
<trkpt lat="47.5232694" lon="6.8804294">
	<ele>328.40</ele>
	<time>1970-01-01T00:00:00.000Z</time>
</trkpt>
<trkpt lat="47.5236116" lon="6.8803239">
	<ele>331.80</ele>
	<time>1970-01-01T00:00:00.000Z</time>
</trkpt>
<trkpt lat="47.5238001" lon="6.8803905">
	<ele>333.30</ele>
	<time>1970-01-01T00:00:00.000Z</time>
</trkpt>
<trkpt lat="47.5238831" lon="6.8805478">
	<ele>332.80</ele>
	<time>1970-01-01T00:00:00.000Z</time>
</trkpt>
<trkpt lat="47.5240221" lon="6.8812409">
	<ele>333.70</ele>
	<time>1970-01-01T00:00:00.000Z</time>
</trkpt>
<trkpt lat="47.5242259" lon="6.8819246">
	<ele>333.60</ele>
	<time>1970-01-01T00:00:00.000Z</time>
</trkpt>
<trkpt lat="47.5244584" lon="6.8825329">
	<ele>333.90</ele>
	<time>1970-01-01T00:00:00.000Z</time>
</trkpt>
<trkpt lat="47.5265290" lon="6.8855842">
	<ele>336.40</ele>
	<time>1970-01-01T00:00:00.000Z</time>
</trkpt>
<trkpt lat="47.5270472" lon="6.8864175">
	<ele>336.10</ele>
	<time>1970-01-01T00:00:00.000Z</time>
</trkpt>
<trkpt lat="47.5274161" lon="6.8873668">
	<ele>332.80</ele>
	<time>1970-01-01T00:00:00.000Z</time>
</trkpt>
<trkpt lat="47.5273999" lon="6.8874958">
	<ele>332.80</ele>
	<time>1970-01-01T00:00:00.000Z</time>
</trkpt>
<trkpt lat="47.5275798" lon="6.8881606">
	<ele>328.20</ele>
	<time>1970-01-01T00:00:00.000Z</time>
</trkpt>
<trkpt lat="47.5276653" lon="6.8883422">
	<ele>328.20</ele>
	<time>1970-01-01T00:00:00.000Z</time>
</trkpt>
<trkpt lat="47.5277480" lon="6.8883524">
	<ele>327.10</ele>
	<time>1970-01-01T00:00:00.000Z</time>
</trkpt>
<trkpt lat="47.5279926" lon="6.8882667">
	<ele>329.30</ele>
	<time>1970-01-01T00:00:00.000Z</time>
</trkpt>
<trkpt lat="47.5280744" lon="6.8895642">
	<ele>326.40</ele>
	<time>1970-01-01T00:00:00.000Z</time>
</trkpt>
<trkpt lat="47.5280676" lon="6.8905640">
	<ele>326.20</ele>
	<time>1970-01-01T00:00:00.000Z</time>
</trkpt>
<trkpt lat="47.5278910" lon="6.8958672">
	<ele>325.30</ele>
	<time>1970-01-01T00:00:00.000Z</time>
</trkpt>
<trkpt lat="47.5278418" lon="6.8960981">
	<ele>325.30</ele>
	<time>1970-01-01T00:00:00.000Z</time>
</trkpt>
<trkpt lat="47.5278272" lon="6.8963653">
	<ele>325.20</ele>
	<time>1970-01-01T00:00:00.000Z</time>
</trkpt>
<trkpt lat="47.5278868" lon="6.8965184">
	<ele>325.10</ele>
	<time>1970-01-01T00:00:00.000Z</time>
</trkpt>
<trkpt lat="47.5278930" lon="6.8969020">
	<ele>324.80</ele>
	<time>1970-01-01T00:00:00.000Z</time>
</trkpt>
<trkpt lat="47.5279786" lon="6.8975660">
	<ele>324.20</ele>
	<time>1970-01-01T00:00:00.000Z</time>
</trkpt>
<trkpt lat="47.5282473" lon="6.8985727">
	<ele>324.90</ele>
	<time>1970-01-01T00:00:00.000Z</time>
</trkpt>
<trkpt lat="47.5285789" lon="6.8992080">
	<ele>325.30</ele>
	<time>1970-01-01T00:00:00.000Z</time>
</trkpt>
<trkpt lat="47.5317085" lon="6.9034066">
	<ele>325.00</ele>
	<time>1970-01-01T00:00:00.000Z</time>
</trkpt>
<trkpt lat="47.5320400" lon="6.9039292">
	<ele>325.70</ele>
	<time>1970-01-01T00:00:00.000Z</time>
</trkpt>
<trkpt lat="47.5320851" lon="6.9041087">
	<ele>325.60</ele>
	<time>1970-01-01T00:00:00.000Z</time>
</trkpt>
<trkpt lat="47.5325758" lon="6.9046065">
	<ele>326.10</ele>
	<time>1970-01-01T00:00:00.000Z</time>
</trkpt>
<trkpt lat="47.5341219" lon="6.9066856">
	<ele>333.10</ele>
	<time>1970-01-01T00:00:00.000Z</time>
</trkpt>
<trkpt lat="47.5346293" lon="6.9072552">
	<ele>333.90</ele>
	<time>1970-01-01T00:00:00.000Z</time>
</trkpt>
<trkpt lat="47.5370296" lon="6.9093462">
	<ele>335.80</ele>
	<time>1970-01-01T00:00:00.000Z</time>
</trkpt>
<trkpt lat="47.5379151" lon="6.9100731">
	<ele>330.50</ele>
	<time>1970-01-01T00:00:00.000Z</time>
</trkpt>
<trkpt lat="47.5387057" lon="6.9104464">
	<ele>331.80</ele>
	<time>1970-01-01T00:00:00.000Z</time>
</trkpt>
<trkpt lat="47.5391169" lon="6.9105272">
	<ele>330.50</ele>
	<time>1970-01-01T00:00:00.000Z</time>
</trkpt>
<trkpt lat="47.5392800" lon="6.9104997">
	<ele>330.50</ele>
	<time>1970-01-01T00:00:00.000Z</time>
</trkpt>
<trkpt lat="47.5394802" lon="6.9103904">
	<ele>331.30</ele>
	<time>1970-01-01T00:00:00.000Z</time>
</trkpt>
<trkpt lat="47.5399039" lon="6.9096439">
	<ele>332.60</ele>
	<time>1970-01-01T00:00:00.000Z</time>
</trkpt>
<trkpt lat="47.5404862" lon="6.9081511">
	<ele>337.40</ele>
	<time>1970-01-01T00:00:00.000Z</time>
</trkpt>
<trkpt lat="47.5407486" lon="6.9077224">
	<ele>339.30</ele>
	<time>1970-01-01T00:00:00.000Z</time>
</trkpt>
<trkpt lat="47.5415610" lon="6.9072184">
	<ele>334.40</ele>
	<time>1970-01-01T00:00:00.000Z</time>
</trkpt>
<trkpt lat="47.5424682" lon="6.9068452">
	<ele>340.40</ele>
	<time>1970-01-01T00:00:00.000Z</time>
</trkpt>
<trkpt lat="47.5432140" lon="6.9066208">
	<ele>351.00</ele>
	<time>1970-01-01T00:00:00.000Z</time>
</trkpt>
<trkpt lat="47.5438074" lon="6.9066135">
	<ele>347.70</ele>
	<time>1970-01-01T00:00:00.000Z</time>
</trkpt>
<trkpt lat="47.5443217" lon="6.9067526">
	<ele>340.50</ele>
	<time>1970-01-01T00:00:00.000Z</time>
</trkpt>
<trkpt lat="47.5447322" lon="6.9066840">
	<ele>339.40</ele>
	<time>1970-01-01T00:00:00.000Z</time>
</trkpt>
<trkpt lat="47.5462591" lon="6.9059786">
	<ele>343.50</ele>
	<time>1970-01-01T00:00:00.000Z</time>
</trkpt>
<trkpt lat="47.5468072" lon="6.9057876">
	<ele>346.10</ele>
	<time>1970-01-01T00:00:00.000Z</time>
</trkpt>
<trkpt lat="47.5469959" lon="6.9061930">
	<ele>336.80</ele>
	<time>1970-01-01T00:00:00.000Z</time>
</trkpt>
<trkpt lat="47.5472828" lon="6.9063408">
	<ele>336.80</ele>
	<time>1970-01-01T00:00:00.000Z</time>
</trkpt>
<trkpt lat="47.5475153" lon="6.9065748">
	<ele>334.20</ele>
	<time>1970-01-01T00:00:00.000Z</time>
</trkpt>
<trkpt lat="47.5477470" lon="6.9070594">
	<ele>328.80</ele>
	<time>1970-01-01T00:00:00.000Z</time>
</trkpt>
<trkpt lat="47.5477681" lon="6.9071737">
	<ele>328.80</ele>
	<time>1970-01-01T00:00:00.000Z</time>
</trkpt>
<trkpt lat="47.5482233" lon="6.9079339">
	<ele>327.60</ele>
	<time>1970-01-01T00:00:00.000Z</time>
</trkpt>
<trkpt lat="47.5492254" lon="6.9097908">
	<ele>327.30</ele>
	<time>1970-01-01T00:00:00.000Z</time>
</trkpt>
<trkpt lat="47.5560279" lon="6.9226261">
	<ele>329.10</ele>
	<time>1970-01-01T00:00:00.000Z</time>
</trkpt>
<trkpt lat="47.5563365" lon="6.9231476">
	<ele>329.60</ele>
	<time>1970-01-01T00:00:00.000Z</time>
</trkpt>
<trkpt lat="47.5570045" lon="6.9245549">
	<ele>331.80</ele>
	<time>1970-01-01T00:00:00.000Z</time>
</trkpt>
<trkpt lat="47.5572625" lon="6.9248810">
	<ele>331.70</ele>
	<time>1970-01-01T00:00:00.000Z</time>
</trkpt>
<trkpt lat="47.5570892" lon="6.9252685">
	<ele>331.40</ele>
	<time>1970-01-01T00:00:00.000Z</time>
</trkpt>
<trkpt lat="47.5572348" lon="6.9254765">
	<ele>330.90</ele>
	<time>1970-01-01T00:00:00.000Z</time>
</trkpt>
<trkpt lat="47.5577713" lon="6.9266544">
	<ele>330.10</ele>
	<time>1970-01-01T00:00:00.000Z</time>
</trkpt>
<trkpt lat="47.5581052" lon="6.9275019">
	<ele>331.40</ele>
	<time>1970-01-01T00:00:00.000Z</time>
</trkpt>
<trkpt lat="47.5582417" lon="6.9276980">
	<ele>331.50</ele>
	<time>1970-01-01T00:00:00.000Z</time>
</trkpt>
<trkpt lat="47.5582607" lon="6.9279248">
	<ele>331.30</ele>
	<time>1970-01-01T00:00:00.000Z</time>
</trkpt>
<trkpt lat="47.5590504" lon="6.9300204">
	<ele>328.60</ele>
	<time>1970-01-01T00:00:00.000Z</time>
</trkpt>
<trkpt lat="47.5590788" lon="6.9303100">
	<ele>328.90</ele>
	<time>1970-01-01T00:00:00.000Z</time>
</trkpt>
<trkpt lat="47.5599820" lon="6.9327255">
	<ele>331.20</ele>
	<time>1970-01-01T00:00:00.000Z</time>
</trkpt>
<trkpt lat="47.5602412" lon="6.9332960">
	<ele>331.70</ele>
	<time>1970-01-01T00:00:00.000Z</time>
</trkpt>
<trkpt lat="47.5608205" lon="6.9348341">
	<ele>330.50</ele>
	<time>1970-01-01T00:00:00.000Z</time>
</trkpt>
<trkpt lat="47.5617170" lon="6.9367109">
	<ele>327.70</ele>
	<time>1970-01-01T00:00:00.000Z</time>
</trkpt>
<trkpt lat="47.5631009" lon="6.9391206">
	<ele>329.90</ele>
	<time>1970-01-01T00:00:00.000Z</time>
</trkpt>
<trkpt lat="47.5631615" lon="6.9391602">
	<ele>329.90</ele>
	<time>1970-01-01T00:00:00.000Z</time>
</trkpt>
<trkpt lat="47.5633027" lon="6.9393926">
	<ele>330.80</ele>
	<time>1970-01-01T00:00:00.000Z</time>
</trkpt>
<trkpt lat="47.5639573" lon="6.9406634">
	<ele>333.50</ele>
	<time>1970-01-01T00:00:00.000Z</time>
</trkpt>
<trkpt lat="47.5644983" lon="6.9415858">
	<ele>334.90</ele>
	<time>1970-01-01T00:00:00.000Z</time>
</trkpt>
<trkpt lat="47.5659881" lon="6.9439764">
	<ele>330.40</ele>
	<time>1970-01-01T00:00:00.000Z</time>
</trkpt>
<trkpt lat="47.5663205" lon="6.9444333">
	<ele>330.70</ele>
	<time>1970-01-01T00:00:00.000Z</time>
</trkpt>
<trkpt lat="47.5663755" lon="6.9444638">
	<ele>330.70</ele>
	<time>1970-01-01T00:00:00.000Z</time>
</trkpt>
<trkpt lat="47.5666152" lon="6.9449554">
	<ele>331.50</ele>
	<time>1970-01-01T00:00:00.000Z</time>
</trkpt>
<trkpt lat="47.5690222" lon="6.9487624">
	<ele>330.60</ele>
	<time>1970-01-01T00:00:00.000Z</time>
</trkpt>
<trkpt lat="47.5702431" lon="6.9502409">
	<ele>330.10</ele>
	<time>1970-01-01T00:00:00.000Z</time>
</trkpt>
<trkpt lat="47.5753112" lon="6.9560515">
	<ele>332.40</ele>
	<time>1970-01-01T00:00:00.000Z</time>
</trkpt>
<trkpt lat="47.5757439" lon="6.9565840">
	<ele>331.80</ele>
	<time>1970-01-01T00:00:00.000Z</time>
</trkpt>
<trkpt lat="47.5761729" lon="6.9571867">
	<ele>330.60</ele>
	<time>1970-01-01T00:00:00.000Z</time>
</trkpt>
<trkpt lat="47.5784337" lon="6.9606246">
	<ele>331.30</ele>
	<time>1970-01-01T00:00:00.000Z</time>
</trkpt>
<trkpt lat="47.5789238" lon="6.9612548">
	<ele>332.10</ele>
	<time>1970-01-01T00:00:00.000Z</time>
</trkpt>
<trkpt lat="47.5792845" lon="6.9617944">
	<ele>333.00</ele>
	<time>1970-01-01T00:00:00.000Z</time>
</trkpt>
<trkpt lat="47.5808331" lon="6.9642212">
	<ele>333.00</ele>
	<time>1970-01-01T00:00:00.000Z</time>
</trkpt>
<trkpt lat="47.5821349" lon="6.9661558">
	<ele>333.20</ele>
	<time>1970-01-01T00:00:00.000Z</time>
</trkpt>
<trkpt lat="47.5838232" lon="6.9688252">
	<ele>332.10</ele>
	<time>1970-01-01T00:00:00.000Z</time>
</trkpt>
<trkpt lat="47.5914424" lon="6.9805230">
	<ele>333.40</ele>
	<time>1970-01-01T00:00:00.000Z</time>
</trkpt>
<trkpt lat="47.5925931" lon="6.9822755">
	<ele>334.50</ele>
	<time>1970-01-01T00:00:00.000Z</time>
</trkpt>
<trkpt lat="47.5927218" lon="6.9823548">
	<ele>334.30</ele>
	<time>1970-01-01T00:00:00.000Z</time>
</trkpt>
<trkpt lat="47.5930350" lon="6.9829493">
	<ele>334.30</ele>
	<time>1970-01-01T00:00:00.000Z</time>
</trkpt>
<trkpt lat="47.5948366" lon="6.9858313">
	<ele>335.00</ele>
	<time>1970-01-01T00:00:00.000Z</time>
</trkpt>
<trkpt lat="47.5951470" lon="6.9863770">
	<ele>334.50</ele>
	<time>1970-01-01T00:00:00.000Z</time>
</trkpt>
<trkpt lat="47.5953645" lon="6.9868797">
	<ele>334.70</ele>
	<time>1970-01-01T00:00:00.000Z</time>
</trkpt>
<trkpt lat="47.5955614" lon="6.9875226">
	<ele>335.40</ele>
	<time>1970-01-01T00:00:00.000Z</time>
</trkpt>
<trkpt lat="47.5956808" lon="6.9880900">
	<ele>335.90</ele>
	<time>1970-01-01T00:00:00.000Z</time>
</trkpt>
<trkpt lat="47.5957483" lon="6.9886704">
	<ele>335.80</ele>
	<time>1970-01-01T00:00:00.000Z</time>
</trkpt>
<trkpt lat="47.5958390" lon="6.9913697">
	<ele>339.00</ele>
	<time>1970-01-01T00:00:00.000Z</time>
</trkpt>
<trkpt lat="47.5960394" lon="6.9924952">
	<ele>338.60</ele>
	<time>1970-01-01T00:00:00.000Z</time>
</trkpt>
<trkpt lat="47.5962364" lon="6.9932185">
	<ele>339.40</ele>
	<time>1970-01-01T00:00:00.000Z</time>
</trkpt>
<trkpt lat="47.5963803" lon="6.9936122">
	<ele>339.60</ele>
	<time>1970-01-01T00:00:00.000Z</time>
</trkpt>
<trkpt lat="47.5967310" lon="6.9942773">
	<ele>338.00</ele>
	<time>1970-01-01T00:00:00.000Z</time>
</trkpt>
<trkpt lat="47.5972584" lon="6.9950465">
	<ele>338.30</ele>
	<time>1970-01-01T00:00:00.000Z</time>
</trkpt>
<trkpt lat="47.6005065" lon="6.9986721">
	<ele>336.50</ele>
	<time>1970-01-01T00:00:00.000Z</time>
</trkpt>
<trkpt lat="47.6008596" lon="6.9992211">
	<ele>336.30</ele>
	<time>1970-01-01T00:00:00.000Z</time>
</trkpt>
<trkpt lat="47.6011774" lon="6.9999282">
	<ele>336.50</ele>
	<time>1970-01-01T00:00:00.000Z</time>
</trkpt>
<trkpt lat="47.6013987" lon="7.0007338">
	<ele>336.30</ele>
	<time>1970-01-01T00:00:00.000Z</time>
</trkpt>
<trkpt lat="47.6014110" lon="7.0016677">
	<ele>337.80</ele>
	<time>1970-01-01T00:00:00.000Z</time>
</trkpt>
<trkpt lat="47.6012606" lon="7.0022572">
	<ele>339.20</ele>
	<time>1970-01-01T00:00:00.000Z</time>
</trkpt>
<trkpt lat="47.6011942" lon="7.0023981">
	<ele>339.80</ele>
	<time>1970-01-01T00:00:00.000Z</time>
</trkpt>
<trkpt lat="47.6009832" lon="7.0034635">
	<ele>340.20</ele>
	<time>1970-01-01T00:00:00.000Z</time>
</trkpt>
<trkpt lat="47.6009258" lon="7.0037996">
	<ele>340.10</ele>
	<time>1970-01-01T00:00:00.000Z</time>
</trkpt>
<trkpt lat="47.6008899" lon="7.0045418">
	<ele>339.90</ele>
	<time>1970-01-01T00:00:00.000Z</time>
</trkpt>
<trkpt lat="47.6009529" lon="7.0060791">
	<ele>341.80</ele>
	<time>1970-01-01T00:00:00.000Z</time>
</trkpt>
<trkpt lat="47.6011247" lon="7.0070428">
	<ele>344.10</ele>
	<time>1970-01-01T00:00:00.000Z</time>
</trkpt>
<trkpt lat="47.6012907" lon="7.0075161">
	<ele>345.80</ele>
	<time>1970-01-01T00:00:00.000Z</time>
</trkpt>
<trkpt lat="47.6015118" lon="7.0079338">
	<ele>346.60</ele>
	<time>1970-01-01T00:00:00.000Z</time>
</trkpt>
<trkpt lat="47.6034270" lon="7.0108015">
	<ele>342.10</ele>
	<time>1970-01-01T00:00:00.000Z</time>
</trkpt>
<trkpt lat="47.6039193" lon="7.0116664">
	<ele>341.40</ele>
	<time>1970-01-01T00:00:00.000Z</time>
</trkpt>
<trkpt lat="47.6083987" lon="7.0214673">
	<ele>341.00</ele>
	<time>1970-01-01T00:00:00.000Z</time>
</trkpt>
<trkpt lat="47.6090452" lon="7.0227569">
	<ele>339.40</ele>
	<time>1970-01-01T00:00:00.000Z</time>
</trkpt>
<trkpt lat="47.6095292" lon="7.0235436">
	<ele>340.40</ele>
	<time>1970-01-01T00:00:00.000Z</time>
</trkpt>
<trkpt lat="47.6097371" lon="7.0238237">
	<ele>340.60</ele>
	<time>1970-01-01T00:00:00.000Z</time>
</trkpt>
<trkpt lat="47.6099701" lon="7.0240622">
	<ele>341.00</ele>
	<time>1970-01-01T00:00:00.000Z</time>
</trkpt>
<trkpt lat="47.6102407" lon="7.0244589">
	<ele>340.90</ele>
	<time>1970-01-01T00:00:00.000Z</time>
</trkpt>
<trkpt lat="47.6104074" lon="7.0246244">
	<ele>341.40</ele>
	<time>1970-01-01T00:00:00.000Z</time>
</trkpt>
<trkpt lat="47.6129457" lon="7.0266924">
	<ele>343.70</ele>
	<time>1970-01-01T00:00:00.000Z</time>
</trkpt>
<trkpt lat="47.6133460" lon="7.0270976">
	<ele>344.80</ele>
	<time>1970-01-01T00:00:00.000Z</time>
</trkpt>
<trkpt lat="47.6151133" lon="7.0285626">
	<ele>345.20</ele>
	<time>1970-01-01T00:00:00.000Z</time>
</trkpt>
<trkpt lat="47.6154067" lon="7.0288817">
	<ele>344.80</ele>
	<time>1970-01-01T00:00:00.000Z</time>
</trkpt>
<trkpt lat="47.6157177" lon="7.0292982">
	<ele>344.70</ele>
	<time>1970-01-01T00:00:00.000Z</time>
</trkpt>
<trkpt lat="47.6162811" lon="7.0302116">
	<ele>344.10</ele>
	<time>1970-01-01T00:00:00.000Z</time>
</trkpt>
<trkpt lat="47.6170077" lon="7.0315898">
	<ele>343.60</ele>
	<time>1970-01-01T00:00:00.000Z</time>
</trkpt>
<trkpt lat="47.6237817" lon="7.0437939">
	<ele>348.80</ele>
	<time>1970-01-01T00:00:00.000Z</time>
</trkpt>
<trkpt lat="47.6238472" lon="7.0439835">
	<ele>348.10</ele>
	<time>1970-01-01T00:00:00.000Z</time>
</trkpt>
<trkpt lat="47.6238538" lon="7.0442459">
	<ele>347.50</ele>
	<time>1970-01-01T00:00:00.000Z</time>
</trkpt>
<trkpt lat="47.6237477" lon="7.0444780">
	<ele>347.20</ele>
	<time>1970-01-01T00:00:00.000Z</time>
</trkpt>
<trkpt lat="47.6231655" lon="7.0450737">
	<ele>345.20</ele>
	<time>1970-01-01T00:00:00.000Z</time>
</trkpt>
<trkpt lat="47.6230963" lon="7.0451864">
	<ele>345.20</ele>
	<time>1970-01-01T00:00:00.000Z</time>
</trkpt>
<trkpt lat="47.6230688" lon="7.0453295">
	<ele>344.80</ele>
	<time>1970-01-01T00:00:00.000Z</time>
</trkpt>
<trkpt lat="47.6230816" lon="7.0455313">
	<ele>344.60</ele>
	<time>1970-01-01T00:00:00.000Z</time>
</trkpt>
<trkpt lat="47.6233560" lon="7.0465145">
	<ele>345.70</ele>
	<time>1970-01-01T00:00:00.000Z</time>
</trkpt>
<trkpt lat="47.6234709" lon="7.0470430">
	<ele>347.40</ele>
	<time>1970-01-01T00:00:00.000Z</time>
</trkpt>
<trkpt lat="47.6242207" lon="7.0508293">
	<ele>348.20</ele>
	<time>1970-01-01T00:00:00.000Z</time>
</trkpt>
<trkpt lat="47.6242521" lon="7.0512841">
	<ele>347.10</ele>
	<time>1970-01-01T00:00:00.000Z</time>
</trkpt>
<trkpt lat="47.6242316" lon="7.0514257">
	<ele>346.50</ele>
	<time>1970-01-01T00:00:00.000Z</time>
</trkpt>
<trkpt lat="47.6239451" lon="7.0525903">
	<ele>345.60</ele>
	<time>1970-01-01T00:00:00.000Z</time>
</trkpt>
<trkpt lat="47.6241912" lon="7.0526640">
	<ele>345.40</ele>
	<time>1970-01-01T00:00:00.000Z</time>
</trkpt>
<trkpt lat="47.6246974" lon="7.0523556">
	<ele>345.50</ele>
	<time>1970-01-01T00:00:00.000Z</time>
</trkpt>
<trkpt lat="47.6263387" lon="7.0512187">
	<ele>352.80</ele>
	<time>1970-01-01T00:00:00.000Z</time>
</trkpt>
<trkpt lat="47.6275035" lon="7.0504835">
	<ele>353.40</ele>
	<time>1970-01-01T00:00:00.000Z</time>
</trkpt>
<trkpt lat="47.6295795" lon="7.0543063">
	<ele>347.40</ele>
	<time>1970-01-01T00:00:00.000Z</time>
</trkpt>
<trkpt lat="47.6298866" lon="7.0548221">
	<ele>346.70</ele>
	<time>1970-01-01T00:00:00.000Z</time>
</trkpt>
<trkpt lat="47.6302096" lon="7.0555083">
	<ele>344.20</ele>
	<time>1970-01-01T00:00:00.000Z</time>
</trkpt>
<trkpt lat="47.6310635" lon="7.0570313">
	<ele>339.50</ele>
	<time>1970-01-01T00:00:00.000Z</time>
</trkpt>
<trkpt lat="47.6311969" lon="7.0571093">
	<ele>339.20</ele>
	<time>1970-01-01T00:00:00.000Z</time>
</trkpt>
<trkpt lat="47.6313346" lon="7.0573312">
	<ele>339.30</ele>
	<time>1970-01-01T00:00:00.000Z</time>
</trkpt>
<trkpt lat="47.6314142" lon="7.0576338">
	<ele>338.80</ele>
	<time>1970-01-01T00:00:00.000Z</time>
</trkpt>
<trkpt lat="47.6317497" lon="7.0582645">
	<ele>338.20</ele>
	<time>1970-01-01T00:00:00.000Z</time>
</trkpt>
<trkpt lat="47.6318634" lon="7.0583748">
	<ele>338.20</ele>
	<time>1970-01-01T00:00:00.000Z</time>
</trkpt>
<trkpt lat="47.6320361" lon="7.0587005">
	<ele>337.60</ele>
	<time>1970-01-01T00:00:00.000Z</time>
</trkpt>
<trkpt lat="47.6322208" lon="7.0592140">
	<ele>337.00</ele>
	<time>1970-01-01T00:00:00.000Z</time>
</trkpt>
<trkpt lat="47.6323248" lon="7.0596096">
	<ele>336.70</ele>
	<time>1970-01-01T00:00:00.000Z</time>
</trkpt>
<trkpt lat="47.6324846" lon="7.0604885">
	<ele>334.40</ele>
	<time>1970-01-01T00:00:00.000Z</time>
</trkpt>
<trkpt lat="47.6325176" lon="7.0608074">
	<ele>333.40</ele>
	<time>1970-01-01T00:00:00.000Z</time>
</trkpt>
<trkpt lat="47.6325087" lon="7.0610157">
	<ele>332.50</ele>
	<time>1970-01-01T00:00:00.000Z</time>
</trkpt>
<trkpt lat="47.6327817" lon="7.0630482">
	<ele>328.30</ele>
	<time>1970-01-01T00:00:00.000Z</time>
</trkpt>
<trkpt lat="47.6327757" lon="7.0632689">
	<ele>328.20</ele>
	<time>1970-01-01T00:00:00.000Z</time>
</trkpt>
<trkpt lat="47.6329532" lon="7.0647237">
	<ele>328.20</ele>
	<time>1970-01-01T00:00:00.000Z</time>
</trkpt>
<trkpt lat="47.6330084" lon="7.0649125">
	<ele>327.60</ele>
	<time>1970-01-01T00:00:00.000Z</time>
</trkpt>
<trkpt lat="47.6330498" lon="7.0655574">
	<ele>328.00</ele>
	<time>1970-01-01T00:00:00.000Z</time>
</trkpt>
<trkpt lat="47.6332147" lon="7.0669384">
	<ele>327.80</ele>
	<time>1970-01-01T00:00:00.000Z</time>
</trkpt>
<trkpt lat="47.6332725" lon="7.0671812">
	<ele>327.20</ele>
	<time>1970-01-01T00:00:00.000Z</time>
</trkpt>
<trkpt lat="47.6333099" lon="7.0677627">
	<ele>325.50</ele>
	<time>1970-01-01T00:00:00.000Z</time>
</trkpt>
<trkpt lat="47.6334775" lon="7.0691441">
	<ele>320.90</ele>
	<time>1970-01-01T00:00:00.000Z</time>
</trkpt>
<trkpt lat="47.6335614" lon="7.0695814">
	<ele>320.20</ele>
	<time>1970-01-01T00:00:00.000Z</time>
</trkpt>
<trkpt lat="47.6335760" lon="7.0699359">
	<ele>319.90</ele>
	<time>1970-01-01T00:00:00.000Z</time>
</trkpt>
<trkpt lat="47.6337083" lon="7.0710894">
	<ele>319.20</ele>
	<time>1970-01-01T00:00:00.000Z</time>
</trkpt>
<trkpt lat="47.6337763" lon="7.0715768">
	<ele>318.90</ele>
	<time>1970-01-01T00:00:00.000Z</time>
</trkpt>
<trkpt lat="47.6338194" lon="7.0716580">
	<ele>318.60</ele>
	<time>1970-01-01T00:00:00.000Z</time>
</trkpt>
<trkpt lat="47.6338474" lon="7.0718227">
	<ele>318.60</ele>
	<time>1970-01-01T00:00:00.000Z</time>
</trkpt>
<trkpt lat="47.6346372" lon="7.0786283">
	<ele>312.80</ele>
	<time>1970-01-01T00:00:00.000Z</time>
</trkpt>
<trkpt lat="47.6348332" lon="7.0800724">
	<ele>313.00</ele>
	<time>1970-01-01T00:00:00.000Z</time>
</trkpt>
<trkpt lat="47.6351803" lon="7.0832926">
	<ele>311.40</ele>
	<time>1970-01-01T00:00:00.000Z</time>
</trkpt>
<trkpt lat="47.6353657" lon="7.0847610">
	<ele>309.20</ele>
	<time>1970-01-01T00:00:00.000Z</time>
</trkpt>
<trkpt lat="47.6354125" lon="7.0849112">
	<ele>308.90</ele>
	<time>1970-01-01T00:00:00.000Z</time>
</trkpt>
<trkpt lat="47.6355180" lon="7.0860764">
	<ele>308.00</ele>
	<time>1970-01-01T00:00:00.000Z</time>
</trkpt>
<trkpt lat="47.6355399" lon="7.0873047">
	<ele>307.50</ele>
	<time>1970-01-01T00:00:00.000Z</time>
</trkpt>
<trkpt lat="47.6354246" lon="7.0886213">
	<ele>307.00</ele>
	<time>1970-01-01T00:00:00.000Z</time>
</trkpt>
<trkpt lat="47.6352401" lon="7.0895210">
	<ele>307.40</ele>
	<time>1970-01-01T00:00:00.000Z</time>
</trkpt>
<trkpt lat="47.6349838" lon="7.0905479">
	<ele>306.80</ele>
	<time>1970-01-01T00:00:00.000Z</time>
</trkpt>
<trkpt lat="47.6348907" lon="7.0910594">
	<ele>306.40</ele>
	<time>1970-01-01T00:00:00.000Z</time>
</trkpt>
<trkpt lat="47.6347223" lon="7.0914310">
	<ele>306.70</ele>
	<time>1970-01-01T00:00:00.000Z</time>
</trkpt>
<trkpt lat="47.6344513" lon="7.0924024">
	<ele>306.10</ele>
	<time>1970-01-01T00:00:00.000Z</time>
</trkpt>
<trkpt lat="47.6342328" lon="7.0930128">
	<ele>306.50</ele>
	<time>1970-01-01T00:00:00.000Z</time>
</trkpt>
<trkpt lat="47.6340556" lon="7.0934109">
	<ele>306.90</ele>
	<time>1970-01-01T00:00:00.000Z</time>
</trkpt>
<trkpt lat="47.6340007" lon="7.0934326">
	<ele>306.90</ele>
	<time>1970-01-01T00:00:00.000Z</time>
</trkpt>
<trkpt lat="47.6340105" lon="7.0936334">
	<ele>306.70</ele>
	<time>1970-01-01T00:00:00.000Z</time>
</trkpt>
<trkpt lat="47.6325851" lon="7.0967649">
	<ele>305.20</ele>
	<time>1970-01-01T00:00:00.000Z</time>
</trkpt>
<trkpt lat="47.6321447" lon="7.0977881">
	<ele>307.40</ele>
	<time>1970-01-01T00:00:00.000Z</time>
</trkpt>
<trkpt lat="47.6319180" lon="7.0984641">
	<ele>307.60</ele>
	<time>1970-01-01T00:00:00.000Z</time>
</trkpt>
<trkpt lat="47.6318510" lon="7.0988533">
	<ele>308.10</ele>
	<time>1970-01-01T00:00:00.000Z</time>
</trkpt>
<trkpt lat="47.6317994" lon="7.0994339">
	<ele>308.20</ele>
	<time>1970-01-01T00:00:00.000Z</time>
</trkpt>
<trkpt lat="47.6318366" lon="7.1005037">
	<ele>307.30</ele>
	<time>1970-01-01T00:00:00.000Z</time>
</trkpt>
<trkpt lat="47.6318788" lon="7.1010140">
	<ele>307.00</ele>
	<time>1970-01-01T00:00:00.000Z</time>
</trkpt>
<trkpt lat="47.6320371" lon="7.1018282">
	<ele>307.20</ele>
	<time>1970-01-01T00:00:00.000Z</time>
</trkpt>
<trkpt lat="47.6322288" lon="7.1023652">
	<ele>307.40</ele>
	<time>1970-01-01T00:00:00.000Z</time>
</trkpt>
<trkpt lat="47.6323249" lon="7.1027192">
	<ele>307.20</ele>
	<time>1970-01-01T00:00:00.000Z</time>
</trkpt>
<trkpt lat="47.6323353" lon="7.1028536">
	<ele>307.20</ele>
	<time>1970-01-01T00:00:00.000Z</time>
</trkpt>
<trkpt lat="47.6326714" lon="7.1037330">
	<ele>307.30</ele>
	<time>1970-01-01T00:00:00.000Z</time>
</trkpt>
<trkpt lat="47.6331954" lon="7.1047276">
	<ele>305.40</ele>
	<time>1970-01-01T00:00:00.000Z</time>
</trkpt>
<trkpt lat="47.6343158" lon="7.1065368">
	<ele>303.10</ele>
	<time>1970-01-01T00:00:00.000Z</time>
</trkpt>
<trkpt lat="47.6344475" lon="7.1068082">
	<ele>302.60</ele>
	<time>1970-01-01T00:00:00.000Z</time>
</trkpt>
<trkpt lat="47.6345059" lon="7.1070247">
	<ele>302.90</ele>
	<time>1970-01-01T00:00:00.000Z</time>
</trkpt>
<trkpt lat="47.6346840" lon="7.1071985">
	<ele>303.00</ele>
	<time>1970-01-01T00:00:00.000Z</time>
</trkpt>
<trkpt lat="47.6350611" lon="7.1078260">
	<ele>302.60</ele>
	<time>1970-01-01T00:00:00.000Z</time>
</trkpt>
<trkpt lat="47.6354875" lon="7.1088388">
	<ele>302.50</ele>
	<time>1970-01-01T00:00:00.000Z</time>
</trkpt>
<trkpt lat="47.6355600" lon="7.1091776">
	<ele>302.40</ele>
	<time>1970-01-01T00:00:00.000Z</time>
</trkpt>
<trkpt lat="47.6356323" lon="7.1098518">
	<ele>301.40</ele>
	<time>1970-01-01T00:00:00.000Z</time>
</trkpt>
<trkpt lat="47.6356186" lon="7.1116313">
	<ele>298.60</ele>
	<time>1970-01-01T00:00:00.000Z</time>
</trkpt>
<trkpt lat="47.6356810" lon="7.1119613">
	<ele>298.50</ele>
	<time>1970-01-01T00:00:00.000Z</time>
</trkpt>
<trkpt lat="47.6355936" lon="7.1130259">
	<ele>298.40</ele>
	<time>1970-01-01T00:00:00.000Z</time>
</trkpt>
<trkpt lat="47.6356392" lon="7.1136698">
	<ele>298.70</ele>
	<time>1970-01-01T00:00:00.000Z</time>
</trkpt>
<trkpt lat="47.6355704" lon="7.1144636">
	<ele>298.90</ele>
	<time>1970-01-01T00:00:00.000Z</time>
</trkpt>
<trkpt lat="47.6355703" lon="7.1154013">
	<ele>298.50</ele>
	<time>1970-01-01T00:00:00.000Z</time>
</trkpt>
<trkpt lat="47.6356173" lon="7.1156510">
	<ele>298.70</ele>
	<time>1970-01-01T00:00:00.000Z</time>
</trkpt>
<trkpt lat="47.6357185" lon="7.1158061">
	<ele>298.80</ele>
	<time>1970-01-01T00:00:00.000Z</time>
</trkpt>
<trkpt lat="47.6371362" lon="7.1173642">
	<ele>295.60</ele>
	<time>1970-01-01T00:00:00.000Z</time>
</trkpt>
<trkpt lat="47.6373918" lon="7.1177206">
	<ele>294.60</ele>
	<time>1970-01-01T00:00:00.000Z</time>
</trkpt>
<trkpt lat="47.6402205" lon="7.1210231">
	<ele>293.40</ele>
	<time>1970-01-01T00:00:00.000Z</time>
</trkpt>
<trkpt lat="47.6410481" lon="7.1219299">
	<ele>294.30</ele>
	<time>1970-01-01T00:00:00.000Z</time>
</trkpt>
<trkpt lat="47.6411903" lon="7.1221961">
	<ele>293.60</ele>
	<time>1970-01-01T00:00:00.000Z</time>
</trkpt>
<trkpt lat="47.6418237" lon="7.1228795">
	<ele>291.90</ele>
	<time>1970-01-01T00:00:00.000Z</time>
</trkpt>
<trkpt lat="47.6455582" lon="7.1272029">
	<ele>290.60</ele>
	<time>1970-01-01T00:00:00.000Z</time>
</trkpt>
<trkpt lat="47.6458145" lon="7.1274412">
	<ele>290.70</ele>
	<time>1970-01-01T00:00:00.000Z</time>
</trkpt>
<trkpt lat="47.6460664" lon="7.1278495">
	<ele>290.60</ele>
	<time>1970-01-01T00:00:00.000Z</time>
</trkpt>
<trkpt lat="47.6467679" lon="7.1286349">
	<ele>289.70</ele>
	<time>1970-01-01T00:00:00.000Z</time>
</trkpt>
<trkpt lat="47.6472271" lon="7.1292569">
	<ele>288.20</ele>
	<time>1970-01-01T00:00:00.000Z</time>
</trkpt>
<trkpt lat="47.6474101" lon="7.1295711">
	<ele>288.50</ele>
	<time>1970-01-01T00:00:00.000Z</time>
</trkpt>
<trkpt lat="47.6478111" lon="7.1305540">
	<ele>288.80</ele>
	<time>1970-01-01T00:00:00.000Z</time>
</trkpt>
<trkpt lat="47.6479860" lon="7.1311886">
	<ele>288.40</ele>
	<time>1970-01-01T00:00:00.000Z</time>
</trkpt>
<trkpt lat="47.6487214" lon="7.1349168">
	<ele>287.00</ele>
	<time>1970-01-01T00:00:00.000Z</time>
</trkpt>
<trkpt lat="47.6497835" lon="7.1405653">
	<ele>285.30</ele>
	<time>1970-01-01T00:00:00.000Z</time>
</trkpt>
<trkpt lat="47.6500890" lon="7.1424096">
	<ele>281.90</ele>
	<time>1970-01-01T00:00:00.000Z</time>
</trkpt>
<trkpt lat="47.6503986" lon="7.1440442">
	<ele>281.50</ele>
	<time>1970-01-01T00:00:00.000Z</time>
</trkpt>
<trkpt lat="47.6509323" lon="7.1468255">
	<ele>280.80</ele>
	<time>1970-01-01T00:00:00.000Z</time>
</trkpt>
<trkpt lat="47.6510290" lon="7.1471010">
	<ele>280.20</ele>
	<time>1970-01-01T00:00:00.000Z</time>
</trkpt>
<trkpt lat="47.6514517" lon="7.1495114">
	<ele>282.20</ele>
	<time>1970-01-01T00:00:00.000Z</time>
</trkpt>
<trkpt lat="47.6530919" lon="7.1580898">
	<ele>281.10</ele>
	<time>1970-01-01T00:00:00.000Z</time>
</trkpt>
<trkpt lat="47.6533145" lon="7.1591376">
	<ele>280.20</ele>
	<time>1970-01-01T00:00:00.000Z</time>
</trkpt>
<trkpt lat="47.6533551" lon="7.1594613">
	<ele>279.80</ele>
	<time>1970-01-01T00:00:00.000Z</time>
</trkpt>
<trkpt lat="47.6534468" lon="7.1599154">
	<ele>280.30</ele>
	<time>1970-01-01T00:00:00.000Z</time>
</trkpt>
<trkpt lat="47.6537779" lon="7.1608692">
	<ele>282.60</ele>
	<time>1970-01-01T00:00:00.000Z</time>
</trkpt>
<trkpt lat="47.6562408" lon="7.1641860">
	<ele>279.00</ele>
	<time>1970-01-01T00:00:00.000Z</time>
</trkpt>
<trkpt lat="47.6574659" lon="7.1659445">
	<ele>284.90</ele>
	<time>1970-01-01T00:00:00.000Z</time>
</trkpt>
<trkpt lat="47.6618412" lon="7.1724318">
	<ele>278.30</ele>
	<time>1970-01-01T00:00:00.000Z</time>
</trkpt>
<trkpt lat="47.6632071" lon="7.1743497">
	<ele>276.20</ele>
	<time>1970-01-01T00:00:00.000Z</time>
</trkpt>
<trkpt lat="47.6636627" lon="7.1750700">
	<ele>275.80</ele>
	<time>1970-01-01T00:00:00.000Z</time>
</trkpt>
<trkpt lat="47.6641537" lon="7.1759069">
	<ele>275.40</ele>
	<time>1970-01-01T00:00:00.000Z</time>
</trkpt>
<trkpt lat="47.6645692" lon="7.1766933">
	<ele>275.20</ele>
	<time>1970-01-01T00:00:00.000Z</time>
</trkpt>
<trkpt lat="47.6650460" lon="7.1777989">
	<ele>274.20</ele>
	<time>1970-01-01T00:00:00.000Z</time>
</trkpt>
<trkpt lat="47.6653038" lon="7.1785086">
	<ele>274.30</ele>
	<time>1970-01-01T00:00:00.000Z</time>
</trkpt>
<trkpt lat="47.6654955" lon="7.1791206">
	<ele>273.30</ele>
	<time>1970-01-01T00:00:00.000Z</time>
</trkpt>
<trkpt lat="47.6656620" lon="7.1798139">
	<ele>273.10</ele>
	<time>1970-01-01T00:00:00.000Z</time>
</trkpt>
<trkpt lat="47.6660473" lon="7.1816655">
	<ele>271.30</ele>
	<time>1970-01-01T00:00:00.000Z</time>
</trkpt>
<trkpt lat="47.6660548" lon="7.1821331">
	<ele>271.10</ele>
	<time>1970-01-01T00:00:00.000Z</time>
</trkpt>
<trkpt lat="47.6661669" lon="7.1832615">
	<ele>272.00</ele>
	<time>1970-01-01T00:00:00.000Z</time>
</trkpt>
<trkpt lat="47.6661848" lon="7.1841690">
	<ele>271.70</ele>
	<time>1970-01-01T00:00:00.000Z</time>
</trkpt>
<trkpt lat="47.6658780" lon="7.1902597">
	<ele>271.20</ele>
	<time>1970-01-01T00:00:00.000Z</time>
</trkpt>
<trkpt lat="47.6658087" lon="7.1913645">
	<ele>270.50</ele>
	<time>1970-01-01T00:00:00.000Z</time>
</trkpt>
<trkpt lat="47.6656538" lon="7.1928314">
	<ele>269.60</ele>
	<time>1970-01-01T00:00:00.000Z</time>
</trkpt>
<trkpt lat="47.6651886" lon="7.1962176">
	<ele>271.40</ele>
	<time>1970-01-01T00:00:00.000Z</time>
</trkpt>
<trkpt lat="47.6648722" lon="7.1973896">
	<ele>269.40</ele>
	<time>1970-01-01T00:00:00.000Z</time>
</trkpt>
<trkpt lat="47.6637708" lon="7.2010420">
	<ele>267.70</ele>
	<time>1970-01-01T00:00:00.000Z</time>
</trkpt>
<trkpt lat="47.6623436" lon="7.2049830">
	<ele>267.60</ele>
	<time>1970-01-01T00:00:00.000Z</time>
</trkpt>
<trkpt lat="47.6621769" lon="7.2055099">
	<ele>267.30</ele>
	<time>1970-01-01T00:00:00.000Z</time>
</trkpt>
<trkpt lat="47.6619744" lon="7.2058105">
	<ele>267.40</ele>
	<time>1970-01-01T00:00:00.000Z</time>
</trkpt>
<trkpt lat="47.6617971" lon="7.2064750">
	<ele>266.40</ele>
	<time>1970-01-01T00:00:00.000Z</time>
</trkpt>
<trkpt lat="47.6613426" lon="7.2076473">
	<ele>268.30</ele>
	<time>1970-01-01T00:00:00.000Z</time>
</trkpt>
<trkpt lat="47.6580821" lon="7.2165371">
	<ele>270.00</ele>
	<time>1970-01-01T00:00:00.000Z</time>
</trkpt>
<trkpt lat="47.6578602" lon="7.2173145">
	<ele>272.30</ele>
	<time>1970-01-01T00:00:00.000Z</time>
</trkpt>
<trkpt lat="47.6577452" lon="7.2179067">
	<ele>271.90</ele>
	<time>1970-01-01T00:00:00.000Z</time>
</trkpt>
<trkpt lat="47.6575354" lon="7.2201148">
	<ele>267.30</ele>
	<time>1970-01-01T00:00:00.000Z</time>
</trkpt>
<trkpt lat="47.6574432" lon="7.2213873">
	<ele>268.00</ele>
	<time>1970-01-01T00:00:00.000Z</time>
</trkpt>
<trkpt lat="47.6574575" lon="7.2218545">
	<ele>267.70</ele>
	<time>1970-01-01T00:00:00.000Z</time>
</trkpt>
<trkpt lat="47.6573923" lon="7.2228760">
	<ele>265.80</ele>
	<time>1970-01-01T00:00:00.000Z</time>
</trkpt>
<trkpt lat="47.6574080" lon="7.2236727">
	<ele>264.40</ele>
	<time>1970-01-01T00:00:00.000Z</time>
</trkpt>
<trkpt lat="47.6575066" lon="7.2249233">
	<ele>263.40</ele>
	<time>1970-01-01T00:00:00.000Z</time>
</trkpt>
<trkpt lat="47.6574906" lon="7.2255296">
	<ele>263.70</ele>
	<time>1970-01-01T00:00:00.000Z</time>
</trkpt>
<trkpt lat="47.6575401" lon="7.2279314">
	<ele>264.30</ele>
	<time>1970-01-01T00:00:00.000Z</time>
</trkpt>
<trkpt lat="47.6576287" lon="7.2301942">
	<ele>264.10</ele>
	<time>1970-01-01T00:00:00.000Z</time>
</trkpt>
<trkpt lat="47.6577306" lon="7.2308967">
	<ele>263.80</ele>
	<time>1970-01-01T00:00:00.000Z</time>
</trkpt>
<trkpt lat="47.6579141" lon="7.2314606">
	<ele>263.30</ele>
	<time>1970-01-01T00:00:00.000Z</time>
</trkpt>
<trkpt lat="47.6587841" lon="7.2333580">
	<ele>263.00</ele>
	<time>1970-01-01T00:00:00.000Z</time>
</trkpt>
<trkpt lat="47.6590740" lon="7.2338751">
	<ele>262.00</ele>
	<time>1970-01-01T00:00:00.000Z</time>
</trkpt>
<trkpt lat="47.6591980" lon="7.2343535">
	<ele>261.50</ele>
	<time>1970-01-01T00:00:00.000Z</time>
</trkpt>
<trkpt lat="47.6596228" lon="7.2351797">
	<ele>261.00</ele>
	<time>1970-01-01T00:00:00.000Z</time>
</trkpt>
<trkpt lat="47.6610326" lon="7.2383619">
	<ele>261.00</ele>
	<time>1970-01-01T00:00:00.000Z</time>
</trkpt>
<trkpt lat="47.6625568" lon="7.2416714">
	<ele>260.10</ele>
	<time>1970-01-01T00:00:00.000Z</time>
</trkpt>
<trkpt lat="47.6630364" lon="7.2426983">
	<ele>260.10</ele>
	<time>1970-01-01T00:00:00.000Z</time>
</trkpt>
<trkpt lat="47.6633305" lon="7.2431673">
	<ele>260.00</ele>
	<time>1970-01-01T00:00:00.000Z</time>
</trkpt>
<trkpt lat="47.6634324" lon="7.2436309">
	<ele>260.20</ele>
	<time>1970-01-01T00:00:00.000Z</time>
</trkpt>
<trkpt lat="47.6638168" lon="7.2442780">
	<ele>260.10</ele>
	<time>1970-01-01T00:00:00.000Z</time>
</trkpt>
<trkpt lat="47.6647767" lon="7.2460876">
	<ele>259.00</ele>
	<time>1970-01-01T00:00:00.000Z</time>
</trkpt>
<trkpt lat="47.6653921" lon="7.2470859">
	<ele>258.90</ele>
	<time>1970-01-01T00:00:00.000Z</time>
</trkpt>
<trkpt lat="47.6694946" lon="7.2533298">
	<ele>256.80</ele>
	<time>1970-01-01T00:00:00.000Z</time>
</trkpt>
<trkpt lat="47.6707983" lon="7.2552105">
	<ele>256.80</ele>
	<time>1970-01-01T00:00:00.000Z</time>
</trkpt>
<trkpt lat="47.6709290" lon="7.2555295">
	<ele>257.00</ele>
	<time>1970-01-01T00:00:00.000Z</time>
</trkpt>
<trkpt lat="47.6712586" lon="7.2560609">
	<ele>256.70</ele>
	<time>1970-01-01T00:00:00.000Z</time>
</trkpt>
<trkpt lat="47.6735462" lon="7.2594815">
	<ele>256.30</ele>
	<time>1970-01-01T00:00:00.000Z</time>
</trkpt>
<trkpt lat="47.6737393" lon="7.2598027">
	<ele>256.20</ele>
	<time>1970-01-01T00:00:00.000Z</time>
</trkpt>
<trkpt lat="47.6738474" lon="7.2601961">
	<ele>256.20</ele>
	<time>1970-01-01T00:00:00.000Z</time>
</trkpt>
<trkpt lat="47.6747337" lon="7.2612329">
	<ele>256.00</ele>
	<time>1970-01-01T00:00:00.000Z</time>
</trkpt>
<trkpt lat="47.6749008" lon="7.2615420">
	<ele>256.00</ele>
	<time>1970-01-01T00:00:00.000Z</time>
</trkpt>
<trkpt lat="47.6749306" lon="7.2618316">
	<ele>256.00</ele>
	<time>1970-01-01T00:00:00.000Z</time>
</trkpt>
<trkpt lat="47.6749603" lon="7.2618854">
	<ele>255.70</ele>
	<time>1970-01-01T00:00:00.000Z</time>
</trkpt>
<trkpt lat="47.6750474" lon="7.2620101">
	<ele>255.70</ele>
	<time>1970-01-01T00:00:00.000Z</time>
</trkpt>
<trkpt lat="47.6752385" lon="7.2620804">
	<ele>255.60</ele>
	<time>1970-01-01T00:00:00.000Z</time>
</trkpt>
<trkpt lat="47.6752858" lon="7.2621498">
	<ele>255.10</ele>
	<time>1970-01-01T00:00:00.000Z</time>
</trkpt>
<trkpt lat="47.6789573" lon="7.2677644">
	<ele>255.80</ele>
	<time>1970-01-01T00:00:00.000Z</time>
</trkpt>
<trkpt lat="47.6827652" lon="7.2735099">
	<ele>253.60</ele>
	<time>1970-01-01T00:00:00.000Z</time>
</trkpt>
<trkpt lat="47.6833955" lon="7.2743684">
	<ele>253.20</ele>
	<time>1970-01-01T00:00:00.000Z</time>
</trkpt>
<trkpt lat="47.6838605" lon="7.2752026">
	<ele>254.00</ele>
	<time>1970-01-01T00:00:00.000Z</time>
</trkpt>
<trkpt lat="47.6843455" lon="7.2759782">
	<ele>253.80</ele>
	<time>1970-01-01T00:00:00.000Z</time>
</trkpt>
<trkpt lat="47.6863845" lon="7.2790700">
	<ele>251.90</ele>
	<time>1970-01-01T00:00:00.000Z</time>
</trkpt>
<trkpt lat="47.6868639" lon="7.2796961">
	<ele>246.00</ele>
	<time>1970-01-01T00:00:00.000Z</time>
</trkpt>
<trkpt lat="47.6876864" lon="7.2805664">
	<ele>244.30</ele>
	<time>1970-01-01T00:00:00.000Z</time>
</trkpt>
<trkpt lat="47.6886845" lon="7.2812647">
	<ele>247.00</ele>
	<time>1970-01-01T00:00:00.000Z</time>
</trkpt>
<trkpt lat="47.6902906" lon="7.2821732">
	<ele>245.10</ele>
	<time>1970-01-01T00:00:00.000Z</time>
</trkpt>
<trkpt lat="47.6907370" lon="7.2824687">
	<ele>247.30</ele>
	<time>1970-01-01T00:00:00.000Z</time>
</trkpt>
<trkpt lat="47.6915102" lon="7.2831676">
	<ele>251.10</ele>
	<time>1970-01-01T00:00:00.000Z</time>
</trkpt>
<trkpt lat="47.6921663" lon="7.2839055">
	<ele>252.70</ele>
	<time>1970-01-01T00:00:00.000Z</time>
</trkpt>
<trkpt lat="47.6925143" lon="7.2844358">
	<ele>253.00</ele>
	<time>1970-01-01T00:00:00.000Z</time>
</trkpt>
<trkpt lat="47.6926070" lon="7.2846328">
	<ele>253.00</ele>
	<time>1970-01-01T00:00:00.000Z</time>
</trkpt>
<trkpt lat="47.6928113" lon="7.2855514">
	<ele>253.60</ele>
	<time>1970-01-01T00:00:00.000Z</time>
</trkpt>
<trkpt lat="47.6930284" lon="7.2860291">
	<ele>252.80</ele>
	<time>1970-01-01T00:00:00.000Z</time>
</trkpt>
<trkpt lat="47.6937543" lon="7.2868412">
	<ele>249.60</ele>
	<time>1970-01-01T00:00:00.000Z</time>
</trkpt>
<trkpt lat="47.6942725" lon="7.2873013">
	<ele>250.30</ele>
	<time>1970-01-01T00:00:00.000Z</time>
</trkpt>
<trkpt lat="47.6944026" lon="7.2874705">
	<ele>250.30</ele>
	<time>1970-01-01T00:00:00.000Z</time>
</trkpt>
<trkpt lat="47.6965570" lon="7.2909701">
	<ele>249.30</ele>
	<time>1970-01-01T00:00:00.000Z</time>
</trkpt>
<trkpt lat="47.6967568" lon="7.2914239">
	<ele>249.10</ele>
	<time>1970-01-01T00:00:00.000Z</time>
</trkpt>
<trkpt lat="47.6969542" lon="7.2923715">
	<ele>248.70</ele>
	<time>1970-01-01T00:00:00.000Z</time>
</trkpt>
<trkpt lat="47.6974023" lon="7.2956964">
	<ele>250.30</ele>
	<time>1970-01-01T00:00:00.000Z</time>
</trkpt>
<trkpt lat="47.6976532" lon="7.2965742">
	<ele>251.10</ele>
	<time>1970-01-01T00:00:00.000Z</time>
</trkpt>
<trkpt lat="47.6978586" lon="7.2970404">
	<ele>251.40</ele>
	<time>1970-01-01T00:00:00.000Z</time>
</trkpt>
<trkpt lat="47.6989845" lon="7.2989167">
	<ele>252.40</ele>
	<time>1970-01-01T00:00:00.000Z</time>
</trkpt>
<trkpt lat="47.6990726" lon="7.2990031">
	<ele>252.90</ele>
	<time>1970-01-01T00:00:00.000Z</time>
</trkpt>
<trkpt lat="47.7002472" lon="7.3010469">
	<ele>247.90</ele>
	<time>1970-01-01T00:00:00.000Z</time>
</trkpt>
<trkpt lat="47.7056910" lon="7.3100614">
	<ele>246.30</ele>
	<time>1970-01-01T00:00:00.000Z</time>
</trkpt>
<trkpt lat="47.7058776" lon="7.3101610">
	<ele>246.40</ele>
	<time>1970-01-01T00:00:00.000Z</time>
</trkpt>
<trkpt lat="47.7103751" lon="7.3114110">
	<ele>245.90</ele>
	<time>1970-01-01T00:00:00.000Z</time>
</trkpt>
<trkpt lat="47.7105759" lon="7.3115634">
	<ele>246.20</ele>
	<time>1970-01-01T00:00:00.000Z</time>
</trkpt>
<trkpt lat="47.7106289" lon="7.3111678">
	<ele>245.40</ele>
	<time>1970-01-01T00:00:00.000Z</time>
</trkpt>
<trkpt lat="47.7107636" lon="7.3111804">
	<ele>245.30</ele>
	<time>1970-01-01T00:00:00.000Z</time>
</trkpt>
<trkpt lat="47.7158056" lon="7.3126183">
	<ele>243.10</ele>
	<time>1970-01-01T00:00:00.000Z</time>
</trkpt>
<trkpt lat="47.7187962" lon="7.3135333">
	<ele>242.40</ele>
	<time>1970-01-01T00:00:00.000Z</time>
</trkpt>
<trkpt lat="47.7193200" lon="7.3135900">
	<ele>242.10</ele>
	<time>1970-01-01T00:00:00.000Z</time>
</trkpt>
<trkpt lat="47.7203321" lon="7.3138945">
	<ele>242.50</ele>
	<time>1970-01-01T00:00:00.000Z</time>
</trkpt>
<trkpt lat="47.7203683" lon="7.3139631">
	<ele>242.50</ele>
	<time>1970-01-01T00:00:00.000Z</time>
</trkpt>
<trkpt lat="47.7209399" lon="7.3142582">
	<ele>242.70</ele>
	<time>1970-01-01T00:00:00.000Z</time>
</trkpt>
<trkpt lat="47.7213570" lon="7.3145753">
	<ele>242.20</ele>
	<time>1970-01-01T00:00:00.000Z</time>
</trkpt>
<trkpt lat="47.7293000" lon="7.3220976">
	<ele>241.20</ele>
	<time>1970-01-01T00:00:00.000Z</time>
</trkpt>
<trkpt lat="47.7293973" lon="7.3220556">
	<ele>240.80</ele>
	<time>1970-01-01T00:00:00.000Z</time>
</trkpt>
<trkpt lat="47.7302578" lon="7.3227696">
	<ele>239.00</ele>
	<time>1970-01-01T00:00:00.000Z</time>
</trkpt>
<trkpt lat="47.7303033" lon="7.3228926">
	<ele>239.00</ele>
	<time>1970-01-01T00:00:00.000Z</time>
</trkpt>
<trkpt lat="47.7307366" lon="7.3233272">
	<ele>239.60</ele>
	<time>1970-01-01T00:00:00.000Z</time>
</trkpt>
<trkpt lat="47.7321066" lon="7.3246257">
	<ele>240.80</ele>
	<time>1970-01-01T00:00:00.000Z</time>
</trkpt>
<trkpt lat="47.7324448" lon="7.3249028">
	<ele>240.50</ele>
	<time>1970-01-01T00:00:00.000Z</time>
</trkpt>
<trkpt lat="47.7342222" lon="7.3266424">
	<ele>239.80</ele>
	<time>1970-01-01T00:00:00.000Z</time>
</trkpt>
<trkpt lat="47.7348468" lon="7.3270114">
	<ele>239.60</ele>
	<time>1970-01-01T00:00:00.000Z</time>
</trkpt>
<trkpt lat="47.7350546" lon="7.3271877">
	<ele>238.60</ele>
	<time>1970-01-01T00:00:00.000Z</time>
</trkpt>
<trkpt lat="47.7352973" lon="7.3274553">
	<ele>238.00</ele>
	<time>1970-01-01T00:00:00.000Z</time>
</trkpt>
<trkpt lat="47.7356474" lon="7.3282123">
	<ele>239.00</ele>
	<time>1970-01-01T00:00:00.000Z</time>
</trkpt>
<trkpt lat="47.7365410" lon="7.3297877">
	<ele>238.30</ele>
	<time>1970-01-01T00:00:00.000Z</time>
</trkpt>
<trkpt lat="47.7366343" lon="7.3300482">
	<ele>238.50</ele>
	<time>1970-01-01T00:00:00.000Z</time>
</trkpt>
<trkpt lat="47.7367222" lon="7.3305041">
	<ele>238.50</ele>
	<time>1970-01-01T00:00:00.000Z</time>
</trkpt>
<trkpt lat="47.7368220" lon="7.3308476">
	<ele>238.90</ele>
	<time>1970-01-01T00:00:00.000Z</time>
</trkpt>
<trkpt lat="47.7365288" lon="7.3310315">
	<ele>239.40</ele>
	<time>1970-01-01T00:00:00.000Z</time>
</trkpt>
<trkpt lat="47.7361347" lon="7.3302853">
	<ele>237.50</ele>
	<time>1970-01-01T00:00:00.000Z</time>
</trkpt>
<trkpt lat="47.7361792" lon="7.3302441">
	<ele>237.50</ele>
	<time>1970-01-01T00:00:00.000Z</time>
</trkpt>
<trkpt lat="47.7364382" lon="7.3306679">
	<ele>238.90</ele>
	<time>1970-01-01T00:00:00.000Z</time>
</trkpt>
<trkpt lat="47.7366200" lon="7.3308300">
	<ele>238.90</ele>
	<time>1970-01-01T00:00:00.000Z</time>
</trkpt>
<trkpt lat="47.7370209" lon="7.3314679">
	<ele>240.50</ele>
	<time>1970-01-01T00:00:00.000Z</time>
</trkpt>
<trkpt lat="47.7388413" lon="7.3349612">
	<ele>240.40</ele>
	<time>1970-01-01T00:00:00.000Z</time>
</trkpt>
<trkpt lat="47.7389070" lon="7.3351957">
	<ele>240.60</ele>
	<time>1970-01-01T00:00:00.000Z</time>
</trkpt>
<trkpt lat="47.7394459" lon="7.3362087">
	<ele>241.60</ele>
	<time>1970-01-01T00:00:00.000Z</time>
</trkpt>
<trkpt lat="47.7395101" lon="7.3362115">
	<ele>242.00</ele>
	<time>1970-01-01T00:00:00.000Z</time>
</trkpt>
<trkpt lat="47.7420104" lon="7.3408823">
	<ele>239.30</ele>
	<time>1970-01-01T00:00:00.000Z</time>
</trkpt>
<trkpt lat="47.7427026" lon="7.3422560">
	<ele>239.60</ele>
	<time>1970-01-01T00:00:00.000Z</time>
</trkpt>
</trkseg>
</trk>
</gpx>
