<?xml version="1.0" encoding="utf-8" standalone="yes"?>
<gpx version="1.1" creator="Locus Map, Android"
 xmlns="http://www.topografix.com/GPX/1/1"
 xmlns:xsi="http://www.w3.org/2001/XMLSchema-instance"
 xsi:schemaLocation="http://www.topografix.com/GPX/1/1 http://www.topografix.com/GPX/1/1/gpx.xsd"
 xmlns:gpxx="http://www.garmin.com/xmlschemas/GpxExtensions/v3"
 xmlns:gpxtrkx="http://www.garmin.com/xmlschemas/TrackStatsExtension/v1"
 xmlns:gpxtpx="http://www.garmin.com/xmlschemas/TrackPointExtension/v2"
 xmlns:locus="https://www.locusmap.app">
	<metadata>
		<desc>File with points/tracks from Locus Map/4.35.0</desc>
		<time>2026-08-17T06:09:51.983Z</time>
	</metadata>
<trk>
	<name>EuroVelo6.04.Frankreich.OrbeyIllfurth.Connector</name>
	<extensions>
		<line xmlns="http://www.topografix.com/GPX/gpx_style/0/2">
			<color>D700D7</color>
			<opacity>0.70</opacity>
			<width>5.0</width>
			<extensions>
				<locus:lsColorBase>#B3D700D7</locus:lsColorBase>
				<locus:lsSymbol>ARROW_2</locus:lsSymbol>
				<locus:lsColorSymbol>#FFFFFFFF</locus:lsColorSymbol>
				<locus:lsWidth>5.0</locus:lsWidth>
				<locus:lsUnits>PIXELS</locus:lsUnits>
				<locus:lsColorOutline>#FFD700D7</locus:lsColorOutline>
			</extensions>
		</line>
		<locus:activity>cycling</locus:activity>
		<locus:rteComputeType>103</locus:rteComputeType>
	</extensions>
<trkseg>
<trkpt lat="48.1262436" lon="7.1644931">
	<ele>473.85</ele>
	<time>1970-01-01T00:00:00.000Z</time>
</trkpt>
<trkpt lat="48.1262169" lon="7.1647868">
	<ele>472.89</ele>
	<time>1970-01-01T00:00:03.089Z</time>
</trkpt>
<trkpt lat="48.1262321" lon="7.1649241">
	<ele>472.81</ele>
	<time>1970-01-01T00:00:04.375Z</time>
</trkpt>
<trkpt lat="48.1262512" lon="7.1649861">
	<ele>472.60</ele>
	<time>1970-01-01T00:00:04.995Z</time>
</trkpt>
<trkpt lat="48.1262894" lon="7.1650581">
	<ele>472.14</ele>
	<time>1970-01-01T00:00:05.832Z</time>
</trkpt>
<trkpt lat="48.1263924" lon="7.1651921">
	<ele>471.23</ele>
	<time>1970-01-01T00:00:07.444Z</time>
</trkpt>
<trkpt lat="48.1264610" lon="7.1653018">
	<ele>470.77</ele>
	<time>1970-01-01T00:00:08.579Z</time>
</trkpt>
<trkpt lat="48.1265831" lon="7.1655030">
	<ele>469.76</ele>
	<time>1970-01-01T00:00:11.873Z</time>
</trkpt>
<trkpt lat="48.1266861" lon="7.1656342">
	<ele>468.59</ele>
	<time>1970-01-01T00:00:13.944Z</time>
</trkpt>
<trkpt lat="48.1267662" lon="7.1657009">
	<ele>467.97</ele>
	<time>1970-01-01T00:00:15.278Z</time>
</trkpt>
<trkpt lat="48.1269569" lon="7.1658931">
	<ele>466.77</ele>
	<time>1970-01-01T00:00:18.522Z</time>
</trkpt>
<trkpt lat="48.1270065" lon="7.1659398">
	<ele>466.67</ele>
	<time>1970-01-01T00:00:19.431Z</time>
</trkpt>
<trkpt lat="48.1270256" lon="7.1659589">
	<ele>466.65</ele>
	<time>1970-01-01T00:00:19.694Z</time>
</trkpt>
<trkpt lat="48.1270676" lon="7.1660032">
	<ele>466.67</ele>
	<time>1970-01-01T00:00:20.488Z</time>
</trkpt>
<trkpt lat="48.1271324" lon="7.1660528">
	<ele>466.85</ele>
	<time>1970-01-01T00:00:21.506Z</time>
</trkpt>
<trkpt lat="48.1274796" lon="7.1664219">
	<ele>466.89</ele>
	<time>1970-01-01T00:00:27.431Z</time>
</trkpt>
<trkpt lat="48.1278038" lon="7.1667309">
	<ele>464.79</ele>
	<time>1970-01-01T00:00:31.337Z</time>
</trkpt>
<trkpt lat="48.1279144" lon="7.1668339">
	<ele>464.17</ele>
	<time>1970-01-01T00:00:32.690Z</time>
</trkpt>
<trkpt lat="48.1282883" lon="7.1670780">
	<ele>462.61</ele>
	<time>1970-01-01T00:00:36.290Z</time>
</trkpt>
<trkpt lat="48.1284294" lon="7.1671891">
	<ele>461.73</ele>
	<time>1970-01-01T00:00:37.739Z</time>
</trkpt>
<trkpt lat="48.1285019" lon="7.1672740">
	<ele>461.21</ele>
	<time>1970-01-01T00:00:38.547Z</time>
</trkpt>
<trkpt lat="48.1285553" lon="7.1673369">
	<ele>461.04</ele>
	<time>1970-01-01T00:00:39.201Z</time>
</trkpt>
<trkpt lat="48.1287651" lon="7.1675668">
	<ele>460.84</ele>
	<time>1970-01-01T00:00:41.521Z</time>
</trkpt>
<trkpt lat="48.1289062" lon="7.1677251">
	<ele>459.22</ele>
	<time>1970-01-01T00:00:43.121Z</time>
</trkpt>
<trkpt lat="48.1291161" lon="7.1679468">
	<ele>458.27</ele>
	<time>1970-01-01T00:00:45.361Z</time>
</trkpt>
<trkpt lat="48.1295395" lon="7.1684108">
	<ele>455.47</ele>
	<time>1970-01-01T00:00:50.001Z</time>
</trkpt>
<trkpt lat="48.1298714" lon="7.1688099">
	<ele>453.65</ele>
	<time>1970-01-01T00:00:53.761Z</time>
</trkpt>
<trkpt lat="48.1300087" lon="7.1689510">
	<ele>452.84</ele>
	<time>1970-01-01T00:00:55.334Z</time>
</trkpt>
<trkpt lat="48.1301346" lon="7.1690621">
	<ele>451.86</ele>
	<time>1970-01-01T00:00:56.681Z</time>
</trkpt>
<trkpt lat="48.1302490" lon="7.1691451">
	<ele>451.15</ele>
	<time>1970-01-01T00:00:57.864Z</time>
</trkpt>
<trkpt lat="48.1306992" lon="7.1694841">
	<ele>448.95</ele>
	<time>1970-01-01T00:01:02.344Z</time>
</trkpt>
<trkpt lat="48.1308022" lon="7.1695690">
	<ele>448.69</ele>
	<time>1970-01-01T00:01:03.437Z</time>
</trkpt>
<trkpt lat="48.1309433" lon="7.1697268">
	<ele>447.59</ele>
	<time>1970-01-01T00:01:05.004Z</time>
</trkpt>
<trkpt lat="48.1310463" lon="7.1698828">
	<ele>446.59</ele>
	<time>1970-01-01T00:01:06.309Z</time>
</trkpt>
<trkpt lat="48.1311836" lon="7.1701121">
	<ele>446.02</ele>
	<time>1970-01-01T00:01:08.186Z</time>
</trkpt>
<trkpt lat="48.1316109" lon="7.1708441">
	<ele>442.20</ele>
	<time>1970-01-01T00:01:13.946Z</time>
</trkpt>
<trkpt lat="48.1316833" lon="7.1709490">
	<ele>441.58</ele>
	<time>1970-01-01T00:01:15.249Z</time>
</trkpt>
<trkpt lat="48.1317902" lon="7.1710601">
	<ele>441.11</ele>
	<time>1970-01-01T00:01:16.995Z</time>
</trkpt>
<trkpt lat="48.1320763" lon="7.1712809">
	<ele>440.97</ele>
	<time>1970-01-01T00:01:21.154Z</time>
</trkpt>
<trkpt lat="48.1323090" lon="7.1714659">
	<ele>439.53</ele>
	<time>1970-01-01T00:01:23.927Z</time>
</trkpt>
<trkpt lat="48.1325035" lon="7.1715989">
	<ele>438.99</ele>
	<time>1970-01-01T00:01:25.847Z</time>
</trkpt>
<trkpt lat="48.1326447" lon="7.1716809">
	<ele>438.55</ele>
	<time>1970-01-01T00:01:27.207Z</time>
</trkpt>
<trkpt lat="48.1330757" lon="7.1719160">
	<ele>436.97</ele>
	<time>1970-01-01T00:01:31.287Z</time>
</trkpt>
<trkpt lat="48.1331978" lon="7.1719761">
	<ele>436.46</ele>
	<time>1970-01-01T00:01:32.407Z</time>
</trkpt>
<trkpt lat="48.1333351" lon="7.1720381">
	<ele>436.03</ele>
	<time>1970-01-01T00:01:33.687Z</time>
</trkpt>
<trkpt lat="48.1340332" lon="7.1722498">
	<ele>431.80</ele>
	<time>1970-01-01T00:01:42.130Z</time>
</trkpt>
<trkpt lat="48.1341896" lon="7.1723099">
	<ele>430.92</ele>
	<time>1970-01-01T00:01:44.495Z</time>
</trkpt>
<trkpt lat="48.1344032" lon="7.1723890">
	<ele>430.42</ele>
	<time>1970-01-01T00:01:48.167Z</time>
</trkpt>
<trkpt lat="48.1345558" lon="7.1724739">
	<ele>430.08</ele>
	<time>1970-01-01T00:01:52.273Z</time>
</trkpt>
<trkpt lat="48.1346779" lon="7.1725688">
	<ele>428.26</ele>
	<time>1970-01-01T00:01:55.989Z</time>
</trkpt>
<trkpt lat="48.1348343" lon="7.1727238">
	<ele>429.24</ele>
	<time>1970-01-01T00:02:00.568Z</time>
</trkpt>
<trkpt lat="48.1349373" lon="7.1728640">
	<ele>428.92</ele>
	<time>1970-01-01T00:02:02.854Z</time>
</trkpt>
<trkpt lat="48.1349983" lon="7.1729960">
	<ele>426.92</ele>
	<time>1970-01-01T00:02:04.045Z</time>
</trkpt>
<trkpt lat="48.1350822" lon="7.1732559">
	<ele>425.85</ele>
	<time>1970-01-01T00:02:05.800Z</time>
</trkpt>
<trkpt lat="48.1351776" lon="7.1735902">
	<ele>425.79</ele>
	<time>1970-01-01T00:02:07.960Z</time>
</trkpt>
<trkpt lat="48.1352501" lon="7.1737838">
	<ele>426.40</ele>
	<time>1970-01-01T00:02:09.320Z</time>
</trkpt>
<trkpt lat="48.1353035" lon="7.1738830">
	<ele>426.44</ele>
	<time>1970-01-01T00:02:10.120Z</time>
</trkpt>
<trkpt lat="48.1353836" lon="7.1739998">
	<ele>426.56</ele>
	<time>1970-01-01T00:02:11.080Z</time>
</trkpt>
<trkpt lat="48.1355858" lon="7.1742401">
	<ele>424.84</ele>
	<time>1970-01-01T00:02:13.400Z</time>
</trkpt>
<trkpt lat="48.1358032" lon="7.1745090">
	<ele>424.80</ele>
	<time>1970-01-01T00:02:15.960Z</time>
</trkpt>
<trkpt lat="48.1360092" lon="7.1747508">
	<ele>423.86</ele>
	<time>1970-01-01T00:02:18.280Z</time>
</trkpt>
<trkpt lat="48.1361885" lon="7.1749220">
	<ele>423.44</ele>
	<time>1970-01-01T00:02:20.120Z</time>
</trkpt>
<trkpt lat="48.1365089" lon="7.1751161">
	<ele>421.55</ele>
	<time>1970-01-01T00:02:23.240Z</time>
</trkpt>
<trkpt lat="48.1366158" lon="7.1751561">
	<ele>421.22</ele>
	<time>1970-01-01T00:02:24.200Z</time>
</trkpt>
<trkpt lat="48.1367416" lon="7.1751680">
	<ele>421.01</ele>
	<time>1970-01-01T00:02:25.349Z</time>
</trkpt>
<trkpt lat="48.1371727" lon="7.1751089">
	<ele>419.94</ele>
	<time>1970-01-01T00:02:29.281Z</time>
</trkpt>
<trkpt lat="48.1373253" lon="7.1751151">
	<ele>419.66</ele>
	<time>1970-01-01T00:02:30.788Z</time>
</trkpt>
<trkpt lat="48.1374130" lon="7.1751299">
	<ele>419.49</ele>
	<time>1970-01-01T00:02:31.694Z</time>
</trkpt>
<trkpt lat="48.1375275" lon="7.1751571">
	<ele>419.26</ele>
	<time>1970-01-01T00:02:32.888Z</time>
</trkpt>
<trkpt lat="48.1376419" lon="7.1751900">
	<ele>418.54</ele>
	<time>1970-01-01T00:02:34.307Z</time>
</trkpt>
<trkpt lat="48.1379051" lon="7.1752882">
	<ele>417.12</ele>
	<time>1970-01-01T00:02:38.792Z</time>
</trkpt>
<trkpt lat="48.1380768" lon="7.1753860">
	<ele>416.24</ele>
	<time>1970-01-01T00:02:41.855Z</time>
</trkpt>
<trkpt lat="48.1382141" lon="7.1755161">
	<ele>415.67</ele>
	<time>1970-01-01T00:02:44.101Z</time>
</trkpt>
<trkpt lat="48.1383171" lon="7.1756482">
	<ele>415.92</ele>
	<time>1970-01-01T00:02:45.538Z</time>
</trkpt>
<trkpt lat="48.1383896" lon="7.1757641">
	<ele>415.41</ele>
	<time>1970-01-01T00:02:46.592Z</time>
</trkpt>
<trkpt lat="48.1389351" lon="7.1768098">
	<ele>412.70</ele>
	<time>1970-01-01T00:03:00.516Z</time>
</trkpt>
<trkpt lat="48.1393890" lon="7.1775570">
	<ele>410.82</ele>
	<time>1970-01-01T00:03:11.647Z</time>
</trkpt>
<trkpt lat="48.1395683" lon="7.1777501">
	<ele>410.03</ele>
	<time>1970-01-01T00:03:14.950Z</time>
</trkpt>
<trkpt lat="48.1397934" lon="7.1779199">
	<ele>408.74</ele>
	<time>1970-01-01T00:03:18.035Z</time>
</trkpt>
<trkpt lat="48.1402016" lon="7.1781430">
	<ele>406.43</ele>
	<time>1970-01-01T00:03:25.163Z</time>
</trkpt>
<trkpt lat="48.1408234" lon="7.1785092">
	<ele>406.03</ele>
	<time>1970-01-01T00:03:33.390Z</time>
</trkpt>
<trkpt lat="48.1409645" lon="7.1786170">
	<ele>405.32</ele>
	<time>1970-01-01T00:03:35.920Z</time>
</trkpt>
<trkpt lat="48.1411285" lon="7.1788001">
	<ele>404.42</ele>
	<time>1970-01-01T00:03:39.413Z</time>
</trkpt>
<trkpt lat="48.1412926" lon="7.1790352">
	<ele>403.00</ele>
	<time>1970-01-01T00:03:42.546Z</time>
</trkpt>
<trkpt lat="48.1414452" lon="7.1792712">
	<ele>402.20</ele>
	<time>1970-01-01T00:03:45.433Z</time>
</trkpt>
<trkpt lat="48.1415749" lon="7.1795378">
	<ele>399.86</ele>
	<time>1970-01-01T00:03:49.414Z</time>
</trkpt>
<trkpt lat="48.1416702" lon="7.1797848">
	<ele>399.54</ele>
	<time>1970-01-01T00:03:51.300Z</time>
</trkpt>
<trkpt lat="48.1417160" lon="7.1799750">
	<ele>399.03</ele>
	<time>1970-01-01T00:03:52.504Z</time>
</trkpt>
<trkpt lat="48.1418877" lon="7.1807570">
	<ele>395.89</ele>
	<time>1970-01-01T00:03:57.946Z</time>
</trkpt>
<trkpt lat="48.1420097" lon="7.1811590">
	<ele>398.94</ele>
	<time>1970-01-01T00:04:00.586Z</time>
</trkpt>
<trkpt lat="48.1420975" lon="7.1813369">
	<ele>397.25</ele>
	<time>1970-01-01T00:04:01.866Z</time>
</trkpt>
<trkpt lat="48.1422043" lon="7.1814828">
	<ele>396.46</ele>
	<time>1970-01-01T00:04:03.146Z</time>
</trkpt>
<trkpt lat="48.1423454" lon="7.1815982">
	<ele>395.90</ele>
	<time>1970-01-01T00:04:04.586Z</time>
</trkpt>
<trkpt lat="48.1431198" lon="7.1821132">
	<ele>392.49</ele>
	<time>1970-01-01T00:04:12.106Z</time>
</trkpt>
<trkpt lat="48.1432953" lon="7.1822200">
	<ele>392.14</ele>
	<time>1970-01-01T00:04:13.786Z</time>
</trkpt>
<trkpt lat="48.1435432" lon="7.1823711">
	<ele>391.28</ele>
	<time>1970-01-01T00:04:16.186Z</time>
</trkpt>
<trkpt lat="48.1438370" lon="7.1824889">
	<ele>390.15</ele>
	<time>1970-01-01T00:04:18.906Z</time>
</trkpt>
<trkpt lat="48.1440659" lon="7.1825452">
	<ele>389.93</ele>
	<time>1970-01-01T00:04:20.986Z</time>
</trkpt>
<trkpt lat="48.1441956" lon="7.1825581">
	<ele>389.79</ele>
	<time>1970-01-01T00:04:22.106Z</time>
</trkpt>
<trkpt lat="48.1444702" lon="7.1825919">
	<ele>389.01</ele>
	<time>1970-01-01T00:04:24.586Z</time>
</trkpt>
<trkpt lat="48.1445732" lon="7.1826391">
	<ele>388.56</ele>
	<time>1970-01-01T00:04:25.591Z</time>
</trkpt>
<trkpt lat="48.1447029" lon="7.1826758">
	<ele>387.97</ele>
	<time>1970-01-01T00:04:26.845Z</time>
</trkpt>
<trkpt lat="48.1447029" lon="7.1827121">
	<ele>388.01</ele>
	<time>1970-01-01T00:04:27.106Z</time>
</trkpt>
<trkpt lat="48.1447029" lon="7.1827178">
	<ele>388.01</ele>
	<time>1970-01-01T00:04:27.194Z</time>
</trkpt>
<trkpt lat="48.1446953" lon="7.1828680">
	<ele>388.11</ele>
	<time>1970-01-01T00:04:28.125Z</time>
</trkpt>
<trkpt lat="48.1447525" lon="7.1829152">
	<ele>388.21</ele>
	<time>1970-01-01T00:04:28.722Z</time>
</trkpt>
<trkpt lat="48.1450233" lon="7.1830978">
	<ele>387.88</ele>
	<time>1970-01-01T00:04:31.528Z</time>
</trkpt>
<trkpt lat="48.1452866" lon="7.1833801">
	<ele>386.89</ele>
	<time>1970-01-01T00:04:35.064Z</time>
</trkpt>
<trkpt lat="48.1455269" lon="7.1837268">
	<ele>385.80</ele>
	<time>1970-01-01T00:04:39.211Z</time>
</trkpt>
<trkpt lat="48.1457062" lon="7.1841178">
	<ele>384.14</ele>
	<time>1970-01-01T00:04:43.208Z</time>
</trkpt>
<trkpt lat="48.1458244" lon="7.1845341">
	<ele>384.02</ele>
	<time>1970-01-01T00:04:47.489Z</time>
</trkpt>
<trkpt lat="48.1460876" lon="7.1855698">
	<ele>382.17</ele>
	<time>1970-01-01T00:04:58.160Z</time>
</trkpt>
<trkpt lat="48.1462669" lon="7.1862411">
	<ele>382.11</ele>
	<time>1970-01-01T00:05:04.280Z</time>
</trkpt>
<trkpt lat="48.1463280" lon="7.1862602">
	<ele>381.30</ele>
	<time>1970-01-01T00:05:05.107Z</time>
</trkpt>
<trkpt lat="48.1464119" lon="7.1865611">
	<ele>380.20</ele>
	<time>1970-01-01T00:05:07.600Z</time>
</trkpt>
<trkpt lat="48.1464767" lon="7.1867952">
	<ele>379.41</ele>
	<time>1970-01-01T00:05:09.487Z</time>
</trkpt>
<trkpt lat="48.1466179" lon="7.1873398">
	<ele>379.05</ele>
	<time>1970-01-01T00:05:13.879Z</time>
</trkpt>
<trkpt lat="48.1466408" lon="7.1874318">
	<ele>379.02</ele>
	<time>1970-01-01T00:05:14.615Z</time>
</trkpt>
<trkpt lat="48.1466904" lon="7.1876159">
	<ele>378.95</ele>
	<time>1970-01-01T00:05:16.254Z</time>
</trkpt>
<trkpt lat="48.1468315" lon="7.1879191">
	<ele>378.54</ele>
	<time>1970-01-01T00:05:19.275Z</time>
</trkpt>
<trkpt lat="48.1470528" lon="7.1882558">
	<ele>374.27</ele>
	<time>1970-01-01T00:05:23.385Z</time>
</trkpt>
<trkpt lat="48.1471405" lon="7.1883712">
	<ele>374.49</ele>
	<time>1970-01-01T00:05:25.018Z</time>
</trkpt>
<trkpt lat="48.1472015" lon="7.1884351">
	<ele>375.40</ele>
	<time>1970-01-01T00:05:26.173Z</time>
</trkpt>
<trkpt lat="48.1474304" lon="7.1886120">
	<ele>377.51</ele>
	<time>1970-01-01T00:05:30.458Z</time>
</trkpt>
<trkpt lat="48.1475868" lon="7.1887741">
	<ele>378.64</ele>
	<time>1970-01-01T00:05:33.309Z</time>
</trkpt>
<trkpt lat="48.1476936" lon="7.1889458">
	<ele>377.86</ele>
	<time>1970-01-01T00:05:35.570Z</time>
</trkpt>
<trkpt lat="48.1477432" lon="7.1890478">
	<ele>377.19</ele>
	<time>1970-01-01T00:05:36.732Z</time>
</trkpt>
<trkpt lat="48.1477814" lon="7.1891851">
	<ele>377.01</ele>
	<time>1970-01-01T00:05:38.268Z</time>
</trkpt>
<trkpt lat="48.1479111" lon="7.1897602">
	<ele>375.12</ele>
	<time>1970-01-01T00:05:43.289Z</time>
</trkpt>
<trkpt lat="48.1479340" lon="7.1898541">
	<ele>375.01</ele>
	<time>1970-01-01T00:05:44.136Z</time>
</trkpt>
<trkpt lat="48.1479988" lon="7.1900468">
	<ele>374.88</ele>
	<time>1970-01-01T00:05:46.038Z</time>
</trkpt>
<trkpt lat="48.1480942" lon="7.1903672">
	<ele>372.85</ele>
	<time>1970-01-01T00:05:49.473Z</time>
</trkpt>
<trkpt lat="48.1481094" lon="7.1904168">
	<ele>372.36</ele>
	<time>1970-01-01T00:05:50.018Z</time>
</trkpt>
<trkpt lat="48.1482468" lon="7.1908889">
	<ele>375.29</ele>
	<time>1970-01-01T00:05:54.132Z</time>
</trkpt>
<trkpt lat="48.1483154" lon="7.1911311">
	<ele>373.63</ele>
	<time>1970-01-01T00:05:56.198Z</time>
</trkpt>
<trkpt lat="48.1483574" lon="7.1913438">
	<ele>373.01</ele>
	<time>1970-01-01T00:05:58.356Z</time>
</trkpt>
<trkpt lat="48.1483688" lon="7.1913848">
	<ele>372.71</ele>
	<time>1970-01-01T00:05:58.769Z</time>
</trkpt>
<trkpt lat="48.1484642" lon="7.1919942">
	<ele>372.71</ele>
	<time>1970-01-01T00:06:07.077Z</time>
</trkpt>
<trkpt lat="48.1485672" lon="7.1923962">
	<ele>372.08</ele>
	<time>1970-01-01T00:06:11.303Z</time>
</trkpt>
<trkpt lat="48.1486511" lon="7.1926551">
	<ele>371.27</ele>
	<time>1970-01-01T00:06:13.813Z</time>
</trkpt>
<trkpt lat="48.1486816" lon="7.1927571">
	<ele>371.65</ele>
	<time>1970-01-01T00:06:14.759Z</time>
</trkpt>
<trkpt lat="48.1487846" lon="7.1930361">
	<ele>373.03</ele>
	<time>1970-01-01T00:06:17.166Z</time>
</trkpt>
<trkpt lat="48.1488876" lon="7.1933050">
	<ele>370.96</ele>
	<time>1970-01-01T00:06:20.348Z</time>
</trkpt>
<trkpt lat="48.1492004" lon="7.1939402">
	<ele>368.59</ele>
	<time>1970-01-01T00:06:26.617Z</time>
</trkpt>
<trkpt lat="48.1495018" lon="7.1945038">
	<ele>366.47</ele>
	<time>1970-01-01T00:06:33.153Z</time>
</trkpt>
<trkpt lat="48.1499481" lon="7.1953220">
	<ele>366.71</ele>
	<time>1970-01-01T00:06:40.381Z</time>
</trkpt>
<trkpt lat="48.1500931" lon="7.1955862">
	<ele>365.44</ele>
	<time>1970-01-01T00:06:43.600Z</time>
</trkpt>
<trkpt lat="48.1502342" lon="7.1958079">
	<ele>365.53</ele>
	<time>1970-01-01T00:06:47.081Z</time>
</trkpt>
<trkpt lat="48.1504135" lon="7.1960421">
	<ele>365.64</ele>
	<time>1970-01-01T00:06:50.051Z</time>
</trkpt>
<trkpt lat="48.1506882" lon="7.1963768">
	<ele>365.26</ele>
	<time>1970-01-01T00:06:54.024Z</time>
</trkpt>
<trkpt lat="48.1509323" lon="7.1966782">
	<ele>363.80</ele>
	<time>1970-01-01T00:06:57.842Z</time>
</trkpt>
<trkpt lat="48.1511765" lon="7.1969991">
	<ele>362.96</ele>
	<time>1970-01-01T00:07:02.650Z</time>
</trkpt>
<trkpt lat="48.1516075" lon="7.1975350">
	<ele>360.61</ele>
	<time>1970-01-01T00:07:08.300Z</time>
</trkpt>
<trkpt lat="48.1519127" lon="7.1979742">
	<ele>358.04</ele>
	<time>1970-01-01T00:07:13.202Z</time>
</trkpt>
<trkpt lat="48.1527786" lon="7.1992102">
	<ele>353.40</ele>
	<time>1970-01-01T00:07:27.293Z</time>
</trkpt>
<trkpt lat="48.1530800" lon="7.1996622">
	<ele>349.72</ele>
	<time>1970-01-01T00:07:32.627Z</time>
</trkpt>
<trkpt lat="48.1532211" lon="7.1999102">
	<ele>349.84</ele>
	<time>1970-01-01T00:07:34.805Z</time>
</trkpt>
<trkpt lat="48.1533508" lon="7.2001519">
	<ele>348.83</ele>
	<time>1970-01-01T00:07:36.880Z</time>
</trkpt>
<trkpt lat="48.1534500" lon="7.2003779">
	<ele>347.84</ele>
	<time>1970-01-01T00:07:40.061Z</time>
</trkpt>
<trkpt lat="48.1538658" lon="7.2015290">
	<ele>346.82</ele>
	<time>1970-01-01T00:07:52.060Z</time>
</trkpt>
<trkpt lat="48.1541786" lon="7.2025771">
	<ele>345.74</ele>
	<time>1970-01-01T00:08:00.357Z</time>
</trkpt>
<trkpt lat="48.1542397" lon="7.2028289">
	<ele>344.15</ele>
	<time>1970-01-01T00:08:03.104Z</time>
</trkpt>
<trkpt lat="48.1542778" lon="7.2031598">
	<ele>345.66</ele>
	<time>1970-01-01T00:08:05.690Z</time>
</trkpt>
<trkpt lat="48.1543007" lon="7.2035270">
	<ele>345.05</ele>
	<time>1970-01-01T00:08:09.029Z</time>
</trkpt>
<trkpt lat="48.1542740" lon="7.2039232">
	<ele>344.08</ele>
	<time>1970-01-01T00:08:13.687Z</time>
</trkpt>
<trkpt lat="48.1541519" lon="7.2045488">
	<ele>345.42</ele>
	<time>1970-01-01T00:08:19.334Z</time>
</trkpt>
<trkpt lat="48.1537018" lon="7.2059789">
	<ele>341.94</ele>
	<time>1970-01-01T00:08:49.271Z</time>
</trkpt>
<trkpt lat="48.1533699" lon="7.2071710">
	<ele>340.12</ele>
	<time>1970-01-01T00:08:58.351Z</time>
</trkpt>
<trkpt lat="48.1533127" lon="7.2074380">
	<ele>341.60</ele>
	<time>1970-01-01T00:09:00.031Z</time>
</trkpt>
<trkpt lat="48.1532936" lon="7.2076912">
	<ele>341.22</ele>
	<time>1970-01-01T00:09:01.551Z</time>
</trkpt>
<trkpt lat="48.1532936" lon="7.2080021">
	<ele>341.06</ele>
	<time>1970-01-01T00:09:03.391Z</time>
</trkpt>
<trkpt lat="48.1533203" lon="7.2084551">
	<ele>340.09</ele>
	<time>1970-01-01T00:09:06.111Z</time>
</trkpt>
<trkpt lat="48.1533775" lon="7.2087770">
	<ele>339.64</ele>
	<time>1970-01-01T00:09:08.128Z</time>
</trkpt>
<trkpt lat="48.1534424" lon="7.2090392">
	<ele>338.72</ele>
	<time>1970-01-01T00:09:10.204Z</time>
</trkpt>
<trkpt lat="48.1535645" lon="7.2094069">
	<ele>339.60</ele>
	<time>1970-01-01T00:09:13.593Z</time>
</trkpt>
<trkpt lat="48.1542511" lon="7.2110062">
	<ele>332.85</ele>
	<time>1970-01-01T00:09:33.732Z</time>
</trkpt>
<trkpt lat="48.1548271" lon="7.2123408">
	<ele>328.96</ele>
	<time>1970-01-01T00:09:47.554Z</time>
</trkpt>
<trkpt lat="48.1549072" lon="7.2125421">
	<ele>330.37</ele>
	<time>1970-01-01T00:09:49.332Z</time>
</trkpt>
<trkpt lat="48.1550217" lon="7.2128372">
	<ele>327.30</ele>
	<time>1970-01-01T00:09:51.923Z</time>
</trkpt>
<trkpt lat="48.1551208" lon="7.2130880">
	<ele>326.20</ele>
	<time>1970-01-01T00:09:55.385Z</time>
</trkpt>
<trkpt lat="48.1552505" lon="7.2135258">
	<ele>326.90</ele>
	<time>1970-01-01T00:10:02.644Z</time>
</trkpt>
<trkpt lat="48.1554375" lon="7.2141581">
	<ele>322.49</ele>
	<time>1970-01-01T00:10:12.815Z</time>
</trkpt>
<trkpt lat="48.1559372" lon="7.2159328">
	<ele>322.75</ele>
	<time>1970-01-01T00:10:27.662Z</time>
</trkpt>
<trkpt lat="48.1560516" lon="7.2163901">
	<ele>323.29</ele>
	<time>1970-01-01T00:10:30.786Z</time>
</trkpt>
<trkpt lat="48.1561356" lon="7.2167768">
	<ele>322.43</ele>
	<time>1970-01-01T00:10:33.186Z</time>
</trkpt>
<trkpt lat="48.1562042" lon="7.2171302">
	<ele>321.43</ele>
	<time>1970-01-01T00:10:35.346Z</time>
</trkpt>
<trkpt lat="48.1562462" lon="7.2174611">
	<ele>320.91</ele>
	<time>1970-01-01T00:10:37.346Z</time>
</trkpt>
<trkpt lat="48.1562538" lon="7.2175288">
	<ele>320.88</ele>
	<time>1970-01-01T00:10:37.746Z</time>
</trkpt>
<trkpt lat="48.1562119" lon="7.2175522">
	<ele>320.81</ele>
	<time>1970-01-01T00:10:38.146Z</time>
</trkpt>
<trkpt lat="48.1561737" lon="7.2175961">
	<ele>320.79</ele>
	<time>1970-01-01T00:10:38.578Z</time>
</trkpt>
<trkpt lat="48.1561432" lon="7.2176552">
	<ele>320.85</ele>
	<time>1970-01-01T00:10:39.035Z</time>
</trkpt>
<trkpt lat="48.1561317" lon="7.2177238">
	<ele>320.92</ele>
	<time>1970-01-01T00:10:39.502Z</time>
</trkpt>
<trkpt lat="48.1561356" lon="7.2177958">
	<ele>320.94</ele>
	<time>1970-01-01T00:10:39.961Z</time>
</trkpt>
<trkpt lat="48.1561546" lon="7.2178631">
	<ele>320.92</ele>
	<time>1970-01-01T00:10:40.414Z</time>
</trkpt>
<trkpt lat="48.1561852" lon="7.2179170">
	<ele>320.90</ele>
	<time>1970-01-01T00:10:40.846Z</time>
</trkpt>
<trkpt lat="48.1562233" lon="7.2179542">
	<ele>320.87</ele>
	<time>1970-01-01T00:10:41.249Z</time>
</trkpt>
<trkpt lat="48.1562729" lon="7.2179699">
	<ele>320.81</ele>
	<time>1970-01-01T00:10:41.649Z</time>
</trkpt>
<trkpt lat="48.1563148" lon="7.2179632">
	<ele>320.76</ele>
	<time>1970-01-01T00:10:42.049Z</time>
</trkpt>
<trkpt lat="48.1563568" lon="7.2179370">
	<ele>320.72</ele>
	<time>1970-01-01T00:10:42.449Z</time>
</trkpt>
<trkpt lat="48.1563911" lon="7.2178941">
	<ele>320.69</ele>
	<time>1970-01-01T00:10:42.849Z</time>
</trkpt>
<trkpt lat="48.1564140" lon="7.2178378">
	<ele>320.68</ele>
	<time>1970-01-01T00:10:43.249Z</time>
</trkpt>
<trkpt lat="48.1564255" lon="7.2177739">
	<ele>320.74</ele>
	<time>1970-01-01T00:10:43.649Z</time>
</trkpt>
<trkpt lat="48.1564255" lon="7.2177072">
	<ele>320.84</ele>
	<time>1970-01-01T00:10:44.049Z</time>
</trkpt>
<trkpt lat="48.1564636" lon="7.2176929">
	<ele>320.53</ele>
	<time>1970-01-01T00:10:44.369Z</time>
</trkpt>
<trkpt lat="48.1566277" lon="7.2176299">
	<ele>319.32</ele>
	<time>1970-01-01T00:10:45.889Z</time>
</trkpt>
<trkpt lat="48.1567078" lon="7.2176142">
	<ele>319.17</ele>
	<time>1970-01-01T00:10:46.609Z</time>
</trkpt>
<trkpt lat="48.1568832" lon="7.2175679">
	<ele>319.58</ele>
	<time>1970-01-01T00:10:49.784Z</time>
</trkpt>
<trkpt lat="48.1570015" lon="7.2175360">
	<ele>319.79</ele>
	<time>1970-01-01T00:10:53.075Z</time>
</trkpt>
<trkpt lat="48.1570511" lon="7.2175102">
	<ele>319.48</ele>
	<time>1970-01-01T00:10:55.311Z</time>
</trkpt>
<trkpt lat="48.1570892" lon="7.2174678">
	<ele>319.29</ele>
	<time>1970-01-01T00:10:57.717Z</time>
</trkpt>
<trkpt lat="48.1570969" lon="7.2176089">
	<ele>318.78</ele>
	<time>1970-01-01T00:11:03.365Z</time>
</trkpt>
<trkpt lat="48.1570816" lon="7.2185798">
	<ele>319.17</ele>
	<time>1970-01-01T00:11:36.374Z</time>
</trkpt>
<trkpt lat="48.1570892" lon="7.2189960">
	<ele>319.14</ele>
	<time>1970-01-01T00:11:48.459Z</time>
</trkpt>
<trkpt lat="48.1571503" lon="7.2198968">
	<ele>318.01</ele>
	<time>1970-01-01T00:12:08.977Z</time>
</trkpt>
<trkpt lat="48.1572113" lon="7.2208972">
	<ele>316.65</ele>
	<time>1970-01-01T00:12:17.657Z</time>
</trkpt>
<trkpt lat="48.1572266" lon="7.2215319">
	<ele>317.76</ele>
	<time>1970-01-01T00:12:22.306Z</time>
</trkpt>
<trkpt lat="48.1572266" lon="7.2219539">
	<ele>315.03</ele>
	<time>1970-01-01T00:12:25.241Z</time>
</trkpt>
<trkpt lat="48.1572342" lon="7.2221732">
	<ele>315.16</ele>
	<time>1970-01-01T00:12:26.902Z</time>
</trkpt>
<trkpt lat="48.1572418" lon="7.2222710">
	<ele>315.06</ele>
	<time>1970-01-01T00:12:27.659Z</time>
</trkpt>
<trkpt lat="48.1573601" lon="7.2230978">
	<ele>314.93</ele>
	<time>1970-01-01T00:12:35.539Z</time>
</trkpt>
<trkpt lat="48.1574974" lon="7.2238359">
	<ele>314.19</ele>
	<time>1970-01-01T00:12:42.074Z</time>
</trkpt>
<trkpt lat="48.1575203" lon="7.2240510">
	<ele>314.68</ele>
	<time>1970-01-01T00:12:44.012Z</time>
</trkpt>
<trkpt lat="48.1575317" lon="7.2242432">
	<ele>315.14</ele>
	<time>1970-01-01T00:12:45.872Z</time>
</trkpt>
<trkpt lat="48.1575203" lon="7.2246370">
	<ele>314.65</ele>
	<time>1970-01-01T00:12:50.103Z</time>
</trkpt>
<trkpt lat="48.1575851" lon="7.2254639">
	<ele>315.12</ele>
	<time>1970-01-01T00:12:57.712Z</time>
</trkpt>
<trkpt lat="48.1575928" lon="7.2256708">
	<ele>315.57</ele>
	<time>1970-01-01T00:12:59.450Z</time>
</trkpt>
<trkpt lat="48.1575813" lon="7.2260361">
	<ele>314.62</ele>
	<time>1970-01-01T00:13:02.062Z</time>
</trkpt>
<trkpt lat="48.1575317" lon="7.2265520">
	<ele>313.00</ele>
	<time>1970-01-01T00:13:06.320Z</time>
</trkpt>
<trkpt lat="48.1574669" lon="7.2268281">
	<ele>311.49</ele>
	<time>1970-01-01T00:13:08.646Z</time>
</trkpt>
<trkpt lat="48.1572990" lon="7.2273159">
	<ele>311.32</ele>
	<time>1970-01-01T00:13:13.883Z</time>
</trkpt>
<trkpt lat="48.1571999" lon="7.2276578">
	<ele>309.20</ele>
	<time>1970-01-01T00:13:17.540Z</time>
</trkpt>
<trkpt lat="48.1571388" lon="7.2277980">
	<ele>309.83</ele>
	<time>1970-01-01T00:13:19.011Z</time>
</trkpt>
<trkpt lat="48.1570435" lon="7.2279668">
	<ele>311.10</ele>
	<time>1970-01-01T00:13:20.471Z</time>
</trkpt>
<trkpt lat="48.1569786" lon="7.2281098">
	<ele>310.49</ele>
	<time>1970-01-01T00:13:21.544Z</time>
</trkpt>
<trkpt lat="48.1569672" lon="7.2281599">
	<ele>310.10</ele>
	<time>1970-01-01T00:13:21.876Z</time>
</trkpt>
<trkpt lat="48.1569328" lon="7.2287440">
	<ele>309.65</ele>
	<time>1970-01-01T00:13:26.319Z</time>
</trkpt>
<trkpt lat="48.1569443" lon="7.2294121">
	<ele>311.92</ele>
	<time>1970-01-01T00:13:32.753Z</time>
</trkpt>
<trkpt lat="48.1569405" lon="7.2295480">
	<ele>311.86</ele>
	<time>1970-01-01T00:13:34.298Z</time>
</trkpt>
<trkpt lat="48.1569328" lon="7.2296638">
	<ele>311.51</ele>
	<time>1970-01-01T00:13:35.791Z</time>
</trkpt>
<trkpt lat="48.1569023" lon="7.2298598">
	<ele>311.76</ele>
	<time>1970-01-01T00:13:38.132Z</time>
</trkpt>
<trkpt lat="48.1567497" lon="7.2304120">
	<ele>312.07</ele>
	<time>1970-01-01T00:13:42.800Z</time>
</trkpt>
<trkpt lat="48.1567154" lon="7.2305150">
	<ele>313.21</ele>
	<time>1970-01-01T00:13:43.755Z</time>
</trkpt>
<trkpt lat="48.1565933" lon="7.2307992">
	<ele>313.13</ele>
	<time>1970-01-01T00:13:46.253Z</time>
</trkpt>
<trkpt lat="48.1564255" lon="7.2310891">
	<ele>313.64</ele>
	<time>1970-01-01T00:13:49.943Z</time>
</trkpt>
<trkpt lat="48.1563644" lon="7.2312121">
	<ele>313.24</ele>
	<time>1970-01-01T00:13:51.353Z</time>
</trkpt>
<trkpt lat="48.1561813" lon="7.2317748">
	<ele>312.55</ele>
	<time>1970-01-01T00:13:56.435Z</time>
</trkpt>
<trkpt lat="48.1561241" lon="7.2319260">
	<ele>312.10</ele>
	<time>1970-01-01T00:13:57.914Z</time>
</trkpt>
<trkpt lat="48.1560669" lon="7.2320380">
	<ele>311.86</ele>
	<time>1970-01-01T00:13:58.990Z</time>
</trkpt>
<trkpt lat="48.1559868" lon="7.2321582">
	<ele>311.45</ele>
	<time>1970-01-01T00:14:00.327Z</time>
</trkpt>
<trkpt lat="48.1558800" lon="7.2322531">
	<ele>311.34</ele>
	<time>1970-01-01T00:14:01.583Z</time>
</trkpt>
<trkpt lat="48.1558075" lon="7.2323508">
	<ele>312.24</ele>
	<time>1970-01-01T00:14:02.587Z</time>
</trkpt>
<trkpt lat="48.1555862" lon="7.2325501">
	<ele>312.38</ele>
	<time>1970-01-01T00:14:05.094Z</time>
</trkpt>
<trkpt lat="48.1554756" lon="7.2326660">
	<ele>312.30</ele>
	<time>1970-01-01T00:14:06.464Z</time>
</trkpt>
<trkpt lat="48.1553955" lon="7.2327609">
	<ele>312.40</ele>
	<time>1970-01-01T00:14:07.453Z</time>
</trkpt>
<trkpt lat="48.1553040" lon="7.2328858">
	<ele>312.17</ele>
	<time>1970-01-01T00:14:08.693Z</time>
</trkpt>
<trkpt lat="48.1552429" lon="7.2330050">
	<ele>311.71</ele>
	<time>1970-01-01T00:14:09.655Z</time>
</trkpt>
<trkpt lat="48.1551476" lon="7.2333002">
	<ele>311.98</ele>
	<time>1970-01-01T00:14:11.774Z</time>
</trkpt>
<trkpt lat="48.1550903" lon="7.2334461">
	<ele>311.62</ele>
	<time>1970-01-01T00:14:13.112Z</time>
</trkpt>
<trkpt lat="48.1550369" lon="7.2334490">
	<ele>311.25</ele>
	<time>1970-01-01T00:14:13.702Z</time>
</trkpt>
<trkpt lat="48.1548500" lon="7.2340279">
	<ele>311.83</ele>
	<time>1970-01-01T00:14:18.714Z</time>
</trkpt>
<trkpt lat="48.1547890" lon="7.2342539">
	<ele>311.40</ele>
	<time>1970-01-01T00:14:21.298Z</time>
</trkpt>
<trkpt lat="48.1546936" lon="7.2345362">
	<ele>310.94</ele>
	<time>1970-01-01T00:14:26.091Z</time>
</trkpt>
<trkpt lat="48.1545601" lon="7.2347589">
	<ele>309.95</ele>
	<time>1970-01-01T00:14:29.224Z</time>
</trkpt>
<trkpt lat="48.1542969" lon="7.2351661">
	<ele>304.81</ele>
	<time>1970-01-01T00:14:33.967Z</time>
</trkpt>
<trkpt lat="48.1540565" lon="7.2355590">
	<ele>301.16</ele>
	<time>1970-01-01T00:14:37.242Z</time>
</trkpt>
<trkpt lat="48.1538963" lon="7.2358909">
	<ele>298.92</ele>
	<time>1970-01-01T00:14:39.722Z</time>
</trkpt>
<trkpt lat="48.1538391" lon="7.2360258">
	<ele>297.23</ele>
	<time>1970-01-01T00:14:40.682Z</time>
</trkpt>
<trkpt lat="48.1537857" lon="7.2361989">
	<ele>296.37</ele>
	<time>1970-01-01T00:14:41.802Z</time>
</trkpt>
<trkpt lat="48.1537704" lon="7.2363100">
	<ele>296.40</ele>
	<time>1970-01-01T00:14:42.442Z</time>
</trkpt>
<trkpt lat="48.1537590" lon="7.2364488">
	<ele>296.21</ele>
	<time>1970-01-01T00:14:43.242Z</time>
</trkpt>
<trkpt lat="48.1537476" lon="7.2368588">
	<ele>295.21</ele>
	<time>1970-01-01T00:14:45.722Z</time>
</trkpt>
<trkpt lat="48.1537666" lon="7.2372651">
	<ele>293.57</ele>
	<time>1970-01-01T00:14:48.277Z</time>
</trkpt>
<trkpt lat="48.1537819" lon="7.2375379">
	<ele>292.89</ele>
	<time>1970-01-01T00:14:50.173Z</time>
</trkpt>
<trkpt lat="48.1538086" lon="7.2378049">
	<ele>291.78</ele>
	<time>1970-01-01T00:14:52.224Z</time>
</trkpt>
<trkpt lat="48.1541214" lon="7.2400742">
	<ele>288.25</ele>
	<time>1970-01-01T00:15:09.354Z</time>
</trkpt>
<trkpt lat="48.1541824" lon="7.2407131">
	<ele>286.67</ele>
	<time>1970-01-01T00:15:13.775Z</time>
</trkpt>
<trkpt lat="48.1541977" lon="7.2410750">
	<ele>286.63</ele>
	<time>1970-01-01T00:15:16.200Z</time>
</trkpt>
<trkpt lat="48.1542168" lon="7.2415819">
	<ele>286.37</ele>
	<time>1970-01-01T00:15:19.352Z</time>
</trkpt>
<trkpt lat="48.1542130" lon="7.2425241">
	<ele>285.94</ele>
	<time>1970-01-01T00:15:29.459Z</time>
</trkpt>
<trkpt lat="48.1541977" lon="7.2437038">
	<ele>285.84</ele>
	<time>1970-01-01T00:15:37.538Z</time>
</trkpt>
<trkpt lat="48.1541939" lon="7.2440920">
	<ele>285.54</ele>
	<time>1970-01-01T00:15:39.924Z</time>
</trkpt>
<trkpt lat="48.1541786" lon="7.2443089">
	<ele>285.16</ele>
	<time>1970-01-01T00:15:41.291Z</time>
</trkpt>
<trkpt lat="48.1541557" lon="7.2444992">
	<ele>284.84</ele>
	<time>1970-01-01T00:15:42.567Z</time>
</trkpt>
<trkpt lat="48.1541176" lon="7.2446680">
	<ele>284.04</ele>
	<time>1970-01-01T00:15:43.819Z</time>
</trkpt>
<trkpt lat="48.1540604" lon="7.2448559">
	<ele>282.82</ele>
	<time>1970-01-01T00:15:45.346Z</time>
</trkpt>
<trkpt lat="48.1539879" lon="7.2450328">
	<ele>282.25</ele>
	<time>1970-01-01T00:15:46.958Z</time>
</trkpt>
<trkpt lat="48.1538734" lon="7.2452550">
	<ele>281.55</ele>
	<time>1970-01-01T00:15:50.040Z</time>
</trkpt>
<trkpt lat="48.1536522" lon="7.2456980">
	<ele>281.05</ele>
	<time>1970-01-01T00:15:55.157Z</time>
</trkpt>
<trkpt lat="48.1535606" lon="7.2457309">
	<ele>279.71</ele>
	<time>1970-01-01T00:15:56.089Z</time>
</trkpt>
<trkpt lat="48.1534500" lon="7.2457242">
	<ele>279.67</ele>
	<time>1970-01-01T00:15:57.049Z</time>
</trkpt>
<trkpt lat="48.1534004" lon="7.2457318">
	<ele>279.89</ele>
	<time>1970-01-01T00:15:57.529Z</time>
</trkpt>
<trkpt lat="48.1533470" lon="7.2457519">
	<ele>280.02</ele>
	<time>1970-01-01T00:15:58.009Z</time>
</trkpt>
<trkpt lat="48.1532936" lon="7.2458181">
	<ele>279.87</ele>
	<time>1970-01-01T00:15:58.649Z</time>
</trkpt>
<trkpt lat="48.1532478" lon="7.2458401">
	<ele>279.68</ele>
	<time>1970-01-01T00:15:59.049Z</time>
</trkpt>
<trkpt lat="48.1531754" lon="7.2458348">
	<ele>279.43</ele>
	<time>1970-01-01T00:15:59.689Z</time>
</trkpt>
<trkpt lat="48.1521416" lon="7.2454958">
	<ele>277.04</ele>
	<time>1970-01-01T00:16:09.246Z</time>
</trkpt>
<trkpt lat="48.1519165" lon="7.2454638">
	<ele>276.67</ele>
	<time>1970-01-01T00:16:12.402Z</time>
</trkpt>
<trkpt lat="48.1517105" lon="7.2454581">
	<ele>276.03</ele>
	<time>1970-01-01T00:16:16.024Z</time>
</trkpt>
<trkpt lat="48.1515503" lon="7.2456660">
	<ele>275.59</ele>
	<time>1970-01-01T00:16:19.261Z</time>
</trkpt>
<trkpt lat="48.1513138" lon="7.2460442">
	<ele>275.84</ele>
	<time>1970-01-01T00:16:23.871Z</time>
</trkpt>
<trkpt lat="48.1510429" lon="7.2466788">
	<ele>274.12</ele>
	<time>1970-01-01T00:16:28.688Z</time>
</trkpt>
<trkpt lat="48.1509895" lon="7.2470422">
	<ele>274.07</ele>
	<time>1970-01-01T00:16:31.458Z</time>
</trkpt>
<trkpt lat="48.1508865" lon="7.2474360">
	<ele>272.91</ele>
	<time>1970-01-01T00:16:34.853Z</time>
</trkpt>
<trkpt lat="48.1506767" lon="7.2481189">
	<ele>273.53</ele>
	<time>1970-01-01T00:16:41.157Z</time>
</trkpt>
<trkpt lat="48.1505013" lon="7.2488580">
	<ele>272.94</ele>
	<time>1970-01-01T00:16:47.221Z</time>
</trkpt>
<trkpt lat="48.1504860" lon="7.2490530">
	<ele>272.79</ele>
	<time>1970-01-01T00:16:48.780Z</time>
</trkpt>
<trkpt lat="48.1504822" lon="7.2492409">
	<ele>272.66</ele>
	<time>1970-01-01T00:16:50.191Z</time>
</trkpt>
<trkpt lat="48.1504745" lon="7.2495632">
	<ele>272.07</ele>
	<time>1970-01-01T00:16:52.682Z</time>
</trkpt>
<trkpt lat="48.1504822" lon="7.2499251">
	<ele>272.56</ele>
	<time>1970-01-01T00:16:55.506Z</time>
</trkpt>
<trkpt lat="48.1504745" lon="7.2500629">
	<ele>272.23</ele>
	<time>1970-01-01T00:16:56.622Z</time>
</trkpt>
<trkpt lat="48.1504211" lon="7.2503262">
	<ele>269.73</ele>
	<time>1970-01-01T00:16:58.961Z</time>
</trkpt>
<trkpt lat="48.1501236" lon="7.2511401">
	<ele>269.26</ele>
	<time>1970-01-01T00:17:06.996Z</time>
</trkpt>
<trkpt lat="48.1500359" lon="7.2514739">
	<ele>266.96</ele>
	<time>1970-01-01T00:17:10.398Z</time>
</trkpt>
<trkpt lat="48.1500092" lon="7.2517581">
	<ele>267.27</ele>
	<time>1970-01-01T00:17:13.054Z</time>
</trkpt>
<trkpt lat="48.1499634" lon="7.2521272">
	<ele>268.75</ele>
	<time>1970-01-01T00:17:16.453Z</time>
</trkpt>
<trkpt lat="48.1499214" lon="7.2527118">
	<ele>267.46</ele>
	<time>1970-01-01T00:17:22.560Z</time>
</trkpt>
<trkpt lat="48.1498795" lon="7.2528868">
	<ele>267.12</ele>
	<time>1970-01-01T00:17:24.856Z</time>
</trkpt>
<trkpt lat="48.1498184" lon="7.2532158">
	<ele>265.64</ele>
	<time>1970-01-01T00:17:27.492Z</time>
</trkpt>
<trkpt lat="48.1497078" lon="7.2536688">
	<ele>267.03</ele>
	<time>1970-01-01T00:17:34.168Z</time>
</trkpt>
<trkpt lat="48.1496010" lon="7.2538919">
	<ele>265.97</ele>
	<time>1970-01-01T00:17:38.550Z</time>
</trkpt>
<trkpt lat="48.1493073" lon="7.2543468">
	<ele>266.90</ele>
	<time>1970-01-01T00:17:45.103Z</time>
</trkpt>
<trkpt lat="48.1491127" lon="7.2546358">
	<ele>265.89</ele>
	<time>1970-01-01T00:17:48.691Z</time>
</trkpt>
<trkpt lat="48.1490479" lon="7.2547331">
	<ele>265.48</ele>
	<time>1970-01-01T00:17:49.808Z</time>
</trkpt>
<trkpt lat="48.1489868" lon="7.2548180">
	<ele>264.67</ele>
	<time>1970-01-01T00:17:50.798Z</time>
</trkpt>
<trkpt lat="48.1486740" lon="7.2552919">
	<ele>264.42</ele>
	<time>1970-01-01T00:17:56.806Z</time>
</trkpt>
<trkpt lat="48.1484985" lon="7.2556882">
	<ele>266.62</ele>
	<time>1970-01-01T00:18:02.586Z</time>
</trkpt>
<trkpt lat="48.1484299" lon="7.2557998">
	<ele>265.98</ele>
	<time>1970-01-01T00:18:04.407Z</time>
</trkpt>
<trkpt lat="48.1481361" lon="7.2560539">
	<ele>264.15</ele>
	<time>1970-01-01T00:18:10.709Z</time>
</trkpt>
<trkpt lat="48.1480484" lon="7.2560959">
	<ele>264.58</ele>
	<time>1970-01-01T00:18:12.371Z</time>
</trkpt>
<trkpt lat="48.1479568" lon="7.2560811">
	<ele>265.05</ele>
	<time>1970-01-01T00:18:13.680Z</time>
</trkpt>
<trkpt lat="48.1477890" lon="7.2560091">
	<ele>265.12</ele>
	<time>1970-01-01T00:18:16.547Z</time>
</trkpt>
<trkpt lat="48.1474648" lon="7.2559681">
	<ele>261.78</ele>
	<time>1970-01-01T00:18:19.902Z</time>
</trkpt>
<trkpt lat="48.1473846" lon="7.2559781">
	<ele>261.80</ele>
	<time>1970-01-01T00:18:20.821Z</time>
</trkpt>
<trkpt lat="48.1473122" lon="7.2560010">
	<ele>262.06</ele>
	<time>1970-01-01T00:18:21.701Z</time>
</trkpt>
<trkpt lat="48.1472473" lon="7.2560511">
	<ele>262.53</ele>
	<time>1970-01-01T00:18:22.649Z</time>
</trkpt>
<trkpt lat="48.1465874" lon="7.2567630">
	<ele>261.75</ele>
	<time>1970-01-01T00:18:36.133Z</time>
</trkpt>
<trkpt lat="48.1464729" lon="7.2568660">
	<ele>261.27</ele>
	<time>1970-01-01T00:18:38.349Z</time>
</trkpt>
<trkpt lat="48.1460190" lon="7.2571611">
	<ele>260.64</ele>
	<time>1970-01-01T00:18:43.769Z</time>
</trkpt>
<trkpt lat="48.1456833" lon="7.2573261">
	<ele>259.84</ele>
	<time>1970-01-01T00:18:47.222Z</time>
</trkpt>
<trkpt lat="48.1453094" lon="7.2575612">
	<ele>258.93</ele>
	<time>1970-01-01T00:18:51.365Z</time>
</trkpt>
<trkpt lat="48.1447945" lon="7.2580252">
	<ele>257.98</ele>
	<time>1970-01-01T00:18:58.223Z</time>
</trkpt>
<trkpt lat="48.1443291" lon="7.2584419">
	<ele>257.62</ele>
	<time>1970-01-01T00:19:04.691Z</time>
</trkpt>
<trkpt lat="48.1438713" lon="7.2589521">
	<ele>256.17</ele>
	<time>1970-01-01T00:19:12.315Z</time>
</trkpt>
<trkpt lat="48.1436882" lon="7.2592058">
	<ele>256.30</ele>
	<time>1970-01-01T00:19:16.062Z</time>
</trkpt>
<trkpt lat="48.1435051" lon="7.2594390">
	<ele>255.65</ele>
	<time>1970-01-01T00:19:19.861Z</time>
</trkpt>
<trkpt lat="48.1433525" lon="7.2596431">
	<ele>254.97</ele>
	<time>1970-01-01T00:19:23.038Z</time>
</trkpt>
<trkpt lat="48.1431885" lon="7.2598119">
	<ele>255.09</ele>
	<time>1970-01-01T00:19:26.024Z</time>
</trkpt>
<trkpt lat="48.1429749" lon="7.2600379">
	<ele>254.92</ele>
	<time>1970-01-01T00:19:29.928Z</time>
</trkpt>
<trkpt lat="48.1427803" lon="7.2602110">
	<ele>255.00</ele>
	<time>1970-01-01T00:19:32.404Z</time>
</trkpt>
<trkpt lat="48.1425858" lon="7.2603459">
	<ele>255.06</ele>
	<time>1970-01-01T00:19:35.374Z</time>
</trkpt>
<trkpt lat="48.1423912" lon="7.2604632">
	<ele>254.65</ele>
	<time>1970-01-01T00:19:38.873Z</time>
</trkpt>
<trkpt lat="48.1422653" lon="7.2605882">
	<ele>254.21</ele>
	<time>1970-01-01T00:19:41.742Z</time>
</trkpt>
<trkpt lat="48.1421356" lon="7.2603321">
	<ele>253.96</ele>
	<time>1970-01-01T00:19:44.533Z</time>
</trkpt>
<trkpt lat="48.1419258" lon="7.2599030">
	<ele>252.89</ele>
	<time>1970-01-01T00:19:51.069Z</time>
</trkpt>
<trkpt lat="48.1418190" lon="7.2597151">
	<ele>252.19</ele>
	<time>1970-01-01T00:19:54.028Z</time>
</trkpt>
<trkpt lat="48.1417542" lon="7.2595968">
	<ele>253.51</ele>
	<time>1970-01-01T00:19:55.839Z</time>
</trkpt>
<trkpt lat="48.1416817" lon="7.2594638">
	<ele>253.95</ele>
	<time>1970-01-01T00:19:57.984Z</time>
</trkpt>
<trkpt lat="48.1412697" lon="7.2587032">
	<ele>255.45</ele>
	<time>1970-01-01T00:20:06.026Z</time>
</trkpt>
<trkpt lat="48.1412544" lon="7.2586789">
	<ele>255.45</ele>
	<time>1970-01-01T00:20:06.274Z</time>
</trkpt>
<trkpt lat="48.1412239" lon="7.2586212">
	<ele>255.42</ele>
	<time>1970-01-01T00:20:07.026Z</time>
</trkpt>
<trkpt lat="48.1411858" lon="7.2586470">
	<ele>255.20</ele>
	<time>1970-01-01T00:20:07.661Z</time>
</trkpt>
<trkpt lat="48.1410599" lon="7.2587872">
	<ele>254.86</ele>
	<time>1970-01-01T00:20:09.767Z</time>
</trkpt>
<trkpt lat="48.1409302" lon="7.2589302">
	<ele>254.29</ele>
	<time>1970-01-01T00:20:12.096Z</time>
</trkpt>
<trkpt lat="48.1408043" lon="7.2590852">
	<ele>253.07</ele>
	<time>1970-01-01T00:20:14.393Z</time>
</trkpt>
<trkpt lat="48.1406097" lon="7.2593169">
	<ele>252.08</ele>
	<time>1970-01-01T00:20:17.518Z</time>
</trkpt>
<trkpt lat="48.1404839" lon="7.2594709">
	<ele>251.68</ele>
	<time>1970-01-01T00:20:19.491Z</time>
</trkpt>
<trkpt lat="48.1401596" lon="7.2598310">
	<ele>250.76</ele>
	<time>1970-01-01T00:20:24.500Z</time>
</trkpt>
<trkpt lat="48.1400909" lon="7.2599182">
	<ele>250.37</ele>
	<time>1970-01-01T00:20:25.713Z</time>
</trkpt>
<trkpt lat="48.1399918" lon="7.2600932">
	<ele>249.93</ele>
	<time>1970-01-01T00:20:27.850Z</time>
</trkpt>
<trkpt lat="48.1398926" lon="7.2603512">
	<ele>249.75</ele>
	<time>1970-01-01T00:20:30.900Z</time>
</trkpt>
<trkpt lat="48.1398888" lon="7.2604518">
	<ele>249.26</ele>
	<time>1970-01-01T00:20:32.108Z</time>
</trkpt>
<trkpt lat="48.1399002" lon="7.2605519">
	<ele>249.07</ele>
	<time>1970-01-01T00:20:33.325Z</time>
</trkpt>
<trkpt lat="48.1399117" lon="7.2606201">
	<ele>249.11</ele>
	<time>1970-01-01T00:20:34.090Z</time>
</trkpt>
<trkpt lat="48.1399307" lon="7.2607198">
	<ele>249.12</ele>
	<time>1970-01-01T00:20:35.321Z</time>
</trkpt>
<trkpt lat="48.1399384" lon="7.2608199">
	<ele>249.08</ele>
	<time>1970-01-01T00:20:36.641Z</time>
</trkpt>
<trkpt lat="48.1399384" lon="7.2608919">
	<ele>249.02</ele>
	<time>1970-01-01T00:20:37.654Z</time>
</trkpt>
<trkpt lat="48.1399345" lon="7.2609401">
	<ele>248.89</ele>
	<time>1970-01-01T00:20:38.643Z</time>
</trkpt>
<trkpt lat="48.1399269" lon="7.2610278">
	<ele>248.97</ele>
	<time>1970-01-01T00:20:40.830Z</time>
</trkpt>
<trkpt lat="48.1399078" lon="7.2611232">
	<ele>250.31</ele>
	<time>1970-01-01T00:20:42.065Z</time>
</trkpt>
<trkpt lat="48.1396637" lon="7.2611918">
	<ele>251.48</ele>
	<time>1970-01-01T00:20:50.950Z</time>
</trkpt>
<trkpt lat="48.1392899" lon="7.2613678">
	<ele>249.22</ele>
	<time>1970-01-01T00:20:59.537Z</time>
</trkpt>
<trkpt lat="48.1391907" lon="7.2614489">
	<ele>249.33</ele>
	<time>1970-01-01T00:21:01.583Z</time>
</trkpt>
<trkpt lat="48.1391144" lon="7.2615380">
	<ele>248.88</ele>
	<time>1970-01-01T00:21:03.071Z</time>
</trkpt>
<trkpt lat="48.1390305" lon="7.2617049">
	<ele>249.04</ele>
	<time>1970-01-01T00:21:05.227Z</time>
</trkpt>
<trkpt lat="48.1389771" lon="7.2618408">
	<ele>249.62</ele>
	<time>1970-01-01T00:21:06.886Z</time>
</trkpt>
<trkpt lat="48.1389389" lon="7.2619829">
	<ele>249.64</ele>
	<time>1970-01-01T00:21:08.487Z</time>
</trkpt>
<trkpt lat="48.1388550" lon="7.2625141">
	<ele>247.80</ele>
	<time>1970-01-01T00:21:14.525Z</time>
</trkpt>
<trkpt lat="48.1388245" lon="7.2628489">
	<ele>247.89</ele>
	<time>1970-01-01T00:21:17.771Z</time>
</trkpt>
<trkpt lat="48.1388168" lon="7.2629552">
	<ele>247.87</ele>
	<time>1970-01-01T00:21:18.790Z</time>
</trkpt>
<trkpt lat="48.1388016" lon="7.2631421">
	<ele>247.89</ele>
	<time>1970-01-01T00:21:20.527Z</time>
</trkpt>
<trkpt lat="48.1387939" lon="7.2632532">
	<ele>247.96</ele>
	<time>1970-01-01T00:21:21.496Z</time>
</trkpt>
<trkpt lat="48.1387749" lon="7.2637920">
	<ele>247.17</ele>
	<time>1970-01-01T00:21:25.847Z</time>
</trkpt>
<trkpt lat="48.1387672" lon="7.2638869">
	<ele>247.00</ele>
	<time>1970-01-01T00:21:26.631Z</time>
</trkpt>
<trkpt lat="48.1387672" lon="7.2639198">
	<ele>246.98</ele>
	<time>1970-01-01T00:21:26.859Z</time>
</trkpt>
<trkpt lat="48.1387596" lon="7.2641430">
	<ele>247.07</ele>
	<time>1970-01-01T00:21:28.762Z</time>
</trkpt>
<trkpt lat="48.1387444" lon="7.2642870">
	<ele>246.82</ele>
	<time>1970-01-01T00:21:29.938Z</time>
</trkpt>
<trkpt lat="48.1387253" lon="7.2643890">
	<ele>246.49</ele>
	<time>1970-01-01T00:21:30.750Z</time>
</trkpt>
<trkpt lat="48.1386032" lon="7.2651882">
	<ele>246.00</ele>
	<time>1970-01-01T00:21:37.958Z</time>
</trkpt>
<trkpt lat="48.1385612" lon="7.2654390">
	<ele>246.01</ele>
	<time>1970-01-01T00:21:40.331Z</time>
</trkpt>
<trkpt lat="48.1385498" lon="7.2655101">
	<ele>246.00</ele>
	<time>1970-01-01T00:21:40.974Z</time>
</trkpt>
<trkpt lat="48.1385078" lon="7.2658019">
	<ele>246.00</ele>
	<time>1970-01-01T00:21:43.890Z</time>
</trkpt>
<trkpt lat="48.1384964" lon="7.2658820">
	<ele>246.01</ele>
	<time>1970-01-01T00:21:44.664Z</time>
</trkpt>
<trkpt lat="48.1384697" lon="7.2660632">
	<ele>246.03</ele>
	<time>1970-01-01T00:21:46.416Z</time>
</trkpt>
<trkpt lat="48.1384506" lon="7.2661071">
	<ele>246.00</ele>
	<time>1970-01-01T00:21:46.928Z</time>
</trkpt>
<trkpt lat="48.1383896" lon="7.2662029">
	<ele>246.01</ele>
	<time>1970-01-01T00:21:48.228Z</time>
</trkpt>
<trkpt lat="48.1381874" lon="7.2664318">
	<ele>245.44</ele>
	<time>1970-01-01T00:21:51.512Z</time>
</trkpt>
<trkpt lat="48.1381149" lon="7.2665081">
	<ele>245.04</ele>
	<time>1970-01-01T00:21:52.690Z</time>
</trkpt>
<trkpt lat="48.1381607" lon="7.2665572">
	<ele>245.10</ele>
	<time>1970-01-01T00:21:53.413Z</time>
</trkpt>
<trkpt lat="48.1381912" lon="7.2666230">
	<ele>245.05</ele>
	<time>1970-01-01T00:21:54.149Z</time>
</trkpt>
<trkpt lat="48.1382141" lon="7.2666979">
	<ele>244.98</ele>
	<time>1970-01-01T00:21:54.859Z</time>
</trkpt>
<trkpt lat="48.1382179" lon="7.2667789">
	<ele>245.04</ele>
	<time>1970-01-01T00:21:55.547Z</time>
</trkpt>
<trkpt lat="48.1382103" lon="7.2668810">
	<ele>245.15</ele>
	<time>1970-01-01T00:21:56.402Z</time>
</trkpt>
<trkpt lat="48.1381912" lon="7.2670202">
	<ele>244.88</ele>
	<time>1970-01-01T00:21:57.477Z</time>
</trkpt>
<trkpt lat="48.1381645" lon="7.2671528">
	<ele>244.25</ele>
	<time>1970-01-01T00:21:58.388Z</time>
</trkpt>
<trkpt lat="48.1381264" lon="7.2673759">
	<ele>244.12</ele>
	<time>1970-01-01T00:21:59.828Z</time>
</trkpt>
<trkpt lat="48.1380768" lon="7.2673650">
	<ele>244.05</ele>
	<time>1970-01-01T00:22:00.346Z</time>
</trkpt>
<trkpt lat="48.1379089" lon="7.2691140">
	<ele>241.00</ele>
	<time>1970-01-01T00:22:12.581Z</time>
</trkpt>
<trkpt lat="48.1378632" lon="7.2695708">
	<ele>240.82</ele>
	<time>1970-01-01T00:22:16.342Z</time>
</trkpt>
<trkpt lat="48.1374626" lon="7.2739210">
	<ele>234.86</ele>
	<time>1970-01-01T00:22:51.666Z</time>
</trkpt>
<trkpt lat="48.1373749" lon="7.2747641">
	<ele>234.47</ele>
	<time>1970-01-01T00:22:59.345Z</time>
</trkpt>
<trkpt lat="48.1361542" lon="7.2745571">
	<ele>233.90</ele>
	<time>1970-01-01T00:23:16.437Z</time>
</trkpt>
<trkpt lat="48.1358719" lon="7.2744918">
	<ele>234.78</ele>
	<time>1970-01-01T00:23:21.425Z</time>
</trkpt>
<trkpt lat="48.1357574" lon="7.2744098">
	<ele>235.10</ele>
	<time>1970-01-01T00:23:22.738Z</time>
</trkpt>
<trkpt lat="48.1357307" lon="7.2743921">
	<ele>235.10</ele>
	<time>1970-01-01T00:23:23.029Z</time>
</trkpt>
<trkpt lat="48.1356926" lon="7.2744932">
	<ele>235.00</ele>
	<time>1970-01-01T00:23:23.924Z</time>
</trkpt>
<trkpt lat="48.1356277" lon="7.2749639">
	<ele>234.00</ele>
	<time>1970-01-01T00:23:27.804Z</time>
</trkpt>
<trkpt lat="48.1355705" lon="7.2754359">
	<ele>233.40</ele>
	<time>1970-01-01T00:23:31.968Z</time>
</trkpt>
<trkpt lat="48.1355629" lon="7.2755942">
	<ele>232.94</ele>
	<time>1970-01-01T00:23:33.456Z</time>
</trkpt>
<trkpt lat="48.1355858" lon="7.2757411">
	<ele>232.92</ele>
	<time>1970-01-01T00:23:34.791Z</time>
</trkpt>
<trkpt lat="48.1356850" lon="7.2759891">
	<ele>232.92</ele>
	<time>1970-01-01T00:23:37.575Z</time>
</trkpt>
<trkpt lat="48.1356964" lon="7.2760358">
	<ele>232.93</ele>
	<time>1970-01-01T00:23:38.098Z</time>
</trkpt>
<trkpt lat="48.1356926" lon="7.2760839">
	<ele>232.93</ele>
	<time>1970-01-01T00:23:38.625Z</time>
</trkpt>
<trkpt lat="48.1355629" lon="7.2763691">
	<ele>233.03</ele>
	<time>1970-01-01T00:23:41.980Z</time>
</trkpt>
<trkpt lat="48.1354408" lon="7.2766600">
	<ele>232.40</ele>
	<time>1970-01-01T00:23:45.523Z</time>
</trkpt>
<trkpt lat="48.1353302" lon="7.2770181">
	<ele>232.67</ele>
	<time>1970-01-01T00:23:49.895Z</time>
</trkpt>
<trkpt lat="48.1352768" lon="7.2774730">
	<ele>232.04</ele>
	<time>1970-01-01T00:23:55.161Z</time>
</trkpt>
<trkpt lat="48.1353378" lon="7.2780600">
	<ele>231.00</ele>
	<time>1970-01-01T00:24:01.154Z</time>
</trkpt>
<trkpt lat="48.1353264" lon="7.2783241">
	<ele>231.01</ele>
	<time>1970-01-01T00:24:03.738Z</time>
</trkpt>
<trkpt lat="48.1352119" lon="7.2789760">
	<ele>229.79</ele>
	<time>1970-01-01T00:24:09.559Z</time>
</trkpt>
<trkpt lat="48.1351128" lon="7.2797298">
	<ele>229.30</ele>
	<time>1970-01-01T00:24:16.835Z</time>
</trkpt>
<trkpt lat="48.1351166" lon="7.2799931">
	<ele>228.95</ele>
	<time>1970-01-01T00:24:19.606Z</time>
</trkpt>
<trkpt lat="48.1352043" lon="7.2803631">
	<ele>228.96</ele>
	<time>1970-01-01T00:24:23.197Z</time>
</trkpt>
<trkpt lat="48.1350708" lon="7.2805128">
	<ele>229.03</ele>
	<time>1970-01-01T00:24:25.457Z</time>
</trkpt>
<trkpt lat="48.1349144" lon="7.2806358">
	<ele>228.75</ele>
	<time>1970-01-01T00:24:27.740Z</time>
</trkpt>
<trkpt lat="48.1347198" lon="7.2805729">
	<ele>228.96</ele>
	<time>1970-01-01T00:24:30.184Z</time>
</trkpt>
<trkpt lat="48.1346321" lon="7.2805772">
	<ele>228.99</ele>
	<time>1970-01-01T00:24:31.301Z</time>
</trkpt>
<trkpt lat="48.1344566" lon="7.2807398">
	<ele>228.31</ele>
	<time>1970-01-01T00:24:33.685Z</time>
</trkpt>
<trkpt lat="48.1342468" lon="7.2810750">
	<ele>228.00</ele>
	<time>1970-01-01T00:24:37.146Z</time>
</trkpt>
<trkpt lat="48.1341400" lon="7.2812858">
	<ele>228.00</ele>
	<time>1970-01-01T00:24:39.387Z</time>
</trkpt>
<trkpt lat="48.1340408" lon="7.2815928">
	<ele>228.08</ele>
	<time>1970-01-01T00:24:42.388Z</time>
</trkpt>
<trkpt lat="48.1339722" lon="7.2818470">
	<ele>227.29</ele>
	<time>1970-01-01T00:24:44.813Z</time>
</trkpt>
<trkpt lat="48.1338692" lon="7.2826071">
	<ele>226.99</ele>
	<time>1970-01-01T00:24:52.199Z</time>
</trkpt>
<trkpt lat="48.1338234" lon="7.2827501">
	<ele>226.83</ele>
	<time>1970-01-01T00:24:53.849Z</time>
</trkpt>
<trkpt lat="48.1334000" lon="7.2827969">
	<ele>226.11</ele>
	<time>1970-01-01T00:25:00.296Z</time>
</trkpt>
<trkpt lat="48.1330986" lon="7.2832980">
	<ele>226.13</ele>
	<time>1970-01-01T00:25:07.670Z</time>
</trkpt>
<trkpt lat="48.1329689" lon="7.2836552">
	<ele>226.12</ele>
	<time>1970-01-01T00:25:11.807Z</time>
</trkpt>
<trkpt lat="48.1329193" lon="7.2839270">
	<ele>226.01</ele>
	<time>1970-01-01T00:25:14.664Z</time>
</trkpt>
<trkpt lat="48.1329193" lon="7.2840099">
	<ele>225.62</ele>
	<time>1970-01-01T00:25:15.501Z</time>
</trkpt>
<trkpt lat="48.1328430" lon="7.2840648">
	<ele>225.37</ele>
	<time>1970-01-01T00:25:16.836Z</time>
</trkpt>
<trkpt lat="48.1325722" lon="7.2839398">
	<ele>224.52</ele>
	<time>1970-01-01T00:25:20.924Z</time>
</trkpt>
<trkpt lat="48.1322365" lon="7.2837610">
	<ele>224.41</ele>
	<time>1970-01-01T00:25:26.855Z</time>
</trkpt>
<trkpt lat="48.1321106" lon="7.2836962">
	<ele>225.16</ele>
	<time>1970-01-01T00:25:29.143Z</time>
</trkpt>
<trkpt lat="48.1320229" lon="7.2835832">
	<ele>225.83</ele>
	<time>1970-01-01T00:25:31.278Z</time>
</trkpt>
<trkpt lat="48.1317825" lon="7.2835560">
	<ele>226.18</ele>
	<time>1970-01-01T00:25:36.001Z</time>
</trkpt>
<trkpt lat="48.1317177" lon="7.2835150">
	<ele>226.31</ele>
	<time>1970-01-01T00:25:37.390Z</time>
</trkpt>
<trkpt lat="48.1316299" lon="7.2835369">
	<ele>226.21</ele>
	<time>1970-01-01T00:25:39.120Z</time>
</trkpt>
<trkpt lat="48.1314697" lon="7.2835302">
	<ele>226.12</ele>
	<time>1970-01-01T00:25:42.220Z</time>
</trkpt>
<trkpt lat="48.1310692" lon="7.2833471">
	<ele>225.97</ele>
	<time>1970-01-01T00:25:50.079Z</time>
</trkpt>
<trkpt lat="48.1308823" lon="7.2832599">
	<ele>225.97</ele>
	<time>1970-01-01T00:25:54.052Z</time>
</trkpt>
<trkpt lat="48.1305847" lon="7.2830949">
	<ele>226.84</ele>
	<time>1970-01-01T00:26:03.970Z</time>
</trkpt>
<trkpt lat="48.1304398" lon="7.2830720">
	<ele>226.94</ele>
	<time>1970-01-01T00:26:08.816Z</time>
</trkpt>
<trkpt lat="48.1303177" lon="7.2830939">
	<ele>226.85</ele>
	<time>1970-01-01T00:26:13.489Z</time>
</trkpt>
<trkpt lat="48.1301498" lon="7.2831802">
	<ele>227.51</ele>
	<time>1970-01-01T00:26:16.943Z</time>
</trkpt>
<trkpt lat="48.1298332" lon="7.2832479">
	<ele>229.63</ele>
	<time>1970-01-01T00:26:25.741Z</time>
</trkpt>
<trkpt lat="48.1289902" lon="7.2833042">
	<ele>233.82</ele>
	<time>1970-01-01T00:26:55.575Z</time>
</trkpt>
<trkpt lat="48.1289597" lon="7.2837968">
	<ele>232.10</ele>
	<time>1970-01-01T00:27:01.995Z</time>
</trkpt>
<trkpt lat="48.1288681" lon="7.2845240">
	<ele>230.75</ele>
	<time>1970-01-01T00:27:15.031Z</time>
</trkpt>
<trkpt lat="48.1288261" lon="7.2850242">
	<ele>230.02</ele>
	<time>1970-01-01T00:27:20.946Z</time>
</trkpt>
<trkpt lat="48.1288300" lon="7.2862511">
	<ele>228.22</ele>
	<time>1970-01-01T00:27:31.676Z</time>
</trkpt>
<trkpt lat="48.1288147" lon="7.2865171">
	<ele>227.84</ele>
	<time>1970-01-01T00:27:33.917Z</time>
</trkpt>
<trkpt lat="48.1287956" lon="7.2867050">
	<ele>227.25</ele>
	<time>1970-01-01T00:27:35.429Z</time>
</trkpt>
<trkpt lat="48.1285553" lon="7.2867942">
	<ele>228.07</ele>
	<time>1970-01-01T00:27:38.976Z</time>
</trkpt>
<trkpt lat="48.1279144" lon="7.2871451">
	<ele>228.11</ele>
	<time>1970-01-01T00:27:51.750Z</time>
</trkpt>
<trkpt lat="48.1274490" lon="7.2874370">
	<ele>228.31</ele>
	<time>1970-01-01T00:28:02.770Z</time>
</trkpt>
<trkpt lat="48.1273766" lon="7.2874751">
	<ele>228.48</ele>
	<time>1970-01-01T00:28:04.577Z</time>
</trkpt>
<trkpt lat="48.1272812" lon="7.2875700">
	<ele>228.68</ele>
	<time>1970-01-01T00:28:07.137Z</time>
</trkpt>
<trkpt lat="48.1271858" lon="7.2874441">
	<ele>229.11</ele>
	<time>1970-01-01T00:28:10.220Z</time>
</trkpt>
<trkpt lat="48.1270981" lon="7.2873721">
	<ele>229.30</ele>
	<time>1970-01-01T00:28:12.727Z</time>
</trkpt>
<trkpt lat="48.1270027" lon="7.2873201">
	<ele>229.65</ele>
	<time>1970-01-01T00:28:15.322Z</time>
</trkpt>
<trkpt lat="48.1268997" lon="7.2872758">
	<ele>229.81</ele>
	<time>1970-01-01T00:28:18.234Z</time>
</trkpt>
<trkpt lat="48.1267700" lon="7.2872362">
	<ele>229.29</ele>
	<time>1970-01-01T00:28:22.184Z</time>
</trkpt>
<trkpt lat="48.1262627" lon="7.2871280">
	<ele>230.11</ele>
	<time>1970-01-01T00:28:36.061Z</time>
</trkpt>
<trkpt lat="48.1260490" lon="7.2870698">
	<ele>230.00</ele>
	<time>1970-01-01T00:28:41.535Z</time>
</trkpt>
<trkpt lat="48.1259422" lon="7.2870212">
	<ele>230.00</ele>
	<time>1970-01-01T00:28:44.133Z</time>
</trkpt>
<trkpt lat="48.1258965" lon="7.2869892">
	<ele>230.00</ele>
	<time>1970-01-01T00:28:45.403Z</time>
</trkpt>
<trkpt lat="48.1258354" lon="7.2869372">
	<ele>230.00</ele>
	<time>1970-01-01T00:28:47.069Z</time>
</trkpt>
<trkpt lat="48.1258125" lon="7.2869158">
	<ele>230.00</ele>
	<time>1970-01-01T00:28:47.687Z</time>
</trkpt>
<trkpt lat="48.1256905" lon="7.2867908">
	<ele>229.92</ele>
	<time>1970-01-01T00:28:51.137Z</time>
</trkpt>
<trkpt lat="48.1255798" lon="7.2866840">
	<ele>229.97</ele>
	<time>1970-01-01T00:28:54.254Z</time>
</trkpt>
<trkpt lat="48.1255608" lon="7.2866640">
	<ele>230.00</ele>
	<time>1970-01-01T00:28:54.910Z</time>
</trkpt>
<trkpt lat="48.1255417" lon="7.2866468">
	<ele>230.04</ele>
	<time>1970-01-01T00:28:55.344Z</time>
</trkpt>
<trkpt lat="48.1252022" lon="7.2862730">
	<ele>231.19</ele>
	<time>1970-01-01T00:29:07.421Z</time>
</trkpt>
<trkpt lat="48.1248970" lon="7.2859421">
	<ele>231.54</ele>
	<time>1970-01-01T00:29:17.794Z</time>
</trkpt>
<trkpt lat="48.1247787" lon="7.2858310">
	<ele>232.01</ele>
	<time>1970-01-01T00:29:21.862Z</time>
</trkpt>
<trkpt lat="48.1245651" lon="7.2856612">
	<ele>232.74</ele>
	<time>1970-01-01T00:29:28.202Z</time>
</trkpt>
<trkpt lat="48.1244850" lon="7.2856002">
	<ele>232.95</ele>
	<time>1970-01-01T00:29:30.571Z</time>
</trkpt>
<trkpt lat="48.1240883" lon="7.2853160">
	<ele>232.69</ele>
	<time>1970-01-01T00:29:41.212Z</time>
</trkpt>
<trkpt lat="48.1239510" lon="7.2852111">
	<ele>232.29</ele>
	<time>1970-01-01T00:29:44.633Z</time>
</trkpt>
<trkpt lat="48.1238861" lon="7.2851319">
	<ele>231.99</ele>
	<time>1970-01-01T00:29:46.403Z</time>
</trkpt>
<trkpt lat="48.1238480" lon="7.2850361">
	<ele>231.90</ele>
	<time>1970-01-01T00:29:48.064Z</time>
</trkpt>
<trkpt lat="48.1238480" lon="7.2849541">
	<ele>232.06</ele>
	<time>1970-01-01T00:29:49.292Z</time>
</trkpt>
<trkpt lat="48.1238480" lon="7.2849202">
	<ele>232.18</ele>
	<time>1970-01-01T00:29:49.944Z</time>
</trkpt>
<trkpt lat="48.1238441" lon="7.2848558">
	<ele>232.43</ele>
	<time>1970-01-01T00:29:51.098Z</time>
</trkpt>
<trkpt lat="48.1237335" lon="7.2848549">
	<ele>232.16</ele>
	<time>1970-01-01T00:29:53.619Z</time>
</trkpt>
<trkpt lat="48.1236572" lon="7.2848520">
	<ele>232.02</ele>
	<time>1970-01-01T00:29:55.467Z</time>
</trkpt>
<trkpt lat="48.1235275" lon="7.2848492">
	<ele>232.11</ele>
	<time>1970-01-01T00:29:58.097Z</time>
</trkpt>
<trkpt lat="48.1232529" lon="7.2848520">
	<ele>232.63</ele>
	<time>1970-01-01T00:30:03.454Z</time>
</trkpt>
<trkpt lat="48.1231384" lon="7.2848730">
	<ele>232.49</ele>
	<time>1970-01-01T00:30:05.685Z</time>
</trkpt>
<trkpt lat="48.1230202" lon="7.2849030">
	<ele>232.45</ele>
	<time>1970-01-01T00:30:07.909Z</time>
</trkpt>
<trkpt lat="48.1230125" lon="7.2848411">
	<ele>232.69</ele>
	<time>1970-01-01T00:30:08.763Z</time>
</trkpt>
<trkpt lat="48.1230087" lon="7.2848039">
	<ele>232.82</ele>
	<time>1970-01-01T00:30:09.311Z</time>
</trkpt>
<trkpt lat="48.1228981" lon="7.2848158">
	<ele>232.97</ele>
	<time>1970-01-01T00:30:11.521Z</time>
</trkpt>
<trkpt lat="48.1227570" lon="7.2848859">
	<ele>233.07</ele>
	<time>1970-01-01T00:30:14.070Z</time>
</trkpt>
<trkpt lat="48.1226044" lon="7.2849751">
	<ele>233.09</ele>
	<time>1970-01-01T00:30:16.960Z</time>
</trkpt>
<trkpt lat="48.1224098" lon="7.2851281">
	<ele>232.95</ele>
	<time>1970-01-01T00:30:21.004Z</time>
</trkpt>
<trkpt lat="48.1221733" lon="7.2853332">
	<ele>233.12</ele>
	<time>1970-01-01T00:30:25.894Z</time>
</trkpt>
<trkpt lat="48.1217613" lon="7.2857270">
	<ele>233.61</ele>
	<time>1970-01-01T00:30:34.770Z</time>
</trkpt>
<trkpt lat="48.1216545" lon="7.2857618">
	<ele>233.81</ele>
	<time>1970-01-01T00:30:36.752Z</time>
</trkpt>
<trkpt lat="48.1210785" lon="7.2859092">
	<ele>234.23</ele>
	<time>1970-01-01T00:30:48.677Z</time>
</trkpt>
<trkpt lat="48.1209908" lon="7.2859082">
	<ele>234.46</ele>
	<time>1970-01-01T00:30:50.456Z</time>
</trkpt>
<trkpt lat="48.1208992" lon="7.2858911">
	<ele>234.74</ele>
	<time>1970-01-01T00:30:52.347Z</time>
</trkpt>
<trkpt lat="48.1207352" lon="7.2858210">
	<ele>235.71</ele>
	<time>1970-01-01T00:30:56.367Z</time>
</trkpt>
<trkpt lat="48.1201706" lon="7.2854261">
	<ele>239.23</ele>
	<time>1970-01-01T00:31:12.052Z</time>
</trkpt>
<trkpt lat="48.1201248" lon="7.2853951">
	<ele>239.49</ele>
	<time>1970-01-01T00:31:13.372Z</time>
</trkpt>
<trkpt lat="48.1200638" lon="7.2853732">
	<ele>239.65</ele>
	<time>1970-01-01T00:31:15.107Z</time>
</trkpt>
<trkpt lat="48.1197548" lon="7.2852740">
	<ele>241.81</ele>
	<time>1970-01-01T00:31:26.954Z</time>
</trkpt>
<trkpt lat="48.1194000" lon="7.2851911">
	<ele>243.42</ele>
	<time>1970-01-01T00:31:43.200Z</time>
</trkpt>
<trkpt lat="48.1191330" lon="7.2851481">
	<ele>244.57</ele>
	<time>1970-01-01T00:31:55.519Z</time>
</trkpt>
<trkpt lat="48.1187668" lon="7.2851548">
	<ele>245.88</ele>
	<time>1970-01-01T00:32:10.924Z</time>
</trkpt>
<trkpt lat="48.1185875" lon="7.2851710">
	<ele>245.92</ele>
	<time>1970-01-01T00:32:17.844Z</time>
</trkpt>
<trkpt lat="48.1183586" lon="7.2852430">
	<ele>246.12</ele>
	<time>1970-01-01T00:32:26.154Z</time>
</trkpt>
<trkpt lat="48.1178398" lon="7.2852268">
	<ele>249.82</ele>
	<time>1970-01-01T00:32:51.318Z</time>
</trkpt>
<trkpt lat="48.1176567" lon="7.2852020">
	<ele>250.64</ele>
	<time>1970-01-01T00:32:59.924Z</time>
</trkpt>
<trkpt lat="48.1171913" lon="7.2851071">
	<ele>255.00</ele>
	<time>1970-01-01T00:33:29.532Z</time>
</trkpt>
<trkpt lat="48.1169052" lon="7.2850618">
	<ele>257.13</ele>
	<time>1970-01-01T00:33:49.098Z</time>
</trkpt>
<trkpt lat="48.1168137" lon="7.2851162">
	<ele>257.71</ele>
	<time>1970-01-01T00:33:55.180Z</time>
</trkpt>
<trkpt lat="48.1163254" lon="7.2855301">
	<ele>260.71</ele>
	<time>1970-01-01T00:34:30.252Z</time>
</trkpt>
<trkpt lat="48.1162567" lon="7.2855649">
	<ele>260.88</ele>
	<time>1970-01-01T00:34:33.827Z</time>
</trkpt>
<trkpt lat="48.1161804" lon="7.2855778">
	<ele>261.27</ele>
	<time>1970-01-01T00:34:37.522Z</time>
</trkpt>
<trkpt lat="48.1160889" lon="7.2855721">
	<ele>262.07</ele>
	<time>1970-01-01T00:34:42.447Z</time>
</trkpt>
<trkpt lat="48.1159515" lon="7.2854619">
	<ele>264.76</ele>
	<time>1970-01-01T00:34:52.347Z</time>
</trkpt>
<trkpt lat="48.1158447" lon="7.2854400">
	<ele>265.85</ele>
	<time>1970-01-01T00:34:59.536Z</time>
</trkpt>
<trkpt lat="48.1151733" lon="7.2854838">
	<ele>264.17</ele>
	<time>1970-01-01T00:35:29.582Z</time>
</trkpt>
<trkpt lat="48.1150284" lon="7.2854729">
	<ele>263.28</ele>
	<time>1970-01-01T00:35:34.418Z</time>
</trkpt>
<trkpt lat="48.1148682" lon="7.2854300">
	<ele>262.57</ele>
	<time>1970-01-01T00:35:39.407Z</time>
</trkpt>
<trkpt lat="48.1143227" lon="7.2852211">
	<ele>261.81</ele>
	<time>1970-01-01T00:35:56.732Z</time>
</trkpt>
<trkpt lat="48.1142349" lon="7.2852249">
	<ele>261.45</ele>
	<time>1970-01-01T00:35:58.935Z</time>
</trkpt>
<trkpt lat="48.1141548" lon="7.2852659">
	<ele>261.20</ele>
	<time>1970-01-01T00:36:00.809Z</time>
</trkpt>
<trkpt lat="48.1138802" lon="7.2855010">
	<ele>262.81</ele>
	<time>1970-01-01T00:36:10.489Z</time>
</trkpt>
<trkpt lat="48.1135826" lon="7.2856860">
	<ele>265.55</ele>
	<time>1970-01-01T00:36:23.628Z</time>
</trkpt>
<trkpt lat="48.1135101" lon="7.2857561">
	<ele>265.69</ele>
	<time>1970-01-01T00:36:26.605Z</time>
</trkpt>
<trkpt lat="48.1131477" lon="7.2863531">
	<ele>261.46</ele>
	<time>1970-01-01T00:36:40.349Z</time>
</trkpt>
<trkpt lat="48.1130905" lon="7.2865329">
	<ele>259.91</ele>
	<time>1970-01-01T00:36:42.361Z</time>
</trkpt>
<trkpt lat="48.1129799" lon="7.2870212">
	<ele>255.23</ele>
	<time>1970-01-01T00:36:46.463Z</time>
</trkpt>
<trkpt lat="48.1129341" lon="7.2871351">
	<ele>254.67</ele>
	<time>1970-01-01T00:36:47.449Z</time>
</trkpt>
<trkpt lat="48.1128883" lon="7.2872262">
	<ele>254.36</ele>
	<time>1970-01-01T00:36:48.301Z</time>
</trkpt>
<trkpt lat="48.1128311" lon="7.2872920">
	<ele>254.35</ele>
	<time>1970-01-01T00:36:49.030Z</time>
</trkpt>
<trkpt lat="48.1127739" lon="7.2873378">
	<ele>254.32</ele>
	<time>1970-01-01T00:36:49.689Z</time>
</trkpt>
<trkpt lat="48.1126328" lon="7.2874160">
	<ele>254.26</ele>
	<time>1970-01-01T00:36:51.264Z</time>
</trkpt>
<trkpt lat="48.1124878" lon="7.2874670">
	<ele>254.49</ele>
	<time>1970-01-01T00:36:53.121Z</time>
</trkpt>
<trkpt lat="48.1123466" lon="7.2874851">
	<ele>254.86</ele>
	<time>1970-01-01T00:36:54.812Z</time>
</trkpt>
<trkpt lat="48.1122208" lon="7.2874789">
	<ele>255.27</ele>
	<time>1970-01-01T00:36:56.306Z</time>
</trkpt>
<trkpt lat="48.1117668" lon="7.2873650">
	<ele>256.22</ele>
	<time>1970-01-01T00:37:03.484Z</time>
</trkpt>
<trkpt lat="48.1115494" lon="7.2872939">
	<ele>256.52</ele>
	<time>1970-01-01T00:37:05.951Z</time>
</trkpt>
<trkpt lat="48.1113396" lon="7.2871661">
	<ele>257.50</ele>
	<time>1970-01-01T00:37:09.548Z</time>
</trkpt>
<trkpt lat="48.1108322" lon="7.2868009">
	<ele>259.00</ele>
	<time>1970-01-01T00:37:28.042Z</time>
</trkpt>
<trkpt lat="48.1107101" lon="7.2866511">
	<ele>260.31</ele>
	<time>1970-01-01T00:37:33.631Z</time>
</trkpt>
<trkpt lat="48.1105270" lon="7.2864008">
	<ele>261.54</ele>
	<time>1970-01-01T00:37:39.667Z</time>
</trkpt>
<trkpt lat="48.1102715" lon="7.2861328">
	<ele>261.67</ele>
	<time>1970-01-01T00:37:47.141Z</time>
</trkpt>
<trkpt lat="48.1100845" lon="7.2860131">
	<ele>259.67</ele>
	<time>1970-01-01T00:37:55.007Z</time>
</trkpt>
<trkpt lat="48.1096954" lon="7.2858281">
	<ele>258.93</ele>
	<time>1970-01-01T00:38:04.150Z</time>
</trkpt>
<trkpt lat="48.1094704" lon="7.2857032">
	<ele>258.44</ele>
	<time>1970-01-01T00:38:09.005Z</time>
</trkpt>
<trkpt lat="48.1093216" lon="7.2856202">
	<ele>259.06</ele>
	<time>1970-01-01T00:38:11.832Z</time>
</trkpt>
<trkpt lat="48.1092148" lon="7.2855330">
	<ele>259.93</ele>
	<time>1970-01-01T00:38:13.893Z</time>
</trkpt>
<trkpt lat="48.1090736" lon="7.2851982">
	<ele>260.53</ele>
	<time>1970-01-01T00:38:20.971Z</time>
</trkpt>
<trkpt lat="48.1089134" lon="7.2847538">
	<ele>262.86</ele>
	<time>1970-01-01T00:38:29.808Z</time>
</trkpt>
<trkpt lat="48.1087570" lon="7.2843451">
	<ele>264.17</ele>
	<time>1970-01-01T00:38:41.920Z</time>
</trkpt>
<trkpt lat="48.1086845" lon="7.2843990">
	<ele>264.04</ele>
	<time>1970-01-01T00:38:44.489Z</time>
</trkpt>
<trkpt lat="48.1085472" lon="7.2844548">
	<ele>264.13</ele>
	<time>1970-01-01T00:38:48.530Z</time>
</trkpt>
<trkpt lat="48.1084442" lon="7.2844720">
	<ele>264.51</ele>
	<time>1970-01-01T00:38:51.404Z</time>
</trkpt>
<trkpt lat="48.1081581" lon="7.2844672">
	<ele>265.45</ele>
	<time>1970-01-01T00:39:01.473Z</time>
</trkpt>
<trkpt lat="48.1079483" lon="7.2844982">
	<ele>266.86</ele>
	<time>1970-01-01T00:39:10.140Z</time>
</trkpt>
<trkpt lat="48.1079521" lon="7.2845430">
	<ele>266.68</ele>
	<time>1970-01-01T00:39:11.120Z</time>
</trkpt>
<trkpt lat="48.1078568" lon="7.2845602">
	<ele>267.46</ele>
	<time>1970-01-01T00:39:15.189Z</time>
</trkpt>
<trkpt lat="48.1075935" lon="7.2845631">
	<ele>269.92</ele>
	<time>1970-01-01T00:39:28.277Z</time>
</trkpt>
<trkpt lat="48.1075439" lon="7.2845712">
	<ele>270.59</ele>
	<time>1970-01-01T00:39:30.779Z</time>
</trkpt>
<trkpt lat="48.1075020" lon="7.2846079">
	<ele>271.49</ele>
	<time>1970-01-01T00:39:32.886Z</time>
</trkpt>
<trkpt lat="48.1068802" lon="7.2853618">
	<ele>277.55</ele>
	<time>1970-01-01T00:40:19.404Z</time>
</trkpt>
<trkpt lat="48.1068001" lon="7.2854748">
	<ele>278.49</ele>
	<time>1970-01-01T00:40:23.436Z</time>
</trkpt>
<trkpt lat="48.1067619" lon="7.2855172">
	<ele>278.65</ele>
	<time>1970-01-01T00:40:24.940Z</time>
</trkpt>
<trkpt lat="48.1065521" lon="7.2856579">
	<ele>278.03</ele>
	<time>1970-01-01T00:40:31.511Z</time>
</trkpt>
<trkpt lat="48.1064034" lon="7.2857890">
	<ele>276.53</ele>
	<time>1970-01-01T00:40:38.011Z</time>
</trkpt>
<trkpt lat="48.1062889" lon="7.2859030">
	<ele>274.77</ele>
	<time>1970-01-01T00:40:41.412Z</time>
</trkpt>
<trkpt lat="48.1062393" lon="7.2859240">
	<ele>274.34</ele>
	<time>1970-01-01T00:40:42.643Z</time>
</trkpt>
<trkpt lat="48.1058922" lon="7.2860222">
	<ele>273.63</ele>
	<time>1970-01-01T00:40:49.103Z</time>
</trkpt>
<trkpt lat="48.1056519" lon="7.2861152">
	<ele>273.53</ele>
	<time>1970-01-01T00:40:53.752Z</time>
</trkpt>
<trkpt lat="48.1050835" lon="7.2863631">
	<ele>273.11</ele>
	<time>1970-01-01T00:41:04.737Z</time>
</trkpt>
<trkpt lat="48.1045570" lon="7.2866912">
	<ele>271.35</ele>
	<time>1970-01-01T00:41:13.821Z</time>
</trkpt>
<trkpt lat="48.1042900" lon="7.2868381">
	<ele>271.86</ele>
	<time>1970-01-01T00:41:19.622Z</time>
</trkpt>
<trkpt lat="48.1037903" lon="7.2870679">
	<ele>274.93</ele>
	<time>1970-01-01T00:41:32.978Z</time>
</trkpt>
<trkpt lat="48.1032219" lon="7.2873631">
	<ele>279.67</ele>
	<time>1970-01-01T00:41:58.606Z</time>
</trkpt>
<trkpt lat="48.1030617" lon="7.2874622">
	<ele>279.40</ele>
	<time>1970-01-01T00:42:02.948Z</time>
</trkpt>
<trkpt lat="48.1030159" lon="7.2874951">
	<ele>279.37</ele>
	<time>1970-01-01T00:42:04.099Z</time>
</trkpt>
<trkpt lat="48.1029854" lon="7.2875428">
	<ele>279.17</ele>
	<time>1970-01-01T00:42:04.988Z</time>
</trkpt>
<trkpt lat="48.1029701" lon="7.2876310">
	<ele>278.60</ele>
	<time>1970-01-01T00:42:07.229Z</time>
</trkpt>
<trkpt lat="48.1029510" lon="7.2878790">
	<ele>276.85</ele>
	<time>1970-01-01T00:42:10.654Z</time>
</trkpt>
<trkpt lat="48.1029320" lon="7.2879601">
	<ele>276.31</ele>
	<time>1970-01-01T00:42:11.593Z</time>
</trkpt>
<trkpt lat="48.1028976" lon="7.2880440">
	<ele>275.88</ele>
	<time>1970-01-01T00:42:12.567Z</time>
</trkpt>
<trkpt lat="48.1028214" lon="7.2880831">
	<ele>275.83</ele>
	<time>1970-01-01T00:42:13.836Z</time>
</trkpt>
<trkpt lat="48.1023407" lon="7.2881250">
	<ele>273.32</ele>
	<time>1970-01-01T00:42:21.264Z</time>
</trkpt>
<trkpt lat="48.1021957" lon="7.2881122">
	<ele>271.79</ele>
	<time>1970-01-01T00:42:23.086Z</time>
</trkpt>
<trkpt lat="48.1020622" lon="7.2880878">
	<ele>270.80</ele>
	<time>1970-01-01T00:42:24.594Z</time>
</trkpt>
<trkpt lat="48.1016045" lon="7.2879562">
	<ele>267.28</ele>
	<time>1970-01-01T00:42:29.709Z</time>
</trkpt>
<trkpt lat="48.1010323" lon="7.2878089">
	<ele>261.15</ele>
	<time>1970-01-01T00:42:34.829Z</time>
</trkpt>
<trkpt lat="48.1006203" lon="7.2877159">
	<ele>256.76</ele>
	<time>1970-01-01T00:42:38.589Z</time>
</trkpt>
<trkpt lat="48.1006126" lon="7.2877951">
	<ele>256.43</ele>
	<time>1970-01-01T00:42:39.069Z</time>
</trkpt>
<trkpt lat="48.1001892" lon="7.2877002">
	<ele>254.95</ele>
	<time>1970-01-01T00:42:42.829Z</time>
</trkpt>
<trkpt lat="48.0999832" lon="7.2876420">
	<ele>254.46</ele>
	<time>1970-01-01T00:42:44.749Z</time>
</trkpt>
<trkpt lat="48.0996628" lon="7.2875199">
	<ele>254.93</ele>
	<time>1970-01-01T00:42:48.529Z</time>
</trkpt>
<trkpt lat="48.0995445" lon="7.2874932">
	<ele>255.03</ele>
	<time>1970-01-01T00:42:50.051Z</time>
</trkpt>
<trkpt lat="48.0994644" lon="7.2874951">
	<ele>255.02</ele>
	<time>1970-01-01T00:42:51.138Z</time>
</trkpt>
<trkpt lat="48.0993881" lon="7.2875218">
	<ele>254.91</ele>
	<time>1970-01-01T00:42:52.253Z</time>
</trkpt>
<trkpt lat="48.0993004" lon="7.2875838">
	<ele>254.89</ele>
	<time>1970-01-01T00:42:53.580Z</time>
</trkpt>
<trkpt lat="48.0991402" lon="7.2877760">
	<ele>256.07</ele>
	<time>1970-01-01T00:42:56.014Z</time>
</trkpt>
<trkpt lat="48.0989685" lon="7.2879000">
	<ele>255.73</ele>
	<time>1970-01-01T00:42:58.307Z</time>
</trkpt>
<trkpt lat="48.0987854" lon="7.2880111">
	<ele>256.56</ele>
	<time>1970-01-01T00:43:00.770Z</time>
</trkpt>
<trkpt lat="48.0986443" lon="7.2880650">
	<ele>256.90</ele>
	<time>1970-01-01T00:43:02.766Z</time>
</trkpt>
<trkpt lat="48.0985069" lon="7.2880960">
	<ele>256.93</ele>
	<time>1970-01-01T00:43:04.954Z</time>
</trkpt>
<trkpt lat="48.0983925" lon="7.2880969">
	<ele>256.87</ele>
	<time>1970-01-01T00:43:06.738Z</time>
</trkpt>
<trkpt lat="48.0979118" lon="7.2880192">
	<ele>257.64</ele>
	<time>1970-01-01T00:43:14.254Z</time>
</trkpt>
<trkpt lat="48.0976601" lon="7.2879920">
	<ele>258.59</ele>
	<time>1970-01-01T00:43:19.824Z</time>
</trkpt>
<trkpt lat="48.0975494" lon="7.2880058">
	<ele>258.94</ele>
	<time>1970-01-01T00:43:22.466Z</time>
</trkpt>
<trkpt lat="48.0974579" lon="7.2880449">
	<ele>259.30</ele>
	<time>1970-01-01T00:43:24.979Z</time>
</trkpt>
<trkpt lat="48.0974007" lon="7.2880778">
	<ele>259.60</ele>
	<time>1970-01-01T00:43:26.645Z</time>
</trkpt>
<trkpt lat="48.0969925" lon="7.2882948">
	<ele>260.98</ele>
	<time>1970-01-01T00:43:40.445Z</time>
</trkpt>
<trkpt lat="48.0967560" lon="7.2883878">
	<ele>261.44</ele>
	<time>1970-01-01T00:43:47.846Z</time>
</trkpt>
<trkpt lat="48.0966339" lon="7.2884269">
	<ele>261.70</ele>
	<time>1970-01-01T00:43:51.821Z</time>
</trkpt>
<trkpt lat="48.0964813" lon="7.2884588">
	<ele>262.06</ele>
	<time>1970-01-01T00:43:56.594Z</time>
</trkpt>
<trkpt lat="48.0962677" lon="7.2884898">
	<ele>262.94</ele>
	<time>1970-01-01T00:44:03.914Z</time>
</trkpt>
<trkpt lat="48.0960579" lon="7.2885022">
	<ele>263.91</ele>
	<time>1970-01-01T00:44:11.305Z</time>
</trkpt>
<trkpt lat="48.0958138" lon="7.2884831">
	<ele>264.91</ele>
	<time>1970-01-01T00:44:15.964Z</time>
</trkpt>
<trkpt lat="48.0951691" lon="7.2883520">
	<ele>265.92</ele>
	<time>1970-01-01T00:44:37.080Z</time>
</trkpt>
<trkpt lat="48.0949669" lon="7.2882829">
	<ele>266.12</ele>
	<time>1970-01-01T00:44:42.878Z</time>
</trkpt>
<trkpt lat="48.0948639" lon="7.2882152">
	<ele>266.53</ele>
	<time>1970-01-01T00:44:46.585Z</time>
</trkpt>
<trkpt lat="48.0947609" lon="7.2881241">
	<ele>266.93</ele>
	<time>1970-01-01T00:44:50.520Z</time>
</trkpt>
<trkpt lat="48.0947075" lon="7.2880659">
	<ele>267.00</ele>
	<time>1970-01-01T00:44:52.957Z</time>
</trkpt>
<trkpt lat="48.0945129" lon="7.2878051">
	<ele>266.15</ele>
	<time>1970-01-01T00:45:01.003Z</time>
</trkpt>
<trkpt lat="48.0942001" lon="7.2873182">
	<ele>264.27</ele>
	<time>1970-01-01T00:45:09.043Z</time>
</trkpt>
<trkpt lat="48.0941124" lon="7.2871542">
	<ele>263.89</ele>
	<time>1970-01-01T00:45:11.644Z</time>
</trkpt>
<trkpt lat="48.0938759" lon="7.2866669">
	<ele>261.88</ele>
	<time>1970-01-01T00:45:16.919Z</time>
</trkpt>
<trkpt lat="48.0937729" lon="7.2864242">
	<ele>261.17</ele>
	<time>1970-01-01T00:45:19.745Z</time>
</trkpt>
<trkpt lat="48.0936775" lon="7.2863121">
	<ele>259.95</ele>
	<time>1970-01-01T00:45:21.311Z</time>
</trkpt>
<trkpt lat="48.0935593" lon="7.2861972">
	<ele>258.86</ele>
	<time>1970-01-01T00:45:22.984Z</time>
</trkpt>
<trkpt lat="48.0934334" lon="7.2860951">
	<ele>257.36</ele>
	<time>1970-01-01T00:45:25.539Z</time>
</trkpt>
<trkpt lat="48.0932693" lon="7.2860098">
	<ele>255.97</ele>
	<time>1970-01-01T00:45:27.600Z</time>
</trkpt>
<trkpt lat="48.0928154" lon="7.2858338">
	<ele>247.66</ele>
	<time>1970-01-01T00:45:31.760Z</time>
</trkpt>
<trkpt lat="48.0925903" lon="7.2857628">
	<ele>244.75</ele>
	<time>1970-01-01T00:45:33.840Z</time>
</trkpt>
<trkpt lat="48.0923500" lon="7.2857080">
	<ele>240.48</ele>
	<time>1970-01-01T00:45:36.000Z</time>
</trkpt>
<trkpt lat="48.0921860" lon="7.2857151">
	<ele>237.91</ele>
	<time>1970-01-01T00:45:37.440Z</time>
</trkpt>
<trkpt lat="48.0913506" lon="7.2859688">
	<ele>232.93</ele>
	<time>1970-01-01T00:45:45.040Z</time>
</trkpt>
<trkpt lat="48.0908585" lon="7.2861090">
	<ele>232.00</ele>
	<time>1970-01-01T00:45:49.520Z</time>
</trkpt>
<trkpt lat="48.0907364" lon="7.2861080">
	<ele>232.00</ele>
	<time>1970-01-01T00:45:50.640Z</time>
</trkpt>
<trkpt lat="48.0907364" lon="7.2861991">
	<ele>231.91</ele>
	<time>1970-01-01T00:45:51.200Z</time>
</trkpt>
<trkpt lat="48.0904198" lon="7.2863722">
	<ele>230.98</ele>
	<time>1970-01-01T00:45:54.300Z</time>
</trkpt>
<trkpt lat="48.0901375" lon="7.2865500">
	<ele>231.01</ele>
	<time>1970-01-01T00:45:57.441Z</time>
</trkpt>
<trkpt lat="48.0897865" lon="7.2869658">
	<ele>229.95</ele>
	<time>1970-01-01T00:46:02.338Z</time>
</trkpt>
<trkpt lat="48.0896721" lon="7.2871161">
	<ele>229.95</ele>
	<time>1970-01-01T00:46:04.147Z</time>
</trkpt>
<trkpt lat="48.0895958" lon="7.2871919">
	<ele>229.99</ele>
	<time>1970-01-01T00:46:05.262Z</time>
</trkpt>
<trkpt lat="48.0890350" lon="7.2875171">
	<ele>229.93</ele>
	<time>1970-01-01T00:46:12.983Z</time>
</trkpt>
<trkpt lat="48.0889206" lon="7.2875552">
	<ele>229.90</ele>
	<time>1970-01-01T00:46:14.661Z</time>
</trkpt>
<trkpt lat="48.0888367" lon="7.2875652">
	<ele>230.05</ele>
	<time>1970-01-01T00:46:15.985Z</time>
</trkpt>
<trkpt lat="48.0886345" lon="7.2874250">
	<ele>231.02</ele>
	<time>1970-01-01T00:46:19.599Z</time>
</trkpt>
<trkpt lat="48.0885620" lon="7.2873368">
	<ele>231.20</ele>
	<time>1970-01-01T00:46:21.226Z</time>
</trkpt>
<trkpt lat="48.0879402" lon="7.2857881">
	<ele>232.13</ele>
	<time>1970-01-01T00:46:41.641Z</time>
</trkpt>
<trkpt lat="48.0877113" lon="7.2851338">
	<ele>232.12</ele>
	<time>1970-01-01T00:46:49.655Z</time>
</trkpt>
<trkpt lat="48.0873756" lon="7.2838602">
	<ele>232.66</ele>
	<time>1970-01-01T00:47:09.460Z</time>
</trkpt>
<trkpt lat="48.0871582" lon="7.2831340">
	<ele>232.61</ele>
	<time>1970-01-01T00:47:21.803Z</time>
</trkpt>
<trkpt lat="48.0869217" lon="7.2825251">
	<ele>233.84</ele>
	<time>1970-01-01T00:47:31.146Z</time>
</trkpt>
<trkpt lat="48.0867500" lon="7.2819390">
	<ele>233.25</ele>
	<time>1970-01-01T00:47:39.525Z</time>
</trkpt>
<trkpt lat="48.0865593" lon="7.2812152">
	<ele>233.62</ele>
	<time>1970-01-01T00:47:53.236Z</time>
</trkpt>
<trkpt lat="48.0863609" lon="7.2804842">
	<ele>235.15</ele>
	<time>1970-01-01T00:48:08.021Z</time>
</trkpt>
<trkpt lat="48.0862236" lon="7.2797990">
	<ele>234.73</ele>
	<time>1970-01-01T00:48:19.808Z</time>
</trkpt>
<trkpt lat="48.0861855" lon="7.2796178">
	<ele>235.16</ele>
	<time>1970-01-01T00:48:22.866Z</time>
</trkpt>
<trkpt lat="48.0861740" lon="7.2795482">
	<ele>235.61</ele>
	<time>1970-01-01T00:48:23.932Z</time>
</trkpt>
<trkpt lat="48.0861473" lon="7.2795930">
	<ele>235.09</ele>
	<time>1970-01-01T00:48:24.718Z</time>
</trkpt>
<trkpt lat="48.0861244" lon="7.2796340">
	<ele>234.65</ele>
	<time>1970-01-01T00:48:25.499Z</time>
</trkpt>
<trkpt lat="48.0859337" lon="7.2799811">
	<ele>235.53</ele>
	<time>1970-01-01T00:48:30.925Z</time>
</trkpt>
<trkpt lat="48.0859108" lon="7.2800179">
	<ele>235.94</ele>
	<time>1970-01-01T00:48:31.568Z</time>
</trkpt>
<trkpt lat="48.0858727" lon="7.2800889">
	<ele>236.57</ele>
	<time>1970-01-01T00:48:32.697Z</time>
</trkpt>
<trkpt lat="48.0858231" lon="7.2801290">
	<ele>237.07</ele>
	<time>1970-01-01T00:48:33.666Z</time>
</trkpt>
<trkpt lat="48.0857582" lon="7.2802429">
	<ele>237.34</ele>
	<time>1970-01-01T00:48:35.448Z</time>
</trkpt>
<trkpt lat="48.0857315" lon="7.2802901">
	<ele>237.38</ele>
	<time>1970-01-01T00:48:36.260Z</time>
</trkpt>
<trkpt lat="48.0856819" lon="7.2803631">
	<ele>237.39</ele>
	<time>1970-01-01T00:48:37.561Z</time>
</trkpt>
<trkpt lat="48.0856018" lon="7.2804379">
	<ele>237.21</ele>
	<time>1970-01-01T00:48:39.301Z</time>
</trkpt>
<trkpt lat="48.0855675" lon="7.2804642">
	<ele>237.11</ele>
	<time>1970-01-01T00:48:39.995Z</time>
</trkpt>
<trkpt lat="48.0855370" lon="7.2805018">
	<ele>237.01</ele>
	<time>1970-01-01T00:48:40.687Z</time>
</trkpt>
<trkpt lat="48.0854607" lon="7.2806401">
	<ele>236.55</ele>
	<time>1970-01-01T00:48:42.956Z</time>
</trkpt>
<trkpt lat="48.0854111" lon="7.2807631">
	<ele>236.15</ele>
	<time>1970-01-01T00:48:44.746Z</time>
</trkpt>
<trkpt lat="48.0853920" lon="7.2808299">
	<ele>236.01</ele>
	<time>1970-01-01T00:48:45.561Z</time>
</trkpt>
<trkpt lat="48.0853844" lon="7.2810020">
	<ele>235.53</ele>
	<time>1970-01-01T00:48:47.557Z</time>
</trkpt>
<trkpt lat="48.0853043" lon="7.2811370">
	<ele>234.98</ele>
	<time>1970-01-01T00:48:49.454Z</time>
</trkpt>
<trkpt lat="48.0852356" lon="7.2812729">
	<ele>234.99</ele>
	<time>1970-01-01T00:48:51.383Z</time>
</trkpt>
<trkpt lat="48.0851898" lon="7.2813830">
	<ele>235.20</ele>
	<time>1970-01-01T00:48:52.886Z</time>
</trkpt>
<trkpt lat="48.0851173" lon="7.2813392">
	<ele>235.49</ele>
	<time>1970-01-01T00:48:54.339Z</time>
</trkpt>
<trkpt lat="48.0850983" lon="7.2813311">
	<ele>235.57</ele>
	<time>1970-01-01T00:48:54.663Z</time>
</trkpt>
<trkpt lat="48.0849800" lon="7.2813568">
	<ele>235.99</ele>
	<time>1970-01-01T00:48:56.909Z</time>
</trkpt>
<trkpt lat="48.0846443" lon="7.2814450">
	<ele>236.13</ele>
	<time>1970-01-01T00:49:04.232Z</time>
</trkpt>
<trkpt lat="48.0839539" lon="7.2816529">
	<ele>237.04</ele>
	<time>1970-01-01T00:49:21.437Z</time>
</trkpt>
<trkpt lat="48.0837212" lon="7.2816882">
	<ele>236.96</ele>
	<time>1970-01-01T00:49:27.216Z</time>
</trkpt>
<trkpt lat="48.0836563" lon="7.2816839">
	<ele>236.97</ele>
	<time>1970-01-01T00:49:28.915Z</time>
</trkpt>
<trkpt lat="48.0834312" lon="7.2817941">
	<ele>237.02</ele>
	<time>1970-01-01T00:49:34.578Z</time>
</trkpt>
<trkpt lat="48.0834465" lon="7.2818842">
	<ele>237.04</ele>
	<time>1970-01-01T00:49:35.943Z</time>
</trkpt>
<trkpt lat="48.0834312" lon="7.2819920">
	<ele>236.91</ele>
	<time>1970-01-01T00:49:37.486Z</time>
</trkpt>
<trkpt lat="48.0833092" lon="7.2824368">
	<ele>235.93</ele>
	<time>1970-01-01T00:49:42.864Z</time>
</trkpt>
<trkpt lat="48.0832214" lon="7.2829351">
	<ele>235.61</ele>
	<time>1970-01-01T00:49:48.429Z</time>
</trkpt>
<trkpt lat="48.0831795" lon="7.2831421">
	<ele>235.53</ele>
	<time>1970-01-01T00:49:50.710Z</time>
</trkpt>
<trkpt lat="48.0831223" lon="7.2835498">
	<ele>234.92</ele>
	<time>1970-01-01T00:49:55.270Z</time>
</trkpt>
<trkpt lat="48.0830994" lon="7.2836080">
	<ele>234.84</ele>
	<time>1970-01-01T00:49:56.021Z</time>
</trkpt>
<trkpt lat="48.0830650" lon="7.2836471">
	<ele>234.92</ele>
	<time>1970-01-01T00:49:56.776Z</time>
</trkpt>
<trkpt lat="48.0830498" lon="7.2836251">
	<ele>235.00</ele>
	<time>1970-01-01T00:49:57.261Z</time>
</trkpt>
<trkpt lat="48.0830269" lon="7.2836132">
	<ele>235.10</ele>
	<time>1970-01-01T00:49:57.746Z</time>
</trkpt>
<trkpt lat="48.0829926" lon="7.2836180">
	<ele>235.23</ele>
	<time>1970-01-01T00:49:58.394Z</time>
</trkpt>
<trkpt lat="48.0829659" lon="7.2836471">
	<ele>235.30</ele>
	<time>1970-01-01T00:49:59.043Z</time>
</trkpt>
<trkpt lat="48.0829506" lon="7.2836928">
	<ele>235.28</ele>
	<time>1970-01-01T00:49:59.692Z</time>
</trkpt>
<trkpt lat="48.0829506" lon="7.2837429">
	<ele>235.20</ele>
	<time>1970-01-01T00:50:00.342Z</time>
</trkpt>
<trkpt lat="48.0825729" lon="7.2840462">
	<ele>235.77</ele>
	<time>1970-01-01T00:50:08.629Z</time>
</trkpt>
<trkpt lat="48.0824890" lon="7.2841430">
	<ele>236.02</ele>
	<time>1970-01-01T00:50:10.682Z</time>
</trkpt>
<trkpt lat="48.0824203" lon="7.2842278">
	<ele>236.07</ele>
	<time>1970-01-01T00:50:12.283Z</time>
</trkpt>
<trkpt lat="48.0822029" lon="7.2846398">
	<ele>236.00</ele>
	<time>1970-01-01T00:50:18.248Z</time>
</trkpt>
<trkpt lat="48.0819702" lon="7.2851892">
	<ele>235.28</ele>
	<time>1970-01-01T00:50:24.613Z</time>
</trkpt>
<trkpt lat="48.0819130" lon="7.2853379">
	<ele>234.93</ele>
	<time>1970-01-01T00:50:26.317Z</time>
</trkpt>
<trkpt lat="48.0816345" lon="7.2861328">
	<ele>234.93</ele>
	<time>1970-01-01T00:50:34.330Z</time>
</trkpt>
<trkpt lat="48.0815849" lon="7.2862391">
	<ele>234.95</ele>
	<time>1970-01-01T00:50:35.584Z</time>
</trkpt>
<trkpt lat="48.0810623" lon="7.2868810">
	<ele>233.95</ele>
	<time>1970-01-01T00:50:45.850Z</time>
</trkpt>
<trkpt lat="48.0809402" lon="7.2870431">
	<ele>234.48</ele>
	<time>1970-01-01T00:50:48.356Z</time>
</trkpt>
<trkpt lat="48.0795212" lon="7.2888441">
	<ele>234.06</ele>
	<time>1970-01-01T00:51:17.269Z</time>
</trkpt>
<trkpt lat="48.0794029" lon="7.2889738">
	<ele>233.92</ele>
	<time>1970-01-01T00:51:19.660Z</time>
</trkpt>
<trkpt lat="48.0786819" lon="7.2897649">
	<ele>233.01</ele>
	<time>1970-01-01T00:51:35.303Z</time>
</trkpt>
<trkpt lat="48.0776863" lon="7.2909498">
	<ele>231.78</ele>
	<time>1970-01-01T00:51:51.615Z</time>
</trkpt>
<trkpt lat="48.0776138" lon="7.2910309">
	<ele>231.83</ele>
	<time>1970-01-01T00:51:53.020Z</time>
</trkpt>
<trkpt lat="48.0770493" lon="7.2916341">
	<ele>231.00</ele>
	<time>1970-01-01T00:52:06.517Z</time>
</trkpt>
<trkpt lat="48.0768585" lon="7.2918510">
	<ele>231.06</ele>
	<time>1970-01-01T00:52:11.446Z</time>
</trkpt>
<trkpt lat="48.0762100" lon="7.2929440">
	<ele>228.24</ele>
	<time>1970-01-01T00:52:29.748Z</time>
</trkpt>
<trkpt lat="48.0761833" lon="7.2929859">
	<ele>228.05</ele>
	<time>1970-01-01T00:52:30.375Z</time>
</trkpt>
<trkpt lat="48.0761452" lon="7.2930570">
	<ele>227.99</ele>
	<time>1970-01-01T00:52:31.477Z</time>
</trkpt>
<trkpt lat="48.0759659" lon="7.2933159">
	<ele>229.59</ele>
	<time>1970-01-01T00:52:35.680Z</time>
</trkpt>
<trkpt lat="48.0759392" lon="7.2933578">
	<ele>229.72</ele>
	<time>1970-01-01T00:52:36.290Z</time>
</trkpt>
<trkpt lat="48.0758438" lon="7.2936029">
	<ele>230.00</ele>
	<time>1970-01-01T00:52:39.343Z</time>
</trkpt>
<trkpt lat="48.0757599" lon="7.2937608">
	<ele>229.00</ele>
	<time>1970-01-01T00:52:41.449Z</time>
</trkpt>
<trkpt lat="48.0756073" lon="7.2939968">
	<ele>228.85</ele>
	<time>1970-01-01T00:52:44.570Z</time>
</trkpt>
<trkpt lat="48.0755005" lon="7.2941451">
	<ele>229.01</ele>
	<time>1970-01-01T00:52:46.628Z</time>
</trkpt>
<trkpt lat="48.0753136" lon="7.2943411">
	<ele>228.00</ele>
	<time>1970-01-01T00:52:49.989Z</time>
</trkpt>
<trkpt lat="48.0751724" lon="7.2944622">
	<ele>228.00</ele>
	<time>1970-01-01T00:52:52.374Z</time>
</trkpt>
<trkpt lat="48.0749931" lon="7.2945871">
	<ele>228.00</ele>
	<time>1970-01-01T00:52:54.985Z</time>
</trkpt>
<trkpt lat="48.0746269" lon="7.2947659">
	<ele>227.96</ele>
	<time>1970-01-01T00:53:00.290Z</time>
</trkpt>
<trkpt lat="48.0744019" lon="7.2948608">
	<ele>227.97</ele>
	<time>1970-01-01T00:53:03.771Z</time>
</trkpt>
<trkpt lat="48.0742989" lon="7.2949018">
	<ele>227.53</ele>
	<time>1970-01-01T00:53:05.437Z</time>
</trkpt>
<trkpt lat="48.0742531" lon="7.2948871">
	<ele>227.27</ele>
	<time>1970-01-01T00:53:06.141Z</time>
</trkpt>
<trkpt lat="48.0741997" lon="7.2949100">
	<ele>227.06</ele>
	<time>1970-01-01T00:53:06.993Z</time>
</trkpt>
<trkpt lat="48.0741806" lon="7.2949390">
	<ele>227.01</ele>
	<time>1970-01-01T00:53:07.422Z</time>
</trkpt>
<trkpt lat="48.0741653" lon="7.2949719">
	<ele>226.99</ele>
	<time>1970-01-01T00:53:07.853Z</time>
</trkpt>
<trkpt lat="48.0741577" lon="7.2950101">
	<ele>226.99</ele>
	<time>1970-01-01T00:53:08.285Z</time>
</trkpt>
<trkpt lat="48.0741539" lon="7.2950501">
	<ele>226.98</ele>
	<time>1970-01-01T00:53:08.695Z</time>
</trkpt>
<trkpt lat="48.0741615" lon="7.2950888">
	<ele>226.99</ele>
	<time>1970-01-01T00:53:09.106Z</time>
</trkpt>
<trkpt lat="48.0740929" lon="7.2951198">
	<ele>226.96</ele>
	<time>1970-01-01T00:53:10.282Z</time>
</trkpt>
<trkpt lat="48.0733185" lon="7.2957120">
	<ele>225.94</ele>
	<time>1970-01-01T00:53:25.888Z</time>
</trkpt>
<trkpt lat="48.0725060" lon="7.2965078">
	<ele>225.01</ele>
	<time>1970-01-01T00:53:38.700Z</time>
</trkpt>
<trkpt lat="48.0722427" lon="7.2967620">
	<ele>225.05</ele>
	<time>1970-01-01T00:53:43.161Z</time>
</trkpt>
<trkpt lat="48.0719376" lon="7.2970519">
	<ele>223.93</ele>
	<time>1970-01-01T00:53:48.415Z</time>
</trkpt>
<trkpt lat="48.0716743" lon="7.2972698">
	<ele>224.87</ele>
	<time>1970-01-01T00:53:52.969Z</time>
</trkpt>
<trkpt lat="48.0715485" lon="7.2973838">
	<ele>224.26</ele>
	<time>1970-01-01T00:53:55.214Z</time>
</trkpt>
<trkpt lat="48.0715332" lon="7.2973819">
	<ele>224.24</ele>
	<time>1970-01-01T00:53:55.499Z</time>
</trkpt>
<trkpt lat="48.0714874" lon="7.2973990">
	<ele>224.11</ele>
	<time>1970-01-01T00:53:56.214Z</time>
</trkpt>
<trkpt lat="48.0713081" lon="7.2973061">
	<ele>223.95</ele>
	<time>1970-01-01T00:53:59.654Z</time>
</trkpt>
<trkpt lat="48.0711136" lon="7.2971649">
	<ele>224.00</ele>
	<time>1970-01-01T00:54:03.848Z</time>
</trkpt>
<trkpt lat="48.0709229" lon="7.2970529">
	<ele>224.00</ele>
	<time>1970-01-01T00:54:08.362Z</time>
</trkpt>
<trkpt lat="48.0708656" lon="7.2970119">
	<ele>224.00</ele>
	<time>1970-01-01T00:54:09.800Z</time>
</trkpt>
<trkpt lat="48.0708923" lon="7.2969408">
	<ele>224.00</ele>
	<time>1970-01-01T00:54:11.016Z</time>
</trkpt>
<trkpt lat="48.0709038" lon="7.2968869">
	<ele>224.00</ele>
	<time>1970-01-01T00:54:11.819Z</time>
</trkpt>
<trkpt lat="48.0708923" lon="7.2968278">
	<ele>223.99</ele>
	<time>1970-01-01T00:54:12.815Z</time>
</trkpt>
<trkpt lat="48.0708694" lon="7.2967868">
	<ele>224.00</ele>
	<time>1970-01-01T00:54:13.662Z</time>
</trkpt>
<trkpt lat="48.0708046" lon="7.2967911">
	<ele>224.00</ele>
	<time>1970-01-01T00:54:15.126Z</time>
</trkpt>
<trkpt lat="48.0707779" lon="7.2968211">
	<ele>224.00</ele>
	<time>1970-01-01T00:54:15.953Z</time>
</trkpt>
<trkpt lat="48.0707588" lon="7.2968559">
	<ele>224.00</ele>
	<time>1970-01-01T00:54:16.526Z</time>
</trkpt>
<trkpt lat="48.0707321" lon="7.2969170">
	<ele>224.00</ele>
	<time>1970-01-01T00:54:17.477Z</time>
</trkpt>
<trkpt lat="48.0706902" lon="7.2969489">
	<ele>224.00</ele>
	<time>1970-01-01T00:54:18.422Z</time>
</trkpt>
<trkpt lat="48.0699425" lon="7.2985401">
	<ele>222.00</ele>
	<time>1970-01-01T00:54:38.044Z</time>
</trkpt>
<trkpt lat="48.0695724" lon="7.2993932">
	<ele>220.92</ele>
	<time>1970-01-01T00:54:47.639Z</time>
</trkpt>
<trkpt lat="48.0693130" lon="7.3000202">
	<ele>220.36</ele>
	<time>1970-01-01T00:54:54.846Z</time>
</trkpt>
<trkpt lat="48.0691071" lon="7.3006191">
	<ele>220.00</ele>
	<time>1970-01-01T00:55:01.121Z</time>
</trkpt>
<trkpt lat="48.0685997" lon="7.3008208">
	<ele>220.00</ele>
	<time>1970-01-01T00:55:09.253Z</time>
</trkpt>
<trkpt lat="48.0684891" lon="7.3008542">
	<ele>220.06</ele>
	<time>1970-01-01T00:55:10.924Z</time>
</trkpt>
<trkpt lat="48.0683937" lon="7.3009090">
	<ele>220.09</ele>
	<time>1970-01-01T00:55:12.628Z</time>
</trkpt>
<trkpt lat="48.0680351" lon="7.3011951">
	<ele>220.11</ele>
	<time>1970-01-01T00:55:19.264Z</time>
</trkpt>
<trkpt lat="48.0678406" lon="7.3013511">
	<ele>220.07</ele>
	<time>1970-01-01T00:55:22.877Z</time>
</trkpt>
<trkpt lat="48.0677261" lon="7.3014441">
	<ele>219.87</ele>
	<time>1970-01-01T00:55:24.836Z</time>
</trkpt>
<trkpt lat="48.0674210" lon="7.3016410">
	<ele>220.11</ele>
	<time>1970-01-01T00:55:29.698Z</time>
</trkpt>
<trkpt lat="48.0667076" lon="7.3020582">
	<ele>219.11</ele>
	<time>1970-01-01T00:55:39.893Z</time>
</trkpt>
<trkpt lat="48.0660286" lon="7.3024402">
	<ele>218.05</ele>
	<time>1970-01-01T00:55:49.449Z</time>
</trkpt>
<trkpt lat="48.0653305" lon="7.3027511">
	<ele>217.20</ele>
	<time>1970-01-01T00:56:00.895Z</time>
</trkpt>
<trkpt lat="48.0652237" lon="7.3028059">
	<ele>216.88</ele>
	<time>1970-01-01T00:56:02.701Z</time>
</trkpt>
<trkpt lat="48.0652199" lon="7.3029180">
	<ele>216.46</ele>
	<time>1970-01-01T00:56:03.845Z</time>
</trkpt>
<trkpt lat="48.0651436" lon="7.3030610">
	<ele>216.41</ele>
	<time>1970-01-01T00:56:05.627Z</time>
</trkpt>
<trkpt lat="48.0650215" lon="7.3036032">
	<ele>216.23</ele>
	<time>1970-01-01T00:56:10.549Z</time>
</trkpt>
<trkpt lat="48.0648842" lon="7.3039479">
	<ele>213.84</ele>
	<time>1970-01-01T00:56:14.184Z</time>
</trkpt>
<trkpt lat="48.0647392" lon="7.3042731">
	<ele>215.39</ele>
	<time>1970-01-01T00:56:17.628Z</time>
</trkpt>
<trkpt lat="48.0646019" lon="7.3044891">
	<ele>215.05</ele>
	<time>1970-01-01T00:56:20.426Z</time>
</trkpt>
<trkpt lat="48.0642929" lon="7.3048959">
	<ele>215.12</ele>
	<time>1970-01-01T00:56:26.710Z</time>
</trkpt>
<trkpt lat="48.0641174" lon="7.3051009">
	<ele>214.60</ele>
	<time>1970-01-01T00:56:30.139Z</time>
</trkpt>
<trkpt lat="48.0639267" lon="7.3052568">
	<ele>214.94</ele>
	<time>1970-01-01T00:56:33.228Z</time>
</trkpt>
<trkpt lat="48.0636559" lon="7.3054681">
	<ele>214.01</ele>
	<time>1970-01-01T00:56:37.266Z</time>
</trkpt>
<trkpt lat="48.0635452" lon="7.3055420">
	<ele>214.02</ele>
	<time>1970-01-01T00:56:38.954Z</time>
</trkpt>
<trkpt lat="48.0633850" lon="7.3056440">
	<ele>214.08</ele>
	<time>1970-01-01T00:56:41.358Z</time>
</trkpt>
<trkpt lat="48.0628586" lon="7.3059292">
	<ele>214.08</ele>
	<time>1970-01-01T00:56:49.941Z</time>
</trkpt>
<trkpt lat="48.0627251" lon="7.3060088">
	<ele>213.95</ele>
	<time>1970-01-01T00:56:52.293Z</time>
</trkpt>
<trkpt lat="48.0626678" lon="7.3060689">
	<ele>213.74</ele>
	<time>1970-01-01T00:56:53.485Z</time>
</trkpt>
<trkpt lat="48.0626297" lon="7.3061299">
	<ele>213.59</ele>
	<time>1970-01-01T00:56:54.387Z</time>
</trkpt>
<trkpt lat="48.0625458" lon="7.3063378">
	<ele>213.15</ele>
	<time>1970-01-01T00:56:56.968Z</time>
</trkpt>
<trkpt lat="48.0624924" lon="7.3065100">
	<ele>213.05</ele>
	<time>1970-01-01T00:56:59.146Z</time>
</trkpt>
<trkpt lat="48.0624161" lon="7.3067842">
	<ele>212.62</ele>
	<time>1970-01-01T00:57:02.414Z</time>
</trkpt>
<trkpt lat="48.0623932" lon="7.3068509">
	<ele>212.32</ele>
	<time>1970-01-01T00:57:03.318Z</time>
</trkpt>
<trkpt lat="48.0623245" lon="7.3067908">
	<ele>212.62</ele>
	<time>1970-01-01T00:57:04.685Z</time>
</trkpt>
<trkpt lat="48.0617599" lon="7.3063278">
	<ele>213.08</ele>
	<time>1970-01-01T00:57:17.087Z</time>
</trkpt>
<trkpt lat="48.0616608" lon="7.3062382">
	<ele>213.06</ele>
	<time>1970-01-01T00:57:19.450Z</time>
</trkpt>
<trkpt lat="48.0616417" lon="7.3062062">
	<ele>213.04</ele>
	<time>1970-01-01T00:57:19.992Z</time>
</trkpt>
<trkpt lat="48.0615654" lon="7.3062539">
	<ele>213.06</ele>
	<time>1970-01-01T00:57:21.507Z</time>
</trkpt>
<trkpt lat="48.0615273" lon="7.3062611">
	<ele>213.06</ele>
	<time>1970-01-01T00:57:22.137Z</time>
</trkpt>
<trkpt lat="48.0614738" lon="7.3062549">
	<ele>213.06</ele>
	<time>1970-01-01T00:57:23.085Z</time>
</trkpt>
<trkpt lat="48.0613136" lon="7.3062048">
	<ele>213.09</ele>
	<time>1970-01-01T00:57:25.780Z</time>
</trkpt>
<trkpt lat="48.0611725" lon="7.3061600">
	<ele>213.15</ele>
	<time>1970-01-01T00:57:28.078Z</time>
</trkpt>
<trkpt lat="48.0609016" lon="7.3061318">
	<ele>212.21</ele>
	<time>1970-01-01T00:57:32.075Z</time>
</trkpt>
<trkpt lat="48.0608101" lon="7.3061290">
	<ele>211.96</ele>
	<time>1970-01-01T00:57:33.385Z</time>
</trkpt>
<trkpt lat="48.0607262" lon="7.3061218">
	<ele>211.93</ele>
	<time>1970-01-01T00:57:34.588Z</time>
</trkpt>
<trkpt lat="48.0606422" lon="7.3061190">
	<ele>211.97</ele>
	<time>1970-01-01T00:57:35.812Z</time>
</trkpt>
<trkpt lat="48.0604019" lon="7.3061070">
	<ele>212.08</ele>
	<time>1970-01-01T00:57:39.236Z</time>
</trkpt>
<trkpt lat="48.0601730" lon="7.3060780">
	<ele>211.74</ele>
	<time>1970-01-01T00:57:42.563Z</time>
</trkpt>
<trkpt lat="48.0601349" lon="7.3060770">
	<ele>211.56</ele>
	<time>1970-01-01T00:57:43.093Z</time>
</trkpt>
<trkpt lat="48.0597992" lon="7.3060708">
	<ele>211.02</ele>
	<time>1970-01-01T00:57:48.081Z</time>
</trkpt>
<trkpt lat="48.0595474" lon="7.3060932">
	<ele>211.10</ele>
	<time>1970-01-01T00:57:51.999Z</time>
</trkpt>
<trkpt lat="48.0594864" lon="7.3060999">
	<ele>211.07</ele>
	<time>1970-01-01T00:57:53.005Z</time>
</trkpt>
<trkpt lat="48.0587273" lon="7.3060918">
	<ele>210.01</ele>
	<time>1970-01-01T00:58:03.942Z</time>
</trkpt>
<trkpt lat="48.0577202" lon="7.3060570">
	<ele>208.89</ele>
	<time>1970-01-01T00:58:16.767Z</time>
</trkpt>
<trkpt lat="48.0576363" lon="7.3060579">
	<ele>209.02</ele>
	<time>1970-01-01T00:58:18.049Z</time>
</trkpt>
<trkpt lat="48.0575523" lon="7.3060560">
	<ele>209.10</ele>
	<time>1970-01-01T00:58:19.228Z</time>
</trkpt>
<trkpt lat="48.0569572" lon="7.3059669">
	<ele>208.09</ele>
	<time>1970-01-01T00:58:27.526Z</time>
</trkpt>
<trkpt lat="48.0568390" lon="7.3059502">
	<ele>207.84</ele>
	<time>1970-01-01T00:58:29.295Z</time>
</trkpt>
<trkpt lat="48.0565834" lon="7.3059120">
	<ele>207.79</ele>
	<time>1970-01-01T00:58:33.042Z</time>
</trkpt>
<trkpt lat="48.0564346" lon="7.3058548">
	<ele>208.04</ele>
	<time>1970-01-01T00:58:35.290Z</time>
</trkpt>
<trkpt lat="48.0554428" lon="7.3056860">
	<ele>206.63</ele>
	<time>1970-01-01T00:58:48.082Z</time>
</trkpt>
<trkpt lat="48.0553970" lon="7.3056831">
	<ele>206.40</ele>
	<time>1970-01-01T00:58:48.758Z</time>
</trkpt>
<trkpt lat="48.0549774" lon="7.3057332">
	<ele>207.11</ele>
	<time>1970-01-01T00:58:54.803Z</time>
</trkpt>
<trkpt lat="48.0549583" lon="7.3057318">
	<ele>207.09</ele>
	<time>1970-01-01T00:58:55.075Z</time>
</trkpt>
<trkpt lat="48.0548325" lon="7.3056831">
	<ele>206.81</ele>
	<time>1970-01-01T00:58:57.116Z</time>
</trkpt>
<trkpt lat="48.0548019" lon="7.3056698">
	<ele>206.76</ele>
	<time>1970-01-01T00:58:57.706Z</time>
</trkpt>
<trkpt lat="48.0547829" lon="7.3058629">
	<ele>206.15</ele>
	<time>1970-01-01T00:58:59.943Z</time>
</trkpt>
<trkpt lat="48.0547447" lon="7.3062229">
	<ele>206.04</ele>
	<time>1970-01-01T00:59:04.055Z</time>
</trkpt>
<trkpt lat="48.0546913" lon="7.3066282">
	<ele>205.92</ele>
	<time>1970-01-01T00:59:09.168Z</time>
</trkpt>
<trkpt lat="48.0545845" lon="7.3076448">
	<ele>205.13</ele>
	<time>1970-01-01T00:59:18.649Z</time>
</trkpt>
<trkpt lat="48.0545578" lon="7.3078299">
	<ele>205.06</ele>
	<time>1970-01-01T00:59:20.467Z</time>
</trkpt>
<trkpt lat="48.0545425" lon="7.3079801">
	<ele>204.83</ele>
	<time>1970-01-01T00:59:21.935Z</time>
</trkpt>
<trkpt lat="48.0545197" lon="7.3083701">
	<ele>204.95</ele>
	<time>1970-01-01T00:59:25.753Z</time>
</trkpt>
<trkpt lat="48.0545082" lon="7.3085470">
	<ele>205.14</ele>
	<time>1970-01-01T00:59:27.643Z</time>
</trkpt>
<trkpt lat="48.0544968" lon="7.3086929">
	<ele>205.11</ele>
	<time>1970-01-01T00:59:29.267Z</time>
</trkpt>
<trkpt lat="48.0544395" lon="7.3097830">
	<ele>204.09</ele>
	<time>1970-01-01T00:59:43.109Z</time>
</trkpt>
<trkpt lat="48.0543938" lon="7.3100858">
	<ele>204.91</ele>
	<time>1970-01-01T00:59:46.975Z</time>
</trkpt>
<trkpt lat="48.0543022" lon="7.3105521">
	<ele>204.48</ele>
	<time>1970-01-01T00:59:52.381Z</time>
</trkpt>
<trkpt lat="48.0542526" lon="7.3105760">
	<ele>204.30</ele>
	<time>1970-01-01T00:59:53.246Z</time>
</trkpt>
<trkpt lat="48.0541954" lon="7.3106260">
	<ele>204.11</ele>
	<time>1970-01-01T00:59:54.263Z</time>
</trkpt>
<trkpt lat="48.0541344" lon="7.3107271">
	<ele>203.79</ele>
	<time>1970-01-01T00:59:55.649Z</time>
</trkpt>
<trkpt lat="48.0541000" lon="7.3108530">
	<ele>203.40</ele>
	<time>1970-01-01T00:59:56.981Z</time>
</trkpt>
<trkpt lat="48.0540962" lon="7.3110118">
	<ele>203.55</ele>
	<time>1970-01-01T00:59:58.528Z</time>
</trkpt>
<trkpt lat="48.0541229" lon="7.3111339">
	<ele>203.80</ele>
	<time>1970-01-01T00:59:59.850Z</time>
</trkpt>
<trkpt lat="48.0541725" lon="7.3112369">
	<ele>204.03</ele>
	<time>1970-01-01T01:00:01.199Z</time>
</trkpt>
<trkpt lat="48.0542297" lon="7.3113012">
	<ele>204.34</ele>
	<time>1970-01-01T01:00:02.296Z</time>
</trkpt>
<trkpt lat="48.0542984" lon="7.3113408">
	<ele>204.73</ele>
	<time>1970-01-01T01:00:03.410Z</time>
</trkpt>
<trkpt lat="48.0543289" lon="7.3115630">
	<ele>204.39</ele>
	<time>1970-01-01T01:00:05.695Z</time>
</trkpt>
<trkpt lat="48.0543289" lon="7.3118382">
	<ele>203.39</ele>
	<time>1970-01-01T01:00:08.331Z</time>
</trkpt>
<trkpt lat="48.0542603" lon="7.3120489">
	<ele>203.02</ele>
	<time>1970-01-01T01:00:10.578Z</time>
</trkpt>
<trkpt lat="48.0541763" lon="7.3121800">
	<ele>203.01</ele>
	<time>1970-01-01T01:00:12.305Z</time>
</trkpt>
<trkpt lat="48.0541267" lon="7.3124962">
	<ele>202.96</ele>
	<time>1970-01-01T01:00:15.259Z</time>
</trkpt>
<trkpt lat="48.0538712" lon="7.3139329">
	<ele>201.91</ele>
	<time>1970-01-01T01:00:33.488Z</time>
</trkpt>
<trkpt lat="48.0537415" lon="7.3145900">
	<ele>201.31</ele>
	<time>1970-01-01T01:00:40.750Z</time>
</trkpt>
<trkpt lat="48.0536003" lon="7.3151999">
	<ele>201.81</ele>
	<time>1970-01-01T01:00:47.333Z</time>
</trkpt>
<trkpt lat="48.0531998" lon="7.3168921">
	<ele>200.69</ele>
	<time>1970-01-01T01:01:04.684Z</time>
</trkpt>
<trkpt lat="48.0531044" lon="7.3172650">
	<ele>200.05</ele>
	<time>1970-01-01T01:01:09.172Z</time>
</trkpt>
<trkpt lat="48.0529442" lon="7.3177371">
	<ele>200.03</ele>
	<time>1970-01-01T01:01:15.349Z</time>
</trkpt>
<trkpt lat="48.0529251" lon="7.3178029">
	<ele>200.05</ele>
	<time>1970-01-01T01:01:16.133Z</time>
</trkpt>
<trkpt lat="48.0529213" lon="7.3178892">
	<ele>199.92</ele>
	<time>1970-01-01T01:01:17.078Z</time>
</trkpt>
<trkpt lat="48.0529366" lon="7.3179908">
	<ele>199.73</ele>
	<time>1970-01-01T01:01:18.342Z</time>
</trkpt>
<trkpt lat="48.0529633" lon="7.3180451">
	<ele>199.73</ele>
	<time>1970-01-01T01:01:19.135Z</time>
</trkpt>
<trkpt lat="48.0534897" lon="7.3185692">
	<ele>199.63</ele>
	<time>1970-01-01T01:01:30.972Z</time>
</trkpt>
<trkpt lat="48.0535126" lon="7.3186221">
	<ele>199.67</ele>
	<time>1970-01-01T01:01:31.760Z</time>
</trkpt>
<trkpt lat="48.0535164" lon="7.3186998">
	<ele>199.68</ele>
	<time>1970-01-01T01:01:32.710Z</time>
</trkpt>
<trkpt lat="48.0535011" lon="7.3187742">
	<ele>199.63</ele>
	<time>1970-01-01T01:01:33.662Z</time>
</trkpt>
<trkpt lat="48.0528526" lon="7.3207512">
	<ele>199.08</ele>
	<time>1970-01-01T01:01:59.537Z</time>
</trkpt>
<trkpt lat="48.0525551" lon="7.3217921">
	<ele>199.69</ele>
	<time>1970-01-01T01:02:10.287Z</time>
</trkpt>
<trkpt lat="48.0522232" lon="7.3228230">
	<ele>198.06</ele>
	<time>1970-01-01T01:02:21.872Z</time>
</trkpt>
<trkpt lat="48.0517921" lon="7.3241291">
	<ele>197.99</ele>
	<time>1970-01-01T01:02:43.259Z</time>
</trkpt>
<trkpt lat="48.0518036" lon="7.3242192">
	<ele>197.96</ele>
	<time>1970-01-01T01:02:44.539Z</time>
</trkpt>
<trkpt lat="48.0517693" lon="7.3243341">
	<ele>197.64</ele>
	<time>1970-01-01T01:02:46.068Z</time>
</trkpt>
<trkpt lat="48.0516968" lon="7.3245382">
	<ele>197.03</ele>
	<time>1970-01-01T01:02:48.951Z</time>
</trkpt>
<trkpt lat="48.0512810" lon="7.3257442">
	<ele>196.49</ele>
	<time>1970-01-01T01:03:03.394Z</time>
</trkpt>
<trkpt lat="48.0507812" lon="7.3268209">
	<ele>198.72</ele>
	<time>1970-01-01T01:03:17.069Z</time>
</trkpt>
<trkpt lat="48.0506630" lon="7.3270240">
	<ele>198.60</ele>
	<time>1970-01-01T01:03:19.928Z</time>
</trkpt>
<trkpt lat="48.0507164" lon="7.3271098">
	<ele>198.61</ele>
	<time>1970-01-01T01:03:21.167Z</time>
</trkpt>
<trkpt lat="48.0508080" lon="7.3273020">
	<ele>197.74</ele>
	<time>1970-01-01T01:03:23.567Z</time>
</trkpt>
<trkpt lat="48.0511208" lon="7.3280048">
	<ele>200.10</ele>
	<time>1970-01-01T01:03:32.564Z</time>
</trkpt>
<trkpt lat="48.0512161" lon="7.3281798">
	<ele>200.00</ele>
	<time>1970-01-01T01:03:35.279Z</time>
</trkpt>
<trkpt lat="48.0511360" lon="7.3282499">
	<ele>200.05</ele>
	<time>1970-01-01T01:03:36.885Z</time>
</trkpt>
<trkpt lat="48.0510406" lon="7.3282838">
	<ele>199.25</ele>
	<time>1970-01-01T01:03:38.552Z</time>
</trkpt>
<trkpt lat="48.0509605" lon="7.3282862">
	<ele>198.57</ele>
	<time>1970-01-01T01:03:39.928Z</time>
</trkpt>
<trkpt lat="48.0508995" lon="7.3282542">
	<ele>198.20</ele>
	<time>1970-01-01T01:03:41.006Z</time>
</trkpt>
<trkpt lat="48.0508003" lon="7.3281670">
	<ele>197.50</ele>
	<time>1970-01-01T01:03:42.904Z</time>
</trkpt>
<trkpt lat="48.0504913" lon="7.3278222">
	<ele>196.62</ele>
	<time>1970-01-01T01:03:48.765Z</time>
</trkpt>
<trkpt lat="48.0503235" lon="7.3276491">
	<ele>195.76</ele>
	<time>1970-01-01T01:03:51.903Z</time>
</trkpt>
<trkpt lat="48.0498238" lon="7.3273749">
	<ele>194.35</ele>
	<time>1970-01-01T01:04:00.090Z</time>
</trkpt>
<trkpt lat="48.0497284" lon="7.3273091">
	<ele>194.47</ele>
	<time>1970-01-01T01:04:01.751Z</time>
</trkpt>
<trkpt lat="48.0496559" lon="7.3272500">
	<ele>194.68</ele>
	<time>1970-01-01T01:04:03.018Z</time>
</trkpt>
<trkpt lat="48.0494041" lon="7.3270049">
	<ele>194.76</ele>
	<time>1970-01-01T01:04:07.807Z</time>
</trkpt>
<trkpt lat="48.0492897" lon="7.3269248">
	<ele>194.55</ele>
	<time>1970-01-01T01:04:09.898Z</time>
</trkpt>
<trkpt lat="48.0489082" lon="7.3267241">
	<ele>193.93</ele>
	<time>1970-01-01T01:04:15.856Z</time>
</trkpt>
<trkpt lat="48.0478096" lon="7.3262148">
	<ele>193.43</ele>
	<time>1970-01-01T01:04:33.149Z</time>
</trkpt>
<trkpt lat="48.0477295" lon="7.3262029">
	<ele>193.25</ele>
	<time>1970-01-01T01:04:34.592Z</time>
</trkpt>
<trkpt lat="48.0476875" lon="7.3262129">
	<ele>193.02</ele>
	<time>1970-01-01T01:04:35.395Z</time>
</trkpt>
<trkpt lat="48.0476456" lon="7.3262391">
	<ele>192.71</ele>
	<time>1970-01-01T01:04:36.201Z</time>
</trkpt>
<trkpt lat="48.0476112" lon="7.3262758">
	<ele>192.40</ele>
	<time>1970-01-01T01:04:37.007Z</time>
</trkpt>
<trkpt lat="48.0475845" lon="7.3263140">
	<ele>192.17</ele>
	<time>1970-01-01T01:04:37.613Z</time>
</trkpt>
<trkpt lat="48.0475655" lon="7.3263550">
	<ele>192.03</ele>
	<time>1970-01-01T01:04:38.222Z</time>
</trkpt>
<trkpt lat="48.0475426" lon="7.3264279">
	<ele>192.03</ele>
	<time>1970-01-01T01:04:39.083Z</time>
</trkpt>
<trkpt lat="48.0474625" lon="7.3267202">
	<ele>192.90</ele>
	<time>1970-01-01T01:04:41.962Z</time>
</trkpt>
<trkpt lat="48.0473785" lon="7.3270898">
	<ele>192.21</ele>
	<time>1970-01-01T01:04:45.631Z</time>
</trkpt>
<trkpt lat="48.0471725" lon="7.3286161">
	<ele>192.06</ele>
	<time>1970-01-01T01:05:02.322Z</time>
</trkpt>
<trkpt lat="48.0471268" lon="7.3289580">
	<ele>191.56</ele>
	<time>1970-01-01T01:05:06.611Z</time>
</trkpt>
<trkpt lat="48.0471077" lon="7.3292089">
	<ele>190.97</ele>
	<time>1970-01-01T01:05:09.956Z</time>
</trkpt>
<trkpt lat="48.0470352" lon="7.3308210">
	<ele>191.00</ele>
	<time>1970-01-01T01:05:29.764Z</time>
</trkpt>
<trkpt lat="48.0469780" lon="7.3311849">
	<ele>191.21</ele>
	<time>1970-01-01T01:05:33.694Z</time>
</trkpt>
<trkpt lat="48.0469322" lon="7.3315248">
	<ele>192.07</ele>
	<time>1970-01-01T01:05:37.110Z</time>
</trkpt>
<trkpt lat="48.0469208" lon="7.3317218">
	<ele>192.03</ele>
	<time>1970-01-01T01:05:39.057Z</time>
</trkpt>
<trkpt lat="48.0469170" lon="7.3323412">
	<ele>191.58</ele>
	<time>1970-01-01T01:05:46.443Z</time>
</trkpt>
<trkpt lat="48.0469627" lon="7.3329430">
	<ele>191.61</ele>
	<time>1970-01-01T01:05:54.186Z</time>
</trkpt>
<trkpt lat="48.0469780" lon="7.3333631">
	<ele>191.97</ele>
	<time>1970-01-01T01:05:59.794Z</time>
</trkpt>
<trkpt lat="48.0469627" lon="7.3339200">
	<ele>192.00</ele>
	<time>1970-01-01T01:06:05.227Z</time>
</trkpt>
<trkpt lat="48.0468178" lon="7.3361392">
	<ele>191.00</ele>
	<time>1970-01-01T01:06:35.614Z</time>
</trkpt>
<trkpt lat="48.0468407" lon="7.3376360">
	<ele>191.00</ele>
	<time>1970-01-01T01:06:51.923Z</time>
</trkpt>
<trkpt lat="48.0468597" lon="7.3381548">
	<ele>191.00</ele>
	<time>1970-01-01T01:06:57.723Z</time>
</trkpt>
<trkpt lat="48.0469666" lon="7.3389411">
	<ele>191.00</ele>
	<time>1970-01-01T01:07:06.606Z</time>
</trkpt>
<trkpt lat="48.0470428" lon="7.3392978">
	<ele>191.00</ele>
	<time>1970-01-01T01:07:10.933Z</time>
</trkpt>
<trkpt lat="48.0471535" lon="7.3397479">
	<ele>191.00</ele>
	<time>1970-01-01T01:07:16.313Z</time>
</trkpt>
<trkpt lat="48.0471611" lon="7.3398962">
	<ele>191.00</ele>
	<time>1970-01-01T01:07:17.996Z</time>
</trkpt>
<trkpt lat="48.0471497" lon="7.3400431">
	<ele>191.00</ele>
	<time>1970-01-01T01:07:19.693Z</time>
</trkpt>
<trkpt lat="48.0470085" lon="7.3407688">
	<ele>190.28</ele>
	<time>1970-01-01T01:07:29.489Z</time>
</trkpt>
<trkpt lat="48.0469971" lon="7.3410382">
	<ele>189.99</ele>
	<time>1970-01-01T01:07:33.160Z</time>
</trkpt>
<trkpt lat="48.0470047" lon="7.3412929">
	<ele>190.72</ele>
	<time>1970-01-01T01:07:37.061Z</time>
</trkpt>
<trkpt lat="48.0470390" lon="7.3416548">
	<ele>191.00</ele>
	<time>1970-01-01T01:07:43.461Z</time>
</trkpt>
<trkpt lat="48.0471191" lon="7.3421278">
	<ele>191.00</ele>
	<time>1970-01-01T01:07:50.776Z</time>
</trkpt>
<trkpt lat="48.0471878" lon="7.3425059">
	<ele>191.00</ele>
	<time>1970-01-01T01:07:55.622Z</time>
</trkpt>
<trkpt lat="48.0471802" lon="7.3426452">
	<ele>191.00</ele>
	<time>1970-01-01T01:07:57.292Z</time>
</trkpt>
<trkpt lat="48.0471611" lon="7.3427100">
	<ele>191.00</ele>
	<time>1970-01-01T01:07:58.128Z</time>
</trkpt>
<trkpt lat="48.0471039" lon="7.3428640">
	<ele>191.00</ele>
	<time>1970-01-01T01:08:00.300Z</time>
</trkpt>
<trkpt lat="48.0468254" lon="7.3434591">
	<ele>191.00</ele>
	<time>1970-01-01T01:08:09.323Z</time>
</trkpt>
<trkpt lat="48.0466461" lon="7.3438549">
	<ele>191.00</ele>
	<time>1970-01-01T01:08:14.707Z</time>
</trkpt>
<trkpt lat="48.0462227" lon="7.3447790">
	<ele>191.05</ele>
	<time>1970-01-01T01:08:25.710Z</time>
</trkpt>
<trkpt lat="48.0455627" lon="7.3462029">
	<ele>191.04</ele>
	<time>1970-01-01T01:08:48.683Z</time>
</trkpt>
<trkpt lat="48.0455475" lon="7.3462329">
	<ele>191.05</ele>
	<time>1970-01-01T01:08:49.199Z</time>
</trkpt>
<trkpt lat="48.0454292" lon="7.3465419">
	<ele>190.64</ele>
	<time>1970-01-01T01:08:54.436Z</time>
</trkpt>
<trkpt lat="48.0449448" lon="7.3478971">
	<ele>191.00</ele>
	<time>1970-01-01T01:09:23.437Z</time>
</trkpt>
<trkpt lat="48.0447121" lon="7.3486829">
	<ele>191.00</ele>
	<time>1970-01-01T01:09:34.197Z</time>
</trkpt>
<trkpt lat="48.0446320" lon="7.3489518">
	<ele>191.00</ele>
	<time>1970-01-01T01:09:37.672Z</time>
</trkpt>
<trkpt lat="48.0441856" lon="7.3509569">
	<ele>191.63</ele>
	<time>1970-01-01T01:10:05.234Z</time>
</trkpt>
<trkpt lat="48.0441055" lon="7.3511848">
	<ele>190.94</ele>
	<time>1970-01-01T01:10:09.142Z</time>
</trkpt>
<trkpt lat="48.0437241" lon="7.3515310">
	<ele>191.00</ele>
	<time>1970-01-01T01:10:20.596Z</time>
</trkpt>
<trkpt lat="48.0437088" lon="7.3538232">
	<ele>190.73</ele>
	<time>1970-01-01T01:10:51.584Z</time>
</trkpt>
<trkpt lat="48.0447350" lon="7.3544612">
	<ele>190.98</ele>
	<time>1970-01-01T01:11:15.176Z</time>
</trkpt>
<trkpt lat="48.0448647" lon="7.3545661">
	<ele>190.79</ele>
	<time>1970-01-01T01:11:17.545Z</time>
</trkpt>
<trkpt lat="48.0449753" lon="7.3546758">
	<ele>191.00</ele>
	<time>1970-01-01T01:11:19.560Z</time>
</trkpt>
<trkpt lat="48.0451317" lon="7.3548708">
	<ele>190.98</ele>
	<time>1970-01-01T01:11:22.597Z</time>
</trkpt>
<trkpt lat="48.0451736" lon="7.3549409">
	<ele>191.29</ele>
	<time>1970-01-01T01:11:23.549Z</time>
</trkpt>
<trkpt lat="48.0452194" lon="7.3550239">
	<ele>191.69</ele>
	<time>1970-01-01T01:11:24.720Z</time>
</trkpt>
<trkpt lat="48.0458107" lon="7.3559809">
	<ele>191.60</ele>
	<time>1970-01-01T01:11:40.286Z</time>
</trkpt>
<trkpt lat="48.0459824" lon="7.3562212">
	<ele>191.50</ele>
	<time>1970-01-01T01:11:45.089Z</time>
</trkpt>
<trkpt lat="48.0461197" lon="7.3563671">
	<ele>192.06</ele>
	<time>1970-01-01T01:11:49.000Z</time>
</trkpt>
<trkpt lat="48.0462837" lon="7.3564768">
	<ele>191.13</ele>
	<time>1970-01-01T01:11:53.808Z</time>
</trkpt>
<trkpt lat="48.0474243" lon="7.3567681">
	<ele>190.68</ele>
	<time>1970-01-01T01:12:17.723Z</time>
</trkpt>
<trkpt lat="48.0476913" lon="7.3569040">
	<ele>191.64</ele>
	<time>1970-01-01T01:12:26.220Z</time>
</trkpt>
<trkpt lat="48.0478554" lon="7.3570070">
	<ele>191.53</ele>
	<time>1970-01-01T01:12:29.969Z</time>
</trkpt>
<trkpt lat="48.0480499" lon="7.3573251">
	<ele>190.27</ele>
	<time>1970-01-01T01:12:33.909Z</time>
</trkpt>
<trkpt lat="48.0481720" lon="7.3576288">
	<ele>189.65</ele>
	<time>1970-01-01T01:12:37.028Z</time>
</trkpt>
<trkpt lat="48.0483131" lon="7.3580441">
	<ele>191.96</ele>
	<time>1970-01-01T01:12:42.613Z</time>
</trkpt>
<trkpt lat="48.0484848" lon="7.3586721">
	<ele>190.06</ele>
	<time>1970-01-01T01:12:51.333Z</time>
</trkpt>
<trkpt lat="48.0488548" lon="7.3601618">
	<ele>191.05</ele>
	<time>1970-01-01T01:13:13.856Z</time>
</trkpt>
<trkpt lat="48.0495262" lon="7.3624530">
	<ele>190.13</ele>
	<time>1970-01-01T01:13:37.476Z</time>
</trkpt>
<trkpt lat="48.0499992" lon="7.3640909">
	<ele>191.17</ele>
	<time>1970-01-01T01:13:53.155Z</time>
</trkpt>
<trkpt lat="48.0505104" lon="7.3657160">
	<ele>191.20</ele>
	<time>1970-01-01T01:14:14.118Z</time>
</trkpt>
<trkpt lat="48.0508957" lon="7.3667202">
	<ele>190.71</ele>
	<time>1970-01-01T01:14:23.996Z</time>
</trkpt>
<trkpt lat="48.0509720" lon="7.3668432">
	<ele>190.08</ele>
	<time>1970-01-01T01:14:25.767Z</time>
</trkpt>
<trkpt lat="48.0510902" lon="7.3670011">
	<ele>191.09</ele>
	<time>1970-01-01T01:14:29.016Z</time>
</trkpt>
<trkpt lat="48.0511322" lon="7.3670921">
	<ele>191.79</ele>
	<time>1970-01-01T01:14:30.546Z</time>
</trkpt>
<trkpt lat="48.0511665" lon="7.3671741">
	<ele>192.20</ele>
	<time>1970-01-01T01:14:31.965Z</time>
</trkpt>
<trkpt lat="48.0511818" lon="7.3672371">
	<ele>192.24</ele>
	<time>1970-01-01T01:14:33.040Z</time>
</trkpt>
<trkpt lat="48.0511093" lon="7.3672652">
	<ele>191.96</ele>
	<time>1970-01-01T01:14:34.620Z</time>
</trkpt>
<trkpt lat="48.0510445" lon="7.3672948">
	<ele>191.44</ele>
	<time>1970-01-01T01:14:36.077Z</time>
</trkpt>
<trkpt lat="48.0508156" lon="7.3674011">
	<ele>190.30</ele>
	<time>1970-01-01T01:14:39.990Z</time>
</trkpt>
<trkpt lat="48.0496788" lon="7.3679018">
	<ele>191.16</ele>
	<time>1970-01-01T01:15:05.352Z</time>
</trkpt>
<trkpt lat="48.0495872" lon="7.3679419">
	<ele>191.46</ele>
	<time>1970-01-01T01:15:07.309Z</time>
</trkpt>
<trkpt lat="48.0495872" lon="7.3679428">
	<ele>191.46</ele>
	<time>1970-01-01T01:08:37.267Z</time>
</trkpt>
<trkpt lat="48.0496025" lon="7.3680158">
	<ele>191.46</ele>
	<time>1970-01-01T01:08:38.292Z</time>
</trkpt>
<trkpt lat="48.0496826" lon="7.3681908">
	<ele>190.55</ele>
	<time>1970-01-01T01:08:41.396Z</time>
</trkpt>
<trkpt lat="48.0497704" lon="7.3682261">
	<ele>190.42</ele>
	<time>1970-01-01T01:08:43.433Z</time>
</trkpt>
<trkpt lat="48.0498390" lon="7.3683038">
	<ele>190.45</ele>
	<time>1970-01-01T01:08:45.495Z</time>
</trkpt>
<trkpt lat="48.0500069" lon="7.3686228">
	<ele>190.00</ele>
	<time>1970-01-01T01:08:50.593Z</time>
</trkpt>
<trkpt lat="48.0500793" lon="7.3688250">
	<ele>190.11</ele>
	<time>1970-01-01T01:08:53.866Z</time>
</trkpt>
<trkpt lat="48.0501175" lon="7.3689990">
	<ele>189.53</ele>
	<time>1970-01-01T01:08:56.881Z</time>
</trkpt>
<trkpt lat="48.0501175" lon="7.3690948">
	<ele>189.09</ele>
	<time>1970-01-01T01:08:58.564Z</time>
</trkpt>
<trkpt lat="48.0501289" lon="7.3694539">
	<ele>189.96</ele>
	<time>1970-01-01T01:09:06.359Z</time>
</trkpt>
<trkpt lat="48.0501328" lon="7.3696880">
	<ele>190.00</ele>
	<time>1970-01-01T01:09:11.353Z</time>
</trkpt>
<trkpt lat="48.0501328" lon="7.3699021">
	<ele>190.00</ele>
	<time>1970-01-01T01:09:14.599Z</time>
</trkpt>
<trkpt lat="48.0500908" lon="7.3702769">
	<ele>190.00</ele>
	<time>1970-01-01T01:09:21.592Z</time>
</trkpt>
<trkpt lat="48.0500298" lon="7.3706722">
	<ele>190.00</ele>
	<time>1970-01-01T01:09:29.234Z</time>
</trkpt>
<trkpt lat="48.0499916" lon="7.3710141">
	<ele>189.85</ele>
	<time>1970-01-01T01:09:34.191Z</time>
</trkpt>
<trkpt lat="48.0499916" lon="7.3711200">
	<ele>190.03</ele>
	<time>1970-01-01T01:09:35.499Z</time>
</trkpt>
<trkpt lat="48.0500221" lon="7.3711920">
	<ele>190.36</ele>
	<time>1970-01-01T01:09:36.364Z</time>
</trkpt>
<trkpt lat="48.0500793" lon="7.3712540">
	<ele>190.48</ele>
	<time>1970-01-01T01:09:37.404Z</time>
</trkpt>
<trkpt lat="48.0502701" lon="7.3713670">
	<ele>189.86</ele>
	<time>1970-01-01T01:09:40.200Z</time>
</trkpt>
<trkpt lat="48.0507622" lon="7.3716159">
	<ele>189.95</ele>
	<time>1970-01-01T01:09:47.045Z</time>
</trkpt>
<trkpt lat="48.0509949" lon="7.3716860">
	<ele>190.02</ele>
	<time>1970-01-01T01:09:50.306Z</time>
</trkpt>
<trkpt lat="48.0512466" lon="7.3716831">
	<ele>190.00</ele>
	<time>1970-01-01T01:09:54.042Z</time>
</trkpt>
<trkpt lat="48.0513840" lon="7.3716912">
	<ele>189.98</ele>
	<time>1970-01-01T01:09:56.126Z</time>
</trkpt>
<trkpt lat="48.0514755" lon="7.3717341">
	<ele>189.90</ele>
	<time>1970-01-01T01:09:57.545Z</time>
</trkpt>
<trkpt lat="48.0515442" lon="7.3718061">
	<ele>189.80</ele>
	<time>1970-01-01T01:09:58.840Z</time>
</trkpt>
<trkpt lat="48.0515671" lon="7.3718920">
	<ele>189.81</ele>
	<time>1970-01-01T01:09:59.858Z</time>
</trkpt>
<trkpt lat="48.0515823" lon="7.3720002">
	<ele>190.24</ele>
	<time>1970-01-01T01:10:01.033Z</time>
</trkpt>
<trkpt lat="48.0515785" lon="7.3720708">
	<ele>190.75</ele>
	<time>1970-01-01T01:10:01.773Z</time>
</trkpt>
<trkpt lat="48.0515709" lon="7.3721228">
	<ele>191.31</ele>
	<time>1970-01-01T01:10:02.368Z</time>
</trkpt>
<trkpt lat="48.0514946" lon="7.3723869">
	<ele>194.61</ele>
	<time>1970-01-01T01:10:05.687Z</time>
</trkpt>
<trkpt lat="48.0513763" lon="7.3728180">
	<ele>191.59</ele>
	<time>1970-01-01T01:10:10.103Z</time>
</trkpt>
<trkpt lat="48.0513382" lon="7.3729010">
	<ele>190.71</ele>
	<time>1970-01-01T01:10:10.982Z</time>
</trkpt>
<trkpt lat="48.0512695" lon="7.3729868">
	<ele>190.08</ele>
	<time>1970-01-01T01:10:12.199Z</time>
</trkpt>
<trkpt lat="48.0512009" lon="7.3730078">
	<ele>190.04</ele>
	<time>1970-01-01T01:10:13.197Z</time>
</trkpt>
<trkpt lat="48.0510941" lon="7.3729930">
	<ele>190.09</ele>
	<time>1970-01-01T01:10:14.731Z</time>
</trkpt>
<trkpt lat="48.0508919" lon="7.3727689">
	<ele>190.22</ele>
	<time>1970-01-01T01:10:18.670Z</time>
</trkpt>
<trkpt lat="48.0502129" lon="7.3723550">
	<ele>191.01</ele>
	<time>1970-01-01T01:10:35.633Z</time>
</trkpt>
<trkpt lat="48.0499992" lon="7.3722439">
	<ele>189.86</ele>
	<time>1970-01-01T01:10:40.383Z</time>
</trkpt>
<trkpt lat="48.0497780" lon="7.3721600">
	<ele>190.34</ele>
	<time>1970-01-01T01:10:44.235Z</time>
</trkpt>
<trkpt lat="48.0497169" lon="7.3721671">
	<ele>190.26</ele>
	<time>1970-01-01T01:10:45.261Z</time>
</trkpt>
<trkpt lat="48.0496407" lon="7.3722110">
	<ele>190.04</ele>
	<time>1970-01-01T01:10:46.593Z</time>
</trkpt>
<trkpt lat="48.0495834" lon="7.3723249">
	<ele>189.89</ele>
	<time>1970-01-01T01:10:48.239Z</time>
</trkpt>
<trkpt lat="48.0494919" lon="7.3726730">
	<ele>190.00</ele>
	<time>1970-01-01T01:10:54.006Z</time>
</trkpt>
<trkpt lat="48.0493698" lon="7.3732109">
	<ele>190.00</ele>
	<time>1970-01-01T01:11:01.681Z</time>
</trkpt>
<trkpt lat="48.0494385" lon="7.3735871">
	<ele>190.00</ele>
	<time>1970-01-01T01:11:08.689Z</time>
</trkpt>
<trkpt lat="48.0495987" lon="7.3746209">
	<ele>190.00</ele>
	<time>1970-01-01T01:11:26.820Z</time>
</trkpt>
<trkpt lat="48.0496254" lon="7.3750281">
	<ele>190.00</ele>
	<time>1970-01-01T01:11:32.126Z</time>
</trkpt>
<trkpt lat="48.0496178" lon="7.3752489">
	<ele>190.00</ele>
	<time>1970-01-01T01:11:34.923Z</time>
</trkpt>
<trkpt lat="48.0489464" lon="7.3771629">
	<ele>190.00</ele>
	<time>1970-01-01T01:12:07.621Z</time>
</trkpt>
<trkpt lat="48.0486145" lon="7.3781099">
	<ele>190.00</ele>
	<time>1970-01-01T01:12:24.746Z</time>
</trkpt>
<trkpt lat="48.0481873" lon="7.3792639">
	<ele>190.19</ele>
	<time>1970-01-01T01:12:44.587Z</time>
</trkpt>
<trkpt lat="48.0480766" lon="7.3796110">
	<ele>191.10</ele>
	<time>1970-01-01T01:12:48.817Z</time>
</trkpt>
<trkpt lat="48.0480614" lon="7.3796701">
	<ele>191.08</ele>
	<time>1970-01-01T01:12:49.562Z</time>
</trkpt>
<trkpt lat="48.0478897" lon="7.3802471">
	<ele>190.64</ele>
	<time>1970-01-01T01:12:56.382Z</time>
</trkpt>
<trkpt lat="48.0473633" lon="7.3821540">
	<ele>189.96</ele>
	<time>1970-01-01T01:13:21.512Z</time>
</trkpt>
<trkpt lat="48.0468521" lon="7.3839312">
	<ele>191.00</ele>
	<time>1970-01-01T01:13:54.991Z</time>
</trkpt>
<trkpt lat="48.0465698" lon="7.3849568">
	<ele>191.00</ele>
	<time>1970-01-01T01:14:08.922Z</time>
</trkpt>
<trkpt lat="48.0463486" lon="7.3857741">
	<ele>191.00</ele>
	<time>1970-01-01T01:14:21.804Z</time>
</trkpt>
<trkpt lat="48.0461922" lon="7.3863468">
	<ele>191.00</ele>
	<time>1970-01-01T01:14:30.678Z</time>
</trkpt>
<trkpt lat="48.0455856" lon="7.3884482">
	<ele>191.00</ele>
	<time>1970-01-01T01:14:54.858Z</time>
</trkpt>
<trkpt lat="48.0454559" lon="7.3888431">
	<ele>191.00</ele>
	<time>1970-01-01T01:14:58.902Z</time>
</trkpt>
<trkpt lat="48.0453796" lon="7.3891969">
	<ele>191.00</ele>
	<time>1970-01-01T01:15:01.984Z</time>
</trkpt>
<trkpt lat="48.0453835" lon="7.3894939">
	<ele>191.00</ele>
	<time>1970-01-01T01:15:04.386Z</time>
</trkpt>
<trkpt lat="48.0454140" lon="7.3900399">
	<ele>191.00</ele>
	<time>1970-01-01T01:15:08.467Z</time>
</trkpt>
<trkpt lat="48.0454178" lon="7.3902268">
	<ele>191.00</ele>
	<time>1970-01-01T01:15:09.889Z</time>
</trkpt>
<trkpt lat="48.0453911" lon="7.3903818">
	<ele>190.97</ele>
	<time>1970-01-01T01:15:11.115Z</time>
</trkpt>
<trkpt lat="48.0452461" lon="7.3909211">
	<ele>191.77</ele>
	<time>1970-01-01T01:15:15.060Z</time>
</trkpt>
<trkpt lat="48.0451660" lon="7.3913298">
	<ele>190.99</ele>
	<time>1970-01-01T01:15:18.119Z</time>
</trkpt>
<trkpt lat="48.0451202" lon="7.3917379">
	<ele>191.00</ele>
	<time>1970-01-01T01:15:21.333Z</time>
</trkpt>
<trkpt lat="48.0451126" lon="7.3918691">
	<ele>191.00</ele>
	<time>1970-01-01T01:15:22.400Z</time>
</trkpt>
<trkpt lat="48.0451088" lon="7.3929968">
	<ele>191.00</ele>
	<time>1970-01-01T01:15:33.073Z</time>
</trkpt>
<trkpt lat="48.0450897" lon="7.3932862">
	<ele>190.95</ele>
	<time>1970-01-01T01:15:36.193Z</time>
</trkpt>
<trkpt lat="48.0450516" lon="7.3936300">
	<ele>191.95</ele>
	<time>1970-01-01T01:15:40.004Z</time>
</trkpt>
<trkpt lat="48.0449982" lon="7.3940110">
	<ele>192.00</ele>
	<time>1970-01-01T01:15:44.388Z</time>
</trkpt>
<trkpt lat="48.0449448" lon="7.3943682">
	<ele>191.98</ele>
	<time>1970-01-01T01:15:48.569Z</time>
</trkpt>
<trkpt lat="48.0448761" lon="7.3947301">
	<ele>190.99</ele>
	<time>1970-01-01T01:15:52.740Z</time>
</trkpt>
<trkpt lat="48.0446205" lon="7.3958788">
	<ele>192.05</ele>
	<time>1970-01-01T01:16:07.442Z</time>
</trkpt>
<trkpt lat="48.0443344" lon="7.3972101">
	<ele>192.12</ele>
	<time>1970-01-01T01:16:19.768Z</time>
</trkpt>
<trkpt lat="48.0442696" lon="7.3975391">
	<ele>191.71</ele>
	<time>1970-01-01T01:16:23.381Z</time>
</trkpt>
<trkpt lat="48.0441208" lon="7.3985519">
	<ele>191.09</ele>
	<time>1970-01-01T01:16:32.411Z</time>
</trkpt>
<trkpt lat="48.0440941" lon="7.3988452">
	<ele>191.74</ele>
	<time>1970-01-01T01:16:35.072Z</time>
</trkpt>
<trkpt lat="48.0440788" lon="7.3990850">
	<ele>192.05</ele>
	<time>1970-01-01T01:16:37.155Z</time>
</trkpt>
<trkpt lat="48.0440674" lon="7.3993740">
	<ele>192.12</ele>
	<time>1970-01-01T01:16:39.853Z</time>
</trkpt>
<trkpt lat="48.0440712" lon="7.4004312">
	<ele>191.89</ele>
	<time>1970-01-01T01:16:53.345Z</time>
</trkpt>
<trkpt lat="48.0440559" lon="7.4007368">
	<ele>192.11</ele>
	<time>1970-01-01T01:16:57.754Z</time>
</trkpt>
<trkpt lat="48.0440063" lon="7.4011230">
	<ele>191.60</ele>
	<time>1970-01-01T01:17:03.847Z</time>
</trkpt>
<trkpt lat="48.0438156" lon="7.4023151">
	<ele>192.00</ele>
	<time>1970-01-01T01:17:21.959Z</time>
</trkpt>
<trkpt lat="48.0432777" lon="7.4049258">
	<ele>192.00</ele>
	<time>1970-01-01T01:18:03.392Z</time>
</trkpt>
<trkpt lat="48.0430565" lon="7.4060488">
	<ele>192.00</ele>
	<time>1970-01-01T01:18:17.830Z</time>
</trkpt>
<trkpt lat="48.0427818" lon="7.4077039">
	<ele>192.00</ele>
	<time>1970-01-01T01:18:35.475Z</time>
</trkpt>
<trkpt lat="48.0427208" lon="7.4081340">
	<ele>192.24</ele>
	<time>1970-01-01T01:18:40.857Z</time>
</trkpt>
<trkpt lat="48.0426712" lon="7.4085679">
	<ele>193.02</ele>
	<time>1970-01-01T01:18:47.330Z</time>
</trkpt>
<trkpt lat="48.0426331" lon="7.4092441">
	<ele>193.40</ele>
	<time>1970-01-01T01:19:00.510Z</time>
</trkpt>
<trkpt lat="48.0426292" lon="7.4092989">
	<ele>193.27</ele>
	<time>1970-01-01T01:19:01.376Z</time>
</trkpt>
<trkpt lat="48.0431404" lon="7.4092550">
	<ele>193.63</ele>
	<time>1970-01-01T01:19:14.961Z</time>
</trkpt>
<trkpt lat="48.0433884" lon="7.4092512">
	<ele>193.37</ele>
	<time>1970-01-01T01:19:21.222Z</time>
</trkpt>
<trkpt lat="48.0434685" lon="7.4092460">
	<ele>193.68</ele>
	<time>1970-01-01T01:19:23.135Z</time>
</trkpt>
<trkpt lat="48.0435066" lon="7.4092560">
	<ele>193.88</ele>
	<time>1970-01-01T01:19:23.972Z</time>
</trkpt>
<trkpt lat="48.0435371" lon="7.4092751">
	<ele>194.03</ele>
	<time>1970-01-01T01:19:24.746Z</time>
</trkpt>
<trkpt lat="48.0435677" lon="7.4093070">
	<ele>194.15</ele>
	<time>1970-01-01T01:19:25.516Z</time>
</trkpt>
<trkpt lat="48.0436211" lon="7.4093990">
	<ele>194.06</ele>
	<time>1970-01-01T01:19:27.120Z</time>
</trkpt>
<trkpt lat="48.0436363" lon="7.4094701">
	<ele>193.88</ele>
	<time>1970-01-01T01:19:28.185Z</time>
</trkpt>
<trkpt lat="48.0435638" lon="7.4095998">
	<ele>193.55</ele>
	<time>1970-01-01T01:19:30.206Z</time>
</trkpt>
<trkpt lat="48.0433121" lon="7.4100242">
	<ele>193.94</ele>
	<time>1970-01-01T01:19:35.639Z</time>
</trkpt>
<trkpt lat="48.0432167" lon="7.4102292">
	<ele>193.11</ele>
	<time>1970-01-01T01:19:38.258Z</time>
</trkpt>
<trkpt lat="48.0431519" lon="7.4103942">
	<ele>193.15</ele>
	<time>1970-01-01T01:19:40.135Z</time>
</trkpt>
<trkpt lat="48.0431023" lon="7.4105349">
	<ele>193.79</ele>
	<time>1970-01-01T01:19:41.784Z</time>
</trkpt>
<trkpt lat="48.0430374" lon="7.4107928">
	<ele>193.11</ele>
	<time>1970-01-01T01:19:44.596Z</time>
</trkpt>
<trkpt lat="48.0429840" lon="7.4110599">
	<ele>192.77</ele>
	<time>1970-01-01T01:19:47.688Z</time>
</trkpt>
<trkpt lat="48.0429192" lon="7.4115291">
	<ele>193.03</ele>
	<time>1970-01-01T01:19:54.161Z</time>
</trkpt>
<trkpt lat="48.0428848" lon="7.4116659">
	<ele>193.00</ele>
	<time>1970-01-01T01:19:56.241Z</time>
</trkpt>
<trkpt lat="48.0428276" lon="7.4120212">
	<ele>193.00</ele>
	<time>1970-01-01T01:20:01.560Z</time>
</trkpt>
<trkpt lat="48.0428047" lon="7.4121828">
	<ele>193.00</ele>
	<time>1970-01-01T01:20:04.012Z</time>
</trkpt>
<trkpt lat="48.0427818" lon="7.4123158">
	<ele>193.00</ele>
	<time>1970-01-01T01:20:06.013Z</time>
</trkpt>
<trkpt lat="48.0427589" lon="7.4125481">
	<ele>193.00</ele>
	<time>1970-01-01T01:20:09.562Z</time>
</trkpt>
<trkpt lat="48.0427513" lon="7.4126740">
	<ele>193.00</ele>
	<time>1970-01-01T01:20:11.518Z</time>
</trkpt>
<trkpt lat="48.0427437" lon="7.4128790">
	<ele>193.00</ele>
	<time>1970-01-01T01:20:15.364Z</time>
</trkpt>
<trkpt lat="48.0426445" lon="7.4136782">
	<ele>192.98</ele>
	<time>1970-01-01T01:20:32.234Z</time>
</trkpt>
<trkpt lat="48.0425072" lon="7.4146800">
	<ele>192.99</ele>
	<time>1970-01-01T01:20:47.879Z</time>
</trkpt>
<trkpt lat="48.0424767" lon="7.4148831">
	<ele>193.04</ele>
	<time>1970-01-01T01:20:50.725Z</time>
</trkpt>
<trkpt lat="48.0424500" lon="7.4150848">
	<ele>193.06</ele>
	<time>1970-01-01T01:20:53.548Z</time>
</trkpt>
<trkpt lat="48.0424461" lon="7.4152589">
	<ele>192.90</ele>
	<time>1970-01-01T01:20:56.121Z</time>
</trkpt>
<trkpt lat="48.0424538" lon="7.4154501">
	<ele>193.60</ele>
	<time>1970-01-01T01:20:59.018Z</time>
</trkpt>
<trkpt lat="48.0424728" lon="7.4156542">
	<ele>193.69</ele>
	<time>1970-01-01T01:21:02.239Z</time>
</trkpt>
<trkpt lat="48.0424728" lon="7.4157858">
	<ele>193.09</ele>
	<time>1970-01-01T01:21:04.323Z</time>
</trkpt>
<trkpt lat="48.0424728" lon="7.4159141">
	<ele>192.86</ele>
	<time>1970-01-01T01:21:06.363Z</time>
</trkpt>
<trkpt lat="48.0424614" lon="7.4160972">
	<ele>192.93</ele>
	<time>1970-01-01T01:21:09.154Z</time>
</trkpt>
<trkpt lat="48.0424309" lon="7.4163780">
	<ele>193.77</ele>
	<time>1970-01-01T01:21:13.223Z</time>
</trkpt>
<trkpt lat="48.0423622" lon="7.4167862">
	<ele>193.86</ele>
	<time>1970-01-01T01:21:18.375Z</time>
</trkpt>
<trkpt lat="48.0423584" lon="7.4168239">
	<ele>193.75</ele>
	<time>1970-01-01T01:21:18.874Z</time>
</trkpt>
<trkpt lat="48.0423279" lon="7.4170499">
	<ele>193.75</ele>
	<time>1970-01-01T01:21:21.118Z</time>
</trkpt>
<trkpt lat="48.0423241" lon="7.4172249">
	<ele>194.15</ele>
	<time>1970-01-01T01:21:22.635Z</time>
</trkpt>
<trkpt lat="48.0422745" lon="7.4173088">
	<ele>193.57</ele>
	<time>1970-01-01T01:21:23.720Z</time>
</trkpt>
<trkpt lat="48.0422859" lon="7.4174352">
	<ele>192.23</ele>
	<time>1970-01-01T01:21:24.729Z</time>
</trkpt>
<trkpt lat="48.0423889" lon="7.4182138">
	<ele>192.68</ele>
	<time>1970-01-01T01:21:33.850Z</time>
</trkpt>
<trkpt lat="48.0424194" lon="7.4183888">
	<ele>195.14</ele>
	<time>1970-01-01T01:21:35.909Z</time>
</trkpt>
<trkpt lat="48.0424309" lon="7.4184608">
	<ele>195.25</ele>
	<time>1970-01-01T01:21:36.465Z</time>
</trkpt>
<trkpt lat="48.0423279" lon="7.4185629">
	<ele>195.08</ele>
	<time>1970-01-01T01:21:37.923Z</time>
</trkpt>
<trkpt lat="48.0422783" lon="7.4186511">
	<ele>195.03</ele>
	<time>1970-01-01T01:21:38.945Z</time>
</trkpt>
<trkpt lat="48.0422668" lon="7.4187088">
	<ele>194.88</ele>
	<time>1970-01-01T01:21:39.433Z</time>
</trkpt>
<trkpt lat="48.0422668" lon="7.4187651">
	<ele>194.67</ele>
	<time>1970-01-01T01:21:39.953Z</time>
</trkpt>
<trkpt lat="48.0422249" lon="7.4187570">
	<ele>194.60</ele>
	<time>1970-01-01T01:21:40.610Z</time>
</trkpt>
<trkpt lat="48.0421410" lon="7.4187388">
	<ele>194.41</ele>
	<time>1970-01-01T01:21:41.810Z</time>
</trkpt>
<trkpt lat="48.0419464" lon="7.4187412">
	<ele>193.61</ele>
	<time>1970-01-01T01:21:45.000Z</time>
</trkpt>
<trkpt lat="48.0417786" lon="7.4187369">
	<ele>193.19</ele>
	<time>1970-01-01T01:21:47.999Z</time>
</trkpt>
<trkpt lat="48.0416183" lon="7.4187341">
	<ele>192.96</ele>
	<time>1970-01-01T01:21:50.867Z</time>
</trkpt>
<trkpt lat="48.0413170" lon="7.4186859">
	<ele>192.99</ele>
	<time>1970-01-01T01:21:56.046Z</time>
</trkpt>
<trkpt lat="48.0412216" lon="7.4186792">
	<ele>192.97</ele>
	<time>1970-01-01T01:21:57.652Z</time>
</trkpt>
<trkpt lat="48.0410843" lon="7.4187622">
	<ele>193.01</ele>
	<time>1970-01-01T01:22:00.027Z</time>
</trkpt>
<trkpt lat="48.0402107" lon="7.4199028">
	<ele>192.99</ele>
	<time>1970-01-01T01:22:17.621Z</time>
</trkpt>
<trkpt lat="48.0397911" lon="7.4204531">
	<ele>193.00</ele>
	<time>1970-01-01T01:22:28.217Z</time>
</trkpt>
<trkpt lat="48.0396538" lon="7.4206471">
	<ele>193.03</ele>
	<time>1970-01-01T01:22:32.007Z</time>
</trkpt>
<trkpt lat="48.0393677" lon="7.4211521">
	<ele>193.07</ele>
	<time>1970-01-01T01:22:42.822Z</time>
</trkpt>
<trkpt lat="48.0389519" lon="7.4219041">
	<ele>192.99</ele>
	<time>1970-01-01T01:22:58.527Z</time>
</trkpt>
<trkpt lat="48.0388832" lon="7.4220209">
	<ele>193.00</ele>
	<time>1970-01-01T01:23:00.687Z</time>
</trkpt>
<trkpt lat="48.0382195" lon="7.4231782">
	<ele>193.00</ele>
	<time>1970-01-01T01:23:18.408Z</time>
</trkpt>
<trkpt lat="48.0381775" lon="7.4232688">
	<ele>193.00</ele>
	<time>1970-01-01T01:23:19.617Z</time>
</trkpt>
<trkpt lat="48.0381813" lon="7.4233389">
	<ele>193.00</ele>
	<time>1970-01-01T01:23:20.378Z</time>
</trkpt>
<trkpt lat="48.0383110" lon="7.4236732">
	<ele>193.03</ele>
	<time>1970-01-01T01:23:24.607Z</time>
</trkpt>
<trkpt lat="48.0380020" lon="7.4240599">
	<ele>192.46</ele>
	<time>1970-01-01T01:23:31.101Z</time>
</trkpt>
<trkpt lat="48.0378609" lon="7.4242539">
	<ele>192.77</ele>
	<time>1970-01-01T01:23:34.449Z</time>
</trkpt>
<trkpt lat="48.0377045" lon="7.4244819">
	<ele>193.08</ele>
	<time>1970-01-01T01:23:38.811Z</time>
</trkpt>
<trkpt lat="48.0375137" lon="7.4247799">
	<ele>193.02</ele>
	<time>1970-01-01T01:23:45.045Z</time>
</trkpt>
<trkpt lat="48.0374146" lon="7.4249592">
	<ele>193.04</ele>
	<time>1970-01-01T01:23:48.549Z</time>
</trkpt>
<trkpt lat="48.0370941" lon="7.4256411">
	<ele>192.96</ele>
	<time>1970-01-01T01:23:58.778Z</time>
</trkpt>
<trkpt lat="48.0369263" lon="7.4259758">
	<ele>193.05</ele>
	<time>1970-01-01T01:24:03.630Z</time>
</trkpt>
<trkpt lat="48.0368614" lon="7.4260979">
	<ele>192.83</ele>
	<time>1970-01-01T01:24:05.420Z</time>
</trkpt>
<trkpt lat="48.0366364" lon="7.4264469">
	<ele>193.05</ele>
	<time>1970-01-01T01:24:10.627Z</time>
</trkpt>
<trkpt lat="48.0364838" lon="7.4267182">
	<ele>193.00</ele>
	<time>1970-01-01T01:24:14.133Z</time>
</trkpt>
<trkpt lat="48.0363579" lon="7.4270239">
	<ele>193.08</ele>
	<time>1970-01-01T01:24:17.754Z</time>
</trkpt>
<trkpt lat="48.0363007" lon="7.4271841">
	<ele>193.15</ele>
	<time>1970-01-01T01:24:19.467Z</time>
</trkpt>
<trkpt lat="48.0362091" lon="7.4275379">
	<ele>192.74</ele>
	<time>1970-01-01T01:24:23.119Z</time>
</trkpt>
<trkpt lat="48.0361557" lon="7.4277930">
	<ele>192.94</ele>
	<time>1970-01-01T01:24:26.186Z</time>
</trkpt>
<trkpt lat="48.0359459" lon="7.4289112">
	<ele>192.61</ele>
	<time>1970-01-01T01:24:44.422Z</time>
</trkpt>
<trkpt lat="48.0358543" lon="7.4292960">
	<ele>192.99</ele>
	<time>1970-01-01T01:24:50.441Z</time>
</trkpt>
<trkpt lat="48.0357971" lon="7.4294848">
	<ele>192.90</ele>
	<time>1970-01-01T01:24:53.740Z</time>
</trkpt>
<trkpt lat="48.0357094" lon="7.4297352">
	<ele>192.58</ele>
	<time>1970-01-01T01:24:58.193Z</time>
</trkpt>
<trkpt lat="48.0356255" lon="7.4299221">
	<ele>192.85</ele>
	<time>1970-01-01T01:25:01.884Z</time>
</trkpt>
<trkpt lat="48.0355072" lon="7.4301672">
	<ele>193.16</ele>
	<time>1970-01-01T01:25:06.079Z</time>
</trkpt>
<trkpt lat="48.0353355" lon="7.4304638">
	<ele>192.89</ele>
	<time>1970-01-01T01:25:10.431Z</time>
</trkpt>
<trkpt lat="48.0351410" lon="7.4307432">
	<ele>193.11</ele>
	<time>1970-01-01T01:25:15.055Z</time>
</trkpt>
<trkpt lat="48.0349503" lon="7.4309678">
	<ele>193.04</ele>
	<time>1970-01-01T01:25:19.299Z</time>
</trkpt>
<trkpt lat="48.0325241" lon="7.4331579">
	<ele>193.00</ele>
	<time>1970-01-01T01:26:07.254Z</time>
</trkpt>
<trkpt lat="48.0323410" lon="7.4333429">
	<ele>193.00</ele>
	<time>1970-01-01T01:26:11.464Z</time>
</trkpt>
<trkpt lat="48.0321426" lon="7.4335670">
	<ele>193.04</ele>
	<time>1970-01-01T01:26:16.626Z</time>
</trkpt>
<trkpt lat="48.0317574" lon="7.4340510">
	<ele>192.80</ele>
	<time>1970-01-01T01:26:26.096Z</time>
</trkpt>
<trkpt lat="48.0310097" lon="7.4349771">
	<ele>193.08</ele>
	<time>1970-01-01T01:26:53.960Z</time>
</trkpt>
<trkpt lat="48.0308533" lon="7.4351821">
	<ele>193.00</ele>
	<time>1970-01-01T01:26:58.728Z</time>
</trkpt>
<trkpt lat="48.0307732" lon="7.4353018">
	<ele>193.00</ele>
	<time>1970-01-01T01:27:01.005Z</time>
</trkpt>
<trkpt lat="48.0307159" lon="7.4354029">
	<ele>193.00</ele>
	<time>1970-01-01T01:27:02.638Z</time>
</trkpt>
<trkpt lat="48.0306473" lon="7.4355531">
	<ele>193.00</ele>
	<time>1970-01-01T01:27:04.668Z</time>
</trkpt>
<trkpt lat="48.0305939" lon="7.4356942">
	<ele>193.01</ele>
	<time>1970-01-01T01:27:06.248Z</time>
</trkpt>
<trkpt lat="48.0305405" lon="7.4358640">
	<ele>193.00</ele>
	<time>1970-01-01T01:27:08.043Z</time>
</trkpt>
<trkpt lat="48.0304794" lon="7.4361081">
	<ele>193.07</ele>
	<time>1970-01-01T01:27:10.709Z</time>
</trkpt>
<trkpt lat="48.0304146" lon="7.4363928">
	<ele>193.06</ele>
	<time>1970-01-01T01:27:13.891Z</time>
</trkpt>
<trkpt lat="48.0304108" lon="7.4364109">
	<ele>193.05</ele>
	<time>1970-01-01T01:27:14.070Z</time>
</trkpt>
<trkpt lat="48.0299988" lon="7.4383798">
	<ele>193.00</ele>
	<time>1970-01-01T01:27:40.707Z</time>
</trkpt>
<trkpt lat="48.0299339" lon="7.4386921">
	<ele>192.86</ele>
	<time>1970-01-01T01:27:45.027Z</time>
</trkpt>
<trkpt lat="48.0298653" lon="7.4390259">
	<ele>193.03</ele>
	<time>1970-01-01T01:27:50.238Z</time>
</trkpt>
<trkpt lat="48.0298386" lon="7.4391208">
	<ele>193.01</ele>
	<time>1970-01-01T01:27:51.906Z</time>
</trkpt>
<trkpt lat="48.0297585" lon="7.4393048">
	<ele>193.00</ele>
	<time>1970-01-01T01:27:55.157Z</time>
</trkpt>
<trkpt lat="48.0295868" lon="7.4396148">
	<ele>192.96</ele>
	<time>1970-01-01T01:28:00.666Z</time>
</trkpt>
<trkpt lat="48.0295715" lon="7.4396439">
	<ele>192.96</ele>
	<time>1970-01-01T01:28:01.209Z</time>
</trkpt>
<trkpt lat="48.0292702" lon="7.4402108">
	<ele>192.99</ele>
	<time>1970-01-01T01:28:11.326Z</time>
</trkpt>
<trkpt lat="48.0292244" lon="7.4403138">
	<ele>193.00</ele>
	<time>1970-01-01T01:28:13.073Z</time>
</trkpt>
<trkpt lat="48.0291939" lon="7.4404058">
	<ele>193.00</ele>
	<time>1970-01-01T01:28:14.606Z</time>
</trkpt>
<trkpt lat="48.0291824" lon="7.4404702">
	<ele>193.00</ele>
	<time>1970-01-01T01:28:15.624Z</time>
</trkpt>
<trkpt lat="48.0291824" lon="7.4405351">
	<ele>193.00</ele>
	<time>1970-01-01T01:28:16.632Z</time>
</trkpt>
<trkpt lat="48.0292091" lon="7.4406371">
	<ele>193.00</ele>
	<time>1970-01-01T01:28:18.226Z</time>
</trkpt>
<trkpt lat="48.0292549" lon="7.4407272">
	<ele>193.00</ele>
	<time>1970-01-01T01:28:19.909Z</time>
</trkpt>
<trkpt lat="48.0293732" lon="7.4409251">
	<ele>193.00</ele>
	<time>1970-01-01T01:28:23.992Z</time>
</trkpt>
<trkpt lat="48.0294113" lon="7.4410119">
	<ele>193.00</ele>
	<time>1970-01-01T01:28:25.478Z</time>
</trkpt>
<trkpt lat="48.0294456" lon="7.4411178">
	<ele>193.00</ele>
	<time>1970-01-01T01:28:27.134Z</time>
</trkpt>
<trkpt lat="48.0295067" lon="7.4413829">
	<ele>193.00</ele>
	<time>1970-01-01T01:28:30.947Z</time>
</trkpt>
<trkpt lat="48.0295219" lon="7.4414768">
	<ele>193.00</ele>
	<time>1970-01-01T01:28:32.204Z</time>
</trkpt>
<trkpt lat="48.0295296" lon="7.4416418">
	<ele>193.00</ele>
	<time>1970-01-01T01:28:34.345Z</time>
</trkpt>
<trkpt lat="48.0295181" lon="7.4422569">
	<ele>193.01</ele>
	<time>1970-01-01T01:28:41.222Z</time>
</trkpt>
<trkpt lat="48.0294876" lon="7.4430199">
	<ele>193.87</ele>
	<time>1970-01-01T01:28:48.940Z</time>
</trkpt>
<trkpt lat="48.0294838" lon="7.4431248">
	<ele>193.65</ele>
	<time>1970-01-01T01:28:50.087Z</time>
</trkpt>
<trkpt lat="48.0294914" lon="7.4436169">
	<ele>193.00</ele>
	<time>1970-01-01T01:28:55.272Z</time>
</trkpt>
<trkpt lat="48.0294952" lon="7.4448681">
	<ele>193.99</ele>
	<time>1970-01-01T01:29:09.985Z</time>
</trkpt>
<trkpt lat="48.0295105" lon="7.4451818">
	<ele>193.27</ele>
	<time>1970-01-01T01:29:13.715Z</time>
</trkpt>
<trkpt lat="48.0295296" lon="7.4453340">
	<ele>192.94</ele>
	<time>1970-01-01T01:29:15.671Z</time>
</trkpt>
<trkpt lat="48.0295715" lon="7.4455462">
	<ele>192.99</ele>
	<time>1970-01-01T01:29:18.631Z</time>
</trkpt>
<trkpt lat="48.0296173" lon="7.4457092">
	<ele>193.41</ele>
	<time>1970-01-01T01:29:20.881Z</time>
</trkpt>
<trkpt lat="48.0304909" lon="7.4488120">
	<ele>193.85</ele>
	<time>1970-01-01T01:30:05.528Z</time>
</trkpt>
<trkpt lat="48.0305862" lon="7.4491711">
	<ele>193.96</ele>
	<time>1970-01-01T01:30:11.063Z</time>
</trkpt>
<trkpt lat="48.0306358" lon="7.4493918">
	<ele>193.10</ele>
	<time>1970-01-01T01:30:14.218Z</time>
</trkpt>
<trkpt lat="48.0307198" lon="7.4498382">
	<ele>193.70</ele>
	<time>1970-01-01T01:30:20.948Z</time>
</trkpt>
<trkpt lat="48.0307503" lon="7.4500408">
	<ele>193.75</ele>
	<time>1970-01-01T01:30:23.931Z</time>
</trkpt>
<trkpt lat="48.0307655" lon="7.4502230">
	<ele>193.86</ele>
	<time>1970-01-01T01:30:26.650Z</time>
</trkpt>
<trkpt lat="48.0307732" lon="7.4504309">
	<ele>193.89</ele>
	<time>1970-01-01T01:30:29.692Z</time>
</trkpt>
<trkpt lat="48.0307579" lon="7.4506989">
	<ele>193.92</ele>
	<time>1970-01-01T01:30:33.413Z</time>
</trkpt>
<trkpt lat="48.0307388" lon="7.4508562">
	<ele>194.01</ele>
	<time>1970-01-01T01:30:35.610Z</time>
</trkpt>
<trkpt lat="48.0307083" lon="7.4510512">
	<ele>194.10</ele>
	<time>1970-01-01T01:30:38.324Z</time>
</trkpt>
<trkpt lat="48.0304375" lon="7.4526038">
	<ele>193.99</ele>
	<time>1970-01-01T01:31:00.116Z</time>
</trkpt>
<trkpt lat="48.0301399" lon="7.4544029">
	<ele>194.00</ele>
	<time>1970-01-01T01:31:27.593Z</time>
</trkpt>
<trkpt lat="48.0293274" lon="7.4594369">
	<ele>194.00</ele>
	<time>1970-01-01T01:32:34.560Z</time>
</trkpt>
<trkpt lat="48.0293045" lon="7.4595938">
	<ele>194.00</ele>
	<time>1970-01-01T01:32:36.571Z</time>
</trkpt>
<trkpt lat="48.0291634" lon="7.4604630">
	<ele>195.11</ele>
	<time>1970-01-01T01:32:48.364Z</time>
</trkpt>
<trkpt lat="48.0288887" lon="7.4626188">
	<ele>194.00</ele>
	<time>1970-01-01T01:33:19.280Z</time>
</trkpt>
<trkpt lat="48.0287437" lon="7.4638910">
	<ele>194.13</ele>
	<time>1970-01-01T01:33:33.230Z</time>
</trkpt>
<trkpt lat="48.0283890" lon="7.4668088">
	<ele>194.00</ele>
	<time>1970-01-01T01:34:05.362Z</time>
</trkpt>
<trkpt lat="48.0283394" lon="7.4672618">
	<ele>194.02</ele>
	<time>1970-01-01T01:34:12.324Z</time>
</trkpt>
<trkpt lat="48.0280571" lon="7.4694638">
	<ele>194.96</ele>
	<time>1970-01-01T01:34:42.605Z</time>
</trkpt>
<trkpt lat="48.0279160" lon="7.4706030">
	<ele>194.00</ele>
	<time>1970-01-01T01:35:05.020Z</time>
</trkpt>
<trkpt lat="48.0278740" lon="7.4710178">
	<ele>193.99</ele>
	<time>1970-01-01T01:35:11.617Z</time>
</trkpt>
<trkpt lat="48.0277863" lon="7.4722872">
	<ele>193.99</ele>
	<time>1970-01-01T01:35:35.422Z</time>
</trkpt>
<trkpt lat="48.0276794" lon="7.4740601">
	<ele>194.72</ele>
	<time>1970-01-01T01:36:00.806Z</time>
</trkpt>
<trkpt lat="48.0276108" lon="7.4751539">
	<ele>194.02</ele>
	<time>1970-01-01T01:36:15.106Z</time>
</trkpt>
<trkpt lat="48.0275993" lon="7.4756789">
	<ele>194.44</ele>
	<time>1970-01-01T01:36:21.773Z</time>
</trkpt>
<trkpt lat="48.0276146" lon="7.4759240">
	<ele>193.95</ele>
	<time>1970-01-01T01:36:24.649Z</time>
</trkpt>
<trkpt lat="48.0276680" lon="7.4771690">
	<ele>194.06</ele>
	<time>1970-01-01T01:36:41.189Z</time>
</trkpt>
<trkpt lat="48.0278244" lon="7.4802098">
	<ele>194.07</ele>
	<time>1970-01-01T01:37:14.130Z</time>
</trkpt>
<trkpt lat="48.0279617" lon="7.4836750">
	<ele>193.85</ele>
	<time>1970-01-01T01:37:53.895Z</time>
</trkpt>
<trkpt lat="48.0279732" lon="7.4841118">
	<ele>194.33</ele>
	<time>1970-01-01T01:37:59.026Z</time>
</trkpt>
<trkpt lat="48.0280304" lon="7.4853120">
	<ele>194.00</ele>
	<time>1970-01-01T01:38:09.977Z</time>
</trkpt>
<trkpt lat="48.0280724" lon="7.4865618">
	<ele>194.00</ele>
	<time>1970-01-01T01:38:30.229Z</time>
</trkpt>
<trkpt lat="48.0281219" lon="7.4876089">
	<ele>194.02</ele>
	<time>1970-01-01T01:38:44.776Z</time>
</trkpt>
<trkpt lat="48.0281715" lon="7.4888439">
	<ele>193.32</ele>
	<time>1970-01-01T01:38:54.639Z</time>
</trkpt>
<trkpt lat="48.0281715" lon="7.4889102">
	<ele>193.33</ele>
	<time>1970-01-01T01:38:55.266Z</time>
</trkpt>
<trkpt lat="48.0282135" lon="7.4907122">
	<ele>194.00</ele>
	<time>1970-01-01T01:39:11.543Z</time>
</trkpt>
<trkpt lat="48.0282402" lon="7.4925590">
	<ele>194.00</ele>
	<time>1970-01-01T01:39:35.035Z</time>
</trkpt>
<trkpt lat="48.0282402" lon="7.4939351">
	<ele>193.99</ele>
	<time>1970-01-01T01:39:50.329Z</time>
</trkpt>
<trkpt lat="48.0282402" lon="7.4943371">
	<ele>194.50</ele>
	<time>1970-01-01T01:39:55.053Z</time>
</trkpt>
<trkpt lat="48.0282440" lon="7.4945450">
	<ele>194.85</ele>
	<time>1970-01-01T01:39:57.454Z</time>
</trkpt>
<trkpt lat="48.0282593" lon="7.4947438">
	<ele>194.85</ele>
	<time>1970-01-01T01:39:59.609Z</time>
</trkpt>
<trkpt lat="48.0282974" lon="7.4950490">
	<ele>194.97</ele>
	<time>1970-01-01T01:40:02.814Z</time>
</trkpt>
<trkpt lat="48.0282326" lon="7.4952998">
	<ele>194.71</ele>
	<time>1970-01-01T01:40:05.696Z</time>
</trkpt>
<trkpt lat="48.0282211" lon="7.4953651">
	<ele>194.50</ele>
	<time>1970-01-01T01:40:06.428Z</time>
</trkpt>
<trkpt lat="48.0282211" lon="7.4954491">
	<ele>194.25</ele>
	<time>1970-01-01T01:40:07.371Z</time>
</trkpt>
<trkpt lat="48.0282249" lon="7.4955440">
	<ele>194.02</ele>
	<time>1970-01-01T01:40:08.475Z</time>
</trkpt>
<trkpt lat="48.0282211" lon="7.4956741">
	<ele>193.91</ele>
	<time>1970-01-01T01:40:10.059Z</time>
</trkpt>
<trkpt lat="48.0282211" lon="7.4956961">
	<ele>193.91</ele>
	<time>1970-01-01T01:40:10.377Z</time>
</trkpt>
<trkpt lat="48.0282173" lon="7.4962611">
	<ele>194.20</ele>
	<time>1970-01-01T01:40:17.910Z</time>
</trkpt>
<trkpt lat="48.0281982" lon="7.4978142">
	<ele>194.01</ele>
	<time>1970-01-01T01:40:48.275Z</time>
</trkpt>
<trkpt lat="48.0282021" lon="7.4979858">
	<ele>194.09</ele>
	<time>1970-01-01T01:40:50.991Z</time>
</trkpt>
<trkpt lat="48.0282059" lon="7.4980812">
	<ele>194.03</ele>
	<time>1970-01-01T01:40:52.524Z</time>
</trkpt>
<trkpt lat="48.0282059" lon="7.4981489">
	<ele>193.88</ele>
	<time>1970-01-01T01:40:53.602Z</time>
</trkpt>
<trkpt lat="48.0282440" lon="7.4982529">
	<ele>193.45</ele>
	<time>1970-01-01T01:40:55.642Z</time>
</trkpt>
<trkpt lat="48.0282898" lon="7.4983401">
	<ele>193.11</ele>
	<time>1970-01-01T01:40:57.411Z</time>
</trkpt>
<trkpt lat="48.0282707" lon="7.4984589">
	<ele>193.41</ele>
	<time>1970-01-01T01:40:59.355Z</time>
</trkpt>
<trkpt lat="48.0282593" lon="7.4985852">
	<ele>193.78</ele>
	<time>1970-01-01T01:41:01.132Z</time>
</trkpt>
<trkpt lat="48.0282555" lon="7.4987440">
	<ele>193.97</ele>
	<time>1970-01-01T01:41:03.311Z</time>
</trkpt>
<trkpt lat="48.0282555" lon="7.4990058">
	<ele>194.06</ele>
	<time>1970-01-01T01:41:06.680Z</time>
</trkpt>
<trkpt lat="48.0282707" lon="7.4995461">
	<ele>194.02</ele>
	<time>1970-01-01T01:41:12.404Z</time>
</trkpt>
<trkpt lat="48.0282707" lon="7.4998498">
	<ele>194.02</ele>
	<time>1970-01-01T01:41:15.647Z</time>
</trkpt>
<trkpt lat="48.0282555" lon="7.4999828">
	<ele>194.03</ele>
	<time>1970-01-01T01:41:17.011Z</time>
</trkpt>
<trkpt lat="48.0282211" lon="7.5001931">
	<ele>194.10</ele>
	<time>1970-01-01T01:41:19.126Z</time>
</trkpt>
<trkpt lat="48.0281944" lon="7.5003209">
	<ele>194.00</ele>
	<time>1970-01-01T01:41:20.484Z</time>
</trkpt>
<trkpt lat="48.0281029" lon="7.5006151">
	<ele>193.93</ele>
	<time>1970-01-01T01:41:23.514Z</time>
</trkpt>
<trkpt lat="48.0280418" lon="7.5008039">
	<ele>194.00</ele>
	<time>1970-01-01T01:41:25.630Z</time>
</trkpt>
<trkpt lat="48.0279655" lon="7.5009632">
	<ele>194.12</ele>
	<time>1970-01-01T01:41:27.438Z</time>
</trkpt>
<trkpt lat="48.0278969" lon="7.5010691">
	<ele>194.09</ele>
	<time>1970-01-01T01:41:28.823Z</time>
</trkpt>
<trkpt lat="48.0277863" lon="7.5012188">
	<ele>193.99</ele>
	<time>1970-01-01T01:41:31.036Z</time>
</trkpt>
<trkpt lat="48.0277405" lon="7.5013032">
	<ele>194.04</ele>
	<time>1970-01-01T01:41:32.049Z</time>
</trkpt>
<trkpt lat="48.0277252" lon="7.5013509">
	<ele>194.06</ele>
	<time>1970-01-01T01:41:32.563Z</time>
</trkpt>
<trkpt lat="48.0276985" lon="7.5016742">
	<ele>194.07</ele>
	<time>1970-01-01T01:41:35.588Z</time>
</trkpt>
<trkpt lat="48.0276794" lon="7.5018058">
	<ele>194.04</ele>
	<time>1970-01-01T01:41:36.900Z</time>
</trkpt>
<trkpt lat="48.0276451" lon="7.5018759">
	<ele>194.01</ele>
	<time>1970-01-01T01:41:37.836Z</time>
</trkpt>
<trkpt lat="48.0276184" lon="7.5019031">
	<ele>194.01</ele>
	<time>1970-01-01T01:41:38.376Z</time>
</trkpt>
<trkpt lat="48.0275803" lon="7.5019178">
	<ele>194.00</ele>
	<time>1970-01-01T01:41:38.921Z</time>
</trkpt>
<trkpt lat="48.0276260" lon="7.5020180">
	<ele>193.99</ele>
	<time>1970-01-01T01:41:40.161Z</time>
</trkpt>
<trkpt lat="48.0276566" lon="7.5020661">
	<ele>193.99</ele>
	<time>1970-01-01T01:41:40.858Z</time>
</trkpt>
<trkpt lat="48.0277939" lon="7.5022011">
	<ele>194.00</ele>
	<time>1970-01-01T01:41:43.567Z</time>
</trkpt>
<trkpt lat="48.0278740" lon="7.5022488">
	<ele>194.00</ele>
	<time>1970-01-01T01:41:45.190Z</time>
</trkpt>
<trkpt lat="48.0279427" lon="7.5022602">
	<ele>194.01</ele>
	<time>1970-01-01T01:41:46.581Z</time>
</trkpt>
<trkpt lat="48.0280571" lon="7.5022602">
	<ele>194.01</ele>
	<time>1970-01-01T01:41:48.831Z</time>
</trkpt>
<trkpt lat="48.0280495" lon="7.5023561">
	<ele>194.06</ele>
	<time>1970-01-01T01:41:50.122Z</time>
</trkpt>
<trkpt lat="48.0280571" lon="7.5024290">
	<ele>194.07</ele>
	<time>1970-01-01T01:41:51.039Z</time>
</trkpt>
<trkpt lat="48.0281296" lon="7.5031729">
	<ele>192.98</ele>
	<time>1970-01-01T01:41:59.627Z</time>
</trkpt>
<trkpt lat="48.0281334" lon="7.5033531">
	<ele>193.00</ele>
	<time>1970-01-01T01:42:01.672Z</time>
</trkpt>
<trkpt lat="48.0281181" lon="7.5036831">
	<ele>192.96</ele>
	<time>1970-01-01T01:42:05.645Z</time>
</trkpt>
<trkpt lat="48.0280914" lon="7.5038352">
	<ele>192.89</ele>
	<time>1970-01-01T01:42:07.694Z</time>
</trkpt>
<trkpt lat="48.0280724" lon="7.5038648">
	<ele>192.94</ele>
	<time>1970-01-01T01:42:08.206Z</time>
</trkpt>
<trkpt lat="48.0280533" lon="7.5039172">
	<ele>193.07</ele>
	<time>1970-01-01T01:42:08.888Z</time>
</trkpt>
<trkpt lat="48.0280571" lon="7.5039520">
	<ele>193.18</ele>
	<time>1970-01-01T01:42:09.399Z</time>
</trkpt>
<trkpt lat="48.0280991" lon="7.5040150">
	<ele>193.41</ele>
	<time>1970-01-01T01:42:10.589Z</time>
</trkpt>
<trkpt lat="48.0281296" lon="7.5040169">
	<ele>193.41</ele>
	<time>1970-01-01T01:42:11.269Z</time>
</trkpt>
<trkpt lat="48.0281563" lon="7.5040040">
	<ele>193.34</ele>
	<time>1970-01-01T01:42:11.779Z</time>
</trkpt>
<trkpt lat="48.0282822" lon="7.5040202">
	<ele>193.46</ele>
	<time>1970-01-01T01:42:14.313Z</time>
</trkpt>
<trkpt lat="48.0284195" lon="7.5040421">
	<ele>193.59</ele>
	<time>1970-01-01T01:42:16.998Z</time>
</trkpt>
<trkpt lat="48.0285339" lon="7.5040202">
	<ele>193.50</ele>
	<time>1970-01-01T01:42:19.160Z</time>
</trkpt>
<trkpt lat="48.0286942" lon="7.5039601">
	<ele>193.14</ele>
	<time>1970-01-01T01:42:22.135Z</time>
</trkpt>
<trkpt lat="48.0289688" lon="7.5038042">
	<ele>192.95</ele>
	<time>1970-01-01T01:42:27.095Z</time>
</trkpt>
<trkpt lat="48.0290527" lon="7.5037870">
	<ele>192.88</ele>
	<time>1970-01-01T01:42:28.475Z</time>
</trkpt>
<trkpt lat="48.0290642" lon="7.5040789">
	<ele>193.40</ele>
	<time>1970-01-01T01:42:31.889Z</time>
</trkpt>
<trkpt lat="48.0290108" lon="7.5049119">
	<ele>193.80</ele>
	<time>1970-01-01T01:42:43.381Z</time>
</trkpt>
<trkpt lat="48.0289917" lon="7.5051889">
	<ele>194.03</ele>
	<time>1970-01-01T01:42:47.134Z</time>
</trkpt>
<trkpt lat="48.0289764" lon="7.5052629">
	<ele>194.00</ele>
	<time>1970-01-01T01:42:48.197Z</time>
</trkpt>
<trkpt lat="48.0289497" lon="7.5053449">
	<ele>194.00</ele>
	<time>1970-01-01T01:42:49.432Z</time>
</trkpt>
<trkpt lat="48.0287323" lon="7.5057912">
	<ele>194.00</ele>
	<time>1970-01-01T01:42:56.196Z</time>
</trkpt>
<trkpt lat="48.0282478" lon="7.5068669">
	<ele>194.00</ele>
	<time>1970-01-01T01:43:13.782Z</time>
</trkpt>
<trkpt lat="48.0277672" lon="7.5079131">
	<ele>193.94</ele>
	<time>1970-01-01T01:43:31.699Z</time>
</trkpt>
<trkpt lat="48.0276260" lon="7.5081921">
	<ele>193.95</ele>
	<time>1970-01-01T01:43:35.805Z</time>
</trkpt>
<trkpt lat="48.0258904" lon="7.5121040">
	<ele>194.57</ele>
	<time>1970-01-01T01:44:32.418Z</time>
</trkpt>
<trkpt lat="48.0255051" lon="7.5129418">
	<ele>195.04</ele>
	<time>1970-01-01T01:44:45.709Z</time>
</trkpt>
<trkpt lat="48.0251808" lon="7.5136571">
	<ele>195.00</ele>
	<time>1970-01-01T01:44:56.644Z</time>
</trkpt>
<trkpt lat="48.0246658" lon="7.5148320">
	<ele>195.00</ele>
	<time>1970-01-01T01:45:14.362Z</time>
</trkpt>
<trkpt lat="48.0241585" lon="7.5159688">
	<ele>194.60</ele>
	<time>1970-01-01T01:45:33.858Z</time>
</trkpt>
<trkpt lat="48.0241127" lon="7.5162439">
	<ele>198.02</ele>
	<time>1970-01-01T01:45:37.391Z</time>
</trkpt>
<trkpt lat="48.0239105" lon="7.5166702">
	<ele>197.77</ele>
	<time>1970-01-01T01:45:43.941Z</time>
</trkpt>
<trkpt lat="48.0236130" lon="7.5172071">
	<ele>195.03</ele>
	<time>1970-01-01T01:45:53.655Z</time>
</trkpt>
<trkpt lat="48.0235062" lon="7.5173788">
	<ele>195.10</ele>
	<time>1970-01-01T01:45:56.725Z</time>
</trkpt>
<trkpt lat="48.0234413" lon="7.5175881">
	<ele>195.47</ele>
	<time>1970-01-01T01:45:59.758Z</time>
</trkpt>
<trkpt lat="48.0232925" lon="7.5179729">
	<ele>196.08</ele>
	<time>1970-01-01T01:46:07.142Z</time>
</trkpt>
<trkpt lat="48.0231438" lon="7.5182662">
	<ele>195.03</ele>
	<time>1970-01-01T01:46:12.738Z</time>
</trkpt>
<trkpt lat="48.0230713" lon="7.5183649">
	<ele>195.08</ele>
	<time>1970-01-01T01:46:14.932Z</time>
</trkpt>
<trkpt lat="48.0229759" lon="7.5184498">
	<ele>195.40</ele>
	<time>1970-01-01T01:46:16.989Z</time>
</trkpt>
<trkpt lat="48.0228882" lon="7.5185452">
	<ele>195.40</ele>
	<time>1970-01-01T01:46:18.913Z</time>
</trkpt>
<trkpt lat="48.0227470" lon="7.5188990">
	<ele>194.91</ele>
	<time>1970-01-01T01:46:23.167Z</time>
</trkpt>
<trkpt lat="48.0226517" lon="7.5191722">
	<ele>194.50</ele>
	<time>1970-01-01T01:46:26.293Z</time>
</trkpt>
<trkpt lat="48.0214577" lon="7.5204320">
	<ele>195.74</ele>
	<time>1970-01-01T01:46:52.744Z</time>
</trkpt>
<trkpt lat="48.0207100" lon="7.5210919">
	<ele>195.66</ele>
	<time>1970-01-01T01:47:07.993Z</time>
</trkpt>
<trkpt lat="48.0205498" lon="7.5211492">
	<ele>195.92</ele>
	<time>1970-01-01T01:47:11.106Z</time>
</trkpt>
<trkpt lat="48.0204277" lon="7.5211768">
	<ele>196.05</ele>
	<time>1970-01-01T01:47:13.677Z</time>
</trkpt>
<trkpt lat="48.0203323" lon="7.5211768">
	<ele>196.07</ele>
	<time>1970-01-01T01:47:15.812Z</time>
</trkpt>
<trkpt lat="48.0202904" lon="7.5211778">
	<ele>196.04</ele>
	<time>1970-01-01T01:47:16.580Z</time>
</trkpt>
<trkpt lat="48.0202713" lon="7.5212522">
	<ele>196.06</ele>
	<time>1970-01-01T01:47:17.806Z</time>
</trkpt>
<trkpt lat="48.0202103" lon="7.5214348">
	<ele>195.97</ele>
	<time>1970-01-01T01:47:20.808Z</time>
</trkpt>
<trkpt lat="48.0200768" lon="7.5218911">
	<ele>195.89</ele>
	<time>1970-01-01T01:47:27.915Z</time>
</trkpt>
<trkpt lat="48.0200577" lon="7.5219460">
	<ele>195.94</ele>
	<time>1970-01-01T01:47:28.663Z</time>
</trkpt>
<trkpt lat="48.0199928" lon="7.5222869">
	<ele>196.00</ele>
	<time>1970-01-01T01:47:33.164Z</time>
</trkpt>
<trkpt lat="48.0199776" lon="7.5224781">
	<ele>196.07</ele>
	<time>1970-01-01T01:47:35.425Z</time>
</trkpt>
<trkpt lat="48.0199814" lon="7.5226612">
	<ele>196.04</ele>
	<time>1970-01-01T01:47:37.695Z</time>
</trkpt>
<trkpt lat="48.0200920" lon="7.5237632">
	<ele>195.07</ele>
	<time>1970-01-01T01:47:50.141Z</time>
</trkpt>
<trkpt lat="48.0200996" lon="7.5239611">
	<ele>193.81</ele>
	<time>1970-01-01T01:47:52.489Z</time>
</trkpt>
<trkpt lat="48.0200958" lon="7.5240541">
	<ele>193.99</ele>
	<time>1970-01-01T01:47:53.525Z</time>
</trkpt>
<trkpt lat="48.0200768" lon="7.5241451">
	<ele>194.38</ele>
	<time>1970-01-01T01:47:54.570Z</time>
</trkpt>
<trkpt lat="48.0197830" lon="7.5247240">
	<ele>195.58</ele>
	<time>1970-01-01T01:48:05.380Z</time>
</trkpt>
<trkpt lat="48.0197639" lon="7.5247579">
	<ele>195.00</ele>
	<time>1970-01-01T01:48:05.953Z</time>
</trkpt>
<trkpt lat="48.0195961" lon="7.5250521">
	<ele>195.89</ele>
	<time>1970-01-01T01:48:12.897Z</time>
</trkpt>
<trkpt lat="48.0194092" lon="7.5253921">
	<ele>198.67</ele>
	<time>1970-01-01T01:48:20.524Z</time>
</trkpt>
<trkpt lat="48.0193939" lon="7.5254211">
	<ele>198.14</ele>
	<time>1970-01-01T01:48:21.180Z</time>
</trkpt>
<trkpt lat="48.0192947" lon="7.5255990">
	<ele>196.08</ele>
	<time>1970-01-01T01:48:24.805Z</time>
</trkpt>
<trkpt lat="48.0192299" lon="7.5257158">
	<ele>195.90</ele>
	<time>1970-01-01T01:48:27.076Z</time>
</trkpt>
<trkpt lat="48.0189056" lon="7.5263000">
	<ele>196.69</ele>
	<time>1970-01-01T01:48:37.577Z</time>
</trkpt>
<trkpt lat="48.0185661" lon="7.5268989">
	<ele>196.95</ele>
	<time>1970-01-01T01:48:47.292Z</time>
</trkpt>
<trkpt lat="48.0185242" lon="7.5269752">
	<ele>196.93</ele>
	<time>1970-01-01T01:48:48.464Z</time>
</trkpt>
<trkpt lat="48.0181732" lon="7.5275788">
	<ele>197.06</ele>
	<time>1970-01-01T01:48:58.860Z</time>
</trkpt>
<trkpt lat="48.0181274" lon="7.5276589">
	<ele>197.03</ele>
	<time>1970-01-01T01:49:00.248Z</time>
</trkpt>
<trkpt lat="48.0180855" lon="7.5276070">
	<ele>197.01</ele>
	<time>1970-01-01T01:49:01.220Z</time>
</trkpt>
<trkpt lat="48.0178528" lon="7.5273199">
	<ele>197.00</ele>
	<time>1970-01-01T01:49:06.178Z</time>
</trkpt>
<trkpt lat="48.0178108" lon="7.5272799">
	<ele>197.00</ele>
	<time>1970-01-01T01:49:07.075Z</time>
</trkpt>
<trkpt lat="48.0177689" lon="7.5272431">
	<ele>197.00</ele>
	<time>1970-01-01T01:49:07.826Z</time>
</trkpt>
<trkpt lat="48.0177231" lon="7.5272331">
	<ele>197.00</ele>
	<time>1970-01-01T01:49:08.537Z</time>
</trkpt>
<trkpt lat="48.0176697" lon="7.5272498">
	<ele>197.00</ele>
	<time>1970-01-01T01:49:09.396Z</time>
</trkpt>
<trkpt lat="48.0175438" lon="7.5274658">
	<ele>197.00</ele>
	<time>1970-01-01T01:49:12.147Z</time>
</trkpt>
<trkpt lat="48.0173645" lon="7.5277700">
	<ele>197.00</ele>
	<time>1970-01-01T01:49:16.280Z</time>
</trkpt>
<trkpt lat="48.0171585" lon="7.5281310">
	<ele>197.00</ele>
	<time>1970-01-01T01:49:21.939Z</time>
</trkpt>
<trkpt lat="48.0170593" lon="7.5283051">
	<ele>197.00</ele>
	<time>1970-01-01T01:49:25.083Z</time>
</trkpt>
<trkpt lat="48.0170403" lon="7.5283642">
	<ele>197.00</ele>
	<time>1970-01-01T01:49:25.998Z</time>
</trkpt>
<trkpt lat="48.0170403" lon="7.5284138">
	<ele>197.00</ele>
	<time>1970-01-01T01:49:26.779Z</time>
</trkpt>
<trkpt lat="48.0170555" lon="7.5284629">
	<ele>197.00</ele>
	<time>1970-01-01T01:49:27.611Z</time>
</trkpt>
<trkpt lat="48.0171165" lon="7.5285501">
	<ele>197.00</ele>
	<time>1970-01-01T01:49:29.458Z</time>
</trkpt>
<trkpt lat="48.0173683" lon="7.5288572">
	<ele>197.00</ele>
	<time>1970-01-01T01:49:38.443Z</time>
</trkpt>
<trkpt lat="48.0174179" lon="7.5289159">
	<ele>197.00</ele>
	<time>1970-01-01T01:49:40.170Z</time>
</trkpt>
<trkpt lat="48.0173683" lon="7.5290051">
	<ele>197.00</ele>
	<time>1970-01-01T01:49:42.627Z</time>
</trkpt>
<trkpt lat="48.0170708" lon="7.5295472">
	<ele>197.00</ele>
	<time>1970-01-01T01:49:57.344Z</time>
</trkpt>
<trkpt lat="48.0170326" lon="7.5296168">
	<ele>197.00</ele>
	<time>1970-01-01T01:49:59.076Z</time>
</trkpt>
<trkpt lat="48.0169907" lon="7.5296888">
	<ele>197.00</ele>
	<time>1970-01-01T01:50:00.763Z</time>
</trkpt>
<trkpt lat="48.0166855" lon="7.5302348">
	<ele>197.00</ele>
	<time>1970-01-01T01:50:12.415Z</time>
</trkpt>
<trkpt lat="48.0166473" lon="7.5302992">
	<ele>197.00</ele>
	<time>1970-01-01T01:50:13.560Z</time>
</trkpt>
<trkpt lat="48.0166054" lon="7.5303702">
	<ele>197.01</ele>
	<time>1970-01-01T01:50:14.883Z</time>
</trkpt>
<trkpt lat="48.0164528" lon="7.5306401">
	<ele>196.99</ele>
	<time>1970-01-01T01:50:19.421Z</time>
</trkpt>
<trkpt lat="48.0164337" lon="7.5306711">
	<ele>196.99</ele>
	<time>1970-01-01T01:50:19.941Z</time>
</trkpt>
<trkpt lat="48.0163231" lon="7.5308690">
	<ele>196.97</ele>
	<time>1970-01-01T01:50:23.224Z</time>
</trkpt>
<trkpt lat="48.0162659" lon="7.5309758">
	<ele>196.47</ele>
	<time>1970-01-01T01:50:24.739Z</time>
</trkpt>
<trkpt lat="48.0161514" lon="7.5311432">
	<ele>196.12</ele>
	<time>1970-01-01T01:50:27.203Z</time>
</trkpt>
<trkpt lat="48.0159531" lon="7.5314879">
	<ele>197.84</ele>
	<time>1970-01-01T01:50:31.216Z</time>
</trkpt>
<trkpt lat="48.0157738" lon="7.5318112">
	<ele>195.24</ele>
	<time>1970-01-01T01:50:35.205Z</time>
</trkpt>
<trkpt lat="48.0157394" lon="7.5318732">
	<ele>195.79</ele>
	<time>1970-01-01T01:50:36.058Z</time>
</trkpt>
<trkpt lat="48.0154381" lon="7.5323901">
	<ele>192.94</ele>
	<time>1970-01-01T01:50:46.427Z</time>
</trkpt>
<trkpt lat="48.0153084" lon="7.5324659">
	<ele>195.23</ele>
	<time>1970-01-01T01:50:49.713Z</time>
</trkpt>
<trkpt lat="48.0145416" lon="7.5325012">
	<ele>196.93</ele>
	<time>1970-01-01T01:51:11.019Z</time>
</trkpt>
<trkpt lat="48.0143814" lon="7.5325360">
	<ele>197.19</ele>
	<time>1970-01-01T01:51:14.826Z</time>
</trkpt>
<trkpt lat="48.0143013" lon="7.5325708">
	<ele>197.48</ele>
	<time>1970-01-01T01:51:16.672Z</time>
</trkpt>
<trkpt lat="48.0141792" lon="7.5326581">
	<ele>197.41</ele>
	<time>1970-01-01T01:51:19.677Z</time>
</trkpt>
<trkpt lat="48.0140839" lon="7.5327449">
	<ele>197.06</ele>
	<time>1970-01-01T01:51:22.189Z</time>
</trkpt>
<trkpt lat="48.0139961" lon="7.5328512">
	<ele>196.96</ele>
	<time>1970-01-01T01:51:24.839Z</time>
</trkpt>
<trkpt lat="48.0139313" lon="7.5329342">
	<ele>196.99</ele>
	<time>1970-01-01T01:51:26.761Z</time>
</trkpt>
<trkpt lat="48.0139618" lon="7.5330062">
	<ele>196.99</ele>
	<time>1970-01-01T01:51:28.020Z</time>
</trkpt>
<trkpt lat="48.0139885" lon="7.5330958">
	<ele>197.02</ele>
	<time>1970-01-01T01:51:29.570Z</time>
</trkpt>
<trkpt lat="48.0138893" lon="7.5332012">
	<ele>196.93</ele>
	<time>1970-01-01T01:51:32.790Z</time>
</trkpt>
<trkpt lat="48.0138588" lon="7.5332789">
	<ele>196.96</ele>
	<time>1970-01-01T01:51:34.459Z</time>
</trkpt>
<trkpt lat="48.0138588" lon="7.5334702">
	<ele>197.44</ele>
	<time>1970-01-01T01:51:37.681Z</time>
</trkpt>
<trkpt lat="48.0138664" lon="7.5335598">
	<ele>197.80</ele>
	<time>1970-01-01T01:51:39.351Z</time>
</trkpt>
<trkpt lat="48.0138969" lon="7.5337539">
	<ele>198.50</ele>
	<time>1970-01-01T01:51:42.801Z</time>
</trkpt>
<trkpt lat="48.0140839" lon="7.5345211">
	<ele>199.10</ele>
	<time>1970-01-01T01:51:55.512Z</time>
</trkpt>
<trkpt lat="48.0141449" lon="7.5348129">
	<ele>200.64</ele>
	<time>1970-01-01T01:51:59.422Z</time>
</trkpt>
<trkpt lat="48.0141602" lon="7.5349841">
	<ele>201.04</ele>
	<time>1970-01-01T01:52:01.626Z</time>
</trkpt>
<trkpt lat="48.0141640" lon="7.5351000">
	<ele>200.92</ele>
	<time>1970-01-01T01:52:03.054Z</time>
</trkpt>
<trkpt lat="48.0141602" lon="7.5353241">
	<ele>199.39</ele>
	<time>1970-01-01T01:52:05.339Z</time>
</trkpt>
<trkpt lat="48.0141678" lon="7.5357800">
	<ele>200.34</ele>
	<time>1970-01-01T01:52:09.300Z</time>
</trkpt>
<trkpt lat="48.0141830" lon="7.5360279">
	<ele>199.72</ele>
	<time>1970-01-01T01:52:11.573Z</time>
</trkpt>
<trkpt lat="48.0141830" lon="7.5361300">
	<ele>198.88</ele>
	<time>1970-01-01T01:52:12.566Z</time>
</trkpt>
<trkpt lat="48.0141945" lon="7.5364032">
	<ele>198.01</ele>
	<time>1970-01-01T01:52:15.137Z</time>
</trkpt>
<trkpt lat="48.0141983" lon="7.5365739">
	<ele>199.40</ele>
	<time>1970-01-01T01:52:16.870Z</time>
</trkpt>
<trkpt lat="48.0142097" lon="7.5373678">
	<ele>197.39</ele>
	<time>1970-01-01T01:52:23.196Z</time>
</trkpt>
<trkpt lat="48.0142288" lon="7.5375328">
	<ele>196.78</ele>
	<time>1970-01-01T01:52:24.575Z</time>
</trkpt>
<trkpt lat="48.0142593" lon="7.5376620">
	<ele>196.27</ele>
	<time>1970-01-01T01:52:25.707Z</time>
</trkpt>
<trkpt lat="48.0142975" lon="7.5377860">
	<ele>195.99</ele>
	<time>1970-01-01T01:52:26.823Z</time>
</trkpt>
<trkpt lat="48.0141907" lon="7.5377951">
	<ele>195.97</ele>
	<time>1970-01-01T01:52:28.278Z</time>
</trkpt>
<trkpt lat="48.0141296" lon="7.5377979">
	<ele>195.97</ele>
	<time>1970-01-01T01:52:29.148Z</time>
</trkpt>
<trkpt lat="48.0140610" lon="7.5378981">
	<ele>195.96</ele>
	<time>1970-01-01T01:52:30.478Z</time>
</trkpt>
<trkpt lat="48.0140572" lon="7.5379810">
	<ele>196.00</ele>
	<time>1970-01-01T01:52:31.220Z</time>
</trkpt>
<trkpt lat="48.0140419" lon="7.5380630">
	<ele>195.99</ele>
	<time>1970-01-01T01:52:31.974Z</time>
</trkpt>
<trkpt lat="48.0129890" lon="7.5379519">
	<ele>196.03</ele>
	<time>1970-01-01T01:52:48.604Z</time>
</trkpt>
<trkpt lat="48.0129318" lon="7.5379610">
	<ele>196.02</ele>
	<time>1970-01-01T01:52:49.521Z</time>
</trkpt>
<trkpt lat="48.0128593" lon="7.5380569">
	<ele>196.00</ele>
	<time>1970-01-01T01:52:51.324Z</time>
</trkpt>
<trkpt lat="48.0127907" lon="7.5380969">
	<ele>196.00</ele>
	<time>1970-01-01T01:52:52.638Z</time>
</trkpt>
<trkpt lat="48.0127296" lon="7.5381050">
	<ele>196.00</ele>
	<time>1970-01-01T01:52:53.789Z</time>
</trkpt>
<trkpt lat="48.0127068" lon="7.5381298">
	<ele>196.00</ele>
	<time>1970-01-01T01:52:54.317Z</time>
</trkpt>
<trkpt lat="48.0125961" lon="7.5382872">
	<ele>196.00</ele>
	<time>1970-01-01T01:52:57.295Z</time>
</trkpt>
<trkpt lat="48.0122452" lon="7.5390620">
	<ele>196.00</ele>
	<time>1970-01-01T01:53:08.783Z</time>
</trkpt>
<trkpt lat="48.0121613" lon="7.5392032">
	<ele>196.00</ele>
	<time>1970-01-01T01:53:11.095Z</time>
</trkpt>
<trkpt lat="48.0120621" lon="7.5394168">
	<ele>196.00</ele>
	<time>1970-01-01T01:53:14.239Z</time>
</trkpt>
<trkpt lat="48.0116348" lon="7.5403781">
	<ele>196.00</ele>
	<time>1970-01-01T01:53:26.257Z</time>
</trkpt>
<trkpt lat="48.0109406" lon="7.5419502">
	<ele>196.07</ele>
	<time>1970-01-01T01:53:46.745Z</time>
</trkpt>
<trkpt lat="48.0109444" lon="7.5419931">
	<ele>196.08</ele>
	<time>1970-01-01T01:53:47.217Z</time>
</trkpt>
<trkpt lat="48.0109177" lon="7.5420561">
	<ele>196.11</ele>
	<time>1970-01-01T01:53:48.163Z</time>
</trkpt>
<trkpt lat="48.0108185" lon="7.5422459">
	<ele>195.91</ele>
	<time>1970-01-01T01:53:50.853Z</time>
</trkpt>
<trkpt lat="48.0103645" lon="7.5432601">
	<ele>195.57</ele>
	<time>1970-01-01T01:54:03.920Z</time>
</trkpt>
<trkpt lat="48.0102577" lon="7.5434899">
	<ele>196.12</ele>
	<time>1970-01-01T01:54:07.141Z</time>
</trkpt>
<trkpt lat="48.0102501" lon="7.5435352">
	<ele>196.08</ele>
	<time>1970-01-01T01:54:07.606Z</time>
</trkpt>
<trkpt lat="48.0102577" lon="7.5438328">
	<ele>196.10</ele>
	<time>1970-01-01T01:54:11.043Z</time>
</trkpt>
<trkpt lat="48.0101585" lon="7.5438442">
	<ele>196.15</ele>
	<time>1970-01-01T01:54:12.779Z</time>
</trkpt>
<trkpt lat="48.0100327" lon="7.5438819">
	<ele>196.05</ele>
	<time>1970-01-01T01:54:15.147Z</time>
</trkpt>
<trkpt lat="48.0099907" lon="7.5439019">
	<ele>195.98</ele>
	<time>1970-01-01T01:54:15.992Z</time>
</trkpt>
<trkpt lat="48.0098877" lon="7.5440469">
	<ele>195.56</ele>
	<time>1970-01-01T01:54:18.871Z</time>
</trkpt>
<trkpt lat="48.0093155" lon="7.5447650">
	<ele>196.13</ele>
	<time>1970-01-01T01:54:34.847Z</time>
</trkpt>
<trkpt lat="48.0091133" lon="7.5450912">
	<ele>194.84</ele>
	<time>1970-01-01T01:54:40.145Z</time>
</trkpt>
<trkpt lat="48.0089607" lon="7.5454659">
	<ele>195.16</ele>
	<time>1970-01-01T01:54:44.477Z</time>
</trkpt>
<trkpt lat="48.0089455" lon="7.5454779">
	<ele>195.13</ele>
	<time>1970-01-01T01:54:44.750Z</time>
</trkpt>
<trkpt lat="48.0089264" lon="7.5454760">
	<ele>195.08</ele>
	<time>1970-01-01T01:54:45.023Z</time>
</trkpt>
<trkpt lat="48.0088844" lon="7.5454402">
	<ele>194.99</ele>
	<time>1970-01-01T01:54:45.711Z</time>
</trkpt>
<trkpt lat="48.0088539" lon="7.5454130">
	<ele>194.97</ele>
	<time>1970-01-01T01:54:46.266Z</time>
</trkpt>
<trkpt lat="48.0088234" lon="7.5453882">
	<ele>194.97</ele>
	<time>1970-01-01T01:54:46.793Z</time>
</trkpt>
<trkpt lat="48.0087929" lon="7.5453610">
	<ele>194.98</ele>
	<time>1970-01-01T01:54:47.325Z</time>
</trkpt>
<trkpt lat="48.0084152" lon="7.5462699">
	<ele>195.62</ele>
	<time>1970-01-01T01:54:57.838Z</time>
</trkpt>
<trkpt lat="48.0083580" lon="7.5464330">
	<ele>196.03</ele>
	<time>1970-01-01T01:54:59.971Z</time>
</trkpt>
<trkpt lat="48.0083237" lon="7.5465350">
	<ele>196.07</ele>
	<time>1970-01-01T01:55:01.446Z</time>
</trkpt>
<trkpt lat="48.0082550" lon="7.5468278">
	<ele>196.00</ele>
	<time>1970-01-01T01:55:06.003Z</time>
</trkpt>
<trkpt lat="48.0082283" lon="7.5470781">
	<ele>195.82</ele>
	<time>1970-01-01T01:55:09.645Z</time>
</trkpt>
<trkpt lat="48.0081902" lon="7.5477538">
	<ele>195.06</ele>
	<time>1970-01-01T01:55:20.742Z</time>
</trkpt>
<trkpt lat="48.0080872" lon="7.5499678">
	<ele>195.16</ele>
	<time>1970-01-01T01:55:49.135Z</time>
</trkpt>
<trkpt lat="48.0079727" lon="7.5521822">
	<ele>195.00</ele>
	<time>1970-01-01T01:56:20.010Z</time>
</trkpt>
<trkpt lat="48.0079536" lon="7.5524101">
	<ele>195.03</ele>
	<time>1970-01-01T01:56:22.618Z</time>
</trkpt>
<trkpt lat="48.0079155" lon="7.5526419">
	<ele>195.03</ele>
	<time>1970-01-01T01:56:25.113Z</time>
</trkpt>
<trkpt lat="48.0078506" lon="7.5529232">
	<ele>195.01</ele>
	<time>1970-01-01T01:56:28.095Z</time>
</trkpt>
<trkpt lat="48.0074997" lon="7.5541868">
	<ele>195.00</ele>
	<time>1970-01-01T01:56:40.668Z</time>
</trkpt>
<trkpt lat="48.0073357" lon="7.5548820">
	<ele>193.98</ele>
	<time>1970-01-01T01:56:47.928Z</time>
</trkpt>
<trkpt lat="48.0072708" lon="7.5551109">
	<ele>194.00</ele>
	<time>1970-01-01T01:56:50.475Z</time>
</trkpt>
<trkpt lat="48.0072098" lon="7.5552788">
	<ele>194.00</ele>
	<time>1970-01-01T01:56:52.503Z</time>
</trkpt>
<trkpt lat="48.0071640" lon="7.5553761">
	<ele>194.06</ele>
	<time>1970-01-01T01:56:53.826Z</time>
</trkpt>
<trkpt lat="48.0071526" lon="7.5553999">
	<ele>194.08</ele>
	<time>1970-01-01T01:56:54.122Z</time>
</trkpt>
<trkpt lat="48.0071526" lon="7.5553980">
	<ele>194.08</ele>
	<time>1970-01-01T02:03:24.164Z</time>
</trkpt>
<trkpt lat="48.0071526" lon="7.5553999">
	<ele>194.08</ele>
	<time>1970-01-01T02:03:24.331Z</time>
</trkpt>
<trkpt lat="48.0070381" lon="7.5555239">
	<ele>194.13</ele>
	<time>1970-01-01T02:03:27.003Z</time>
</trkpt>
<trkpt lat="48.0069008" lon="7.5556302">
	<ele>193.72</ele>
	<time>1970-01-01T02:03:30.002Z</time>
</trkpt>
<trkpt lat="48.0068893" lon="7.5556412">
	<ele>193.67</ele>
	<time>1970-01-01T02:03:30.178Z</time>
</trkpt>
<trkpt lat="48.0056610" lon="7.5542970">
	<ele>194.02</ele>
	<time>1970-01-01T02:04:02.342Z</time>
</trkpt>
<trkpt lat="48.0052528" lon="7.5538321">
	<ele>194.00</ele>
	<time>1970-01-01T02:04:12.748Z</time>
</trkpt>
<trkpt lat="48.0041847" lon="7.5526581">
	<ele>194.00</ele>
	<time>1970-01-01T02:04:36.416Z</time>
</trkpt>
<trkpt lat="48.0036507" lon="7.5521131">
	<ele>194.00</ele>
	<time>1970-01-01T02:04:50.211Z</time>
</trkpt>
<trkpt lat="48.0030975" lon="7.5515981">
	<ele>193.99</ele>
	<time>1970-01-01T02:05:01.868Z</time>
</trkpt>
<trkpt lat="48.0026932" lon="7.5512829">
	<ele>194.98</ele>
	<time>1970-01-01T02:05:08.599Z</time>
</trkpt>
<trkpt lat="48.0022850" lon="7.5509739">
	<ele>194.49</ele>
	<time>1970-01-01T02:05:16.846Z</time>
</trkpt>
<trkpt lat="48.0016022" lon="7.5505810">
	<ele>194.97</ele>
	<time>1970-01-01T02:05:37.346Z</time>
</trkpt>
<trkpt lat="48.0006523" lon="7.5501080">
	<ele>196.00</ele>
	<time>1970-01-01T02:06:00.109Z</time>
</trkpt>
<trkpt lat="48.0003166" lon="7.5499830">
	<ele>196.00</ele>
	<time>1970-01-01T02:06:08.625Z</time>
</trkpt>
<trkpt lat="47.9998055" lon="7.5498219">
	<ele>196.00</ele>
	<time>1970-01-01T02:06:21.357Z</time>
</trkpt>
<trkpt lat="47.9995575" lon="7.5497508">
	<ele>196.00</ele>
	<time>1970-01-01T02:06:25.997Z</time>
</trkpt>
<trkpt lat="47.9993095" lon="7.5497041">
	<ele>196.00</ele>
	<time>1970-01-01T02:06:30.144Z</time>
</trkpt>
<trkpt lat="47.9988518" lon="7.5496211">
	<ele>196.00</ele>
	<time>1970-01-01T02:06:37.602Z</time>
</trkpt>
<trkpt lat="47.9983788" lon="7.5495548">
	<ele>196.00</ele>
	<time>1970-01-01T02:06:45.773Z</time>
</trkpt>
<trkpt lat="47.9975777" lon="7.5495439">
	<ele>196.00</ele>
	<time>1970-01-01T02:06:57.857Z</time>
</trkpt>
<trkpt lat="47.9961929" lon="7.5496578">
	<ele>196.17</ele>
	<time>1970-01-01T02:07:30.910Z</time>
</trkpt>
<trkpt lat="47.9960594" lon="7.5496640">
	<ele>196.17</ele>
	<time>1970-01-01T02:07:33.669Z</time>
</trkpt>
<trkpt lat="47.9957619" lon="7.5497050">
	<ele>196.25</ele>
	<time>1970-01-01T02:07:40.171Z</time>
</trkpt>
<trkpt lat="47.9953346" lon="7.5497808">
	<ele>196.85</ele>
	<time>1970-01-01T02:07:48.299Z</time>
</trkpt>
<trkpt lat="47.9950981" lon="7.5498052">
	<ele>196.74</ele>
	<time>1970-01-01T02:07:52.490Z</time>
</trkpt>
<trkpt lat="47.9942017" lon="7.5498662">
	<ele>196.02</ele>
	<time>1970-01-01T02:08:08.867Z</time>
</trkpt>
<trkpt lat="47.9934158" lon="7.5499592">
	<ele>196.97</ele>
	<time>1970-01-01T02:08:23.457Z</time>
</trkpt>
<trkpt lat="47.9926033" lon="7.5500431">
	<ele>196.99</ele>
	<time>1970-01-01T02:08:38.614Z</time>
</trkpt>
<trkpt lat="47.9917946" lon="7.5501561">
	<ele>198.06</ele>
	<time>1970-01-01T02:08:54.327Z</time>
</trkpt>
<trkpt lat="47.9903717" lon="7.5503278">
	<ele>198.00</ele>
	<time>1970-01-01T02:09:24.223Z</time>
</trkpt>
<trkpt lat="47.9901772" lon="7.5503521">
	<ele>198.00</ele>
	<time>1970-01-01T02:09:28.308Z</time>
</trkpt>
<trkpt lat="47.9898300" lon="7.5504079">
	<ele>197.92</ele>
	<time>1970-01-01T02:09:35.350Z</time>
</trkpt>
<trkpt lat="47.9896698" lon="7.5504308">
	<ele>198.16</ele>
	<time>1970-01-01T02:09:38.748Z</time>
</trkpt>
<trkpt lat="47.9895744" lon="7.5504332">
	<ele>198.61</ele>
	<time>1970-01-01T02:09:40.790Z</time>
</trkpt>
<trkpt lat="47.9894295" lon="7.5503778">
	<ele>199.04</ele>
	<time>1970-01-01T02:09:43.538Z</time>
</trkpt>
<trkpt lat="47.9894028" lon="7.5503659">
	<ele>199.01</ele>
	<time>1970-01-01T02:09:44.052Z</time>
</trkpt>
<trkpt lat="47.9892693" lon="7.5504599">
	<ele>198.87</ele>
	<time>1970-01-01T02:09:46.969Z</time>
</trkpt>
<trkpt lat="47.9881210" lon="7.5506010">
	<ele>198.13</ele>
	<time>1970-01-01T02:10:06.208Z</time>
</trkpt>
<trkpt lat="47.9879570" lon="7.5506501">
	<ele>198.26</ele>
	<time>1970-01-01T02:10:09.233Z</time>
</trkpt>
<trkpt lat="47.9878044" lon="7.5505691">
	<ele>198.00</ele>
	<time>1970-01-01T02:10:11.954Z</time>
</trkpt>
<trkpt lat="47.9829102" lon="7.5491500">
	<ele>198.11</ele>
	<time>1970-01-01T02:11:41.884Z</time>
</trkpt>
<trkpt lat="47.9818687" lon="7.5488348">
	<ele>197.94</ele>
	<time>1970-01-01T02:12:00.111Z</time>
</trkpt>
<trkpt lat="47.9810028" lon="7.5486121">
	<ele>197.00</ele>
	<time>1970-01-01T02:12:16.056Z</time>
</trkpt>
<trkpt lat="47.9790726" lon="7.5482192">
	<ele>198.11</ele>
	<time>1970-01-01T02:12:57.576Z</time>
</trkpt>
<trkpt lat="47.9772911" lon="7.5478148">
	<ele>197.98</ele>
	<time>1970-01-01T02:13:27.025Z</time>
</trkpt>
<trkpt lat="47.9746513" lon="7.5471578">
	<ele>198.01</ele>
	<time>1970-01-01T02:14:20.676Z</time>
</trkpt>
<trkpt lat="47.9726067" lon="7.5466490">
	<ele>198.00</ele>
	<time>1970-01-01T02:15:01.590Z</time>
</trkpt>
<trkpt lat="47.9710693" lon="7.5462699">
	<ele>198.02</ele>
	<time>1970-01-01T02:15:35.969Z</time>
</trkpt>
<trkpt lat="47.9710121" lon="7.5462570">
	<ele>198.23</ele>
	<time>1970-01-01T02:15:37.036Z</time>
</trkpt>
<trkpt lat="47.9706841" lon="7.5461650">
	<ele>199.06</ele>
	<time>1970-01-01T02:15:43.926Z</time>
</trkpt>
<trkpt lat="47.9706116" lon="7.5461831">
	<ele>199.02</ele>
	<time>1970-01-01T02:15:45.383Z</time>
</trkpt>
<trkpt lat="47.9695168" lon="7.5463691">
	<ele>199.07</ele>
	<time>1970-01-01T02:16:11.597Z</time>
</trkpt>
<trkpt lat="47.9692383" lon="7.5463958">
	<ele>198.21</ele>
	<time>1970-01-01T02:16:17.037Z</time>
</trkpt>
<trkpt lat="47.9690704" lon="7.5463982">
	<ele>197.89</ele>
	<time>1970-01-01T02:16:20.334Z</time>
</trkpt>
<trkpt lat="47.9690247" lon="7.5463972">
	<ele>197.87</ele>
	<time>1970-01-01T02:16:21.198Z</time>
</trkpt>
<trkpt lat="47.9689865" lon="7.5463991">
	<ele>197.88</ele>
	<time>1970-01-01T02:16:21.844Z</time>
</trkpt>
<trkpt lat="47.9688263" lon="7.5464082">
	<ele>198.18</ele>
	<time>1970-01-01T02:16:24.597Z</time>
</trkpt>
<trkpt lat="47.9686050" lon="7.5464382">
	<ele>199.07</ele>
	<time>1970-01-01T02:16:28.439Z</time>
</trkpt>
<trkpt lat="47.9683456" lon="7.5464439">
	<ele>199.06</ele>
	<time>1970-01-01T02:16:32.509Z</time>
</trkpt>
<trkpt lat="47.9677162" lon="7.5463920">
	<ele>199.00</ele>
	<time>1970-01-01T02:16:42.519Z</time>
</trkpt>
<trkpt lat="47.9665184" lon="7.5462470">
	<ele>199.00</ele>
	<time>1970-01-01T02:17:03.586Z</time>
</trkpt>
<trkpt lat="47.9661751" lon="7.5462198">
	<ele>199.00</ele>
	<time>1970-01-01T02:17:09.451Z</time>
</trkpt>
<trkpt lat="47.9660416" lon="7.5462251">
	<ele>199.00</ele>
	<time>1970-01-01T02:17:11.809Z</time>
</trkpt>
<trkpt lat="47.9624138" lon="7.5464082">
	<ele>199.00</ele>
	<time>1970-01-01T02:18:16.249Z</time>
</trkpt>
<trkpt lat="47.9601555" lon="7.5465188">
	<ele>199.07</ele>
	<time>1970-01-01T02:19:03.818Z</time>
</trkpt>
<trkpt lat="47.9577217" lon="7.5465941">
	<ele>200.00</ele>
	<time>1970-01-01T02:19:43.717Z</time>
</trkpt>
<trkpt lat="47.9567261" lon="7.5466132">
	<ele>200.77</ele>
	<time>1970-01-01T02:20:07.267Z</time>
</trkpt>
<trkpt lat="47.9562263" lon="7.5466452">
	<ele>200.98</ele>
	<time>1970-01-01T02:20:19.420Z</time>
</trkpt>
<trkpt lat="47.9543114" lon="7.5466208">
	<ele>200.93</ele>
	<time>1970-01-01T02:20:55.795Z</time>
</trkpt>
<trkpt lat="47.9528694" lon="7.5465870">
	<ele>201.02</ele>
	<time>1970-01-01T02:21:28.881Z</time>
</trkpt>
<trkpt lat="47.9523773" lon="7.5465970">
	<ele>201.00</ele>
	<time>1970-01-01T02:21:39.234Z</time>
</trkpt>
<trkpt lat="47.9519081" lon="7.5465908">
	<ele>200.98</ele>
	<time>1970-01-01T02:21:48.544Z</time>
</trkpt>
<trkpt lat="47.9512138" lon="7.5465789">
	<ele>200.82</ele>
	<time>1970-01-01T02:22:00.689Z</time>
</trkpt>
<trkpt lat="47.9512138" lon="7.5465789">
	<ele>200.82</ele>
	<time>1970-01-01T02:28:30.731Z</time>
</trkpt>
<trkpt lat="47.9489975" lon="7.5465431">
	<ele>200.00</ele>
	<time>1970-01-01T02:29:07.980Z</time>
</trkpt>
<trkpt lat="47.9487686" lon="7.5465231">
	<ele>199.97</ele>
	<time>1970-01-01T02:29:12.604Z</time>
</trkpt>
<trkpt lat="47.9483871" lon="7.5464411">
	<ele>200.78</ele>
	<time>1970-01-01T02:29:21.785Z</time>
</trkpt>
<trkpt lat="47.9471397" lon="7.5461369">
	<ele>201.00</ele>
	<time>1970-01-01T02:29:46.956Z</time>
</trkpt>
<trkpt lat="47.9464073" lon="7.5459428">
	<ele>200.31</ele>
	<time>1970-01-01T02:30:03.282Z</time>
</trkpt>
<trkpt lat="47.9457970" lon="7.5458059">
	<ele>201.04</ele>
	<time>1970-01-01T02:30:17.571Z</time>
</trkpt>
<trkpt lat="47.9448166" lon="7.5456328">
	<ele>201.00</ele>
	<time>1970-01-01T02:30:34.713Z</time>
</trkpt>
<trkpt lat="47.9442101" lon="7.5453458">
	<ele>201.00</ele>
	<time>1970-01-01T02:30:45.223Z</time>
</trkpt>
<trkpt lat="47.9420624" lon="7.5438261">
	<ele>204.37</ele>
	<time>1970-01-01T02:31:39.947Z</time>
</trkpt>
<trkpt lat="47.9420013" lon="7.5437489">
	<ele>204.31</ele>
	<time>1970-01-01T02:31:41.622Z</time>
</trkpt>
<trkpt lat="47.9419823" lon="7.5436840">
	<ele>204.14</ele>
	<time>1970-01-01T02:31:42.545Z</time>
</trkpt>
<trkpt lat="47.9415741" lon="7.5436668">
	<ele>204.73</ele>
	<time>1970-01-01T02:31:50.678Z</time>
</trkpt>
<trkpt lat="47.9391022" lon="7.5431600">
	<ele>204.77</ele>
	<time>1970-01-01T02:32:45.329Z</time>
</trkpt>
<trkpt lat="47.9387550" lon="7.5430498">
	<ele>204.54</ele>
	<time>1970-01-01T02:32:51.640Z</time>
</trkpt>
<trkpt lat="47.9382477" lon="7.5428510">
	<ele>204.87</ele>
	<time>1970-01-01T02:33:02.951Z</time>
</trkpt>
<trkpt lat="47.9381065" lon="7.5427842">
	<ele>204.99</ele>
	<time>1970-01-01T02:33:05.883Z</time>
</trkpt>
<trkpt lat="47.9381790" lon="7.5426192">
	<ele>204.74</ele>
	<time>1970-01-01T02:33:08.977Z</time>
</trkpt>
<trkpt lat="47.9384575" lon="7.5413709">
	<ele>205.04</ele>
	<time>1970-01-01T02:33:25.922Z</time>
</trkpt>
<trkpt lat="47.9387894" lon="7.5400152">
	<ele>204.34</ele>
	<time>1970-01-01T02:33:44.976Z</time>
</trkpt>
<trkpt lat="47.9388123" lon="7.5399351">
	<ele>204.18</ele>
	<time>1970-01-01T02:33:46.180Z</time>
</trkpt>
<trkpt lat="47.9373665" lon="7.5392542">
	<ele>205.00</ele>
	<time>1970-01-01T02:34:13.879Z</time>
</trkpt>
<trkpt lat="47.9360199" lon="7.5386090">
	<ele>206.07</ele>
	<time>1970-01-01T02:34:41.894Z</time>
</trkpt>
<trkpt lat="47.9358482" lon="7.5385141">
	<ele>205.65</ele>
	<time>1970-01-01T02:34:45.541Z</time>
</trkpt>
<trkpt lat="47.9357796" lon="7.5384741">
	<ele>205.49</ele>
	<time>1970-01-01T02:34:46.982Z</time>
</trkpt>
<trkpt lat="47.9350433" lon="7.5381260">
	<ele>205.90</ele>
	<time>1970-01-01T02:35:04.365Z</time>
</trkpt>
<trkpt lat="47.9341011" lon="7.5376911">
	<ele>205.35</ele>
	<time>1970-01-01T02:35:22.531Z</time>
</trkpt>
<trkpt lat="47.9324913" lon="7.5369201">
	<ele>206.98</ele>
	<time>1970-01-01T02:35:59.183Z</time>
</trkpt>
<trkpt lat="47.9324417" lon="7.5369000">
	<ele>206.84</ele>
	<time>1970-01-01T02:36:00.169Z</time>
</trkpt>
<trkpt lat="47.9324188" lon="7.5368900">
	<ele>206.74</ele>
	<time>1970-01-01T02:36:00.663Z</time>
</trkpt>
<trkpt lat="47.9323921" lon="7.5368772">
	<ele>206.59</ele>
	<time>1970-01-01T02:36:01.156Z</time>
</trkpt>
<trkpt lat="47.9323502" lon="7.5368562">
	<ele>206.36</ele>
	<time>1970-01-01T02:36:01.979Z</time>
</trkpt>
<trkpt lat="47.9299240" lon="7.5357108">
	<ele>206.56</ele>
	<time>1970-01-01T02:36:47.996Z</time>
</trkpt>
<trkpt lat="47.9298820" lon="7.5356879">
	<ele>206.75</ele>
	<time>1970-01-01T02:36:48.827Z</time>
</trkpt>
<trkpt lat="47.9298363" lon="7.5356650">
	<ele>206.90</ele>
	<time>1970-01-01T02:36:49.659Z</time>
</trkpt>
<trkpt lat="47.9297981" lon="7.5356469">
	<ele>207.00</ele>
	<time>1970-01-01T02:36:50.324Z</time>
</trkpt>
<trkpt lat="47.9297333" lon="7.5356140">
	<ele>207.06</ele>
	<time>1970-01-01T02:36:51.656Z</time>
</trkpt>
<trkpt lat="47.9283676" lon="7.5349722">
	<ele>206.90</ele>
	<time>1970-01-01T02:37:15.664Z</time>
</trkpt>
<trkpt lat="47.9278984" lon="7.5347781">
	<ele>205.98</ele>
	<time>1970-01-01T02:37:23.964Z</time>
</trkpt>
<trkpt lat="47.9278488" lon="7.5347610">
	<ele>205.99</ele>
	<time>1970-01-01T02:37:24.907Z</time>
</trkpt>
<trkpt lat="47.9277954" lon="7.5347409">
	<ele>206.00</ele>
	<time>1970-01-01T02:37:25.853Z</time>
</trkpt>
<trkpt lat="47.9273567" lon="7.5345740">
	<ele>206.00</ele>
	<time>1970-01-01T02:37:33.845Z</time>
</trkpt>
<trkpt lat="47.9265404" lon="7.5343251">
	<ele>206.48</ele>
	<time>1970-01-01T02:37:52.919Z</time>
</trkpt>
<trkpt lat="47.9265251" lon="7.5343208">
	<ele>206.55</ele>
	<time>1970-01-01T02:37:53.297Z</time>
</trkpt>
<trkpt lat="47.9265099" lon="7.5343161">
	<ele>206.62</ele>
	<time>1970-01-01T02:37:53.673Z</time>
</trkpt>
<trkpt lat="47.9253502" lon="7.5339899">
	<ele>206.81</ele>
	<time>1970-01-01T02:38:16.156Z</time>
</trkpt>
<trkpt lat="47.9247093" lon="7.5338202">
	<ele>207.00</ele>
	<time>1970-01-01T02:38:29.083Z</time>
</trkpt>
<trkpt lat="47.9240913" lon="7.5336680">
	<ele>207.04</ele>
	<time>1970-01-01T02:38:45.398Z</time>
</trkpt>
<trkpt lat="47.9214859" lon="7.5329728">
	<ele>207.77</ele>
	<time>1970-01-01T02:39:35.909Z</time>
</trkpt>
<trkpt lat="47.9195290" lon="7.5324378">
	<ele>208.12</ele>
	<time>1970-01-01T02:40:15.012Z</time>
</trkpt>
<trkpt lat="47.9178429" lon="7.5320082">
	<ele>209.97</ele>
	<time>1970-01-01T02:40:47.976Z</time>
</trkpt>
<trkpt lat="47.9178200" lon="7.5320020">
	<ele>209.99</ele>
	<time>1970-01-01T02:40:48.484Z</time>
</trkpt>
<trkpt lat="47.9177742" lon="7.5319862">
	<ele>210.00</ele>
	<time>1970-01-01T02:40:49.388Z</time>
</trkpt>
<trkpt lat="47.9175949" lon="7.5329351">
	<ele>210.22</ele>
	<time>1970-01-01T02:41:09.747Z</time>
</trkpt>
<trkpt lat="47.9175606" lon="7.5330458">
	<ele>210.01</ele>
	<time>1970-01-01T02:41:11.829Z</time>
</trkpt>
<trkpt lat="47.9172478" lon="7.5338469">
	<ele>209.00</ele>
	<time>1970-01-01T02:41:24.198Z</time>
</trkpt>
<trkpt lat="47.9172173" lon="7.5339408">
	<ele>209.01</ele>
	<time>1970-01-01T02:41:25.599Z</time>
</trkpt>
<trkpt lat="47.9171791" lon="7.5340509">
	<ele>209.08</ele>
	<time>1970-01-01T02:41:27.070Z</time>
</trkpt>
<trkpt lat="47.9171600" lon="7.5340881">
	<ele>209.09</ele>
	<time>1970-01-01T02:41:27.561Z</time>
</trkpt>
<trkpt lat="47.9171219" lon="7.5341959">
	<ele>208.98</ele>
	<time>1970-01-01T02:41:29.035Z</time>
</trkpt>
<trkpt lat="47.9170418" lon="7.5344658">
	<ele>207.92</ele>
	<time>1970-01-01T02:41:32.248Z</time>
</trkpt>
<trkpt lat="47.9169769" lon="7.5347619">
	<ele>206.94</ele>
	<time>1970-01-01T02:41:35.187Z</time>
</trkpt>
<trkpt lat="47.9169044" lon="7.5353150">
	<ele>207.00</ele>
	<time>1970-01-01T02:41:40.422Z</time>
</trkpt>
<trkpt lat="47.9168777" lon="7.5355048">
	<ele>207.00</ele>
	<time>1970-01-01T02:41:42.288Z</time>
</trkpt>
<trkpt lat="47.9168320" lon="7.5358572">
	<ele>207.06</ele>
	<time>1970-01-01T02:41:46.232Z</time>
</trkpt>
<trkpt lat="47.9168243" lon="7.5359492">
	<ele>207.43</ele>
	<time>1970-01-01T02:41:47.276Z</time>
</trkpt>
<trkpt lat="47.9168015" lon="7.5363269">
	<ele>208.03</ele>
	<time>1970-01-01T02:41:52.050Z</time>
</trkpt>
<trkpt lat="47.9167824" lon="7.5364451">
	<ele>208.00</ele>
	<time>1970-01-01T02:41:53.684Z</time>
</trkpt>
<trkpt lat="47.9167404" lon="7.5365071">
	<ele>208.01</ele>
	<time>1970-01-01T02:41:54.766Z</time>
</trkpt>
<trkpt lat="47.9167023" lon="7.5365429">
	<ele>208.01</ele>
	<time>1970-01-01T02:41:55.729Z</time>
</trkpt>
<trkpt lat="47.9166298" lon="7.5365930">
	<ele>208.00</ele>
	<time>1970-01-01T02:41:57.444Z</time>
</trkpt>
<trkpt lat="47.9163780" lon="7.5367641">
	<ele>208.04</ele>
	<time>1970-01-01T02:42:03.576Z</time>
</trkpt>
<trkpt lat="47.9160347" lon="7.5369811">
	<ele>207.93</ele>
	<time>1970-01-01T02:42:11.934Z</time>
</trkpt>
<trkpt lat="47.9157791" lon="7.5371499">
	<ele>208.11</ele>
	<time>1970-01-01T02:42:17.775Z</time>
</trkpt>
<trkpt lat="47.9156418" lon="7.5372381">
	<ele>208.03</ele>
	<time>1970-01-01T02:42:20.895Z</time>
</trkpt>
<trkpt lat="47.9154510" lon="7.5373602">
	<ele>208.11</ele>
	<time>1970-01-01T02:42:25.314Z</time>
</trkpt>
<trkpt lat="47.9153748" lon="7.5374141">
	<ele>208.11</ele>
	<time>1970-01-01T02:42:27.006Z</time>
</trkpt>
<trkpt lat="47.9147339" lon="7.5378652">
	<ele>208.01</ele>
	<time>1970-01-01T02:42:39.980Z</time>
</trkpt>
<trkpt lat="47.9145584" lon="7.5379810">
	<ele>208.12</ele>
	<time>1970-01-01T02:42:43.250Z</time>
</trkpt>
<trkpt lat="47.9144745" lon="7.5380349">
	<ele>207.98</ele>
	<time>1970-01-01T02:42:44.823Z</time>
</trkpt>
<trkpt lat="47.9144058" lon="7.5380812">
	<ele>208.13</ele>
	<time>1970-01-01T02:42:46.247Z</time>
</trkpt>
<trkpt lat="47.9143486" lon="7.5381231">
	<ele>208.49</ele>
	<time>1970-01-01T02:42:47.358Z</time>
</trkpt>
<trkpt lat="47.9142761" lon="7.5381641">
	<ele>208.90</ele>
	<time>1970-01-01T02:42:48.793Z</time>
</trkpt>
<trkpt lat="47.9140968" lon="7.5382419">
	<ele>208.88</ele>
	<time>1970-01-01T02:42:52.375Z</time>
</trkpt>
<trkpt lat="47.9137993" lon="7.5383282">
	<ele>207.93</ele>
	<time>1970-01-01T02:42:58.145Z</time>
</trkpt>
<trkpt lat="47.9135017" lon="7.5383821">
	<ele>208.00</ele>
	<time>1970-01-01T02:43:03.570Z</time>
</trkpt>
<trkpt lat="47.9133301" lon="7.5384169">
	<ele>208.00</ele>
	<time>1970-01-01T02:43:06.635Z</time>
</trkpt>
<trkpt lat="47.9132309" lon="7.5384421">
	<ele>208.00</ele>
	<time>1970-01-01T02:43:08.418Z</time>
</trkpt>
<trkpt lat="47.9127769" lon="7.5385308">
	<ele>208.00</ele>
	<time>1970-01-01T02:43:16.328Z</time>
</trkpt>
<trkpt lat="47.9126892" lon="7.5385532">
	<ele>208.25</ele>
	<time>1970-01-01T02:43:17.910Z</time>
</trkpt>
<trkpt lat="47.9126282" lon="7.5385728">
	<ele>208.52</ele>
	<time>1970-01-01T02:43:19.022Z</time>
</trkpt>
<trkpt lat="47.9125366" lon="7.5385981">
	<ele>208.91</ele>
	<time>1970-01-01T02:43:20.522Z</time>
</trkpt>
<trkpt lat="47.9117851" lon="7.5388012">
	<ele>208.22</ele>
	<time>1970-01-01T02:43:33.763Z</time>
</trkpt>
<trkpt lat="47.9114304" lon="7.5389171">
	<ele>207.99</ele>
	<time>1970-01-01T02:43:39.864Z</time>
</trkpt>
<trkpt lat="47.9112091" lon="7.5389409">
	<ele>207.98</ele>
	<time>1970-01-01T02:43:43.360Z</time>
</trkpt>
<trkpt lat="47.9110489" lon="7.5389390">
	<ele>207.95</ele>
	<time>1970-01-01T02:43:45.961Z</time>
</trkpt>
<trkpt lat="47.9107475" lon="7.5389099">
	<ele>207.97</ele>
	<time>1970-01-01T02:43:50.772Z</time>
</trkpt>
<trkpt lat="47.9106712" lon="7.5389009">
	<ele>207.93</ele>
	<time>1970-01-01T02:43:52.013Z</time>
</trkpt>
<trkpt lat="47.9092674" lon="7.5387049">
	<ele>209.03</ele>
	<time>1970-01-01T02:44:22.134Z</time>
</trkpt>
<trkpt lat="47.9081497" lon="7.5385590">
	<ele>209.01</ele>
	<time>1970-01-01T02:44:45.486Z</time>
</trkpt>
<trkpt lat="47.9077606" lon="7.5385089">
	<ele>208.66</ele>
	<time>1970-01-01T02:44:51.010Z</time>
</trkpt>
<trkpt lat="47.9076538" lon="7.5384922">
	<ele>208.57</ele>
	<time>1970-01-01T02:44:52.560Z</time>
</trkpt>
<trkpt lat="47.9070511" lon="7.5384259">
	<ele>209.05</ele>
	<time>1970-01-01T02:45:01.134Z</time>
</trkpt>
<trkpt lat="47.9057541" lon="7.5382571">
	<ele>209.12</ele>
	<time>1970-01-01T02:45:29.194Z</time>
</trkpt>
<trkpt lat="47.9056778" lon="7.5382471">
	<ele>209.13</ele>
	<time>1970-01-01T02:45:30.691Z</time>
</trkpt>
<trkpt lat="47.9056702" lon="7.5383329">
	<ele>209.00</ele>
	<time>1970-01-01T02:45:31.759Z</time>
</trkpt>
<trkpt lat="47.9056015" lon="7.5383401">
	<ele>208.99</ele>
	<time>1970-01-01T02:45:32.920Z</time>
</trkpt>
<trkpt lat="47.9034691" lon="7.5380912">
	<ele>209.00</ele>
	<time>1970-01-01T02:46:12.578Z</time>
</trkpt>
<trkpt lat="47.9009895" lon="7.5377769">
	<ele>210.00</ele>
	<time>1970-01-01T02:46:57.638Z</time>
</trkpt>
<trkpt lat="47.8990974" lon="7.5375180">
	<ele>209.93</ele>
	<time>1970-01-01T02:47:39.546Z</time>
</trkpt>
<trkpt lat="47.8984184" lon="7.5374098">
	<ele>210.05</ele>
	<time>1970-01-01T02:47:52.690Z</time>
</trkpt>
<trkpt lat="47.8983078" lon="7.5373940">
	<ele>209.96</ele>
	<time>1970-01-01T02:47:54.910Z</time>
</trkpt>
<trkpt lat="47.8968353" lon="7.5371790">
	<ele>209.99</ele>
	<time>1970-01-01T02:48:18.477Z</time>
</trkpt>
<trkpt lat="47.8954277" lon="7.5370088">
	<ele>210.88</ele>
	<time>1970-01-01T02:48:47.702Z</time>
</trkpt>
<trkpt lat="47.8940048" lon="7.5368791">
	<ele>210.97</ele>
	<time>1970-01-01T02:49:11.480Z</time>
</trkpt>
<trkpt lat="47.8913803" lon="7.5365748">
	<ele>210.28</ele>
	<time>1970-01-01T02:49:57.674Z</time>
</trkpt>
<trkpt lat="47.8897858" lon="7.5364132">
	<ele>211.00</ele>
	<time>1970-01-01T02:50:36.172Z</time>
</trkpt>
<trkpt lat="47.8897514" lon="7.5363960">
	<ele>211.00</ele>
	<time>1970-01-01T02:50:36.903Z</time>
</trkpt>
<trkpt lat="47.8897362" lon="7.5363498">
	<ele>211.00</ele>
	<time>1970-01-01T02:50:37.632Z</time>
</trkpt>
<trkpt lat="47.8897362" lon="7.5363069">
	<ele>211.00</ele>
	<time>1970-01-01T02:50:38.215Z</time>
</trkpt>
<trkpt lat="47.8896370" lon="7.5363011">
	<ele>211.00</ele>
	<time>1970-01-01T02:50:40.198Z</time>
</trkpt>
<trkpt lat="47.8894730" lon="7.5362711">
	<ele>211.00</ele>
	<time>1970-01-01T02:50:43.586Z</time>
</trkpt>
<trkpt lat="47.8889275" lon="7.5362468">
	<ele>211.06</ele>
	<time>1970-01-01T02:50:54.065Z</time>
</trkpt>
<trkpt lat="47.8886642" lon="7.5362501">
	<ele>211.03</ele>
	<time>1970-01-01T02:50:59.357Z</time>
</trkpt>
<trkpt lat="47.8877411" lon="7.5363240">
	<ele>210.99</ele>
	<time>1970-01-01T02:51:22.872Z</time>
</trkpt>
<trkpt lat="47.8876610" lon="7.5363288">
	<ele>211.05</ele>
	<time>1970-01-01T02:51:24.653Z</time>
</trkpt>
<trkpt lat="47.8873138" lon="7.5363431">
	<ele>211.06</ele>
	<time>1970-01-01T02:51:32.826Z</time>
</trkpt>
<trkpt lat="47.8871994" lon="7.5363250">
	<ele>211.22</ele>
	<time>1970-01-01T02:51:35.463Z</time>
</trkpt>
<trkpt lat="47.8871460" lon="7.5363088">
	<ele>211.39</ele>
	<time>1970-01-01T02:51:36.579Z</time>
</trkpt>
<trkpt lat="47.8870926" lon="7.5362778">
	<ele>211.54</ele>
	<time>1970-01-01T02:51:37.872Z</time>
</trkpt>
<trkpt lat="47.8863831" lon="7.5357938">
	<ele>211.00</ele>
	<time>1970-01-01T02:51:52.019Z</time>
</trkpt>
<trkpt lat="47.8861961" lon="7.5356798">
	<ele>211.03</ele>
	<time>1970-01-01T02:51:55.639Z</time>
</trkpt>
<trkpt lat="47.8861046" lon="7.5356202">
	<ele>211.00</ele>
	<time>1970-01-01T02:51:57.454Z</time>
</trkpt>
<trkpt lat="47.8859825" lon="7.5355239">
	<ele>211.08</ele>
	<time>1970-01-01T02:51:59.932Z</time>
</trkpt>
<trkpt lat="47.8859177" lon="7.5354772">
	<ele>211.12</ele>
	<time>1970-01-01T02:52:01.255Z</time>
</trkpt>
<trkpt lat="47.8853607" lon="7.5349751">
	<ele>210.97</ele>
	<time>1970-01-01T02:52:14.438Z</time>
</trkpt>
<trkpt lat="47.8847771" lon="7.5344820">
	<ele>211.92</ele>
	<time>1970-01-01T02:52:26.746Z</time>
</trkpt>
<trkpt lat="47.8847160" lon="7.5344272">
	<ele>212.03</ele>
	<time>1970-01-01T02:52:28.078Z</time>
</trkpt>
<trkpt lat="47.8846207" lon="7.5343370">
	<ele>212.11</ele>
	<time>1970-01-01T02:52:30.245Z</time>
</trkpt>
<trkpt lat="47.8845024" lon="7.5342169">
	<ele>212.02</ele>
	<time>1970-01-01T02:52:32.912Z</time>
</trkpt>
<trkpt lat="47.8842812" lon="7.5340290">
	<ele>212.08</ele>
	<time>1970-01-01T02:52:37.870Z</time>
</trkpt>
<trkpt lat="47.8841858" lon="7.5339222">
	<ele>212.01</ele>
	<time>1970-01-01T02:52:40.321Z</time>
</trkpt>
<trkpt lat="47.8841133" lon="7.5338168">
	<ele>212.04</ele>
	<time>1970-01-01T02:52:42.117Z</time>
</trkpt>
<trkpt lat="47.8840828" lon="7.5337529">
	<ele>212.07</ele>
	<time>1970-01-01T02:52:43.098Z</time>
</trkpt>
<trkpt lat="47.8840637" lon="7.5336871">
	<ele>212.06</ele>
	<time>1970-01-01T02:52:43.917Z</time>
</trkpt>
<trkpt lat="47.8840904" lon="7.5336452">
	<ele>212.03</ele>
	<time>1970-01-01T02:52:44.737Z</time>
</trkpt>
<trkpt lat="47.8841095" lon="7.5335908">
	<ele>212.02</ele>
	<time>1970-01-01T02:52:45.557Z</time>
</trkpt>
<trkpt lat="47.8841133" lon="7.5335312">
	<ele>212.01</ele>
	<time>1970-01-01T02:52:46.378Z</time>
</trkpt>
<trkpt lat="47.8841057" lon="7.5334721">
	<ele>212.02</ele>
	<time>1970-01-01T02:52:47.200Z</time>
</trkpt>
<trkpt lat="47.8840828" lon="7.5334210">
	<ele>212.03</ele>
	<time>1970-01-01T02:52:48.022Z</time>
</trkpt>
<trkpt lat="47.8840523" lon="7.5333838">
	<ele>212.05</ele>
	<time>1970-01-01T02:52:48.845Z</time>
</trkpt>
<trkpt lat="47.8840141" lon="7.5333662">
	<ele>212.07</ele>
	<time>1970-01-01T02:52:49.669Z</time>
</trkpt>
<trkpt lat="47.8839760" lon="7.5333681">
	<ele>212.08</ele>
	<time>1970-01-01T02:52:50.328Z</time>
</trkpt>
<trkpt lat="47.8839378" lon="7.5333881">
	<ele>212.06</ele>
	<time>1970-01-01T02:52:50.946Z</time>
</trkpt>
<trkpt lat="47.8839073" lon="7.5334239">
	<ele>212.03</ele>
	<time>1970-01-01T02:52:51.566Z</time>
</trkpt>
<trkpt lat="47.8838882" lon="7.5334730">
	<ele>212.00</ele>
	<time>1970-01-01T02:52:52.188Z</time>
</trkpt>
<trkpt lat="47.8838387" lon="7.5334411">
	<ele>211.88</ele>
	<time>1970-01-01T02:52:53.123Z</time>
</trkpt>
<trkpt lat="47.8837624" lon="7.5333490">
	<ele>211.60</ele>
	<time>1970-01-01T02:52:54.848Z</time>
</trkpt>
<trkpt lat="47.8832130" lon="7.5322652">
	<ele>212.12</ele>
	<time>1970-01-01T02:53:11.259Z</time>
</trkpt>
<trkpt lat="47.8827744" lon="7.5315609">
	<ele>212.07</ele>
	<time>1970-01-01T02:53:21.135Z</time>
</trkpt>
<trkpt lat="47.8826408" lon="7.5313740">
	<ele>212.08</ele>
	<time>1970-01-01T02:53:24.083Z</time>
</trkpt>
<trkpt lat="47.8824959" lon="7.5311899">
	<ele>212.03</ele>
	<time>1970-01-01T02:53:27.249Z</time>
</trkpt>
<trkpt lat="47.8824654" lon="7.5311580">
	<ele>212.00</ele>
	<time>1970-01-01T02:53:27.860Z</time>
</trkpt>
<trkpt lat="47.8821678" lon="7.5308700">
	<ele>212.86</ele>
	<time>1970-01-01T02:53:34.417Z</time>
</trkpt>
<trkpt lat="47.8820229" lon="7.5307670">
	<ele>212.35</ele>
	<time>1970-01-01T02:53:37.574Z</time>
</trkpt>
<trkpt lat="47.8818703" lon="7.5306602">
	<ele>211.88</ele>
	<time>1970-01-01T02:53:40.879Z</time>
</trkpt>
<trkpt lat="47.8816795" lon="7.5305490">
	<ele>212.02</ele>
	<time>1970-01-01T02:53:45.104Z</time>
</trkpt>
<trkpt lat="47.8816147" lon="7.5305080">
	<ele>211.82</ele>
	<time>1970-01-01T02:53:46.553Z</time>
</trkpt>
<trkpt lat="47.8815002" lon="7.5304322">
	<ele>211.56</ele>
	<time>1970-01-01T02:53:49.068Z</time>
</trkpt>
<trkpt lat="47.8813591" lon="7.5303359">
	<ele>211.87</ele>
	<time>1970-01-01T02:53:52.266Z</time>
</trkpt>
<trkpt lat="47.8813210" lon="7.5303111">
	<ele>211.83</ele>
	<time>1970-01-01T02:53:52.972Z</time>
</trkpt>
<trkpt lat="47.8812485" lon="7.5303988">
	<ele>211.30</ele>
	<time>1970-01-01T02:53:54.907Z</time>
</trkpt>
<trkpt lat="47.8812065" lon="7.5303931">
	<ele>211.17</ele>
	<time>1970-01-01T02:53:55.726Z</time>
</trkpt>
<trkpt lat="47.8808899" lon="7.5301590">
	<ele>211.45</ele>
	<time>1970-01-01T02:54:02.140Z</time>
</trkpt>
<trkpt lat="47.8800049" lon="7.5295429">
	<ele>212.00</ele>
	<time>1970-01-01T02:54:20.209Z</time>
</trkpt>
<trkpt lat="47.8786736" lon="7.5285950">
	<ele>212.22</ele>
	<time>1970-01-01T02:54:48.487Z</time>
</trkpt>
<trkpt lat="47.8776245" lon="7.5278778">
	<ele>213.79</ele>
	<time>1970-01-01T02:55:11.773Z</time>
</trkpt>
<trkpt lat="47.8770714" lon="7.5274792">
	<ele>213.50</ele>
	<time>1970-01-01T02:55:25.418Z</time>
</trkpt>
<trkpt lat="47.8756485" lon="7.5263848">
	<ele>214.11</ele>
	<time>1970-01-01T02:55:56.958Z</time>
</trkpt>
<trkpt lat="47.8755913" lon="7.5263419">
	<ele>213.98</ele>
	<time>1970-01-01T02:55:58.077Z</time>
</trkpt>
<trkpt lat="47.8728218" lon="7.5242620">
	<ele>214.75</ele>
	<time>1970-01-01T02:56:58.397Z</time>
</trkpt>
<trkpt lat="47.8725853" lon="7.5240798">
	<ele>215.10</ele>
	<time>1970-01-01T02:57:02.988Z</time>
</trkpt>
<trkpt lat="47.8716202" lon="7.5236182">
	<ele>214.95</ele>
	<time>1970-01-01T02:57:23.766Z</time>
</trkpt>
<trkpt lat="47.8695183" lon="7.5225329">
	<ele>215.01</ele>
	<time>1970-01-01T02:58:07.078Z</time>
</trkpt>
<trkpt lat="47.8690834" lon="7.5223231">
	<ele>214.61</ele>
	<time>1970-01-01T02:58:14.441Z</time>
</trkpt>
<trkpt lat="47.8684883" lon="7.5220661">
	<ele>215.39</ele>
	<time>1970-01-01T02:58:26.732Z</time>
</trkpt>
<trkpt lat="47.8683205" lon="7.5220079">
	<ele>215.90</ele>
	<time>1970-01-01T02:58:30.254Z</time>
</trkpt>
<trkpt lat="47.8680382" lon="7.5219369">
	<ele>214.99</ele>
	<time>1970-01-01T02:58:36.049Z</time>
</trkpt>
<trkpt lat="47.8669662" lon="7.5217538">
	<ele>216.59</ele>
	<time>1970-01-01T02:58:54.594Z</time>
</trkpt>
<trkpt lat="47.8667717" lon="7.5217400">
	<ele>215.99</ele>
	<time>1970-01-01T02:58:57.935Z</time>
</trkpt>
<trkpt lat="47.8665848" lon="7.5217490">
	<ele>215.57</ele>
	<time>1970-01-01T02:59:00.999Z</time>
</trkpt>
<trkpt lat="47.8664742" lon="7.5217562">
	<ele>215.80</ele>
	<time>1970-01-01T02:59:02.786Z</time>
</trkpt>
<trkpt lat="47.8662338" lon="7.5217938">
	<ele>215.15</ele>
	<time>1970-01-01T02:59:06.664Z</time>
</trkpt>
<trkpt lat="47.8652000" lon="7.5220528">
	<ele>214.92</ele>
	<time>1970-01-01T02:59:23.266Z</time>
</trkpt>
<trkpt lat="47.8647804" lon="7.5221038">
	<ele>215.03</ele>
	<time>1970-01-01T02:59:30.609Z</time>
</trkpt>
<trkpt lat="47.8645020" lon="7.5220881">
	<ele>214.59</ele>
	<time>1970-01-01T02:59:36.174Z</time>
</trkpt>
<trkpt lat="47.8642044" lon="7.5220318">
	<ele>214.70</ele>
	<time>1970-01-01T02:59:42.723Z</time>
</trkpt>
<trkpt lat="47.8639183" lon="7.5219369">
	<ele>215.00</ele>
	<time>1970-01-01T02:59:48.773Z</time>
</trkpt>
<trkpt lat="47.8636322" lon="7.5218182">
	<ele>215.48</ele>
	<time>1970-01-01T02:59:54.800Z</time>
</trkpt>
<trkpt lat="47.8633995" lon="7.5216808">
	<ele>216.14</ele>
	<time>1970-01-01T02:59:59.793Z</time>
</trkpt>
<trkpt lat="47.8625450" lon="7.5210662">
	<ele>215.99</ele>
	<time>1970-01-01T03:00:17.958Z</time>
</trkpt>
<trkpt lat="47.8618126" lon="7.5205722">
	<ele>215.57</ele>
	<time>1970-01-01T03:00:31.745Z</time>
</trkpt>
<trkpt lat="47.8613472" lon="7.5203042">
	<ele>215.97</ele>
	<time>1970-01-01T03:00:42.136Z</time>
</trkpt>
<trkpt lat="47.8609161" lon="7.5200939">
	<ele>216.17</ele>
	<time>1970-01-01T03:00:52.361Z</time>
</trkpt>
<trkpt lat="47.8607368" lon="7.5200162">
	<ele>216.01</ele>
	<time>1970-01-01T03:00:56.337Z</time>
</trkpt>
<trkpt lat="47.8605270" lon="7.5199399">
	<ele>216.09</ele>
	<time>1970-01-01T03:01:00.502Z</time>
</trkpt>
<trkpt lat="47.8597832" lon="7.5197148">
	<ele>216.08</ele>
	<time>1970-01-01T03:01:13.048Z</time>
</trkpt>
<trkpt lat="47.8593254" lon="7.5195532">
	<ele>215.79</ele>
	<time>1970-01-01T03:01:21.698Z</time>
</trkpt>
<trkpt lat="47.8589516" lon="7.5193110">
	<ele>215.64</ele>
	<time>1970-01-01T03:01:30.082Z</time>
</trkpt>
<trkpt lat="47.8583260" lon="7.5188751">
	<ele>215.00</ele>
	<time>1970-01-01T03:01:44.422Z</time>
</trkpt>
<trkpt lat="47.8578568" lon="7.5185351">
	<ele>215.03</ele>
	<time>1970-01-01T03:01:52.790Z</time>
</trkpt>
<trkpt lat="47.8570595" lon="7.5181580">
	<ele>215.28</ele>
	<time>1970-01-01T03:02:06.097Z</time>
</trkpt>
<trkpt lat="47.8565979" lon="7.5179801">
	<ele>215.21</ele>
	<time>1970-01-01T03:02:15.219Z</time>
</trkpt>
<trkpt lat="47.8558884" lon="7.5177979">
	<ele>215.07</ele>
	<time>1970-01-01T03:02:31.691Z</time>
</trkpt>
<trkpt lat="47.8553848" lon="7.5177388">
	<ele>215.16</ele>
	<time>1970-01-01T03:02:42.065Z</time>
</trkpt>
<trkpt lat="47.8547287" lon="7.5177059">
	<ele>215.29</ele>
	<time>1970-01-01T03:02:54.942Z</time>
</trkpt>
<trkpt lat="47.8529320" lon="7.5176640">
	<ele>216.02</ele>
	<time>1970-01-01T03:03:39.611Z</time>
</trkpt>
<trkpt lat="47.8528671" lon="7.5175920">
	<ele>215.95</ele>
	<time>1970-01-01T03:03:41.486Z</time>
</trkpt>
<trkpt lat="47.8528404" lon="7.5175481">
	<ele>215.94</ele>
	<time>1970-01-01T03:03:42.512Z</time>
</trkpt>
<trkpt lat="47.8524857" lon="7.5175352">
	<ele>216.99</ele>
	<time>1970-01-01T03:03:53.033Z</time>
</trkpt>
<trkpt lat="47.8523331" lon="7.5175281">
	<ele>217.04</ele>
	<time>1970-01-01T03:03:57.029Z</time>
</trkpt>
<trkpt lat="47.8510857" lon="7.5174661">
	<ele>217.97</ele>
	<time>1970-01-01T03:04:24.497Z</time>
</trkpt>
<trkpt lat="47.8503380" lon="7.5173988">
	<ele>218.06</ele>
	<time>1970-01-01T03:04:37.811Z</time>
</trkpt>
<trkpt lat="47.8501129" lon="7.5173712">
	<ele>218.11</ele>
	<time>1970-01-01T03:04:41.447Z</time>
</trkpt>
<trkpt lat="47.8500099" lon="7.5173578">
	<ele>218.12</ele>
	<time>1970-01-01T03:04:43.084Z</time>
</trkpt>
<trkpt lat="47.8499107" lon="7.5173469">
	<ele>218.15</ele>
	<time>1970-01-01T03:04:44.740Z</time>
</trkpt>
<trkpt lat="47.8475761" lon="7.5166512">
	<ele>218.00</ele>
	<time>1970-01-01T03:05:31.780Z</time>
</trkpt>
<trkpt lat="47.8475685" lon="7.5166931">
	<ele>218.06</ele>
	<time>1970-01-01T03:05:32.287Z</time>
</trkpt>
<trkpt lat="47.8475533" lon="7.5167851">
	<ele>218.09</ele>
	<time>1970-01-01T03:05:33.470Z</time>
</trkpt>
<trkpt lat="47.8473167" lon="7.5167150">
	<ele>218.05</ele>
	<time>1970-01-01T03:05:37.764Z</time>
</trkpt>
<trkpt lat="47.8471527" lon="7.5166521">
	<ele>217.80</ele>
	<time>1970-01-01T03:05:40.816Z</time>
</trkpt>
<trkpt lat="47.8458176" lon="7.5162282">
	<ele>216.91</ele>
	<time>1970-01-01T03:06:04.111Z</time>
</trkpt>
<trkpt lat="47.8455963" lon="7.5161700">
	<ele>216.93</ele>
	<time>1970-01-01T03:06:08.152Z</time>
</trkpt>
<trkpt lat="47.8455925" lon="7.5161610">
	<ele>216.93</ele>
	<time>1970-01-01T03:06:08.314Z</time>
</trkpt>
<trkpt lat="47.8455925" lon="7.5161338">
	<ele>216.96</ele>
	<time>1970-01-01T03:06:08.639Z</time>
</trkpt>
<trkpt lat="47.8455963" lon="7.5160360">
	<ele>217.22</ele>
	<time>1970-01-01T03:06:09.855Z</time>
</trkpt>
<trkpt lat="47.8456001" lon="7.5159702">
	<ele>217.51</ele>
	<time>1970-01-01T03:06:10.721Z</time>
</trkpt>
<trkpt lat="47.8455887" lon="7.5159321">
	<ele>217.68</ele>
	<time>1970-01-01T03:06:11.277Z</time>
</trkpt>
<trkpt lat="47.8450241" lon="7.5157518">
	<ele>217.84</ele>
	<time>1970-01-01T03:06:21.195Z</time>
</trkpt>
<trkpt lat="47.8416214" lon="7.5146589">
	<ele>216.94</ele>
	<time>1970-01-01T03:07:18.920Z</time>
</trkpt>
<trkpt lat="47.8409882" lon="7.5144129">
	<ele>218.14</ele>
	<time>1970-01-01T03:07:31.035Z</time>
</trkpt>
<trkpt lat="47.8405838" lon="7.5140510">
	<ele>218.68</ele>
	<time>1970-01-01T03:07:39.858Z</time>
</trkpt>
<trkpt lat="47.8400421" lon="7.5135269">
	<ele>217.84</ele>
	<time>1970-01-01T03:07:52.467Z</time>
</trkpt>
<trkpt lat="47.8396797" lon="7.5132961">
	<ele>217.12</ele>
	<time>1970-01-01T03:08:00.012Z</time>
</trkpt>
<trkpt lat="47.8387985" lon="7.5128989">
	<ele>217.29</ele>
	<time>1970-01-01T03:08:16.722Z</time>
</trkpt>
<trkpt lat="47.8382683" lon="7.5127439">
	<ele>217.18</ele>
	<time>1970-01-01T03:08:26.621Z</time>
</trkpt>
<trkpt lat="47.8368683" lon="7.5127439">
	<ele>217.98</ele>
	<time>1970-01-01T03:08:52.564Z</time>
</trkpt>
<trkpt lat="47.8364906" lon="7.5128088">
	<ele>217.93</ele>
	<time>1970-01-01T03:08:59.975Z</time>
</trkpt>
<trkpt lat="47.8358727" lon="7.5129771">
	<ele>218.89</ele>
	<time>1970-01-01T03:09:13.322Z</time>
</trkpt>
<trkpt lat="47.8335266" lon="7.5138102">
	<ele>219.15</ele>
	<time>1970-01-01T03:10:01.804Z</time>
</trkpt>
<trkpt lat="47.8332977" lon="7.5138779">
	<ele>219.02</ele>
	<time>1970-01-01T03:10:06.207Z</time>
</trkpt>
<trkpt lat="47.8326607" lon="7.5140600">
	<ele>218.73</ele>
	<time>1970-01-01T03:10:18.951Z</time>
</trkpt>
<trkpt lat="47.8323288" lon="7.5141101">
	<ele>218.90</ele>
	<time>1970-01-01T03:10:25.722Z</time>
</trkpt>
<trkpt lat="47.8322182" lon="7.5140991">
	<ele>218.87</ele>
	<time>1970-01-01T03:10:27.873Z</time>
</trkpt>
<trkpt lat="47.8320885" lon="7.5140171">
	<ele>218.78</ele>
	<time>1970-01-01T03:10:30.716Z</time>
</trkpt>
<trkpt lat="47.8320274" lon="7.5139928">
	<ele>218.90</ele>
	<time>1970-01-01T03:10:31.951Z</time>
</trkpt>
<trkpt lat="47.8319817" lon="7.5139871">
	<ele>219.01</ele>
	<time>1970-01-01T03:10:32.892Z</time>
</trkpt>
<trkpt lat="47.8319435" lon="7.5139990">
	<ele>219.07</ele>
	<time>1970-01-01T03:10:33.642Z</time>
</trkpt>
<trkpt lat="47.8318062" lon="7.5138688">
	<ele>219.04</ele>
	<time>1970-01-01T03:10:37.196Z</time>
</trkpt>
<trkpt lat="47.8317757" lon="7.5138612">
	<ele>219.03</ele>
	<time>1970-01-01T03:10:37.778Z</time>
</trkpt>
<trkpt lat="47.8317375" lon="7.5138812">
	<ele>219.02</ele>
	<time>1970-01-01T03:10:38.743Z</time>
</trkpt>
<trkpt lat="47.8317032" lon="7.5139050">
	<ele>219.01</ele>
	<time>1970-01-01T03:10:39.510Z</time>
</trkpt>
<trkpt lat="47.8316803" lon="7.5139251">
	<ele>219.00</ele>
	<time>1970-01-01T03:10:40.083Z</time>
</trkpt>
<trkpt lat="47.8316803" lon="7.5140581">
	<ele>219.00</ele>
	<time>1970-01-01T03:10:41.852Z</time>
</trkpt>
<trkpt lat="47.8316345" lon="7.5141320">
	<ele>218.99</ele>
	<time>1970-01-01T03:10:43.171Z</time>
</trkpt>
<trkpt lat="47.8315620" lon="7.5141568">
	<ele>218.96</ele>
	<time>1970-01-01T03:10:44.582Z</time>
</trkpt>
<trkpt lat="47.8315544" lon="7.5142450">
	<ele>218.99</ele>
	<time>1970-01-01T03:10:45.732Z</time>
</trkpt>
<trkpt lat="47.8311691" lon="7.5142121">
	<ele>219.80</ele>
	<time>1970-01-01T03:10:54.638Z</time>
</trkpt>
<trkpt lat="47.8308716" lon="7.5142012">
	<ele>219.94</ele>
	<time>1970-01-01T03:11:02.283Z</time>
</trkpt>
<trkpt lat="47.8303757" lon="7.5142040">
	<ele>219.90</ele>
	<time>1970-01-01T03:11:12.462Z</time>
</trkpt>
<trkpt lat="47.8300858" lon="7.5142260">
	<ele>220.04</ele>
	<time>1970-01-01T03:11:17.842Z</time>
</trkpt>
<trkpt lat="47.8298149" lon="7.5142708">
	<ele>220.15</ele>
	<time>1970-01-01T03:11:22.878Z</time>
</trkpt>
<trkpt lat="47.8291473" lon="7.5144382">
	<ele>221.04</ele>
	<time>1970-01-01T03:11:36.066Z</time>
</trkpt>
<trkpt lat="47.8283844" lon="7.5146699">
	<ele>220.98</ele>
	<time>1970-01-01T03:11:50.938Z</time>
</trkpt>
<trkpt lat="47.8282242" lon="7.5146942">
	<ele>221.13</ele>
	<time>1970-01-01T03:11:53.985Z</time>
</trkpt>
<trkpt lat="47.8279114" lon="7.5147252">
	<ele>220.99</ele>
	<time>1970-01-01T03:11:59.893Z</time>
</trkpt>
<trkpt lat="47.8276443" lon="7.5147271">
	<ele>221.00</ele>
	<time>1970-01-01T03:12:04.942Z</time>
</trkpt>
<trkpt lat="47.8275185" lon="7.5147161">
	<ele>221.00</ele>
	<time>1970-01-01T03:12:07.294Z</time>
</trkpt>
<trkpt lat="47.8274155" lon="7.5147071">
	<ele>220.99</ele>
	<time>1970-01-01T03:12:09.142Z</time>
</trkpt>
<trkpt lat="47.8274117" lon="7.5147638">
	<ele>220.97</ele>
	<time>1970-01-01T03:06:38.999Z</time>
</trkpt>
<trkpt lat="47.8274117" lon="7.5148158">
	<ele>220.86</ele>
	<time>1970-01-01T03:06:39.670Z</time>
</trkpt>
<trkpt lat="47.8274002" lon="7.5149202">
	<ele>220.46</ele>
	<time>1970-01-01T03:06:40.929Z</time>
</trkpt>
<trkpt lat="47.8273659" lon="7.5149670">
	<ele>220.22</ele>
	<time>1970-01-01T03:06:41.719Z</time>
</trkpt>
<trkpt lat="47.8270416" lon="7.5151968">
	<ele>219.21</ele>
	<time>1970-01-01T03:06:48.470Z</time>
</trkpt>
<trkpt lat="47.8267593" lon="7.5154042">
	<ele>219.45</ele>
	<time>1970-01-01T03:06:55.092Z</time>
</trkpt>
<trkpt lat="47.8262253" lon="7.5159488">
	<ele>218.95</ele>
	<time>1970-01-01T03:07:10.940Z</time>
</trkpt>
<trkpt lat="47.8260841" lon="7.5160918">
	<ele>219.06</ele>
	<time>1970-01-01T03:07:14.956Z</time>
</trkpt>
<trkpt lat="47.8260269" lon="7.5161481">
	<ele>219.24</ele>
	<time>1970-01-01T03:07:16.713Z</time>
</trkpt>
<trkpt lat="47.8258705" lon="7.5162702">
	<ele>219.34</ele>
	<time>1970-01-01T03:07:21.528Z</time>
</trkpt>
<trkpt lat="47.8256950" lon="7.5163670">
	<ele>219.54</ele>
	<time>1970-01-01T03:07:25.961Z</time>
</trkpt>
<trkpt lat="47.8255653" lon="7.5164089">
	<ele>219.94</ele>
	<time>1970-01-01T03:07:28.811Z</time>
</trkpt>
<trkpt lat="47.8251076" lon="7.5163851">
	<ele>220.00</ele>
	<time>1970-01-01T03:07:36.778Z</time>
</trkpt>
<trkpt lat="47.8250999" lon="7.5165048">
	<ele>220.04</ele>
	<time>1970-01-01T03:07:38.122Z</time>
</trkpt>
<trkpt lat="47.8250809" lon="7.5167680">
	<ele>219.97</ele>
	<time>1970-01-01T03:07:40.985Z</time>
</trkpt>
<trkpt lat="47.8250580" lon="7.5169959">
	<ele>219.73</ele>
	<time>1970-01-01T03:07:43.481Z</time>
</trkpt>
<trkpt lat="47.8250389" lon="7.5170922">
	<ele>219.48</ele>
	<time>1970-01-01T03:07:44.673Z</time>
</trkpt>
<trkpt lat="47.8250008" lon="7.5171838">
	<ele>219.15</ele>
	<time>1970-01-01T03:07:45.875Z</time>
</trkpt>
<trkpt lat="47.8249283" lon="7.5172811">
	<ele>218.81</ele>
	<time>1970-01-01T03:07:47.544Z</time>
</trkpt>
<trkpt lat="47.8248062" lon="7.5173998">
	<ele>218.44</ele>
	<time>1970-01-01T03:07:50.000Z</time>
</trkpt>
<trkpt lat="47.8246689" lon="7.5174451">
	<ele>218.03</ele>
	<time>1970-01-01T03:07:52.486Z</time>
</trkpt>
<trkpt lat="47.8244896" lon="7.5174551">
	<ele>217.17</ele>
	<time>1970-01-01T03:07:55.630Z</time>
</trkpt>
<trkpt lat="47.8244324" lon="7.5174661">
	<ele>217.08</ele>
	<time>1970-01-01T03:07:56.581Z</time>
</trkpt>
<trkpt lat="47.8243790" lon="7.5175142">
	<ele>217.09</ele>
	<time>1970-01-01T03:07:57.625Z</time>
</trkpt>
<trkpt lat="47.8243408" lon="7.5176001">
	<ele>217.11</ele>
	<time>1970-01-01T03:07:58.758Z</time>
</trkpt>
<trkpt lat="47.8243332" lon="7.5176430">
	<ele>217.09</ele>
	<time>1970-01-01T03:07:59.162Z</time>
</trkpt>
<trkpt lat="47.8243103" lon="7.5179629">
	<ele>216.98</ele>
	<time>1970-01-01T03:08:01.894Z</time>
</trkpt>
<trkpt lat="47.8242950" lon="7.5183630">
	<ele>217.00</ele>
	<time>1970-01-01T03:08:04.910Z</time>
</trkpt>
<trkpt lat="47.8242683" lon="7.5184970">
	<ele>216.99</ele>
	<time>1970-01-01T03:08:05.992Z</time>
</trkpt>
<trkpt lat="47.8242264" lon="7.5185680">
	<ele>217.00</ele>
	<time>1970-01-01T03:08:06.772Z</time>
</trkpt>
<trkpt lat="47.8241844" lon="7.5186000">
	<ele>217.00</ele>
	<time>1970-01-01T03:08:07.315Z</time>
</trkpt>
<trkpt lat="47.8236313" lon="7.5186720">
	<ele>216.99</ele>
	<time>1970-01-01T03:08:14.478Z</time>
</trkpt>
<trkpt lat="47.8235092" lon="7.5187140">
	<ele>217.02</ele>
	<time>1970-01-01T03:08:16.279Z</time>
</trkpt>
<trkpt lat="47.8234406" lon="7.5188012">
	<ele>217.03</ele>
	<time>1970-01-01T03:08:17.601Z</time>
</trkpt>
<trkpt lat="47.8233833" lon="7.5189738">
	<ele>217.02</ele>
	<time>1970-01-01T03:08:19.398Z</time>
</trkpt>
<trkpt lat="47.8233490" lon="7.5192151">
	<ele>217.00</ele>
	<time>1970-01-01T03:08:21.671Z</time>
</trkpt>
<trkpt lat="47.8233223" lon="7.5197439">
	<ele>217.00</ele>
	<time>1970-01-01T03:08:27.625Z</time>
</trkpt>
<trkpt lat="47.8232956" lon="7.5206642">
	<ele>217.00</ele>
	<time>1970-01-01T03:08:39.484Z</time>
</trkpt>
<trkpt lat="47.8232765" lon="7.5211730">
	<ele>217.01</ele>
	<time>1970-01-01T03:08:45.261Z</time>
</trkpt>
<trkpt lat="47.8232574" lon="7.5216622">
	<ele>217.07</ele>
	<time>1970-01-01T03:08:50.469Z</time>
</trkpt>
<trkpt lat="47.8232498" lon="7.5219049">
	<ele>217.08</ele>
	<time>1970-01-01T03:08:53.441Z</time>
</trkpt>
<trkpt lat="47.8232346" lon="7.5222478">
	<ele>217.00</ele>
	<time>1970-01-01T03:08:58.616Z</time>
</trkpt>
<trkpt lat="47.8232193" lon="7.5224571">
	<ele>217.00</ele>
	<time>1970-01-01T03:09:02.127Z</time>
</trkpt>
<trkpt lat="47.8232079" lon="7.5225830">
	<ele>217.00</ele>
	<time>1970-01-01T03:09:04.248Z</time>
</trkpt>
<trkpt lat="47.8231926" lon="7.5229211">
	<ele>217.00</ele>
	<time>1970-01-01T03:09:09.352Z</time>
</trkpt>
<trkpt lat="47.8231812" lon="7.5234418">
	<ele>217.02</ele>
	<time>1970-01-01T03:09:16.459Z</time>
</trkpt>
<trkpt lat="47.8231163" lon="7.5238161">
	<ele>216.92</ele>
	<time>1970-01-01T03:09:20.559Z</time>
</trkpt>
<trkpt lat="47.8230782" lon="7.5238438">
	<ele>216.99</ele>
	<time>1970-01-01T03:09:21.242Z</time>
</trkpt>
<trkpt lat="47.8230515" lon="7.5238919">
	<ele>217.00</ele>
	<time>1970-01-01T03:09:21.931Z</time>
</trkpt>
<trkpt lat="47.8230400" lon="7.5239639">
	<ele>217.02</ele>
	<time>1970-01-01T03:09:22.721Z</time>
</trkpt>
<trkpt lat="47.8229637" lon="7.5240369">
	<ele>216.78</ele>
	<time>1970-01-01T03:09:23.988Z</time>
</trkpt>
<trkpt lat="47.8228073" lon="7.5242920">
	<ele>216.44</ele>
	<time>1970-01-01T03:09:27.105Z</time>
</trkpt>
<trkpt lat="47.8226433" lon="7.5245299">
	<ele>216.71</ele>
	<time>1970-01-01T03:09:30.442Z</time>
</trkpt>
<trkpt lat="47.8223724" lon="7.5248652">
	<ele>216.78</ele>
	<time>1970-01-01T03:09:36.374Z</time>
</trkpt>
<trkpt lat="47.8217812" lon="7.5255442">
	<ele>217.00</ele>
	<time>1970-01-01T03:09:51.495Z</time>
</trkpt>
<trkpt lat="47.8216553" lon="7.5257082">
	<ele>217.07</ele>
	<time>1970-01-01T03:09:55.052Z</time>
</trkpt>
<trkpt lat="47.8215218" lon="7.5259008">
	<ele>216.90</ele>
	<time>1970-01-01T03:09:58.904Z</time>
</trkpt>
<trkpt lat="47.8212471" lon="7.5264239">
	<ele>216.96</ele>
	<time>1970-01-01T03:10:06.512Z</time>
</trkpt>
<trkpt lat="47.8211250" lon="7.5267072">
	<ele>216.02</ele>
	<time>1970-01-01T03:10:10.429Z</time>
</trkpt>
<trkpt lat="47.8207092" lon="7.5277472">
	<ele>216.94</ele>
	<time>1970-01-01T03:10:25.076Z</time>
</trkpt>
<trkpt lat="47.8202667" lon="7.5288849">
	<ele>218.01</ele>
	<time>1970-01-01T03:10:41.928Z</time>
</trkpt>
<trkpt lat="47.8200645" lon="7.5294900">
	<ele>218.12</ele>
	<time>1970-01-01T03:10:52.494Z</time>
</trkpt>
<trkpt lat="47.8198776" lon="7.5299668">
	<ele>218.02</ele>
	<time>1970-01-01T03:11:00.909Z</time>
</trkpt>
<trkpt lat="47.8198662" lon="7.5299940">
	<ele>218.05</ele>
	<time>1970-01-01T03:11:01.302Z</time>
</trkpt>
<trkpt lat="47.8198547" lon="7.5300250">
	<ele>218.08</ele>
	<time>1970-01-01T03:11:01.891Z</time>
</trkpt>
<trkpt lat="47.8195572" lon="7.5307350">
	<ele>217.99</ele>
	<time>1970-01-01T03:11:16.488Z</time>
</trkpt>
<trkpt lat="47.8195381" lon="7.5307808">
	<ele>217.99</ele>
	<time>1970-01-01T03:11:17.328Z</time>
</trkpt>
<trkpt lat="47.8195267" lon="7.5308142">
	<ele>218.00</ele>
	<time>1970-01-01T03:11:17.954Z</time>
</trkpt>
<trkpt lat="47.8194160" lon="7.5311079">
	<ele>217.93</ele>
	<time>1970-01-01T03:11:22.158Z</time>
</trkpt>
<trkpt lat="47.8192711" lon="7.5314231">
	<ele>217.42</ele>
	<time>1970-01-01T03:11:26.270Z</time>
</trkpt>
<trkpt lat="47.8184891" lon="7.5328059">
	<ele>217.00</ele>
	<time>1970-01-01T03:11:51.380Z</time>
</trkpt>
<trkpt lat="47.8183327" lon="7.5330601">
	<ele>217.00</ele>
	<time>1970-01-01T03:11:56.208Z</time>
</trkpt>
<trkpt lat="47.8182259" lon="7.5331450">
	<ele>217.13</ele>
	<time>1970-01-01T03:11:58.739Z</time>
</trkpt>
<trkpt lat="47.8181801" lon="7.5332732">
	<ele>217.56</ele>
	<time>1970-01-01T03:12:00.843Z</time>
</trkpt>
<trkpt lat="47.8180962" lon="7.5334768">
	<ele>217.54</ele>
	<time>1970-01-01T03:12:04.012Z</time>
</trkpt>
<trkpt lat="47.8180428" lon="7.5336161">
	<ele>216.96</ele>
	<time>1970-01-01T03:12:05.979Z</time>
</trkpt>
<trkpt lat="47.8179817" lon="7.5340872">
	<ele>216.73</ele>
	<time>1970-01-01T03:12:11.018Z</time>
</trkpt>
<trkpt lat="47.8179703" lon="7.5343342">
	<ele>216.91</ele>
	<time>1970-01-01T03:12:13.639Z</time>
</trkpt>
<trkpt lat="47.8179817" lon="7.5345860">
	<ele>217.03</ele>
	<time>1970-01-01T03:12:16.200Z</time>
</trkpt>
<trkpt lat="47.8180275" lon="7.5351238">
	<ele>216.95</ele>
	<time>1970-01-01T03:12:22.018Z</time>
</trkpt>
<trkpt lat="47.8180428" lon="7.5354280">
	<ele>217.55</ele>
	<time>1970-01-01T03:12:25.853Z</time>
</trkpt>
<trkpt lat="47.8180542" lon="7.5354738">
	<ele>217.75</ele>
	<time>1970-01-01T03:12:26.566Z</time>
</trkpt>
<trkpt lat="47.8180962" lon="7.5355310">
	<ele>217.90</ele>
	<time>1970-01-01T03:12:27.633Z</time>
</trkpt>
<trkpt lat="47.8181076" lon="7.5355721">
	<ele>217.95</ele>
	<time>1970-01-01T03:12:28.165Z</time>
</trkpt>
<trkpt lat="47.8180962" lon="7.5359988">
	<ele>218.03</ele>
	<time>1970-01-01T03:12:34.506Z</time>
</trkpt>
<trkpt lat="47.8180695" lon="7.5361948">
	<ele>218.00</ele>
	<time>1970-01-01T03:12:37.190Z</time>
</trkpt>
<trkpt lat="47.8179779" lon="7.5367131">
	<ele>218.01</ele>
	<time>1970-01-01T03:12:44.232Z</time>
</trkpt>
<trkpt lat="47.8179092" lon="7.5371580">
	<ele>218.06</ele>
	<time>1970-01-01T03:12:50.479Z</time>
</trkpt>
<trkpt lat="47.8179016" lon="7.5374179">
	<ele>218.01</ele>
	<time>1970-01-01T03:12:53.892Z</time>
</trkpt>
<trkpt lat="47.8178864" lon="7.5375118">
	<ele>218.00</ele>
	<time>1970-01-01T03:12:55.225Z</time>
</trkpt>
<trkpt lat="47.8178635" lon="7.5376029">
	<ele>217.99</ele>
	<time>1970-01-01T03:12:56.547Z</time>
</trkpt>
<trkpt lat="47.8173904" lon="7.5389261">
	<ele>217.33</ele>
	<time>1970-01-01T03:13:18.402Z</time>
</trkpt>
<trkpt lat="47.8171387" lon="7.5395818">
	<ele>218.00</ele>
	<time>1970-01-01T03:13:28.924Z</time>
</trkpt>
<trkpt lat="47.8170013" lon="7.5398831">
	<ele>217.90</ele>
	<time>1970-01-01T03:13:33.793Z</time>
</trkpt>
<trkpt lat="47.8167381" lon="7.5401921">
	<ele>219.53</ele>
	<time>1970-01-01T03:13:39.318Z</time>
</trkpt>
<trkpt lat="47.8166962" lon="7.5402451">
	<ele>219.86</ele>
	<time>1970-01-01T03:13:40.179Z</time>
</trkpt>
<trkpt lat="47.8166504" lon="7.5401669">
	<ele>219.71</ele>
	<time>1970-01-01T03:13:41.412Z</time>
</trkpt>
<trkpt lat="47.8165932" lon="7.5400648">
	<ele>219.46</ele>
	<time>1970-01-01T03:13:43.176Z</time>
</trkpt>
<trkpt lat="47.8165588" lon="7.5401068">
	<ele>219.62</ele>
	<time>1970-01-01T03:13:44.116Z</time>
</trkpt>
<trkpt lat="47.8164635" lon="7.5400739">
	<ele>219.75</ele>
	<time>1970-01-01T03:13:46.462Z</time>
</trkpt>
<trkpt lat="47.8163719" lon="7.5399652">
	<ele>220.06</ele>
	<time>1970-01-01T03:13:49.541Z</time>
</trkpt>
<trkpt lat="47.8163033" lon="7.5398698">
	<ele>220.26</ele>
	<time>1970-01-01T03:13:51.978Z</time>
</trkpt>
<trkpt lat="47.8162460" lon="7.5398269">
	<ele>220.42</ele>
	<time>1970-01-01T03:13:53.748Z</time>
</trkpt>
<trkpt lat="47.8161545" lon="7.5398068">
	<ele>220.71</ele>
	<time>1970-01-01T03:13:56.800Z</time>
</trkpt>
<trkpt lat="47.8160858" lon="7.5398140">
	<ele>221.04</ele>
	<time>1970-01-01T03:13:59.064Z</time>
</trkpt>
<trkpt lat="47.8160172" lon="7.5398331">
	<ele>221.51</ele>
	<time>1970-01-01T03:14:01.100Z</time>
</trkpt>
<trkpt lat="47.8159218" lon="7.5398302">
	<ele>222.32</ele>
	<time>1970-01-01T03:14:04.551Z</time>
</trkpt>
<trkpt lat="47.8158569" lon="7.5398698">
	<ele>222.78</ele>
	<time>1970-01-01T03:14:07.081Z</time>
</trkpt>
<trkpt lat="47.8158150" lon="7.5399141">
	<ele>223.03</ele>
	<time>1970-01-01T03:14:09.017Z</time>
</trkpt>
<trkpt lat="47.8157692" lon="7.5399742">
	<ele>223.30</ele>
	<time>1970-01-01T03:14:11.326Z</time>
</trkpt>
<trkpt lat="47.8157158" lon="7.5400748">
	<ele>223.61</ele>
	<time>1970-01-01T03:14:14.464Z</time>
</trkpt>
<trkpt lat="47.8154602" lon="7.5407348">
	<ele>224.77</ele>
	<time>1970-01-01T03:14:24.915Z</time>
</trkpt>
<trkpt lat="47.8154068" lon="7.5409231">
	<ele>224.45</ele>
	<time>1970-01-01T03:14:30.192Z</time>
</trkpt>
<trkpt lat="47.8152924" lon="7.5411992">
	<ele>223.09</ele>
	<time>1970-01-01T03:14:35.789Z</time>
</trkpt>
<trkpt lat="47.8152771" lon="7.5412431">
	<ele>222.36</ele>
	<time>1970-01-01T03:14:36.621Z</time>
</trkpt>
<trkpt lat="47.8152504" lon="7.5414519">
	<ele>218.74</ele>
	<time>1970-01-01T03:14:39.144Z</time>
</trkpt>
<trkpt lat="47.8148422" lon="7.5438881">
	<ele>219.71</ele>
	<time>1970-01-01T03:15:07.204Z</time>
</trkpt>
<trkpt lat="47.8148308" lon="7.5440588">
	<ele>222.73</ele>
	<time>1970-01-01T03:15:10.112Z</time>
</trkpt>
<trkpt lat="47.8148422" lon="7.5441599">
	<ele>224.00</ele>
	<time>1970-01-01T03:15:12.235Z</time>
</trkpt>
<trkpt lat="47.8148842" lon="7.5442538">
	<ele>224.41</ele>
	<time>1970-01-01T03:15:14.155Z</time>
</trkpt>
<trkpt lat="47.8149185" lon="7.5443611">
	<ele>224.18</ele>
	<time>1970-01-01T03:15:15.987Z</time>
</trkpt>
<trkpt lat="47.8149452" lon="7.5444412">
	<ele>224.00</ele>
	<time>1970-01-01T03:15:17.211Z</time>
</trkpt>
<trkpt lat="47.8149490" lon="7.5445218">
	<ele>224.00</ele>
	<time>1970-01-01T03:15:18.190Z</time>
</trkpt>
<trkpt lat="47.8149376" lon="7.5446010">
	<ele>224.03</ele>
	<time>1970-01-01T03:15:19.054Z</time>
</trkpt>
<trkpt lat="47.8149185" lon="7.5446649">
	<ele>224.07</ele>
	<time>1970-01-01T03:15:19.739Z</time>
</trkpt>
<trkpt lat="47.8148842" lon="7.5447259">
	<ele>224.10</ele>
	<time>1970-01-01T03:15:20.522Z</time>
</trkpt>
<trkpt lat="47.8148384" lon="7.5447798">
	<ele>224.04</ele>
	<time>1970-01-01T03:15:21.274Z</time>
</trkpt>
<trkpt lat="47.8148041" lon="7.5448022">
	<ele>223.88</ele>
	<time>1970-01-01T03:15:21.756Z</time>
</trkpt>
<trkpt lat="47.8147392" lon="7.5448050">
	<ele>223.52</ele>
	<time>1970-01-01T03:15:22.611Z</time>
</trkpt>
<trkpt lat="47.8147202" lon="7.5448360">
	<ele>223.12</ele>
	<time>1970-01-01T03:15:22.983Z</time>
</trkpt>
<trkpt lat="47.8147011" lon="7.5448880">
	<ele>222.36</ele>
	<time>1970-01-01T03:15:23.577Z</time>
</trkpt>
<trkpt lat="47.8146706" lon="7.5450401">
	<ele>219.62</ele>
	<time>1970-01-01T03:15:24.801Z</time>
</trkpt>
<trkpt lat="47.8144417" lon="7.5463681">
	<ele>207.00</ele>
	<time>1970-01-01T03:15:37.297Z</time>
</trkpt>
<trkpt lat="47.8141899" lon="7.5478840">
	<ele>214.77</ele>
	<time>1970-01-01T03:15:52.915Z</time>
</trkpt>
<trkpt lat="47.8141632" lon="7.5480938">
	<ele>215.05</ele>
	<time>1970-01-01T03:15:55.301Z</time>
</trkpt>
<trkpt lat="47.8141594" lon="7.5482712">
	<ele>215.02</ele>
	<time>1970-01-01T03:15:58.829Z</time>
</trkpt>
<trkpt lat="47.8142433" lon="7.5488868">
	<ele>214.92</ele>
	<time>1970-01-01T03:16:09.529Z</time>
</trkpt>
<trkpt lat="47.8142509" lon="7.5492129">
	<ele>215.69</ele>
	<time>1970-01-01T03:16:15.900Z</time>
</trkpt>
<trkpt lat="47.8142433" lon="7.5493741">
	<ele>215.12</ele>
	<time>1970-01-01T03:16:18.667Z</time>
</trkpt>
<trkpt lat="47.8141975" lon="7.5496688">
	<ele>214.94</ele>
	<time>1970-01-01T03:16:23.394Z</time>
</trkpt>
<trkpt lat="47.8141899" lon="7.5497990">
	<ele>214.97</ele>
	<time>1970-01-01T03:16:25.254Z</time>
</trkpt>
<trkpt lat="47.8141937" lon="7.5499539">
	<ele>215.00</ele>
	<time>1970-01-01T03:16:27.321Z</time>
</trkpt>
<trkpt lat="47.8142242" lon="7.5502481">
	<ele>215.00</ele>
	<time>1970-01-01T03:16:34.285Z</time>
</trkpt>
<trkpt lat="47.8141823" lon="7.5502882">
	<ele>215.00</ele>
	<time>1970-01-01T03:16:36.153Z</time>
</trkpt>
<trkpt lat="47.8141098" lon="7.5502992">
	<ele>214.98</ele>
	<time>1970-01-01T03:16:38.698Z</time>
</trkpt>
<trkpt lat="47.8139725" lon="7.5503302">
	<ele>214.94</ele>
	<time>1970-01-01T03:16:43.444Z</time>
</trkpt>
<trkpt lat="47.8139648" lon="7.5505428">
	<ele>215.00</ele>
	<time>1970-01-01T03:16:47.825Z</time>
</trkpt>
<trkpt lat="47.8139343" lon="7.5509701">
	<ele>215.00</ele>
	<time>1970-01-01T03:16:55.743Z</time>
</trkpt>
<trkpt lat="47.8139153" lon="7.5516829">
	<ele>215.00</ele>
	<time>1970-01-01T03:17:10.722Z</time>
</trkpt>
<trkpt lat="47.8138771" lon="7.5521011">
	<ele>215.00</ele>
	<time>1970-01-01T03:17:18.274Z</time>
</trkpt>
<trkpt lat="47.8138771" lon="7.5522680">
	<ele>215.00</ele>
	<time>1970-01-01T03:17:21.133Z</time>
</trkpt>
<trkpt lat="47.8138809" lon="7.5524230">
	<ele>215.00</ele>
	<time>1970-01-01T03:17:23.687Z</time>
</trkpt>
<trkpt lat="47.8138847" lon="7.5525279">
	<ele>215.00</ele>
	<time>1970-01-01T03:17:25.351Z</time>
</trkpt>
<trkpt lat="47.8138733" lon="7.5529790">
	<ele>215.00</ele>
	<time>1970-01-01T03:17:32.135Z</time>
</trkpt>
<trkpt lat="47.8138771" lon="7.5532451">
	<ele>215.00</ele>
	<time>1970-01-01T03:17:34.176Z</time>
</trkpt>
<trkpt lat="47.8138847" lon="7.5537519">
	<ele>215.00</ele>
	<time>1970-01-01T03:17:39.841Z</time>
</trkpt>
<trkpt lat="47.8139534" lon="7.5545988">
	<ele>215.00</ele>
	<time>1970-01-01T03:17:46.738Z</time>
</trkpt>
<trkpt lat="47.8139496" lon="7.5547638">
	<ele>215.00</ele>
	<time>1970-01-01T03:17:48.132Z</time>
</trkpt>
<trkpt lat="47.8139229" lon="7.5549078">
	<ele>215.00</ele>
	<time>1970-01-01T03:17:49.392Z</time>
</trkpt>
<trkpt lat="47.8139305" lon="7.5550609">
	<ele>215.00</ele>
	<time>1970-01-01T03:17:50.582Z</time>
</trkpt>
<trkpt lat="47.8139572" lon="7.5551362">
	<ele>215.00</ele>
	<time>1970-01-01T03:17:51.249Z</time>
</trkpt>
<trkpt lat="47.8139915" lon="7.5551968">
	<ele>215.00</ele>
	<time>1970-01-01T03:17:51.900Z</time>
</trkpt>
<trkpt lat="47.8140602" lon="7.5552869">
	<ele>215.00</ele>
	<time>1970-01-01T03:17:52.966Z</time>
</trkpt>
<trkpt lat="47.8141098" lon="7.5554562">
	<ele>215.00</ele>
	<time>1970-01-01T03:17:54.456Z</time>
</trkpt>
<trkpt lat="47.8141861" lon="7.5557890">
	<ele>215.00</ele>
	<time>1970-01-01T03:17:57.183Z</time>
</trkpt>
<trkpt lat="47.8142395" lon="7.5560961">
	<ele>215.00</ele>
	<time>1970-01-01T03:18:00.049Z</time>
</trkpt>
<trkpt lat="47.8143082" lon="7.5563192">
	<ele>215.00</ele>
	<time>1970-01-01T03:18:02.444Z</time>
</trkpt>
<trkpt lat="47.8145485" lon="7.5570250">
	<ele>215.00</ele>
	<time>1970-01-01T03:18:09.007Z</time>
</trkpt>
<trkpt lat="47.8145561" lon="7.5571351">
	<ele>215.00</ele>
	<time>1970-01-01T03:18:10.049Z</time>
</trkpt>
<trkpt lat="47.8145180" lon="7.5572629">
	<ele>215.00</ele>
	<time>1970-01-01T03:18:11.510Z</time>
</trkpt>
<trkpt lat="47.8142548" lon="7.5577211">
	<ele>214.85</ele>
	<time>1970-01-01T03:18:20.708Z</time>
</trkpt>
<trkpt lat="47.8141747" lon="7.5578942">
	<ele>215.46</ele>
	<time>1970-01-01T03:18:24.986Z</time>
</trkpt>
<trkpt lat="47.8141174" lon="7.5580921">
	<ele>217.36</ele>
	<time>1970-01-01T03:18:27.693Z</time>
</trkpt>
<trkpt lat="47.8140869" lon="7.5583129">
	<ele>222.90</ele>
	<time>1970-01-01T03:18:32.200Z</time>
</trkpt>
<trkpt lat="47.8140411" lon="7.5586829">
	<ele>227.01</ele>
	<time>1970-01-01T03:18:44.708Z</time>
</trkpt>
<trkpt lat="47.8140030" lon="7.5588970">
	<ele>227.01</ele>
	<time>1970-01-01T03:18:53.472Z</time>
</trkpt>
<trkpt lat="47.8140144" lon="7.5590482">
	<ele>227.02</ele>
	<time>1970-01-01T03:18:59.673Z</time>
</trkpt>
<trkpt lat="47.8140259" lon="7.5590992">
	<ele>227.01</ele>
	<time>1970-01-01T03:19:01.963Z</time>
</trkpt>
<trkpt lat="47.8140030" lon="7.5592852">
	<ele>227.00</ele>
	<time>1970-01-01T03:19:09.987Z</time>
</trkpt>
<trkpt lat="47.8139381" lon="7.5599418">
	<ele>227.00</ele>
	<time>1970-01-01T03:19:34.972Z</time>
</trkpt>
<trkpt lat="47.8138580" lon="7.5607109">
	<ele>227.00</ele>
	<time>1970-01-01T03:19:52.267Z</time>
</trkpt>
<trkpt lat="47.8138351" lon="7.5609131">
	<ele>227.00</ele>
	<time>1970-01-01T03:19:55.786Z</time>
</trkpt>
<trkpt lat="47.8137932" lon="7.5612292">
	<ele>227.00</ele>
	<time>1970-01-01T03:20:00.765Z</time>
</trkpt>
<trkpt lat="47.8137474" lon="7.5615320">
	<ele>227.00</ele>
	<time>1970-01-01T03:20:05.322Z</time>
</trkpt>
<trkpt lat="47.8136406" lon="7.5619602">
	<ele>227.00</ele>
	<time>1970-01-01T03:20:11.778Z</time>
</trkpt>
<trkpt lat="47.8136215" lon="7.5620332">
	<ele>227.00</ele>
	<time>1970-01-01T03:20:12.890Z</time>
</trkpt>
<trkpt lat="47.8134346" lon="7.5626659">
	<ele>227.00</ele>
	<time>1970-01-01T03:20:22.286Z</time>
</trkpt>
<trkpt lat="47.8133087" lon="7.5630870">
	<ele>227.00</ele>
	<time>1970-01-01T03:20:28.260Z</time>
</trkpt>
<trkpt lat="47.8132095" lon="7.5634470">
	<ele>227.00</ele>
	<time>1970-01-01T03:20:37.855Z</time>
</trkpt>
<trkpt lat="47.8131371" lon="7.5637450">
	<ele>227.00</ele>
	<time>1970-01-01T03:20:44.321Z</time>
</trkpt>
<trkpt lat="47.8128128" lon="7.5652089">
	<ele>227.00</ele>
	<time>1970-01-01T03:21:08.038Z</time>
</trkpt>
<trkpt lat="47.8126183" lon="7.5660830">
	<ele>227.00</ele>
	<time>1970-01-01T03:21:19.343Z</time>
</trkpt>
<trkpt lat="47.8125458" lon="7.5663848">
	<ele>227.00</ele>
	<time>1970-01-01T03:21:23.305Z</time>
</trkpt>
<trkpt lat="47.8124809" lon="7.5666928">
	<ele>227.00</ele>
	<time>1970-01-01T03:21:27.527Z</time>
</trkpt>
<trkpt lat="47.8122826" lon="7.5676408">
	<ele>227.00</ele>
	<time>1970-01-01T03:21:42.345Z</time>
</trkpt>
<trkpt lat="47.8121986" lon="7.5680318">
	<ele>227.00</ele>
	<time>1970-01-01T03:21:48.094Z</time>
</trkpt>
<trkpt lat="47.8121681" lon="7.5682168">
	<ele>227.00</ele>
	<time>1970-01-01T03:21:50.635Z</time>
</trkpt>
<trkpt lat="47.8121452" lon="7.5683050">
	<ele>227.00</ele>
	<time>1970-01-01T03:21:51.894Z</time>
</trkpt>
<trkpt lat="47.8120995" lon="7.5685220">
	<ele>227.00</ele>
	<time>1970-01-01T03:21:55.131Z</time>
</trkpt>
<trkpt lat="47.8120308" lon="7.5687971">
	<ele>227.00</ele>
	<time>1970-01-01T03:21:59.222Z</time>
</trkpt>
<trkpt lat="47.8119202" lon="7.5692821">
	<ele>227.00</ele>
	<time>1970-01-01T03:22:06.095Z</time>
</trkpt>
<trkpt lat="47.8118782" lon="7.5696201">
	<ele>227.00</ele>
	<time>1970-01-01T03:22:11.640Z</time>
</trkpt>
<trkpt lat="47.8117638" lon="7.5703878">
	<ele>227.00</ele>
	<time>1970-01-01T03:22:25.234Z</time>
</trkpt>
<trkpt lat="47.8117332" lon="7.5705800">
	<ele>227.00</ele>
	<time>1970-01-01T03:22:28.565Z</time>
</trkpt>
<trkpt lat="47.8117714" lon="7.5706410">
	<ele>227.00</ele>
	<time>1970-01-01T03:22:29.773Z</time>
</trkpt>
<trkpt lat="47.8117905" lon="7.5707078">
	<ele>227.00</ele>
	<time>1970-01-01T03:22:30.769Z</time>
</trkpt>
<trkpt lat="47.8117561" lon="7.5710750">
	<ele>227.00</ele>
	<time>1970-01-01T03:22:35.877Z</time>
</trkpt>
<trkpt lat="47.8117027" lon="7.5713472">
	<ele>227.00</ele>
	<time>1970-01-01T03:22:39.635Z</time>
</trkpt>
<trkpt lat="47.8116035" lon="7.5719709">
	<ele>227.00</ele>
	<time>1970-01-01T03:22:46.817Z</time>
</trkpt>
<trkpt lat="47.8115234" lon="7.5725350">
	<ele>227.00</ele>
	<time>1970-01-01T03:22:52.857Z</time>
</trkpt>
<trkpt lat="47.8114014" lon="7.5736351">
	<ele>227.00</ele>
	<time>1970-01-01T03:23:05.446Z</time>
</trkpt>
<trkpt lat="47.8113747" lon="7.5744662">
	<ele>227.00</ele>
	<time>1970-01-01T03:23:15.331Z</time>
</trkpt>
<trkpt lat="47.8114052" lon="7.5758090">
	<ele>227.00</ele>
	<time>1970-01-01T03:23:30.537Z</time>
</trkpt>
<trkpt lat="47.8114510" lon="7.5768232">
	<ele>227.00</ele>
	<time>1970-01-01T03:23:41.177Z</time>
</trkpt>
<trkpt lat="47.8114738" lon="7.5779209">
	<ele>227.00</ele>
	<time>1970-01-01T03:23:53.247Z</time>
</trkpt>
<trkpt lat="47.8114662" lon="7.5785289">
	<ele>227.01</ele>
	<time>1970-01-01T03:24:01.259Z</time>
</trkpt>
<trkpt lat="47.8113861" lon="7.5796452">
	<ele>226.93</ele>
	<time>1970-01-01T03:24:15.606Z</time>
</trkpt>
<trkpt lat="47.8112679" lon="7.5807848">
	<ele>228.07</ele>
	<time>1970-01-01T03:24:29.469Z</time>
</trkpt>
<trkpt lat="47.8110542" lon="7.5819912">
	<ele>228.00</ele>
	<time>1970-01-01T03:24:46.214Z</time>
</trkpt>
<trkpt lat="47.8110886" lon="7.5821300">
	<ele>228.00</ele>
	<time>1970-01-01T03:24:48.263Z</time>
</trkpt>
<trkpt lat="47.8111267" lon="7.5822411">
	<ele>228.00</ele>
	<time>1970-01-01T03:24:49.922Z</time>
</trkpt>
<trkpt lat="47.8111267" lon="7.5823998">
	<ele>228.00</ele>
	<time>1970-01-01T03:24:52.263Z</time>
</trkpt>
<trkpt lat="47.8111115" lon="7.5824852">
	<ele>228.00</ele>
	<time>1970-01-01T03:24:53.609Z</time>
</trkpt>
<trkpt lat="47.8110657" lon="7.5826330">
	<ele>228.00</ele>
	<time>1970-01-01T03:24:56.045Z</time>
</trkpt>
<trkpt lat="47.8109779" lon="7.5827961">
	<ele>228.00</ele>
	<time>1970-01-01T03:24:59.655Z</time>
</trkpt>
<trkpt lat="47.8109169" lon="7.5830522">
	<ele>228.00</ele>
	<time>1970-01-01T03:25:04.533Z</time>
</trkpt>
<trkpt lat="47.8109016" lon="7.5832520">
	<ele>228.00</ele>
	<time>1970-01-01T03:25:08.448Z</time>
</trkpt>
<trkpt lat="47.8109245" lon="7.5835338">
	<ele>228.00</ele>
	<time>1970-01-01T03:25:13.878Z</time>
</trkpt>
<trkpt lat="47.8110123" lon="7.5840840">
	<ele>228.00</ele>
	<time>1970-01-01T03:25:24.719Z</time>
</trkpt>
<trkpt lat="47.8113632" lon="7.5863791">
	<ele>228.00</ele>
	<time>1970-01-01T03:25:53.199Z</time>
</trkpt>
<trkpt lat="47.8114128" lon="7.5868211">
	<ele>228.00</ele>
	<time>1970-01-01T03:25:57.527Z</time>
</trkpt>
<trkpt lat="47.8114510" lon="7.5871372">
	<ele>228.00</ele>
	<time>1970-01-01T03:26:00.473Z</time>
</trkpt>
<trkpt lat="47.8114586" lon="7.5875468">
	<ele>228.00</ele>
	<time>1970-01-01T03:26:04.021Z</time>
</trkpt>
<trkpt lat="47.8114281" lon="7.5879312">
	<ele>228.00</ele>
	<time>1970-01-01T03:26:08.470Z</time>
</trkpt>
<trkpt lat="47.8113708" lon="7.5882602">
	<ele>228.00</ele>
	<time>1970-01-01T03:26:13.347Z</time>
</trkpt>
<trkpt lat="47.8112831" lon="7.5886402">
	<ele>228.00</ele>
	<time>1970-01-01T03:26:19.161Z</time>
</trkpt>
<trkpt lat="47.8108902" lon="7.5899382">
	<ele>227.99</ele>
	<time>1970-01-01T03:26:34.891Z</time>
</trkpt>
<trkpt lat="47.8108406" lon="7.5902472">
	<ele>228.01</ele>
	<time>1970-01-01T03:26:39.131Z</time>
</trkpt>
<trkpt lat="47.8108215" lon="7.5904799">
	<ele>227.91</ele>
	<time>1970-01-01T03:26:42.709Z</time>
</trkpt>
<trkpt lat="47.8107986" lon="7.5905919">
	<ele>228.03</ele>
	<time>1970-01-01T03:26:44.582Z</time>
</trkpt>
<trkpt lat="47.8107491" lon="7.5907321">
	<ele>228.41</ele>
	<time>1970-01-01T03:26:47.024Z</time>
</trkpt>
<trkpt lat="47.8107147" lon="7.5908279">
	<ele>228.53</ele>
	<time>1970-01-01T03:26:48.621Z</time>
</trkpt>
<trkpt lat="47.8108177" lon="7.5917912">
	<ele>229.00</ele>
	<time>1970-01-01T03:27:01.085Z</time>
</trkpt>
<trkpt lat="47.8109207" lon="7.5927730">
	<ele>229.00</ele>
	<time>1970-01-01T03:27:22.499Z</time>
</trkpt>
<trkpt lat="47.8109589" lon="7.5932922">
	<ele>229.00</ele>
	<time>1970-01-01T03:27:30.413Z</time>
</trkpt>
<trkpt lat="47.8110237" lon="7.5943441">
	<ele>229.83</ele>
	<time>1970-01-01T03:27:46.648Z</time>
</trkpt>
<trkpt lat="47.8110466" lon="7.5949121">
	<ele>229.88</ele>
	<time>1970-01-01T03:27:53.808Z</time>
</trkpt>
<trkpt lat="47.8110352" lon="7.5958881">
	<ele>229.77</ele>
	<time>1970-01-01T03:28:07.928Z</time>
</trkpt>
<trkpt lat="47.8109818" lon="7.5978551">
	<ele>230.66</ele>
	<time>1970-01-01T03:28:40.224Z</time>
</trkpt>
<trkpt lat="47.8109894" lon="7.5984902">
	<ele>230.85</ele>
	<time>1970-01-01T03:28:47.713Z</time>
</trkpt>
<trkpt lat="47.8109818" lon="7.5989580">
	<ele>231.03</ele>
	<time>1970-01-01T03:28:52.727Z</time>
</trkpt>
<trkpt lat="47.8109093" lon="7.5992279">
	<ele>231.02</ele>
	<time>1970-01-01T03:28:55.821Z</time>
</trkpt>
<trkpt lat="47.8108978" lon="7.5993009">
	<ele>231.04</ele>
	<time>1970-01-01T03:28:56.683Z</time>
</trkpt>
<trkpt lat="47.8108978" lon="7.5993729">
	<ele>231.10</ele>
	<time>1970-01-01T03:28:57.407Z</time>
</trkpt>
<trkpt lat="47.8109398" lon="7.5994358">
	<ele>231.38</ele>
	<time>1970-01-01T03:28:58.370Z</time>
</trkpt>
<trkpt lat="47.8109818" lon="7.5994868">
	<ele>231.70</ele>
	<time>1970-01-01T03:28:59.205Z</time>
</trkpt>
<trkpt lat="47.8110466" lon="7.5995588">
	<ele>232.03</ele>
	<time>1970-01-01T03:29:00.473Z</time>
</trkpt>
<trkpt lat="47.8110924" lon="7.5996022">
	<ele>232.07</ele>
	<time>1970-01-01T03:29:01.280Z</time>
</trkpt>
<trkpt lat="47.8112907" lon="7.5997829">
	<ele>231.32</ele>
	<time>1970-01-01T03:29:04.881Z</time>
</trkpt>
<trkpt lat="47.8116302" lon="7.6000481">
	<ele>230.99</ele>
	<time>1970-01-01T03:29:10.848Z</time>
</trkpt>
<trkpt lat="47.8116646" lon="7.6001029">
	<ele>231.00</ele>
	<time>1970-01-01T03:29:11.714Z</time>
</trkpt>
<trkpt lat="47.8116913" lon="7.6001792">
	<ele>231.00</ele>
	<time>1970-01-01T03:29:12.586Z</time>
</trkpt>
<trkpt lat="47.8117065" lon="7.6002412">
	<ele>231.00</ele>
	<time>1970-01-01T03:29:13.319Z</time>
</trkpt>
<trkpt lat="47.8117142" lon="7.6003122">
	<ele>231.00</ele>
	<time>1970-01-01T03:29:14.104Z</time>
</trkpt>
<trkpt lat="47.8116875" lon="7.6004658">
	<ele>230.98</ele>
	<time>1970-01-01T03:29:16.121Z</time>
</trkpt>
<trkpt lat="47.8115387" lon="7.6009688">
	<ele>231.75</ele>
	<time>1970-01-01T03:29:23.405Z</time>
</trkpt>
<trkpt lat="47.8114853" lon="7.6011229">
	<ele>232.05</ele>
	<time>1970-01-01T03:29:25.680Z</time>
</trkpt>
<trkpt lat="47.8114586" lon="7.6012259">
	<ele>232.04</ele>
	<time>1970-01-01T03:29:27.073Z</time>
</trkpt>
<trkpt lat="47.8114166" lon="7.6013060">
	<ele>232.01</ele>
	<time>1970-01-01T03:29:28.212Z</time>
</trkpt>
<trkpt lat="47.8113747" lon="7.6013641">
	<ele>232.00</ele>
	<time>1970-01-01T03:29:29.189Z</time>
</trkpt>
<trkpt lat="47.8113251" lon="7.6014042">
	<ele>232.00</ele>
	<time>1970-01-01T03:29:30.168Z</time>
</trkpt>
<trkpt lat="47.8112717" lon="7.6014199">
	<ele>232.00</ele>
	<time>1970-01-01T03:29:31.215Z</time>
</trkpt>
<trkpt lat="47.8112144" lon="7.6014199">
	<ele>232.00</ele>
	<time>1970-01-01T03:29:32.260Z</time>
</trkpt>
<trkpt lat="47.8111610" lon="7.6014051">
	<ele>232.00</ele>
	<time>1970-01-01T03:29:33.302Z</time>
</trkpt>
<trkpt lat="47.8110962" lon="7.6013589">
	<ele>232.00</ele>
	<time>1970-01-01T03:29:34.784Z</time>
</trkpt>
<trkpt lat="47.8110542" lon="7.6012959">
	<ele>232.00</ele>
	<time>1970-01-01T03:29:36.071Z</time>
</trkpt>
<trkpt lat="47.8110046" lon="7.6011658">
	<ele>232.00</ele>
	<time>1970-01-01T03:29:38.215Z</time>
</trkpt>
<trkpt lat="47.8109589" lon="7.6009212">
	<ele>232.00</ele>
	<time>1970-01-01T03:29:42.081Z</time>
</trkpt>
<trkpt lat="47.8109283" lon="7.6006031">
	<ele>232.00</ele>
	<time>1970-01-01T03:29:46.494Z</time>
</trkpt>
<trkpt lat="47.8108559" lon="7.6006060">
	<ele>232.00</ele>
	<time>1970-01-01T03:29:47.944Z</time>
</trkpt>
<trkpt lat="47.8108215" lon="7.6005058">
	<ele>232.00</ele>
	<time>1970-01-01T03:29:49.292Z</time>
</trkpt>
<trkpt lat="47.8107872" lon="7.6004629">
	<ele>232.00</ele>
	<time>1970-01-01T03:29:50.134Z</time>
</trkpt>
<trkpt lat="47.8106956" lon="7.6004052">
	<ele>232.00</ele>
	<time>1970-01-01T03:29:51.985Z</time>
</trkpt>
<trkpt lat="47.8105927" lon="7.6003442">
	<ele>232.00</ele>
	<time>1970-01-01T03:29:54.139Z</time>
</trkpt>
<trkpt lat="47.8104782" lon="7.6002731">
	<ele>232.00</ele>
	<time>1970-01-01T03:29:56.798Z</time>
</trkpt>
<trkpt lat="47.8104401" lon="7.6002498">
	<ele>232.00</ele>
	<time>1970-01-01T03:29:57.550Z</time>
</trkpt>
<trkpt lat="47.8102188" lon="7.6001148">
	<ele>232.07</ele>
	<time>1970-01-01T03:30:03.197Z</time>
</trkpt>
<trkpt lat="47.8101768" lon="7.6001000">
	<ele>232.07</ele>
	<time>1970-01-01T03:30:04.281Z</time>
</trkpt>
<trkpt lat="47.8101082" lon="7.6000972">
	<ele>232.07</ele>
	<time>1970-01-01T03:30:05.880Z</time>
</trkpt>
<trkpt lat="47.8097954" lon="7.6001401">
	<ele>232.14</ele>
	<time>1970-01-01T03:30:14.376Z</time>
</trkpt>
<trkpt lat="47.8097954" lon="7.6001391">
	<ele>232.14</ele>
	<time>1970-01-01T03:42:14.561Z</time>
</trkpt>
<trkpt lat="47.8097954" lon="7.6001401">
	<ele>232.14</ele>
	<time>1970-01-01T03:42:14.728Z</time>
</trkpt>
<trkpt lat="47.8101082" lon="7.6000972">
	<ele>232.07</ele>
	<time>1970-01-01T03:42:19.960Z</time>
</trkpt>
<trkpt lat="47.8101768" lon="7.6001000">
	<ele>232.07</ele>
	<time>1970-01-01T03:42:20.965Z</time>
</trkpt>
<trkpt lat="47.8102188" lon="7.6001148">
	<ele>232.07</ele>
	<time>1970-01-01T03:42:21.648Z</time>
</trkpt>
<trkpt lat="47.8104401" lon="7.6002498">
	<ele>232.00</ele>
	<time>1970-01-01T03:42:25.070Z</time>
</trkpt>
<trkpt lat="47.8104782" lon="7.6002731">
	<ele>232.00</ele>
	<time>1970-01-01T03:42:25.596Z</time>
</trkpt>
<trkpt lat="47.8105927" lon="7.6003442">
	<ele>232.00</ele>
	<time>1970-01-01T03:42:27.374Z</time>
</trkpt>
<trkpt lat="47.8106956" lon="7.6004052">
	<ele>232.00</ele>
	<time>1970-01-01T03:42:28.866Z</time>
</trkpt>
<trkpt lat="47.8107872" lon="7.6004629">
	<ele>232.00</ele>
	<time>1970-01-01T03:42:30.273Z</time>
</trkpt>
<trkpt lat="47.8108215" lon="7.6005058">
	<ele>232.00</ele>
	<time>1970-01-01T03:42:30.924Z</time>
</trkpt>
<trkpt lat="47.8108559" lon="7.6006060">
	<ele>232.00</ele>
	<time>1970-01-01T03:42:32.044Z</time>
</trkpt>
<trkpt lat="47.8109283" lon="7.6006031">
	<ele>232.00</ele>
	<time>1970-01-01T03:42:33.177Z</time>
</trkpt>
<trkpt lat="47.8109589" lon="7.6009212">
	<ele>232.00</ele>
	<time>1970-01-01T03:42:36.860Z</time>
</trkpt>
<trkpt lat="47.8110046" lon="7.6011658">
	<ele>232.00</ele>
	<time>1970-01-01T03:42:39.654Z</time>
</trkpt>
<trkpt lat="47.8110542" lon="7.6012959">
	<ele>232.00</ele>
	<time>1970-01-01T03:42:41.206Z</time>
</trkpt>
<trkpt lat="47.8110962" lon="7.6013589">
	<ele>232.00</ele>
	<time>1970-01-01T03:42:42.207Z</time>
</trkpt>
<trkpt lat="47.8111610" lon="7.6014051">
	<ele>232.00</ele>
	<time>1970-01-01T03:42:43.298Z</time>
</trkpt>
<trkpt lat="47.8112144" lon="7.6014199">
	<ele>232.00</ele>
	<time>1970-01-01T03:42:44.127Z</time>
</trkpt>
<trkpt lat="47.8112717" lon="7.6014199">
	<ele>232.00</ele>
	<time>1970-01-01T03:42:44.964Z</time>
</trkpt>
<trkpt lat="47.8113251" lon="7.6014042">
	<ele>232.00</ele>
	<time>1970-01-01T03:42:45.762Z</time>
</trkpt>
<trkpt lat="47.8113747" lon="7.6013641">
	<ele>232.00</ele>
	<time>1970-01-01T03:42:46.571Z</time>
</trkpt>
<trkpt lat="47.8114166" lon="7.6013060">
	<ele>232.01</ele>
	<time>1970-01-01T03:42:47.388Z</time>
</trkpt>
<trkpt lat="47.8114586" lon="7.6012259">
	<ele>232.04</ele>
	<time>1970-01-01T03:42:48.412Z</time>
</trkpt>
<trkpt lat="47.8114853" lon="7.6011229">
	<ele>232.05</ele>
	<time>1970-01-01T03:42:49.593Z</time>
</trkpt>
<trkpt lat="47.8115387" lon="7.6009688">
	<ele>231.75</ele>
	<time>1970-01-01T03:42:51.536Z</time>
</trkpt>
<trkpt lat="47.8116875" lon="7.6004658">
	<ele>230.98</ele>
	<time>1970-01-01T03:42:57.498Z</time>
</trkpt>
<trkpt lat="47.8117142" lon="7.6003122">
	<ele>231.00</ele>
	<time>1970-01-01T03:42:59.196Z</time>
</trkpt>
<trkpt lat="47.8117065" lon="7.6002412">
	<ele>231.00</ele>
	<time>1970-01-01T03:42:59.872Z</time>
</trkpt>
<trkpt lat="47.8116913" lon="7.6001792">
	<ele>231.00</ele>
	<time>1970-01-01T03:43:00.555Z</time>
</trkpt>
<trkpt lat="47.8116646" lon="7.6001029">
	<ele>231.00</ele>
	<time>1970-01-01T03:43:01.382Z</time>
</trkpt>
<trkpt lat="47.8116302" lon="7.6000481">
	<ele>230.99</ele>
	<time>1970-01-01T03:43:02.218Z</time>
</trkpt>
<trkpt lat="47.8112907" lon="7.5997829">
	<ele>231.32</ele>
	<time>1970-01-01T03:43:08.761Z</time>
</trkpt>
<trkpt lat="47.8110924" lon="7.5996022">
	<ele>232.07</ele>
	<time>1970-01-01T03:43:12.826Z</time>
</trkpt>
<trkpt lat="47.8110466" lon="7.5995588">
	<ele>232.03</ele>
	<time>1970-01-01T03:43:13.837Z</time>
</trkpt>
<trkpt lat="47.8109818" lon="7.5994868">
	<ele>231.70</ele>
	<time>1970-01-01T03:43:15.353Z</time>
</trkpt>
<trkpt lat="47.8109398" lon="7.5994358">
	<ele>231.38</ele>
	<time>1970-01-01T03:43:16.363Z</time>
</trkpt>
<trkpt lat="47.8108978" lon="7.5993729">
	<ele>231.10</ele>
	<time>1970-01-01T03:43:17.622Z</time>
</trkpt>
<trkpt lat="47.8108978" lon="7.5993009">
	<ele>231.04</ele>
	<time>1970-01-01T03:43:18.517Z</time>
</trkpt>
<trkpt lat="47.8109093" lon="7.5992279">
	<ele>231.02</ele>
	<time>1970-01-01T03:43:19.588Z</time>
</trkpt>
<trkpt lat="47.8109818" lon="7.5989580">
	<ele>231.03</ele>
	<time>1970-01-01T03:43:23.732Z</time>
</trkpt>
<trkpt lat="47.8109894" lon="7.5984902">
	<ele>230.85</ele>
	<time>1970-01-01T03:43:30.944Z</time>
</trkpt>
<trkpt lat="47.8109818" lon="7.5978551">
	<ele>230.66</ele>
	<time>1970-01-01T03:43:41.851Z</time>
</trkpt>
<trkpt lat="47.8110352" lon="7.5958881">
	<ele>229.77</ele>
	<time>1970-01-01T03:44:04.291Z</time>
</trkpt>
<trkpt lat="47.8110466" lon="7.5949121">
	<ele>229.88</ele>
	<time>1970-01-01T03:44:14.627Z</time>
</trkpt>
<trkpt lat="47.8110237" lon="7.5943441">
	<ele>229.83</ele>
	<time>1970-01-01T03:44:21.919Z</time>
</trkpt>
<trkpt lat="47.8109589" lon="7.5932922">
	<ele>229.00</ele>
	<time>1970-01-01T03:44:34.055Z</time>
</trkpt>
<trkpt lat="47.8109207" lon="7.5927730">
	<ele>229.00</ele>
	<time>1970-01-01T03:44:41.022Z</time>
</trkpt>
<trkpt lat="47.8108177" lon="7.5917912">
	<ele>229.00</ele>
	<time>1970-01-01T03:44:54.518Z</time>
</trkpt>
<trkpt lat="47.8107147" lon="7.5908279">
	<ele>228.53</ele>
	<time>1970-01-01T03:45:02.846Z</time>
</trkpt>
<trkpt lat="47.8107491" lon="7.5907321">
	<ele>228.41</ele>
	<time>1970-01-01T03:45:03.873Z</time>
</trkpt>
<trkpt lat="47.8107986" lon="7.5905919">
	<ele>228.03</ele>
	<time>1970-01-01T03:45:05.448Z</time>
</trkpt>
<trkpt lat="47.8108215" lon="7.5904799">
	<ele>227.91</ele>
	<time>1970-01-01T03:45:06.592Z</time>
</trkpt>
<trkpt lat="47.8108406" lon="7.5902472">
	<ele>228.01</ele>
	<time>1970-01-01T03:45:08.730Z</time>
</trkpt>
<trkpt lat="47.8108902" lon="7.5899382">
	<ele>227.99</ele>
	<time>1970-01-01T03:45:11.481Z</time>
</trkpt>
<trkpt lat="47.8112831" lon="7.5886402">
	<ele>228.00</ele>
	<time>1970-01-01T03:45:28.881Z</time>
</trkpt>
<trkpt lat="47.8113708" lon="7.5882602">
	<ele>228.00</ele>
	<time>1970-01-01T03:45:33.552Z</time>
</trkpt>
<trkpt lat="47.8114281" lon="7.5879312">
	<ele>228.00</ele>
	<time>1970-01-01T03:45:37.044Z</time>
</trkpt>
<trkpt lat="47.8114586" lon="7.5875468">
	<ele>228.00</ele>
	<time>1970-01-01T03:45:40.418Z</time>
</trkpt>
<trkpt lat="47.8114510" lon="7.5871372">
	<ele>228.00</ele>
	<time>1970-01-01T03:45:44.981Z</time>
</trkpt>
<trkpt lat="47.8114128" lon="7.5868211">
	<ele>228.00</ele>
	<time>1970-01-01T03:45:49.078Z</time>
</trkpt>
<trkpt lat="47.8113632" lon="7.5863791">
	<ele>228.00</ele>
	<time>1970-01-01T03:45:56.862Z</time>
</trkpt>
<trkpt lat="47.8110123" lon="7.5840840">
	<ele>228.00</ele>
	<time>1970-01-01T03:46:37.488Z</time>
</trkpt>
<trkpt lat="47.8109245" lon="7.5835338">
	<ele>228.00</ele>
	<time>1970-01-01T03:46:44.383Z</time>
</trkpt>
<trkpt lat="47.8109016" lon="7.5832520">
	<ele>228.00</ele>
	<time>1970-01-01T03:46:47.645Z</time>
</trkpt>
<trkpt lat="47.8109169" lon="7.5830522">
	<ele>228.00</ele>
	<time>1970-01-01T03:46:49.741Z</time>
</trkpt>
<trkpt lat="47.8109779" lon="7.5827961">
	<ele>228.00</ele>
	<time>1970-01-01T03:46:52.322Z</time>
</trkpt>
<trkpt lat="47.8110657" lon="7.5826330">
	<ele>228.00</ele>
	<time>1970-01-01T03:46:54.260Z</time>
</trkpt>
<trkpt lat="47.8111115" lon="7.5824852">
	<ele>228.00</ele>
	<time>1970-01-01T03:46:55.695Z</time>
</trkpt>
<trkpt lat="47.8111267" lon="7.5823998">
	<ele>228.00</ele>
	<time>1970-01-01T03:46:56.555Z</time>
</trkpt>
<trkpt lat="47.8111267" lon="7.5822411">
	<ele>228.00</ele>
	<time>1970-01-01T03:46:57.991Z</time>
</trkpt>
<trkpt lat="47.8110886" lon="7.5821300">
	<ele>228.00</ele>
	<time>1970-01-01T03:46:59.100Z</time>
</trkpt>
<trkpt lat="47.8110542" lon="7.5819912">
	<ele>228.00</ele>
	<time>1970-01-01T03:47:00.422Z</time>
</trkpt>
<trkpt lat="47.8112679" lon="7.5807848">
	<ele>228.07</ele>
	<time>1970-01-01T03:47:12.082Z</time>
</trkpt>
<trkpt lat="47.8113861" lon="7.5796452">
	<ele>226.93</ele>
	<time>1970-01-01T03:47:25.328Z</time>
</trkpt>
<trkpt lat="47.8114662" lon="7.5785289">
	<ele>227.01</ele>
	<time>1970-01-01T03:47:38.877Z</time>
</trkpt>
<trkpt lat="47.8114738" lon="7.5779209">
	<ele>227.00</ele>
	<time>1970-01-01T03:47:45.675Z</time>
</trkpt>
<trkpt lat="47.8114510" lon="7.5768232">
	<ele>227.00</ele>
	<time>1970-01-01T03:47:59.080Z</time>
</trkpt>
<trkpt lat="47.8114052" lon="7.5758090">
	<ele>227.00</ele>
	<time>1970-01-01T03:48:13.631Z</time>
</trkpt>
<trkpt lat="47.8113747" lon="7.5744662">
	<ele>227.00</ele>
	<time>1970-01-01T03:48:33.140Z</time>
</trkpt>
<trkpt lat="47.8114014" lon="7.5736351">
	<ele>227.00</ele>
	<time>1970-01-01T03:48:44.160Z</time>
</trkpt>
<trkpt lat="47.8115234" lon="7.5725350">
	<ele>227.00</ele>
	<time>1970-01-01T03:48:58.452Z</time>
</trkpt>
<trkpt lat="47.8116035" lon="7.5719709">
	<ele>227.00</ele>
	<time>1970-01-01T03:49:06.627Z</time>
</trkpt>
<trkpt lat="47.8117027" lon="7.5713472">
	<ele>227.00</ele>
	<time>1970-01-01T03:49:16.929Z</time>
</trkpt>
<trkpt lat="47.8117561" lon="7.5710750">
	<ele>227.00</ele>
	<time>1970-01-01T03:49:21.109Z</time>
</trkpt>
<trkpt lat="47.8117905" lon="7.5707078">
	<ele>227.00</ele>
	<time>1970-01-01T03:49:26.815Z</time>
</trkpt>
<trkpt lat="47.8117714" lon="7.5706410">
	<ele>227.00</ele>
	<time>1970-01-01T03:49:27.803Z</time>
</trkpt>
<trkpt lat="47.8117332" lon="7.5705800">
	<ele>227.00</ele>
	<time>1970-01-01T03:49:29.061Z</time>
</trkpt>
<trkpt lat="47.8117638" lon="7.5703878">
	<ele>227.00</ele>
	<time>1970-01-01T03:49:31.940Z</time>
</trkpt>
<trkpt lat="47.8118782" lon="7.5696201">
	<ele>227.00</ele>
	<time>1970-01-01T03:49:41.238Z</time>
</trkpt>
<trkpt lat="47.8119202" lon="7.5692821">
	<ele>227.00</ele>
	<time>1970-01-01T03:49:44.778Z</time>
</trkpt>
<trkpt lat="47.8120308" lon="7.5687971">
	<ele>227.00</ele>
	<time>1970-01-01T03:49:50.231Z</time>
</trkpt>
<trkpt lat="47.8120995" lon="7.5685220">
	<ele>227.00</ele>
	<time>1970-01-01T03:49:53.512Z</time>
</trkpt>
<trkpt lat="47.8121452" lon="7.5683050">
	<ele>227.00</ele>
	<time>1970-01-01T03:49:55.951Z</time>
</trkpt>
<trkpt lat="47.8121681" lon="7.5682168">
	<ele>227.00</ele>
	<time>1970-01-01T03:49:56.972Z</time>
</trkpt>
<trkpt lat="47.8121986" lon="7.5680318">
	<ele>227.00</ele>
	<time>1970-01-01T03:49:59.042Z</time>
</trkpt>
<trkpt lat="47.8122826" lon="7.5676408">
	<ele>227.00</ele>
	<time>1970-01-01T03:50:03.734Z</time>
</trkpt>
<trkpt lat="47.8124809" lon="7.5666928">
	<ele>227.00</ele>
	<time>1970-01-01T03:50:13.921Z</time>
</trkpt>
<trkpt lat="47.8125458" lon="7.5663848">
	<ele>227.00</ele>
	<time>1970-01-01T03:50:17.289Z</time>
</trkpt>
<trkpt lat="47.8126183" lon="7.5660830">
	<ele>227.00</ele>
	<time>1970-01-01T03:50:20.778Z</time>
</trkpt>
<trkpt lat="47.8128128" lon="7.5652089">
	<ele>227.00</ele>
	<time>1970-01-01T03:50:32.375Z</time>
</trkpt>
<trkpt lat="47.8131371" lon="7.5637450">
	<ele>227.00</ele>
	<time>1970-01-01T03:50:52.438Z</time>
</trkpt>
<trkpt lat="47.8132095" lon="7.5634470">
	<ele>227.00</ele>
	<time>1970-01-01T03:50:56.791Z</time>
</trkpt>
<trkpt lat="47.8133087" lon="7.5630870">
	<ele>227.00</ele>
	<time>1970-01-01T03:51:02.275Z</time>
</trkpt>
<trkpt lat="47.8134346" lon="7.5626659">
	<ele>227.00</ele>
	<time>1970-01-01T03:51:08.491Z</time>
</trkpt>
<trkpt lat="47.8136215" lon="7.5620332">
	<ele>227.00</ele>
	<time>1970-01-01T03:51:17.704Z</time>
</trkpt>
<trkpt lat="47.8136406" lon="7.5619602">
	<ele>227.00</ele>
	<time>1970-01-01T03:51:18.750Z</time>
</trkpt>
<trkpt lat="47.8137474" lon="7.5615320">
	<ele>227.00</ele>
	<time>1970-01-01T03:51:24.637Z</time>
</trkpt>
<trkpt lat="47.8137932" lon="7.5612292">
	<ele>227.00</ele>
	<time>1970-01-01T03:51:28.583Z</time>
</trkpt>
<trkpt lat="47.8138351" lon="7.5609131">
	<ele>227.00</ele>
	<time>1970-01-01T03:51:32.939Z</time>
</trkpt>
<trkpt lat="47.8138580" lon="7.5607109">
	<ele>227.00</ele>
	<time>1970-01-01T03:51:35.802Z</time>
</trkpt>
<trkpt lat="47.8139381" lon="7.5599418">
	<ele>227.00</ele>
	<time>1970-01-01T03:51:48.303Z</time>
</trkpt>
<trkpt lat="47.8140030" lon="7.5592852">
	<ele>227.00</ele>
	<time>1970-01-01T03:51:56.513Z</time>
</trkpt>
<trkpt lat="47.8140259" lon="7.5590992">
	<ele>227.01</ele>
	<time>1970-01-01T03:51:58.557Z</time>
</trkpt>
<trkpt lat="47.8140144" lon="7.5590482">
	<ele>227.02</ele>
	<time>1970-01-01T03:51:59.082Z</time>
</trkpt>
<trkpt lat="47.8140030" lon="7.5588970">
	<ele>227.01</ele>
	<time>1970-01-01T03:52:00.237Z</time>
</trkpt>
<trkpt lat="47.8140411" lon="7.5586829">
	<ele>227.01</ele>
	<time>1970-01-01T03:52:02.634Z</time>
</trkpt>
<trkpt lat="47.8140869" lon="7.5583129">
	<ele>222.90</ele>
	<time>1970-01-01T03:52:05.126Z</time>
</trkpt>
<trkpt lat="47.8141174" lon="7.5580921">
	<ele>217.36</ele>
	<time>1970-01-01T03:52:06.486Z</time>
</trkpt>
<trkpt lat="47.8141747" lon="7.5578942">
	<ele>215.46</ele>
	<time>1970-01-01T03:52:07.766Z</time>
</trkpt>
<trkpt lat="47.8142548" lon="7.5577211">
	<ele>214.85</ele>
	<time>1970-01-01T03:52:09.046Z</time>
</trkpt>
<trkpt lat="47.8145180" lon="7.5572629">
	<ele>215.00</ele>
	<time>1970-01-01T03:52:12.646Z</time>
</trkpt>
<trkpt lat="47.8145561" lon="7.5571351">
	<ele>215.00</ele>
	<time>1970-01-01T03:52:13.526Z</time>
</trkpt>
<trkpt lat="47.8145485" lon="7.5570250">
	<ele>215.00</ele>
	<time>1970-01-01T03:52:14.173Z</time>
</trkpt>
<trkpt lat="47.8143082" lon="7.5563192">
	<ele>215.00</ele>
	<time>1970-01-01T03:52:18.911Z</time>
</trkpt>
<trkpt lat="47.8142395" lon="7.5560961">
	<ele>215.00</ele>
	<time>1970-01-01T03:52:20.572Z</time>
</trkpt>
<trkpt lat="47.8141861" lon="7.5557890">
	<ele>215.00</ele>
	<time>1970-01-01T03:52:22.895Z</time>
</trkpt>
<trkpt lat="47.8141098" lon="7.5554562">
	<ele>215.00</ele>
	<time>1970-01-01T03:52:25.900Z</time>
</trkpt>
<trkpt lat="47.8140602" lon="7.5552869">
	<ele>215.00</ele>
	<time>1970-01-01T03:52:27.705Z</time>
</trkpt>
<trkpt lat="47.8139915" lon="7.5551968">
	<ele>215.00</ele>
	<time>1970-01-01T03:52:29.106Z</time>
</trkpt>
<trkpt lat="47.8139572" lon="7.5551362">
	<ele>215.00</ele>
	<time>1970-01-01T03:52:30.011Z</time>
</trkpt>
<trkpt lat="47.8139305" lon="7.5550609">
	<ele>215.00</ele>
	<time>1970-01-01T03:52:30.921Z</time>
</trkpt>
<trkpt lat="47.8139229" lon="7.5549078">
	<ele>215.00</ele>
	<time>1970-01-01T03:52:31.963Z</time>
</trkpt>
<trkpt lat="47.8139496" lon="7.5547638">
	<ele>215.00</ele>
	<time>1970-01-01T03:52:33.096Z</time>
</trkpt>
<trkpt lat="47.8139534" lon="7.5545988">
	<ele>215.00</ele>
	<time>1970-01-01T03:52:34.442Z</time>
</trkpt>
<trkpt lat="47.8138847" lon="7.5537519">
	<ele>215.00</ele>
	<time>1970-01-01T03:52:46.637Z</time>
</trkpt>
<trkpt lat="47.8138771" lon="7.5532451">
	<ele>215.00</ele>
	<time>1970-01-01T03:52:56.386Z</time>
</trkpt>
<trkpt lat="47.8138733" lon="7.5529790">
	<ele>215.00</ele>
	<time>1970-01-01T03:53:00.991Z</time>
</trkpt>
<trkpt lat="47.8138847" lon="7.5525279">
	<ele>215.00</ele>
	<time>1970-01-01T03:53:08.251Z</time>
</trkpt>
<trkpt lat="47.8138809" lon="7.5524230">
	<ele>215.00</ele>
	<time>1970-01-01T03:53:09.879Z</time>
</trkpt>
<trkpt lat="47.8138771" lon="7.5522680">
	<ele>215.00</ele>
	<time>1970-01-01T03:53:12.275Z</time>
</trkpt>
<trkpt lat="47.8138771" lon="7.5521011">
	<ele>215.00</ele>
	<time>1970-01-01T03:53:14.816Z</time>
</trkpt>
<trkpt lat="47.8139153" lon="7.5516829">
	<ele>215.00</ele>
	<time>1970-01-01T03:53:20.876Z</time>
</trkpt>
<trkpt lat="47.8139343" lon="7.5509701">
	<ele>215.00</ele>
	<time>1970-01-01T03:53:34.950Z</time>
</trkpt>
<trkpt lat="47.8139648" lon="7.5505428">
	<ele>215.00</ele>
	<time>1970-01-01T03:53:42.185Z</time>
</trkpt>
<trkpt lat="47.8139725" lon="7.5503302">
	<ele>214.94</ele>
	<time>1970-01-01T03:53:45.802Z</time>
</trkpt>
<trkpt lat="47.8141098" lon="7.5502992">
	<ele>214.98</ele>
	<time>1970-01-01T03:53:48.840Z</time>
</trkpt>
<trkpt lat="47.8141823" lon="7.5502882">
	<ele>215.00</ele>
	<time>1970-01-01T03:53:50.322Z</time>
</trkpt>
<trkpt lat="47.8142242" lon="7.5502481">
	<ele>215.00</ele>
	<time>1970-01-01T03:53:51.353Z</time>
</trkpt>
<trkpt lat="47.8141937" lon="7.5499539">
	<ele>215.00</ele>
	<time>1970-01-01T03:53:55.626Z</time>
</trkpt>
<trkpt lat="47.8141899" lon="7.5497990">
	<ele>214.97</ele>
	<time>1970-01-01T03:53:58.058Z</time>
</trkpt>
<trkpt lat="47.8141975" lon="7.5496688">
	<ele>214.94</ele>
	<time>1970-01-01T03:54:00.183Z</time>
</trkpt>
<trkpt lat="47.8142433" lon="7.5493741">
	<ele>215.12</ele>
	<time>1970-01-01T03:54:05.204Z</time>
</trkpt>
<trkpt lat="47.8142509" lon="7.5492129">
	<ele>215.69</ele>
	<time>1970-01-01T03:54:07.886Z</time>
</trkpt>
<trkpt lat="47.8142433" lon="7.5488868">
	<ele>214.92</ele>
	<time>1970-01-01T03:54:11.868Z</time>
</trkpt>
<trkpt lat="47.8141594" lon="7.5482712">
	<ele>215.02</ele>
	<time>1970-01-01T03:54:16.684Z</time>
</trkpt>
<trkpt lat="47.8141632" lon="7.5480938">
	<ele>215.05</ele>
	<time>1970-01-01T03:54:18.406Z</time>
</trkpt>
<trkpt lat="47.8141899" lon="7.5478840">
	<ele>214.77</ele>
	<time>1970-01-01T03:54:19.751Z</time>
</trkpt>
<trkpt lat="47.8144417" lon="7.5463681">
	<ele>207.00</ele>
	<time>1970-01-01T03:54:32.325Z</time>
</trkpt>
<trkpt lat="47.8146706" lon="7.5450401">
	<ele>219.62</ele>
	<time>1970-01-01T03:54:48.768Z</time>
</trkpt>
<trkpt lat="47.8147011" lon="7.5448880">
	<ele>222.36</ele>
	<time>1970-01-01T03:54:51.315Z</time>
</trkpt>
<trkpt lat="47.8147202" lon="7.5448360">
	<ele>223.12</ele>
	<time>1970-01-01T03:54:52.430Z</time>
</trkpt>
<trkpt lat="47.8147392" lon="7.5448050">
	<ele>223.52</ele>
	<time>1970-01-01T03:54:53.091Z</time>
</trkpt>
<trkpt lat="47.8148041" lon="7.5448022">
	<ele>223.88</ele>
	<time>1970-01-01T03:54:54.613Z</time>
</trkpt>
<trkpt lat="47.8148384" lon="7.5447798">
	<ele>224.04</ele>
	<time>1970-01-01T03:54:55.533Z</time>
</trkpt>
<trkpt lat="47.8148842" lon="7.5447259">
	<ele>224.10</ele>
	<time>1970-01-01T03:54:56.986Z</time>
</trkpt>
<trkpt lat="47.8149185" lon="7.5446649">
	<ele>224.07</ele>
	<time>1970-01-01T03:54:58.507Z</time>
</trkpt>
<trkpt lat="47.8149376" lon="7.5446010">
	<ele>224.03</ele>
	<time>1970-01-01T03:54:59.833Z</time>
</trkpt>
<trkpt lat="47.8149490" lon="7.5445218">
	<ele>224.00</ele>
	<time>1970-01-01T03:55:01.599Z</time>
</trkpt>
<trkpt lat="47.8149452" lon="7.5444412">
	<ele>224.00</ele>
	<time>1970-01-01T03:55:03.420Z</time>
</trkpt>
<trkpt lat="47.8149185" lon="7.5443611">
	<ele>224.18</ele>
	<time>1970-01-01T03:55:05.734Z</time>
</trkpt>
<trkpt lat="47.8148842" lon="7.5442538">
	<ele>224.41</ele>
	<time>1970-01-01T03:55:08.913Z</time>
</trkpt>
<trkpt lat="47.8148422" lon="7.5441599">
	<ele>224.00</ele>
	<time>1970-01-01T03:55:11.746Z</time>
</trkpt>
<trkpt lat="47.8148308" lon="7.5440588">
	<ele>222.73</ele>
	<time>1970-01-01T03:55:13.998Z</time>
</trkpt>
<trkpt lat="47.8148422" lon="7.5438881">
	<ele>219.71</ele>
	<time>1970-01-01T03:55:16.508Z</time>
</trkpt>
<trkpt lat="47.8152504" lon="7.5414519">
	<ele>218.74</ele>
	<time>1970-01-01T03:55:53.200Z</time>
</trkpt>
<trkpt lat="47.8152771" lon="7.5412431">
	<ele>222.36</ele>
	<time>1970-01-01T03:55:56.842Z</time>
</trkpt>
<trkpt lat="47.8152924" lon="7.5411992">
	<ele>223.09</ele>
	<time>1970-01-01T03:55:57.790Z</time>
</trkpt>
<trkpt lat="47.8154068" lon="7.5409231">
	<ele>224.45</ele>
	<time>1970-01-01T03:56:05.114Z</time>
</trkpt>
<trkpt lat="47.8154602" lon="7.5407348">
	<ele>224.77</ele>
	<time>1970-01-01T03:56:09.511Z</time>
</trkpt>
<trkpt lat="47.8157158" lon="7.5400748">
	<ele>223.61</ele>
	<time>1970-01-01T03:56:20.404Z</time>
</trkpt>
<trkpt lat="47.8157692" lon="7.5399742">
	<ele>223.30</ele>
	<time>1970-01-01T03:56:22.240Z</time>
</trkpt>
<trkpt lat="47.8158150" lon="7.5399141">
	<ele>223.03</ele>
	<time>1970-01-01T03:56:23.433Z</time>
</trkpt>
<trkpt lat="47.8158569" lon="7.5398698">
	<ele>222.78</ele>
	<time>1970-01-01T03:56:24.389Z</time>
</trkpt>
<trkpt lat="47.8159218" lon="7.5398302">
	<ele>222.32</ele>
	<time>1970-01-01T03:56:25.590Z</time>
</trkpt>
<trkpt lat="47.8160172" lon="7.5398331">
	<ele>221.51</ele>
	<time>1970-01-01T03:56:27.074Z</time>
</trkpt>
<trkpt lat="47.8160858" lon="7.5398140">
	<ele>221.04</ele>
	<time>1970-01-01T03:56:27.983Z</time>
</trkpt>
<trkpt lat="47.8161545" lon="7.5398068">
	<ele>220.71</ele>
	<time>1970-01-01T03:56:28.983Z</time>
</trkpt>
<trkpt lat="47.8162460" lon="7.5398269">
	<ele>220.42</ele>
	<time>1970-01-01T03:56:30.257Z</time>
</trkpt>
<trkpt lat="47.8163033" lon="7.5398698">
	<ele>220.26</ele>
	<time>1970-01-01T03:56:31.051Z</time>
</trkpt>
<trkpt lat="47.8163719" lon="7.5399652">
	<ele>220.06</ele>
	<time>1970-01-01T03:56:32.163Z</time>
</trkpt>
<trkpt lat="47.8164635" lon="7.5400739">
	<ele>219.75</ele>
	<time>1970-01-01T03:56:33.537Z</time>
</trkpt>
<trkpt lat="47.8165588" lon="7.5401068">
	<ele>219.62</ele>
	<time>1970-01-01T03:56:34.652Z</time>
</trkpt>
<trkpt lat="47.8165932" lon="7.5400648">
	<ele>219.46</ele>
	<time>1970-01-01T03:56:35.153Z</time>
</trkpt>
<trkpt lat="47.8166504" lon="7.5401669">
	<ele>219.71</ele>
	<time>1970-01-01T03:56:36.108Z</time>
</trkpt>
<trkpt lat="47.8166962" lon="7.5402451">
	<ele>219.86</ele>
	<time>1970-01-01T03:56:36.870Z</time>
</trkpt>
<trkpt lat="47.8167381" lon="7.5401921">
	<ele>219.53</ele>
	<time>1970-01-01T03:56:37.482Z</time>
</trkpt>
<trkpt lat="47.8170013" lon="7.5398831">
	<ele>217.90</ele>
	<time>1970-01-01T03:56:42.094Z</time>
</trkpt>
<trkpt lat="47.8171387" lon="7.5395818">
	<ele>218.00</ele>
	<time>1970-01-01T03:56:45.719Z</time>
</trkpt>
<trkpt lat="47.8173904" lon="7.5389261">
	<ele>217.33</ele>
	<time>1970-01-01T03:56:53.407Z</time>
</trkpt>
<trkpt lat="47.8178635" lon="7.5376029">
	<ele>217.99</ele>
	<time>1970-01-01T03:57:09.241Z</time>
</trkpt>
<trkpt lat="47.8178864" lon="7.5375118">
	<ele>218.00</ele>
	<time>1970-01-01T03:57:10.311Z</time>
</trkpt>
<trkpt lat="47.8179016" lon="7.5374179">
	<ele>218.01</ele>
	<time>1970-01-01T03:57:11.322Z</time>
</trkpt>
<trkpt lat="47.8179092" lon="7.5371580">
	<ele>218.06</ele>
	<time>1970-01-01T03:57:14.114Z</time>
</trkpt>
<trkpt lat="47.8179779" lon="7.5367131">
	<ele>218.01</ele>
	<time>1970-01-01T03:57:18.988Z</time>
</trkpt>
<trkpt lat="47.8180695" lon="7.5361948">
	<ele>218.00</ele>
	<time>1970-01-01T03:57:24.990Z</time>
</trkpt>
<trkpt lat="47.8180962" lon="7.5359988">
	<ele>218.03</ele>
	<time>1970-01-01T03:57:27.445Z</time>
</trkpt>
<trkpt lat="47.8181076" lon="7.5355721">
	<ele>217.95</ele>
	<time>1970-01-01T03:57:32.150Z</time>
</trkpt>
<trkpt lat="47.8180962" lon="7.5355310">
	<ele>217.90</ele>
	<time>1970-01-01T03:57:32.600Z</time>
</trkpt>
<trkpt lat="47.8180542" lon="7.5354738">
	<ele>217.75</ele>
	<time>1970-01-01T03:57:33.504Z</time>
</trkpt>
<trkpt lat="47.8180428" lon="7.5354280">
	<ele>217.55</ele>
	<time>1970-01-01T03:57:34.074Z</time>
</trkpt>
<trkpt lat="47.8180275" lon="7.5351238">
	<ele>216.95</ele>
	<time>1970-01-01T03:57:37.075Z</time>
</trkpt>
<trkpt lat="47.8179817" lon="7.5345860">
	<ele>217.03</ele>
	<time>1970-01-01T03:57:42.768Z</time>
</trkpt>
<trkpt lat="47.8179703" lon="7.5343342">
	<ele>216.91</ele>
	<time>1970-01-01T03:57:45.697Z</time>
</trkpt>
<trkpt lat="47.8179817" lon="7.5340872">
	<ele>216.73</ele>
	<time>1970-01-01T03:57:48.852Z</time>
</trkpt>
<trkpt lat="47.8180428" lon="7.5336161">
	<ele>216.96</ele>
	<time>1970-01-01T03:57:55.992Z</time>
</trkpt>
<trkpt lat="47.8180962" lon="7.5334768">
	<ele>217.54</ele>
	<time>1970-01-01T03:57:58.442Z</time>
</trkpt>
<trkpt lat="47.8181801" lon="7.5332732">
	<ele>217.56</ele>
	<time>1970-01-01T03:58:02.256Z</time>
</trkpt>
<trkpt lat="47.8182259" lon="7.5331450">
	<ele>217.13</ele>
	<time>1970-01-01T03:58:04.511Z</time>
</trkpt>
<trkpt lat="47.8183327" lon="7.5330601">
	<ele>217.00</ele>
	<time>1970-01-01T03:58:06.948Z</time>
</trkpt>
<trkpt lat="47.8184891" lon="7.5328059">
	<ele>217.00</ele>
	<time>1970-01-01T03:58:11.438Z</time>
</trkpt>
<trkpt lat="47.8192711" lon="7.5314231">
	<ele>217.42</ele>
	<time>1970-01-01T03:58:30.602Z</time>
</trkpt>
<trkpt lat="47.8194160" lon="7.5311079">
	<ele>217.93</ele>
	<time>1970-01-01T03:58:36.007Z</time>
</trkpt>
<trkpt lat="47.8195267" lon="7.5308142">
	<ele>218.00</ele>
	<time>1970-01-01T03:58:41.486Z</time>
</trkpt>
<trkpt lat="47.8195381" lon="7.5307808">
	<ele>217.99</ele>
	<time>1970-01-01T03:58:42.120Z</time>
</trkpt>
<trkpt lat="47.8195572" lon="7.5307350">
	<ele>217.99</ele>
	<time>1970-01-01T03:58:42.958Z</time>
</trkpt>
<trkpt lat="47.8198547" lon="7.5300250">
	<ele>218.08</ele>
	<time>1970-01-01T03:58:53.054Z</time>
</trkpt>
<trkpt lat="47.8198662" lon="7.5299940">
	<ele>218.05</ele>
	<time>1970-01-01T03:58:53.541Z</time>
</trkpt>
<trkpt lat="47.8198776" lon="7.5299668">
	<ele>218.02</ele>
	<time>1970-01-01T03:58:53.866Z</time>
</trkpt>
<trkpt lat="47.8200645" lon="7.5294900">
	<ele>218.12</ele>
	<time>1970-01-01T03:59:00.203Z</time>
</trkpt>
<trkpt lat="47.8202667" lon="7.5288849">
	<ele>218.01</ele>
	<time>1970-01-01T03:59:06.747Z</time>
</trkpt>
<trkpt lat="47.8207092" lon="7.5277472">
	<ele>216.94</ele>
	<time>1970-01-01T03:59:20.626Z</time>
</trkpt>
<trkpt lat="47.8211250" lon="7.5267072">
	<ele>216.02</ele>
	<time>1970-01-01T03:59:34.862Z</time>
</trkpt>
<trkpt lat="47.8212471" lon="7.5264239">
	<ele>216.96</ele>
	<time>1970-01-01T03:59:38.892Z</time>
</trkpt>
<trkpt lat="47.8215218" lon="7.5259008">
	<ele>216.90</ele>
	<time>1970-01-01T03:59:48.488Z</time>
</trkpt>
<trkpt lat="47.8216553" lon="7.5257082">
	<ele>217.07</ele>
	<time>1970-01-01T03:59:52.350Z</time>
</trkpt>
<trkpt lat="47.8217812" lon="7.5255442">
	<ele>217.00</ele>
	<time>1970-01-01T03:59:55.573Z</time>
</trkpt>
<trkpt lat="47.8223724" lon="7.5248652">
	<ele>216.78</ele>
	<time>1970-01-01T04:00:07.813Z</time>
</trkpt>
<trkpt lat="47.8226433" lon="7.5245299">
	<ele>216.71</ele>
	<time>1970-01-01T04:00:13.298Z</time>
</trkpt>
<trkpt lat="47.8228073" lon="7.5242920">
	<ele>216.44</ele>
	<time>1970-01-01T04:00:17.128Z</time>
</trkpt>
<trkpt lat="47.8229637" lon="7.5240369">
	<ele>216.78</ele>
	<time>1970-01-01T04:00:21.556Z</time>
</trkpt>
<trkpt lat="47.8230400" lon="7.5239639">
	<ele>217.02</ele>
	<time>1970-01-01T04:00:23.369Z</time>
</trkpt>
<trkpt lat="47.8230476" lon="7.5240302">
	<ele>217.06</ele>
	<time>1970-01-01T04:00:24.212Z</time>
</trkpt>
<trkpt lat="47.8230782" lon="7.5240860">
	<ele>217.06</ele>
	<time>1970-01-01T04:00:25.054Z</time>
</trkpt>
<trkpt lat="47.8231239" lon="7.5241151">
	<ele>216.93</ele>
	<time>1970-01-01T04:00:25.896Z</time>
</trkpt>
<trkpt lat="47.8231506" lon="7.5241170">
	<ele>216.81</ele>
	<time>1970-01-01T04:00:26.401Z</time>
</trkpt>
<trkpt lat="47.8231812" lon="7.5241070">
	<ele>216.67</ele>
	<time>1970-01-01T04:00:26.906Z</time>
</trkpt>
<trkpt lat="47.8232155" lon="7.5240731">
	<ele>216.47</ele>
	<time>1970-01-01T04:00:27.806Z</time>
</trkpt>
<trkpt lat="47.8232384" lon="7.5240111">
	<ele>216.32</ele>
	<time>1970-01-01T04:00:28.766Z</time>
</trkpt>
<trkpt lat="47.8232422" lon="7.5239320">
	<ele>216.29</ele>
	<time>1970-01-01T04:00:29.910Z</time>
</trkpt>
<trkpt lat="47.8232346" lon="7.5238981">
	<ele>216.35</ele>
	<time>1970-01-01T04:00:30.519Z</time>
</trkpt>
<trkpt lat="47.8232117" lon="7.5238519">
	<ele>216.52</ele>
	<time>1970-01-01T04:00:31.326Z</time>
</trkpt>
<trkpt lat="47.8232040" lon="7.5236449">
	<ele>216.96</ele>
	<time>1970-01-01T04:00:34.943Z</time>
</trkpt>
<trkpt lat="47.8231812" lon="7.5234418">
	<ele>217.02</ele>
	<time>1970-01-01T04:00:38.641Z</time>
</trkpt>
<trkpt lat="47.8231926" lon="7.5229211">
	<ele>217.00</ele>
	<time>1970-01-01T04:00:47.955Z</time>
</trkpt>
<trkpt lat="47.8232079" lon="7.5225830">
	<ele>217.00</ele>
	<time>1970-01-01T04:00:53.362Z</time>
</trkpt>
<trkpt lat="47.8232193" lon="7.5224571">
	<ele>217.00</ele>
	<time>1970-01-01T04:00:55.435Z</time>
</trkpt>
<trkpt lat="47.8232346" lon="7.5222478">
	<ele>217.00</ele>
	<time>1970-01-01T04:00:58.270Z</time>
</trkpt>
<trkpt lat="47.8232498" lon="7.5219049">
	<ele>217.08</ele>
	<time>1970-01-01T04:01:02.093Z</time>
</trkpt>
<trkpt lat="47.8232574" lon="7.5216622">
	<ele>217.07</ele>
	<time>1970-01-01T04:01:04.518Z</time>
</trkpt>
<trkpt lat="47.8232765" lon="7.5211730">
	<ele>217.01</ele>
	<time>1970-01-01T04:01:10.332Z</time>
</trkpt>
<trkpt lat="47.8232956" lon="7.5206642">
	<ele>217.00</ele>
	<time>1970-01-01T04:01:17.151Z</time>
</trkpt>
<trkpt lat="47.8233223" lon="7.5197439">
	<ele>217.00</ele>
	<time>1970-01-01T04:01:28.056Z</time>
</trkpt>
<trkpt lat="47.8233490" lon="7.5192151">
	<ele>217.00</ele>
	<time>1970-01-01T04:01:33.871Z</time>
</trkpt>
<trkpt lat="47.8233833" lon="7.5189738">
	<ele>217.02</ele>
	<time>1970-01-01T04:01:36.747Z</time>
</trkpt>
<trkpt lat="47.8234406" lon="7.5188012">
	<ele>217.03</ele>
	<time>1970-01-01T04:01:39.146Z</time>
</trkpt>
<trkpt lat="47.8235092" lon="7.5187140">
	<ele>217.02</ele>
	<time>1970-01-01T04:01:40.854Z</time>
</trkpt>
<trkpt lat="47.8236313" lon="7.5186720">
	<ele>216.99</ele>
	<time>1970-01-01T04:01:43.240Z</time>
</trkpt>
<trkpt lat="47.8241844" lon="7.5186000">
	<ele>217.00</ele>
	<time>1970-01-01T04:01:54.296Z</time>
</trkpt>
<trkpt lat="47.8242264" lon="7.5185680">
	<ele>217.00</ele>
	<time>1970-01-01T04:01:55.232Z</time>
</trkpt>
<trkpt lat="47.8242683" lon="7.5184970">
	<ele>216.99</ele>
	<time>1970-01-01T04:01:56.534Z</time>
</trkpt>
<trkpt lat="47.8242950" lon="7.5183630">
	<ele>217.00</ele>
	<time>1970-01-01T04:01:58.378Z</time>
</trkpt>
<trkpt lat="47.8243103" lon="7.5179629">
	<ele>216.98</ele>
	<time>1970-01-01T04:02:05.750Z</time>
</trkpt>
<trkpt lat="47.8243332" lon="7.5176430">
	<ele>217.09</ele>
	<time>1970-01-01T04:02:12.613Z</time>
</trkpt>
<trkpt lat="47.8243408" lon="7.5176001">
	<ele>217.11</ele>
	<time>1970-01-01T04:02:13.470Z</time>
</trkpt>
<trkpt lat="47.8243790" lon="7.5175142">
	<ele>217.09</ele>
	<time>1970-01-01T04:02:15.838Z</time>
</trkpt>
<trkpt lat="47.8244324" lon="7.5174661">
	<ele>217.08</ele>
	<time>1970-01-01T04:02:17.959Z</time>
</trkpt>
<trkpt lat="47.8244896" lon="7.5174551">
	<ele>217.17</ele>
	<time>1970-01-01T04:02:19.716Z</time>
</trkpt>
<trkpt lat="47.8246689" lon="7.5174451">
	<ele>218.03</ele>
	<time>1970-01-01T04:02:25.208Z</time>
</trkpt>
<trkpt lat="47.8248062" lon="7.5173998">
	<ele>218.44</ele>
	<time>1970-01-01T04:02:29.268Z</time>
</trkpt>
<trkpt lat="47.8249283" lon="7.5172811">
	<ele>218.81</ele>
	<time>1970-01-01T04:02:33.087Z</time>
</trkpt>
<trkpt lat="47.8250008" lon="7.5171838">
	<ele>219.15</ele>
	<time>1970-01-01T04:02:35.597Z</time>
</trkpt>
<trkpt lat="47.8250389" lon="7.5170922">
	<ele>219.48</ele>
	<time>1970-01-01T04:02:37.371Z</time>
</trkpt>
<trkpt lat="47.8250580" lon="7.5169959">
	<ele>219.73</ele>
	<time>1970-01-01T04:02:39.107Z</time>
</trkpt>
<trkpt lat="47.8250809" lon="7.5167680">
	<ele>219.97</ele>
	<time>1970-01-01T04:02:42.684Z</time>
</trkpt>
<trkpt lat="47.8250999" lon="7.5165048">
	<ele>220.04</ele>
	<time>1970-01-01T04:02:46.999Z</time>
</trkpt>
<trkpt lat="47.8251076" lon="7.5163851">
	<ele>220.00</ele>
	<time>1970-01-01T04:02:49.005Z</time>
</trkpt>
<trkpt lat="47.8250160" lon="7.5163422">
	<ele>220.00</ele>
	<time>1970-01-01T04:02:51.235Z</time>
</trkpt>
<trkpt lat="47.8249779" lon="7.5163031">
	<ele>220.00</ele>
	<time>1970-01-01T04:02:52.233Z</time>
</trkpt>
<trkpt lat="47.8249207" lon="7.5162468">
	<ele>220.00</ele>
	<time>1970-01-01T04:02:53.924Z</time>
</trkpt>
<trkpt lat="47.8248405" lon="7.5161510">
	<ele>220.00</ele>
	<time>1970-01-01T04:02:56.200Z</time>
</trkpt>
<trkpt lat="47.8247948" lon="7.5160632">
	<ele>220.00</ele>
	<time>1970-01-01T04:02:57.938Z</time>
</trkpt>
<trkpt lat="47.8247490" lon="7.5159588">
	<ele>220.00</ele>
	<time>1970-01-01T04:02:59.851Z</time>
</trkpt>
<trkpt lat="47.8245735" lon="7.5154390">
	<ele>219.90</ele>
	<time>1970-01-01T04:03:09.225Z</time>
</trkpt>
<trkpt lat="47.8244858" lon="7.5150890">
	<ele>220.62</ele>
	<time>1970-01-01T04:03:14.758Z</time>
</trkpt>
<trkpt lat="47.8244209" lon="7.5147638">
	<ele>220.96</ele>
	<time>1970-01-01T04:03:19.506Z</time>
</trkpt>
<trkpt lat="47.8243446" lon="7.5143509">
	<ele>220.80</ele>
	<time>1970-01-01T04:03:25.391Z</time>
</trkpt>
<trkpt lat="47.8243141" lon="7.5140371">
	<ele>220.38</ele>
	<time>1970-01-01T04:03:29.701Z</time>
</trkpt>
<trkpt lat="47.8243217" lon="7.5137410">
	<ele>220.16</ele>
	<time>1970-01-01T04:03:33.361Z</time>
</trkpt>
<trkpt lat="47.8243294" lon="7.5136552">
	<ele>220.04</ele>
	<time>1970-01-01T04:03:34.526Z</time>
</trkpt>
<trkpt lat="47.8243561" lon="7.5135942">
	<ele>219.99</ele>
	<time>1970-01-01T04:03:35.358Z</time>
</trkpt>
<trkpt lat="47.8243561" lon="7.5134711">
	<ele>219.99</ele>
	<time>1970-01-01T04:03:36.857Z</time>
</trkpt>
<trkpt lat="47.8242989" lon="7.5132971">
	<ele>220.00</ele>
	<time>1970-01-01T04:03:39.189Z</time>
</trkpt>
<trkpt lat="47.8242531" lon="7.5131240">
	<ele>220.00</ele>
	<time>1970-01-01T04:03:41.522Z</time>
</trkpt>
<trkpt lat="47.8241997" lon="7.5129342">
	<ele>220.00</ele>
	<time>1970-01-01T04:03:44.022Z</time>
</trkpt>
<trkpt lat="47.8240509" lon="7.5124121">
	<ele>220.00</ele>
	<time>1970-01-01T04:03:51.028Z</time>
</trkpt>
<trkpt lat="47.8239975" lon="7.5122228">
	<ele>220.00</ele>
	<time>1970-01-01T04:03:53.696Z</time>
</trkpt>
<trkpt lat="47.8239326" lon="7.5120282">
	<ele>219.93</ele>
	<time>1970-01-01T04:03:56.705Z</time>
</trkpt>
<trkpt lat="47.8238602" lon="7.5118351">
	<ele>220.39</ele>
	<time>1970-01-01T04:03:59.844Z</time>
</trkpt>
<trkpt lat="47.8236084" lon="7.5113368">
	<ele>221.00</ele>
	<time>1970-01-01T04:04:07.418Z</time>
</trkpt>
<trkpt lat="47.8234940" lon="7.5111318">
	<ele>221.00</ele>
	<time>1970-01-01T04:04:10.485Z</time>
</trkpt>
<trkpt lat="47.8230324" lon="7.5104022">
	<ele>221.03</ele>
	<time>1970-01-01T04:04:21.320Z</time>
</trkpt>
<trkpt lat="47.8227654" lon="7.5099840">
	<ele>221.00</ele>
	<time>1970-01-01T04:04:28.312Z</time>
</trkpt>
<trkpt lat="47.8222885" lon="7.5092859">
	<ele>220.90</ele>
	<time>1970-01-01T04:04:44.711Z</time>
</trkpt>
<trkpt lat="47.8217163" lon="7.5084562">
	<ele>221.62</ele>
	<time>1970-01-01T04:05:02.368Z</time>
</trkpt>
<trkpt lat="47.8216820" lon="7.5084090">
	<ele>221.78</ele>
	<time>1970-01-01T04:05:03.294Z</time>
</trkpt>
<trkpt lat="47.8216248" lon="7.5083232">
	<ele>221.97</ele>
	<time>1970-01-01T04:05:04.949Z</time>
</trkpt>
<trkpt lat="47.8209953" lon="7.5073738">
	<ele>222.10</ele>
	<time>1970-01-01T04:05:22.648Z</time>
</trkpt>
<trkpt lat="47.8209190" lon="7.5072689">
	<ele>222.05</ele>
	<time>1970-01-01T04:05:24.589Z</time>
</trkpt>
<trkpt lat="47.8208580" lon="7.5072012">
	<ele>222.00</ele>
	<time>1970-01-01T04:05:25.886Z</time>
</trkpt>
<trkpt lat="47.8207283" lon="7.5070729">
	<ele>222.11</ele>
	<time>1970-01-01T04:05:28.489Z</time>
</trkpt>
<trkpt lat="47.8205566" lon="7.5069728">
	<ele>222.04</ele>
	<time>1970-01-01T04:05:31.431Z</time>
</trkpt>
<trkpt lat="47.8204041" lon="7.5069199">
	<ele>221.98</ele>
	<time>1970-01-01T04:05:33.751Z</time>
</trkpt>
<trkpt lat="47.8198662" lon="7.5068159">
	<ele>222.04</ele>
	<time>1970-01-01T04:05:42.866Z</time>
</trkpt>
<trkpt lat="47.8195457" lon="7.5067582">
	<ele>222.56</ele>
	<time>1970-01-01T04:05:49.221Z</time>
</trkpt>
<trkpt lat="47.8193779" lon="7.5067301">
	<ele>222.97</ele>
	<time>1970-01-01T04:05:52.530Z</time>
</trkpt>
<trkpt lat="47.8189545" lon="7.5066571">
	<ele>223.00</ele>
	<time>1970-01-01T04:06:01.765Z</time>
</trkpt>
<trkpt lat="47.8188400" lon="7.5066371">
	<ele>222.97</ele>
	<time>1970-01-01T04:06:04.172Z</time>
</trkpt>
<trkpt lat="47.8184547" lon="7.5065908">
	<ele>222.78</ele>
	<time>1970-01-01T04:06:11.937Z</time>
</trkpt>
<trkpt lat="47.8178787" lon="7.5065508">
	<ele>223.18</ele>
	<time>1970-01-01T04:06:24.354Z</time>
</trkpt>
<trkpt lat="47.8172607" lon="7.5065250">
	<ele>223.01</ele>
	<time>1970-01-01T04:06:38.861Z</time>
</trkpt>
<trkpt lat="47.8171997" lon="7.5065198">
	<ele>223.09</ele>
	<time>1970-01-01T04:06:40.224Z</time>
</trkpt>
<trkpt lat="47.8168678" lon="7.5064859">
	<ele>223.05</ele>
	<time>1970-01-01T04:06:48.099Z</time>
</trkpt>
<trkpt lat="47.8164902" lon="7.5064430">
	<ele>222.87</ele>
	<time>1970-01-01T04:06:56.352Z</time>
</trkpt>
<trkpt lat="47.8155746" lon="7.5063629">
	<ele>222.98</ele>
	<time>1970-01-01T04:07:11.337Z</time>
</trkpt>
<trkpt lat="47.8154373" lon="7.5063462">
	<ele>222.95</ele>
	<time>1970-01-01T04:07:13.674Z</time>
</trkpt>
<trkpt lat="47.8147278" lon="7.5062861">
	<ele>222.66</ele>
	<time>1970-01-01T04:07:27.534Z</time>
</trkpt>
<trkpt lat="47.8146362" lon="7.5062718">
	<ele>222.72</ele>
	<time>1970-01-01T04:07:29.256Z</time>
</trkpt>
<trkpt lat="47.8145828" lon="7.5062628">
	<ele>222.81</ele>
	<time>1970-01-01T04:07:30.287Z</time>
</trkpt>
<trkpt lat="47.8144379" lon="7.5062132">
	<ele>223.08</ele>
	<time>1970-01-01T04:07:33.029Z</time>
</trkpt>
<trkpt lat="47.8142815" lon="7.5061140">
	<ele>222.98</ele>
	<time>1970-01-01T04:07:36.271Z</time>
</trkpt>
<trkpt lat="47.8142204" lon="7.5060558">
	<ele>222.92</ele>
	<time>1970-01-01T04:07:37.633Z</time>
</trkpt>
<trkpt lat="47.8141823" lon="7.5060401">
	<ele>222.97</ele>
	<time>1970-01-01T04:07:38.483Z</time>
</trkpt>
<trkpt lat="47.8140831" lon="7.5060010">
	<ele>223.35</ele>
	<time>1970-01-01T04:07:40.350Z</time>
</trkpt>
<trkpt lat="47.8140564" lon="7.5059352">
	<ele>223.52</ele>
	<time>1970-01-01T04:07:41.367Z</time>
</trkpt>
<trkpt lat="47.8140144" lon="7.5058861">
	<ele>223.72</ele>
	<time>1970-01-01T04:07:42.384Z</time>
</trkpt>
<trkpt lat="47.8139648" lon="7.5058570">
	<ele>223.90</ele>
	<time>1970-01-01T04:07:43.399Z</time>
</trkpt>
<trkpt lat="47.8139153" lon="7.5058532">
	<ele>224.02</ele>
	<time>1970-01-01T04:07:44.350Z</time>
</trkpt>
<trkpt lat="47.8138580" lon="7.5058789">
	<ele>224.04</ele>
	<time>1970-01-01T04:07:45.537Z</time>
</trkpt>
<trkpt lat="47.8138123" lon="7.5059328">
	<ele>223.94</ele>
	<time>1970-01-01T04:07:46.724Z</time>
</trkpt>
<trkpt lat="47.8137741" lon="7.5060291">
	<ele>223.75</ele>
	<time>1970-01-01T04:07:48.078Z</time>
</trkpt>
<trkpt lat="47.8136978" lon="7.5060720">
	<ele>223.32</ele>
	<time>1970-01-01T04:07:49.600Z</time>
</trkpt>
<trkpt lat="47.8135910" lon="7.5061331">
	<ele>222.97</ele>
	<time>1970-01-01T04:07:51.796Z</time>
</trkpt>
<trkpt lat="47.8133469" lon="7.5061269">
	<ele>222.97</ele>
	<time>1970-01-01T04:07:56.348Z</time>
</trkpt>
<trkpt lat="47.8128357" lon="7.5061150">
	<ele>222.99</ele>
	<time>1970-01-01T04:08:05.449Z</time>
</trkpt>
<trkpt lat="47.8122444" lon="7.5061002">
	<ele>222.98</ele>
	<time>1970-01-01T04:08:15.698Z</time>
</trkpt>
<trkpt lat="47.8120918" lon="7.5060959">
	<ele>222.99</ele>
	<time>1970-01-01T04:08:18.405Z</time>
</trkpt>
<trkpt lat="47.8118935" lon="7.5060911">
	<ele>223.04</ele>
	<time>1970-01-01T04:08:21.737Z</time>
</trkpt>
<trkpt lat="47.8118324" lon="7.5060902">
	<ele>223.04</ele>
	<time>1970-01-01T04:08:22.811Z</time>
</trkpt>
<trkpt lat="47.8118019" lon="7.5060892">
	<ele>223.04</ele>
	<time>1970-01-01T04:08:23.273Z</time>
</trkpt>
<trkpt lat="47.8117676" lon="7.5060878">
	<ele>223.04</ele>
	<time>1970-01-01T04:08:23.891Z</time>
</trkpt>
<trkpt lat="47.8117409" lon="7.5060868">
	<ele>223.04</ele>
	<time>1970-01-01T04:08:24.356Z</time>
</trkpt>
<trkpt lat="47.8117104" lon="7.5060868">
	<ele>223.04</ele>
	<time>1970-01-01T04:08:24.821Z</time>
</trkpt>
<trkpt lat="47.8112640" lon="7.5060749">
	<ele>223.02</ele>
	<time>1970-01-01T04:08:31.955Z</time>
</trkpt>
<trkpt lat="47.8112411" lon="7.5061488">
	<ele>222.93</ele>
	<time>1970-01-01T04:08:32.793Z</time>
</trkpt>
<trkpt lat="47.8111496" lon="7.5061669">
	<ele>222.91</ele>
	<time>1970-01-01T04:08:34.207Z</time>
</trkpt>
<trkpt lat="47.8106995" lon="7.5061522">
	<ele>222.95</ele>
	<time>1970-01-01T04:08:41.218Z</time>
</trkpt>
<trkpt lat="47.8092537" lon="7.5060911">
	<ele>222.97</ele>
	<time>1970-01-01T04:09:08.964Z</time>
</trkpt>
<trkpt lat="47.8089523" lon="7.5060711">
	<ele>223.03</ele>
	<time>1970-01-01T04:09:15.051Z</time>
</trkpt>
<trkpt lat="47.8082275" lon="7.5060349">
	<ele>223.41</ele>
	<time>1970-01-01T04:09:37.749Z</time>
</trkpt>
<trkpt lat="47.8076439" lon="7.5059662">
	<ele>223.84</ele>
	<time>1970-01-01T04:09:51.685Z</time>
</trkpt>
<trkpt lat="47.8075447" lon="7.5059552">
	<ele>223.64</ele>
	<time>1970-01-01T04:09:53.856Z</time>
</trkpt>
<trkpt lat="47.8074265" lon="7.5059662">
	<ele>223.48</ele>
	<time>1970-01-01T04:09:56.373Z</time>
</trkpt>
<trkpt lat="47.8073196" lon="7.5059609">
	<ele>223.53</ele>
	<time>1970-01-01T04:09:58.814Z</time>
</trkpt>
<trkpt lat="47.8070297" lon="7.5059152">
	<ele>223.72</ele>
	<time>1970-01-01T04:10:05.469Z</time>
</trkpt>
<trkpt lat="47.8066063" lon="7.5058742">
	<ele>223.87</ele>
	<time>1970-01-01T04:10:15.661Z</time>
</trkpt>
<trkpt lat="47.8061905" lon="7.5058451">
	<ele>223.22</ele>
	<time>1970-01-01T04:10:22.908Z</time>
</trkpt>
<trkpt lat="47.8053894" lon="7.5058289">
	<ele>222.93</ele>
	<time>1970-01-01T04:10:34.205Z</time>
</trkpt>
<trkpt lat="47.8045311" lon="7.5057888">
	<ele>224.01</ele>
	<time>1970-01-01T04:10:46.766Z</time>
</trkpt>
<trkpt lat="47.8026619" lon="7.5055571">
	<ele>223.98</ele>
	<time>1970-01-01T04:11:20.501Z</time>
</trkpt>
<trkpt lat="47.8024559" lon="7.5055432">
	<ele>223.91</ele>
	<time>1970-01-01T04:11:24.309Z</time>
</trkpt>
<trkpt lat="47.8018875" lon="7.5054479">
	<ele>223.84</ele>
	<time>1970-01-01T04:11:33.795Z</time>
</trkpt>
<trkpt lat="47.7998734" lon="7.5052161">
	<ele>224.29</ele>
	<time>1970-01-01T04:12:12.290Z</time>
</trkpt>
<trkpt lat="47.7993164" lon="7.5051651">
	<ele>224.56</ele>
	<time>1970-01-01T04:12:24.458Z</time>
</trkpt>
<trkpt lat="47.7983093" lon="7.5050201">
	<ele>224.99</ele>
	<time>1970-01-01T04:12:45.549Z</time>
</trkpt>
<trkpt lat="47.7979660" lon="7.5049920">
	<ele>225.05</ele>
	<time>1970-01-01T04:12:51.849Z</time>
</trkpt>
<trkpt lat="47.7978134" lon="7.5049529">
	<ele>225.12</ele>
	<time>1970-01-01T04:12:54.504Z</time>
</trkpt>
<trkpt lat="47.7976036" lon="7.5049090">
	<ele>224.57</ele>
	<time>1970-01-01T04:12:58.087Z</time>
</trkpt>
<trkpt lat="47.7974167" lon="7.5048838">
	<ele>224.52</ele>
	<time>1970-01-01T04:13:01.291Z</time>
</trkpt>
<trkpt lat="47.7972145" lon="7.5048289">
	<ele>225.44</ele>
	<time>1970-01-01T04:13:05.082Z</time>
</trkpt>
<trkpt lat="47.7969513" lon="7.5047789">
	<ele>225.76</ele>
	<time>1970-01-01T04:13:10.170Z</time>
</trkpt>
<trkpt lat="47.7959862" lon="7.5046310">
	<ele>225.37</ele>
	<time>1970-01-01T04:13:33.138Z</time>
</trkpt>
<trkpt lat="47.7949219" lon="7.5044899">
	<ele>225.53</ele>
	<time>1970-01-01T04:13:55.513Z</time>
</trkpt>
<trkpt lat="47.7947769" lon="7.5044780">
	<ele>225.01</ele>
	<time>1970-01-01T04:13:58.341Z</time>
</trkpt>
<trkpt lat="47.7946892" lon="7.5044861">
	<ele>224.80</ele>
	<time>1970-01-01T04:14:00.096Z</time>
</trkpt>
<trkpt lat="47.7945595" lon="7.5044718">
	<ele>224.92</ele>
	<time>1970-01-01T04:14:02.389Z</time>
</trkpt>
<trkpt lat="47.7945175" lon="7.5044470">
	<ele>225.04</ele>
	<time>1970-01-01T04:14:03.209Z</time>
</trkpt>
<trkpt lat="47.7944832" lon="7.5043998">
	<ele>225.22</ele>
	<time>1970-01-01T04:14:04.030Z</time>
</trkpt>
<trkpt lat="47.7944717" lon="7.5043268">
	<ele>225.55</ele>
	<time>1970-01-01T04:14:05.084Z</time>
</trkpt>
<trkpt lat="47.7933083" lon="7.5041218">
	<ele>225.13</ele>
	<time>1970-01-01T04:14:26.564Z</time>
</trkpt>
<trkpt lat="47.7932053" lon="7.5041280">
	<ele>225.11</ele>
	<time>1970-01-01T04:14:28.281Z</time>
</trkpt>
<trkpt lat="47.7932167" lon="7.5039649">
	<ele>225.90</ele>
	<time>1970-01-01T04:14:30.290Z</time>
</trkpt>
<trkpt lat="47.7928925" lon="7.5039191">
	<ele>225.97</ele>
	<time>1970-01-01T04:14:35.406Z</time>
</trkpt>
<trkpt lat="47.7927017" lon="7.5039120">
	<ele>226.01</ele>
	<time>1970-01-01T04:14:38.188Z</time>
</trkpt>
<trkpt lat="47.7925987" lon="7.5039191">
	<ele>226.05</ele>
	<time>1970-01-01T04:14:39.744Z</time>
</trkpt>
<trkpt lat="47.7925072" lon="7.5039392">
	<ele>225.95</ele>
	<time>1970-01-01T04:14:41.073Z</time>
</trkpt>
<trkpt lat="47.7923775" lon="7.5039949">
	<ele>225.50</ele>
	<time>1970-01-01T04:14:43.009Z</time>
</trkpt>
<trkpt lat="47.7922783" lon="7.5040612">
	<ele>225.16</ele>
	<time>1970-01-01T04:14:44.605Z</time>
</trkpt>
<trkpt lat="47.7921944" lon="7.5041380">
	<ele>225.04</ele>
	<time>1970-01-01T04:14:46.102Z</time>
</trkpt>
<trkpt lat="47.7921143" lon="7.5042248">
	<ele>225.01</ele>
	<time>1970-01-01T04:14:47.628Z</time>
</trkpt>
<trkpt lat="47.7920227" lon="7.5043440">
	<ele>224.97</ele>
	<time>1970-01-01T04:14:49.469Z</time>
</trkpt>
<trkpt lat="47.7917557" lon="7.5048342">
	<ele>224.26</ele>
	<time>1970-01-01T04:14:57.156Z</time>
</trkpt>
<trkpt lat="47.7917213" lon="7.5047922">
	<ele>224.19</ele>
	<time>1970-01-01T04:14:57.978Z</time>
</trkpt>
<trkpt lat="47.7916832" lon="7.5047231">
	<ele>224.06</ele>
	<time>1970-01-01T04:14:59.130Z</time>
</trkpt>
<trkpt lat="47.7916718" lon="7.5046568">
	<ele>224.04</ele>
	<time>1970-01-01T04:14:59.953Z</time>
</trkpt>
<trkpt lat="47.7917480" lon="7.5037570">
	<ele>223.30</ele>
	<time>1970-01-01T04:15:09.297Z</time>
</trkpt>
<trkpt lat="47.7917404" lon="7.5036521">
	<ele>223.28</ele>
	<time>1970-01-01T04:15:10.399Z</time>
</trkpt>
<trkpt lat="47.7916183" lon="7.5029759">
	<ele>222.90</ele>
	<time>1970-01-01T04:15:17.234Z</time>
</trkpt>
<trkpt lat="47.7915497" lon="7.5025759">
	<ele>222.96</ele>
	<time>1970-01-01T04:15:21.637Z</time>
</trkpt>
<trkpt lat="47.7912178" lon="7.5006862">
	<ele>224.91</ele>
	<time>1970-01-01T04:15:49.745Z</time>
</trkpt>
<trkpt lat="47.7910118" lon="7.4995780">
	<ele>226.06</ele>
	<time>1970-01-01T04:16:04.049Z</time>
</trkpt>
<trkpt lat="47.7907486" lon="7.4981570">
	<ele>227.12</ele>
	<time>1970-01-01T04:16:28.980Z</time>
</trkpt>
<trkpt lat="47.7907143" lon="7.4979868">
	<ele>226.92</ele>
	<time>1970-01-01T04:16:31.503Z</time>
</trkpt>
<trkpt lat="47.7907066" lon="7.4979272">
	<ele>226.62</ele>
	<time>1970-01-01T04:16:32.397Z</time>
</trkpt>
<trkpt lat="47.7900696" lon="7.4944291">
	<ele>228.00</ele>
	<time>1970-01-01T04:17:33.088Z</time>
</trkpt>
<trkpt lat="47.7899590" lon="7.4938822">
	<ele>228.95</ele>
	<time>1970-01-01T04:17:40.190Z</time>
</trkpt>
<trkpt lat="47.7899094" lon="7.4933100">
	<ele>228.34</ele>
	<time>1970-01-01T04:17:47.320Z</time>
</trkpt>
<trkpt lat="47.7899094" lon="7.4928842">
	<ele>229.03</ele>
	<time>1970-01-01T04:17:54.953Z</time>
</trkpt>
<trkpt lat="47.7899284" lon="7.4926581">
	<ele>229.00</ele>
	<time>1970-01-01T04:17:59.494Z</time>
</trkpt>
<trkpt lat="47.7899361" lon="7.4925971">
	<ele>229.00</ele>
	<time>1970-01-01T04:18:00.853Z</time>
</trkpt>
<trkpt lat="47.7899780" lon="7.4923711">
	<ele>228.99</ele>
	<time>1970-01-01T04:18:06.739Z</time>
</trkpt>
<trkpt lat="47.7901268" lon="7.4921389">
	<ele>229.56</ele>
	<time>1970-01-01T04:18:11.008Z</time>
</trkpt>
<trkpt lat="47.7901878" lon="7.4920440">
	<ele>229.88</ele>
	<time>1970-01-01T04:18:13.022Z</time>
</trkpt>
<trkpt lat="47.7902527" lon="7.4917331">
	<ele>229.26</ele>
	<time>1970-01-01T04:18:19.055Z</time>
</trkpt>
<trkpt lat="47.7902946" lon="7.4915318">
	<ele>228.46</ele>
	<time>1970-01-01T04:18:23.039Z</time>
</trkpt>
<trkpt lat="47.7908440" lon="7.4888172">
	<ele>228.00</ele>
	<time>1970-01-01T04:19:15.344Z</time>
</trkpt>
<trkpt lat="47.7908478" lon="7.4887848">
	<ele>228.00</ele>
	<time>1970-01-01T04:19:15.716Z</time>
</trkpt>
<trkpt lat="47.7919121" lon="7.4831462">
	<ele>229.00</ele>
	<time>1970-01-01T04:20:30.827Z</time>
</trkpt>
<trkpt lat="47.7928848" lon="7.4778452">
	<ele>228.97</ele>
	<time>1970-01-01T04:21:44.372Z</time>
</trkpt>
<trkpt lat="47.7945366" lon="7.4689069">
	<ele>231.03</ele>
	<time>1970-01-01T04:23:54.048Z</time>
</trkpt>
<trkpt lat="47.7954674" lon="7.4641051">
	<ele>229.00</ele>
	<time>1970-01-01T04:24:57.841Z</time>
</trkpt>
<trkpt lat="47.7954750" lon="7.4640112">
	<ele>229.00</ele>
	<time>1970-01-01T04:24:59.013Z</time>
</trkpt>
<trkpt lat="47.7954674" lon="7.4638710">
	<ele>229.00</ele>
	<time>1970-01-01T04:25:00.740Z</time>
</trkpt>
<trkpt lat="47.7954559" lon="7.4638062">
	<ele>229.00</ele>
	<time>1970-01-01T04:25:01.481Z</time>
</trkpt>
<trkpt lat="47.7954330" lon="7.4637341">
	<ele>229.00</ele>
	<time>1970-01-01T04:25:02.375Z</time>
</trkpt>
<trkpt lat="47.7952919" lon="7.4633832">
	<ele>229.00</ele>
	<time>1970-01-01T04:25:06.215Z</time>
</trkpt>
<trkpt lat="47.7951622" lon="7.4631319">
	<ele>229.00</ele>
	<time>1970-01-01T04:25:08.749Z</time>
</trkpt>
<trkpt lat="47.7950325" lon="7.4628439">
	<ele>229.00</ele>
	<time>1970-01-01T04:25:13.040Z</time>
</trkpt>
<trkpt lat="47.7943726" lon="7.4611468">
	<ele>230.00</ele>
	<time>1970-01-01T04:25:34.336Z</time>
</trkpt>
<trkpt lat="47.7943153" lon="7.4609661">
	<ele>229.96</ele>
	<time>1970-01-01T04:25:36.697Z</time>
</trkpt>
<trkpt lat="47.7942734" lon="7.4609318">
	<ele>229.97</ele>
	<time>1970-01-01T04:25:37.489Z</time>
</trkpt>
<trkpt lat="47.7941780" lon="7.4607940">
	<ele>230.00</ele>
	<time>1970-01-01T04:25:39.736Z</time>
</trkpt>
<trkpt lat="47.7933464" lon="7.4586391">
	<ele>231.04</ele>
	<time>1970-01-01T04:26:05.425Z</time>
</trkpt>
<trkpt lat="47.7932549" lon="7.4585371">
	<ele>230.80</ele>
	<time>1970-01-01T04:26:07.594Z</time>
</trkpt>
<trkpt lat="47.7890396" lon="7.4566202">
	<ele>230.95</ele>
	<time>1970-01-01T04:27:30.589Z</time>
</trkpt>
<trkpt lat="47.7888718" lon="7.4565449">
	<ele>230.58</ele>
	<time>1970-01-01T04:27:36.186Z</time>
</trkpt>
<trkpt lat="47.7887993" lon="7.4565148">
	<ele>230.63</ele>
	<time>1970-01-01T04:27:38.119Z</time>
</trkpt>
<trkpt lat="47.7887688" lon="7.4565010">
	<ele>230.68</ele>
	<time>1970-01-01T04:27:39.001Z</time>
</trkpt>
<trkpt lat="47.7885017" lon="7.4563780">
	<ele>227.49</ele>
	<time>1970-01-01T04:27:43.856Z</time>
</trkpt>
<trkpt lat="47.7880821" lon="7.4561830">
	<ele>229.68</ele>
	<time>1970-01-01T04:27:50.930Z</time>
</trkpt>
<trkpt lat="47.7879715" lon="7.4561319">
	<ele>230.45</ele>
	<time>1970-01-01T04:27:53.140Z</time>
</trkpt>
<trkpt lat="47.7807465" lon="7.4528708">
	<ele>231.00</ele>
	<time>1970-01-01T04:30:13.595Z</time>
</trkpt>
<trkpt lat="47.7798080" lon="7.4524360">
	<ele>231.00</ele>
	<time>1970-01-01T04:30:40.372Z</time>
</trkpt>
<trkpt lat="47.7750816" lon="7.4503040">
	<ele>232.75</ele>
	<time>1970-01-01T04:32:09.910Z</time>
</trkpt>
<trkpt lat="47.7738495" lon="7.4497442">
	<ele>233.00</ele>
	<time>1970-01-01T04:32:43.372Z</time>
</trkpt>
<trkpt lat="47.7717209" lon="7.4488039">
	<ele>233.00</ele>
	<time>1970-01-01T04:33:28.110Z</time>
</trkpt>
<trkpt lat="47.7712517" lon="7.4485931">
	<ele>233.00</ele>
	<time>1970-01-01T04:33:42.225Z</time>
</trkpt>
<trkpt lat="47.7693634" lon="7.4477372">
	<ele>233.00</ele>
	<time>1970-01-01T04:34:32.237Z</time>
</trkpt>
<trkpt lat="47.7661476" lon="7.4462810">
	<ele>232.88</ele>
	<time>1970-01-01T04:35:26.029Z</time>
</trkpt>
<trkpt lat="47.7660141" lon="7.4462199">
	<ele>232.90</ele>
	<time>1970-01-01T04:35:28.511Z</time>
</trkpt>
<trkpt lat="47.7659569" lon="7.4461951">
	<ele>232.93</ele>
	<time>1970-01-01T04:35:29.678Z</time>
</trkpt>
<trkpt lat="47.7659187" lon="7.4462838">
	<ele>232.91</ele>
	<time>1970-01-01T04:35:31.012Z</time>
</trkpt>
<trkpt lat="47.7658119" lon="7.4465261">
	<ele>233.49</ele>
	<time>1970-01-01T04:35:34.682Z</time>
</trkpt>
<trkpt lat="47.7655449" lon="7.4472270">
	<ele>234.00</ele>
	<time>1970-01-01T04:35:48.442Z</time>
</trkpt>
<trkpt lat="47.7654114" lon="7.4476309">
	<ele>234.07</ele>
	<time>1970-01-01T04:35:55.774Z</time>
</trkpt>
<trkpt lat="47.7653656" lon="7.4477472">
	<ele>234.08</ele>
	<time>1970-01-01T04:35:57.688Z</time>
</trkpt>
<trkpt lat="47.7653046" lon="7.4478302">
	<ele>234.03</ele>
	<time>1970-01-01T04:35:59.279Z</time>
</trkpt>
<trkpt lat="47.7650757" lon="7.4480200">
	<ele>233.83</ele>
	<time>1970-01-01T04:36:03.548Z</time>
</trkpt>
<trkpt lat="47.7648964" lon="7.4481182">
	<ele>234.50</ele>
	<time>1970-01-01T04:36:06.392Z</time>
</trkpt>
<trkpt lat="47.7647972" lon="7.4481421">
	<ele>234.85</ele>
	<time>1970-01-01T04:36:07.842Z</time>
</trkpt>
<trkpt lat="47.7647209" lon="7.4481349">
	<ele>235.15</ele>
	<time>1970-01-01T04:36:08.861Z</time>
</trkpt>
<trkpt lat="47.7646408" lon="7.4480901">
	<ele>235.64</ele>
	<time>1970-01-01T04:36:10.030Z</time>
</trkpt>
<trkpt lat="47.7645111" lon="7.4479399">
	<ele>236.91</ele>
	<time>1970-01-01T04:36:12.437Z</time>
</trkpt>
<trkpt lat="47.7644043" lon="7.4477701">
	<ele>238.37</ele>
	<time>1970-01-01T04:36:14.787Z</time>
</trkpt>
<trkpt lat="47.7642021" lon="7.4472628">
	<ele>240.47</ele>
	<time>1970-01-01T04:36:21.861Z</time>
</trkpt>
<trkpt lat="47.7639122" lon="7.4465790">
	<ele>242.53</ele>
	<time>1970-01-01T04:36:32.900Z</time>
</trkpt>
<trkpt lat="47.7637367" lon="7.4462719">
	<ele>243.33</ele>
	<time>1970-01-01T04:36:38.850Z</time>
</trkpt>
<trkpt lat="47.7634773" lon="7.4457250">
	<ele>243.80</ele>
	<time>1970-01-01T04:36:48.222Z</time>
</trkpt>
<trkpt lat="47.7633438" lon="7.4454451">
	<ele>242.88</ele>
	<time>1970-01-01T04:36:51.938Z</time>
</trkpt>
<trkpt lat="47.7626648" lon="7.4439569">
	<ele>240.27</ele>
	<time>1970-01-01T04:37:09.061Z</time>
</trkpt>
<trkpt lat="47.7625809" lon="7.4437518">
	<ele>244.01</ele>
	<time>1970-01-01T04:37:11.712Z</time>
</trkpt>
<trkpt lat="47.7621841" lon="7.4427652">
	<ele>242.73</ele>
	<time>1970-01-01T04:37:29.256Z</time>
</trkpt>
<trkpt lat="47.7621040" lon="7.4425182">
	<ele>242.04</ele>
	<time>1970-01-01T04:37:33.442Z</time>
</trkpt>
<trkpt lat="47.7620773" lon="7.4423771">
	<ele>242.09</ele>
	<time>1970-01-01T04:37:35.726Z</time>
</trkpt>
<trkpt lat="47.7620735" lon="7.4422612">
	<ele>242.06</ele>
	<time>1970-01-01T04:37:37.684Z</time>
</trkpt>
<trkpt lat="47.7620888" lon="7.4421701">
	<ele>241.76</ele>
	<time>1970-01-01T04:37:39.282Z</time>
</trkpt>
<trkpt lat="47.7621231" lon="7.4420452">
	<ele>241.01</ele>
	<time>1970-01-01T04:37:41.662Z</time>
</trkpt>
<trkpt lat="47.7621727" lon="7.4419241">
	<ele>240.18</ele>
	<time>1970-01-01T04:37:44.362Z</time>
</trkpt>
<trkpt lat="47.7622337" lon="7.4418249">
	<ele>239.53</ele>
	<time>1970-01-01T04:37:46.725Z</time>
</trkpt>
<trkpt lat="47.7622986" lon="7.4417639">
	<ele>239.10</ele>
	<time>1970-01-01T04:37:48.688Z</time>
</trkpt>
<trkpt lat="47.7623863" lon="7.4417071">
	<ele>238.60</ele>
	<time>1970-01-01T04:37:51.295Z</time>
</trkpt>
<trkpt lat="47.7624550" lon="7.4416780">
	<ele>238.22</ele>
	<time>1970-01-01T04:37:53.132Z</time>
</trkpt>
<trkpt lat="47.7625237" lon="7.4416890">
	<ele>238.02</ele>
	<time>1970-01-01T04:37:54.925Z</time>
</trkpt>
<trkpt lat="47.7625923" lon="7.4417162">
	<ele>237.80</ele>
	<time>1970-01-01T04:37:56.561Z</time>
</trkpt>
<trkpt lat="47.7629395" lon="7.4418869">
	<ele>236.38</ele>
	<time>1970-01-01T04:38:03.161Z</time>
</trkpt>
<trkpt lat="47.7629738" lon="7.4418931">
	<ele>236.29</ele>
	<time>1970-01-01T04:38:03.822Z</time>
</trkpt>
<trkpt lat="47.7631340" lon="7.4401102">
	<ele>237.61</ele>
	<time>1970-01-01T04:38:23.954Z</time>
</trkpt>
<trkpt lat="47.7632294" lon="7.4395719">
	<ele>237.17</ele>
	<time>1970-01-01T04:38:31.455Z</time>
</trkpt>
<trkpt lat="47.7632561" lon="7.4392562">
	<ele>237.24</ele>
	<time>1970-01-01T04:38:36.221Z</time>
</trkpt>
<trkpt lat="47.7633057" lon="7.4385309">
	<ele>238.03</ele>
	<time>1970-01-01T04:38:46.549Z</time>
</trkpt>
<trkpt lat="47.7633095" lon="7.4379621">
	<ele>237.94</ele>
	<time>1970-01-01T04:38:54.259Z</time>
</trkpt>
<trkpt lat="47.7633247" lon="7.4376330">
	<ele>237.45</ele>
	<time>1970-01-01T04:38:58.650Z</time>
</trkpt>
<trkpt lat="47.7633438" lon="7.4374080">
	<ele>236.98</ele>
	<time>1970-01-01T04:39:01.607Z</time>
</trkpt>
<trkpt lat="47.7633820" lon="7.4371171">
	<ele>236.71</ele>
	<time>1970-01-01T04:39:06.201Z</time>
</trkpt>
<trkpt lat="47.7634392" lon="7.4368162">
	<ele>235.68</ele>
	<time>1970-01-01T04:39:11.749Z</time>
</trkpt>
<trkpt lat="47.7635727" lon="7.4363542">
	<ele>236.99</ele>
	<time>1970-01-01T04:39:20.080Z</time>
</trkpt>
<trkpt lat="47.7636108" lon="7.4361701">
	<ele>237.85</ele>
	<time>1970-01-01T04:39:22.774Z</time>
</trkpt>
<trkpt lat="47.7636185" lon="7.4360428">
	<ele>238.08</ele>
	<time>1970-01-01T04:39:24.667Z</time>
</trkpt>
<trkpt lat="47.7636337" lon="7.4358830">
	<ele>237.99</ele>
	<time>1970-01-01T04:39:26.909Z</time>
</trkpt>
<trkpt lat="47.7638626" lon="7.4338679">
	<ele>237.04</ele>
	<time>1970-01-01T04:39:56.954Z</time>
</trkpt>
<trkpt lat="47.7639656" lon="7.4330778">
	<ele>238.38</ele>
	<time>1970-01-01T04:40:06.475Z</time>
</trkpt>
<trkpt lat="47.7639809" lon="7.4328179">
	<ele>238.98</ele>
	<time>1970-01-01T04:40:09.518Z</time>
</trkpt>
<trkpt lat="47.7639732" lon="7.4325891">
	<ele>239.26</ele>
	<time>1970-01-01T04:40:11.994Z</time>
</trkpt>
<trkpt lat="47.7639542" lon="7.4322252">
	<ele>238.59</ele>
	<time>1970-01-01T04:40:16.031Z</time>
</trkpt>
<trkpt lat="47.7639618" lon="7.4318762">
	<ele>237.40</ele>
	<time>1970-01-01T04:40:20.018Z</time>
</trkpt>
<trkpt lat="47.7639923" lon="7.4314060">
	<ele>237.11</ele>
	<time>1970-01-01T04:40:25.822Z</time>
</trkpt>
<trkpt lat="47.7640266" lon="7.4311810">
	<ele>237.13</ele>
	<time>1970-01-01T04:40:29.031Z</time>
</trkpt>
<trkpt lat="47.7640648" lon="7.4310751">
	<ele>237.49</ele>
	<time>1970-01-01T04:40:30.704Z</time>
</trkpt>
<trkpt lat="47.7641602" lon="7.4308438">
	<ele>237.98</ele>
	<time>1970-01-01T04:40:34.611Z</time>
</trkpt>
<trkpt lat="47.7641907" lon="7.4307480">
	<ele>238.19</ele>
	<time>1970-01-01T04:40:36.141Z</time>
</trkpt>
<trkpt lat="47.7642975" lon="7.4299560">
	<ele>238.98</ele>
	<time>1970-01-01T04:40:49.311Z</time>
</trkpt>
<trkpt lat="47.7643394" lon="7.4296279">
	<ele>237.43</ele>
	<time>1970-01-01T04:40:54.889Z</time>
</trkpt>
<trkpt lat="47.7644081" lon="7.4287691">
	<ele>236.96</ele>
	<time>1970-01-01T04:41:09.415Z</time>
</trkpt>
<trkpt lat="47.7648506" lon="7.4248381">
	<ele>237.75</ele>
	<time>1970-01-01T04:41:50.925Z</time>
</trkpt>
<trkpt lat="47.7648506" lon="7.4247818">
	<ele>237.44</ele>
	<time>1970-01-01T04:41:51.618Z</time>
</trkpt>
<trkpt lat="47.7648544" lon="7.4246559">
	<ele>237.10</ele>
	<time>1970-01-01T04:41:53.398Z</time>
</trkpt>
<trkpt lat="47.7648392" lon="7.4245601">
	<ele>237.24</ele>
	<time>1970-01-01T04:41:54.861Z</time>
</trkpt>
<trkpt lat="47.7647171" lon="7.4241309">
	<ele>237.99</ele>
	<time>1970-01-01T04:42:04.820Z</time>
</trkpt>
<trkpt lat="47.7646713" lon="7.4239039">
	<ele>237.79</ele>
	<time>1970-01-01T04:42:09.079Z</time>
</trkpt>
<trkpt lat="47.7646523" lon="7.4236970">
	<ele>237.66</ele>
	<time>1970-01-01T04:42:12.436Z</time>
</trkpt>
<trkpt lat="47.7647285" lon="7.4230208">
	<ele>238.01</ele>
	<time>1970-01-01T04:42:19.407Z</time>
</trkpt>
<trkpt lat="47.7647209" lon="7.4227352">
	<ele>238.00</ele>
	<time>1970-01-01T04:42:21.781Z</time>
</trkpt>
<trkpt lat="47.7647324" lon="7.4226079">
	<ele>237.98</ele>
	<time>1970-01-01T04:42:22.863Z</time>
</trkpt>
<trkpt lat="47.7647705" lon="7.4225178">
	<ele>237.91</ele>
	<time>1970-01-01T04:42:23.716Z</time>
</trkpt>
<trkpt lat="47.7650108" lon="7.4220510">
	<ele>237.97</ele>
	<time>1970-01-01T04:42:28.277Z</time>
</trkpt>
<trkpt lat="47.7650414" lon="7.4218779">
	<ele>237.87</ele>
	<time>1970-01-01T04:42:29.766Z</time>
</trkpt>
<trkpt lat="47.7650146" lon="7.4216089">
	<ele>238.00</ele>
	<time>1970-01-01T04:42:31.966Z</time>
</trkpt>
<trkpt lat="47.7649841" lon="7.4209790">
	<ele>237.92</ele>
	<time>1970-01-01T04:42:37.049Z</time>
</trkpt>
<trkpt lat="47.7649879" lon="7.4204779">
	<ele>237.95</ele>
	<time>1970-01-01T04:42:41.536Z</time>
</trkpt>
<trkpt lat="47.7650528" lon="7.4201398">
	<ele>237.82</ele>
	<time>1970-01-01T04:42:45.054Z</time>
</trkpt>
<trkpt lat="47.7653389" lon="7.4194589">
	<ele>237.98</ele>
	<time>1970-01-01T04:42:56.238Z</time>
</trkpt>
<trkpt lat="47.7653732" lon="7.4193158">
	<ele>237.90</ele>
	<time>1970-01-01T04:42:58.219Z</time>
</trkpt>
<trkpt lat="47.7653732" lon="7.4191542">
	<ele>237.88</ele>
	<time>1970-01-01T04:43:00.510Z</time>
</trkpt>
<trkpt lat="47.7653160" lon="7.4188590">
	<ele>238.02</ele>
	<time>1970-01-01T04:43:03.889Z</time>
</trkpt>
<trkpt lat="47.7653046" lon="7.4186578">
	<ele>238.11</ele>
	<time>1970-01-01T04:43:05.795Z</time>
</trkpt>
<trkpt lat="47.7653275" lon="7.4184322">
	<ele>237.44</ele>
	<time>1970-01-01T04:43:07.649Z</time>
</trkpt>
<trkpt lat="47.7654495" lon="7.4177790">
	<ele>237.16</ele>
	<time>1970-01-01T04:43:17.243Z</time>
</trkpt>
<trkpt lat="47.7655106" lon="7.4170189">
	<ele>237.88</ele>
	<time>1970-01-01T04:43:31.332Z</time>
</trkpt>
<trkpt lat="47.7655678" lon="7.4167781">
	<ele>238.10</ele>
	<time>1970-01-01T04:43:35.745Z</time>
</trkpt>
<trkpt lat="47.7656136" lon="7.4166160">
	<ele>237.89</ele>
	<time>1970-01-01T04:43:38.815Z</time>
</trkpt>
<trkpt lat="47.7656631" lon="7.4164882">
	<ele>237.23</ele>
	<time>1970-01-01T04:43:41.665Z</time>
</trkpt>
<trkpt lat="47.7658806" lon="7.4159489">
	<ele>236.86</ele>
	<time>1970-01-01T04:43:50.397Z</time>
</trkpt>
<trkpt lat="47.7658882" lon="7.4158931">
	<ele>236.49</ele>
	<time>1970-01-01T04:43:51.122Z</time>
</trkpt>
<trkpt lat="47.7658997" lon="7.4158249">
	<ele>236.25</ele>
	<time>1970-01-01T04:43:52.025Z</time>
</trkpt>
<trkpt lat="47.7658806" lon="7.4152160">
	<ele>236.86</ele>
	<time>1970-01-01T04:44:06.180Z</time>
</trkpt>
<trkpt lat="47.7658730" lon="7.4150229">
	<ele>237.00</ele>
	<time>1970-01-01T04:44:09.877Z</time>
</trkpt>
<trkpt lat="47.7658997" lon="7.4147639">
	<ele>237.03</ele>
	<time>1970-01-01T04:44:13.943Z</time>
</trkpt>
<trkpt lat="47.7659645" lon="7.4144182">
	<ele>235.96</ele>
	<time>1970-01-01T04:44:18.083Z</time>
</trkpt>
<trkpt lat="47.7660866" lon="7.4133620">
	<ele>237.92</ele>
	<time>1970-01-01T04:44:28.774Z</time>
</trkpt>
<trkpt lat="47.7662811" lon="7.4115968">
	<ele>236.35</ele>
	<time>1970-01-01T04:44:48.640Z</time>
</trkpt>
<trkpt lat="47.7665558" lon="7.4093490">
	<ele>236.67</ele>
	<time>1970-01-01T04:45:14.725Z</time>
</trkpt>
<trkpt lat="47.7666702" lon="7.4079909">
	<ele>238.03</ele>
	<time>1970-01-01T04:45:32.292Z</time>
</trkpt>
<trkpt lat="47.7666855" lon="7.4077549">
	<ele>237.96</ele>
	<time>1970-01-01T04:45:34.836Z</time>
</trkpt>
<trkpt lat="47.7668571" lon="7.4063649">
	<ele>236.62</ele>
	<time>1970-01-01T04:45:56.477Z</time>
</trkpt>
<trkpt lat="47.7670898" lon="7.4045372">
	<ele>236.58</ele>
	<time>1970-01-01T04:46:20.228Z</time>
</trkpt>
<trkpt lat="47.7671623" lon="7.4041562">
	<ele>236.92</ele>
	<time>1970-01-01T04:46:25.286Z</time>
</trkpt>
<trkpt lat="47.7671928" lon="7.4040070">
	<ele>237.55</ele>
	<time>1970-01-01T04:46:27.441Z</time>
</trkpt>
<trkpt lat="47.7673111" lon="7.4031801">
	<ele>236.75</ele>
	<time>1970-01-01T04:46:40.393Z</time>
</trkpt>
<trkpt lat="47.7673187" lon="7.4030342">
	<ele>236.76</ele>
	<time>1970-01-01T04:46:42.508Z</time>
</trkpt>
<trkpt lat="47.7673073" lon="7.4029222">
	<ele>236.81</ele>
	<time>1970-01-01T04:46:44.025Z</time>
</trkpt>
<trkpt lat="47.7673035" lon="7.4028449">
	<ele>236.82</ele>
	<time>1970-01-01T04:46:45.154Z</time>
</trkpt>
<trkpt lat="47.7672653" lon="7.4026828">
	<ele>236.98</ele>
	<time>1970-01-01T04:46:47.419Z</time>
</trkpt>
<trkpt lat="47.7671852" lon="7.4024329">
	<ele>236.79</ele>
	<time>1970-01-01T04:46:50.838Z</time>
</trkpt>
<trkpt lat="47.7671471" lon="7.4023552">
	<ele>236.53</ele>
	<time>1970-01-01T04:46:51.982Z</time>
</trkpt>
<trkpt lat="47.7669334" lon="7.4018631">
	<ele>236.75</ele>
	<time>1970-01-01T04:46:58.827Z</time>
</trkpt>
<trkpt lat="47.7668915" lon="7.4016700">
	<ele>236.01</ele>
	<time>1970-01-01T04:47:01.204Z</time>
</trkpt>
<trkpt lat="47.7668915" lon="7.4014931">
	<ele>235.96</ele>
	<time>1970-01-01T04:47:03.562Z</time>
</trkpt>
<trkpt lat="47.7669792" lon="7.4009881">
	<ele>236.00</ele>
	<time>1970-01-01T04:47:11.840Z</time>
</trkpt>
<trkpt lat="47.7669868" lon="7.4009252">
	<ele>236.00</ele>
	<time>1970-01-01T04:47:12.923Z</time>
</trkpt>
<trkpt lat="47.7671585" lon="7.3992801">
	<ele>235.77</ele>
	<time>1970-01-01T04:47:32.719Z</time>
</trkpt>
<trkpt lat="47.7671623" lon="7.3992529">
	<ele>235.78</ele>
	<time>1970-01-01T04:47:33.044Z</time>
</trkpt>
<trkpt lat="47.7671852" lon="7.3991041">
	<ele>235.86</ele>
	<time>1970-01-01T04:47:35.000Z</time>
</trkpt>
<trkpt lat="47.7672043" lon="7.3989649">
	<ele>235.95</ele>
	<time>1970-01-01T04:47:36.688Z</time>
</trkpt>
<trkpt lat="47.7672806" lon="7.3982258">
	<ele>235.09</ele>
	<time>1970-01-01T04:47:43.673Z</time>
</trkpt>
<trkpt lat="47.7673798" lon="7.3973331">
	<ele>235.07</ele>
	<time>1970-01-01T04:47:55.892Z</time>
</trkpt>
<trkpt lat="47.7674713" lon="7.3964119">
	<ele>235.94</ele>
	<time>1970-01-01T04:48:08.643Z</time>
</trkpt>
<trkpt lat="47.7675323" lon="7.3958230">
	<ele>235.95</ele>
	<time>1970-01-01T04:48:16.105Z</time>
</trkpt>
<trkpt lat="47.7675819" lon="7.3957410">
	<ele>235.57</ele>
	<time>1970-01-01T04:48:17.435Z</time>
</trkpt>
<trkpt lat="47.7677155" lon="7.3957448">
	<ele>235.12</ele>
	<time>1970-01-01T04:48:19.928Z</time>
</trkpt>
<trkpt lat="47.7677650" lon="7.3956881">
	<ele>234.96</ele>
	<time>1970-01-01T04:48:21.092Z</time>
</trkpt>
<trkpt lat="47.7678261" lon="7.3951321">
	<ele>234.97</ele>
	<time>1970-01-01T04:48:27.058Z</time>
</trkpt>
<trkpt lat="47.7679176" lon="7.3942790">
	<ele>235.98</ele>
	<time>1970-01-01T04:48:36.043Z</time>
</trkpt>
<trkpt lat="47.7679863" lon="7.3937478">
	<ele>235.79</ele>
	<time>1970-01-01T04:48:41.322Z</time>
</trkpt>
<trkpt lat="47.7679901" lon="7.3936510">
	<ele>235.78</ele>
	<time>1970-01-01T04:48:42.221Z</time>
</trkpt>
<trkpt lat="47.7678032" lon="7.3931851">
	<ele>236.08</ele>
	<time>1970-01-01T04:48:47.269Z</time>
</trkpt>
<trkpt lat="47.7677689" lon="7.3931470">
	<ele>236.03</ele>
	<time>1970-01-01T04:48:47.960Z</time>
</trkpt>
<trkpt lat="47.7676544" lon="7.3930268">
	<ele>236.08</ele>
	<time>1970-01-01T04:48:50.067Z</time>
</trkpt>
<trkpt lat="47.7674561" lon="7.3925209">
	<ele>235.04</ele>
	<time>1970-01-01T04:48:57.226Z</time>
</trkpt>
<trkpt lat="47.7674217" lon="7.3924832">
	<ele>234.98</ele>
	<time>1970-01-01T04:48:58.044Z</time>
</trkpt>
<trkpt lat="47.7673836" lon="7.3924360">
	<ele>234.95</ele>
	<time>1970-01-01T04:48:59.027Z</time>
</trkpt>
<trkpt lat="47.7673340" lon="7.3923802">
	<ele>234.96</ele>
	<time>1970-01-01T04:49:00.175Z</time>
</trkpt>
<trkpt lat="47.7673111" lon="7.3923540">
	<ele>234.97</ele>
	<time>1970-01-01T04:49:00.668Z</time>
</trkpt>
<trkpt lat="47.7671204" lon="7.3918090">
	<ele>235.63</ele>
	<time>1970-01-01T04:49:08.249Z</time>
</trkpt>
<trkpt lat="47.7670479" lon="7.3916411">
	<ele>236.08</ele>
	<time>1970-01-01T04:49:10.893Z</time>
</trkpt>
<trkpt lat="47.7669334" lon="7.3914781">
	<ele>235.31</ele>
	<time>1970-01-01T04:49:14.248Z</time>
</trkpt>
<trkpt lat="47.7667046" lon="7.3912468">
	<ele>235.03</ele>
	<time>1970-01-01T04:49:20.243Z</time>
</trkpt>
<trkpt lat="47.7666893" lon="7.3912048">
	<ele>235.03</ele>
	<time>1970-01-01T04:49:20.998Z</time>
</trkpt>
<trkpt lat="47.7663307" lon="7.3902411">
	<ele>234.77</ele>
	<time>1970-01-01T04:49:41.055Z</time>
</trkpt>
<trkpt lat="47.7661171" lon="7.3896861">
	<ele>234.07</ele>
	<time>1970-01-01T04:49:51.882Z</time>
</trkpt>
<trkpt lat="47.7660866" lon="7.3896308">
	<ele>233.86</ele>
	<time>1970-01-01T04:49:52.931Z</time>
</trkpt>
<trkpt lat="47.7660446" lon="7.3895998">
	<ele>233.73</ele>
	<time>1970-01-01T04:49:53.968Z</time>
</trkpt>
<trkpt lat="47.7657852" lon="7.3885598">
	<ele>234.79</ele>
	<time>1970-01-01T04:50:08.501Z</time>
</trkpt>
<trkpt lat="47.7656937" lon="7.3881931">
	<ele>236.55</ele>
	<time>1970-01-01T04:50:12.930Z</time>
</trkpt>
<trkpt lat="47.7655754" lon="7.3878088">
	<ele>234.13</ele>
	<time>1970-01-01T04:50:17.417Z</time>
</trkpt>
<trkpt lat="47.7655258" lon="7.3876581">
	<ele>234.80</ele>
	<time>1970-01-01T04:50:19.199Z</time>
</trkpt>
<trkpt lat="47.7654419" lon="7.3874741">
	<ele>235.77</ele>
	<time>1970-01-01T04:50:21.328Z</time>
</trkpt>
<trkpt lat="47.7651825" lon="7.3871059">
	<ele>233.88</ele>
	<time>1970-01-01T04:50:26.929Z</time>
</trkpt>
<trkpt lat="47.7649956" lon="7.3869019">
	<ele>233.93</ele>
	<time>1970-01-01T04:50:30.749Z</time>
</trkpt>
<trkpt lat="47.7648468" lon="7.3867912">
	<ele>233.77</ele>
	<time>1970-01-01T04:50:33.309Z</time>
</trkpt>
<trkpt lat="47.7647171" lon="7.3867488">
	<ele>233.97</ele>
	<time>1970-01-01T04:50:35.184Z</time>
</trkpt>
<trkpt lat="47.7645874" lon="7.3867779">
	<ele>233.95</ele>
	<time>1970-01-01T04:50:36.944Z</time>
</trkpt>
<trkpt lat="47.7645226" lon="7.3868270">
	<ele>233.92</ele>
	<time>1970-01-01T04:50:37.869Z</time>
</trkpt>
<trkpt lat="47.7644577" lon="7.3868909">
	<ele>233.94</ele>
	<time>1970-01-01T04:50:38.886Z</time>
</trkpt>
<trkpt lat="47.7640762" lon="7.3872571">
	<ele>233.99</ele>
	<time>1970-01-01T04:50:45.164Z</time>
</trkpt>
<trkpt lat="47.7637329" lon="7.3875809">
	<ele>234.08</ele>
	<time>1970-01-01T04:50:52.753Z</time>
</trkpt>
<trkpt lat="47.7631073" lon="7.3881559">
	<ele>234.03</ele>
	<time>1970-01-01T04:51:06.522Z</time>
</trkpt>
<trkpt lat="47.7630997" lon="7.3881202">
	<ele>234.04</ele>
	<time>1970-01-01T04:51:07.025Z</time>
</trkpt>
<trkpt lat="47.7630081" lon="7.3877349">
	<ele>234.89</ele>
	<time>1970-01-01T04:51:12.360Z</time>
</trkpt>
<trkpt lat="47.7627716" lon="7.3870101">
	<ele>234.00</ele>
	<time>1970-01-01T04:51:27.700Z</time>
</trkpt>
<trkpt lat="47.7624092" lon="7.3859138">
	<ele>234.26</ele>
	<time>1970-01-01T04:51:43.769Z</time>
</trkpt>
<trkpt lat="47.7622414" lon="7.3854032">
	<ele>235.08</ele>
	<time>1970-01-01T04:51:56.046Z</time>
</trkpt>
<trkpt lat="47.7618408" lon="7.3841829">
	<ele>234.72</ele>
	<time>1970-01-01T04:52:20.491Z</time>
</trkpt>
<trkpt lat="47.7617493" lon="7.3835812">
	<ele>233.98</ele>
	<time>1970-01-01T04:52:26.739Z</time>
</trkpt>
<trkpt lat="47.7617378" lon="7.3825712">
	<ele>234.70</ele>
	<time>1970-01-01T04:52:35.624Z</time>
</trkpt>
<trkpt lat="47.7616806" lon="7.3820629">
	<ele>233.93</ele>
	<time>1970-01-01T04:52:40.656Z</time>
</trkpt>
<trkpt lat="47.7615204" lon="7.3814721">
	<ele>234.13</ele>
	<time>1970-01-01T04:52:47.737Z</time>
</trkpt>
<trkpt lat="47.7613335" lon="7.3809209">
	<ele>233.97</ele>
	<time>1970-01-01T04:52:54.482Z</time>
</trkpt>
<trkpt lat="47.7611275" lon="7.3803749">
	<ele>234.31</ele>
	<time>1970-01-01T04:53:02.982Z</time>
</trkpt>
<trkpt lat="47.7606010" lon="7.3785081">
	<ele>234.56</ele>
	<time>1970-01-01T04:53:29.195Z</time>
</trkpt>
<trkpt lat="47.7604790" lon="7.3783059">
	<ele>234.04</ele>
	<time>1970-01-01T04:53:32.377Z</time>
</trkpt>
<trkpt lat="47.7598228" lon="7.3772020">
	<ele>234.93</ele>
	<time>1970-01-01T04:53:45.738Z</time>
</trkpt>
<trkpt lat="47.7597961" lon="7.3771400">
	<ele>234.95</ele>
	<time>1970-01-01T04:53:46.575Z</time>
</trkpt>
<trkpt lat="47.7596779" lon="7.3769541">
	<ele>234.99</ele>
	<time>1970-01-01T04:53:49.613Z</time>
</trkpt>
<trkpt lat="47.7595978" lon="7.3768301">
	<ele>234.91</ele>
	<time>1970-01-01T04:53:51.843Z</time>
</trkpt>
<trkpt lat="47.7595596" lon="7.3767710">
	<ele>234.89</ele>
	<time>1970-01-01T04:53:52.870Z</time>
</trkpt>
<trkpt lat="47.7591972" lon="7.3762088">
	<ele>234.96</ele>
	<time>1970-01-01T04:54:05.759Z</time>
</trkpt>
<trkpt lat="47.7587128" lon="7.3754029">
	<ele>235.34</ele>
	<time>1970-01-01T04:54:18.677Z</time>
</trkpt>
<trkpt lat="47.7586441" lon="7.3752880">
	<ele>234.98</ele>
	<time>1970-01-01T04:54:20.626Z</time>
</trkpt>
<trkpt lat="47.7584648" lon="7.3749928">
	<ele>235.05</ele>
	<time>1970-01-01T04:54:25.001Z</time>
</trkpt>
<trkpt lat="47.7574425" lon="7.3731480">
	<ele>235.57</ele>
	<time>1970-01-01T04:54:58.187Z</time>
</trkpt>
<trkpt lat="47.7573242" lon="7.3729320">
	<ele>241.36</ele>
	<time>1970-01-01T04:55:02.577Z</time>
</trkpt>
<trkpt lat="47.7571869" lon="7.3726468">
	<ele>239.30</ele>
	<time>1970-01-01T04:55:08.096Z</time>
</trkpt>
<trkpt lat="47.7566071" lon="7.3714862">
	<ele>236.15</ele>
	<time>1970-01-01T04:55:27.718Z</time>
</trkpt>
<trkpt lat="47.7562065" lon="7.3709068">
	<ele>237.86</ele>
	<time>1970-01-01T04:55:39.620Z</time>
</trkpt>
<trkpt lat="47.7561798" lon="7.3708639">
	<ele>237.97</ele>
	<time>1970-01-01T04:55:40.356Z</time>
</trkpt>
<trkpt lat="47.7556343" lon="7.3699002">
	<ele>238.71</ele>
	<time>1970-01-01T04:55:59.522Z</time>
</trkpt>
<trkpt lat="47.7555008" lon="7.3697128">
	<ele>239.04</ele>
	<time>1970-01-01T04:56:03.490Z</time>
</trkpt>
<trkpt lat="47.7554970" lon="7.3697052">
	<ele>239.03</ele>
	<time>1970-01-01T04:56:03.700Z</time>
</trkpt>
<trkpt lat="47.7554817" lon="7.3696861">
	<ele>238.99</ele>
	<time>1970-01-01T04:56:04.117Z</time>
</trkpt>
<trkpt lat="47.7554398" lon="7.3696141">
	<ele>238.79</ele>
	<time>1970-01-01T04:56:05.562Z</time>
</trkpt>
<trkpt lat="47.7553749" lon="7.3695421">
	<ele>238.77</ele>
	<time>1970-01-01T04:56:07.519Z</time>
</trkpt>
<trkpt lat="47.7553139" lon="7.3695068">
	<ele>238.91</ele>
	<time>1970-01-01T04:56:09.010Z</time>
</trkpt>
<trkpt lat="47.7552834" lon="7.3695078">
	<ele>238.97</ele>
	<time>1970-01-01T04:56:09.911Z</time>
</trkpt>
<trkpt lat="47.7552528" lon="7.3695140">
	<ele>239.00</ele>
	<time>1970-01-01T04:56:10.580Z</time>
</trkpt>
<trkpt lat="47.7549820" lon="7.3685222">
	<ele>237.99</ele>
	<time>1970-01-01T04:56:26.824Z</time>
</trkpt>
<trkpt lat="47.7549477" lon="7.3683949">
	<ele>238.07</ele>
	<time>1970-01-01T04:56:28.708Z</time>
</trkpt>
<trkpt lat="47.7548523" lon="7.3680620">
	<ele>237.54</ele>
	<time>1970-01-01T04:56:33.125Z</time>
</trkpt>
<trkpt lat="47.7548256" lon="7.3679538">
	<ele>237.71</ele>
	<time>1970-01-01T04:56:34.603Z</time>
</trkpt>
<trkpt lat="47.7548676" lon="7.3678288">
	<ele>237.89</ele>
	<time>1970-01-01T04:56:36.055Z</time>
</trkpt>
<trkpt lat="47.7548141" lon="7.3675818">
	<ele>238.61</ele>
	<time>1970-01-01T04:56:38.711Z</time>
</trkpt>
<trkpt lat="47.7547760" lon="7.3676028">
	<ele>238.62</ele>
	<time>1970-01-01T04:56:39.469Z</time>
</trkpt>
<trkpt lat="47.7546921" lon="7.3672972">
	<ele>238.24</ele>
	<time>1970-01-01T04:56:43.539Z</time>
</trkpt>
<trkpt lat="47.7545280" lon="7.3666091">
	<ele>239.49</ele>
	<time>1970-01-01T04:56:53.577Z</time>
</trkpt>
<trkpt lat="47.7544632" lon="7.3662682">
	<ele>241.45</ele>
	<time>1970-01-01T04:56:58.660Z</time>
</trkpt>
<trkpt lat="47.7544403" lon="7.3660922">
	<ele>242.00</ele>
	<time>1970-01-01T04:57:01.217Z</time>
</trkpt>
<trkpt lat="47.7544212" lon="7.3658881">
	<ele>241.52</ele>
	<time>1970-01-01T04:57:04.105Z</time>
</trkpt>
<trkpt lat="47.7543869" lon="7.3656492">
	<ele>239.58</ele>
	<time>1970-01-01T04:57:07.496Z</time>
</trkpt>
<trkpt lat="47.7544212" lon="7.3651428">
	<ele>241.24</ele>
	<time>1970-01-01T04:57:13.695Z</time>
</trkpt>
<trkpt lat="47.7544327" lon="7.3650742">
	<ele>242.44</ele>
	<time>1970-01-01T04:57:14.514Z</time>
</trkpt>
<trkpt lat="47.7544556" lon="7.3650179">
	<ele>243.04</ele>
	<time>1970-01-01T04:57:15.334Z</time>
</trkpt>
<trkpt lat="47.7545052" lon="7.3649559">
	<ele>242.72</ele>
	<time>1970-01-01T04:57:16.413Z</time>
</trkpt>
<trkpt lat="47.7545433" lon="7.3649130">
	<ele>241.90</ele>
	<time>1970-01-01T04:57:17.187Z</time>
</trkpt>
<trkpt lat="47.7544823" lon="7.3647881">
	<ele>239.09</ele>
	<time>1970-01-01T04:57:18.899Z</time>
</trkpt>
<trkpt lat="47.7544632" lon="7.3647099">
	<ele>237.88</ele>
	<time>1970-01-01T04:57:19.839Z</time>
</trkpt>
<trkpt lat="47.7544136" lon="7.3646150">
	<ele>237.88</ele>
	<time>1970-01-01T04:57:21.348Z</time>
</trkpt>
<trkpt lat="47.7543564" lon="7.3645768">
	<ele>238.57</ele>
	<time>1970-01-01T04:57:22.521Z</time>
</trkpt>
<trkpt lat="47.7542458" lon="7.3645868">
	<ele>239.85</ele>
	<time>1970-01-01T04:57:24.667Z</time>
</trkpt>
<trkpt lat="47.7541885" lon="7.3645630">
	<ele>240.26</ele>
	<time>1970-01-01T04:57:25.912Z</time>
</trkpt>
<trkpt lat="47.7540970" lon="7.3644562">
	<ele>240.21</ele>
	<time>1970-01-01T04:57:28.533Z</time>
</trkpt>
<trkpt lat="47.7534447" lon="7.3633218">
	<ele>239.74</ele>
	<time>1970-01-01T04:57:43.701Z</time>
</trkpt>
<trkpt lat="47.7534142" lon="7.3632269">
	<ele>240.64</ele>
	<time>1970-01-01T04:57:44.894Z</time>
</trkpt>
<trkpt lat="47.7534065" lon="7.3631301">
	<ele>241.06</ele>
	<time>1970-01-01T04:57:45.947Z</time>
</trkpt>
<trkpt lat="47.7534065" lon="7.3630371">
	<ele>241.22</ele>
	<time>1970-01-01T04:57:47.007Z</time>
</trkpt>
<trkpt lat="47.7534256" lon="7.3629150">
	<ele>240.97</ele>
	<time>1970-01-01T04:57:48.380Z</time>
</trkpt>
<trkpt lat="47.7534752" lon="7.3627958">
	<ele>240.07</ele>
	<time>1970-01-01T04:57:49.917Z</time>
</trkpt>
<trkpt lat="47.7535057" lon="7.3626380">
	<ele>239.74</ele>
	<time>1970-01-01T04:57:51.669Z</time>
</trkpt>
<trkpt lat="47.7535362" lon="7.3625460">
	<ele>239.55</ele>
	<time>1970-01-01T04:57:52.852Z</time>
</trkpt>
<trkpt lat="47.7535553" lon="7.3625140">
	<ele>239.39</ele>
	<time>1970-01-01T04:57:53.271Z</time>
</trkpt>
<trkpt lat="47.7535667" lon="7.3625650">
	<ele>239.37</ele>
	<time>1970-01-01T04:57:53.834Z</time>
</trkpt>
<trkpt lat="47.7534523" lon="7.3630509">
	<ele>240.23</ele>
	<time>1970-01-01T04:58:00.135Z</time>
</trkpt>
<trkpt lat="47.7534561" lon="7.3631220">
	<ele>240.01</ele>
	<time>1970-01-01T04:58:00.949Z</time>
</trkpt>
<trkpt lat="47.7534828" lon="7.3631449">
	<ele>239.30</ele>
	<time>1970-01-01T04:58:01.600Z</time>
</trkpt>
<trkpt lat="47.7535095" lon="7.3631272">
	<ele>238.69</ele>
	<time>1970-01-01T04:58:02.089Z</time>
</trkpt>
<trkpt lat="47.7536278" lon="7.3628330">
	<ele>237.61</ele>
	<time>1970-01-01T04:58:06.100Z</time>
</trkpt>
<trkpt lat="47.7536621" lon="7.3628068">
	<ele>237.40</ele>
	<time>1970-01-01T04:58:06.832Z</time>
</trkpt>
<trkpt lat="47.7537346" lon="7.3627868">
	<ele>236.91</ele>
	<time>1970-01-01T04:58:08.014Z</time>
</trkpt>
<trkpt lat="47.7537880" lon="7.3627329">
	<ele>236.59</ele>
	<time>1970-01-01T04:58:08.996Z</time>
</trkpt>
<trkpt lat="47.7535591" lon="7.3622541">
	<ele>236.52</ele>
	<time>1970-01-01T04:58:16.106Z</time>
</trkpt>
<trkpt lat="47.7534523" lon="7.3620291">
	<ele>239.45</ele>
	<time>1970-01-01T04:58:19.749Z</time>
</trkpt>
<trkpt lat="47.7533264" lon="7.3618140">
	<ele>237.42</ele>
	<time>1970-01-01T04:58:23.367Z</time>
</trkpt>
<trkpt lat="47.7531700" lon="7.3616009">
	<ele>237.65</ele>
	<time>1970-01-01T04:58:27.235Z</time>
</trkpt>
<trkpt lat="47.7530670" lon="7.3614988">
	<ele>237.91</ele>
	<time>1970-01-01T04:58:29.247Z</time>
</trkpt>
<trkpt lat="47.7528152" lon="7.3612971">
	<ele>237.52</ele>
	<time>1970-01-01T04:58:33.739Z</time>
</trkpt>
<trkpt lat="47.7526817" lon="7.3611741">
	<ele>237.85</ele>
	<time>1970-01-01T04:58:36.364Z</time>
</trkpt>
<trkpt lat="47.7525330" lon="7.3610172">
	<ele>237.43</ele>
	<time>1970-01-01T04:58:39.902Z</time>
</trkpt>
<trkpt lat="47.7522049" lon="7.3605232">
	<ele>237.96</ele>
	<time>1970-01-01T04:58:49.450Z</time>
</trkpt>
<trkpt lat="47.7518539" lon="7.3599539">
	<ele>237.45</ele>
	<time>1970-01-01T04:58:58.678Z</time>
</trkpt>
<trkpt lat="47.7517509" lon="7.3597550">
	<ele>238.21</ele>
	<time>1970-01-01T04:59:01.749Z</time>
</trkpt>
<trkpt lat="47.7517166" lon="7.3596601">
	<ele>237.89</ele>
	<time>1970-01-01T04:59:03.136Z</time>
</trkpt>
<trkpt lat="47.7515221" lon="7.3590579">
	<ele>237.44</ele>
	<time>1970-01-01T04:59:12.723Z</time>
</trkpt>
<trkpt lat="47.7514915" lon="7.3588610">
	<ele>237.22</ele>
	<time>1970-01-01T04:59:15.675Z</time>
</trkpt>
<trkpt lat="47.7512131" lon="7.3583169">
	<ele>238.37</ele>
	<time>1970-01-01T04:59:25.266Z</time>
</trkpt>
<trkpt lat="47.7512054" lon="7.3582368">
	<ele>238.24</ele>
	<time>1970-01-01T04:59:26.438Z</time>
</trkpt>
<trkpt lat="47.7511749" lon="7.3581762">
	<ele>238.08</ele>
	<time>1970-01-01T04:59:27.599Z</time>
</trkpt>
<trkpt lat="47.7511253" lon="7.3580880">
	<ele>238.00</ele>
	<time>1970-01-01T04:59:29.132Z</time>
</trkpt>
<trkpt lat="47.7510643" lon="7.3580828">
	<ele>238.00</ele>
	<time>1970-01-01T04:59:30.373Z</time>
</trkpt>
<trkpt lat="47.7510414" lon="7.3580332">
	<ele>238.00</ele>
	<time>1970-01-01T04:59:31.129Z</time>
</trkpt>
<trkpt lat="47.7509727" lon="7.3577261">
	<ele>237.92</ele>
	<time>1970-01-01T04:59:35.888Z</time>
</trkpt>
<trkpt lat="47.7508965" lon="7.3574910">
	<ele>238.67</ele>
	<time>1970-01-01T04:59:39.975Z</time>
</trkpt>
<trkpt lat="47.7500267" lon="7.3558421">
	<ele>238.06</ele>
	<time>1970-01-01T05:00:11.941Z</time>
</trkpt>
<trkpt lat="47.7488098" lon="7.3535719">
	<ele>239.18</ele>
	<time>1970-01-01T05:00:44.795Z</time>
</trkpt>
<trkpt lat="47.7487526" lon="7.3534670">
	<ele>239.01</ele>
	<time>1970-01-01T05:00:46.321Z</time>
</trkpt>
<trkpt lat="47.7477226" lon="7.3515620">
	<ele>238.67</ele>
	<time>1970-01-01T05:01:14.821Z</time>
</trkpt>
<trkpt lat="47.7470665" lon="7.3503122">
	<ele>238.57</ele>
	<time>1970-01-01T05:01:44.360Z</time>
</trkpt>
<trkpt lat="47.7462730" lon="7.3488431">
	<ele>238.23</ele>
	<time>1970-01-01T05:02:11.647Z</time>
</trkpt>
<trkpt lat="47.7461586" lon="7.3486562">
	<ele>238.04</ele>
	<time>1970-01-01T05:02:15.241Z</time>
</trkpt>
<trkpt lat="47.7460670" lon="7.3484879">
	<ele>238.44</ele>
	<time>1970-01-01T05:02:18.207Z</time>
</trkpt>
<trkpt lat="47.7458611" lon="7.3481030">
	<ele>238.10</ele>
	<time>1970-01-01T05:02:25.308Z</time>
</trkpt>
<trkpt lat="47.7457047" lon="7.3478560">
	<ele>238.48</ele>
	<time>1970-01-01T05:02:30.110Z</time>
</trkpt>
<trkpt lat="47.7454605" lon="7.3474150">
	<ele>238.23</ele>
	<time>1970-01-01T05:02:37.403Z</time>
</trkpt>
<trkpt lat="47.7453766" lon="7.3472261">
	<ele>238.68</ele>
	<time>1970-01-01T05:02:40.274Z</time>
</trkpt>
<trkpt lat="47.7452583" lon="7.3468981">
	<ele>238.87</ele>
	<time>1970-01-01T05:02:45.287Z</time>
</trkpt>
<trkpt lat="47.7451134" lon="7.3466220">
	<ele>238.58</ele>
	<time>1970-01-01T05:02:50.470Z</time>
</trkpt>
<trkpt lat="47.7450905" lon="7.3465571">
	<ele>238.75</ele>
	<time>1970-01-01T05:02:51.718Z</time>
</trkpt>
<trkpt lat="47.7443504" lon="7.3451929">
	<ele>239.59</ele>
	<time>1970-01-01T05:03:12.818Z</time>
</trkpt>
<trkpt lat="47.7442436" lon="7.3451042">
	<ele>241.07</ele>
	<time>1970-01-01T05:03:14.955Z</time>
</trkpt>
<trkpt lat="47.7433929" lon="7.3435431">
	<ele>243.13</ele>
	<time>1970-01-01T05:03:47.204Z</time>
</trkpt>
<trkpt lat="47.7432518" lon="7.3432741">
	<ele>244.18</ele>
	<time>1970-01-01T05:03:52.944Z</time>
</trkpt>
<trkpt lat="47.7430000" lon="7.3428078">
	<ele>244.16</ele>
	<time>1970-01-01T05:04:06.393Z</time>
</trkpt>
<trkpt lat="47.7427177" lon="7.3422780">
	<ele>244.22</ele>
	<time>1970-01-01T05:04:18.045Z</time>
</trkpt>
<trkpt lat="47.7425957" lon="7.3420472">
	<ele>242.60</ele>
	<time>1970-01-01T05:04:21.204Z</time>
</trkpt>
<trkpt lat="47.7425880" lon="7.3420329">
	<ele>242.39</ele>
	<time>1970-01-01T05:04:21.350Z</time>
</trkpt>
<trkpt lat="47.7422409" lon="7.3413930">
	<ele>241.82</ele>
	<time>1970-01-01T05:04:31.678Z</time>
</trkpt>
<trkpt lat="47.7422066" lon="7.3412628">
	<ele>240.28</ele>
	<time>1970-01-01T05:04:33.345Z</time>
</trkpt>
<trkpt lat="47.7421799" lon="7.3411951">
	<ele>239.61</ele>
	<time>1970-01-01T05:04:34.346Z</time>
</trkpt>
<trkpt lat="47.7409897" lon="7.3389950">
	<ele>240.69</ele>
	<time>1970-01-01T05:05:05.908Z</time>
</trkpt>
<trkpt lat="47.7408943" lon="7.3387752">
	<ele>241.29</ele>
	<time>1970-01-01T05:05:09.152Z</time>
</trkpt>
<trkpt lat="47.7407761" lon="7.3385491">
	<ele>238.67</ele>
	<time>1970-01-01T05:05:12.533Z</time>
</trkpt>
<trkpt lat="47.7402039" lon="7.3374910">
	<ele>238.25</ele>
	<time>1970-01-01T05:05:27.522Z</time>
</trkpt>
<trkpt lat="47.7395096" lon="7.3362169">
	<ele>238.89</ele>
	<time>1970-01-01T05:05:49.661Z</time>
</trkpt>
<trkpt lat="47.7394829" lon="7.3362069">
	<ele>238.83</ele>
	<time>1970-01-01T05:05:50.181Z</time>
</trkpt>
<trkpt lat="47.7394485" lon="7.3362098">
	<ele>238.95</ele>
	<time>1970-01-01T05:05:50.700Z</time>
</trkpt>
<trkpt lat="47.7388840" lon="7.3351760">
	<ele>239.61</ele>
	<time>1970-01-01T05:06:05.761Z</time>
</trkpt>
<trkpt lat="47.7389259" lon="7.3351240">
	<ele>239.26</ele>
	<time>1970-01-01T05:06:06.706Z</time>
</trkpt>
<trkpt lat="47.7386932" lon="7.3346782">
	<ele>240.95</ele>
	<time>1970-01-01T05:06:13.400Z</time>
</trkpt>
<trkpt lat="47.7386627" lon="7.3345938">
	<ele>240.13</ele>
	<time>1970-01-01T05:06:14.527Z</time>
</trkpt>
<trkpt lat="47.7386055" lon="7.3344870">
	<ele>238.38</ele>
	<time>1970-01-01T05:06:16.143Z</time>
</trkpt>
<trkpt lat="47.7385750" lon="7.3344569">
	<ele>238.15</ele>
	<time>1970-01-01T05:06:16.750Z</time>
</trkpt>
<trkpt lat="47.7378922" lon="7.3332071">
	<ele>239.45</ele>
	<time>1970-01-01T05:06:39.178Z</time>
</trkpt>
<trkpt lat="47.7371902" lon="7.3319082">
	<ele>239.09</ele>
	<time>1970-01-01T05:07:02.485Z</time>
</trkpt>
<trkpt lat="47.7371063" lon="7.3317652">
	<ele>240.14</ele>
	<time>1970-01-01T05:07:04.947Z</time>
</trkpt>
<trkpt lat="47.7370567" lon="7.3316131">
	<ele>240.75</ele>
	<time>1970-01-01T05:07:07.077Z</time>
</trkpt>
<trkpt lat="47.7370377" lon="7.3315248">
	<ele>240.47</ele>
	<time>1970-01-01T05:07:08.154Z</time>
</trkpt>
<trkpt lat="47.7370148" lon="7.3314528">
	<ele>240.10</ele>
	<time>1970-01-01T05:07:09.027Z</time>
</trkpt>
<trkpt lat="47.7369003" lon="7.3312869">
	<ele>240.03</ele>
	<time>1970-01-01T05:07:11.406Z</time>
</trkpt>
<trkpt lat="47.7368431" lon="7.3312168">
	<ele>240.65</ele>
	<time>1970-01-01T05:07:12.492Z</time>
</trkpt>
<trkpt lat="47.7366486" lon="7.3308811">
	<ele>239.38</ele>
	<time>1970-01-01T05:07:16.179Z</time>
</trkpt>
<trkpt lat="47.7366142" lon="7.3308320">
	<ele>239.37</ele>
	<time>1970-01-01T05:07:16.772Z</time>
</trkpt>
<trkpt lat="47.7365150" lon="7.3307590">
	<ele>240.66</ele>
	<time>1970-01-01T05:07:18.230Z</time>
</trkpt>
<trkpt lat="47.7364578" lon="7.3306971">
	<ele>241.01</ele>
	<time>1970-01-01T05:07:19.229Z</time>
</trkpt>
<trkpt lat="47.7363319" lon="7.3304992">
	<ele>239.95</ele>
	<time>1970-01-01T05:07:21.574Z</time>
</trkpt>
<trkpt lat="47.7362099" lon="7.3302789">
	<ele>240.48</ele>
	<time>1970-01-01T05:07:23.763Z</time>
</trkpt>
<trkpt lat="47.7361794" lon="7.3302431">
	<ele>240.99</ele>
	<time>1970-01-01T05:07:24.181Z</time>
</trkpt>
<trkpt lat="47.7361603" lon="7.3302331">
	<ele>241.31</ele>
	<time>1970-01-01T05:07:24.392Z</time>
</trkpt>
<trkpt lat="47.7361412" lon="7.3302321">
	<ele>241.60</ele>
	<time>1970-01-01T05:07:24.604Z</time>
</trkpt>
<trkpt lat="47.7361298" lon="7.3302479">
	<ele>241.76</ele>
	<time>1970-01-01T05:07:24.818Z</time>
</trkpt>
<trkpt lat="47.7361298" lon="7.3302751">
	<ele>241.80</ele>
	<time>1970-01-01T05:07:25.033Z</time>
</trkpt>
<trkpt lat="47.7361412" lon="7.3303051">
	<ele>241.72</ele>
	<time>1970-01-01T05:07:25.375Z</time>
</trkpt>
<trkpt lat="47.7362518" lon="7.3305502">
	<ele>241.44</ele>
	<time>1970-01-01T05:07:28.751Z</time>
</trkpt>
<trkpt lat="47.7363548" lon="7.3307452">
	<ele>242.46</ele>
	<time>1970-01-01T05:07:32.101Z</time>
</trkpt>
<trkpt lat="47.7364845" lon="7.3309579">
	<ele>242.25</ele>
	<time>1970-01-01T05:07:36.264Z</time>
</trkpt>
<trkpt lat="47.7365379" lon="7.3310390">
	<ele>242.14</ele>
	<time>1970-01-01T05:07:38.127Z</time>
</trkpt>
<trkpt lat="47.7365646" lon="7.3310661">
	<ele>242.17</ele>
	<time>1970-01-01T05:07:38.944Z</time>
</trkpt>
<trkpt lat="47.7366219" lon="7.3310609">
	<ele>241.77</ele>
	<time>1970-01-01T05:07:40.076Z</time>
</trkpt>
<trkpt lat="47.7366791" lon="7.3310242">
	<ele>241.02</ele>
	<time>1970-01-01T05:07:41.301Z</time>
</trkpt>
<trkpt lat="47.7368240" lon="7.3308649">
	<ele>240.57</ele>
	<time>1970-01-01T05:07:44.382Z</time>
</trkpt>
<trkpt lat="47.7368317" lon="7.3307562">
	<ele>240.46</ele>
	<time>1970-01-01T05:07:45.553Z</time>
</trkpt>
<trkpt lat="47.7368279" lon="7.3307252">
	<ele>240.29</ele>
	<time>1970-01-01T05:07:45.847Z</time>
</trkpt>
<trkpt lat="47.7367210" lon="7.3305082">
	<ele>240.41</ele>
	<time>1970-01-01T05:07:48.666Z</time>
</trkpt>
<trkpt lat="47.7366524" lon="7.3301158">
	<ele>241.66</ele>
	<time>1970-01-01T05:07:52.617Z</time>
</trkpt>
<trkpt lat="47.7365952" lon="7.3299270">
	<ele>242.00</ele>
	<time>1970-01-01T05:07:54.574Z</time>
</trkpt>
<trkpt lat="47.7365532" lon="7.3298168">
	<ele>243.15</ele>
	<time>1970-01-01T05:07:55.850Z</time>
</trkpt>
<trkpt lat="47.7364616" lon="7.3296232">
	<ele>243.44</ele>
	<time>1970-01-01T05:07:58.608Z</time>
</trkpt>
<trkpt lat="47.7361870" lon="7.3291168">
	<ele>241.44</ele>
	<time>1970-01-01T05:08:07.164Z</time>
</trkpt>
<trkpt lat="47.7358055" lon="7.3284941">
	<ele>241.97</ele>
	<time>1970-01-01T05:08:19.786Z</time>
</trkpt>
<trkpt lat="47.7356491" lon="7.3282108">
	<ele>241.50</ele>
	<time>1970-01-01T05:08:24.427Z</time>
</trkpt>
<trkpt lat="47.7354851" lon="7.3277960">
	<ele>242.00</ele>
	<time>1970-01-01T05:08:29.034Z</time>
</trkpt>
<trkpt lat="47.7354126" lon="7.3276520">
	<ele>242.23</ele>
	<time>1970-01-01T05:08:30.829Z</time>
</trkpt>
<trkpt lat="47.7352867" lon="7.3274388">
	<ele>243.06</ele>
	<time>1970-01-01T05:08:33.627Z</time>
</trkpt>
<trkpt lat="47.7351685" lon="7.3272948">
	<ele>242.99</ele>
	<time>1970-01-01T05:08:36.112Z</time>
</trkpt>
<trkpt lat="47.7350655" lon="7.3271980">
	<ele>243.10</ele>
	<time>1970-01-01T05:08:38.303Z</time>
</trkpt>
<trkpt lat="47.7348900" lon="7.3270478">
	<ele>242.94</ele>
	<time>1970-01-01T05:08:42.973Z</time>
</trkpt>
<trkpt lat="47.7346764" lon="7.3269129">
	<ele>242.93</ele>
	<time>1970-01-01T05:08:48.706Z</time>
</trkpt>
<trkpt lat="47.7344322" lon="7.3267870">
	<ele>242.56</ele>
	<time>1970-01-01T05:08:54.327Z</time>
</trkpt>
<trkpt lat="47.7343254" lon="7.3267112">
	<ele>242.48</ele>
	<time>1970-01-01T05:08:56.774Z</time>
</trkpt>
<trkpt lat="47.7342262" lon="7.3266430">
	<ele>242.22</ele>
	<time>1970-01-01T05:08:58.860Z</time>
</trkpt>
<trkpt lat="47.7339630" lon="7.3263731">
	<ele>242.26</ele>
	<time>1970-01-01T05:09:06.270Z</time>
</trkpt>
<trkpt lat="47.7327271" lon="7.3252048">
	<ele>242.81</ele>
	<time>1970-01-01T05:09:38.036Z</time>
</trkpt>
<trkpt lat="47.7324409" lon="7.3249021">
	<ele>242.73</ele>
	<time>1970-01-01T05:09:44.507Z</time>
</trkpt>
<trkpt lat="47.7321205" lon="7.3246379">
	<ele>242.66</ele>
	<time>1970-01-01T05:09:51.721Z</time>
</trkpt>
<trkpt lat="47.7307358" lon="7.3233361">
	<ele>242.75</ele>
	<time>1970-01-01T05:10:18.347Z</time>
</trkpt>
<trkpt lat="47.7305984" lon="7.3231640">
	<ele>242.73</ele>
	<time>1970-01-01T05:10:21.547Z</time>
</trkpt>
<trkpt lat="47.7302971" lon="7.3228822">
	<ele>242.74</ele>
	<time>1970-01-01T05:10:27.675Z</time>
</trkpt>
<trkpt lat="47.7302628" lon="7.3228269">
	<ele>242.92</ele>
	<time>1970-01-01T05:10:28.611Z</time>
</trkpt>
<trkpt lat="47.7302589" lon="7.3227758">
	<ele>242.99</ele>
	<time>1970-01-01T05:10:29.237Z</time>
</trkpt>
<trkpt lat="47.7299576" lon="7.3224821">
	<ele>243.06</ele>
	<time>1970-01-01T05:10:34.665Z</time>
</trkpt>
<trkpt lat="47.7296333" lon="7.3222260">
	<ele>243.07</ele>
	<time>1970-01-01T05:10:43.467Z</time>
</trkpt>
<trkpt lat="47.7294502" lon="7.3220601">
	<ele>243.64</ele>
	<time>1970-01-01T05:10:49.262Z</time>
</trkpt>
<trkpt lat="47.7293663" lon="7.3220611">
	<ele>243.81</ele>
	<time>1970-01-01T05:10:51.457Z</time>
</trkpt>
<trkpt lat="47.7292976" lon="7.3220978">
	<ele>243.63</ele>
	<time>1970-01-01T05:10:53.481Z</time>
</trkpt>
<trkpt lat="47.7288895" lon="7.3217249">
	<ele>244.05</ele>
	<time>1970-01-01T05:11:06.933Z</time>
</trkpt>
<trkpt lat="47.7287407" lon="7.3215771">
	<ele>243.59</ele>
	<time>1970-01-01T05:11:11.113Z</time>
</trkpt>
<trkpt lat="47.7286491" lon="7.3214631">
	<ele>244.61</ele>
	<time>1970-01-01T05:11:13.568Z</time>
</trkpt>
<trkpt lat="47.7284431" lon="7.3212781">
	<ele>244.03</ele>
	<time>1970-01-01T05:11:17.986Z</time>
</trkpt>
<trkpt lat="47.7282562" lon="7.3211002">
	<ele>244.62</ele>
	<time>1970-01-01T05:11:22.097Z</time>
</trkpt>
<trkpt lat="47.7249260" lon="7.3179088">
	<ele>244.29</ele>
	<time>1970-01-01T05:12:46.613Z</time>
</trkpt>
<trkpt lat="47.7243233" lon="7.3173552">
	<ele>244.87</ele>
	<time>1970-01-01T05:12:57.259Z</time>
</trkpt>
<trkpt lat="47.7226372" lon="7.3157768">
	<ele>244.05</ele>
	<time>1970-01-01T05:13:29.588Z</time>
</trkpt>
<trkpt lat="47.7221413" lon="7.3153081">
	<ele>245.43</ele>
	<time>1970-01-01T05:13:39.646Z</time>
</trkpt>
<trkpt lat="47.7220802" lon="7.3152490">
	<ele>244.96</ele>
	<time>1970-01-01T05:13:40.999Z</time>
</trkpt>
<trkpt lat="47.7219582" lon="7.3151221">
	<ele>245.15</ele>
	<time>1970-01-01T05:13:43.870Z</time>
</trkpt>
<trkpt lat="47.7214394" lon="7.3146410">
	<ele>245.09</ele>
	<time>1970-01-01T05:13:59.419Z</time>
</trkpt>
<trkpt lat="47.7211494" lon="7.3144069">
	<ele>245.40</ele>
	<time>1970-01-01T05:14:07.290Z</time>
</trkpt>
<trkpt lat="47.7207947" lon="7.3141780">
	<ele>245.79</ele>
	<time>1970-01-01T05:14:16.234Z</time>
</trkpt>
<trkpt lat="47.7204781" lon="7.3140259">
	<ele>244.82</ele>
	<time>1970-01-01T05:14:22.595Z</time>
</trkpt>
<trkpt lat="47.7203674" lon="7.3139629">
	<ele>245.49</ele>
	<time>1970-01-01T05:14:24.816Z</time>
</trkpt>
<trkpt lat="47.7203293" lon="7.3138952">
	<ele>246.11</ele>
	<time>1970-01-01T05:14:25.839Z</time>
</trkpt>
<trkpt lat="47.7197838" lon="7.3137031">
	<ele>245.28</ele>
	<time>1970-01-01T05:14:35.832Z</time>
</trkpt>
<trkpt lat="47.7191200" lon="7.3135529">
	<ele>246.08</ele>
	<time>1970-01-01T05:14:48.137Z</time>
</trkpt>
<trkpt lat="47.7189178" lon="7.3135328">
	<ele>246.91</ele>
	<time>1970-01-01T05:14:51.937Z</time>
</trkpt>
<trkpt lat="47.7188721" lon="7.3135381">
	<ele>247.09</ele>
	<time>1970-01-01T05:14:52.822Z</time>
</trkpt>
<trkpt lat="47.7187920" lon="7.3135352">
	<ele>247.48</ele>
	<time>1970-01-01T05:14:54.409Z</time>
</trkpt>
<trkpt lat="47.7178268" lon="7.3132138">
	<ele>247.50</ele>
	<time>1970-01-01T05:15:15.040Z</time>
</trkpt>
<trkpt lat="47.7161255" lon="7.3127079">
	<ele>246.76</ele>
	<time>1970-01-01T05:15:50.298Z</time>
</trkpt>
<trkpt lat="47.7145844" lon="7.3122659">
	<ele>247.64</ele>
	<time>1970-01-01T05:16:16.456Z</time>
</trkpt>
<trkpt lat="47.7121735" lon="7.3115592">
	<ele>246.93</ele>
	<time>1970-01-01T05:17:10.887Z</time>
</trkpt>
<trkpt lat="47.7115059" lon="7.3113718">
	<ele>247.99</ele>
	<time>1970-01-01T05:17:25.945Z</time>
</trkpt>
<trkpt lat="47.7108650" lon="7.3112249">
	<ele>248.07</ele>
	<time>1970-01-01T05:17:39.650Z</time>
</trkpt>
<trkpt lat="47.7106667" lon="7.3111649">
	<ele>250.21</ele>
	<time>1970-01-01T05:17:43.889Z</time>
</trkpt>
<trkpt lat="47.7106361" lon="7.3111830">
	<ele>250.42</ele>
	<time>1970-01-01T05:17:44.646Z</time>
</trkpt>
<trkpt lat="47.7106285" lon="7.3112578">
	<ele>250.03</ele>
	<time>1970-01-01T05:17:45.855Z</time>
</trkpt>
<trkpt lat="47.7106094" lon="7.3114309">
	<ele>249.51</ele>
	<time>1970-01-01T05:17:48.430Z</time>
</trkpt>
<trkpt lat="47.7105904" lon="7.3115058">
	<ele>249.73</ele>
	<time>1970-01-01T05:17:49.684Z</time>
</trkpt>
<trkpt lat="47.7105713" lon="7.3115468">
	<ele>249.88</ele>
	<time>1970-01-01T05:17:50.510Z</time>
</trkpt>
<trkpt lat="47.7105255" lon="7.3115339">
	<ele>250.03</ele>
	<time>1970-01-01T05:17:51.534Z</time>
</trkpt>
<trkpt lat="47.7103882" lon="7.3114238">
	<ele>250.09</ele>
	<time>1970-01-01T05:17:54.940Z</time>
</trkpt>
<trkpt lat="47.7102242" lon="7.3113632">
	<ele>250.07</ele>
	<time>1970-01-01T05:17:58.880Z</time>
</trkpt>
<trkpt lat="47.7099457" lon="7.3113122">
	<ele>249.84</ele>
	<time>1970-01-01T05:18:05.394Z</time>
</trkpt>
<trkpt lat="47.7070236" lon="7.3104920">
	<ele>250.00</ele>
	<time>1970-01-01T05:19:00.466Z</time>
</trkpt>
<trkpt lat="47.7058601" lon="7.3101501">
	<ele>250.03</ele>
	<time>1970-01-01T05:19:23.370Z</time>
</trkpt>
<trkpt lat="47.7057495" lon="7.3101029">
	<ele>250.16</ele>
	<time>1970-01-01T05:19:25.580Z</time>
</trkpt>
<trkpt lat="47.7056847" lon="7.3100538">
	<ele>250.11</ele>
	<time>1970-01-01T05:19:26.937Z</time>
</trkpt>
<trkpt lat="47.7056389" lon="7.3099899">
	<ele>249.99</ele>
	<time>1970-01-01T05:19:28.123Z</time>
</trkpt>
<trkpt lat="47.7021942" lon="7.3042679">
	<ele>250.34</ele>
	<time>1970-01-01T05:21:12.857Z</time>
</trkpt>
<trkpt lat="47.7011948" lon="7.3026128">
	<ele>250.73</ele>
	<time>1970-01-01T05:21:47.119Z</time>
</trkpt>
<trkpt lat="47.7001991" lon="7.3009501">
	<ele>250.53</ele>
	<time>1970-01-01T05:22:11.781Z</time>
</trkpt>
<trkpt lat="47.6990585" lon="7.2990112">
	<ele>250.85</ele>
	<time>1970-01-01T05:22:47.436Z</time>
</trkpt>
<trkpt lat="47.6989937" lon="7.2989311">
	<ele>251.35</ele>
	<time>1970-01-01T05:22:48.987Z</time>
</trkpt>
<trkpt lat="47.6984749" lon="7.2980828">
	<ele>250.44</ele>
	<time>1970-01-01T05:23:11.376Z</time>
</trkpt>
<trkpt lat="47.6981201" lon="7.2974620">
	<ele>251.03</ele>
	<time>1970-01-01T05:23:23.293Z</time>
</trkpt>
<trkpt lat="47.6978416" lon="7.2970061">
	<ele>251.96</ele>
	<time>1970-01-01T05:23:31.705Z</time>
</trkpt>
<trkpt lat="47.6977348" lon="7.2967868">
	<ele>252.04</ele>
	<time>1970-01-01T05:23:35.268Z</time>
</trkpt>
<trkpt lat="47.6975365" lon="7.2962050">
	<ele>251.94</ele>
	<time>1970-01-01T05:23:42.583Z</time>
</trkpt>
<trkpt lat="47.6974487" lon="7.2958798">
	<ele>252.07</ele>
	<time>1970-01-01T05:23:46.382Z</time>
</trkpt>
<trkpt lat="47.6973877" lon="7.2955828">
	<ele>251.71</ele>
	<time>1970-01-01T05:23:49.839Z</time>
</trkpt>
<trkpt lat="47.6973343" lon="7.2952542">
	<ele>251.43</ele>
	<time>1970-01-01T05:23:53.912Z</time>
</trkpt>
<trkpt lat="47.6972580" lon="7.2945380">
	<ele>251.84</ele>
	<time>1970-01-01T05:24:02.336Z</time>
</trkpt>
<trkpt lat="47.6971664" lon="7.2938390">
	<ele>251.83</ele>
	<time>1970-01-01T05:24:10.418Z</time>
</trkpt>
<trkpt lat="47.6971092" lon="7.2933698">
	<ele>252.09</ele>
	<time>1970-01-01T05:24:15.515Z</time>
</trkpt>
<trkpt lat="47.6970367" lon="7.2928848">
	<ele>252.04</ele>
	<time>1970-01-01T05:24:20.735Z</time>
</trkpt>
<trkpt lat="47.6968689" lon="7.2918668">
	<ele>252.13</ele>
	<time>1970-01-01T05:24:32.178Z</time>
</trkpt>
<trkpt lat="47.6967964" lon="7.2915702">
	<ele>252.04</ele>
	<time>1970-01-01T05:24:36.085Z</time>
</trkpt>
<trkpt lat="47.6967468" lon="7.2914071">
	<ele>252.05</ele>
	<time>1970-01-01T05:24:38.211Z</time>
</trkpt>
<trkpt lat="47.6966362" lon="7.2911530">
	<ele>251.99</ele>
	<time>1970-01-01T05:24:41.985Z</time>
</trkpt>
<trkpt lat="47.6965027" lon="7.2908950">
	<ele>252.62</ele>
	<time>1970-01-01T05:24:46.103Z</time>
</trkpt>
<trkpt lat="47.6954117" lon="7.2891078">
	<ele>252.11</ele>
	<time>1970-01-01T05:25:26.388Z</time>
</trkpt>
<trkpt lat="47.6943092" lon="7.2873559">
	<ele>252.32</ele>
	<time>1970-01-01T05:25:55.040Z</time>
</trkpt>
<trkpt lat="47.6938286" lon="7.2869229">
	<ele>253.05</ele>
	<time>1970-01-01T05:26:04.035Z</time>
</trkpt>
<trkpt lat="47.6934891" lon="7.2865310">
	<ele>252.63</ele>
	<time>1970-01-01T05:26:11.354Z</time>
</trkpt>
<trkpt lat="47.6931953" lon="7.2862368">
	<ele>253.36</ele>
	<time>1970-01-01T05:26:20.038Z</time>
</trkpt>
<trkpt lat="47.6930389" lon="7.2860422">
	<ele>253.64</ele>
	<time>1970-01-01T05:26:26.490Z</time>
</trkpt>
<trkpt lat="47.6929741" lon="7.2859449">
	<ele>253.32</ele>
	<time>1970-01-01T05:26:29.437Z</time>
</trkpt>
<trkpt lat="47.6929054" lon="7.2858238">
	<ele>253.44</ele>
	<time>1970-01-01T05:26:33.209Z</time>
</trkpt>
<trkpt lat="47.6928253" lon="7.2856011">
	<ele>254.65</ele>
	<time>1970-01-01T05:26:39.032Z</time>
</trkpt>
<trkpt lat="47.6927605" lon="7.2853279">
	<ele>253.44</ele>
	<time>1970-01-01T05:26:45.468Z</time>
</trkpt>
<trkpt lat="47.6926613" lon="7.2848020">
	<ele>252.90</ele>
	<time>1970-01-01T05:26:55.288Z</time>
</trkpt>
<trkpt lat="47.6926079" lon="7.2846379">
	<ele>253.14</ele>
	<time>1970-01-01T05:26:58.161Z</time>
</trkpt>
<trkpt lat="47.6925278" lon="7.2844691">
	<ele>253.90</ele>
	<time>1970-01-01T05:27:01.350Z</time>
</trkpt>
<trkpt lat="47.6923904" lon="7.2842641">
	<ele>253.75</ele>
	<time>1970-01-01T05:27:05.601Z</time>
</trkpt>
<trkpt lat="47.6922951" lon="7.2840810">
	<ele>254.85</ele>
	<time>1970-01-01T05:27:08.801Z</time>
</trkpt>
<trkpt lat="47.6921234" lon="7.2838449">
	<ele>254.76</ele>
	<time>1970-01-01T05:27:13.583Z</time>
</trkpt>
<trkpt lat="47.6914749" lon="7.2831340">
	<ele>255.37</ele>
	<time>1970-01-01T05:27:27.486Z</time>
</trkpt>
<trkpt lat="47.6910782" lon="7.2827668">
	<ele>255.88</ele>
	<time>1970-01-01T05:27:36.302Z</time>
</trkpt>
<trkpt lat="47.6907005" lon="7.2824478">
	<ele>255.04</ele>
	<time>1970-01-01T05:27:46.054Z</time>
</trkpt>
<trkpt lat="47.6904678" lon="7.2822871">
	<ele>255.25</ele>
	<time>1970-01-01T05:27:53.448Z</time>
</trkpt>
<trkpt lat="47.6890106" lon="7.2814579">
	<ele>255.48</ele>
	<time>1970-01-01T05:28:25.734Z</time>
</trkpt>
<trkpt lat="47.6879196" lon="7.2807570">
	<ele>254.47</ele>
	<time>1970-01-01T05:28:48.264Z</time>
</trkpt>
<trkpt lat="47.6876106" lon="7.2805042">
	<ele>254.59</ele>
	<time>1970-01-01T05:28:59.297Z</time>
</trkpt>
<trkpt lat="47.6872330" lon="7.2801261">
	<ele>254.84</ele>
	<time>1970-01-01T05:29:09.258Z</time>
</trkpt>
<trkpt lat="47.6869583" lon="7.2798352">
	<ele>255.53</ele>
	<time>1970-01-01T05:29:16.359Z</time>
</trkpt>
<trkpt lat="47.6865196" lon="7.2792940">
	<ele>255.68</ele>
	<time>1970-01-01T05:29:25.753Z</time>
</trkpt>
<trkpt lat="47.6848984" lon="7.2768378">
	<ele>256.31</ele>
	<time>1970-01-01T05:30:05.496Z</time>
</trkpt>
<trkpt lat="47.6842880" lon="7.2758889">
	<ele>256.05</ele>
	<time>1970-01-01T05:30:22.409Z</time>
</trkpt>
<trkpt lat="47.6837120" lon="7.2749572">
	<ele>256.77</ele>
	<time>1970-01-01T05:30:37.148Z</time>
</trkpt>
<trkpt lat="47.6835365" lon="7.2746301">
	<ele>257.56</ele>
	<time>1970-01-01T05:30:41.608Z</time>
</trkpt>
<trkpt lat="47.6833839" lon="7.2743711">
	<ele>257.05</ele>
	<time>1970-01-01T05:30:45.091Z</time>
</trkpt>
<trkpt lat="47.6832657" lon="7.2742372">
	<ele>256.96</ele>
	<time>1970-01-01T05:30:47.601Z</time>
</trkpt>
<trkpt lat="47.6826591" lon="7.2733641">
	<ele>256.90</ele>
	<time>1970-01-01T05:31:11.549Z</time>
</trkpt>
<trkpt lat="47.6824684" lon="7.2730670">
	<ele>257.96</ele>
	<time>1970-01-01T05:31:17.994Z</time>
</trkpt>
<trkpt lat="47.6808701" lon="7.2706180">
	<ele>257.97</ele>
	<time>1970-01-01T05:32:01.464Z</time>
</trkpt>
<trkpt lat="47.6798973" lon="7.2691798">
	<ele>257.29</ele>
	<time>1970-01-01T05:32:32.100Z</time>
</trkpt>
<trkpt lat="47.6778793" lon="7.2661228">
	<ele>257.63</ele>
	<time>1970-01-01T05:33:18.938Z</time>
</trkpt>
<trkpt lat="47.6766701" lon="7.2642488">
	<ele>258.32</ele>
	<time>1970-01-01T05:33:55.441Z</time>
</trkpt>
<trkpt lat="47.6758881" lon="7.2630820">
	<ele>258.74</ele>
	<time>1970-01-01T05:34:14.144Z</time>
</trkpt>
<trkpt lat="47.6752434" lon="7.2620769">
	<ele>258.49</ele>
	<time>1970-01-01T05:34:30.323Z</time>
</trkpt>
<trkpt lat="47.6750832" lon="7.2617202">
	<ele>260.64</ele>
	<time>1970-01-01T05:34:36.489Z</time>
</trkpt>
<trkpt lat="47.6749573" lon="7.2614942">
	<ele>258.84</ele>
	<time>1970-01-01T05:34:40.585Z</time>
</trkpt>
<trkpt lat="47.6748009" lon="7.2612772">
	<ele>258.95</ele>
	<time>1970-01-01T05:34:44.954Z</time>
</trkpt>
<trkpt lat="47.6738625" lon="7.2602139">
	<ele>259.65</ele>
	<time>1970-01-01T05:35:09.630Z</time>
</trkpt>
<trkpt lat="47.6738472" lon="7.2601738">
	<ele>259.24</ele>
	<time>1970-01-01T05:35:10.161Z</time>
</trkpt>
</trkseg>
</trk>
</gpx>
