<?xml version="1.0" encoding="utf-8" standalone="yes"?>
<gpx version="1.1" creator="Locus Map, Android"
 xmlns="http://www.topografix.com/GPX/1/1"
 xmlns:xsi="http://www.w3.org/2001/XMLSchema-instance"
 xsi:schemaLocation="http://www.topografix.com/GPX/1/1 http://www.topografix.com/GPX/1/1/gpx.xsd"
 xmlns:gpxx="http://www.garmin.com/xmlschemas/GpxExtensions/v3"
 xmlns:gpxtrkx="http://www.garmin.com/xmlschemas/TrackStatsExtension/v1"
 xmlns:gpxtpx="http://www.garmin.com/xmlschemas/TrackPointExtension/v2"
 xmlns:locus="https://www.locusmap.app">
	<metadata>
		<desc>File with points/tracks from Locus Map/4.35.0</desc>
		<time>2026-08-17T10:05:19.817Z</time>
	</metadata>
<trk>
	<name>EuroVelo6.03.Frankreich.BuethwillerOrbey.Connector</name>
	<extensions>
		<line xmlns="http://www.topografix.com/GPX/gpx_style/0/2">
			<color>D700D7</color>
			<opacity>0.70</opacity>
			<width>5.0</width>
			<extensions>
				<locus:lsColorBase>#B3D700D7</locus:lsColorBase>
				<locus:lsSymbol>ARROW_2</locus:lsSymbol>
				<locus:lsColorSymbol>#FFFFFFFF</locus:lsColorSymbol>
				<locus:lsWidth>5.0</locus:lsWidth>
				<locus:lsUnits>PIXELS</locus:lsUnits>
				<locus:lsColorOutline>#FFD700D7</locus:lsColorOutline>
			</extensions>
		</line>
		<locus:activity>cycling</locus:activity>
		<locus:rteComputeType>103</locus:rteComputeType>
	</extensions>
<trkseg>
<trkpt lat="47.6537285" lon="7.1600928">
	<ele>281.57</ele>
	<time>1970-01-01T00:00:00.000Z</time>
</trkpt>
<trkpt lat="47.6537895" lon="7.1600370">
	<ele>283.23</ele>
	<time>1970-01-01T00:00:01.337Z</time>
</trkpt>
<trkpt lat="47.6538353" lon="7.1599970">
	<ele>284.30</ele>
	<time>1970-01-01T00:00:02.339Z</time>
</trkpt>
<trkpt lat="47.6542473" lon="7.1597438">
	<ele>283.28</ele>
	<time>1970-01-01T00:00:10.694Z</time>
</trkpt>
<trkpt lat="47.6543999" lon="7.1596608">
	<ele>281.43</ele>
	<time>1970-01-01T00:00:13.523Z</time>
</trkpt>
<trkpt lat="47.6545982" lon="7.1595540">
	<ele>281.34</ele>
	<time>1970-01-01T00:00:16.783Z</time>
</trkpt>
<trkpt lat="47.6565628" lon="7.1584792">
	<ele>282.14</ele>
	<time>1970-01-01T00:00:52.585Z</time>
</trkpt>
<trkpt lat="47.6576538" lon="7.1578889">
	<ele>282.50</ele>
	<time>1970-01-01T00:01:10.380Z</time>
</trkpt>
<trkpt lat="47.6578484" lon="7.1578040">
	<ele>283.00</ele>
	<time>1970-01-01T00:01:13.954Z</time>
</trkpt>
<trkpt lat="47.6580162" lon="7.1577621">
	<ele>283.03</ele>
	<time>1970-01-01T00:01:17.473Z</time>
</trkpt>
<trkpt lat="47.6582031" lon="7.1577401">
	<ele>282.98</ele>
	<time>1970-01-01T00:01:21.539Z</time>
</trkpt>
<trkpt lat="47.6583519" lon="7.1577368">
	<ele>283.08</ele>
	<time>1970-01-01T00:01:24.963Z</time>
</trkpt>
<trkpt lat="47.6585503" lon="7.1577549">
	<ele>283.86</ele>
	<time>1970-01-01T00:01:29.531Z</time>
</trkpt>
<trkpt lat="47.6586533" lon="7.1577778">
	<ele>284.05</ele>
	<time>1970-01-01T00:01:32.104Z</time>
</trkpt>
<trkpt lat="47.6587372" lon="7.1578050">
	<ele>284.00</ele>
	<time>1970-01-01T00:01:34.193Z</time>
</trkpt>
<trkpt lat="47.6589394" lon="7.1578970">
	<ele>283.64</ele>
	<time>1970-01-01T00:01:39.141Z</time>
</trkpt>
<trkpt lat="47.6590309" lon="7.1579518">
	<ele>283.70</ele>
	<time>1970-01-01T00:01:41.414Z</time>
</trkpt>
<trkpt lat="47.6592522" lon="7.1581130">
	<ele>283.90</ele>
	<time>1970-01-01T00:01:46.791Z</time>
</trkpt>
<trkpt lat="47.6593857" lon="7.1582308">
	<ele>283.80</ele>
	<time>1970-01-01T00:01:50.279Z</time>
</trkpt>
<trkpt lat="47.6594543" lon="7.1583080">
	<ele>284.03</ele>
	<time>1970-01-01T00:01:52.277Z</time>
</trkpt>
<trkpt lat="47.6595306" lon="7.1584029">
	<ele>284.38</ele>
	<time>1970-01-01T00:01:54.586Z</time>
</trkpt>
<trkpt lat="47.6596565" lon="7.1585898">
	<ele>284.87</ele>
	<time>1970-01-01T00:01:58.648Z</time>
</trkpt>
<trkpt lat="47.6614685" lon="7.1616449">
	<ele>282.08</ele>
	<time>1970-01-01T00:02:43.263Z</time>
</trkpt>
<trkpt lat="47.6619492" lon="7.1624632">
	<ele>281.10</ele>
	<time>1970-01-01T00:02:55.454Z</time>
</trkpt>
<trkpt lat="47.6620560" lon="7.1626172">
	<ele>281.21</ele>
	<time>1970-01-01T00:02:58.121Z</time>
</trkpt>
<trkpt lat="47.6621399" lon="7.1627250">
	<ele>281.06</ele>
	<time>1970-01-01T00:03:00.019Z</time>
</trkpt>
<trkpt lat="47.6622734" lon="7.1628599">
	<ele>281.06</ele>
	<time>1970-01-01T00:03:03.071Z</time>
</trkpt>
<trkpt lat="47.6625214" lon="7.1630340">
	<ele>281.04</ele>
	<time>1970-01-01T00:03:08.790Z</time>
</trkpt>
<trkpt lat="47.6632538" lon="7.1634622">
	<ele>280.92</ele>
	<time>1970-01-01T00:03:27.919Z</time>
</trkpt>
<trkpt lat="47.6634064" lon="7.1635518">
	<ele>280.80</ele>
	<time>1970-01-01T00:03:31.645Z</time>
</trkpt>
<trkpt lat="47.6635094" lon="7.1636190">
	<ele>280.26</ele>
	<time>1970-01-01T00:03:34.252Z</time>
</trkpt>
<trkpt lat="47.6635628" lon="7.1636510">
	<ele>280.08</ele>
	<time>1970-01-01T00:03:35.436Z</time>
</trkpt>
<trkpt lat="47.6638985" lon="7.1638560">
	<ele>279.05</ele>
	<time>1970-01-01T00:03:43.248Z</time>
</trkpt>
<trkpt lat="47.6640244" lon="7.1639762">
	<ele>279.43</ele>
	<time>1970-01-01T00:03:46.196Z</time>
</trkpt>
<trkpt lat="47.6640778" lon="7.1640520">
	<ele>279.55</ele>
	<time>1970-01-01T00:03:47.654Z</time>
</trkpt>
<trkpt lat="47.6641121" lon="7.1641212">
	<ele>279.35</ele>
	<time>1970-01-01T00:03:48.921Z</time>
</trkpt>
<trkpt lat="47.6641769" lon="7.1642742">
	<ele>278.51</ele>
	<time>1970-01-01T00:03:50.976Z</time>
</trkpt>
<trkpt lat="47.6641998" lon="7.1643610">
	<ele>278.14</ele>
	<time>1970-01-01T00:03:51.960Z</time>
</trkpt>
<trkpt lat="47.6642761" lon="7.1647329">
	<ele>278.93</ele>
	<time>1970-01-01T00:03:55.121Z</time>
</trkpt>
<trkpt lat="47.6644020" lon="7.1652999">
	<ele>278.10</ele>
	<time>1970-01-01T00:03:59.823Z</time>
</trkpt>
<trkpt lat="47.6644554" lon="7.1654510">
	<ele>277.99</ele>
	<time>1970-01-01T00:04:01.259Z</time>
</trkpt>
<trkpt lat="47.6644897" lon="7.1655130">
	<ele>278.00</ele>
	<time>1970-01-01T00:04:01.942Z</time>
</trkpt>
<trkpt lat="47.6645279" lon="7.1655641">
	<ele>278.03</ele>
	<time>1970-01-01T00:04:02.639Z</time>
</trkpt>
<trkpt lat="47.6645813" lon="7.1656079">
	<ele>278.07</ele>
	<time>1970-01-01T00:04:03.467Z</time>
</trkpt>
<trkpt lat="47.6647301" lon="7.1657038">
	<ele>277.98</ele>
	<time>1970-01-01T00:04:05.571Z</time>
</trkpt>
<trkpt lat="47.6648407" lon="7.1657739">
	<ele>277.56</ele>
	<time>1970-01-01T00:04:07.160Z</time>
</trkpt>
<trkpt lat="47.6650581" lon="7.1658812">
	<ele>277.08</ele>
	<time>1970-01-01T00:04:10.342Z</time>
</trkpt>
<trkpt lat="47.6652374" lon="7.1659422">
	<ele>277.43</ele>
	<time>1970-01-01T00:04:12.935Z</time>
</trkpt>
<trkpt lat="47.6657753" lon="7.1660228">
	<ele>275.93</ele>
	<time>1970-01-01T00:04:20.094Z</time>
</trkpt>
<trkpt lat="47.6659241" lon="7.1660452">
	<ele>276.39</ele>
	<time>1970-01-01T00:04:22.223Z</time>
</trkpt>
<trkpt lat="47.6663055" lon="7.1661010">
	<ele>278.15</ele>
	<time>1970-01-01T00:04:27.269Z</time>
</trkpt>
<trkpt lat="47.6664391" lon="7.1661429">
	<ele>277.80</ele>
	<time>1970-01-01T00:04:29.083Z</time>
</trkpt>
<trkpt lat="47.6665382" lon="7.1662021">
	<ele>277.30</ele>
	<time>1970-01-01T00:04:30.588Z</time>
</trkpt>
<trkpt lat="47.6666222" lon="7.1662698">
	<ele>277.01</ele>
	<time>1970-01-01T00:04:32.006Z</time>
</trkpt>
<trkpt lat="47.6666985" lon="7.1663618">
	<ele>277.07</ele>
	<time>1970-01-01T00:04:33.543Z</time>
</trkpt>
<trkpt lat="47.6667595" lon="7.1664500">
	<ele>277.33</ele>
	<time>1970-01-01T00:04:34.901Z</time>
</trkpt>
<trkpt lat="47.6669159" lon="7.1667461">
	<ele>277.74</ele>
	<time>1970-01-01T00:04:40.028Z</time>
</trkpt>
<trkpt lat="47.6672096" lon="7.1672988">
	<ele>277.79</ele>
	<time>1970-01-01T00:04:52.420Z</time>
</trkpt>
<trkpt lat="47.6673698" lon="7.1676068">
	<ele>277.42</ele>
	<time>1970-01-01T00:04:59.251Z</time>
</trkpt>
<trkpt lat="47.6674538" lon="7.1677618">
	<ele>277.82</ele>
	<time>1970-01-01T00:05:02.773Z</time>
</trkpt>
<trkpt lat="47.6675415" lon="7.1678972">
	<ele>278.10</ele>
	<time>1970-01-01T00:05:06.125Z</time>
</trkpt>
<trkpt lat="47.6676025" lon="7.1679678">
	<ele>278.11</ele>
	<time>1970-01-01T00:05:08.341Z</time>
</trkpt>
<trkpt lat="47.6677399" lon="7.1681042">
	<ele>277.91</ele>
	<time>1970-01-01T00:05:12.841Z</time>
</trkpt>
<trkpt lat="47.6678429" lon="7.1681890">
	<ele>278.10</ele>
	<time>1970-01-01T00:05:16.116Z</time>
</trkpt>
<trkpt lat="47.6679649" lon="7.1682668">
	<ele>278.68</ele>
	<time>1970-01-01T00:05:19.939Z</time>
</trkpt>
<trkpt lat="47.6680450" lon="7.1682930">
	<ele>278.97</ele>
	<time>1970-01-01T00:05:22.275Z</time>
</trkpt>
<trkpt lat="47.6682243" lon="7.1682949">
	<ele>279.00</ele>
	<time>1970-01-01T00:05:27.816Z</time>
</trkpt>
<trkpt lat="47.6685028" lon="7.1682029">
	<ele>279.70</ele>
	<time>1970-01-01T00:05:36.720Z</time>
</trkpt>
<trkpt lat="47.6686058" lon="7.1681571">
	<ele>279.92</ele>
	<time>1970-01-01T00:05:39.745Z</time>
</trkpt>
<trkpt lat="47.6687088" lon="7.1681161">
	<ele>279.97</ele>
	<time>1970-01-01T00:05:42.828Z</time>
</trkpt>
<trkpt lat="47.6692162" lon="7.1679111">
	<ele>280.96</ele>
	<time>1970-01-01T00:05:56.960Z</time>
</trkpt>
<trkpt lat="47.6696129" lon="7.1677370">
	<ele>280.04</ele>
	<time>1970-01-01T00:06:04.972Z</time>
</trkpt>
<trkpt lat="47.6699829" lon="7.1675582">
	<ele>278.96</ele>
	<time>1970-01-01T00:06:10.947Z</time>
</trkpt>
<trkpt lat="47.6705856" lon="7.1672502">
	<ele>278.92</ele>
	<time>1970-01-01T00:06:19.924Z</time>
</trkpt>
<trkpt lat="47.6710167" lon="7.1669788">
	<ele>280.01</ele>
	<time>1970-01-01T00:06:27.725Z</time>
</trkpt>
<trkpt lat="47.6713676" lon="7.1667552">
	<ele>279.63</ele>
	<time>1970-01-01T00:06:35.219Z</time>
</trkpt>
<trkpt lat="47.6714363" lon="7.1667118">
	<ele>279.91</ele>
	<time>1970-01-01T00:06:36.599Z</time>
</trkpt>
<trkpt lat="47.6719131" lon="7.1664062">
	<ele>280.00</ele>
	<time>1970-01-01T00:06:47.057Z</time>
</trkpt>
<trkpt lat="47.6719398" lon="7.1663890">
	<ele>280.00</ele>
	<time>1970-01-01T00:06:47.586Z</time>
</trkpt>
<trkpt lat="47.6731682" lon="7.1655850">
	<ele>282.03</ele>
	<time>1970-01-01T00:07:23.208Z</time>
</trkpt>
<trkpt lat="47.6735268" lon="7.1653461">
	<ele>282.62</ele>
	<time>1970-01-01T00:07:34.280Z</time>
</trkpt>
<trkpt lat="47.6738739" lon="7.1651149">
	<ele>283.32</ele>
	<time>1970-01-01T00:07:46.653Z</time>
</trkpt>
<trkpt lat="47.6739922" lon="7.1650600">
	<ele>283.46</ele>
	<time>1970-01-01T00:07:50.650Z</time>
</trkpt>
<trkpt lat="47.6743698" lon="7.1648188">
	<ele>283.86</ele>
	<time>1970-01-01T00:08:02.174Z</time>
</trkpt>
<trkpt lat="47.6745377" lon="7.1647239">
	<ele>284.04</ele>
	<time>1970-01-01T00:08:06.360Z</time>
</trkpt>
<trkpt lat="47.6747704" lon="7.1645689">
	<ele>284.12</ele>
	<time>1970-01-01T00:08:11.472Z</time>
</trkpt>
<trkpt lat="47.6755905" lon="7.1641312">
	<ele>285.08</ele>
	<time>1970-01-01T00:08:28.164Z</time>
</trkpt>
<trkpt lat="47.6758995" lon="7.1639891">
	<ele>286.11</ele>
	<time>1970-01-01T00:08:34.632Z</time>
</trkpt>
<trkpt lat="47.6760864" lon="7.1638880">
	<ele>285.97</ele>
	<time>1970-01-01T00:08:38.512Z</time>
</trkpt>
<trkpt lat="47.6764717" lon="7.1636472">
	<ele>287.24</ele>
	<time>1970-01-01T00:08:47.640Z</time>
</trkpt>
<trkpt lat="47.6767349" lon="7.1634598">
	<ele>288.14</ele>
	<time>1970-01-01T00:08:54.943Z</time>
</trkpt>
<trkpt lat="47.6769218" lon="7.1633191">
	<ele>287.95</ele>
	<time>1970-01-01T00:09:00.676Z</time>
</trkpt>
<trkpt lat="47.6780128" lon="7.1625729">
	<ele>291.35</ele>
	<time>1970-01-01T00:09:30.116Z</time>
</trkpt>
<trkpt lat="47.6782875" lon="7.1623969">
	<ele>291.99</ele>
	<time>1970-01-01T00:09:38.917Z</time>
</trkpt>
<trkpt lat="47.6786423" lon="7.1622372">
	<ele>292.98</ele>
	<time>1970-01-01T00:09:50.771Z</time>
</trkpt>
<trkpt lat="47.6788216" lon="7.1621938">
	<ele>293.00</ele>
	<time>1970-01-01T00:09:56.443Z</time>
</trkpt>
<trkpt lat="47.6789932" lon="7.1621699">
	<ele>293.56</ele>
	<time>1970-01-01T00:10:01.999Z</time>
</trkpt>
<trkpt lat="47.6791649" lon="7.1621628">
	<ele>294.28</ele>
	<time>1970-01-01T00:10:07.705Z</time>
</trkpt>
<trkpt lat="47.6793671" lon="7.1621790">
	<ele>294.15</ele>
	<time>1970-01-01T00:10:14.406Z</time>
</trkpt>
<trkpt lat="47.6795883" lon="7.1622152">
	<ele>294.47</ele>
	<time>1970-01-01T00:10:21.995Z</time>
</trkpt>
<trkpt lat="47.6806221" lon="7.1625128">
	<ele>294.98</ele>
	<time>1970-01-01T00:10:47.738Z</time>
</trkpt>
<trkpt lat="47.6809692" lon="7.1625810">
	<ele>294.87</ele>
	<time>1970-01-01T00:10:54.660Z</time>
</trkpt>
<trkpt lat="47.6811371" lon="7.1626048">
	<ele>294.97</ele>
	<time>1970-01-01T00:11:01.167Z</time>
</trkpt>
<trkpt lat="47.6814575" lon="7.1626248">
	<ele>295.62</ele>
	<time>1970-01-01T00:11:11.729Z</time>
</trkpt>
<trkpt lat="47.6838150" lon="7.1626258">
	<ele>297.75</ele>
	<time>1970-01-01T00:12:10.409Z</time>
</trkpt>
<trkpt lat="47.6839104" lon="7.1626248">
	<ele>297.93</ele>
	<time>1970-01-01T00:12:12.176Z</time>
</trkpt>
<trkpt lat="47.6846237" lon="7.1626201">
	<ele>298.44</ele>
	<time>1970-01-01T00:12:29.006Z</time>
</trkpt>
<trkpt lat="47.6848488" lon="7.1625881">
	<ele>298.64</ele>
	<time>1970-01-01T00:12:34.454Z</time>
</trkpt>
<trkpt lat="47.6849747" lon="7.1625619">
	<ele>299.02</ele>
	<time>1970-01-01T00:12:37.562Z</time>
</trkpt>
<trkpt lat="47.6850777" lon="7.1625290">
	<ele>299.33</ele>
	<time>1970-01-01T00:12:40.312Z</time>
</trkpt>
<trkpt lat="47.6852722" lon="7.1624408">
	<ele>300.01</ele>
	<time>1970-01-01T00:12:45.992Z</time>
</trkpt>
<trkpt lat="47.6855583" lon="7.1622672">
	<ele>299.99</ele>
	<time>1970-01-01T00:12:54.091Z</time>
</trkpt>
<trkpt lat="47.6867256" lon="7.1614270">
	<ele>302.05</ele>
	<time>1970-01-01T00:13:30.631Z</time>
</trkpt>
<trkpt lat="47.6869431" lon="7.1613660">
	<ele>302.01</ele>
	<time>1970-01-01T00:13:35.875Z</time>
</trkpt>
<trkpt lat="47.6869736" lon="7.1613841">
	<ele>302.07</ele>
	<time>1970-01-01T00:13:36.688Z</time>
</trkpt>
<trkpt lat="47.6870079" lon="7.1613870">
	<ele>302.20</ele>
	<time>1970-01-01T00:13:37.494Z</time>
</trkpt>
<trkpt lat="47.6870384" lon="7.1613731">
	<ele>302.35</ele>
	<time>1970-01-01T00:13:38.295Z</time>
</trkpt>
<trkpt lat="47.6870689" lon="7.1613402">
	<ele>302.53</ele>
	<time>1970-01-01T00:13:39.090Z</time>
</trkpt>
<trkpt lat="47.6870880" lon="7.1612921">
	<ele>302.72</ele>
	<time>1970-01-01T00:13:39.879Z</time>
</trkpt>
<trkpt lat="47.6871452" lon="7.1612110">
	<ele>303.01</ele>
	<time>1970-01-01T00:13:41.760Z</time>
</trkpt>
<trkpt lat="47.6872902" lon="7.1610742">
	<ele>302.81</ele>
	<time>1970-01-01T00:13:45.616Z</time>
</trkpt>
<trkpt lat="47.6877251" lon="7.1608348">
	<ele>303.06</ele>
	<time>1970-01-01T00:13:54.378Z</time>
</trkpt>
<trkpt lat="47.6883812" lon="7.1605659">
	<ele>302.99</ele>
	<time>1970-01-01T00:14:06.671Z</time>
</trkpt>
<trkpt lat="47.6893921" lon="7.1602969">
	<ele>302.14</ele>
	<time>1970-01-01T00:14:26.253Z</time>
</trkpt>
<trkpt lat="47.6908722" lon="7.1599369">
	<ele>301.89</ele>
	<time>1970-01-01T00:14:47.081Z</time>
</trkpt>
<trkpt lat="47.6921654" lon="7.1596680">
	<ele>301.02</ele>
	<time>1970-01-01T00:15:16.398Z</time>
</trkpt>
<trkpt lat="47.6924400" lon="7.1596112">
	<ele>302.05</ele>
	<time>1970-01-01T00:15:22.683Z</time>
</trkpt>
<trkpt lat="47.6928406" lon="7.1595979">
	<ele>302.77</ele>
	<time>1970-01-01T00:15:31.262Z</time>
</trkpt>
<trkpt lat="47.6945076" lon="7.1598978">
	<ele>301.51</ele>
	<time>1970-01-01T00:15:58.599Z</time>
</trkpt>
<trkpt lat="47.6952553" lon="7.1600542">
	<ele>302.97</ele>
	<time>1970-01-01T00:16:15.814Z</time>
</trkpt>
<trkpt lat="47.6962051" lon="7.1603122">
	<ele>303.33</ele>
	<time>1970-01-01T00:16:36.013Z</time>
</trkpt>
<trkpt lat="47.6967773" lon="7.1605248">
	<ele>303.40</ele>
	<time>1970-01-01T00:16:47.425Z</time>
</trkpt>
<trkpt lat="47.6976662" lon="7.1609931">
	<ele>303.36</ele>
	<time>1970-01-01T00:17:02.656Z</time>
</trkpt>
<trkpt lat="47.6979256" lon="7.1610718">
	<ele>304.05</ele>
	<time>1970-01-01T00:17:07.605Z</time>
</trkpt>
<trkpt lat="47.6982117" lon="7.1610999">
	<ele>303.98</ele>
	<time>1970-01-01T00:17:13.221Z</time>
</trkpt>
<trkpt lat="47.6985970" lon="7.1610699">
	<ele>303.93</ele>
	<time>1970-01-01T00:17:22.045Z</time>
</trkpt>
<trkpt lat="47.6989822" lon="7.1609111">
	<ele>304.61</ele>
	<time>1970-01-01T00:17:32.819Z</time>
</trkpt>
<trkpt lat="47.6993179" lon="7.1607008">
	<ele>305.30</ele>
	<time>1970-01-01T00:17:43.450Z</time>
</trkpt>
<trkpt lat="47.6997223" lon="7.1603861">
	<ele>307.00</ele>
	<time>1970-01-01T00:17:52.638Z</time>
</trkpt>
<trkpt lat="47.7003403" lon="7.1600509">
	<ele>308.04</ele>
	<time>1970-01-01T00:18:06.672Z</time>
</trkpt>
<trkpt lat="47.7008896" lon="7.1597729">
	<ele>307.72</ele>
	<time>1970-01-01T00:18:23.168Z</time>
</trkpt>
<trkpt lat="47.7011147" lon="7.1597118">
	<ele>306.99</ele>
	<time>1970-01-01T00:18:28.015Z</time>
</trkpt>
<trkpt lat="47.7013321" lon="7.1596880">
	<ele>307.09</ele>
	<time>1970-01-01T00:18:32.246Z</time>
</trkpt>
<trkpt lat="47.7015495" lon="7.1596880">
	<ele>306.53</ele>
	<time>1970-01-01T00:18:35.957Z</time>
</trkpt>
<trkpt lat="47.7017670" lon="7.1597199">
	<ele>305.68</ele>
	<time>1970-01-01T00:18:39.327Z</time>
</trkpt>
<trkpt lat="47.7027779" lon="7.1601028">
	<ele>301.81</ele>
	<time>1970-01-01T00:18:52.787Z</time>
</trkpt>
<trkpt lat="47.7033005" lon="7.1602721">
	<ele>302.05</ele>
	<time>1970-01-01T00:19:02.682Z</time>
</trkpt>
<trkpt lat="47.7035828" lon="7.1603322">
	<ele>301.17</ele>
	<time>1970-01-01T00:19:09.425Z</time>
</trkpt>
<trkpt lat="47.7042542" lon="7.1604738">
	<ele>300.84</ele>
	<time>1970-01-01T00:19:26.129Z</time>
</trkpt>
<trkpt lat="47.7058716" lon="7.1607690">
	<ele>300.86</ele>
	<time>1970-01-01T00:19:53.503Z</time>
</trkpt>
<trkpt lat="47.7077675" lon="7.1610961">
	<ele>300.02</ele>
	<time>1970-01-01T00:20:25.646Z</time>
</trkpt>
<trkpt lat="47.7078972" lon="7.1610970">
	<ele>300.01</ele>
	<time>1970-01-01T00:20:27.078Z</time>
</trkpt>
<trkpt lat="47.7100372" lon="7.1611252">
	<ele>302.05</ele>
	<time>1970-01-01T00:21:10.306Z</time>
</trkpt>
<trkpt lat="47.7102242" lon="7.1612349">
	<ele>302.01</ele>
	<time>1970-01-01T00:21:14.048Z</time>
</trkpt>
<trkpt lat="47.7102547" lon="7.1612892">
	<ele>302.00</ele>
	<time>1970-01-01T00:21:14.897Z</time>
</trkpt>
<trkpt lat="47.7102966" lon="7.1613269">
	<ele>302.00</ele>
	<time>1970-01-01T00:21:15.745Z</time>
</trkpt>
<trkpt lat="47.7103424" lon="7.1613441">
	<ele>301.98</ele>
	<time>1970-01-01T00:21:16.592Z</time>
</trkpt>
<trkpt lat="47.7103920" lon="7.1613379">
	<ele>301.96</ele>
	<time>1970-01-01T00:21:17.439Z</time>
</trkpt>
<trkpt lat="47.7104301" lon="7.1613150">
	<ele>301.95</ele>
	<time>1970-01-01T00:21:18.285Z</time>
</trkpt>
<trkpt lat="47.7104645" lon="7.1612768">
	<ele>301.95</ele>
	<time>1970-01-01T00:21:19.077Z</time>
</trkpt>
<trkpt lat="47.7104912" lon="7.1612258">
	<ele>301.97</ele>
	<time>1970-01-01T00:21:19.871Z</time>
</trkpt>
<trkpt lat="47.7105064" lon="7.1611629">
	<ele>301.99</ele>
	<time>1970-01-01T00:21:20.667Z</time>
</trkpt>
<trkpt lat="47.7105103" lon="7.1610970">
	<ele>302.00</ele>
	<time>1970-01-01T00:21:21.465Z</time>
</trkpt>
<trkpt lat="47.7106323" lon="7.1609650">
	<ele>301.96</ele>
	<time>1970-01-01T00:21:24.031Z</time>
</trkpt>
<trkpt lat="47.7108536" lon="7.1610298">
	<ele>301.97</ele>
	<time>1970-01-01T00:21:27.876Z</time>
</trkpt>
<trkpt lat="47.7110329" lon="7.1610551">
	<ele>302.74</ele>
	<time>1970-01-01T00:21:31.003Z</time>
</trkpt>
<trkpt lat="47.7114906" lon="7.1609640">
	<ele>303.17</ele>
	<time>1970-01-01T00:21:40.221Z</time>
</trkpt>
<trkpt lat="47.7115631" lon="7.1609511">
	<ele>303.28</ele>
	<time>1970-01-01T00:21:41.617Z</time>
</trkpt>
<trkpt lat="47.7116661" lon="7.1609340">
	<ele>303.30</ele>
	<time>1970-01-01T00:21:43.702Z</time>
</trkpt>
<trkpt lat="47.7118797" lon="7.1608992">
	<ele>302.97</ele>
	<time>1970-01-01T00:21:48.395Z</time>
</trkpt>
<trkpt lat="47.7122040" lon="7.1608810">
	<ele>302.99</ele>
	<time>1970-01-01T00:21:55.567Z</time>
</trkpt>
<trkpt lat="47.7122726" lon="7.1608891">
	<ele>302.98</ele>
	<time>1970-01-01T00:21:56.914Z</time>
</trkpt>
<trkpt lat="47.7126656" lon="7.1610022">
	<ele>302.98</ele>
	<time>1970-01-01T00:22:05.789Z</time>
</trkpt>
<trkpt lat="47.7135277" lon="7.1612711">
	<ele>301.05</ele>
	<time>1970-01-01T00:22:19.604Z</time>
</trkpt>
<trkpt lat="47.7142105" lon="7.1614542">
	<ele>301.03</ele>
	<time>1970-01-01T00:22:31.577Z</time>
</trkpt>
<trkpt lat="47.7144928" lon="7.1615620">
	<ele>301.02</ele>
	<time>1970-01-01T00:22:37.013Z</time>
</trkpt>
<trkpt lat="47.7147446" lon="7.1616602">
	<ele>301.00</ele>
	<time>1970-01-01T00:22:41.918Z</time>
</trkpt>
<trkpt lat="47.7148590" lon="7.1616602">
	<ele>301.06</ele>
	<time>1970-01-01T00:22:44.259Z</time>
</trkpt>
<trkpt lat="47.7149544" lon="7.1616049">
	<ele>300.93</ele>
	<time>1970-01-01T00:22:46.358Z</time>
</trkpt>
<trkpt lat="47.7149734" lon="7.1615820">
	<ele>300.81</ele>
	<time>1970-01-01T00:22:46.925Z</time>
</trkpt>
<trkpt lat="47.7151031" lon="7.1614408">
	<ele>299.99</ele>
	<time>1970-01-01T00:22:50.753Z</time>
</trkpt>
<trkpt lat="47.7151833" lon="7.1613512">
	<ele>300.00</ele>
	<time>1970-01-01T00:22:53.173Z</time>
</trkpt>
<trkpt lat="47.7155914" lon="7.1608968">
	<ele>300.89</ele>
	<time>1970-01-01T00:23:10.743Z</time>
</trkpt>
<trkpt lat="47.7158432" lon="7.1606989">
	<ele>300.93</ele>
	<time>1970-01-01T00:23:20.709Z</time>
</trkpt>
<trkpt lat="47.7160606" lon="7.1605639">
	<ele>300.96</ele>
	<time>1970-01-01T00:23:26.898Z</time>
</trkpt>
<trkpt lat="47.7162209" lon="7.1605058">
	<ele>301.15</ele>
	<time>1970-01-01T00:23:30.640Z</time>
</trkpt>
<trkpt lat="47.7165260" lon="7.1604519">
	<ele>301.56</ele>
	<time>1970-01-01T00:23:36.270Z</time>
</trkpt>
<trkpt lat="47.7166481" lon="7.1604462">
	<ele>301.93</ele>
	<time>1970-01-01T00:23:38.296Z</time>
</trkpt>
<trkpt lat="47.7166901" lon="7.1604438">
	<ele>301.97</ele>
	<time>1970-01-01T00:23:39.032Z</time>
</trkpt>
<trkpt lat="47.7168159" lon="7.1604362">
	<ele>301.94</ele>
	<time>1970-01-01T00:23:41.116Z</time>
</trkpt>
<trkpt lat="47.7169075" lon="7.1604338">
	<ele>301.88</ele>
	<time>1970-01-01T00:23:42.624Z</time>
</trkpt>
<trkpt lat="47.7171478" lon="7.1604209">
	<ele>301.96</ele>
	<time>1970-01-01T00:23:46.537Z</time>
</trkpt>
<trkpt lat="47.7171936" lon="7.1604199">
	<ele>301.96</ele>
	<time>1970-01-01T00:23:47.277Z</time>
</trkpt>
<trkpt lat="47.7173462" lon="7.1603999">
	<ele>301.82</ele>
	<time>1970-01-01T00:23:49.824Z</time>
</trkpt>
<trkpt lat="47.7173805" lon="7.1598759">
	<ele>302.57</ele>
	<time>1970-01-01T00:23:55.507Z</time>
</trkpt>
<trkpt lat="47.7173920" lon="7.1597042">
	<ele>302.45</ele>
	<time>1970-01-01T00:23:57.721Z</time>
</trkpt>
<trkpt lat="47.7174416" lon="7.1589031">
	<ele>303.08</ele>
	<time>1970-01-01T00:24:10.963Z</time>
</trkpt>
<trkpt lat="47.7174950" lon="7.1587009">
	<ele>302.93</ele>
	<time>1970-01-01T00:24:14.185Z</time>
</trkpt>
<trkpt lat="47.7176628" lon="7.1584382">
	<ele>303.27</ele>
	<time>1970-01-01T00:24:18.822Z</time>
</trkpt>
<trkpt lat="47.7178268" lon="7.1582379">
	<ele>303.53</ele>
	<time>1970-01-01T00:24:22.518Z</time>
</trkpt>
<trkpt lat="47.7180443" lon="7.1580348">
	<ele>304.05</ele>
	<time>1970-01-01T00:24:26.958Z</time>
</trkpt>
<trkpt lat="47.7182236" lon="7.1579242">
	<ele>304.42</ele>
	<time>1970-01-01T00:24:30.392Z</time>
</trkpt>
<trkpt lat="47.7184105" lon="7.1578088">
	<ele>303.97</ele>
	<time>1970-01-01T00:24:34.088Z</time>
</trkpt>
<trkpt lat="47.7188187" lon="7.1575561">
	<ele>304.03</ele>
	<time>1970-01-01T00:24:44.352Z</time>
</trkpt>
<trkpt lat="47.7188759" lon="7.1575289">
	<ele>303.96</ele>
	<time>1970-01-01T00:24:45.835Z</time>
</trkpt>
<trkpt lat="47.7191315" lon="7.1573172">
	<ele>304.93</ele>
	<time>1970-01-01T00:24:52.950Z</time>
</trkpt>
<trkpt lat="47.7192764" lon="7.1572032">
	<ele>305.36</ele>
	<time>1970-01-01T00:24:56.857Z</time>
</trkpt>
<trkpt lat="47.7199593" lon="7.1564751">
	<ele>305.14</ele>
	<time>1970-01-01T00:25:18.866Z</time>
</trkpt>
<trkpt lat="47.7207832" lon="7.1555161">
	<ele>304.13</ele>
	<time>1970-01-01T00:25:38.959Z</time>
</trkpt>
<trkpt lat="47.7209778" lon="7.1553888">
	<ele>303.65</ele>
	<time>1970-01-01T00:25:42.582Z</time>
</trkpt>
<trkpt lat="47.7212296" lon="7.1553078">
	<ele>303.93</ele>
	<time>1970-01-01T00:25:46.601Z</time>
</trkpt>
<trkpt lat="47.7213364" lon="7.1552730">
	<ele>304.01</ele>
	<time>1970-01-01T00:25:48.362Z</time>
</trkpt>
<trkpt lat="47.7214775" lon="7.1552272">
	<ele>304.06</ele>
	<time>1970-01-01T00:25:50.470Z</time>
</trkpt>
<trkpt lat="47.7221909" lon="7.1549978">
	<ele>304.21</ele>
	<time>1970-01-01T00:25:59.708Z</time>
</trkpt>
<trkpt lat="47.7226257" lon="7.1548710">
	<ele>303.37</ele>
	<time>1970-01-01T00:26:06.330Z</time>
</trkpt>
<trkpt lat="47.7226677" lon="7.1548548">
	<ele>304.32</ele>
	<time>1970-01-01T00:26:07.039Z</time>
</trkpt>
<trkpt lat="47.7228470" lon="7.1547990">
	<ele>306.36</ele>
	<time>1970-01-01T00:26:10.496Z</time>
</trkpt>
<trkpt lat="47.7229805" lon="7.1547332">
	<ele>306.11</ele>
	<time>1970-01-01T00:26:13.626Z</time>
</trkpt>
<trkpt lat="47.7232513" lon="7.1545959">
	<ele>305.96</ele>
	<time>1970-01-01T00:26:20.888Z</time>
</trkpt>
<trkpt lat="47.7233543" lon="7.1545291">
	<ele>306.04</ele>
	<time>1970-01-01T00:26:24.050Z</time>
</trkpt>
<trkpt lat="47.7237282" lon="7.1542640">
	<ele>306.59</ele>
	<time>1970-01-01T00:26:36.093Z</time>
</trkpt>
<trkpt lat="47.7238007" lon="7.1542149">
	<ele>306.75</ele>
	<time>1970-01-01T00:26:38.351Z</time>
</trkpt>
<trkpt lat="47.7249489" lon="7.1534538">
	<ele>308.02</ele>
	<time>1970-01-01T00:27:04.053Z</time>
</trkpt>
<trkpt lat="47.7252235" lon="7.1532822">
	<ele>307.10</ele>
	<time>1970-01-01T00:27:08.880Z</time>
</trkpt>
<trkpt lat="47.7255440" lon="7.1529789">
	<ele>306.16</ele>
	<time>1970-01-01T00:27:14.953Z</time>
</trkpt>
<trkpt lat="47.7258759" lon="7.1526752">
	<ele>305.08</ele>
	<time>1970-01-01T00:27:20.719Z</time>
</trkpt>
<trkpt lat="47.7261467" lon="7.1523728">
	<ele>304.81</ele>
	<time>1970-01-01T00:27:25.952Z</time>
</trkpt>
<trkpt lat="47.7263184" lon="7.1521201">
	<ele>303.37</ele>
	<time>1970-01-01T00:27:29.732Z</time>
</trkpt>
<trkpt lat="47.7267036" lon="7.1516018">
	<ele>300.90</ele>
	<time>1970-01-01T00:27:36.390Z</time>
</trkpt>
<trkpt lat="47.7270508" lon="7.1511798">
	<ele>298.80</ele>
	<time>1970-01-01T00:27:41.438Z</time>
</trkpt>
<trkpt lat="47.7271461" lon="7.1510892">
	<ele>298.99</ele>
	<time>1970-01-01T00:27:42.846Z</time>
</trkpt>
<trkpt lat="47.7272415" lon="7.1510191">
	<ele>299.04</ele>
	<time>1970-01-01T00:27:44.142Z</time>
</trkpt>
<trkpt lat="47.7276535" lon="7.1507759">
	<ele>298.95</ele>
	<time>1970-01-01T00:27:49.962Z</time>
</trkpt>
<trkpt lat="47.7279625" lon="7.1505842">
	<ele>299.66</ele>
	<time>1970-01-01T00:27:56.004Z</time>
</trkpt>
<trkpt lat="47.7280731" lon="7.1504912">
	<ele>299.93</ele>
	<time>1970-01-01T00:27:58.619Z</time>
</trkpt>
<trkpt lat="47.7281723" lon="7.1503911">
	<ele>299.99</ele>
	<time>1970-01-01T00:28:01.762Z</time>
</trkpt>
<trkpt lat="47.7283821" lon="7.1501632">
	<ele>301.33</ele>
	<time>1970-01-01T00:28:10.051Z</time>
</trkpt>
<trkpt lat="47.7284088" lon="7.1501379">
	<ele>301.51</ele>
	<time>1970-01-01T00:28:10.845Z</time>
</trkpt>
<trkpt lat="47.7285156" lon="7.1500530">
	<ele>302.28</ele>
	<time>1970-01-01T00:28:14.841Z</time>
</trkpt>
<trkpt lat="47.7287674" lon="7.1498961">
	<ele>304.21</ele>
	<time>1970-01-01T00:28:20.441Z</time>
</trkpt>
<trkpt lat="47.7292175" lon="7.1496491">
	<ele>306.17</ele>
	<time>1970-01-01T00:28:33.394Z</time>
</trkpt>
<trkpt lat="47.7293205" lon="7.1495929">
	<ele>306.60</ele>
	<time>1970-01-01T00:28:36.206Z</time>
</trkpt>
<trkpt lat="47.7299461" lon="7.1492319">
	<ele>307.81</ele>
	<time>1970-01-01T00:28:52.677Z</time>
</trkpt>
<trkpt lat="47.7301826" lon="7.1490550">
	<ele>307.92</ele>
	<time>1970-01-01T00:28:58.015Z</time>
</trkpt>
<trkpt lat="47.7303581" lon="7.1489120">
	<ele>308.01</ele>
	<time>1970-01-01T00:29:02.234Z</time>
</trkpt>
<trkpt lat="47.7308578" lon="7.1484380">
	<ele>308.97</ele>
	<time>1970-01-01T00:29:15.612Z</time>
</trkpt>
<trkpt lat="47.7316322" lon="7.1476989">
	<ele>307.91</ele>
	<time>1970-01-01T00:29:43.141Z</time>
</trkpt>
<trkpt lat="47.7318802" lon="7.1474991">
	<ele>307.98</ele>
	<time>1970-01-01T00:29:48.619Z</time>
</trkpt>
<trkpt lat="47.7321701" lon="7.1473088">
	<ele>307.40</ele>
	<time>1970-01-01T00:29:54.053Z</time>
</trkpt>
<trkpt lat="47.7325134" lon="7.1471448">
	<ele>306.16</ele>
	<time>1970-01-01T00:29:59.492Z</time>
</trkpt>
<trkpt lat="47.7326775" lon="7.1471052">
	<ele>305.09</ele>
	<time>1970-01-01T00:30:01.934Z</time>
</trkpt>
<trkpt lat="47.7329140" lon="7.1471019">
	<ele>303.62</ele>
	<time>1970-01-01T00:30:04.971Z</time>
</trkpt>
<trkpt lat="47.7331200" lon="7.1471210">
	<ele>302.76</ele>
	<time>1970-01-01T00:30:07.595Z</time>
</trkpt>
<trkpt lat="47.7332993" lon="7.1471372">
	<ele>302.18</ele>
	<time>1970-01-01T00:30:09.817Z</time>
</trkpt>
<trkpt lat="47.7336311" lon="7.1471710">
	<ele>301.11</ele>
	<time>1970-01-01T00:30:13.937Z</time>
</trkpt>
<trkpt lat="47.7338524" lon="7.1472192">
	<ele>301.00</ele>
	<time>1970-01-01T00:30:16.736Z</time>
</trkpt>
<trkpt lat="47.7351112" lon="7.1476941">
	<ele>301.10</ele>
	<time>1970-01-01T00:30:39.109Z</time>
</trkpt>
<trkpt lat="47.7353821" lon="7.1477799">
	<ele>301.00</ele>
	<time>1970-01-01T00:30:43.867Z</time>
</trkpt>
<trkpt lat="47.7356377" lon="7.1478028">
	<ele>300.96</ele>
	<time>1970-01-01T00:30:48.520Z</time>
</trkpt>
<trkpt lat="47.7357063" lon="7.1477990">
	<ele>300.98</ele>
	<time>1970-01-01T00:30:49.851Z</time>
</trkpt>
<trkpt lat="47.7358932" lon="7.1477718">
	<ele>301.02</ele>
	<time>1970-01-01T00:30:53.346Z</time>
</trkpt>
<trkpt lat="47.7361031" lon="7.1477280">
	<ele>301.09</ele>
	<time>1970-01-01T00:30:57.177Z</time>
</trkpt>
<trkpt lat="47.7369614" lon="7.1475720">
	<ele>299.94</ele>
	<time>1970-01-01T00:31:13.189Z</time>
</trkpt>
<trkpt lat="47.7371101" lon="7.1475539">
	<ele>300.05</ele>
	<time>1970-01-01T00:31:15.858Z</time>
</trkpt>
<trkpt lat="47.7374725" lon="7.1474581">
	<ele>300.10</ele>
	<time>1970-01-01T00:31:22.052Z</time>
</trkpt>
<trkpt lat="47.7376404" lon="7.1474252">
	<ele>300.17</ele>
	<time>1970-01-01T00:31:24.997Z</time>
</trkpt>
<trkpt lat="47.7379913" lon="7.1473532">
	<ele>301.00</ele>
	<time>1970-01-01T00:31:28.948Z</time>
</trkpt>
<trkpt lat="47.7394104" lon="7.1470919">
	<ele>300.86</ele>
	<time>1970-01-01T00:31:51.908Z</time>
</trkpt>
<trkpt lat="47.7395134" lon="7.1471548">
	<ele>301.40</ele>
	<time>1970-01-01T00:31:53.838Z</time>
</trkpt>
<trkpt lat="47.7396011" lon="7.1472192">
	<ele>302.23</ele>
	<time>1970-01-01T00:31:55.398Z</time>
</trkpt>
<trkpt lat="47.7396317" lon="7.1472979">
	<ele>302.23</ele>
	<time>1970-01-01T00:31:56.403Z</time>
</trkpt>
<trkpt lat="47.7396698" lon="7.1473470">
	<ele>302.11</ele>
	<time>1970-01-01T00:31:57.086Z</time>
</trkpt>
<trkpt lat="47.7397118" lon="7.1473799">
	<ele>301.94</ele>
	<time>1970-01-01T00:31:57.775Z</time>
</trkpt>
<trkpt lat="47.7397766" lon="7.1473942">
	<ele>301.82</ele>
	<time>1970-01-01T00:31:58.696Z</time>
</trkpt>
<trkpt lat="47.7398376" lon="7.1473770">
	<ele>301.86</ele>
	<time>1970-01-01T00:31:59.631Z</time>
</trkpt>
<trkpt lat="47.7398911" lon="7.1473279">
	<ele>302.03</ele>
	<time>1970-01-01T00:32:00.636Z</time>
</trkpt>
<trkpt lat="47.7399292" lon="7.1472540">
	<ele>302.18</ele>
	<time>1970-01-01T00:32:01.650Z</time>
</trkpt>
<trkpt lat="47.7399483" lon="7.1471710">
	<ele>302.22</ele>
	<time>1970-01-01T00:32:02.740Z</time>
</trkpt>
<trkpt lat="47.7399483" lon="7.1470690">
	<ele>302.15</ele>
	<time>1970-01-01T00:32:04.074Z</time>
</trkpt>
<trkpt lat="47.7399330" lon="7.1470041">
	<ele>302.09</ele>
	<time>1970-01-01T00:32:04.908Z</time>
</trkpt>
<trkpt lat="47.7399063" lon="7.1469479">
	<ele>302.04</ele>
	<time>1970-01-01T00:32:05.801Z</time>
</trkpt>
<trkpt lat="47.7398720" lon="7.1469021">
	<ele>301.98</ele>
	<time>1970-01-01T00:32:06.690Z</time>
</trkpt>
<trkpt lat="47.7398338" lon="7.1468720">
	<ele>301.86</ele>
	<time>1970-01-01T00:32:07.639Z</time>
</trkpt>
<trkpt lat="47.7397881" lon="7.1467862">
	<ele>301.43</ele>
	<time>1970-01-01T00:32:09.252Z</time>
</trkpt>
<trkpt lat="47.7397728" lon="7.1467342">
	<ele>301.20</ele>
	<time>1970-01-01T00:32:10.050Z</time>
</trkpt>
<trkpt lat="47.7397423" lon="7.1465521">
	<ele>301.31</ele>
	<time>1970-01-01T00:32:12.799Z</time>
</trkpt>
<trkpt lat="47.7397385" lon="7.1464300">
	<ele>301.85</ele>
	<time>1970-01-01T00:32:14.535Z</time>
</trkpt>
<trkpt lat="47.7397499" lon="7.1462259">
	<ele>302.02</ele>
	<time>1970-01-01T00:32:17.381Z</time>
</trkpt>
<trkpt lat="47.7397690" lon="7.1460719">
	<ele>302.01</ele>
	<time>1970-01-01T00:32:19.621Z</time>
</trkpt>
<trkpt lat="47.7400322" lon="7.1445169">
	<ele>302.93</ele>
	<time>1970-01-01T00:32:43.709Z</time>
</trkpt>
<trkpt lat="47.7400551" lon="7.1443448">
	<ele>303.36</ele>
	<time>1970-01-01T00:32:46.244Z</time>
</trkpt>
<trkpt lat="47.7400894" lon="7.1442971">
	<ele>303.60</ele>
	<time>1970-01-01T00:32:47.205Z</time>
</trkpt>
<trkpt lat="47.7401428" lon="7.1440201">
	<ele>304.12</ele>
	<time>1970-01-01T00:32:51.635Z</time>
</trkpt>
<trkpt lat="47.7401772" lon="7.1440330">
	<ele>304.13</ele>
	<time>1970-01-01T00:32:52.421Z</time>
</trkpt>
<trkpt lat="47.7402115" lon="7.1440468">
	<ele>304.13</ele>
	<time>1970-01-01T00:32:53.203Z</time>
</trkpt>
<trkpt lat="47.7402534" lon="7.1440129">
	<ele>304.07</ele>
	<time>1970-01-01T00:32:54.173Z</time>
</trkpt>
<trkpt lat="47.7403603" lon="7.1439509">
	<ele>303.96</ele>
	<time>1970-01-01T00:32:56.663Z</time>
</trkpt>
<trkpt lat="47.7405128" lon="7.1438222">
	<ele>304.05</ele>
	<time>1970-01-01T00:33:00.467Z</time>
</trkpt>
<trkpt lat="47.7405510" lon="7.1437922">
	<ele>304.04</ele>
	<time>1970-01-01T00:33:01.447Z</time>
</trkpt>
<trkpt lat="47.7406578" lon="7.1437349">
	<ele>303.80</ele>
	<time>1970-01-01T00:33:03.960Z</time>
</trkpt>
<trkpt lat="47.7406883" lon="7.1436868">
	<ele>303.59</ele>
	<time>1970-01-01T00:33:04.914Z</time>
</trkpt>
<trkpt lat="47.7406998" lon="7.1436648">
	<ele>303.50</ele>
	<time>1970-01-01T00:33:05.322Z</time>
</trkpt>
<trkpt lat="47.7408295" lon="7.1436491">
	<ele>303.05</ele>
	<time>1970-01-01T00:33:08.132Z</time>
</trkpt>
<trkpt lat="47.7408333" lon="7.1438031">
	<ele>303.70</ele>
	<time>1970-01-01T00:33:10.334Z</time>
</trkpt>
<trkpt lat="47.7408867" lon="7.1439729">
	<ele>303.94</ele>
	<time>1970-01-01T00:33:12.715Z</time>
</trkpt>
<trkpt lat="47.7422104" lon="7.1470609">
	<ele>302.62</ele>
	<time>1970-01-01T00:33:52.261Z</time>
</trkpt>
<trkpt lat="47.7423515" lon="7.1473699">
	<ele>302.30</ele>
	<time>1970-01-01T00:33:56.566Z</time>
</trkpt>
<trkpt lat="47.7424316" lon="7.1475139">
	<ele>302.32</ele>
	<time>1970-01-01T00:33:58.753Z</time>
</trkpt>
<trkpt lat="47.7425232" lon="7.1476388">
	<ele>302.18</ele>
	<time>1970-01-01T00:34:00.958Z</time>
</trkpt>
<trkpt lat="47.7426567" lon="7.1477289">
	<ele>302.61</ele>
	<time>1970-01-01T00:34:03.500Z</time>
</trkpt>
<trkpt lat="47.7427216" lon="7.1477480">
	<ele>302.88</ele>
	<time>1970-01-01T00:34:04.618Z</time>
</trkpt>
<trkpt lat="47.7428894" lon="7.1477661">
	<ele>302.67</ele>
	<time>1970-01-01T00:34:07.668Z</time>
</trkpt>
<trkpt lat="47.7436447" lon="7.1476560">
	<ele>300.54</ele>
	<time>1970-01-01T00:34:20.762Z</time>
</trkpt>
<trkpt lat="47.7439728" lon="7.1475859">
	<ele>297.73</ele>
	<time>1970-01-01T00:34:26.717Z</time>
</trkpt>
<trkpt lat="47.7440338" lon="7.1475759">
	<ele>299.18</ele>
	<time>1970-01-01T00:34:27.852Z</time>
</trkpt>
<trkpt lat="47.7443275" lon="7.1475248">
	<ele>302.27</ele>
	<time>1970-01-01T00:34:33.232Z</time>
</trkpt>
<trkpt lat="47.7448006" lon="7.1475019">
	<ele>301.76</ele>
	<time>1970-01-01T00:34:40.731Z</time>
</trkpt>
<trkpt lat="47.7449417" lon="7.1475158">
	<ele>301.16</ele>
	<time>1970-01-01T00:34:43.106Z</time>
</trkpt>
<trkpt lat="47.7451477" lon="7.1475701">
	<ele>300.96</ele>
	<time>1970-01-01T00:34:46.398Z</time>
</trkpt>
<trkpt lat="47.7454338" lon="7.1476688">
	<ele>300.50</ele>
	<time>1970-01-01T00:34:51.296Z</time>
</trkpt>
<trkpt lat="47.7458153" lon="7.1478829">
	<ele>301.25</ele>
	<time>1970-01-01T00:34:58.227Z</time>
</trkpt>
<trkpt lat="47.7459450" lon="7.1479759">
	<ele>301.17</ele>
	<time>1970-01-01T00:35:00.745Z</time>
</trkpt>
<trkpt lat="47.7461777" lon="7.1481729">
	<ele>300.68</ele>
	<time>1970-01-01T00:35:05.523Z</time>
</trkpt>
<trkpt lat="47.7472458" lon="7.1491141">
	<ele>303.06</ele>
	<time>1970-01-01T00:35:41.084Z</time>
</trkpt>
<trkpt lat="47.7481461" lon="7.1498981">
	<ele>310.25</ele>
	<time>1970-01-01T00:36:39.110Z</time>
</trkpt>
<trkpt lat="47.7482948" lon="7.1499820">
	<ele>310.95</ele>
	<time>1970-01-01T00:36:45.586Z</time>
</trkpt>
<trkpt lat="47.7486267" lon="7.1500788">
	<ele>311.71</ele>
	<time>1970-01-01T00:36:59.050Z</time>
</trkpt>
<trkpt lat="47.7487602" lon="7.1501331">
	<ele>312.93</ele>
	<time>1970-01-01T00:37:03.581Z</time>
</trkpt>
<trkpt lat="47.7494774" lon="7.1502638">
	<ele>312.97</ele>
	<time>1970-01-01T00:37:21.431Z</time>
</trkpt>
<trkpt lat="47.7501106" lon="7.1503820">
	<ele>311.78</ele>
	<time>1970-01-01T00:37:33.697Z</time>
</trkpt>
<trkpt lat="47.7503052" lon="7.1504340">
	<ele>311.08</ele>
	<time>1970-01-01T00:37:37.691Z</time>
</trkpt>
<trkpt lat="47.7505379" lon="7.1505222">
	<ele>310.29</ele>
	<time>1970-01-01T00:37:43.138Z</time>
</trkpt>
<trkpt lat="47.7507477" lon="7.1506162">
	<ele>309.51</ele>
	<time>1970-01-01T00:37:48.077Z</time>
</trkpt>
<trkpt lat="47.7508621" lon="7.1506848">
	<ele>310.67</ele>
	<time>1970-01-01T00:37:50.855Z</time>
</trkpt>
<trkpt lat="47.7510376" lon="7.1508031">
	<ele>311.01</ele>
	<time>1970-01-01T00:37:55.461Z</time>
</trkpt>
<trkpt lat="47.7513771" lon="7.1510882">
	<ele>313.05</ele>
	<time>1970-01-01T00:38:06.700Z</time>
</trkpt>
<trkpt lat="47.7515373" lon="7.1512041">
	<ele>314.66</ele>
	<time>1970-01-01T00:38:11.853Z</time>
</trkpt>
<trkpt lat="47.7516937" lon="7.1512980">
	<ele>315.82</ele>
	<time>1970-01-01T00:38:17.312Z</time>
</trkpt>
<trkpt lat="47.7519188" lon="7.1514201">
	<ele>316.51</ele>
	<time>1970-01-01T00:38:24.289Z</time>
</trkpt>
<trkpt lat="47.7525864" lon="7.1517329">
	<ele>317.07</ele>
	<time>1970-01-01T00:38:38.932Z</time>
</trkpt>
<trkpt lat="47.7545319" lon="7.1525378">
	<ele>309.43</ele>
	<time>1970-01-01T00:39:07.658Z</time>
</trkpt>
<trkpt lat="47.7545509" lon="7.1524901">
	<ele>309.24</ele>
	<time>1970-01-01T00:39:08.240Z</time>
</trkpt>
<trkpt lat="47.7552490" lon="7.1512108">
	<ele>305.02</ele>
	<time>1970-01-01T00:39:24.713Z</time>
</trkpt>
<trkpt lat="47.7553864" lon="7.1509919">
	<ele>304.56</ele>
	<time>1970-01-01T00:39:28.022Z</time>
</trkpt>
<trkpt lat="47.7554512" lon="7.1509008">
	<ele>304.31</ele>
	<time>1970-01-01T00:39:29.460Z</time>
</trkpt>
<trkpt lat="47.7555504" lon="7.1507850">
	<ele>304.15</ele>
	<time>1970-01-01T00:39:31.197Z</time>
</trkpt>
<trkpt lat="47.7556534" lon="7.1507230">
	<ele>303.88</ele>
	<time>1970-01-01T00:39:32.580Z</time>
</trkpt>
<trkpt lat="47.7559738" lon="7.1505508">
	<ele>302.95</ele>
	<time>1970-01-01T00:39:37.372Z</time>
</trkpt>
<trkpt lat="47.7562637" lon="7.1504192">
	<ele>302.38</ele>
	<time>1970-01-01T00:39:41.084Z</time>
</trkpt>
<trkpt lat="47.7568169" lon="7.1502409">
	<ele>302.02</ele>
	<time>1970-01-01T00:39:47.480Z</time>
</trkpt>
<trkpt lat="47.7571220" lon="7.1501360">
	<ele>303.01</ele>
	<time>1970-01-01T00:39:52.083Z</time>
</trkpt>
<trkpt lat="47.7572327" lon="7.1500969">
	<ele>303.06</ele>
	<time>1970-01-01T00:39:53.877Z</time>
</trkpt>
<trkpt lat="47.7577744" lon="7.1498089">
	<ele>301.97</ele>
	<time>1970-01-01T00:40:04.158Z</time>
</trkpt>
<trkpt lat="47.7584381" lon="7.1494570">
	<ele>301.58</ele>
	<time>1970-01-01T00:40:15.013Z</time>
</trkpt>
<trkpt lat="47.7591705" lon="7.1491022">
	<ele>301.14</ele>
	<time>1970-01-01T00:40:26.475Z</time>
</trkpt>
<trkpt lat="47.7592545" lon="7.1490450">
	<ele>301.28</ele>
	<time>1970-01-01T00:40:28.029Z</time>
</trkpt>
<trkpt lat="47.7595177" lon="7.1488352">
	<ele>301.05</ele>
	<time>1970-01-01T00:40:31.455Z</time>
</trkpt>
<trkpt lat="47.7595825" lon="7.1487908">
	<ele>301.13</ele>
	<time>1970-01-01T00:40:32.349Z</time>
</trkpt>
<trkpt lat="47.7597046" lon="7.1487179">
	<ele>301.04</ele>
	<time>1970-01-01T00:40:34.170Z</time>
</trkpt>
<trkpt lat="47.7599182" lon="7.1486521">
	<ele>300.36</ele>
	<time>1970-01-01T00:40:37.235Z</time>
</trkpt>
<trkpt lat="47.7600555" lon="7.1486850">
	<ele>300.28</ele>
	<time>1970-01-01T00:40:39.236Z</time>
</trkpt>
<trkpt lat="47.7604828" lon="7.1488829">
	<ele>299.41</ele>
	<time>1970-01-01T00:40:47.040Z</time>
</trkpt>
<trkpt lat="47.7608833" lon="7.1491051">
	<ele>298.69</ele>
	<time>1970-01-01T00:40:54.730Z</time>
</trkpt>
<trkpt lat="47.7610168" lon="7.1491318">
	<ele>298.29</ele>
	<time>1970-01-01T00:40:56.769Z</time>
</trkpt>
<trkpt lat="47.7612228" lon="7.1491489">
	<ele>297.97</ele>
	<time>1970-01-01T00:40:59.423Z</time>
</trkpt>
<trkpt lat="47.7612991" lon="7.1491680">
	<ele>297.96</ele>
	<time>1970-01-01T00:41:00.461Z</time>
</trkpt>
<trkpt lat="47.7613945" lon="7.1492252">
	<ele>297.93</ele>
	<time>1970-01-01T00:41:01.653Z</time>
</trkpt>
<trkpt lat="47.7616043" lon="7.1493740">
	<ele>297.32</ele>
	<time>1970-01-01T00:41:04.212Z</time>
</trkpt>
<trkpt lat="47.7616196" lon="7.1493902">
	<ele>297.23</ele>
	<time>1970-01-01T00:41:04.411Z</time>
</trkpt>
<trkpt lat="47.7617912" lon="7.1495371">
	<ele>296.79</ele>
	<time>1970-01-01T00:41:06.541Z</time>
</trkpt>
<trkpt lat="47.7618446" lon="7.1495848">
	<ele>296.63</ele>
	<time>1970-01-01T00:41:07.258Z</time>
</trkpt>
<trkpt lat="47.7619286" lon="7.1497068">
	<ele>296.06</ele>
	<time>1970-01-01T00:41:08.585Z</time>
</trkpt>
<trkpt lat="47.7621460" lon="7.1500211">
	<ele>295.94</ele>
	<time>1970-01-01T00:41:12.076Z</time>
</trkpt>
<trkpt lat="47.7622108" lon="7.1500821">
	<ele>295.75</ele>
	<time>1970-01-01T00:41:13.032Z</time>
</trkpt>
<trkpt lat="47.7622566" lon="7.1501508">
	<ele>295.45</ele>
	<time>1970-01-01T00:41:13.764Z</time>
</trkpt>
<trkpt lat="47.7623253" lon="7.1501160">
	<ele>295.64</ele>
	<time>1970-01-01T00:41:14.624Z</time>
</trkpt>
<trkpt lat="47.7623825" lon="7.1500959">
	<ele>295.76</ele>
	<time>1970-01-01T00:41:15.362Z</time>
</trkpt>
<trkpt lat="47.7623901" lon="7.1501598">
	<ele>295.62</ele>
	<time>1970-01-01T00:41:15.901Z</time>
</trkpt>
<trkpt lat="47.7623863" lon="7.1502409">
	<ele>295.50</ele>
	<time>1970-01-01T00:41:16.560Z</time>
</trkpt>
<trkpt lat="47.7623978" lon="7.1503639">
	<ele>295.71</ele>
	<time>1970-01-01T00:41:17.574Z</time>
</trkpt>
<trkpt lat="47.7624245" lon="7.1505008">
	<ele>296.36</ele>
	<time>1970-01-01T00:41:18.852Z</time>
</trkpt>
<trkpt lat="47.7625809" lon="7.1507659">
	<ele>297.33</ele>
	<time>1970-01-01T00:41:22.036Z</time>
</trkpt>
<trkpt lat="47.7628937" lon="7.1510949">
	<ele>298.03</ele>
	<time>1970-01-01T00:41:28.675Z</time>
</trkpt>
<trkpt lat="47.7637863" lon="7.1519551">
	<ele>298.98</ele>
	<time>1970-01-01T00:41:50.101Z</time>
</trkpt>
<trkpt lat="47.7640686" lon="7.1521850">
	<ele>298.03</ele>
	<time>1970-01-01T00:41:56.338Z</time>
</trkpt>
<trkpt lat="47.7641296" lon="7.1522360">
	<ele>297.97</ele>
	<time>1970-01-01T00:41:57.714Z</time>
</trkpt>
<trkpt lat="47.7644920" lon="7.1524892">
	<ele>296.95</ele>
	<time>1970-01-01T00:42:04.618Z</time>
</trkpt>
<trkpt lat="47.7648659" lon="7.1527500">
	<ele>297.38</ele>
	<time>1970-01-01T00:42:11.526Z</time>
</trkpt>
<trkpt lat="47.7654915" lon="7.1532211">
	<ele>298.02</ele>
	<time>1970-01-01T00:42:24.392Z</time>
</trkpt>
<trkpt lat="47.7662010" lon="7.1534748">
	<ele>298.19</ele>
	<time>1970-01-01T00:42:41.506Z</time>
</trkpt>
<trkpt lat="47.7662392" lon="7.1534901">
	<ele>298.36</ele>
	<time>1970-01-01T00:42:42.282Z</time>
</trkpt>
<trkpt lat="47.7666779" lon="7.1536150">
	<ele>299.00</ele>
	<time>1970-01-01T00:42:53.769Z</time>
</trkpt>
<trkpt lat="47.7674904" lon="7.1538410">
	<ele>300.05</ele>
	<time>1970-01-01T00:43:10.387Z</time>
</trkpt>
<trkpt lat="47.7677917" lon="7.1539450">
	<ele>300.97</ele>
	<time>1970-01-01T00:43:18.364Z</time>
</trkpt>
<trkpt lat="47.7680817" lon="7.1540942">
	<ele>302.10</ele>
	<time>1970-01-01T00:43:27.516Z</time>
</trkpt>
<trkpt lat="47.7685852" lon="7.1543732">
	<ele>303.74</ele>
	<time>1970-01-01T00:43:44.204Z</time>
</trkpt>
<trkpt lat="47.7688828" lon="7.1545281">
	<ele>304.00</ele>
	<time>1970-01-01T00:43:52.235Z</time>
</trkpt>
<trkpt lat="47.7691536" lon="7.1547232">
	<ele>304.99</ele>
	<time>1970-01-01T00:43:58.354Z</time>
</trkpt>
<trkpt lat="47.7693367" lon="7.1548371">
	<ele>304.29</ele>
	<time>1970-01-01T00:44:02.091Z</time>
</trkpt>
<trkpt lat="47.7696609" lon="7.1551280">
	<ele>304.60</ele>
	<time>1970-01-01T00:44:08.462Z</time>
</trkpt>
<trkpt lat="47.7708778" lon="7.1560411">
	<ele>307.93</ele>
	<time>1970-01-01T00:44:40.964Z</time>
</trkpt>
<trkpt lat="47.7717934" lon="7.1537609">
	<ele>307.15</ele>
	<time>1970-01-01T00:45:10.212Z</time>
</trkpt>
<trkpt lat="47.7730103" lon="7.1505942">
	<ele>307.90</ele>
	<time>1970-01-01T00:46:00.829Z</time>
</trkpt>
<trkpt lat="47.7738266" lon="7.1490569">
	<ele>308.02</ele>
	<time>1970-01-01T00:46:28.511Z</time>
</trkpt>
<trkpt lat="47.7756386" lon="7.1464982">
	<ele>309.18</ele>
	<time>1970-01-01T00:47:25.652Z</time>
</trkpt>
<trkpt lat="47.7759132" lon="7.1461859">
	<ele>309.85</ele>
	<time>1970-01-01T00:47:33.459Z</time>
</trkpt>
<trkpt lat="47.7759933" lon="7.1460910">
	<ele>309.46</ele>
	<time>1970-01-01T00:47:35.659Z</time>
</trkpt>
<trkpt lat="47.7763481" lon="7.1461248">
	<ele>308.99</ele>
	<time>1970-01-01T00:47:43.083Z</time>
</trkpt>
<trkpt lat="47.7765617" lon="7.1462312">
	<ele>308.92</ele>
	<time>1970-01-01T00:47:47.671Z</time>
</trkpt>
<trkpt lat="47.7768364" lon="7.1464372">
	<ele>309.67</ele>
	<time>1970-01-01T00:47:53.415Z</time>
</trkpt>
<trkpt lat="47.7771339" lon="7.1466060">
	<ele>308.97</ele>
	<time>1970-01-01T00:48:04.232Z</time>
</trkpt>
<trkpt lat="47.7781334" lon="7.1470542">
	<ele>307.95</ele>
	<time>1970-01-01T00:48:27.170Z</time>
</trkpt>
<trkpt lat="47.7783203" lon="7.1471610">
	<ele>307.20</ele>
	<time>1970-01-01T00:48:31.078Z</time>
</trkpt>
<trkpt lat="47.7786522" lon="7.1473069">
	<ele>307.02</ele>
	<time>1970-01-01T00:48:36.027Z</time>
</trkpt>
<trkpt lat="47.7787704" lon="7.1473498">
	<ele>307.34</ele>
	<time>1970-01-01T00:48:37.758Z</time>
</trkpt>
<trkpt lat="47.7791939" lon="7.1475401">
	<ele>307.07</ele>
	<time>1970-01-01T00:48:42.884Z</time>
</trkpt>
<trkpt lat="47.7797089" lon="7.1477971">
	<ele>306.98</ele>
	<time>1970-01-01T00:48:51.494Z</time>
</trkpt>
<trkpt lat="47.7798042" lon="7.1478481">
	<ele>307.25</ele>
	<time>1970-01-01T00:48:53.127Z</time>
</trkpt>
<trkpt lat="47.7805634" lon="7.1482391">
	<ele>307.35</ele>
	<time>1970-01-01T00:49:08.909Z</time>
</trkpt>
<trkpt lat="47.7826996" lon="7.1493602">
	<ele>307.88</ele>
	<time>1970-01-01T00:50:02.682Z</time>
</trkpt>
<trkpt lat="47.7830620" lon="7.1495228">
	<ele>307.18</ele>
	<time>1970-01-01T00:50:09.610Z</time>
</trkpt>
<trkpt lat="47.7831383" lon="7.1495399">
	<ele>307.51</ele>
	<time>1970-01-01T00:50:10.933Z</time>
</trkpt>
<trkpt lat="47.7831535" lon="7.1495428">
	<ele>307.58</ele>
	<time>1970-01-01T00:50:11.264Z</time>
</trkpt>
<trkpt lat="47.7832298" lon="7.1495962">
	<ele>307.74</ele>
	<time>1970-01-01T00:50:12.920Z</time>
</trkpt>
<trkpt lat="47.7833939" lon="7.1497331">
	<ele>307.07</ele>
	<time>1970-01-01T00:50:16.199Z</time>
</trkpt>
<trkpt lat="47.7835884" lon="7.1497560">
	<ele>307.87</ele>
	<time>1970-01-01T00:50:19.482Z</time>
</trkpt>
<trkpt lat="47.7851715" lon="7.1505599">
	<ele>308.99</ele>
	<time>1970-01-01T00:50:46.633Z</time>
</trkpt>
<trkpt lat="47.7852745" lon="7.1506701">
	<ele>309.03</ele>
	<time>1970-01-01T00:50:49.016Z</time>
</trkpt>
<trkpt lat="47.7854729" lon="7.1509671">
	<ele>308.47</ele>
	<time>1970-01-01T00:50:54.945Z</time>
</trkpt>
<trkpt lat="47.7855606" lon="7.1510582">
	<ele>308.29</ele>
	<time>1970-01-01T00:50:57.179Z</time>
</trkpt>
<trkpt lat="47.7867317" lon="7.1517291">
	<ele>307.85</ele>
	<time>1970-01-01T00:51:29.230Z</time>
</trkpt>
<trkpt lat="47.7868004" lon="7.1517992">
	<ele>307.87</ele>
	<time>1970-01-01T00:51:30.913Z</time>
</trkpt>
<trkpt lat="47.7871819" lon="7.1519270">
	<ele>309.16</ele>
	<time>1970-01-01T00:51:38.137Z</time>
</trkpt>
<trkpt lat="47.7873459" lon="7.1520448">
	<ele>307.30</ele>
	<time>1970-01-01T00:51:40.950Z</time>
</trkpt>
<trkpt lat="47.7875023" lon="7.1520991">
	<ele>306.17</ele>
	<time>1970-01-01T00:51:43.415Z</time>
</trkpt>
<trkpt lat="47.7877464" lon="7.1522789">
	<ele>307.79</ele>
	<time>1970-01-01T00:51:47.611Z</time>
</trkpt>
<trkpt lat="47.7882805" lon="7.1527648">
	<ele>308.28</ele>
	<time>1970-01-01T00:52:03.606Z</time>
</trkpt>
<trkpt lat="47.7883568" lon="7.1528759">
	<ele>309.92</ele>
	<time>1970-01-01T00:52:06.232Z</time>
</trkpt>
<trkpt lat="47.7884254" lon="7.1530242">
	<ele>311.26</ele>
	<time>1970-01-01T00:52:08.988Z</time>
</trkpt>
<trkpt lat="47.7884674" lon="7.1531782">
	<ele>310.72</ele>
	<time>1970-01-01T00:52:11.491Z</time>
</trkpt>
<trkpt lat="47.7884979" lon="7.1532998">
	<ele>310.04</ele>
	<time>1970-01-01T00:52:13.386Z</time>
</trkpt>
<trkpt lat="47.7885666" lon="7.1534328">
	<ele>310.33</ele>
	<time>1970-01-01T00:52:15.983Z</time>
</trkpt>
<trkpt lat="47.7886505" lon="7.1535282">
	<ele>310.89</ele>
	<time>1970-01-01T00:52:18.330Z</time>
</trkpt>
<trkpt lat="47.7887611" lon="7.1535978">
	<ele>310.64</ele>
	<time>1970-01-01T00:52:20.997Z</time>
</trkpt>
<trkpt lat="47.7889175" lon="7.1536441">
	<ele>309.86</ele>
	<time>1970-01-01T00:52:24.822Z</time>
</trkpt>
<trkpt lat="47.7890587" lon="7.1536269">
	<ele>309.31</ele>
	<time>1970-01-01T00:52:28.318Z</time>
</trkpt>
<trkpt lat="47.7891655" lon="7.1535921">
	<ele>309.00</ele>
	<time>1970-01-01T00:52:31.023Z</time>
</trkpt>
<trkpt lat="47.7892151" lon="7.1535869">
	<ele>308.94</ele>
	<time>1970-01-01T00:52:32.123Z</time>
</trkpt>
<trkpt lat="47.7893333" lon="7.1537108">
	<ele>308.96</ele>
	<time>1970-01-01T00:52:35.546Z</time>
</trkpt>
<trkpt lat="47.7900925" lon="7.1543741">
	<ele>309.00</ele>
	<time>1970-01-01T00:52:52.097Z</time>
</trkpt>
<trkpt lat="47.7903290" lon="7.1546078">
	<ele>309.00</ele>
	<time>1970-01-01T00:52:57.012Z</time>
</trkpt>
<trkpt lat="47.7906075" lon="7.1548562">
	<ele>309.00</ele>
	<time>1970-01-01T00:53:03.144Z</time>
</trkpt>
<trkpt lat="47.7911568" lon="7.1553130">
	<ele>309.00</ele>
	<time>1970-01-01T00:53:14.413Z</time>
</trkpt>
<trkpt lat="47.7912331" lon="7.1553292">
	<ele>309.00</ele>
	<time>1970-01-01T00:53:15.791Z</time>
</trkpt>
<trkpt lat="47.7912636" lon="7.1553459">
	<ele>309.00</ele>
	<time>1970-01-01T00:53:16.406Z</time>
</trkpt>
<trkpt lat="47.7914162" lon="7.1554699">
	<ele>309.00</ele>
	<time>1970-01-01T00:53:19.187Z</time>
</trkpt>
<trkpt lat="47.7945137" lon="7.1582270">
	<ele>308.58</ele>
	<time>1970-01-01T00:54:22.281Z</time>
</trkpt>
<trkpt lat="47.7945976" lon="7.1583161">
	<ele>308.60</ele>
	<time>1970-01-01T00:54:23.999Z</time>
</trkpt>
<trkpt lat="47.7946739" lon="7.1584601">
	<ele>308.44</ele>
	<time>1970-01-01T00:54:26.202Z</time>
</trkpt>
<trkpt lat="47.7947693" lon="7.1587172">
	<ele>307.95</ele>
	<time>1970-01-01T00:54:29.500Z</time>
</trkpt>
<trkpt lat="47.7948189" lon="7.1588111">
	<ele>307.71</ele>
	<time>1970-01-01T00:54:30.870Z</time>
</trkpt>
<trkpt lat="47.7948761" lon="7.1588931">
	<ele>307.29</ele>
	<time>1970-01-01T00:54:32.250Z</time>
</trkpt>
<trkpt lat="47.7949333" lon="7.1589451">
	<ele>307.11</ele>
	<time>1970-01-01T00:54:33.331Z</time>
</trkpt>
<trkpt lat="47.7950134" lon="7.1589942">
	<ele>307.20</ele>
	<time>1970-01-01T00:54:34.645Z</time>
</trkpt>
<trkpt lat="47.7951355" lon="7.1590600">
	<ele>307.13</ele>
	<time>1970-01-01T00:54:36.719Z</time>
</trkpt>
<trkpt lat="47.7951584" lon="7.1590729">
	<ele>306.98</ele>
	<time>1970-01-01T00:54:37.168Z</time>
</trkpt>
<trkpt lat="47.7952766" lon="7.1591358">
	<ele>306.13</ele>
	<time>1970-01-01T00:54:39.280Z</time>
</trkpt>
<trkpt lat="47.7955055" lon="7.1592760">
	<ele>307.33</ele>
	<time>1970-01-01T00:54:43.840Z</time>
</trkpt>
<trkpt lat="47.7956314" lon="7.1593509">
	<ele>307.33</ele>
	<time>1970-01-01T00:54:46.455Z</time>
</trkpt>
<trkpt lat="47.7957306" lon="7.1594028">
	<ele>307.56</ele>
	<time>1970-01-01T00:54:48.678Z</time>
</trkpt>
<trkpt lat="47.7958336" lon="7.1594930">
	<ele>308.01</ele>
	<time>1970-01-01T00:54:51.219Z</time>
</trkpt>
<trkpt lat="47.7962685" lon="7.1600780">
	<ele>307.96</ele>
	<time>1970-01-01T00:55:04.641Z</time>
</trkpt>
<trkpt lat="47.7964058" lon="7.1602921">
	<ele>308.03</ele>
	<time>1970-01-01T00:55:08.132Z</time>
</trkpt>
<trkpt lat="47.7963600" lon="7.1603580">
	<ele>307.96</ele>
	<time>1970-01-01T00:55:09.250Z</time>
</trkpt>
<trkpt lat="47.7963982" lon="7.1604128">
	<ele>308.08</ele>
	<time>1970-01-01T00:55:10.153Z</time>
</trkpt>
<trkpt lat="47.7965431" lon="7.1606388">
	<ele>308.02</ele>
	<time>1970-01-01T00:55:13.134Z</time>
</trkpt>
<trkpt lat="47.7965164" lon="7.1607089">
	<ele>307.81</ele>
	<time>1970-01-01T00:55:13.937Z</time>
</trkpt>
<trkpt lat="47.7965240" lon="7.1607981">
	<ele>307.62</ele>
	<time>1970-01-01T00:55:14.834Z</time>
</trkpt>
<trkpt lat="47.7965431" lon="7.1608400">
	<ele>307.62</ele>
	<time>1970-01-01T00:55:15.354Z</time>
</trkpt>
<trkpt lat="47.7965927" lon="7.1608791">
	<ele>307.74</ele>
	<time>1970-01-01T00:55:16.101Z</time>
</trkpt>
<trkpt lat="47.7966423" lon="7.1608748">
	<ele>307.88</ele>
	<time>1970-01-01T00:55:16.859Z</time>
</trkpt>
<trkpt lat="47.7966843" lon="7.1608348">
	<ele>307.99</ele>
	<time>1970-01-01T00:55:17.466Z</time>
</trkpt>
<trkpt lat="47.7982140" lon="7.1630068">
	<ele>305.39</ele>
	<time>1970-01-01T00:55:51.144Z</time>
</trkpt>
<trkpt lat="47.7983475" lon="7.1632562">
	<ele>306.92</ele>
	<time>1970-01-01T00:55:55.519Z</time>
</trkpt>
<trkpt lat="47.7984581" lon="7.1635308">
	<ele>305.89</ele>
	<time>1970-01-01T00:55:59.109Z</time>
</trkpt>
<trkpt lat="47.7990227" lon="7.1652212">
	<ele>305.27</ele>
	<time>1970-01-01T00:56:15.461Z</time>
</trkpt>
<trkpt lat="47.7992554" lon="7.1658878">
	<ele>305.02</ele>
	<time>1970-01-01T00:56:22.564Z</time>
</trkpt>
<trkpt lat="47.7994690" lon="7.1665711">
	<ele>304.30</ele>
	<time>1970-01-01T00:56:31.312Z</time>
</trkpt>
<trkpt lat="47.8001404" lon="7.1688452">
	<ele>303.58</ele>
	<time>1970-01-01T00:57:00.777Z</time>
</trkpt>
<trkpt lat="47.8002701" lon="7.1692939">
	<ele>303.00</ele>
	<time>1970-01-01T00:57:06.864Z</time>
</trkpt>
<trkpt lat="47.8007622" lon="7.1710010">
	<ele>302.02</ele>
	<time>1970-01-01T00:57:26.251Z</time>
</trkpt>
<trkpt lat="47.8009224" lon="7.1715670">
	<ele>301.81</ele>
	<time>1970-01-01T00:57:33.063Z</time>
</trkpt>
<trkpt lat="47.8010063" lon="7.1719532">
	<ele>302.07</ele>
	<time>1970-01-01T00:57:37.427Z</time>
</trkpt>
<trkpt lat="47.8010597" lon="7.1722612">
	<ele>301.09</ele>
	<time>1970-01-01T00:57:40.836Z</time>
</trkpt>
<trkpt lat="47.8010864" lon="7.1724262">
	<ele>301.04</ele>
	<time>1970-01-01T00:57:42.732Z</time>
</trkpt>
<trkpt lat="47.8011093" lon="7.1725960">
	<ele>301.00</ele>
	<time>1970-01-01T00:57:44.658Z</time>
</trkpt>
<trkpt lat="47.8011856" lon="7.1730700">
	<ele>300.99</ele>
	<time>1970-01-01T00:57:50.438Z</time>
</trkpt>
<trkpt lat="47.8011894" lon="7.1731539">
	<ele>300.98</ele>
	<time>1970-01-01T00:57:51.475Z</time>
</trkpt>
<trkpt lat="47.8011703" lon="7.1732922">
	<ele>300.99</ele>
	<time>1970-01-01T00:57:53.371Z</time>
</trkpt>
<trkpt lat="47.8011398" lon="7.1734600">
	<ele>301.02</ele>
	<time>1970-01-01T00:57:55.466Z</time>
</trkpt>
<trkpt lat="47.8011017" lon="7.1736031">
	<ele>300.98</ele>
	<time>1970-01-01T00:57:57.246Z</time>
</trkpt>
<trkpt lat="47.8010521" lon="7.1737561">
	<ele>300.91</ele>
	<time>1970-01-01T00:57:59.230Z</time>
</trkpt>
<trkpt lat="47.8010178" lon="7.1738572">
	<ele>301.01</ele>
	<time>1970-01-01T00:58:00.617Z</time>
</trkpt>
<trkpt lat="47.8009987" lon="7.1739092">
	<ele>301.07</ele>
	<time>1970-01-01T00:58:01.237Z</time>
</trkpt>
<trkpt lat="47.8008194" lon="7.1743951">
	<ele>300.98</ele>
	<time>1970-01-01T00:58:07.838Z</time>
</trkpt>
<trkpt lat="47.8007126" lon="7.1746840">
	<ele>302.04</ele>
	<time>1970-01-01T00:58:11.837Z</time>
</trkpt>
<trkpt lat="47.8006477" lon="7.1748700">
	<ele>302.77</ele>
	<time>1970-01-01T00:58:14.583Z</time>
</trkpt>
<trkpt lat="47.8006020" lon="7.1749959">
	<ele>303.09</ele>
	<time>1970-01-01T00:58:16.465Z</time>
</trkpt>
<trkpt lat="47.8005829" lon="7.1750479">
	<ele>302.89</ele>
	<time>1970-01-01T00:58:17.148Z</time>
</trkpt>
<trkpt lat="47.8014412" lon="7.1754632">
	<ele>302.05</ele>
	<time>1970-01-01T00:58:30.963Z</time>
</trkpt>
<trkpt lat="47.8015556" lon="7.1755109">
	<ele>303.51</ele>
	<time>1970-01-01T00:58:32.916Z</time>
</trkpt>
<trkpt lat="47.8025818" lon="7.1760492">
	<ele>301.23</ele>
	<time>1970-01-01T00:58:49.981Z</time>
</trkpt>
<trkpt lat="47.8027916" lon="7.1761351">
	<ele>300.82</ele>
	<time>1970-01-01T00:58:53.479Z</time>
</trkpt>
<trkpt lat="47.8028526" lon="7.1762080">
	<ele>299.89</ele>
	<time>1970-01-01T00:58:54.740Z</time>
</trkpt>
<trkpt lat="47.8031387" lon="7.1763339">
	<ele>299.15</ele>
	<time>1970-01-01T00:58:59.052Z</time>
</trkpt>
<trkpt lat="47.8032913" lon="7.1763592">
	<ele>299.10</ele>
	<time>1970-01-01T00:59:01.268Z</time>
</trkpt>
<trkpt lat="47.8033867" lon="7.1763182">
	<ele>298.97</ele>
	<time>1970-01-01T00:59:02.745Z</time>
</trkpt>
<trkpt lat="47.8036499" lon="7.1761980">
	<ele>298.65</ele>
	<time>1970-01-01T00:59:07.306Z</time>
</trkpt>
<trkpt lat="47.8046417" lon="7.1757560">
	<ele>299.52</ele>
	<time>1970-01-01T00:59:23.381Z</time>
</trkpt>
<trkpt lat="47.8047295" lon="7.1757221">
	<ele>299.08</ele>
	<time>1970-01-01T00:59:24.815Z</time>
</trkpt>
<trkpt lat="47.8047562" lon="7.1757102">
	<ele>298.72</ele>
	<time>1970-01-01T00:59:25.249Z</time>
</trkpt>
<trkpt lat="47.8048134" lon="7.1756902">
	<ele>297.64</ele>
	<time>1970-01-01T00:59:26.268Z</time>
</trkpt>
<trkpt lat="47.8052673" lon="7.1754928">
	<ele>297.94</ele>
	<time>1970-01-01T00:59:34.503Z</time>
</trkpt>
<trkpt lat="47.8053055" lon="7.1754770">
	<ele>298.22</ele>
	<time>1970-01-01T00:59:35.145Z</time>
</trkpt>
<trkpt lat="47.8055267" lon="7.1753802">
	<ele>299.11</ele>
	<time>1970-01-01T00:59:40.183Z</time>
</trkpt>
<trkpt lat="47.8056564" lon="7.1753368">
	<ele>299.16</ele>
	<time>1970-01-01T00:59:43.202Z</time>
</trkpt>
<trkpt lat="47.8058167" lon="7.1753130">
	<ele>299.00</ele>
	<time>1970-01-01T00:59:46.958Z</time>
</trkpt>
<trkpt lat="47.8060036" lon="7.1753168">
	<ele>298.34</ele>
	<time>1970-01-01T00:59:51.746Z</time>
</trkpt>
<trkpt lat="47.8061867" lon="7.1753511">
	<ele>298.03</ele>
	<time>1970-01-01T00:59:56.556Z</time>
</trkpt>
<trkpt lat="47.8064919" lon="7.1754069">
	<ele>298.41</ele>
	<time>1970-01-01T01:00:04.224Z</time>
</trkpt>
<trkpt lat="47.8066101" lon="7.1754189">
	<ele>298.13</ele>
	<time>1970-01-01T01:00:07.162Z</time>
</trkpt>
<trkpt lat="47.8067360" lon="7.1754351">
	<ele>298.14</ele>
	<time>1970-01-01T01:00:10.416Z</time>
</trkpt>
<trkpt lat="47.8069496" lon="7.1754661">
	<ele>298.79</ele>
	<time>1970-01-01T01:00:16.025Z</time>
</trkpt>
<trkpt lat="47.8073158" lon="7.1755252">
	<ele>298.02</ele>
	<time>1970-01-01T01:00:26.408Z</time>
</trkpt>
<trkpt lat="47.8073425" lon="7.1755352">
	<ele>297.98</ele>
	<time>1970-01-01T01:00:27.107Z</time>
</trkpt>
<trkpt lat="47.8073769" lon="7.1755738">
	<ele>297.91</ele>
	<time>1970-01-01T01:00:28.257Z</time>
</trkpt>
<trkpt lat="47.8074226" lon="7.1755691">
	<ele>297.96</ele>
	<time>1970-01-01T01:00:29.469Z</time>
</trkpt>
<trkpt lat="47.8078156" lon="7.1756272">
	<ele>297.92</ele>
	<time>1970-01-01T01:00:41.137Z</time>
</trkpt>
<trkpt lat="47.8080368" lon="7.1756530">
	<ele>297.01</ele>
	<time>1970-01-01T01:00:47.686Z</time>
</trkpt>
<trkpt lat="47.8081055" lon="7.1756530">
	<ele>297.08</ele>
	<time>1970-01-01T01:00:49.644Z</time>
</trkpt>
<trkpt lat="47.8082886" lon="7.1756539">
	<ele>297.95</ele>
	<time>1970-01-01T01:00:54.609Z</time>
</trkpt>
<trkpt lat="47.8085632" lon="7.1756630">
	<ele>297.46</ele>
	<time>1970-01-01T01:01:01.241Z</time>
</trkpt>
<trkpt lat="47.8087692" lon="7.1756592">
	<ele>296.99</ele>
	<time>1970-01-01T01:01:05.327Z</time>
</trkpt>
<trkpt lat="47.8088875" lon="7.1757178">
	<ele>296.95</ele>
	<time>1970-01-01T01:01:07.636Z</time>
</trkpt>
<trkpt lat="47.8089333" lon="7.1757212">
	<ele>296.96</ele>
	<time>1970-01-01T01:01:08.462Z</time>
</trkpt>
<trkpt lat="47.8089600" lon="7.1757231">
	<ele>296.99</ele>
	<time>1970-01-01T01:01:08.926Z</time>
</trkpt>
<trkpt lat="47.8090286" lon="7.1757278">
	<ele>297.09</ele>
	<time>1970-01-01T01:01:10.013Z</time>
</trkpt>
<trkpt lat="47.8090706" lon="7.1757188">
	<ele>297.22</ele>
	<time>1970-01-01T01:01:10.745Z</time>
</trkpt>
<trkpt lat="47.8092346" lon="7.1757770">
	<ele>297.35</ele>
	<time>1970-01-01T01:01:13.270Z</time>
</trkpt>
<trkpt lat="47.8093719" lon="7.1758232">
	<ele>297.79</ele>
	<time>1970-01-01T01:01:15.234Z</time>
</trkpt>
<trkpt lat="47.8096581" lon="7.1759210">
	<ele>298.05</ele>
	<time>1970-01-01T01:01:18.707Z</time>
</trkpt>
<trkpt lat="47.8097343" lon="7.1760101">
	<ele>298.08</ele>
	<time>1970-01-01T01:01:19.902Z</time>
</trkpt>
<trkpt lat="47.8098640" lon="7.1761580">
	<ele>297.86</ele>
	<time>1970-01-01T01:01:21.786Z</time>
</trkpt>
<trkpt lat="47.8098907" lon="7.1761732">
	<ele>297.80</ele>
	<time>1970-01-01T01:01:22.113Z</time>
</trkpt>
<trkpt lat="47.8101807" lon="7.1763382">
	<ele>297.85</ele>
	<time>1970-01-01T01:01:25.994Z</time>
</trkpt>
<trkpt lat="47.8106918" lon="7.1766028">
	<ele>296.99</ele>
	<time>1970-01-01T01:01:33.024Z</time>
</trkpt>
<trkpt lat="47.8109169" lon="7.1767302">
	<ele>297.00</ele>
	<time>1970-01-01T01:01:36.405Z</time>
</trkpt>
<trkpt lat="47.8109818" lon="7.1767130">
	<ele>297.01</ele>
	<time>1970-01-01T01:01:37.319Z</time>
</trkpt>
<trkpt lat="47.8113022" lon="7.1766248">
	<ele>297.04</ele>
	<time>1970-01-01T01:01:42.478Z</time>
</trkpt>
<trkpt lat="47.8113976" lon="7.1766181">
	<ele>297.06</ele>
	<time>1970-01-01T01:01:43.957Z</time>
</trkpt>
<trkpt lat="47.8116417" lon="7.1766920">
	<ele>297.00</ele>
	<time>1970-01-01T01:01:47.955Z</time>
</trkpt>
<trkpt lat="47.8120728" lon="7.1768389">
	<ele>297.04</ele>
	<time>1970-01-01T01:01:55.296Z</time>
</trkpt>
<trkpt lat="47.8124580" lon="7.1769991">
	<ele>297.02</ele>
	<time>1970-01-01T01:02:01.959Z</time>
</trkpt>
<trkpt lat="47.8128510" lon="7.1771870">
	<ele>297.05</ele>
	<time>1970-01-01T01:02:08.090Z</time>
</trkpt>
<trkpt lat="47.8130989" lon="7.1773052">
	<ele>296.75</ele>
	<time>1970-01-01T01:02:11.824Z</time>
</trkpt>
<trkpt lat="47.8132439" lon="7.1773920">
	<ele>296.39</ele>
	<time>1970-01-01T01:02:14.007Z</time>
</trkpt>
<trkpt lat="47.8134727" lon="7.1775498">
	<ele>295.97</ele>
	<time>1970-01-01T01:02:17.596Z</time>
</trkpt>
<trkpt lat="47.8135300" lon="7.1775899">
	<ele>295.98</ele>
	<time>1970-01-01T01:02:18.529Z</time>
</trkpt>
<trkpt lat="47.8139114" lon="7.1778522">
	<ele>295.77</ele>
	<time>1970-01-01T01:02:25.108Z</time>
</trkpt>
<trkpt lat="47.8142548" lon="7.1780272">
	<ele>295.04</ele>
	<time>1970-01-01T01:02:31.381Z</time>
</trkpt>
<trkpt lat="47.8144989" lon="7.1781321">
	<ele>295.07</ele>
	<time>1970-01-01T01:02:36.123Z</time>
</trkpt>
<trkpt lat="47.8145752" lon="7.1781740">
	<ele>295.28</ele>
	<time>1970-01-01T01:02:37.644Z</time>
</trkpt>
<trkpt lat="47.8146248" lon="7.1782360">
	<ele>295.23</ele>
	<time>1970-01-01T01:02:38.826Z</time>
</trkpt>
<trkpt lat="47.8146973" lon="7.1783700">
	<ele>294.95</ele>
	<time>1970-01-01T01:02:41.166Z</time>
</trkpt>
<trkpt lat="47.8146935" lon="7.1784239">
	<ele>294.93</ele>
	<time>1970-01-01T01:02:41.834Z</time>
</trkpt>
<trkpt lat="47.8147049" lon="7.1784768">
	<ele>294.94</ele>
	<time>1970-01-01T01:02:42.503Z</time>
</trkpt>
<trkpt lat="47.8147354" lon="7.1785402">
	<ele>294.98</ele>
	<time>1970-01-01T01:02:43.506Z</time>
</trkpt>
<trkpt lat="47.8147583" lon="7.1785612">
	<ele>294.99</ele>
	<time>1970-01-01T01:02:43.975Z</time>
</trkpt>
<trkpt lat="47.8147926" lon="7.1785760">
	<ele>294.99</ele>
	<time>1970-01-01T01:02:44.603Z</time>
</trkpt>
<trkpt lat="47.8148308" lon="7.1785731">
	<ele>294.99</ele>
	<time>1970-01-01T01:02:45.274Z</time>
</trkpt>
<trkpt lat="47.8148651" lon="7.1785498">
	<ele>294.99</ele>
	<time>1970-01-01T01:02:45.946Z</time>
</trkpt>
<trkpt lat="47.8148918" lon="7.1785169">
	<ele>294.99</ele>
	<time>1970-01-01T01:02:46.617Z</time>
</trkpt>
<trkpt lat="47.8149109" lon="7.1784730">
	<ele>294.98</ele>
	<time>1970-01-01T01:02:47.336Z</time>
</trkpt>
<trkpt lat="47.8149185" lon="7.1784239">
	<ele>294.98</ele>
	<time>1970-01-01T01:02:48.052Z</time>
</trkpt>
<trkpt lat="47.8150673" lon="7.1782508">
	<ele>294.99</ele>
	<time>1970-01-01T01:02:52.026Z</time>
</trkpt>
<trkpt lat="47.8154755" lon="7.1781669">
	<ele>295.93</ele>
	<time>1970-01-01T01:03:00.249Z</time>
</trkpt>
<trkpt lat="47.8161011" lon="7.1781011">
	<ele>296.00</ele>
	<time>1970-01-01T01:03:14.576Z</time>
</trkpt>
<trkpt lat="47.8163223" lon="7.1781020">
	<ele>295.88</ele>
	<time>1970-01-01T01:03:19.933Z</time>
</trkpt>
<trkpt lat="47.8164940" lon="7.1781340">
	<ele>296.25</ele>
	<time>1970-01-01T01:03:24.065Z</time>
</trkpt>
<trkpt lat="47.8166046" lon="7.1781821">
	<ele>296.74</ele>
	<time>1970-01-01T01:03:26.970Z</time>
</trkpt>
<trkpt lat="47.8166237" lon="7.1781912">
	<ele>296.83</ele>
	<time>1970-01-01T01:03:27.407Z</time>
</trkpt>
<trkpt lat="47.8167152" lon="7.1782308">
	<ele>297.17</ele>
	<time>1970-01-01T01:03:30.110Z</time>
</trkpt>
<trkpt lat="47.8168030" lon="7.1783061">
	<ele>297.49</ele>
	<time>1970-01-01T01:03:32.883Z</time>
</trkpt>
<trkpt lat="47.8168831" lon="7.1783872">
	<ele>297.78</ele>
	<time>1970-01-01T01:03:35.908Z</time>
</trkpt>
<trkpt lat="47.8168945" lon="7.1783972">
	<ele>297.83</ele>
	<time>1970-01-01T01:03:36.175Z</time>
</trkpt>
<trkpt lat="47.8169289" lon="7.1784320">
	<ele>297.95</ele>
	<time>1970-01-01T01:03:37.494Z</time>
</trkpt>
<trkpt lat="47.8173676" lon="7.1791139">
	<ele>300.58</ele>
	<time>1970-01-01T01:03:52.265Z</time>
</trkpt>
<trkpt lat="47.8174553" lon="7.1792622">
	<ele>300.86</ele>
	<time>1970-01-01T01:03:55.551Z</time>
</trkpt>
<trkpt lat="47.8175812" lon="7.1795068">
	<ele>301.31</ele>
	<time>1970-01-01T01:04:00.673Z</time>
</trkpt>
<trkpt lat="47.8178139" lon="7.1800079">
	<ele>303.10</ele>
	<time>1970-01-01T01:04:11.019Z</time>
</trkpt>
<trkpt lat="47.8178673" lon="7.1801362">
	<ele>303.20</ele>
	<time>1970-01-01T01:04:13.353Z</time>
</trkpt>
<trkpt lat="47.8180618" lon="7.1804972">
	<ele>302.24</ele>
	<time>1970-01-01T01:04:20.013Z</time>
</trkpt>
<trkpt lat="47.8181152" lon="7.1806111">
	<ele>301.86</ele>
	<time>1970-01-01T01:04:21.746Z</time>
</trkpt>
<trkpt lat="47.8181458" lon="7.1806760">
	<ele>301.65</ele>
	<time>1970-01-01T01:04:22.783Z</time>
</trkpt>
<trkpt lat="47.8182755" lon="7.1809692">
	<ele>301.51</ele>
	<time>1970-01-01T01:04:30.950Z</time>
</trkpt>
<trkpt lat="47.8183212" lon="7.1810818">
	<ele>301.08</ele>
	<time>1970-01-01T01:04:33.627Z</time>
</trkpt>
<trkpt lat="47.8183670" lon="7.1812210">
	<ele>301.05</ele>
	<time>1970-01-01T01:04:36.496Z</time>
</trkpt>
<trkpt lat="47.8184128" lon="7.1813841">
	<ele>301.39</ele>
	<time>1970-01-01T01:04:39.286Z</time>
</trkpt>
<trkpt lat="47.8184357" lon="7.1814771">
	<ele>301.34</ele>
	<time>1970-01-01T01:04:40.655Z</time>
</trkpt>
<trkpt lat="47.8185120" lon="7.1817679">
	<ele>301.00</ele>
	<time>1970-01-01T01:04:44.539Z</time>
</trkpt>
<trkpt lat="47.8185806" lon="7.1819830">
	<ele>299.77</ele>
	<time>1970-01-01T01:04:47.391Z</time>
</trkpt>
<trkpt lat="47.8186493" lon="7.1821709">
	<ele>299.39</ele>
	<time>1970-01-01T01:04:49.798Z</time>
</trkpt>
<trkpt lat="47.8186836" lon="7.1822381">
	<ele>299.45</ele>
	<time>1970-01-01T01:04:50.656Z</time>
</trkpt>
<trkpt lat="47.8187485" lon="7.1824722">
	<ele>299.13</ele>
	<time>1970-01-01T01:04:53.271Z</time>
</trkpt>
<trkpt lat="47.8187332" lon="7.1825089">
	<ele>298.90</ele>
	<time>1970-01-01T01:04:53.668Z</time>
</trkpt>
<trkpt lat="47.8187294" lon="7.1825509">
	<ele>298.78</ele>
	<time>1970-01-01T01:04:54.068Z</time>
</trkpt>
<trkpt lat="47.8187332" lon="7.1825929">
	<ele>298.76</ele>
	<time>1970-01-01T01:04:54.448Z</time>
</trkpt>
<trkpt lat="47.8187447" lon="7.1826320">
	<ele>298.79</ele>
	<time>1970-01-01T01:04:54.831Z</time>
</trkpt>
<trkpt lat="47.8187637" lon="7.1826630">
	<ele>298.87</ele>
	<time>1970-01-01T01:04:55.217Z</time>
</trkpt>
<trkpt lat="47.8187866" lon="7.1828499">
	<ele>298.42</ele>
	<time>1970-01-01T01:04:56.801Z</time>
</trkpt>
<trkpt lat="47.8187866" lon="7.1829100">
	<ele>298.14</ele>
	<time>1970-01-01T01:04:57.266Z</time>
</trkpt>
<trkpt lat="47.8187904" lon="7.1833510">
	<ele>297.58</ele>
	<time>1970-01-01T01:05:00.468Z</time>
</trkpt>
<trkpt lat="47.8188286" lon="7.1843152">
	<ele>296.37</ele>
	<time>1970-01-01T01:05:11.618Z</time>
</trkpt>
<trkpt lat="47.8188553" lon="7.1846871">
	<ele>296.05</ele>
	<time>1970-01-01T01:05:15.410Z</time>
</trkpt>
<trkpt lat="47.8188553" lon="7.1848540">
	<ele>295.51</ele>
	<time>1970-01-01T01:05:16.922Z</time>
</trkpt>
<trkpt lat="47.8189049" lon="7.1848569">
	<ele>295.54</ele>
	<time>1970-01-01T01:05:17.602Z</time>
</trkpt>
<trkpt lat="47.8189468" lon="7.1848769">
	<ele>295.53</ele>
	<time>1970-01-01T01:05:18.288Z</time>
</trkpt>
<trkpt lat="47.8190041" lon="7.1849222">
	<ele>295.57</ele>
	<time>1970-01-01T01:05:19.206Z</time>
</trkpt>
<trkpt lat="47.8191376" lon="7.1851311">
	<ele>295.50</ele>
	<time>1970-01-01T01:05:21.894Z</time>
</trkpt>
<trkpt lat="47.8192787" lon="7.1852980">
	<ele>294.97</ele>
	<time>1970-01-01T01:05:24.347Z</time>
</trkpt>
<trkpt lat="47.8195152" lon="7.1855140">
	<ele>294.98</ele>
	<time>1970-01-01T01:05:28.204Z</time>
</trkpt>
<trkpt lat="47.8201294" lon="7.1859760">
	<ele>294.76</ele>
	<time>1970-01-01T01:05:38.911Z</time>
</trkpt>
<trkpt lat="47.8217812" lon="7.1872792">
	<ele>293.80</ele>
	<time>1970-01-01T01:06:08.496Z</time>
</trkpt>
<trkpt lat="47.8218575" lon="7.1874032">
	<ele>293.81</ele>
	<time>1970-01-01T01:06:10.192Z</time>
</trkpt>
<trkpt lat="47.8219795" lon="7.1876450">
	<ele>293.54</ele>
	<time>1970-01-01T01:06:12.919Z</time>
</trkpt>
<trkpt lat="47.8223076" lon="7.1881800">
	<ele>292.96</ele>
	<time>1970-01-01T01:06:19.332Z</time>
</trkpt>
<trkpt lat="47.8226166" lon="7.1886091">
	<ele>293.02</ele>
	<time>1970-01-01T01:06:26.298Z</time>
</trkpt>
<trkpt lat="47.8232536" lon="7.1894021">
	<ele>293.01</ele>
	<time>1970-01-01T01:06:36.962Z</time>
</trkpt>
<trkpt lat="47.8237228" lon="7.1898642">
	<ele>293.76</ele>
	<time>1970-01-01T01:06:45.032Z</time>
</trkpt>
<trkpt lat="47.8242416" lon="7.1902022">
	<ele>294.06</ele>
	<time>1970-01-01T01:06:54.543Z</time>
</trkpt>
<trkpt lat="47.8249855" lon="7.1909351">
	<ele>293.94</ele>
	<time>1970-01-01T01:07:16.070Z</time>
</trkpt>
<trkpt lat="47.8251495" lon="7.1910830">
	<ele>294.04</ele>
	<time>1970-01-01T01:07:20.097Z</time>
</trkpt>
<trkpt lat="47.8252754" lon="7.1911979">
	<ele>293.96</ele>
	<time>1970-01-01T01:07:22.906Z</time>
</trkpt>
<trkpt lat="47.8258362" lon="7.1916409">
	<ele>294.10</ele>
	<time>1970-01-01T01:07:32.234Z</time>
</trkpt>
<trkpt lat="47.8261528" lon="7.1919069">
	<ele>294.09</ele>
	<time>1970-01-01T01:07:38.349Z</time>
</trkpt>
<trkpt lat="47.8265228" lon="7.1922622">
	<ele>294.44</ele>
	<time>1970-01-01T01:07:46.077Z</time>
</trkpt>
<trkpt lat="47.8265800" lon="7.1923389">
	<ele>294.39</ele>
	<time>1970-01-01T01:07:47.518Z</time>
</trkpt>
<trkpt lat="47.8268967" lon="7.1930852">
	<ele>292.90</ele>
	<time>1970-01-01T01:07:56.051Z</time>
</trkpt>
<trkpt lat="47.8273430" lon="7.1939869">
	<ele>292.81</ele>
	<time>1970-01-01T01:08:06.981Z</time>
</trkpt>
<trkpt lat="47.8278046" lon="7.1945562">
	<ele>292.71</ele>
	<time>1970-01-01T01:08:16.890Z</time>
</trkpt>
<trkpt lat="47.8283730" lon="7.1953182">
	<ele>291.84</ele>
	<time>1970-01-01T01:08:30.281Z</time>
</trkpt>
<trkpt lat="47.8288574" lon="7.1964011">
	<ele>289.84</ele>
	<time>1970-01-01T01:08:41.925Z</time>
</trkpt>
<trkpt lat="47.8296394" lon="7.1980639">
	<ele>287.58</ele>
	<time>1970-01-01T01:08:59.890Z</time>
</trkpt>
<trkpt lat="47.8298416" lon="7.1983652">
	<ele>288.37</ele>
	<time>1970-01-01T01:09:04.811Z</time>
</trkpt>
<trkpt lat="47.8308258" lon="7.2001448">
	<ele>286.53</ele>
	<time>1970-01-01T01:09:26.208Z</time>
</trkpt>
<trkpt lat="47.8309097" lon="7.2002282">
	<ele>286.16</ele>
	<time>1970-01-01T01:09:27.851Z</time>
</trkpt>
<trkpt lat="47.8309593" lon="7.2003951">
	<ele>285.66</ele>
	<time>1970-01-01T01:09:29.739Z</time>
</trkpt>
<trkpt lat="47.8313408" lon="7.2014141">
	<ele>284.49</ele>
	<time>1970-01-01T01:09:40.989Z</time>
</trkpt>
<trkpt lat="47.8313904" lon="7.2016659">
	<ele>283.02</ele>
	<time>1970-01-01T01:09:43.860Z</time>
</trkpt>
<trkpt lat="47.8314095" lon="7.2019219">
	<ele>282.22</ele>
	<time>1970-01-01T01:09:46.130Z</time>
</trkpt>
<trkpt lat="47.8314095" lon="7.2023449">
	<ele>281.71</ele>
	<time>1970-01-01T01:09:49.328Z</time>
</trkpt>
<trkpt lat="47.8313675" lon="7.2025118">
	<ele>280.93</ele>
	<time>1970-01-01T01:09:50.582Z</time>
</trkpt>
<trkpt lat="47.8312874" lon="7.2026730">
	<ele>280.24</ele>
	<time>1970-01-01T01:09:52.001Z</time>
</trkpt>
<trkpt lat="47.8308411" lon="7.2031369">
	<ele>279.04</ele>
	<time>1970-01-01T01:09:59.568Z</time>
</trkpt>
<trkpt lat="47.8292694" lon="7.2050891">
	<ele>276.54</ele>
	<time>1970-01-01T01:10:25.166Z</time>
</trkpt>
<trkpt lat="47.8280678" lon="7.2063708">
	<ele>275.99</ele>
	<time>1970-01-01T01:10:49.583Z</time>
</trkpt>
<trkpt lat="47.8266068" lon="7.2079258">
	<ele>275.10</ele>
	<time>1970-01-01T01:11:22.301Z</time>
</trkpt>
<trkpt lat="47.8265686" lon="7.2079992">
	<ele>275.11</ele>
	<time>1970-01-01T01:11:23.463Z</time>
</trkpt>
<trkpt lat="47.8265915" lon="7.2080870">
	<ele>275.01</ele>
	<time>1970-01-01T01:11:24.625Z</time>
</trkpt>
<trkpt lat="47.8267899" lon="7.2085519">
	<ele>273.98</ele>
	<time>1970-01-01T01:11:30.438Z</time>
</trkpt>
<trkpt lat="47.8282433" lon="7.2116642">
	<ele>271.08</ele>
	<time>1970-01-01T01:12:04.660Z</time>
</trkpt>
<trkpt lat="47.8304367" lon="7.2140532">
	<ele>267.00</ele>
	<time>1970-01-01T01:12:38.417Z</time>
</trkpt>
<trkpt lat="47.8326073" lon="7.2164721">
	<ele>265.92</ele>
	<time>1970-01-01T01:13:18.868Z</time>
</trkpt>
<trkpt lat="47.8343010" lon="7.2182860">
	<ele>264.07</ele>
	<time>1970-01-01T01:13:57.085Z</time>
</trkpt>
<trkpt lat="47.8351364" lon="7.2195969">
	<ele>261.99</ele>
	<time>1970-01-01T01:14:15.343Z</time>
</trkpt>
<trkpt lat="47.8352928" lon="7.2198768">
	<ele>261.97</ele>
	<time>1970-01-01T01:14:19.237Z</time>
</trkpt>
<trkpt lat="47.8354034" lon="7.2201781">
	<ele>262.00</ele>
	<time>1970-01-01T01:14:22.907Z</time>
</trkpt>
<trkpt lat="47.8354454" lon="7.2202892">
	<ele>262.02</ele>
	<time>1970-01-01T01:14:24.356Z</time>
</trkpt>
<trkpt lat="47.8362923" lon="7.2211008">
	<ele>261.03</ele>
	<time>1970-01-01T01:14:39.218Z</time>
</trkpt>
<trkpt lat="47.8368874" lon="7.2218919">
	<ele>260.94</ele>
	<time>1970-01-01T01:14:53.454Z</time>
</trkpt>
<trkpt lat="47.8368988" lon="7.2219820">
	<ele>261.10</ele>
	<time>1970-01-01T01:14:54.112Z</time>
</trkpt>
<trkpt lat="47.8368759" lon="7.2220569">
	<ele>261.10</ele>
	<time>1970-01-01T01:14:54.715Z</time>
</trkpt>
<trkpt lat="47.8367844" lon="7.2221422">
	<ele>260.98</ele>
	<time>1970-01-01T01:14:56.072Z</time>
</trkpt>
<trkpt lat="47.8368034" lon="7.2222638">
	<ele>260.92</ele>
	<time>1970-01-01T01:14:57.177Z</time>
</trkpt>
<trkpt lat="47.8368225" lon="7.2223258">
	<ele>260.90</ele>
	<time>1970-01-01T01:14:57.838Z</time>
</trkpt>
<trkpt lat="47.8368340" lon="7.2223840">
	<ele>260.87</ele>
	<time>1970-01-01T01:14:58.506Z</time>
</trkpt>
<trkpt lat="47.8368340" lon="7.2224698">
	<ele>260.85</ele>
	<time>1970-01-01T01:14:59.364Z</time>
</trkpt>
<trkpt lat="47.8368073" lon="7.2225380">
	<ele>260.89</ele>
	<time>1970-01-01T01:15:00.230Z</time>
</trkpt>
<trkpt lat="47.8367348" lon="7.2226081">
	<ele>260.98</ele>
	<time>1970-01-01T01:15:01.781Z</time>
</trkpt>
<trkpt lat="47.8358459" lon="7.2230968">
	<ele>261.08</ele>
	<time>1970-01-01T01:15:17.896Z</time>
</trkpt>
<trkpt lat="47.8356018" lon="7.2231178">
	<ele>261.04</ele>
	<time>1970-01-01T01:15:22.219Z</time>
</trkpt>
<trkpt lat="47.8351822" lon="7.2231541">
	<ele>261.86</ele>
	<time>1970-01-01T01:15:30.992Z</time>
</trkpt>
<trkpt lat="47.8350868" lon="7.2232008">
	<ele>261.56</ele>
	<time>1970-01-01T01:15:32.986Z</time>
</trkpt>
<trkpt lat="47.8351479" lon="7.2235432">
	<ele>262.71</ele>
	<time>1970-01-01T01:15:37.362Z</time>
</trkpt>
<trkpt lat="47.8353043" lon="7.2238188">
	<ele>261.60</ele>
	<time>1970-01-01T01:15:41.639Z</time>
</trkpt>
<trkpt lat="47.8357925" lon="7.2244792">
	<ele>261.10</ele>
	<time>1970-01-01T01:15:53.438Z</time>
</trkpt>
<trkpt lat="47.8363037" lon="7.2251182">
	<ele>260.81</ele>
	<time>1970-01-01T01:16:04.528Z</time>
</trkpt>
<trkpt lat="47.8378143" lon="7.2268720">
	<ele>256.55</ele>
	<time>1970-01-01T01:16:30.730Z</time>
</trkpt>
<trkpt lat="47.8412552" lon="7.2308249">
	<ele>252.47</ele>
	<time>1970-01-01T01:17:44.646Z</time>
</trkpt>
<trkpt lat="47.8413429" lon="7.2308998">
	<ele>252.15</ele>
	<time>1970-01-01T01:17:46.264Z</time>
</trkpt>
<trkpt lat="47.8447456" lon="7.2348619">
	<ele>249.45</ele>
	<time>1970-01-01T01:18:47.789Z</time>
</trkpt>
<trkpt lat="47.8458862" lon="7.2361069">
	<ele>248.87</ele>
	<time>1970-01-01T01:19:13.870Z</time>
</trkpt>
<trkpt lat="47.8460617" lon="7.2362390">
	<ele>248.12</ele>
	<time>1970-01-01T01:19:17.129Z</time>
</trkpt>
<trkpt lat="47.8461571" lon="7.2362390">
	<ele>247.83</ele>
	<time>1970-01-01T01:19:18.693Z</time>
</trkpt>
<trkpt lat="47.8462105" lon="7.2362051">
	<ele>247.69</ele>
	<time>1970-01-01T01:19:19.556Z</time>
</trkpt>
<trkpt lat="47.8462448" lon="7.2361612">
	<ele>247.53</ele>
	<time>1970-01-01T01:19:20.281Z</time>
</trkpt>
<trkpt lat="47.8462715" lon="7.2360430">
	<ele>247.30</ele>
	<time>1970-01-01T01:19:21.598Z</time>
</trkpt>
<trkpt lat="47.8463593" lon="7.2360649">
	<ele>247.01</ele>
	<time>1970-01-01T01:19:22.994Z</time>
</trkpt>
<trkpt lat="47.8466530" lon="7.2363672">
	<ele>246.07</ele>
	<time>1970-01-01T01:19:28.245Z</time>
</trkpt>
<trkpt lat="47.8467827" lon="7.2366600">
	<ele>246.51</ele>
	<time>1970-01-01T01:19:31.700Z</time>
</trkpt>
<trkpt lat="47.8469086" lon="7.2368870">
	<ele>246.90</ele>
	<time>1970-01-01T01:19:34.759Z</time>
</trkpt>
<trkpt lat="47.8469429" lon="7.2370391">
	<ele>247.38</ele>
	<time>1970-01-01T01:19:36.474Z</time>
</trkpt>
<trkpt lat="47.8470039" lon="7.2371249">
	<ele>247.39</ele>
	<time>1970-01-01T01:19:37.706Z</time>
</trkpt>
<trkpt lat="47.8472862" lon="7.2373600">
	<ele>246.60</ele>
	<time>1970-01-01T01:19:42.132Z</time>
</trkpt>
<trkpt lat="47.8484993" lon="7.2381659">
	<ele>244.91</ele>
	<time>1970-01-01T01:20:00.559Z</time>
</trkpt>
<trkpt lat="47.8496056" lon="7.2387838">
	<ele>244.59</ele>
	<time>1970-01-01T01:20:20.814Z</time>
</trkpt>
<trkpt lat="47.8513222" lon="7.2395291">
	<ele>243.93</ele>
	<time>1970-01-01T01:20:48.496Z</time>
</trkpt>
<trkpt lat="47.8528786" lon="7.2402682">
	<ele>242.90</ele>
	<time>1970-01-01T01:21:15.519Z</time>
</trkpt>
<trkpt lat="47.8533516" lon="7.2404160">
	<ele>243.50</ele>
	<time>1970-01-01T01:21:21.020Z</time>
</trkpt>
<trkpt lat="47.8538704" lon="7.2404160">
	<ele>243.56</ele>
	<time>1970-01-01T01:21:28.727Z</time>
</trkpt>
<trkpt lat="47.8546562" lon="7.2402668">
	<ele>242.95</ele>
	<time>1970-01-01T01:21:42.378Z</time>
</trkpt>
<trkpt lat="47.8548355" lon="7.2401938">
	<ele>242.58</ele>
	<time>1970-01-01T01:21:45.742Z</time>
</trkpt>
<trkpt lat="47.8549118" lon="7.2401328">
	<ele>242.27</ele>
	<time>1970-01-01T01:21:47.256Z</time>
</trkpt>
<trkpt lat="47.8549805" lon="7.2400122">
	<ele>242.01</ele>
	<time>1970-01-01T01:21:49.091Z</time>
</trkpt>
<trkpt lat="47.8550110" lon="7.2398572">
	<ele>242.46</ele>
	<time>1970-01-01T01:21:50.944Z</time>
</trkpt>
<trkpt lat="47.8550301" lon="7.2396002">
	<ele>243.03</ele>
	<time>1970-01-01T01:21:54.097Z</time>
</trkpt>
<trkpt lat="47.8550568" lon="7.2395601">
	<ele>243.05</ele>
	<time>1970-01-01T01:21:54.761Z</time>
</trkpt>
<trkpt lat="47.8551979" lon="7.2395492">
	<ele>243.51</ele>
	<time>1970-01-01T01:21:57.116Z</time>
</trkpt>
<trkpt lat="47.8552971" lon="7.2395878">
	<ele>243.47</ele>
	<time>1970-01-01T01:21:58.666Z</time>
</trkpt>
<trkpt lat="47.8553581" lon="7.2396889">
	<ele>243.06</ele>
	<time>1970-01-01T01:22:00.019Z</time>
</trkpt>
<trkpt lat="47.8553619" lon="7.2400632">
	<ele>243.15</ele>
	<time>1970-01-01T01:22:03.935Z</time>
</trkpt>
<trkpt lat="47.8553810" lon="7.2401910">
	<ele>243.18</ele>
	<time>1970-01-01T01:22:05.466Z</time>
</trkpt>
<trkpt lat="47.8554459" lon="7.2403102">
	<ele>242.83</ele>
	<time>1970-01-01T01:22:07.164Z</time>
</trkpt>
<trkpt lat="47.8563271" lon="7.2415919">
	<ele>242.22</ele>
	<time>1970-01-01T01:22:28.357Z</time>
</trkpt>
<trkpt lat="47.8566055" lon="7.2418609">
	<ele>242.05</ele>
	<time>1970-01-01T01:22:33.736Z</time>
</trkpt>
<trkpt lat="47.8570023" lon="7.2420850">
	<ele>241.91</ele>
	<time>1970-01-01T01:22:41.278Z</time>
</trkpt>
<trkpt lat="47.8575172" lon="7.2423210">
	<ele>241.52</ele>
	<time>1970-01-01T01:22:52.721Z</time>
</trkpt>
<trkpt lat="47.8588600" lon="7.2426281">
	<ele>241.48</ele>
	<time>1970-01-01T01:23:15.043Z</time>
</trkpt>
<trkpt lat="47.8591309" lon="7.2427740">
	<ele>241.93</ele>
	<time>1970-01-01T01:23:21.139Z</time>
</trkpt>
<trkpt lat="47.8595009" lon="7.2428651">
	<ele>241.85</ele>
	<time>1970-01-01T01:23:28.640Z</time>
</trkpt>
<trkpt lat="47.8621979" lon="7.2434649">
	<ele>244.33</ele>
	<time>1970-01-01T01:24:33.270Z</time>
</trkpt>
<trkpt lat="47.8652382" lon="7.2442002">
	<ele>247.12</ele>
	<time>1970-01-01T01:25:40.913Z</time>
</trkpt>
<trkpt lat="47.8652382" lon="7.2442002">
	<ele>247.12</ele>
	<time>1970-01-01T01:26:25.276Z</time>
</trkpt>
<trkpt lat="47.8662109" lon="7.2444358">
	<ele>248.62</ele>
	<time>1970-01-01T01:26:46.134Z</time>
</trkpt>
<trkpt lat="47.8668823" lon="7.2446451">
	<ele>249.11</ele>
	<time>1970-01-01T01:26:59.458Z</time>
</trkpt>
<trkpt lat="47.8700027" lon="7.2457042">
	<ele>251.55</ele>
	<time>1970-01-01T01:28:05.422Z</time>
</trkpt>
<trkpt lat="47.8701324" lon="7.2457218">
	<ele>251.32</ele>
	<time>1970-01-01T01:28:07.953Z</time>
</trkpt>
<trkpt lat="47.8716164" lon="7.2462778">
	<ele>249.97</ele>
	<time>1970-01-01T01:28:39.485Z</time>
</trkpt>
<trkpt lat="47.8718605" lon="7.2463641">
	<ele>249.83</ele>
	<time>1970-01-01T01:28:44.957Z</time>
</trkpt>
<trkpt lat="47.8719635" lon="7.2463551">
	<ele>250.03</ele>
	<time>1970-01-01T01:28:47.191Z</time>
</trkpt>
<trkpt lat="47.8721275" lon="7.2462721">
	<ele>250.97</ele>
	<time>1970-01-01T01:28:51.465Z</time>
</trkpt>
<trkpt lat="47.8722382" lon="7.2462282">
	<ele>251.59</ele>
	<time>1970-01-01T01:28:54.454Z</time>
</trkpt>
<trkpt lat="47.8723259" lon="7.2461839">
	<ele>251.92</ele>
	<time>1970-01-01T01:28:56.829Z</time>
</trkpt>
<trkpt lat="47.8724213" lon="7.2461572">
	<ele>252.00</ele>
	<time>1970-01-01T01:28:59.523Z</time>
</trkpt>
<trkpt lat="47.8725014" lon="7.2461829">
	<ele>252.00</ele>
	<time>1970-01-01T01:29:01.796Z</time>
</trkpt>
<trkpt lat="47.8725662" lon="7.2462740">
	<ele>252.05</ele>
	<time>1970-01-01T01:29:04.394Z</time>
</trkpt>
<trkpt lat="47.8726311" lon="7.2463322">
	<ele>252.06</ele>
	<time>1970-01-01T01:29:06.794Z</time>
</trkpt>
<trkpt lat="47.8727036" lon="7.2463570">
	<ele>252.03</ele>
	<time>1970-01-01T01:29:08.850Z</time>
</trkpt>
<trkpt lat="47.8727722" lon="7.2463551">
	<ele>252.00</ele>
	<time>1970-01-01T01:29:10.596Z</time>
</trkpt>
<trkpt lat="47.8729362" lon="7.2462778">
	<ele>251.96</ele>
	<time>1970-01-01T01:29:15.112Z</time>
</trkpt>
<trkpt lat="47.8730240" lon="7.2462459">
	<ele>251.98</ele>
	<time>1970-01-01T01:29:17.378Z</time>
</trkpt>
<trkpt lat="47.8733101" lon="7.2462211">
	<ele>252.35</ele>
	<time>1970-01-01T01:29:24.226Z</time>
</trkpt>
<trkpt lat="47.8734436" lon="7.2461362">
	<ele>252.02</ele>
	<time>1970-01-01T01:29:27.469Z</time>
</trkpt>
<trkpt lat="47.8735542" lon="7.2459831">
	<ele>251.85</ele>
	<time>1970-01-01T01:29:30.814Z</time>
</trkpt>
<trkpt lat="47.8736382" lon="7.2459159">
	<ele>252.04</ele>
	<time>1970-01-01T01:29:32.741Z</time>
</trkpt>
<trkpt lat="47.8736877" lon="7.2459178">
	<ele>252.23</ele>
	<time>1970-01-01T01:29:33.694Z</time>
</trkpt>
<trkpt lat="47.8737183" lon="7.2459402">
	<ele>252.37</ele>
	<time>1970-01-01T01:29:34.507Z</time>
</trkpt>
<trkpt lat="47.8737831" lon="7.2460089">
	<ele>252.72</ele>
	<time>1970-01-01T01:29:36.313Z</time>
</trkpt>
<trkpt lat="47.8738327" lon="7.2460771">
	<ele>252.94</ele>
	<time>1970-01-01T01:29:37.698Z</time>
</trkpt>
<trkpt lat="47.8738785" lon="7.2461648">
	<ele>252.86</ele>
	<time>1970-01-01T01:29:39.371Z</time>
</trkpt>
<trkpt lat="47.8739052" lon="7.2462392">
	<ele>252.53</ele>
	<time>1970-01-01T01:29:40.607Z</time>
</trkpt>
<trkpt lat="47.8738976" lon="7.2463589">
	<ele>252.06</ele>
	<time>1970-01-01T01:29:42.433Z</time>
</trkpt>
<trkpt lat="47.8738556" lon="7.2464290">
	<ele>252.02</ele>
	<time>1970-01-01T01:29:43.832Z</time>
</trkpt>
<trkpt lat="47.8737488" lon="7.2465162">
	<ele>252.24</ele>
	<time>1970-01-01T01:29:46.579Z</time>
</trkpt>
<trkpt lat="47.8736954" lon="7.2465830">
	<ele>252.15</ele>
	<time>1970-01-01T01:29:48.123Z</time>
</trkpt>
<trkpt lat="47.8736649" lon="7.2466698">
	<ele>251.93</ele>
	<time>1970-01-01T01:29:49.459Z</time>
</trkpt>
<trkpt lat="47.8736496" lon="7.2467651">
	<ele>251.90</ele>
	<time>1970-01-01T01:29:50.783Z</time>
</trkpt>
<trkpt lat="47.8736458" lon="7.2468429">
	<ele>251.95</ele>
	<time>1970-01-01T01:29:51.835Z</time>
</trkpt>
<trkpt lat="47.8736496" lon="7.2469659">
	<ele>252.00</ele>
	<time>1970-01-01T01:29:53.308Z</time>
</trkpt>
<trkpt lat="47.8736877" lon="7.2471251">
	<ele>251.82</ele>
	<time>1970-01-01T01:29:55.312Z</time>
</trkpt>
<trkpt lat="47.8737793" lon="7.2473078">
	<ele>251.24</ele>
	<time>1970-01-01T01:29:57.809Z</time>
</trkpt>
<trkpt lat="47.8739319" lon="7.2474909">
	<ele>250.93</ele>
	<time>1970-01-01T01:30:00.932Z</time>
</trkpt>
<trkpt lat="47.8740730" lon="7.2475891">
	<ele>251.26</ele>
	<time>1970-01-01T01:30:03.563Z</time>
</trkpt>
<trkpt lat="47.8773232" lon="7.2494402">
	<ele>249.97</ele>
	<time>1970-01-01T01:30:58.394Z</time>
</trkpt>
<trkpt lat="47.8774033" lon="7.2494988">
	<ele>250.05</ele>
	<time>1970-01-01T01:31:00.042Z</time>
</trkpt>
<trkpt lat="47.8776093" lon="7.2495651">
	<ele>249.58</ele>
	<time>1970-01-01T01:31:03.779Z</time>
</trkpt>
<trkpt lat="47.8802185" lon="7.2510290">
	<ele>248.94</ele>
	<time>1970-01-01T01:32:00.259Z</time>
</trkpt>
<trkpt lat="47.8810997" lon="7.2515821">
	<ele>248.95</ele>
	<time>1970-01-01T01:32:17.379Z</time>
</trkpt>
<trkpt lat="47.8821182" lon="7.2522550">
	<ele>249.65</ele>
	<time>1970-01-01T01:32:36.373Z</time>
</trkpt>
<trkpt lat="47.8822098" lon="7.2522960">
	<ele>249.34</ele>
	<time>1970-01-01T01:32:38.029Z</time>
</trkpt>
<trkpt lat="47.8822556" lon="7.2522988">
	<ele>248.94</ele>
	<time>1970-01-01T01:32:38.788Z</time>
</trkpt>
<trkpt lat="47.8822899" lon="7.2522750">
	<ele>248.41</ele>
	<time>1970-01-01T01:32:39.397Z</time>
</trkpt>
<trkpt lat="47.8823242" lon="7.2521949">
	<ele>247.83</ele>
	<time>1970-01-01T01:32:40.405Z</time>
</trkpt>
<trkpt lat="47.8823700" lon="7.2519121">
	<ele>247.86</ele>
	<time>1970-01-01T01:32:43.635Z</time>
</trkpt>
<trkpt lat="47.8824043" lon="7.2517691">
	<ele>247.95</ele>
	<time>1970-01-01T01:32:45.186Z</time>
</trkpt>
<trkpt lat="47.8824425" lon="7.2517018">
	<ele>247.98</ele>
	<time>1970-01-01T01:32:46.044Z</time>
</trkpt>
<trkpt lat="47.8825073" lon="7.2516799">
	<ele>247.95</ele>
	<time>1970-01-01T01:32:47.133Z</time>
</trkpt>
<trkpt lat="47.8824768" lon="7.2520890">
	<ele>246.47</ele>
	<time>1970-01-01T01:32:51.738Z</time>
</trkpt>
<trkpt lat="47.8824615" lon="7.2525640">
	<ele>246.43</ele>
	<time>1970-01-01T01:32:56.974Z</time>
</trkpt>
<trkpt lat="47.8824463" lon="7.2529860">
	<ele>247.14</ele>
	<time>1970-01-01T01:33:00.927Z</time>
</trkpt>
<trkpt lat="47.8824348" lon="7.2534242">
	<ele>247.80</ele>
	<time>1970-01-01T01:33:04.761Z</time>
</trkpt>
<trkpt lat="47.8824577" lon="7.2542081">
	<ele>247.00</ele>
	<time>1970-01-01T01:33:11.353Z</time>
</trkpt>
<trkpt lat="47.8825111" lon="7.2553592">
	<ele>245.93</ele>
	<time>1970-01-01T01:33:24.453Z</time>
</trkpt>
<trkpt lat="47.8825493" lon="7.2558331">
	<ele>246.00</ele>
	<time>1970-01-01T01:33:30.177Z</time>
</trkpt>
<trkpt lat="47.8826065" lon="7.2563119">
	<ele>245.13</ele>
	<time>1970-01-01T01:33:35.129Z</time>
</trkpt>
<trkpt lat="47.8830681" lon="7.2600851">
	<ele>243.03</ele>
	<time>1970-01-01T01:34:15.968Z</time>
</trkpt>
<trkpt lat="47.8832207" lon="7.2611318">
	<ele>241.30</ele>
	<time>1970-01-01T01:34:27.432Z</time>
</trkpt>
<trkpt lat="47.8834305" lon="7.2624588">
	<ele>241.45</ele>
	<time>1970-01-01T01:34:43.410Z</time>
</trkpt>
<trkpt lat="47.8835793" lon="7.2634292">
	<ele>244.84</ele>
	<time>1970-01-01T01:34:54.543Z</time>
</trkpt>
<trkpt lat="47.8836060" lon="7.2636542">
	<ele>243.38</ele>
	<time>1970-01-01T01:34:57.181Z</time>
</trkpt>
<trkpt lat="47.8837662" lon="7.2646990">
	<ele>240.27</ele>
	<time>1970-01-01T01:35:10.536Z</time>
</trkpt>
<trkpt lat="47.8839188" lon="7.2656469">
	<ele>241.40</ele>
	<time>1970-01-01T01:35:18.904Z</time>
</trkpt>
<trkpt lat="47.8840523" lon="7.2665529">
	<ele>238.05</ele>
	<time>1970-01-01T01:35:26.418Z</time>
</trkpt>
<trkpt lat="47.8840866" lon="7.2667861">
	<ele>237.96</ele>
	<time>1970-01-01T01:35:28.664Z</time>
</trkpt>
<trkpt lat="47.8841743" lon="7.2671709">
	<ele>238.06</ele>
	<time>1970-01-01T01:35:33.055Z</time>
</trkpt>
<trkpt lat="47.8842659" lon="7.2675042">
	<ele>236.99</ele>
	<time>1970-01-01T01:35:37.377Z</time>
</trkpt>
<trkpt lat="47.8844299" lon="7.2680259">
	<ele>237.00</ele>
	<time>1970-01-01T01:35:44.346Z</time>
</trkpt>
<trkpt lat="47.8847008" lon="7.2688122">
	<ele>236.83</ele>
	<time>1970-01-01T01:35:54.186Z</time>
</trkpt>
<trkpt lat="47.8852386" lon="7.2701221">
	<ele>234.92</ele>
	<time>1970-01-01T01:36:08.901Z</time>
</trkpt>
<trkpt lat="47.8853340" lon="7.2704248">
	<ele>234.91</ele>
	<time>1970-01-01T01:36:12.558Z</time>
</trkpt>
<trkpt lat="47.8854103" lon="7.2707882">
	<ele>234.51</ele>
	<time>1970-01-01T01:36:16.554Z</time>
</trkpt>
<trkpt lat="47.8854752" lon="7.2712250">
	<ele>234.29</ele>
	<time>1970-01-01T01:36:20.764Z</time>
</trkpt>
<trkpt lat="47.8855019" lon="7.2714782">
	<ele>234.13</ele>
	<time>1970-01-01T01:36:23.201Z</time>
</trkpt>
<trkpt lat="47.8856316" lon="7.2729702">
	<ele>233.23</ele>
	<time>1970-01-01T01:36:36.885Z</time>
</trkpt>
<trkpt lat="47.8857079" lon="7.2735381">
	<ele>232.53</ele>
	<time>1970-01-01T01:36:42.493Z</time>
</trkpt>
<trkpt lat="47.8858643" lon="7.2744331">
	<ele>232.00</ele>
	<time>1970-01-01T01:36:51.242Z</time>
</trkpt>
<trkpt lat="47.8860245" lon="7.2753110">
	<ele>230.95</ele>
	<time>1970-01-01T01:37:00.632Z</time>
</trkpt>
<trkpt lat="47.8861198" lon="7.2758451">
	<ele>231.00</ele>
	<time>1970-01-01T01:37:06.449Z</time>
</trkpt>
<trkpt lat="47.8862915" lon="7.2767682">
	<ele>229.96</ele>
	<time>1970-01-01T01:37:14.682Z</time>
</trkpt>
<trkpt lat="47.8863373" lon="7.2768998">
	<ele>230.11</ele>
	<time>1970-01-01T01:37:16.099Z</time>
</trkpt>
<trkpt lat="47.8864708" lon="7.2773428">
	<ele>230.02</ele>
	<time>1970-01-01T01:37:20.742Z</time>
</trkpt>
<trkpt lat="47.8867950" lon="7.2783461">
	<ele>228.94</ele>
	<time>1970-01-01T01:37:29.938Z</time>
</trkpt>
<trkpt lat="47.8868675" lon="7.2785878">
	<ele>229.03</ele>
	<time>1970-01-01T01:37:32.395Z</time>
</trkpt>
<trkpt lat="47.8869209" lon="7.2787781">
	<ele>228.39</ele>
	<time>1970-01-01T01:37:34.226Z</time>
</trkpt>
<trkpt lat="47.8870239" lon="7.2792811">
	<ele>228.23</ele>
	<time>1970-01-01T01:37:39.083Z</time>
</trkpt>
<trkpt lat="47.8870544" lon="7.2795038">
	<ele>227.83</ele>
	<time>1970-01-01T01:37:41.472Z</time>
</trkpt>
<trkpt lat="47.8871078" lon="7.2799611">
	<ele>227.94</ele>
	<time>1970-01-01T01:37:47.507Z</time>
</trkpt>
<trkpt lat="47.8871689" lon="7.2804618">
	<ele>227.98</ele>
	<time>1970-01-01T01:37:53.314Z</time>
</trkpt>
<trkpt lat="47.8872643" lon="7.2808409">
	<ele>228.00</ele>
	<time>1970-01-01T01:37:57.762Z</time>
</trkpt>
<trkpt lat="47.8873405" lon="7.2811871">
	<ele>227.36</ele>
	<time>1970-01-01T01:38:02.394Z</time>
</trkpt>
<trkpt lat="47.8873672" lon="7.2813449">
	<ele>226.93</ele>
	<time>1970-01-01T01:38:04.581Z</time>
</trkpt>
<trkpt lat="47.8873787" lon="7.2814250">
	<ele>226.85</ele>
	<time>1970-01-01T01:38:05.743Z</time>
</trkpt>
<trkpt lat="47.8874664" lon="7.2820568">
	<ele>227.04</ele>
	<time>1970-01-01T01:38:14.727Z</time>
</trkpt>
<trkpt lat="47.8875618" lon="7.2824640">
	<ele>226.94</ele>
	<time>1970-01-01T01:38:20.160Z</time>
</trkpt>
<trkpt lat="47.8875923" lon="7.2825732">
	<ele>227.00</ele>
	<time>1970-01-01T01:38:21.588Z</time>
</trkpt>
<trkpt lat="47.8876266" lon="7.2826519">
	<ele>227.26</ele>
	<time>1970-01-01T01:38:22.636Z</time>
</trkpt>
<trkpt lat="47.8877678" lon="7.2828431">
	<ele>227.88</ele>
	<time>1970-01-01T01:38:25.645Z</time>
</trkpt>
<trkpt lat="47.8878632" lon="7.2828469">
	<ele>227.70</ele>
	<time>1970-01-01T01:38:27.108Z</time>
</trkpt>
<trkpt lat="47.8879204" lon="7.2826619">
	<ele>227.31</ele>
	<time>1970-01-01T01:38:29.475Z</time>
</trkpt>
<trkpt lat="47.8879585" lon="7.2825980">
	<ele>227.05</ele>
	<time>1970-01-01T01:38:30.492Z</time>
</trkpt>
<trkpt lat="47.8880844" lon="7.2823281">
	<ele>227.00</ele>
	<time>1970-01-01T01:38:34.986Z</time>
</trkpt>
<trkpt lat="47.8881073" lon="7.2822919">
	<ele>226.98</ele>
	<time>1970-01-01T01:38:35.698Z</time>
</trkpt>
<trkpt lat="47.8881454" lon="7.2822590">
	<ele>226.96</ele>
	<time>1970-01-01T01:38:36.585Z</time>
</trkpt>
<trkpt lat="47.8881912" lon="7.2822380">
	<ele>226.95</ele>
	<time>1970-01-01T01:38:37.469Z</time>
</trkpt>
<trkpt lat="47.8885231" lon="7.2821989">
	<ele>226.86</ele>
	<time>1970-01-01T01:38:43.254Z</time>
</trkpt>
<trkpt lat="47.8887978" lon="7.2821450">
	<ele>227.68</ele>
	<time>1970-01-01T01:38:47.456Z</time>
</trkpt>
<trkpt lat="47.8893585" lon="7.2819948">
	<ele>226.97</ele>
	<time>1970-01-01T01:38:55.510Z</time>
</trkpt>
<trkpt lat="47.8895149" lon="7.2819738">
	<ele>227.23</ele>
	<time>1970-01-01T01:38:58.017Z</time>
</trkpt>
<trkpt lat="47.8895721" lon="7.2819829">
	<ele>227.47</ele>
	<time>1970-01-01T01:38:58.869Z</time>
</trkpt>
<trkpt lat="47.8897362" lon="7.2820349">
	<ele>228.02</ele>
	<time>1970-01-01T01:39:01.780Z</time>
</trkpt>
<trkpt lat="47.8900146" lon="7.2821131">
	<ele>227.98</ele>
	<time>1970-01-01T01:39:06.905Z</time>
</trkpt>
<trkpt lat="47.8900604" lon="7.2821279">
	<ele>227.88</ele>
	<time>1970-01-01T01:39:07.733Z</time>
</trkpt>
<trkpt lat="47.8901787" lon="7.2821598">
	<ele>227.44</ele>
	<time>1970-01-01T01:39:09.887Z</time>
</trkpt>
<trkpt lat="47.8906822" lon="7.2823100">
	<ele>226.93</ele>
	<time>1970-01-01T01:39:19.864Z</time>
</trkpt>
<trkpt lat="47.8913994" lon="7.2825260">
	<ele>226.96</ele>
	<time>1970-01-01T01:39:30.974Z</time>
</trkpt>
<trkpt lat="47.8915062" lon="7.2825589">
	<ele>226.96</ele>
	<time>1970-01-01T01:39:32.646Z</time>
</trkpt>
<trkpt lat="47.8916054" lon="7.2825909">
	<ele>226.99</ele>
	<time>1970-01-01T01:39:34.121Z</time>
</trkpt>
<trkpt lat="47.8920403" lon="7.2827330">
	<ele>227.00</ele>
	<time>1970-01-01T01:39:41.188Z</time>
</trkpt>
<trkpt lat="47.8921089" lon="7.2828469">
	<ele>227.01</ele>
	<time>1970-01-01T01:39:42.812Z</time>
</trkpt>
<trkpt lat="47.8934555" lon="7.2832499">
	<ele>227.03</ele>
	<time>1970-01-01T01:40:03.951Z</time>
</trkpt>
<trkpt lat="47.8935165" lon="7.2832680">
	<ele>227.05</ele>
	<time>1970-01-01T01:40:05.030Z</time>
</trkpt>
<trkpt lat="47.8935471" lon="7.2832789">
	<ele>227.05</ele>
	<time>1970-01-01T01:40:05.494Z</time>
</trkpt>
<trkpt lat="47.8937263" lon="7.2833252">
	<ele>227.01</ele>
	<time>1970-01-01T01:40:08.615Z</time>
</trkpt>
<trkpt lat="47.8940010" lon="7.2833629">
	<ele>226.98</ele>
	<time>1970-01-01T01:40:13.258Z</time>
</trkpt>
<trkpt lat="47.8946762" lon="7.2834120">
	<ele>225.99</ele>
	<time>1970-01-01T01:40:26.793Z</time>
</trkpt>
<trkpt lat="47.8953972" lon="7.2834158">
	<ele>226.84</ele>
	<time>1970-01-01T01:40:42.805Z</time>
</trkpt>
<trkpt lat="47.8954124" lon="7.2833309">
	<ele>227.07</ele>
	<time>1970-01-01T01:40:44.114Z</time>
</trkpt>
<trkpt lat="47.8954277" lon="7.2832580">
	<ele>227.04</ele>
	<time>1970-01-01T01:40:45.308Z</time>
</trkpt>
<trkpt lat="47.8962135" lon="7.2832789">
	<ele>226.23</ele>
	<time>1970-01-01T01:41:00.126Z</time>
</trkpt>
<trkpt lat="47.8969116" lon="7.2832990">
	<ele>227.08</ele>
	<time>1970-01-01T01:41:10.246Z</time>
</trkpt>
<trkpt lat="47.8970871" lon="7.2833171">
	<ele>226.52</ele>
	<time>1970-01-01T01:41:13.101Z</time>
</trkpt>
<trkpt lat="47.8972626" lon="7.2833848">
	<ele>225.90</ele>
	<time>1970-01-01T01:41:15.876Z</time>
</trkpt>
<trkpt lat="47.8989792" lon="7.2844272">
	<ele>225.00</ele>
	<time>1970-01-01T01:41:43.215Z</time>
</trkpt>
<trkpt lat="47.8996048" lon="7.2848158">
	<ele>225.03</ele>
	<time>1970-01-01T01:41:53.626Z</time>
</trkpt>
<trkpt lat="47.9012299" lon="7.2858300">
	<ele>224.00</ele>
	<time>1970-01-01T01:42:25.481Z</time>
</trkpt>
<trkpt lat="47.9014587" lon="7.2859721">
	<ele>224.00</ele>
	<time>1970-01-01T01:14:33.488Z</time>
</trkpt>
<trkpt lat="47.9024353" lon="7.2865620">
	<ele>222.96</ele>
	<time>1970-01-01T01:14:52.103Z</time>
</trkpt>
<trkpt lat="47.9024696" lon="7.2866678">
	<ele>222.95</ele>
	<time>1970-01-01T01:14:53.481Z</time>
</trkpt>
<trkpt lat="47.9028244" lon="7.2868800">
	<ele>223.20</ele>
	<time>1970-01-01T01:15:00.189Z</time>
</trkpt>
<trkpt lat="47.9032249" lon="7.2871299">
	<ele>223.20</ele>
	<time>1970-01-01T01:15:07.864Z</time>
</trkpt>
<trkpt lat="47.9044380" lon="7.2878728">
	<ele>222.77</ele>
	<time>1970-01-01T01:15:33.610Z</time>
</trkpt>
<trkpt lat="47.9046135" lon="7.2879782">
	<ele>222.17</ele>
	<time>1970-01-01T01:15:36.982Z</time>
</trkpt>
<trkpt lat="47.9046860" lon="7.2880239">
	<ele>222.02</ele>
	<time>1970-01-01T01:15:38.435Z</time>
</trkpt>
<trkpt lat="47.9059639" lon="7.2888050">
	<ele>223.81</ele>
	<time>1970-01-01T01:16:05.400Z</time>
</trkpt>
<trkpt lat="47.9060936" lon="7.2888789">
	<ele>223.96</ele>
	<time>1970-01-01T01:16:08.315Z</time>
</trkpt>
<trkpt lat="47.9066620" lon="7.2892380">
	<ele>224.36</ele>
	<time>1970-01-01T01:16:20.433Z</time>
</trkpt>
<trkpt lat="47.9069862" lon="7.2894559">
	<ele>223.92</ele>
	<time>1970-01-01T01:16:30.177Z</time>
</trkpt>
<trkpt lat="47.9070587" lon="7.2895060">
	<ele>224.03</ele>
	<time>1970-01-01T01:16:31.937Z</time>
</trkpt>
<trkpt lat="47.9073868" lon="7.2897220">
	<ele>223.41</ele>
	<time>1970-01-01T01:16:37.396Z</time>
</trkpt>
<trkpt lat="47.9076004" lon="7.2898788">
	<ele>222.35</ele>
	<time>1970-01-01T01:16:40.612Z</time>
</trkpt>
<trkpt lat="47.9077682" lon="7.2900062">
	<ele>221.04</ele>
	<time>1970-01-01T01:16:43.227Z</time>
</trkpt>
<trkpt lat="47.9083786" lon="7.2905149">
	<ele>219.78</ele>
	<time>1970-01-01T01:16:51.849Z</time>
</trkpt>
<trkpt lat="47.9086761" lon="7.2907400">
	<ele>219.50</ele>
	<time>1970-01-01T01:16:56.457Z</time>
</trkpt>
<trkpt lat="47.9087906" lon="7.2908258">
	<ele>219.28</ele>
	<time>1970-01-01T01:16:58.217Z</time>
</trkpt>
<trkpt lat="47.9089165" lon="7.2909412">
	<ele>218.92</ele>
	<time>1970-01-01T01:17:00.300Z</time>
</trkpt>
<trkpt lat="47.9090157" lon="7.2910690">
	<ele>218.93</ele>
	<time>1970-01-01T01:17:02.182Z</time>
</trkpt>
<trkpt lat="47.9090958" lon="7.2912002">
	<ele>218.76</ele>
	<time>1970-01-01T01:17:04.081Z</time>
</trkpt>
<trkpt lat="47.9092751" lon="7.2915630">
	<ele>218.38</ele>
	<time>1970-01-01T01:17:09.472Z</time>
</trkpt>
<trkpt lat="47.9093208" lon="7.2916398">
	<ele>218.35</ele>
	<time>1970-01-01T01:17:10.753Z</time>
</trkpt>
<trkpt lat="47.9093895" lon="7.2917190">
	<ele>218.23</ele>
	<time>1970-01-01T01:17:12.360Z</time>
</trkpt>
<trkpt lat="47.9094353" lon="7.2917361">
	<ele>218.18</ele>
	<time>1970-01-01T01:17:13.116Z</time>
</trkpt>
<trkpt lat="47.9095306" lon="7.2917461">
	<ele>218.06</ele>
	<time>1970-01-01T01:17:14.792Z</time>
</trkpt>
<trkpt lat="47.9099426" lon="7.2917252">
	<ele>217.99</ele>
	<time>1970-01-01T01:17:21.263Z</time>
</trkpt>
<trkpt lat="47.9099846" lon="7.2917318">
	<ele>218.00</ele>
	<time>1970-01-01T01:17:21.951Z</time>
</trkpt>
<trkpt lat="47.9100533" lon="7.2917728">
	<ele>217.99</ele>
	<time>1970-01-01T01:17:23.065Z</time>
</trkpt>
<trkpt lat="47.9100914" lon="7.2918091">
	<ele>217.99</ele>
	<time>1970-01-01T01:17:23.769Z</time>
</trkpt>
<trkpt lat="47.9101219" lon="7.2918568">
	<ele>217.99</ele>
	<time>1970-01-01T01:17:24.478Z</time>
</trkpt>
<trkpt lat="47.9102478" lon="7.2921500">
	<ele>218.00</ele>
	<time>1970-01-01T01:17:27.874Z</time>
</trkpt>
<trkpt lat="47.9103928" lon="7.2924151">
	<ele>218.00</ele>
	<time>1970-01-01T01:17:31.273Z</time>
</trkpt>
<trkpt lat="47.9105682" lon="7.2926540">
	<ele>218.00</ele>
	<time>1970-01-01T01:17:34.810Z</time>
</trkpt>
<trkpt lat="47.9108963" lon="7.2930951">
	<ele>217.85</ele>
	<time>1970-01-01T01:17:40.828Z</time>
</trkpt>
<trkpt lat="47.9109268" lon="7.2931271">
	<ele>217.79</ele>
	<time>1970-01-01T01:17:41.353Z</time>
</trkpt>
<trkpt lat="47.9109421" lon="7.2930589">
	<ele>217.64</ele>
	<time>1970-01-01T01:17:42.016Z</time>
</trkpt>
<trkpt lat="47.9109802" lon="7.2929788">
	<ele>217.54</ele>
	<time>1970-01-01T01:17:43.012Z</time>
</trkpt>
<trkpt lat="47.9110069" lon="7.2929349">
	<ele>217.57</ele>
	<time>1970-01-01T01:17:43.585Z</time>
</trkpt>
<trkpt lat="47.9110794" lon="7.2928052">
	<ele>217.94</ele>
	<time>1970-01-01T01:17:45.588Z</time>
</trkpt>
<trkpt lat="47.9112091" lon="7.2925978">
	<ele>218.04</ele>
	<time>1970-01-01T01:17:49.066Z</time>
</trkpt>
<trkpt lat="47.9113159" lon="7.2924838">
	<ele>218.00</ele>
	<time>1970-01-01T01:17:51.718Z</time>
</trkpt>
<trkpt lat="47.9114571" lon="7.2923770">
	<ele>217.94</ele>
	<time>1970-01-01T01:17:54.873Z</time>
</trkpt>
<trkpt lat="47.9118042" lon="7.2921429">
	<ele>218.12</ele>
	<time>1970-01-01T01:18:02.144Z</time>
</trkpt>
<trkpt lat="47.9119835" lon="7.2919960">
	<ele>217.96</ele>
	<time>1970-01-01T01:18:05.855Z</time>
</trkpt>
<trkpt lat="47.9122963" lon="7.2916842">
	<ele>218.00</ele>
	<time>1970-01-01T01:18:13.087Z</time>
</trkpt>
<trkpt lat="47.9123802" lon="7.2916188">
	<ele>218.00</ele>
	<time>1970-01-01T01:18:14.967Z</time>
</trkpt>
<trkpt lat="47.9125900" lon="7.2914920">
	<ele>218.00</ele>
	<time>1970-01-01T01:18:18.977Z</time>
</trkpt>
<trkpt lat="47.9130516" lon="7.2912588">
	<ele>217.94</ele>
	<time>1970-01-01T01:18:28.226Z</time>
</trkpt>
<trkpt lat="47.9130783" lon="7.2912388">
	<ele>217.97</ele>
	<time>1970-01-01T01:18:28.906Z</time>
</trkpt>
<trkpt lat="47.9131203" lon="7.2911878">
	<ele>218.11</ele>
	<time>1970-01-01T01:18:29.926Z</time>
</trkpt>
<trkpt lat="47.9132042" lon="7.2911830">
	<ele>218.50</ele>
	<time>1970-01-01T01:18:31.559Z</time>
</trkpt>
<trkpt lat="47.9132996" lon="7.2911830">
	<ele>218.80</ele>
	<time>1970-01-01T01:18:33.539Z</time>
</trkpt>
<trkpt lat="47.9133492" lon="7.2911911">
	<ele>218.72</ele>
	<time>1970-01-01T01:18:34.434Z</time>
</trkpt>
<trkpt lat="47.9135132" lon="7.2912588">
	<ele>217.65</ele>
	<time>1970-01-01T01:18:37.603Z</time>
</trkpt>
<trkpt lat="47.9135323" lon="7.2912722">
	<ele>217.60</ele>
	<time>1970-01-01T01:18:38.103Z</time>
</trkpt>
<trkpt lat="47.9138222" lon="7.2914310">
	<ele>218.85</ele>
	<time>1970-01-01T01:18:42.915Z</time>
</trkpt>
<trkpt lat="47.9139824" lon="7.2915239">
	<ele>219.10</ele>
	<time>1970-01-01T01:18:45.417Z</time>
</trkpt>
<trkpt lat="47.9165764" lon="7.2929440">
	<ele>219.74</ele>
	<time>1970-01-01T01:19:33.188Z</time>
</trkpt>
<trkpt lat="47.9170265" lon="7.2931881">
	<ele>218.94</ele>
	<time>1970-01-01T01:19:41.117Z</time>
</trkpt>
<trkpt lat="47.9171638" lon="7.2932491">
	<ele>219.00</ele>
	<time>1970-01-01T01:19:43.589Z</time>
</trkpt>
<trkpt lat="47.9173126" lon="7.2933078">
	<ele>219.02</ele>
	<time>1970-01-01T01:19:46.094Z</time>
</trkpt>
<trkpt lat="47.9175415" lon="7.2933698">
	<ele>218.95</ele>
	<time>1970-01-01T01:19:50.016Z</time>
</trkpt>
<trkpt lat="47.9176445" lon="7.2933879">
	<ele>218.58</ele>
	<time>1970-01-01T01:19:51.858Z</time>
</trkpt>
<trkpt lat="47.9179344" lon="7.2934160">
	<ele>218.33</ele>
	<time>1970-01-01T01:19:56.582Z</time>
</trkpt>
<trkpt lat="47.9182396" lon="7.2933831">
	<ele>218.09</ele>
	<time>1970-01-01T01:20:01.774Z</time>
</trkpt>
<trkpt lat="47.9183502" lon="7.2933578">
	<ele>217.94</ele>
	<time>1970-01-01T01:20:03.797Z</time>
</trkpt>
<trkpt lat="47.9185715" lon="7.2932811">
	<ele>217.21</ele>
	<time>1970-01-01T01:20:07.515Z</time>
</trkpt>
<trkpt lat="47.9192429" lon="7.2929382">
	<ele>216.96</ele>
	<time>1970-01-01T01:20:18.307Z</time>
</trkpt>
<trkpt lat="47.9195251" lon="7.2928591">
	<ele>216.79</ele>
	<time>1970-01-01T01:20:23.066Z</time>
</trkpt>
<trkpt lat="47.9198151" lon="7.2928500">
	<ele>216.81</ele>
	<time>1970-01-01T01:20:27.713Z</time>
</trkpt>
<trkpt lat="47.9200974" lon="7.2928910">
	<ele>216.35</ele>
	<time>1970-01-01T01:20:32.537Z</time>
</trkpt>
<trkpt lat="47.9204597" lon="7.2929840">
	<ele>216.66</ele>
	<time>1970-01-01T01:20:38.584Z</time>
</trkpt>
<trkpt lat="47.9206886" lon="7.2930222">
	<ele>217.57</ele>
	<time>1970-01-01T01:20:42.554Z</time>
</trkpt>
<trkpt lat="47.9209633" lon="7.2930279">
	<ele>218.14</ele>
	<time>1970-01-01T01:20:47.392Z</time>
</trkpt>
<trkpt lat="47.9212303" lon="7.2929988">
	<ele>217.60</ele>
	<time>1970-01-01T01:20:52.443Z</time>
</trkpt>
<trkpt lat="47.9222107" lon="7.2927470">
	<ele>217.04</ele>
	<time>1970-01-01T01:21:14.309Z</time>
</trkpt>
<trkpt lat="47.9223061" lon="7.2927232">
	<ele>217.07</ele>
	<time>1970-01-01T01:21:16.319Z</time>
</trkpt>
<trkpt lat="47.9230232" lon="7.2925448">
	<ele>217.81</ele>
	<time>1970-01-01T01:21:28.262Z</time>
</trkpt>
<trkpt lat="47.9233170" lon="7.2925110">
	<ele>217.01</ele>
	<time>1970-01-01T01:21:32.878Z</time>
</trkpt>
<trkpt lat="47.9235916" lon="7.2925568">
	<ele>216.96</ele>
	<time>1970-01-01T01:21:36.781Z</time>
</trkpt>
<trkpt lat="47.9238739" lon="7.2927198">
	<ele>215.96</ele>
	<time>1970-01-01T01:21:40.965Z</time>
</trkpt>
<trkpt lat="47.9246826" lon="7.2934380">
	<ele>214.21</ele>
	<time>1970-01-01T01:21:57.652Z</time>
</trkpt>
<trkpt lat="47.9249916" lon="7.2936811">
	<ele>213.87</ele>
	<time>1970-01-01T01:22:04.386Z</time>
</trkpt>
<trkpt lat="47.9261131" lon="7.2946410">
	<ele>213.00</ele>
	<time>1970-01-01T01:22:27.928Z</time>
</trkpt>
<trkpt lat="47.9262047" lon="7.2947111">
	<ele>213.00</ele>
	<time>1970-01-01T01:22:29.749Z</time>
</trkpt>
<trkpt lat="47.9263344" lon="7.2947769">
	<ele>213.00</ele>
	<time>1970-01-01T01:22:32.086Z</time>
</trkpt>
<trkpt lat="47.9263840" lon="7.2947841">
	<ele>213.00</ele>
	<time>1970-01-01T01:22:32.870Z</time>
</trkpt>
<trkpt lat="47.9264908" lon="7.2947779">
	<ele>213.00</ele>
	<time>1970-01-01T01:22:34.762Z</time>
</trkpt>
<trkpt lat="47.9266472" lon="7.2947311">
	<ele>212.97</ele>
	<time>1970-01-01T01:22:37.803Z</time>
</trkpt>
<trkpt lat="47.9267273" lon="7.2946920">
	<ele>213.20</ele>
	<time>1970-01-01T01:22:39.322Z</time>
</trkpt>
<trkpt lat="47.9268990" lon="7.2945800">
	<ele>213.94</ele>
	<time>1970-01-01T01:22:42.860Z</time>
</trkpt>
<trkpt lat="47.9271584" lon="7.2943459">
	<ele>213.98</ele>
	<time>1970-01-01T01:22:48.922Z</time>
</trkpt>
<trkpt lat="47.9276695" lon="7.2938871">
	<ele>215.05</ele>
	<time>1970-01-01T01:23:04.571Z</time>
</trkpt>
<trkpt lat="47.9279251" lon="7.2936592">
	<ele>215.33</ele>
	<time>1970-01-01T01:23:13.203Z</time>
</trkpt>
<trkpt lat="47.9279861" lon="7.2936149">
	<ele>215.76</ele>
	<time>1970-01-01T01:23:14.891Z</time>
</trkpt>
<trkpt lat="47.9280891" lon="7.2935629">
	<ele>216.22</ele>
	<time>1970-01-01T01:23:17.881Z</time>
</trkpt>
<trkpt lat="47.9281349" lon="7.2935538">
	<ele>216.27</ele>
	<time>1970-01-01T01:23:19.171Z</time>
</trkpt>
<trkpt lat="47.9281807" lon="7.2935662">
	<ele>216.22</ele>
	<time>1970-01-01T01:23:20.435Z</time>
</trkpt>
<trkpt lat="47.9282303" lon="7.2936239">
	<ele>216.00</ele>
	<time>1970-01-01T01:23:22.280Z</time>
</trkpt>
<trkpt lat="47.9282494" lon="7.2936692">
	<ele>215.81</ele>
	<time>1970-01-01T01:23:23.310Z</time>
</trkpt>
<trkpt lat="47.9282799" lon="7.2937489">
	<ele>215.45</ele>
	<time>1970-01-01T01:23:25.192Z</time>
</trkpt>
<trkpt lat="47.9285622" lon="7.2948442">
	<ele>213.67</ele>
	<time>1970-01-01T01:23:38.406Z</time>
</trkpt>
<trkpt lat="47.9286079" lon="7.2949739">
	<ele>213.10</ele>
	<time>1970-01-01T01:23:39.854Z</time>
</trkpt>
<trkpt lat="47.9286232" lon="7.2950191">
	<ele>212.93</ele>
	<time>1970-01-01T01:23:40.360Z</time>
</trkpt>
<trkpt lat="47.9286652" lon="7.2949901">
	<ele>213.12</ele>
	<time>1970-01-01T01:23:40.999Z</time>
</trkpt>
<trkpt lat="47.9292793" lon="7.2946539">
	<ele>214.33</ele>
	<time>1970-01-01T01:23:52.002Z</time>
</trkpt>
<trkpt lat="47.9294472" lon="7.2945619">
	<ele>213.97</ele>
	<time>1970-01-01T01:23:55.546Z</time>
</trkpt>
<trkpt lat="47.9295425" lon="7.2945390">
	<ele>213.51</ele>
	<time>1970-01-01T01:23:57.478Z</time>
</trkpt>
<trkpt lat="47.9297104" lon="7.2945518">
	<ele>212.92</ele>
	<time>1970-01-01T01:24:00.793Z</time>
</trkpt>
<trkpt lat="47.9297791" lon="7.2945809">
	<ele>212.85</ele>
	<time>1970-01-01T01:24:02.181Z</time>
</trkpt>
<trkpt lat="47.9298744" lon="7.2946591">
	<ele>212.58</ele>
	<time>1970-01-01T01:24:04.010Z</time>
</trkpt>
<trkpt lat="47.9301567" lon="7.2948198">
	<ele>211.35</ele>
	<time>1970-01-01T01:24:08.119Z</time>
</trkpt>
<trkpt lat="47.9302597" lon="7.2948341">
	<ele>211.06</ele>
	<time>1970-01-01T01:24:09.395Z</time>
</trkpt>
<trkpt lat="47.9303284" lon="7.2948308">
	<ele>210.80</ele>
	<time>1970-01-01T01:24:10.305Z</time>
</trkpt>
<trkpt lat="47.9303741" lon="7.2948189">
	<ele>210.62</ele>
	<time>1970-01-01T01:24:10.886Z</time>
</trkpt>
<trkpt lat="47.9303970" lon="7.2948060">
	<ele>210.56</ele>
	<time>1970-01-01T01:24:11.239Z</time>
</trkpt>
<trkpt lat="47.9306145" lon="7.2946930">
	<ele>209.83</ele>
	<time>1970-01-01T01:24:14.279Z</time>
</trkpt>
<trkpt lat="47.9308472" lon="7.2945719">
	<ele>208.81</ele>
	<time>1970-01-01T01:24:17.380Z</time>
</trkpt>
<trkpt lat="47.9309464" lon="7.2945371">
	<ele>208.69</ele>
	<time>1970-01-01T01:24:18.653Z</time>
</trkpt>
<trkpt lat="47.9310493" lon="7.2945290">
	<ele>208.84</ele>
	<time>1970-01-01T01:24:19.964Z</time>
</trkpt>
<trkpt lat="47.9312973" lon="7.2945461">
	<ele>208.63</ele>
	<time>1970-01-01T01:24:24.387Z</time>
</trkpt>
<trkpt lat="47.9314880" lon="7.2945528">
	<ele>208.51</ele>
	<time>1970-01-01T01:24:27.077Z</time>
</trkpt>
<trkpt lat="47.9317207" lon="7.2945418">
	<ele>208.52</ele>
	<time>1970-01-01T01:24:29.869Z</time>
</trkpt>
<trkpt lat="47.9321976" lon="7.2945228">
	<ele>207.96</ele>
	<time>1970-01-01T01:24:35.814Z</time>
</trkpt>
<trkpt lat="47.9324036" lon="7.2944980">
	<ele>207.87</ele>
	<time>1970-01-01T01:24:38.568Z</time>
</trkpt>
<trkpt lat="47.9326515" lon="7.2944369">
	<ele>208.00</ele>
	<time>1970-01-01T01:24:41.986Z</time>
</trkpt>
<trkpt lat="47.9327202" lon="7.2944241">
	<ele>208.00</ele>
	<time>1970-01-01T01:24:42.957Z</time>
</trkpt>
<trkpt lat="47.9327965" lon="7.2944040">
	<ele>208.00</ele>
	<time>1970-01-01T01:24:44.075Z</time>
</trkpt>
<trkpt lat="47.9330788" lon="7.2943211">
	<ele>208.07</ele>
	<time>1970-01-01T01:24:47.880Z</time>
</trkpt>
<trkpt lat="47.9332047" lon="7.2942762">
	<ele>208.05</ele>
	<time>1970-01-01T01:24:49.566Z</time>
</trkpt>
<trkpt lat="47.9333229" lon="7.2942042">
	<ele>208.01</ele>
	<time>1970-01-01T01:24:51.232Z</time>
</trkpt>
<trkpt lat="47.9334183" lon="7.2941198">
	<ele>208.00</ele>
	<time>1970-01-01T01:24:52.792Z</time>
</trkpt>
<trkpt lat="47.9335060" lon="7.2940249">
	<ele>208.00</ele>
	<time>1970-01-01T01:24:54.485Z</time>
</trkpt>
<trkpt lat="47.9335670" lon="7.2940860">
	<ele>208.00</ele>
	<time>1970-01-01T01:24:55.631Z</time>
</trkpt>
<trkpt lat="47.9336128" lon="7.2941132">
	<ele>208.00</ele>
	<time>1970-01-01T01:24:56.354Z</time>
</trkpt>
<trkpt lat="47.9337082" lon="7.2941542">
	<ele>208.01</ele>
	<time>1970-01-01T01:24:58.062Z</time>
</trkpt>
<trkpt lat="47.9337730" lon="7.2941642">
	<ele>208.00</ele>
	<time>1970-01-01T01:24:59.228Z</time>
</trkpt>
<trkpt lat="47.9339218" lon="7.2941418">
	<ele>208.04</ele>
	<time>1970-01-01T01:25:00.881Z</time>
</trkpt>
<trkpt lat="47.9340286" lon="7.2941122">
	<ele>208.05</ele>
	<time>1970-01-01T01:25:02.166Z</time>
</trkpt>
<trkpt lat="47.9341316" lon="7.2940769">
	<ele>208.03</ele>
	<time>1970-01-01T01:25:03.638Z</time>
</trkpt>
<trkpt lat="47.9342537" lon="7.2940202">
	<ele>208.19</ele>
	<time>1970-01-01T01:25:05.327Z</time>
</trkpt>
<trkpt lat="47.9346733" lon="7.2937899">
	<ele>208.48</ele>
	<time>1970-01-01T01:25:11.439Z</time>
</trkpt>
<trkpt lat="47.9347649" lon="7.2938190">
	<ele>208.08</ele>
	<time>1970-01-01T01:25:12.707Z</time>
</trkpt>
<trkpt lat="47.9349251" lon="7.2939572">
	<ele>207.13</ele>
	<time>1970-01-01T01:25:15.098Z</time>
</trkpt>
<trkpt lat="47.9361725" lon="7.2951260">
	<ele>206.60</ele>
	<time>1970-01-01T01:25:40.057Z</time>
</trkpt>
<trkpt lat="47.9364166" lon="7.2953510">
	<ele>206.85</ele>
	<time>1970-01-01T01:25:43.199Z</time>
</trkpt>
<trkpt lat="47.9370308" lon="7.2960062">
	<ele>205.94</ele>
	<time>1970-01-01T01:25:53.927Z</time>
</trkpt>
<trkpt lat="47.9377632" lon="7.2967701">
	<ele>206.73</ele>
	<time>1970-01-01T01:26:08.666Z</time>
</trkpt>
<trkpt lat="47.9387589" lon="7.2975211">
	<ele>206.60</ele>
	<time>1970-01-01T01:26:29.365Z</time>
</trkpt>
<trkpt lat="47.9391747" lon="7.2978582">
	<ele>206.00</ele>
	<time>1970-01-01T01:26:38.217Z</time>
</trkpt>
<trkpt lat="47.9395065" lon="7.2980938">
	<ele>206.00</ele>
	<time>1970-01-01T01:26:45.066Z</time>
</trkpt>
<trkpt lat="47.9395561" lon="7.2981191">
	<ele>205.99</ele>
	<time>1970-01-01T01:26:46.069Z</time>
</trkpt>
<trkpt lat="47.9400177" lon="7.2983580">
	<ele>207.01</ele>
	<time>1970-01-01T01:26:54.214Z</time>
</trkpt>
<trkpt lat="47.9401855" lon="7.2984452">
	<ele>206.70</ele>
	<time>1970-01-01T01:26:57.328Z</time>
</trkpt>
<trkpt lat="47.9410095" lon="7.2989168">
	<ele>206.00</ele>
	<time>1970-01-01T01:27:11.796Z</time>
</trkpt>
<trkpt lat="47.9414444" lon="7.2991948">
	<ele>206.00</ele>
	<time>1970-01-01T01:27:19.217Z</time>
</trkpt>
<trkpt lat="47.9423637" lon="7.3000951">
	<ele>206.00</ele>
	<time>1970-01-01T01:27:41.605Z</time>
</trkpt>
<trkpt lat="47.9434776" lon="7.3010430">
	<ele>205.91</ele>
	<time>1970-01-01T01:28:02.138Z</time>
</trkpt>
<trkpt lat="47.9438019" lon="7.3012700">
	<ele>206.06</ele>
	<time>1970-01-01T01:28:08.118Z</time>
</trkpt>
<trkpt lat="47.9446678" lon="7.3017020">
	<ele>205.15</ele>
	<time>1970-01-01T01:28:24.894Z</time>
</trkpt>
<trkpt lat="47.9456444" lon="7.3023529">
	<ele>205.97</ele>
	<time>1970-01-01T01:28:47.231Z</time>
</trkpt>
<trkpt lat="47.9465981" lon="7.3029490">
	<ele>205.63</ele>
	<time>1970-01-01T01:29:08.865Z</time>
</trkpt>
<trkpt lat="47.9469719" lon="7.3032432">
	<ele>205.76</ele>
	<time>1970-01-01T01:29:16.679Z</time>
</trkpt>
<trkpt lat="47.9472008" lon="7.3034201">
	<ele>205.04</ele>
	<time>1970-01-01T01:29:21.236Z</time>
</trkpt>
<trkpt lat="47.9487190" lon="7.3042870">
	<ele>205.00</ele>
	<time>1970-01-01T01:29:47.404Z</time>
</trkpt>
<trkpt lat="47.9498100" lon="7.3048811">
	<ele>205.02</ele>
	<time>1970-01-01T01:30:08.328Z</time>
</trkpt>
<trkpt lat="47.9506416" lon="7.3052559">
	<ele>205.04</ele>
	<time>1970-01-01T01:30:22.923Z</time>
</trkpt>
<trkpt lat="47.9507828" lon="7.3052368">
	<ele>205.06</ele>
	<time>1970-01-01T01:30:25.459Z</time>
</trkpt>
<trkpt lat="47.9515343" lon="7.3059349">
	<ele>204.90</ele>
	<time>1970-01-01T01:30:39.641Z</time>
</trkpt>
<trkpt lat="47.9522705" lon="7.3065100">
	<ele>204.62</ele>
	<time>1970-01-01T01:30:56.953Z</time>
</trkpt>
<trkpt lat="47.9527359" lon="7.3067632">
	<ele>204.60</ele>
	<time>1970-01-01T01:31:06.163Z</time>
</trkpt>
<trkpt lat="47.9527359" lon="7.3067632">
	<ele>204.60</ele>
	<time>1970-01-01T01:58:58.156Z</time>
</trkpt>
<trkpt lat="47.9533424" lon="7.3070970">
	<ele>204.45</ele>
	<time>1970-01-01T01:59:09.624Z</time>
</trkpt>
<trkpt lat="47.9537354" lon="7.3072720">
	<ele>204.34</ele>
	<time>1970-01-01T01:59:16.946Z</time>
</trkpt>
<trkpt lat="47.9545784" lon="7.3075838">
	<ele>203.87</ele>
	<time>1970-01-01T01:59:33.651Z</time>
</trkpt>
<trkpt lat="47.9560471" lon="7.3079820">
	<ele>203.98</ele>
	<time>1970-01-01T01:59:54.358Z</time>
</trkpt>
<trkpt lat="47.9582558" lon="7.3085389">
	<ele>203.73</ele>
	<time>1970-01-01T02:00:49.907Z</time>
</trkpt>
<trkpt lat="47.9592285" lon="7.3088179">
	<ele>204.10</ele>
	<time>1970-01-01T02:01:04.999Z</time>
</trkpt>
<trkpt lat="47.9598846" lon="7.3089662">
	<ele>203.57</ele>
	<time>1970-01-01T02:01:14.242Z</time>
</trkpt>
<trkpt lat="47.9600792" lon="7.3089991">
	<ele>204.38</ele>
	<time>1970-01-01T02:01:17.299Z</time>
</trkpt>
<trkpt lat="47.9602356" lon="7.3090630">
	<ele>204.39</ele>
	<time>1970-01-01T02:01:20.204Z</time>
</trkpt>
<trkpt lat="47.9602776" lon="7.3093009">
	<ele>203.87</ele>
	<time>1970-01-01T02:01:23.126Z</time>
</trkpt>
<trkpt lat="47.9602509" lon="7.3093772">
	<ele>203.80</ele>
	<time>1970-01-01T02:01:24.042Z</time>
</trkpt>
<trkpt lat="47.9602394" lon="7.3094621">
	<ele>203.75</ele>
	<time>1970-01-01T02:01:24.964Z</time>
</trkpt>
<trkpt lat="47.9602470" lon="7.3095469">
	<ele>203.81</ele>
	<time>1970-01-01T02:01:25.889Z</time>
</trkpt>
<trkpt lat="47.9602737" lon="7.3096251">
	<ele>203.98</ele>
	<time>1970-01-01T02:01:27.046Z</time>
</trkpt>
<trkpt lat="47.9603157" lon="7.3096852">
	<ele>204.11</ele>
	<time>1970-01-01T02:01:28.039Z</time>
</trkpt>
<trkpt lat="47.9603424" lon="7.3097081">
	<ele>204.14</ele>
	<time>1970-01-01T02:01:28.701Z</time>
</trkpt>
<trkpt lat="47.9604454" lon="7.3097301">
	<ele>204.09</ele>
	<time>1970-01-01T02:01:30.821Z</time>
</trkpt>
<trkpt lat="47.9604912" lon="7.3097091">
	<ele>204.06</ele>
	<time>1970-01-01T02:01:31.763Z</time>
</trkpt>
<trkpt lat="47.9605293" lon="7.3096719">
	<ele>204.13</ele>
	<time>1970-01-01T02:01:32.699Z</time>
</trkpt>
<trkpt lat="47.9605637" lon="7.3096209">
	<ele>204.34</ele>
	<time>1970-01-01T02:01:33.696Z</time>
</trkpt>
<trkpt lat="47.9606209" lon="7.3096919">
	<ele>204.06</ele>
	<time>1970-01-01T02:01:35.274Z</time>
</trkpt>
<trkpt lat="47.9606972" lon="7.3098760">
	<ele>203.65</ele>
	<time>1970-01-01T02:01:38.371Z</time>
</trkpt>
<trkpt lat="47.9606781" lon="7.3099828">
	<ele>203.59</ele>
	<time>1970-01-01T02:01:39.794Z</time>
</trkpt>
<trkpt lat="47.9606857" lon="7.3100858">
	<ele>203.42</ele>
	<time>1970-01-01T02:01:41.210Z</time>
</trkpt>
<trkpt lat="47.9607315" lon="7.3101430">
	<ele>202.97</ele>
	<time>1970-01-01T02:01:42.364Z</time>
</trkpt>
<trkpt lat="47.9608192" lon="7.3101931">
	<ele>202.22</ele>
	<time>1970-01-01T02:01:44.127Z</time>
</trkpt>
<trkpt lat="47.9612274" lon="7.3102412">
	<ele>202.00</ele>
	<time>1970-01-01T02:01:53.085Z</time>
</trkpt>
<trkpt lat="47.9619217" lon="7.3102140">
	<ele>202.18</ele>
	<time>1970-01-01T02:02:09.305Z</time>
</trkpt>
<trkpt lat="47.9622841" lon="7.3102012">
	<ele>202.29</ele>
	<time>1970-01-01T02:02:16.882Z</time>
</trkpt>
<trkpt lat="47.9623718" lon="7.3101940">
	<ele>202.52</ele>
	<time>1970-01-01T02:02:18.723Z</time>
</trkpt>
<trkpt lat="47.9628143" lon="7.3100872">
	<ele>203.18</ele>
	<time>1970-01-01T02:02:26.785Z</time>
</trkpt>
<trkpt lat="47.9632034" lon="7.3100009">
	<ele>203.07</ele>
	<time>1970-01-01T02:02:33.255Z</time>
</trkpt>
<trkpt lat="47.9633598" lon="7.3100028">
	<ele>202.94</ele>
	<time>1970-01-01T02:02:35.693Z</time>
</trkpt>
<trkpt lat="47.9635048" lon="7.3100419">
	<ele>202.47</ele>
	<time>1970-01-01T02:02:38.050Z</time>
</trkpt>
<trkpt lat="47.9636917" lon="7.3101649">
	<ele>202.54</ele>
	<time>1970-01-01T02:02:41.170Z</time>
</trkpt>
<trkpt lat="47.9640732" lon="7.3104348">
	<ele>202.58</ele>
	<time>1970-01-01T02:02:47.604Z</time>
</trkpt>
<trkpt lat="47.9642754" lon="7.3105488">
	<ele>203.20</ele>
	<time>1970-01-01T02:02:51.286Z</time>
</trkpt>
<trkpt lat="47.9645195" lon="7.3105731">
	<ele>202.70</ele>
	<time>1970-01-01T02:02:55.508Z</time>
</trkpt>
<trkpt lat="47.9652748" lon="7.3104739">
	<ele>202.90</ele>
	<time>1970-01-01T02:03:08.413Z</time>
</trkpt>
<trkpt lat="47.9656143" lon="7.3104682">
	<ele>202.79</ele>
	<time>1970-01-01T02:03:14.482Z</time>
</trkpt>
<trkpt lat="47.9665260" lon="7.3105798">
	<ele>201.85</ele>
	<time>1970-01-01T02:03:30.453Z</time>
</trkpt>
<trkpt lat="47.9668274" lon="7.3105569">
	<ele>202.66</ele>
	<time>1970-01-01T02:03:35.234Z</time>
</trkpt>
<trkpt lat="47.9669800" lon="7.3104630">
	<ele>202.90</ele>
	<time>1970-01-01T02:03:37.919Z</time>
</trkpt>
<trkpt lat="47.9675217" lon="7.3099141">
	<ele>202.01</ele>
	<time>1970-01-01T02:03:47.148Z</time>
</trkpt>
<trkpt lat="47.9677658" lon="7.3097372">
	<ele>202.00</ele>
	<time>1970-01-01T02:03:51.607Z</time>
</trkpt>
<trkpt lat="47.9679604" lon="7.3096962">
	<ele>202.05</ele>
	<time>1970-01-01T02:03:54.963Z</time>
</trkpt>
<trkpt lat="47.9682846" lon="7.3099098">
	<ele>201.61</ele>
	<time>1970-01-01T02:04:00.888Z</time>
</trkpt>
<trkpt lat="47.9684448" lon="7.3099689">
	<ele>202.01</ele>
	<time>1970-01-01T02:04:03.635Z</time>
</trkpt>
<trkpt lat="47.9688492" lon="7.3100052">
	<ele>201.99</ele>
	<time>1970-01-01T02:04:11.474Z</time>
</trkpt>
<trkpt lat="47.9692001" lon="7.3102450">
	<ele>201.20</ele>
	<time>1970-01-01T02:04:19.742Z</time>
</trkpt>
<trkpt lat="47.9695930" lon="7.3106141">
	<ele>201.41</ele>
	<time>1970-01-01T02:04:29.220Z</time>
</trkpt>
<trkpt lat="47.9706078" lon="7.3113489">
	<ele>201.19</ele>
	<time>1970-01-01T02:04:50.241Z</time>
</trkpt>
<trkpt lat="47.9707718" lon="7.3113928">
	<ele>201.84</ele>
	<time>1970-01-01T02:04:53.246Z</time>
</trkpt>
<trkpt lat="47.9709892" lon="7.3113942">
	<ele>202.04</ele>
	<time>1970-01-01T02:04:57.507Z</time>
</trkpt>
<trkpt lat="47.9713898" lon="7.3112850">
	<ele>202.19</ele>
	<time>1970-01-01T02:05:05.356Z</time>
</trkpt>
<trkpt lat="47.9713783" lon="7.3110161">
	<ele>201.68</ele>
	<time>1970-01-01T02:05:08.803Z</time>
</trkpt>
<trkpt lat="47.9714241" lon="7.3108110">
	<ele>201.05</ele>
	<time>1970-01-01T02:05:11.546Z</time>
</trkpt>
<trkpt lat="47.9715004" lon="7.3106351">
	<ele>201.08</ele>
	<time>1970-01-01T02:05:14.278Z</time>
</trkpt>
<trkpt lat="47.9716034" lon="7.3104000">
	<ele>200.96</ele>
	<time>1970-01-01T02:05:17.852Z</time>
</trkpt>
<trkpt lat="47.9720192" lon="7.3097930">
	<ele>201.73</ele>
	<time>1970-01-01T02:05:27.357Z</time>
</trkpt>
<trkpt lat="47.9720917" lon="7.3095322">
	<ele>201.16</ele>
	<time>1970-01-01T02:05:30.395Z</time>
</trkpt>
<trkpt lat="47.9725304" lon="7.3070612">
	<ele>201.03</ele>
	<time>1970-01-01T02:05:58.790Z</time>
</trkpt>
<trkpt lat="47.9726868" lon="7.3065319">
	<ele>201.00</ele>
	<time>1970-01-01T02:06:06.566Z</time>
</trkpt>
<trkpt lat="47.9726868" lon="7.3064160">
	<ele>201.00</ele>
	<time>1970-01-01T02:06:08.164Z</time>
</trkpt>
<trkpt lat="47.9726868" lon="7.3062649">
	<ele>201.00</ele>
	<time>1970-01-01T02:06:10.238Z</time>
</trkpt>
<trkpt lat="47.9726868" lon="7.3061371">
	<ele>201.00</ele>
	<time>1970-01-01T02:06:12.101Z</time>
</trkpt>
<trkpt lat="47.9727745" lon="7.3052459">
	<ele>201.00</ele>
	<time>1970-01-01T02:06:22.504Z</time>
</trkpt>
<trkpt lat="47.9729843" lon="7.3034811">
	<ele>201.55</ele>
	<time>1970-01-01T02:06:42.742Z</time>
</trkpt>
<trkpt lat="47.9734764" lon="7.3002582">
	<ele>201.02</ele>
	<time>1970-01-01T02:07:27.622Z</time>
</trkpt>
<trkpt lat="47.9737663" lon="7.2983909">
	<ele>202.35</ele>
	<time>1970-01-01T02:07:54.592Z</time>
</trkpt>
<trkpt lat="47.9738083" lon="7.2983098">
	<ele>202.40</ele>
	<time>1970-01-01T02:07:56.098Z</time>
</trkpt>
<trkpt lat="47.9746170" lon="7.2974100">
	<ele>201.86</ele>
	<time>1970-01-01T02:08:16.998Z</time>
</trkpt>
<trkpt lat="47.9752197" lon="7.2966628">
	<ele>202.33</ele>
	<time>1970-01-01T02:08:32.121Z</time>
</trkpt>
<trkpt lat="47.9755859" lon="7.2962618">
	<ele>203.48</ele>
	<time>1970-01-01T02:08:42.367Z</time>
</trkpt>
<trkpt lat="47.9760017" lon="7.2958798">
	<ele>203.22</ele>
	<time>1970-01-01T02:08:55.098Z</time>
</trkpt>
<trkpt lat="47.9765930" lon="7.2954602">
	<ele>204.30</ele>
	<time>1970-01-01T02:09:08.207Z</time>
</trkpt>
<trkpt lat="47.9770737" lon="7.2952552">
	<ele>205.05</ele>
	<time>1970-01-01T02:09:19.625Z</time>
</trkpt>
<trkpt lat="47.9772148" lon="7.2952218">
	<ele>205.11</ele>
	<time>1970-01-01T02:09:22.689Z</time>
</trkpt>
<trkpt lat="47.9774551" lon="7.2951989">
	<ele>205.29</ele>
	<time>1970-01-01T02:09:27.424Z</time>
</trkpt>
<trkpt lat="47.9776115" lon="7.2952018">
	<ele>205.28</ele>
	<time>1970-01-01T02:09:33.250Z</time>
</trkpt>
<trkpt lat="47.9778214" lon="7.2951798">
	<ele>205.33</ele>
	<time>1970-01-01T02:09:39.758Z</time>
</trkpt>
<trkpt lat="47.9787407" lon="7.2950630">
	<ele>206.57</ele>
	<time>1970-01-01T02:10:02.291Z</time>
</trkpt>
<trkpt lat="47.9789085" lon="7.2950339">
	<ele>206.89</ele>
	<time>1970-01-01T02:10:06.183Z</time>
</trkpt>
<trkpt lat="47.9791641" lon="7.2949591">
	<ele>208.20</ele>
	<time>1970-01-01T02:10:12.616Z</time>
</trkpt>
<trkpt lat="47.9793320" lon="7.2948899">
	<ele>208.73</ele>
	<time>1970-01-01T02:10:18.365Z</time>
</trkpt>
<trkpt lat="47.9794655" lon="7.2948270">
	<ele>209.38</ele>
	<time>1970-01-01T02:10:23.597Z</time>
</trkpt>
<trkpt lat="47.9796944" lon="7.2946711">
	<ele>210.01</ele>
	<time>1970-01-01T02:10:29.644Z</time>
</trkpt>
<trkpt lat="47.9799042" lon="7.2945180">
	<ele>211.09</ele>
	<time>1970-01-01T02:10:37.238Z</time>
</trkpt>
<trkpt lat="47.9801483" lon="7.2943630">
	<ele>213.02</ele>
	<time>1970-01-01T02:10:47.056Z</time>
</trkpt>
<trkpt lat="47.9803848" lon="7.2943072">
	<ele>214.38</ele>
	<time>1970-01-01T02:10:57.311Z</time>
</trkpt>
<trkpt lat="47.9809418" lon="7.2941928">
	<ele>217.79</ele>
	<time>1970-01-01T02:11:28.791Z</time>
</trkpt>
<trkpt lat="47.9816246" lon="7.2941189">
	<ele>222.42</ele>
	<time>1970-01-01T02:12:06.826Z</time>
</trkpt>
<trkpt lat="47.9816895" lon="7.2941298">
	<ele>222.80</ele>
	<time>1970-01-01T02:12:09.518Z</time>
</trkpt>
<trkpt lat="47.9817619" lon="7.2941532">
	<ele>223.11</ele>
	<time>1970-01-01T02:12:12.800Z</time>
</trkpt>
<trkpt lat="47.9818192" lon="7.2942271">
	<ele>223.41</ele>
	<time>1970-01-01T02:12:15.562Z</time>
</trkpt>
<trkpt lat="47.9819298" lon="7.2944422">
	<ele>223.99</ele>
	<time>1970-01-01T02:12:22.273Z</time>
</trkpt>
<trkpt lat="47.9820175" lon="7.2946472">
	<ele>223.90</ele>
	<time>1970-01-01T02:12:28.004Z</time>
</trkpt>
<trkpt lat="47.9821434" lon="7.2948771">
	<ele>223.73</ele>
	<time>1970-01-01T02:12:33.933Z</time>
</trkpt>
<trkpt lat="47.9822464" lon="7.2950182">
	<ele>224.03</ele>
	<time>1970-01-01T02:12:37.669Z</time>
</trkpt>
<trkpt lat="47.9823914" lon="7.2951441">
	<ele>224.13</ele>
	<time>1970-01-01T02:12:41.580Z</time>
</trkpt>
<trkpt lat="47.9825363" lon="7.2951698">
	<ele>223.94</ele>
	<time>1970-01-01T02:12:44.561Z</time>
</trkpt>
<trkpt lat="47.9826508" lon="7.2951488">
	<ele>223.57</ele>
	<time>1970-01-01T02:12:46.947Z</time>
</trkpt>
<trkpt lat="47.9827347" lon="7.2951231">
	<ele>223.24</ele>
	<time>1970-01-01T02:12:48.478Z</time>
</trkpt>
<trkpt lat="47.9827957" lon="7.2950869">
	<ele>223.01</ele>
	<time>1970-01-01T02:12:49.667Z</time>
</trkpt>
<trkpt lat="47.9830093" lon="7.2945418">
	<ele>221.91</ele>
	<time>1970-01-01T02:12:59.073Z</time>
</trkpt>
<trkpt lat="47.9830475" lon="7.2943730">
	<ele>221.99</ele>
	<time>1970-01-01T02:13:01.721Z</time>
</trkpt>
<trkpt lat="47.9830627" lon="7.2939291">
	<ele>221.96</ele>
	<time>1970-01-01T02:13:09.932Z</time>
</trkpt>
<trkpt lat="47.9830933" lon="7.2937551">
	<ele>222.41</ele>
	<time>1970-01-01T02:13:12.911Z</time>
</trkpt>
<trkpt lat="47.9831886" lon="7.2936831">
	<ele>222.39</ele>
	<time>1970-01-01T02:13:15.742Z</time>
</trkpt>
<trkpt lat="47.9837646" lon="7.2935839">
	<ele>220.61</ele>
	<time>1970-01-01T02:13:27.972Z</time>
</trkpt>
<trkpt lat="47.9843407" lon="7.2934380">
	<ele>220.97</ele>
	<time>1970-01-01T02:13:39.618Z</time>
</trkpt>
<trkpt lat="47.9846153" lon="7.2933140">
	<ele>222.29</ele>
	<time>1970-01-01T02:13:45.908Z</time>
</trkpt>
<trkpt lat="47.9847221" lon="7.2932539">
	<ele>223.31</ele>
	<time>1970-01-01T02:13:48.549Z</time>
</trkpt>
<trkpt lat="47.9848862" lon="7.2932229">
	<ele>223.30</ele>
	<time>1970-01-01T02:13:52.342Z</time>
</trkpt>
<trkpt lat="47.9850311" lon="7.2932062">
	<ele>222.95</ele>
	<time>1970-01-01T02:13:55.386Z</time>
</trkpt>
<trkpt lat="47.9850311" lon="7.2932062">
	<ele>222.95</ele>
	<time>1970-01-01T02:41:47.379Z</time>
</trkpt>
<trkpt lat="47.9851685" lon="7.2931910">
	<ele>222.66</ele>
	<time>1970-01-01T02:41:49.885Z</time>
</trkpt>
<trkpt lat="47.9857063" lon="7.2931681">
	<ele>222.00</ele>
	<time>1970-01-01T02:41:57.168Z</time>
</trkpt>
<trkpt lat="47.9863205" lon="7.2932301">
	<ele>220.17</ele>
	<time>1970-01-01T02:42:08.235Z</time>
</trkpt>
<trkpt lat="47.9870224" lon="7.2933869">
	<ele>216.58</ele>
	<time>1970-01-01T02:42:16.945Z</time>
</trkpt>
<trkpt lat="47.9884148" lon="7.2937622">
	<ele>211.65</ele>
	<time>1970-01-01T02:42:31.578Z</time>
</trkpt>
<trkpt lat="47.9889145" lon="7.2939320">
	<ele>210.01</ele>
	<time>1970-01-01T02:42:37.812Z</time>
</trkpt>
<trkpt lat="47.9890213" lon="7.2939820">
	<ele>210.10</ele>
	<time>1970-01-01T02:42:39.207Z</time>
</trkpt>
<trkpt lat="47.9891510" lon="7.2939539">
	<ele>210.01</ele>
	<time>1970-01-01T02:42:40.862Z</time>
</trkpt>
<trkpt lat="47.9892960" lon="7.2939610">
	<ele>209.37</ele>
	<time>1970-01-01T02:42:42.496Z</time>
</trkpt>
<trkpt lat="47.9897995" lon="7.2940378">
	<ele>207.93</ele>
	<time>1970-01-01T02:42:47.500Z</time>
</trkpt>
<trkpt lat="47.9901962" lon="7.2940779">
	<ele>207.01</ele>
	<time>1970-01-01T02:42:51.784Z</time>
</trkpt>
<trkpt lat="47.9909210" lon="7.2940822">
	<ele>204.73</ele>
	<time>1970-01-01T02:43:00.728Z</time>
</trkpt>
<trkpt lat="47.9919128" lon="7.2940722">
	<ele>203.13</ele>
	<time>1970-01-01T02:43:10.956Z</time>
</trkpt>
<trkpt lat="47.9927254" lon="7.2940731">
	<ele>201.36</ele>
	<time>1970-01-01T02:43:19.633Z</time>
</trkpt>
<trkpt lat="47.9942703" lon="7.2940440">
	<ele>200.32</ele>
	<time>1970-01-01T02:43:43.181Z</time>
</trkpt>
<trkpt lat="47.9947128" lon="7.2940798">
	<ele>199.51</ele>
	<time>1970-01-01T02:43:50.494Z</time>
</trkpt>
<trkpt lat="47.9959488" lon="7.2942462">
	<ele>199.68</ele>
	<time>1970-01-01T02:44:06.507Z</time>
</trkpt>
<trkpt lat="47.9981117" lon="7.2946038">
	<ele>198.94</ele>
	<time>1970-01-01T02:44:38.509Z</time>
</trkpt>
<trkpt lat="47.9993134" lon="7.2947850">
	<ele>199.34</ele>
	<time>1970-01-01T02:45:00.182Z</time>
</trkpt>
<trkpt lat="47.9997292" lon="7.2948689">
	<ele>199.41</ele>
	<time>1970-01-01T02:45:07.773Z</time>
</trkpt>
<trkpt lat="48.0001450" lon="7.2949162">
	<ele>199.22</ele>
	<time>1970-01-01T02:45:15.399Z</time>
</trkpt>
<trkpt lat="48.0008850" lon="7.2950430">
	<ele>199.95</ele>
	<time>1970-01-01T02:45:32.101Z</time>
</trkpt>
<trkpt lat="48.0014343" lon="7.2952161">
	<ele>200.26</ele>
	<time>1970-01-01T02:45:44.206Z</time>
</trkpt>
<trkpt lat="48.0019531" lon="7.2954078">
	<ele>200.61</ele>
	<time>1970-01-01T02:45:53.320Z</time>
</trkpt>
<trkpt lat="48.0024185" lon="7.2956271">
	<ele>199.70</ele>
	<time>1970-01-01T02:46:00.138Z</time>
</trkpt>
<trkpt lat="48.0028877" lon="7.2959061">
	<ele>199.85</ele>
	<time>1970-01-01T02:46:08.423Z</time>
</trkpt>
<trkpt lat="48.0034180" lon="7.2962780">
	<ele>199.44</ele>
	<time>1970-01-01T02:46:20.214Z</time>
</trkpt>
<trkpt lat="48.0039253" lon="7.2966580">
	<ele>199.11</ele>
	<time>1970-01-01T02:46:31.203Z</time>
</trkpt>
<trkpt lat="48.0045128" lon="7.2971959">
	<ele>199.11</ele>
	<time>1970-01-01T02:46:42.648Z</time>
</trkpt>
<trkpt lat="48.0051460" lon="7.2978778">
	<ele>198.96</ele>
	<time>1970-01-01T02:46:57.740Z</time>
</trkpt>
<trkpt lat="48.0052414" lon="7.2980089">
	<ele>198.94</ele>
	<time>1970-01-01T02:47:00.291Z</time>
</trkpt>
<trkpt lat="48.0052299" lon="7.2982788">
	<ele>199.53</ele>
	<time>1970-01-01T02:47:04.378Z</time>
</trkpt>
<trkpt lat="48.0051003" lon="7.2990332">
	<ele>200.04</ele>
	<time>1970-01-01T02:47:15.492Z</time>
</trkpt>
<trkpt lat="48.0050926" lon="7.2993898">
	<ele>199.12</ele>
	<time>1970-01-01T02:47:19.615Z</time>
</trkpt>
<trkpt lat="48.0051613" lon="7.2996469">
	<ele>199.47</ele>
	<time>1970-01-01T02:47:22.246Z</time>
</trkpt>
<trkpt lat="48.0053253" lon="7.2998471">
	<ele>199.10</ele>
	<time>1970-01-01T02:47:24.877Z</time>
</trkpt>
<trkpt lat="48.0054893" lon="7.2999501">
	<ele>198.85</ele>
	<time>1970-01-01T02:47:27.204Z</time>
</trkpt>
<trkpt lat="48.0056114" lon="7.3000031">
	<ele>199.08</ele>
	<time>1970-01-01T02:47:28.915Z</time>
</trkpt>
<trkpt lat="48.0056381" lon="7.3000379">
	<ele>199.09</ele>
	<time>1970-01-01T02:47:29.416Z</time>
</trkpt>
<trkpt lat="48.0057449" lon="7.3000569">
	<ele>198.99</ele>
	<time>1970-01-01T02:47:30.948Z</time>
</trkpt>
<trkpt lat="48.0061646" lon="7.2996650">
	<ele>198.11</ele>
	<time>1970-01-01T02:47:38.825Z</time>
</trkpt>
<trkpt lat="48.0062332" lon="7.2996221">
	<ele>198.30</ele>
	<time>1970-01-01T02:47:40.020Z</time>
</trkpt>
<trkpt lat="48.0063782" lon="7.2996020">
	<ele>198.42</ele>
	<time>1970-01-01T02:47:42.438Z</time>
</trkpt>
<trkpt lat="48.0064964" lon="7.2996511">
	<ele>198.19</ele>
	<time>1970-01-01T02:47:44.459Z</time>
</trkpt>
<trkpt lat="48.0072136" lon="7.3005619">
	<ele>197.98</ele>
	<time>1970-01-01T02:48:03.502Z</time>
</trkpt>
<trkpt lat="48.0101662" lon="7.3042588">
	<ele>199.01</ele>
	<time>1970-01-01T02:49:19.468Z</time>
</trkpt>
<trkpt lat="48.0101280" lon="7.3055658">
	<ele>200.10</ele>
	<time>1970-01-01T02:49:39.084Z</time>
</trkpt>
<trkpt lat="48.0102654" lon="7.3056078">
	<ele>200.14</ele>
	<time>1970-01-01T02:49:42.671Z</time>
</trkpt>
<trkpt lat="48.0106583" lon="7.3056540">
	<ele>200.51</ele>
	<time>1970-01-01T02:49:56.115Z</time>
</trkpt>
<trkpt lat="48.0110435" lon="7.3057919">
	<ele>202.50</ele>
	<time>1970-01-01T02:50:10.342Z</time>
</trkpt>
<trkpt lat="48.0111046" lon="7.3058271">
	<ele>202.96</ele>
	<time>1970-01-01T02:50:12.307Z</time>
</trkpt>
<trkpt lat="48.0111694" lon="7.3055429">
	<ele>202.38</ele>
	<time>1970-01-01T02:50:18.443Z</time>
</trkpt>
<trkpt lat="48.0112801" lon="7.3050742">
	<ele>202.89</ele>
	<time>1970-01-01T02:50:29.208Z</time>
</trkpt>
<trkpt lat="48.0113411" lon="7.3047891">
	<ele>202.71</ele>
	<time>1970-01-01T02:50:35.497Z</time>
</trkpt>
<trkpt lat="48.0114250" lon="7.3044982">
	<ele>203.12</ele>
	<time>1970-01-01T02:50:42.847Z</time>
</trkpt>
<trkpt lat="48.0115585" lon="7.3040242">
	<ele>203.95</ele>
	<time>1970-01-01T02:50:55.220Z</time>
</trkpt>
<trkpt lat="48.0116005" lon="7.3039441">
	<ele>203.89</ele>
	<time>1970-01-01T02:50:57.655Z</time>
</trkpt>
<trkpt lat="48.0116272" lon="7.3038979">
	<ele>203.88</ele>
	<time>1970-01-01T02:50:58.834Z</time>
</trkpt>
<trkpt lat="48.0118752" lon="7.3045292">
	<ele>204.76</ele>
	<time>1970-01-01T02:51:14.546Z</time>
</trkpt>
<trkpt lat="48.0120773" lon="7.3050570">
	<ele>206.05</ele>
	<time>1970-01-01T02:51:25.594Z</time>
</trkpt>
<trkpt lat="48.0124588" lon="7.3061490">
	<ele>208.75</ele>
	<time>1970-01-01T02:51:43.489Z</time>
</trkpt>
<trkpt lat="48.0125198" lon="7.3062949">
	<ele>209.11</ele>
	<time>1970-01-01T02:51:46.193Z</time>
</trkpt>
<trkpt lat="48.0125847" lon="7.3064208">
	<ele>209.58</ele>
	<time>1970-01-01T02:51:48.794Z</time>
</trkpt>
<trkpt lat="48.0126724" lon="7.3065238">
	<ele>210.32</ele>
	<time>1970-01-01T02:51:51.492Z</time>
</trkpt>
<trkpt lat="48.0134315" lon="7.3070278">
	<ele>213.39</ele>
	<time>1970-01-01T02:52:19.080Z</time>
</trkpt>
<trkpt lat="48.0135689" lon="7.3071170">
	<ele>213.92</ele>
	<time>1970-01-01T02:52:23.330Z</time>
</trkpt>
<trkpt lat="48.0137177" lon="7.3071861">
	<ele>214.43</ele>
	<time>1970-01-01T02:52:27.819Z</time>
</trkpt>
<trkpt lat="48.0139236" lon="7.3072710">
	<ele>215.00</ele>
	<time>1970-01-01T02:52:34.405Z</time>
</trkpt>
<trkpt lat="48.0148277" lon="7.3076601">
	<ele>216.90</ele>
	<time>1970-01-01T02:53:01.610Z</time>
</trkpt>
<trkpt lat="48.0159912" lon="7.3079672">
	<ele>218.43</ele>
	<time>1970-01-01T02:53:37.602Z</time>
</trkpt>
<trkpt lat="48.0162315" lon="7.3081031">
	<ele>218.87</ele>
	<time>1970-01-01T02:53:44.111Z</time>
</trkpt>
<trkpt lat="48.0164833" lon="7.3083482">
	<ele>218.39</ele>
	<time>1970-01-01T02:53:51.796Z</time>
</trkpt>
<trkpt lat="48.0166283" lon="7.3084412">
	<ele>218.59</ele>
	<time>1970-01-01T02:53:55.381Z</time>
</trkpt>
<trkpt lat="48.0166740" lon="7.3084688">
	<ele>218.66</ele>
	<time>1970-01-01T02:53:56.614Z</time>
</trkpt>
<trkpt lat="48.0167122" lon="7.3084912">
	<ele>218.70</ele>
	<time>1970-01-01T02:53:57.630Z</time>
</trkpt>
<trkpt lat="48.0167732" lon="7.3085380">
	<ele>218.73</ele>
	<time>1970-01-01T02:53:59.236Z</time>
</trkpt>
<trkpt lat="48.0168076" lon="7.3085642">
	<ele>218.77</ele>
	<time>1970-01-01T02:54:00.030Z</time>
</trkpt>
<trkpt lat="48.0176353" lon="7.3093829">
	<ele>219.22</ele>
	<time>1970-01-01T02:54:20.373Z</time>
</trkpt>
<trkpt lat="48.0182648" lon="7.3099842">
	<ele>220.83</ele>
	<time>1970-01-01T02:54:43.496Z</time>
</trkpt>
<trkpt lat="48.0192032" lon="7.3109031">
	<ele>225.09</ele>
	<time>1970-01-01T02:55:30.646Z</time>
</trkpt>
<trkpt lat="48.0192795" lon="7.3109989">
	<ele>225.36</ele>
	<time>1970-01-01T02:55:33.610Z</time>
</trkpt>
<trkpt lat="48.0193710" lon="7.3110862">
	<ele>225.62</ele>
	<time>1970-01-01T02:55:37.309Z</time>
</trkpt>
<trkpt lat="48.0194626" lon="7.3111081">
	<ele>226.14</ele>
	<time>1970-01-01T02:55:40.769Z</time>
</trkpt>
<trkpt lat="48.0201492" lon="7.3113918">
	<ele>231.60</ele>
	<time>1970-01-01T02:56:28.379Z</time>
</trkpt>
<trkpt lat="48.0203438" lon="7.3114300">
	<ele>233.63</ele>
	<time>1970-01-01T02:56:39.287Z</time>
</trkpt>
<trkpt lat="48.0206108" lon="7.3114562">
	<ele>236.20</ele>
	<time>1970-01-01T02:56:55.961Z</time>
</trkpt>
<trkpt lat="48.0206757" lon="7.3114562">
	<ele>236.66</ele>
	<time>1970-01-01T02:57:00.108Z</time>
</trkpt>
<trkpt lat="48.0207634" lon="7.3114591">
	<ele>237.22</ele>
	<time>1970-01-01T02:57:05.347Z</time>
</trkpt>
<trkpt lat="48.0210762" lon="7.3114948">
	<ele>239.10</ele>
	<time>1970-01-01T02:57:22.083Z</time>
</trkpt>
<trkpt lat="48.0212440" lon="7.3115249">
	<ele>239.46</ele>
	<time>1970-01-01T02:57:29.527Z</time>
</trkpt>
<trkpt lat="48.0220375" lon="7.3117690">
	<ele>235.91</ele>
	<time>1970-01-01T02:57:48.395Z</time>
</trkpt>
<trkpt lat="48.0221825" lon="7.3118100">
	<ele>235.44</ele>
	<time>1970-01-01T02:57:54.006Z</time>
</trkpt>
<trkpt lat="48.0222893" lon="7.3118248">
	<ele>234.57</ele>
	<time>1970-01-01T02:57:57.439Z</time>
</trkpt>
<trkpt lat="48.0224075" lon="7.3118372">
	<ele>233.33</ele>
	<time>1970-01-01T02:58:00.519Z</time>
</trkpt>
<trkpt lat="48.0225754" lon="7.3118401">
	<ele>232.03</ele>
	<time>1970-01-01T02:58:03.824Z</time>
</trkpt>
<trkpt lat="48.0233727" lon="7.3118091">
	<ele>227.75</ele>
	<time>1970-01-01T02:58:12.672Z</time>
</trkpt>
<trkpt lat="48.0237808" lon="7.3117890">
	<ele>226.11</ele>
	<time>1970-01-01T02:58:16.628Z</time>
</trkpt>
<trkpt lat="48.0239563" lon="7.3117690">
	<ele>224.51</ele>
	<time>1970-01-01T02:58:18.363Z</time>
</trkpt>
<trkpt lat="48.0241241" lon="7.3117251">
	<ele>223.70</ele>
	<time>1970-01-01T02:58:19.903Z</time>
</trkpt>
<trkpt lat="48.0246353" lon="7.3115358">
	<ele>220.93</ele>
	<time>1970-01-01T02:58:24.623Z</time>
</trkpt>
<trkpt lat="48.0250435" lon="7.3114462">
	<ele>218.11</ele>
	<time>1970-01-01T02:58:28.303Z</time>
</trkpt>
<trkpt lat="48.0252571" lon="7.3114161">
	<ele>216.07</ele>
	<time>1970-01-01T02:58:30.223Z</time>
</trkpt>
<trkpt lat="48.0253601" lon="7.3114109">
	<ele>215.19</ele>
	<time>1970-01-01T02:58:31.103Z</time>
</trkpt>
<trkpt lat="48.0254631" lon="7.3114138">
	<ele>214.41</ele>
	<time>1970-01-01T02:58:31.983Z</time>
</trkpt>
<trkpt lat="48.0256500" lon="7.3114481">
	<ele>213.72</ele>
	<time>1970-01-01T02:58:33.663Z</time>
</trkpt>
<trkpt lat="48.0258408" lon="7.3115330">
	<ele>212.85</ele>
	<time>1970-01-01T02:58:35.423Z</time>
</trkpt>
<trkpt lat="48.0259819" lon="7.3115969">
	<ele>211.21</ele>
	<time>1970-01-01T02:58:36.703Z</time>
</trkpt>
<trkpt lat="48.0260849" lon="7.3116632">
	<ele>210.12</ele>
	<time>1970-01-01T02:58:37.663Z</time>
</trkpt>
<trkpt lat="48.0262146" lon="7.3117690">
	<ele>209.50</ele>
	<time>1970-01-01T02:58:38.943Z</time>
</trkpt>
<trkpt lat="48.0263710" lon="7.3119178">
	<ele>207.33</ele>
	<time>1970-01-01T02:58:40.623Z</time>
</trkpt>
<trkpt lat="48.0269051" lon="7.3124661">
	<ele>203.22</ele>
	<time>1970-01-01T02:58:46.383Z</time>
</trkpt>
<trkpt lat="48.0272179" lon="7.3127708">
	<ele>202.02</ele>
	<time>1970-01-01T02:58:49.743Z</time>
</trkpt>
<trkpt lat="48.0273972" lon="7.3129082">
	<ele>201.84</ele>
	<time>1970-01-01T02:58:51.503Z</time>
</trkpt>
<trkpt lat="48.0279198" lon="7.3131270">
	<ele>198.79</ele>
	<time>1970-01-01T02:58:56.303Z</time>
</trkpt>
<trkpt lat="48.0281143" lon="7.3132491">
	<ele>199.14</ele>
	<time>1970-01-01T02:58:58.223Z</time>
</trkpt>
<trkpt lat="48.0282478" lon="7.3133559">
	<ele>198.60</ele>
	<time>1970-01-01T02:58:59.600Z</time>
</trkpt>
<trkpt lat="48.0283585" lon="7.3134041">
	<ele>198.37</ele>
	<time>1970-01-01T02:59:00.662Z</time>
</trkpt>
<trkpt lat="48.0284500" lon="7.3133769">
	<ele>198.08</ele>
	<time>1970-01-01T02:59:01.610Z</time>
</trkpt>
<trkpt lat="48.0285149" lon="7.3133368">
	<ele>197.93</ele>
	<time>1970-01-01T02:59:02.329Z</time>
</trkpt>
<trkpt lat="48.0287743" lon="7.3130441">
	<ele>197.54</ele>
	<time>1970-01-01T02:59:05.862Z</time>
</trkpt>
<trkpt lat="48.0288582" lon="7.3129640">
	<ele>197.61</ele>
	<time>1970-01-01T02:59:07.042Z</time>
</trkpt>
<trkpt lat="48.0289307" lon="7.3129182">
	<ele>197.48</ele>
	<time>1970-01-01T02:59:08.042Z</time>
</trkpt>
<trkpt lat="48.0290146" lon="7.3128862">
	<ele>197.35</ele>
	<time>1970-01-01T02:59:09.071Z</time>
</trkpt>
<trkpt lat="48.0290871" lon="7.3128710">
	<ele>197.29</ele>
	<time>1970-01-01T02:59:09.967Z</time>
</trkpt>
<trkpt lat="48.0292587" lon="7.3128610">
	<ele>197.29</ele>
	<time>1970-01-01T02:59:12.186Z</time>
</trkpt>
<trkpt lat="48.0295219" lon="7.3128848">
	<ele>197.31</ele>
	<time>1970-01-01T02:59:15.984Z</time>
</trkpt>
<trkpt lat="48.0296211" lon="7.3129158">
	<ele>197.18</ele>
	<time>1970-01-01T02:59:17.486Z</time>
</trkpt>
<trkpt lat="48.0296822" lon="7.3129501">
	<ele>197.07</ele>
	<time>1970-01-01T02:59:18.404Z</time>
</trkpt>
<trkpt lat="48.0297508" lon="7.3130031">
	<ele>196.89</ele>
	<time>1970-01-01T02:59:19.470Z</time>
</trkpt>
<trkpt lat="48.0299149" lon="7.3132319">
	<ele>196.10</ele>
	<time>1970-01-01T02:59:22.579Z</time>
</trkpt>
<trkpt lat="48.0299683" lon="7.3132858">
	<ele>195.96</ele>
	<time>1970-01-01T02:59:23.485Z</time>
</trkpt>
<trkpt lat="48.0300102" lon="7.3133178">
	<ele>195.98</ele>
	<time>1970-01-01T02:59:24.141Z</time>
</trkpt>
<trkpt lat="48.0300827" lon="7.3133459">
	<ele>196.20</ele>
	<time>1970-01-01T02:59:25.205Z</time>
</trkpt>
<trkpt lat="48.0301819" lon="7.3133430">
	<ele>196.64</ele>
	<time>1970-01-01T02:59:26.696Z</time>
</trkpt>
<trkpt lat="48.0302849" lon="7.3132868">
	<ele>197.07</ele>
	<time>1970-01-01T02:59:28.456Z</time>
</trkpt>
<trkpt lat="48.0304527" lon="7.3130822">
	<ele>197.66</ele>
	<time>1970-01-01T02:59:30.923Z</time>
</trkpt>
<trkpt lat="48.0304985" lon="7.3129721">
	<ele>197.92</ele>
	<time>1970-01-01T02:59:32.067Z</time>
</trkpt>
<trkpt lat="48.0305214" lon="7.3128438">
	<ele>197.93</ele>
	<time>1970-01-01T02:59:33.374Z</time>
</trkpt>
<trkpt lat="48.0305443" lon="7.3128090">
	<ele>197.98</ele>
	<time>1970-01-01T02:59:33.936Z</time>
</trkpt>
<trkpt lat="48.0305786" lon="7.3127890">
	<ele>198.04</ele>
	<time>1970-01-01T02:59:34.502Z</time>
</trkpt>
<trkpt lat="48.0306320" lon="7.3128018">
	<ele>198.08</ele>
	<time>1970-01-01T02:59:35.411Z</time>
</trkpt>
<trkpt lat="48.0306587" lon="7.3128200">
	<ele>198.09</ele>
	<time>1970-01-01T02:59:35.868Z</time>
</trkpt>
<trkpt lat="48.0306854" lon="7.3128581">
	<ele>198.09</ele>
	<time>1970-01-01T02:59:36.442Z</time>
</trkpt>
<trkpt lat="48.0307121" lon="7.3128929">
	<ele>198.09</ele>
	<time>1970-01-01T02:59:37.019Z</time>
</trkpt>
<trkpt lat="48.0307274" lon="7.3129239">
	<ele>198.08</ele>
	<time>1970-01-01T02:59:37.454Z</time>
</trkpt>
<trkpt lat="48.0307465" lon="7.3129811">
	<ele>198.06</ele>
	<time>1970-01-01T02:59:38.141Z</time>
</trkpt>
<trkpt lat="48.0307426" lon="7.3130298">
	<ele>198.05</ele>
	<time>1970-01-01T02:59:38.664Z</time>
</trkpt>
<trkpt lat="48.0307121" lon="7.3130798">
	<ele>198.03</ele>
	<time>1970-01-01T02:59:39.289Z</time>
</trkpt>
<trkpt lat="48.0306625" lon="7.3131070">
	<ele>197.97</ele>
	<time>1970-01-01T02:59:40.050Z</time>
</trkpt>
<trkpt lat="48.0306244" lon="7.3131418">
	<ele>197.83</ele>
	<time>1970-01-01T02:59:40.659Z</time>
</trkpt>
<trkpt lat="48.0300179" lon="7.3138971">
	<ele>196.01</ele>
	<time>1970-01-01T02:59:50.599Z</time>
</trkpt>
<trkpt lat="48.0299950" lon="7.3139372">
	<ele>195.93</ele>
	<time>1970-01-01T02:59:51.116Z</time>
</trkpt>
<trkpt lat="48.0299721" lon="7.3139982">
	<ele>195.88</ele>
	<time>1970-01-01T02:59:51.770Z</time>
</trkpt>
<trkpt lat="48.0299568" lon="7.3140831">
	<ele>195.92</ele>
	<time>1970-01-01T02:59:52.697Z</time>
</trkpt>
<trkpt lat="48.0299416" lon="7.3141379">
	<ele>195.96</ele>
	<time>1970-01-01T02:59:53.367Z</time>
</trkpt>
<trkpt lat="48.0299110" lon="7.3141699">
	<ele>195.97</ele>
	<time>1970-01-01T02:59:53.908Z</time>
</trkpt>
<trkpt lat="48.0298195" lon="7.3141890">
	<ele>195.96</ele>
	<time>1970-01-01T02:59:55.279Z</time>
</trkpt>
<trkpt lat="48.0297775" lon="7.3142109">
	<ele>196.00</ele>
	<time>1970-01-01T02:59:55.974Z</time>
</trkpt>
<trkpt lat="48.0295715" lon="7.3144021">
	<ele>195.35</ele>
	<time>1970-01-01T03:00:00.039Z</time>
</trkpt>
<trkpt lat="48.0295372" lon="7.3144550">
	<ele>195.17</ele>
	<time>1970-01-01T03:00:00.956Z</time>
</trkpt>
<trkpt lat="48.0295181" lon="7.3145180">
	<ele>195.49</ele>
	<time>1970-01-01T03:00:01.724Z</time>
</trkpt>
<trkpt lat="48.0295105" lon="7.3145809">
	<ele>196.17</ele>
	<time>1970-01-01T03:00:02.496Z</time>
</trkpt>
<trkpt lat="48.0295372" lon="7.3146472">
	<ele>196.81</ele>
	<time>1970-01-01T03:00:03.425Z</time>
</trkpt>
<trkpt lat="48.0295677" lon="7.3146901">
	<ele>196.95</ele>
	<time>1970-01-01T03:00:04.155Z</time>
</trkpt>
<trkpt lat="48.0306358" lon="7.3156958">
	<ele>197.42</ele>
	<time>1970-01-01T03:00:23.968Z</time>
</trkpt>
<trkpt lat="48.0312767" lon="7.3161349">
	<ele>196.45</ele>
	<time>1970-01-01T03:00:39.628Z</time>
</trkpt>
<trkpt lat="48.0318642" lon="7.3165188">
	<ele>196.56</ele>
	<time>1970-01-01T03:00:53.222Z</time>
</trkpt>
<trkpt lat="48.0325699" lon="7.3169408">
	<ele>196.79</ele>
	<time>1970-01-01T03:01:06.247Z</time>
</trkpt>
<trkpt lat="48.0337906" lon="7.3176780">
	<ele>196.27</ele>
	<time>1970-01-01T03:01:30.892Z</time>
</trkpt>
<trkpt lat="48.0350800" lon="7.3184252">
	<ele>195.27</ele>
	<time>1970-01-01T03:01:51.459Z</time>
</trkpt>
<trkpt lat="48.0377769" lon="7.3199658">
	<ele>193.87</ele>
	<time>1970-01-01T03:02:43.510Z</time>
</trkpt>
<trkpt lat="48.0387421" lon="7.3205070">
	<ele>193.74</ele>
	<time>1970-01-01T03:02:59.355Z</time>
</trkpt>
<trkpt lat="48.0387917" lon="7.3205209">
	<ele>193.82</ele>
	<time>1970-01-01T03:03:00.259Z</time>
</trkpt>
<trkpt lat="48.0388527" lon="7.3205118">
	<ele>193.82</ele>
	<time>1970-01-01T03:03:01.391Z</time>
</trkpt>
<trkpt lat="48.0388908" lon="7.3204851">
	<ele>193.72</ele>
	<time>1970-01-01T03:03:02.201Z</time>
</trkpt>
<trkpt lat="48.0389175" lon="7.3204508">
	<ele>193.61</ele>
	<time>1970-01-01T03:03:02.849Z</time>
</trkpt>
<trkpt lat="48.0389900" lon="7.3203011">
	<ele>193.42</ele>
	<time>1970-01-01T03:03:05.275Z</time>
</trkpt>
<trkpt lat="48.0390205" lon="7.3202758">
	<ele>193.52</ele>
	<time>1970-01-01T03:03:05.966Z</time>
</trkpt>
<trkpt lat="48.0390663" lon="7.3202519">
	<ele>193.69</ele>
	<time>1970-01-01T03:03:07.000Z</time>
</trkpt>
<trkpt lat="48.0391769" lon="7.3202262">
	<ele>193.86</ele>
	<time>1970-01-01T03:03:09.064Z</time>
</trkpt>
<trkpt lat="48.0393867" lon="7.3203249">
	<ele>193.29</ele>
	<time>1970-01-01T03:03:13.171Z</time>
</trkpt>
<trkpt lat="48.0395088" lon="7.3203650">
	<ele>193.20</ele>
	<time>1970-01-01T03:03:15.557Z</time>
</trkpt>
<trkpt lat="48.0395699" lon="7.3203640">
	<ele>193.17</ele>
	<time>1970-01-01T03:03:16.748Z</time>
</trkpt>
<trkpt lat="48.0396309" lon="7.3203511">
	<ele>193.12</ele>
	<time>1970-01-01T03:03:17.937Z</time>
</trkpt>
<trkpt lat="48.0396805" lon="7.3203182">
	<ele>193.04</ele>
	<time>1970-01-01T03:03:18.955Z</time>
</trkpt>
<trkpt lat="48.0399208" lon="7.3200698">
	<ele>193.13</ele>
	<time>1970-01-01T03:03:23.535Z</time>
</trkpt>
<trkpt lat="48.0399742" lon="7.3200388">
	<ele>193.08</ele>
	<time>1970-01-01T03:03:24.417Z</time>
</trkpt>
<trkpt lat="48.0400352" lon="7.3200321">
	<ele>193.07</ele>
	<time>1970-01-01T03:03:25.453Z</time>
</trkpt>
<trkpt lat="48.0403175" lon="7.3201132">
	<ele>193.41</ele>
	<time>1970-01-01T03:03:31.202Z</time>
</trkpt>
<trkpt lat="48.0403519" lon="7.3200989">
	<ele>193.47</ele>
	<time>1970-01-01T03:03:31.912Z</time>
</trkpt>
<trkpt lat="48.0404129" lon="7.3200202">
	<ele>193.57</ele>
	<time>1970-01-01T03:03:33.503Z</time>
</trkpt>
<trkpt lat="48.0404549" lon="7.3200102">
	<ele>193.75</ele>
	<time>1970-01-01T03:03:34.446Z</time>
</trkpt>
<trkpt lat="48.0405045" lon="7.3200231">
	<ele>193.93</ele>
	<time>1970-01-01T03:03:35.570Z</time>
</trkpt>
<trkpt lat="48.0405273" lon="7.3200459">
	<ele>193.98</ele>
	<time>1970-01-01T03:03:36.169Z</time>
</trkpt>
<trkpt lat="48.0405769" lon="7.3201590">
	<ele>193.97</ele>
	<time>1970-01-01T03:03:38.145Z</time>
</trkpt>
<trkpt lat="48.0406532" lon="7.3202782">
	<ele>193.68</ele>
	<time>1970-01-01T03:03:40.474Z</time>
</trkpt>
<trkpt lat="48.0406609" lon="7.3203011">
	<ele>193.65</ele>
	<time>1970-01-01T03:03:40.858Z</time>
</trkpt>
<trkpt lat="48.0406609" lon="7.3203330">
	<ele>193.64</ele>
	<time>1970-01-01T03:03:41.241Z</time>
</trkpt>
<trkpt lat="48.0406418" lon="7.3203950">
	<ele>193.73</ele>
	<time>1970-01-01T03:03:42.195Z</time>
</trkpt>
<trkpt lat="48.0406723" lon="7.3204312">
	<ele>193.60</ele>
	<time>1970-01-01T03:03:42.953Z</time>
</trkpt>
<trkpt lat="48.0407715" lon="7.3206339">
	<ele>193.11</ele>
	<time>1970-01-01T03:03:46.505Z</time>
</trkpt>
<trkpt lat="48.0407944" lon="7.3208270">
	<ele>192.99</ele>
	<time>1970-01-01T03:03:49.087Z</time>
</trkpt>
<trkpt lat="48.0407753" lon="7.3213568">
	<ele>192.98</ele>
	<time>1970-01-01T03:03:55.924Z</time>
</trkpt>
<trkpt lat="48.0408173" lon="7.3214321">
	<ele>192.98</ele>
	<time>1970-01-01T03:03:57.285Z</time>
</trkpt>
<trkpt lat="48.0421219" lon="7.3220282">
	<ele>194.10</ele>
	<time>1970-01-01T03:04:20.409Z</time>
</trkpt>
<trkpt lat="48.0421600" lon="7.3219128">
	<ele>194.05</ele>
	<time>1970-01-01T03:04:22.017Z</time>
</trkpt>
<trkpt lat="48.0423279" lon="7.3206701">
	<ele>194.06</ele>
	<time>1970-01-01T03:04:39.558Z</time>
</trkpt>
<trkpt lat="48.0425453" lon="7.3193350">
	<ele>195.08</ele>
	<time>1970-01-01T03:05:03.974Z</time>
</trkpt>
<trkpt lat="48.0427322" lon="7.3180509">
	<ele>195.96</ele>
	<time>1970-01-01T03:05:22.547Z</time>
</trkpt>
<trkpt lat="48.0427322" lon="7.3180509">
	<ele>195.96</ele>
	<time>1970-01-01T03:33:14.540Z</time>
</trkpt>
<trkpt lat="48.0429039" lon="7.3168631">
	<ele>195.64</ele>
	<time>1970-01-01T03:33:29.745Z</time>
</trkpt>
<trkpt lat="48.0431938" lon="7.3157711">
	<ele>196.45</ele>
	<time>1970-01-01T03:33:49.949Z</time>
</trkpt>
<trkpt lat="48.0432358" lon="7.3155098">
	<ele>196.67</ele>
	<time>1970-01-01T03:33:54.242Z</time>
</trkpt>
<trkpt lat="48.0433159" lon="7.3149900">
	<ele>197.97</ele>
	<time>1970-01-01T03:34:02.290Z</time>
</trkpt>
<trkpt lat="48.0434341" lon="7.3140912">
	<ele>198.08</ele>
	<time>1970-01-01T03:34:17.853Z</time>
</trkpt>
<trkpt lat="48.0434723" lon="7.3136091">
	<ele>198.57</ele>
	<time>1970-01-01T03:34:26.490Z</time>
</trkpt>
<trkpt lat="48.0434761" lon="7.3135080">
	<ele>198.79</ele>
	<time>1970-01-01T03:34:28.399Z</time>
</trkpt>
<trkpt lat="48.0434303" lon="7.3130999">
	<ele>199.02</ele>
	<time>1970-01-01T03:34:35.786Z</time>
</trkpt>
<trkpt lat="48.0434265" lon="7.3130569">
	<ele>199.00</ele>
	<time>1970-01-01T03:34:36.461Z</time>
</trkpt>
<trkpt lat="48.0434151" lon="7.3129339">
	<ele>198.94</ele>
	<time>1970-01-01T03:34:38.453Z</time>
</trkpt>
<trkpt lat="48.0434303" lon="7.3128200">
	<ele>198.94</ele>
	<time>1970-01-01T03:34:40.396Z</time>
</trkpt>
<trkpt lat="48.0435257" lon="7.3125162">
	<ele>200.07</ele>
	<time>1970-01-01T03:34:45.583Z</time>
</trkpt>
<trkpt lat="48.0435562" lon="7.3124108">
	<ele>200.14</ele>
	<time>1970-01-01T03:34:47.386Z</time>
</trkpt>
<trkpt lat="48.0435982" lon="7.3122220">
	<ele>200.00</ele>
	<time>1970-01-01T03:34:50.531Z</time>
</trkpt>
<trkpt lat="48.0436172" lon="7.3120189">
	<ele>199.93</ele>
	<time>1970-01-01T03:34:54.006Z</time>
</trkpt>
<trkpt lat="48.0436172" lon="7.3119750">
	<ele>199.96</ele>
	<time>1970-01-01T03:34:54.682Z</time>
</trkpt>
<trkpt lat="48.0436096" lon="7.3119159">
	<ele>200.07</ele>
	<time>1970-01-01T03:34:55.794Z</time>
</trkpt>
<trkpt lat="48.0436630" lon="7.3118868">
	<ele>200.14</ele>
	<time>1970-01-01T03:34:57.109Z</time>
</trkpt>
<trkpt lat="48.0437241" lon="7.3118291">
	<ele>200.24</ele>
	<time>1970-01-01T03:34:58.830Z</time>
</trkpt>
<trkpt lat="48.0437508" lon="7.3117971">
	<ele>200.26</ele>
	<time>1970-01-01T03:34:59.678Z</time>
</trkpt>
<trkpt lat="48.0438042" lon="7.3117261">
	<ele>200.22</ele>
	<time>1970-01-01T03:35:01.350Z</time>
</trkpt>
<trkpt lat="48.0439148" lon="7.3115811">
	<ele>199.96</ele>
	<time>1970-01-01T03:35:04.609Z</time>
</trkpt>
<trkpt lat="48.0439606" lon="7.3115282">
	<ele>199.92</ele>
	<time>1970-01-01T03:35:06.004Z</time>
</trkpt>
<trkpt lat="48.0442696" lon="7.3112478">
	<ele>200.01</ele>
	<time>1970-01-01T03:35:13.689Z</time>
</trkpt>
<trkpt lat="48.0445938" lon="7.3109531">
	<ele>200.00</ele>
	<time>1970-01-01T03:35:22.845Z</time>
</trkpt>
<trkpt lat="48.0448189" lon="7.3107600">
	<ele>200.00</ele>
	<time>1970-01-01T03:35:29.440Z</time>
</trkpt>
<trkpt lat="48.0449600" lon="7.3106680">
	<ele>200.00</ele>
	<time>1970-01-01T03:35:33.065Z</time>
</trkpt>
<trkpt lat="48.0451355" lon="7.3105812">
	<ele>200.00</ele>
	<time>1970-01-01T03:35:37.089Z</time>
</trkpt>
<trkpt lat="48.0455437" lon="7.3104429">
	<ele>200.07</ele>
	<time>1970-01-01T03:35:44.845Z</time>
</trkpt>
<trkpt lat="48.0456276" lon="7.3104181">
	<ele>200.04</ele>
	<time>1970-01-01T03:35:46.243Z</time>
</trkpt>
<trkpt lat="48.0457458" lon="7.3103681">
	<ele>199.96</ele>
	<time>1970-01-01T03:35:48.435Z</time>
</trkpt>
<trkpt lat="48.0458412" lon="7.3103271">
	<ele>199.94</ele>
	<time>1970-01-01T03:35:50.169Z</time>
</trkpt>
<trkpt lat="48.0459290" lon="7.3102651">
	<ele>200.03</ele>
	<time>1970-01-01T03:35:51.915Z</time>
</trkpt>
<trkpt lat="48.0459175" lon="7.3101668">
	<ele>200.41</ele>
	<time>1970-01-01T03:35:53.030Z</time>
</trkpt>
<trkpt lat="48.0459175" lon="7.3101282">
	<ele>200.59</ele>
	<time>1970-01-01T03:35:53.509Z</time>
</trkpt>
<trkpt lat="48.0459137" lon="7.3100882">
	<ele>200.78</ele>
	<time>1970-01-01T03:35:53.989Z</time>
</trkpt>
<trkpt lat="48.0459061" lon="7.3100042">
	<ele>201.06</ele>
	<time>1970-01-01T03:35:54.951Z</time>
</trkpt>
<trkpt lat="48.0459099" lon="7.3099051">
	<ele>201.13</ele>
	<time>1970-01-01T03:35:56.075Z</time>
</trkpt>
<trkpt lat="48.0459747" lon="7.3095651">
	<ele>200.96</ele>
	<time>1970-01-01T03:36:00.817Z</time>
</trkpt>
<trkpt lat="48.0460014" lon="7.3094139">
	<ele>200.92</ele>
	<time>1970-01-01T03:36:03.120Z</time>
</trkpt>
<trkpt lat="48.0460129" lon="7.3093510">
	<ele>200.92</ele>
	<time>1970-01-01T03:36:04.068Z</time>
</trkpt>
<trkpt lat="48.0461769" lon="7.3084068">
	<ele>201.69</ele>
	<time>1970-01-01T03:36:22.051Z</time>
</trkpt>
<trkpt lat="48.0462456" lon="7.3077340">
	<ele>201.03</ele>
	<time>1970-01-01T03:36:36.536Z</time>
</trkpt>
<trkpt lat="48.0462608" lon="7.3074360">
	<ele>202.11</ele>
	<time>1970-01-01T03:36:42.913Z</time>
</trkpt>
<trkpt lat="48.0462341" lon="7.3072810">
	<ele>201.93</ele>
	<time>1970-01-01T03:36:46.115Z</time>
</trkpt>
<trkpt lat="48.0462608" lon="7.3072228">
	<ele>201.94</ele>
	<time>1970-01-01T03:36:47.401Z</time>
</trkpt>
<trkpt lat="48.0462952" lon="7.3071918">
	<ele>201.98</ele>
	<time>1970-01-01T03:36:48.661Z</time>
</trkpt>
<trkpt lat="48.0463524" lon="7.3071699">
	<ele>201.99</ele>
	<time>1970-01-01T03:36:50.384Z</time>
</trkpt>
<trkpt lat="48.0469475" lon="7.3071299">
	<ele>202.07</ele>
	<time>1970-01-01T03:37:01.587Z</time>
</trkpt>
<trkpt lat="48.0471344" lon="7.3071041">
	<ele>201.26</ele>
	<time>1970-01-01T03:37:04.733Z</time>
</trkpt>
<trkpt lat="48.0476799" lon="7.3069639">
	<ele>201.00</ele>
	<time>1970-01-01T03:37:11.738Z</time>
</trkpt>
<trkpt lat="48.0478210" lon="7.3069258">
	<ele>201.00</ele>
	<time>1970-01-01T03:37:13.688Z</time>
</trkpt>
<trkpt lat="48.0479050" lon="7.3069048">
	<ele>201.04</ele>
	<time>1970-01-01T03:37:14.765Z</time>
</trkpt>
<trkpt lat="48.0479622" lon="7.3068910">
	<ele>201.10</ele>
	<time>1970-01-01T03:37:15.499Z</time>
</trkpt>
<trkpt lat="48.0481224" lon="7.3068771">
	<ele>201.17</ele>
	<time>1970-01-01T03:37:17.660Z</time>
</trkpt>
<trkpt lat="48.0484734" lon="7.3069091">
	<ele>201.02</ele>
	<time>1970-01-01T03:37:22.082Z</time>
</trkpt>
<trkpt lat="48.0488205" lon="7.3069692">
	<ele>200.94</ele>
	<time>1970-01-01T03:37:26.804Z</time>
</trkpt>
<trkpt lat="48.0489578" lon="7.3070130">
	<ele>200.86</ele>
	<time>1970-01-01T03:37:28.781Z</time>
</trkpt>
<trkpt lat="48.0493889" lon="7.3071418">
	<ele>200.97</ele>
	<time>1970-01-01T03:37:37.169Z</time>
</trkpt>
<trkpt lat="48.0497169" lon="7.3072371">
	<ele>200.93</ele>
	<time>1970-01-01T03:37:47.191Z</time>
</trkpt>
<trkpt lat="48.0498581" lon="7.3072681">
	<ele>201.16</ele>
	<time>1970-01-01T03:37:51.860Z</time>
</trkpt>
<trkpt lat="48.0501022" lon="7.3073039">
	<ele>202.77</ele>
	<time>1970-01-01T03:38:00.756Z</time>
</trkpt>
<trkpt lat="48.0502815" lon="7.3072901">
	<ele>204.51</ele>
	<time>1970-01-01T03:38:07.231Z</time>
</trkpt>
<trkpt lat="48.0506783" lon="7.3071928">
	<ele>207.11</ele>
	<time>1970-01-01T03:38:16.539Z</time>
</trkpt>
<trkpt lat="48.0508385" lon="7.3071661">
	<ele>208.52</ele>
	<time>1970-01-01T03:38:20.801Z</time>
</trkpt>
<trkpt lat="48.0509605" lon="7.3071308">
	<ele>209.39</ele>
	<time>1970-01-01T03:38:24.162Z</time>
</trkpt>
<trkpt lat="48.0511055" lon="7.3070841">
	<ele>210.41</ele>
	<time>1970-01-01T03:38:28.315Z</time>
</trkpt>
<trkpt lat="48.0512848" lon="7.3070111">
	<ele>211.05</ele>
	<time>1970-01-01T03:38:34.394Z</time>
</trkpt>
<trkpt lat="48.0515099" lon="7.3068919">
	<ele>211.34</ele>
	<time>1970-01-01T03:38:43.152Z</time>
</trkpt>
<trkpt lat="48.0517921" lon="7.3066702">
	<ele>210.64</ele>
	<time>1970-01-01T03:38:53.337Z</time>
</trkpt>
<trkpt lat="48.0520821" lon="7.3064089">
	<ele>209.34</ele>
	<time>1970-01-01T03:38:59.941Z</time>
</trkpt>
<trkpt lat="48.0521812" lon="7.3063040">
	<ele>208.98</ele>
	<time>1970-01-01T03:39:04.175Z</time>
</trkpt>
<trkpt lat="48.0523567" lon="7.3060751">
	<ele>208.66</ele>
	<time>1970-01-01T03:39:10.551Z</time>
</trkpt>
<trkpt lat="48.0524368" lon="7.3059239">
	<ele>208.17</ele>
	<time>1970-01-01T03:39:13.753Z</time>
</trkpt>
<trkpt lat="48.0524902" lon="7.3058100">
	<ele>208.16</ele>
	<time>1970-01-01T03:39:15.959Z</time>
</trkpt>
<trkpt lat="48.0526314" lon="7.3054390">
	<ele>208.25</ele>
	<time>1970-01-01T03:39:23.986Z</time>
</trkpt>
<trkpt lat="48.0531425" lon="7.3046141">
	<ele>207.47</ele>
	<time>1970-01-01T03:39:41.708Z</time>
</trkpt>
<trkpt lat="48.0531807" lon="7.3045678">
	<ele>207.26</ele>
	<time>1970-01-01T03:39:42.865Z</time>
</trkpt>
<trkpt lat="48.0532303" lon="7.3045378">
	<ele>207.06</ele>
	<time>1970-01-01T03:39:43.936Z</time>
</trkpt>
<trkpt lat="48.0532875" lon="7.3045201">
	<ele>206.89</ele>
	<time>1970-01-01T03:39:44.935Z</time>
</trkpt>
<trkpt lat="48.0533981" lon="7.3045182">
	<ele>206.70</ele>
	<time>1970-01-01T03:39:46.932Z</time>
</trkpt>
<trkpt lat="48.0538979" lon="7.3045621">
	<ele>206.60</ele>
	<time>1970-01-01T03:39:57.885Z</time>
</trkpt>
<trkpt lat="48.0541763" lon="7.3046021">
	<ele>206.42</ele>
	<time>1970-01-01T03:40:03.971Z</time>
</trkpt>
<trkpt lat="48.0544281" lon="7.3046451">
	<ele>206.21</ele>
	<time>1970-01-01T03:40:08.929Z</time>
</trkpt>
<trkpt lat="48.0548515" lon="7.3047361">
	<ele>207.04</ele>
	<time>1970-01-01T03:40:16.053Z</time>
</trkpt>
<trkpt lat="48.0548859" lon="7.3047438">
	<ele>207.02</ele>
	<time>1970-01-01T03:40:16.510Z</time>
</trkpt>
<trkpt lat="48.0549126" lon="7.3047490">
	<ele>207.01</ele>
	<time>1970-01-01T03:40:16.969Z</time>
</trkpt>
<trkpt lat="48.0548210" lon="7.3054872">
	<ele>207.04</ele>
	<time>1970-01-01T03:40:23.394Z</time>
</trkpt>
<trkpt lat="48.0548172" lon="7.3055201">
	<ele>207.05</ele>
	<time>1970-01-01T03:40:23.770Z</time>
</trkpt>
<trkpt lat="48.0548019" lon="7.3056698">
	<ele>206.76</ele>
	<time>1970-01-01T03:40:25.101Z</time>
</trkpt>
<trkpt lat="48.0548325" lon="7.3056831">
	<ele>206.81</ele>
	<time>1970-01-01T03:40:25.595Z</time>
</trkpt>
<trkpt lat="48.0549583" lon="7.3057318">
	<ele>207.09</ele>
	<time>1970-01-01T03:40:27.279Z</time>
</trkpt>
<trkpt lat="48.0549774" lon="7.3057332">
	<ele>207.11</ele>
	<time>1970-01-01T03:40:27.525Z</time>
</trkpt>
<trkpt lat="48.0553970" lon="7.3056831">
	<ele>206.40</ele>
	<time>1970-01-01T03:40:34.255Z</time>
</trkpt>
<trkpt lat="48.0554428" lon="7.3056860">
	<ele>206.63</ele>
	<time>1970-01-01T03:40:34.997Z</time>
</trkpt>
<trkpt lat="48.0564346" lon="7.3058548">
	<ele>208.04</ele>
	<time>1970-01-01T03:40:58.153Z</time>
</trkpt>
<trkpt lat="48.0565834" lon="7.3059120">
	<ele>207.79</ele>
	<time>1970-01-01T03:41:01.537Z</time>
</trkpt>
<trkpt lat="48.0568390" lon="7.3059502">
	<ele>207.84</ele>
	<time>1970-01-01T03:41:07.261Z</time>
</trkpt>
<trkpt lat="48.0569572" lon="7.3059669">
	<ele>208.09</ele>
	<time>1970-01-01T03:41:09.819Z</time>
</trkpt>
<trkpt lat="48.0575523" lon="7.3060560">
	<ele>209.10</ele>
	<time>1970-01-01T03:41:24.426Z</time>
</trkpt>
<trkpt lat="48.0576363" lon="7.3060579">
	<ele>209.02</ele>
	<time>1970-01-01T03:41:26.222Z</time>
</trkpt>
<trkpt lat="48.0577202" lon="7.3060570">
	<ele>208.89</ele>
	<time>1970-01-01T03:41:28.323Z</time>
</trkpt>
<trkpt lat="48.0587273" lon="7.3060918">
	<ele>210.01</ele>
	<time>1970-01-01T03:41:58.178Z</time>
</trkpt>
<trkpt lat="48.0594864" lon="7.3060999">
	<ele>211.07</ele>
	<time>1970-01-01T03:42:18.563Z</time>
</trkpt>
<trkpt lat="48.0595474" lon="7.3060932">
	<ele>211.10</ele>
	<time>1970-01-01T03:42:20.021Z</time>
</trkpt>
<trkpt lat="48.0597992" lon="7.3060708">
	<ele>211.02</ele>
	<time>1970-01-01T03:42:25.653Z</time>
</trkpt>
<trkpt lat="48.0601349" lon="7.3060770">
	<ele>211.56</ele>
	<time>1970-01-01T03:42:33.346Z</time>
</trkpt>
<trkpt lat="48.0601730" lon="7.3060780">
	<ele>211.74</ele>
	<time>1970-01-01T03:42:34.126Z</time>
</trkpt>
<trkpt lat="48.0604019" lon="7.3061070">
	<ele>212.08</ele>
	<time>1970-01-01T03:42:39.407Z</time>
</trkpt>
<trkpt lat="48.0606422" lon="7.3061190">
	<ele>211.97</ele>
	<time>1970-01-01T03:42:45.340Z</time>
</trkpt>
<trkpt lat="48.0607262" lon="7.3061218">
	<ele>211.93</ele>
	<time>1970-01-01T03:42:47.228Z</time>
</trkpt>
<trkpt lat="48.0608101" lon="7.3061290">
	<ele>211.96</ele>
	<time>1970-01-01T03:42:49.079Z</time>
</trkpt>
<trkpt lat="48.0609016" lon="7.3061318">
	<ele>212.21</ele>
	<time>1970-01-01T03:42:51.238Z</time>
</trkpt>
<trkpt lat="48.0611725" lon="7.3061600">
	<ele>213.15</ele>
	<time>1970-01-01T03:42:58.228Z</time>
</trkpt>
<trkpt lat="48.0613136" lon="7.3062048">
	<ele>213.09</ele>
	<time>1970-01-01T03:43:01.942Z</time>
</trkpt>
<trkpt lat="48.0614738" lon="7.3062549">
	<ele>213.06</ele>
	<time>1970-01-01T03:43:06.175Z</time>
</trkpt>
<trkpt lat="48.0615273" lon="7.3062611">
	<ele>213.06</ele>
	<time>1970-01-01T03:43:07.531Z</time>
</trkpt>
<trkpt lat="48.0615654" lon="7.3062539">
	<ele>213.06</ele>
	<time>1970-01-01T03:43:08.486Z</time>
</trkpt>
<trkpt lat="48.0616417" lon="7.3062062">
	<ele>213.04</ele>
	<time>1970-01-01T03:43:10.732Z</time>
</trkpt>
<trkpt lat="48.0616608" lon="7.3062382">
	<ele>213.06</ele>
	<time>1970-01-01T03:43:11.464Z</time>
</trkpt>
<trkpt lat="48.0617599" lon="7.3063278">
	<ele>213.08</ele>
	<time>1970-01-01T03:43:14.348Z</time>
</trkpt>
<trkpt lat="48.0623245" lon="7.3067908">
	<ele>212.62</ele>
	<time>1970-01-01T03:43:27.475Z</time>
</trkpt>
<trkpt lat="48.0623932" lon="7.3068509">
	<ele>212.32</ele>
	<time>1970-01-01T03:43:29.066Z</time>
</trkpt>
<trkpt lat="48.0624161" lon="7.3067842">
	<ele>212.62</ele>
	<time>1970-01-01T03:43:30.123Z</time>
</trkpt>
<trkpt lat="48.0624924" lon="7.3065100">
	<ele>213.05</ele>
	<time>1970-01-01T03:43:34.220Z</time>
</trkpt>
<trkpt lat="48.0625458" lon="7.3063378">
	<ele>213.15</ele>
	<time>1970-01-01T03:43:36.619Z</time>
</trkpt>
<trkpt lat="48.0626297" lon="7.3061299">
	<ele>213.59</ele>
	<time>1970-01-01T03:43:39.894Z</time>
</trkpt>
<trkpt lat="48.0626678" lon="7.3060689">
	<ele>213.74</ele>
	<time>1970-01-01T03:43:40.975Z</time>
</trkpt>
<trkpt lat="48.0627251" lon="7.3060088">
	<ele>213.95</ele>
	<time>1970-01-01T03:43:42.409Z</time>
</trkpt>
<trkpt lat="48.0628586" lon="7.3059292">
	<ele>214.08</ele>
	<time>1970-01-01T03:43:45.254Z</time>
</trkpt>
<trkpt lat="48.0629158" lon="7.3058972">
	<ele>214.05</ele>
	<time>1970-01-01T03:43:46.411Z</time>
</trkpt>
<trkpt lat="48.0629158" lon="7.3058972">
	<ele>214.05</ele>
	<time>1970-01-01T04:11:38.404Z</time>
</trkpt>
<trkpt lat="48.0633850" lon="7.3056440">
	<ele>214.08</ele>
	<time>1970-01-01T04:11:47.594Z</time>
</trkpt>
<trkpt lat="48.0635452" lon="7.3055420">
	<ele>214.02</ele>
	<time>1970-01-01T04:11:51.151Z</time>
</trkpt>
<trkpt lat="48.0636559" lon="7.3054681">
	<ele>214.01</ele>
	<time>1970-01-01T04:11:53.783Z</time>
</trkpt>
<trkpt lat="48.0639267" lon="7.3052568">
	<ele>214.94</ele>
	<time>1970-01-01T04:12:01.249Z</time>
</trkpt>
<trkpt lat="48.0641174" lon="7.3051009">
	<ele>214.60</ele>
	<time>1970-01-01T04:12:06.823Z</time>
</trkpt>
<trkpt lat="48.0642929" lon="7.3048959">
	<ele>215.12</ele>
	<time>1970-01-01T04:12:12.576Z</time>
</trkpt>
<trkpt lat="48.0646019" lon="7.3044891">
	<ele>215.05</ele>
	<time>1970-01-01T04:12:22.204Z</time>
</trkpt>
<trkpt lat="48.0647392" lon="7.3042731">
	<ele>215.39</ele>
	<time>1970-01-01T04:12:26.510Z</time>
</trkpt>
<trkpt lat="48.0648842" lon="7.3039479">
	<ele>213.84</ele>
	<time>1970-01-01T04:12:32.705Z</time>
</trkpt>
<trkpt lat="48.0650215" lon="7.3036032">
	<ele>216.23</ele>
	<time>1970-01-01T04:12:39.101Z</time>
</trkpt>
<trkpt lat="48.0651436" lon="7.3030610">
	<ele>216.41</ele>
	<time>1970-01-01T04:12:50.412Z</time>
</trkpt>
<trkpt lat="48.0652199" lon="7.3029180">
	<ele>216.46</ele>
	<time>1970-01-01T04:12:53.677Z</time>
</trkpt>
<trkpt lat="48.0652237" lon="7.3028059">
	<ele>216.88</ele>
	<time>1970-01-01T04:12:55.740Z</time>
</trkpt>
<trkpt lat="48.0653305" lon="7.3027511">
	<ele>217.20</ele>
	<time>1970-01-01T04:12:58.711Z</time>
</trkpt>
<trkpt lat="48.0660286" lon="7.3024402">
	<ele>218.05</ele>
	<time>1970-01-01T04:13:16.155Z</time>
</trkpt>
<trkpt lat="48.0667076" lon="7.3020582">
	<ele>219.11</ele>
	<time>1970-01-01T04:13:35.443Z</time>
</trkpt>
<trkpt lat="48.0674210" lon="7.3016410">
	<ele>220.11</ele>
	<time>1970-01-01T04:13:56.451Z</time>
</trkpt>
<trkpt lat="48.0677261" lon="7.3014441">
	<ele>219.87</ele>
	<time>1970-01-01T04:14:05.013Z</time>
</trkpt>
<trkpt lat="48.0678406" lon="7.3013511">
	<ele>220.07</ele>
	<time>1970-01-01T04:14:08.224Z</time>
</trkpt>
<trkpt lat="48.0680351" lon="7.3011951">
	<ele>220.11</ele>
	<time>1970-01-01T04:14:13.997Z</time>
</trkpt>
<trkpt lat="48.0683937" lon="7.3009090">
	<ele>220.09</ele>
	<time>1970-01-01T04:14:23.447Z</time>
</trkpt>
<trkpt lat="48.0684891" lon="7.3008542">
	<ele>220.06</ele>
	<time>1970-01-01T04:14:25.824Z</time>
</trkpt>
<trkpt lat="48.0684853" lon="7.3006620">
	<ele>220.06</ele>
	<time>1970-01-01T04:14:28.724Z</time>
</trkpt>
<trkpt lat="48.0685692" lon="7.3002529">
	<ele>219.88</ele>
	<time>1970-01-01T04:14:35.068Z</time>
</trkpt>
<trkpt lat="48.0688210" lon="7.2994990">
	<ele>221.01</ele>
	<time>1970-01-01T04:14:46.780Z</time>
</trkpt>
<trkpt lat="48.0691605" lon="7.2985239">
	<ele>221.99</ele>
	<time>1970-01-01T04:15:03.452Z</time>
</trkpt>
<trkpt lat="48.0693359" lon="7.2979670">
	<ele>221.95</ele>
	<time>1970-01-01T04:15:14.120Z</time>
</trkpt>
<trkpt lat="48.0694275" lon="7.2976189">
	<ele>222.57</ele>
	<time>1970-01-01T04:15:20.745Z</time>
</trkpt>
<trkpt lat="48.0694885" lon="7.2974429">
	<ele>222.98</ele>
	<time>1970-01-01T04:15:24.521Z</time>
</trkpt>
<trkpt lat="48.0696335" lon="7.2970200">
	<ele>223.22</ele>
	<time>1970-01-01T04:15:33.075Z</time>
</trkpt>
<trkpt lat="48.0697327" lon="7.2966871">
	<ele>222.97</ele>
	<time>1970-01-01T04:15:39.415Z</time>
</trkpt>
<trkpt lat="48.0698433" lon="7.2963352">
	<ele>224.13</ele>
	<time>1970-01-01T04:15:46.495Z</time>
</trkpt>
<trkpt lat="48.0700569" lon="7.2964578">
	<ele>223.81</ele>
	<time>1970-01-01T04:15:53.048Z</time>
</trkpt>
<trkpt lat="48.0704994" lon="7.2967110">
	<ele>224.02</ele>
	<time>1970-01-01T04:16:05.425Z</time>
</trkpt>
<trkpt lat="48.0707169" lon="7.2968340">
	<ele>224.00</ele>
	<time>1970-01-01T04:16:10.854Z</time>
</trkpt>
<trkpt lat="48.0707588" lon="7.2968559">
	<ele>224.00</ele>
	<time>1970-01-01T04:16:11.864Z</time>
</trkpt>
<trkpt lat="48.0707321" lon="7.2969170">
	<ele>224.00</ele>
	<time>1970-01-01T04:16:12.865Z</time>
</trkpt>
<trkpt lat="48.0707359" lon="7.2970052">
	<ele>224.01</ele>
	<time>1970-01-01T04:16:14.251Z</time>
</trkpt>
<trkpt lat="48.0707550" lon="7.2970591">
	<ele>224.01</ele>
	<time>1970-01-01T04:16:15.166Z</time>
</trkpt>
<trkpt lat="48.0707855" lon="7.2970672">
	<ele>224.01</ele>
	<time>1970-01-01T04:16:15.712Z</time>
</trkpt>
<trkpt lat="48.0708313" lon="7.2970490">
	<ele>224.00</ele>
	<time>1970-01-01T04:16:16.686Z</time>
</trkpt>
<trkpt lat="48.0708504" lon="7.2970371">
	<ele>224.00</ele>
	<time>1970-01-01T04:16:17.073Z</time>
</trkpt>
<trkpt lat="48.0708656" lon="7.2970119">
	<ele>224.00</ele>
	<time>1970-01-01T04:16:17.651Z</time>
</trkpt>
<trkpt lat="48.0709229" lon="7.2970529">
	<ele>224.00</ele>
	<time>1970-01-01T04:16:18.904Z</time>
</trkpt>
<trkpt lat="48.0711136" lon="7.2971649">
	<ele>224.00</ele>
	<time>1970-01-01T04:16:22.515Z</time>
</trkpt>
<trkpt lat="48.0713081" lon="7.2973061">
	<ele>223.95</ele>
	<time>1970-01-01T04:16:26.117Z</time>
</trkpt>
<trkpt lat="48.0714417" lon="7.2974892">
	<ele>224.00</ele>
	<time>1970-01-01T04:16:29.010Z</time>
</trkpt>
<trkpt lat="48.0714455" lon="7.2975712">
	<ele>224.00</ele>
	<time>1970-01-01T04:16:29.892Z</time>
</trkpt>
<trkpt lat="48.0714684" lon="7.2976208">
	<ele>224.01</ele>
	<time>1970-01-01T04:16:30.590Z</time>
</trkpt>
<trkpt lat="48.0714912" lon="7.2976441">
	<ele>224.02</ele>
	<time>1970-01-01T04:16:31.011Z</time>
</trkpt>
<trkpt lat="48.0715218" lon="7.2976580">
	<ele>224.01</ele>
	<time>1970-01-01T04:16:31.575Z</time>
</trkpt>
<trkpt lat="48.0715675" lon="7.2976489">
	<ele>223.98</ele>
	<time>1970-01-01T04:16:32.286Z</time>
</trkpt>
<trkpt lat="48.0716057" lon="7.2976069">
	<ele>223.94</ele>
	<time>1970-01-01T04:16:33.002Z</time>
</trkpt>
<trkpt lat="48.0716209" lon="7.2975621">
	<ele>223.94</ele>
	<time>1970-01-01T04:16:33.578Z</time>
</trkpt>
<trkpt lat="48.0716248" lon="7.2975140">
	<ele>223.98</ele>
	<time>1970-01-01T04:16:34.158Z</time>
</trkpt>
<trkpt lat="48.0716171" lon="7.2974691">
	<ele>224.07</ele>
	<time>1970-01-01T04:16:34.595Z</time>
</trkpt>
<trkpt lat="48.0716743" lon="7.2972698">
	<ele>224.87</ele>
	<time>1970-01-01T04:16:36.953Z</time>
</trkpt>
<trkpt lat="48.0719376" lon="7.2970519">
	<ele>223.93</ele>
	<time>1970-01-01T04:16:42.392Z</time>
</trkpt>
<trkpt lat="48.0722427" lon="7.2967620">
	<ele>225.05</ele>
	<time>1970-01-01T04:16:49.249Z</time>
</trkpt>
<trkpt lat="48.0725060" lon="7.2965078">
	<ele>225.01</ele>
	<time>1970-01-01T04:16:55.945Z</time>
</trkpt>
<trkpt lat="48.0733185" lon="7.2957120">
	<ele>225.94</ele>
	<time>1970-01-01T04:17:24.387Z</time>
</trkpt>
<trkpt lat="48.0740929" lon="7.2951198">
	<ele>226.96</ele>
	<time>1970-01-01T04:17:42.586Z</time>
</trkpt>
<trkpt lat="48.0741615" lon="7.2950888">
	<ele>226.99</ele>
	<time>1970-01-01T04:17:43.922Z</time>
</trkpt>
<trkpt lat="48.0741730" lon="7.2951269">
	<ele>227.01</ele>
	<time>1970-01-01T04:17:44.423Z</time>
</trkpt>
<trkpt lat="48.0741959" lon="7.2951579">
	<ele>227.03</ele>
	<time>1970-01-01T04:17:44.924Z</time>
</trkpt>
<trkpt lat="48.0742188" lon="7.2951789">
	<ele>227.05</ele>
	<time>1970-01-01T04:17:45.393Z</time>
</trkpt>
<trkpt lat="48.0742493" lon="7.2951880">
	<ele>227.08</ele>
	<time>1970-01-01T04:17:45.863Z</time>
</trkpt>
<trkpt lat="48.0742760" lon="7.2951841">
	<ele>227.13</ele>
	<time>1970-01-01T04:17:46.334Z</time>
</trkpt>
<trkpt lat="48.0743027" lon="7.2951689">
	<ele>227.20</ele>
	<time>1970-01-01T04:17:46.805Z</time>
</trkpt>
<trkpt lat="48.0743256" lon="7.2951422">
	<ele>227.32</ele>
	<time>1970-01-01T04:17:47.278Z</time>
</trkpt>
<trkpt lat="48.0743446" lon="7.2951059">
	<ele>227.49</ele>
	<time>1970-01-01T04:17:47.751Z</time>
</trkpt>
<trkpt lat="48.0743523" lon="7.2950630">
	<ele>227.65</ele>
	<time>1970-01-01T04:17:48.225Z</time>
</trkpt>
<trkpt lat="48.0743523" lon="7.2950182">
	<ele>227.75</ele>
	<time>1970-01-01T04:17:48.733Z</time>
</trkpt>
<trkpt lat="48.0743446" lon="7.2949648">
	<ele>227.77</ele>
	<time>1970-01-01T04:17:49.409Z</time>
</trkpt>
<trkpt lat="48.0744019" lon="7.2948608">
	<ele>227.97</ele>
	<time>1970-01-01T04:17:51.213Z</time>
</trkpt>
<trkpt lat="48.0746269" lon="7.2947659">
	<ele>227.96</ele>
	<time>1970-01-01T04:17:55.845Z</time>
</trkpt>
<trkpt lat="48.0749931" lon="7.2945871">
	<ele>228.00</ele>
	<time>1970-01-01T04:18:03.804Z</time>
</trkpt>
<trkpt lat="48.0751724" lon="7.2944622">
	<ele>228.00</ele>
	<time>1970-01-01T04:18:08.590Z</time>
</trkpt>
<trkpt lat="48.0753136" lon="7.2943411">
	<ele>228.00</ele>
	<time>1970-01-01T04:18:12.572Z</time>
</trkpt>
<trkpt lat="48.0755005" lon="7.2941451">
	<ele>229.01</ele>
	<time>1970-01-01T04:18:17.808Z</time>
</trkpt>
<trkpt lat="48.0756073" lon="7.2939968">
	<ele>228.85</ele>
	<time>1970-01-01T04:18:21.238Z</time>
</trkpt>
<trkpt lat="48.0757599" lon="7.2937608">
	<ele>229.00</ele>
	<time>1970-01-01T04:18:26.814Z</time>
</trkpt>
<trkpt lat="48.0758438" lon="7.2936029">
	<ele>230.00</ele>
	<time>1970-01-01T04:18:30.322Z</time>
</trkpt>
<trkpt lat="48.0759392" lon="7.2933578">
	<ele>229.72</ele>
	<time>1970-01-01T04:18:35.274Z</time>
</trkpt>
<trkpt lat="48.0759659" lon="7.2933159">
	<ele>229.59</ele>
	<time>1970-01-01T04:18:36.180Z</time>
</trkpt>
<trkpt lat="48.0761452" lon="7.2930570">
	<ele>227.99</ele>
	<time>1970-01-01T04:18:42.629Z</time>
</trkpt>
<trkpt lat="48.0761833" lon="7.2929859">
	<ele>228.05</ele>
	<time>1970-01-01T04:18:44.158Z</time>
</trkpt>
<trkpt lat="48.0762100" lon="7.2929440">
	<ele>228.24</ele>
	<time>1970-01-01T04:18:45.082Z</time>
</trkpt>
<trkpt lat="48.0768585" lon="7.2918510">
	<ele>231.06</ele>
	<time>1970-01-01T04:19:08.125Z</time>
</trkpt>
<trkpt lat="48.0770493" lon="7.2916341">
	<ele>231.00</ele>
	<time>1970-01-01T04:19:12.873Z</time>
</trkpt>
<trkpt lat="48.0776863" lon="7.2909498">
	<ele>231.78</ele>
	<time>1970-01-01T04:19:27.180Z</time>
</trkpt>
<trkpt lat="48.0786819" lon="7.2897649">
	<ele>233.01</ele>
	<time>1970-01-01T04:20:02.632Z</time>
</trkpt>
<trkpt lat="48.0794029" lon="7.2889738">
	<ele>233.92</ele>
	<time>1970-01-01T04:20:21.402Z</time>
</trkpt>
<trkpt lat="48.0795212" lon="7.2888441">
	<ele>234.06</ele>
	<time>1970-01-01T04:20:24.437Z</time>
</trkpt>
<trkpt lat="48.0809402" lon="7.2870431">
	<ele>234.48</ele>
	<time>1970-01-01T04:21:05.336Z</time>
</trkpt>
<trkpt lat="48.0810623" lon="7.2868810">
	<ele>233.95</ele>
	<time>1970-01-01T04:21:08.690Z</time>
</trkpt>
<trkpt lat="48.0815849" lon="7.2862391">
	<ele>234.95</ele>
	<time>1970-01-01T04:21:22.124Z</time>
</trkpt>
<trkpt lat="48.0816345" lon="7.2861328">
	<ele>234.93</ele>
	<time>1970-01-01T04:21:23.990Z</time>
</trkpt>
<trkpt lat="48.0819130" lon="7.2853379">
	<ele>234.93</ele>
	<time>1970-01-01T04:21:38.848Z</time>
</trkpt>
<trkpt lat="48.0819702" lon="7.2851892">
	<ele>235.28</ele>
	<time>1970-01-01T04:21:41.643Z</time>
</trkpt>
<trkpt lat="48.0822029" lon="7.2846398">
	<ele>236.00</ele>
	<time>1970-01-01T04:21:53.962Z</time>
</trkpt>
<trkpt lat="48.0824203" lon="7.2842278">
	<ele>236.07</ele>
	<time>1970-01-01T04:22:02.946Z</time>
</trkpt>
<trkpt lat="48.0824890" lon="7.2841430">
	<ele>236.02</ele>
	<time>1970-01-01T04:22:05.240Z</time>
</trkpt>
<trkpt lat="48.0825729" lon="7.2840462">
	<ele>235.77</ele>
	<time>1970-01-01T04:22:07.903Z</time>
</trkpt>
<trkpt lat="48.0829506" lon="7.2837429">
	<ele>235.20</ele>
	<time>1970-01-01T04:22:17.267Z</time>
</trkpt>
<trkpt lat="48.0829697" lon="7.2837839">
	<ele>235.12</ele>
	<time>1970-01-01T04:22:18.019Z</time>
</trkpt>
<trkpt lat="48.0829964" lon="7.2838082">
	<ele>235.08</ele>
	<time>1970-01-01T04:22:18.767Z</time>
</trkpt>
<trkpt lat="48.0830307" lon="7.2838092">
	<ele>235.03</ele>
	<time>1970-01-01T04:22:19.463Z</time>
</trkpt>
<trkpt lat="48.0830536" lon="7.2837920">
	<ele>234.97</ele>
	<time>1970-01-01T04:22:19.984Z</time>
</trkpt>
<trkpt lat="48.0830727" lon="7.2837610">
	<ele>234.89</ele>
	<time>1970-01-01T04:22:20.504Z</time>
</trkpt>
<trkpt lat="48.0830803" lon="7.2837219">
	<ele>234.84</ele>
	<time>1970-01-01T04:22:21.024Z</time>
</trkpt>
<trkpt lat="48.0830765" lon="7.2836819">
	<ele>234.85</ele>
	<time>1970-01-01T04:22:21.543Z</time>
</trkpt>
<trkpt lat="48.0830650" lon="7.2836471">
	<ele>234.92</ele>
	<time>1970-01-01T04:22:22.062Z</time>
</trkpt>
<trkpt lat="48.0830994" lon="7.2836080">
	<ele>234.84</ele>
	<time>1970-01-01T04:22:22.926Z</time>
</trkpt>
<trkpt lat="48.0831223" lon="7.2835498">
	<ele>234.92</ele>
	<time>1970-01-01T04:22:23.788Z</time>
</trkpt>
<trkpt lat="48.0831490" lon="7.2835388">
	<ele>234.85</ele>
	<time>1970-01-01T04:22:24.304Z</time>
</trkpt>
<trkpt lat="48.0832176" lon="7.2831249">
	<ele>235.32</ele>
	<time>1970-01-01T04:22:29.788Z</time>
</trkpt>
<trkpt lat="48.0832443" lon="7.2829461">
	<ele>235.51</ele>
	<time>1970-01-01T04:22:32.175Z</time>
</trkpt>
<trkpt lat="48.0832787" lon="7.2827511">
	<ele>236.02</ele>
	<time>1970-01-01T04:22:34.894Z</time>
</trkpt>
<trkpt lat="48.0833511" lon="7.2824049">
	<ele>235.99</ele>
	<time>1970-01-01T04:22:40.021Z</time>
</trkpt>
<trkpt lat="48.0834541" lon="7.2820330">
	<ele>236.84</ele>
	<time>1970-01-01T04:22:46.651Z</time>
</trkpt>
<trkpt lat="48.0835037" lon="7.2818980">
	<ele>237.01</ele>
	<time>1970-01-01T04:22:49.337Z</time>
</trkpt>
<trkpt lat="48.0835648" lon="7.2818151">
	<ele>236.95</ele>
	<time>1970-01-01T04:22:51.293Z</time>
</trkpt>
<trkpt lat="48.0836449" lon="7.2817440">
	<ele>236.92</ele>
	<time>1970-01-01T04:22:53.415Z</time>
</trkpt>
<trkpt lat="48.0836563" lon="7.2816839">
	<ele>236.97</ele>
	<time>1970-01-01T04:22:54.457Z</time>
</trkpt>
<trkpt lat="48.0837517" lon="7.2816520">
	<ele>237.03</ele>
	<time>1970-01-01T04:22:56.711Z</time>
</trkpt>
<trkpt lat="48.0839348" lon="7.2816281">
	<ele>237.09</ele>
	<time>1970-01-01T04:23:00.388Z</time>
</trkpt>
<trkpt lat="48.0849457" lon="7.2813230">
	<ele>236.02</ele>
	<time>1970-01-01T04:23:15.903Z</time>
</trkpt>
<trkpt lat="48.0849800" lon="7.2813568">
	<ele>235.99</ele>
	<time>1970-01-01T04:23:16.651Z</time>
</trkpt>
<trkpt lat="48.0849953" lon="7.2812891">
	<ele>235.94</ele>
	<time>1970-01-01T04:23:17.402Z</time>
</trkpt>
<trkpt lat="48.0851593" lon="7.2812090">
	<ele>235.24</ele>
	<time>1970-01-01T04:23:20.130Z</time>
</trkpt>
<trkpt lat="48.0851936" lon="7.2811708">
	<ele>235.10</ele>
	<time>1970-01-01T04:23:20.859Z</time>
</trkpt>
<trkpt lat="48.0852013" lon="7.2811451">
	<ele>235.09</ele>
	<time>1970-01-01T04:23:21.152Z</time>
</trkpt>
<trkpt lat="48.0852737" lon="7.2809072">
	<ele>235.78</ele>
	<time>1970-01-01T04:23:23.973Z</time>
</trkpt>
<trkpt lat="48.0853081" lon="7.2807970">
	<ele>236.06</ele>
	<time>1970-01-01T04:23:25.417Z</time>
</trkpt>
<trkpt lat="48.0853577" lon="7.2807021">
	<ele>236.22</ele>
	<time>1970-01-01T04:23:26.866Z</time>
</trkpt>
<trkpt lat="48.0854340" lon="7.2805600">
	<ele>236.58</ele>
	<time>1970-01-01T04:23:29.276Z</time>
</trkpt>
<trkpt lat="48.0854988" lon="7.2803531">
	<ele>236.72</ele>
	<time>1970-01-01T04:23:32.191Z</time>
</trkpt>
<trkpt lat="48.0855789" lon="7.2802949">
	<ele>237.09</ele>
	<time>1970-01-01T04:23:33.900Z</time>
</trkpt>
<trkpt lat="48.0856819" lon="7.2802200">
	<ele>237.36</ele>
	<time>1970-01-01T04:23:36.116Z</time>
</trkpt>
<trkpt lat="48.0857086" lon="7.2801871">
	<ele>237.37</ele>
	<time>1970-01-01T04:23:36.754Z</time>
</trkpt>
<trkpt lat="48.0857430" lon="7.2801371">
	<ele>237.36</ele>
	<time>1970-01-01T04:23:37.552Z</time>
</trkpt>
<trkpt lat="48.0857887" lon="7.2800722">
	<ele>237.24</ele>
	<time>1970-01-01T04:23:38.672Z</time>
</trkpt>
<trkpt lat="48.0858307" lon="7.2800088">
	<ele>237.02</ele>
	<time>1970-01-01T04:23:39.796Z</time>
</trkpt>
<trkpt lat="48.0858612" lon="7.2799578">
	<ele>236.74</ele>
	<time>1970-01-01T04:23:40.600Z</time>
</trkpt>
<trkpt lat="48.0858727" lon="7.2800889">
	<ele>236.57</ele>
	<time>1970-01-01T04:23:42.213Z</time>
</trkpt>
<trkpt lat="48.0859108" lon="7.2800179">
	<ele>235.94</ele>
	<time>1970-01-01T04:23:43.346Z</time>
</trkpt>
<trkpt lat="48.0859337" lon="7.2799811">
	<ele>235.53</ele>
	<time>1970-01-01T04:23:43.994Z</time>
</trkpt>
<trkpt lat="48.0861244" lon="7.2796340">
	<ele>234.65</ele>
	<time>1970-01-01T04:23:50.602Z</time>
</trkpt>
<trkpt lat="48.0861473" lon="7.2795930">
	<ele>235.09</ele>
	<time>1970-01-01T04:23:51.358Z</time>
</trkpt>
<trkpt lat="48.0861740" lon="7.2795482">
	<ele>235.61</ele>
	<time>1970-01-01T04:23:52.165Z</time>
</trkpt>
<trkpt lat="48.0861855" lon="7.2796178">
	<ele>235.16</ele>
	<time>1970-01-01T04:23:53.166Z</time>
</trkpt>
<trkpt lat="48.0862236" lon="7.2797990">
	<ele>234.73</ele>
	<time>1970-01-01T04:23:55.745Z</time>
</trkpt>
<trkpt lat="48.0863609" lon="7.2804842">
	<ele>235.15</ele>
	<time>1970-01-01T04:24:04.749Z</time>
</trkpt>
<trkpt lat="48.0865593" lon="7.2812152">
	<ele>233.62</ele>
	<time>1970-01-01T04:24:12.939Z</time>
</trkpt>
<trkpt lat="48.0867500" lon="7.2819390">
	<ele>233.25</ele>
	<time>1970-01-01T04:24:19.665Z</time>
</trkpt>
<trkpt lat="48.0869217" lon="7.2825251">
	<ele>233.84</ele>
	<time>1970-01-01T04:24:26.049Z</time>
</trkpt>
<trkpt lat="48.0871582" lon="7.2831340">
	<ele>232.61</ele>
	<time>1970-01-01T04:24:33.961Z</time>
</trkpt>
<trkpt lat="48.0873756" lon="7.2838602">
	<ele>232.66</ele>
	<time>1970-01-01T04:24:42.055Z</time>
</trkpt>
<trkpt lat="48.0877113" lon="7.2851338">
	<ele>232.12</ele>
	<time>1970-01-01T04:24:54.919Z</time>
</trkpt>
<trkpt lat="48.0879402" lon="7.2857881">
	<ele>232.13</ele>
	<time>1970-01-01T04:25:03.819Z</time>
</trkpt>
<trkpt lat="48.0885620" lon="7.2873368">
	<ele>231.20</ele>
	<time>1970-01-01T04:25:19.416Z</time>
</trkpt>
<trkpt lat="48.0886345" lon="7.2874250">
	<ele>231.02</ele>
	<time>1970-01-01T04:25:20.952Z</time>
</trkpt>
<trkpt lat="48.0888367" lon="7.2875652">
	<ele>230.05</ele>
	<time>1970-01-01T04:25:24.353Z</time>
</trkpt>
<trkpt lat="48.0889206" lon="7.2875552">
	<ele>229.90</ele>
	<time>1970-01-01T04:25:25.757Z</time>
</trkpt>
<trkpt lat="48.0890350" lon="7.2875171">
	<ele>229.93</ele>
	<time>1970-01-01T04:25:27.615Z</time>
</trkpt>
<trkpt lat="48.0895958" lon="7.2871919">
	<ele>229.99</ele>
	<time>1970-01-01T04:25:38.672Z</time>
</trkpt>
<trkpt lat="48.0896721" lon="7.2871161">
	<ele>229.95</ele>
	<time>1970-01-01T04:25:40.329Z</time>
</trkpt>
<trkpt lat="48.0897865" lon="7.2869658">
	<ele>229.95</ele>
	<time>1970-01-01T04:25:43.333Z</time>
</trkpt>
<trkpt lat="48.0901375" lon="7.2865500">
	<ele>231.01</ele>
	<time>1970-01-01T04:25:53.605Z</time>
</trkpt>
<trkpt lat="48.0904198" lon="7.2863722">
	<ele>230.98</ele>
	<time>1970-01-01T04:26:00.505Z</time>
</trkpt>
<trkpt lat="48.0907364" lon="7.2861991">
	<ele>231.91</ele>
	<time>1970-01-01T04:26:08.684Z</time>
</trkpt>
<trkpt lat="48.0907364" lon="7.2861080">
	<ele>232.00</ele>
	<time>1970-01-01T04:26:10.214Z</time>
</trkpt>
<trkpt lat="48.0908585" lon="7.2861090">
	<ele>232.00</ele>
	<time>1970-01-01T04:26:13.195Z</time>
</trkpt>
<trkpt lat="48.0913506" lon="7.2859688">
	<ele>232.93</ele>
	<time>1970-01-01T04:26:22.655Z</time>
</trkpt>
<trkpt lat="48.0921860" lon="7.2857151">
	<ele>237.91</ele>
	<time>1970-01-01T04:27:11.254Z</time>
</trkpt>
<trkpt lat="48.0923500" lon="7.2857080">
	<ele>240.48</ele>
	<time>1970-01-01T04:27:20.364Z</time>
</trkpt>
<trkpt lat="48.0925903" lon="7.2857628">
	<ele>244.75</ele>
	<time>1970-01-01T04:27:39.023Z</time>
</trkpt>
<trkpt lat="48.0928154" lon="7.2858338">
	<ele>247.66</ele>
	<time>1970-01-01T04:27:59.906Z</time>
</trkpt>
<trkpt lat="48.0932693" lon="7.2860098">
	<ele>255.97</ele>
	<time>1970-01-01T04:28:56.705Z</time>
</trkpt>
<trkpt lat="48.0934334" lon="7.2860951">
	<ele>257.36</ele>
	<time>1970-01-01T04:29:15.969Z</time>
</trkpt>
<trkpt lat="48.0935593" lon="7.2861972">
	<ele>258.86</ele>
	<time>1970-01-01T04:29:30.709Z</time>
</trkpt>
<trkpt lat="48.0936775" lon="7.2863121">
	<ele>259.95</ele>
	<time>1970-01-01T04:29:44.794Z</time>
</trkpt>
<trkpt lat="48.0937729" lon="7.2864242">
	<ele>261.17</ele>
	<time>1970-01-01T04:29:55.394Z</time>
</trkpt>
<trkpt lat="48.0938759" lon="7.2866669">
	<ele>261.88</ele>
	<time>1970-01-01T04:30:10.820Z</time>
</trkpt>
<trkpt lat="48.0941124" lon="7.2871542">
	<ele>263.89</ele>
	<time>1970-01-01T04:30:40.332Z</time>
</trkpt>
<trkpt lat="48.0942001" lon="7.2873182">
	<ele>264.27</ele>
	<time>1970-01-01T04:30:48.465Z</time>
</trkpt>
<trkpt lat="48.0945129" lon="7.2878051">
	<ele>266.15</ele>
	<time>1970-01-01T04:31:14.300Z</time>
</trkpt>
<trkpt lat="48.0947075" lon="7.2880659">
	<ele>267.00</ele>
	<time>1970-01-01T04:31:25.444Z</time>
</trkpt>
<trkpt lat="48.0947609" lon="7.2881241">
	<ele>266.93</ele>
	<time>1970-01-01T04:31:28.014Z</time>
</trkpt>
<trkpt lat="48.0948639" lon="7.2882152">
	<ele>266.53</ele>
	<time>1970-01-01T04:31:31.499Z</time>
</trkpt>
<trkpt lat="48.0949669" lon="7.2882829">
	<ele>266.12</ele>
	<time>1970-01-01T04:31:34.204Z</time>
</trkpt>
<trkpt lat="48.0951691" lon="7.2883520">
	<ele>265.92</ele>
	<time>1970-01-01T04:31:38.535Z</time>
</trkpt>
<trkpt lat="48.0958138" lon="7.2884831">
	<ele>264.91</ele>
	<time>1970-01-01T04:31:52.174Z</time>
</trkpt>
<trkpt lat="48.0960579" lon="7.2885022">
	<ele>263.91</ele>
	<time>1970-01-01T04:32:00.071Z</time>
</trkpt>
<trkpt lat="48.0962677" lon="7.2884898">
	<ele>262.94</ele>
	<time>1970-01-01T04:32:05.027Z</time>
</trkpt>
<trkpt lat="48.0964813" lon="7.2884588">
	<ele>262.06</ele>
	<time>1970-01-01T04:32:09.090Z</time>
</trkpt>
<trkpt lat="48.0966339" lon="7.2884269">
	<ele>261.70</ele>
	<time>1970-01-01T04:32:11.788Z</time>
</trkpt>
<trkpt lat="48.0967560" lon="7.2883878">
	<ele>261.44</ele>
	<time>1970-01-01T04:32:13.775Z</time>
</trkpt>
<trkpt lat="48.0969925" lon="7.2882948">
	<ele>260.98</ele>
	<time>1970-01-01T04:32:17.324Z</time>
</trkpt>
<trkpt lat="48.0974007" lon="7.2880778">
	<ele>259.60</ele>
	<time>1970-01-01T04:32:22.769Z</time>
</trkpt>
<trkpt lat="48.0974579" lon="7.2880449">
	<ele>259.30</ele>
	<time>1970-01-01T04:32:23.590Z</time>
</trkpt>
<trkpt lat="48.0975494" lon="7.2880058">
	<ele>258.94</ele>
	<time>1970-01-01T04:32:24.852Z</time>
</trkpt>
<trkpt lat="48.0976601" lon="7.2879920">
	<ele>258.59</ele>
	<time>1970-01-01T04:32:26.153Z</time>
</trkpt>
<trkpt lat="48.0979118" lon="7.2880192">
	<ele>257.64</ele>
	<time>1970-01-01T04:32:30.797Z</time>
</trkpt>
<trkpt lat="48.0983925" lon="7.2880969">
	<ele>256.87</ele>
	<time>1970-01-01T04:32:36.591Z</time>
</trkpt>
<trkpt lat="48.0985069" lon="7.2880960">
	<ele>256.93</ele>
	<time>1970-01-01T04:32:37.960Z</time>
</trkpt>
<trkpt lat="48.0986443" lon="7.2880650">
	<ele>256.90</ele>
	<time>1970-01-01T04:32:39.779Z</time>
</trkpt>
<trkpt lat="48.0987854" lon="7.2880111">
	<ele>256.56</ele>
	<time>1970-01-01T04:32:41.601Z</time>
</trkpt>
<trkpt lat="48.0989685" lon="7.2879000">
	<ele>255.73</ele>
	<time>1970-01-01T04:32:44.384Z</time>
</trkpt>
<trkpt lat="48.0991402" lon="7.2877760">
	<ele>256.07</ele>
	<time>1970-01-01T04:32:47.327Z</time>
</trkpt>
<trkpt lat="48.0993004" lon="7.2875838">
	<ele>254.89</ele>
	<time>1970-01-01T04:32:49.636Z</time>
</trkpt>
<trkpt lat="48.0993881" lon="7.2875218">
	<ele>254.91</ele>
	<time>1970-01-01T04:32:50.866Z</time>
</trkpt>
<trkpt lat="48.0994644" lon="7.2874951">
	<ele>255.02</ele>
	<time>1970-01-01T04:32:51.904Z</time>
</trkpt>
<trkpt lat="48.0995445" lon="7.2874932">
	<ele>255.03</ele>
	<time>1970-01-01T04:32:52.972Z</time>
</trkpt>
<trkpt lat="48.0996628" lon="7.2875199">
	<ele>254.93</ele>
	<time>1970-01-01T04:32:54.486Z</time>
</trkpt>
<trkpt lat="48.0999832" lon="7.2876420">
	<ele>254.46</ele>
	<time>1970-01-01T04:32:58.405Z</time>
</trkpt>
<trkpt lat="48.1001892" lon="7.2877002">
	<ele>254.95</ele>
	<time>1970-01-01T04:33:01.498Z</time>
</trkpt>
<trkpt lat="48.1006126" lon="7.2877951">
	<ele>256.43</ele>
	<time>1970-01-01T04:33:11.501Z</time>
</trkpt>
<trkpt lat="48.1006203" lon="7.2877159">
	<ele>256.76</ele>
	<time>1970-01-01T04:33:12.705Z</time>
</trkpt>
<trkpt lat="48.1006355" lon="7.2874050">
	<ele>257.57</ele>
	<time>1970-01-01T04:33:18.150Z</time>
</trkpt>
<trkpt lat="48.1006088" lon="7.2855320">
	<ele>262.45</ele>
	<time>1970-01-01T04:33:59.409Z</time>
</trkpt>
<trkpt lat="48.1005745" lon="7.2851362">
	<ele>262.53</ele>
	<time>1970-01-01T04:34:09.935Z</time>
</trkpt>
<trkpt lat="48.1005135" lon="7.2848330">
	<ele>263.94</ele>
	<time>1970-01-01T04:34:19.236Z</time>
</trkpt>
<trkpt lat="48.1004257" lon="7.2845922">
	<ele>263.98</ele>
	<time>1970-01-01T04:34:27.055Z</time>
</trkpt>
<trkpt lat="48.1003571" lon="7.2844501">
	<ele>264.07</ele>
	<time>1970-01-01T04:34:31.610Z</time>
</trkpt>
<trkpt lat="48.1003113" lon="7.2843552">
	<ele>264.67</ele>
	<time>1970-01-01T04:34:34.557Z</time>
</trkpt>
<trkpt lat="48.1002350" lon="7.2842021">
	<ele>265.72</ele>
	<time>1970-01-01T04:34:38.850Z</time>
</trkpt>
<trkpt lat="48.1000061" lon="7.2837811">
	<ele>266.38</ele>
	<time>1970-01-01T04:34:47.905Z</time>
</trkpt>
<trkpt lat="48.0998917" lon="7.2836032">
	<ele>267.30</ele>
	<time>1970-01-01T04:34:53.025Z</time>
</trkpt>
<trkpt lat="48.0997467" lon="7.2834249">
	<ele>268.47</ele>
	<time>1970-01-01T04:34:59.984Z</time>
</trkpt>
<trkpt lat="48.0997162" lon="7.2833829">
	<ele>268.80</ele>
	<time>1970-01-01T04:35:01.614Z</time>
</trkpt>
<trkpt lat="48.0995979" lon="7.2832370">
	<ele>270.28</ele>
	<time>1970-01-01T04:35:07.746Z</time>
</trkpt>
<trkpt lat="48.0995979" lon="7.2832370">
	<ele>270.28</ele>
	<time>1970-01-01T05:02:59.739Z</time>
</trkpt>
<trkpt lat="48.0994186" lon="7.2830181">
	<ele>271.29</ele>
	<time>1970-01-01T05:03:06.039Z</time>
</trkpt>
<trkpt lat="48.0993042" lon="7.2828412">
	<ele>273.22</ele>
	<time>1970-01-01T05:03:11.550Z</time>
</trkpt>
<trkpt lat="48.0992355" lon="7.2826352">
	<ele>274.19</ele>
	<time>1970-01-01T05:03:14.584Z</time>
</trkpt>
<trkpt lat="48.0991974" lon="7.2825122">
	<ele>274.78</ele>
	<time>1970-01-01T05:03:16.750Z</time>
</trkpt>
<trkpt lat="48.0991516" lon="7.2819548">
	<ele>277.05</ele>
	<time>1970-01-01T05:03:30.083Z</time>
</trkpt>
<trkpt lat="48.0991516" lon="7.2813859">
	<ele>279.08</ele>
	<time>1970-01-01T05:03:46.901Z</time>
</trkpt>
<trkpt lat="48.0991745" lon="7.2803860">
	<ele>284.15</ele>
	<time>1970-01-01T05:04:23.201Z</time>
</trkpt>
<trkpt lat="48.0991936" lon="7.2799492">
	<ele>287.20</ele>
	<time>1970-01-01T05:04:37.512Z</time>
</trkpt>
<trkpt lat="48.0992737" lon="7.2791772">
	<ele>291.60</ele>
	<time>1970-01-01T05:05:07.174Z</time>
</trkpt>
<trkpt lat="48.0993080" lon="7.2789159">
	<ele>292.49</ele>
	<time>1970-01-01T05:05:16.298Z</time>
</trkpt>
<trkpt lat="48.0993843" lon="7.2786679">
	<ele>292.17</ele>
	<time>1970-01-01T05:05:25.331Z</time>
</trkpt>
<trkpt lat="48.0995331" lon="7.2782621">
	<ele>293.85</ele>
	<time>1970-01-01T05:05:41.448Z</time>
</trkpt>
<trkpt lat="48.0996323" lon="7.2779422">
	<ele>294.47</ele>
	<time>1970-01-01T05:05:55.408Z</time>
</trkpt>
<trkpt lat="48.0996895" lon="7.2776680">
	<ele>294.73</ele>
	<time>1970-01-01T05:06:08.460Z</time>
</trkpt>
<trkpt lat="48.0997276" lon="7.2773242">
	<ele>296.23</ele>
	<time>1970-01-01T05:06:25.781Z</time>
</trkpt>
<trkpt lat="48.0997505" lon="7.2770572">
	<ele>297.24</ele>
	<time>1970-01-01T05:06:37.567Z</time>
</trkpt>
<trkpt lat="48.0997772" lon="7.2766891">
	<ele>299.32</ele>
	<time>1970-01-01T05:06:53.303Z</time>
</trkpt>
<trkpt lat="48.0997849" lon="7.2766190">
	<ele>299.48</ele>
	<time>1970-01-01T05:06:55.867Z</time>
</trkpt>
<trkpt lat="48.0997925" lon="7.2764988">
	<ele>299.45</ele>
	<time>1970-01-01T05:07:00.605Z</time>
</trkpt>
<trkpt lat="48.0997849" lon="7.2763381">
	<ele>299.64</ele>
	<time>1970-01-01T05:07:07.151Z</time>
</trkpt>
<trkpt lat="48.0997620" lon="7.2761598">
	<ele>300.38</ele>
	<time>1970-01-01T05:07:15.165Z</time>
</trkpt>
<trkpt lat="48.0997238" lon="7.2758932">
	<ele>301.77</ele>
	<time>1970-01-01T05:07:27.904Z</time>
</trkpt>
<trkpt lat="48.0997086" lon="7.2755599">
	<ele>303.12</ele>
	<time>1970-01-01T05:07:44.989Z</time>
</trkpt>
<trkpt lat="48.0997047" lon="7.2753372">
	<ele>303.99</ele>
	<time>1970-01-01T05:07:56.422Z</time>
</trkpt>
<trkpt lat="48.0997238" lon="7.2744999">
	<ele>306.78</ele>
	<time>1970-01-01T05:08:44.025Z</time>
</trkpt>
<trkpt lat="48.0997276" lon="7.2743902">
	<ele>307.14</ele>
	<time>1970-01-01T05:08:48.869Z</time>
</trkpt>
<trkpt lat="48.0997658" lon="7.2740989">
	<ele>307.81</ele>
	<time>1970-01-01T05:09:02.380Z</time>
</trkpt>
<trkpt lat="48.0997772" lon="7.2736678">
	<ele>307.68</ele>
	<time>1970-01-01T05:09:18.223Z</time>
</trkpt>
<trkpt lat="48.0997734" lon="7.2735872">
	<ele>307.54</ele>
	<time>1970-01-01T05:09:20.791Z</time>
</trkpt>
<trkpt lat="48.0997391" lon="7.2732420">
	<ele>308.12</ele>
	<time>1970-01-01T05:09:32.178Z</time>
</trkpt>
<trkpt lat="48.0997353" lon="7.2731309">
	<ele>308.62</ele>
	<time>1970-01-01T05:09:35.278Z</time>
</trkpt>
<trkpt lat="48.0997162" lon="7.2725711">
	<ele>310.76</ele>
	<time>1970-01-01T05:09:51.269Z</time>
</trkpt>
<trkpt lat="48.0997124" lon="7.2725391">
	<ele>310.88</ele>
	<time>1970-01-01T05:09:51.928Z</time>
</trkpt>
<trkpt lat="48.0997162" lon="7.2724428">
	<ele>311.20</ele>
	<time>1970-01-01T05:09:54.442Z</time>
</trkpt>
<trkpt lat="48.0997353" lon="7.2721920">
	<ele>312.16</ele>
	<time>1970-01-01T05:10:02.142Z</time>
</trkpt>
<trkpt lat="48.0998001" lon="7.2719488">
	<ele>314.43</ele>
	<time>1970-01-01T05:10:10.365Z</time>
</trkpt>
<trkpt lat="48.0998650" lon="7.2717252">
	<ele>318.60</ele>
	<time>1970-01-01T05:10:18.226Z</time>
</trkpt>
<trkpt lat="48.0999794" lon="7.2713261">
	<ele>317.47</ele>
	<time>1970-01-01T05:10:36.342Z</time>
</trkpt>
<trkpt lat="48.1000595" lon="7.2710700">
	<ele>319.28</ele>
	<time>1970-01-01T05:10:49.233Z</time>
</trkpt>
<trkpt lat="48.1003151" lon="7.2702618">
	<ele>321.90</ele>
	<time>1970-01-01T05:11:38.704Z</time>
</trkpt>
<trkpt lat="48.1004829" lon="7.2699308">
	<ele>326.47</ele>
	<time>1970-01-01T05:11:56.101Z</time>
</trkpt>
<trkpt lat="48.1007195" lon="7.2695761">
	<ele>326.93</ele>
	<time>1970-01-01T05:12:14.051Z</time>
</trkpt>
<trkpt lat="48.1010361" lon="7.2689152">
	<ele>329.87</ele>
	<time>1970-01-01T05:12:50.097Z</time>
</trkpt>
<trkpt lat="48.1010895" lon="7.2687898">
	<ele>330.29</ele>
	<time>1970-01-01T05:12:55.924Z</time>
</trkpt>
<trkpt lat="48.1011353" lon="7.2686582">
	<ele>331.15</ele>
	<time>1970-01-01T05:13:01.938Z</time>
</trkpt>
<trkpt lat="48.1012039" lon="7.2683878">
	<ele>332.91</ele>
	<time>1970-01-01T05:13:14.513Z</time>
</trkpt>
<trkpt lat="48.1012726" lon="7.2679110">
	<ele>337.16</ele>
	<time>1970-01-01T05:13:40.885Z</time>
</trkpt>
<trkpt lat="48.1012840" lon="7.2673602">
	<ele>340.56</ele>
	<time>1970-01-01T05:14:16.617Z</time>
</trkpt>
<trkpt lat="48.1012306" lon="7.2659292">
	<ele>346.76</ele>
	<time>1970-01-01T05:16:15.885Z</time>
</trkpt>
<trkpt lat="48.1011810" lon="7.2651701">
	<ele>349.95</ele>
	<time>1970-01-01T05:17:00.376Z</time>
</trkpt>
<trkpt lat="48.1009369" lon="7.2632999">
	<ele>362.83</ele>
	<time>1970-01-01T05:18:55.730Z</time>
</trkpt>
<trkpt lat="48.1007462" lon="7.2613659">
	<ele>371.20</ele>
	<time>1970-01-01T05:20:23.368Z</time>
</trkpt>
<trkpt lat="48.1007042" lon="7.2610750">
	<ele>372.55</ele>
	<time>1970-01-01T05:20:29.898Z</time>
</trkpt>
<trkpt lat="48.1006851" lon="7.2609639">
	<ele>372.46</ele>
	<time>1970-01-01T05:20:32.368Z</time>
</trkpt>
<trkpt lat="48.1006470" lon="7.2608132">
	<ele>372.80</ele>
	<time>1970-01-01T05:20:35.923Z</time>
</trkpt>
<trkpt lat="48.1005898" lon="7.2606659">
	<ele>374.05</ele>
	<time>1970-01-01T05:20:41.479Z</time>
</trkpt>
<trkpt lat="48.1003609" lon="7.2602062">
	<ele>378.11</ele>
	<time>1970-01-01T05:21:13.126Z</time>
</trkpt>
<trkpt lat="48.1002998" lon="7.2601080">
	<ele>378.58</ele>
	<time>1970-01-01T05:21:19.801Z</time>
</trkpt>
<trkpt lat="48.1002808" lon="7.2600651">
	<ele>378.87</ele>
	<time>1970-01-01T05:21:22.402Z</time>
</trkpt>
<trkpt lat="48.1002579" lon="7.2600098">
	<ele>379.29</ele>
	<time>1970-01-01T05:21:25.639Z</time>
</trkpt>
<trkpt lat="48.1002464" lon="7.2598748">
	<ele>379.65</ele>
	<time>1970-01-01T05:21:33.379Z</time>
</trkpt>
<trkpt lat="48.1002655" lon="7.2596598">
	<ele>380.32</ele>
	<time>1970-01-01T05:21:48.013Z</time>
</trkpt>
<trkpt lat="48.1002884" lon="7.2595849">
	<ele>380.43</ele>
	<time>1970-01-01T05:21:53.368Z</time>
</trkpt>
<trkpt lat="48.1003227" lon="7.2594609">
	<ele>381.42</ele>
	<time>1970-01-01T05:22:02.518Z</time>
</trkpt>
<trkpt lat="48.1004562" lon="7.2590818">
	<ele>387.93</ele>
	<time>1970-01-01T05:22:34.729Z</time>
</trkpt>
<trkpt lat="48.1005173" lon="7.2588320">
	<ele>387.08</ele>
	<time>1970-01-01T05:22:54.233Z</time>
</trkpt>
<trkpt lat="48.1005554" lon="7.2586379">
	<ele>386.73</ele>
	<time>1970-01-01T05:23:08.875Z</time>
</trkpt>
<trkpt lat="48.1005745" lon="7.2584438">
	<ele>388.11</ele>
	<time>1970-01-01T05:23:24.123Z</time>
</trkpt>
<trkpt lat="48.1006126" lon="7.2582402">
	<ele>388.98</ele>
	<time>1970-01-01T05:23:40.221Z</time>
</trkpt>
<trkpt lat="48.1006355" lon="7.2581272">
	<ele>389.94</ele>
	<time>1970-01-01T05:23:49.063Z</time>
</trkpt>
<trkpt lat="48.1006660" lon="7.2580409">
	<ele>390.43</ele>
	<time>1970-01-01T05:23:55.611Z</time>
</trkpt>
<trkpt lat="48.1007004" lon="7.2579699">
	<ele>390.83</ele>
	<time>1970-01-01T05:24:01.033Z</time>
</trkpt>
<trkpt lat="48.1007881" lon="7.2578311">
	<ele>391.79</ele>
	<time>1970-01-01T05:24:11.759Z</time>
</trkpt>
<trkpt lat="48.1010094" lon="7.2575450">
	<ele>394.83</ele>
	<time>1970-01-01T05:24:34.341Z</time>
</trkpt>
<trkpt lat="48.1011467" lon="7.2573199">
	<ele>394.42</ele>
	<time>1970-01-01T05:24:49.018Z</time>
</trkpt>
<trkpt lat="48.1012001" lon="7.2572098">
	<ele>393.94</ele>
	<time>1970-01-01T05:24:55.197Z</time>
</trkpt>
<trkpt lat="48.1012497" lon="7.2570090">
	<ele>395.21</ele>
	<time>1970-01-01T05:25:06.653Z</time>
</trkpt>
<trkpt lat="48.1012802" lon="7.2568069">
	<ele>396.99</ele>
	<time>1970-01-01T05:25:18.498Z</time>
</trkpt>
<trkpt lat="48.1014328" lon="7.2551470">
	<ele>406.35</ele>
	<time>1970-01-01T05:27:36.229Z</time>
</trkpt>
<trkpt lat="48.1014137" lon="7.2549262">
	<ele>406.76</ele>
	<time>1970-01-01T05:27:49.525Z</time>
</trkpt>
<trkpt lat="48.1013527" lon="7.2544451">
	<ele>409.46</ele>
	<time>1970-01-01T05:28:31.926Z</time>
</trkpt>
<trkpt lat="48.1013451" lon="7.2540188">
	<ele>410.29</ele>
	<time>1970-01-01T05:29:13.446Z</time>
</trkpt>
<trkpt lat="48.1013260" lon="7.2539029">
	<ele>411.29</ele>
	<time>1970-01-01T05:29:24.406Z</time>
</trkpt>
<trkpt lat="48.1012688" lon="7.2538190">
	<ele>412.00</ele>
	<time>1970-01-01T05:29:35.441Z</time>
</trkpt>
<trkpt lat="48.1012001" lon="7.2538052">
	<ele>411.67</ele>
	<time>1970-01-01T05:29:43.562Z</time>
</trkpt>
<trkpt lat="48.1011314" lon="7.2538352">
	<ele>412.29</ele>
	<time>1970-01-01T05:29:52.057Z</time>
</trkpt>
<trkpt lat="48.1010971" lon="7.2539330">
	<ele>413.68</ele>
	<time>1970-01-01T05:29:59.451Z</time>
</trkpt>
<trkpt lat="48.1010895" lon="7.2540922">
	<ele>415.26</ele>
	<time>1970-01-01T05:30:08.362Z</time>
</trkpt>
<trkpt lat="48.1011696" lon="7.2543912">
	<ele>414.57</ele>
	<time>1970-01-01T05:30:17.325Z</time>
</trkpt>
<trkpt lat="48.1012154" lon="7.2546411">
	<ele>416.16</ele>
	<time>1970-01-01T05:30:23.519Z</time>
</trkpt>
<trkpt lat="48.1012344" lon="7.2548208">
	<ele>416.33</ele>
	<time>1970-01-01T05:30:25.848Z</time>
</trkpt>
<trkpt lat="48.1012039" lon="7.2550912">
	<ele>417.85</ele>
	<time>1970-01-01T05:30:28.140Z</time>
</trkpt>
<trkpt lat="48.1011353" lon="7.2553039">
	<ele>418.70</ele>
	<time>1970-01-01T05:30:30.222Z</time>
</trkpt>
<trkpt lat="48.1010094" lon="7.2555361">
	<ele>422.94</ele>
	<time>1970-01-01T05:30:33.754Z</time>
</trkpt>
<trkpt lat="48.1006012" lon="7.2561150">
	<ele>425.19</ele>
	<time>1970-01-01T05:30:59.848Z</time>
</trkpt>
<trkpt lat="48.1004753" lon="7.2563639">
	<ele>428.13</ele>
	<time>1970-01-01T05:31:10.058Z</time>
</trkpt>
<trkpt lat="48.1002083" lon="7.2569132">
	<ele>430.95</ele>
	<time>1970-01-01T05:31:29.027Z</time>
</trkpt>
<trkpt lat="48.0999298" lon="7.2575450">
	<ele>435.46</ele>
	<time>1970-01-01T05:31:37.332Z</time>
</trkpt>
<trkpt lat="48.0997925" lon="7.2578149">
	<ele>436.46</ele>
	<time>1970-01-01T05:31:39.861Z</time>
</trkpt>
<trkpt lat="48.0997276" lon="7.2578788">
	<ele>437.22</ele>
	<time>1970-01-01T05:31:40.653Z</time>
</trkpt>
<trkpt lat="48.0996246" lon="7.2578902">
	<ele>437.35</ele>
	<time>1970-01-01T05:31:42.298Z</time>
</trkpt>
<trkpt lat="48.0995560" lon="7.2578669">
	<ele>437.22</ele>
	<time>1970-01-01T05:31:43.834Z</time>
</trkpt>
<trkpt lat="48.0994110" lon="7.2577629">
	<ele>439.13</ele>
	<time>1970-01-01T05:31:48.819Z</time>
</trkpt>
<trkpt lat="48.0992317" lon="7.2576079">
	<ele>440.63</ele>
	<time>1970-01-01T05:32:06.185Z</time>
</trkpt>
<trkpt lat="48.0990181" lon="7.2574539">
	<ele>442.62</ele>
	<time>1970-01-01T05:32:38.230Z</time>
</trkpt>
<trkpt lat="48.0989113" lon="7.2573910">
	<ele>443.77</ele>
	<time>1970-01-01T05:32:54.542Z</time>
</trkpt>
<trkpt lat="48.0987778" lon="7.2573419">
	<ele>445.05</ele>
	<time>1970-01-01T05:33:14.771Z</time>
</trkpt>
<trkpt lat="48.0986252" lon="7.2573390">
	<ele>446.07</ele>
	<time>1970-01-01T05:33:36.955Z</time>
</trkpt>
<trkpt lat="48.0984993" lon="7.2573609">
	<ele>446.87</ele>
	<time>1970-01-01T05:33:53.643Z</time>
</trkpt>
<trkpt lat="48.0983505" lon="7.2574072">
	<ele>448.55</ele>
	<time>1970-01-01T05:34:11.576Z</time>
</trkpt>
<trkpt lat="48.0982018" lon="7.2575331">
	<ele>450.03</ele>
	<time>1970-01-01T05:34:30.138Z</time>
</trkpt>
<trkpt lat="48.0980377" lon="7.2578192">
	<ele>451.26</ele>
	<time>1970-01-01T05:34:56.110Z</time>
</trkpt>
<trkpt lat="48.0979500" lon="7.2580242">
	<ele>453.39</ele>
	<time>1970-01-01T05:35:11.515Z</time>
</trkpt>
<trkpt lat="48.0979080" lon="7.2581592">
	<ele>454.13</ele>
	<time>1970-01-01T05:35:20.253Z</time>
</trkpt>
<trkpt lat="48.0978737" lon="7.2582960">
	<ele>454.55</ele>
	<time>1970-01-01T05:35:28.421Z</time>
</trkpt>
<trkpt lat="48.0978546" lon="7.2584291">
	<ele>455.28</ele>
	<time>1970-01-01T05:35:35.621Z</time>
</trkpt>
<trkpt lat="48.0978394" lon="7.2594881">
	<ele>457.09</ele>
	<time>1970-01-01T05:36:11.208Z</time>
</trkpt>
<trkpt lat="48.0978203" lon="7.2600832">
	<ele>461.16</ele>
	<time>1970-01-01T05:36:23.063Z</time>
</trkpt>
<trkpt lat="48.0978050" lon="7.2607279">
	<ele>465.60</ele>
	<time>1970-01-01T05:36:34.561Z</time>
</trkpt>
<trkpt lat="48.0977554" lon="7.2610502">
	<ele>467.74</ele>
	<time>1970-01-01T05:36:39.281Z</time>
</trkpt>
<trkpt lat="48.0977135" lon="7.2612181">
	<ele>468.53</ele>
	<time>1970-01-01T05:36:41.530Z</time>
</trkpt>
<trkpt lat="48.0976486" lon="7.2613988">
	<ele>469.51</ele>
	<time>1970-01-01T05:36:44.114Z</time>
</trkpt>
<trkpt lat="48.0975800" lon="7.2616329">
	<ele>470.32</ele>
	<time>1970-01-01T05:36:49.845Z</time>
</trkpt>
<trkpt lat="48.0975380" lon="7.2617102">
	<ele>470.88</ele>
	<time>1970-01-01T05:36:51.818Z</time>
</trkpt>
<trkpt lat="48.0974617" lon="7.2617798">
	<ele>471.57</ele>
	<time>1970-01-01T05:36:54.700Z</time>
</trkpt>
<trkpt lat="48.0974007" lon="7.2617798">
	<ele>472.14</ele>
	<time>1970-01-01T05:36:56.634Z</time>
</trkpt>
<trkpt lat="48.0973549" lon="7.2617550">
	<ele>472.68</ele>
	<time>1970-01-01T05:36:58.458Z</time>
</trkpt>
<trkpt lat="48.0973129" lon="7.2617021">
	<ele>473.43</ele>
	<time>1970-01-01T05:37:00.566Z</time>
</trkpt>
<trkpt lat="48.0972939" lon="7.2616401">
	<ele>474.08</ele>
	<time>1970-01-01T05:37:01.508Z</time>
</trkpt>
<trkpt lat="48.0972977" lon="7.2614889">
	<ele>474.95</ele>
	<time>1970-01-01T05:37:04.953Z</time>
</trkpt>
<trkpt lat="48.0973701" lon="7.2612600">
	<ele>475.40</ele>
	<time>1970-01-01T05:37:13.586Z</time>
</trkpt>
<trkpt lat="48.0974121" lon="7.2610550">
	<ele>475.79</ele>
	<time>1970-01-01T05:37:22.495Z</time>
</trkpt>
<trkpt lat="48.0974274" lon="7.2608681">
	<ele>476.42</ele>
	<time>1970-01-01T05:37:31.668Z</time>
</trkpt>
<trkpt lat="48.0974159" lon="7.2606568">
	<ele>477.20</ele>
	<time>1970-01-01T05:37:43.172Z</time>
</trkpt>
<trkpt lat="48.0972710" lon="7.2585711">
	<ele>485.53</ele>
	<time>1970-01-01T05:40:10.133Z</time>
</trkpt>
<trkpt lat="48.0972443" lon="7.2583389">
	<ele>485.83</ele>
	<time>1970-01-01T05:40:18.803Z</time>
</trkpt>
<trkpt lat="48.0971069" lon="7.2576170">
	<ele>491.13</ele>
	<time>1970-01-01T05:40:45.011Z</time>
</trkpt>
<trkpt lat="48.0970001" lon="7.2572050">
	<ele>492.43</ele>
	<time>1970-01-01T05:41:03.355Z</time>
</trkpt>
<trkpt lat="48.0969620" lon="7.2570081">
	<ele>493.46</ele>
	<time>1970-01-01T05:41:12.037Z</time>
</trkpt>
<trkpt lat="48.0969315" lon="7.2568231">
	<ele>494.65</ele>
	<time>1970-01-01T05:41:20.090Z</time>
</trkpt>
<trkpt lat="48.0969276" lon="7.2567320">
	<ele>495.08</ele>
	<time>1970-01-01T05:41:24.080Z</time>
</trkpt>
<trkpt lat="48.0969353" lon="7.2566409">
	<ele>495.24</ele>
	<time>1970-01-01T05:41:28.141Z</time>
</trkpt>
<trkpt lat="48.0969582" lon="7.2565479">
	<ele>495.16</ele>
	<time>1970-01-01T05:41:32.709Z</time>
</trkpt>
<trkpt lat="48.0969887" lon="7.2564659">
	<ele>495.28</ele>
	<time>1970-01-01T05:41:37.752Z</time>
</trkpt>
<trkpt lat="48.0970230" lon="7.2564082">
	<ele>495.64</ele>
	<time>1970-01-01T05:41:42.349Z</time>
</trkpt>
<trkpt lat="48.0970917" lon="7.2563171">
	<ele>496.44</ele>
	<time>1970-01-01T05:41:50.748Z</time>
</trkpt>
<trkpt lat="48.0972862" lon="7.2561302">
	<ele>497.65</ele>
	<time>1970-01-01T05:42:17.476Z</time>
</trkpt>
<trkpt lat="48.0973663" lon="7.2560601">
	<ele>499.21</ele>
	<time>1970-01-01T05:42:27.663Z</time>
</trkpt>
<trkpt lat="48.0975761" lon="7.2558708">
	<ele>500.71</ele>
	<time>1970-01-01T05:43:00.896Z</time>
</trkpt>
<trkpt lat="48.0977821" lon="7.2557502">
	<ele>503.52</ele>
	<time>1970-01-01T05:43:29.040Z</time>
</trkpt>
<trkpt lat="48.0980225" lon="7.2556729">
	<ele>504.31</ele>
	<time>1970-01-01T05:43:55.147Z</time>
</trkpt>
<trkpt lat="48.0986443" lon="7.2555718">
	<ele>508.52</ele>
	<time>1970-01-01T05:44:24.705Z</time>
</trkpt>
<trkpt lat="48.0988121" lon="7.2555208">
	<ele>511.70</ele>
	<time>1970-01-01T05:44:28.631Z</time>
</trkpt>
<trkpt lat="48.0989380" lon="7.2554078">
	<ele>512.97</ele>
	<time>1970-01-01T05:44:32.041Z</time>
</trkpt>
<trkpt lat="48.0990791" lon="7.2551489">
	<ele>514.19</ele>
	<time>1970-01-01T05:44:40.225Z</time>
</trkpt>
<trkpt lat="48.0991783" lon="7.2548108">
	<ele>515.34</ele>
	<time>1970-01-01T05:44:52.052Z</time>
</trkpt>
<trkpt lat="48.0992050" lon="7.2545362">
	<ele>516.56</ele>
	<time>1970-01-01T05:45:02.308Z</time>
</trkpt>
<trkpt lat="48.0991898" lon="7.2541442">
	<ele>517.72</ele>
	<time>1970-01-01T05:45:23.829Z</time>
</trkpt>
<trkpt lat="48.0991478" lon="7.2538490">
	<ele>519.89</ele>
	<time>1970-01-01T05:45:41.269Z</time>
</trkpt>
<trkpt lat="48.0987778" lon="7.2525630">
	<ele>527.65</ele>
	<time>1970-01-01T05:47:38.223Z</time>
</trkpt>
<trkpt lat="48.0986824" lon="7.2520700">
	<ele>530.08</ele>
	<time>1970-01-01T05:48:07.984Z</time>
</trkpt>
<trkpt lat="48.0986176" lon="7.2515602">
	<ele>531.81</ele>
	<time>1970-01-01T05:48:36.356Z</time>
</trkpt>
<trkpt lat="48.0985451" lon="7.2507029">
	<ele>536.64</ele>
	<time>1970-01-01T05:49:22.473Z</time>
</trkpt>
<trkpt lat="48.0985222" lon="7.2498488">
	<ele>539.80</ele>
	<time>1970-01-01T05:49:45.211Z</time>
</trkpt>
<trkpt lat="48.0984306" lon="7.2493939">
	<ele>541.65</ele>
	<time>1970-01-01T05:50:07.443Z</time>
</trkpt>
<trkpt lat="48.0981255" lon="7.2481370">
	<ele>548.74</ele>
	<time>1970-01-01T05:51:29.831Z</time>
</trkpt>
<trkpt lat="48.0980873" lon="7.2478552">
	<ele>549.46</ele>
	<time>1970-01-01T05:51:41.985Z</time>
</trkpt>
<trkpt lat="48.0980339" lon="7.2473092">
	<ele>552.82</ele>
	<time>1970-01-01T05:52:08.614Z</time>
</trkpt>
<trkpt lat="48.0980110" lon="7.2469931">
	<ele>555.22</ele>
	<time>1970-01-01T05:52:24.686Z</time>
</trkpt>
<trkpt lat="48.0979576" lon="7.2464590">
	<ele>556.55</ele>
	<time>1970-01-01T05:52:58.257Z</time>
</trkpt>
<trkpt lat="48.0979004" lon="7.2456398">
	<ele>559.84</ele>
	<time>1970-01-01T05:53:52.752Z</time>
</trkpt>
<trkpt lat="48.0979195" lon="7.2454610">
	<ele>561.05</ele>
	<time>1970-01-01T05:54:02.928Z</time>
</trkpt>
<trkpt lat="48.0979576" lon="7.2452741">
	<ele>562.69</ele>
	<time>1970-01-01T05:54:14.855Z</time>
</trkpt>
<trkpt lat="48.0980453" lon="7.2450829">
	<ele>562.49</ele>
	<time>1970-01-01T05:54:26.284Z</time>
</trkpt>
<trkpt lat="48.0984879" lon="7.2444530">
	<ele>564.58</ele>
	<time>1970-01-01T05:54:41.780Z</time>
</trkpt>
<trkpt lat="48.0986443" lon="7.2440429">
	<ele>567.65</ele>
	<time>1970-01-01T05:54:50.169Z</time>
</trkpt>
<trkpt lat="48.0987206" lon="7.2437849">
	<ele>568.19</ele>
	<time>1970-01-01T05:54:55.726Z</time>
</trkpt>
<trkpt lat="48.0987892" lon="7.2435188">
	<ele>568.65</ele>
	<time>1970-01-01T05:55:02.571Z</time>
</trkpt>
<trkpt lat="48.0988426" lon="7.2431321">
	<ele>570.89</ele>
	<time>1970-01-01T05:55:14.318Z</time>
</trkpt>
<trkpt lat="48.0988770" lon="7.2427478">
	<ele>572.52</ele>
	<time>1970-01-01T05:55:24.030Z</time>
</trkpt>
<trkpt lat="48.0988731" lon="7.2422638">
	<ele>574.37</ele>
	<time>1970-01-01T05:55:36.456Z</time>
</trkpt>
<trkpt lat="48.0988426" lon="7.2420592">
	<ele>576.19</ele>
	<time>1970-01-01T05:55:42.063Z</time>
</trkpt>
<trkpt lat="48.0986824" lon="7.2414589">
	<ele>577.98</ele>
	<time>1970-01-01T05:56:05.429Z</time>
</trkpt>
<trkpt lat="48.0986671" lon="7.2413349">
	<ele>578.06</ele>
	<time>1970-01-01T05:56:08.962Z</time>
</trkpt>
<trkpt lat="48.0986595" lon="7.2412009">
	<ele>578.01</ele>
	<time>1970-01-01T05:56:12.838Z</time>
</trkpt>
<trkpt lat="48.0987434" lon="7.2406950">
	<ele>578.16</ele>
	<time>1970-01-01T05:56:27.749Z</time>
</trkpt>
<trkpt lat="48.0988541" lon="7.2402468">
	<ele>583.21</ele>
	<time>1970-01-01T05:56:44.432Z</time>
</trkpt>
<trkpt lat="48.0988655" lon="7.2400880">
	<ele>584.31</ele>
	<time>1970-01-01T05:56:49.942Z</time>
</trkpt>
<trkpt lat="48.0988541" lon="7.2399840">
	<ele>585.03</ele>
	<time>1970-01-01T05:56:53.514Z</time>
</trkpt>
<trkpt lat="48.0988274" lon="7.2398882">
	<ele>585.76</ele>
	<time>1970-01-01T05:56:57.370Z</time>
</trkpt>
<trkpt lat="48.0986671" lon="7.2395792">
	<ele>588.52</ele>
	<time>1970-01-01T05:57:11.168Z</time>
</trkpt>
<trkpt lat="48.0986252" lon="7.2394681">
	<ele>590.00</ele>
	<time>1970-01-01T05:57:15.478Z</time>
</trkpt>
<trkpt lat="48.0985870" lon="7.2393389">
	<ele>590.07</ele>
	<time>1970-01-01T05:57:20.531Z</time>
</trkpt>
<trkpt lat="48.0985756" lon="7.2391810">
	<ele>589.87</ele>
	<time>1970-01-01T05:57:27.036Z</time>
</trkpt>
<trkpt lat="48.0985947" lon="7.2389398">
	<ele>591.17</ele>
	<time>1970-01-01T05:57:37.480Z</time>
</trkpt>
<trkpt lat="48.0986252" lon="7.2387042">
	<ele>594.10</ele>
	<time>1970-01-01T05:57:48.652Z</time>
</trkpt>
<trkpt lat="48.0986633" lon="7.2384710">
	<ele>595.02</ele>
	<time>1970-01-01T05:58:01.151Z</time>
</trkpt>
<trkpt lat="48.0987282" lon="7.2382898">
	<ele>595.68</ele>
	<time>1970-01-01T05:58:12.638Z</time>
</trkpt>
<trkpt lat="48.0989037" lon="7.2379751">
	<ele>598.39</ele>
	<time>1970-01-01T05:58:40.929Z</time>
</trkpt>
<trkpt lat="48.0992432" lon="7.2375202">
	<ele>605.91</ele>
	<time>1970-01-01T05:59:41.729Z</time>
</trkpt>
<trkpt lat="48.0993538" lon="7.2374072">
	<ele>607.73</ele>
	<time>1970-01-01T05:59:58.540Z</time>
</trkpt>
<trkpt lat="48.0994339" lon="7.2373009">
	<ele>607.20</ele>
	<time>1970-01-01T06:00:13.165Z</time>
</trkpt>
<trkpt lat="48.0994873" lon="7.2372060">
	<ele>607.13</ele>
	<time>1970-01-01T06:00:24.637Z</time>
</trkpt>
<trkpt lat="48.0995102" lon="7.2371368">
	<ele>607.38</ele>
	<time>1970-01-01T06:00:32.541Z</time>
</trkpt>
<trkpt lat="48.0995407" lon="7.2370191">
	<ele>608.11</ele>
	<time>1970-01-01T06:00:45.309Z</time>
</trkpt>
<trkpt lat="48.0995560" lon="7.2368450">
	<ele>609.03</ele>
	<time>1970-01-01T06:01:04.646Z</time>
</trkpt>
<trkpt lat="48.0995522" lon="7.2367110">
	<ele>610.08</ele>
	<time>1970-01-01T06:01:19.259Z</time>
</trkpt>
<trkpt lat="48.0995216" lon="7.2365699">
	<ele>611.53</ele>
	<time>1970-01-01T06:01:34.980Z</time>
</trkpt>
<trkpt lat="48.0994644" lon="7.2364068">
	<ele>612.61</ele>
	<time>1970-01-01T06:01:53.946Z</time>
</trkpt>
<trkpt lat="48.0993500" lon="7.2361541">
	<ele>610.95</ele>
	<time>1970-01-01T06:02:22.494Z</time>
</trkpt>
<trkpt lat="48.0993347" lon="7.2361259">
	<ele>611.03</ele>
	<time>1970-01-01T06:02:25.791Z</time>
</trkpt>
<trkpt lat="48.0992355" lon="7.2359591">
	<ele>613.37</ele>
	<time>1970-01-01T06:02:42.259Z</time>
</trkpt>
<trkpt lat="48.0991554" lon="7.2358541">
	<ele>615.08</ele>
	<time>1970-01-01T06:02:52.893Z</time>
</trkpt>
<trkpt lat="48.0990486" lon="7.2357478">
	<ele>615.59</ele>
	<time>1970-01-01T06:03:03.668Z</time>
</trkpt>
<trkpt lat="48.0986595" lon="7.2353091">
	<ele>621.15</ele>
	<time>1970-01-01T06:03:33.328Z</time>
</trkpt>
<trkpt lat="48.0983124" lon="7.2349992">
	<ele>623.75</ele>
	<time>1970-01-01T06:03:44.818Z</time>
</trkpt>
<trkpt lat="48.0982552" lon="7.2349391">
	<ele>624.10</ele>
	<time>1970-01-01T06:03:46.324Z</time>
</trkpt>
<trkpt lat="48.0981522" lon="7.2347960">
	<ele>625.83</ele>
	<time>1970-01-01T06:03:51.254Z</time>
</trkpt>
<trkpt lat="48.0981255" lon="7.2347460">
	<ele>626.45</ele>
	<time>1970-01-01T06:03:52.533Z</time>
</trkpt>
<trkpt lat="48.0981064" lon="7.2346792">
	<ele>626.93</ele>
	<time>1970-01-01T06:03:53.786Z</time>
</trkpt>
<trkpt lat="48.0980988" lon="7.2346268">
	<ele>627.02</ele>
	<time>1970-01-01T06:03:54.771Z</time>
</trkpt>
<trkpt lat="48.0980988" lon="7.2345681">
	<ele>626.95</ele>
	<time>1970-01-01T06:03:55.809Z</time>
</trkpt>
<trkpt lat="48.0981178" lon="7.2345071">
	<ele>626.84</ele>
	<time>1970-01-01T06:03:57.352Z</time>
</trkpt>
<trkpt lat="48.0981445" lon="7.2344518">
	<ele>626.72</ele>
	<time>1970-01-01T06:03:59.139Z</time>
</trkpt>
<trkpt lat="48.0982056" lon="7.2343779">
	<ele>626.50</ele>
	<time>1970-01-01T06:04:00.908Z</time>
</trkpt>
<trkpt lat="48.0982437" lon="7.2344680">
	<ele>626.81</ele>
	<time>1970-01-01T06:04:02.888Z</time>
</trkpt>
<trkpt lat="48.0982780" lon="7.2345171">
	<ele>626.97</ele>
	<time>1970-01-01T06:04:04.180Z</time>
</trkpt>
<trkpt lat="48.0983887" lon="7.2346268">
	<ele>627.60</ele>
	<time>1970-01-01T06:04:09.758Z</time>
</trkpt>
<trkpt lat="48.0984535" lon="7.2346630">
	<ele>628.02</ele>
	<time>1970-01-01T06:04:13.310Z</time>
</trkpt>
<trkpt lat="48.0985184" lon="7.2346792">
	<ele>628.49</ele>
	<time>1970-01-01T06:04:16.823Z</time>
</trkpt>
<trkpt lat="48.0985565" lon="7.2346802">
	<ele>628.79</ele>
	<time>1970-01-01T06:04:18.998Z</time>
</trkpt>
<trkpt lat="48.0985947" lon="7.2346730">
	<ele>629.12</ele>
	<time>1970-01-01T06:04:21.443Z</time>
</trkpt>
<trkpt lat="48.0986824" lon="7.2346311">
	<ele>629.86</ele>
	<time>1970-01-01T06:04:28.661Z</time>
</trkpt>
<trkpt lat="48.0986900" lon="7.2346239">
	<ele>629.93</ele>
	<time>1970-01-01T06:04:29.371Z</time>
</trkpt>
<trkpt lat="48.0987701" lon="7.2345462">
	<ele>630.63</ele>
	<time>1970-01-01T06:04:38.614Z</time>
</trkpt>
<trkpt lat="48.0988159" lon="7.2344561">
	<ele>631.18</ele>
	<time>1970-01-01T06:04:45.639Z</time>
</trkpt>
<trkpt lat="48.0988350" lon="7.2343850">
	<ele>631.55</ele>
	<time>1970-01-01T06:04:50.845Z</time>
</trkpt>
<trkpt lat="48.0988541" lon="7.2342458">
	<ele>632.13</ele>
	<time>1970-01-01T06:05:00.615Z</time>
</trkpt>
<trkpt lat="48.0988922" lon="7.2336812">
	<ele>635.28</ele>
	<time>1970-01-01T06:05:24.414Z</time>
</trkpt>
<trkpt lat="48.0989151" lon="7.2335191">
	<ele>635.30</ele>
	<time>1970-01-01T06:05:29.416Z</time>
</trkpt>
<trkpt lat="48.0989418" lon="7.2334480">
	<ele>635.50</ele>
	<time>1970-01-01T06:05:31.884Z</time>
</trkpt>
<trkpt lat="48.0989647" lon="7.2333989">
	<ele>635.58</ele>
	<time>1970-01-01T06:05:33.963Z</time>
</trkpt>
<trkpt lat="48.0990105" lon="7.2333512">
	<ele>635.95</ele>
	<time>1970-01-01T06:05:36.729Z</time>
</trkpt>
<trkpt lat="48.0990486" lon="7.2333331">
	<ele>636.43</ele>
	<time>1970-01-01T06:05:39.251Z</time>
</trkpt>
<trkpt lat="48.0990639" lon="7.2333322">
	<ele>636.69</ele>
	<time>1970-01-01T06:05:40.318Z</time>
</trkpt>
<trkpt lat="48.0991173" lon="7.2333560">
	<ele>637.92</ele>
	<time>1970-01-01T06:05:44.045Z</time>
</trkpt>
<trkpt lat="48.0991554" lon="7.2333899">
	<ele>639.01</ele>
	<time>1970-01-01T06:05:47.542Z</time>
</trkpt>
<trkpt lat="48.0991821" lon="7.2334371">
	<ele>639.93</ele>
	<time>1970-01-01T06:05:50.491Z</time>
</trkpt>
<trkpt lat="48.0992012" lon="7.2335091">
	<ele>640.67</ele>
	<time>1970-01-01T06:05:55.237Z</time>
</trkpt>
<trkpt lat="48.0992050" lon="7.2335868">
	<ele>641.01</ele>
	<time>1970-01-01T06:05:59.868Z</time>
</trkpt>
<trkpt lat="48.0991821" lon="7.2338009">
	<ele>641.95</ele>
	<time>1970-01-01T06:06:11.750Z</time>
</trkpt>
<trkpt lat="48.0991707" lon="7.2339559">
	<ele>642.35</ele>
	<time>1970-01-01T06:06:20.145Z</time>
</trkpt>
<trkpt lat="48.0991745" lon="7.2340269">
	<ele>642.61</ele>
	<time>1970-01-01T06:06:23.504Z</time>
</trkpt>
<trkpt lat="48.0991936" lon="7.2342062">
	<ele>642.36</ele>
	<time>1970-01-01T06:06:33.612Z</time>
</trkpt>
<trkpt lat="48.0992165" lon="7.2343202">
	<ele>641.20</ele>
	<time>1970-01-01T06:06:39.500Z</time>
</trkpt>
<trkpt lat="48.0992393" lon="7.2343922">
	<ele>640.59</ele>
	<time>1970-01-01T06:06:43.312Z</time>
</trkpt>
<trkpt lat="48.0992851" lon="7.2344918">
	<ele>640.82</ele>
	<time>1970-01-01T06:06:49.059Z</time>
</trkpt>
<trkpt lat="48.0993080" lon="7.2345142">
	<ele>641.45</ele>
	<time>1970-01-01T06:06:51.008Z</time>
</trkpt>
<trkpt lat="48.0993614" lon="7.2345328">
	<ele>643.28</ele>
	<time>1970-01-01T06:06:55.397Z</time>
</trkpt>
<trkpt lat="48.0993843" lon="7.2345252">
	<ele>644.06</ele>
	<time>1970-01-01T06:06:57.637Z</time>
</trkpt>
<trkpt lat="48.0994148" lon="7.2344899">
	<ele>645.00</ele>
	<time>1970-01-01T06:07:00.792Z</time>
</trkpt>
<trkpt lat="48.0994301" lon="7.2344389">
	<ele>645.56</ele>
	<time>1970-01-01T06:07:04.096Z</time>
</trkpt>
<trkpt lat="48.0994339" lon="7.2343831">
	<ele>646.06</ele>
	<time>1970-01-01T06:07:07.371Z</time>
</trkpt>
<trkpt lat="48.0994263" lon="7.2343378">
	<ele>646.30</ele>
	<time>1970-01-01T06:07:09.753Z</time>
</trkpt>
<trkpt lat="48.0993423" lon="7.2341328">
	<ele>646.63</ele>
	<time>1970-01-01T06:07:21.020Z</time>
</trkpt>
<trkpt lat="48.0993156" lon="7.2340250">
	<ele>646.84</ele>
	<time>1970-01-01T06:07:25.139Z</time>
</trkpt>
<trkpt lat="48.0993080" lon="7.2339702">
	<ele>646.87</ele>
	<time>1970-01-01T06:07:26.801Z</time>
</trkpt>
<trkpt lat="48.0993118" lon="7.2338309">
	<ele>646.88</ele>
	<time>1970-01-01T06:07:30.369Z</time>
</trkpt>
<trkpt lat="48.0993195" lon="7.2337489">
	<ele>646.45</ele>
	<time>1970-01-01T06:07:32.291Z</time>
</trkpt>
<trkpt lat="48.0993385" lon="7.2336540">
	<ele>646.26</ele>
	<time>1970-01-01T06:07:34.582Z</time>
</trkpt>
<trkpt lat="48.0993729" lon="7.2335758">
	<ele>647.17</ele>
	<time>1970-01-01T06:07:37.186Z</time>
</trkpt>
<trkpt lat="48.0994644" lon="7.2333999">
	<ele>650.29</ele>
	<time>1970-01-01T06:07:45.307Z</time>
</trkpt>
<trkpt lat="48.0997429" lon="7.2327948">
	<ele>652.89</ele>
	<time>1970-01-01T06:08:25.673Z</time>
</trkpt>
<trkpt lat="48.0997887" lon="7.2326531">
	<ele>652.89</ele>
	<time>1970-01-01T06:08:32.749Z</time>
</trkpt>
<trkpt lat="48.0998192" lon="7.2325191">
	<ele>653.00</ele>
	<time>1970-01-01T06:08:38.881Z</time>
</trkpt>
<trkpt lat="48.0998383" lon="7.2323461">
	<ele>654.57</ele>
	<time>1970-01-01T06:08:45.991Z</time>
</trkpt>
<trkpt lat="48.0998421" lon="7.2322168">
	<ele>655.64</ele>
	<time>1970-01-01T06:08:51.187Z</time>
</trkpt>
<trkpt lat="48.0998344" lon="7.2317858">
	<ele>657.30</ele>
	<time>1970-01-01T06:09:05.966Z</time>
</trkpt>
<trkpt lat="48.0998306" lon="7.2316051">
	<ele>657.87</ele>
	<time>1970-01-01T06:09:11.972Z</time>
</trkpt>
<trkpt lat="48.0998039" lon="7.2314210">
	<ele>658.38</ele>
	<time>1970-01-01T06:09:17.954Z</time>
</trkpt>
<trkpt lat="48.0997658" lon="7.2312150">
	<ele>658.38</ele>
	<time>1970-01-01T06:09:25.342Z</time>
</trkpt>
<trkpt lat="48.0997276" lon="7.2310538">
	<ele>658.19</ele>
	<time>1970-01-01T06:09:31.248Z</time>
</trkpt>
<trkpt lat="48.0996437" lon="7.2307258">
	<ele>659.05</ele>
	<time>1970-01-01T06:09:44.417Z</time>
</trkpt>
<trkpt lat="48.0996094" lon="7.2306318">
	<ele>659.11</ele>
	<time>1970-01-01T06:09:48.133Z</time>
</trkpt>
<trkpt lat="48.0995255" lon="7.2304339">
	<ele>659.91</ele>
	<time>1970-01-01T06:09:56.774Z</time>
</trkpt>
<trkpt lat="48.0994453" lon="7.2303181">
	<ele>660.61</ele>
	<time>1970-01-01T06:10:02.638Z</time>
</trkpt>
<trkpt lat="48.0993576" lon="7.2302380">
	<ele>660.61</ele>
	<time>1970-01-01T06:10:07.785Z</time>
</trkpt>
<trkpt lat="48.0992661" lon="7.2301888">
	<ele>660.35</ele>
	<time>1970-01-01T06:10:12.966Z</time>
</trkpt>
<trkpt lat="48.0991058" lon="7.2301178">
	<ele>660.79</ele>
	<time>1970-01-01T06:10:20.622Z</time>
</trkpt>
<trkpt lat="48.0985565" lon="7.2298369">
	<ele>661.63</ele>
	<time>1970-01-01T06:10:45.663Z</time>
</trkpt>
<trkpt lat="48.0981102" lon="7.2294950">
	<ele>662.20</ele>
	<time>1970-01-01T06:11:25.002Z</time>
</trkpt>
<trkpt lat="48.0977173" lon="7.2290912">
	<ele>666.58</ele>
	<time>1970-01-01T06:12:13.957Z</time>
</trkpt>
<trkpt lat="48.0975304" lon="7.2289209">
	<ele>665.45</ele>
	<time>1970-01-01T06:12:28.285Z</time>
</trkpt>
<trkpt lat="48.0974350" lon="7.2287951">
	<ele>665.74</ele>
	<time>1970-01-01T06:12:34.615Z</time>
</trkpt>
<trkpt lat="48.0973701" lon="7.2286258">
	<ele>667.93</ele>
	<time>1970-01-01T06:12:39.796Z</time>
</trkpt>
<trkpt lat="48.0973511" lon="7.2285290">
	<ele>668.11</ele>
	<time>1970-01-01T06:12:42.708Z</time>
</trkpt>
<trkpt lat="48.0973396" lon="7.2284188">
	<ele>667.93</ele>
	<time>1970-01-01T06:12:45.630Z</time>
</trkpt>
<trkpt lat="48.0973549" lon="7.2282310">
	<ele>666.49</ele>
	<time>1970-01-01T06:12:50.660Z</time>
</trkpt>
<trkpt lat="48.0973740" lon="7.2281561">
	<ele>665.59</ele>
	<time>1970-01-01T06:12:52.684Z</time>
</trkpt>
<trkpt lat="48.0974312" lon="7.2280102">
	<ele>665.37</ele>
	<time>1970-01-01T06:12:57.312Z</time>
</trkpt>
<trkpt lat="48.0974312" lon="7.2280102">
	<ele>665.37</ele>
	<time>1970-01-01T06:40:49.305Z</time>
</trkpt>
<trkpt lat="48.0976105" lon="7.2275739">
	<ele>666.60</ele>
	<time>1970-01-01T06:40:58.863Z</time>
</trkpt>
<trkpt lat="48.0978622" lon="7.2268758">
	<ele>671.12</ele>
	<time>1970-01-01T06:41:06.247Z</time>
</trkpt>
<trkpt lat="48.0979614" lon="7.2265301">
	<ele>669.33</ele>
	<time>1970-01-01T06:41:10.550Z</time>
</trkpt>
<trkpt lat="48.0980148" lon="7.2262068">
	<ele>669.54</ele>
	<time>1970-01-01T06:41:14.965Z</time>
</trkpt>
<trkpt lat="48.0980530" lon="7.2256951">
	<ele>671.75</ele>
	<time>1970-01-01T06:41:22.395Z</time>
</trkpt>
<trkpt lat="48.0980759" lon="7.2249508">
	<ele>675.00</ele>
	<time>1970-01-01T06:41:34.546Z</time>
</trkpt>
<trkpt lat="48.0980873" lon="7.2247572">
	<ele>676.20</ele>
	<time>1970-01-01T06:41:37.752Z</time>
</trkpt>
<trkpt lat="48.0981102" lon="7.2245522">
	<ele>677.33</ele>
	<time>1970-01-01T06:41:41.519Z</time>
</trkpt>
<trkpt lat="48.0981598" lon="7.2242608">
	<ele>677.85</ele>
	<time>1970-01-01T06:41:48.853Z</time>
</trkpt>
<trkpt lat="48.0982666" lon="7.2238431">
	<ele>678.24</ele>
	<time>1970-01-01T06:41:55.914Z</time>
</trkpt>
<trkpt lat="48.0983620" lon="7.2234311">
	<ele>677.52</ele>
	<time>1970-01-01T06:42:03.574Z</time>
</trkpt>
<trkpt lat="48.0984497" lon="7.2229629">
	<ele>677.66</ele>
	<time>1970-01-01T06:42:16.282Z</time>
</trkpt>
<trkpt lat="48.0984535" lon="7.2228932">
	<ele>678.21</ele>
	<time>1970-01-01T06:42:17.838Z</time>
</trkpt>
<trkpt lat="48.0984459" lon="7.2227392">
	<ele>679.82</ele>
	<time>1970-01-01T06:42:21.404Z</time>
</trkpt>
<trkpt lat="48.0984344" lon="7.2226491">
	<ele>681.21</ele>
	<time>1970-01-01T06:42:23.262Z</time>
</trkpt>
<trkpt lat="48.0983086" lon="7.2220860">
	<ele>681.60</ele>
	<time>1970-01-01T06:42:30.773Z</time>
</trkpt>
<trkpt lat="48.0982208" lon="7.2214808">
	<ele>682.85</ele>
	<time>1970-01-01T06:42:39.995Z</time>
</trkpt>
<trkpt lat="48.0981941" lon="7.2212019">
	<ele>684.20</ele>
	<time>1970-01-01T06:42:45.814Z</time>
</trkpt>
<trkpt lat="48.0981903" lon="7.2210150">
	<ele>685.11</ele>
	<time>1970-01-01T06:42:50.895Z</time>
</trkpt>
<trkpt lat="48.0981789" lon="7.2205219">
	<ele>685.45</ele>
	<time>1970-01-01T06:43:06.811Z</time>
</trkpt>
<trkpt lat="48.0981636" lon="7.2202430">
	<ele>685.95</ele>
	<time>1970-01-01T06:43:14.584Z</time>
</trkpt>
<trkpt lat="48.0981255" lon="7.2197990">
	<ele>686.49</ele>
	<time>1970-01-01T06:43:25.496Z</time>
</trkpt>
<trkpt lat="48.0980644" lon="7.2195029">
	<ele>686.99</ele>
	<time>1970-01-01T06:43:31.637Z</time>
</trkpt>
<trkpt lat="48.0979652" lon="7.2191992">
	<ele>686.89</ele>
	<time>1970-01-01T06:43:38.072Z</time>
</trkpt>
<trkpt lat="48.0978203" lon="7.2188239">
	<ele>687.67</ele>
	<time>1970-01-01T06:43:46.908Z</time>
</trkpt>
<trkpt lat="48.0977097" lon="7.2184572">
	<ele>688.48</ele>
	<time>1970-01-01T06:43:55.085Z</time>
</trkpt>
<trkpt lat="48.0976715" lon="7.2183008">
	<ele>688.80</ele>
	<time>1970-01-01T06:43:58.269Z</time>
</trkpt>
<trkpt lat="48.0976410" lon="7.2181401">
	<ele>689.52</ele>
	<time>1970-01-01T06:44:01.914Z</time>
</trkpt>
<trkpt lat="48.0976143" lon="7.2179270">
	<ele>690.49</ele>
	<time>1970-01-01T06:44:07.580Z</time>
</trkpt>
<trkpt lat="48.0976067" lon="7.2177420">
	<ele>691.14</ele>
	<time>1970-01-01T06:44:12.621Z</time>
</trkpt>
<trkpt lat="48.0976143" lon="7.2175579">
	<ele>691.24</ele>
	<time>1970-01-01T06:44:17.764Z</time>
</trkpt>
<trkpt lat="48.0976372" lon="7.2173061">
	<ele>691.93</ele>
	<time>1970-01-01T06:44:26.546Z</time>
</trkpt>
<trkpt lat="48.0976601" lon="7.2171469">
	<ele>692.78</ele>
	<time>1970-01-01T06:44:32.688Z</time>
</trkpt>
<trkpt lat="48.0976944" lon="7.2170148">
	<ele>693.49</ele>
	<time>1970-01-01T06:44:37.997Z</time>
</trkpt>
<trkpt lat="48.0978584" lon="7.2164502">
	<ele>695.04</ele>
	<time>1970-01-01T06:45:12.943Z</time>
</trkpt>
<trkpt lat="48.0980034" lon="7.2159929">
	<ele>696.32</ele>
	<time>1970-01-01T06:45:44.901Z</time>
</trkpt>
<trkpt lat="48.0980301" lon="7.2159081">
	<ele>695.97</ele>
	<time>1970-01-01T06:45:50.160Z</time>
</trkpt>
<trkpt lat="48.0980835" lon="7.2157850">
	<ele>696.17</ele>
	<time>1970-01-01T06:45:58.946Z</time>
</trkpt>
<trkpt lat="48.0981178" lon="7.2157359">
	<ele>696.46</ele>
	<time>1970-01-01T06:46:02.776Z</time>
</trkpt>
<trkpt lat="48.0981903" lon="7.2156758">
	<ele>696.66</ele>
	<time>1970-01-01T06:46:09.453Z</time>
</trkpt>
<trkpt lat="48.0982666" lon="7.2156448">
	<ele>696.62</ele>
	<time>1970-01-01T06:46:15.633Z</time>
</trkpt>
<trkpt lat="48.0983162" lon="7.2156482">
	<ele>696.63</ele>
	<time>1970-01-01T06:46:18.762Z</time>
</trkpt>
<trkpt lat="48.0984497" lon="7.2157068">
	<ele>697.42</ele>
	<time>1970-01-01T06:46:27.110Z</time>
</trkpt>
<trkpt lat="48.0989914" lon="7.2162008">
	<ele>700.49</ele>
	<time>1970-01-01T06:46:56.045Z</time>
</trkpt>
<trkpt lat="48.0991478" lon="7.2163072">
	<ele>701.21</ele>
	<time>1970-01-01T06:47:03.181Z</time>
</trkpt>
<trkpt lat="48.0992661" lon="7.2163458">
	<ele>701.64</ele>
	<time>1970-01-01T06:47:08.077Z</time>
</trkpt>
<trkpt lat="48.0993652" lon="7.2163491">
	<ele>701.95</ele>
	<time>1970-01-01T06:47:12.117Z</time>
</trkpt>
<trkpt lat="48.0994911" lon="7.2163162">
	<ele>702.29</ele>
	<time>1970-01-01T06:47:17.394Z</time>
</trkpt>
<trkpt lat="48.0998001" lon="7.2161350">
	<ele>703.92</ele>
	<time>1970-01-01T06:47:33.727Z</time>
</trkpt>
<trkpt lat="48.1001015" lon="7.2158480">
	<ele>705.62</ele>
	<time>1970-01-01T06:47:50.012Z</time>
</trkpt>
<trkpt lat="48.1002083" lon="7.2157030">
	<ele>706.83</ele>
	<time>1970-01-01T06:47:54.833Z</time>
</trkpt>
<trkpt lat="48.1002464" lon="7.2156119">
	<ele>707.70</ele>
	<time>1970-01-01T06:47:57.098Z</time>
</trkpt>
<trkpt lat="48.1002731" lon="7.2154970">
	<ele>708.39</ele>
	<time>1970-01-01T06:47:59.544Z</time>
</trkpt>
<trkpt lat="48.1002808" lon="7.2154012">
	<ele>708.71</ele>
	<time>1970-01-01T06:48:01.501Z</time>
</trkpt>
<trkpt lat="48.1002693" lon="7.2152948">
	<ele>709.03</ele>
	<time>1970-01-01T06:48:03.801Z</time>
</trkpt>
<trkpt lat="48.1002464" lon="7.2151709">
	<ele>709.30</ele>
	<time>1970-01-01T06:48:06.728Z</time>
</trkpt>
<trkpt lat="48.1001930" lon="7.2150278">
	<ele>709.88</ele>
	<time>1970-01-01T06:48:10.700Z</time>
</trkpt>
<trkpt lat="48.0998573" lon="7.2143278">
	<ele>712.56</ele>
	<time>1970-01-01T06:48:37.489Z</time>
</trkpt>
<trkpt lat="48.0998001" lon="7.2141442">
	<ele>713.24</ele>
	<time>1970-01-01T06:48:43.128Z</time>
</trkpt>
<trkpt lat="48.0997543" lon="7.2139611">
	<ele>714.35</ele>
	<time>1970-01-01T06:48:48.717Z</time>
</trkpt>
<trkpt lat="48.0994759" lon="7.2119918">
	<ele>725.18</ele>
	<time>1970-01-01T06:50:54.818Z</time>
</trkpt>
<trkpt lat="48.0992126" lon="7.2107868">
	<ele>730.45</ele>
	<time>1970-01-01T06:52:06.682Z</time>
</trkpt>
<trkpt lat="48.0991211" lon="7.2104659">
	<ele>733.85</ele>
	<time>1970-01-01T06:52:20.810Z</time>
</trkpt>
<trkpt lat="48.0990219" lon="7.2102389">
	<ele>735.13</ele>
	<time>1970-01-01T06:52:31.826Z</time>
</trkpt>
<trkpt lat="48.0988083" lon="7.2098289">
	<ele>737.25</ele>
	<time>1970-01-01T06:52:53.810Z</time>
</trkpt>
<trkpt lat="48.0986977" lon="7.2095690">
	<ele>737.79</ele>
	<time>1970-01-01T06:53:04.402Z</time>
</trkpt>
<trkpt lat="48.0986290" lon="7.2093148">
	<ele>738.28</ele>
	<time>1970-01-01T06:53:11.546Z</time>
</trkpt>
<trkpt lat="48.0985718" lon="7.2089000">
	<ele>738.47</ele>
	<time>1970-01-01T06:53:20.828Z</time>
</trkpt>
<trkpt lat="48.0984840" lon="7.2081480">
	<ele>739.09</ele>
	<time>1970-01-01T06:53:35.252Z</time>
</trkpt>
<trkpt lat="48.0984459" lon="7.2077422">
	<ele>740.49</ele>
	<time>1970-01-01T06:53:42.005Z</time>
</trkpt>
<trkpt lat="48.0984077" lon="7.2066588">
	<ele>742.69</ele>
	<time>1970-01-01T06:54:02.112Z</time>
</trkpt>
<trkpt lat="48.0983467" lon="7.2057772">
	<ele>744.89</ele>
	<time>1970-01-01T06:54:22.893Z</time>
</trkpt>
<trkpt lat="48.0983047" lon="7.2053161">
	<ele>746.21</ele>
	<time>1970-01-01T06:54:33.664Z</time>
</trkpt>
<trkpt lat="48.0982704" lon="7.2051921">
	<ele>746.60</ele>
	<time>1970-01-01T06:54:36.576Z</time>
</trkpt>
<trkpt lat="48.0982018" lon="7.2050700">
	<ele>746.76</ele>
	<time>1970-01-01T06:54:40.310Z</time>
</trkpt>
<trkpt lat="48.0981560" lon="7.2050018">
	<ele>746.76</ele>
	<time>1970-01-01T06:54:42.638Z</time>
</trkpt>
<trkpt lat="48.0980606" lon="7.2048941">
	<ele>746.56</ele>
	<time>1970-01-01T06:54:46.719Z</time>
</trkpt>
<trkpt lat="48.0979614" lon="7.2048321">
	<ele>746.55</ele>
	<time>1970-01-01T06:54:50.238Z</time>
</trkpt>
<trkpt lat="48.0977325" lon="7.2047582">
	<ele>747.16</ele>
	<time>1970-01-01T06:54:58.043Z</time>
</trkpt>
<trkpt lat="48.0966988" lon="7.2044339">
	<ele>748.64</ele>
	<time>1970-01-01T06:55:37.209Z</time>
</trkpt>
<trkpt lat="48.0958252" lon="7.2042480">
	<ele>751.65</ele>
	<time>1970-01-01T06:56:03.263Z</time>
</trkpt>
<trkpt lat="48.0954132" lon="7.2040119">
	<ele>753.37</ele>
	<time>1970-01-01T06:56:21.930Z</time>
</trkpt>
<trkpt lat="48.0952148" lon="7.2037520">
	<ele>753.70</ele>
	<time>1970-01-01T06:56:32.931Z</time>
</trkpt>
<trkpt lat="48.0950584" lon="7.2034340">
	<ele>754.46</ele>
	<time>1970-01-01T06:56:43.822Z</time>
</trkpt>
<trkpt lat="48.0949860" lon="7.2032080">
	<ele>755.14</ele>
	<time>1970-01-01T06:56:50.990Z</time>
</trkpt>
<trkpt lat="48.0949287" lon="7.2029800">
	<ele>756.15</ele>
	<time>1970-01-01T06:56:58.705Z</time>
</trkpt>
<trkpt lat="48.0948982" lon="7.2028408">
	<ele>756.66</ele>
	<time>1970-01-01T06:57:03.391Z</time>
</trkpt>
<trkpt lat="48.0948792" lon="7.2026381">
	<ele>756.36</ele>
	<time>1970-01-01T06:57:09.801Z</time>
</trkpt>
<trkpt lat="48.0948753" lon="7.2024841">
	<ele>756.13</ele>
	<time>1970-01-01T06:57:14.303Z</time>
</trkpt>
<trkpt lat="48.0948868" lon="7.2023282">
	<ele>756.69</ele>
	<time>1970-01-01T06:57:20.261Z</time>
</trkpt>
<trkpt lat="48.0949211" lon="7.2021222">
	<ele>757.84</ele>
	<time>1970-01-01T06:57:28.980Z</time>
</trkpt>
<trkpt lat="48.0949936" lon="7.2019510">
	<ele>758.99</ele>
	<time>1970-01-01T06:57:36.514Z</time>
</trkpt>
<trkpt lat="48.0950813" lon="7.2018409">
	<ele>759.30</ele>
	<time>1970-01-01T06:57:42.637Z</time>
</trkpt>
<trkpt lat="48.0954056" lon="7.2015409">
	<ele>762.28</ele>
	<time>1970-01-01T06:57:59.639Z</time>
</trkpt>
<trkpt lat="48.0956535" lon="7.2013178">
	<ele>763.15</ele>
	<time>1970-01-01T06:58:10.918Z</time>
</trkpt>
<trkpt lat="48.0958099" lon="7.2011399">
	<ele>763.14</ele>
	<time>1970-01-01T06:58:19.084Z</time>
</trkpt>
<trkpt lat="48.0958824" lon="7.2009978">
	<ele>762.53</ele>
	<time>1970-01-01T06:58:25.156Z</time>
</trkpt>
<trkpt lat="48.0959396" lon="7.2008300">
	<ele>762.08</ele>
	<time>1970-01-01T06:58:33.866Z</time>
</trkpt>
<trkpt lat="48.0960350" lon="7.2004361">
	<ele>762.79</ele>
	<time>1970-01-01T06:58:59.235Z</time>
</trkpt>
<trkpt lat="48.0960884" lon="7.2001681">
	<ele>763.15</ele>
	<time>1970-01-01T06:59:17.076Z</time>
</trkpt>
<trkpt lat="48.0961342" lon="7.1998940">
	<ele>762.80</ele>
	<time>1970-01-01T06:59:32.757Z</time>
</trkpt>
<trkpt lat="48.0961838" lon="7.1993928">
	<ele>763.16</ele>
	<time>1970-01-01T06:59:47.576Z</time>
</trkpt>
<trkpt lat="48.0961761" lon="7.1990399">
	<ele>762.75</ele>
	<time>1970-01-01T06:59:52.108Z</time>
</trkpt>
<trkpt lat="48.0961189" lon="7.1988292">
	<ele>762.73</ele>
	<time>1970-01-01T06:59:56.440Z</time>
</trkpt>
<trkpt lat="48.0960541" lon="7.1986418">
	<ele>763.20</ele>
	<time>1970-01-01T06:59:59.386Z</time>
</trkpt>
<trkpt lat="48.0960083" lon="7.1985488">
	<ele>762.78</ele>
	<time>1970-01-01T07:00:00.919Z</time>
</trkpt>
<trkpt lat="48.0959587" lon="7.1984630">
	<ele>762.19</ele>
	<time>1970-01-01T07:00:02.449Z</time>
</trkpt>
<trkpt lat="48.0958748" lon="7.1983600">
	<ele>761.88</ele>
	<time>1970-01-01T07:00:04.773Z</time>
</trkpt>
<trkpt lat="48.0957794" lon="7.1982708">
	<ele>761.54</ele>
	<time>1970-01-01T07:00:07.385Z</time>
</trkpt>
<trkpt lat="48.0953026" lon="7.1980429">
	<ele>761.68</ele>
	<time>1970-01-01T07:00:22.174Z</time>
</trkpt>
<trkpt lat="48.0952263" lon="7.1979718">
	<ele>761.35</ele>
	<time>1970-01-01T07:00:24.816Z</time>
</trkpt>
<trkpt lat="48.0951424" lon="7.1978960">
	<ele>761.57</ele>
	<time>1970-01-01T07:00:27.780Z</time>
</trkpt>
<trkpt lat="48.0949936" lon="7.1976571">
	<ele>761.83</ele>
	<time>1970-01-01T07:00:33.428Z</time>
</trkpt>
<trkpt lat="48.0948181" lon="7.1971869">
	<ele>762.34</ele>
	<time>1970-01-01T07:00:39.208Z</time>
</trkpt>
<trkpt lat="48.0946655" lon="7.1967449">
	<ele>760.67</ele>
	<time>1970-01-01T07:00:43.601Z</time>
</trkpt>
<trkpt lat="48.0944901" lon="7.1962109">
	<ele>761.28</ele>
	<time>1970-01-01T07:00:47.496Z</time>
</trkpt>
<trkpt lat="48.0943413" lon="7.1957541">
	<ele>760.44</ele>
	<time>1970-01-01T07:00:50.697Z</time>
</trkpt>
<trkpt lat="48.0941315" lon="7.1951661">
	<ele>760.12</ele>
	<time>1970-01-01T07:00:54.949Z</time>
</trkpt>
<trkpt lat="48.0940742" lon="7.1949272">
	<ele>759.84</ele>
	<time>1970-01-01T07:00:56.757Z</time>
</trkpt>
<trkpt lat="48.0940514" lon="7.1948018">
	<ele>758.73</ele>
	<time>1970-01-01T07:00:57.960Z</time>
</trkpt>
<trkpt lat="48.0940437" lon="7.1947131">
	<ele>758.23</ele>
	<time>1970-01-01T07:00:58.922Z</time>
</trkpt>
<trkpt lat="48.0940514" lon="7.1945219">
	<ele>758.65</ele>
	<time>1970-01-01T07:01:00.279Z</time>
</trkpt>
<trkpt lat="48.0940704" lon="7.1944180">
	<ele>759.20</ele>
	<time>1970-01-01T07:01:01.160Z</time>
</trkpt>
<trkpt lat="48.0941048" lon="7.1942892">
	<ele>760.40</ele>
	<time>1970-01-01T07:01:02.350Z</time>
</trkpt>
<trkpt lat="48.0941582" lon="7.1941690">
	<ele>761.94</ele>
	<time>1970-01-01T07:01:03.848Z</time>
</trkpt>
<trkpt lat="48.0942116" lon="7.1940889">
	<ele>762.64</ele>
	<time>1970-01-01T07:01:05.274Z</time>
</trkpt>
<trkpt lat="48.0942612" lon="7.1940322">
	<ele>762.99</ele>
	<time>1970-01-01T07:01:06.907Z</time>
</trkpt>
<trkpt lat="48.0942841" lon="7.1940060">
	<ele>763.17</ele>
	<time>1970-01-01T07:01:07.695Z</time>
</trkpt>
<trkpt lat="48.0943832" lon="7.1939430">
	<ele>763.95</ele>
	<time>1970-01-01T07:01:11.817Z</time>
</trkpt>
<trkpt lat="48.0946655" lon="7.1938171">
	<ele>767.85</ele>
	<time>1970-01-01T07:01:21.254Z</time>
</trkpt>
<trkpt lat="48.0952263" lon="7.1936102">
	<ele>771.09</ele>
	<time>1970-01-01T07:01:55.091Z</time>
</trkpt>
<trkpt lat="48.0953140" lon="7.1935821">
	<ele>771.45</ele>
	<time>1970-01-01T07:01:59.449Z</time>
</trkpt>
<trkpt lat="48.0954895" lon="7.1935568">
	<ele>772.18</ele>
	<time>1970-01-01T07:02:08.041Z</time>
</trkpt>
<trkpt lat="48.0956078" lon="7.1935711">
	<ele>772.78</ele>
	<time>1970-01-01T07:02:13.012Z</time>
</trkpt>
<trkpt lat="48.0956955" lon="7.1935940">
	<ele>773.47</ele>
	<time>1970-01-01T07:02:16.366Z</time>
</trkpt>
<trkpt lat="48.0959320" lon="7.1936879">
	<ele>775.64</ele>
	<time>1970-01-01T07:02:24.077Z</time>
</trkpt>
<trkpt lat="48.0965233" lon="7.1938758">
	<ele>779.13</ele>
	<time>1970-01-01T07:02:44.248Z</time>
</trkpt>
<trkpt lat="48.0966301" lon="7.1938901">
	<ele>779.72</ele>
	<time>1970-01-01T07:02:47.635Z</time>
</trkpt>
<trkpt lat="48.0966949" lon="7.1938982">
	<ele>780.11</ele>
	<time>1970-01-01T07:02:49.523Z</time>
</trkpt>
<trkpt lat="48.0967865" lon="7.1938939">
	<ele>781.02</ele>
	<time>1970-01-01T07:02:52.292Z</time>
</trkpt>
<trkpt lat="48.0969124" lon="7.1938672">
	<ele>782.15</ele>
	<time>1970-01-01T07:02:56.198Z</time>
</trkpt>
<trkpt lat="48.0970917" lon="7.1937609">
	<ele>782.01</ele>
	<time>1970-01-01T07:03:03.027Z</time>
</trkpt>
<trkpt lat="48.0972328" lon="7.1936841">
	<ele>781.37</ele>
	<time>1970-01-01T07:03:08.602Z</time>
</trkpt>
<trkpt lat="48.0974655" lon="7.1935940">
	<ele>780.37</ele>
	<time>1970-01-01T07:03:16.895Z</time>
</trkpt>
<trkpt lat="48.0976982" lon="7.1935148">
	<ele>779.37</ele>
	<time>1970-01-01T07:03:23.717Z</time>
</trkpt>
<trkpt lat="48.0979767" lon="7.1934500">
	<ele>779.39</ele>
	<time>1970-01-01T07:03:31.223Z</time>
</trkpt>
<trkpt lat="48.0980186" lon="7.1934419">
	<ele>779.35</ele>
	<time>1970-01-01T07:03:32.134Z</time>
</trkpt>
<trkpt lat="48.0981255" lon="7.1934209">
	<ele>778.95</ele>
	<time>1970-01-01T07:03:34.805Z</time>
</trkpt>
<trkpt lat="48.0982437" lon="7.1933970">
	<ele>778.16</ele>
	<time>1970-01-01T07:03:37.793Z</time>
</trkpt>
<trkpt lat="48.0984650" lon="7.1934052">
	<ele>777.47</ele>
	<time>1970-01-01T07:03:42.901Z</time>
</trkpt>
<trkpt lat="48.0992775" lon="7.1936202">
	<ele>776.03</ele>
	<time>1970-01-01T07:04:02.718Z</time>
</trkpt>
<trkpt lat="48.0997124" lon="7.1936879">
	<ele>774.43</ele>
	<time>1970-01-01T07:04:08.887Z</time>
</trkpt>
<trkpt lat="48.1000099" lon="7.1937408">
	<ele>774.06</ele>
	<time>1970-01-01T07:04:12.512Z</time>
</trkpt>
<trkpt lat="48.1002274" lon="7.1938009">
	<ele>772.95</ele>
	<time>1970-01-01T07:04:15.387Z</time>
</trkpt>
<trkpt lat="48.1004295" lon="7.1938591">
	<ele>772.12</ele>
	<time>1970-01-01T07:04:18.093Z</time>
</trkpt>
<trkpt lat="48.1005821" lon="7.1939211">
	<ele>771.85</ele>
	<time>1970-01-01T07:04:20.135Z</time>
</trkpt>
<trkpt lat="48.1008492" lon="7.1940331">
	<ele>771.43</ele>
	<time>1970-01-01T07:04:23.466Z</time>
</trkpt>
<trkpt lat="48.1010895" lon="7.1940780">
	<ele>770.30</ele>
	<time>1970-01-01T07:04:27.572Z</time>
</trkpt>
<trkpt lat="48.1013680" lon="7.1940398">
	<ele>768.35</ele>
	<time>1970-01-01T07:04:31.315Z</time>
</trkpt>
<trkpt lat="48.1015244" lon="7.1939621">
	<ele>768.55</ele>
	<time>1970-01-01T07:04:33.519Z</time>
</trkpt>
<trkpt lat="48.1016502" lon="7.1938720">
	<ele>769.21</ele>
	<time>1970-01-01T07:04:35.675Z</time>
</trkpt>
<trkpt lat="48.1019783" lon="7.1935520">
	<ele>769.04</ele>
	<time>1970-01-01T07:04:39.635Z</time>
</trkpt>
<trkpt lat="48.1020813" lon="7.1934338">
	<ele>768.76</ele>
	<time>1970-01-01T07:04:40.910Z</time>
</trkpt>
<trkpt lat="48.1020775" lon="7.1932588">
	<ele>770.37</ele>
	<time>1970-01-01T07:04:42.453Z</time>
</trkpt>
<trkpt lat="48.1020927" lon="7.1930342">
	<ele>770.54</ele>
	<time>1970-01-01T07:04:45.072Z</time>
</trkpt>
<trkpt lat="48.1020966" lon="7.1929560">
	<ele>770.06</ele>
	<time>1970-01-01T07:04:46.066Z</time>
</trkpt>
<trkpt lat="48.1021004" lon="7.1928482">
	<ele>769.22</ele>
	<time>1970-01-01T07:04:46.828Z</time>
</trkpt>
<trkpt lat="48.1020889" lon="7.1925402">
	<ele>768.43</ele>
	<time>1970-01-01T07:04:50.014Z</time>
</trkpt>
<trkpt lat="48.1020241" lon="7.1917658">
	<ele>769.75</ele>
	<time>1970-01-01T07:04:59.913Z</time>
</trkpt>
<trkpt lat="48.1020050" lon="7.1915240">
	<ele>770.72</ele>
	<time>1970-01-01T07:05:03.862Z</time>
</trkpt>
<trkpt lat="48.1020012" lon="7.1912899">
	<ele>771.15</ele>
	<time>1970-01-01T07:05:09.052Z</time>
</trkpt>
<trkpt lat="48.1020203" lon="7.1911502">
	<ele>771.15</ele>
	<time>1970-01-01T07:05:12.367Z</time>
</trkpt>
<trkpt lat="48.1021042" lon="7.1907630">
	<ele>770.10</ele>
	<time>1970-01-01T07:05:20.075Z</time>
</trkpt>
<trkpt lat="48.1022949" lon="7.1899400">
	<ele>771.30</ele>
	<time>1970-01-01T07:05:32.916Z</time>
</trkpt>
<trkpt lat="48.1023483" lon="7.1896830">
	<ele>772.52</ele>
	<time>1970-01-01T07:05:37.427Z</time>
</trkpt>
<trkpt lat="48.1024475" lon="7.1891141">
	<ele>773.16</ele>
	<time>1970-01-01T07:05:51.557Z</time>
</trkpt>
<trkpt lat="48.1024742" lon="7.1887870">
	<ele>772.86</ele>
	<time>1970-01-01T07:05:57.864Z</time>
</trkpt>
<trkpt lat="48.1025467" lon="7.1880870">
	<ele>772.05</ele>
	<time>1970-01-01T07:06:08.379Z</time>
</trkpt>
<trkpt lat="48.1026306" lon="7.1873469">
	<ele>772.77</ele>
	<time>1970-01-01T07:06:19.892Z</time>
</trkpt>
<trkpt lat="48.1026611" lon="7.1872129">
	<ele>773.17</ele>
	<time>1970-01-01T07:06:22.167Z</time>
</trkpt>
<trkpt lat="48.1026802" lon="7.1871562">
	<ele>773.28</ele>
	<time>1970-01-01T07:06:23.256Z</time>
</trkpt>
<trkpt lat="48.1027222" lon="7.1870618">
	<ele>773.44</ele>
	<time>1970-01-01T07:06:25.183Z</time>
</trkpt>
<trkpt lat="48.1028137" lon="7.1869431">
	<ele>773.91</ele>
	<time>1970-01-01T07:06:28.099Z</time>
</trkpt>
<trkpt lat="48.1029358" lon="7.1868801">
	<ele>774.50</ele>
	<time>1970-01-01T07:06:30.931Z</time>
</trkpt>
<trkpt lat="48.1031609" lon="7.1868281">
	<ele>774.75</ele>
	<time>1970-01-01T07:06:35.248Z</time>
</trkpt>
<trkpt lat="48.1031990" lon="7.1868219">
	<ele>774.73</ele>
	<time>1970-01-01T07:06:35.936Z</time>
</trkpt>
<trkpt lat="48.1032944" lon="7.1868062">
	<ele>774.69</ele>
	<time>1970-01-01T07:06:37.706Z</time>
</trkpt>
<trkpt lat="48.1033478" lon="7.1867909">
	<ele>774.73</ele>
	<time>1970-01-01T07:06:38.674Z</time>
</trkpt>
<trkpt lat="48.1033821" lon="7.1867709">
	<ele>774.77</ele>
	<time>1970-01-01T07:06:39.365Z</time>
</trkpt>
<trkpt lat="48.1034622" lon="7.1867161">
	<ele>774.82</ele>
	<time>1970-01-01T07:06:41.474Z</time>
</trkpt>
<trkpt lat="48.1035538" lon="7.1866102">
	<ele>774.72</ele>
	<time>1970-01-01T07:06:44.525Z</time>
</trkpt>
<trkpt lat="48.1035690" lon="7.1865530">
	<ele>774.52</ele>
	<time>1970-01-01T07:06:45.665Z</time>
</trkpt>
<trkpt lat="48.1035881" lon="7.1864438">
	<ele>774.09</ele>
	<time>1970-01-01T07:06:47.225Z</time>
</trkpt>
<trkpt lat="48.1035881" lon="7.1863189">
	<ele>773.85</ele>
	<time>1970-01-01T07:06:48.844Z</time>
</trkpt>
<trkpt lat="48.1035767" lon="7.1861830">
	<ele>773.77</ele>
	<time>1970-01-01T07:06:50.321Z</time>
</trkpt>
<trkpt lat="48.1034775" lon="7.1855950">
	<ele>772.17</ele>
	<time>1970-01-01T07:06:54.812Z</time>
</trkpt>
<trkpt lat="48.1034355" lon="7.1854048">
	<ele>771.86</ele>
	<time>1970-01-01T07:06:56.292Z</time>
</trkpt>
<trkpt lat="48.1033859" lon="7.1852360">
	<ele>772.27</ele>
	<time>1970-01-01T07:06:58.624Z</time>
</trkpt>
<trkpt lat="48.1032867" lon="7.1850019">
	<ele>772.52</ele>
	<time>1970-01-01T07:07:01.563Z</time>
</trkpt>
<trkpt lat="48.1032104" lon="7.1848621">
	<ele>772.24</ele>
	<time>1970-01-01T07:07:03.431Z</time>
</trkpt>
<trkpt lat="48.1029472" lon="7.1844730">
	<ele>771.15</ele>
	<time>1970-01-01T07:07:08.462Z</time>
</trkpt>
<trkpt lat="48.1028824" lon="7.1843429">
	<ele>771.21</ele>
	<time>1970-01-01T07:07:09.883Z</time>
</trkpt>
<trkpt lat="48.1028481" lon="7.1842260">
	<ele>771.75</ele>
	<time>1970-01-01T07:07:10.928Z</time>
</trkpt>
<trkpt lat="48.1028328" lon="7.1840782">
	<ele>771.91</ele>
	<time>1970-01-01T07:07:12.033Z</time>
</trkpt>
<trkpt lat="48.1028442" lon="7.1839519">
	<ele>771.67</ele>
	<time>1970-01-01T07:07:12.816Z</time>
</trkpt>
<trkpt lat="48.1028748" lon="7.1838298">
	<ele>770.64</ele>
	<time>1970-01-01T07:07:13.642Z</time>
</trkpt>
<trkpt lat="48.1029320" lon="7.1837292">
	<ele>769.46</ele>
	<time>1970-01-01T07:07:14.456Z</time>
</trkpt>
<trkpt lat="48.1030731" lon="7.1835661">
	<ele>768.46</ele>
	<time>1970-01-01T07:07:16.195Z</time>
</trkpt>
<trkpt lat="48.1031647" lon="7.1834779">
	<ele>768.18</ele>
	<time>1970-01-01T07:07:17.312Z</time>
</trkpt>
<trkpt lat="48.1032677" lon="7.1834049">
	<ele>767.98</ele>
	<time>1970-01-01T07:07:18.690Z</time>
</trkpt>
<trkpt lat="48.1033516" lon="7.1833568">
	<ele>767.59</ele>
	<time>1970-01-01T07:07:19.793Z</time>
</trkpt>
<trkpt lat="48.1034737" lon="7.1833110">
	<ele>766.81</ele>
	<time>1970-01-01T07:07:21.064Z</time>
</trkpt>
<trkpt lat="48.1035728" lon="7.1832871">
	<ele>766.07</ele>
	<time>1970-01-01T07:07:21.987Z</time>
</trkpt>
<trkpt lat="48.1036873" lon="7.1832871">
	<ele>765.62</ele>
	<time>1970-01-01T07:07:23.039Z</time>
</trkpt>
<trkpt lat="48.1038055" lon="7.1833029">
	<ele>765.15</ele>
	<time>1970-01-01T07:07:24.121Z</time>
</trkpt>
<trkpt lat="48.1039352" lon="7.1833448">
	<ele>764.82</ele>
	<time>1970-01-01T07:07:25.410Z</time>
</trkpt>
<trkpt lat="48.1040306" lon="7.1834002">
	<ele>764.71</ele>
	<time>1970-01-01T07:07:26.409Z</time>
</trkpt>
<trkpt lat="48.1041374" lon="7.1835022">
	<ele>763.23</ele>
	<time>1970-01-01T07:07:27.749Z</time>
</trkpt>
<trkpt lat="48.1042252" lon="7.1836081">
	<ele>761.35</ele>
	<time>1970-01-01T07:07:28.927Z</time>
</trkpt>
<trkpt lat="48.1042900" lon="7.1837158">
	<ele>761.12</ele>
	<time>1970-01-01T07:07:29.875Z</time>
</trkpt>
<trkpt lat="48.1045494" lon="7.1841822">
	<ele>757.46</ele>
	<time>1970-01-01T07:07:33.754Z</time>
</trkpt>
<trkpt lat="48.1046333" lon="7.1842842">
	<ele>757.03</ele>
	<time>1970-01-01T07:07:34.881Z</time>
</trkpt>
<trkpt lat="48.1047363" lon="7.1843801">
	<ele>756.80</ele>
	<time>1970-01-01T07:07:36.077Z</time>
</trkpt>
<trkpt lat="48.1048203" lon="7.1844411">
	<ele>757.01</ele>
	<time>1970-01-01T07:07:37.008Z</time>
</trkpt>
<trkpt lat="48.1049461" lon="7.1844921">
	<ele>757.20</ele>
	<time>1970-01-01T07:07:38.205Z</time>
</trkpt>
<trkpt lat="48.1050568" lon="7.1845241">
	<ele>757.04</ele>
	<time>1970-01-01T07:07:39.347Z</time>
</trkpt>
<trkpt lat="48.1051674" lon="7.1845412">
	<ele>756.61</ele>
	<time>1970-01-01T07:07:40.421Z</time>
</trkpt>
<trkpt lat="48.1057091" lon="7.1845369">
	<ele>752.11</ele>
	<time>1970-01-01T07:07:45.221Z</time>
</trkpt>
<trkpt lat="48.1059151" lon="7.1845131">
	<ele>750.81</ele>
	<time>1970-01-01T07:07:47.181Z</time>
</trkpt>
<trkpt lat="48.1060066" lon="7.1844802">
	<ele>750.25</ele>
	<time>1970-01-01T07:07:48.129Z</time>
</trkpt>
<trkpt lat="48.1060982" lon="7.1844201">
	<ele>749.60</ele>
	<time>1970-01-01T07:07:49.217Z</time>
</trkpt>
<trkpt lat="48.1061516" lon="7.1843500">
	<ele>749.16</ele>
	<time>1970-01-01T07:07:49.950Z</time>
</trkpt>
<trkpt lat="48.1062202" lon="7.1842322">
	<ele>748.72</ele>
	<time>1970-01-01T07:07:50.956Z</time>
</trkpt>
<trkpt lat="48.1062393" lon="7.1841888">
	<ele>748.49</ele>
	<time>1970-01-01T07:07:51.283Z</time>
</trkpt>
<trkpt lat="48.1062698" lon="7.1841102">
	<ele>748.00</ele>
	<time>1970-01-01T07:07:51.843Z</time>
</trkpt>
<trkpt lat="48.1063042" lon="7.1839881">
	<ele>747.26</ele>
	<time>1970-01-01T07:07:52.644Z</time>
</trkpt>
<trkpt lat="48.1063042" lon="7.1838288">
	<ele>746.11</ele>
	<time>1970-01-01T07:07:53.603Z</time>
</trkpt>
<trkpt lat="48.1062508" lon="7.1833162">
	<ele>744.91</ele>
	<time>1970-01-01T07:07:56.723Z</time>
</trkpt>
<trkpt lat="48.1062546" lon="7.1831322">
	<ele>745.03</ele>
	<time>1970-01-01T07:07:57.843Z</time>
</trkpt>
<trkpt lat="48.1062813" lon="7.1829882">
	<ele>744.41</ele>
	<time>1970-01-01T07:07:58.723Z</time>
</trkpt>
<trkpt lat="48.1063271" lon="7.1828489">
	<ele>742.31</ele>
	<time>1970-01-01T07:07:59.683Z</time>
</trkpt>
<trkpt lat="48.1063957" lon="7.1827111">
	<ele>741.45</ele>
	<time>1970-01-01T07:08:00.723Z</time>
</trkpt>
<trkpt lat="48.1064529" lon="7.1826291">
	<ele>741.89</ele>
	<time>1970-01-01T07:08:01.443Z</time>
</trkpt>
<trkpt lat="48.1065407" lon="7.1825371">
	<ele>741.24</ele>
	<time>1970-01-01T07:08:02.403Z</time>
</trkpt>
<trkpt lat="48.1066208" lon="7.1824918">
	<ele>739.95</ele>
	<time>1970-01-01T07:08:03.123Z</time>
</trkpt>
<trkpt lat="48.1067085" lon="7.1824632">
	<ele>738.97</ele>
	<time>1970-01-01T07:08:03.923Z</time>
</trkpt>
<trkpt lat="48.1068001" lon="7.1824579">
	<ele>738.58</ele>
	<time>1970-01-01T07:08:04.723Z</time>
</trkpt>
<trkpt lat="48.1073036" lon="7.1825671">
	<ele>737.15</ele>
	<time>1970-01-01T07:08:09.284Z</time>
</trkpt>
<trkpt lat="48.1078873" lon="7.1826978">
	<ele>734.02</ele>
	<time>1970-01-01T07:08:14.596Z</time>
</trkpt>
<trkpt lat="48.1084862" lon="7.1828132">
	<ele>730.73</ele>
	<time>1970-01-01T07:08:21.927Z</time>
</trkpt>
<trkpt lat="48.1085701" lon="7.1828108">
	<ele>730.43</ele>
	<time>1970-01-01T07:08:23.239Z</time>
</trkpt>
<trkpt lat="48.1086349" lon="7.1827798">
	<ele>730.08</ele>
	<time>1970-01-01T07:08:23.977Z</time>
</trkpt>
<trkpt lat="48.1086922" lon="7.1827321">
	<ele>729.79</ele>
	<time>1970-01-01T07:08:24.669Z</time>
</trkpt>
<trkpt lat="48.1087418" lon="7.1826491">
	<ele>729.31</ele>
	<time>1970-01-01T07:08:25.483Z</time>
</trkpt>
<trkpt lat="48.1087799" lon="7.1825480">
	<ele>728.78</ele>
	<time>1970-01-01T07:08:26.390Z</time>
</trkpt>
<trkpt lat="48.1087952" lon="7.1824670">
	<ele>728.42</ele>
	<time>1970-01-01T07:08:27.013Z</time>
</trkpt>
<trkpt lat="48.1088028" lon="7.1823668">
	<ele>728.04</ele>
	<time>1970-01-01T07:08:27.826Z</time>
</trkpt>
<trkpt lat="48.1087875" lon="7.1822472">
	<ele>727.45</ele>
	<time>1970-01-01T07:08:28.954Z</time>
</trkpt>
<trkpt lat="48.1086426" lon="7.1816831">
	<ele>726.84</ele>
	<time>1970-01-01T07:08:33.649Z</time>
</trkpt>
<trkpt lat="48.1084518" lon="7.1810141">
	<ele>725.60</ele>
	<time>1970-01-01T07:08:39.327Z</time>
</trkpt>
<trkpt lat="48.1082954" lon="7.1804881">
	<ele>721.63</ele>
	<time>1970-01-01T07:08:47.739Z</time>
</trkpt>
<trkpt lat="48.1082573" lon="7.1803899">
	<ele>720.48</ele>
	<time>1970-01-01T07:08:49.468Z</time>
</trkpt>
<trkpt lat="48.1082077" lon="7.1802840">
	<ele>720.44</ele>
	<time>1970-01-01T07:08:51.581Z</time>
</trkpt>
<trkpt lat="48.1080551" lon="7.1800852">
	<ele>720.68</ele>
	<time>1970-01-01T07:08:54.028Z</time>
</trkpt>
<trkpt lat="48.1073418" lon="7.1793580">
	<ele>715.39</ele>
	<time>1970-01-01T07:09:01.708Z</time>
</trkpt>
<trkpt lat="48.1072273" lon="7.1792078">
	<ele>714.56</ele>
	<time>1970-01-01T07:09:03.068Z</time>
</trkpt>
<trkpt lat="48.1071892" lon="7.1791110">
	<ele>714.65</ele>
	<time>1970-01-01T07:09:03.788Z</time>
</trkpt>
<trkpt lat="48.1071472" lon="7.1789889">
	<ele>714.73</ele>
	<time>1970-01-01T07:09:04.588Z</time>
</trkpt>
<trkpt lat="48.1071243" lon="7.1788802">
	<ele>714.74</ele>
	<time>1970-01-01T07:09:05.308Z</time>
</trkpt>
<trkpt lat="48.1071053" lon="7.1786652">
	<ele>713.49</ele>
	<time>1970-01-01T07:09:06.588Z</time>
</trkpt>
<trkpt lat="48.1070976" lon="7.1783171">
	<ele>711.50</ele>
	<time>1970-01-01T07:09:08.668Z</time>
</trkpt>
<trkpt lat="48.1071510" lon="7.1776419">
	<ele>707.30</ele>
	<time>1970-01-01T07:09:12.748Z</time>
</trkpt>
<trkpt lat="48.1072197" lon="7.1773672">
	<ele>707.62</ele>
	<time>1970-01-01T07:09:14.508Z</time>
</trkpt>
<trkpt lat="48.1075134" lon="7.1765671">
	<ele>703.69</ele>
	<time>1970-01-01T07:09:22.718Z</time>
</trkpt>
<trkpt lat="48.1076736" lon="7.1760888">
	<ele>701.81</ele>
	<time>1970-01-01T07:09:26.815Z</time>
</trkpt>
<trkpt lat="48.1079865" lon="7.1749229">
	<ele>697.14</ele>
	<time>1970-01-01T07:09:34.335Z</time>
</trkpt>
<trkpt lat="48.1080360" lon="7.1748009">
	<ele>698.31</ele>
	<time>1970-01-01T07:09:35.215Z</time>
</trkpt>
<trkpt lat="48.1081276" lon="7.1746578">
	<ele>698.17</ele>
	<time>1970-01-01T07:09:36.415Z</time>
</trkpt>
<trkpt lat="48.1081848" lon="7.1746082">
	<ele>697.77</ele>
	<time>1970-01-01T07:09:37.055Z</time>
</trkpt>
<trkpt lat="48.1082611" lon="7.1745591">
	<ele>697.52</ele>
	<time>1970-01-01T07:09:37.822Z</time>
</trkpt>
<trkpt lat="48.1087532" lon="7.1743259">
	<ele>694.57</ele>
	<time>1970-01-01T07:09:45.934Z</time>
</trkpt>
<trkpt lat="48.1089020" lon="7.1742358">
	<ele>694.35</ele>
	<time>1970-01-01T07:09:48.627Z</time>
</trkpt>
<trkpt lat="48.1090584" lon="7.1741171">
	<ele>693.39</ele>
	<time>1970-01-01T07:09:50.961Z</time>
</trkpt>
<trkpt lat="48.1094208" lon="7.1737771">
	<ele>690.24</ele>
	<time>1970-01-01T07:09:54.801Z</time>
</trkpt>
<trkpt lat="48.1095123" lon="7.1737108">
	<ele>689.87</ele>
	<time>1970-01-01T07:09:55.681Z</time>
</trkpt>
<trkpt lat="48.1096458" lon="7.1736670">
	<ele>688.98</ele>
	<time>1970-01-01T07:09:56.881Z</time>
</trkpt>
<trkpt lat="48.1097107" lon="7.1736560">
	<ele>688.44</ele>
	<time>1970-01-01T07:09:57.441Z</time>
</trkpt>
<trkpt lat="48.1100235" lon="7.1736522">
	<ele>686.15</ele>
	<time>1970-01-01T07:10:00.241Z</time>
</trkpt>
<trkpt lat="48.1101799" lon="7.1736178">
	<ele>685.11</ele>
	<time>1970-01-01T07:10:01.697Z</time>
</trkpt>
<trkpt lat="48.1102715" lon="7.1735778">
	<ele>684.07</ele>
	<time>1970-01-01T07:10:02.497Z</time>
</trkpt>
<trkpt lat="48.1109505" lon="7.1733360">
	<ele>680.50</ele>
	<time>1970-01-01T07:10:08.737Z</time>
</trkpt>
<trkpt lat="48.1110992" lon="7.1733208">
	<ele>678.77</ele>
	<time>1970-01-01T07:10:10.017Z</time>
</trkpt>
<trkpt lat="48.1112289" lon="7.1733508">
	<ele>678.72</ele>
	<time>1970-01-01T07:10:11.137Z</time>
</trkpt>
<trkpt lat="48.1116524" lon="7.1735258">
	<ele>676.35</ele>
	<time>1970-01-01T07:10:15.527Z</time>
</trkpt>
<trkpt lat="48.1126022" lon="7.1739101">
	<ele>674.54</ele>
	<time>1970-01-01T07:10:27.992Z</time>
</trkpt>
<trkpt lat="48.1126518" lon="7.1739111">
	<ele>674.76</ele>
	<time>1970-01-01T07:10:28.649Z</time>
</trkpt>
<trkpt lat="48.1127014" lon="7.1739011">
	<ele>674.65</ele>
	<time>1970-01-01T07:10:29.106Z</time>
</trkpt>
<trkpt lat="48.1127396" lon="7.1738710">
	<ele>674.06</ele>
	<time>1970-01-01T07:10:29.506Z</time>
</trkpt>
<trkpt lat="48.1127739" lon="7.1738172">
	<ele>673.15</ele>
	<time>1970-01-01T07:10:29.986Z</time>
</trkpt>
<trkpt lat="48.1128006" lon="7.1737218">
	<ele>672.08</ele>
	<time>1970-01-01T07:10:30.626Z</time>
</trkpt>
<trkpt lat="48.1128120" lon="7.1736379">
	<ele>671.39</ele>
	<time>1970-01-01T07:10:31.106Z</time>
</trkpt>
<trkpt lat="48.1128006" lon="7.1735458">
	<ele>671.26</ele>
	<time>1970-01-01T07:10:31.666Z</time>
</trkpt>
<trkpt lat="48.1127701" lon="7.1734681">
	<ele>671.76</ele>
	<time>1970-01-01T07:10:32.226Z</time>
</trkpt>
<trkpt lat="48.1127205" lon="7.1733918">
	<ele>672.03</ele>
	<time>1970-01-01T07:10:32.866Z</time>
</trkpt>
<trkpt lat="48.1126251" lon="7.1733379">
	<ele>671.22</ele>
	<time>1970-01-01T07:10:33.746Z</time>
</trkpt>
<trkpt lat="48.1110535" lon="7.1726499">
	<ele>661.28</ele>
	<time>1970-01-01T07:10:48.306Z</time>
</trkpt>
<trkpt lat="48.1108818" lon="7.1725850">
	<ele>659.93</ele>
	<time>1970-01-01T07:10:50.045Z</time>
</trkpt>
<trkpt lat="48.1106033" lon="7.1725569">
	<ele>658.08</ele>
	<time>1970-01-01T07:10:52.525Z</time>
</trkpt>
<trkpt lat="48.1102638" lon="7.1725702">
	<ele>656.05</ele>
	<time>1970-01-01T07:10:55.565Z</time>
</trkpt>
<trkpt lat="48.1099205" lon="7.1725550">
	<ele>651.18</ele>
	<time>1970-01-01T07:10:58.605Z</time>
</trkpt>
<trkpt lat="48.1096535" lon="7.1725760">
	<ele>649.88</ele>
	<time>1970-01-01T07:11:01.005Z</time>
</trkpt>
<trkpt lat="48.1086807" lon="7.1728601">
	<ele>645.34</ele>
	<time>1970-01-01T07:11:09.805Z</time>
</trkpt>
<trkpt lat="48.1082191" lon="7.1730080">
	<ele>640.70</ele>
	<time>1970-01-01T07:11:14.468Z</time>
</trkpt>
<trkpt lat="48.1080513" lon="7.1730428">
	<ele>639.52</ele>
	<time>1970-01-01T07:11:16.109Z</time>
</trkpt>
<trkpt lat="48.1074219" lon="7.1730409">
	<ele>635.26</ele>
	<time>1970-01-01T07:11:21.709Z</time>
</trkpt>
<trkpt lat="48.1073570" lon="7.1730518">
	<ele>635.44</ele>
	<time>1970-01-01T07:11:22.269Z</time>
</trkpt>
<trkpt lat="48.1072884" lon="7.1730819">
	<ele>635.80</ele>
	<time>1970-01-01T07:11:22.909Z</time>
</trkpt>
<trkpt lat="48.1072311" lon="7.1731210">
	<ele>635.71</ele>
	<time>1970-01-01T07:11:23.469Z</time>
</trkpt>
<trkpt lat="48.1071548" lon="7.1731939">
	<ele>634.66</ele>
	<time>1970-01-01T07:11:24.269Z</time>
</trkpt>
<trkpt lat="48.1071053" lon="7.1732702">
	<ele>633.98</ele>
	<time>1970-01-01T07:11:24.909Z</time>
</trkpt>
<trkpt lat="48.1070366" lon="7.1734042">
	<ele>633.28</ele>
	<time>1970-01-01T07:11:25.975Z</time>
</trkpt>
<trkpt lat="48.1067963" lon="7.1741261">
	<ele>630.74</ele>
	<time>1970-01-01T07:11:32.248Z</time>
</trkpt>
<trkpt lat="48.1067314" lon="7.1743021">
	<ele>630.57</ele>
	<time>1970-01-01T07:11:33.949Z</time>
</trkpt>
<trkpt lat="48.1066628" lon="7.1744061">
	<ele>628.66</ele>
	<time>1970-01-01T07:11:35.042Z</time>
</trkpt>
<trkpt lat="48.1066170" lon="7.1744599">
	<ele>627.96</ele>
	<time>1970-01-01T07:11:36.067Z</time>
</trkpt>
<trkpt lat="48.1065521" lon="7.1744952">
	<ele>627.33</ele>
	<time>1970-01-01T07:11:37.833Z</time>
</trkpt>
<trkpt lat="48.1064987" lon="7.1744990">
	<ele>627.20</ele>
	<time>1970-01-01T07:11:39.849Z</time>
</trkpt>
<trkpt lat="48.1064415" lon="7.1744862">
	<ele>627.52</ele>
	<time>1970-01-01T07:11:41.285Z</time>
</trkpt>
<trkpt lat="48.1063805" lon="7.1744499">
	<ele>628.15</ele>
	<time>1970-01-01T07:11:43.023Z</time>
</trkpt>
<trkpt lat="48.1063385" lon="7.1744061">
	<ele>628.34</ele>
	<time>1970-01-01T07:11:44.577Z</time>
</trkpt>
<trkpt lat="48.1063232" lon="7.1743898">
	<ele>628.36</ele>
	<time>1970-01-01T07:11:45.086Z</time>
</trkpt>
<trkpt lat="48.1062737" lon="7.1742892">
	<ele>627.44</ele>
	<time>1970-01-01T07:11:47.047Z</time>
</trkpt>
<trkpt lat="48.1062469" lon="7.1741781">
	<ele>626.34</ele>
	<time>1970-01-01T07:11:50.034Z</time>
</trkpt>
<trkpt lat="48.1062050" lon="7.1737309">
	<ele>626.03</ele>
	<time>1970-01-01T07:11:53.200Z</time>
</trkpt>
<trkpt lat="48.1061783" lon="7.1734061">
	<ele>623.45</ele>
	<time>1970-01-01T07:11:55.120Z</time>
</trkpt>
<trkpt lat="48.1061592" lon="7.1733041">
	<ele>622.81</ele>
	<time>1970-01-01T07:11:55.760Z</time>
</trkpt>
<trkpt lat="48.1061211" lon="7.1732011">
	<ele>623.54</ele>
	<time>1970-01-01T07:11:56.480Z</time>
</trkpt>
<trkpt lat="48.1060791" lon="7.1731372">
	<ele>624.08</ele>
	<time>1970-01-01T07:11:57.040Z</time>
</trkpt>
<trkpt lat="48.1060333" lon="7.1731019">
	<ele>624.11</ele>
	<time>1970-01-01T07:11:57.520Z</time>
</trkpt>
<trkpt lat="48.1053352" lon="7.1728840">
	<ele>618.96</ele>
	<time>1970-01-01T07:12:03.840Z</time>
</trkpt>
<trkpt lat="48.1052399" lon="7.1728439">
	<ele>619.17</ele>
	<time>1970-01-01T07:12:04.783Z</time>
</trkpt>
<trkpt lat="48.1051674" lon="7.1728001">
	<ele>618.70</ele>
	<time>1970-01-01T07:12:05.563Z</time>
</trkpt>
<trkpt lat="48.1050949" lon="7.1727452">
	<ele>617.98</ele>
	<time>1970-01-01T07:12:06.302Z</time>
</trkpt>
<trkpt lat="48.1049728" lon="7.1726160">
	<ele>617.02</ele>
	<time>1970-01-01T07:12:07.662Z</time>
</trkpt>
<trkpt lat="48.1047134" lon="7.1722550">
	<ele>614.75</ele>
	<time>1970-01-01T07:12:10.782Z</time>
</trkpt>
<trkpt lat="48.1042557" lon="7.1715412">
	<ele>612.77</ele>
	<time>1970-01-01T07:12:16.702Z</time>
</trkpt>
<trkpt lat="48.1042328" lon="7.1714878">
	<ele>612.26</ele>
	<time>1970-01-01T07:12:17.154Z</time>
</trkpt>
<trkpt lat="48.1042175" lon="7.1714230">
	<ele>611.52</ele>
	<time>1970-01-01T07:12:17.586Z</time>
</trkpt>
<trkpt lat="48.1042175" lon="7.1713252">
	<ele>610.75</ele>
	<time>1970-01-01T07:12:18.153Z</time>
</trkpt>
<trkpt lat="48.1042328" lon="7.1712670">
	<ele>610.63</ele>
	<time>1970-01-01T07:12:18.553Z</time>
</trkpt>
<trkpt lat="48.1042404" lon="7.1712289">
	<ele>610.68</ele>
	<time>1970-01-01T07:12:18.793Z</time>
</trkpt>
<trkpt lat="48.1042671" lon="7.1711879">
	<ele>610.72</ele>
	<time>1970-01-01T07:12:19.113Z</time>
</trkpt>
<trkpt lat="48.1043587" lon="7.1711292">
	<ele>610.61</ele>
	<time>1970-01-01T07:12:19.993Z</time>
</trkpt>
<trkpt lat="48.1044235" lon="7.1711388">
	<ele>610.27</ele>
	<time>1970-01-01T07:12:20.576Z</time>
</trkpt>
<trkpt lat="48.1044579" lon="7.1711559">
	<ele>609.84</ele>
	<time>1970-01-01T07:12:20.917Z</time>
</trkpt>
<trkpt lat="48.1044922" lon="7.1711931">
	<ele>608.96</ele>
	<time>1970-01-01T07:12:21.367Z</time>
</trkpt>
<trkpt lat="48.1045532" lon="7.1713161">
	<ele>606.42</ele>
	<time>1970-01-01T07:12:22.357Z</time>
</trkpt>
<trkpt lat="48.1047173" lon="7.1717448">
	<ele>608.81</ele>
	<time>1970-01-01T07:12:25.429Z</time>
</trkpt>
<trkpt lat="48.1047783" lon="7.1718512">
	<ele>607.96</ele>
	<time>1970-01-01T07:12:26.420Z</time>
</trkpt>
<trkpt lat="48.1048508" lon="7.1719489">
	<ele>606.71</ele>
	<time>1970-01-01T07:12:27.555Z</time>
</trkpt>
<trkpt lat="48.1049538" lon="7.1720629">
	<ele>605.32</ele>
	<time>1970-01-01T07:12:28.949Z</time>
</trkpt>
<trkpt lat="48.1050720" lon="7.1721468">
	<ele>604.56</ele>
	<time>1970-01-01T07:12:30.262Z</time>
</trkpt>
<trkpt lat="48.1052170" lon="7.1722269">
	<ele>604.72</ele>
	<time>1970-01-01T07:12:31.743Z</time>
</trkpt>
<trkpt lat="48.1054764" lon="7.1723232">
	<ele>602.11</ele>
	<time>1970-01-01T07:12:34.063Z</time>
</trkpt>
<trkpt lat="48.1057587" lon="7.1723642">
	<ele>599.36</ele>
	<time>1970-01-01T07:12:36.623Z</time>
</trkpt>
<trkpt lat="48.1058693" lon="7.1723599">
	<ele>598.51</ele>
	<time>1970-01-01T07:12:37.583Z</time>
</trkpt>
<trkpt lat="48.1059723" lon="7.1723490">
	<ele>597.88</ele>
	<time>1970-01-01T07:12:38.463Z</time>
</trkpt>
<trkpt lat="48.1061745" lon="7.1722922">
	<ele>596.69</ele>
	<time>1970-01-01T07:12:40.303Z</time>
</trkpt>
<trkpt lat="48.1062813" lon="7.1722498">
	<ele>596.34</ele>
	<time>1970-01-01T07:12:41.263Z</time>
</trkpt>
<trkpt lat="48.1064224" lon="7.1721592">
	<ele>594.91</ele>
	<time>1970-01-01T07:12:42.623Z</time>
</trkpt>
<trkpt lat="48.1064644" lon="7.1721230">
	<ele>594.11</ele>
	<time>1970-01-01T07:12:43.103Z</time>
</trkpt>
<trkpt lat="48.1064873" lon="7.1721048">
	<ele>593.74</ele>
	<time>1970-01-01T07:12:43.343Z</time>
</trkpt>
<trkpt lat="48.1066055" lon="7.1719928">
	<ele>592.89</ele>
	<time>1970-01-01T07:12:44.543Z</time>
</trkpt>
<trkpt lat="48.1067696" lon="7.1717901">
	<ele>591.96</ele>
	<time>1970-01-01T07:12:46.463Z</time>
</trkpt>
<trkpt lat="48.1068954" lon="7.1716051">
	<ele>590.38</ele>
	<time>1970-01-01T07:12:48.063Z</time>
</trkpt>
<trkpt lat="48.1070480" lon="7.1713748">
	<ele>589.53</ele>
	<time>1970-01-01T07:12:50.002Z</time>
</trkpt>
<trkpt lat="48.1071663" lon="7.1712170">
	<ele>588.27</ele>
	<time>1970-01-01T07:12:51.507Z</time>
</trkpt>
<trkpt lat="48.1073456" lon="7.1710510">
	<ele>586.95</ele>
	<time>1970-01-01T07:12:53.347Z</time>
</trkpt>
<trkpt lat="48.1074638" lon="7.1709580">
	<ele>586.07</ele>
	<time>1970-01-01T07:12:54.547Z</time>
</trkpt>
<trkpt lat="48.1084747" lon="7.1703019">
	<ele>578.43</ele>
	<time>1970-01-01T07:13:04.387Z</time>
</trkpt>
<trkpt lat="48.1087494" lon="7.1701250">
	<ele>576.32</ele>
	<time>1970-01-01T07:13:07.027Z</time>
</trkpt>
<trkpt lat="48.1088219" lon="7.1700768">
	<ele>575.84</ele>
	<time>1970-01-01T07:13:07.747Z</time>
</trkpt>
<trkpt lat="48.1091461" lon="7.1698689">
	<ele>572.89</ele>
	<time>1970-01-01T07:13:10.867Z</time>
</trkpt>
<trkpt lat="48.1093864" lon="7.1697240">
	<ele>571.44</ele>
	<time>1970-01-01T07:13:13.187Z</time>
</trkpt>
<trkpt lat="48.1097679" lon="7.1695108">
	<ele>568.17</ele>
	<time>1970-01-01T07:13:16.867Z</time>
</trkpt>
<trkpt lat="48.1097946" lon="7.1694961">
	<ele>568.09</ele>
	<time>1970-01-01T07:13:17.117Z</time>
</trkpt>
<trkpt lat="48.1098480" lon="7.1694722">
	<ele>567.89</ele>
	<time>1970-01-01T07:13:17.612Z</time>
</trkpt>
<trkpt lat="48.1102791" lon="7.1693339">
	<ele>565.80</ele>
	<time>1970-01-01T07:13:21.532Z</time>
</trkpt>
<trkpt lat="48.1105385" lon="7.1692300">
	<ele>562.89</ele>
	<time>1970-01-01T07:13:23.932Z</time>
</trkpt>
<trkpt lat="48.1107445" lon="7.1691079">
	<ele>561.92</ele>
	<time>1970-01-01T07:13:25.852Z</time>
</trkpt>
<trkpt lat="48.1109505" lon="7.1689019">
	<ele>561.31</ele>
	<time>1970-01-01T07:13:28.092Z</time>
</trkpt>
<trkpt lat="48.1112289" lon="7.1685681">
	<ele>557.27</ele>
	<time>1970-01-01T07:13:31.292Z</time>
</trkpt>
<trkpt lat="48.1117706" lon="7.1679058">
	<ele>554.30</ele>
	<time>1970-01-01T07:13:37.532Z</time>
</trkpt>
<trkpt lat="48.1121140" lon="7.1675010">
	<ele>551.09</ele>
	<time>1970-01-01T07:13:41.452Z</time>
</trkpt>
<trkpt lat="48.1122589" lon="7.1673622">
	<ele>549.67</ele>
	<time>1970-01-01T07:13:42.972Z</time>
</trkpt>
<trkpt lat="48.1124573" lon="7.1672168">
	<ele>549.13</ele>
	<time>1970-01-01T07:13:45.034Z</time>
</trkpt>
<trkpt lat="48.1126022" lon="7.1671538">
	<ele>547.61</ele>
	<time>1970-01-01T07:13:46.480Z</time>
</trkpt>
<trkpt lat="48.1127625" lon="7.1671152">
	<ele>546.07</ele>
	<time>1970-01-01T07:13:48.031Z</time>
</trkpt>
<trkpt lat="48.1128693" lon="7.1671038">
	<ele>545.63</ele>
	<time>1970-01-01T07:13:49.099Z</time>
</trkpt>
<trkpt lat="48.1129990" lon="7.1671128">
	<ele>545.28</ele>
	<time>1970-01-01T07:13:50.293Z</time>
</trkpt>
<trkpt lat="48.1131287" lon="7.1671448">
	<ele>544.87</ele>
	<time>1970-01-01T07:13:51.536Z</time>
</trkpt>
<trkpt lat="48.1133003" lon="7.1672068">
	<ele>543.97</ele>
	<time>1970-01-01T07:13:53.136Z</time>
</trkpt>
<trkpt lat="48.1134186" lon="7.1672702">
	<ele>544.49</ele>
	<time>1970-01-01T07:13:54.256Z</time>
</trkpt>
<trkpt lat="48.1135597" lon="7.1673789">
	<ele>544.68</ele>
	<time>1970-01-01T07:13:55.696Z</time>
</trkpt>
<trkpt lat="48.1140175" lon="7.1677899">
	<ele>539.16</ele>
	<time>1970-01-01T07:14:00.416Z</time>
</trkpt>
<trkpt lat="48.1141930" lon="7.1678958">
	<ele>537.93</ele>
	<time>1970-01-01T07:14:02.096Z</time>
</trkpt>
<trkpt lat="48.1146278" lon="7.1680999">
	<ele>532.97</ele>
	<time>1970-01-01T07:14:06.176Z</time>
</trkpt>
<trkpt lat="48.1150894" lon="7.1682372">
	<ele>529.99</ele>
	<time>1970-01-01T07:14:10.336Z</time>
</trkpt>
<trkpt lat="48.1152420" lon="7.1682920">
	<ele>529.39</ele>
	<time>1970-01-01T07:14:11.776Z</time>
</trkpt>
<trkpt lat="48.1153145" lon="7.1683230">
	<ele>528.94</ele>
	<time>1970-01-01T07:14:12.416Z</time>
</trkpt>
<trkpt lat="48.1153793" lon="7.1683559">
	<ele>528.57</ele>
	<time>1970-01-01T07:14:13.056Z</time>
</trkpt>
<trkpt lat="48.1155586" lon="7.1683760">
	<ele>527.87</ele>
	<time>1970-01-01T07:14:14.656Z</time>
</trkpt>
<trkpt lat="48.1157608" lon="7.1683450">
	<ele>526.56</ele>
	<time>1970-01-01T07:14:16.496Z</time>
</trkpt>
<trkpt lat="48.1159134" lon="7.1682959">
	<ele>525.37</ele>
	<time>1970-01-01T07:14:17.856Z</time>
</trkpt>
<trkpt lat="48.1159935" lon="7.1682792">
	<ele>524.45</ele>
	<time>1970-01-01T07:14:18.576Z</time>
</trkpt>
<trkpt lat="48.1166077" lon="7.1681080">
	<ele>521.38</ele>
	<time>1970-01-01T07:14:24.176Z</time>
</trkpt>
<trkpt lat="48.1168404" lon="7.1679778">
	<ele>520.11</ele>
	<time>1970-01-01T07:14:26.580Z</time>
</trkpt>
<trkpt lat="48.1174583" lon="7.1673942">
	<ele>517.77</ele>
	<time>1970-01-01T07:14:33.140Z</time>
</trkpt>
<trkpt lat="48.1177711" lon="7.1671028">
	<ele>517.55</ele>
	<time>1970-01-01T07:14:36.814Z</time>
</trkpt>
<trkpt lat="48.1180077" lon="7.1667709">
	<ele>516.19</ele>
	<time>1970-01-01T07:14:40.212Z</time>
</trkpt>
<trkpt lat="48.1180725" lon="7.1666970">
	<ele>515.72</ele>
	<time>1970-01-01T07:14:41.072Z</time>
</trkpt>
<trkpt lat="48.1181641" lon="7.1666098">
	<ele>515.87</ele>
	<time>1970-01-01T07:14:42.184Z</time>
</trkpt>
<trkpt lat="48.1184349" lon="7.1664152">
	<ele>514.52</ele>
	<time>1970-01-01T07:14:44.824Z</time>
</trkpt>
<trkpt lat="48.1186867" lon="7.1661401">
	<ele>511.80</ele>
	<time>1970-01-01T07:14:47.624Z</time>
</trkpt>
<trkpt lat="48.1189995" lon="7.1658340">
	<ele>508.48</ele>
	<time>1970-01-01T07:14:50.984Z</time>
</trkpt>
<trkpt lat="48.1192093" lon="7.1657252">
	<ele>506.99</ele>
	<time>1970-01-01T07:14:52.984Z</time>
</trkpt>
<trkpt lat="48.1193352" lon="7.1656861">
	<ele>505.45</ele>
	<time>1970-01-01T07:14:54.104Z</time>
</trkpt>
<trkpt lat="48.1195679" lon="7.1656590">
	<ele>503.24</ele>
	<time>1970-01-01T07:14:56.184Z</time>
</trkpt>
<trkpt lat="48.1197968" lon="7.1656981">
	<ele>501.55</ele>
	<time>1970-01-01T07:14:58.264Z</time>
</trkpt>
<trkpt lat="48.1203613" lon="7.1658392">
	<ele>498.58</ele>
	<time>1970-01-01T07:15:03.384Z</time>
</trkpt>
<trkpt lat="48.1204796" lon="7.1658392">
	<ele>498.15</ele>
	<time>1970-01-01T07:15:04.424Z</time>
</trkpt>
<trkpt lat="48.1205788" lon="7.1658258">
	<ele>497.94</ele>
	<time>1970-01-01T07:15:05.304Z</time>
</trkpt>
<trkpt lat="48.1210022" lon="7.1657062">
	<ele>497.75</ele>
	<time>1970-01-01T07:15:09.144Z</time>
</trkpt>
<trkpt lat="48.1222382" lon="7.1653199">
	<ele>493.61</ele>
	<time>1970-01-01T07:15:21.127Z</time>
</trkpt>
<trkpt lat="48.1225433" lon="7.1652079">
	<ele>491.63</ele>
	<time>1970-01-01T07:15:24.615Z</time>
</trkpt>
<trkpt lat="48.1229401" lon="7.1649871">
	<ele>489.31</ele>
	<time>1970-01-01T07:15:28.375Z</time>
</trkpt>
<trkpt lat="48.1231194" lon="7.1648779">
	<ele>487.79</ele>
	<time>1970-01-01T07:15:30.069Z</time>
</trkpt>
<trkpt lat="48.1232224" lon="7.1648521">
	<ele>488.33</ele>
	<time>1970-01-01T07:15:31.081Z</time>
</trkpt>
<trkpt lat="48.1237373" lon="7.1649389">
	<ele>486.65</ele>
	<time>1970-01-01T07:15:35.721Z</time>
</trkpt>
<trkpt lat="48.1239357" lon="7.1650062">
	<ele>485.34</ele>
	<time>1970-01-01T07:15:37.561Z</time>
</trkpt>
<trkpt lat="48.1242790" lon="7.1651869">
	<ele>482.73</ele>
	<time>1970-01-01T07:15:40.761Z</time>
</trkpt>
<trkpt lat="48.1243896" lon="7.1652112">
	<ele>480.44</ele>
	<time>1970-01-01T07:15:41.721Z</time>
</trkpt>
<trkpt lat="48.1245003" lon="7.1652031">
	<ele>478.59</ele>
	<time>1970-01-01T07:15:42.681Z</time>
</trkpt>
<trkpt lat="48.1247177" lon="7.1651182">
	<ele>477.12</ele>
	<time>1970-01-01T07:15:44.681Z</time>
</trkpt>
<trkpt lat="48.1247177" lon="7.1650710">
	<ele>477.14</ele>
	<time>1970-01-01T07:15:44.921Z</time>
</trkpt>
<trkpt lat="48.1247253" lon="7.1650100">
	<ele>477.02</ele>
	<time>1970-01-01T07:15:45.321Z</time>
</trkpt>
<trkpt lat="48.1250763" lon="7.1646709">
	<ele>476.11</ele>
	<time>1970-01-01T07:15:49.001Z</time>
</trkpt>
<trkpt lat="48.1252861" lon="7.1644630">
	<ele>475.94</ele>
	<time>1970-01-01T07:15:51.282Z</time>
</trkpt>
<trkpt lat="48.1253586" lon="7.1644111">
	<ele>476.20</ele>
	<time>1970-01-01T07:15:52.079Z</time>
</trkpt>
<trkpt lat="48.1255226" lon="7.1643920">
	<ele>476.36</ele>
	<time>1970-01-01T07:15:53.613Z</time>
</trkpt>
<trkpt lat="48.1255989" lon="7.1644220">
	<ele>476.05</ele>
	<time>1970-01-01T07:15:54.377Z</time>
</trkpt>
<trkpt lat="48.1257324" lon="7.1645899">
	<ele>474.58</ele>
	<time>1970-01-01T07:15:55.897Z</time>
</trkpt>
</trkseg>
</trk>
</gpx>
