<?xml version="1.0" encoding="utf-8" standalone="yes"?>
<gpx version="1.1" creator="Locus Map, Android"
 xmlns="http://www.topografix.com/GPX/1/1"
 xmlns:xsi="http://www.w3.org/2001/XMLSchema-instance"
 xsi:schemaLocation="http://www.topografix.com/GPX/1/1 http://www.topografix.com/GPX/1/1/gpx.xsd"
 xmlns:gpxx="http://www.garmin.com/xmlschemas/GpxExtensions/v3"
 xmlns:gpxtrkx="http://www.garmin.com/xmlschemas/TrackStatsExtension/v1"
 xmlns:gpxtpx="http://www.garmin.com/xmlschemas/TrackPointExtension/v2"
 xmlns:locus="https://www.locusmap.app">
	<metadata>
		<desc>File with points/tracks from Locus Map/4.35.0</desc>
		<time>2026-08-15T06:16:49.962Z</time>
	</metadata>
<trk>
	<name>FR_08</name>
	<extensions>
		<line xmlns="http://www.topografix.com/GPX/gpx_style/0/2">
			<color>D700D7</color>
			<opacity>0.59</opacity>
			<width>6.0</width>
			<extensions>
				<locus:lsColorBase>#96D700D7</locus:lsColorBase>
				<locus:lsWidth>6.0</locus:lsWidth>
				<locus:lsUnits>PIXELS</locus:lsUnits>
			</extensions>
		</line>
		<locus:activity>cycling</locus:activity>
		<locus:rteComputeType>103</locus:rteComputeType>
	</extensions>
<trkseg>
<trkpt lat="47.3652115" lon="-1.1085590">
	<ele>11.46</ele>
	<time>1970-01-01T00:00:00.000Z</time>
</trkpt>
<trkpt lat="47.3653069" lon="-1.1087720">
	<ele>10.62</ele>
	<time>1970-01-01T00:00:03.175Z</time>
</trkpt>
<trkpt lat="47.3654099" lon="-1.1088229">
	<ele>9.04</ele>
	<time>1970-01-01T00:00:05.057Z</time>
</trkpt>
<trkpt lat="47.3653793" lon="-1.1083900">
	<ele>8.71</ele>
	<time>1970-01-01T00:00:10.607Z</time>
</trkpt>
<trkpt lat="47.3653412" lon="-1.1070580">
	<ele>9.04</ele>
	<time>1970-01-01T00:00:24.984Z</time>
</trkpt>
<trkpt lat="47.3653259" lon="-1.1067820">
	<ele>9.39</ele>
	<time>1970-01-01T00:00:28.025Z</time>
</trkpt>
<trkpt lat="47.3652306" lon="-1.1055590">
	<ele>9.95</ele>
	<time>1970-01-01T00:00:42.920Z</time>
</trkpt>
<trkpt lat="47.3652382" lon="-1.1042939">
	<ele>9.95</ele>
	<time>1970-01-01T00:00:56.298Z</time>
</trkpt>
<trkpt lat="47.3651657" lon="-1.1028399">
	<ele>9.92</ele>
	<time>1970-01-01T00:01:14.924Z</time>
</trkpt>
<trkpt lat="47.3651505" lon="-1.1026380">
	<ele>9.97</ele>
	<time>1970-01-01T00:01:17.615Z</time>
</trkpt>
<trkpt lat="47.3651352" lon="-1.1025029">
	<ele>10.00</ele>
	<time>1970-01-01T00:01:19.516Z</time>
</trkpt>
<trkpt lat="47.3651123" lon="-1.1024010">
	<ele>10.00</ele>
	<time>1970-01-01T00:01:21.020Z</time>
</trkpt>
<trkpt lat="47.3650894" lon="-1.1023310">
	<ele>10.00</ele>
	<time>1970-01-01T00:01:22.066Z</time>
</trkpt>
<trkpt lat="47.3650665" lon="-1.1022820">
	<ele>10.00</ele>
	<time>1970-01-01T00:01:22.935Z</time>
</trkpt>
<trkpt lat="47.3650398" lon="-1.1022440">
	<ele>10.00</ele>
	<time>1970-01-01T00:01:23.629Z</time>
</trkpt>
<trkpt lat="47.3650055" lon="-1.1022120">
	<ele>10.00</ele>
	<time>1970-01-01T00:01:24.323Z</time>
</trkpt>
<trkpt lat="47.3650169" lon="-1.1021560">
	<ele>10.00</ele>
	<time>1970-01-01T00:01:25.015Z</time>
</trkpt>
<trkpt lat="47.3650246" lon="-1.1020190">
	<ele>10.00</ele>
	<time>1970-01-01T00:01:26.633Z</time>
</trkpt>
<trkpt lat="47.3650818" lon="-1.1015730">
	<ele>9.93</ele>
	<time>1970-01-01T00:01:31.590Z</time>
</trkpt>
<trkpt lat="47.3650856" lon="-1.1014450">
	<ele>9.78</ele>
	<time>1970-01-01T00:01:33.088Z</time>
</trkpt>
<trkpt lat="47.3650780" lon="-1.1013221">
	<ele>9.73</ele>
	<time>1970-01-01T00:01:34.369Z</time>
</trkpt>
<trkpt lat="47.3650627" lon="-1.1012050">
	<ele>9.75</ele>
	<time>1970-01-01T00:01:35.667Z</time>
</trkpt>
<trkpt lat="47.3649673" lon="-1.1006790">
	<ele>10.29</ele>
	<time>1970-01-01T00:01:41.184Z</time>
</trkpt>
<trkpt lat="47.3649368" lon="-1.1004820">
	<ele>10.15</ele>
	<time>1970-01-01T00:01:43.307Z</time>
</trkpt>
<trkpt lat="47.3649063" lon="-1.1002620">
	<ele>9.40</ele>
	<time>1970-01-01T00:01:45.770Z</time>
</trkpt>
<trkpt lat="47.3648796" lon="-1.1001360">
	<ele>8.86</ele>
	<time>1970-01-01T00:01:47.337Z</time>
</trkpt>
<trkpt lat="47.3648338" lon="-1.0999269">
	<ele>9.03</ele>
	<time>1970-01-01T00:01:50.023Z</time>
</trkpt>
<trkpt lat="47.3647499" lon="-1.0995950">
	<ele>9.47</ele>
	<time>1970-01-01T00:01:54.885Z</time>
</trkpt>
<trkpt lat="47.3646393" lon="-1.0992060">
	<ele>9.09</ele>
	<time>1970-01-01T00:02:01.261Z</time>
</trkpt>
<trkpt lat="47.3645325" lon="-1.0987130">
	<ele>10.78</ele>
	<time>1970-01-01T00:02:08.631Z</time>
</trkpt>
<trkpt lat="47.3644562" lon="-1.0983000">
	<ele>9.85</ele>
	<time>1970-01-01T00:02:14.455Z</time>
</trkpt>
<trkpt lat="47.3643913" lon="-1.0978400">
	<ele>9.13</ele>
	<time>1970-01-01T00:02:23.571Z</time>
</trkpt>
<trkpt lat="47.3643188" lon="-1.0971071">
	<ele>9.69</ele>
	<time>1970-01-01T00:02:37.891Z</time>
</trkpt>
<trkpt lat="47.3642426" lon="-1.0966170">
	<ele>10.03</ele>
	<time>1970-01-01T00:02:44.822Z</time>
</trkpt>
<trkpt lat="47.3642197" lon="-1.0964860">
	<ele>10.02</ele>
	<time>1970-01-01T00:02:46.611Z</time>
</trkpt>
<trkpt lat="47.3641396" lon="-1.0961260">
	<ele>9.98</ele>
	<time>1970-01-01T00:02:51.737Z</time>
</trkpt>
<trkpt lat="47.3640938" lon="-1.0958910">
	<ele>10.72</ele>
	<time>1970-01-01T00:02:54.881Z</time>
</trkpt>
<trkpt lat="47.3640404" lon="-1.0955480">
	<ele>10.62</ele>
	<time>1970-01-01T00:02:59.036Z</time>
</trkpt>
<trkpt lat="47.3639984" lon="-1.0951920">
	<ele>9.97</ele>
	<time>1970-01-01T00:03:02.826Z</time>
</trkpt>
<trkpt lat="47.3638916" lon="-1.0938950">
	<ele>10.01</ele>
	<time>1970-01-01T00:03:16.157Z</time>
</trkpt>
<trkpt lat="47.3638115" lon="-1.0932280">
	<ele>10.00</ele>
	<time>1970-01-01T00:03:23.473Z</time>
</trkpt>
<trkpt lat="47.3637085" lon="-1.0925320">
	<ele>9.97</ele>
	<time>1970-01-01T00:03:31.307Z</time>
</trkpt>
<trkpt lat="47.3636475" lon="-1.0921890">
	<ele>10.92</ele>
	<time>1970-01-01T00:03:34.989Z</time>
</trkpt>
<trkpt lat="47.3635559" lon="-1.0917000">
	<ele>10.05</ele>
	<time>1970-01-01T00:03:39.940Z</time>
</trkpt>
<trkpt lat="47.3635025" lon="-1.0914871">
	<ele>9.55</ele>
	<time>1970-01-01T00:03:42.283Z</time>
</trkpt>
<trkpt lat="47.3634071" lon="-1.0912000">
	<ele>9.77</ele>
	<time>1970-01-01T00:03:45.901Z</time>
</trkpt>
<trkpt lat="47.3634148" lon="-1.0911440">
	<ele>9.75</ele>
	<time>1970-01-01T00:03:46.512Z</time>
</trkpt>
<trkpt lat="47.3634300" lon="-1.0911191">
	<ele>9.69</ele>
	<time>1970-01-01T00:03:46.972Z</time>
</trkpt>
<trkpt lat="47.3634872" lon="-1.0911000">
	<ele>9.43</ele>
	<time>1970-01-01T00:03:48.049Z</time>
</trkpt>
<trkpt lat="47.3639488" lon="-1.0912120">
	<ele>8.97</ele>
	<time>1970-01-01T00:03:54.791Z</time>
</trkpt>
<trkpt lat="47.3640213" lon="-1.0912100">
	<ele>8.98</ele>
	<time>1970-01-01T00:03:55.896Z</time>
</trkpt>
<trkpt lat="47.3640976" lon="-1.0911870">
	<ele>8.99</ele>
	<time>1970-01-01T00:03:57.088Z</time>
</trkpt>
<trkpt lat="47.3641777" lon="-1.0911080">
	<ele>9.00</ele>
	<time>1970-01-01T00:03:58.574Z</time>
</trkpt>
<trkpt lat="47.3651390" lon="-1.0900420">
	<ele>9.59</ele>
	<time>1970-01-01T00:04:31.362Z</time>
</trkpt>
<trkpt lat="47.3652077" lon="-1.0899900">
	<ele>9.82</ele>
	<time>1970-01-01T00:04:33.032Z</time>
</trkpt>
<trkpt lat="47.3652763" lon="-1.0899650">
	<ele>9.92</ele>
	<time>1970-01-01T00:04:34.503Z</time>
</trkpt>
<trkpt lat="47.3653641" lon="-1.0899690">
	<ele>9.72</ele>
	<time>1970-01-01T00:04:36.327Z</time>
</trkpt>
<trkpt lat="47.3656578" lon="-1.0900370">
	<ele>9.27</ele>
	<time>1970-01-01T00:04:41.596Z</time>
</trkpt>
<trkpt lat="47.3656883" lon="-1.0900300">
	<ele>9.43</ele>
	<time>1970-01-01T00:04:42.078Z</time>
</trkpt>
<trkpt lat="47.3657150" lon="-1.0900040">
	<ele>9.61</ele>
	<time>1970-01-01T00:04:42.723Z</time>
</trkpt>
<trkpt lat="47.3657265" lon="-1.0899630">
	<ele>9.71</ele>
	<time>1970-01-01T00:04:43.207Z</time>
</trkpt>
<trkpt lat="47.3657303" lon="-1.0899180">
	<ele>9.75</ele>
	<time>1970-01-01T00:04:43.691Z</time>
</trkpt>
<trkpt lat="47.3657265" lon="-1.0898480">
	<ele>9.73</ele>
	<time>1970-01-01T00:04:44.449Z</time>
</trkpt>
<trkpt lat="47.3656998" lon="-1.0897130">
	<ele>9.59</ele>
	<time>1970-01-01T00:04:46.129Z</time>
</trkpt>
<trkpt lat="47.3656921" lon="-1.0895880">
	<ele>9.62</ele>
	<time>1970-01-01T00:04:47.433Z</time>
</trkpt>
<trkpt lat="47.3657417" lon="-1.0888840">
	<ele>8.67</ele>
	<time>1970-01-01T00:04:54.347Z</time>
</trkpt>
<trkpt lat="47.3657532" lon="-1.0875820">
	<ele>9.34</ele>
	<time>1970-01-01T00:05:08.794Z</time>
</trkpt>
<trkpt lat="47.3657341" lon="-1.0873420">
	<ele>9.35</ele>
	<time>1970-01-01T00:05:11.972Z</time>
</trkpt>
<trkpt lat="47.3656921" lon="-1.0870960">
	<ele>8.59</ele>
	<time>1970-01-01T00:05:15.296Z</time>
</trkpt>
<trkpt lat="47.3653450" lon="-1.0854810">
	<ele>9.36</ele>
	<time>1970-01-01T00:05:41.998Z</time>
</trkpt>
<trkpt lat="47.3653107" lon="-1.0847501">
	<ele>10.01</ele>
	<time>1970-01-01T00:05:51.462Z</time>
</trkpt>
<trkpt lat="47.3652725" lon="-1.0845140">
	<ele>10.01</ele>
	<time>1970-01-01T00:05:54.179Z</time>
</trkpt>
<trkpt lat="47.3651466" lon="-1.0839440">
	<ele>9.63</ele>
	<time>1970-01-01T00:06:00.479Z</time>
</trkpt>
<trkpt lat="47.3650742" lon="-1.0834260">
	<ele>9.57</ele>
	<time>1970-01-01T00:06:07.100Z</time>
</trkpt>
<trkpt lat="47.3650475" lon="-1.0833540">
	<ele>9.83</ele>
	<time>1970-01-01T00:06:08.164Z</time>
</trkpt>
<trkpt lat="47.3650093" lon="-1.0833050">
	<ele>10.02</ele>
	<time>1970-01-01T00:06:09.224Z</time>
</trkpt>
<trkpt lat="47.3649635" lon="-1.0832911">
	<ele>10.10</ele>
	<time>1970-01-01T00:06:10.104Z</time>
</trkpt>
<trkpt lat="47.3646812" lon="-1.0832700">
	<ele>10.01</ele>
	<time>1970-01-01T00:06:16.599Z</time>
</trkpt>
<trkpt lat="47.3646088" lon="-1.0832510">
	<ele>10.06</ele>
	<time>1970-01-01T00:06:18.208Z</time>
</trkpt>
<trkpt lat="47.3645477" lon="-1.0832280">
	<ele>10.09</ele>
	<time>1970-01-01T00:06:19.695Z</time>
</trkpt>
<trkpt lat="47.3644829" lon="-1.0831650">
	<ele>10.02</ele>
	<time>1970-01-01T00:06:21.571Z</time>
</trkpt>
<trkpt lat="47.3644257" lon="-1.0830960">
	<ele>9.92</ele>
	<time>1970-01-01T00:06:23.325Z</time>
</trkpt>
<trkpt lat="47.3642197" lon="-1.0827090">
	<ele>9.46</ele>
	<time>1970-01-01T00:06:30.564Z</time>
</trkpt>
<trkpt lat="47.3641472" lon="-1.0826000">
	<ele>9.62</ele>
	<time>1970-01-01T00:06:32.643Z</time>
</trkpt>
<trkpt lat="47.3639488" lon="-1.0823460">
	<ele>9.68</ele>
	<time>1970-01-01T00:06:37.131Z</time>
</trkpt>
<trkpt lat="47.3635216" lon="-1.0816849">
	<ele>9.69</ele>
	<time>1970-01-01T00:06:47.139Z</time>
</trkpt>
<trkpt lat="47.3634377" lon="-1.0815810">
	<ele>9.41</ele>
	<time>1970-01-01T00:06:48.964Z</time>
</trkpt>
<trkpt lat="47.3632164" lon="-1.0813370">
	<ele>9.72</ele>
	<time>1970-01-01T00:06:53.505Z</time>
</trkpt>
<trkpt lat="47.3631325" lon="-1.0812290">
	<ele>9.82</ele>
	<time>1970-01-01T00:06:55.204Z</time>
</trkpt>
<trkpt lat="47.3629951" lon="-1.0809340">
	<ele>9.79</ele>
	<time>1970-01-01T00:06:58.930Z</time>
</trkpt>
<trkpt lat="47.3630295" lon="-1.0807739">
	<ele>9.91</ele>
	<time>1970-01-01T00:07:00.783Z</time>
</trkpt>
<trkpt lat="47.3630524" lon="-1.0805820">
	<ele>9.99</ele>
	<time>1970-01-01T00:07:02.965Z</time>
</trkpt>
<trkpt lat="47.3630638" lon="-1.0801450">
	<ele>10.00</ele>
	<time>1970-01-01T00:07:08.491Z</time>
</trkpt>
<trkpt lat="47.3630219" lon="-1.0796770">
	<ele>10.00</ele>
	<time>1970-01-01T00:07:14.873Z</time>
</trkpt>
<trkpt lat="47.3629570" lon="-1.0792450">
	<ele>10.00</ele>
	<time>1970-01-01T00:07:20.623Z</time>
</trkpt>
<trkpt lat="47.3628769" lon="-1.0788341">
	<ele>10.00</ele>
	<time>1970-01-01T00:07:26.471Z</time>
</trkpt>
<trkpt lat="47.3627548" lon="-1.0784540">
	<ele>10.00</ele>
	<time>1970-01-01T00:07:32.176Z</time>
</trkpt>
<trkpt lat="47.3626556" lon="-1.0782210">
	<ele>9.82</ele>
	<time>1970-01-01T00:07:35.642Z</time>
</trkpt>
<trkpt lat="47.3626099" lon="-1.0780560">
	<ele>9.30</ele>
	<time>1970-01-01T00:07:37.792Z</time>
</trkpt>
<trkpt lat="47.3625793" lon="-1.0778280">
	<ele>9.16</ele>
	<time>1970-01-01T00:07:40.772Z</time>
</trkpt>
<trkpt lat="47.3625526" lon="-1.0765980">
	<ele>9.94</ele>
	<time>1970-01-01T00:07:56.934Z</time>
</trkpt>
<trkpt lat="47.3625603" lon="-1.0764110">
	<ele>9.95</ele>
	<time>1970-01-01T00:07:59.326Z</time>
</trkpt>
<trkpt lat="47.3626747" lon="-1.0757869">
	<ele>10.00</ele>
	<time>1970-01-01T00:08:09.154Z</time>
</trkpt>
<trkpt lat="47.3627739" lon="-1.0750279">
	<ele>10.98</ele>
	<time>1970-01-01T00:08:21.159Z</time>
</trkpt>
<trkpt lat="47.3629341" lon="-1.0741121">
	<ele>10.09</ele>
	<time>1970-01-01T00:08:34.428Z</time>
</trkpt>
<trkpt lat="47.3629875" lon="-1.0739220">
	<ele>10.67</ele>
	<time>1970-01-01T00:08:37.119Z</time>
</trkpt>
<trkpt lat="47.3630676" lon="-1.0737120">
	<ele>10.41</ele>
	<time>1970-01-01T00:08:39.964Z</time>
</trkpt>
<trkpt lat="47.3631630" lon="-1.0735090">
	<ele>10.42</ele>
	<time>1970-01-01T00:08:42.661Z</time>
</trkpt>
<trkpt lat="47.3633575" lon="-1.0731280">
	<ele>9.52</ele>
	<time>1970-01-01T00:08:47.696Z</time>
</trkpt>
<trkpt lat="47.3636475" lon="-1.0726531">
	<ele>8.48</ele>
	<time>1970-01-01T00:08:55.592Z</time>
</trkpt>
<trkpt lat="47.3640823" lon="-1.0720050">
	<ele>10.02</ele>
	<time>1970-01-01T00:09:05.982Z</time>
</trkpt>
<trkpt lat="47.3641739" lon="-1.0717920">
	<ele>10.01</ele>
	<time>1970-01-01T00:09:08.953Z</time>
</trkpt>
<trkpt lat="47.3642464" lon="-1.0716010">
	<ele>10.09</ele>
	<time>1970-01-01T00:09:11.810Z</time>
</trkpt>
<trkpt lat="47.3643112" lon="-1.0713429">
	<ele>9.91</ele>
	<time>1970-01-01T00:09:16.073Z</time>
</trkpt>
<trkpt lat="47.3643494" lon="-1.0711030">
	<ele>8.53</ele>
	<time>1970-01-01T00:09:20.309Z</time>
</trkpt>
<trkpt lat="47.3643646" lon="-1.0708970">
	<ele>8.94</ele>
	<time>1970-01-01T00:09:23.943Z</time>
</trkpt>
<trkpt lat="47.3643608" lon="-1.0706860">
	<ele>9.67</ele>
	<time>1970-01-01T00:09:27.194Z</time>
</trkpt>
<trkpt lat="47.3643417" lon="-1.0704870">
	<ele>10.05</ele>
	<time>1970-01-01T00:09:29.968Z</time>
</trkpt>
<trkpt lat="47.3642693" lon="-1.0700670">
	<ele>9.97</ele>
	<time>1970-01-01T00:09:34.727Z</time>
</trkpt>
<trkpt lat="47.3642044" lon="-1.0693470">
	<ele>10.02</ele>
	<time>1970-01-01T00:09:42.670Z</time>
</trkpt>
<trkpt lat="47.3641853" lon="-1.0688000">
	<ele>10.04</ele>
	<time>1970-01-01T00:09:48.317Z</time>
</trkpt>
<trkpt lat="47.3642044" lon="-1.0685420">
	<ele>10.10</ele>
	<time>1970-01-01T00:09:51.055Z</time>
</trkpt>
<trkpt lat="47.3643494" lon="-1.0672590">
	<ele>9.93</ele>
	<time>1970-01-01T00:10:04.015Z</time>
</trkpt>
<trkpt lat="47.3643951" lon="-1.0669971">
	<ele>9.94</ele>
	<time>1970-01-01T00:10:07.485Z</time>
</trkpt>
<trkpt lat="47.3646088" lon="-1.0662850">
	<ele>9.93</ele>
	<time>1970-01-01T00:10:17.789Z</time>
</trkpt>
<trkpt lat="47.3646240" lon="-1.0661530">
	<ele>9.93</ele>
	<time>1970-01-01T00:10:19.512Z</time>
</trkpt>
<trkpt lat="47.3645782" lon="-1.0660980">
	<ele>9.94</ele>
	<time>1970-01-01T00:10:20.798Z</time>
</trkpt>
<trkpt lat="47.3635826" lon="-1.0654640">
	<ele>10.00</ele>
	<time>1970-01-01T00:10:40.328Z</time>
</trkpt>
<trkpt lat="47.3633614" lon="-1.0652580">
	<ele>10.00</ele>
	<time>1970-01-01T00:10:45.117Z</time>
</trkpt>
<trkpt lat="47.3630142" lon="-1.0648969">
	<ele>10.00</ele>
	<time>1970-01-01T00:10:52.906Z</time>
</trkpt>
<trkpt lat="47.3629417" lon="-1.0648440">
	<ele>10.00</ele>
	<time>1970-01-01T00:10:54.401Z</time>
</trkpt>
<trkpt lat="47.3628578" lon="-1.0648080">
	<ele>10.00</ele>
	<time>1970-01-01T00:10:56.062Z</time>
</trkpt>
<trkpt lat="47.3627586" lon="-1.0647930">
	<ele>10.00</ele>
	<time>1970-01-01T00:10:57.891Z</time>
</trkpt>
<trkpt lat="47.3612900" lon="-1.0647570">
	<ele>10.28</ele>
	<time>1970-01-01T00:11:35.031Z</time>
</trkpt>
<trkpt lat="47.3612480" lon="-1.0642290">
	<ele>10.49</ele>
	<time>1970-01-01T00:11:42.860Z</time>
</trkpt>
<trkpt lat="47.3611946" lon="-1.0639540">
	<ele>10.78</ele>
	<time>1970-01-01T00:11:46.732Z</time>
</trkpt>
<trkpt lat="47.3610497" lon="-1.0634840">
	<ele>10.28</ele>
	<time>1970-01-01T00:11:53.132Z</time>
</trkpt>
<trkpt lat="47.3609924" lon="-1.0631510">
	<ele>10.50</ele>
	<time>1970-01-01T00:11:57.176Z</time>
</trkpt>
<trkpt lat="47.3609657" lon="-1.0627830">
	<ele>10.40</ele>
	<time>1970-01-01T00:12:01.604Z</time>
</trkpt>
<trkpt lat="47.3610115" lon="-1.0608079">
	<ele>10.15</ele>
	<time>1970-01-01T00:12:31.788Z</time>
</trkpt>
<trkpt lat="47.3610077" lon="-1.0602710">
	<ele>10.44</ele>
	<time>1970-01-01T00:12:38.340Z</time>
</trkpt>
<trkpt lat="47.3609962" lon="-1.0595710">
	<ele>10.41</ele>
	<time>1970-01-01T00:12:46.123Z</time>
</trkpt>
<trkpt lat="47.3610039" lon="-1.0589840">
	<ele>10.10</ele>
	<time>1970-01-01T00:12:52.563Z</time>
</trkpt>
<trkpt lat="47.3608742" lon="-1.0559440">
	<ele>9.28</ele>
	<time>1970-01-01T00:13:22.892Z</time>
</trkpt>
<trkpt lat="47.3609009" lon="-1.0547121">
	<ele>9.73</ele>
	<time>1970-01-01T00:13:41.569Z</time>
</trkpt>
<trkpt lat="47.3608589" lon="-1.0538950">
	<ele>9.90</ele>
	<time>1970-01-01T00:13:55.461Z</time>
</trkpt>
<trkpt lat="47.3608932" lon="-1.0528580">
	<ele>10.67</ele>
	<time>1970-01-01T00:14:12.103Z</time>
</trkpt>
<trkpt lat="47.3608589" lon="-1.0527610">
	<ele>10.81</ele>
	<time>1970-01-01T00:14:13.662Z</time>
</trkpt>
<trkpt lat="47.3608818" lon="-1.0527170">
	<ele>10.51</ele>
	<time>1970-01-01T00:14:14.435Z</time>
</trkpt>
<trkpt lat="47.3608894" lon="-1.0526720">
	<ele>10.28</ele>
	<time>1970-01-01T00:14:15.203Z</time>
</trkpt>
<trkpt lat="47.3609009" lon="-1.0522960">
	<ele>9.79</ele>
	<time>1970-01-01T00:14:20.470Z</time>
</trkpt>
<trkpt lat="47.3609123" lon="-1.0512720">
	<ele>9.85</ele>
	<time>1970-01-01T00:14:33.023Z</time>
</trkpt>
<trkpt lat="47.3609009" lon="-1.0505000">
	<ele>9.91</ele>
	<time>1970-01-01T00:14:41.283Z</time>
</trkpt>
<trkpt lat="47.3609428" lon="-1.0484960">
	<ele>10.57</ele>
	<time>1970-01-01T00:15:08.728Z</time>
</trkpt>
<trkpt lat="47.3609695" lon="-1.0483770">
	<ele>10.45</ele>
	<time>1970-01-01T00:15:10.279Z</time>
</trkpt>
<trkpt lat="47.3610153" lon="-1.0482900">
	<ele>10.30</ele>
	<time>1970-01-01T00:15:11.568Z</time>
</trkpt>
<trkpt lat="47.3610764" lon="-1.0482450">
	<ele>10.11</ele>
	<time>1970-01-01T00:15:12.630Z</time>
</trkpt>
<trkpt lat="47.3613777" lon="-1.0481700">
	<ele>9.61</ele>
	<time>1970-01-01T00:15:17.116Z</time>
</trkpt>
<trkpt lat="47.3614388" lon="-1.0481260">
	<ele>9.81</ele>
	<time>1970-01-01T00:15:18.218Z</time>
</trkpt>
<trkpt lat="47.3614807" lon="-1.0480640">
	<ele>9.99</ele>
	<time>1970-01-01T00:15:19.140Z</time>
</trkpt>
<trkpt lat="47.3615074" lon="-1.0479161">
	<ele>10.04</ele>
	<time>1970-01-01T00:15:20.753Z</time>
</trkpt>
<trkpt lat="47.3616028" lon="-1.0456460">
	<ele>9.94</ele>
	<time>1970-01-01T00:15:45.924Z</time>
</trkpt>
<trkpt lat="47.3616104" lon="-1.0451370">
	<ele>10.97</ele>
	<time>1970-01-01T00:15:52.010Z</time>
</trkpt>
<trkpt lat="47.3615227" lon="-1.0430840">
	<ele>11.11</ele>
	<time>1970-01-01T00:16:18.346Z</time>
</trkpt>
<trkpt lat="47.3614616" lon="-1.0426410">
	<ele>10.87</ele>
	<time>1970-01-01T00:16:24.404Z</time>
</trkpt>
<trkpt lat="47.3613892" lon="-1.0417480">
	<ele>9.93</ele>
	<time>1970-01-01T00:16:33.745Z</time>
</trkpt>
<trkpt lat="47.3612289" lon="-1.0408440">
	<ele>10.41</ele>
	<time>1970-01-01T00:16:46.122Z</time>
</trkpt>
<trkpt lat="47.3609810" lon="-1.0388690">
	<ele>11.62</ele>
	<time>1970-01-01T00:17:16.999Z</time>
</trkpt>
<trkpt lat="47.3609657" lon="-1.0387760">
	<ele>11.57</ele>
	<time>1970-01-01T00:17:18.265Z</time>
</trkpt>
<trkpt lat="47.3609314" lon="-1.0387321">
	<ele>11.40</ele>
	<time>1970-01-01T00:17:19.165Z</time>
</trkpt>
<trkpt lat="47.3607979" lon="-1.0388010">
	<ele>10.93</ele>
	<time>1970-01-01T00:17:22.023Z</time>
</trkpt>
<trkpt lat="47.3607178" lon="-1.0388809">
	<ele>10.97</ele>
	<time>1970-01-01T00:17:24.106Z</time>
</trkpt>
<trkpt lat="47.3604736" lon="-1.0392290">
	<ele>11.01</ele>
	<time>1970-01-01T00:17:31.985Z</time>
</trkpt>
<trkpt lat="47.3603477" lon="-1.0390950">
	<ele>10.80</ele>
	<time>1970-01-01T00:17:35.794Z</time>
</trkpt>
<trkpt lat="47.3602905" lon="-1.0390190">
	<ele>10.35</ele>
	<time>1970-01-01T00:17:37.874Z</time>
</trkpt>
<trkpt lat="47.3602676" lon="-1.0389700">
	<ele>10.09</ele>
	<time>1970-01-01T00:17:39.005Z</time>
</trkpt>
<trkpt lat="47.3602638" lon="-1.0389370">
	<ele>9.99</ele>
	<time>1970-01-01T00:17:39.676Z</time>
</trkpt>
<trkpt lat="47.3603363" lon="-1.0385690">
	<ele>11.89</ele>
	<time>1970-01-01T00:17:46.695Z</time>
</trkpt>
<trkpt lat="47.3606148" lon="-1.0373940">
	<ele>13.30</ele>
	<time>1970-01-01T00:17:59.736Z</time>
</trkpt>
<trkpt lat="47.3606148" lon="-1.0373501">
	<ele>12.91</ele>
	<time>1970-01-01T00:18:00.184Z</time>
</trkpt>
<trkpt lat="47.3605804" lon="-1.0373070">
	<ele>12.66</ele>
	<time>1970-01-01T00:18:00.982Z</time>
</trkpt>
<trkpt lat="47.3607445" lon="-1.0366549">
	<ele>10.89</ele>
	<time>1970-01-01T00:18:10.000Z</time>
</trkpt>
<trkpt lat="47.3609810" lon="-1.0357170">
	<ele>11.17</ele>
	<time>1970-01-01T00:18:29.945Z</time>
</trkpt>
<trkpt lat="47.3610764" lon="-1.0353910">
	<ele>12.72</ele>
	<time>1970-01-01T00:18:35.471Z</time>
</trkpt>
<trkpt lat="47.3611450" lon="-1.0352710">
	<ele>12.90</ele>
	<time>1970-01-01T00:18:37.838Z</time>
</trkpt>
<trkpt lat="47.3612099" lon="-1.0352770">
	<ele>12.47</ele>
	<time>1970-01-01T00:18:39.198Z</time>
</trkpt>
<trkpt lat="47.3612900" lon="-1.0352570">
	<ele>11.82</ele>
	<time>1970-01-01T00:18:40.926Z</time>
</trkpt>
<trkpt lat="47.3614922" lon="-1.0351110">
	<ele>11.11</ele>
	<time>1970-01-01T00:18:45.926Z</time>
</trkpt>
<trkpt lat="47.3616104" lon="-1.0349530">
	<ele>11.38</ele>
	<time>1970-01-01T00:18:49.432Z</time>
</trkpt>
<trkpt lat="47.3616257" lon="-1.0349190">
	<ele>11.63</ele>
	<time>1970-01-01T00:18:50.038Z</time>
</trkpt>
<trkpt lat="47.3617554" lon="-1.0342970">
	<ele>11.94</ele>
	<time>1970-01-01T00:18:59.524Z</time>
</trkpt>
<trkpt lat="47.3618317" lon="-1.0341320">
	<ele>12.02</ele>
	<time>1970-01-01T00:19:02.309Z</time>
</trkpt>
<trkpt lat="47.3618851" lon="-1.0340830">
	<ele>11.84</ele>
	<time>1970-01-01T00:19:03.594Z</time>
</trkpt>
<trkpt lat="47.3619308" lon="-1.0339390">
	<ele>11.16</ele>
	<time>1970-01-01T00:19:05.778Z</time>
</trkpt>
<trkpt lat="47.3621025" lon="-1.0328410">
	<ele>12.82</ele>
	<time>1970-01-01T00:19:22.257Z</time>
</trkpt>
<trkpt lat="47.3621712" lon="-1.0324490">
	<ele>13.00</ele>
	<time>1970-01-01T00:19:28.221Z</time>
</trkpt>
<trkpt lat="47.3622169" lon="-1.0322640">
	<ele>13.01</ele>
	<time>1970-01-01T00:19:31.213Z</time>
</trkpt>
<trkpt lat="47.3625298" lon="-1.0312700">
	<ele>13.83</ele>
	<time>1970-01-01T00:19:51.872Z</time>
</trkpt>
<trkpt lat="47.3628273" lon="-1.0316670">
	<ele>11.63</ele>
	<time>1970-01-01T00:19:57.375Z</time>
</trkpt>
<trkpt lat="47.3629990" lon="-1.0317841">
	<ele>10.21</ele>
	<time>1970-01-01T00:19:59.897Z</time>
</trkpt>
<trkpt lat="47.3633270" lon="-1.0304559">
	<ele>10.38</ele>
	<time>1970-01-01T00:20:14.634Z</time>
</trkpt>
<trkpt lat="47.3633919" lon="-1.0302010">
	<ele>10.57</ele>
	<time>1970-01-01T00:20:18.443Z</time>
</trkpt>
<trkpt lat="47.3635483" lon="-1.0298361">
	<ele>10.64</ele>
	<time>1970-01-01T00:20:25.476Z</time>
</trkpt>
<trkpt lat="47.3637085" lon="-1.0296201">
	<ele>10.19</ele>
	<time>1970-01-01T00:20:29.992Z</time>
</trkpt>
<trkpt lat="47.3637314" lon="-1.0295960">
	<ele>10.13</ele>
	<time>1970-01-01T00:20:30.548Z</time>
</trkpt>
<trkpt lat="47.3640251" lon="-1.0293200">
	<ele>10.81</ele>
	<time>1970-01-01T00:20:35.053Z</time>
</trkpt>
<trkpt lat="47.3640938" lon="-1.0291460">
	<ele>10.16</ele>
	<time>1970-01-01T00:20:36.756Z</time>
</trkpt>
<trkpt lat="47.3641014" lon="-1.0289260">
	<ele>10.00</ele>
	<time>1970-01-01T00:20:38.781Z</time>
</trkpt>
<trkpt lat="47.3640213" lon="-1.0283680">
	<ele>10.28</ele>
	<time>1970-01-01T00:20:45.905Z</time>
</trkpt>
<trkpt lat="47.3639832" lon="-1.0277820">
	<ele>12.12</ele>
	<time>1970-01-01T00:20:55.622Z</time>
</trkpt>
<trkpt lat="47.3638420" lon="-1.0271980">
	<ele>13.29</ele>
	<time>1970-01-01T00:21:05.535Z</time>
</trkpt>
<trkpt lat="47.3638153" lon="-1.0266420">
	<ele>14.25</ele>
	<time>1970-01-01T00:21:20.281Z</time>
</trkpt>
<trkpt lat="47.3638306" lon="-1.0263500">
	<ele>15.28</ele>
	<time>1970-01-01T00:21:29.446Z</time>
</trkpt>
<trkpt lat="47.3638687" lon="-1.0262500">
	<ele>15.60</ele>
	<time>1970-01-01T00:21:32.637Z</time>
</trkpt>
<trkpt lat="47.3640556" lon="-1.0261430">
	<ele>12.83</ele>
	<time>1970-01-01T00:21:39.737Z</time>
</trkpt>
<trkpt lat="47.3641167" lon="-1.0260260">
	<ele>12.43</ele>
	<time>1970-01-01T00:21:42.781Z</time>
</trkpt>
<trkpt lat="47.3641586" lon="-1.0258189">
	<ele>14.31</ele>
	<time>1970-01-01T00:21:47.769Z</time>
</trkpt>
<trkpt lat="47.3641815" lon="-1.0254689">
	<ele>16.29</ele>
	<time>1970-01-01T00:21:53.684Z</time>
</trkpt>
<trkpt lat="47.3642387" lon="-1.0248140">
	<ele>12.64</ele>
	<time>1970-01-01T00:22:09.110Z</time>
</trkpt>
<trkpt lat="47.3642616" lon="-1.0240279">
	<ele>12.21</ele>
	<time>1970-01-01T00:22:23.325Z</time>
</trkpt>
<trkpt lat="47.3643837" lon="-1.0229681">
	<ele>12.91</ele>
	<time>1970-01-01T00:22:54.714Z</time>
</trkpt>
<trkpt lat="47.3644524" lon="-1.0223510">
	<ele>10.47</ele>
	<time>1970-01-01T00:23:07.244Z</time>
</trkpt>
<trkpt lat="47.3645935" lon="-1.0216900">
	<ele>15.15</ele>
	<time>1970-01-01T00:23:23.111Z</time>
</trkpt>
<trkpt lat="47.3646011" lon="-1.0215890">
	<ele>15.09</ele>
	<time>1970-01-01T00:23:25.207Z</time>
</trkpt>
<trkpt lat="47.3645782" lon="-1.0210650">
	<ele>14.38</ele>
	<time>1970-01-01T00:23:37.753Z</time>
</trkpt>
<trkpt lat="47.3645821" lon="-1.0208460">
	<ele>13.15</ele>
	<time>1970-01-01T00:23:42.634Z</time>
</trkpt>
<trkpt lat="47.3646660" lon="-1.0194410">
	<ele>11.62</ele>
	<time>1970-01-01T00:24:03.095Z</time>
</trkpt>
<trkpt lat="47.3646431" lon="-1.0187830">
	<ele>13.41</ele>
	<time>1970-01-01T00:24:10.656Z</time>
</trkpt>
<trkpt lat="47.3646240" lon="-1.0186000">
	<ele>12.58</ele>
	<time>1970-01-01T00:24:12.704Z</time>
</trkpt>
<trkpt lat="47.3644524" lon="-1.0172170">
	<ele>10.76</ele>
	<time>1970-01-01T00:24:26.304Z</time>
</trkpt>
<trkpt lat="47.3643379" lon="-1.0160360">
	<ele>10.26</ele>
	<time>1970-01-01T00:24:33.762Z</time>
</trkpt>
<trkpt lat="47.3641853" lon="-1.0154170">
	<ele>11.00</ele>
	<time>1970-01-01T00:24:38.079Z</time>
</trkpt>
<trkpt lat="47.3642044" lon="-1.0151440">
	<ele>11.16</ele>
	<time>1970-01-01T00:24:39.759Z</time>
</trkpt>
<trkpt lat="47.3642159" lon="-1.0149730">
	<ele>11.21</ele>
	<time>1970-01-01T00:24:40.799Z</time>
</trkpt>
<trkpt lat="47.3642769" lon="-1.0147290">
	<ele>11.62</ele>
	<time>1970-01-01T00:24:42.412Z</time>
</trkpt>
<trkpt lat="47.3642769" lon="-1.0146040">
	<ele>11.91</ele>
	<time>1970-01-01T00:24:43.187Z</time>
</trkpt>
<trkpt lat="47.3642654" lon="-1.0145370">
	<ele>12.34</ele>
	<time>1970-01-01T00:24:43.646Z</time>
</trkpt>
<trkpt lat="47.3642349" lon="-1.0144110">
	<ele>12.87</ele>
	<time>1970-01-01T00:24:44.668Z</time>
</trkpt>
<trkpt lat="47.3642044" lon="-1.0143410">
	<ele>12.83</ele>
	<time>1970-01-01T00:24:45.328Z</time>
</trkpt>
<trkpt lat="47.3641624" lon="-1.0142770">
	<ele>12.56</ele>
	<time>1970-01-01T00:24:46.153Z</time>
</trkpt>
<trkpt lat="47.3640976" lon="-1.0142111">
	<ele>12.42</ele>
	<time>1970-01-01T00:24:47.431Z</time>
</trkpt>
<trkpt lat="47.3639374" lon="-1.0140820">
	<ele>13.20</ele>
	<time>1970-01-01T00:24:49.792Z</time>
</trkpt>
<trkpt lat="47.3639755" lon="-1.0139360">
	<ele>12.47</ele>
	<time>1970-01-01T00:24:51.203Z</time>
</trkpt>
<trkpt lat="47.3640022" lon="-1.0137340">
	<ele>12.25</ele>
	<time>1970-01-01T00:24:53.130Z</time>
</trkpt>
<trkpt lat="47.3639984" lon="-1.0135990">
	<ele>12.44</ele>
	<time>1970-01-01T00:24:54.528Z</time>
</trkpt>
<trkpt lat="47.3639488" lon="-1.0131750">
	<ele>12.94</ele>
	<time>1970-01-01T00:25:00.687Z</time>
</trkpt>
<trkpt lat="47.3640175" lon="-1.0130030">
	<ele>10.84</ele>
	<time>1970-01-01T00:25:03.150Z</time>
</trkpt>
<trkpt lat="47.3640175" lon="-1.0124910">
	<ele>10.61</ele>
	<time>1970-01-01T00:25:10.795Z</time>
</trkpt>
<trkpt lat="47.3640099" lon="-1.0123000">
	<ele>10.11</ele>
	<time>1970-01-01T00:25:13.810Z</time>
</trkpt>
<trkpt lat="47.3638649" lon="-1.0116839">
	<ele>10.68</ele>
	<time>1970-01-01T00:25:28.237Z</time>
</trkpt>
<trkpt lat="47.3637848" lon="-1.0113510">
	<ele>12.14</ele>
	<time>1970-01-01T00:25:33.444Z</time>
</trkpt>
<trkpt lat="47.3636665" lon="-1.0103149">
	<ele>10.72</ele>
	<time>1970-01-01T00:25:43.957Z</time>
</trkpt>
<trkpt lat="47.3636475" lon="-1.0097870">
	<ele>11.36</ele>
	<time>1970-01-01T00:25:49.839Z</time>
</trkpt>
<trkpt lat="47.3635178" lon="-1.0083920">
	<ele>9.53</ele>
	<time>1970-01-01T00:26:06.431Z</time>
</trkpt>
<trkpt lat="47.3633919" lon="-1.0077860">
	<ele>10.01</ele>
	<time>1970-01-01T00:26:13.452Z</time>
</trkpt>
<trkpt lat="47.3632965" lon="-1.0076650">
	<ele>11.40</ele>
	<time>1970-01-01T00:26:15.708Z</time>
</trkpt>
<trkpt lat="47.3632889" lon="-1.0074050">
	<ele>10.80</ele>
	<time>1970-01-01T00:26:18.761Z</time>
</trkpt>
<trkpt lat="47.3631172" lon="-1.0066251">
	<ele>12.29</ele>
	<time>1970-01-01T00:26:34.321Z</time>
</trkpt>
<trkpt lat="47.3630753" lon="-1.0063430">
	<ele>14.28</ele>
	<time>1970-01-01T00:26:39.421Z</time>
</trkpt>
<trkpt lat="47.3630257" lon="-1.0057960">
	<ele>11.53</ele>
	<time>1970-01-01T00:26:47.353Z</time>
</trkpt>
<trkpt lat="47.3630066" lon="-1.0053231">
	<ele>12.01</ele>
	<time>1970-01-01T00:26:52.572Z</time>
</trkpt>
<trkpt lat="47.3628426" lon="-1.0046710">
	<ele>14.06</ele>
	<time>1970-01-01T00:27:00.643Z</time>
</trkpt>
<trkpt lat="47.3628769" lon="-1.0045090">
	<ele>13.68</ele>
	<time>1970-01-01T00:27:02.557Z</time>
</trkpt>
<trkpt lat="47.3629074" lon="-1.0043550">
	<ele>12.83</ele>
	<time>1970-01-01T00:27:04.348Z</time>
</trkpt>
<trkpt lat="47.3629532" lon="-1.0042289">
	<ele>11.47</ele>
	<time>1970-01-01T00:27:05.914Z</time>
</trkpt>
<trkpt lat="47.3630524" lon="-1.0039541">
	<ele>13.47</ele>
	<time>1970-01-01T00:27:08.772Z</time>
</trkpt>
<trkpt lat="47.3631210" lon="-1.0037950">
	<ele>12.73</ele>
	<time>1970-01-01T00:27:10.367Z</time>
</trkpt>
<trkpt lat="47.3635521" lon="-1.0027500">
	<ele>12.93</ele>
	<time>1970-01-01T00:27:22.815Z</time>
</trkpt>
<trkpt lat="47.3640099" lon="-1.0016840">
	<ele>11.89</ele>
	<time>1970-01-01T00:27:34.018Z</time>
</trkpt>
<trkpt lat="47.3645058" lon="-1.0005440">
	<ele>7.86</ele>
	<time>1970-01-01T00:27:50.712Z</time>
</trkpt>
<trkpt lat="47.3649445" lon="-0.9994510">
	<ele>12.95</ele>
	<time>1970-01-01T00:28:01.306Z</time>
</trkpt>
<trkpt lat="47.3651047" lon="-0.9990140">
	<ele>12.23</ele>
	<time>1970-01-01T00:28:05.734Z</time>
</trkpt>
<trkpt lat="47.3652382" lon="-0.9986130">
	<ele>13.91</ele>
	<time>1970-01-01T00:28:09.904Z</time>
</trkpt>
<trkpt lat="47.3654251" lon="-0.9980350">
	<ele>11.25</ele>
	<time>1970-01-01T00:28:15.823Z</time>
</trkpt>
<trkpt lat="47.3660469" lon="-0.9958760">
	<ele>12.60</ele>
	<time>1970-01-01T00:28:46.490Z</time>
</trkpt>
<trkpt lat="47.3661385" lon="-0.9955380">
	<ele>13.80</ele>
	<time>1970-01-01T00:28:51.222Z</time>
</trkpt>
<trkpt lat="47.3661880" lon="-0.9953720">
	<ele>12.21</ele>
	<time>1970-01-01T00:28:53.583Z</time>
</trkpt>
<trkpt lat="47.3662224" lon="-0.9951950">
	<ele>11.28</ele>
	<time>1970-01-01T00:28:55.941Z</time>
</trkpt>
<trkpt lat="47.3663750" lon="-0.9947220">
	<ele>13.98</ele>
	<time>1970-01-01T00:29:03.059Z</time>
</trkpt>
<trkpt lat="47.3670654" lon="-0.9923240">
	<ele>11.35</ele>
	<time>1970-01-01T00:29:32.190Z</time>
</trkpt>
<trkpt lat="47.3682976" lon="-0.9880710">
	<ele>13.78</ele>
	<time>1970-01-01T00:30:34.431Z</time>
</trkpt>
<trkpt lat="47.3684464" lon="-0.9875090">
	<ele>11.29</ele>
	<time>1970-01-01T00:30:41.755Z</time>
</trkpt>
<trkpt lat="47.3687286" lon="-0.9865700">
	<ele>12.29</ele>
	<time>1970-01-01T00:30:53.191Z</time>
</trkpt>
<trkpt lat="47.3688660" lon="-0.9860390">
	<ele>14.09</ele>
	<time>1970-01-01T00:31:00.302Z</time>
</trkpt>
<trkpt lat="47.3690796" lon="-0.9852250">
	<ele>12.38</ele>
	<time>1970-01-01T00:31:12.431Z</time>
</trkpt>
<trkpt lat="47.3692017" lon="-0.9847050">
	<ele>14.92</ele>
	<time>1970-01-01T00:31:19.841Z</time>
</trkpt>
<trkpt lat="47.3693008" lon="-0.9842080">
	<ele>11.17</ele>
	<time>1970-01-01T00:31:25.886Z</time>
</trkpt>
<trkpt lat="47.3694916" lon="-0.9831020">
	<ele>14.02</ele>
	<time>1970-01-01T00:31:40.306Z</time>
</trkpt>
<trkpt lat="47.3698349" lon="-0.9808200">
	<ele>11.78</ele>
	<time>1970-01-01T00:32:21.491Z</time>
</trkpt>
<trkpt lat="47.3703079" lon="-0.9776770">
	<ele>14.28</ele>
	<time>1970-01-01T00:32:59.820Z</time>
</trkpt>
<trkpt lat="47.3705215" lon="-0.9763220">
	<ele>14.50</ele>
	<time>1970-01-01T00:33:16.510Z</time>
</trkpt>
<trkpt lat="47.3706245" lon="-0.9757120">
	<ele>12.13</ele>
	<time>1970-01-01T00:33:24.615Z</time>
</trkpt>
<trkpt lat="47.3707123" lon="-0.9750610">
	<ele>11.10</ele>
	<time>1970-01-01T00:33:32.692Z</time>
</trkpt>
<trkpt lat="47.3708572" lon="-0.9741300">
	<ele>13.67</ele>
	<time>1970-01-01T00:33:45.087Z</time>
</trkpt>
<trkpt lat="47.3709869" lon="-0.9732060">
	<ele>12.12</ele>
	<time>1970-01-01T00:33:57.125Z</time>
</trkpt>
<trkpt lat="47.3711700" lon="-0.9719830">
	<ele>14.58</ele>
	<time>1970-01-01T00:34:11.188Z</time>
</trkpt>
<trkpt lat="47.3716469" lon="-0.9689440">
	<ele>14.86</ele>
	<time>1970-01-01T00:34:52.642Z</time>
</trkpt>
<trkpt lat="47.3722038" lon="-0.9652720">
	<ele>14.95</ele>
	<time>1970-01-01T00:35:35.339Z</time>
</trkpt>
<trkpt lat="47.3723869" lon="-0.9640140">
	<ele>12.07</ele>
	<time>1970-01-01T00:35:52.824Z</time>
</trkpt>
<trkpt lat="47.3725853" lon="-0.9627440">
	<ele>12.52</ele>
	<time>1970-01-01T00:36:10.432Z</time>
</trkpt>
<trkpt lat="47.3726654" lon="-0.9622160">
	<ele>12.47</ele>
	<time>1970-01-01T00:36:17.942Z</time>
</trkpt>
<trkpt lat="47.3727150" lon="-0.9620070">
	<ele>13.55</ele>
	<time>1970-01-01T00:36:20.983Z</time>
</trkpt>
<trkpt lat="47.3727837" lon="-0.9617050">
	<ele>15.00</ele>
	<time>1970-01-01T00:36:25.246Z</time>
</trkpt>
<trkpt lat="47.3729248" lon="-0.9611300">
	<ele>12.25</ele>
	<time>1970-01-01T00:36:34.756Z</time>
</trkpt>
<trkpt lat="47.3732071" lon="-0.9602920">
	<ele>12.71</ele>
	<time>1970-01-01T00:36:49.548Z</time>
</trkpt>
<trkpt lat="47.3735542" lon="-0.9593710">
	<ele>13.28</ele>
	<time>1970-01-01T00:37:01.305Z</time>
</trkpt>
<trkpt lat="47.3737488" lon="-0.9588280">
	<ele>12.14</ele>
	<time>1970-01-01T00:37:09.303Z</time>
</trkpt>
<trkpt lat="47.3748207" lon="-0.9559150">
	<ele>12.74</ele>
	<time>1970-01-01T00:37:49.511Z</time>
</trkpt>
<trkpt lat="47.3751030" lon="-0.9551690">
	<ele>13.82</ele>
	<time>1970-01-01T00:38:02.579Z</time>
</trkpt>
<trkpt lat="47.3753128" lon="-0.9545680">
	<ele>14.57</ele>
	<time>1970-01-01T00:38:14.471Z</time>
</trkpt>
<trkpt lat="47.3757019" lon="-0.9535110">
	<ele>12.39</ele>
	<time>1970-01-01T00:38:33.289Z</time>
</trkpt>
<trkpt lat="47.3759956" lon="-0.9528230">
	<ele>12.92</ele>
	<time>1970-01-01T00:38:42.459Z</time>
</trkpt>
<trkpt lat="47.3763275" lon="-0.9521240">
	<ele>14.38</ele>
	<time>1970-01-01T00:38:52.715Z</time>
</trkpt>
<trkpt lat="47.3764458" lon="-0.9519000">
	<ele>14.33</ele>
	<time>1970-01-01T00:38:56.311Z</time>
</trkpt>
<trkpt lat="47.3768387" lon="-0.9510730">
	<ele>13.03</ele>
	<time>1970-01-01T00:39:12.011Z</time>
</trkpt>
<trkpt lat="47.3771782" lon="-0.9503760">
	<ele>14.24</ele>
	<time>1970-01-01T00:39:26.091Z</time>
</trkpt>
<trkpt lat="47.3785667" lon="-0.9475150">
	<ele>15.71</ele>
	<time>1970-01-01T00:40:09.972Z</time>
</trkpt>
<trkpt lat="47.3808746" lon="-0.9427250">
	<ele>14.31</ele>
	<time>1970-01-01T00:41:21.935Z</time>
</trkpt>
<trkpt lat="47.3810387" lon="-0.9423860">
	<ele>14.21</ele>
	<time>1970-01-01T00:41:26.554Z</time>
</trkpt>
<trkpt lat="47.3813477" lon="-0.9417440">
	<ele>14.47</ele>
	<time>1970-01-01T00:41:35.015Z</time>
</trkpt>
<trkpt lat="47.3817825" lon="-0.9408570">
	<ele>11.86</ele>
	<time>1970-01-01T00:41:45.263Z</time>
</trkpt>
<trkpt lat="47.3822327" lon="-0.9399110">
	<ele>15.05</ele>
	<time>1970-01-01T00:41:59.134Z</time>
</trkpt>
<trkpt lat="47.3841133" lon="-0.9360120">
	<ele>14.46</ele>
	<time>1970-01-01T00:42:52.007Z</time>
</trkpt>
<trkpt lat="47.3843155" lon="-0.9356450">
	<ele>12.84</ele>
	<time>1970-01-01T00:42:59.095Z</time>
</trkpt>
<trkpt lat="47.3844948" lon="-0.9353470">
	<ele>14.14</ele>
	<time>1970-01-01T00:43:05.087Z</time>
</trkpt>
<trkpt lat="47.3847008" lon="-0.9350700">
	<ele>15.59</ele>
	<time>1970-01-01T00:43:10.991Z</time>
</trkpt>
<trkpt lat="47.3849754" lon="-0.9347510">
	<ele>15.79</ele>
	<time>1970-01-01T00:43:19.512Z</time>
</trkpt>
<trkpt lat="47.3852844" lon="-0.9344290">
	<ele>15.96</ele>
	<time>1970-01-01T00:43:30.068Z</time>
</trkpt>
<trkpt lat="47.3857079" lon="-0.9340970">
	<ele>14.09</ele>
	<time>1970-01-01T00:43:40.304Z</time>
</trkpt>
<trkpt lat="47.3869057" lon="-0.9333460">
	<ele>15.93</ele>
	<time>1970-01-01T00:44:01.814Z</time>
</trkpt>
<trkpt lat="47.3874168" lon="-0.9329980">
	<ele>13.66</ele>
	<time>1970-01-01T00:44:10.847Z</time>
</trkpt>
<trkpt lat="47.3880119" lon="-0.9325280">
	<ele>14.80</ele>
	<time>1970-01-01T00:44:23.679Z</time>
</trkpt>
<trkpt lat="47.3883591" lon="-0.9321810">
	<ele>14.92</ele>
	<time>1970-01-01T00:44:32.083Z</time>
</trkpt>
<trkpt lat="47.3886604" lon="-0.9318660">
	<ele>14.55</ele>
	<time>1970-01-01T00:44:40.111Z</time>
</trkpt>
<trkpt lat="47.3895836" lon="-0.9307520">
	<ele>13.21</ele>
	<time>1970-01-01T00:45:05.879Z</time>
</trkpt>
<trkpt lat="47.3901329" lon="-0.9300890">
	<ele>13.68</ele>
	<time>1970-01-01T00:45:22.721Z</time>
</trkpt>
<trkpt lat="47.3905296" lon="-0.9296050">
	<ele>13.54</ele>
	<time>1970-01-01T00:45:35.566Z</time>
</trkpt>
<trkpt lat="47.3910141" lon="-0.9290220">
	<ele>15.11</ele>
	<time>1970-01-01T00:45:47.654Z</time>
</trkpt>
<trkpt lat="47.3913803" lon="-0.9285790">
	<ele>14.91</ele>
	<time>1970-01-01T00:45:55.077Z</time>
</trkpt>
<trkpt lat="47.3915062" lon="-0.9284250">
	<ele>13.29</ele>
	<time>1970-01-01T00:45:57.732Z</time>
</trkpt>
<trkpt lat="47.3943939" lon="-0.9249410">
	<ele>14.11</ele>
	<time>1970-01-01T00:47:07.375Z</time>
</trkpt>
<trkpt lat="47.3951721" lon="-0.9240020">
	<ele>15.10</ele>
	<time>1970-01-01T00:47:26.881Z</time>
</trkpt>
<trkpt lat="47.3954353" lon="-0.9236710">
	<ele>13.82</ele>
	<time>1970-01-01T00:47:33.349Z</time>
</trkpt>
<trkpt lat="47.3956718" lon="-0.9233560">
	<ele>13.27</ele>
	<time>1970-01-01T00:47:39.806Z</time>
</trkpt>
<trkpt lat="47.3959007" lon="-0.9230110">
	<ele>15.37</ele>
	<time>1970-01-01T00:47:45.772Z</time>
</trkpt>
<trkpt lat="47.3961029" lon="-0.9226710">
	<ele>14.64</ele>
	<time>1970-01-01T00:47:50.328Z</time>
</trkpt>
<trkpt lat="47.3963242" lon="-0.9222390">
	<ele>14.65</ele>
	<time>1970-01-01T00:47:55.908Z</time>
</trkpt>
<trkpt lat="47.3965187" lon="-0.9218230">
	<ele>12.77</ele>
	<time>1970-01-01T00:48:02.403Z</time>
</trkpt>
<trkpt lat="47.3968658" lon="-0.9209940">
	<ele>14.35</ele>
	<time>1970-01-01T00:48:13.803Z</time>
</trkpt>
<trkpt lat="47.3969574" lon="-0.9207840">
	<ele>14.78</ele>
	<time>1970-01-01T00:48:16.490Z</time>
</trkpt>
<trkpt lat="47.3975639" lon="-0.9192630">
	<ele>14.61</ele>
	<time>1970-01-01T00:48:45.289Z</time>
</trkpt>
<trkpt lat="47.3981628" lon="-0.9177470">
	<ele>14.48</ele>
	<time>1970-01-01T00:49:06.349Z</time>
</trkpt>
<trkpt lat="47.3983154" lon="-0.9173680">
	<ele>15.19</ele>
	<time>1970-01-01T00:49:14.096Z</time>
</trkpt>
<trkpt lat="47.3985062" lon="-0.9168820">
	<ele>15.75</ele>
	<time>1970-01-01T00:49:21.726Z</time>
</trkpt>
<trkpt lat="47.3985367" lon="-0.9168140">
	<ele>16.08</ele>
	<time>1970-01-01T00:49:22.777Z</time>
</trkpt>
<trkpt lat="47.3985748" lon="-0.9167370">
	<ele>16.15</ele>
	<time>1970-01-01T00:49:23.921Z</time>
</trkpt>
<trkpt lat="47.3986511" lon="-0.9165360">
	<ele>15.48</ele>
	<time>1970-01-01T00:49:26.705Z</time>
</trkpt>
<trkpt lat="47.3986664" lon="-0.9165010">
	<ele>15.28</ele>
	<time>1970-01-01T00:49:27.198Z</time>
</trkpt>
<trkpt lat="47.3988113" lon="-0.9161480">
	<ele>14.84</ele>
	<time>1970-01-01T00:49:32.943Z</time>
</trkpt>
<trkpt lat="47.3989372" lon="-0.9158380">
	<ele>15.76</ele>
	<time>1970-01-01T00:49:39.585Z</time>
</trkpt>
<trkpt lat="47.3992043" lon="-0.9151940">
	<ele>15.63</ele>
	<time>1970-01-01T00:49:51.247Z</time>
</trkpt>
<trkpt lat="47.3993645" lon="-0.9147590">
	<ele>14.61</ele>
	<time>1970-01-01T00:49:56.540Z</time>
</trkpt>
<trkpt lat="47.3995438" lon="-0.9143000">
	<ele>13.18</ele>
	<time>1970-01-01T00:50:01.275Z</time>
</trkpt>
<trkpt lat="47.3996620" lon="-0.9139340">
	<ele>14.54</ele>
	<time>1970-01-01T00:50:05.116Z</time>
</trkpt>
<trkpt lat="47.3997841" lon="-0.9134710">
	<ele>13.81</ele>
	<time>1970-01-01T00:50:10.213Z</time>
</trkpt>
<trkpt lat="47.3998489" lon="-0.9131580">
	<ele>12.61</ele>
	<time>1970-01-01T00:50:13.761Z</time>
</trkpt>
<trkpt lat="47.3999100" lon="-0.9128570">
	<ele>13.81</ele>
	<time>1970-01-01T00:50:17.285Z</time>
</trkpt>
<trkpt lat="47.3999901" lon="-0.9123750">
	<ele>16.05</ele>
	<time>1970-01-01T00:50:23.558Z</time>
</trkpt>
<trkpt lat="47.4000320" lon="-0.9118890">
	<ele>15.67</ele>
	<time>1970-01-01T00:50:31.460Z</time>
</trkpt>
<trkpt lat="47.4000473" lon="-0.9114670">
	<ele>15.32</ele>
	<time>1970-01-01T00:50:38.213Z</time>
</trkpt>
<trkpt lat="47.4000702" lon="-0.9106930">
	<ele>14.04</ele>
	<time>1970-01-01T00:50:48.877Z</time>
</trkpt>
<trkpt lat="47.4001198" lon="-0.9093730">
	<ele>13.77</ele>
	<time>1970-01-01T00:51:05.600Z</time>
</trkpt>
<trkpt lat="47.4001274" lon="-0.9091270">
	<ele>13.73</ele>
	<time>1970-01-01T00:51:08.776Z</time>
</trkpt>
<trkpt lat="47.4001465" lon="-0.9085960">
	<ele>13.65</ele>
	<time>1970-01-01T00:51:15.462Z</time>
</trkpt>
<trkpt lat="47.4001541" lon="-0.9084940">
	<ele>13.47</ele>
	<time>1970-01-01T00:51:16.799Z</time>
</trkpt>
<trkpt lat="47.4001961" lon="-0.9075190">
	<ele>14.52</ele>
	<time>1970-01-01T00:51:28.593Z</time>
</trkpt>
<trkpt lat="47.4002037" lon="-0.9073820">
	<ele>14.41</ele>
	<time>1970-01-01T00:51:30.213Z</time>
</trkpt>
<trkpt lat="47.4002266" lon="-0.9061840">
	<ele>14.32</ele>
	<time>1970-01-01T00:51:44.332Z</time>
</trkpt>
<trkpt lat="47.4001999" lon="-0.9056290">
	<ele>14.04</ele>
	<time>1970-01-01T00:00:06.144Z</time>
</trkpt>
<trkpt lat="47.4001694" lon="-0.9052520">
	<ele>12.30</ele>
	<time>1970-01-01T00:00:10.474Z</time>
</trkpt>
<trkpt lat="47.4001350" lon="-0.9049500">
	<ele>11.98</ele>
	<time>1970-01-01T00:00:14.210Z</time>
</trkpt>
<trkpt lat="47.4000702" lon="-0.9045380">
	<ele>13.61</ele>
	<time>1970-01-01T00:00:20.465Z</time>
</trkpt>
<trkpt lat="47.3999786" lon="-0.9041060">
	<ele>15.75</ele>
	<time>1970-01-01T00:00:27.634Z</time>
</trkpt>
<trkpt lat="47.3998489" lon="-0.9035520">
	<ele>12.22</ele>
	<time>1970-01-01T00:00:32.818Z</time>
</trkpt>
<trkpt lat="47.3993263" lon="-0.9019460">
	<ele>12.53</ele>
	<time>1970-01-01T00:00:56.553Z</time>
</trkpt>
<trkpt lat="47.3990364" lon="-0.9011050">
	<ele>13.24</ele>
	<time>1970-01-01T00:01:05.076Z</time>
</trkpt>
<trkpt lat="47.3987923" lon="-0.9003960">
	<ele>13.53</ele>
	<time>1970-01-01T00:01:13.432Z</time>
</trkpt>
<trkpt lat="47.3985748" lon="-0.8997440">
	<ele>14.99</ele>
	<time>1970-01-01T00:01:21.706Z</time>
</trkpt>
<trkpt lat="47.3979568" lon="-0.8979500">
	<ele>13.79</ele>
	<time>1970-01-01T00:01:49.776Z</time>
</trkpt>
<trkpt lat="47.3975792" lon="-0.8968540">
	<ele>14.38</ele>
	<time>1970-01-01T00:02:07.265Z</time>
</trkpt>
<trkpt lat="47.3971405" lon="-0.8955710">
	<ele>13.78</ele>
	<time>1970-01-01T00:02:29.658Z</time>
</trkpt>
<trkpt lat="47.3971062" lon="-0.8954700">
	<ele>13.85</ele>
	<time>1970-01-01T00:02:31.343Z</time>
</trkpt>
<trkpt lat="47.3968048" lon="-0.8945780">
	<ele>13.59</ele>
	<time>1970-01-01T00:02:44.861Z</time>
</trkpt>
<trkpt lat="47.3966103" lon="-0.8939840">
	<ele>14.70</ele>
	<time>1970-01-01T00:02:54.570Z</time>
</trkpt>
<trkpt lat="47.3965302" lon="-0.8936970">
	<ele>12.70</ele>
	<time>1970-01-01T00:02:58.572Z</time>
</trkpt>
<trkpt lat="47.3964539" lon="-0.8933610">
	<ele>14.60</ele>
	<time>1970-01-01T00:03:03.227Z</time>
</trkpt>
<trkpt lat="47.3963699" lon="-0.8928240">
	<ele>15.18</ele>
	<time>1970-01-01T00:03:08.766Z</time>
</trkpt>
<trkpt lat="47.3962860" lon="-0.8920970">
	<ele>13.41</ele>
	<time>1970-01-01T00:03:15.806Z</time>
</trkpt>
<trkpt lat="47.3962250" lon="-0.8911940">
	<ele>12.79</ele>
	<time>1970-01-01T00:03:25.201Z</time>
</trkpt>
<trkpt lat="47.3961296" lon="-0.8897610">
	<ele>15.92</ele>
	<time>1970-01-01T00:03:41.211Z</time>
</trkpt>
<trkpt lat="47.3960838" lon="-0.8892370">
	<ele>16.07</ele>
	<time>1970-01-01T00:03:46.879Z</time>
</trkpt>
<trkpt lat="47.3960457" lon="-0.8888890">
	<ele>15.78</ele>
	<time>1970-01-01T00:03:50.883Z</time>
</trkpt>
<trkpt lat="47.3960075" lon="-0.8886180">
	<ele>13.91</ele>
	<time>1970-01-01T00:03:54.271Z</time>
</trkpt>
<trkpt lat="47.3959503" lon="-0.8883740">
	<ele>13.35</ele>
	<time>1970-01-01T00:03:57.355Z</time>
</trkpt>
<trkpt lat="47.3958740" lon="-0.8881080">
	<ele>15.58</ele>
	<time>1970-01-01T00:04:01.419Z</time>
</trkpt>
<trkpt lat="47.3956604" lon="-0.8874910">
	<ele>14.16</ele>
	<time>1970-01-01T00:04:13.037Z</time>
</trkpt>
<trkpt lat="47.3953438" lon="-0.8866320">
	<ele>14.49</ele>
	<time>1970-01-01T00:04:24.372Z</time>
</trkpt>
<trkpt lat="47.3951607" lon="-0.8861320">
	<ele>12.57</ele>
	<time>1970-01-01T00:04:32.949Z</time>
</trkpt>
<trkpt lat="47.3950844" lon="-0.8859400">
	<ele>13.61</ele>
	<time>1970-01-01T00:04:36.635Z</time>
</trkpt>
<trkpt lat="47.3949814" lon="-0.8856480">
	<ele>15.36</ele>
	<time>1970-01-01T00:04:41.792Z</time>
</trkpt>
<trkpt lat="47.3948517" lon="-0.8853030">
	<ele>13.28</ele>
	<time>1970-01-01T00:04:46.429Z</time>
</trkpt>
<trkpt lat="47.3947067" lon="-0.8848420">
	<ele>16.42</ele>
	<time>1970-01-01T00:04:52.117Z</time>
</trkpt>
<trkpt lat="47.3945847" lon="-0.8844650">
	<ele>13.17</ele>
	<time>1970-01-01T00:04:57.187Z</time>
</trkpt>
<trkpt lat="47.3945503" lon="-0.8843420">
	<ele>13.70</ele>
	<time>1970-01-01T00:04:58.939Z</time>
</trkpt>
<trkpt lat="47.3945007" lon="-0.8840900">
	<ele>15.50</ele>
	<time>1970-01-01T00:05:02.648Z</time>
</trkpt>
<trkpt lat="47.3944817" lon="-0.8839690">
	<ele>15.64</ele>
	<time>1970-01-01T00:05:04.293Z</time>
</trkpt>
<trkpt lat="47.3944359" lon="-0.8836250">
	<ele>17.04</ele>
	<time>1970-01-01T00:05:08.701Z</time>
</trkpt>
<trkpt lat="47.3943329" lon="-0.8828780">
	<ele>13.22</ele>
	<time>1970-01-01T00:05:17.127Z</time>
</trkpt>
<trkpt lat="47.3942604" lon="-0.8823570">
	<ele>13.34</ele>
	<time>1970-01-01T00:05:23.258Z</time>
</trkpt>
<trkpt lat="47.3941994" lon="-0.8817940">
	<ele>16.02</ele>
	<time>1970-01-01T00:05:30.042Z</time>
</trkpt>
<trkpt lat="47.3941460" lon="-0.8814980">
	<ele>15.48</ele>
	<time>1970-01-01T00:05:33.959Z</time>
</trkpt>
<trkpt lat="47.3939896" lon="-0.8808920">
	<ele>13.47</ele>
	<time>1970-01-01T00:05:43.757Z</time>
</trkpt>
<trkpt lat="47.3939552" lon="-0.8807710">
	<ele>14.18</ele>
	<time>1970-01-01T00:05:45.664Z</time>
</trkpt>
<trkpt lat="47.3937912" lon="-0.8801560">
	<ele>13.36</ele>
	<time>1970-01-01T00:05:53.507Z</time>
</trkpt>
<trkpt lat="47.3936653" lon="-0.8796620">
	<ele>15.03</ele>
	<time>1970-01-01T00:05:59.589Z</time>
</trkpt>
<trkpt lat="47.3935432" lon="-0.8792020">
	<ele>13.84</ele>
	<time>1970-01-01T00:06:05.079Z</time>
</trkpt>
<trkpt lat="47.3933372" lon="-0.8784560">
	<ele>15.82</ele>
	<time>1970-01-01T00:06:13.685Z</time>
</trkpt>
<trkpt lat="47.3931847" lon="-0.8778950">
	<ele>13.15</ele>
	<time>1970-01-01T00:06:21.415Z</time>
</trkpt>
<trkpt lat="47.3925514" lon="-0.8755170">
	<ele>15.05</ele>
	<time>1970-01-01T00:07:01.583Z</time>
</trkpt>
<trkpt lat="47.3924332" lon="-0.8750270">
	<ele>13.88</ele>
	<time>1970-01-01T00:07:08.109Z</time>
</trkpt>
<trkpt lat="47.3923645" lon="-0.8746480">
	<ele>13.24</ele>
	<time>1970-01-01T00:07:13.434Z</time>
</trkpt>
<trkpt lat="47.3923340" lon="-0.8743930">
	<ele>13.89</ele>
	<time>1970-01-01T00:07:17.166Z</time>
</trkpt>
<trkpt lat="47.3923073" lon="-0.8740610">
	<ele>14.46</ele>
	<time>1970-01-01T00:07:21.726Z</time>
</trkpt>
<trkpt lat="47.3922615" lon="-0.8726320">
	<ele>15.85</ele>
	<time>1970-01-01T00:07:36.100Z</time>
</trkpt>
<trkpt lat="47.3922234" lon="-0.8716090">
	<ele>16.90</ele>
	<time>1970-01-01T00:07:48.968Z</time>
</trkpt>
<trkpt lat="47.3922157" lon="-0.8714730">
	<ele>16.30</ele>
	<time>1970-01-01T00:07:50.752Z</time>
</trkpt>
<trkpt lat="47.3921967" lon="-0.8713700">
	<ele>15.95</ele>
	<time>1970-01-01T00:07:52.171Z</time>
</trkpt>
<trkpt lat="47.3921547" lon="-0.8711560">
	<ele>15.73</ele>
	<time>1970-01-01T00:07:55.365Z</time>
</trkpt>
<trkpt lat="47.3921776" lon="-0.8711320">
	<ele>15.91</ele>
	<time>1970-01-01T00:07:55.922Z</time>
</trkpt>
<trkpt lat="47.3922005" lon="-0.8710370">
	<ele>15.75</ele>
	<time>1970-01-01T00:07:57.504Z</time>
</trkpt>
<trkpt lat="47.3921509" lon="-0.8695950">
	<ele>13.66</ele>
	<time>1970-01-01T00:08:15.953Z</time>
</trkpt>
<trkpt lat="47.3921051" lon="-0.8682990">
	<ele>13.75</ele>
	<time>1970-01-01T00:08:28.876Z</time>
</trkpt>
<trkpt lat="47.3920975" lon="-0.8679820">
	<ele>13.17</ele>
	<time>1970-01-01T00:08:32.400Z</time>
</trkpt>
<trkpt lat="47.3920746" lon="-0.8673850">
	<ele>13.69</ele>
	<time>1970-01-01T00:08:39.252Z</time>
</trkpt>
<trkpt lat="47.3920784" lon="-0.8671160">
	<ele>13.44</ele>
	<time>1970-01-01T00:08:42.376Z</time>
</trkpt>
<trkpt lat="47.3920898" lon="-0.8667200">
	<ele>13.63</ele>
	<time>1970-01-01T00:08:47.416Z</time>
</trkpt>
<trkpt lat="47.3920937" lon="-0.8666470">
	<ele>13.75</ele>
	<time>1970-01-01T00:08:48.493Z</time>
</trkpt>
<trkpt lat="47.3921356" lon="-0.8659520">
	<ele>14.75</ele>
	<time>1970-01-01T00:08:59.508Z</time>
</trkpt>
<trkpt lat="47.3922729" lon="-0.8633430">
	<ele>15.58</ele>
	<time>1970-01-01T00:09:37.259Z</time>
</trkpt>
<trkpt lat="47.3923187" lon="-0.8624790">
	<ele>15.18</ele>
	<time>1970-01-01T00:09:55.035Z</time>
</trkpt>
<trkpt lat="47.3923187" lon="-0.8624550">
	<ele>15.10</ele>
	<time>1970-01-01T00:09:55.509Z</time>
</trkpt>
<trkpt lat="47.3923187" lon="-0.8623560">
	<ele>14.72</ele>
	<time>1970-01-01T00:09:57.034Z</time>
</trkpt>
<trkpt lat="47.3922806" lon="-0.8620510">
	<ele>15.24</ele>
	<time>1970-01-01T00:10:01.568Z</time>
</trkpt>
<trkpt lat="47.3922424" lon="-0.8619120">
	<ele>15.96</ele>
	<time>1970-01-01T00:10:03.680Z</time>
</trkpt>
<trkpt lat="47.3921776" lon="-0.8617210">
	<ele>16.24</ele>
	<time>1970-01-01T00:10:06.697Z</time>
</trkpt>
<trkpt lat="47.3920135" lon="-0.8613230">
	<ele>15.82</ele>
	<time>1970-01-01T00:10:13.121Z</time>
</trkpt>
<trkpt lat="47.3919945" lon="-0.8612740">
	<ele>16.18</ele>
	<time>1970-01-01T00:10:13.842Z</time>
</trkpt>
<trkpt lat="47.3919563" lon="-0.8611370">
	<ele>16.93</ele>
	<time>1970-01-01T00:10:15.815Z</time>
</trkpt>
<trkpt lat="47.3919258" lon="-0.8610680">
	<ele>17.03</ele>
	<time>1970-01-01T00:10:16.885Z</time>
</trkpt>
<trkpt lat="47.3919067" lon="-0.8610210">
	<ele>17.00</ele>
	<time>1970-01-01T00:10:17.596Z</time>
</trkpt>
<trkpt lat="47.3917236" lon="-0.8606320">
	<ele>15.69</ele>
	<time>1970-01-01T00:10:24.720Z</time>
</trkpt>
<trkpt lat="47.3916435" lon="-0.8604250">
	<ele>16.24</ele>
	<time>1970-01-01T00:10:28.138Z</time>
</trkpt>
<trkpt lat="47.3915482" lon="-0.8601970">
	<ele>15.64</ele>
	<time>1970-01-01T00:10:31.415Z</time>
</trkpt>
<trkpt lat="47.3913918" lon="-0.8599890">
	<ele>15.92</ele>
	<time>1970-01-01T00:10:35.136Z</time>
</trkpt>
<trkpt lat="47.3910408" lon="-0.8597090">
	<ele>15.18</ele>
	<time>1970-01-01T00:10:42.490Z</time>
</trkpt>
<trkpt lat="47.3909302" lon="-0.8596200">
	<ele>14.94</ele>
	<time>1970-01-01T00:10:44.830Z</time>
</trkpt>
<trkpt lat="47.3908958" lon="-0.8595930">
	<ele>15.01</ele>
	<time>1970-01-01T00:10:45.499Z</time>
</trkpt>
<trkpt lat="47.3907967" lon="-0.8595210">
	<ele>15.42</ele>
	<time>1970-01-01T00:10:47.382Z</time>
</trkpt>
<trkpt lat="47.3906898" lon="-0.8594440">
	<ele>15.83</ele>
	<time>1970-01-01T00:10:49.570Z</time>
</trkpt>
<trkpt lat="47.3905182" lon="-0.8592770">
	<ele>15.13</ele>
	<time>1970-01-01T00:10:53.437Z</time>
</trkpt>
<trkpt lat="47.3902130" lon="-0.8589930">
	<ele>15.18</ele>
	<time>1970-01-01T00:11:01.902Z</time>
</trkpt>
<trkpt lat="47.3901062" lon="-0.8588680">
	<ele>15.52</ele>
	<time>1970-01-01T00:11:05.318Z</time>
</trkpt>
<trkpt lat="47.3900337" lon="-0.8587820">
	<ele>16.19</ele>
	<time>1970-01-01T00:11:07.666Z</time>
</trkpt>
<trkpt lat="47.3899612" lon="-0.8586490">
	<ele>16.20</ele>
	<time>1970-01-01T00:11:10.808Z</time>
</trkpt>
<trkpt lat="47.3897629" lon="-0.8583110">
	<ele>16.65</ele>
	<time>1970-01-01T00:11:20.413Z</time>
</trkpt>
<trkpt lat="47.3897057" lon="-0.8581980">
	<ele>16.44</ele>
	<time>1970-01-01T00:11:23.037Z</time>
</trkpt>
<trkpt lat="47.3896980" lon="-0.8581810">
	<ele>16.29</ele>
	<time>1970-01-01T00:11:23.504Z</time>
</trkpt>
<trkpt lat="47.3895226" lon="-0.8576770">
	<ele>14.57</ele>
	<time>1970-01-01T00:11:33.455Z</time>
</trkpt>
<trkpt lat="47.3893242" lon="-0.8569350">
	<ele>16.02</ele>
	<time>1970-01-01T00:11:44.408Z</time>
</trkpt>
<trkpt lat="47.3893089" lon="-0.8568730">
	<ele>15.96</ele>
	<time>1970-01-01T00:11:45.240Z</time>
</trkpt>
<trkpt lat="47.3892975" lon="-0.8568320">
	<ele>15.91</ele>
	<time>1970-01-01T00:11:45.739Z</time>
</trkpt>
<trkpt lat="47.3892784" lon="-0.8567710">
	<ele>15.89</ele>
	<time>1970-01-01T00:11:46.571Z</time>
</trkpt>
<trkpt lat="47.3890724" lon="-0.8561350">
	<ele>17.48</ele>
	<time>1970-01-01T00:11:56.958Z</time>
</trkpt>
<trkpt lat="47.3889809" lon="-0.8558530">
	<ele>15.93</ele>
	<time>1970-01-01T00:12:02.020Z</time>
</trkpt>
<trkpt lat="47.3889427" lon="-0.8557350">
	<ele>16.43</ele>
	<time>1970-01-01T00:12:04.195Z</time>
</trkpt>
<trkpt lat="47.3889542" lon="-0.8556830">
	<ele>16.27</ele>
	<time>1970-01-01T00:12:04.991Z</time>
</trkpt>
<trkpt lat="47.3889580" lon="-0.8556390">
	<ele>16.20</ele>
	<time>1970-01-01T00:12:05.545Z</time>
</trkpt>
<trkpt lat="47.3887711" lon="-0.8551250">
	<ele>14.34</ele>
	<time>1970-01-01T00:12:15.555Z</time>
</trkpt>
<trkpt lat="47.3885765" lon="-0.8544970">
	<ele>16.63</ele>
	<time>1970-01-01T00:12:24.969Z</time>
</trkpt>
<trkpt lat="47.3884850" lon="-0.8542420">
	<ele>14.67</ele>
	<time>1970-01-01T00:12:28.619Z</time>
</trkpt>
<trkpt lat="47.3884087" lon="-0.8539930">
	<ele>15.94</ele>
	<time>1970-01-01T00:12:32.108Z</time>
</trkpt>
<trkpt lat="47.3881874" lon="-0.8533900">
	<ele>14.42</ele>
	<time>1970-01-01T00:12:47.739Z</time>
</trkpt>
<trkpt lat="47.3879776" lon="-0.8527670">
	<ele>15.32</ele>
	<time>1970-01-01T00:13:02.533Z</time>
</trkpt>
<trkpt lat="47.3878098" lon="-0.8523150">
	<ele>16.11</ele>
	<time>1970-01-01T00:13:11.560Z</time>
</trkpt>
<trkpt lat="47.3876305" lon="-0.8518980">
	<ele>14.05</ele>
	<time>1970-01-01T00:13:18.026Z</time>
</trkpt>
<trkpt lat="47.3875427" lon="-0.8517390">
	<ele>16.57</ele>
	<time>1970-01-01T00:13:19.780Z</time>
</trkpt>
<trkpt lat="47.3874588" lon="-0.8515430">
	<ele>15.12</ele>
	<time>1970-01-01T00:13:21.883Z</time>
</trkpt>
<trkpt lat="47.3872032" lon="-0.8511270">
	<ele>16.55</ele>
	<time>1970-01-01T00:13:29.108Z</time>
</trkpt>
<trkpt lat="47.3870201" lon="-0.8507930">
	<ele>14.92</ele>
	<time>1970-01-01T00:13:36.053Z</time>
</trkpt>
<trkpt lat="47.3868332" lon="-0.8504920">
	<ele>15.88</ele>
	<time>1970-01-01T00:13:43.129Z</time>
</trkpt>
<trkpt lat="47.3867683" lon="-0.8504790">
	<ele>16.81</ele>
	<time>1970-01-01T00:13:44.979Z</time>
</trkpt>
<trkpt lat="47.3875313" lon="-0.8495000">
	<ele>15.67</ele>
	<time>1970-01-01T00:13:54.591Z</time>
</trkpt>
<trkpt lat="47.3875580" lon="-0.8494650">
	<ele>15.85</ele>
	<time>1970-01-01T00:13:55.031Z</time>
</trkpt>
<trkpt lat="47.3878212" lon="-0.8491190">
	<ele>14.74</ele>
	<time>1970-01-01T00:13:59.432Z</time>
</trkpt>
<trkpt lat="47.3879166" lon="-0.8489720">
	<ele>14.08</ele>
	<time>1970-01-01T00:14:01.269Z</time>
</trkpt>
<trkpt lat="47.3879700" lon="-0.8489350">
	<ele>14.04</ele>
	<time>1970-01-01T00:14:02.024Z</time>
</trkpt>
<trkpt lat="47.3880157" lon="-0.8489300">
	<ele>14.01</ele>
	<time>1970-01-01T00:14:02.662Z</time>
</trkpt>
<trkpt lat="47.3882713" lon="-0.8490320">
	<ele>13.00</ele>
	<time>1970-01-01T00:14:06.641Z</time>
</trkpt>
<trkpt lat="47.3886642" lon="-0.8492230">
	<ele>12.98</ele>
	<time>1970-01-01T00:14:13.170Z</time>
</trkpt>
<trkpt lat="47.3887062" lon="-0.8492280">
	<ele>12.98</ele>
	<time>1970-01-01T00:14:13.906Z</time>
</trkpt>
<trkpt lat="47.3887482" lon="-0.8492160">
	<ele>13.00</ele>
	<time>1970-01-01T00:14:14.646Z</time>
</trkpt>
<trkpt lat="47.3887901" lon="-0.8491850">
	<ele>13.00</ele>
	<time>1970-01-01T00:14:15.391Z</time>
</trkpt>
<trkpt lat="47.3890228" lon="-0.8489350">
	<ele>13.47</ele>
	<time>1970-01-01T00:14:20.245Z</time>
</trkpt>
<trkpt lat="47.3890915" lon="-0.8488730">
	<ele>13.87</ele>
	<time>1970-01-01T00:14:21.635Z</time>
</trkpt>
<trkpt lat="47.3891106" lon="-0.8488380">
	<ele>13.98</ele>
	<time>1970-01-01T00:14:22.256Z</time>
</trkpt>
<trkpt lat="47.3891296" lon="-0.8487710">
	<ele>14.08</ele>
	<time>1970-01-01T00:14:23.034Z</time>
</trkpt>
<trkpt lat="47.3891792" lon="-0.8484980">
	<ele>13.65</ele>
	<time>1970-01-01T00:14:26.331Z</time>
</trkpt>
<trkpt lat="47.3892403" lon="-0.8482340">
	<ele>12.44</ele>
	<time>1970-01-01T00:14:29.666Z</time>
</trkpt>
<trkpt lat="47.3893013" lon="-0.8479070">
	<ele>12.73</ele>
	<time>1970-01-01T00:14:32.180Z</time>
</trkpt>
<trkpt lat="47.3893433" lon="-0.8476240">
	<ele>13.02</ele>
	<time>1970-01-01T00:14:34.608Z</time>
</trkpt>
<trkpt lat="47.3893661" lon="-0.8473770">
	<ele>13.00</ele>
	<time>1970-01-01T00:14:36.845Z</time>
</trkpt>
<trkpt lat="47.3893814" lon="-0.8469920">
	<ele>13.00</ele>
	<time>1970-01-01T00:14:40.326Z</time>
</trkpt>
<trkpt lat="47.3893814" lon="-0.8464790">
	<ele>12.99</ele>
	<time>1970-01-01T00:14:45.423Z</time>
</trkpt>
<trkpt lat="47.3893585" lon="-0.8462360">
	<ele>12.25</ele>
	<time>1970-01-01T00:14:48.056Z</time>
</trkpt>
<trkpt lat="47.3892326" lon="-0.8452870">
	<ele>12.80</ele>
	<time>1970-01-01T00:14:58.372Z</time>
</trkpt>
<trkpt lat="47.3891449" lon="-0.8446410">
	<ele>13.77</ele>
	<time>1970-01-01T00:15:06.398Z</time>
</trkpt>
<trkpt lat="47.3890762" lon="-0.8440830">
	<ele>12.87</ele>
	<time>1970-01-01T00:15:14.695Z</time>
</trkpt>
<trkpt lat="47.3889542" lon="-0.8434580">
	<ele>12.97</ele>
	<time>1970-01-01T00:15:24.171Z</time>
</trkpt>
<trkpt lat="47.3889084" lon="-0.8433050">
	<ele>13.03</ele>
	<time>1970-01-01T00:15:26.586Z</time>
</trkpt>
<trkpt lat="47.3888168" lon="-0.8431470">
	<ele>12.93</ele>
	<time>1970-01-01T00:15:29.514Z</time>
</trkpt>
<trkpt lat="47.3882942" lon="-0.8425170">
	<ele>13.00</ele>
	<time>1970-01-01T00:15:40.064Z</time>
</trkpt>
<trkpt lat="47.3874168" lon="-0.8414010">
	<ele>13.00</ele>
	<time>1970-01-01T00:16:00.220Z</time>
</trkpt>
<trkpt lat="47.3873482" lon="-0.8412780">
	<ele>13.00</ele>
	<time>1970-01-01T00:16:02.292Z</time>
</trkpt>
<trkpt lat="47.3869858" lon="-0.8405590">
	<ele>13.95</ele>
	<time>1970-01-01T00:16:13.352Z</time>
</trkpt>
<trkpt lat="47.3868294" lon="-0.8403230">
	<ele>13.09</ele>
	<time>1970-01-01T00:16:17.460Z</time>
</trkpt>
<trkpt lat="47.3865852" lon="-0.8399930">
	<ele>13.00</ele>
	<time>1970-01-01T00:16:23.567Z</time>
</trkpt>
<trkpt lat="47.3863716" lon="-0.8397160">
	<ele>13.00</ele>
	<time>1970-01-01T00:16:28.867Z</time>
</trkpt>
<trkpt lat="47.3862038" lon="-0.8394720">
	<ele>13.05</ele>
	<time>1970-01-01T00:16:33.453Z</time>
</trkpt>
<trkpt lat="47.3861008" lon="-0.8393030">
	<ele>13.01</ele>
	<time>1970-01-01T00:16:36.419Z</time>
</trkpt>
<trkpt lat="47.3860245" lon="-0.8391230">
	<ele>13.08</ele>
	<time>1970-01-01T00:16:39.023Z</time>
</trkpt>
<trkpt lat="47.3859329" lon="-0.8391800">
	<ele>13.04</ele>
	<time>1970-01-01T00:16:40.819Z</time>
</trkpt>
<trkpt lat="47.3857803" lon="-0.8392950">
	<ele>13.06</ele>
	<time>1970-01-01T00:16:43.932Z</time>
</trkpt>
<trkpt lat="47.3856773" lon="-0.8393590">
	<ele>13.45</ele>
	<time>1970-01-01T00:16:45.903Z</time>
</trkpt>
<trkpt lat="47.3856583" lon="-0.8393570">
	<ele>13.51</ele>
	<time>1970-01-01T00:16:46.255Z</time>
</trkpt>
<trkpt lat="47.3855820" lon="-0.8393460">
	<ele>13.70</ele>
	<time>1970-01-01T00:16:47.835Z</time>
</trkpt>
<trkpt lat="47.3854256" lon="-0.8392390">
	<ele>13.64</ele>
	<time>1970-01-01T00:16:51.366Z</time>
</trkpt>
<trkpt lat="47.3852730" lon="-0.8391020">
	<ele>13.82</ele>
	<time>1970-01-01T00:16:55.013Z</time>
</trkpt>
<trkpt lat="47.3852081" lon="-0.8390460">
	<ele>13.69</ele>
	<time>1970-01-01T00:16:56.556Z</time>
</trkpt>
<trkpt lat="47.3850174" lon="-0.8388530">
	<ele>13.85</ele>
	<time>1970-01-01T00:17:01.458Z</time>
</trkpt>
<trkpt lat="47.3848534" lon="-0.8386170">
	<ele>13.68</ele>
	<time>1970-01-01T00:17:06.859Z</time>
</trkpt>
<trkpt lat="47.3847885" lon="-0.8384930">
	<ele>13.81</ele>
	<time>1970-01-01T00:17:09.424Z</time>
</trkpt>
<trkpt lat="47.3846970" lon="-0.8380340">
	<ele>14.05</ele>
	<time>1970-01-01T00:17:16.727Z</time>
</trkpt>
<trkpt lat="47.3846283" lon="-0.8378060">
	<ele>14.51</ele>
	<time>1970-01-01T00:17:20.646Z</time>
</trkpt>
<trkpt lat="47.3843040" lon="-0.8369590">
	<ele>13.62</ele>
	<time>1970-01-01T00:17:35.326Z</time>
</trkpt>
<trkpt lat="47.3838463" lon="-0.8359050">
	<ele>13.65</ele>
	<time>1970-01-01T00:17:51.598Z</time>
</trkpt>
<trkpt lat="47.3837242" lon="-0.8355700">
	<ele>12.79</ele>
	<time>1970-01-01T00:17:56.534Z</time>
</trkpt>
<trkpt lat="47.3836823" lon="-0.8354170">
	<ele>13.25</ele>
	<time>1970-01-01T00:17:58.739Z</time>
</trkpt>
<trkpt lat="47.3836403" lon="-0.8352410">
	<ele>14.28</ele>
	<time>1970-01-01T00:18:01.108Z</time>
</trkpt>
<trkpt lat="47.3835030" lon="-0.8345580">
	<ele>12.82</ele>
	<time>1970-01-01T00:18:10.216Z</time>
</trkpt>
<trkpt lat="47.3834381" lon="-0.8343240">
	<ele>12.93</ele>
	<time>1970-01-01T00:18:13.411Z</time>
</trkpt>
<trkpt lat="47.3833427" lon="-0.8340870">
	<ele>14.19</ele>
	<time>1970-01-01T00:18:16.939Z</time>
</trkpt>
<trkpt lat="47.3832741" lon="-0.8339350">
	<ele>13.79</ele>
	<time>1970-01-01T00:18:19.288Z</time>
</trkpt>
<trkpt lat="47.3828773" lon="-0.8331070">
	<ele>13.31</ele>
	<time>1970-01-01T00:18:31.049Z</time>
</trkpt>
<trkpt lat="47.3826370" lon="-0.8326520">
	<ele>13.39</ele>
	<time>1970-01-01T00:18:36.784Z</time>
</trkpt>
<trkpt lat="47.3824577" lon="-0.8323910">
	<ele>13.72</ele>
	<time>1970-01-01T00:18:40.325Z</time>
</trkpt>
<trkpt lat="47.3821106" lon="-0.8319630">
	<ele>13.31</ele>
	<time>1970-01-01T00:18:47.525Z</time>
</trkpt>
<trkpt lat="47.3815994" lon="-0.8312820">
	<ele>13.92</ele>
	<time>1970-01-01T00:19:00.541Z</time>
</trkpt>
<trkpt lat="47.3813362" lon="-0.8309780">
	<ele>13.98</ele>
	<time>1970-01-01T00:19:07.132Z</time>
</trkpt>
<trkpt lat="47.3811798" lon="-0.8308220">
	<ele>14.17</ele>
	<time>1970-01-01T00:19:11.052Z</time>
</trkpt>
<trkpt lat="47.3798561" lon="-0.8296580">
	<ele>13.71</ele>
	<time>1970-01-01T00:19:41.003Z</time>
</trkpt>
<trkpt lat="47.3795547" lon="-0.8294080">
	<ele>13.50</ele>
	<time>1970-01-01T00:19:52.708Z</time>
</trkpt>
<trkpt lat="47.3791046" lon="-0.8289640">
	<ele>13.51</ele>
	<time>1970-01-01T00:20:05.053Z</time>
</trkpt>
<trkpt lat="47.3788567" lon="-0.8286820">
	<ele>13.43</ele>
	<time>1970-01-01T00:20:12.103Z</time>
</trkpt>
<trkpt lat="47.3785782" lon="-0.8283120">
	<ele>13.91</ele>
	<time>1970-01-01T00:20:20.544Z</time>
</trkpt>
<trkpt lat="47.3779945" lon="-0.8272980">
	<ele>13.68</ele>
	<time>1970-01-01T00:20:45.599Z</time>
</trkpt>
<trkpt lat="47.3775444" lon="-0.8262760">
	<ele>13.60</ele>
	<time>1970-01-01T00:20:59.317Z</time>
</trkpt>
<trkpt lat="47.3772354" lon="-0.8254040">
	<ele>13.66</ele>
	<time>1970-01-01T00:21:08.102Z</time>
</trkpt>
<trkpt lat="47.3770561" lon="-0.8247010">
	<ele>13.51</ele>
	<time>1970-01-01T00:21:16.367Z</time>
</trkpt>
<trkpt lat="47.3768311" lon="-0.8235640">
	<ele>13.28</ele>
	<time>1970-01-01T00:21:30.839Z</time>
</trkpt>
<trkpt lat="47.3765068" lon="-0.8217770">
	<ele>13.93</ele>
	<time>1970-01-01T00:21:57.763Z</time>
</trkpt>
<trkpt lat="47.3762970" lon="-0.8209070">
	<ele>14.19</ele>
	<time>1970-01-01T00:22:10.635Z</time>
</trkpt>
<trkpt lat="47.3762016" lon="-0.8203760">
	<ele>13.41</ele>
	<time>1970-01-01T00:22:17.469Z</time>
</trkpt>
<trkpt lat="47.3761063" lon="-0.8200200">
	<ele>14.93</ele>
	<time>1970-01-01T00:22:22.033Z</time>
</trkpt>
<trkpt lat="47.3759193" lon="-0.8194710">
	<ele>13.29</ele>
	<time>1970-01-01T00:22:28.366Z</time>
</trkpt>
<trkpt lat="47.3757629" lon="-0.8189700">
	<ele>13.60</ele>
	<time>1970-01-01T00:22:33.962Z</time>
</trkpt>
<trkpt lat="47.3755836" lon="-0.8182090">
	<ele>14.15</ele>
	<time>1970-01-01T00:22:42.419Z</time>
</trkpt>
<trkpt lat="47.3754768" lon="-0.8179020">
	<ele>13.48</ele>
	<time>1970-01-01T00:22:46.489Z</time>
</trkpt>
<trkpt lat="47.3752174" lon="-0.8170890">
	<ele>13.65</ele>
	<time>1970-01-01T00:22:57.388Z</time>
</trkpt>
<trkpt lat="47.3749619" lon="-0.8163700">
	<ele>13.84</ele>
	<time>1970-01-01T00:23:06.429Z</time>
</trkpt>
<trkpt lat="47.3747864" lon="-0.8158580">
	<ele>14.98</ele>
	<time>1970-01-01T00:23:11.921Z</time>
</trkpt>
<trkpt lat="47.3741722" lon="-0.8138340">
	<ele>15.28</ele>
	<time>1970-01-01T00:23:46.799Z</time>
</trkpt>
<trkpt lat="47.3740883" lon="-0.8135380">
	<ele>15.42</ele>
	<time>1970-01-01T00:23:51.703Z</time>
</trkpt>
<trkpt lat="47.3740387" lon="-0.8133170">
	<ele>15.20</ele>
	<time>1970-01-01T00:23:55.733Z</time>
</trkpt>
<trkpt lat="47.3740120" lon="-0.8131530">
	<ele>14.28</ele>
	<time>1970-01-01T00:23:58.522Z</time>
</trkpt>
<trkpt lat="47.3740044" lon="-0.8130160">
	<ele>14.03</ele>
	<time>1970-01-01T00:24:00.756Z</time>
</trkpt>
<trkpt lat="47.3740005" lon="-0.8127290">
	<ele>14.62</ele>
	<time>1970-01-01T00:24:05.772Z</time>
</trkpt>
<trkpt lat="47.3740005" lon="-0.8123810">
	<ele>12.82</ele>
	<time>1970-01-01T00:24:11.318Z</time>
</trkpt>
<trkpt lat="47.3739929" lon="-0.8119660">
	<ele>13.31</ele>
	<time>1970-01-01T00:24:16.220Z</time>
</trkpt>
<trkpt lat="47.3739662" lon="-0.8117320">
	<ele>14.01</ele>
	<time>1970-01-01T00:24:18.782Z</time>
</trkpt>
<trkpt lat="47.3738937" lon="-0.8114020">
	<ele>15.97</ele>
	<time>1970-01-01T00:24:22.394Z</time>
</trkpt>
<trkpt lat="47.3738518" lon="-0.8111340">
	<ele>15.82</ele>
	<time>1970-01-01T00:24:25.260Z</time>
</trkpt>
<trkpt lat="47.3737907" lon="-0.8107760">
	<ele>14.86</ele>
	<time>1970-01-01T00:24:29.242Z</time>
</trkpt>
<trkpt lat="47.3737602" lon="-0.8104860">
	<ele>14.78</ele>
	<time>1970-01-01T00:24:32.306Z</time>
</trkpt>
<trkpt lat="47.3737259" lon="-0.8102540">
	<ele>14.35</ele>
	<time>1970-01-01T00:24:34.753Z</time>
</trkpt>
<trkpt lat="47.3736229" lon="-0.8098250">
	<ele>15.08</ele>
	<time>1970-01-01T00:24:39.345Z</time>
</trkpt>
<trkpt lat="47.3735237" lon="-0.8094870">
	<ele>15.12</ele>
	<time>1970-01-01T00:24:43.560Z</time>
</trkpt>
<trkpt lat="47.3733635" lon="-0.8090170">
	<ele>15.77</ele>
	<time>1970-01-01T00:24:50.486Z</time>
</trkpt>
<trkpt lat="47.3731651" lon="-0.8084850">
	<ele>14.73</ele>
	<time>1970-01-01T00:24:59.286Z</time>
</trkpt>
<trkpt lat="47.3728523" lon="-0.8077400">
	<ele>14.66</ele>
	<time>1970-01-01T00:25:10.610Z</time>
</trkpt>
<trkpt lat="47.3727837" lon="-0.8075640">
	<ele>15.81</ele>
	<time>1970-01-01T00:25:13.160Z</time>
</trkpt>
<trkpt lat="47.3726540" lon="-0.8071360">
	<ele>13.63</ele>
	<time>1970-01-01T00:25:19.088Z</time>
</trkpt>
<trkpt lat="47.3726196" lon="-0.8069750">
	<ele>13.83</ele>
	<time>1970-01-01T00:25:21.283Z</time>
</trkpt>
<trkpt lat="47.3720360" lon="-0.8046450">
	<ele>14.28</ele>
	<time>1970-01-01T00:25:48.507Z</time>
</trkpt>
<trkpt lat="47.3719139" lon="-0.8041220">
	<ele>15.87</ele>
	<time>1970-01-01T00:25:54.893Z</time>
</trkpt>
<trkpt lat="47.3718529" lon="-0.8036540">
	<ele>15.11</ele>
	<time>1970-01-01T00:26:01.213Z</time>
</trkpt>
<trkpt lat="47.3717918" lon="-0.8032560">
	<ele>14.55</ele>
	<time>1970-01-01T00:26:07.266Z</time>
</trkpt>
<trkpt lat="47.3716393" lon="-0.8026560">
	<ele>15.29</ele>
	<time>1970-01-01T00:26:17.816Z</time>
</trkpt>
<trkpt lat="47.3715515" lon="-0.8022200">
	<ele>16.66</ele>
	<time>1970-01-01T00:26:23.850Z</time>
</trkpt>
<trkpt lat="47.3714790" lon="-0.8022110">
	<ele>16.35</ele>
	<time>1970-01-01T00:26:25.254Z</time>
</trkpt>
<trkpt lat="47.3712959" lon="-0.8021510">
	<ele>15.26</ele>
	<time>1970-01-01T00:26:28.495Z</time>
</trkpt>
<trkpt lat="47.3711700" lon="-0.8021350">
	<ele>14.76</ele>
	<time>1970-01-01T00:26:30.556Z</time>
</trkpt>
<trkpt lat="47.3710518" lon="-0.8021820">
	<ele>14.70</ele>
	<time>1970-01-01T00:26:32.531Z</time>
</trkpt>
<trkpt lat="47.3695755" lon="-0.8029410">
	<ele>14.24</ele>
	<time>1970-01-01T00:27:01.203Z</time>
</trkpt>
<trkpt lat="47.3695145" lon="-0.8029450">
	<ele>14.64</ele>
	<time>1970-01-01T00:27:02.366Z</time>
</trkpt>
<trkpt lat="47.3694534" lon="-0.8029230">
	<ele>14.72</ele>
	<time>1970-01-01T00:27:03.531Z</time>
</trkpt>
<trkpt lat="47.3694000" lon="-0.8028610">
	<ele>14.25</ele>
	<time>1970-01-01T00:27:04.953Z</time>
</trkpt>
<trkpt lat="47.3688812" lon="-0.8019400">
	<ele>14.99</ele>
	<time>1970-01-01T00:27:19.898Z</time>
</trkpt>
<trkpt lat="47.3683891" lon="-0.8010820">
	<ele>14.72</ele>
	<time>1970-01-01T00:27:35.447Z</time>
</trkpt>
<trkpt lat="47.3681488" lon="-0.8007320">
	<ele>14.66</ele>
	<time>1970-01-01T00:27:41.396Z</time>
</trkpt>
<trkpt lat="47.3678932" lon="-0.8003770">
	<ele>14.97</ele>
	<time>1970-01-01T00:27:46.999Z</time>
</trkpt>
<trkpt lat="47.3678169" lon="-0.8002560">
	<ele>14.99</ele>
	<time>1970-01-01T00:27:48.781Z</time>
</trkpt>
<trkpt lat="47.3677177" lon="-0.8000710">
	<ele>15.15</ele>
	<time>1970-01-01T00:27:51.666Z</time>
</trkpt>
<trkpt lat="47.3675385" lon="-0.7996750">
	<ele>15.95</ele>
	<time>1970-01-01T00:27:57.831Z</time>
</trkpt>
<trkpt lat="47.3674698" lon="-0.7994850">
	<ele>15.03</ele>
	<time>1970-01-01T00:28:00.736Z</time>
</trkpt>
<trkpt lat="47.3674202" lon="-0.7992970">
	<ele>13.91</ele>
	<time>1970-01-01T00:28:03.609Z</time>
</trkpt>
<trkpt lat="47.3673706" lon="-0.7990750">
	<ele>13.24</ele>
	<time>1970-01-01T00:28:07.210Z</time>
</trkpt>
<trkpt lat="47.3672638" lon="-0.7985370">
	<ele>14.40</ele>
	<time>1970-01-01T00:28:15.710Z</time>
</trkpt>
<trkpt lat="47.3669510" lon="-0.7970570">
	<ele>15.12</ele>
	<time>1970-01-01T00:28:38.955Z</time>
</trkpt>
<trkpt lat="47.3669205" lon="-0.7968790">
	<ele>14.87</ele>
	<time>1970-01-01T00:28:41.859Z</time>
</trkpt>
<trkpt lat="47.3668976" lon="-0.7966290">
	<ele>14.70</ele>
	<time>1970-01-01T00:28:46.198Z</time>
</trkpt>
<trkpt lat="47.3668976" lon="-0.7960610">
	<ele>14.86</ele>
	<time>1970-01-01T00:28:54.255Z</time>
</trkpt>
<trkpt lat="47.3668709" lon="-0.7958660">
	<ele>14.32</ele>
	<time>1970-01-01T00:28:56.983Z</time>
</trkpt>
<trkpt lat="47.3668327" lon="-0.7957070">
	<ele>14.45</ele>
	<time>1970-01-01T00:28:59.320Z</time>
</trkpt>
<trkpt lat="47.3667946" lon="-0.7956060">
	<ele>14.68</ele>
	<time>1970-01-01T00:29:00.926Z</time>
</trkpt>
<trkpt lat="47.3666534" lon="-0.7953400">
	<ele>15.03</ele>
	<time>1970-01-01T00:29:05.342Z</time>
</trkpt>
<trkpt lat="47.3666115" lon="-0.7952430">
	<ele>14.69</ele>
	<time>1970-01-01T00:29:06.917Z</time>
</trkpt>
<trkpt lat="47.3665695" lon="-0.7951110">
	<ele>13.97</ele>
	<time>1970-01-01T00:29:08.835Z</time>
</trkpt>
<trkpt lat="47.3665199" lon="-0.7949370">
	<ele>13.41</ele>
	<time>1970-01-01T00:29:11.113Z</time>
</trkpt>
<trkpt lat="47.3664131" lon="-0.7944400">
	<ele>15.03</ele>
	<time>1970-01-01T00:29:16.844Z</time>
</trkpt>
<trkpt lat="47.3663712" lon="-0.7941880">
	<ele>14.96</ele>
	<time>1970-01-01T00:29:19.880Z</time>
</trkpt>
<trkpt lat="47.3663521" lon="-0.7940030">
	<ele>14.87</ele>
	<time>1970-01-01T00:29:22.036Z</time>
</trkpt>
<trkpt lat="47.3663406" lon="-0.7938480">
	<ele>14.81</ele>
	<time>1970-01-01T00:29:24.023Z</time>
</trkpt>
<trkpt lat="47.3663406" lon="-0.7936930">
	<ele>14.81</ele>
	<time>1970-01-01T00:29:26.013Z</time>
</trkpt>
<trkpt lat="47.3663712" lon="-0.7932980">
	<ele>14.96</ele>
	<time>1970-01-01T00:29:31.297Z</time>
</trkpt>
<trkpt lat="47.3664742" lon="-0.7923010">
	<ele>13.61</ele>
	<time>1970-01-01T00:29:42.200Z</time>
</trkpt>
<trkpt lat="47.3664246" lon="-0.7920920">
	<ele>15.01</ele>
	<time>1970-01-01T00:29:44.943Z</time>
</trkpt>
<trkpt lat="47.3663292" lon="-0.7918020">
	<ele>15.15</ele>
	<time>1970-01-01T00:29:49.348Z</time>
</trkpt>
<trkpt lat="47.3661194" lon="-0.7912790">
	<ele>15.30</ele>
	<time>1970-01-01T00:29:58.036Z</time>
</trkpt>
<trkpt lat="47.3656578" lon="-0.7906670">
	<ele>15.08</ele>
	<time>1970-01-01T00:30:11.034Z</time>
</trkpt>
<trkpt lat="47.3653946" lon="-0.7901900">
	<ele>13.67</ele>
	<time>1970-01-01T00:30:17.671Z</time>
</trkpt>
<trkpt lat="47.3653221" lon="-0.7900310">
	<ele>14.81</ele>
	<time>1970-01-01T00:30:19.793Z</time>
</trkpt>
<trkpt lat="47.3649483" lon="-0.7886870">
	<ele>14.88</ele>
	<time>1970-01-01T00:30:37.886Z</time>
</trkpt>
<trkpt lat="47.3645554" lon="-0.7867760">
	<ele>13.75</ele>
	<time>1970-01-01T00:30:58.501Z</time>
</trkpt>
<trkpt lat="47.3642769" lon="-0.7856250">
	<ele>13.82</ele>
	<time>1970-01-01T00:31:20.357Z</time>
</trkpt>
<trkpt lat="47.3633118" lon="-0.7822500">
	<ele>16.01</ele>
	<time>1970-01-01T00:32:05.642Z</time>
</trkpt>
<trkpt lat="47.3630867" lon="-0.7816660">
	<ele>15.99</ele>
	<time>1970-01-01T00:32:11.293Z</time>
</trkpt>
<trkpt lat="47.3627472" lon="-0.7809260">
	<ele>15.04</ele>
	<time>1970-01-01T00:32:24.716Z</time>
</trkpt>
<trkpt lat="47.3624153" lon="-0.7798490">
	<ele>14.61</ele>
	<time>1970-01-01T00:32:40.880Z</time>
</trkpt>
<trkpt lat="47.3621101" lon="-0.7788960">
	<ele>14.05</ele>
	<time>1970-01-01T00:32:59.418Z</time>
</trkpt>
<trkpt lat="47.3620186" lon="-0.7784810">
	<ele>15.86</ele>
	<time>1970-01-01T00:33:05.637Z</time>
</trkpt>
<trkpt lat="47.3620071" lon="-0.7781840">
	<ele>15.74</ele>
	<time>1970-01-01T00:33:09.662Z</time>
</trkpt>
<trkpt lat="47.3619003" lon="-0.7773480">
	<ele>15.49</ele>
	<time>1970-01-01T00:33:20.449Z</time>
</trkpt>
<trkpt lat="47.3618317" lon="-0.7768760">
	<ele>13.11</ele>
	<time>1970-01-01T00:33:25.859Z</time>
</trkpt>
<trkpt lat="47.3618317" lon="-0.7764580">
	<ele>13.23</ele>
	<time>1970-01-01T00:33:30.815Z</time>
</trkpt>
<trkpt lat="47.3618622" lon="-0.7755770">
	<ele>14.55</ele>
	<time>1970-01-01T00:33:43.220Z</time>
</trkpt>
<trkpt lat="47.3618546" lon="-0.7753720">
	<ele>14.20</ele>
	<time>1970-01-01T00:33:45.733Z</time>
</trkpt>
<trkpt lat="47.3618355" lon="-0.7752220">
	<ele>13.86</ele>
	<time>1970-01-01T00:33:47.620Z</time>
</trkpt>
<trkpt lat="47.3617706" lon="-0.7750240">
	<ele>13.67</ele>
	<time>1970-01-01T00:33:50.158Z</time>
</trkpt>
<trkpt lat="47.3616638" lon="-0.7748720">
	<ele>14.46</ele>
	<time>1970-01-01T00:33:52.325Z</time>
</trkpt>
<trkpt lat="47.3615723" lon="-0.7748080">
	<ele>14.95</ele>
	<time>1970-01-01T00:33:53.853Z</time>
</trkpt>
<trkpt lat="47.3614693" lon="-0.7747720">
	<ele>15.49</ele>
	<time>1970-01-01T00:33:55.550Z</time>
</trkpt>
<trkpt lat="47.3614044" lon="-0.7747010">
	<ele>16.09</ele>
	<time>1970-01-01T00:33:56.844Z</time>
</trkpt>
<trkpt lat="47.3613586" lon="-0.7745790">
	<ele>16.14</ele>
	<time>1970-01-01T00:33:58.300Z</time>
</trkpt>
<trkpt lat="47.3613091" lon="-0.7743410">
	<ele>15.84</ele>
	<time>1970-01-01T00:34:00.962Z</time>
</trkpt>
<trkpt lat="47.3612518" lon="-0.7740920">
	<ele>15.75</ele>
	<time>1970-01-01T00:34:03.848Z</time>
</trkpt>
<trkpt lat="47.3612366" lon="-0.7740500">
	<ele>15.79</ele>
	<time>1970-01-01T00:34:04.287Z</time>
</trkpt>
<trkpt lat="47.3611031" lon="-0.7735710">
	<ele>15.97</ele>
	<time>1970-01-01T00:34:10.462Z</time>
</trkpt>
<trkpt lat="47.3610382" lon="-0.7733540">
	<ele>15.48</ele>
	<time>1970-01-01T00:34:13.351Z</time>
</trkpt>
<trkpt lat="47.3607941" lon="-0.7726330">
	<ele>15.98</ele>
	<time>1970-01-01T00:34:23.781Z</time>
</trkpt>
<trkpt lat="47.3606606" lon="-0.7722460">
	<ele>15.35</ele>
	<time>1970-01-01T00:34:29.714Z</time>
</trkpt>
<trkpt lat="47.3606377" lon="-0.7721810">
	<ele>15.41</ele>
	<time>1970-01-01T00:34:30.601Z</time>
</trkpt>
<trkpt lat="47.3599319" lon="-0.7727010">
	<ele>14.83</ele>
	<time>1970-01-01T00:34:44.571Z</time>
</trkpt>
<trkpt lat="47.3598709" lon="-0.7727340">
	<ele>14.62</ele>
	<time>1970-01-01T00:34:45.704Z</time>
</trkpt>
<trkpt lat="47.3598442" lon="-0.7727340">
	<ele>14.52</ele>
	<time>1970-01-01T00:34:46.191Z</time>
</trkpt>
<trkpt lat="47.3598213" lon="-0.7727350">
	<ele>14.43</ele>
	<time>1970-01-01T00:34:46.516Z</time>
</trkpt>
<trkpt lat="47.3597755" lon="-0.7727160">
	<ele>14.26</ele>
	<time>1970-01-01T00:34:47.328Z</time>
</trkpt>
<trkpt lat="47.3594398" lon="-0.7725280">
	<ele>13.97</ele>
	<time>1970-01-01T00:34:53.198Z</time>
</trkpt>
<trkpt lat="47.3592606" lon="-0.7724210">
	<ele>13.25</ele>
	<time>1970-01-01T00:34:56.354Z</time>
</trkpt>
<trkpt lat="47.3591843" lon="-0.7723520">
	<ele>13.02</ele>
	<time>1970-01-01T00:34:57.819Z</time>
</trkpt>
<trkpt lat="47.3588409" lon="-0.7718350">
	<ele>13.99</ele>
	<time>1970-01-01T00:35:07.562Z</time>
</trkpt>
<trkpt lat="47.3585548" lon="-0.7713410">
	<ele>14.90</ele>
	<time>1970-01-01T00:35:17.031Z</time>
</trkpt>
<trkpt lat="47.3582191" lon="-0.7707400">
	<ele>14.62</ele>
	<time>1970-01-01T00:35:27.208Z</time>
</trkpt>
<trkpt lat="47.3576736" lon="-0.7696580">
	<ele>14.46</ele>
	<time>1970-01-01T00:35:46.075Z</time>
</trkpt>
<trkpt lat="47.3575020" lon="-0.7693380">
	<ele>15.51</ele>
	<time>1970-01-01T00:35:51.857Z</time>
</trkpt>
<trkpt lat="47.3567924" lon="-0.7681800">
	<ele>15.24</ele>
	<time>1970-01-01T00:36:10.339Z</time>
</trkpt>
<trkpt lat="47.3566399" lon="-0.7679270">
	<ele>16.65</ele>
	<time>1970-01-01T00:36:14.554Z</time>
</trkpt>
<trkpt lat="47.3564262" lon="-0.7676360">
	<ele>15.31</ele>
	<time>1970-01-01T00:36:20.096Z</time>
</trkpt>
<trkpt lat="47.3562469" lon="-0.7674120">
	<ele>15.13</ele>
	<time>1970-01-01T00:36:24.839Z</time>
</trkpt>
<trkpt lat="47.3561172" lon="-0.7672360">
	<ele>15.97</ele>
	<time>1970-01-01T00:36:28.421Z</time>
</trkpt>
<trkpt lat="47.3559608" lon="-0.7669370">
	<ele>13.91</ele>
	<time>1970-01-01T00:36:33.075Z</time>
</trkpt>
<trkpt lat="47.3558426" lon="-0.7666230">
	<ele>15.14</ele>
	<time>1970-01-01T00:36:37.079Z</time>
</trkpt>
<trkpt lat="47.3557510" lon="-0.7663070">
	<ele>14.50</ele>
	<time>1970-01-01T00:36:40.825Z</time>
</trkpt>
<trkpt lat="47.3555984" lon="-0.7656030">
	<ele>13.97</ele>
	<time>1970-01-01T00:36:48.520Z</time>
</trkpt>
<trkpt lat="47.3555832" lon="-0.7652610">
	<ele>16.05</ele>
	<time>1970-01-01T00:36:52.327Z</time>
</trkpt>
<trkpt lat="47.3555603" lon="-0.7650760">
	<ele>16.06</ele>
	<time>1970-01-01T00:36:54.558Z</time>
</trkpt>
<trkpt lat="47.3555183" lon="-0.7648030">
	<ele>15.86</ele>
	<time>1970-01-01T00:36:57.736Z</time>
</trkpt>
<trkpt lat="47.3554382" lon="-0.7645170">
	<ele>14.27</ele>
	<time>1970-01-01T00:37:01.284Z</time>
</trkpt>
<trkpt lat="47.3553123" lon="-0.7641870">
	<ele>14.98</ele>
	<time>1970-01-01T00:37:05.680Z</time>
</trkpt>
<trkpt lat="47.3552856" lon="-0.7640860">
	<ele>15.42</ele>
	<time>1970-01-01T00:37:07.034Z</time>
</trkpt>
<trkpt lat="47.3552322" lon="-0.7638010">
	<ele>15.81</ele>
	<time>1970-01-01T00:37:11.246Z</time>
</trkpt>
<trkpt lat="47.3552322" lon="-0.7636390">
	<ele>15.75</ele>
	<time>1970-01-01T00:37:13.649Z</time>
</trkpt>
<trkpt lat="47.3552094" lon="-0.7635620">
	<ele>15.35</ele>
	<time>1970-01-01T00:37:14.917Z</time>
</trkpt>
<trkpt lat="47.3551216" lon="-0.7629510">
	<ele>13.68</ele>
	<time>1970-01-01T00:37:25.456Z</time>
</trkpt>
<trkpt lat="47.3550529" lon="-0.7622990">
	<ele>14.60</ele>
	<time>1970-01-01T00:37:34.916Z</time>
</trkpt>
<trkpt lat="47.3550529" lon="-0.7620250">
	<ele>15.74</ele>
	<time>1970-01-01T00:37:38.101Z</time>
</trkpt>
<trkpt lat="47.3549995" lon="-0.7617270">
	<ele>17.61</ele>
	<time>1970-01-01T00:37:41.117Z</time>
</trkpt>
<trkpt lat="47.3550072" lon="-0.7616430">
	<ele>18.15</ele>
	<time>1970-01-01T00:37:41.929Z</time>
</trkpt>
<trkpt lat="47.3549995" lon="-0.7614920">
	<ele>18.82</ele>
	<time>1970-01-01T00:37:43.630Z</time>
</trkpt>
<trkpt lat="47.3554344" lon="-0.7612390">
	<ele>17.34</ele>
	<time>1970-01-01T00:37:52.272Z</time>
</trkpt>
<trkpt lat="47.3554344" lon="-0.7612390">
	<ele>17.34</ele>
	<time>1970-01-01T01:33:26.338Z</time>
</trkpt>
<trkpt lat="47.3557930" lon="-0.7610300">
	<ele>17.35</ele>
	<time>1970-01-01T01:33:34.381Z</time>
</trkpt>
<trkpt lat="47.3561096" lon="-0.7608470">
	<ele>16.96</ele>
	<time>1970-01-01T01:33:41.223Z</time>
</trkpt>
<trkpt lat="47.3562546" lon="-0.7607540">
	<ele>16.73</ele>
	<time>1970-01-01T01:33:44.403Z</time>
</trkpt>
<trkpt lat="47.3568611" lon="-0.7604030">
	<ele>14.83</ele>
	<time>1970-01-01T01:33:57.513Z</time>
</trkpt>
<trkpt lat="47.3572807" lon="-0.7601820">
	<ele>14.42</ele>
	<time>1970-01-01T01:34:04.477Z</time>
</trkpt>
<trkpt lat="47.3575325" lon="-0.7600470">
	<ele>17.01</ele>
	<time>1970-01-01T01:34:08.967Z</time>
</trkpt>
<trkpt lat="47.3575325" lon="-0.7600470">
	<ele>17.01</ele>
	<time>1970-01-01T02:25:47.155Z</time>
</trkpt>
<trkpt lat="47.3580818" lon="-0.7597530">
	<ele>17.03</ele>
	<time>1970-01-01T02:25:59.181Z</time>
</trkpt>
<trkpt lat="47.3600311" lon="-0.7586830">
	<ele>17.08</ele>
	<time>1970-01-01T02:26:33.342Z</time>
</trkpt>
<trkpt lat="47.3610458" lon="-0.7581330">
	<ele>17.07</ele>
	<time>1970-01-01T02:26:53.805Z</time>
</trkpt>
<trkpt lat="47.3622475" lon="-0.7574880">
	<ele>16.99</ele>
	<time>1970-01-01T02:27:23.692Z</time>
</trkpt>
<trkpt lat="47.3626709" lon="-0.7572960">
	<ele>17.89</ele>
	<time>1970-01-01T02:27:34.198Z</time>
</trkpt>
<trkpt lat="47.3629379" lon="-0.7571630">
	<ele>17.61</ele>
	<time>1970-01-01T02:27:40.500Z</time>
</trkpt>
<trkpt lat="47.3632278" lon="-0.7569950">
	<ele>16.07</ele>
	<time>1970-01-01T02:27:47.479Z</time>
</trkpt>
<trkpt lat="47.3632965" lon="-0.7568560">
	<ele>14.95</ele>
	<time>1970-01-01T02:27:49.973Z</time>
</trkpt>
<trkpt lat="47.3640594" lon="-0.7564500">
	<ele>16.27</ele>
	<time>1970-01-01T02:28:06.336Z</time>
</trkpt>
<trkpt lat="47.3641586" lon="-0.7564860">
	<ele>17.91</ele>
	<time>1970-01-01T02:28:07.516Z</time>
</trkpt>
<trkpt lat="47.3651009" lon="-0.7559690">
	<ele>17.72</ele>
	<time>1970-01-01T02:28:25.212Z</time>
</trkpt>
<trkpt lat="47.3671112" lon="-0.7548860">
	<ele>15.67</ele>
	<time>1970-01-01T02:28:55.537Z</time>
</trkpt>
<trkpt lat="47.3671532" lon="-0.7547710">
	<ele>13.75</ele>
	<time>1970-01-01T02:28:57.099Z</time>
</trkpt>
<trkpt lat="47.3689423" lon="-0.7538020">
	<ele>14.09</ele>
	<time>1970-01-01T02:29:31.582Z</time>
</trkpt>
<trkpt lat="47.3690491" lon="-0.7538340">
	<ele>16.46</ele>
	<time>1970-01-01T02:29:34.354Z</time>
</trkpt>
<trkpt lat="47.3698692" lon="-0.7534000">
	<ele>17.95</ele>
	<time>1970-01-01T02:29:55.914Z</time>
</trkpt>
<trkpt lat="47.3704224" lon="-0.7530910">
	<ele>18.24</ele>
	<time>1970-01-01T02:30:07.164Z</time>
</trkpt>
<trkpt lat="47.3703957" lon="-0.7530050">
	<ele>18.28</ele>
	<time>1970-01-01T02:30:09.583Z</time>
</trkpt>
<trkpt lat="47.3703461" lon="-0.7528580">
	<ele>18.02</ele>
	<time>1970-01-01T02:30:13.278Z</time>
</trkpt>
<trkpt lat="47.3702850" lon="-0.7527410">
	<ele>18.03</ele>
	<time>1970-01-01T02:30:16.272Z</time>
</trkpt>
<trkpt lat="47.3702431" lon="-0.7526530">
	<ele>18.01</ele>
	<time>1970-01-01T02:30:18.359Z</time>
</trkpt>
<trkpt lat="47.3702049" lon="-0.7525600">
	<ele>17.65</ele>
	<time>1970-01-01T02:30:20.247Z</time>
</trkpt>
<trkpt lat="47.3701744" lon="-0.7524370">
	<ele>16.69</ele>
	<time>1970-01-01T02:30:22.389Z</time>
</trkpt>
<trkpt lat="47.3696136" lon="-0.7496560">
	<ele>15.17</ele>
	<time>1970-01-01T02:30:54.725Z</time>
</trkpt>
<trkpt lat="47.3695793" lon="-0.7494790">
	<ele>14.62</ele>
	<time>1970-01-01T02:30:56.854Z</time>
</trkpt>
<trkpt lat="47.3694801" lon="-0.7490230">
	<ele>16.53</ele>
	<time>1970-01-01T02:31:02.440Z</time>
</trkpt>
<trkpt lat="47.3694153" lon="-0.7487780">
	<ele>17.88</ele>
	<time>1970-01-01T02:31:06.015Z</time>
</trkpt>
<trkpt lat="47.3690567" lon="-0.7476610">
	<ele>15.36</ele>
	<time>1970-01-01T02:31:23.721Z</time>
</trkpt>
<trkpt lat="47.3690567" lon="-0.7476610">
	<ele>15.36</ele>
	<time>1970-01-01T03:23:01.909Z</time>
</trkpt>
<trkpt lat="47.3686714" lon="-0.7464420">
	<ele>16.58</ele>
	<time>1970-01-01T03:23:22.218Z</time>
</trkpt>
<trkpt lat="47.3684883" lon="-0.7459200">
	<ele>15.06</ele>
	<time>1970-01-01T03:23:30.655Z</time>
</trkpt>
<trkpt lat="47.3681297" lon="-0.7449920">
	<ele>16.03</ele>
	<time>1970-01-01T03:23:43.923Z</time>
</trkpt>
<trkpt lat="47.3680992" lon="-0.7448710">
	<ele>16.66</ele>
	<time>1970-01-01T03:23:45.473Z</time>
</trkpt>
<trkpt lat="47.3680878" lon="-0.7447410">
	<ele>17.02</ele>
	<time>1970-01-01T03:23:47.135Z</time>
</trkpt>
<trkpt lat="47.3680878" lon="-0.7446140">
	<ele>16.73</ele>
	<time>1970-01-01T03:23:48.799Z</time>
</trkpt>
<trkpt lat="47.3681183" lon="-0.7439820">
	<ele>15.25</ele>
	<time>1970-01-01T03:23:57.722Z</time>
</trkpt>
<trkpt lat="47.3681297" lon="-0.7439090">
	<ele>15.03</ele>
	<time>1970-01-01T03:23:58.808Z</time>
</trkpt>
<trkpt lat="47.3681793" lon="-0.7437180">
	<ele>15.25</ele>
	<time>1970-01-01T03:24:01.681Z</time>
</trkpt>
<trkpt lat="47.3683548" lon="-0.7432640">
	<ele>17.47</ele>
	<time>1970-01-01T03:24:08.975Z</time>
</trkpt>
<trkpt lat="47.3684273" lon="-0.7430260">
	<ele>14.53</ele>
	<time>1970-01-01T03:24:13.105Z</time>
</trkpt>
<trkpt lat="47.3684540" lon="-0.7429000">
	<ele>14.27</ele>
	<time>1970-01-01T03:24:15.108Z</time>
</trkpt>
<trkpt lat="47.3684616" lon="-0.7428320">
	<ele>14.35</ele>
	<time>1970-01-01T03:24:16.167Z</time>
</trkpt>
<trkpt lat="47.3684616" lon="-0.7426990">
	<ele>14.69</ele>
	<time>1970-01-01T03:24:18.396Z</time>
</trkpt>
<trkpt lat="47.3684578" lon="-0.7426330">
	<ele>14.96</ele>
	<time>1970-01-01T03:24:19.564Z</time>
</trkpt>
<trkpt lat="47.3684349" lon="-0.7425020">
	<ele>15.44</ele>
	<time>1970-01-01T03:24:22.003Z</time>
</trkpt>
<trkpt lat="47.3684006" lon="-0.7423780">
	<ele>16.04</ele>
	<time>1970-01-01T03:24:24.356Z</time>
</trkpt>
<trkpt lat="47.3679962" lon="-0.7412120">
	<ele>17.07</ele>
	<time>1970-01-01T03:24:41.353Z</time>
</trkpt>
<trkpt lat="47.3679199" lon="-0.7409790">
	<ele>15.10</ele>
	<time>1970-01-01T03:24:44.784Z</time>
</trkpt>
<trkpt lat="47.3678856" lon="-0.7408540">
	<ele>14.79</ele>
	<time>1970-01-01T03:24:46.694Z</time>
</trkpt>
<trkpt lat="47.3678284" lon="-0.7406080">
	<ele>16.33</ele>
	<time>1970-01-01T03:24:50.000Z</time>
</trkpt>
<trkpt lat="47.3677521" lon="-0.7402320">
	<ele>16.86</ele>
	<time>1970-01-01T03:24:54.207Z</time>
</trkpt>
<trkpt lat="47.3673286" lon="-0.7380970">
	<ele>14.92</ele>
	<time>1970-01-01T03:25:19.443Z</time>
</trkpt>
<trkpt lat="47.3672829" lon="-0.7378450">
	<ele>16.53</ele>
	<time>1970-01-01T03:25:22.306Z</time>
</trkpt>
<trkpt lat="47.3670769" lon="-0.7368460">
	<ele>15.56</ele>
	<time>1970-01-01T03:25:33.283Z</time>
</trkpt>
<trkpt lat="47.3669662" lon="-0.7362190">
	<ele>17.78</ele>
	<time>1970-01-01T03:25:41.096Z</time>
</trkpt>
<trkpt lat="47.3668900" lon="-0.7358450">
	<ele>16.78</ele>
	<time>1970-01-01T03:25:45.530Z</time>
</trkpt>
<trkpt lat="47.3666458" lon="-0.7347290">
	<ele>17.91</ele>
	<time>1970-01-01T03:25:59.659Z</time>
</trkpt>
<trkpt lat="47.3665733" lon="-0.7344900">
	<ele>15.80</ele>
	<time>1970-01-01T03:26:02.717Z</time>
</trkpt>
<trkpt lat="47.3664932" lon="-0.7342590">
	<ele>14.56</ele>
	<time>1970-01-01T03:26:05.823Z</time>
</trkpt>
<trkpt lat="47.3663712" lon="-0.7339360">
	<ele>17.78</ele>
	<time>1970-01-01T03:26:09.997Z</time>
</trkpt>
<trkpt lat="47.3658371" lon="-0.7324500">
	<ele>17.28</ele>
	<time>1970-01-01T03:26:36.399Z</time>
</trkpt>
<trkpt lat="47.3656960" lon="-0.7318360">
	<ele>15.41</ele>
	<time>1970-01-01T03:26:43.981Z</time>
</trkpt>
<trkpt lat="47.3655815" lon="-0.7314540">
	<ele>17.66</ele>
	<time>1970-01-01T03:26:48.786Z</time>
</trkpt>
<trkpt lat="47.3653297" lon="-0.7309470">
	<ele>16.41</ele>
	<time>1970-01-01T03:26:56.243Z</time>
</trkpt>
<trkpt lat="47.3652840" lon="-0.7308330">
	<ele>16.99</ele>
	<time>1970-01-01T03:26:57.826Z</time>
</trkpt>
<trkpt lat="47.3652534" lon="-0.7307230">
	<ele>17.06</ele>
	<time>1970-01-01T03:26:59.352Z</time>
</trkpt>
<trkpt lat="47.3652229" lon="-0.7305910">
	<ele>16.83</ele>
	<time>1970-01-01T03:27:01.046Z</time>
</trkpt>
<trkpt lat="47.3651733" lon="-0.7302090">
	<ele>16.52</ele>
	<time>1970-01-01T03:27:05.947Z</time>
</trkpt>
<trkpt lat="47.3651466" lon="-0.7300830">
	<ele>15.39</ele>
	<time>1970-01-01T03:27:07.633Z</time>
</trkpt>
<trkpt lat="47.3651123" lon="-0.7299620">
	<ele>15.07</ele>
	<time>1970-01-01T03:27:09.318Z</time>
</trkpt>
<trkpt lat="47.3650703" lon="-0.7298460">
	<ele>16.36</ele>
	<time>1970-01-01T03:27:11.002Z</time>
</trkpt>
<trkpt lat="47.3642616" lon="-0.7278270">
	<ele>15.92</ele>
	<time>1970-01-01T03:27:41.645Z</time>
</trkpt>
<trkpt lat="47.3641586" lon="-0.7276160">
	<ele>16.82</ele>
	<time>1970-01-01T03:27:45.245Z</time>
</trkpt>
<trkpt lat="47.3639297" lon="-0.7272200">
	<ele>16.97</ele>
	<time>1970-01-01T03:27:51.078Z</time>
</trkpt>
<trkpt lat="47.3638763" lon="-0.7271140">
	<ele>17.23</ele>
	<time>1970-01-01T03:27:52.520Z</time>
</trkpt>
<trkpt lat="47.3638382" lon="-0.7269980">
	<ele>16.82</ele>
	<time>1970-01-01T03:27:53.825Z</time>
</trkpt>
<trkpt lat="47.3638268" lon="-0.7269390">
	<ele>16.60</ele>
	<time>1970-01-01T03:27:54.452Z</time>
</trkpt>
<trkpt lat="47.3638153" lon="-0.7268750">
	<ele>16.27</ele>
	<time>1970-01-01T03:27:55.055Z</time>
</trkpt>
<trkpt lat="47.3638077" lon="-0.7267470">
	<ele>15.66</ele>
	<time>1970-01-01T03:27:56.174Z</time>
</trkpt>
<trkpt lat="47.3638191" lon="-0.7266190">
	<ele>15.84</ele>
	<time>1970-01-01T03:27:57.329Z</time>
</trkpt>
<trkpt lat="47.3638420" lon="-0.7264960">
	<ele>17.04</ele>
	<time>1970-01-01T03:27:58.580Z</time>
</trkpt>
<trkpt lat="47.3643684" lon="-0.7245030">
	<ele>17.04</ele>
	<time>1970-01-01T03:28:33.768Z</time>
</trkpt>
<trkpt lat="47.3644981" lon="-0.7239350">
	<ele>17.21</ele>
	<time>1970-01-01T03:28:42.414Z</time>
</trkpt>
<trkpt lat="47.3645630" lon="-0.7235540">
	<ele>16.11</ele>
	<time>1970-01-01T03:28:47.926Z</time>
</trkpt>
<trkpt lat="47.3645821" lon="-0.7234250">
	<ele>16.12</ele>
	<time>1970-01-01T03:28:49.732Z</time>
</trkpt>
<trkpt lat="47.3646011" lon="-0.7231650">
	<ele>16.77</ele>
	<time>1970-01-01T03:28:53.087Z</time>
</trkpt>
<trkpt lat="47.3646088" lon="-0.7227730">
	<ele>17.11</ele>
	<time>1970-01-01T03:28:57.832Z</time>
</trkpt>
<trkpt lat="47.3646011" lon="-0.7225100">
	<ele>17.47</ele>
	<time>1970-01-01T03:29:01.034Z</time>
</trkpt>
<trkpt lat="47.3645782" lon="-0.7222370">
	<ele>17.26</ele>
	<time>1970-01-01T03:29:04.227Z</time>
</trkpt>
<trkpt lat="47.3644066" lon="-0.7205780">
	<ele>17.58</ele>
	<time>1970-01-01T03:29:25.223Z</time>
</trkpt>
<trkpt lat="47.3643799" lon="-0.7197960">
	<ele>17.83</ele>
	<time>1970-01-01T03:29:36.723Z</time>
</trkpt>
<trkpt lat="47.3643646" lon="-0.7188960">
	<ele>16.42</ele>
	<time>1970-01-01T03:29:49.046Z</time>
</trkpt>
<trkpt lat="47.3643723" lon="-0.7186360">
	<ele>16.39</ele>
	<time>1970-01-01T03:29:52.158Z</time>
</trkpt>
<trkpt lat="47.3644028" lon="-0.7183780">
	<ele>17.73</ele>
	<time>1970-01-01T03:29:54.967Z</time>
</trkpt>
<trkpt lat="47.3644600" lon="-0.7181340">
	<ele>18.21</ele>
	<time>1970-01-01T03:29:57.878Z</time>
</trkpt>
<trkpt lat="47.3645363" lon="-0.7178960">
	<ele>15.99</ele>
	<time>1970-01-01T03:30:01.395Z</time>
</trkpt>
<trkpt lat="47.3648949" lon="-0.7168570">
	<ele>17.26</ele>
	<time>1970-01-01T03:30:18.834Z</time>
</trkpt>
<trkpt lat="47.3649368" lon="-0.7167020">
	<ele>17.69</ele>
	<time>1970-01-01T03:30:20.942Z</time>
</trkpt>
<trkpt lat="47.3649826" lon="-0.7164500">
	<ele>18.00</ele>
	<time>1970-01-01T03:30:24.010Z</time>
</trkpt>
<trkpt lat="47.3650093" lon="-0.7161920">
	<ele>17.97</ele>
	<time>1970-01-01T03:30:26.948Z</time>
</trkpt>
<trkpt lat="47.3650284" lon="-0.7159300">
	<ele>17.96</ele>
	<time>1970-01-01T03:30:29.638Z</time>
</trkpt>
<trkpt lat="47.3653145" lon="-0.7083960">
	<ele>17.13</ele>
	<time>1970-01-01T03:32:08.260Z</time>
</trkpt>
<trkpt lat="47.3654785" lon="-0.7039700">
	<ele>16.72</ele>
	<time>1970-01-01T03:33:04.245Z</time>
</trkpt>
<trkpt lat="47.3655014" lon="-0.7035590">
	<ele>17.86</ele>
	<time>1970-01-01T03:33:10.841Z</time>
</trkpt>
<trkpt lat="47.3655167" lon="-0.7034530">
	<ele>17.91</ele>
	<time>1970-01-01T03:33:12.585Z</time>
</trkpt>
<trkpt lat="47.3655586" lon="-0.7032030">
	<ele>18.17</ele>
	<time>1970-01-01T03:33:16.533Z</time>
</trkpt>
<trkpt lat="47.3657722" lon="-0.7023480">
	<ele>17.02</ele>
	<time>1970-01-01T03:33:24.443Z</time>
</trkpt>
<trkpt lat="47.3658295" lon="-0.7020960">
	<ele>17.69</ele>
	<time>1970-01-01T03:33:27.181Z</time>
</trkpt>
<trkpt lat="47.3658562" lon="-0.7018390">
	<ele>16.84</ele>
	<time>1970-01-01T03:33:30.561Z</time>
</trkpt>
<trkpt lat="47.3659325" lon="-0.7009370">
	<ele>15.62</ele>
	<time>1970-01-01T03:33:42.770Z</time>
</trkpt>
<trkpt lat="47.3659477" lon="-0.7008080">
	<ele>15.82</ele>
	<time>1970-01-01T03:33:44.396Z</time>
</trkpt>
<trkpt lat="47.3659744" lon="-0.7006850">
	<ele>16.31</ele>
	<time>1970-01-01T03:33:45.927Z</time>
</trkpt>
<trkpt lat="47.3660202" lon="-0.7005800">
	<ele>16.83</ele>
	<time>1970-01-01T03:33:47.233Z</time>
</trkpt>
<trkpt lat="47.3660774" lon="-0.7005040">
	<ele>16.83</ele>
	<time>1970-01-01T03:33:48.412Z</time>
</trkpt>
<trkpt lat="47.3660431" lon="-0.7004880">
	<ele>16.70</ele>
	<time>1970-01-01T03:33:48.975Z</time>
</trkpt>
<trkpt lat="47.3660126" lon="-0.7004880">
	<ele>16.65</ele>
	<time>1970-01-01T03:33:49.399Z</time>
</trkpt>
<trkpt lat="47.3659897" lon="-0.7005000">
	<ele>16.65</ele>
	<time>1970-01-01T03:33:49.826Z</time>
</trkpt>
<trkpt lat="47.3658676" lon="-0.7006270">
	<ele>16.16</ele>
	<time>1970-01-01T03:33:52.588Z</time>
</trkpt>
<trkpt lat="47.3658371" lon="-0.7006520">
	<ele>16.02</ele>
	<time>1970-01-01T03:33:53.285Z</time>
</trkpt>
<trkpt lat="47.3658142" lon="-0.7006560">
	<ele>15.90</ele>
	<time>1970-01-01T03:33:53.773Z</time>
</trkpt>
<trkpt lat="47.3658028" lon="-0.7006410">
	<ele>15.83</ele>
	<time>1970-01-01T03:33:54.099Z</time>
</trkpt>
<trkpt lat="47.3657951" lon="-0.7006160">
	<ele>15.77</ele>
	<time>1970-01-01T03:33:54.404Z</time>
</trkpt>
<trkpt lat="47.3658028" lon="-0.7005710">
	<ele>15.81</ele>
	<time>1970-01-01T03:33:55.016Z</time>
</trkpt>
<trkpt lat="47.3662415" lon="-0.6988510">
	<ele>16.08</ele>
	<time>1970-01-01T03:34:17.168Z</time>
</trkpt>
<trkpt lat="47.3663063" lon="-0.6984030">
	<ele>15.77</ele>
	<time>1970-01-01T03:34:23.249Z</time>
</trkpt>
<trkpt lat="47.3663673" lon="-0.6976480">
	<ele>15.90</ele>
	<time>1970-01-01T03:34:29.303Z</time>
</trkpt>
<trkpt lat="47.3664856" lon="-0.6965030">
	<ele>14.79</ele>
	<time>1970-01-01T03:34:42.634Z</time>
</trkpt>
<trkpt lat="47.3665810" lon="-0.6961970">
	<ele>15.56</ele>
	<time>1970-01-01T03:34:47.600Z</time>
</trkpt>
<trkpt lat="47.3668327" lon="-0.6955310">
	<ele>15.21</ele>
	<time>1970-01-01T03:34:59.840Z</time>
</trkpt>
<trkpt lat="47.3670082" lon="-0.6950710">
	<ele>15.50</ele>
	<time>1970-01-01T03:35:07.623Z</time>
</trkpt>
<trkpt lat="47.3671684" lon="-0.6946380">
	<ele>15.73</ele>
	<time>1970-01-01T03:35:14.475Z</time>
</trkpt>
<trkpt lat="47.3674240" lon="-0.6938360">
	<ele>15.54</ele>
	<time>1970-01-01T03:35:26.380Z</time>
</trkpt>
<trkpt lat="47.3675194" lon="-0.6935290">
	<ele>15.81</ele>
	<time>1970-01-01T03:35:30.719Z</time>
</trkpt>
<trkpt lat="47.3676987" lon="-0.6928720">
	<ele>15.81</ele>
	<time>1970-01-01T03:35:39.978Z</time>
</trkpt>
<trkpt lat="47.3677979" lon="-0.6924610">
	<ele>16.07</ele>
	<time>1970-01-01T03:35:45.924Z</time>
</trkpt>
<trkpt lat="47.3678436" lon="-0.6922200">
	<ele>16.13</ele>
	<time>1970-01-01T03:35:49.084Z</time>
</trkpt>
<trkpt lat="47.3679047" lon="-0.6918030">
	<ele>15.51</ele>
	<time>1970-01-01T03:35:53.844Z</time>
</trkpt>
<trkpt lat="47.3679924" lon="-0.6913570">
	<ele>15.64</ele>
	<time>1970-01-01T03:35:58.682Z</time>
</trkpt>
<trkpt lat="47.3680305" lon="-0.6911990">
	<ele>15.96</ele>
	<time>1970-01-01T03:36:00.448Z</time>
</trkpt>
<trkpt lat="47.3680840" lon="-0.6910340">
	<ele>15.88</ele>
	<time>1970-01-01T03:36:02.512Z</time>
</trkpt>
<trkpt lat="47.3681641" lon="-0.6908320">
	<ele>15.43</ele>
	<time>1970-01-01T03:36:05.562Z</time>
</trkpt>
<trkpt lat="47.3684311" lon="-0.6902240">
	<ele>15.94</ele>
	<time>1970-01-01T03:36:15.890Z</time>
</trkpt>
<trkpt lat="47.3685608" lon="-0.6899840">
	<ele>16.61</ele>
	<time>1970-01-01T03:36:19.567Z</time>
</trkpt>
<trkpt lat="47.3689117" lon="-0.6894140">
	<ele>16.01</ele>
	<time>1970-01-01T03:36:27.696Z</time>
</trkpt>
<trkpt lat="47.3689537" lon="-0.6893780">
	<ele>16.04</ele>
	<time>1970-01-01T03:36:28.635Z</time>
</trkpt>
<trkpt lat="47.3689804" lon="-0.6893220">
	<ele>16.02</ele>
	<time>1970-01-01T03:36:29.473Z</time>
</trkpt>
<trkpt lat="47.3689919" lon="-0.6892430">
	<ele>15.96</ele>
	<time>1970-01-01T03:36:30.549Z</time>
</trkpt>
<trkpt lat="47.3690109" lon="-0.6891990">
	<ele>16.04</ele>
	<time>1970-01-01T03:36:31.263Z</time>
</trkpt>
<trkpt lat="47.3690491" lon="-0.6891600">
	<ele>16.30</ele>
	<time>1970-01-01T03:36:32.217Z</time>
</trkpt>
<trkpt lat="47.3690948" lon="-0.6891270">
	<ele>16.61</ele>
	<time>1970-01-01T03:36:33.521Z</time>
</trkpt>
<trkpt lat="47.3691254" lon="-0.6890790">
	<ele>16.69</ele>
	<time>1970-01-01T03:36:34.592Z</time>
</trkpt>
<trkpt lat="47.3691597" lon="-0.6889940">
	<ele>16.52</ele>
	<time>1970-01-01T03:36:36.175Z</time>
</trkpt>
<trkpt lat="47.3691788" lon="-0.6889340">
	<ele>16.28</ele>
	<time>1970-01-01T03:36:37.212Z</time>
</trkpt>
<trkpt lat="47.3695717" lon="-0.6882410">
	<ele>15.27</ele>
	<time>1970-01-01T03:36:48.032Z</time>
</trkpt>
<trkpt lat="47.3697052" lon="-0.6879530">
	<ele>15.63</ele>
	<time>1970-01-01T03:36:52.010Z</time>
</trkpt>
<trkpt lat="47.3698006" lon="-0.6877290">
	<ele>15.15</ele>
	<time>1970-01-01T03:36:55.318Z</time>
</trkpt>
<trkpt lat="47.3699074" lon="-0.6874330">
	<ele>15.40</ele>
	<time>1970-01-01T03:37:00.631Z</time>
</trkpt>
<trkpt lat="47.3700981" lon="-0.6869320">
	<ele>15.37</ele>
	<time>1970-01-01T03:37:13.910Z</time>
</trkpt>
<trkpt lat="47.3702087" lon="-0.6866040">
	<ele>16.37</ele>
	<time>1970-01-01T03:37:22.510Z</time>
</trkpt>
<trkpt lat="47.3704453" lon="-0.6858400">
	<ele>15.67</ele>
	<time>1970-01-01T03:37:37.433Z</time>
</trkpt>
<trkpt lat="47.3705788" lon="-0.6853800">
	<ele>16.85</ele>
	<time>1970-01-01T03:37:42.461Z</time>
</trkpt>
<trkpt lat="47.3706512" lon="-0.6850590">
	<ele>15.70</ele>
	<time>1970-01-01T03:37:45.761Z</time>
</trkpt>
<trkpt lat="47.3706818" lon="-0.6849690">
	<ele>15.41</ele>
	<time>1970-01-01T03:37:46.879Z</time>
</trkpt>
<trkpt lat="47.3707085" lon="-0.6849090">
	<ele>15.40</ele>
	<time>1970-01-01T03:37:47.629Z</time>
</trkpt>
<trkpt lat="47.3707504" lon="-0.6848470">
	<ele>15.58</ele>
	<time>1970-01-01T03:37:48.832Z</time>
</trkpt>
<trkpt lat="47.3708458" lon="-0.6847910">
	<ele>16.04</ele>
	<time>1970-01-01T03:37:51.134Z</time>
</trkpt>
<trkpt lat="47.3709869" lon="-0.6847440">
	<ele>16.11</ele>
	<time>1970-01-01T03:37:54.610Z</time>
</trkpt>
<trkpt lat="47.3712921" lon="-0.6846210">
	<ele>16.00</ele>
	<time>1970-01-01T03:38:01.360Z</time>
</trkpt>
<trkpt lat="47.3713799" lon="-0.6846020">
	<ele>16.00</ele>
	<time>1970-01-01T03:38:03.232Z</time>
</trkpt>
<trkpt lat="47.3714867" lon="-0.6845350">
	<ele>15.96</ele>
	<time>1970-01-01T03:38:05.635Z</time>
</trkpt>
<trkpt lat="47.3715248" lon="-0.6845360">
	<ele>15.94</ele>
	<time>1970-01-01T03:38:06.369Z</time>
</trkpt>
<trkpt lat="47.3715591" lon="-0.6845220">
	<ele>15.93</ele>
	<time>1970-01-01T03:38:07.099Z</time>
</trkpt>
<trkpt lat="47.3715897" lon="-0.6844740">
	<ele>15.93</ele>
	<time>1970-01-01T03:38:08.009Z</time>
</trkpt>
<trkpt lat="47.3716850" lon="-0.6845140">
	<ele>16.03</ele>
	<time>1970-01-01T03:38:09.997Z</time>
</trkpt>
<trkpt lat="47.3717690" lon="-0.6845150">
	<ele>16.13</ele>
	<time>1970-01-01T03:38:11.845Z</time>
</trkpt>
<trkpt lat="47.3719788" lon="-0.6845870">
	<ele>17.44</ele>
	<time>1970-01-01T03:38:18.357Z</time>
</trkpt>
<trkpt lat="47.3720207" lon="-0.6846020">
	<ele>18.15</ele>
	<time>1970-01-01T03:38:19.716Z</time>
</trkpt>
<trkpt lat="47.3720589" lon="-0.6846170">
	<ele>18.89</ele>
	<time>1970-01-01T03:38:21.133Z</time>
</trkpt>
<trkpt lat="47.3723297" lon="-0.6846980">
	<ele>20.52</ele>
	<time>1970-01-01T03:38:26.767Z</time>
</trkpt>
<trkpt lat="47.3728638" lon="-0.6848520">
	<ele>21.48</ele>
	<time>1970-01-01T03:38:48.374Z</time>
</trkpt>
<trkpt lat="47.3738823" lon="-0.6851620">
	<ele>29.02</ele>
	<time>1970-01-01T03:39:43.618Z</time>
</trkpt>
<trkpt lat="47.3739128" lon="-0.6851650">
	<ele>29.25</ele>
	<time>1970-01-01T03:39:44.937Z</time>
</trkpt>
<trkpt lat="47.3739166" lon="-0.6850580">
	<ele>29.22</ele>
	<time>1970-01-01T03:39:47.485Z</time>
</trkpt>
<trkpt lat="47.3739548" lon="-0.6847610">
	<ele>29.35</ele>
	<time>1970-01-01T03:39:55.011Z</time>
</trkpt>
<trkpt lat="47.3739662" lon="-0.6845760">
	<ele>28.89</ele>
	<time>1970-01-01T03:39:59.388Z</time>
</trkpt>
<trkpt lat="47.3739967" lon="-0.6845810">
	<ele>29.08</ele>
	<time>1970-01-01T03:40:00.282Z</time>
</trkpt>
<trkpt lat="47.3742332" lon="-0.6846000">
	<ele>30.33</ele>
	<time>1970-01-01T03:40:10.529Z</time>
</trkpt>
<trkpt lat="47.3743172" lon="-0.6846160">
	<ele>30.81</ele>
	<time>1970-01-01T03:40:13.913Z</time>
</trkpt>
<trkpt lat="47.3745079" lon="-0.6846760">
	<ele>32.13</ele>
	<time>1970-01-01T03:40:23.843Z</time>
</trkpt>
<trkpt lat="47.3746605" lon="-0.6847490">
	<ele>32.81</ele>
	<time>1970-01-01T03:40:32.256Z</time>
</trkpt>
<trkpt lat="47.3747292" lon="-0.6847930">
	<ele>32.97</ele>
	<time>1970-01-01T03:40:35.973Z</time>
</trkpt>
<trkpt lat="47.3748970" lon="-0.6849230">
	<ele>33.88</ele>
	<time>1970-01-01T03:40:46.350Z</time>
</trkpt>
<trkpt lat="47.3749924" lon="-0.6849760">
	<ele>34.85</ele>
	<time>1970-01-01T03:40:51.601Z</time>
</trkpt>
<trkpt lat="47.3751068" lon="-0.6849970">
	<ele>35.76</ele>
	<time>1970-01-01T03:40:58.049Z</time>
</trkpt>
<trkpt lat="47.3753281" lon="-0.6849980">
	<ele>37.36</ele>
	<time>1970-01-01T03:41:11.632Z</time>
</trkpt>
<trkpt lat="47.3754883" lon="-0.6850060">
	<ele>38.51</ele>
	<time>1970-01-01T03:41:21.656Z</time>
</trkpt>
<trkpt lat="47.3755531" lon="-0.6850180">
	<ele>38.98</ele>
	<time>1970-01-01T03:41:25.327Z</time>
</trkpt>
<trkpt lat="47.3759460" lon="-0.6851580">
	<ele>41.82</ele>
	<time>1970-01-01T03:41:54.117Z</time>
</trkpt>
<trkpt lat="47.3760414" lon="-0.6845740">
	<ele>41.97</ele>
	<time>1970-01-01T03:42:15.786Z</time>
</trkpt>
<trkpt lat="47.3760910" lon="-0.6843460">
	<ele>42.81</ele>
	<time>1970-01-01T03:42:22.652Z</time>
</trkpt>
<trkpt lat="47.3761215" lon="-0.6842370">
	<ele>43.14</ele>
	<time>1970-01-01T03:42:25.793Z</time>
</trkpt>
<trkpt lat="47.3761597" lon="-0.6841320">
	<ele>43.13</ele>
	<time>1970-01-01T03:42:28.935Z</time>
</trkpt>
<trkpt lat="47.3762398" lon="-0.6839880">
	<ele>43.11</ele>
	<time>1970-01-01T03:42:33.752Z</time>
</trkpt>
<trkpt lat="47.3763618" lon="-0.6838240">
	<ele>43.63</ele>
	<time>1970-01-01T03:42:40.362Z</time>
</trkpt>
<trkpt lat="47.3763962" lon="-0.6837690">
	<ele>43.63</ele>
	<time>1970-01-01T03:42:42.296Z</time>
</trkpt>
<trkpt lat="47.3764229" lon="-0.6837030">
	<ele>43.50</ele>
	<time>1970-01-01T03:42:44.164Z</time>
</trkpt>
<trkpt lat="47.3764915" lon="-0.6834520">
	<ele>43.68</ele>
	<time>1970-01-01T03:42:50.250Z</time>
</trkpt>
<trkpt lat="47.3766479" lon="-0.6828320">
	<ele>43.98</ele>
	<time>1970-01-01T03:43:04.046Z</time>
</trkpt>
<trkpt lat="47.3766937" lon="-0.6826950">
	<ele>44.21</ele>
	<time>1970-01-01T03:43:07.136Z</time>
</trkpt>
<trkpt lat="47.3766975" lon="-0.6826200">
	<ele>44.30</ele>
	<time>1970-01-01T03:43:08.626Z</time>
</trkpt>
<trkpt lat="47.3767052" lon="-0.6824140">
	<ele>44.08</ele>
	<time>1970-01-01T03:43:12.201Z</time>
</trkpt>
<trkpt lat="47.3767242" lon="-0.6822530">
	<ele>43.57</ele>
	<time>1970-01-01T03:43:14.614Z</time>
</trkpt>
<trkpt lat="47.3767548" lon="-0.6820600">
	<ele>43.16</ele>
	<time>1970-01-01T03:43:17.372Z</time>
</trkpt>
<trkpt lat="47.3770676" lon="-0.6812320">
	<ele>45.27</ele>
	<time>1970-01-01T03:43:29.568Z</time>
</trkpt>
<trkpt lat="47.3773308" lon="-0.6805740">
	<ele>45.86</ele>
	<time>1970-01-01T03:43:46.102Z</time>
</trkpt>
<trkpt lat="47.3774300" lon="-0.6802750">
	<ele>45.49</ele>
	<time>1970-01-01T03:43:51.030Z</time>
</trkpt>
<trkpt lat="47.3774757" lon="-0.6801020">
	<ele>45.95</ele>
	<time>1970-01-01T03:43:53.382Z</time>
</trkpt>
<trkpt lat="47.3774948" lon="-0.6800040">
	<ele>45.99</ele>
	<time>1970-01-01T03:43:54.565Z</time>
</trkpt>
<trkpt lat="47.3775406" lon="-0.6796210">
	<ele>43.77</ele>
	<time>1970-01-01T03:43:58.132Z</time>
</trkpt>
<trkpt lat="47.3775673" lon="-0.6794010">
	<ele>43.28</ele>
	<time>1970-01-01T03:44:00.137Z</time>
</trkpt>
<trkpt lat="47.3775978" lon="-0.6792030">
	<ele>42.80</ele>
	<time>1970-01-01T03:44:01.822Z</time>
</trkpt>
<trkpt lat="47.3776398" lon="-0.6790140">
	<ele>42.80</ele>
	<time>1970-01-01T03:44:03.587Z</time>
</trkpt>
<trkpt lat="47.3776932" lon="-0.6787060">
	<ele>42.00</ele>
	<time>1970-01-01T03:44:06.568Z</time>
</trkpt>
<trkpt lat="47.3777313" lon="-0.6785340">
	<ele>41.80</ele>
	<time>1970-01-01T03:44:08.390Z</time>
</trkpt>
<trkpt lat="47.3779068" lon="-0.6780450">
	<ele>41.38</ele>
	<time>1970-01-01T03:44:15.137Z</time>
</trkpt>
<trkpt lat="47.3780365" lon="-0.6775940">
	<ele>41.39</ele>
	<time>1970-01-01T03:44:22.740Z</time>
</trkpt>
<trkpt lat="47.3780861" lon="-0.6773210">
	<ele>40.32</ele>
	<time>1970-01-01T03:44:26.578Z</time>
</trkpt>
<trkpt lat="47.3781319" lon="-0.6770070">
	<ele>39.12</ele>
	<time>1970-01-01T03:44:30.393Z</time>
</trkpt>
<trkpt lat="47.3781433" lon="-0.6769230">
	<ele>38.85</ele>
	<time>1970-01-01T03:44:31.354Z</time>
</trkpt>
<trkpt lat="47.3782158" lon="-0.6767380">
	<ele>39.04</ele>
	<time>1970-01-01T03:44:33.775Z</time>
</trkpt>
<trkpt lat="47.3783836" lon="-0.6762840">
	<ele>41.01</ele>
	<time>1970-01-01T03:44:41.357Z</time>
</trkpt>
<trkpt lat="47.3785706" lon="-0.6758320">
	<ele>44.82</ele>
	<time>1970-01-01T03:44:51.253Z</time>
</trkpt>
<trkpt lat="47.3786507" lon="-0.6755790">
	<ele>47.09</ele>
	<time>1970-01-01T03:44:56.563Z</time>
</trkpt>
<trkpt lat="47.3789635" lon="-0.6743940">
	<ele>48.22</ele>
	<time>1970-01-01T03:45:22.059Z</time>
</trkpt>
<trkpt lat="47.3791847" lon="-0.6737010">
	<ele>47.35</ele>
	<time>1970-01-01T03:45:35.373Z</time>
</trkpt>
<trkpt lat="47.3793602" lon="-0.6728830">
	<ele>49.25</ele>
	<time>1970-01-01T03:45:51.239Z</time>
</trkpt>
<trkpt lat="47.3794060" lon="-0.6727090">
	<ele>49.44</ele>
	<time>1970-01-01T03:45:54.451Z</time>
</trkpt>
<trkpt lat="47.3795471" lon="-0.6722320">
	<ele>49.78</ele>
	<time>1970-01-01T03:46:04.352Z</time>
</trkpt>
<trkpt lat="47.3795738" lon="-0.6721980">
	<ele>49.99</ele>
	<time>1970-01-01T03:46:05.354Z</time>
</trkpt>
<trkpt lat="47.3795853" lon="-0.6721690">
	<ele>50.08</ele>
	<time>1970-01-01T03:46:06.095Z</time>
</trkpt>
<trkpt lat="47.3796120" lon="-0.6720950">
	<ele>50.31</ele>
	<time>1970-01-01T03:46:07.552Z</time>
</trkpt>
<trkpt lat="47.3798294" lon="-0.6715910">
	<ele>50.36</ele>
	<time>1970-01-01T03:46:19.459Z</time>
</trkpt>
<trkpt lat="47.3799324" lon="-0.6713830">
	<ele>50.84</ele>
	<time>1970-01-01T03:46:24.419Z</time>
</trkpt>
<trkpt lat="47.3805008" lon="-0.6704590">
	<ele>48.63</ele>
	<time>1970-01-01T03:46:44.209Z</time>
</trkpt>
<trkpt lat="47.3811722" lon="-0.6695160">
	<ele>46.26</ele>
	<time>1970-01-01T03:46:57.793Z</time>
</trkpt>
<trkpt lat="47.3815002" lon="-0.6690860">
	<ele>44.63</ele>
	<time>1970-01-01T03:47:03.396Z</time>
</trkpt>
<trkpt lat="47.3819733" lon="-0.6683310">
	<ele>46.08</ele>
	<time>1970-01-01T03:47:15.129Z</time>
</trkpt>
<trkpt lat="47.3823013" lon="-0.6678060">
	<ele>44.96</ele>
	<time>1970-01-01T03:47:20.760Z</time>
</trkpt>
<trkpt lat="47.3832855" lon="-0.6663030">
	<ele>41.50</ele>
	<time>1970-01-01T03:47:42.284Z</time>
</trkpt>
<trkpt lat="47.3835335" lon="-0.6660860">
	<ele>41.63</ele>
	<time>1970-01-01T03:47:47.535Z</time>
</trkpt>
<trkpt lat="47.3838425" lon="-0.6659030">
	<ele>42.06</ele>
	<time>1970-01-01T03:47:51.520Z</time>
</trkpt>
<trkpt lat="47.3841782" lon="-0.6657310">
	<ele>41.58</ele>
	<time>1970-01-01T03:47:56.842Z</time>
</trkpt>
<trkpt lat="47.3842163" lon="-0.6657120">
	<ele>41.64</ele>
	<time>1970-01-01T03:47:57.367Z</time>
</trkpt>
<trkpt lat="47.3841209" lon="-0.6651140">
	<ele>39.90</ele>
	<time>1970-01-01T03:48:03.697Z</time>
</trkpt>
<trkpt lat="47.3840446" lon="-0.6645800">
	<ele>38.92</ele>
	<time>1970-01-01T03:48:08.680Z</time>
</trkpt>
<trkpt lat="47.3838959" lon="-0.6633200">
	<ele>40.00</ele>
	<time>1970-01-01T03:48:22.284Z</time>
</trkpt>
<trkpt lat="47.3838730" lon="-0.6630910">
	<ele>39.95</ele>
	<time>1970-01-01T03:48:25.012Z</time>
</trkpt>
<trkpt lat="47.3838425" lon="-0.6629130">
	<ele>40.55</ele>
	<time>1970-01-01T03:48:27.040Z</time>
</trkpt>
<trkpt lat="47.3837662" lon="-0.6625630">
	<ele>40.18</ele>
	<time>1970-01-01T03:48:31.202Z</time>
</trkpt>
<trkpt lat="47.3837051" lon="-0.6622950">
	<ele>40.12</ele>
	<time>1970-01-01T03:48:34.224Z</time>
</trkpt>
<trkpt lat="47.3836555" lon="-0.6621360">
	<ele>39.77</ele>
	<time>1970-01-01T03:48:36.138Z</time>
</trkpt>
<trkpt lat="47.3836060" lon="-0.6620040">
	<ele>39.09</ele>
	<time>1970-01-01T03:48:37.780Z</time>
</trkpt>
<trkpt lat="47.3833046" lon="-0.6613520">
	<ele>37.81</ele>
	<time>1970-01-01T03:48:46.043Z</time>
</trkpt>
<trkpt lat="47.3832588" lon="-0.6611900">
	<ele>37.56</ele>
	<time>1970-01-01T03:48:47.855Z</time>
</trkpt>
<trkpt lat="47.3832359" lon="-0.6610380">
	<ele>37.33</ele>
	<time>1970-01-01T03:48:49.467Z</time>
</trkpt>
<trkpt lat="47.3832245" lon="-0.6608790">
	<ele>37.06</ele>
	<time>1970-01-01T03:48:51.029Z</time>
</trkpt>
<trkpt lat="47.3832321" lon="-0.6607550">
	<ele>36.71</ele>
	<time>1970-01-01T03:48:52.165Z</time>
</trkpt>
<trkpt lat="47.3832741" lon="-0.6606180">
	<ele>36.12</ele>
	<time>1970-01-01T03:48:53.587Z</time>
</trkpt>
<trkpt lat="47.3835144" lon="-0.6600640">
	<ele>35.08</ele>
	<time>1970-01-01T03:49:00.146Z</time>
</trkpt>
<trkpt lat="47.3833389" lon="-0.6599410">
	<ele>34.86</ele>
	<time>1970-01-01T03:49:03.081Z</time>
</trkpt>
<trkpt lat="47.3835182" lon="-0.6594680">
	<ele>33.70</ele>
	<time>1970-01-01T03:49:07.373Z</time>
</trkpt>
<trkpt lat="47.3837776" lon="-0.6588970">
	<ele>32.03</ele>
	<time>1970-01-01T03:49:12.630Z</time>
</trkpt>
<trkpt lat="47.3838768" lon="-0.6586320">
	<ele>31.02</ele>
	<time>1970-01-01T03:49:15.072Z</time>
</trkpt>
<trkpt lat="47.3838425" lon="-0.6586030">
	<ele>30.93</ele>
	<time>1970-01-01T03:49:15.518Z</time>
</trkpt>
<trkpt lat="47.3837242" lon="-0.6584750">
	<ele>30.98</ele>
	<time>1970-01-01T03:49:17.204Z</time>
</trkpt>
<trkpt lat="47.3836975" lon="-0.6584410">
	<ele>31.04</ele>
	<time>1970-01-01T03:49:17.623Z</time>
</trkpt>
<trkpt lat="47.3835106" lon="-0.6583080">
	<ele>30.62</ele>
	<time>1970-01-01T03:49:19.952Z</time>
</trkpt>
<trkpt lat="47.3833847" lon="-0.6582200">
	<ele>30.06</ele>
	<time>1970-01-01T03:49:21.558Z</time>
</trkpt>
<trkpt lat="47.3833084" lon="-0.6581710">
	<ele>30.01</ele>
	<time>1970-01-01T03:49:22.467Z</time>
</trkpt>
<trkpt lat="47.3827209" lon="-0.6577050">
	<ele>27.87</ele>
	<time>1970-01-01T03:49:29.574Z</time>
</trkpt>
<trkpt lat="47.3827934" lon="-0.6572980">
	<ele>27.32</ele>
	<time>1970-01-01T03:49:32.771Z</time>
</trkpt>
<trkpt lat="47.3828163" lon="-0.6571660">
	<ele>26.84</ele>
	<time>1970-01-01T03:49:33.766Z</time>
</trkpt>
<trkpt lat="47.3828163" lon="-0.6570330">
	<ele>26.35</ele>
	<time>1970-01-01T03:49:34.760Z</time>
</trkpt>
<trkpt lat="47.3827972" lon="-0.6569180">
	<ele>26.04</ele>
	<time>1970-01-01T03:49:35.619Z</time>
</trkpt>
<trkpt lat="47.3827667" lon="-0.6568430">
	<ele>25.95</ele>
	<time>1970-01-01T03:49:36.187Z</time>
</trkpt>
<trkpt lat="47.3827248" lon="-0.6568050">
	<ele>25.72</ele>
	<time>1970-01-01T03:49:36.748Z</time>
</trkpt>
<trkpt lat="47.3825378" lon="-0.6566440">
	<ele>23.16</ele>
	<time>1970-01-01T03:49:38.779Z</time>
</trkpt>
<trkpt lat="47.3823624" lon="-0.6564560">
	<ele>21.29</ele>
	<time>1970-01-01T03:49:40.699Z</time>
</trkpt>
<trkpt lat="47.3823509" lon="-0.6564440">
	<ele>21.25</ele>
	<time>1970-01-01T03:49:40.859Z</time>
</trkpt>
<trkpt lat="47.3822441" lon="-0.6563270">
	<ele>20.65</ele>
	<time>1970-01-01T03:49:42.059Z</time>
</trkpt>
<trkpt lat="47.3820572" lon="-0.6561240">
	<ele>18.98</ele>
	<time>1970-01-01T03:49:44.139Z</time>
</trkpt>
<trkpt lat="47.3819542" lon="-0.6560140">
	<ele>19.03</ele>
	<time>1970-01-01T03:49:45.259Z</time>
</trkpt>
<trkpt lat="47.3818932" lon="-0.6559510">
	<ele>19.06</ele>
	<time>1970-01-01T03:49:45.899Z</time>
</trkpt>
<trkpt lat="47.3818321" lon="-0.6559330">
	<ele>18.93</ele>
	<time>1970-01-01T03:49:46.459Z</time>
</trkpt>
<trkpt lat="47.3818016" lon="-0.6559170">
	<ele>18.81</ele>
	<time>1970-01-01T03:49:46.779Z</time>
</trkpt>
<trkpt lat="47.3817978" lon="-0.6558750">
	<ele>18.65</ele>
	<time>1970-01-01T03:49:47.019Z</time>
</trkpt>
<trkpt lat="47.3817825" lon="-0.6558440">
	<ele>18.43</ele>
	<time>1970-01-01T03:49:47.259Z</time>
</trkpt>
<trkpt lat="47.3817596" lon="-0.6558050">
	<ele>18.06</ele>
	<time>1970-01-01T03:49:47.581Z</time>
</trkpt>
<trkpt lat="47.3814430" lon="-0.6555220">
	<ele>16.39</ele>
	<time>1970-01-01T03:49:51.121Z</time>
</trkpt>
<trkpt lat="47.3812981" lon="-0.6554180">
	<ele>17.18</ele>
	<time>1970-01-01T03:49:52.883Z</time>
</trkpt>
<trkpt lat="47.3810806" lon="-0.6552590">
	<ele>16.14</ele>
	<time>1970-01-01T03:49:55.758Z</time>
</trkpt>
<trkpt lat="47.3809853" lon="-0.6551920">
	<ele>17.21</ele>
	<time>1970-01-01T03:49:57.124Z</time>
</trkpt>
<trkpt lat="47.3807526" lon="-0.6550120">
	<ele>17.54</ele>
	<time>1970-01-01T03:50:00.598Z</time>
</trkpt>
<trkpt lat="47.3805389" lon="-0.6548310">
	<ele>18.59</ele>
	<time>1970-01-01T03:50:03.832Z</time>
</trkpt>
<trkpt lat="47.3803673" lon="-0.6546720">
	<ele>18.16</ele>
	<time>1970-01-01T03:50:06.509Z</time>
</trkpt>
<trkpt lat="47.3800545" lon="-0.6543470">
	<ele>18.96</ele>
	<time>1970-01-01T03:50:11.286Z</time>
</trkpt>
<trkpt lat="47.3800468" lon="-0.6543760">
	<ele>19.08</ele>
	<time>1970-01-01T03:50:11.514Z</time>
</trkpt>
<trkpt lat="47.3800422" lon="-0.6543716">
	<ele>19.07</ele>
	<time>1970-01-01T04:41:49.702Z</time>
</trkpt>
<trkpt lat="47.3800392" lon="-0.6544040">
	<ele>19.13</ele>
	<time>1970-01-01T09:42:10.554Z</time>
</trkpt>
<trkpt lat="47.3800354" lon="-0.6544790">
	<ele>18.89</ele>
	<time>1970-01-01T09:42:11.557Z</time>
</trkpt>
<trkpt lat="47.3800430" lon="-0.6545480">
	<ele>18.19</ele>
	<time>1970-01-01T09:42:12.392Z</time>
</trkpt>
<trkpt lat="47.3800583" lon="-0.6546240">
	<ele>17.27</ele>
	<time>1970-01-01T09:42:13.332Z</time>
</trkpt>
<trkpt lat="47.3800812" lon="-0.6547030">
	<ele>16.62</ele>
	<time>1970-01-01T09:42:14.275Z</time>
</trkpt>
<trkpt lat="47.3801346" lon="-0.6547970">
	<ele>16.72</ele>
	<time>1970-01-01T09:42:15.790Z</time>
</trkpt>
<trkpt lat="47.3802261" lon="-0.6548840">
	<ele>17.23</ele>
	<time>1970-01-01T09:42:17.944Z</time>
</trkpt>
<trkpt lat="47.3804092" lon="-0.6550510">
	<ele>17.86</ele>
	<time>1970-01-01T09:42:22.475Z</time>
</trkpt>
<trkpt lat="47.3806267" lon="-0.6552630">
	<ele>18.55</ele>
	<time>1970-01-01T09:42:28.132Z</time>
</trkpt>
<trkpt lat="47.3808212" lon="-0.6554480">
	<ele>18.41</ele>
	<time>1970-01-01T09:42:33.330Z</time>
</trkpt>
<trkpt lat="47.3809814" lon="-0.6555710">
	<ele>19.42</ele>
	<time>1970-01-01T09:42:37.181Z</time>
</trkpt>
<trkpt lat="47.3810883" lon="-0.6553170">
	<ele>16.42</ele>
	<time>1970-01-01T09:42:42.392Z</time>
</trkpt>
<trkpt lat="47.3811378" lon="-0.6551950">
	<ele>16.24</ele>
	<time>1970-01-01T09:42:44.930Z</time>
</trkpt>
<trkpt lat="47.3811913" lon="-0.6550510">
	<ele>18.09</ele>
	<time>1970-01-01T09:42:48.228Z</time>
</trkpt>
<trkpt lat="47.3812637" lon="-0.6548740">
	<ele>18.86</ele>
	<time>1970-01-01T09:42:52.321Z</time>
</trkpt>
<trkpt lat="47.3823204" lon="-0.6523470">
	<ele>17.62</ele>
	<time>1970-01-01T09:43:32.519Z</time>
</trkpt>
<trkpt lat="47.3856468" lon="-0.6445200">
	<ele>20.32</ele>
	<time>1970-01-01T09:45:28.330Z</time>
</trkpt>
<trkpt lat="47.3856850" lon="-0.6444320">
	<ele>20.47</ele>
	<time>1970-01-01T09:45:29.666Z</time>
</trkpt>
<trkpt lat="47.3857536" lon="-0.6442110">
	<ele>19.69</ele>
	<time>1970-01-01T09:45:32.869Z</time>
</trkpt>
<trkpt lat="47.3857651" lon="-0.6440760">
	<ele>19.60</ele>
	<time>1970-01-01T09:45:34.634Z</time>
</trkpt>
<trkpt lat="47.3857765" lon="-0.6439190">
	<ele>19.65</ele>
	<time>1970-01-01T09:45:36.739Z</time>
</trkpt>
<trkpt lat="47.3859787" lon="-0.6434160">
	<ele>19.42</ele>
	<time>1970-01-01T09:45:45.287Z</time>
</trkpt>
<trkpt lat="47.3861694" lon="-0.6432530">
	<ele>20.06</ele>
	<time>1970-01-01T09:45:50.550Z</time>
</trkpt>
<trkpt lat="47.3863907" lon="-0.6429230">
	<ele>19.58</ele>
	<time>1970-01-01T09:45:57.917Z</time>
</trkpt>
<trkpt lat="47.3871307" lon="-0.6413280">
	<ele>17.25</ele>
	<time>1970-01-01T09:46:28.071Z</time>
</trkpt>
<trkpt lat="47.3871307" lon="-0.6411980">
	<ele>16.97</ele>
	<time>1970-01-01T09:46:29.779Z</time>
</trkpt>
<trkpt lat="47.3871918" lon="-0.6410150">
	<ele>16.89</ele>
	<time>1970-01-01T09:46:32.504Z</time>
</trkpt>
<trkpt lat="47.3872948" lon="-0.6407890">
	<ele>17.23</ele>
	<time>1970-01-01T09:46:36.850Z</time>
</trkpt>
<trkpt lat="47.3876076" lon="-0.6402090">
	<ele>16.45</ele>
	<time>1970-01-01T09:46:48.689Z</time>
</trkpt>
<trkpt lat="47.3879395" lon="-0.6397080">
	<ele>16.22</ele>
	<time>1970-01-01T09:47:05.031Z</time>
</trkpt>
<trkpt lat="47.3881531" lon="-0.6395220">
	<ele>17.89</ele>
	<time>1970-01-01T09:47:12.112Z</time>
</trkpt>
<trkpt lat="47.3882942" lon="-0.6393040">
	<ele>17.36</ele>
	<time>1970-01-01T09:47:18.481Z</time>
</trkpt>
<trkpt lat="47.3887062" lon="-0.6385690">
	<ele>16.38</ele>
	<time>1970-01-01T09:47:26.856Z</time>
</trkpt>
<trkpt lat="47.3907204" lon="-0.6351940">
	<ele>16.20</ele>
	<time>1970-01-01T09:48:17.474Z</time>
</trkpt>
<trkpt lat="47.3907738" lon="-0.6350700">
	<ele>15.25</ele>
	<time>1970-01-01T09:48:18.524Z</time>
</trkpt>
<trkpt lat="47.3909111" lon="-0.6347980">
	<ele>15.29</ele>
	<time>1970-01-01T09:48:21.293Z</time>
</trkpt>
<trkpt lat="47.3929062" lon="-0.6319740">
	<ele>16.59</ele>
	<time>1970-01-01T09:49:03.526Z</time>
</trkpt>
<trkpt lat="47.3938370" lon="-0.6310840">
	<ele>16.50</ele>
	<time>1970-01-01T09:49:34.982Z</time>
</trkpt>
<trkpt lat="47.3939247" lon="-0.6309560">
	<ele>16.57</ele>
	<time>1970-01-01T09:49:38.249Z</time>
</trkpt>
<trkpt lat="47.3941917" lon="-0.6307480">
	<ele>16.71</ele>
	<time>1970-01-01T09:49:44.421Z</time>
</trkpt>
<trkpt lat="47.3954735" lon="-0.6295120">
	<ele>16.84</ele>
	<time>1970-01-01T09:50:18.032Z</time>
</trkpt>
<trkpt lat="47.3959274" lon="-0.6288800">
	<ele>16.95</ele>
	<time>1970-01-01T09:50:27.998Z</time>
</trkpt>
<trkpt lat="47.3960495" lon="-0.6287130">
	<ele>17.47</ele>
	<time>1970-01-01T09:50:30.444Z</time>
</trkpt>
<trkpt lat="47.3960876" lon="-0.6286910">
	<ele>17.58</ele>
	<time>1970-01-01T09:50:31.033Z</time>
</trkpt>
<trkpt lat="47.3961983" lon="-0.6286850">
	<ele>18.16</ele>
	<time>1970-01-01T09:50:33.848Z</time>
</trkpt>
<trkpt lat="47.3963089" lon="-0.6285710">
	<ele>17.01</ele>
	<time>1970-01-01T09:50:37.446Z</time>
</trkpt>
<trkpt lat="47.3963966" lon="-0.6285000">
	<ele>16.70</ele>
	<time>1970-01-01T09:50:40.145Z</time>
</trkpt>
<trkpt lat="47.3964577" lon="-0.6284750">
	<ele>16.77</ele>
	<time>1970-01-01T09:50:42.165Z</time>
</trkpt>
<trkpt lat="47.3968430" lon="-0.6283220">
	<ele>18.36</ele>
	<time>1970-01-01T09:50:54.123Z</time>
</trkpt>
<trkpt lat="47.3986320" lon="-0.6267930">
	<ele>19.99</ele>
	<time>1970-01-01T09:51:31.110Z</time>
</trkpt>
<trkpt lat="47.3987846" lon="-0.6273040">
	<ele>20.61</ele>
	<time>1970-01-01T09:51:45.349Z</time>
</trkpt>
<trkpt lat="47.3988876" lon="-0.6277890">
	<ele>21.09</ele>
	<time>1970-01-01T09:52:07.405Z</time>
</trkpt>
<trkpt lat="47.3989029" lon="-0.6280370">
	<ele>23.63</ele>
	<time>1970-01-01T09:52:19.529Z</time>
</trkpt>
<trkpt lat="47.3988800" lon="-0.6284050">
	<ele>26.28</ele>
	<time>1970-01-01T09:52:40.652Z</time>
</trkpt>
<trkpt lat="47.3988419" lon="-0.6286560">
	<ele>27.30</ele>
	<time>1970-01-01T09:52:54.250Z</time>
</trkpt>
<trkpt lat="47.3987389" lon="-0.6289340">
	<ele>30.83</ele>
	<time>1970-01-01T09:53:12.303Z</time>
</trkpt>
<trkpt lat="47.3982849" lon="-0.6296160">
	<ele>34.24</ele>
	<time>1970-01-01T09:54:05.910Z</time>
</trkpt>
<trkpt lat="47.3982010" lon="-0.6297800">
	<ele>35.82</ele>
	<time>1970-01-01T09:54:13.863Z</time>
</trkpt>
<trkpt lat="47.3981018" lon="-0.6303280">
	<ele>37.11</ele>
	<time>1970-01-01T09:54:34.446Z</time>
</trkpt>
<trkpt lat="47.3980713" lon="-0.6307110">
	<ele>39.03</ele>
	<time>1970-01-01T09:54:47.229Z</time>
</trkpt>
<trkpt lat="47.3980598" lon="-0.6309620">
	<ele>41.34</ele>
	<time>1970-01-01T09:54:55.369Z</time>
</trkpt>
<trkpt lat="47.3981476" lon="-0.6319490">
	<ele>47.02</ele>
	<time>1970-01-01T09:55:32.364Z</time>
</trkpt>
<trkpt lat="47.3981628" lon="-0.6321520">
	<ele>48.02</ele>
	<time>1970-01-01T09:55:38.510Z</time>
</trkpt>
<trkpt lat="47.3983917" lon="-0.6320430">
	<ele>47.63</ele>
	<time>1970-01-01T09:55:46.729Z</time>
</trkpt>
<trkpt lat="47.3985481" lon="-0.6319530">
	<ele>46.97</ele>
	<time>1970-01-01T09:55:51.274Z</time>
</trkpt>
<trkpt lat="47.3989258" lon="-0.6318230">
	<ele>47.33</ele>
	<time>1970-01-01T09:55:59.612Z</time>
</trkpt>
<trkpt lat="47.3991165" lon="-0.6317960">
	<ele>47.80</ele>
	<time>1970-01-01T09:56:03.701Z</time>
</trkpt>
<trkpt lat="47.3996391" lon="-0.6318660">
	<ele>50.47</ele>
	<time>1970-01-01T09:56:18.060Z</time>
</trkpt>
<trkpt lat="47.3997383" lon="-0.6318400">
	<ele>51.07</ele>
	<time>1970-01-01T09:56:20.647Z</time>
</trkpt>
<trkpt lat="47.3998222" lon="-0.6318030">
	<ele>51.58</ele>
	<time>1970-01-01T09:56:22.921Z</time>
</trkpt>
<trkpt lat="47.3999100" lon="-0.6317300">
	<ele>51.86</ele>
	<time>1970-01-01T09:56:25.513Z</time>
</trkpt>
<trkpt lat="47.3999634" lon="-0.6316620">
	<ele>51.88</ele>
	<time>1970-01-01T09:56:27.340Z</time>
</trkpt>
<trkpt lat="47.4000435" lon="-0.6314270">
	<ele>52.24</ele>
	<time>1970-01-01T09:56:31.726Z</time>
</trkpt>
<trkpt lat="47.4001083" lon="-0.6312150">
	<ele>52.05</ele>
	<time>1970-01-01T09:56:35.490Z</time>
</trkpt>
<trkpt lat="47.4002724" lon="-0.6308280">
	<ele>52.97</ele>
	<time>1970-01-01T09:56:43.108Z</time>
</trkpt>
<trkpt lat="47.4005928" lon="-0.6301710">
	<ele>52.76</ele>
	<time>1970-01-01T09:56:56.726Z</time>
</trkpt>
<trkpt lat="47.4007912" lon="-0.6297340">
	<ele>53.75</ele>
	<time>1970-01-01T09:57:06.186Z</time>
</trkpt>
<trkpt lat="47.4009285" lon="-0.6295030">
	<ele>54.35</ele>
	<time>1970-01-01T09:57:12.149Z</time>
</trkpt>
<trkpt lat="47.4010735" lon="-0.6292950">
	<ele>54.86</ele>
	<time>1970-01-01T09:57:18.421Z</time>
</trkpt>
<trkpt lat="47.4014931" lon="-0.6288090">
	<ele>56.22</ele>
	<time>1970-01-01T09:57:36.668Z</time>
</trkpt>
<trkpt lat="47.4017220" lon="-0.6285010">
	<ele>57.29</ele>
	<time>1970-01-01T09:57:45.080Z</time>
</trkpt>
<trkpt lat="47.4023361" lon="-0.6275560">
	<ele>58.12</ele>
	<time>1970-01-01T09:58:10.543Z</time>
</trkpt>
<trkpt lat="47.4023743" lon="-0.6274970">
	<ele>58.12</ele>
	<time>1970-01-01T09:58:11.916Z</time>
</trkpt>
<trkpt lat="47.4029198" lon="-0.6266570">
	<ele>56.04</ele>
	<time>1970-01-01T09:58:31.693Z</time>
</trkpt>
<trkpt lat="47.4031067" lon="-0.6263700">
	<ele>54.96</ele>
	<time>1970-01-01T09:58:35.289Z</time>
</trkpt>
<trkpt lat="47.4035873" lon="-0.6255810">
	<ele>50.26</ele>
	<time>1970-01-01T09:58:42.866Z</time>
</trkpt>
<trkpt lat="47.4038658" lon="-0.6250140">
	<ele>45.28</ele>
	<time>1970-01-01T09:58:47.106Z</time>
</trkpt>
<trkpt lat="47.4040260" lon="-0.6247240">
	<ele>42.71</ele>
	<time>1970-01-01T09:58:49.346Z</time>
</trkpt>
<trkpt lat="47.4042511" lon="-0.6244830">
	<ele>39.26</ele>
	<time>1970-01-01T09:58:51.826Z</time>
</trkpt>
<trkpt lat="47.4050484" lon="-0.6237490">
	<ele>29.70</ele>
	<time>1970-01-01T09:59:00.226Z</time>
</trkpt>
<trkpt lat="47.4051857" lon="-0.6235660">
	<ele>28.83</ele>
	<time>1970-01-01T09:59:01.826Z</time>
</trkpt>
<trkpt lat="47.4053307" lon="-0.6231020">
	<ele>26.34</ele>
	<time>1970-01-01T09:59:04.866Z</time>
</trkpt>
<trkpt lat="47.4054070" lon="-0.6229830">
	<ele>26.18</ele>
	<time>1970-01-01T09:59:05.905Z</time>
</trkpt>
<trkpt lat="47.4056587" lon="-0.6228850">
	<ele>24.33</ele>
	<time>1970-01-01T09:59:08.225Z</time>
</trkpt>
<trkpt lat="47.4059982" lon="-0.6227820">
	<ele>20.31</ele>
	<time>1970-01-01T09:59:11.685Z</time>
</trkpt>
<trkpt lat="47.4061241" lon="-0.6228450">
	<ele>19.81</ele>
	<time>1970-01-01T09:59:13.535Z</time>
</trkpt>
<trkpt lat="47.4061546" lon="-0.6228640">
	<ele>20.00</ele>
	<time>1970-01-01T09:59:14.102Z</time>
</trkpt>
<trkpt lat="47.4061737" lon="-0.6226520">
	<ele>21.93</ele>
	<time>1970-01-01T09:59:16.277Z</time>
</trkpt>
<trkpt lat="47.4061775" lon="-0.6225780">
	<ele>22.98</ele>
	<time>1970-01-01T09:59:17.064Z</time>
</trkpt>
<trkpt lat="47.4061928" lon="-0.6224130">
	<ele>22.59</ele>
	<time>1970-01-01T09:59:18.712Z</time>
</trkpt>
<trkpt lat="47.4062157" lon="-0.6221990">
	<ele>19.35</ele>
	<time>1970-01-01T09:59:20.705Z</time>
</trkpt>
<trkpt lat="47.4062538" lon="-0.6216780">
	<ele>19.01</ele>
	<time>1970-01-01T09:59:25.006Z</time>
</trkpt>
<trkpt lat="47.4062653" lon="-0.6215880">
	<ele>18.95</ele>
	<time>1970-01-01T09:59:25.783Z</time>
</trkpt>
<trkpt lat="47.4063034" lon="-0.6214530">
	<ele>19.09</ele>
	<time>1970-01-01T09:59:27.041Z</time>
</trkpt>
<trkpt lat="47.4063950" lon="-0.6212730">
	<ele>19.68</ele>
	<time>1970-01-01T09:59:29.067Z</time>
</trkpt>
<trkpt lat="47.4065018" lon="-0.6210920">
	<ele>20.06</ele>
	<time>1970-01-01T09:59:31.212Z</time>
</trkpt>
<trkpt lat="47.4065552" lon="-0.6210070">
	<ele>20.17</ele>
	<time>1970-01-01T09:59:32.271Z</time>
</trkpt>
<trkpt lat="47.4066010" lon="-0.6209500">
	<ele>20.17</ele>
	<time>1970-01-01T09:59:33.073Z</time>
</trkpt>
<trkpt lat="47.4067116" lon="-0.6208800">
	<ele>20.59</ele>
	<time>1970-01-01T09:59:34.610Z</time>
</trkpt>
<trkpt lat="47.4067993" lon="-0.6208120">
	<ele>21.27</ele>
	<time>1970-01-01T09:59:36.106Z</time>
</trkpt>
<trkpt lat="47.4069290" lon="-0.6206920">
	<ele>21.89</ele>
	<time>1970-01-01T09:59:38.768Z</time>
</trkpt>
<trkpt lat="47.4069633" lon="-0.6206710">
	<ele>21.93</ele>
	<time>1970-01-01T09:59:39.399Z</time>
</trkpt>
<trkpt lat="47.4070244" lon="-0.6206470">
	<ele>22.01</ele>
	<time>1970-01-01T09:59:40.070Z</time>
</trkpt>
<trkpt lat="47.4070663" lon="-0.6206410">
	<ele>22.11</ele>
	<time>1970-01-01T09:59:40.479Z</time>
</trkpt>
<trkpt lat="47.4071083" lon="-0.6206500">
	<ele>22.36</ele>
	<time>1970-01-01T09:59:41.021Z</time>
</trkpt>
<trkpt lat="47.4071922" lon="-0.6206370">
	<ele>22.58</ele>
	<time>1970-01-01T09:59:42.178Z</time>
</trkpt>
<trkpt lat="47.4073868" lon="-0.6205140">
	<ele>22.95</ele>
	<time>1970-01-01T09:59:45.594Z</time>
</trkpt>
<trkpt lat="47.4078331" lon="-0.6202170">
	<ele>21.74</ele>
	<time>1970-01-01T09:59:54.063Z</time>
</trkpt>
<trkpt lat="47.4078979" lon="-0.6201820">
	<ele>21.67</ele>
	<time>1970-01-01T09:59:55.099Z</time>
</trkpt>
<trkpt lat="47.4081955" lon="-0.6200570">
	<ele>22.24</ele>
	<time>1970-01-01T10:00:00.691Z</time>
</trkpt>
<trkpt lat="47.4082642" lon="-0.6200380">
	<ele>22.71</ele>
	<time>1970-01-01T10:00:02.067Z</time>
</trkpt>
<trkpt lat="47.4084129" lon="-0.6199900">
	<ele>23.46</ele>
	<time>1970-01-01T10:00:05.174Z</time>
</trkpt>
<trkpt lat="47.4085464" lon="-0.6199390">
	<ele>23.83</ele>
	<time>1970-01-01T10:00:08.469Z</time>
</trkpt>
<trkpt lat="47.4087448" lon="-0.6197860">
	<ele>24.84</ele>
	<time>1970-01-01T10:00:14.034Z</time>
</trkpt>
<trkpt lat="47.4088631" lon="-0.6196990">
	<ele>26.44</ele>
	<time>1970-01-01T10:00:17.417Z</time>
</trkpt>
<trkpt lat="47.4089432" lon="-0.6196670">
	<ele>26.76</ele>
	<time>1970-01-01T10:00:19.378Z</time>
</trkpt>
<trkpt lat="47.4090614" lon="-0.6196850">
	<ele>27.25</ele>
	<time>1970-01-01T10:00:22.732Z</time>
</trkpt>
<trkpt lat="47.4090881" lon="-0.6197070">
	<ele>27.54</ele>
	<time>1970-01-01T10:00:23.798Z</time>
</trkpt>
<trkpt lat="47.4091911" lon="-0.6197830">
	<ele>28.66</ele>
	<time>1970-01-01T10:00:28.047Z</time>
</trkpt>
<trkpt lat="47.4092636" lon="-0.6198940">
	<ele>29.70</ele>
	<time>1970-01-01T10:00:30.222Z</time>
</trkpt>
<trkpt lat="47.4093323" lon="-0.6199560">
	<ele>30.15</ele>
	<time>1970-01-01T10:00:32.205Z</time>
</trkpt>
<trkpt lat="47.4093971" lon="-0.6199830">
	<ele>30.53</ele>
	<time>1970-01-01T10:00:34.049Z</time>
</trkpt>
<trkpt lat="47.4094582" lon="-0.6199850">
	<ele>31.10</ele>
	<time>1970-01-01T10:00:35.736Z</time>
</trkpt>
<trkpt lat="47.4098892" lon="-0.6198970">
	<ele>35.67</ele>
	<time>1970-01-01T10:00:49.661Z</time>
</trkpt>
<trkpt lat="47.4099197" lon="-0.6198900">
	<ele>35.64</ele>
	<time>1970-01-01T10:00:50.431Z</time>
</trkpt>
<trkpt lat="47.4100113" lon="-0.6198670">
	<ele>35.57</ele>
	<time>1970-01-01T10:00:53.097Z</time>
</trkpt>
<trkpt lat="47.4100990" lon="-0.6199600">
	<ele>35.30</ele>
	<time>1970-01-01T10:00:56.558Z</time>
</trkpt>
<trkpt lat="47.4101257" lon="-0.6200350">
	<ele>35.77</ele>
	<time>1970-01-01T10:00:58.321Z</time>
</trkpt>
<trkpt lat="47.4105644" lon="-0.6197270">
	<ele>34.06</ele>
	<time>1970-01-01T10:01:11.463Z</time>
</trkpt>
<trkpt lat="47.4107475" lon="-0.6195730">
	<ele>33.23</ele>
	<time>1970-01-01T10:01:16.413Z</time>
</trkpt>
<trkpt lat="47.4110374" lon="-0.6192480">
	<ele>29.97</ele>
	<time>1970-01-01T10:01:28.622Z</time>
</trkpt>
<trkpt lat="47.4111328" lon="-0.6191340">
	<ele>28.75</ele>
	<time>1970-01-01T10:01:31.425Z</time>
</trkpt>
<trkpt lat="47.4111862" lon="-0.6190690">
	<ele>28.43</ele>
	<time>1970-01-01T02:00:00.389Z</time>
</trkpt>
<trkpt lat="47.4113045" lon="-0.6189480">
	<ele>27.57</ele>
	<time>1970-01-01T02:00:02.515Z</time>
</trkpt>
<trkpt lat="47.4114380" lon="-0.6188400">
	<ele>26.71</ele>
	<time>1970-01-01T02:00:04.519Z</time>
</trkpt>
<trkpt lat="47.4115791" lon="-0.6187520">
	<ele>26.06</ele>
	<time>1970-01-01T02:00:06.433Z</time>
</trkpt>
<trkpt lat="47.4119186" lon="-0.6185840">
	<ele>23.94</ele>
	<time>1970-01-01T02:00:12.365Z</time>
</trkpt>
<trkpt lat="47.4120445" lon="-0.6185090">
	<ele>22.17</ele>
	<time>1970-01-01T02:00:14.203Z</time>
</trkpt>
<trkpt lat="47.4122162" lon="-0.6183770">
	<ele>20.87</ele>
	<time>1970-01-01T02:00:16.283Z</time>
</trkpt>
<trkpt lat="47.4123344" lon="-0.6182430">
	<ele>20.53</ele>
	<time>1970-01-01T02:00:17.703Z</time>
</trkpt>
<trkpt lat="47.4124718" lon="-0.6180700">
	<ele>20.20</ele>
	<time>1970-01-01T02:00:19.303Z</time>
</trkpt>
<trkpt lat="47.4129906" lon="-0.6173440">
	<ele>19.53</ele>
	<time>1970-01-01T02:00:26.631Z</time>
</trkpt>
<trkpt lat="47.4132576" lon="-0.6170330">
	<ele>19.46</ele>
	<time>1970-01-01T02:00:31.025Z</time>
</trkpt>
<trkpt lat="47.4133148" lon="-0.6169850">
	<ele>19.90</ele>
	<time>1970-01-01T02:00:31.890Z</time>
</trkpt>
<trkpt lat="47.4136276" lon="-0.6167230">
	<ele>20.25</ele>
	<time>1970-01-01T02:00:38.297Z</time>
</trkpt>
<trkpt lat="47.4137955" lon="-0.6166160">
	<ele>20.45</ele>
	<time>1970-01-01T02:00:40.289Z</time>
</trkpt>
<trkpt lat="47.4141159" lon="-0.6164980">
	<ele>20.62</ele>
	<time>1970-01-01T02:00:44.922Z</time>
</trkpt>
<trkpt lat="47.4145012" lon="-0.6163960">
	<ele>22.32</ele>
	<time>1970-01-01T02:00:52.158Z</time>
</trkpt>
<trkpt lat="47.4148560" lon="-0.6163140">
	<ele>22.48</ele>
	<time>1970-01-01T02:00:59.688Z</time>
</trkpt>
<trkpt lat="47.4150047" lon="-0.6162630">
	<ele>22.17</ele>
	<time>1970-01-01T02:01:03.000Z</time>
</trkpt>
<trkpt lat="47.4151573" lon="-0.6161540">
	<ele>21.89</ele>
	<time>1970-01-01T02:01:06.609Z</time>
</trkpt>
<trkpt lat="47.4153671" lon="-0.6159130">
	<ele>20.54</ele>
	<time>1970-01-01T02:01:11.526Z</time>
</trkpt>
<trkpt lat="47.4155884" lon="-0.6156390">
	<ele>19.37</ele>
	<time>1970-01-01T02:01:15.997Z</time>
</trkpt>
<trkpt lat="47.4158058" lon="-0.6153790">
	<ele>19.21</ele>
	<time>1970-01-01T02:01:19.895Z</time>
</trkpt>
<trkpt lat="47.4158554" lon="-0.6153230">
	<ele>19.24</ele>
	<time>1970-01-01T02:01:20.768Z</time>
</trkpt>
<trkpt lat="47.4161072" lon="-0.6151580">
	<ele>19.56</ele>
	<time>1970-01-01T02:01:24.623Z</time>
</trkpt>
<trkpt lat="47.4164963" lon="-0.6149290">
	<ele>19.73</ele>
	<time>1970-01-01T02:01:31.309Z</time>
</trkpt>
<trkpt lat="47.4165611" lon="-0.6148790">
	<ele>19.50</ele>
	<time>1970-01-01T02:01:32.492Z</time>
</trkpt>
<trkpt lat="47.4166069" lon="-0.6148470">
	<ele>19.42</ele>
	<time>1970-01-01T02:01:33.236Z</time>
</trkpt>
<trkpt lat="47.4167786" lon="-0.6146920">
	<ele>18.93</ele>
	<time>1970-01-01T02:01:36.711Z</time>
</trkpt>
<trkpt lat="47.4168434" lon="-0.6146320">
	<ele>18.81</ele>
	<time>1970-01-01T02:01:38.010Z</time>
</trkpt>
<trkpt lat="47.4169350" lon="-0.6145260">
	<ele>19.01</ele>
	<time>1970-01-01T02:01:39.912Z</time>
</trkpt>
<trkpt lat="47.4169922" lon="-0.6144430">
	<ele>19.18</ele>
	<time>1970-01-01T02:01:41.170Z</time>
</trkpt>
<trkpt lat="47.4170418" lon="-0.6143530">
	<ele>19.20</ele>
	<time>1970-01-01T02:01:42.447Z</time>
</trkpt>
<trkpt lat="47.4171906" lon="-0.6140330">
	<ele>19.35</ele>
	<time>1970-01-01T02:01:46.255Z</time>
</trkpt>
<trkpt lat="47.4172096" lon="-0.6139990">
	<ele>19.35</ele>
	<time>1970-01-01T02:01:46.422Z</time>
</trkpt>
<trkpt lat="47.4174614" lon="-0.6134330">
	<ele>19.14</ele>
	<time>1970-01-01T02:01:53.087Z</time>
</trkpt>
<trkpt lat="47.4175186" lon="-0.6133230">
	<ele>19.07</ele>
	<time>1970-01-01T02:01:54.534Z</time>
</trkpt>
<trkpt lat="47.4176407" lon="-0.6131420">
	<ele>19.70</ele>
	<time>1970-01-01T02:01:57.113Z</time>
</trkpt>
<trkpt lat="47.4179802" lon="-0.6126830">
	<ele>19.96</ele>
	<time>1970-01-01T02:02:05.650Z</time>
</trkpt>
<trkpt lat="47.4181366" lon="-0.6125450">
	<ele>19.55</ele>
	<time>1970-01-01T02:02:09.446Z</time>
</trkpt>
<trkpt lat="47.4189758" lon="-0.6118070">
	<ele>19.82</ele>
	<time>1970-01-01T02:02:24.793Z</time>
</trkpt>
<trkpt lat="47.4192162" lon="-0.6116040">
	<ele>19.97</ele>
	<time>1970-01-01T02:02:29.072Z</time>
</trkpt>
<trkpt lat="47.4193039" lon="-0.6115310">
	<ele>20.07</ele>
	<time>1970-01-01T02:02:30.644Z</time>
</trkpt>
<trkpt lat="47.4194412" lon="-0.6114130">
	<ele>20.11</ele>
	<time>1970-01-01T02:02:33.268Z</time>
</trkpt>
<trkpt lat="47.4195862" lon="-0.6112860">
	<ele>19.88</ele>
	<time>1970-01-01T02:02:36.100Z</time>
</trkpt>
<trkpt lat="47.4197235" lon="-0.6111700">
	<ele>19.33</ele>
	<time>1970-01-01T02:02:38.835Z</time>
</trkpt>
<trkpt lat="47.4198723" lon="-0.6110440">
	<ele>19.66</ele>
	<time>1970-01-01T02:02:41.676Z</time>
</trkpt>
<trkpt lat="47.4200783" lon="-0.6108780">
	<ele>19.90</ele>
	<time>1970-01-01T02:02:46.020Z</time>
</trkpt>
<trkpt lat="47.4205017" lon="-0.6105570">
	<ele>19.00</ele>
	<time>1970-01-01T02:02:54.012Z</time>
</trkpt>
<trkpt lat="47.4205017" lon="-0.6105570">
	<ele>19.00</ele>
	<time>1970-01-01T10:56:03.236Z</time>
</trkpt>
<trkpt lat="47.4205093" lon="-0.6105510">
	<ele>19.01</ele>
	<time>1970-01-01T10:56:03.403Z</time>
</trkpt>
<trkpt lat="47.4206619" lon="-0.6104450">
	<ele>19.19</ele>
	<time>1970-01-01T10:56:06.783Z</time>
</trkpt>
<trkpt lat="47.4206848" lon="-0.6104260">
	<ele>19.25</ele>
	<time>1970-01-01T10:56:07.313Z</time>
</trkpt>
<trkpt lat="47.4207268" lon="-0.6103960">
	<ele>19.37</ele>
	<time>1970-01-01T10:56:08.195Z</time>
</trkpt>
<trkpt lat="47.4207611" lon="-0.6103250">
	<ele>19.67</ele>
	<time>1970-01-01T10:56:09.425Z</time>
</trkpt>
<trkpt lat="47.4207916" lon="-0.6102200">
	<ele>20.12</ele>
	<time>1970-01-01T10:56:11.001Z</time>
</trkpt>
<trkpt lat="47.4207802" lon="-0.6101650">
	<ele>20.28</ele>
	<time>1970-01-01T10:56:11.699Z</time>
</trkpt>
<trkpt lat="47.4207764" lon="-0.6101070">
	<ele>20.44</ele>
	<time>1970-01-01T10:56:12.396Z</time>
</trkpt>
<trkpt lat="47.4207840" lon="-0.6100500">
	<ele>20.64</ele>
	<time>1970-01-01T10:56:13.092Z</time>
</trkpt>
<trkpt lat="47.4207954" lon="-0.6099960">
	<ele>20.78</ele>
	<time>1970-01-01T10:56:13.787Z</time>
</trkpt>
<trkpt lat="47.4208069" lon="-0.6098790">
	<ele>20.72</ele>
	<time>1970-01-01T10:56:15.346Z</time>
</trkpt>
<trkpt lat="47.4207916" lon="-0.6097490">
	<ele>20.08</ele>
	<time>1970-01-01T10:56:16.965Z</time>
</trkpt>
<trkpt lat="47.4207878" lon="-0.6097060">
	<ele>19.77</ele>
	<time>1970-01-01T10:56:17.452Z</time>
</trkpt>
<trkpt lat="47.4207611" lon="-0.6096430">
	<ele>18.99</ele>
	<time>1970-01-01T10:56:18.426Z</time>
</trkpt>
<trkpt lat="47.4199371" lon="-0.6074070">
	<ele>18.17</ele>
	<time>1970-01-01T10:56:48.295Z</time>
</trkpt>
<trkpt lat="47.4198036" lon="-0.6070420">
	<ele>18.05</ele>
	<time>1970-01-01T10:56:53.089Z</time>
</trkpt>
<trkpt lat="47.4197159" lon="-0.6067820">
	<ele>19.71</ele>
	<time>1970-01-01T10:56:58.460Z</time>
</trkpt>
<trkpt lat="47.4196053" lon="-0.6065230">
	<ele>19.74</ele>
	<time>1970-01-01T10:57:05.097Z</time>
</trkpt>
<trkpt lat="47.4195709" lon="-0.6064640">
	<ele>19.63</ele>
	<time>1970-01-01T10:57:06.817Z</time>
</trkpt>
<trkpt lat="47.4195366" lon="-0.6064270">
	<ele>19.47</ele>
	<time>1970-01-01T10:57:08.302Z</time>
</trkpt>
<trkpt lat="47.4195251" lon="-0.6063690">
	<ele>19.56</ele>
	<time>1970-01-01T10:57:09.749Z</time>
</trkpt>
<trkpt lat="47.4194946" lon="-0.6063570">
	<ele>19.43</ele>
	<time>1970-01-01T10:57:10.954Z</time>
</trkpt>
<trkpt lat="47.4194794" lon="-0.6063290">
	<ele>19.45</ele>
	<time>1970-01-01T10:57:11.841Z</time>
</trkpt>
<trkpt lat="47.4194717" lon="-0.6062250">
	<ele>19.73</ele>
	<time>1970-01-01T10:57:14.286Z</time>
</trkpt>
<trkpt lat="47.4194603" lon="-0.6061720">
	<ele>19.86</ele>
	<time>1970-01-01T10:57:15.470Z</time>
</trkpt>
<trkpt lat="47.4191666" lon="-0.6049530">
	<ele>19.18</ele>
	<time>1970-01-01T10:57:32.657Z</time>
</trkpt>
<trkpt lat="47.4190674" lon="-0.6044690">
	<ele>19.28</ele>
	<time>1970-01-01T10:57:37.218Z</time>
</trkpt>
<trkpt lat="47.4190102" lon="-0.6041000">
	<ele>17.71</ele>
	<time>1970-01-01T10:57:40.267Z</time>
</trkpt>
<trkpt lat="47.4189262" lon="-0.6035320">
	<ele>19.03</ele>
	<time>1970-01-01T10:57:44.908Z</time>
</trkpt>
<trkpt lat="47.4188805" lon="-0.6031710">
	<ele>19.60</ele>
	<time>1970-01-01T10:57:48.093Z</time>
</trkpt>
<trkpt lat="47.4188232" lon="-0.6025640">
	<ele>19.64</ele>
	<time>1970-01-01T10:57:55.503Z</time>
</trkpt>
<trkpt lat="47.4187813" lon="-0.6019760">
	<ele>18.48</ele>
	<time>1970-01-01T10:58:04.702Z</time>
</trkpt>
<trkpt lat="47.4187622" lon="-0.6012990">
	<ele>18.87</ele>
	<time>1970-01-01T10:58:15.485Z</time>
</trkpt>
<trkpt lat="47.4187393" lon="-0.5999740">
	<ele>18.02</ele>
	<time>1970-01-01T10:58:28.921Z</time>
</trkpt>
<trkpt lat="47.4187202" lon="-0.5993530">
	<ele>18.54</ele>
	<time>1970-01-01T10:58:37.695Z</time>
</trkpt>
<trkpt lat="47.4186745" lon="-0.5980720">
	<ele>18.37</ele>
	<time>1970-01-01T10:58:52.737Z</time>
</trkpt>
<trkpt lat="47.4186478" lon="-0.5966510">
	<ele>19.09</ele>
	<time>1970-01-01T10:59:18.370Z</time>
</trkpt>
<trkpt lat="47.4186287" lon="-0.5964640">
	<ele>19.81</ele>
	<time>1970-01-01T10:59:21.189Z</time>
</trkpt>
<trkpt lat="47.4185753" lon="-0.5963650">
	<ele>19.95</ele>
	<time>1970-01-01T10:59:23.299Z</time>
</trkpt>
<trkpt lat="47.4185066" lon="-0.5963190">
	<ele>19.79</ele>
	<time>1970-01-01T10:59:24.952Z</time>
</trkpt>
<trkpt lat="47.4184380" lon="-0.5963080">
	<ele>19.59</ele>
	<time>1970-01-01T10:59:26.376Z</time>
</trkpt>
<trkpt lat="47.4181976" lon="-0.5963720">
	<ele>19.04</ele>
	<time>1970-01-01T10:59:31.704Z</time>
</trkpt>
<trkpt lat="47.4181747" lon="-0.5963670">
	<ele>19.07</ele>
	<time>1970-01-01T10:59:32.089Z</time>
</trkpt>
<trkpt lat="47.4181595" lon="-0.5963560">
	<ele>19.10</ele>
	<time>1970-01-01T10:59:32.474Z</time>
</trkpt>
<trkpt lat="47.4181442" lon="-0.5963190">
	<ele>19.15</ele>
	<time>1970-01-01T10:59:33.048Z</time>
</trkpt>
<trkpt lat="47.4181366" lon="-0.5962560">
	<ele>19.18</ele>
	<time>1970-01-01T10:59:34.001Z</time>
</trkpt>
<trkpt lat="47.4181023" lon="-0.5961620">
	<ele>19.08</ele>
	<time>1970-01-01T10:59:35.619Z</time>
</trkpt>
<trkpt lat="47.4180832" lon="-0.5960470">
	<ele>19.02</ele>
	<time>1970-01-01T10:59:37.410Z</time>
</trkpt>
<trkpt lat="47.4178467" lon="-0.5942680">
	<ele>17.94</ele>
	<time>1970-01-01T11:00:07.800Z</time>
</trkpt>
<trkpt lat="47.4177895" lon="-0.5938980">
	<ele>18.98</ele>
	<time>1970-01-01T11:00:12.907Z</time>
</trkpt>
<trkpt lat="47.4177551" lon="-0.5935520">
	<ele>18.98</ele>
	<time>1970-01-01T11:00:18.022Z</time>
</trkpt>
<trkpt lat="47.4177094" lon="-0.5930580">
	<ele>18.90</ele>
	<time>1970-01-01T11:00:25.604Z</time>
</trkpt>
<trkpt lat="47.4176407" lon="-0.5920250">
	<ele>18.60</ele>
	<time>1970-01-01T11:00:36.097Z</time>
</trkpt>
<trkpt lat="47.4175568" lon="-0.5906140">
	<ele>19.14</ele>
	<time>1970-01-01T11:00:50.141Z</time>
</trkpt>
<trkpt lat="47.4175224" lon="-0.5897810">
	<ele>19.02</ele>
	<time>1970-01-01T11:01:03.004Z</time>
</trkpt>
<trkpt lat="47.4175186" lon="-0.5894510">
	<ele>19.02</ele>
	<time>1970-01-01T11:01:07.744Z</time>
</trkpt>
<trkpt lat="47.4175262" lon="-0.5886190">
	<ele>18.98</ele>
	<time>1970-01-01T11:01:17.564Z</time>
</trkpt>
<trkpt lat="47.4175911" lon="-0.5862960">
	<ele>18.27</ele>
	<time>1970-01-01T11:01:40.775Z</time>
</trkpt>
<trkpt lat="47.4176178" lon="-0.5856520">
	<ele>18.46</ele>
	<time>1970-01-01T11:01:51.380Z</time>
</trkpt>
<trkpt lat="47.4176216" lon="-0.5855930">
	<ele>18.49</ele>
	<time>1970-01-01T11:01:52.193Z</time>
</trkpt>
<trkpt lat="47.4176674" lon="-0.5830280">
	<ele>19.68</ele>
	<time>1970-01-01T11:02:37.451Z</time>
</trkpt>
<trkpt lat="47.4176750" lon="-0.5829860">
	<ele>19.77</ele>
	<time>1970-01-01T11:02:38.049Z</time>
</trkpt>
<trkpt lat="47.4177055" lon="-0.5829470">
	<ele>19.98</ele>
	<time>1970-01-01T11:02:38.840Z</time>
</trkpt>
<trkpt lat="47.4177437" lon="-0.5829170">
	<ele>20.29</ele>
	<time>1970-01-01T11:02:39.892Z</time>
</trkpt>
<trkpt lat="47.4177361" lon="-0.5828620">
	<ele>20.39</ele>
	<time>1970-01-01T11:02:40.670Z</time>
</trkpt>
<trkpt lat="47.4176865" lon="-0.5827040">
	<ele>20.34</ele>
	<time>1970-01-01T11:02:43.005Z</time>
</trkpt>
<trkpt lat="47.4176636" lon="-0.5825630">
	<ele>20.59</ele>
	<time>1970-01-01T11:02:44.965Z</time>
</trkpt>
<trkpt lat="47.4176445" lon="-0.5822280">
	<ele>21.73</ele>
	<time>1970-01-01T11:02:49.112Z</time>
</trkpt>
<trkpt lat="47.4176064" lon="-0.5809730">
	<ele>23.78</ele>
	<time>1970-01-01T11:03:07.200Z</time>
</trkpt>
<trkpt lat="47.4176102" lon="-0.5806680">
	<ele>23.78</ele>
	<time>1970-01-01T11:03:11.873Z</time>
</trkpt>
<trkpt lat="47.4176559" lon="-0.5802140">
	<ele>24.05</ele>
	<time>1970-01-01T11:03:21.506Z</time>
</trkpt>
<trkpt lat="47.4176979" lon="-0.5798600">
	<ele>24.27</ele>
	<time>1970-01-01T11:03:29.737Z</time>
</trkpt>
<trkpt lat="47.4177208" lon="-0.5796000">
	<ele>23.97</ele>
	<time>1970-01-01T11:03:35.482Z</time>
</trkpt>
<trkpt lat="47.4177742" lon="-0.5792190">
	<ele>25.01</ele>
	<time>1970-01-01T11:03:44.315Z</time>
</trkpt>
<trkpt lat="47.4178619" lon="-0.5786190">
	<ele>25.02</ele>
	<time>1970-01-01T11:03:52.224Z</time>
</trkpt>
<trkpt lat="47.4178810" lon="-0.5785130">
	<ele>25.00</ele>
	<time>1970-01-01T11:03:53.685Z</time>
</trkpt>
<trkpt lat="47.4179382" lon="-0.5781880">
	<ele>23.95</ele>
	<time>1970-01-01T11:03:58.187Z</time>
</trkpt>
<trkpt lat="47.4179878" lon="-0.5776450">
	<ele>23.79</ele>
	<time>1970-01-01T11:04:08.418Z</time>
</trkpt>
<trkpt lat="47.4180450" lon="-0.5773170">
	<ele>23.21</ele>
	<time>1970-01-01T11:04:13.212Z</time>
</trkpt>
<trkpt lat="47.4180794" lon="-0.5771230">
	<ele>23.01</ele>
	<time>1970-01-01T11:04:15.463Z</time>
</trkpt>
<trkpt lat="47.4181709" lon="-0.5767550">
	<ele>22.69</ele>
	<time>1970-01-01T11:04:19.204Z</time>
</trkpt>
<trkpt lat="47.4182701" lon="-0.5764060">
	<ele>23.37</ele>
	<time>1970-01-01T11:04:22.889Z</time>
</trkpt>
<trkpt lat="47.4183006" lon="-0.5763030">
	<ele>23.12</ele>
	<time>1970-01-01T11:04:23.950Z</time>
</trkpt>
<trkpt lat="47.4185219" lon="-0.5753510">
	<ele>21.55</ele>
	<time>1970-01-01T11:04:37.596Z</time>
</trkpt>
<trkpt lat="47.4185638" lon="-0.5752030">
	<ele>21.05</ele>
	<time>1970-01-01T11:04:39.991Z</time>
</trkpt>
<trkpt lat="47.4186134" lon="-0.5750980">
	<ele>20.62</ele>
	<time>1970-01-01T11:04:42.234Z</time>
</trkpt>
<trkpt lat="47.4189835" lon="-0.5745310">
	<ele>21.52</ele>
	<time>1970-01-01T11:04:51.143Z</time>
</trkpt>
<trkpt lat="47.4191055" lon="-0.5743270">
	<ele>21.25</ele>
	<time>1970-01-01T11:04:54.459Z</time>
</trkpt>
<trkpt lat="47.4192429" lon="-0.5740530">
	<ele>21.62</ele>
	<time>1970-01-01T11:04:59.047Z</time>
</trkpt>
<trkpt lat="47.4193192" lon="-0.5739420">
	<ele>22.26</ele>
	<time>1970-01-01T11:05:01.144Z</time>
</trkpt>
<trkpt lat="47.4194794" lon="-0.5737430">
	<ele>22.66</ele>
	<time>1970-01-01T11:05:05.391Z</time>
</trkpt>
<trkpt lat="47.4195366" lon="-0.5736540">
	<ele>22.75</ele>
	<time>1970-01-01T11:05:07.028Z</time>
</trkpt>
<trkpt lat="47.4195709" lon="-0.5736040">
	<ele>22.88</ele>
	<time>1970-01-01T11:05:07.932Z</time>
</trkpt>
<trkpt lat="47.4196663" lon="-0.5734250">
	<ele>22.95</ele>
	<time>1970-01-01T11:05:11.184Z</time>
</trkpt>
<trkpt lat="47.4197578" lon="-0.5732320">
	<ele>22.85</ele>
	<time>1970-01-01T11:05:14.344Z</time>
</trkpt>
<trkpt lat="47.4198112" lon="-0.5730880">
	<ele>22.69</ele>
	<time>1970-01-01T11:05:16.469Z</time>
</trkpt>
<trkpt lat="47.4200821" lon="-0.5722940">
	<ele>22.60</ele>
	<time>1970-01-01T11:05:24.900Z</time>
</trkpt>
<trkpt lat="47.4201889" lon="-0.5719490">
	<ele>23.16</ele>
	<time>1970-01-01T11:05:28.560Z</time>
</trkpt>
<trkpt lat="47.4204330" lon="-0.5712530">
	<ele>24.18</ele>
	<time>1970-01-01T11:05:36.362Z</time>
</trkpt>
<trkpt lat="47.4205971" lon="-0.5707770">
	<ele>25.14</ele>
	<time>1970-01-01T11:05:42.446Z</time>
</trkpt>
<trkpt lat="47.4206696" lon="-0.5706730">
	<ele>25.20</ele>
	<time>1970-01-01T11:05:44.521Z</time>
</trkpt>
<trkpt lat="47.4206810" lon="-0.5706380">
	<ele>25.13</ele>
	<time>1970-01-01T11:05:45.123Z</time>
</trkpt>
<trkpt lat="47.4209442" lon="-0.5698620">
	<ele>27.56</ele>
	<time>1970-01-01T11:05:58.879Z</time>
</trkpt>
<trkpt lat="47.4209747" lon="-0.5695390">
	<ele>27.48</ele>
	<time>1970-01-01T11:06:04.723Z</time>
</trkpt>
<trkpt lat="47.4209633" lon="-0.5695060">
	<ele>27.45</ele>
	<time>1970-01-01T11:06:05.393Z</time>
</trkpt>
<trkpt lat="47.4209595" lon="-0.5694700">
	<ele>27.45</ele>
	<time>1970-01-01T11:06:06.058Z</time>
</trkpt>
<trkpt lat="47.4208984" lon="-0.5692680">
	<ele>27.35</ele>
	<time>1970-01-01T11:06:10.232Z</time>
</trkpt>
<trkpt lat="47.4208260" lon="-0.5691110">
	<ele>27.08</ele>
	<time>1970-01-01T11:06:13.486Z</time>
</trkpt>
<trkpt lat="47.4207878" lon="-0.5690680">
	<ele>26.93</ele>
	<time>1970-01-01T11:06:14.663Z</time>
</trkpt>
<trkpt lat="47.4207497" lon="-0.5690520">
	<ele>26.66</ele>
	<time>1970-01-01T11:06:15.570Z</time>
</trkpt>
<trkpt lat="47.4202995" lon="-0.5689980">
	<ele>22.76</ele>
	<time>1970-01-01T11:06:22.793Z</time>
</trkpt>
<trkpt lat="47.4200325" lon="-0.5689700">
	<ele>21.95</ele>
	<time>1970-01-01T11:06:25.814Z</time>
</trkpt>
<trkpt lat="47.4198990" lon="-0.5690210">
	<ele>21.10</ele>
	<time>1970-01-01T11:06:27.327Z</time>
</trkpt>
<trkpt lat="47.4197693" lon="-0.5690710">
	<ele>20.33</ele>
	<time>1970-01-01T11:06:28.863Z</time>
</trkpt>
<trkpt lat="47.4196701" lon="-0.5691110">
	<ele>19.90</ele>
	<time>1970-01-01T11:06:29.995Z</time>
</trkpt>
<trkpt lat="47.4195671" lon="-0.5691540">
	<ele>19.47</ele>
	<time>1970-01-01T11:06:31.231Z</time>
</trkpt>
<trkpt lat="47.4192047" lon="-0.5690740">
	<ele>18.44</ele>
	<time>1970-01-01T11:06:35.678Z</time>
</trkpt>
<trkpt lat="47.4191666" lon="-0.5690720">
	<ele>18.27</ele>
	<time>1970-01-01T11:06:36.145Z</time>
</trkpt>
<trkpt lat="47.4190636" lon="-0.5690510">
	<ele>17.50</ele>
	<time>1970-01-01T11:06:37.344Z</time>
</trkpt>
<trkpt lat="47.4190292" lon="-0.5690080">
	<ele>17.25</ele>
	<time>1970-01-01T11:06:37.904Z</time>
</trkpt>
<trkpt lat="47.4190102" lon="-0.5689290">
	<ele>17.19</ele>
	<time>1970-01-01T11:06:38.587Z</time>
</trkpt>
<trkpt lat="47.4195595" lon="-0.5629170">
	<ele>17.73</ele>
	<time>1970-01-01T11:07:50.479Z</time>
</trkpt>
<trkpt lat="47.4196815" lon="-0.5612680">
	<ele>18.64</ele>
	<time>1970-01-01T11:08:09.803Z</time>
</trkpt>
<trkpt lat="47.4196892" lon="-0.5610680">
	<ele>18.72</ele>
	<time>1970-01-01T11:08:12.076Z</time>
</trkpt>
<trkpt lat="47.4197044" lon="-0.5599240">
	<ele>18.67</ele>
	<time>1970-01-01T11:08:23.981Z</time>
</trkpt>
<trkpt lat="47.4197121" lon="-0.5598140">
	<ele>18.24</ele>
	<time>1970-01-01T11:08:25.247Z</time>
</trkpt>
<trkpt lat="47.4197464" lon="-0.5597060">
	<ele>18.11</ele>
	<time>1970-01-01T11:08:26.877Z</time>
</trkpt>
<trkpt lat="47.4197006" lon="-0.5595890">
	<ele>17.84</ele>
	<time>1970-01-01T11:08:28.560Z</time>
</trkpt>
<trkpt lat="47.4196930" lon="-0.5594870">
	<ele>17.87</ele>
	<time>1970-01-01T11:08:29.998Z</time>
</trkpt>
<trkpt lat="47.4196930" lon="-0.5593740">
	<ele>17.92</ele>
	<time>1970-01-01T11:08:31.606Z</time>
</trkpt>
<trkpt lat="47.4196968" lon="-0.5593010">
	<ele>17.99</ele>
	<time>1970-01-01T11:08:32.748Z</time>
</trkpt>
<trkpt lat="47.4197006" lon="-0.5591240">
	<ele>17.85</ele>
	<time>1970-01-01T11:08:35.362Z</time>
</trkpt>
<trkpt lat="47.4197807" lon="-0.5586630">
	<ele>17.13</ele>
	<time>1970-01-01T11:08:46.373Z</time>
</trkpt>
<trkpt lat="47.4198647" lon="-0.5581370">
	<ele>17.49</ele>
	<time>1970-01-01T11:08:59.292Z</time>
</trkpt>
<trkpt lat="47.4199219" lon="-0.5579610">
	<ele>17.46</ele>
	<time>1970-01-01T11:09:03.122Z</time>
</trkpt>
<trkpt lat="47.4202118" lon="-0.5572810">
	<ele>17.06</ele>
	<time>1970-01-01T11:09:12.024Z</time>
</trkpt>
<trkpt lat="47.4202690" lon="-0.5571750">
	<ele>16.93</ele>
	<time>1970-01-01T11:09:13.470Z</time>
</trkpt>
<trkpt lat="47.4203873" lon="-0.5570000">
	<ele>16.99</ele>
	<time>1970-01-01T11:09:16.122Z</time>
</trkpt>
<trkpt lat="47.4204750" lon="-0.5568870">
	<ele>16.88</ele>
	<time>1970-01-01T11:09:18.193Z</time>
</trkpt>
<trkpt lat="47.4205170" lon="-0.5568490">
	<ele>16.88</ele>
	<time>1970-01-01T11:09:19.048Z</time>
</trkpt>
<trkpt lat="47.4205475" lon="-0.5568420">
	<ele>16.91</ele>
	<time>1970-01-01T11:09:19.779Z</time>
</trkpt>
<trkpt lat="47.4206848" lon="-0.5569510">
	<ele>17.35</ele>
	<time>1970-01-01T11:09:24.598Z</time>
</trkpt>
<trkpt lat="47.4207153" lon="-0.5569520">
	<ele>17.47</ele>
	<time>1970-01-01T11:09:25.748Z</time>
</trkpt>
<trkpt lat="47.4209862" lon="-0.5571260">
	<ele>19.35</ele>
	<time>1970-01-01T11:09:31.831Z</time>
</trkpt>
<trkpt lat="47.4210701" lon="-0.5571530">
	<ele>19.74</ele>
	<time>1970-01-01T11:09:33.572Z</time>
</trkpt>
<trkpt lat="47.4211502" lon="-0.5571550">
	<ele>20.17</ele>
	<time>1970-01-01T11:09:35.412Z</time>
</trkpt>
<trkpt lat="47.4211464" lon="-0.5570710">
	<ele>20.19</ele>
	<time>1970-01-01T11:09:36.540Z</time>
</trkpt>
<trkpt lat="47.4211578" lon="-0.5570000">
	<ele>20.25</ele>
	<time>1970-01-01T11:09:37.474Z</time>
</trkpt>
<trkpt lat="47.4211731" lon="-0.5569340">
	<ele>20.21</ele>
	<time>1970-01-01T11:09:38.402Z</time>
</trkpt>
<trkpt lat="47.4212494" lon="-0.5566940">
	<ele>19.80</ele>
	<time>1970-01-01T11:09:42.072Z</time>
</trkpt>
<trkpt lat="47.4214668" lon="-0.5561840">
	<ele>20.55</ele>
	<time>1970-01-01T11:09:54.021Z</time>
</trkpt>
<trkpt lat="47.4216347" lon="-0.5558320">
	<ele>20.72</ele>
	<time>1970-01-01T11:09:59.774Z</time>
</trkpt>
<trkpt lat="47.4218063" lon="-0.5554820">
	<ele>19.67</ele>
	<time>1970-01-01T11:10:05.257Z</time>
</trkpt>
<trkpt lat="47.4220009" lon="-0.5551500">
	<ele>19.77</ele>
	<time>1970-01-01T11:10:10.748Z</time>
</trkpt>
<trkpt lat="47.4221573" lon="-0.5549000">
	<ele>19.64</ele>
	<time>1970-01-01T11:10:14.831Z</time>
</trkpt>
<trkpt lat="47.4227333" lon="-0.5539220">
	<ele>20.72</ele>
	<time>1970-01-01T11:10:30.646Z</time>
</trkpt>
<trkpt lat="47.4227638" lon="-0.5538780">
	<ele>20.88</ele>
	<time>1970-01-01T11:10:31.465Z</time>
</trkpt>
<trkpt lat="47.4235497" lon="-0.5525660">
	<ele>20.74</ele>
	<time>1970-01-01T11:10:55.011Z</time>
</trkpt>
<trkpt lat="47.4235878" lon="-0.5525470">
	<ele>20.94</ele>
	<time>1970-01-01T11:10:55.701Z</time>
</trkpt>
<trkpt lat="47.4235840" lon="-0.5524360">
	<ele>20.74</ele>
	<time>1970-01-01T11:10:57.076Z</time>
</trkpt>
<trkpt lat="47.4235153" lon="-0.5515010">
	<ele>20.85</ele>
	<time>1970-01-01T11:11:07.576Z</time>
</trkpt>
<trkpt lat="47.4235077" lon="-0.5514470">
	<ele>20.78</ele>
	<time>1970-01-01T11:11:08.191Z</time>
</trkpt>
<trkpt lat="47.4234543" lon="-0.5509110">
	<ele>20.58</ele>
	<time>1970-01-01T11:11:14.267Z</time>
</trkpt>
<trkpt lat="47.4234505" lon="-0.5507830">
	<ele>20.32</ele>
	<time>1970-01-01T11:11:15.700Z</time>
</trkpt>
<trkpt lat="47.4234924" lon="-0.5507650">
	<ele>20.05</ele>
	<time>1970-01-01T11:11:16.424Z</time>
</trkpt>
<trkpt lat="47.4235764" lon="-0.5506740">
	<ele>20.42</ele>
	<time>1970-01-01T11:11:17.943Z</time>
</trkpt>
<trkpt lat="47.4238930" lon="-0.5503320">
	<ele>20.98</ele>
	<time>1970-01-01T11:11:23.006Z</time>
</trkpt>
<trkpt lat="47.4239006" lon="-0.5502870">
	<ele>21.05</ele>
	<time>1970-01-01T11:11:23.500Z</time>
</trkpt>
<trkpt lat="47.4246979" lon="-0.5494440">
	<ele>20.89</ele>
	<time>1970-01-01T11:11:38.046Z</time>
</trkpt>
<trkpt lat="47.4251404" lon="-0.5489860">
	<ele>20.01</ele>
	<time>1970-01-01T11:11:47.139Z</time>
</trkpt>
<trkpt lat="47.4252129" lon="-0.5488990">
	<ele>20.54</ele>
	<time>1970-01-01T11:11:48.802Z</time>
</trkpt>
<trkpt lat="47.4252586" lon="-0.5488280">
	<ele>20.73</ele>
	<time>1970-01-01T11:11:50.223Z</time>
</trkpt>
<trkpt lat="47.4253693" lon="-0.5486130">
	<ele>19.16</ele>
	<time>1970-01-01T11:11:53.980Z</time>
</trkpt>
<trkpt lat="47.4254189" lon="-0.5484740">
	<ele>19.05</ele>
	<time>1970-01-01T11:11:56.195Z</time>
</trkpt>
<trkpt lat="47.4256630" lon="-0.5476740">
	<ele>19.50</ele>
	<time>1970-01-01T11:12:05.905Z</time>
</trkpt>
<trkpt lat="47.4264069" lon="-0.5450900">
	<ele>21.30</ele>
	<time>1970-01-01T11:12:44.099Z</time>
</trkpt>
<trkpt lat="47.4270897" lon="-0.5426940">
	<ele>18.66</ele>
	<time>1970-01-01T11:13:18.169Z</time>
</trkpt>
<trkpt lat="47.4286766" lon="-0.5370760">
	<ele>19.48</ele>
	<time>1970-01-01T11:14:27.749Z</time>
</trkpt>
<trkpt lat="47.4286995" lon="-0.5370080">
	<ele>18.81</ele>
	<time>1970-01-01T11:14:28.747Z</time>
</trkpt>
<trkpt lat="47.4287262" lon="-0.5369590">
	<ele>18.61</ele>
	<time>1970-01-01T11:14:29.579Z</time>
</trkpt>
<trkpt lat="47.4287567" lon="-0.5369190">
	<ele>18.72</ele>
	<time>1970-01-01T11:14:30.358Z</time>
</trkpt>
<trkpt lat="47.4288063" lon="-0.5368700">
	<ele>19.22</ele>
	<time>1970-01-01T11:14:31.297Z</time>
</trkpt>
<trkpt lat="47.4288330" lon="-0.5368180">
	<ele>19.76</ele>
	<time>1970-01-01T11:14:32.082Z</time>
</trkpt>
<trkpt lat="47.4288559" lon="-0.5367590">
	<ele>20.35</ele>
	<time>1970-01-01T11:14:32.870Z</time>
</trkpt>
<trkpt lat="47.4301147" lon="-0.5323850">
	<ele>19.87</ele>
	<time>1970-01-01T11:15:32.841Z</time>
</trkpt>
<trkpt lat="47.4303627" lon="-0.5315130">
	<ele>21.97</ele>
	<time>1970-01-01T11:15:48.103Z</time>
</trkpt>
<trkpt lat="47.4304008" lon="-0.5314370">
	<ele>21.84</ele>
	<time>1970-01-01T11:15:49.582Z</time>
</trkpt>
<trkpt lat="47.4306068" lon="-0.5307330">
	<ele>22.11</ele>
	<time>1970-01-01T11:16:02.393Z</time>
</trkpt>
<trkpt lat="47.4306602" lon="-0.5304900">
	<ele>21.46</ele>
	<time>1970-01-01T11:16:06.219Z</time>
</trkpt>
<trkpt lat="47.4306717" lon="-0.5303790">
	<ele>21.24</ele>
	<time>1970-01-01T11:16:07.791Z</time>
</trkpt>
<trkpt lat="47.4306755" lon="-0.5302000">
	<ele>20.88</ele>
	<time>1970-01-01T11:16:10.496Z</time>
</trkpt>
<trkpt lat="47.4306717" lon="-0.5298600">
	<ele>20.66</ele>
	<time>1970-01-01T11:16:15.095Z</time>
</trkpt>
<trkpt lat="47.4306831" lon="-0.5297500">
	<ele>20.70</ele>
	<time>1970-01-01T11:16:16.498Z</time>
</trkpt>
<trkpt lat="47.4307213" lon="-0.5295980">
	<ele>20.39</ele>
	<time>1970-01-01T11:16:18.461Z</time>
</trkpt>
<trkpt lat="47.4307137" lon="-0.5293500">
	<ele>19.24</ele>
	<time>1970-01-01T11:16:21.396Z</time>
</trkpt>
<trkpt lat="47.4307137" lon="-0.5292970">
	<ele>19.01</ele>
	<time>1970-01-01T11:16:22.020Z</time>
</trkpt>
<trkpt lat="47.4306335" lon="-0.5292570">
	<ele>17.65</ele>
	<time>1970-01-01T11:16:23.428Z</time>
</trkpt>
<trkpt lat="47.4303436" lon="-0.5291500">
	<ele>21.10</ele>
	<time>1970-01-01T11:16:28.961Z</time>
</trkpt>
<trkpt lat="47.4303207" lon="-0.5291400">
	<ele>21.56</ele>
	<time>1970-01-01T11:16:29.464Z</time>
</trkpt>
<trkpt lat="47.4302826" lon="-0.5291230">
	<ele>22.09</ele>
	<time>1970-01-01T11:16:30.135Z</time>
</trkpt>
<trkpt lat="47.4303055" lon="-0.5290490">
	<ele>21.95</ele>
	<time>1970-01-01T11:16:31.140Z</time>
</trkpt>
<trkpt lat="47.4303017" lon="-0.5289880">
	<ele>21.98</ele>
	<time>1970-01-01T11:16:31.977Z</time>
</trkpt>
<trkpt lat="47.4302673" lon="-0.5289530">
	<ele>22.24</ele>
	<time>1970-01-01T11:16:32.815Z</time>
</trkpt>
<trkpt lat="47.4295349" lon="-0.5287110">
	<ele>21.07</ele>
	<time>1970-01-01T11:16:48.254Z</time>
</trkpt>
<trkpt lat="47.4296074" lon="-0.5282990">
	<ele>21.08</ele>
	<time>1970-01-01T11:16:53.884Z</time>
</trkpt>
<trkpt lat="47.4296188" lon="-0.5280130">
	<ele>21.31</ele>
	<time>1970-01-01T11:16:57.954Z</time>
</trkpt>
<trkpt lat="47.4296188" lon="-0.5279310">
	<ele>21.26</ele>
	<time>1970-01-01T11:16:59.049Z</time>
</trkpt>
<trkpt lat="47.4296951" lon="-0.5279390">
	<ele>21.08</ele>
	<time>1970-01-01T11:17:00.681Z</time>
</trkpt>
<trkpt lat="47.4298210" lon="-0.5279700">
	<ele>21.14</ele>
	<time>1970-01-01T11:17:03.040Z</time>
</trkpt>
<trkpt lat="47.4298286" lon="-0.5278630">
	<ele>20.88</ele>
	<time>1970-01-01T11:17:04.387Z</time>
</trkpt>
<trkpt lat="47.4298248" lon="-0.5277730">
	<ele>20.65</ele>
	<time>1970-01-01T11:17:05.646Z</time>
</trkpt>
<trkpt lat="47.4298553" lon="-0.5273910">
	<ele>19.89</ele>
	<time>1970-01-01T11:17:10.799Z</time>
</trkpt>
<trkpt lat="47.4299011" lon="-0.5271090">
	<ele>20.01</ele>
	<time>1970-01-01T11:17:14.424Z</time>
</trkpt>
<trkpt lat="47.4297791" lon="-0.5270660">
	<ele>19.98</ele>
	<time>1970-01-01T11:17:16.889Z</time>
</trkpt>
<trkpt lat="47.4295959" lon="-0.5269830">
	<ele>20.04</ele>
	<time>1970-01-01T11:17:20.794Z</time>
</trkpt>
<trkpt lat="47.4294662" lon="-0.5269020">
	<ele>19.95</ele>
	<time>1970-01-01T11:17:23.912Z</time>
</trkpt>
<trkpt lat="47.4294052" lon="-0.5268380">
	<ele>19.93</ele>
	<time>1970-01-01T11:17:25.444Z</time>
</trkpt>
<trkpt lat="47.4293251" lon="-0.5267200">
	<ele>19.99</ele>
	<time>1970-01-01T11:17:27.898Z</time>
</trkpt>
<trkpt lat="47.4291573" lon="-0.5264460">
	<ele>19.98</ele>
	<time>1970-01-01T11:17:32.762Z</time>
</trkpt>
<trkpt lat="47.4291344" lon="-0.5263770">
	<ele>19.92</ele>
	<time>1970-01-01T11:17:33.797Z</time>
</trkpt>
<trkpt lat="47.4291267" lon="-0.5263250">
	<ele>19.90</ele>
	<time>1970-01-01T11:17:34.487Z</time>
</trkpt>
<trkpt lat="47.4291306" lon="-0.5262640">
	<ele>19.94</ele>
	<time>1970-01-01T11:17:35.292Z</time>
</trkpt>
<trkpt lat="47.4291916" lon="-0.5259670">
	<ele>20.00</ele>
	<time>1970-01-01T11:17:38.956Z</time>
</trkpt>
<trkpt lat="47.4291992" lon="-0.5258780">
	<ele>20.00</ele>
	<time>1970-01-01T11:17:40.038Z</time>
</trkpt>
<trkpt lat="47.4289246" lon="-0.5259470">
	<ele>20.05</ele>
	<time>1970-01-01T11:17:44.632Z</time>
</trkpt>
<trkpt lat="47.4288445" lon="-0.5259740">
	<ele>20.05</ele>
	<time>1970-01-01T11:17:45.995Z</time>
</trkpt>
<trkpt lat="47.4284821" lon="-0.5261390">
	<ele>21.21</ele>
	<time>1970-01-01T11:17:52.490Z</time>
</trkpt>
<trkpt lat="47.4284325" lon="-0.5260870">
	<ele>21.67</ele>
	<time>1970-01-01T11:17:53.525Z</time>
</trkpt>
<trkpt lat="47.4283943" lon="-0.5260340">
	<ele>21.67</ele>
	<time>1970-01-01T11:17:54.418Z</time>
</trkpt>
<trkpt lat="47.4283791" lon="-0.5259910">
	<ele>21.40</ele>
	<time>1970-01-01T11:17:54.981Z</time>
</trkpt>
<trkpt lat="47.4283447" lon="-0.5259410">
	<ele>20.90</ele>
	<time>1970-01-01T11:17:55.690Z</time>
</trkpt>
<trkpt lat="47.4284096" lon="-0.5257130">
	<ele>19.76</ele>
	<time>1970-01-01T11:17:58.285Z</time>
</trkpt>
<trkpt lat="47.4288254" lon="-0.5239760">
	<ele>20.39</ele>
	<time>1970-01-01T11:18:19.997Z</time>
</trkpt>
<trkpt lat="47.4288750" lon="-0.5237190">
	<ele>21.72</ele>
	<time>1970-01-01T11:18:23.245Z</time>
</trkpt>
<trkpt lat="47.4288940" lon="-0.5235820">
	<ele>21.98</ele>
	<time>1970-01-01T11:18:24.930Z</time>
</trkpt>
<trkpt lat="47.4289131" lon="-0.5233370">
	<ele>21.22</ele>
	<time>1970-01-01T11:18:27.875Z</time>
</trkpt>
<trkpt lat="47.4289131" lon="-0.5231240">
	<ele>21.07</ele>
	<time>1970-01-01T11:18:30.544Z</time>
</trkpt>
<trkpt lat="47.4288445" lon="-0.5221100">
	<ele>21.67</ele>
	<time>1970-01-01T11:18:43.398Z</time>
</trkpt>
<trkpt lat="47.4288025" lon="-0.5213640">
	<ele>21.23</ele>
	<time>1970-01-01T11:18:52.283Z</time>
</trkpt>
<trkpt lat="47.4288025" lon="-0.5211510">
	<ele>21.29</ele>
	<time>1970-01-01T11:18:54.862Z</time>
</trkpt>
<trkpt lat="47.4287682" lon="-0.5208390">
	<ele>20.87</ele>
	<time>1970-01-01T11:18:58.755Z</time>
</trkpt>
<trkpt lat="47.4287567" lon="-0.5206030">
	<ele>20.75</ele>
	<time>1970-01-01T11:19:01.692Z</time>
</trkpt>
<trkpt lat="47.4286766" lon="-0.5194690">
	<ele>20.39</ele>
	<time>1970-01-01T11:19:12.727Z</time>
</trkpt>
<trkpt lat="47.4286118" lon="-0.5184290">
	<ele>22.04</ele>
	<time>1970-01-01T11:19:23.046Z</time>
</trkpt>
<trkpt lat="47.4285507" lon="-0.5174870">
	<ele>20.57</ele>
	<time>1970-01-01T11:19:37.127Z</time>
</trkpt>
<trkpt lat="47.4285202" lon="-0.5172190">
	<ele>20.24</ele>
	<time>1970-01-01T11:19:41.282Z</time>
</trkpt>
<trkpt lat="47.4284668" lon="-0.5169470">
	<ele>19.47</ele>
	<time>1970-01-01T11:19:45.305Z</time>
</trkpt>
<trkpt lat="47.4284096" lon="-0.5167210">
	<ele>20.42</ele>
	<time>1970-01-01T11:19:48.894Z</time>
</trkpt>
<trkpt lat="47.4283638" lon="-0.5165730">
	<ele>21.45</ele>
	<time>1970-01-01T11:19:51.228Z</time>
</trkpt>
<trkpt lat="47.4282532" lon="-0.5163060">
	<ele>21.18</ele>
	<time>1970-01-01T11:19:56.075Z</time>
</trkpt>
<trkpt lat="47.4281540" lon="-0.5161060">
	<ele>20.13</ele>
	<time>1970-01-01T11:19:59.772Z</time>
</trkpt>
<trkpt lat="47.4280891" lon="-0.5159920">
	<ele>21.03</ele>
	<time>1970-01-01T11:20:02.012Z</time>
</trkpt>
<trkpt lat="47.4280090" lon="-0.5158690">
	<ele>21.76</ele>
	<time>1970-01-01T11:20:04.600Z</time>
</trkpt>
<trkpt lat="47.4257774" lon="-0.5127570">
	<ele>21.71</ele>
	<time>1970-01-01T11:21:00.866Z</time>
</trkpt>
<trkpt lat="47.4254532" lon="-0.5122630">
	<ele>20.00</ele>
	<time>1970-01-01T11:21:10.535Z</time>
</trkpt>
<trkpt lat="47.4247093" lon="-0.5107700">
	<ele>22.07</ele>
	<time>1970-01-01T11:21:30.307Z</time>
</trkpt>
<trkpt lat="47.4246063" lon="-0.5105480">
	<ele>20.00</ele>
	<time>1970-01-01T11:21:34.052Z</time>
</trkpt>
<trkpt lat="47.4245453" lon="-0.5103760">
	<ele>19.24</ele>
	<time>1970-01-01T11:21:36.996Z</time>
</trkpt>
<trkpt lat="47.4241180" lon="-0.5089940">
	<ele>21.20</ele>
	<time>1970-01-01T11:21:55.558Z</time>
</trkpt>
<trkpt lat="47.4238739" lon="-0.5082000">
	<ele>21.69</ele>
	<time>1970-01-01T11:22:04.994Z</time>
</trkpt>
<trkpt lat="47.4237518" lon="-0.5076970">
	<ele>19.88</ele>
	<time>1970-01-01T11:22:11.425Z</time>
</trkpt>
<trkpt lat="47.4236755" lon="-0.5073390">
	<ele>20.34</ele>
	<time>1970-01-01T11:22:16.885Z</time>
</trkpt>
<trkpt lat="47.4233704" lon="-0.5057270">
	<ele>22.03</ele>
	<time>1970-01-01T11:22:45.789Z</time>
</trkpt>
<trkpt lat="47.4233513" lon="-0.5055870">
	<ele>22.01</ele>
	<time>1970-01-01T11:22:47.783Z</time>
</trkpt>
<trkpt lat="47.4233475" lon="-0.5054590">
	<ele>22.01</ele>
	<time>1970-01-01T11:22:49.466Z</time>
</trkpt>
<trkpt lat="47.4233513" lon="-0.5044470">
	<ele>21.00</ele>
	<time>1970-01-01T11:23:01.093Z</time>
</trkpt>
<trkpt lat="47.4233627" lon="-0.5042750">
	<ele>21.41</ele>
	<time>1970-01-01T11:23:03.281Z</time>
</trkpt>
<trkpt lat="47.4233780" lon="-0.5040740">
	<ele>22.58</ele>
	<time>1970-01-01T11:23:05.970Z</time>
</trkpt>
<trkpt lat="47.4234352" lon="-0.5036010">
	<ele>24.35</ele>
	<time>1970-01-01T11:23:14.029Z</time>
</trkpt>
<trkpt lat="47.4234695" lon="-0.5034020">
	<ele>20.62</ele>
	<time>1970-01-01T11:23:17.840Z</time>
</trkpt>
<trkpt lat="47.4235954" lon="-0.5027660">
	<ele>21.96</ele>
	<time>1970-01-01T11:23:27.499Z</time>
</trkpt>
<trkpt lat="47.4236488" lon="-0.5025340">
	<ele>23.05</ele>
	<time>1970-01-01T11:23:30.623Z</time>
</trkpt>
<trkpt lat="47.4237862" lon="-0.5019830">
	<ele>19.75</ele>
	<time>1970-01-01T11:23:37.406Z</time>
</trkpt>
<trkpt lat="47.4239311" lon="-0.5014650">
	<ele>22.18</ele>
	<time>1970-01-01T11:23:43.115Z</time>
</trkpt>
<trkpt lat="47.4240303" lon="-0.5010750">
	<ele>20.08</ele>
	<time>1970-01-01T11:23:47.156Z</time>
</trkpt>
<trkpt lat="47.4240646" lon="-0.5008720">
	<ele>19.74</ele>
	<time>1970-01-01T11:23:49.345Z</time>
</trkpt>
<trkpt lat="47.4241066" lon="-0.5005700">
	<ele>21.65</ele>
	<time>1970-01-01T11:23:52.278Z</time>
</trkpt>
<trkpt lat="47.4241905" lon="-0.4998880">
	<ele>20.93</ele>
	<time>1970-01-01T11:23:58.825Z</time>
</trkpt>
<trkpt lat="47.4241982" lon="-0.4997480">
	<ele>20.98</ele>
	<time>1970-01-01T11:24:00.401Z</time>
</trkpt>
<trkpt lat="47.4241982" lon="-0.4995680">
	<ele>20.92</ele>
	<time>1970-01-01T11:24:02.568Z</time>
</trkpt>
<trkpt lat="47.4241257" lon="-0.4984210">
	<ele>21.31</ele>
	<time>1970-01-01T11:24:20.034Z</time>
</trkpt>
<trkpt lat="47.4240837" lon="-0.4979120">
	<ele>20.51</ele>
	<time>1970-01-01T11:24:27.194Z</time>
</trkpt>
<trkpt lat="47.4240494" lon="-0.4977720">
	<ele>21.09</ele>
	<time>1970-01-01T11:24:29.171Z</time>
</trkpt>
<trkpt lat="47.4239845" lon="-0.4976160">
	<ele>22.32</ele>
	<time>1970-01-01T11:24:31.665Z</time>
</trkpt>
<trkpt lat="47.4239311" lon="-0.4975140">
	<ele>22.94</ele>
	<time>1970-01-01T11:24:33.322Z</time>
</trkpt>
<trkpt lat="47.4237442" lon="-0.4971620">
	<ele>20.14</ele>
	<time>1970-01-01T11:24:38.653Z</time>
</trkpt>
<trkpt lat="47.4236374" lon="-0.4969770">
	<ele>21.89</ele>
	<time>1970-01-01T11:24:41.352Z</time>
</trkpt>
<trkpt lat="47.4235725" lon="-0.4968800">
	<ele>21.71</ele>
	<time>1970-01-01T11:24:42.872Z</time>
</trkpt>
<trkpt lat="47.4234505" lon="-0.4967360">
	<ele>21.32</ele>
	<time>1970-01-01T11:24:45.486Z</time>
</trkpt>
<trkpt lat="47.4226799" lon="-0.4959020">
	<ele>20.72</ele>
	<time>1970-01-01T11:25:03.848Z</time>
</trkpt>
<trkpt lat="47.4222069" lon="-0.4953880">
	<ele>21.43</ele>
	<time>1970-01-01T11:25:20.735Z</time>
</trkpt>
<trkpt lat="47.4219894" lon="-0.4951370">
	<ele>20.92</ele>
	<time>1970-01-01T11:25:27.869Z</time>
</trkpt>
<trkpt lat="47.4219131" lon="-0.4950270">
	<ele>21.75</ele>
	<time>1970-01-01T11:25:30.641Z</time>
</trkpt>
<trkpt lat="47.4218407" lon="-0.4949140">
	<ele>20.72</ele>
	<time>1970-01-01T11:25:33.496Z</time>
</trkpt>
<trkpt lat="47.4217110" lon="-0.4946550">
	<ele>21.16</ele>
	<time>1970-01-01T11:25:39.975Z</time>
</trkpt>
<trkpt lat="47.4216232" lon="-0.4944390">
	<ele>20.75</ele>
	<time>1970-01-01T11:25:45.595Z</time>
</trkpt>
<trkpt lat="47.4215317" lon="-0.4941490">
	<ele>19.05</ele>
	<time>1970-01-01T11:25:52.778Z</time>
</trkpt>
<trkpt lat="47.4214783" lon="-0.4938940">
	<ele>19.50</ele>
	<time>1970-01-01T11:25:57.225Z</time>
</trkpt>
<trkpt lat="47.4214401" lon="-0.4936730">
	<ele>20.50</ele>
	<time>1970-01-01T11:26:00.383Z</time>
</trkpt>
<trkpt lat="47.4214287" lon="-0.4935320">
	<ele>21.11</ele>
	<time>1970-01-01T11:26:02.270Z</time>
</trkpt>
<trkpt lat="47.4213333" lon="-0.4920670">
	<ele>21.21</ele>
	<time>1970-01-01T11:26:18.335Z</time>
</trkpt>
<trkpt lat="47.4212875" lon="-0.4912330">
	<ele>20.30</ele>
	<time>1970-01-01T11:26:28.757Z</time>
</trkpt>
<trkpt lat="47.4212799" lon="-0.4911720">
	<ele>20.19</ele>
	<time>1970-01-01T11:26:29.587Z</time>
</trkpt>
<trkpt lat="47.4212418" lon="-0.4910520">
	<ele>20.13</ele>
	<time>1970-01-01T11:26:31.247Z</time>
</trkpt>
<trkpt lat="47.4204826" lon="-0.4888580">
	<ele>20.62</ele>
	<time>1970-01-01T11:26:56.554Z</time>
</trkpt>
<trkpt lat="47.4204216" lon="-0.4886620">
	<ele>20.00</ele>
	<time>1970-01-01T11:26:59.051Z</time>
</trkpt>
<trkpt lat="47.4199867" lon="-0.4871800">
	<ele>22.11</ele>
	<time>1970-01-01T11:27:17.276Z</time>
</trkpt>
<trkpt lat="47.4192924" lon="-0.4847370">
	<ele>20.14</ele>
	<time>1970-01-01T11:27:58.765Z</time>
</trkpt>
<trkpt lat="47.4192657" lon="-0.4846200">
	<ele>20.35</ele>
	<time>1970-01-01T11:28:00.367Z</time>
</trkpt>
<trkpt lat="47.4192390" lon="-0.4844850">
	<ele>20.85</ele>
	<time>1970-01-01T11:28:02.191Z</time>
</trkpt>
<trkpt lat="47.4191551" lon="-0.4836410">
	<ele>21.88</ele>
	<time>1970-01-01T11:28:12.829Z</time>
</trkpt>
<trkpt lat="47.4189682" lon="-0.4816080">
	<ele>20.50</ele>
	<time>1970-01-01T11:28:31.299Z</time>
</trkpt>
<trkpt lat="47.4188156" lon="-0.4799050">
	<ele>21.83</ele>
	<time>1970-01-01T11:28:58.422Z</time>
</trkpt>
<trkpt lat="47.4185410" lon="-0.4750130">
	<ele>21.57</ele>
	<time>1970-01-01T11:30:03.152Z</time>
</trkpt>
<trkpt lat="47.4184151" lon="-0.4728790">
	<ele>19.85</ele>
	<time>1970-01-01T11:30:33.221Z</time>
</trkpt>
<trkpt lat="47.4184113" lon="-0.4727180">
	<ele>19.89</ele>
	<time>1970-01-01T11:30:35.602Z</time>
</trkpt>
<trkpt lat="47.4184151" lon="-0.4725560">
	<ele>19.90</ele>
	<time>1970-01-01T11:30:38.098Z</time>
</trkpt>
<trkpt lat="47.4184418" lon="-0.4722340">
	<ele>19.44</ele>
	<time>1970-01-01T11:30:42.618Z</time>
</trkpt>
<trkpt lat="47.4185677" lon="-0.4711820">
	<ele>21.74</ele>
	<time>1970-01-01T11:30:58.640Z</time>
</trkpt>
<trkpt lat="47.4186401" lon="-0.4704700">
	<ele>21.96</ele>
	<time>1970-01-01T11:31:07.461Z</time>
</trkpt>
<trkpt lat="47.4186630" lon="-0.4701790">
	<ele>21.87</ele>
	<time>1970-01-01T11:31:10.508Z</time>
</trkpt>
<trkpt lat="47.4186859" lon="-0.4695970">
	<ele>21.34</ele>
	<time>1970-01-01T11:31:16.320Z</time>
</trkpt>
<trkpt lat="47.4187431" lon="-0.4681270">
	<ele>20.13</ele>
	<time>1970-01-01T11:31:31.619Z</time>
</trkpt>
<trkpt lat="47.4188728" lon="-0.4653560">
	<ele>22.82</ele>
	<time>1970-01-01T11:31:58.738Z</time>
</trkpt>
<trkpt lat="47.4189186" lon="-0.4650350">
	<ele>21.28</ele>
	<time>1970-01-01T11:32:03.126Z</time>
</trkpt>
<trkpt lat="47.4193268" lon="-0.4627830">
	<ele>20.31</ele>
	<time>1970-01-01T11:32:43.582Z</time>
</trkpt>
<trkpt lat="47.4193573" lon="-0.4625140">
	<ele>20.24</ele>
	<time>1970-01-01T11:32:48.006Z</time>
</trkpt>
<trkpt lat="47.4195518" lon="-0.4603880">
	<ele>20.06</ele>
	<time>1970-01-01T11:33:13.311Z</time>
</trkpt>
<trkpt lat="47.4196510" lon="-0.4592770">
	<ele>21.93</ele>
	<time>1970-01-01T11:33:26.483Z</time>
</trkpt>
<trkpt lat="47.4196930" lon="-0.4586750">
	<ele>22.11</ele>
	<time>1970-01-01T11:33:31.108Z</time>
</trkpt>
<trkpt lat="47.4196968" lon="-0.4560340">
	<ele>21.82</ele>
	<time>1970-01-01T11:34:02.191Z</time>
</trkpt>
<trkpt lat="47.4197540" lon="-0.4546270">
	<ele>22.97</ele>
	<time>1970-01-01T11:34:18.963Z</time>
</trkpt>
<trkpt lat="47.4197578" lon="-0.4543890">
	<ele>22.83</ele>
	<time>1970-01-01T11:34:21.886Z</time>
</trkpt>
<trkpt lat="47.4197350" lon="-0.4538560">
	<ele>23.07</ele>
	<time>1970-01-01T11:34:28.081Z</time>
</trkpt>
<trkpt lat="47.4197197" lon="-0.4536510">
	<ele>23.00</ele>
	<time>1970-01-01T11:34:30.606Z</time>
</trkpt>
<trkpt lat="47.4197350" lon="-0.4534450">
	<ele>23.10</ele>
	<time>1970-01-01T11:34:33.152Z</time>
</trkpt>
<trkpt lat="47.4198112" lon="-0.4528370">
	<ele>20.69</ele>
	<time>1970-01-01T11:34:41.600Z</time>
</trkpt>
<trkpt lat="47.4198341" lon="-0.4527240">
	<ele>20.48</ele>
	<time>1970-01-01T11:34:43.188Z</time>
</trkpt>
<trkpt lat="47.4198723" lon="-0.4525770">
	<ele>20.80</ele>
	<time>1970-01-01T11:34:45.438Z</time>
</trkpt>
<trkpt lat="47.4200249" lon="-0.4521530">
	<ele>22.71</ele>
	<time>1970-01-01T11:34:55.366Z</time>
</trkpt>
<trkpt lat="47.4204254" lon="-0.4510260">
	<ele>19.81</ele>
	<time>1970-01-01T11:35:15.441Z</time>
</trkpt>
<trkpt lat="47.4205132" lon="-0.4508630">
	<ele>22.55</ele>
	<time>1970-01-01T11:35:18.099Z</time>
</trkpt>
<trkpt lat="47.4205551" lon="-0.4508070">
	<ele>23.09</ele>
	<time>1970-01-01T11:35:19.033Z</time>
</trkpt>
<trkpt lat="47.4206581" lon="-0.4507050">
	<ele>21.86</ele>
	<time>1970-01-01T11:35:21.100Z</time>
</trkpt>
<trkpt lat="47.4206810" lon="-0.4506870">
	<ele>21.32</ele>
	<time>1970-01-01T11:35:21.521Z</time>
</trkpt>
<trkpt lat="47.4203987" lon="-0.4499620">
	<ele>20.88</ele>
	<time>1970-01-01T11:35:31.213Z</time>
</trkpt>
<trkpt lat="47.4203987" lon="-0.4499620">
	<ele>20.88</ele>
	<time>1970-01-01T20:28:40.437Z</time>
</trkpt>
<trkpt lat="47.4203148" lon="-0.4497380">
	<ele>22.70</ele>
	<time>1970-01-01T20:28:43.817Z</time>
</trkpt>
<trkpt lat="47.4201012" lon="-0.4492200">
	<ele>23.20</ele>
	<time>1970-01-01T20:28:53.908Z</time>
</trkpt>
<trkpt lat="47.4200706" lon="-0.4491300">
	<ele>23.42</ele>
	<time>1970-01-01T20:28:55.549Z</time>
</trkpt>
<trkpt lat="47.4200325" lon="-0.4491230">
	<ele>23.28</ele>
	<time>1970-01-01T20:28:56.360Z</time>
</trkpt>
<trkpt lat="47.4199982" lon="-0.4491000">
	<ele>23.15</ele>
	<time>1970-01-01T20:28:57.165Z</time>
</trkpt>
<trkpt lat="47.4199715" lon="-0.4490640">
	<ele>22.98</ele>
	<time>1970-01-01T20:28:57.963Z</time>
</trkpt>
<trkpt lat="47.4199486" lon="-0.4490160">
	<ele>22.74</ele>
	<time>1970-01-01T20:28:58.703Z</time>
</trkpt>
<trkpt lat="47.4199409" lon="-0.4489620">
	<ele>22.61</ele>
	<time>1970-01-01T20:28:59.440Z</time>
</trkpt>
<trkpt lat="47.4199448" lon="-0.4489060">
	<ele>22.62</ele>
	<time>1970-01-01T20:29:00.174Z</time>
</trkpt>
<trkpt lat="47.4199562" lon="-0.4488530">
	<ele>22.71</ele>
	<time>1970-01-01T20:29:00.905Z</time>
</trkpt>
<trkpt lat="47.4199791" lon="-0.4488070">
	<ele>22.81</ele>
	<time>1970-01-01T20:29:01.686Z</time>
</trkpt>
<trkpt lat="47.4200134" lon="-0.4487730">
	<ele>22.72</ele>
	<time>1970-01-01T20:29:02.462Z</time>
</trkpt>
<trkpt lat="47.4200363" lon="-0.4487620">
	<ele>22.57</ele>
	<time>1970-01-01T20:29:03.041Z</time>
</trkpt>
<trkpt lat="47.4200439" lon="-0.4487580">
	<ele>22.50</ele>
	<time>1970-01-02T05:22:12.432Z</time>
</trkpt>
<trkpt lat="47.4200783" lon="-0.4487550">
	<ele>22.19</ele>
	<time>1970-01-02T05:22:13.100Z</time>
</trkpt>
<trkpt lat="47.4201126" lon="-0.4487660">
	<ele>21.93</ele>
	<time>1970-01-02T05:22:13.769Z</time>
</trkpt>
<trkpt lat="47.4201126" lon="-0.4486330">
	<ele>20.54</ele>
	<time>1970-01-02T05:22:15.440Z</time>
</trkpt>
<trkpt lat="47.4201546" lon="-0.4481040">
	<ele>18.60</ele>
	<time>1970-01-02T05:22:21.434Z</time>
</trkpt>
<trkpt lat="47.4202309" lon="-0.4465890">
	<ele>21.06</ele>
	<time>1970-01-02T05:22:42.000Z</time>
</trkpt>
<trkpt lat="47.4202385" lon="-0.4462250">
	<ele>22.42</ele>
	<time>1970-01-02T05:22:46.949Z</time>
</trkpt>
<trkpt lat="47.4202385" lon="-0.4460550">
	<ele>22.89</ele>
	<time>1970-01-02T05:22:49.291Z</time>
</trkpt>
<trkpt lat="47.4202194" lon="-0.4458310">
	<ele>23.30</ele>
	<time>1970-01-02T05:22:52.322Z</time>
</trkpt>
<trkpt lat="47.4202118" lon="-0.4457620">
	<ele>23.40</ele>
	<time>1970-01-02T05:22:53.270Z</time>
</trkpt>
<trkpt lat="47.4201813" lon="-0.4455560">
	<ele>23.30</ele>
	<time>1970-01-02T05:22:56.685Z</time>
</trkpt>
<trkpt lat="47.4201508" lon="-0.4454370">
	<ele>22.80</ele>
	<time>1970-01-02T05:22:58.682Z</time>
</trkpt>
<trkpt lat="47.4201164" lon="-0.4452900">
	<ele>22.16</ele>
	<time>1970-01-02T05:23:01.637Z</time>
</trkpt>
<trkpt lat="47.4194374" lon="-0.4429070">
	<ele>23.13</ele>
	<time>1970-01-02T05:23:39.848Z</time>
</trkpt>
<trkpt lat="47.4193916" lon="-0.4427130">
	<ele>22.87</ele>
	<time>1970-01-02T05:23:42.650Z</time>
</trkpt>
<trkpt lat="47.4193649" lon="-0.4425310">
	<ele>22.28</ele>
	<time>1970-01-02T05:23:45.085Z</time>
</trkpt>
<trkpt lat="47.4192657" lon="-0.4403210">
	<ele>21.05</ele>
	<time>1970-01-02T05:24:10.859Z</time>
</trkpt>
<trkpt lat="47.4192429" lon="-0.4398520">
	<ele>22.46</ele>
	<time>1970-01-02T05:24:16.891Z</time>
</trkpt>
<trkpt lat="47.4192085" lon="-0.4391340">
	<ele>22.14</ele>
	<time>1970-01-02T05:24:29.657Z</time>
</trkpt>
<trkpt lat="47.4192085" lon="-0.4390370">
	<ele>22.04</ele>
	<time>1970-01-02T05:24:31.163Z</time>
</trkpt>
<trkpt lat="47.4192085" lon="-0.4389140">
	<ele>21.98</ele>
	<time>1970-01-02T05:24:33.061Z</time>
</trkpt>
<trkpt lat="47.4192047" lon="-0.4388710">
	<ele>21.96</ele>
	<time>1970-01-02T05:24:33.685Z</time>
</trkpt>
<trkpt lat="47.4192123" lon="-0.4387280">
	<ele>21.92</ele>
	<time>1970-01-02T05:24:35.939Z</time>
</trkpt>
<trkpt lat="47.4192238" lon="-0.4386170">
	<ele>21.73</ele>
	<time>1970-01-02T05:24:37.548Z</time>
</trkpt>
<trkpt lat="47.4193115" lon="-0.4381100">
	<ele>21.48</ele>
	<time>1970-01-02T05:24:44.439Z</time>
</trkpt>
<trkpt lat="47.4193230" lon="-0.4380150">
	<ele>21.77</ele>
	<time>1970-01-02T05:24:45.637Z</time>
</trkpt>
<trkpt lat="47.4193306" lon="-0.4379310">
	<ele>21.86</ele>
	<time>1970-01-02T05:24:46.597Z</time>
</trkpt>
<trkpt lat="47.4193382" lon="-0.4375240">
	<ele>21.77</ele>
	<time>1970-01-02T05:24:51.319Z</time>
</trkpt>
<trkpt lat="47.4193535" lon="-0.4368280">
	<ele>21.79</ele>
	<time>1970-01-02T05:24:58.516Z</time>
</trkpt>
<trkpt lat="47.4193573" lon="-0.4367530">
	<ele>21.79</ele>
	<time>1970-01-02T05:24:59.374Z</time>
</trkpt>
<trkpt lat="47.4193573" lon="-0.4366180">
	<ele>21.84</ele>
	<time>1970-01-02T05:25:00.739Z</time>
</trkpt>
<trkpt lat="47.4193611" lon="-0.4359780">
	<ele>22.05</ele>
	<time>1970-01-02T05:25:06.475Z</time>
</trkpt>
<trkpt lat="47.4193726" lon="-0.4353870">
	<ele>22.75</ele>
	<time>1970-01-02T05:25:12.501Z</time>
</trkpt>
<trkpt lat="47.4193764" lon="-0.4348200">
	<ele>22.89</ele>
	<time>1970-01-02T05:25:19.391Z</time>
</trkpt>
<trkpt lat="47.4193840" lon="-0.4344240">
	<ele>22.78</ele>
	<time>1970-01-02T05:25:24.875Z</time>
</trkpt>
<trkpt lat="47.4193497" lon="-0.4340870">
	<ele>21.92</ele>
	<time>1970-01-02T05:25:30.139Z</time>
</trkpt>
<trkpt lat="47.4192352" lon="-0.4331850">
	<ele>22.79</ele>
	<time>1970-01-02T05:25:41.898Z</time>
</trkpt>
<trkpt lat="47.4191780" lon="-0.4327410">
	<ele>23.01</ele>
	<time>1970-01-02T05:25:47.645Z</time>
</trkpt>
<trkpt lat="47.4190903" lon="-0.4320550">
	<ele>22.13</ele>
	<time>1970-01-02T05:25:56.568Z</time>
</trkpt>
<trkpt lat="47.4190521" lon="-0.4317870">
	<ele>21.01</ele>
	<time>1970-01-02T05:25:59.888Z</time>
</trkpt>
<trkpt lat="47.4190178" lon="-0.4314850">
	<ele>21.78</ele>
	<time>1970-01-02T05:26:03.563Z</time>
</trkpt>
<trkpt lat="47.4190025" lon="-0.4314030">
	<ele>22.24</ele>
	<time>1970-01-02T05:26:04.528Z</time>
</trkpt>
<trkpt lat="47.4190445" lon="-0.4313910">
	<ele>21.91</ele>
	<time>1970-01-02T05:26:05.333Z</time>
</trkpt>
<trkpt lat="47.4192162" lon="-0.4313160">
	<ele>20.81</ele>
	<time>1970-01-02T05:26:08.774Z</time>
</trkpt>
<trkpt lat="47.4193268" lon="-0.4312960">
	<ele>20.33</ele>
	<time>1970-01-02T05:26:10.830Z</time>
</trkpt>
<trkpt lat="47.4193993" lon="-0.4312810">
	<ele>20.10</ele>
	<time>1970-01-01T02:24:29.466Z</time>
</trkpt>
<trkpt lat="47.4197197" lon="-0.4312850">
	<ele>20.00</ele>
	<time>1970-01-01T02:24:34.992Z</time>
</trkpt>
<trkpt lat="47.4201317" lon="-0.4313190">
	<ele>19.96</ele>
	<time>1970-01-01T02:24:42.012Z</time>
</trkpt>
<trkpt lat="47.4201736" lon="-0.4312990">
	<ele>19.97</ele>
	<time>1970-01-01T02:24:42.791Z</time>
</trkpt>
<trkpt lat="47.4202347" lon="-0.4306200">
	<ele>20.06</ele>
	<time>1970-01-01T02:24:49.900Z</time>
</trkpt>
<trkpt lat="47.4202805" lon="-0.4301320">
	<ele>20.00</ele>
	<time>1970-01-01T02:24:54.578Z</time>
</trkpt>
<trkpt lat="47.4203186" lon="-0.4296180">
	<ele>19.90</ele>
	<time>1970-01-01T02:24:59.445Z</time>
</trkpt>
<trkpt lat="47.4203415" lon="-0.4292010">
	<ele>19.83</ele>
	<time>1970-01-01T02:25:03.567Z</time>
</trkpt>
<trkpt lat="47.4203453" lon="-0.4287920">
	<ele>19.91</ele>
	<time>1970-01-01T02:25:07.829Z</time>
</trkpt>
<trkpt lat="47.4203415" lon="-0.4285920">
	<ele>19.82</ele>
	<time>1970-01-01T02:25:09.971Z</time>
</trkpt>
<trkpt lat="47.4203262" lon="-0.4282530">
	<ele>20.05</ele>
	<time>1970-01-01T02:25:13.789Z</time>
</trkpt>
<trkpt lat="47.4203262" lon="-0.4281240">
	<ele>20.09</ele>
	<time>1970-01-01T02:25:15.385Z</time>
</trkpt>
<trkpt lat="47.4203300" lon="-0.4280830">
	<ele>20.06</ele>
	<time>1970-01-01T02:25:15.865Z</time>
</trkpt>
<trkpt lat="47.4206505" lon="-0.4281710">
	<ele>19.77</ele>
	<time>1970-01-01T02:25:20.811Z</time>
</trkpt>
<trkpt lat="47.4209137" lon="-0.4282320">
	<ele>19.08</ele>
	<time>1970-01-01T02:25:24.933Z</time>
</trkpt>
<trkpt lat="47.4209518" lon="-0.4282420">
	<ele>19.21</ele>
	<time>1970-01-01T02:25:25.641Z</time>
</trkpt>
<trkpt lat="47.4210472" lon="-0.4274690">
	<ele>20.03</ele>
	<time>1970-01-01T02:25:37.508Z</time>
</trkpt>
<trkpt lat="47.4210930" lon="-0.4271600">
	<ele>20.00</ele>
	<time>1970-01-01T02:25:41.757Z</time>
</trkpt>
<trkpt lat="47.4212952" lon="-0.4262270">
	<ele>20.00</ele>
	<time>1970-01-01T02:25:53.407Z</time>
</trkpt>
<trkpt lat="47.4213448" lon="-0.4259570">
	<ele>20.00</ele>
	<time>1970-01-01T02:25:57.004Z</time>
</trkpt>
<trkpt lat="47.4214897" lon="-0.4250240">
	<ele>20.00</ele>
	<time>1970-01-01T02:26:10.501Z</time>
</trkpt>
<trkpt lat="47.4215431" lon="-0.4245990">
	<ele>19.83</ele>
	<time>1970-01-01T02:26:16.757Z</time>
</trkpt>
<trkpt lat="47.4215279" lon="-0.4245040">
	<ele>19.63</ele>
	<time>1970-01-01T02:26:18.053Z</time>
</trkpt>
<trkpt lat="47.4215813" lon="-0.4243470">
	<ele>19.10</ele>
	<time>1970-01-01T02:26:20.436Z</time>
</trkpt>
<trkpt lat="47.4216309" lon="-0.4242410">
	<ele>18.96</ele>
	<time>1970-01-01T02:26:22.250Z</time>
</trkpt>
<trkpt lat="47.4217033" lon="-0.4240990">
	<ele>19.08</ele>
	<time>1970-01-01T02:26:24.441Z</time>
</trkpt>
<trkpt lat="47.4217415" lon="-0.4240370">
	<ele>19.20</ele>
	<time>1970-01-01T02:26:25.388Z</time>
</trkpt>
<trkpt lat="47.4217720" lon="-0.4240000">
	<ele>19.32</ele>
	<time>1970-01-01T02:26:26.179Z</time>
</trkpt>
<trkpt lat="47.4218750" lon="-0.4239160">
	<ele>19.79</ele>
	<time>1970-01-01T02:26:28.124Z</time>
</trkpt>
<trkpt lat="47.4219551" lon="-0.4238710">
	<ele>20.02</ele>
	<time>1970-01-01T02:26:29.406Z</time>
</trkpt>
<trkpt lat="47.4226303" lon="-0.4235590">
	<ele>19.97</ele>
	<time>1970-01-01T02:26:39.458Z</time>
</trkpt>
<trkpt lat="47.4228058" lon="-0.4234350">
	<ele>19.40</ele>
	<time>1970-01-01T02:26:42.747Z</time>
</trkpt>
<trkpt lat="47.4229088" lon="-0.4233310">
	<ele>19.52</ele>
	<time>1970-01-01T02:26:44.877Z</time>
</trkpt>
<trkpt lat="47.4229660" lon="-0.4232460">
	<ele>19.86</ele>
	<time>1970-01-01T02:26:46.351Z</time>
</trkpt>
<trkpt lat="47.4230232" lon="-0.4231110">
	<ele>20.05</ele>
	<time>1970-01-01T02:26:48.320Z</time>
</trkpt>
<trkpt lat="47.4232597" lon="-0.4228250">
	<ele>19.83</ele>
	<time>1970-01-01T02:26:54.253Z</time>
</trkpt>
<trkpt lat="47.4238930" lon="-0.4221460">
	<ele>19.00</ele>
	<time>1970-01-01T02:27:07.291Z</time>
</trkpt>
<trkpt lat="47.4246635" lon="-0.4213170">
	<ele>19.00</ele>
	<time>1970-01-01T02:27:24.258Z</time>
</trkpt>
<trkpt lat="47.4260063" lon="-0.4205220">
	<ele>19.09</ele>
	<time>1970-01-01T02:27:52.712Z</time>
</trkpt>
<trkpt lat="47.4268417" lon="-0.4202390">
	<ele>19.12</ele>
	<time>1970-01-01T02:28:09.550Z</time>
</trkpt>
<trkpt lat="47.4274750" lon="-0.4201280">
	<ele>18.99</ele>
	<time>1970-01-01T02:28:21.715Z</time>
</trkpt>
<trkpt lat="47.4277954" lon="-0.4166010">
	<ele>18.98</ele>
	<time>1970-01-01T02:29:05.714Z</time>
</trkpt>
<trkpt lat="47.4278603" lon="-0.4158820">
	<ele>17.98</ele>
	<time>1970-01-01T02:29:13.994Z</time>
</trkpt>
<trkpt lat="47.4278641" lon="-0.4156720">
	<ele>17.96</ele>
	<time>1970-01-01T02:29:16.479Z</time>
</trkpt>
<trkpt lat="47.4279404" lon="-0.4089130">
	<ele>18.55</ele>
	<time>1970-01-01T02:30:35.299Z</time>
</trkpt>
<trkpt lat="47.4279442" lon="-0.4073440">
	<ele>17.95</ele>
	<time>1970-01-01T02:30:54.987Z</time>
</trkpt>
<trkpt lat="47.4279477" lon="-0.4073431">
	<ele>16.60</ele>
	<time>1970-01-01T00:00:00.000Z</time>
</trkpt>
<trkpt lat="47.4272761" lon="-0.4071147">
	<ele>16.60</ele>
	<time>1970-01-01T00:00:00.000Z</time>
</trkpt>
<trkpt lat="47.4227358" lon="-0.4059446">
	<ele>18.70</ele>
	<time>1970-01-01T00:00:00.000Z</time>
</trkpt>
<trkpt lat="47.4224981" lon="-0.4058408">
	<ele>18.70</ele>
	<time>1970-01-01T00:00:00.000Z</time>
</trkpt>
<trkpt lat="47.4220631" lon="-0.4054441">
	<ele>20.70</ele>
	<time>1970-01-01T00:00:00.000Z</time>
</trkpt>
<trkpt lat="47.4239746" lon="-0.3995746">
	<ele>17.90</ele>
	<time>1970-01-01T00:00:00.000Z</time>
</trkpt>
<trkpt lat="47.4253608" lon="-0.3955941">
	<ele>19.50</ele>
	<time>1970-01-01T00:00:00.000Z</time>
</trkpt>
<trkpt lat="47.4253626" lon="-0.3949991">
	<ele>21.60</ele>
	<time>1970-01-01T00:00:00.000Z</time>
</trkpt>
<trkpt lat="47.4250494" lon="-0.3930910">
	<ele>19.10</ele>
	<time>1970-01-01T00:00:00.000Z</time>
</trkpt>
<trkpt lat="47.4249386" lon="-0.3918280">
	<ele>18.50</ele>
	<time>1970-01-01T00:00:00.000Z</time>
</trkpt>
<trkpt lat="47.4246405" lon="-0.3903327">
	<ele>18.00</ele>
	<time>1970-01-01T00:00:00.000Z</time>
</trkpt>
<trkpt lat="47.4246889" lon="-0.3878753">
	<ele>19.90</ele>
	<time>1970-01-01T00:00:00.000Z</time>
</trkpt>
<trkpt lat="47.4249597" lon="-0.3847110">
	<ele>19.30</ele>
	<time>1970-01-01T00:00:00.000Z</time>
</trkpt>
<trkpt lat="47.4249003" lon="-0.3838146">
	<ele>19.80</ele>
	<time>1970-01-01T00:00:00.000Z</time>
</trkpt>
<trkpt lat="47.4252142" lon="-0.3836079">
	<ele>19.70</ele>
	<time>1970-01-01T00:00:00.000Z</time>
</trkpt>
<trkpt lat="47.4252364" lon="-0.3826624">
	<ele>19.10</ele>
	<time>1970-01-01T00:00:00.000Z</time>
</trkpt>
<trkpt lat="47.4254115" lon="-0.3817645">
	<ele>18.20</ele>
	<time>1970-01-01T00:00:00.000Z</time>
</trkpt>
<trkpt lat="47.4251706" lon="-0.3805910">
	<ele>17.90</ele>
	<time>1970-01-01T00:00:00.000Z</time>
</trkpt>
<trkpt lat="47.4250596" lon="-0.3796948">
	<ele>18.60</ele>
	<time>1970-01-01T00:00:00.000Z</time>
</trkpt>
<trkpt lat="47.4249593" lon="-0.3784801">
	<ele>18.30</ele>
	<time>1970-01-01T00:00:00.000Z</time>
</trkpt>
<trkpt lat="47.4248710" lon="-0.3758651">
	<ele>19.00</ele>
	<time>1970-01-01T00:00:00.000Z</time>
</trkpt>
<trkpt lat="47.4246732" lon="-0.3749767">
	<ele>16.60</ele>
	<time>1970-01-01T00:00:00.000Z</time>
</trkpt>
<trkpt lat="47.4243936" lon="-0.3741040">
	<ele>17.30</ele>
	<time>1970-01-01T00:00:00.000Z</time>
</trkpt>
<trkpt lat="47.4240527" lon="-0.3732052">
	<ele>18.10</ele>
	<time>1970-01-01T00:00:00.000Z</time>
</trkpt>
<trkpt lat="47.4236964" lon="-0.3718591">
	<ele>17.20</ele>
	<time>1970-01-01T00:00:00.000Z</time>
</trkpt>
<trkpt lat="47.4234358" lon="-0.3705710">
	<ele>16.90</ele>
	<time>1970-01-01T00:00:00.000Z</time>
</trkpt>
<trkpt lat="47.4229415" lon="-0.3677622">
	<ele>18.80</ele>
	<time>1970-01-01T00:00:00.000Z</time>
</trkpt>
<trkpt lat="47.4213271" lon="-0.3684446">
	<ele>19.50</ele>
	<time>1970-01-01T00:00:00.000Z</time>
</trkpt>
<trkpt lat="47.4196352" lon="-0.3600795">
	<ele>18.00</ele>
	<time>1970-01-01T00:00:00.000Z</time>
</trkpt>
<trkpt lat="47.4201871" lon="-0.3601120">
	<ele>18.50</ele>
	<time>1970-01-01T00:00:00.000Z</time>
</trkpt>
<trkpt lat="47.4207287" lon="-0.3600574">
	<ele>19.30</ele>
	<time>1970-01-01T00:00:00.000Z</time>
</trkpt>
<trkpt lat="47.4206647" lon="-0.3596667">
	<ele>19.90</ele>
	<time>1970-01-01T00:00:00.000Z</time>
</trkpt>
<trkpt lat="47.4205298" lon="-0.3575312">
	<ele>18.70</ele>
	<time>1970-01-01T00:00:00.000Z</time>
</trkpt>
<trkpt lat="47.4195257" lon="-0.3527734">
	<ele>18.80</ele>
	<time>1970-01-01T00:00:00.000Z</time>
</trkpt>
<trkpt lat="47.4193780" lon="-0.3518072">
	<ele>19.40</ele>
	<time>1970-01-01T00:00:00.000Z</time>
</trkpt>
<trkpt lat="47.4192365" lon="-0.3513716">
	<ele>19.40</ele>
	<time>1970-01-01T00:00:00.000Z</time>
</trkpt>
<trkpt lat="47.4190932" lon="-0.3510605">
	<ele>19.30</ele>
	<time>1970-01-01T00:00:00.000Z</time>
</trkpt>
<trkpt lat="47.4177007" lon="-0.3509888">
	<ele>18.70</ele>
	<time>1970-01-01T00:00:00.000Z</time>
</trkpt>
<trkpt lat="47.4167960" lon="-0.3453141">
	<ele>19.20</ele>
	<time>1970-01-01T00:00:00.000Z</time>
</trkpt>
<trkpt lat="47.4164216" lon="-0.3450037">
	<ele>19.40</ele>
	<time>1970-01-01T00:00:00.000Z</time>
</trkpt>
<trkpt lat="47.4157994" lon="-0.3439970">
	<ele>19.50</ele>
	<time>1970-01-01T00:00:00.000Z</time>
</trkpt>
<trkpt lat="47.4155615" lon="-0.3437145">
	<ele>20.00</ele>
	<time>1970-01-01T00:00:00.000Z</time>
</trkpt>
<trkpt lat="47.4161986" lon="-0.3431024">
	<ele>20.10</ele>
	<time>1970-01-01T00:00:00.000Z</time>
</trkpt>
<trkpt lat="47.4164430" lon="-0.3430099">
	<ele>20.10</ele>
	<time>1970-01-01T00:00:00.000Z</time>
</trkpt>
<trkpt lat="47.4163130" lon="-0.3424366">
	<ele>19.30</ele>
	<time>1970-01-01T00:00:00.000Z</time>
</trkpt>
<trkpt lat="47.4143189" lon="-0.3361820">
	<ele>18.70</ele>
	<time>1970-01-01T00:00:00.000Z</time>
</trkpt>
<trkpt lat="47.4142195" lon="-0.3358824">
	<ele>18.60</ele>
	<time>1970-01-01T00:00:00.000Z</time>
</trkpt>
<trkpt lat="47.4140957" lon="-0.3357956">
	<ele>18.60</ele>
	<time>1970-01-01T00:00:00.000Z</time>
</trkpt>
<trkpt lat="47.4135481" lon="-0.3357075">
	<ele>19.00</ele>
	<time>1970-01-01T00:00:00.000Z</time>
</trkpt>
<trkpt lat="47.4131141" lon="-0.3352117">
	<ele>19.60</ele>
	<time>1970-01-01T00:00:00.000Z</time>
</trkpt>
<trkpt lat="47.4130925" lon="-0.3349843">
	<ele>19.60</ele>
	<time>1970-01-01T00:00:00.000Z</time>
</trkpt>
<trkpt lat="47.4131917" lon="-0.3334153">
	<ele>20.70</ele>
	<time>1970-01-01T00:00:00.000Z</time>
</trkpt>
<trkpt lat="47.4111691" lon="-0.3336598">
	<ele>19.50</ele>
	<time>1970-01-01T00:00:00.000Z</time>
</trkpt>
<trkpt lat="47.4108271" lon="-0.3323584">
	<ele>16.30</ele>
	<time>1970-01-01T00:00:00.000Z</time>
</trkpt>
<trkpt lat="47.4107266" lon="-0.3317730">
	<ele>16.50</ele>
	<time>1970-01-01T00:00:00.000Z</time>
</trkpt>
<trkpt lat="47.4104375" lon="-0.3293471">
	<ele>17.90</ele>
	<time>1970-01-01T00:00:00.000Z</time>
</trkpt>
<trkpt lat="47.4102964" lon="-0.3268085">
	<ele>15.40</ele>
	<time>1970-01-01T00:00:00.000Z</time>
</trkpt>
<trkpt lat="47.4098892" lon="-0.3227192">
	<ele>23.00</ele>
	<time>1970-01-01T00:00:00.000Z</time>
</trkpt>
<trkpt lat="47.4096402" lon="-0.3217943">
	<ele>22.50</ele>
	<time>1970-01-01T00:00:00.000Z</time>
</trkpt>
<trkpt lat="47.4087603" lon="-0.3188570">
	<ele>15.70</ele>
	<time>1970-01-01T00:00:00.000Z</time>
</trkpt>
<trkpt lat="47.4086396" lon="-0.3182651">
	<ele>25.76</ele>
	<time>1970-01-01T00:00:00.000Z</time>
</trkpt>
<trkpt lat="47.4042187" lon="-0.3193425">
	<ele>21.20</ele>
	<time>1970-01-01T00:00:00.000Z</time>
</trkpt>
<trkpt lat="47.4043762" lon="-0.3194615">
	<ele>21.20</ele>
	<time>1970-01-01T00:00:00.000Z</time>
</trkpt>
<trkpt lat="47.4049591" lon="-0.3194055">
	<ele>15.10</ele>
	<time>1970-01-01T00:00:00.000Z</time>
</trkpt>
<trkpt lat="47.4049035" lon="-0.3190883">
	<ele>15.00</ele>
	<time>1970-01-01T00:00:00.000Z</time>
</trkpt>
<trkpt lat="47.4042613" lon="-0.3189424">
	<ele>16.00</ele>
	<time>1970-01-01T00:00:00.000Z</time>
</trkpt>
<trkpt lat="47.4041152" lon="-0.3189716">
	<ele>18.50</ele>
	<time>1970-01-01T00:00:00.000Z</time>
</trkpt>
<trkpt lat="47.4038484" lon="-0.3188687">
	<ele>20.50</ele>
	<time>1970-01-01T00:00:00.000Z</time>
</trkpt>
<trkpt lat="47.4030477" lon="-0.3184415">
	<ele>23.40</ele>
	<time>1970-01-01T00:00:00.000Z</time>
</trkpt>
<trkpt lat="47.4025794" lon="-0.3182678">
	<ele>24.30</ele>
	<time>1970-01-01T00:00:00.000Z</time>
</trkpt>
<trkpt lat="47.4020312" lon="-0.3181190">
	<ele>22.60</ele>
	<time>1970-01-01T00:00:00.000Z</time>
</trkpt>
<trkpt lat="47.3995991" lon="-0.3177896">
	<ele>26.00</ele>
	<time>1970-01-01T00:00:00.000Z</time>
</trkpt>
<trkpt lat="47.3992699" lon="-0.3176413">
	<ele>26.20</ele>
	<time>1970-01-01T00:00:00.000Z</time>
</trkpt>
<trkpt lat="47.3991391" lon="-0.3175084">
	<ele>26.20</ele>
	<time>1970-01-01T00:00:00.000Z</time>
</trkpt>
<trkpt lat="47.3987557" lon="-0.3172448">
	<ele>25.90</ele>
	<time>1970-01-01T00:00:00.000Z</time>
</trkpt>
<trkpt lat="47.3983098" lon="-0.3169997">
	<ele>25.80</ele>
	<time>1970-01-01T00:00:00.000Z</time>
</trkpt>
<trkpt lat="47.3981224" lon="-0.3161469">
	<ele>26.70</ele>
	<time>1970-01-01T00:00:00.000Z</time>
</trkpt>
<trkpt lat="47.3976462" lon="-0.3161686">
	<ele>29.10</ele>
	<time>1970-01-01T00:00:00.000Z</time>
</trkpt>
<trkpt lat="47.3975903" lon="-0.3153025">
	<ele>29.90</ele>
	<time>1970-01-01T00:00:00.000Z</time>
</trkpt>
<trkpt lat="47.3975154" lon="-0.3148370">
	<ele>29.10</ele>
	<time>1970-01-01T00:00:00.000Z</time>
</trkpt>
<trkpt lat="47.3976458" lon="-0.3143210">
	<ele>27.90</ele>
	<time>1970-01-01T00:00:00.000Z</time>
</trkpt>
<trkpt lat="47.3977839" lon="-0.3132041">
	<ele>26.80</ele>
	<time>1970-01-01T00:00:00.000Z</time>
</trkpt>
<trkpt lat="47.3978717" lon="-0.3098596">
	<ele>24.50</ele>
	<time>1970-01-01T00:00:00.000Z</time>
</trkpt>
<trkpt lat="47.3975479" lon="-0.3066603">
	<ele>25.60</ele>
	<time>1970-01-01T00:00:00.000Z</time>
</trkpt>
<trkpt lat="47.3972000" lon="-0.3055465">
	<ele>27.30</ele>
	<time>1970-01-01T00:00:00.000Z</time>
</trkpt>
<trkpt lat="47.3971106" lon="-0.3048587">
	<ele>27.00</ele>
	<time>1970-01-01T00:00:00.000Z</time>
</trkpt>
<trkpt lat="47.3970684" lon="-0.3032255">
	<ele>30.20</ele>
	<time>1970-01-01T00:00:00.000Z</time>
</trkpt>
<trkpt lat="47.3965832" lon="-0.2999499">
	<ele>26.80</ele>
	<time>1970-01-01T00:00:00.000Z</time>
</trkpt>
<trkpt lat="47.3964583" lon="-0.2992771">
	<ele>25.30</ele>
	<time>1970-01-01T00:00:00.000Z</time>
</trkpt>
<trkpt lat="47.3959632" lon="-0.2975167">
	<ele>27.50</ele>
	<time>1970-01-01T00:00:00.000Z</time>
</trkpt>
<trkpt lat="47.3953216" lon="-0.2958920">
	<ele>32.30</ele>
	<time>1970-01-01T00:00:00.000Z</time>
</trkpt>
<trkpt lat="47.3952059" lon="-0.2953152">
	<ele>32.60</ele>
	<time>1970-01-01T00:00:00.000Z</time>
</trkpt>
<trkpt lat="47.3952612" lon="-0.2938343">
	<ele>31.40</ele>
	<time>1970-01-01T00:00:00.000Z</time>
</trkpt>
<trkpt lat="47.3927183" lon="-0.2862952">
	<ele>32.90</ele>
	<time>1970-01-01T00:00:00.000Z</time>
</trkpt>
<trkpt lat="47.3924406" lon="-0.2845337">
	<ele>21.90</ele>
	<time>1970-01-01T00:00:00.000Z</time>
</trkpt>
<trkpt lat="47.3918495" lon="-0.2828585">
	<ele>15.90</ele>
	<time>1970-01-01T00:00:00.000Z</time>
</trkpt>
<trkpt lat="47.3917313" lon="-0.2826390">
	<ele>24.70</ele>
	<time>1970-01-04T20:34:17.138Z</time>
</trkpt>
<trkpt lat="47.3913612" lon="-0.2819630">
	<ele>25.18</ele>
	<time>1970-01-04T20:34:35.474Z</time>
</trkpt>
<trkpt lat="47.3906555" lon="-0.2808280">
	<ele>23.59</ele>
	<time>1970-01-04T20:35:06.474Z</time>
</trkpt>
<trkpt lat="47.3902817" lon="-0.2803010">
	<ele>25.01</ele>
	<time>1970-01-04T20:35:20.230Z</time>
</trkpt>
<trkpt lat="47.3902435" lon="-0.2802520">
	<ele>25.88</ele>
	<time>1970-01-04T20:35:21.706Z</time>
</trkpt>
<trkpt lat="47.3896523" lon="-0.2795460">
	<ele>26.04</ele>
	<time>1970-01-04T20:35:44.806Z</time>
</trkpt>
<trkpt lat="47.3892326" lon="-0.2790800">
	<ele>27.93</ele>
	<time>1970-01-04T20:35:59.968Z</time>
</trkpt>
<trkpt lat="47.3890038" lon="-0.2788460">
	<ele>27.05</ele>
	<time>1970-01-04T20:36:06.450Z</time>
</trkpt>
<trkpt lat="47.3887787" lon="-0.2786350">
	<ele>25.20</ele>
	<time>1970-01-04T20:36:12.008Z</time>
</trkpt>
<trkpt lat="47.3874588" lon="-0.2777250">
	<ele>25.84</ele>
	<time>1970-01-04T20:36:44.507Z</time>
</trkpt>
<trkpt lat="47.3869934" lon="-0.2773910">
	<ele>29.58</ele>
	<time>1970-01-04T20:36:56.526Z</time>
</trkpt>
<trkpt lat="47.3867416" lon="-0.2771870">
	<ele>25.77</ele>
	<time>1970-01-04T20:37:01.956Z</time>
</trkpt>
<trkpt lat="47.3864708" lon="-0.2769370">
	<ele>25.96</ele>
	<time>1970-01-04T20:37:08.038Z</time>
</trkpt>
<trkpt lat="47.3858643" lon="-0.2763530">
	<ele>27.13</ele>
	<time>1970-01-04T20:37:25.370Z</time>
</trkpt>
<trkpt lat="47.3855896" lon="-0.2761160">
	<ele>27.26</ele>
	<time>1970-01-04T20:37:36.564Z</time>
</trkpt>
<trkpt lat="47.3850021" lon="-0.2757000">
	<ele>26.13</ele>
	<time>1970-01-04T20:37:53.827Z</time>
</trkpt>
<trkpt lat="47.3846626" lon="-0.2754270">
	<ele>25.95</ele>
	<time>1970-01-04T20:37:59.008Z</time>
</trkpt>
<trkpt lat="47.3843269" lon="-0.2751130">
	<ele>25.67</ele>
	<time>1970-01-04T20:38:06.230Z</time>
</trkpt>
<trkpt lat="47.3840675" lon="-0.2748840">
	<ele>26.43</ele>
	<time>1970-01-04T20:38:14.256Z</time>
</trkpt>
<trkpt lat="47.3834877" lon="-0.2743580">
	<ele>26.06</ele>
	<time>1970-01-04T20:38:33.196Z</time>
</trkpt>
<trkpt lat="47.3830833" lon="-0.2740120">
	<ele>27.49</ele>
	<time>1970-01-04T20:38:46.508Z</time>
</trkpt>
<trkpt lat="47.3823013" lon="-0.2733580">
	<ele>27.29</ele>
	<time>1970-01-04T20:39:08.957Z</time>
</trkpt>
<trkpt lat="47.3820457" lon="-0.2731660">
	<ele>28.84</ele>
	<time>1970-01-04T20:39:14.780Z</time>
</trkpt>
<trkpt lat="47.3811264" lon="-0.2726020">
	<ele>28.94</ele>
	<time>1970-01-04T20:39:37.749Z</time>
</trkpt>
<trkpt lat="47.3806953" lon="-0.2723020">
	<ele>26.15</ele>
	<time>1970-01-04T20:39:43.580Z</time>
</trkpt>
<trkpt lat="47.3798027" lon="-0.2716380">
	<ele>27.13</ele>
	<time>1970-01-04T20:40:09.100Z</time>
</trkpt>
<trkpt lat="47.3794250" lon="-0.2713840">
	<ele>27.25</ele>
	<time>1970-01-04T20:40:15.829Z</time>
</trkpt>
<trkpt lat="47.3789558" lon="-0.2710940">
	<ele>27.92</ele>
	<time>1970-01-04T20:40:27.249Z</time>
</trkpt>
<trkpt lat="47.3786430" lon="-0.2708560">
	<ele>26.94</ele>
	<time>1970-01-04T20:40:36.999Z</time>
</trkpt>
<trkpt lat="47.3771439" lon="-0.2696750">
	<ele>27.68</ele>
	<time>1970-01-04T20:41:09.254Z</time>
</trkpt>
<trkpt lat="47.3768883" lon="-0.2694950">
	<ele>27.28</ele>
	<time>1970-01-04T20:41:16.747Z</time>
</trkpt>
<trkpt lat="47.3763618" lon="-0.2691630">
	<ele>27.50</ele>
	<time>1970-01-04T20:41:29.546Z</time>
</trkpt>
<trkpt lat="47.3759727" lon="-0.2689040">
	<ele>25.35</ele>
	<time>1970-01-04T20:41:40.659Z</time>
</trkpt>
<trkpt lat="47.3757019" lon="-0.2686990">
	<ele>26.22</ele>
	<time>1970-01-04T20:41:52.894Z</time>
</trkpt>
<trkpt lat="47.3743706" lon="-0.2676380">
	<ele>26.28</ele>
	<time>1970-01-04T20:42:14.712Z</time>
</trkpt>
<trkpt lat="47.3740196" lon="-0.2673170">
	<ele>26.98</ele>
	<time>1970-01-04T20:42:18.818Z</time>
</trkpt>
<trkpt lat="47.3734779" lon="-0.2667450">
	<ele>25.18</ele>
	<time>1970-01-04T20:42:24.738Z</time>
</trkpt>
<trkpt lat="47.3733902" lon="-0.2666500">
	<ele>24.75</ele>
	<time>1970-01-04T20:42:25.922Z</time>
</trkpt>
<trkpt lat="47.3732109" lon="-0.2664590">
	<ele>24.59</ele>
	<time>1970-01-04T20:42:27.922Z</time>
</trkpt>
<trkpt lat="47.3729820" lon="-0.2662170">
	<ele>23.78</ele>
	<time>1970-01-04T20:42:30.402Z</time>
</trkpt>
<trkpt lat="47.3728638" lon="-0.2661430">
	<ele>24.37</ele>
	<time>1970-01-04T20:42:31.522Z</time>
</trkpt>
<trkpt lat="47.3721657" lon="-0.2657100">
	<ele>24.45</ele>
	<time>1970-01-04T20:42:40.394Z</time>
</trkpt>
<trkpt lat="47.3719368" lon="-0.2655790">
	<ele>25.24</ele>
	<time>1970-01-04T20:42:43.798Z</time>
</trkpt>
<trkpt lat="47.3717422" lon="-0.2654430">
	<ele>24.35</ele>
	<time>1970-01-04T20:42:46.086Z</time>
</trkpt>
<trkpt lat="47.3716736" lon="-0.2653920">
	<ele>24.40</ele>
	<time>1970-01-04T20:42:46.972Z</time>
</trkpt>
<trkpt lat="47.3714981" lon="-0.2652370">
	<ele>24.25</ele>
	<time>1970-01-04T20:42:50.061Z</time>
</trkpt>
<trkpt lat="47.3711395" lon="-0.2650040">
	<ele>24.71</ele>
	<time>1970-01-04T20:42:57.391Z</time>
</trkpt>
<trkpt lat="47.3710098" lon="-0.2649090">
	<ele>24.85</ele>
	<time>1970-01-04T20:42:59.302Z</time>
</trkpt>
<trkpt lat="47.3705902" lon="-0.2645950">
	<ele>24.16</ele>
	<time>1970-01-04T20:43:06.372Z</time>
</trkpt>
<trkpt lat="47.3701630" lon="-0.2643000">
	<ele>24.69</ele>
	<time>1970-01-04T20:43:12.631Z</time>
</trkpt>
<trkpt lat="47.3697395" lon="-0.2640370">
	<ele>24.47</ele>
	<time>1970-01-04T20:43:20.165Z</time>
</trkpt>
<trkpt lat="47.3693848" lon="-0.2638040">
	<ele>25.00</ele>
	<time>1970-01-04T20:43:24.599Z</time>
</trkpt>
<trkpt lat="47.3688354" lon="-0.2634860">
	<ele>24.81</ele>
	<time>1970-01-04T20:43:34.283Z</time>
</trkpt>
<trkpt lat="47.3687134" lon="-0.2634250">
	<ele>24.88</ele>
	<time>1970-01-04T20:43:35.626Z</time>
</trkpt>
<trkpt lat="47.3685341" lon="-0.2633640">
	<ele>25.30</ele>
	<time>1970-01-04T20:43:38.610Z</time>
</trkpt>
<trkpt lat="47.3681107" lon="-0.2632840">
	<ele>25.29</ele>
	<time>1970-01-04T20:43:49.462Z</time>
</trkpt>
<trkpt lat="47.3677292" lon="-0.2632120">
	<ele>24.03</ele>
	<time>1970-01-04T20:43:56.890Z</time>
</trkpt>
<trkpt lat="47.3670998" lon="-0.2631300">
	<ele>24.06</ele>
	<time>1970-01-04T20:44:05.976Z</time>
</trkpt>
<trkpt lat="47.3666649" lon="-0.2630890">
	<ele>24.32</ele>
	<time>1970-01-04T20:44:11.893Z</time>
</trkpt>
<trkpt lat="47.3662605" lon="-0.2630430">
	<ele>24.94</ele>
	<time>1970-01-04T20:44:18.269Z</time>
</trkpt>
<trkpt lat="47.3659248" lon="-0.2630570">
	<ele>25.01</ele>
	<time>1970-01-04T20:44:24.812Z</time>
</trkpt>
<trkpt lat="47.3656197" lon="-0.2630640">
	<ele>25.08</ele>
	<time>1970-01-04T20:44:30.722Z</time>
</trkpt>
<trkpt lat="47.3647728" lon="-0.2629560">
	<ele>23.27</ele>
	<time>1970-01-04T20:44:45.591Z</time>
</trkpt>
<trkpt lat="47.3646088" lon="-0.2629280">
	<ele>23.26</ele>
	<time>1970-01-04T20:44:48.492Z</time>
</trkpt>
<trkpt lat="47.3640747" lon="-0.2628360">
	<ele>23.48</ele>
	<time>1970-01-04T20:44:58.784Z</time>
</trkpt>
<trkpt lat="47.3639183" lon="-0.2627730">
	<ele>23.92</ele>
	<time>1970-01-04T20:45:01.661Z</time>
</trkpt>
<trkpt lat="47.3637238" lon="-0.2626930">
	<ele>23.99</ele>
	<time>1970-01-04T20:45:05.368Z</time>
</trkpt>
<trkpt lat="47.3633766" lon="-0.2625680">
	<ele>24.08</ele>
	<time>1970-01-04T20:45:12.251Z</time>
</trkpt>
<trkpt lat="47.3631439" lon="-0.2624650">
	<ele>23.99</ele>
	<time>1970-01-04T20:45:16.593Z</time>
</trkpt>
<trkpt lat="47.3628235" lon="-0.2622880">
	<ele>24.03</ele>
	<time>1970-01-04T20:45:22.437Z</time>
</trkpt>
<trkpt lat="47.3625679" lon="-0.2621340">
	<ele>24.03</ele>
	<time>1970-01-04T20:45:27.321Z</time>
</trkpt>
<trkpt lat="47.3624878" lon="-0.2620840">
	<ele>24.14</ele>
	<time>1970-01-04T20:45:29.019Z</time>
</trkpt>
<trkpt lat="47.3619232" lon="-0.2616580">
	<ele>25.09</ele>
	<time>1970-01-04T20:45:45.050Z</time>
</trkpt>
<trkpt lat="47.3613091" lon="-0.2612650">
	<ele>25.11</ele>
	<time>1970-01-04T20:45:59.635Z</time>
</trkpt>
<trkpt lat="47.3610382" lon="-0.2610650">
	<ele>25.04</ele>
	<time>1970-01-04T20:46:10.081Z</time>
</trkpt>
<trkpt lat="47.3607864" lon="-0.2608600">
	<ele>24.72</ele>
	<time>1970-01-04T20:46:17.961Z</time>
</trkpt>
<trkpt lat="47.3605232" lon="-0.2606210">
	<ele>24.90</ele>
	<time>1970-01-04T20:46:25.472Z</time>
</trkpt>
<trkpt lat="47.3602867" lon="-0.2603890">
	<ele>25.09</ele>
	<time>1970-01-04T20:46:32.001Z</time>
</trkpt>
<trkpt lat="47.3601265" lon="-0.2601920">
	<ele>25.30</ele>
	<time>1970-01-04T20:46:36.469Z</time>
</trkpt>
<trkpt lat="47.3599815" lon="-0.2599630">
	<ele>24.73</ele>
	<time>1970-01-04T20:46:40.712Z</time>
</trkpt>
<trkpt lat="47.3598480" lon="-0.2597710">
	<ele>24.41</ele>
	<time>1970-01-04T20:46:44.382Z</time>
</trkpt>
<trkpt lat="47.3597221" lon="-0.2596130">
	<ele>24.83</ele>
	<time>1970-01-04T20:46:47.502Z</time>
</trkpt>
<trkpt lat="47.3591118" lon="-0.2589140">
	<ele>24.28</ele>
	<time>1970-01-04T20:46:58.884Z</time>
</trkpt>
<trkpt lat="47.3587265" lon="-0.2584890">
	<ele>24.04</ele>
	<time>1970-01-04T20:47:06.745Z</time>
</trkpt>
<trkpt lat="47.3585472" lon="-0.2582620">
	<ele>23.91</ele>
	<time>1970-01-04T20:47:10.754Z</time>
</trkpt>
<trkpt lat="47.3584900" lon="-0.2581760">
	<ele>23.74</ele>
	<time>1970-01-04T20:47:12.160Z</time>
</trkpt>
<trkpt lat="47.3582840" lon="-0.2578590">
	<ele>23.35</ele>
	<time>1970-01-04T20:47:17.377Z</time>
</trkpt>
<trkpt lat="47.3578415" lon="-0.2569960">
	<ele>23.89</ele>
	<time>1970-01-04T20:47:29.011Z</time>
</trkpt>
<trkpt lat="47.3577957" lon="-0.2569240">
	<ele>23.92</ele>
	<time>1970-01-04T20:47:30.065Z</time>
</trkpt>
<trkpt lat="47.3575363" lon="-0.2565000">
	<ele>23.91</ele>
	<time>1970-01-04T20:47:35.763Z</time>
</trkpt>
<trkpt lat="47.3569756" lon="-0.2550470">
	<ele>23.92</ele>
	<time>1970-01-04T20:47:53.332Z</time>
</trkpt>
<trkpt lat="47.3567810" lon="-0.2545620">
	<ele>23.72</ele>
	<time>1970-01-04T20:48:00.360Z</time>
</trkpt>
<trkpt lat="47.3564987" lon="-0.2539220">
	<ele>24.72</ele>
	<time>1970-01-04T20:48:14.249Z</time>
</trkpt>
<trkpt lat="47.3564186" lon="-0.2537420">
	<ele>24.36</ele>
	<time>1970-01-04T20:48:18.140Z</time>
</trkpt>
<trkpt lat="47.3563461" lon="-0.2536040">
	<ele>24.28</ele>
	<time>1970-01-04T20:48:21.562Z</time>
</trkpt>
<trkpt lat="47.3561554" lon="-0.2533120">
	<ele>24.59</ele>
	<time>1970-01-04T20:48:29.974Z</time>
</trkpt>
<trkpt lat="47.3560333" lon="-0.2530960">
	<ele>24.89</ele>
	<time>1970-01-04T20:48:34.771Z</time>
</trkpt>
<trkpt lat="47.3558655" lon="-0.2527280">
	<ele>25.39</ele>
	<time>1970-01-04T20:48:40.615Z</time>
</trkpt>
<trkpt lat="47.3556976" lon="-0.2523900">
	<ele>24.66</ele>
	<time>1970-01-04T20:48:45.583Z</time>
</trkpt>
<trkpt lat="47.3555260" lon="-0.2520890">
	<ele>24.27</ele>
	<time>1970-01-04T20:48:50.072Z</time>
</trkpt>
<trkpt lat="47.3549805" lon="-0.2512690">
	<ele>25.59</ele>
	<time>1970-01-04T20:49:10.818Z</time>
</trkpt>
<trkpt lat="47.3548698" lon="-0.2511140">
	<ele>26.89</ele>
	<time>1970-01-04T20:49:15.608Z</time>
</trkpt>
<trkpt lat="47.3547401" lon="-0.2509670">
	<ele>28.11</ele>
	<time>1970-01-04T20:49:21.849Z</time>
</trkpt>
<trkpt lat="47.3541298" lon="-0.2504550">
	<ele>26.37</ele>
	<time>1970-01-04T20:49:42.950Z</time>
</trkpt>
<trkpt lat="47.3535500" lon="-0.2500210">
	<ele>26.86</ele>
	<time>1970-01-04T20:49:58.060Z</time>
</trkpt>
<trkpt lat="47.3532906" lon="-0.2497610">
	<ele>26.09</ele>
	<time>1970-01-04T20:50:07.025Z</time>
</trkpt>
<trkpt lat="47.3528404" lon="-0.2492710">
	<ele>24.86</ele>
	<time>1970-01-04T20:50:21.282Z</time>
</trkpt>
<trkpt lat="47.3524361" lon="-0.2487760">
	<ele>25.32</ele>
	<time>1970-01-04T20:50:29.743Z</time>
</trkpt>
<trkpt lat="47.3520966" lon="-0.2483050">
	<ele>24.73</ele>
	<time>1970-01-04T20:50:35.417Z</time>
</trkpt>
<trkpt lat="47.3519211" lon="-0.2479860">
	<ele>25.71</ele>
	<time>1970-01-04T20:50:39.652Z</time>
</trkpt>
<trkpt lat="47.3517036" lon="-0.2475680">
	<ele>25.81</ele>
	<time>1970-01-04T20:50:47.283Z</time>
</trkpt>
<trkpt lat="47.3515701" lon="-0.2473100">
	<ele>26.79</ele>
	<time>1970-01-04T20:50:54.085Z</time>
</trkpt>
<trkpt lat="47.3512611" lon="-0.2466500">
	<ele>29.11</ele>
	<time>1970-01-04T20:51:21.044Z</time>
</trkpt>
<trkpt lat="47.3505745" lon="-0.2453130">
	<ele>27.99</ele>
	<time>1970-01-04T20:51:52.961Z</time>
</trkpt>
<trkpt lat="47.3502541" lon="-0.2446310">
	<ele>27.41</ele>
	<time>1970-01-04T20:52:03.425Z</time>
</trkpt>
<trkpt lat="47.3501587" lon="-0.2444720">
	<ele>27.56</ele>
	<time>1970-01-04T20:52:06.453Z</time>
</trkpt>
<trkpt lat="47.3500595" lon="-0.2443430">
	<ele>27.72</ele>
	<time>1970-01-04T20:52:09.633Z</time>
</trkpt>
<trkpt lat="47.3486443" lon="-0.2426940">
	<ele>29.23</ele>
	<time>1970-01-04T20:52:55.317Z</time>
</trkpt>
<trkpt lat="47.3482246" lon="-0.2421320">
	<ele>26.96</ele>
	<time>1970-01-04T20:53:02.532Z</time>
</trkpt>
<trkpt lat="47.3478851" lon="-0.2416260">
	<ele>27.25</ele>
	<time>1970-01-04T20:53:11.276Z</time>
</trkpt>
<trkpt lat="47.3477020" lon="-0.2412710">
	<ele>25.46</ele>
	<time>1970-01-04T20:53:15.777Z</time>
</trkpt>
<trkpt lat="47.3475151" lon="-0.2408660">
	<ele>25.24</ele>
	<time>1970-01-04T20:53:18.888Z</time>
</trkpt>
<trkpt lat="47.3473396" lon="-0.2404210">
	<ele>25.80</ele>
	<time>1970-01-04T20:53:23.012Z</time>
</trkpt>
<trkpt lat="47.3469696" lon="-0.2394220">
	<ele>24.63</ele>
	<time>1970-01-04T20:53:30.861Z</time>
</trkpt>
<trkpt lat="47.3465729" lon="-0.2384460">
	<ele>25.13</ele>
	<time>1970-01-04T20:53:38.938Z</time>
</trkpt>
<trkpt lat="47.3462296" lon="-0.2376110">
	<ele>24.74</ele>
	<time>1970-01-04T20:53:46.650Z</time>
</trkpt>
<trkpt lat="47.3461151" lon="-0.2373620">
	<ele>24.47</ele>
	<time>1970-01-04T20:53:50.123Z</time>
</trkpt>
<trkpt lat="47.3460007" lon="-0.2371350">
	<ele>24.98</ele>
	<time>1970-01-04T20:53:52.502Z</time>
</trkpt>
<trkpt lat="47.3455887" lon="-0.2364000">
	<ele>24.67</ele>
	<time>1970-01-04T20:54:13.260Z</time>
</trkpt>
<trkpt lat="47.3454895" lon="-0.2361900">
	<ele>25.52</ele>
	<time>1970-01-04T20:54:17.740Z</time>
</trkpt>
<trkpt lat="47.3453979" lon="-0.2359790">
	<ele>26.62</ele>
	<time>1970-01-04T20:54:21.447Z</time>
</trkpt>
<trkpt lat="47.3449516" lon="-0.2348670">
	<ele>25.86</ele>
	<time>1970-01-04T20:54:40.169Z</time>
</trkpt>
<trkpt lat="47.3444901" lon="-0.2337590">
	<ele>26.23</ele>
	<time>1970-01-04T20:55:07.034Z</time>
</trkpt>
<trkpt lat="47.3442116" lon="-0.2331060">
	<ele>25.75</ele>
	<time>1970-01-04T20:55:17.340Z</time>
</trkpt>
<trkpt lat="47.3438072" lon="-0.2321560">
	<ele>28.21</ele>
	<time>1970-01-04T20:55:36.819Z</time>
</trkpt>
<trkpt lat="47.3437309" lon="-0.2319770">
	<ele>28.61</ele>
	<time>1970-01-04T20:55:39.640Z</time>
</trkpt>
<trkpt lat="47.3437004" lon="-0.2319120">
	<ele>28.58</ele>
	<time>1970-01-04T20:55:40.624Z</time>
</trkpt>
<trkpt lat="47.3436699" lon="-0.2318750">
	<ele>28.48</ele>
	<time>1970-01-04T20:55:41.281Z</time>
</trkpt>
<trkpt lat="47.3433342" lon="-0.2314730">
	<ele>27.56</ele>
	<time>1970-01-04T20:55:48.410Z</time>
</trkpt>
<trkpt lat="47.3431892" lon="-0.2313070">
	<ele>26.63</ele>
	<time>1970-01-04T20:55:51.014Z</time>
</trkpt>
<trkpt lat="47.3429375" lon="-0.2310490">
	<ele>26.43</ele>
	<time>1970-01-04T20:55:54.386Z</time>
</trkpt>
<trkpt lat="47.3428383" lon="-0.2309900">
	<ele>26.85</ele>
	<time>1970-01-04T20:55:55.582Z</time>
</trkpt>
<trkpt lat="47.3424606" lon="-0.2305640">
	<ele>26.06</ele>
	<time>1970-01-04T20:56:00.917Z</time>
</trkpt>
<trkpt lat="47.3422318" lon="-0.2302680">
	<ele>24.96</ele>
	<time>1970-01-04T20:56:04.898Z</time>
</trkpt>
<trkpt lat="47.3421745" lon="-0.2301600">
	<ele>24.72</ele>
	<time>1970-01-04T20:56:06.144Z</time>
</trkpt>
<trkpt lat="47.3420715" lon="-0.2297920">
	<ele>24.20</ele>
	<time>1970-01-04T20:56:09.715Z</time>
</trkpt>
<trkpt lat="47.3420639" lon="-0.2297640">
	<ele>24.14</ele>
	<time>1970-01-04T20:56:09.964Z</time>
</trkpt>
<trkpt lat="47.3420944" lon="-0.2297410">
	<ele>24.10</ele>
	<time>1970-01-04T20:56:10.466Z</time>
</trkpt>
<trkpt lat="47.3425064" lon="-0.2293220">
	<ele>22.96</ele>
	<time>1970-01-04T20:56:17.965Z</time>
</trkpt>
</trkseg>
</trk>
</gpx>
