<?xml version="1.0" encoding="utf-8" standalone="yes"?>
<gpx version="1.1" creator="Locus Map, Android"
 xmlns="http://www.topografix.com/GPX/1/1"
 xmlns:xsi="http://www.w3.org/2001/XMLSchema-instance"
 xsi:schemaLocation="http://www.topografix.com/GPX/1/1 http://www.topografix.com/GPX/1/1/gpx.xsd"
 xmlns:gpxx="http://www.garmin.com/xmlschemas/GpxExtensions/v3"
 xmlns:gpxtrkx="http://www.garmin.com/xmlschemas/TrackStatsExtension/v1"
 xmlns:gpxtpx="http://www.garmin.com/xmlschemas/TrackPointExtension/v2"
 xmlns:locus="https://www.locusmap.app">
	<metadata>
		<desc>File with points/tracks from Locus Map/4.35.0</desc>
		<time>2026-08-15T06:17:24.948Z</time>
	</metadata>
<trk>
	<name>FR_18</name>
	<extensions>
		<line xmlns="http://www.topografix.com/GPX/gpx_style/0/2">
			<color>D700D7</color>
			<opacity>0.59</opacity>
			<width>6.0</width>
			<extensions>
				<locus:lsColorBase>#96D700D7</locus:lsColorBase>
				<locus:lsWidth>6.0</locus:lsWidth>
				<locus:lsUnits>PIXELS</locus:lsUnits>
			</extensions>
		</line>
		<locus:activity>cycling</locus:activity>
		<locus:rteComputeType>103</locus:rteComputeType>
	</extensions>
<trkseg>
<trkpt lat="47.2656631" lon="6.0712962">
	<ele>245.93</ele>
	<time>1970-01-01T00:00:00.000Z</time>
</trkpt>
<trkpt lat="47.2656860" lon="6.0713568">
	<ele>245.89</ele>
	<time>1970-01-01T00:00:00.835Z</time>
</trkpt>
<trkpt lat="47.2657242" lon="6.0714669">
	<ele>245.86</ele>
	<time>1970-01-01T00:00:02.339Z</time>
</trkpt>
<trkpt lat="47.2658005" lon="6.0715818">
	<ele>245.94</ele>
	<time>1970-01-01T00:00:04.222Z</time>
</trkpt>
<trkpt lat="47.2657967" lon="6.0716181">
	<ele>245.94</ele>
	<time>1970-01-01T00:00:04.695Z</time>
</trkpt>
<trkpt lat="47.2658005" lon="6.0716519">
	<ele>245.95</ele>
	<time>1970-01-01T00:00:05.168Z</time>
</trkpt>
<trkpt lat="47.2658157" lon="6.0716810">
	<ele>245.97</ele>
	<time>1970-01-01T00:00:05.643Z</time>
</trkpt>
<trkpt lat="47.2658348" lon="6.0717001">
	<ele>246.00</ele>
	<time>1970-01-01T00:00:06.118Z</time>
</trkpt>
<trkpt lat="47.2658615" lon="6.0717058">
	<ele>246.05</ele>
	<time>1970-01-01T00:00:06.593Z</time>
</trkpt>
<trkpt lat="47.2658844" lon="6.0716982">
	<ele>246.12</ele>
	<time>1970-01-01T00:00:07.070Z</time>
</trkpt>
<trkpt lat="47.2659035" lon="6.0716772">
	<ele>246.20</ele>
	<time>1970-01-01T00:00:07.547Z</time>
</trkpt>
<trkpt lat="47.2659149" lon="6.0716472">
	<ele>246.27</ele>
	<time>1970-01-01T00:00:08.025Z</time>
</trkpt>
<trkpt lat="47.2659531" lon="6.0717592">
	<ele>246.23</ele>
	<time>1970-01-01T00:00:09.559Z</time>
</trkpt>
<trkpt lat="47.2663727" lon="6.0730748">
	<ele>246.94</ele>
	<time>1970-01-01T00:00:33.583Z</time>
</trkpt>
<trkpt lat="47.2664185" lon="6.0732250">
	<ele>247.17</ele>
	<time>1970-01-01T00:00:36.072Z</time>
</trkpt>
<trkpt lat="47.2665634" lon="6.0732369">
	<ele>248.31</ele>
	<time>1970-01-01T00:00:39.080Z</time>
</trkpt>
<trkpt lat="47.2666130" lon="6.0732632">
	<ele>248.73</ele>
	<time>1970-01-01T00:00:40.273Z</time>
</trkpt>
<trkpt lat="47.2667503" lon="6.0736890">
	<ele>247.03</ele>
	<time>1970-01-01T00:00:47.200Z</time>
</trkpt>
<trkpt lat="47.2668610" lon="6.0739398">
	<ele>248.35</ele>
	<time>1970-01-01T00:00:51.466Z</time>
</trkpt>
<trkpt lat="47.2669563" lon="6.0741329">
	<ele>248.20</ele>
	<time>1970-01-01T00:00:54.739Z</time>
</trkpt>
<trkpt lat="47.2670937" lon="6.0744338">
	<ele>247.11</ele>
	<time>1970-01-01T00:00:59.282Z</time>
</trkpt>
<trkpt lat="47.2672501" lon="6.0747299">
	<ele>247.97</ele>
	<time>1970-01-01T00:01:03.718Z</time>
</trkpt>
<trkpt lat="47.2674942" lon="6.0751309">
	<ele>247.66</ele>
	<time>1970-01-01T00:01:09.361Z</time>
</trkpt>
<trkpt lat="47.2677155" lon="6.0754399">
	<ele>248.10</ele>
	<time>1970-01-01T00:01:13.445Z</time>
</trkpt>
<trkpt lat="47.2680473" lon="6.0758362">
	<ele>247.94</ele>
	<time>1970-01-01T00:01:18.521Z</time>
</trkpt>
<trkpt lat="47.2688446" lon="6.0766559">
	<ele>247.77</ele>
	<time>1970-01-01T00:01:35.844Z</time>
</trkpt>
<trkpt lat="47.2690735" lon="6.0769119">
	<ele>247.41</ele>
	<time>1970-01-01T00:01:41.744Z</time>
</trkpt>
<trkpt lat="47.2694092" lon="6.0773292">
	<ele>247.99</ele>
	<time>1970-01-01T00:01:53.310Z</time>
</trkpt>
<trkpt lat="47.2697182" lon="6.0777702">
	<ele>248.02</ele>
	<time>1970-01-01T00:02:03.799Z</time>
</trkpt>
<trkpt lat="47.2699585" lon="6.0781450">
	<ele>248.34</ele>
	<time>1970-01-01T00:02:11.539Z</time>
</trkpt>
<trkpt lat="47.2702599" lon="6.0787230">
	<ele>248.37</ele>
	<time>1970-01-01T00:02:19.090Z</time>
</trkpt>
<trkpt lat="47.2704468" lon="6.0791450">
	<ele>248.60</ele>
	<time>1970-01-01T00:02:23.708Z</time>
</trkpt>
<trkpt lat="47.2706337" lon="6.0796118">
	<ele>247.76</ele>
	<time>1970-01-01T00:02:29.457Z</time>
</trkpt>
<trkpt lat="47.2707748" lon="6.0800261">
	<ele>248.88</ele>
	<time>1970-01-01T00:02:36.356Z</time>
</trkpt>
<trkpt lat="47.2708893" lon="6.0804000">
	<ele>247.39</ele>
	<time>1970-01-01T00:02:42.184Z</time>
</trkpt>
<trkpt lat="47.2709923" lon="6.0807991">
	<ele>248.33</ele>
	<time>1970-01-01T00:02:47.673Z</time>
</trkpt>
<trkpt lat="47.2710838" lon="6.0812082">
	<ele>249.08</ele>
	<time>1970-01-01T00:02:53.293Z</time>
</trkpt>
<trkpt lat="47.2711830" lon="6.0817590">
	<ele>246.55</ele>
	<time>1970-01-01T00:03:00.572Z</time>
</trkpt>
<trkpt lat="47.2712822" lon="6.0825701">
	<ele>248.58</ele>
	<time>1970-01-01T00:03:08.816Z</time>
</trkpt>
<trkpt lat="47.2713470" lon="6.0832229">
	<ele>248.96</ele>
	<time>1970-01-01T00:03:14.664Z</time>
</trkpt>
<trkpt lat="47.2713814" lon="6.0838642">
	<ele>248.02</ele>
	<time>1970-01-01T00:03:21.813Z</time>
</trkpt>
<trkpt lat="47.2713699" lon="6.0840588">
	<ele>248.54</ele>
	<time>1970-01-01T00:03:24.226Z</time>
</trkpt>
<trkpt lat="47.2713432" lon="6.0842319">
	<ele>248.83</ele>
	<time>1970-01-01T00:03:26.467Z</time>
</trkpt>
<trkpt lat="47.2713051" lon="6.0843639">
	<ele>248.64</ele>
	<time>1970-01-01T00:03:28.485Z</time>
</trkpt>
<trkpt lat="47.2712173" lon="6.0845041">
	<ele>248.37</ele>
	<time>1970-01-01T00:03:31.197Z</time>
</trkpt>
<trkpt lat="47.2712212" lon="6.0845628">
	<ele>248.41</ele>
	<time>1970-01-01T00:03:31.962Z</time>
</trkpt>
<trkpt lat="47.2711105" lon="6.0846438">
	<ele>248.03</ele>
	<time>1970-01-01T00:03:34.789Z</time>
</trkpt>
<trkpt lat="47.2710037" lon="6.0847340">
	<ele>247.89</ele>
	<time>1970-01-01T00:03:37.546Z</time>
</trkpt>
<trkpt lat="47.2708588" lon="6.0847740">
	<ele>248.09</ele>
	<time>1970-01-01T00:03:40.610Z</time>
</trkpt>
<trkpt lat="47.2707825" lon="6.0847840">
	<ele>248.37</ele>
	<time>1970-01-01T00:03:42.039Z</time>
</trkpt>
<trkpt lat="47.2708130" lon="6.0848360">
	<ele>248.45</ele>
	<time>1970-01-01T00:03:42.991Z</time>
</trkpt>
<trkpt lat="47.2708130" lon="6.0848818">
	<ele>248.65</ele>
	<time>1970-01-01T00:03:43.559Z</time>
</trkpt>
<trkpt lat="47.2708206" lon="6.0850081">
	<ele>249.04</ele>
	<time>1970-01-01T00:03:45.439Z</time>
</trkpt>
<trkpt lat="47.2708359" lon="6.0851851">
	<ele>249.11</ele>
	<time>1970-01-01T00:03:48.212Z</time>
</trkpt>
<trkpt lat="47.2708969" lon="6.0856829">
	<ele>247.21</ele>
	<time>1970-01-01T00:03:55.041Z</time>
</trkpt>
<trkpt lat="47.2709122" lon="6.0860300">
	<ele>247.44</ele>
	<time>1970-01-01T00:03:59.352Z</time>
</trkpt>
<trkpt lat="47.2709160" lon="6.0863171">
	<ele>247.60</ele>
	<time>1970-01-01T00:04:02.424Z</time>
</trkpt>
<trkpt lat="47.2709122" lon="6.0867820">
	<ele>247.60</ele>
	<time>1970-01-01T00:04:07.031Z</time>
</trkpt>
<trkpt lat="47.2708817" lon="6.0872588">
	<ele>247.74</ele>
	<time>1970-01-01T00:04:12.666Z</time>
</trkpt>
<trkpt lat="47.2708435" lon="6.0875969">
	<ele>248.00</ele>
	<time>1970-01-01T00:04:17.060Z</time>
</trkpt>
<trkpt lat="47.2707443" lon="6.0882640">
	<ele>247.34</ele>
	<time>1970-01-01T00:04:29.914Z</time>
</trkpt>
<trkpt lat="47.2704620" lon="6.0901728">
	<ele>246.65</ele>
	<time>1970-01-01T00:04:55.773Z</time>
</trkpt>
<trkpt lat="47.2702637" lon="6.0914969">
	<ele>248.09</ele>
	<time>1970-01-01T00:05:18.455Z</time>
</trkpt>
<trkpt lat="47.2701187" lon="6.0924282">
	<ele>246.67</ele>
	<time>1970-01-01T00:05:34.913Z</time>
</trkpt>
<trkpt lat="47.2699890" lon="6.0933599">
	<ele>249.10</ele>
	<time>1970-01-01T00:05:46.966Z</time>
</trkpt>
<trkpt lat="47.2698669" lon="6.0944562">
	<ele>247.57</ele>
	<time>1970-01-01T00:06:05.661Z</time>
</trkpt>
<trkpt lat="47.2698364" lon="6.0948572">
	<ele>246.97</ele>
	<time>1970-01-01T00:06:11.026Z</time>
</trkpt>
<trkpt lat="47.2698250" lon="6.0952611">
	<ele>247.00</ele>
	<time>1970-01-01T00:06:15.283Z</time>
</trkpt>
<trkpt lat="47.2698097" lon="6.0959730">
	<ele>247.00</ele>
	<time>1970-01-01T00:06:20.974Z</time>
</trkpt>
<trkpt lat="47.2698212" lon="6.0966830">
	<ele>247.00</ele>
	<time>1970-01-01T00:06:27.185Z</time>
</trkpt>
<trkpt lat="47.2698860" lon="6.0978050">
	<ele>247.01</ele>
	<time>1970-01-01T00:06:40.900Z</time>
</trkpt>
<trkpt lat="47.2699203" lon="6.0985522">
	<ele>248.20</ele>
	<time>1970-01-01T00:06:50.764Z</time>
</trkpt>
<trkpt lat="47.2699242" lon="6.0988140">
	<ele>247.45</ele>
	<time>1970-01-01T00:06:54.648Z</time>
</trkpt>
<trkpt lat="47.2699203" lon="6.0990739">
	<ele>247.24</ele>
	<time>1970-01-01T00:06:59.230Z</time>
</trkpt>
<trkpt lat="47.2699013" lon="6.0994639">
	<ele>247.36</ele>
	<time>1970-01-01T00:07:06.046Z</time>
</trkpt>
<trkpt lat="47.2698746" lon="6.0998530">
	<ele>247.18</ele>
	<time>1970-01-01T00:07:12.336Z</time>
</trkpt>
<trkpt lat="47.2698097" lon="6.1003590">
	<ele>247.76</ele>
	<time>1970-01-01T00:07:21.460Z</time>
</trkpt>
<trkpt lat="47.2696800" lon="6.1011109">
	<ele>249.16</ele>
	<time>1970-01-01T00:07:34.255Z</time>
</trkpt>
<trkpt lat="47.2692947" lon="6.1032772">
	<ele>247.00</ele>
	<time>1970-01-01T00:08:00.658Z</time>
</trkpt>
<trkpt lat="47.2691689" lon="6.1040802">
	<ele>249.13</ele>
	<time>1970-01-01T00:08:10.802Z</time>
</trkpt>
<trkpt lat="47.2691116" lon="6.1045022">
	<ele>248.01</ele>
	<time>1970-01-01T00:08:16.925Z</time>
</trkpt>
<trkpt lat="47.2690468" lon="6.1052279">
	<ele>246.99</ele>
	<time>1970-01-01T00:08:27.887Z</time>
</trkpt>
<trkpt lat="47.2690163" lon="6.1058388">
	<ele>246.93</ele>
	<time>1970-01-01T00:08:35.128Z</time>
</trkpt>
<trkpt lat="47.2690163" lon="6.1067410">
	<ele>246.93</ele>
	<time>1970-01-01T00:08:46.108Z</time>
</trkpt>
<trkpt lat="47.2690392" lon="6.1076522">
	<ele>247.29</ele>
	<time>1970-01-01T00:08:58.010Z</time>
</trkpt>
<trkpt lat="47.2690582" lon="6.1080070">
	<ele>247.65</ele>
	<time>1970-01-01T00:09:02.345Z</time>
</trkpt>
<trkpt lat="47.2690964" lon="6.1084118">
	<ele>248.35</ele>
	<time>1970-01-01T00:09:07.372Z</time>
</trkpt>
<trkpt lat="47.2691422" lon="6.1088729">
	<ele>249.10</ele>
	<time>1970-01-01T00:09:13.801Z</time>
</trkpt>
<trkpt lat="47.2692299" lon="6.1095648">
	<ele>247.96</ele>
	<time>1970-01-01T00:09:23.741Z</time>
</trkpt>
<trkpt lat="47.2692833" lon="6.1099391">
	<ele>246.82</ele>
	<time>1970-01-01T00:09:28.662Z</time>
</trkpt>
<trkpt lat="47.2693481" lon="6.1103148">
	<ele>248.07</ele>
	<time>1970-01-01T00:09:33.564Z</time>
</trkpt>
<trkpt lat="47.2695007" lon="6.1109328">
	<ele>248.70</ele>
	<time>1970-01-01T00:09:42.958Z</time>
</trkpt>
<trkpt lat="47.2695923" lon="6.1112809">
	<ele>247.54</ele>
	<time>1970-01-01T00:09:47.721Z</time>
</trkpt>
<trkpt lat="47.2696915" lon="6.1116128">
	<ele>248.95</ele>
	<time>1970-01-01T00:09:52.294Z</time>
</trkpt>
<trkpt lat="47.2698364" lon="6.1120319">
	<ele>247.65</ele>
	<time>1970-01-01T00:09:58.036Z</time>
</trkpt>
<trkpt lat="47.2699890" lon="6.1124382">
	<ele>248.97</ele>
	<time>1970-01-01T00:10:04.028Z</time>
</trkpt>
<trkpt lat="47.2701378" lon="6.1127820">
	<ele>247.37</ele>
	<time>1970-01-01T00:10:09.623Z</time>
</trkpt>
<trkpt lat="47.2703018" lon="6.1131248">
	<ele>248.58</ele>
	<time>1970-01-01T00:10:15.628Z</time>
</trkpt>
<trkpt lat="47.2705154" lon="6.1135230">
	<ele>249.15</ele>
	<time>1970-01-01T00:10:22.932Z</time>
</trkpt>
<trkpt lat="47.2706146" lon="6.1136951">
	<ele>248.32</ele>
	<time>1970-01-01T00:10:26.088Z</time>
</trkpt>
<trkpt lat="47.2708626" lon="6.1140790">
	<ele>248.34</ele>
	<time>1970-01-01T00:10:33.757Z</time>
</trkpt>
<trkpt lat="47.2709885" lon="6.1142602">
	<ele>247.88</ele>
	<time>1970-01-01T00:10:37.226Z</time>
</trkpt>
<trkpt lat="47.2712135" lon="6.1145382">
	<ele>249.04</ele>
	<time>1970-01-01T00:10:42.583Z</time>
</trkpt>
<trkpt lat="47.2714539" lon="6.1147962">
	<ele>249.58</ele>
	<time>1970-01-01T00:10:47.983Z</time>
</trkpt>
<trkpt lat="47.2718163" lon="6.1151628">
	<ele>249.07</ele>
	<time>1970-01-01T00:10:56.056Z</time>
</trkpt>
<trkpt lat="47.2721291" lon="6.1154652">
	<ele>248.49</ele>
	<time>1970-01-01T00:11:01.454Z</time>
</trkpt>
<trkpt lat="47.2722321" lon="6.1155519">
	<ele>249.02</ele>
	<time>1970-01-01T00:11:03.133Z</time>
</trkpt>
<trkpt lat="47.2724495" lon="6.1157470">
	<ele>248.64</ele>
	<time>1970-01-01T00:11:06.410Z</time>
</trkpt>
<trkpt lat="47.2727203" lon="6.1160378">
	<ele>249.49</ele>
	<time>1970-01-01T00:11:12.197Z</time>
</trkpt>
<trkpt lat="47.2728310" lon="6.1161208">
	<ele>249.98</ele>
	<time>1970-01-01T00:11:14.893Z</time>
</trkpt>
<trkpt lat="47.2729301" lon="6.1162138">
	<ele>249.34</ele>
	<time>1970-01-01T00:11:17.702Z</time>
</trkpt>
<trkpt lat="47.2730980" lon="6.1163831">
	<ele>249.17</ele>
	<time>1970-01-01T00:11:23.454Z</time>
</trkpt>
<trkpt lat="47.2731934" lon="6.1165061">
	<ele>249.23</ele>
	<time>1970-01-01T00:11:26.945Z</time>
</trkpt>
<trkpt lat="47.2734451" lon="6.1168242">
	<ele>248.96</ele>
	<time>1970-01-01T00:11:38.133Z</time>
</trkpt>
<trkpt lat="47.2737045" lon="6.1171222">
	<ele>248.82</ele>
	<time>1970-01-01T00:11:49.805Z</time>
</trkpt>
<trkpt lat="47.2737808" lon="6.1171970">
	<ele>248.91</ele>
	<time>1970-01-01T00:11:52.762Z</time>
</trkpt>
<trkpt lat="47.2739944" lon="6.1173940">
	<ele>249.27</ele>
	<time>1970-01-01T00:12:01.219Z</time>
</trkpt>
<trkpt lat="47.2741013" lon="6.1174650">
	<ele>249.88</ele>
	<time>1970-01-01T00:12:05.211Z</time>
</trkpt>
<trkpt lat="47.2741699" lon="6.1174941">
	<ele>250.08</ele>
	<time>1970-01-01T00:12:07.533Z</time>
</trkpt>
<trkpt lat="47.2742386" lon="6.1175070">
	<ele>249.93</ele>
	<time>1970-01-01T00:12:09.626Z</time>
</trkpt>
<trkpt lat="47.2743416" lon="6.1175060">
	<ele>249.41</ele>
	<time>1970-01-01T00:12:12.049Z</time>
</trkpt>
<trkpt lat="47.2744179" lon="6.1175499">
	<ele>248.66</ele>
	<time>1970-01-01T00:12:13.852Z</time>
</trkpt>
<trkpt lat="47.2744865" lon="6.1176009">
	<ele>248.24</ele>
	<time>1970-01-01T00:12:15.327Z</time>
</trkpt>
<trkpt lat="47.2748642" lon="6.1180019">
	<ele>248.18</ele>
	<time>1970-01-01T00:12:21.419Z</time>
</trkpt>
<trkpt lat="47.2755280" lon="6.1187501">
	<ele>248.43</ele>
	<time>1970-01-01T00:12:31.841Z</time>
</trkpt>
<trkpt lat="47.2761154" lon="6.1195121">
	<ele>247.75</ele>
	<time>1970-01-01T00:12:43.084Z</time>
</trkpt>
<trkpt lat="47.2763596" lon="6.1198192">
	<ele>248.24</ele>
	<time>1970-01-01T00:12:48.304Z</time>
</trkpt>
<trkpt lat="47.2766304" lon="6.1201358">
	<ele>248.40</ele>
	<time>1970-01-01T00:12:55.106Z</time>
</trkpt>
<trkpt lat="47.2769966" lon="6.1205440">
	<ele>248.24</ele>
	<time>1970-01-01T00:13:08.913Z</time>
</trkpt>
<trkpt lat="47.2773933" lon="6.1209302">
	<ele>248.18</ele>
	<time>1970-01-01T00:13:23.557Z</time>
</trkpt>
<trkpt lat="47.2775192" lon="6.1210589">
	<ele>248.36</ele>
	<time>1970-01-01T00:13:27.605Z</time>
</trkpt>
<trkpt lat="47.2776375" lon="6.1211648">
	<ele>249.20</ele>
	<time>1970-01-01T00:13:31.223Z</time>
</trkpt>
<trkpt lat="47.2781219" lon="6.1216321">
	<ele>248.83</ele>
	<time>1970-01-01T00:13:42.378Z</time>
</trkpt>
<trkpt lat="47.2782669" lon="6.1218238">
	<ele>248.79</ele>
	<time>1970-01-01T00:13:46.398Z</time>
</trkpt>
<trkpt lat="47.2784042" lon="6.1220641">
	<ele>249.13</ele>
	<time>1970-01-01T00:13:50.980Z</time>
</trkpt>
<trkpt lat="47.2789001" lon="6.1228118">
	<ele>249.74</ele>
	<time>1970-01-01T00:14:07.560Z</time>
</trkpt>
<trkpt lat="47.2799797" lon="6.1246080">
	<ele>251.03</ele>
	<time>1970-01-01T00:14:53.855Z</time>
</trkpt>
<trkpt lat="47.2802315" lon="6.1250529">
	<ele>250.78</ele>
	<time>1970-01-01T00:15:05.517Z</time>
</trkpt>
<trkpt lat="47.2804604" lon="6.1255441">
	<ele>249.63</ele>
	<time>1970-01-01T00:15:16.231Z</time>
</trkpt>
<trkpt lat="47.2805939" lon="6.1259451">
	<ele>249.08</ele>
	<time>1970-01-01T00:15:25.876Z</time>
</trkpt>
<trkpt lat="47.2806549" lon="6.1262369">
	<ele>248.39</ele>
	<time>1970-01-01T00:15:29.370Z</time>
</trkpt>
<trkpt lat="47.2808342" lon="6.1273170">
	<ele>249.63</ele>
	<time>1970-01-01T00:15:38.452Z</time>
</trkpt>
<trkpt lat="47.2809029" lon="6.1278629">
	<ele>249.30</ele>
	<time>1970-01-01T00:15:44.187Z</time>
</trkpt>
<trkpt lat="47.2809525" lon="6.1285501">
	<ele>248.18</ele>
	<time>1970-01-01T00:15:51.817Z</time>
</trkpt>
<trkpt lat="47.2811203" lon="6.1303868">
	<ele>249.00</ele>
	<time>1970-01-01T00:16:08.022Z</time>
</trkpt>
<trkpt lat="47.2811661" lon="6.1308088">
	<ele>248.30</ele>
	<time>1970-01-01T00:16:11.961Z</time>
</trkpt>
<trkpt lat="47.2812347" lon="6.1312108">
	<ele>247.83</ele>
	<time>1970-01-01T00:16:16.785Z</time>
</trkpt>
<trkpt lat="47.2812691" lon="6.1314411">
	<ele>248.24</ele>
	<time>1970-01-01T00:16:18.546Z</time>
</trkpt>
<trkpt lat="47.2812691" lon="6.1314511">
	<ele>248.23</ele>
	<time>1970-01-01T00:16:18.648Z</time>
</trkpt>
<trkpt lat="47.2813034" lon="6.1316462">
	<ele>248.51</ele>
	<time>1970-01-01T00:16:20.283Z</time>
</trkpt>
<trkpt lat="47.2814331" lon="6.1323380">
	<ele>248.73</ele>
	<time>1970-01-01T00:16:28.075Z</time>
</trkpt>
<trkpt lat="47.2816963" lon="6.1339812">
	<ele>248.79</ele>
	<time>1970-01-01T00:16:44.938Z</time>
</trkpt>
<trkpt lat="47.2818031" lon="6.1345959">
	<ele>248.62</ele>
	<time>1970-01-01T00:16:54.485Z</time>
</trkpt>
<trkpt lat="47.2818336" lon="6.1347642">
	<ele>248.74</ele>
	<time>1970-01-01T00:16:57.120Z</time>
</trkpt>
<trkpt lat="47.2819214" lon="6.1351891">
	<ele>249.99</ele>
	<time>1970-01-01T00:17:05.049Z</time>
</trkpt>
<trkpt lat="47.2821465" lon="6.1357989">
	<ele>249.41</ele>
	<time>1970-01-01T00:17:16.669Z</time>
</trkpt>
<trkpt lat="47.2822533" lon="6.1360130">
	<ele>248.88</ele>
	<time>1970-01-01T00:17:20.442Z</time>
</trkpt>
<trkpt lat="47.2825165" lon="6.1364498">
	<ele>249.57</ele>
	<time>1970-01-01T00:17:27.626Z</time>
</trkpt>
<trkpt lat="47.2832336" lon="6.1374788">
	<ele>249.20</ele>
	<time>1970-01-01T00:17:43.318Z</time>
</trkpt>
<trkpt lat="47.2841492" lon="6.1388230">
	<ele>250.97</ele>
	<time>1970-01-01T00:18:04.683Z</time>
</trkpt>
<trkpt lat="47.2842674" lon="6.1390281">
	<ele>249.58</ele>
	<time>1970-01-01T00:18:07.865Z</time>
</trkpt>
<trkpt lat="47.2843361" lon="6.1391850">
	<ele>249.47</ele>
	<time>1970-01-01T00:18:10.109Z</time>
</trkpt>
<trkpt lat="47.2844124" lon="6.1393938">
	<ele>250.89</ele>
	<time>1970-01-01T00:18:13.198Z</time>
</trkpt>
<trkpt lat="47.2844849" lon="6.1397820">
	<ele>249.01</ele>
	<time>1970-01-01T00:18:18.974Z</time>
</trkpt>
<trkpt lat="47.2845650" lon="6.1405668">
	<ele>248.13</ele>
	<time>1970-01-01T00:18:31.857Z</time>
</trkpt>
<trkpt lat="47.2845726" lon="6.1411052">
	<ele>248.30</ele>
	<time>1970-01-01T00:18:40.793Z</time>
</trkpt>
<trkpt lat="47.2846832" lon="6.1420360">
	<ele>249.71</ele>
	<time>1970-01-01T00:18:54.797Z</time>
</trkpt>
<trkpt lat="47.2847328" lon="6.1425638">
	<ele>249.01</ele>
	<time>1970-01-01T00:19:00.949Z</time>
</trkpt>
<trkpt lat="47.2848053" lon="6.1438422">
	<ele>248.71</ele>
	<time>1970-01-01T00:19:15.229Z</time>
</trkpt>
<trkpt lat="47.2848434" lon="6.1443791">
	<ele>248.25</ele>
	<time>1970-01-01T00:19:22.025Z</time>
</trkpt>
<trkpt lat="47.2848816" lon="6.1448040">
	<ele>248.78</ele>
	<time>1970-01-01T00:19:28.013Z</time>
</trkpt>
<trkpt lat="47.2850533" lon="6.1458640">
	<ele>248.23</ele>
	<time>1970-01-01T00:19:46.834Z</time>
</trkpt>
<trkpt lat="47.2851372" lon="6.1462970">
	<ele>248.39</ele>
	<time>1970-01-01T00:19:53.950Z</time>
</trkpt>
<trkpt lat="47.2851944" lon="6.1465921">
	<ele>249.27</ele>
	<time>1970-01-01T00:19:58.497Z</time>
</trkpt>
<trkpt lat="47.2852669" lon="6.1469312">
	<ele>248.97</ele>
	<time>1970-01-01T00:20:03.329Z</time>
</trkpt>
<trkpt lat="47.2852859" lon="6.1470151">
	<ele>249.02</ele>
	<time>1970-01-01T00:20:04.489Z</time>
</trkpt>
<trkpt lat="47.2855797" lon="6.1479301">
	<ele>249.07</ele>
	<time>1970-01-01T00:20:16.697Z</time>
</trkpt>
<trkpt lat="47.2856407" lon="6.1480851">
	<ele>248.38</ele>
	<time>1970-01-01T00:20:18.938Z</time>
</trkpt>
<trkpt lat="47.2857895" lon="6.1485672">
	<ele>249.42</ele>
	<time>1970-01-01T00:20:24.468Z</time>
</trkpt>
<trkpt lat="47.2860413" lon="6.1491642">
	<ele>248.92</ele>
	<time>1970-01-01T00:20:31.288Z</time>
</trkpt>
<trkpt lat="47.2863159" lon="6.1497531">
	<ele>248.79</ele>
	<time>1970-01-01T00:20:40.227Z</time>
</trkpt>
<trkpt lat="47.2865410" lon="6.1503291">
	<ele>249.48</ele>
	<time>1970-01-01T00:20:48.996Z</time>
</trkpt>
<trkpt lat="47.2867203" lon="6.1509452">
	<ele>249.14</ele>
	<time>1970-01-01T00:20:58.786Z</time>
</trkpt>
<trkpt lat="47.2870941" lon="6.1521139">
	<ele>249.17</ele>
	<time>1970-01-01T00:21:17.943Z</time>
</trkpt>
<trkpt lat="47.2871819" lon="6.1524792">
	<ele>249.67</ele>
	<time>1970-01-01T00:21:22.883Z</time>
</trkpt>
<trkpt lat="47.2876396" lon="6.1548042">
	<ele>248.95</ele>
	<time>1970-01-01T00:21:52.750Z</time>
</trkpt>
<trkpt lat="47.2878571" lon="6.1558280">
	<ele>248.82</ele>
	<time>1970-01-01T00:22:06.208Z</time>
</trkpt>
<trkpt lat="47.2880669" lon="6.1568198">
	<ele>249.95</ele>
	<time>1970-01-01T00:22:17.702Z</time>
</trkpt>
<trkpt lat="47.2881584" lon="6.1573811">
	<ele>249.12</ele>
	<time>1970-01-01T00:22:24.179Z</time>
</trkpt>
<trkpt lat="47.2885513" lon="6.1604309">
	<ele>249.50</ele>
	<time>1970-01-01T00:23:06.095Z</time>
</trkpt>
<trkpt lat="47.2885780" lon="6.1607280">
	<ele>249.75</ele>
	<time>1970-01-01T00:23:09.557Z</time>
</trkpt>
<trkpt lat="47.2886009" lon="6.1610641">
	<ele>249.98</ele>
	<time>1970-01-01T00:23:13.339Z</time>
</trkpt>
<trkpt lat="47.2886162" lon="6.1612148">
	<ele>249.73</ele>
	<time>1970-01-01T00:23:15.239Z</time>
</trkpt>
<trkpt lat="47.2887650" lon="6.1622438">
	<ele>249.08</ele>
	<time>1970-01-01T00:23:30.117Z</time>
</trkpt>
<trkpt lat="47.2889252" lon="6.1635442">
	<ele>250.39</ele>
	<time>1970-01-01T00:23:45.484Z</time>
</trkpt>
<trkpt lat="47.2889633" lon="6.1639662">
	<ele>247.42</ele>
	<time>1970-01-01T00:23:50.331Z</time>
</trkpt>
<trkpt lat="47.2891159" lon="6.1658840">
	<ele>250.46</ele>
	<time>1970-01-01T00:24:13.664Z</time>
</trkpt>
<trkpt lat="47.2891464" lon="6.1664858">
	<ele>250.82</ele>
	<time>1970-01-01T00:24:20.144Z</time>
</trkpt>
<trkpt lat="47.2891731" lon="6.1673479">
	<ele>251.10</ele>
	<time>1970-01-01T00:24:29.960Z</time>
</trkpt>
<trkpt lat="47.2891922" lon="6.1678309">
	<ele>249.93</ele>
	<time>1970-01-01T00:24:37.290Z</time>
</trkpt>
<trkpt lat="47.2892456" lon="6.1685691">
	<ele>249.68</ele>
	<time>1970-01-01T00:24:50.231Z</time>
</trkpt>
<trkpt lat="47.2893295" lon="6.1696949">
	<ele>249.43</ele>
	<time>1970-01-01T00:25:06.325Z</time>
</trkpt>
<trkpt lat="47.2894974" lon="6.1717310">
	<ele>249.40</ele>
	<time>1970-01-01T00:25:30.548Z</time>
</trkpt>
<trkpt lat="47.2896729" lon="6.1742549">
	<ele>250.55</ele>
	<time>1970-01-01T00:26:08.705Z</time>
</trkpt>
<trkpt lat="47.2897148" lon="6.1746721">
	<ele>250.20</ele>
	<time>1970-01-01T00:26:13.435Z</time>
</trkpt>
<trkpt lat="47.2897301" lon="6.1747570">
	<ele>249.84</ele>
	<time>1970-01-01T00:26:14.429Z</time>
</trkpt>
<trkpt lat="47.2898140" lon="6.1749821">
	<ele>248.97</ele>
	<time>1970-01-01T00:26:17.032Z</time>
</trkpt>
<trkpt lat="47.2898598" lon="6.1750741">
	<ele>249.39</ele>
	<time>1970-01-01T00:26:18.373Z</time>
</trkpt>
<trkpt lat="47.2899818" lon="6.1752419">
	<ele>250.85</ele>
	<time>1970-01-01T00:26:21.445Z</time>
</trkpt>
<trkpt lat="47.2900162" lon="6.1753058">
	<ele>251.08</ele>
	<time>1970-01-01T00:26:22.698Z</time>
</trkpt>
<trkpt lat="47.2901230" lon="6.1755738">
	<ele>251.35</ele>
	<time>1970-01-01T00:26:27.559Z</time>
</trkpt>
<trkpt lat="47.2901421" lon="6.1755972">
	<ele>251.51</ele>
	<time>1970-01-01T00:26:28.241Z</time>
</trkpt>
<trkpt lat="47.2901192" lon="6.1756439">
	<ele>252.06</ele>
	<time>1970-01-01T00:26:29.023Z</time>
</trkpt>
<trkpt lat="47.2900810" lon="6.1756792">
	<ele>252.81</ele>
	<time>1970-01-01T00:26:30.665Z</time>
</trkpt>
<trkpt lat="47.2899895" lon="6.1757669">
	<ele>254.34</ele>
	<time>1970-01-01T00:26:32.908Z</time>
</trkpt>
<trkpt lat="47.2899742" lon="6.1758151">
	<ele>254.58</ele>
	<time>1970-01-01T00:26:33.649Z</time>
</trkpt>
<trkpt lat="47.2900047" lon="6.1759639">
	<ele>254.04</ele>
	<time>1970-01-01T00:26:36.170Z</time>
</trkpt>
<trkpt lat="47.2901955" lon="6.1763992">
	<ele>252.98</ele>
	<time>1970-01-01T00:26:49.004Z</time>
</trkpt>
<trkpt lat="47.2903099" lon="6.1768041">
	<ele>253.40</ele>
	<time>1970-01-01T00:27:02.388Z</time>
</trkpt>
<trkpt lat="47.2904091" lon="6.1773410">
	<ele>251.57</ele>
	<time>1970-01-01T00:27:14.492Z</time>
</trkpt>
<trkpt lat="47.2905273" lon="6.1780920">
	<ele>253.50</ele>
	<time>1970-01-01T00:27:32.007Z</time>
</trkpt>
<trkpt lat="47.2906227" lon="6.1787510">
	<ele>252.43</ele>
	<time>1970-01-01T00:27:40.685Z</time>
</trkpt>
<trkpt lat="47.2906876" lon="6.1791811">
	<ele>252.12</ele>
	<time>1970-01-01T00:27:45.668Z</time>
</trkpt>
<trkpt lat="47.2907295" lon="6.1795201">
	<ele>252.18</ele>
	<time>1970-01-01T00:27:49.274Z</time>
</trkpt>
<trkpt lat="47.2907600" lon="6.1798692">
	<ele>252.60</ele>
	<time>1970-01-01T00:27:52.473Z</time>
</trkpt>
<trkpt lat="47.2907791" lon="6.1803288">
	<ele>253.09</ele>
	<time>1970-01-01T00:27:56.769Z</time>
</trkpt>
<trkpt lat="47.2907867" lon="6.1806469">
	<ele>253.27</ele>
	<time>1970-01-01T00:28:00.104Z</time>
</trkpt>
<trkpt lat="47.2907715" lon="6.1809540">
	<ele>253.19</ele>
	<time>1970-01-01T00:28:03.419Z</time>
</trkpt>
<trkpt lat="47.2907257" lon="6.1814699">
	<ele>253.23</ele>
	<time>1970-01-01T00:28:09.579Z</time>
</trkpt>
<trkpt lat="47.2904701" lon="6.1827369">
	<ele>253.61</ele>
	<time>1970-01-01T00:28:23.394Z</time>
</trkpt>
<trkpt lat="47.2899704" lon="6.1845498">
	<ele>253.23</ele>
	<time>1970-01-01T00:28:46.677Z</time>
</trkpt>
<trkpt lat="47.2897911" lon="6.1851621">
	<ele>253.51</ele>
	<time>1970-01-01T00:28:56.316Z</time>
</trkpt>
<trkpt lat="47.2892838" lon="6.1871791">
	<ele>253.45</ele>
	<time>1970-01-01T00:29:18.563Z</time>
</trkpt>
<trkpt lat="47.2889137" lon="6.1889229">
	<ele>253.09</ele>
	<time>1970-01-01T00:29:40.588Z</time>
</trkpt>
<trkpt lat="47.2887726" lon="6.1901631">
	<ele>253.70</ele>
	<time>1970-01-01T00:29:58.492Z</time>
</trkpt>
<trkpt lat="47.2887268" lon="6.1912131">
	<ele>253.44</ele>
	<time>1970-01-01T00:30:13.956Z</time>
</trkpt>
<trkpt lat="47.2887421" lon="6.1919069">
	<ele>253.59</ele>
	<time>1970-01-01T00:30:23.483Z</time>
</trkpt>
<trkpt lat="47.2888069" lon="6.1929350">
	<ele>253.82</ele>
	<time>1970-01-01T00:30:35.810Z</time>
</trkpt>
<trkpt lat="47.2888603" lon="6.1937938">
	<ele>253.77</ele>
	<time>1970-01-01T00:30:48.121Z</time>
</trkpt>
<trkpt lat="47.2890739" lon="6.1963158">
	<ele>253.34</ele>
	<time>1970-01-01T00:31:32.377Z</time>
</trkpt>
<trkpt lat="47.2892761" lon="6.1979041">
	<ele>253.43</ele>
	<time>1970-01-01T00:31:49.022Z</time>
</trkpt>
<trkpt lat="47.2895775" lon="6.1993790">
	<ele>252.96</ele>
	<time>1970-01-01T00:32:07.360Z</time>
</trkpt>
<trkpt lat="47.2899170" lon="6.2003150">
	<ele>253.47</ele>
	<time>1970-01-01T00:32:23.176Z</time>
</trkpt>
<trkpt lat="47.2900658" lon="6.2006269">
	<ele>254.34</ele>
	<time>1970-01-01T00:32:28.501Z</time>
</trkpt>
<trkpt lat="47.2900467" lon="6.2007432">
	<ele>254.78</ele>
	<time>1970-01-01T00:32:30.126Z</time>
</trkpt>
<trkpt lat="47.2900314" lon="6.2008600">
	<ele>255.09</ele>
	<time>1970-01-01T00:32:31.740Z</time>
</trkpt>
<trkpt lat="47.2900658" lon="6.2009401">
	<ele>255.01</ele>
	<time>1970-01-01T00:32:32.989Z</time>
</trkpt>
<trkpt lat="47.2900772" lon="6.2009630">
	<ele>254.95</ele>
	<time>1970-01-01T00:32:33.344Z</time>
</trkpt>
<trkpt lat="47.2902145" lon="6.2012811">
	<ele>255.20</ele>
	<time>1970-01-01T00:32:37.642Z</time>
</trkpt>
<trkpt lat="47.2904320" lon="6.2018290">
	<ele>254.25</ele>
	<time>1970-01-01T00:32:44.323Z</time>
</trkpt>
<trkpt lat="47.2905273" lon="6.2020488">
	<ele>254.10</ele>
	<time>1970-01-01T00:32:47.094Z</time>
</trkpt>
<trkpt lat="47.2905922" lon="6.2022719">
	<ele>253.71</ele>
	<time>1970-01-01T00:32:49.529Z</time>
</trkpt>
<trkpt lat="47.2906647" lon="6.2023740">
	<ele>252.79</ele>
	<time>1970-01-01T00:32:50.900Z</time>
</trkpt>
<trkpt lat="47.2908821" lon="6.2026491">
	<ele>253.38</ele>
	<time>1970-01-01T00:32:54.723Z</time>
</trkpt>
<trkpt lat="47.2912025" lon="6.2026672">
	<ele>254.17</ele>
	<time>1970-01-01T00:33:00.497Z</time>
</trkpt>
<trkpt lat="47.2913284" lon="6.2026682">
	<ele>254.00</ele>
	<time>1970-01-01T00:33:03.073Z</time>
</trkpt>
<trkpt lat="47.2913513" lon="6.2026181">
	<ele>253.99</ele>
	<time>1970-01-01T00:33:03.925Z</time>
</trkpt>
<trkpt lat="47.2913895" lon="6.2025871">
	<ele>254.00</ele>
	<time>1970-01-01T00:33:04.777Z</time>
</trkpt>
<trkpt lat="47.2914352" lon="6.2025762">
	<ele>254.03</ele>
	<time>1970-01-01T00:33:05.627Z</time>
</trkpt>
<trkpt lat="47.2919464" lon="6.2029462">
	<ele>254.78</ele>
	<time>1970-01-01T00:33:21.806Z</time>
</trkpt>
<trkpt lat="47.2922630" lon="6.2031622">
	<ele>255.68</ele>
	<time>1970-01-01T00:33:31.266Z</time>
</trkpt>
<trkpt lat="47.2924194" lon="6.2032571">
	<ele>256.83</ele>
	<time>1970-01-01T00:33:35.456Z</time>
</trkpt>
<trkpt lat="47.2924538" lon="6.2031741">
	<ele>256.41</ele>
	<time>1970-01-01T00:33:36.948Z</time>
</trkpt>
<trkpt lat="47.2925186" lon="6.2029691">
	<ele>256.22</ele>
	<time>1970-01-01T00:33:40.471Z</time>
</trkpt>
<trkpt lat="47.2925491" lon="6.2029190">
	<ele>256.31</ele>
	<time>1970-01-01T00:33:41.484Z</time>
</trkpt>
<trkpt lat="47.2927399" lon="6.2030530">
	<ele>254.20</ele>
	<time>1970-01-01T00:33:45.932Z</time>
</trkpt>
<trkpt lat="47.2929344" lon="6.2031879">
	<ele>253.75</ele>
	<time>1970-01-01T00:33:50.021Z</time>
</trkpt>
<trkpt lat="47.2930107" lon="6.2032318">
	<ele>253.87</ele>
	<time>1970-01-01T00:33:51.550Z</time>
</trkpt>
<trkpt lat="47.2932472" lon="6.2033682">
	<ele>253.93</ele>
	<time>1970-01-01T00:33:56.022Z</time>
</trkpt>
<trkpt lat="47.2935257" lon="6.2035112">
	<ele>254.07</ele>
	<time>1970-01-01T00:34:00.910Z</time>
</trkpt>
<trkpt lat="47.2938919" lon="6.2036839">
	<ele>254.71</ele>
	<time>1970-01-01T00:34:07.314Z</time>
</trkpt>
<trkpt lat="47.2947617" lon="6.2040048">
	<ele>254.50</ele>
	<time>1970-01-01T00:34:24.294Z</time>
</trkpt>
<trkpt lat="47.2950172" lon="6.2041001">
	<ele>254.06</ele>
	<time>1970-01-01T00:34:29.373Z</time>
</trkpt>
<trkpt lat="47.2955322" lon="6.2042508">
	<ele>254.64</ele>
	<time>1970-01-01T00:34:39.673Z</time>
</trkpt>
<trkpt lat="47.2958069" lon="6.2043228">
	<ele>254.69</ele>
	<time>1970-01-01T00:34:45.055Z</time>
</trkpt>
<trkpt lat="47.2961693" lon="6.2043991">
	<ele>255.19</ele>
	<time>1970-01-01T00:34:54.457Z</time>
</trkpt>
<trkpt lat="47.2962646" lon="6.2044020">
	<ele>255.30</ele>
	<time>1970-01-01T00:34:56.893Z</time>
</trkpt>
<trkpt lat="47.2962990" lon="6.2043872">
	<ele>255.56</ele>
	<time>1970-01-01T00:34:57.910Z</time>
</trkpt>
<trkpt lat="47.2963333" lon="6.2044182">
	<ele>255.21</ele>
	<time>1970-01-01T00:34:59.077Z</time>
</trkpt>
<trkpt lat="47.2963905" lon="6.2044468">
	<ele>254.98</ele>
	<time>1970-01-01T00:35:00.678Z</time>
</trkpt>
<trkpt lat="47.2973289" lon="6.2046819">
	<ele>255.91</ele>
	<time>1970-01-01T00:35:31.915Z</time>
</trkpt>
<trkpt lat="47.2980194" lon="6.2049088">
	<ele>256.63</ele>
	<time>1970-01-01T00:35:48.426Z</time>
</trkpt>
<trkpt lat="47.2983131" lon="6.2050319">
	<ele>256.25</ele>
	<time>1970-01-01T00:35:55.675Z</time>
</trkpt>
<trkpt lat="47.2986183" lon="6.2051821">
	<ele>256.32</ele>
	<time>1970-01-01T00:36:06.941Z</time>
</trkpt>
<trkpt lat="47.2991600" lon="6.2054100">
	<ele>256.20</ele>
	<time>1970-01-01T00:36:20.331Z</time>
</trkpt>
<trkpt lat="47.2995033" lon="6.2055378">
	<ele>256.61</ele>
	<time>1970-01-01T00:36:27.188Z</time>
</trkpt>
<trkpt lat="47.3003426" lon="6.2058029">
	<ele>256.74</ele>
	<time>1970-01-01T00:36:41.344Z</time>
</trkpt>
<trkpt lat="47.3006516" lon="6.2059250">
	<ele>256.00</ele>
	<time>1970-01-01T00:36:45.128Z</time>
</trkpt>
<trkpt lat="47.3009834" lon="6.2060781">
	<ele>256.26</ele>
	<time>1970-01-01T00:36:52.281Z</time>
</trkpt>
<trkpt lat="47.3013916" lon="6.2062492">
	<ele>256.79</ele>
	<time>1970-01-01T00:37:06.002Z</time>
</trkpt>
<trkpt lat="47.3014145" lon="6.2062769">
	<ele>256.63</ele>
	<time>1970-01-01T00:37:06.778Z</time>
</trkpt>
<trkpt lat="47.3016281" lon="6.2063489">
	<ele>258.94</ele>
	<time>1970-01-01T00:37:13.413Z</time>
</trkpt>
<trkpt lat="47.3018227" lon="6.2064290">
	<ele>261.47</ele>
	<time>1970-01-01T00:37:19.261Z</time>
</trkpt>
<trkpt lat="47.3019485" lon="6.2065072">
	<ele>263.37</ele>
	<time>1970-01-01T00:37:22.722Z</time>
</trkpt>
<trkpt lat="47.3023300" lon="6.2068019">
	<ele>263.66</ele>
	<time>1970-01-01T00:37:30.034Z</time>
</trkpt>
<trkpt lat="47.3027840" lon="6.2071962">
	<ele>261.34</ele>
	<time>1970-01-01T00:37:42.164Z</time>
</trkpt>
<trkpt lat="47.3029213" lon="6.2073321">
	<ele>260.91</ele>
	<time>1970-01-01T00:37:45.850Z</time>
</trkpt>
<trkpt lat="47.3030396" lon="6.2074542">
	<ele>260.42</ele>
	<time>1970-01-01T00:37:49.022Z</time>
</trkpt>
<trkpt lat="47.3031693" lon="6.2076068">
	<ele>260.34</ele>
	<time>1970-01-01T00:37:52.457Z</time>
</trkpt>
<trkpt lat="47.3032684" lon="6.2077379">
	<ele>258.67</ele>
	<time>1970-01-01T00:37:55.136Z</time>
</trkpt>
<trkpt lat="47.3033676" lon="6.2079120">
	<ele>257.72</ele>
	<time>1970-01-01T00:37:58.342Z</time>
</trkpt>
<trkpt lat="47.3034706" lon="6.2081189">
	<ele>259.76</ele>
	<time>1970-01-01T00:38:03.182Z</time>
</trkpt>
<trkpt lat="47.3035965" lon="6.2084098">
	<ele>257.29</ele>
	<time>1970-01-01T00:38:11.340Z</time>
</trkpt>
<trkpt lat="47.3037338" lon="6.2087989">
	<ele>259.38</ele>
	<time>1970-01-01T00:38:17.209Z</time>
</trkpt>
<trkpt lat="47.3037796" lon="6.2089839">
	<ele>259.74</ele>
	<time>1970-01-01T00:38:20.017Z</time>
</trkpt>
<trkpt lat="47.3038254" lon="6.2092009">
	<ele>258.15</ele>
	<time>1970-01-01T00:38:23.146Z</time>
</trkpt>
<trkpt lat="47.3038597" lon="6.2093968">
	<ele>257.66</ele>
	<time>1970-01-01T00:38:26.051Z</time>
</trkpt>
<trkpt lat="47.3038826" lon="6.2096090">
	<ele>256.59</ele>
	<time>1970-01-01T00:38:29.289Z</time>
</trkpt>
<trkpt lat="47.3039207" lon="6.2101312">
	<ele>255.91</ele>
	<time>1970-01-01T00:38:37.016Z</time>
</trkpt>
<trkpt lat="47.3039322" lon="6.2105050">
	<ele>256.24</ele>
	<time>1970-01-01T00:38:46.343Z</time>
</trkpt>
<trkpt lat="47.3039131" lon="6.2108011">
	<ele>255.57</ele>
	<time>1970-01-01T00:38:51.997Z</time>
</trkpt>
<trkpt lat="47.3038559" lon="6.2112350">
	<ele>255.64</ele>
	<time>1970-01-01T00:39:01.123Z</time>
</trkpt>
<trkpt lat="47.3037491" lon="6.2118158">
	<ele>257.00</ele>
	<time>1970-01-01T00:39:15.010Z</time>
</trkpt>
<trkpt lat="47.3036613" lon="6.2122269">
	<ele>256.37</ele>
	<time>1970-01-01T00:39:23.429Z</time>
</trkpt>
<trkpt lat="47.3035698" lon="6.2126260">
	<ele>256.92</ele>
	<time>1970-01-01T00:39:29.483Z</time>
</trkpt>
<trkpt lat="47.3035164" lon="6.2128820">
	<ele>257.34</ele>
	<time>1970-01-01T00:39:32.727Z</time>
</trkpt>
<trkpt lat="47.3034782" lon="6.2131338">
	<ele>257.37</ele>
	<time>1970-01-01T00:39:35.626Z</time>
</trkpt>
<trkpt lat="47.3033791" lon="6.2138758">
	<ele>256.18</ele>
	<time>1970-01-01T00:39:42.530Z</time>
</trkpt>
<trkpt lat="47.3033524" lon="6.2140212">
	<ele>256.29</ele>
	<time>1970-01-01T00:39:43.780Z</time>
</trkpt>
<trkpt lat="47.3032990" lon="6.2142148">
	<ele>256.70</ele>
	<time>1970-01-01T00:39:45.443Z</time>
</trkpt>
<trkpt lat="47.3032684" lon="6.2142968">
	<ele>257.01</ele>
	<time>1970-01-01T00:39:46.201Z</time>
</trkpt>
<trkpt lat="47.3031921" lon="6.2144418">
	<ele>256.90</ele>
	<time>1970-01-01T00:39:47.645Z</time>
</trkpt>
<trkpt lat="47.3029404" lon="6.2148161">
	<ele>256.36</ele>
	<time>1970-01-01T00:39:52.561Z</time>
</trkpt>
<trkpt lat="47.3028526" lon="6.2149611">
	<ele>256.22</ele>
	<time>1970-01-01T00:39:54.191Z</time>
</trkpt>
<trkpt lat="47.3027916" lon="6.2150841">
	<ele>256.50</ele>
	<time>1970-01-01T00:39:55.385Z</time>
</trkpt>
<trkpt lat="47.3027115" lon="6.2152929">
	<ele>258.60</ele>
	<time>1970-01-01T00:39:57.531Z</time>
</trkpt>
<trkpt lat="47.3026199" lon="6.2155018">
	<ele>257.80</ele>
	<time>1970-01-01T00:39:59.800Z</time>
</trkpt>
<trkpt lat="47.3025131" lon="6.2157068">
	<ele>256.07</ele>
	<time>1970-01-01T00:40:01.994Z</time>
</trkpt>
<trkpt lat="47.3023949" lon="6.2158909">
	<ele>256.96</ele>
	<time>1970-01-01T00:40:04.320Z</time>
</trkpt>
<trkpt lat="47.3020973" lon="6.2162852">
	<ele>257.92</ele>
	<time>1970-01-01T00:40:10.714Z</time>
</trkpt>
<trkpt lat="47.3019142" lon="6.2165308">
	<ele>257.24</ele>
	<time>1970-01-01T00:40:14.336Z</time>
</trkpt>
<trkpt lat="47.3015823" lon="6.2169981">
	<ele>256.47</ele>
	<time>1970-01-01T00:40:19.696Z</time>
</trkpt>
<trkpt lat="47.3004570" lon="6.2189269">
	<ele>255.58</ele>
	<time>1970-01-01T00:40:50.521Z</time>
</trkpt>
<trkpt lat="47.2998772" lon="6.2199240">
	<ele>255.82</ele>
	<time>1970-01-01T00:41:03.446Z</time>
</trkpt>
<trkpt lat="47.2998047" lon="6.2199221">
	<ele>255.66</ele>
	<time>1970-01-01T00:41:04.757Z</time>
</trkpt>
<trkpt lat="47.2997704" lon="6.2199450">
	<ele>255.72</ele>
	<time>1970-01-01T00:41:05.413Z</time>
</trkpt>
<trkpt lat="47.2997093" lon="6.2200241">
	<ele>256.11</ele>
	<time>1970-01-01T00:41:07.100Z</time>
</trkpt>
<trkpt lat="47.2994080" lon="6.2205110">
	<ele>256.75</ele>
	<time>1970-01-01T00:41:18.483Z</time>
</trkpt>
<trkpt lat="47.2991867" lon="6.2209039">
	<ele>257.19</ele>
	<time>1970-01-01T00:41:24.780Z</time>
</trkpt>
<trkpt lat="47.2991371" lon="6.2210059">
	<ele>257.00</ele>
	<time>1970-01-01T00:41:25.725Z</time>
</trkpt>
<trkpt lat="47.2991028" lon="6.2211008">
	<ele>256.83</ele>
	<time>1970-01-01T00:41:26.541Z</time>
</trkpt>
<trkpt lat="47.2990608" lon="6.2211671">
	<ele>256.78</ele>
	<time>1970-01-01T00:41:27.308Z</time>
</trkpt>
<trkpt lat="47.2990150" lon="6.2212238">
	<ele>256.79</ele>
	<time>1970-01-01T00:41:28.130Z</time>
</trkpt>
<trkpt lat="47.2989922" lon="6.2212648">
	<ele>256.87</ele>
	<time>1970-01-01T00:41:28.608Z</time>
</trkpt>
<trkpt lat="47.2989731" lon="6.2213531">
	<ele>257.06</ele>
	<time>1970-01-01T00:41:29.503Z</time>
</trkpt>
<trkpt lat="47.2989502" lon="6.2214561">
	<ele>257.12</ele>
	<time>1970-01-01T00:41:30.543Z</time>
</trkpt>
<trkpt lat="47.2988663" lon="6.2214808">
	<ele>256.94</ele>
	<time>1970-01-01T00:41:31.801Z</time>
</trkpt>
<trkpt lat="47.2988396" lon="6.2215052">
	<ele>256.77</ele>
	<time>1970-01-01T00:41:32.164Z</time>
</trkpt>
<trkpt lat="47.2988129" lon="6.2215462">
	<ele>256.55</ele>
	<time>1970-01-01T00:41:32.654Z</time>
</trkpt>
<trkpt lat="47.2987480" lon="6.2217059">
	<ele>256.00</ele>
	<time>1970-01-01T00:41:34.407Z</time>
</trkpt>
<trkpt lat="47.2987099" lon="6.2218528">
	<ele>255.66</ele>
	<time>1970-01-01T00:41:36.141Z</time>
</trkpt>
<trkpt lat="47.2985725" lon="6.2223902">
	<ele>258.01</ele>
	<time>1970-01-01T00:41:46.215Z</time>
</trkpt>
<trkpt lat="47.2984238" lon="6.2231131">
	<ele>256.25</ele>
	<time>1970-01-01T00:41:59.961Z</time>
</trkpt>
<trkpt lat="47.2981491" lon="6.2242432">
	<ele>256.29</ele>
	<time>1970-01-01T00:42:19.902Z</time>
</trkpt>
<trkpt lat="47.2979469" lon="6.2250261">
	<ele>254.16</ele>
	<time>1970-01-01T00:42:29.611Z</time>
</trkpt>
<trkpt lat="47.2977295" lon="6.2257719">
	<ele>256.89</ele>
	<time>1970-01-01T00:42:37.368Z</time>
</trkpt>
<trkpt lat="47.2974701" lon="6.2264361">
	<ele>257.81</ele>
	<time>1970-01-01T00:42:44.074Z</time>
</trkpt>
<trkpt lat="47.2971802" lon="6.2271032">
	<ele>256.46</ele>
	<time>1970-01-01T00:42:52.497Z</time>
</trkpt>
<trkpt lat="47.2965736" lon="6.2284451">
	<ele>257.19</ele>
	<time>1970-01-01T00:43:14.603Z</time>
</trkpt>
<trkpt lat="47.2964249" lon="6.2287588">
	<ele>257.35</ele>
	<time>1970-01-01T00:43:20.637Z</time>
</trkpt>
<trkpt lat="47.2963333" lon="6.2289009">
	<ele>257.60</ele>
	<time>1970-01-01T00:43:23.826Z</time>
</trkpt>
<trkpt lat="47.2961273" lon="6.2295532">
	<ele>255.76</ele>
	<time>1970-01-01T00:43:31.650Z</time>
</trkpt>
<trkpt lat="47.2960548" lon="6.2300911">
	<ele>256.60</ele>
	<time>1970-01-01T00:43:36.705Z</time>
</trkpt>
<trkpt lat="47.2960014" lon="6.2306991">
	<ele>255.90</ele>
	<time>1970-01-01T00:43:44.240Z</time>
</trkpt>
<trkpt lat="47.2959785" lon="6.2311721">
	<ele>255.97</ele>
	<time>1970-01-01T00:43:50.177Z</time>
</trkpt>
<trkpt lat="47.2959404" lon="6.2315378">
	<ele>255.67</ele>
	<time>1970-01-01T00:43:54.093Z</time>
</trkpt>
<trkpt lat="47.2959328" lon="6.2319140">
	<ele>255.61</ele>
	<time>1970-01-01T00:43:58.174Z</time>
</trkpt>
<trkpt lat="47.2959709" lon="6.2322469">
	<ele>255.99</ele>
	<time>1970-01-01T00:44:02.316Z</time>
</trkpt>
<trkpt lat="47.2960434" lon="6.2325802">
	<ele>256.66</ele>
	<time>1970-01-01T00:44:06.503Z</time>
</trkpt>
<trkpt lat="47.2961235" lon="6.2328758">
	<ele>256.40</ele>
	<time>1970-01-01T00:44:10.400Z</time>
</trkpt>
<trkpt lat="47.2962418" lon="6.2331910">
	<ele>255.89</ele>
	<time>1970-01-01T00:44:14.563Z</time>
</trkpt>
<trkpt lat="47.2963448" lon="6.2333989">
	<ele>256.60</ele>
	<time>1970-01-01T00:44:17.728Z</time>
</trkpt>
<trkpt lat="47.2963943" lon="6.2334762">
	<ele>256.57</ele>
	<time>1970-01-01T00:44:19.152Z</time>
</trkpt>
<trkpt lat="47.2964363" lon="6.2334809">
	<ele>256.75</ele>
	<time>1970-01-01T00:44:19.981Z</time>
</trkpt>
<trkpt lat="47.2964859" lon="6.2334580">
	<ele>256.99</ele>
	<time>1970-01-01T00:44:20.857Z</time>
</trkpt>
<trkpt lat="47.2966919" lon="6.2333112">
	<ele>257.08</ele>
	<time>1970-01-01T00:44:24.012Z</time>
</trkpt>
<trkpt lat="47.2967644" lon="6.2332602">
	<ele>257.59</ele>
	<time>1970-01-01T00:44:25.290Z</time>
</trkpt>
<trkpt lat="47.2968712" lon="6.2332249">
	<ele>258.60</ele>
	<time>1970-01-01T00:44:27.246Z</time>
</trkpt>
<trkpt lat="47.2969666" lon="6.2332110">
	<ele>259.24</ele>
	<time>1970-01-01T00:44:29.295Z</time>
</trkpt>
<trkpt lat="47.2972794" lon="6.2329741">
	<ele>261.56</ele>
	<time>1970-01-01T00:44:41.758Z</time>
</trkpt>
<trkpt lat="47.2972908" lon="6.2330260">
	<ele>261.57</ele>
	<time>1970-01-01T00:44:42.893Z</time>
</trkpt>
<trkpt lat="47.2973328" lon="6.2331562">
	<ele>261.18</ele>
	<time>1970-01-01T00:44:45.718Z</time>
</trkpt>
<trkpt lat="47.2973862" lon="6.2332911">
	<ele>260.92</ele>
	<time>1970-01-01T00:44:48.474Z</time>
</trkpt>
<trkpt lat="47.2976799" lon="6.2338099">
	<ele>259.89</ele>
	<time>1970-01-01T00:45:03.334Z</time>
</trkpt>
<trkpt lat="47.2979660" lon="6.2342429">
	<ele>259.16</ele>
	<time>1970-01-01T00:45:14.213Z</time>
</trkpt>
<trkpt lat="47.2980461" lon="6.2342958">
	<ele>259.35</ele>
	<time>1970-01-01T00:45:16.380Z</time>
</trkpt>
<trkpt lat="47.2981377" lon="6.2343111">
	<ele>259.86</ele>
	<time>1970-01-01T00:45:18.494Z</time>
</trkpt>
<trkpt lat="47.2987213" lon="6.2340822">
	<ele>268.78</ele>
	<time>1970-01-01T00:45:37.257Z</time>
</trkpt>
<trkpt lat="47.2987404" lon="6.2341318">
	<ele>268.55</ele>
	<time>1970-01-01T00:45:38.151Z</time>
</trkpt>
<trkpt lat="47.2987747" lon="6.2341609">
	<ele>268.26</ele>
	<time>1970-01-01T00:45:39.034Z</time>
</trkpt>
<trkpt lat="47.2988167" lon="6.2341619">
	<ele>268.16</ele>
	<time>1970-01-01T00:45:40.203Z</time>
</trkpt>
<trkpt lat="47.2988510" lon="6.2341299">
	<ele>268.45</ele>
	<time>1970-01-01T00:45:41.519Z</time>
</trkpt>
<trkpt lat="47.2988701" lon="6.2340751">
	<ele>268.88</ele>
	<time>1970-01-01T00:45:42.984Z</time>
</trkpt>
<trkpt lat="47.2989540" lon="6.2340760">
	<ele>269.04</ele>
	<time>1970-01-01T00:45:45.856Z</time>
</trkpt>
<trkpt lat="47.2991638" lon="6.2341342">
	<ele>268.55</ele>
	<time>1970-01-01T00:45:54.102Z</time>
</trkpt>
<trkpt lat="47.2992897" lon="6.2341962">
	<ele>269.16</ele>
	<time>1970-01-01T00:46:00.087Z</time>
</trkpt>
<trkpt lat="47.2993240" lon="6.2342219">
	<ele>269.32</ele>
	<time>1970-01-01T00:46:01.663Z</time>
</trkpt>
<trkpt lat="47.2993736" lon="6.2342739">
	<ele>269.17</ele>
	<time>1970-01-01T00:46:04.181Z</time>
</trkpt>
<trkpt lat="47.2995224" lon="6.2344518">
	<ele>268.28</ele>
	<time>1970-01-01T00:46:10.031Z</time>
</trkpt>
<trkpt lat="47.3000336" lon="6.2350321">
	<ele>263.46</ele>
	<time>1970-01-01T00:46:19.873Z</time>
</trkpt>
<trkpt lat="47.3001556" lon="6.2351589">
	<ele>262.01</ele>
	<time>1970-01-01T00:46:22.108Z</time>
</trkpt>
<trkpt lat="47.3002281" lon="6.2352099">
	<ele>262.12</ele>
	<time>1970-01-01T00:46:23.259Z</time>
</trkpt>
<trkpt lat="47.3002930" lon="6.2352381">
	<ele>262.19</ele>
	<time>1970-01-01T00:46:24.124Z</time>
</trkpt>
<trkpt lat="47.3003616" lon="6.2352529">
	<ele>262.07</ele>
	<time>1970-01-01T00:46:25.081Z</time>
</trkpt>
<trkpt lat="47.3007812" lon="6.2353172">
	<ele>258.92</ele>
	<time>1970-01-01T00:46:30.618Z</time>
</trkpt>
<trkpt lat="47.3009453" lon="6.2353258">
	<ele>258.63</ele>
	<time>1970-01-01T00:46:33.060Z</time>
</trkpt>
<trkpt lat="47.3009605" lon="6.2353568">
	<ele>258.31</ele>
	<time>1970-01-01T00:46:33.431Z</time>
</trkpt>
<trkpt lat="47.3009758" lon="6.2353921">
	<ele>258.21</ele>
	<time>1970-01-01T00:46:33.769Z</time>
</trkpt>
<trkpt lat="47.3009949" lon="6.2354059">
	<ele>258.17</ele>
	<time>1970-01-01T00:46:33.986Z</time>
</trkpt>
<trkpt lat="47.3010292" lon="6.2354188">
	<ele>258.05</ele>
	<time>1970-01-01T00:46:34.424Z</time>
</trkpt>
<trkpt lat="47.3010864" lon="6.2354240">
	<ele>257.86</ele>
	<time>1970-01-01T00:46:35.205Z</time>
</trkpt>
<trkpt lat="47.3012428" lon="6.2354059">
	<ele>258.28</ele>
	<time>1970-01-01T00:46:37.630Z</time>
</trkpt>
<trkpt lat="47.3019829" lon="6.2352538">
	<ele>258.44</ele>
	<time>1970-01-01T00:46:56.023Z</time>
</trkpt>
<trkpt lat="47.3021393" lon="6.2352328">
	<ele>258.43</ele>
	<time>1970-01-01T00:47:00.330Z</time>
</trkpt>
<trkpt lat="47.3024597" lon="6.2352152">
	<ele>258.43</ele>
	<time>1970-01-01T00:47:09.524Z</time>
</trkpt>
<trkpt lat="47.3028030" lon="6.2352209">
	<ele>257.95</ele>
	<time>1970-01-01T00:47:16.403Z</time>
</trkpt>
<trkpt lat="47.3030701" lon="6.2352700">
	<ele>258.15</ele>
	<time>1970-01-01T00:47:24.505Z</time>
</trkpt>
<trkpt lat="47.3033333" lon="6.2353621">
	<ele>257.96</ele>
	<time>1970-01-01T00:47:29.207Z</time>
</trkpt>
<trkpt lat="47.3035545" lon="6.2355032">
	<ele>258.10</ele>
	<time>1970-01-01T00:47:33.049Z</time>
</trkpt>
<trkpt lat="47.3036804" lon="6.2356081">
	<ele>258.40</ele>
	<time>1970-01-01T00:47:35.044Z</time>
</trkpt>
<trkpt lat="47.3038216" lon="6.2357101">
	<ele>258.71</ele>
	<time>1970-01-01T00:47:37.070Z</time>
</trkpt>
<trkpt lat="47.3040657" lon="6.2358570">
	<ele>258.32</ele>
	<time>1970-01-01T00:47:40.044Z</time>
</trkpt>
<trkpt lat="47.3047028" lon="6.2361870">
	<ele>258.64</ele>
	<time>1970-01-01T00:47:57.240Z</time>
</trkpt>
<trkpt lat="47.3049316" lon="6.2362671">
	<ele>258.80</ele>
	<time>1970-01-01T00:48:05.205Z</time>
</trkpt>
<trkpt lat="47.3054886" lon="6.2364111">
	<ele>258.37</ele>
	<time>1970-01-01T00:48:17.323Z</time>
</trkpt>
<trkpt lat="47.3055878" lon="6.2364621">
	<ele>258.55</ele>
	<time>1970-01-01T00:48:19.259Z</time>
</trkpt>
<trkpt lat="47.3056488" lon="6.2365088">
	<ele>258.77</ele>
	<time>1970-01-01T00:48:20.403Z</time>
</trkpt>
<trkpt lat="47.3057251" lon="6.2365880">
	<ele>258.82</ele>
	<time>1970-01-01T00:48:21.631Z</time>
</trkpt>
<trkpt lat="47.3057823" lon="6.2366691">
	<ele>258.58</ele>
	<time>1970-01-01T00:48:22.612Z</time>
</trkpt>
<trkpt lat="47.3059120" lon="6.2368779">
	<ele>258.05</ele>
	<time>1970-01-01T00:48:24.739Z</time>
</trkpt>
<trkpt lat="47.3060493" lon="6.2371278">
	<ele>258.30</ele>
	<time>1970-01-01T00:48:27.089Z</time>
</trkpt>
<trkpt lat="47.3064804" lon="6.2379918">
	<ele>257.86</ele>
	<time>1970-01-01T00:48:37.239Z</time>
</trkpt>
<trkpt lat="47.3066063" lon="6.2382770">
	<ele>258.71</ele>
	<time>1970-01-01T00:48:40.709Z</time>
</trkpt>
<trkpt lat="47.3067856" lon="6.2387309">
	<ele>258.16</ele>
	<time>1970-01-01T00:48:46.996Z</time>
</trkpt>
<trkpt lat="47.3068466" lon="6.2389321">
	<ele>258.35</ele>
	<time>1970-01-01T00:48:49.552Z</time>
</trkpt>
<trkpt lat="47.3069153" lon="6.2391820">
	<ele>258.83</ele>
	<time>1970-01-01T00:48:52.285Z</time>
</trkpt>
<trkpt lat="47.3070526" lon="6.2397561">
	<ele>257.74</ele>
	<time>1970-01-01T00:48:57.805Z</time>
</trkpt>
<trkpt lat="47.3070793" lon="6.2398858">
	<ele>257.96</ele>
	<time>1970-01-01T00:48:59.031Z</time>
</trkpt>
<trkpt lat="47.3070908" lon="6.2399220">
	<ele>258.07</ele>
	<time>1970-01-01T00:48:59.387Z</time>
</trkpt>
<trkpt lat="47.3075523" lon="6.2420521">
	<ele>259.00</ele>
	<time>1970-01-01T00:49:26.164Z</time>
</trkpt>
<trkpt lat="47.3076515" lon="6.2424541">
	<ele>258.86</ele>
	<time>1970-01-01T00:49:29.334Z</time>
</trkpt>
<trkpt lat="47.3080673" lon="6.2438741">
	<ele>258.10</ele>
	<time>1970-01-01T00:49:42.997Z</time>
</trkpt>
<trkpt lat="47.3081360" lon="6.2441349">
	<ele>257.55</ele>
	<time>1970-01-01T00:49:45.917Z</time>
</trkpt>
<trkpt lat="47.3082428" lon="6.2446022">
	<ele>258.42</ele>
	<time>1970-01-01T00:49:51.904Z</time>
</trkpt>
<trkpt lat="47.3083115" lon="6.2449770">
	<ele>258.94</ele>
	<time>1970-01-01T00:49:57.241Z</time>
</trkpt>
<trkpt lat="47.3084373" lon="6.2457118">
	<ele>258.05</ele>
	<time>1970-01-01T00:50:04.802Z</time>
</trkpt>
<trkpt lat="47.3086700" lon="6.2472649">
	<ele>258.34</ele>
	<time>1970-01-01T00:50:32.965Z</time>
</trkpt>
<trkpt lat="47.3088989" lon="6.2487540">
	<ele>258.62</ele>
	<time>1970-01-01T00:51:03.938Z</time>
</trkpt>
<trkpt lat="47.3090897" lon="6.2501559">
	<ele>258.82</ele>
	<time>1970-01-01T00:51:24.123Z</time>
</trkpt>
<trkpt lat="47.3091202" lon="6.2504029">
	<ele>258.72</ele>
	<time>1970-01-01T00:51:27.091Z</time>
</trkpt>
<trkpt lat="47.3093605" lon="6.2518268">
	<ele>259.12</ele>
	<time>1970-01-01T00:51:52.162Z</time>
</trkpt>
<trkpt lat="47.3094482" lon="6.2524018">
	<ele>259.14</ele>
	<time>1970-01-01T00:51:59.041Z</time>
</trkpt>
<trkpt lat="47.3095894" lon="6.2533450">
	<ele>260.06</ele>
	<time>1970-01-01T00:52:09.621Z</time>
</trkpt>
<trkpt lat="47.3096428" lon="6.2536860">
	<ele>258.84</ele>
	<time>1970-01-01T00:52:14.389Z</time>
</trkpt>
<trkpt lat="47.3098030" lon="6.2545090">
	<ele>259.32</ele>
	<time>1970-01-01T00:52:30.951Z</time>
</trkpt>
<trkpt lat="47.3098602" lon="6.2548399">
	<ele>259.63</ele>
	<time>1970-01-01T00:52:37.355Z</time>
</trkpt>
<trkpt lat="47.3099213" lon="6.2552800">
	<ele>259.89</ele>
	<time>1970-01-01T00:52:44.492Z</time>
</trkpt>
<trkpt lat="47.3099823" lon="6.2558289">
	<ele>259.87</ele>
	<time>1970-01-01T00:52:50.117Z</time>
</trkpt>
<trkpt lat="47.3100967" lon="6.2565541">
	<ele>258.56</ele>
	<time>1970-01-01T00:52:57.875Z</time>
</trkpt>
<trkpt lat="47.3101387" lon="6.2568898">
	<ele>258.99</ele>
	<time>1970-01-01T00:53:01.503Z</time>
</trkpt>
<trkpt lat="47.3101730" lon="6.2571092">
	<ele>259.72</ele>
	<time>1970-01-01T00:53:04.104Z</time>
</trkpt>
<trkpt lat="47.3101959" lon="6.2571812">
	<ele>260.08</ele>
	<time>1970-01-01T00:53:05.030Z</time>
</trkpt>
<trkpt lat="47.3102608" lon="6.2573042">
	<ele>260.29</ele>
	<time>1970-01-01T00:53:07.016Z</time>
</trkpt>
<trkpt lat="47.3103867" lon="6.2574849">
	<ele>260.30</ele>
	<time>1970-01-01T00:53:10.165Z</time>
</trkpt>
<trkpt lat="47.3104286" lon="6.2575541">
	<ele>260.91</ele>
	<time>1970-01-01T00:53:11.253Z</time>
</trkpt>
<trkpt lat="47.3109512" lon="6.2583699">
	<ele>260.26</ele>
	<time>1970-01-01T00:53:21.864Z</time>
</trkpt>
<trkpt lat="47.3111076" lon="6.2586260">
	<ele>260.92</ele>
	<time>1970-01-01T00:53:25.730Z</time>
</trkpt>
<trkpt lat="47.3112183" lon="6.2588382">
	<ele>259.87</ele>
	<time>1970-01-01T00:53:28.962Z</time>
</trkpt>
<trkpt lat="47.3115578" lon="6.2595119">
	<ele>258.97</ele>
	<time>1970-01-01T00:53:35.972Z</time>
</trkpt>
<trkpt lat="47.3116798" lon="6.2597418">
	<ele>259.00</ele>
	<time>1970-01-01T00:53:38.621Z</time>
</trkpt>
<trkpt lat="47.3117867" lon="6.2598720">
	<ele>259.05</ele>
	<time>1970-01-01T00:53:40.648Z</time>
</trkpt>
<trkpt lat="47.3119202" lon="6.2599750">
	<ele>259.06</ele>
	<time>1970-01-01T00:53:43.009Z</time>
</trkpt>
<trkpt lat="47.3123779" lon="6.2603111">
	<ele>258.89</ele>
	<time>1970-01-01T00:53:54.404Z</time>
</trkpt>
<trkpt lat="47.3124771" lon="6.2603621">
	<ele>258.58</ele>
	<time>1970-01-01T00:53:56.632Z</time>
</trkpt>
<trkpt lat="47.3125038" lon="6.2603769">
	<ele>258.53</ele>
	<time>1970-01-01T00:53:57.231Z</time>
</trkpt>
<trkpt lat="47.3126068" lon="6.2604599">
	<ele>258.50</ele>
	<time>1970-01-01T00:53:59.971Z</time>
</trkpt>
<trkpt lat="47.3127518" lon="6.2605419">
	<ele>258.96</ele>
	<time>1970-01-01T00:54:03.219Z</time>
</trkpt>
<trkpt lat="47.3129616" lon="6.2606459">
	<ele>258.61</ele>
	<time>1970-01-01T00:54:07.595Z</time>
</trkpt>
<trkpt lat="47.3136063" lon="6.2609811">
	<ele>258.91</ele>
	<time>1970-01-01T00:54:22.740Z</time>
</trkpt>
<trkpt lat="47.3137932" lon="6.2610998">
	<ele>259.42</ele>
	<time>1970-01-01T00:54:28.233Z</time>
</trkpt>
<trkpt lat="47.3140144" lon="6.2612538">
	<ele>259.55</ele>
	<time>1970-01-01T00:54:36.257Z</time>
</trkpt>
<trkpt lat="47.3142662" lon="6.2614651">
	<ele>259.78</ele>
	<time>1970-01-01T00:54:42.017Z</time>
</trkpt>
<trkpt lat="47.3146286" lon="6.2618308">
	<ele>259.10</ele>
	<time>1970-01-01T00:54:56.120Z</time>
</trkpt>
<trkpt lat="47.3148575" lon="6.2620268">
	<ele>258.98</ele>
	<time>1970-01-01T00:55:01.155Z</time>
</trkpt>
<trkpt lat="47.3149948" lon="6.2621341">
	<ele>258.50</ele>
	<time>1970-01-01T00:55:03.540Z</time>
</trkpt>
<trkpt lat="47.3153305" lon="6.2623639">
	<ele>259.05</ele>
	<time>1970-01-01T00:55:15.948Z</time>
</trkpt>
<trkpt lat="47.3156776" lon="6.2625680">
	<ele>258.97</ele>
	<time>1970-01-01T00:55:24.075Z</time>
</trkpt>
<trkpt lat="47.3168640" lon="6.2633500">
	<ele>260.94</ele>
	<time>1970-01-01T00:55:49.938Z</time>
</trkpt>
<trkpt lat="47.3176537" lon="6.2638602">
	<ele>260.69</ele>
	<time>1970-01-01T00:56:22.655Z</time>
</trkpt>
<trkpt lat="47.3178520" lon="6.2639761">
	<ele>260.96</ele>
	<time>1970-01-01T00:56:28.602Z</time>
</trkpt>
<trkpt lat="47.3190842" lon="6.2646542">
	<ele>260.76</ele>
	<time>1970-01-01T00:57:01.358Z</time>
</trkpt>
<trkpt lat="47.3194122" lon="6.2648482">
	<ele>261.73</ele>
	<time>1970-01-01T00:57:08.604Z</time>
</trkpt>
<trkpt lat="47.3196411" lon="6.2650251">
	<ele>260.33</ele>
	<time>1970-01-01T00:57:16.137Z</time>
</trkpt>
<trkpt lat="47.3198700" lon="6.2652268">
	<ele>261.08</ele>
	<time>1970-01-01T00:57:21.595Z</time>
</trkpt>
<trkpt lat="47.3200569" lon="6.2654109">
	<ele>261.45</ele>
	<time>1970-01-01T00:57:27.319Z</time>
</trkpt>
<trkpt lat="47.3201866" lon="6.2655520">
	<ele>262.16</ele>
	<time>1970-01-01T00:57:33.575Z</time>
</trkpt>
<trkpt lat="47.3203583" lon="6.2657719">
	<ele>262.41</ele>
	<time>1970-01-01T00:57:41.963Z</time>
</trkpt>
<trkpt lat="47.3204803" lon="6.2659440">
	<ele>262.68</ele>
	<time>1970-01-01T00:57:48.042Z</time>
</trkpt>
<trkpt lat="47.3205757" lon="6.2661281">
	<ele>260.36</ele>
	<time>1970-01-01T00:57:52.404Z</time>
</trkpt>
<trkpt lat="47.3206253" lon="6.2662439">
	<ele>260.75</ele>
	<time>1970-01-01T00:57:54.262Z</time>
</trkpt>
<trkpt lat="47.3206635" lon="6.2663522">
	<ele>260.80</ele>
	<time>1970-01-01T00:57:56.894Z</time>
</trkpt>
<trkpt lat="47.3206978" lon="6.2664771">
	<ele>260.20</ele>
	<time>1970-01-01T00:57:58.536Z</time>
</trkpt>
<trkpt lat="47.3207550" lon="6.2667942">
	<ele>258.37</ele>
	<time>1970-01-01T00:58:01.833Z</time>
</trkpt>
<trkpt lat="47.3208084" lon="6.2672029">
	<ele>259.76</ele>
	<time>1970-01-01T00:58:05.008Z</time>
</trkpt>
<trkpt lat="47.3208504" lon="6.2677860">
	<ele>259.01</ele>
	<time>1970-01-01T00:58:08.814Z</time>
</trkpt>
<trkpt lat="47.3208542" lon="6.2680249">
	<ele>259.03</ele>
	<time>1970-01-01T00:58:10.326Z</time>
</trkpt>
<trkpt lat="47.3208237" lon="6.2692971">
	<ele>259.96</ele>
	<time>1970-01-01T00:58:18.006Z</time>
</trkpt>
<trkpt lat="47.3208580" lon="6.2696609">
	<ele>260.07</ele>
	<time>1970-01-01T00:58:20.876Z</time>
</trkpt>
<trkpt lat="47.3208466" lon="6.2707891">
	<ele>260.04</ele>
	<time>1970-01-01T00:58:32.496Z</time>
</trkpt>
<trkpt lat="47.3208542" lon="6.2715731">
	<ele>260.14</ele>
	<time>1970-01-01T00:58:41.419Z</time>
</trkpt>
<trkpt lat="47.3209038" lon="6.2723789">
	<ele>259.19</ele>
	<time>1970-01-01T00:58:48.802Z</time>
</trkpt>
<trkpt lat="47.3211632" lon="6.2744069">
	<ele>259.26</ele>
	<time>1970-01-01T00:59:13.277Z</time>
</trkpt>
<trkpt lat="47.3211937" lon="6.2745152">
	<ele>259.11</ele>
	<time>1970-01-01T00:59:14.743Z</time>
</trkpt>
<trkpt lat="47.3212395" lon="6.2746081">
	<ele>258.97</ele>
	<time>1970-01-01T00:59:16.212Z</time>
</trkpt>
<trkpt lat="47.3212318" lon="6.2749281">
	<ele>259.95</ele>
	<time>1970-01-01T00:59:20.145Z</time>
</trkpt>
<trkpt lat="47.3212547" lon="6.2751088">
	<ele>260.43</ele>
	<time>1970-01-01T00:59:21.487Z</time>
</trkpt>
<trkpt lat="47.3213005" lon="6.2753758">
	<ele>260.08</ele>
	<time>1970-01-01T00:59:23.926Z</time>
</trkpt>
<trkpt lat="47.3214035" lon="6.2758389">
	<ele>260.04</ele>
	<time>1970-01-01T00:59:29.936Z</time>
</trkpt>
<trkpt lat="47.3214455" lon="6.2760739">
	<ele>258.55</ele>
	<time>1970-01-01T00:59:33.070Z</time>
</trkpt>
<trkpt lat="47.3214760" lon="6.2763391">
	<ele>259.43</ele>
	<time>1970-01-01T00:59:36.996Z</time>
</trkpt>
<trkpt lat="47.3214722" lon="6.2769752">
	<ele>259.49</ele>
	<time>1970-01-01T00:59:47.653Z</time>
</trkpt>
<trkpt lat="47.3214188" lon="6.2787461">
	<ele>260.13</ele>
	<time>1970-01-01T01:00:11.948Z</time>
</trkpt>
<trkpt lat="47.3213730" lon="6.2790232">
	<ele>259.90</ele>
	<time>1970-01-01T01:00:15.134Z</time>
</trkpt>
<trkpt lat="47.3213692" lon="6.2792821">
	<ele>259.85</ele>
	<time>1970-01-01T01:00:17.944Z</time>
</trkpt>
<trkpt lat="47.3213806" lon="6.2795911">
	<ele>259.89</ele>
	<time>1970-01-01T01:00:21.476Z</time>
</trkpt>
<trkpt lat="47.3214035" lon="6.2798371">
	<ele>260.40</ele>
	<time>1970-01-01T01:00:24.440Z</time>
</trkpt>
<trkpt lat="47.3214836" lon="6.2804689">
	<ele>260.18</ele>
	<time>1970-01-01T01:00:31.840Z</time>
</trkpt>
<trkpt lat="47.3215103" lon="6.2807379">
	<ele>259.73</ele>
	<time>1970-01-01T01:00:34.757Z</time>
</trkpt>
<trkpt lat="47.3216057" lon="6.2815962">
	<ele>259.85</ele>
	<time>1970-01-01T01:00:43.299Z</time>
</trkpt>
<trkpt lat="47.3216667" lon="6.2820249">
	<ele>260.58</ele>
	<time>1970-01-01T01:00:48.258Z</time>
</trkpt>
<trkpt lat="47.3216896" lon="6.2821422">
	<ele>259.56</ele>
	<time>1970-01-01T01:00:49.827Z</time>
</trkpt>
<trkpt lat="47.3217049" lon="6.2821860">
	<ele>259.25</ele>
	<time>1970-01-01T01:00:50.522Z</time>
</trkpt>
<trkpt lat="47.3217316" lon="6.2822719">
	<ele>258.99</ele>
	<time>1970-01-01T01:00:51.913Z</time>
</trkpt>
<trkpt lat="47.3217697" lon="6.2823629">
	<ele>259.07</ele>
	<time>1970-01-01T01:00:53.594Z</time>
</trkpt>
<trkpt lat="47.3218155" lon="6.2824478">
	<ele>259.31</ele>
	<time>1970-01-01T01:00:55.486Z</time>
</trkpt>
<trkpt lat="47.3222694" lon="6.2831721">
	<ele>260.52</ele>
	<time>1970-01-01T01:01:12.774Z</time>
</trkpt>
<trkpt lat="47.3224907" lon="6.2835078">
	<ele>259.84</ele>
	<time>1970-01-01T01:01:21.976Z</time>
</trkpt>
<trkpt lat="47.3228035" lon="6.2838941">
	<ele>261.23</ele>
	<time>1970-01-01T01:01:37.231Z</time>
</trkpt>
<trkpt lat="47.3230209" lon="6.2842021">
	<ele>261.09</ele>
	<time>1970-01-01T01:01:47.316Z</time>
</trkpt>
<trkpt lat="47.3234100" lon="6.2846999">
	<ele>261.06</ele>
	<time>1970-01-01T01:02:03.022Z</time>
</trkpt>
<trkpt lat="47.3236847" lon="6.2849989">
	<ele>261.95</ele>
	<time>1970-01-01T01:02:22.278Z</time>
</trkpt>
<trkpt lat="47.3240166" lon="6.2852931">
	<ele>262.39</ele>
	<time>1970-01-01T01:02:45.126Z</time>
</trkpt>
<trkpt lat="47.3245735" lon="6.2858019">
	<ele>262.90</ele>
	<time>1970-01-01T01:03:17.306Z</time>
</trkpt>
<trkpt lat="47.3255882" lon="6.2868142">
	<ele>263.48</ele>
	<time>1970-01-01T01:03:52.609Z</time>
</trkpt>
<trkpt lat="47.3264008" lon="6.2876811">
	<ele>262.45</ele>
	<time>1970-01-01T01:04:19.940Z</time>
</trkpt>
<trkpt lat="47.3266106" lon="6.2879119">
	<ele>262.18</ele>
	<time>1970-01-01T01:04:26.486Z</time>
</trkpt>
<trkpt lat="47.3267250" lon="6.2880578">
	<ele>261.66</ele>
	<time>1970-01-01T01:04:29.861Z</time>
</trkpt>
<trkpt lat="47.3272591" lon="6.2888160">
	<ele>261.76</ele>
	<time>1970-01-01T01:04:55.590Z</time>
</trkpt>
<trkpt lat="47.3275833" lon="6.2892509">
	<ele>262.41</ele>
	<time>1970-01-01T01:05:05.136Z</time>
</trkpt>
<trkpt lat="47.3277702" lon="6.2895451">
	<ele>261.83</ele>
	<time>1970-01-01T01:05:12.452Z</time>
</trkpt>
<trkpt lat="47.3278961" lon="6.2897611">
	<ele>263.37</ele>
	<time>1970-01-01T01:05:16.170Z</time>
</trkpt>
<trkpt lat="47.3282013" lon="6.2903519">
	<ele>263.28</ele>
	<time>1970-01-01T01:05:25.125Z</time>
</trkpt>
<trkpt lat="47.3284187" lon="6.2908130">
	<ele>262.97</ele>
	<time>1970-01-01T01:05:30.694Z</time>
</trkpt>
<trkpt lat="47.3285141" lon="6.2910151">
	<ele>262.46</ele>
	<time>1970-01-01T01:05:35.083Z</time>
</trkpt>
<trkpt lat="47.3289490" lon="6.2919331">
	<ele>263.44</ele>
	<time>1970-01-01T01:05:49.234Z</time>
</trkpt>
<trkpt lat="47.3292007" lon="6.2923970">
	<ele>262.52</ele>
	<time>1970-01-01T01:05:55.684Z</time>
</trkpt>
<trkpt lat="47.3293686" lon="6.2927489">
	<ele>263.16</ele>
	<time>1970-01-01T01:06:01.241Z</time>
</trkpt>
<trkpt lat="47.3294754" lon="6.2929802">
	<ele>262.91</ele>
	<time>1970-01-01T01:06:06.092Z</time>
</trkpt>
<trkpt lat="47.3296738" lon="6.2934618">
	<ele>264.18</ele>
	<time>1970-01-01T01:06:13.161Z</time>
</trkpt>
<trkpt lat="47.3298340" lon="6.2939868">
	<ele>263.86</ele>
	<time>1970-01-01T01:06:22.435Z</time>
</trkpt>
<trkpt lat="47.3298874" lon="6.2941999">
	<ele>263.73</ele>
	<time>1970-01-01T01:06:24.644Z</time>
</trkpt>
<trkpt lat="47.3299370" lon="6.2944498">
	<ele>262.92</ele>
	<time>1970-01-01T01:06:27.086Z</time>
</trkpt>
<trkpt lat="47.3300667" lon="6.2954569">
	<ele>259.83</ele>
	<time>1970-01-01T01:06:36.070Z</time>
</trkpt>
<trkpt lat="47.3301353" lon="6.2959089">
	<ele>258.93</ele>
	<time>1970-01-01T01:06:40.178Z</time>
</trkpt>
<trkpt lat="47.3301697" lon="6.2962251">
	<ele>259.37</ele>
	<time>1970-01-01T01:06:42.736Z</time>
</trkpt>
<trkpt lat="47.3301964" lon="6.2965598">
	<ele>260.00</ele>
	<time>1970-01-01T01:06:45.043Z</time>
</trkpt>
<trkpt lat="47.3302155" lon="6.2974119">
	<ele>259.94</ele>
	<time>1970-01-01T01:06:50.163Z</time>
</trkpt>
<trkpt lat="47.3302193" lon="6.2975688">
	<ele>259.89</ele>
	<time>1970-01-01T01:06:51.154Z</time>
</trkpt>
<trkpt lat="47.3302269" lon="6.2978501">
	<ele>260.81</ele>
	<time>1970-01-01T01:06:52.911Z</time>
</trkpt>
<trkpt lat="47.3302269" lon="6.2981062">
	<ele>260.79</ele>
	<time>1970-01-01T01:06:54.496Z</time>
</trkpt>
<trkpt lat="47.3302040" lon="6.2988129">
	<ele>260.56</ele>
	<time>1970-01-01T01:06:58.768Z</time>
</trkpt>
<trkpt lat="47.3301201" lon="6.3005691">
	<ele>260.25</ele>
	<time>1970-01-01T01:07:12.761Z</time>
</trkpt>
<trkpt lat="47.3300934" lon="6.3008728">
	<ele>259.98</ele>
	<time>1970-01-01T01:07:15.684Z</time>
</trkpt>
<trkpt lat="47.3299942" lon="6.3016782">
	<ele>260.99</ele>
	<time>1970-01-01T01:07:23.560Z</time>
</trkpt>
<trkpt lat="47.3297729" lon="6.3031011">
	<ele>259.37</ele>
	<time>1970-01-01T01:07:37.125Z</time>
</trkpt>
<trkpt lat="47.3297539" lon="6.3033428">
	<ele>260.22</ele>
	<time>1970-01-01T01:07:39.547Z</time>
</trkpt>
<trkpt lat="47.3297539" lon="6.3035378">
	<ele>260.88</ele>
	<time>1970-01-01T01:07:41.751Z</time>
</trkpt>
<trkpt lat="47.3297157" lon="6.3036861">
	<ele>261.25</ele>
	<time>1970-01-01T01:07:43.542Z</time>
</trkpt>
<trkpt lat="47.3296967" lon="6.3038788">
	<ele>261.83</ele>
	<time>1970-01-01T01:07:45.812Z</time>
</trkpt>
<trkpt lat="47.3297272" lon="6.3044562">
	<ele>263.02</ele>
	<time>1970-01-01T01:07:51.420Z</time>
</trkpt>
<trkpt lat="47.3297653" lon="6.3050289">
	<ele>263.02</ele>
	<time>1970-01-01T01:08:04.378Z</time>
</trkpt>
<trkpt lat="47.3297920" lon="6.3058028">
	<ele>261.02</ele>
	<time>1970-01-01T01:08:19.327Z</time>
</trkpt>
<trkpt lat="47.3298264" lon="6.3067689">
	<ele>262.28</ele>
	<time>1970-01-01T01:08:52.124Z</time>
</trkpt>
<trkpt lat="47.3298874" lon="6.3085179">
	<ele>264.30</ele>
	<time>1970-01-01T01:10:12.135Z</time>
</trkpt>
<trkpt lat="47.3299103" lon="6.3088431">
	<ele>264.16</ele>
	<time>1970-01-01T01:10:17.215Z</time>
</trkpt>
<trkpt lat="47.3299408" lon="6.3091002">
	<ele>263.67</ele>
	<time>1970-01-01T01:10:22.257Z</time>
</trkpt>
<trkpt lat="47.3299866" lon="6.3093662">
	<ele>263.95</ele>
	<time>1970-01-01T01:10:26.577Z</time>
</trkpt>
<trkpt lat="47.3300858" lon="6.3097539">
	<ele>263.36</ele>
	<time>1970-01-01T01:10:31.964Z</time>
</trkpt>
<trkpt lat="47.3302155" lon="6.3101749">
	<ele>263.66</ele>
	<time>1970-01-01T01:10:43.858Z</time>
</trkpt>
<trkpt lat="47.3304520" lon="6.3108711">
	<ele>262.93</ele>
	<time>1970-01-01T01:11:03.776Z</time>
</trkpt>
<trkpt lat="47.3305702" lon="6.3111610">
	<ele>262.76</ele>
	<time>1970-01-01T01:11:11.725Z</time>
</trkpt>
<trkpt lat="47.3307266" lon="6.3114610">
	<ele>261.54</ele>
	<time>1970-01-01T01:11:15.479Z</time>
</trkpt>
<trkpt lat="47.3308563" lon="6.3116560">
	<ele>263.35</ele>
	<time>1970-01-01T01:11:18.683Z</time>
</trkpt>
<trkpt lat="47.3310966" lon="6.3119540">
	<ele>263.65</ele>
	<time>1970-01-01T01:11:22.439Z</time>
</trkpt>
<trkpt lat="47.3314362" lon="6.3123031">
	<ele>263.17</ele>
	<time>1970-01-01T01:11:27.240Z</time>
</trkpt>
<trkpt lat="47.3315582" lon="6.3124089">
	<ele>262.58</ele>
	<time>1970-01-01T01:11:28.875Z</time>
</trkpt>
<trkpt lat="47.3317642" lon="6.3125629">
	<ele>263.76</ele>
	<time>1970-01-01T01:11:31.516Z</time>
</trkpt>
<trkpt lat="47.3319931" lon="6.3127179">
	<ele>264.06</ele>
	<time>1970-01-01T01:11:35.647Z</time>
</trkpt>
<trkpt lat="47.3323517" lon="6.3129120">
	<ele>264.65</ele>
	<time>1970-01-01T01:11:42.807Z</time>
</trkpt>
<trkpt lat="47.3328285" lon="6.3130860">
	<ele>263.80</ele>
	<time>1970-01-01T01:11:54.802Z</time>
</trkpt>
<trkpt lat="47.3333511" lon="6.3132949">
	<ele>264.34</ele>
	<time>1970-01-01T01:12:02.730Z</time>
</trkpt>
<trkpt lat="47.3339500" lon="6.3135672">
	<ele>264.53</ele>
	<time>1970-01-01T01:12:14.028Z</time>
</trkpt>
<trkpt lat="47.3341637" lon="6.3136439">
	<ele>264.06</ele>
	<time>1970-01-01T01:12:18.199Z</time>
</trkpt>
<trkpt lat="47.3349075" lon="6.3138900">
	<ele>263.86</ele>
	<time>1970-01-01T01:12:35.772Z</time>
</trkpt>
<trkpt lat="47.3360214" lon="6.3142958">
	<ele>264.34</ele>
	<time>1970-01-01T01:12:59.756Z</time>
</trkpt>
<trkpt lat="47.3364944" lon="6.3144579">
	<ele>263.84</ele>
	<time>1970-01-01T01:13:15.040Z</time>
</trkpt>
<trkpt lat="47.3374519" lon="6.3148189">
	<ele>264.56</ele>
	<time>1970-01-01T01:13:39.525Z</time>
</trkpt>
<trkpt lat="47.3380661" lon="6.3150978">
	<ele>264.29</ele>
	<time>1970-01-01T01:13:52.134Z</time>
</trkpt>
<trkpt lat="47.3384476" lon="6.3152852">
	<ele>264.48</ele>
	<time>1970-01-01T01:13:59.909Z</time>
</trkpt>
<trkpt lat="47.3387604" lon="6.3154759">
	<ele>264.37</ele>
	<time>1970-01-01T01:14:15.501Z</time>
</trkpt>
<trkpt lat="47.3390770" lon="6.3157020">
	<ele>264.26</ele>
	<time>1970-01-01T01:14:22.816Z</time>
</trkpt>
<trkpt lat="47.3394203" lon="6.3159642">
	<ele>264.45</ele>
	<time>1970-01-01T01:14:30.146Z</time>
</trkpt>
<trkpt lat="47.3397255" lon="6.3162231">
	<ele>263.87</ele>
	<time>1970-01-01T01:14:38.484Z</time>
</trkpt>
<trkpt lat="47.3400116" lon="6.3165002">
	<ele>264.57</ele>
	<time>1970-01-01T01:14:44.133Z</time>
</trkpt>
<trkpt lat="47.3403358" lon="6.3168640">
	<ele>264.69</ele>
	<time>1970-01-01T01:14:52.805Z</time>
</trkpt>
<trkpt lat="47.3405228" lon="6.3171120">
	<ele>264.25</ele>
	<time>1970-01-01T01:14:58.644Z</time>
</trkpt>
<trkpt lat="47.3409691" lon="6.3177738">
	<ele>265.18</ele>
	<time>1970-01-01T01:15:08.000Z</time>
</trkpt>
<trkpt lat="47.3412209" lon="6.3182201">
	<ele>265.51</ele>
	<time>1970-01-01T01:15:12.730Z</time>
</trkpt>
<trkpt lat="47.3415260" lon="6.3188019">
	<ele>265.53</ele>
	<time>1970-01-01T01:15:19.318Z</time>
</trkpt>
<trkpt lat="47.3418007" lon="6.3192840">
	<ele>267.30</ele>
	<time>1970-01-01T01:15:29.263Z</time>
</trkpt>
<trkpt lat="47.3421516" lon="6.3198881">
	<ele>264.58</ele>
	<time>1970-01-01T01:15:41.903Z</time>
</trkpt>
<trkpt lat="47.3424759" lon="6.3204789">
	<ele>265.44</ele>
	<time>1970-01-01T01:15:54.634Z</time>
</trkpt>
<trkpt lat="47.3425751" lon="6.3207049">
	<ele>265.87</ele>
	<time>1970-01-01T01:15:59.551Z</time>
</trkpt>
<trkpt lat="47.3427048" lon="6.3210311">
	<ele>264.88</ele>
	<time>1970-01-01T01:16:07.403Z</time>
</trkpt>
<trkpt lat="47.3428116" lon="6.3213458">
	<ele>265.75</ele>
	<time>1970-01-01T01:16:17.020Z</time>
</trkpt>
<trkpt lat="47.3429108" lon="6.3216939">
	<ele>265.68</ele>
	<time>1970-01-01T01:16:23.736Z</time>
</trkpt>
<trkpt lat="47.3430977" lon="6.3225298">
	<ele>264.58</ele>
	<time>1970-01-01T01:16:32.658Z</time>
</trkpt>
<trkpt lat="47.3432961" lon="6.3237491">
	<ele>264.53</ele>
	<time>1970-01-01T01:16:47.015Z</time>
</trkpt>
<trkpt lat="47.3434105" lon="6.3245230">
	<ele>266.03</ele>
	<time>1970-01-01T01:16:59.455Z</time>
</trkpt>
<trkpt lat="47.3434830" lon="6.3251462">
	<ele>267.01</ele>
	<time>1970-01-01T01:17:09.619Z</time>
</trkpt>
<trkpt lat="47.3435135" lon="6.3255048">
	<ele>266.21</ele>
	<time>1970-01-01T01:17:15.620Z</time>
</trkpt>
<trkpt lat="47.3435478" lon="6.3260698">
	<ele>264.83</ele>
	<time>1970-01-01T01:17:23.913Z</time>
</trkpt>
<trkpt lat="47.3435326" lon="6.3263679">
	<ele>262.52</ele>
	<time>1970-01-01T01:17:27.261Z</time>
</trkpt>
<trkpt lat="47.3435135" lon="6.3265572">
	<ele>261.91</ele>
	<time>1970-01-01T01:17:28.941Z</time>
</trkpt>
<trkpt lat="47.3434677" lon="6.3268619">
	<ele>262.48</ele>
	<time>1970-01-01T01:17:32.488Z</time>
</trkpt>
<trkpt lat="47.3433495" lon="6.3274360">
	<ele>263.89</ele>
	<time>1970-01-01T01:17:36.088Z</time>
</trkpt>
<trkpt lat="47.3431206" lon="6.3283782">
	<ele>262.02</ele>
	<time>1970-01-01T01:17:43.103Z</time>
</trkpt>
<trkpt lat="47.3429375" lon="6.3291502">
	<ele>262.63</ele>
	<time>1970-01-01T01:17:49.493Z</time>
</trkpt>
<trkpt lat="47.3426743" lon="6.3303041">
	<ele>262.96</ele>
	<time>1970-01-01T01:17:56.867Z</time>
</trkpt>
<trkpt lat="47.3425522" lon="6.3308649">
	<ele>262.45</ele>
	<time>1970-01-01T01:18:00.876Z</time>
</trkpt>
<trkpt lat="47.3423767" lon="6.3318272">
	<ele>263.46</ele>
	<time>1970-01-01T01:18:08.830Z</time>
</trkpt>
<trkpt lat="47.3423157" lon="6.3321400">
	<ele>262.22</ele>
	<time>1970-01-01T01:18:12.462Z</time>
</trkpt>
<trkpt lat="47.3420944" lon="6.3332062">
	<ele>261.84</ele>
	<time>1970-01-01T01:18:25.948Z</time>
</trkpt>
<trkpt lat="47.3420029" lon="6.3336482">
	<ele>262.18</ele>
	<time>1970-01-01T01:18:30.365Z</time>
</trkpt>
<trkpt lat="47.3418846" lon="6.3341641">
	<ele>263.49</ele>
	<time>1970-01-01T01:18:36.923Z</time>
</trkpt>
<trkpt lat="47.3417778" lon="6.3346848">
	<ele>262.04</ele>
	<time>1970-01-01T01:18:43.578Z</time>
</trkpt>
<trkpt lat="47.3416672" lon="6.3353329">
	<ele>263.22</ele>
	<time>1970-01-01T01:18:48.684Z</time>
</trkpt>
<trkpt lat="47.3413811" lon="6.3367329">
	<ele>263.20</ele>
	<time>1970-01-01T01:19:17.158Z</time>
</trkpt>
<trkpt lat="47.3413124" lon="6.3371148">
	<ele>262.94</ele>
	<time>1970-01-01T01:19:25.438Z</time>
</trkpt>
<trkpt lat="47.3412590" lon="6.3374920">
	<ele>262.63</ele>
	<time>1970-01-01T01:19:34.328Z</time>
</trkpt>
<trkpt lat="47.3411903" lon="6.3381472">
	<ele>263.84</ele>
	<time>1970-01-01T01:19:55.517Z</time>
</trkpt>
<trkpt lat="47.3411865" lon="6.3382449">
	<ele>264.28</ele>
	<time>1970-01-01T01:19:58.220Z</time>
</trkpt>
<trkpt lat="47.3411903" lon="6.3383379">
	<ele>264.73</ele>
	<time>1970-01-01T01:20:01.218Z</time>
</trkpt>
<trkpt lat="47.3412132" lon="6.3385110">
	<ele>265.36</ele>
	<time>1970-01-01T01:20:07.948Z</time>
</trkpt>
<trkpt lat="47.3412132" lon="6.3385839">
	<ele>265.38</ele>
	<time>1970-01-01T01:20:11.080Z</time>
</trkpt>
<trkpt lat="47.3411980" lon="6.3386478">
	<ele>265.16</ele>
	<time>1970-01-01T01:20:13.579Z</time>
</trkpt>
<trkpt lat="47.3411179" lon="6.3388090">
	<ele>263.85</ele>
	<time>1970-01-01T01:20:18.255Z</time>
</trkpt>
<trkpt lat="47.3411102" lon="6.3388538">
	<ele>263.84</ele>
	<time>1970-01-01T01:20:19.365Z</time>
</trkpt>
<trkpt lat="47.3410797" lon="6.3393302">
	<ele>264.08</ele>
	<time>1970-01-01T01:20:31.958Z</time>
</trkpt>
<trkpt lat="47.3409691" lon="6.3398910">
	<ele>264.25</ele>
	<time>1970-01-01T01:20:42.405Z</time>
</trkpt>
<trkpt lat="47.3408089" lon="6.3405132">
	<ele>263.86</ele>
	<time>1970-01-01T01:20:51.211Z</time>
</trkpt>
<trkpt lat="47.3406448" lon="6.3410759">
	<ele>263.89</ele>
	<time>1970-01-01T01:21:04.320Z</time>
</trkpt>
<trkpt lat="47.3404922" lon="6.3415041">
	<ele>263.98</ele>
	<time>1970-01-01T01:21:15.669Z</time>
</trkpt>
<trkpt lat="47.3403893" lon="6.3417420">
	<ele>263.25</ele>
	<time>1970-01-01T01:21:20.711Z</time>
</trkpt>
<trkpt lat="47.3398323" lon="6.3429470">
	<ele>265.35</ele>
	<time>1970-01-01T01:21:43.087Z</time>
</trkpt>
<trkpt lat="47.3390541" lon="6.3441591">
	<ele>264.70</ele>
	<time>1970-01-01T01:22:00.349Z</time>
</trkpt>
<trkpt lat="47.3389778" lon="6.3442769">
	<ele>264.58</ele>
	<time>1970-01-01T01:22:03.042Z</time>
</trkpt>
<trkpt lat="47.3388748" lon="6.3444409">
	<ele>264.55</ele>
	<time>1970-01-01T01:22:08.357Z</time>
</trkpt>
<trkpt lat="47.3379784" lon="6.3456068">
	<ele>264.62</ele>
	<time>1970-01-01T01:22:26.581Z</time>
</trkpt>
<trkpt lat="47.3378029" lon="6.3458748">
	<ele>265.88</ele>
	<time>1970-01-01T01:22:30.067Z</time>
</trkpt>
<trkpt lat="47.3376045" lon="6.3461781">
	<ele>270.52</ele>
	<time>1970-01-01T01:22:33.497Z</time>
</trkpt>
<trkpt lat="47.3375206" lon="6.3462529">
	<ele>271.32</ele>
	<time>1970-01-01T01:22:34.531Z</time>
</trkpt>
<trkpt lat="47.3368607" lon="6.3466449">
	<ele>269.22</ele>
	<time>1970-01-01T01:22:43.239Z</time>
</trkpt>
<trkpt lat="47.3364944" lon="6.3469138">
	<ele>271.32</ele>
	<time>1970-01-01T01:22:48.656Z</time>
</trkpt>
<trkpt lat="47.3362465" lon="6.3472199">
	<ele>272.31</ele>
	<time>1970-01-01T01:22:52.250Z</time>
</trkpt>
<trkpt lat="47.3359146" lon="6.3478060">
	<ele>275.27</ele>
	<time>1970-01-01T01:22:59.306Z</time>
</trkpt>
<trkpt lat="47.3357391" lon="6.3480730">
	<ele>272.95</ele>
	<time>1970-01-01T01:23:02.207Z</time>
</trkpt>
<trkpt lat="47.3355904" lon="6.3482709">
	<ele>272.07</ele>
	<time>1970-01-01T01:23:05.579Z</time>
</trkpt>
<trkpt lat="47.3355789" lon="6.3483639">
	<ele>272.29</ele>
	<time>1970-01-01T01:23:06.599Z</time>
</trkpt>
<trkpt lat="47.3355751" lon="6.3485131">
	<ele>270.54</ele>
	<time>1970-01-01T01:23:08.046Z</time>
</trkpt>
<trkpt lat="47.3354912" lon="6.3488698">
	<ele>266.45</ele>
	<time>1970-01-01T01:23:10.771Z</time>
</trkpt>
<trkpt lat="47.3355370" lon="6.3489461">
	<ele>266.21</ele>
	<time>1970-01-01T01:23:11.643Z</time>
</trkpt>
<trkpt lat="47.3359337" lon="6.3493428">
	<ele>266.62</ele>
	<time>1970-01-01T01:23:17.510Z</time>
</trkpt>
<trkpt lat="47.3361359" lon="6.3496132">
	<ele>266.39</ele>
	<time>1970-01-01T01:23:22.408Z</time>
</trkpt>
<trkpt lat="47.3363342" lon="6.3499870">
	<ele>265.13</ele>
	<time>1970-01-01T01:23:27.440Z</time>
</trkpt>
<trkpt lat="47.3365898" lon="6.3503470">
	<ele>265.94</ele>
	<time>1970-01-01T01:23:33.849Z</time>
</trkpt>
<trkpt lat="47.3369942" lon="6.3507590">
	<ele>266.57</ele>
	<time>1970-01-01T01:23:42.943Z</time>
</trkpt>
<trkpt lat="47.3372269" lon="6.3509369">
	<ele>265.95</ele>
	<time>1970-01-01T01:23:47.484Z</time>
</trkpt>
<trkpt lat="47.3372803" lon="6.3509789">
	<ele>265.34</ele>
	<time>1970-01-01T01:23:48.592Z</time>
</trkpt>
<trkpt lat="47.3376236" lon="6.3511910">
	<ele>265.66</ele>
	<time>1970-01-01T01:23:58.977Z</time>
</trkpt>
<trkpt lat="47.3380814" lon="6.3516550">
	<ele>265.36</ele>
	<time>1970-01-01T01:24:15.365Z</time>
</trkpt>
<trkpt lat="47.3383064" lon="6.3518600">
	<ele>265.48</ele>
	<time>1970-01-01T01:24:22.048Z</time>
</trkpt>
<trkpt lat="47.3387070" lon="6.3522019">
	<ele>265.56</ele>
	<time>1970-01-01T01:24:45.174Z</time>
</trkpt>
<trkpt lat="47.3389473" lon="6.3524799">
	<ele>263.88</ele>
	<time>1970-01-01T01:24:56.095Z</time>
</trkpt>
<trkpt lat="47.3395691" lon="6.3530469">
	<ele>265.10</ele>
	<time>1970-01-01T01:25:22.432Z</time>
</trkpt>
<trkpt lat="47.3397331" lon="6.3531728">
	<ele>265.39</ele>
	<time>1970-01-01T01:25:26.269Z</time>
</trkpt>
<trkpt lat="47.3399773" lon="6.3534298">
	<ele>264.81</ele>
	<time>1970-01-01T01:25:32.398Z</time>
</trkpt>
<trkpt lat="47.3401146" lon="6.3536382">
	<ele>264.24</ele>
	<time>1970-01-01T01:25:34.966Z</time>
</trkpt>
<trkpt lat="47.3407631" lon="6.3546472">
	<ele>264.68</ele>
	<time>1970-01-01T01:25:43.366Z</time>
</trkpt>
<trkpt lat="47.3408318" lon="6.3548040">
	<ele>264.49</ele>
	<time>1970-01-01T01:25:44.619Z</time>
</trkpt>
<trkpt lat="47.3410454" lon="6.3552432">
	<ele>264.63</ele>
	<time>1970-01-01T01:25:48.582Z</time>
</trkpt>
<trkpt lat="47.3411446" lon="6.3554692">
	<ele>263.76</ele>
	<time>1970-01-01T01:25:50.951Z</time>
</trkpt>
<trkpt lat="47.3405075" lon="6.3561282">
	<ele>266.12</ele>
	<time>1970-01-01T01:26:02.478Z</time>
</trkpt>
<trkpt lat="47.3404808" lon="6.3561559">
	<ele>266.16</ele>
	<time>1970-01-01T01:26:03.096Z</time>
</trkpt>
<trkpt lat="47.3419228" lon="6.3598838">
	<ele>267.97</ele>
	<time>1970-01-01T01:26:54.965Z</time>
</trkpt>
<trkpt lat="47.3420563" lon="6.3602681">
	<ele>266.02</ele>
	<time>1970-01-01T01:26:58.264Z</time>
</trkpt>
<trkpt lat="47.3419952" lon="6.3603530">
	<ele>265.95</ele>
	<time>1970-01-01T01:26:59.332Z</time>
</trkpt>
<trkpt lat="47.3419151" lon="6.3604922">
	<ele>266.59</ele>
	<time>1970-01-01T01:27:01.236Z</time>
</trkpt>
<trkpt lat="47.3418732" lon="6.3605852">
	<ele>267.05</ele>
	<time>1970-01-01T01:27:02.489Z</time>
</trkpt>
<trkpt lat="47.3419456" lon="6.3607459">
	<ele>268.48</ele>
	<time>1970-01-01T01:27:05.007Z</time>
</trkpt>
<trkpt lat="47.3420372" lon="6.3612490">
	<ele>267.87</ele>
	<time>1970-01-01T01:27:10.571Z</time>
</trkpt>
<trkpt lat="47.3420982" lon="6.3617020">
	<ele>267.07</ele>
	<time>1970-01-01T01:27:15.292Z</time>
</trkpt>
<trkpt lat="47.3421135" lon="6.3618598">
	<ele>267.98</ele>
	<time>1970-01-01T01:27:16.982Z</time>
</trkpt>
<trkpt lat="47.3420525" lon="6.3620720">
	<ele>269.14</ele>
	<time>1970-01-01T01:27:19.915Z</time>
</trkpt>
<trkpt lat="47.3420143" lon="6.3622899">
	<ele>267.86</ele>
	<time>1970-01-01T01:27:23.234Z</time>
</trkpt>
<trkpt lat="47.3412514" lon="6.3668590">
	<ele>270.30</ele>
	<time>1970-01-01T01:29:28.790Z</time>
</trkpt>
<trkpt lat="47.3412247" lon="6.3673401">
	<ele>271.36</ele>
	<time>1970-01-01T01:29:37.456Z</time>
</trkpt>
<trkpt lat="47.3412170" lon="6.3678088">
	<ele>270.14</ele>
	<time>1970-01-01T01:29:42.777Z</time>
</trkpt>
<trkpt lat="47.3412132" lon="6.3681102">
	<ele>270.48</ele>
	<time>1970-01-01T01:29:45.976Z</time>
</trkpt>
<trkpt lat="47.3412857" lon="6.3721418">
	<ele>267.97</ele>
	<time>1970-01-01T01:31:17.999Z</time>
</trkpt>
<trkpt lat="47.3412666" lon="6.3723841">
	<ele>267.66</ele>
	<time>1970-01-01T01:31:24.046Z</time>
</trkpt>
<trkpt lat="47.3411942" lon="6.3727031">
	<ele>269.50</ele>
	<time>1970-01-01T01:31:28.608Z</time>
</trkpt>
<trkpt lat="47.3412666" lon="6.3728962">
	<ele>266.54</ele>
	<time>1970-01-01T01:31:31.143Z</time>
</trkpt>
<trkpt lat="47.3414154" lon="6.3731971">
	<ele>265.49</ele>
	<time>1970-01-01T01:31:33.383Z</time>
</trkpt>
<trkpt lat="47.3414688" lon="6.3732872">
	<ele>265.88</ele>
	<time>1970-01-01T01:31:34.103Z</time>
</trkpt>
<trkpt lat="47.3416443" lon="6.3735690">
	<ele>267.82</ele>
	<time>1970-01-01T01:31:36.423Z</time>
</trkpt>
<trkpt lat="47.3419571" lon="6.3737040">
	<ele>266.02</ele>
	<time>1970-01-01T01:31:39.303Z</time>
</trkpt>
<trkpt lat="47.3422775" lon="6.3737521">
	<ele>265.57</ele>
	<time>1970-01-01T01:31:42.183Z</time>
</trkpt>
<trkpt lat="47.3424454" lon="6.3737869">
	<ele>266.33</ele>
	<time>1970-01-01T01:31:43.703Z</time>
</trkpt>
<trkpt lat="47.3427773" lon="6.3739090">
	<ele>266.03</ele>
	<time>1970-01-01T01:31:46.831Z</time>
</trkpt>
<trkpt lat="47.3430481" lon="6.3740392">
	<ele>265.54</ele>
	<time>1970-01-01T01:31:50.000Z</time>
</trkpt>
<trkpt lat="47.3431549" lon="6.3740549">
	<ele>265.94</ele>
	<time>1970-01-01T01:31:51.349Z</time>
</trkpt>
<trkpt lat="47.3433914" lon="6.3739891">
	<ele>266.43</ele>
	<time>1970-01-01T01:31:55.076Z</time>
</trkpt>
<trkpt lat="47.3440361" lon="6.3738451">
	<ele>267.32</ele>
	<time>1970-01-01T01:32:03.748Z</time>
</trkpt>
<trkpt lat="47.3444901" lon="6.3737602">
	<ele>266.93</ele>
	<time>1970-01-01T01:32:12.891Z</time>
</trkpt>
<trkpt lat="47.3447304" lon="6.3737230">
	<ele>267.69</ele>
	<time>1970-01-01T01:32:18.585Z</time>
</trkpt>
<trkpt lat="47.3449821" lon="6.3737192">
	<ele>267.58</ele>
	<time>1970-01-01T01:32:25.300Z</time>
</trkpt>
<trkpt lat="47.3452034" lon="6.3737440">
	<ele>267.75</ele>
	<time>1970-01-01T01:32:31.166Z</time>
</trkpt>
<trkpt lat="47.3458366" lon="6.3738499">
	<ele>267.44</ele>
	<time>1970-01-01T01:32:46.616Z</time>
</trkpt>
<trkpt lat="47.3460732" lon="6.3739338">
	<ele>266.73</ele>
	<time>1970-01-01T01:32:52.238Z</time>
</trkpt>
<trkpt lat="47.3463249" lon="6.3740401">
	<ele>267.20</ele>
	<time>1970-01-01T01:32:58.321Z</time>
</trkpt>
<trkpt lat="47.3465767" lon="6.3741140">
	<ele>267.15</ele>
	<time>1970-01-01T01:33:04.427Z</time>
</trkpt>
<trkpt lat="47.3469086" lon="6.3741722">
	<ele>266.10</ele>
	<time>1970-01-01T01:33:12.170Z</time>
</trkpt>
<trkpt lat="47.3475533" lon="6.3742399">
	<ele>267.11</ele>
	<time>1970-01-01T01:33:30.711Z</time>
</trkpt>
<trkpt lat="47.3479195" lon="6.3742342">
	<ele>267.07</ele>
	<time>1970-01-01T01:33:38.948Z</time>
</trkpt>
<trkpt lat="47.3484459" lon="6.3741732">
	<ele>268.52</ele>
	<time>1970-01-01T01:33:46.764Z</time>
</trkpt>
<trkpt lat="47.3489342" lon="6.3740411">
	<ele>268.34</ele>
	<time>1970-01-01T01:33:55.189Z</time>
</trkpt>
<trkpt lat="47.3494377" lon="6.3738680">
	<ele>268.69</ele>
	<time>1970-01-01T01:34:01.073Z</time>
</trkpt>
<trkpt lat="47.3497124" lon="6.3737550">
	<ele>268.44</ele>
	<time>1970-01-01T01:34:05.438Z</time>
</trkpt>
<trkpt lat="47.3502808" lon="6.3735399">
	<ele>267.94</ele>
	<time>1970-01-01T01:34:14.163Z</time>
</trkpt>
<trkpt lat="47.3505974" lon="6.3734579">
	<ele>267.76</ele>
	<time>1970-01-01T01:34:18.317Z</time>
</trkpt>
<trkpt lat="47.3507233" lon="6.3734598">
	<ele>267.80</ele>
	<time>1970-01-01T01:34:19.897Z</time>
</trkpt>
<trkpt lat="47.3507729" lon="6.3734832">
	<ele>268.21</ele>
	<time>1970-01-01T01:34:20.596Z</time>
</trkpt>
<trkpt lat="47.3508339" lon="6.3735170">
	<ele>268.75</ele>
	<time>1970-01-01T01:34:21.388Z</time>
</trkpt>
<trkpt lat="47.3510132" lon="6.3737521">
	<ele>269.99</ele>
	<time>1970-01-01T01:34:24.603Z</time>
</trkpt>
<trkpt lat="47.3510551" lon="6.3737669">
	<ele>269.98</ele>
	<time>1970-01-01T01:34:25.226Z</time>
</trkpt>
<trkpt lat="47.3511086" lon="6.3737559">
	<ele>269.59</ele>
	<time>1970-01-01T01:34:25.945Z</time>
</trkpt>
<trkpt lat="47.3511505" lon="6.3737020">
	<ele>268.80</ele>
	<time>1970-01-01T01:34:26.641Z</time>
</trkpt>
<trkpt lat="47.3512306" lon="6.3735681">
	<ele>268.64</ele>
	<time>1970-01-01T01:34:28.167Z</time>
</trkpt>
<trkpt lat="47.3513069" lon="6.3734560">
	<ele>269.05</ele>
	<time>1970-01-01T01:34:29.474Z</time>
</trkpt>
<trkpt lat="47.3513451" lon="6.3734179">
	<ele>268.88</ele>
	<time>1970-01-01T01:34:30.010Z</time>
</trkpt>
<trkpt lat="47.3513908" lon="6.3734078">
	<ele>268.74</ele>
	<time>1970-01-01T01:34:30.555Z</time>
</trkpt>
<trkpt lat="47.3514557" lon="6.3734398">
	<ele>268.79</ele>
	<time>1970-01-01T01:34:31.407Z</time>
</trkpt>
<trkpt lat="47.3516350" lon="6.3735628">
	<ele>269.54</ele>
	<time>1970-01-01T01:34:33.773Z</time>
</trkpt>
<trkpt lat="47.3517723" lon="6.3737130">
	<ele>270.69</ele>
	<time>1970-01-01T01:34:35.960Z</time>
</trkpt>
<trkpt lat="47.3519058" lon="6.3739061">
	<ele>270.93</ele>
	<time>1970-01-01T01:34:38.522Z</time>
</trkpt>
<trkpt lat="47.3520775" lon="6.3742251">
	<ele>269.55</ele>
	<time>1970-01-01T01:34:42.762Z</time>
</trkpt>
<trkpt lat="47.3523407" lon="6.3747401">
	<ele>268.08</ele>
	<time>1970-01-01T01:34:51.095Z</time>
</trkpt>
<trkpt lat="47.3525238" lon="6.3751359">
	<ele>271.20</ele>
	<time>1970-01-01T01:34:57.180Z</time>
</trkpt>
<trkpt lat="47.3526192" lon="6.3754449">
	<ele>269.20</ele>
	<time>1970-01-01T01:35:01.836Z</time>
</trkpt>
<trkpt lat="47.3527069" lon="6.3757682">
	<ele>269.26</ele>
	<time>1970-01-01T01:35:06.709Z</time>
</trkpt>
<trkpt lat="47.3528214" lon="6.3763671">
	<ele>270.76</ele>
	<time>1970-01-01T01:35:16.788Z</time>
</trkpt>
<trkpt lat="47.3528976" lon="6.3770642">
	<ele>267.10</ele>
	<time>1970-01-01T01:35:32.567Z</time>
</trkpt>
<trkpt lat="47.3529053" lon="6.3771281">
	<ele>267.09</ele>
	<time>1970-01-01T01:35:33.857Z</time>
</trkpt>
<trkpt lat="47.3529243" lon="6.3776498">
	<ele>268.12</ele>
	<time>1970-01-01T01:35:42.809Z</time>
</trkpt>
<trkpt lat="47.3529015" lon="6.3779950">
	<ele>269.16</ele>
	<time>1970-01-01T01:35:54.664Z</time>
</trkpt>
<trkpt lat="47.3528595" lon="6.3783908">
	<ele>271.44</ele>
	<time>1970-01-01T01:36:15.282Z</time>
</trkpt>
<trkpt lat="47.3527336" lon="6.3789492">
	<ele>269.33</ele>
	<time>1970-01-01T01:36:56.277Z</time>
</trkpt>
<trkpt lat="47.3526344" lon="6.3793812">
	<ele>268.97</ele>
	<time>1970-01-01T01:37:27.568Z</time>
</trkpt>
<trkpt lat="47.3524284" lon="6.3807449">
	<ele>268.68</ele>
	<time>1970-01-01T01:38:34.562Z</time>
</trkpt>
<trkpt lat="47.3522873" lon="6.3814688">
	<ele>267.63</ele>
	<time>1970-01-01T01:39:00.988Z</time>
</trkpt>
<trkpt lat="47.3521118" lon="6.3827610">
	<ele>267.13</ele>
	<time>1970-01-01T01:39:13.373Z</time>
</trkpt>
<trkpt lat="47.3520660" lon="6.3833489">
	<ele>269.24</ele>
	<time>1970-01-01T01:39:17.245Z</time>
</trkpt>
<trkpt lat="47.3517876" lon="6.3847990">
	<ele>268.31</ele>
	<time>1970-01-01T01:39:27.898Z</time>
</trkpt>
<trkpt lat="47.3517647" lon="6.3851151">
	<ele>267.92</ele>
	<time>1970-01-01T01:39:30.266Z</time>
</trkpt>
<trkpt lat="47.3517761" lon="6.3854079">
	<ele>268.14</ele>
	<time>1970-01-01T01:39:32.129Z</time>
</trkpt>
<trkpt lat="47.3518448" lon="6.3860731">
	<ele>268.57</ele>
	<time>1970-01-01T01:39:36.285Z</time>
</trkpt>
<trkpt lat="47.3520889" lon="6.3874021">
	<ele>269.33</ele>
	<time>1970-01-01T01:39:52.449Z</time>
</trkpt>
<trkpt lat="47.3525162" lon="6.3884439">
	<ele>270.21</ele>
	<time>1970-01-01T01:40:05.117Z</time>
</trkpt>
<trkpt lat="47.3527527" lon="6.3889689">
	<ele>269.45</ele>
	<time>1970-01-01T01:40:16.217Z</time>
</trkpt>
<trkpt lat="47.3529663" lon="6.3893518">
	<ele>268.82</ele>
	<time>1970-01-01T01:40:35.829Z</time>
</trkpt>
<trkpt lat="47.3532639" lon="6.3897920">
	<ele>270.23</ele>
	<time>1970-01-01T01:40:59.125Z</time>
</trkpt>
<trkpt lat="47.3536758" lon="6.3905520">
	<ele>271.23</ele>
	<time>1970-01-01T01:41:45.476Z</time>
</trkpt>
<trkpt lat="47.3541336" lon="6.3912430">
	<ele>270.49</ele>
	<time>1970-01-01T01:42:01.359Z</time>
</trkpt>
<trkpt lat="47.3544998" lon="6.3916788">
	<ele>269.08</ele>
	<time>1970-01-01T01:42:07.263Z</time>
</trkpt>
<trkpt lat="47.3547592" lon="6.3918738">
	<ele>269.56</ele>
	<time>1970-01-01T01:42:10.356Z</time>
</trkpt>
<trkpt lat="47.3560677" lon="6.3930821">
	<ele>268.24</ele>
	<time>1970-01-01T01:42:24.037Z</time>
</trkpt>
<trkpt lat="47.3567047" lon="6.3938608">
	<ele>268.73</ele>
	<time>1970-01-01T01:42:33.728Z</time>
</trkpt>
<trkpt lat="47.3571396" lon="6.3947902">
	<ele>267.65</ele>
	<time>1970-01-01T01:42:44.755Z</time>
</trkpt>
<trkpt lat="47.3575363" lon="6.3962498">
	<ele>268.40</ele>
	<time>1970-01-01T01:43:01.487Z</time>
</trkpt>
<trkpt lat="47.3576279" lon="6.3970699">
	<ele>268.10</ele>
	<time>1970-01-01T01:43:11.810Z</time>
</trkpt>
<trkpt lat="47.3576622" lon="6.3978829">
	<ele>267.74</ele>
	<time>1970-01-01T01:43:21.563Z</time>
</trkpt>
<trkpt lat="47.3576317" lon="6.3987832">
	<ele>268.74</ele>
	<time>1970-01-01T01:43:28.651Z</time>
</trkpt>
<trkpt lat="47.3576012" lon="6.3989439">
	<ele>269.89</ele>
	<time>1970-01-01T01:43:30.207Z</time>
</trkpt>
<trkpt lat="47.3575211" lon="6.3991680">
	<ele>270.90</ele>
	<time>1970-01-01T01:43:32.705Z</time>
</trkpt>
<trkpt lat="47.3574677" lon="6.3994269">
	<ele>271.02</ele>
	<time>1970-01-01T01:43:36.386Z</time>
</trkpt>
<trkpt lat="47.3574753" lon="6.3995352">
	<ele>271.07</ele>
	<time>1970-01-01T01:43:37.839Z</time>
</trkpt>
<trkpt lat="47.3575172" lon="6.3997002">
	<ele>270.95</ele>
	<time>1970-01-01T01:43:40.182Z</time>
</trkpt>
<trkpt lat="47.3575172" lon="6.3997979">
	<ele>270.72</ele>
	<time>1970-01-01T01:43:41.521Z</time>
</trkpt>
<trkpt lat="47.3573837" lon="6.4005761">
	<ele>268.68</ele>
	<time>1970-01-01T01:43:54.704Z</time>
</trkpt>
<trkpt lat="47.3572845" lon="6.4009900">
	<ele>270.32</ele>
	<time>1970-01-01T01:44:06.077Z</time>
</trkpt>
<trkpt lat="47.3570595" lon="6.4018621">
	<ele>268.50</ele>
	<time>1970-01-01T01:44:42.920Z</time>
</trkpt>
<trkpt lat="47.3567047" lon="6.4034190">
	<ele>270.18</ele>
	<time>1970-01-01T01:45:42.802Z</time>
</trkpt>
<trkpt lat="47.3565369" lon="6.4046531">
	<ele>272.14</ele>
	<time>1970-01-01T01:47:08.351Z</time>
</trkpt>
<trkpt lat="47.3564110" lon="6.4058828">
	<ele>269.16</ele>
	<time>1970-01-01T01:47:46.131Z</time>
</trkpt>
<trkpt lat="47.3563538" lon="6.4067521">
	<ele>269.72</ele>
	<time>1970-01-01T01:47:59.809Z</time>
</trkpt>
<trkpt lat="47.3563118" lon="6.4076071">
	<ele>269.64</ele>
	<time>1970-01-01T01:48:15.544Z</time>
</trkpt>
<trkpt lat="47.3564835" lon="6.4094582">
	<ele>269.24</ele>
	<time>1970-01-01T01:48:26.824Z</time>
</trkpt>
<trkpt lat="47.3565865" lon="6.4104390">
	<ele>269.19</ele>
	<time>1970-01-01T01:48:32.824Z</time>
</trkpt>
<trkpt lat="47.3569336" lon="6.4123001">
	<ele>269.08</ele>
	<time>1970-01-01T01:48:47.651Z</time>
</trkpt>
<trkpt lat="47.3573799" lon="6.4143829">
	<ele>268.78</ele>
	<time>1970-01-01T01:49:13.472Z</time>
</trkpt>
<trkpt lat="47.3574982" lon="6.4151392">
	<ele>269.07</ele>
	<time>1970-01-01T01:49:25.408Z</time>
</trkpt>
<trkpt lat="47.3577232" lon="6.4165678">
	<ele>268.05</ele>
	<time>1970-01-01T01:50:12.102Z</time>
</trkpt>
<trkpt lat="47.3578949" lon="6.4172759">
	<ele>267.68</ele>
	<time>1970-01-01T01:50:37.801Z</time>
</trkpt>
<trkpt lat="47.3582878" lon="6.4183321">
	<ele>268.61</ele>
	<time>1970-01-01T01:50:53.581Z</time>
</trkpt>
<trkpt lat="47.3584976" lon="6.4187102">
	<ele>269.28</ele>
	<time>1970-01-01T01:51:04.203Z</time>
</trkpt>
<trkpt lat="47.3586197" lon="6.4189062">
	<ele>270.04</ele>
	<time>1970-01-01T01:51:09.890Z</time>
</trkpt>
<trkpt lat="47.3587685" lon="6.4190450">
	<ele>269.67</ele>
	<time>1970-01-01T01:51:16.081Z</time>
</trkpt>
<trkpt lat="47.3590012" lon="6.4191618">
	<ele>269.43</ele>
	<time>1970-01-01T01:51:19.910Z</time>
</trkpt>
<trkpt lat="47.3591499" lon="6.4192080">
	<ele>269.20</ele>
	<time>1970-01-01T01:51:21.270Z</time>
</trkpt>
<trkpt lat="47.3596840" lon="6.4193201">
	<ele>269.13</ele>
	<time>1970-01-01T01:51:26.070Z</time>
</trkpt>
<trkpt lat="47.3600616" lon="6.4193678">
	<ele>269.54</ele>
	<time>1970-01-01T01:51:29.430Z</time>
</trkpt>
<trkpt lat="47.3606377" lon="6.4194231">
	<ele>269.91</ele>
	<time>1970-01-01T01:51:34.550Z</time>
</trkpt>
<trkpt lat="47.3612213" lon="6.4194422">
	<ele>269.99</ele>
	<time>1970-01-01T01:51:41.472Z</time>
</trkpt>
<trkpt lat="47.3615074" lon="6.4194121">
	<ele>269.85</ele>
	<time>1970-01-01T01:51:46.340Z</time>
</trkpt>
<trkpt lat="47.3622398" lon="6.4192958">
	<ele>269.02</ele>
	<time>1970-01-01T01:51:55.200Z</time>
</trkpt>
<trkpt lat="47.3637009" lon="6.4190040">
	<ele>269.97</ele>
	<time>1970-01-01T01:52:18.605Z</time>
</trkpt>
<trkpt lat="47.3638496" lon="6.4190202">
	<ele>271.06</ele>
	<time>1970-01-01T01:52:20.979Z</time>
</trkpt>
<trkpt lat="47.3643837" lon="6.4189601">
	<ele>271.14</ele>
	<time>1970-01-01T01:52:29.224Z</time>
</trkpt>
<trkpt lat="47.3645897" lon="6.4189658">
	<ele>270.81</ele>
	<time>1970-01-01T01:52:32.634Z</time>
</trkpt>
<trkpt lat="47.3654556" lon="6.4190440">
	<ele>270.31</ele>
	<time>1970-01-01T01:52:46.419Z</time>
</trkpt>
<trkpt lat="47.3658829" lon="6.4191670">
	<ele>271.81</ele>
	<time>1970-01-01T01:52:53.872Z</time>
</trkpt>
<trkpt lat="47.3668289" lon="6.4196210">
	<ele>270.86</ele>
	<time>1970-01-01T01:53:21.219Z</time>
</trkpt>
<trkpt lat="47.3685608" lon="6.4206100">
	<ele>270.40</ele>
	<time>1970-01-01T01:53:55.820Z</time>
</trkpt>
<trkpt lat="47.3689537" lon="6.4208908">
	<ele>271.77</ele>
	<time>1970-01-01T01:54:04.291Z</time>
</trkpt>
<trkpt lat="47.3693085" lon="6.4211760">
	<ele>271.24</ele>
	<time>1970-01-01T01:54:17.845Z</time>
</trkpt>
<trkpt lat="47.3697014" lon="6.4215550">
	<ele>271.44</ele>
	<time>1970-01-01T01:54:25.594Z</time>
</trkpt>
<trkpt lat="47.3699265" lon="6.4218159">
	<ele>271.27</ele>
	<time>1970-01-01T01:54:29.448Z</time>
</trkpt>
<trkpt lat="47.3702278" lon="6.4222040">
	<ele>270.89</ele>
	<time>1970-01-01T01:54:35.855Z</time>
</trkpt>
<trkpt lat="47.3704987" lon="6.4226260">
	<ele>271.50</ele>
	<time>1970-01-01T01:54:41.931Z</time>
</trkpt>
<trkpt lat="47.3706627" lon="6.4229031">
	<ele>271.31</ele>
	<time>1970-01-01T01:54:46.018Z</time>
</trkpt>
<trkpt lat="47.3709259" lon="6.4234161">
	<ele>270.65</ele>
	<time>1970-01-01T01:54:55.080Z</time>
</trkpt>
<trkpt lat="47.3710594" lon="6.4237289">
	<ele>269.90</ele>
	<time>1970-01-01T01:55:00.483Z</time>
</trkpt>
<trkpt lat="47.3713074" lon="6.4243088">
	<ele>270.67</ele>
	<time>1970-01-01T01:55:08.240Z</time>
</trkpt>
<trkpt lat="47.3714828" lon="6.4247508">
	<ele>270.69</ele>
	<time>1970-01-01T01:55:13.438Z</time>
</trkpt>
<trkpt lat="47.3715782" lon="6.4250040">
	<ele>270.30</ele>
	<time>1970-01-01T01:55:16.102Z</time>
</trkpt>
<trkpt lat="47.3716354" lon="6.4251881">
	<ele>272.21</ele>
	<time>1970-01-01T01:55:18.111Z</time>
</trkpt>
<trkpt lat="47.3716660" lon="6.4254031">
	<ele>273.26</ele>
	<time>1970-01-01T01:55:20.459Z</time>
</trkpt>
<trkpt lat="47.3716660" lon="6.4256368">
	<ele>272.81</ele>
	<time>1970-01-01T01:55:23.335Z</time>
</trkpt>
<trkpt lat="47.3716431" lon="6.4257922">
	<ele>272.31</ele>
	<time>1970-01-01T01:55:25.392Z</time>
</trkpt>
<trkpt lat="47.3716316" lon="6.4258499">
	<ele>272.05</ele>
	<time>1970-01-01T01:55:26.307Z</time>
</trkpt>
<trkpt lat="47.3715630" lon="6.4260459">
	<ele>271.24</ele>
	<time>1970-01-01T01:55:30.570Z</time>
</trkpt>
<trkpt lat="47.3713036" lon="6.4264870">
	<ele>272.42</ele>
	<time>1970-01-01T01:55:45.015Z</time>
</trkpt>
<trkpt lat="47.3712082" lon="6.4266701">
	<ele>271.52</ele>
	<time>1970-01-01T01:55:52.545Z</time>
</trkpt>
<trkpt lat="47.3711319" lon="6.4268470">
	<ele>271.99</ele>
	<time>1970-01-01T01:55:58.241Z</time>
</trkpt>
<trkpt lat="47.3710861" lon="6.4269228">
	<ele>272.79</ele>
	<time>1970-01-01T01:56:00.883Z</time>
</trkpt>
<trkpt lat="47.3710060" lon="6.4270058">
	<ele>274.63</ele>
	<time>1970-01-01T01:56:04.322Z</time>
</trkpt>
<trkpt lat="47.3709106" lon="6.4270492">
	<ele>276.31</ele>
	<time>1970-01-01T01:56:07.962Z</time>
</trkpt>
<trkpt lat="47.3706131" lon="6.4271131">
	<ele>275.41</ele>
	<time>1970-01-01T01:56:23.742Z</time>
</trkpt>
<trkpt lat="47.3704338" lon="6.4271889">
	<ele>274.38</ele>
	<time>1970-01-01T01:56:33.305Z</time>
</trkpt>
<trkpt lat="47.3702621" lon="6.4272332">
	<ele>274.53</ele>
	<time>1970-01-01T01:56:41.877Z</time>
</trkpt>
<trkpt lat="47.3701134" lon="6.4272251">
	<ele>273.37</ele>
	<time>1970-01-01T01:56:50.425Z</time>
</trkpt>
<trkpt lat="47.3697166" lon="6.4271402">
	<ele>275.18</ele>
	<time>1970-01-01T01:57:28.467Z</time>
</trkpt>
<trkpt lat="47.3694572" lon="6.4271531">
	<ele>275.07</ele>
	<time>1970-01-01T01:57:53.280Z</time>
</trkpt>
<trkpt lat="47.3693314" lon="6.4271770">
	<ele>274.61</ele>
	<time>1970-01-01T01:58:04.327Z</time>
</trkpt>
<trkpt lat="47.3691940" lon="6.4272442">
	<ele>272.68</ele>
	<time>1970-01-01T01:58:15.417Z</time>
</trkpt>
<trkpt lat="47.3690338" lon="6.4273610">
	<ele>274.49</ele>
	<time>1970-01-01T01:58:27.339Z</time>
</trkpt>
<trkpt lat="47.3687592" lon="6.4275360">
	<ele>273.43</ele>
	<time>1970-01-01T01:58:48.135Z</time>
</trkpt>
<trkpt lat="47.3685074" lon="6.4276719">
	<ele>273.86</ele>
	<time>1970-01-01T01:59:06.133Z</time>
</trkpt>
<trkpt lat="47.3682098" lon="6.4279041">
	<ele>272.17</ele>
	<time>1970-01-01T01:59:19.031Z</time>
</trkpt>
<trkpt lat="47.3679428" lon="6.4282622">
	<ele>271.03</ele>
	<time>1970-01-01T01:59:24.113Z</time>
</trkpt>
<trkpt lat="47.3677483" lon="6.4287000">
	<ele>271.56</ele>
	<time>1970-01-01T01:59:28.431Z</time>
</trkpt>
<trkpt lat="47.3676376" lon="6.4290199">
	<ele>271.69</ele>
	<time>1970-01-01T01:59:30.591Z</time>
</trkpt>
<trkpt lat="47.3675537" lon="6.4293332">
	<ele>272.17</ele>
	<time>1970-01-01T01:59:32.591Z</time>
</trkpt>
<trkpt lat="47.3674622" lon="6.4297080">
	<ele>271.85</ele>
	<time>1970-01-01T01:59:34.994Z</time>
</trkpt>
<trkpt lat="47.3671188" lon="6.4315581">
	<ele>270.55</ele>
	<time>1970-01-01T01:59:54.393Z</time>
</trkpt>
<trkpt lat="47.3668747" lon="6.4334679">
	<ele>270.10</ele>
	<time>1970-01-01T02:00:14.141Z</time>
</trkpt>
<trkpt lat="47.3667450" lon="6.4349031">
	<ele>271.25</ele>
	<time>1970-01-01T02:00:22.861Z</time>
</trkpt>
<trkpt lat="47.3666801" lon="6.4358668">
	<ele>270.98</ele>
	<time>1970-01-01T02:00:29.771Z</time>
</trkpt>
<trkpt lat="47.3665466" lon="6.4370642">
	<ele>270.77</ele>
	<time>1970-01-01T02:00:44.903Z</time>
</trkpt>
<trkpt lat="47.3665276" lon="6.4372611">
	<ele>271.34</ele>
	<time>1970-01-01T02:00:46.530Z</time>
</trkpt>
<trkpt lat="47.3665314" lon="6.4375892">
	<ele>271.27</ele>
	<time>1970-01-01T02:00:50.046Z</time>
</trkpt>
<trkpt lat="47.3665123" lon="6.4379950">
	<ele>271.56</ele>
	<time>1970-01-01T02:00:56.505Z</time>
</trkpt>
<trkpt lat="47.3663979" lon="6.4387879">
	<ele>271.29</ele>
	<time>1970-01-01T02:01:11.773Z</time>
</trkpt>
<trkpt lat="47.3663025" lon="6.4391952">
	<ele>270.58</ele>
	<time>1970-01-01T02:01:18.646Z</time>
</trkpt>
<trkpt lat="47.3662148" lon="6.4394822">
	<ele>270.79</ele>
	<time>1970-01-01T02:01:24.862Z</time>
</trkpt>
<trkpt lat="47.3660278" lon="6.4399371">
	<ele>271.58</ele>
	<time>1970-01-01T02:01:32.592Z</time>
</trkpt>
<trkpt lat="47.3656044" lon="6.4407640">
	<ele>273.04</ele>
	<time>1970-01-01T02:01:56.479Z</time>
</trkpt>
<trkpt lat="47.3651962" lon="6.4416542">
	<ele>274.52</ele>
	<time>1970-01-01T02:02:15.288Z</time>
</trkpt>
<trkpt lat="47.3648224" lon="6.4425349">
	<ele>275.03</ele>
	<time>1970-01-01T02:02:40.835Z</time>
</trkpt>
<trkpt lat="47.3640556" lon="6.4439001">
	<ele>274.40</ele>
	<time>1970-01-01T02:03:49.771Z</time>
</trkpt>
<trkpt lat="47.3628578" lon="6.4466639">
	<ele>276.45</ele>
	<time>1970-01-01T02:04:54.130Z</time>
</trkpt>
<trkpt lat="47.3628235" lon="6.4467602">
	<ele>274.86</ele>
	<time>1970-01-01T02:04:55.703Z</time>
</trkpt>
<trkpt lat="47.3624573" lon="6.4478741">
	<ele>275.27</ele>
	<time>1970-01-01T02:05:20.691Z</time>
</trkpt>
<trkpt lat="47.3623772" lon="6.4485478">
	<ele>277.94</ele>
	<time>1970-01-01T02:05:33.445Z</time>
</trkpt>
<trkpt lat="47.3623543" lon="6.4494920">
	<ele>276.33</ele>
	<time>1970-01-01T02:05:48.065Z</time>
</trkpt>
<trkpt lat="47.3624268" lon="6.4503522">
	<ele>274.67</ele>
	<time>1970-01-01T02:05:57.220Z</time>
</trkpt>
<trkpt lat="47.3625107" lon="6.4506378">
	<ele>272.74</ele>
	<time>1970-01-01T02:05:59.758Z</time>
</trkpt>
<trkpt lat="47.3626060" lon="6.4509811">
	<ele>274.86</ele>
	<time>1970-01-01T00:40:57.241Z</time>
</trkpt>
<trkpt lat="47.3627663" lon="6.4512749">
	<ele>273.67</ele>
	<time>1970-01-01T00:41:00.325Z</time>
</trkpt>
<trkpt lat="47.3630257" lon="6.4516101">
	<ele>274.48</ele>
	<time>1970-01-01T00:41:03.365Z</time>
</trkpt>
<trkpt lat="47.3632584" lon="6.4519358">
	<ele>274.20</ele>
	<time>1970-01-01T00:41:06.245Z</time>
</trkpt>
<trkpt lat="47.3634796" lon="6.4521918">
	<ele>273.27</ele>
	<time>1970-01-01T00:41:08.725Z</time>
</trkpt>
<trkpt lat="47.3637238" lon="6.4524488">
	<ele>273.29</ele>
	<time>1970-01-01T00:41:11.365Z</time>
</trkpt>
<trkpt lat="47.3638229" lon="6.4524822">
	<ele>273.16</ele>
	<time>1970-01-01T00:41:12.245Z</time>
</trkpt>
<trkpt lat="47.3640366" lon="6.4525032">
	<ele>272.41</ele>
	<time>1970-01-01T00:41:14.165Z</time>
</trkpt>
<trkpt lat="47.3641815" lon="6.4525528">
	<ele>271.96</ele>
	<time>1970-01-01T00:41:15.445Z</time>
</trkpt>
<trkpt lat="47.3644409" lon="6.4526811">
	<ele>272.68</ele>
	<time>1970-01-01T00:41:18.360Z</time>
</trkpt>
<trkpt lat="47.3655243" lon="6.4530172">
	<ele>272.95</ele>
	<time>1970-01-01T00:41:35.807Z</time>
</trkpt>
<trkpt lat="47.3658333" lon="6.4530821">
	<ele>272.06</ele>
	<time>1970-01-01T00:41:40.960Z</time>
</trkpt>
<trkpt lat="47.3661270" lon="6.4531169">
	<ele>272.15</ele>
	<time>1970-01-01T00:41:45.729Z</time>
</trkpt>
<trkpt lat="47.3667946" lon="6.4531441">
	<ele>272.28</ele>
	<time>1970-01-01T00:41:56.549Z</time>
</trkpt>
<trkpt lat="47.3675385" lon="6.4531598">
	<ele>271.96</ele>
	<time>1970-01-01T00:42:10.182Z</time>
</trkpt>
<trkpt lat="47.3678894" lon="6.4532361">
	<ele>272.30</ele>
	<time>1970-01-01T00:42:15.310Z</time>
</trkpt>
<trkpt lat="47.3682442" lon="6.4532251">
	<ele>272.68</ele>
	<time>1970-01-01T00:42:20.472Z</time>
</trkpt>
<trkpt lat="47.3686409" lon="6.4532571">
	<ele>272.77</ele>
	<time>1970-01-01T00:42:25.302Z</time>
</trkpt>
<trkpt lat="47.3690491" lon="6.4533582">
	<ele>273.11</ele>
	<time>1970-01-01T00:42:33.986Z</time>
</trkpt>
<trkpt lat="47.3694687" lon="6.4535379">
	<ele>272.78</ele>
	<time>1970-01-01T00:42:42.815Z</time>
</trkpt>
<trkpt lat="47.3699226" lon="6.4538021">
	<ele>272.80</ele>
	<time>1970-01-01T00:42:51.315Z</time>
</trkpt>
<trkpt lat="47.3703308" lon="6.4540739">
	<ele>272.65</ele>
	<time>1970-01-01T00:42:58.594Z</time>
</trkpt>
<trkpt lat="47.3708572" lon="6.4545469">
	<ele>273.04</ele>
	<time>1970-01-01T00:43:06.865Z</time>
</trkpt>
<trkpt lat="47.3719254" lon="6.4555740">
	<ele>272.08</ele>
	<time>1970-01-01T00:43:24.118Z</time>
</trkpt>
<trkpt lat="47.3722687" lon="6.4559770">
	<ele>272.42</ele>
	<time>1970-01-01T00:43:31.355Z</time>
</trkpt>
<trkpt lat="47.3726349" lon="6.4564672">
	<ele>272.69</ele>
	<time>1970-01-01T00:43:44.454Z</time>
</trkpt>
<trkpt lat="47.3730507" lon="6.4569860">
	<ele>273.06</ele>
	<time>1970-01-01T00:43:56.049Z</time>
</trkpt>
<trkpt lat="47.3732224" lon="6.4573140">
	<ele>272.35</ele>
	<time>1970-01-01T00:44:00.116Z</time>
</trkpt>
<trkpt lat="47.3733482" lon="6.4576650">
	<ele>272.59</ele>
	<time>1970-01-01T00:44:03.431Z</time>
</trkpt>
<trkpt lat="47.3734169" lon="6.4580069">
	<ele>272.69</ele>
	<time>1970-01-01T00:44:06.845Z</time>
</trkpt>
<trkpt lat="47.3735046" lon="6.4585242">
	<ele>272.23</ele>
	<time>1970-01-01T00:44:13.197Z</time>
</trkpt>
<trkpt lat="47.3735695" lon="6.4589930">
	<ele>272.52</ele>
	<time>1970-01-01T00:44:22.488Z</time>
</trkpt>
<trkpt lat="47.3735504" lon="6.4591341">
	<ele>273.46</ele>
	<time>1970-01-01T00:44:25.439Z</time>
</trkpt>
<trkpt lat="47.3734856" lon="6.4591899">
	<ele>274.38</ele>
	<time>1970-01-01T00:44:27.635Z</time>
</trkpt>
<trkpt lat="47.3730888" lon="6.4593968">
	<ele>277.52</ele>
	<time>1970-01-01T00:44:36.832Z</time>
</trkpt>
<trkpt lat="47.3728981" lon="6.4594769">
	<ele>279.80</ele>
	<time>1970-01-01T00:44:42.464Z</time>
</trkpt>
<trkpt lat="47.3726921" lon="6.4597192">
	<ele>280.92</ele>
	<time>1970-01-01T00:44:53.301Z</time>
</trkpt>
<trkpt lat="47.3719444" lon="6.4611211">
	<ele>286.96</ele>
	<time>1970-01-01T00:46:03.160Z</time>
</trkpt>
<trkpt lat="47.3717117" lon="6.4616952">
	<ele>289.01</ele>
	<time>1970-01-01T00:46:29.383Z</time>
</trkpt>
<trkpt lat="47.3714333" lon="6.4625492">
	<ele>288.94</ele>
	<time>1970-01-01T00:46:43.708Z</time>
</trkpt>
<trkpt lat="47.3712425" lon="6.4630661">
	<ele>290.01</ele>
	<time>1970-01-01T00:46:51.353Z</time>
</trkpt>
<trkpt lat="47.3711128" lon="6.4633098">
	<ele>290.10</ele>
	<time>1970-01-01T00:46:56.652Z</time>
</trkpt>
<trkpt lat="47.3708839" lon="6.4636431">
	<ele>291.07</ele>
	<time>1970-01-01T00:47:07.108Z</time>
</trkpt>
<trkpt lat="47.3706093" lon="6.4639091">
	<ele>291.22</ele>
	<time>1970-01-01T00:47:19.392Z</time>
</trkpt>
<trkpt lat="47.3705330" lon="6.4639621">
	<ele>292.05</ele>
	<time>1970-01-01T00:47:22.415Z</time>
</trkpt>
<trkpt lat="47.3698502" lon="6.4644279">
	<ele>294.81</ele>
	<time>1970-01-01T00:48:06.720Z</time>
</trkpt>
<trkpt lat="47.3694000" lon="6.4647479">
	<ele>296.14</ele>
	<time>1970-01-01T00:48:28.645Z</time>
</trkpt>
<trkpt lat="47.3692398" lon="6.4649081">
	<ele>296.68</ele>
	<time>1970-01-01T00:48:35.864Z</time>
</trkpt>
<trkpt lat="47.3690796" lon="6.4651160">
	<ele>297.31</ele>
	<time>1970-01-01T00:48:43.615Z</time>
</trkpt>
<trkpt lat="47.3679276" lon="6.4670768">
	<ele>308.58</ele>
	<time>1970-01-01T00:50:25.137Z</time>
</trkpt>
<trkpt lat="47.3678207" lon="6.4673009">
	<ele>309.78</ele>
	<time>1970-01-01T00:50:32.069Z</time>
</trkpt>
<trkpt lat="47.3676758" lon="6.4678359">
	<ele>311.18</ele>
	<time>1970-01-01T00:50:50.295Z</time>
</trkpt>
<trkpt lat="47.3675919" lon="6.4680262">
	<ele>312.40</ele>
	<time>1970-01-01T00:50:57.434Z</time>
</trkpt>
<trkpt lat="47.3676682" lon="6.4688101">
	<ele>311.82</ele>
	<time>1970-01-01T00:51:17.160Z</time>
</trkpt>
<trkpt lat="47.3678093" lon="6.4699039">
	<ele>311.81</ele>
	<time>1970-01-01T00:51:32.782Z</time>
</trkpt>
<trkpt lat="47.3678169" lon="6.4706831">
	<ele>313.21</ele>
	<time>1970-01-01T00:51:48.625Z</time>
</trkpt>
<trkpt lat="47.3678055" lon="6.4710622">
	<ele>313.74</ele>
	<time>1970-01-01T00:51:56.948Z</time>
</trkpt>
<trkpt lat="47.3677979" lon="6.4712081">
	<ele>314.16</ele>
	<time>1970-01-01T00:52:00.200Z</time>
</trkpt>
<trkpt lat="47.3676872" lon="6.4724069">
	<ele>317.24</ele>
	<time>1970-01-01T00:52:28.509Z</time>
</trkpt>
<trkpt lat="47.3675575" lon="6.4735351">
	<ele>317.90</ele>
	<time>1970-01-01T00:53:01.046Z</time>
</trkpt>
<trkpt lat="47.3675117" lon="6.4737182">
	<ele>317.57</ele>
	<time>1970-01-01T00:53:04.961Z</time>
</trkpt>
<trkpt lat="47.3673897" lon="6.4742012">
	<ele>316.22</ele>
	<time>1970-01-01T00:53:13.136Z</time>
</trkpt>
<trkpt lat="47.3673134" lon="6.4747992">
	<ele>318.39</ele>
	<time>1970-01-01T00:53:24.312Z</time>
</trkpt>
<trkpt lat="47.3672905" lon="6.4753828">
	<ele>320.31</ele>
	<time>1970-01-01T00:53:37.310Z</time>
</trkpt>
<trkpt lat="47.3671913" lon="6.4770622">
	<ele>315.47</ele>
	<time>1970-01-01T00:54:09.604Z</time>
</trkpt>
<trkpt lat="47.3672485" lon="6.4779510">
	<ele>313.20</ele>
	<time>1970-01-01T00:54:21.354Z</time>
</trkpt>
<trkpt lat="47.3673363" lon="6.4788189">
	<ele>315.07</ele>
	<time>1970-01-01T00:54:30.692Z</time>
</trkpt>
<trkpt lat="47.3673477" lon="6.4789371">
	<ele>314.84</ele>
	<time>1970-01-01T00:54:32.034Z</time>
</trkpt>
<trkpt lat="47.3673706" lon="6.4792638">
	<ele>313.56</ele>
	<time>1970-01-01T00:54:35.824Z</time>
</trkpt>
<trkpt lat="47.3674812" lon="6.4796152">
	<ele>311.53</ele>
	<time>1970-01-01T00:54:40.588Z</time>
</trkpt>
<trkpt lat="47.3675766" lon="6.4798689">
	<ele>310.70</ele>
	<time>1970-01-01T00:54:43.215Z</time>
</trkpt>
<trkpt lat="47.3676910" lon="6.4801130">
	<ele>309.99</ele>
	<time>1970-01-01T00:54:45.458Z</time>
</trkpt>
<trkpt lat="47.3677139" lon="6.4805269">
	<ele>309.47</ele>
	<time>1970-01-01T00:54:48.554Z</time>
</trkpt>
<trkpt lat="47.3676910" lon="6.4810891">
	<ele>309.29</ele>
	<time>1970-01-01T00:54:53.087Z</time>
</trkpt>
<trkpt lat="47.3676758" lon="6.4814301">
	<ele>308.90</ele>
	<time>1970-01-01T00:54:56.160Z</time>
</trkpt>
<trkpt lat="47.3676300" lon="6.4818401">
	<ele>308.26</ele>
	<time>1970-01-01T00:54:59.488Z</time>
</trkpt>
<trkpt lat="47.3675499" lon="6.4820290">
	<ele>307.52</ele>
	<time>1970-01-01T00:55:01.300Z</time>
</trkpt>
<trkpt lat="47.3672295" lon="6.4830871">
	<ele>302.58</ele>
	<time>1970-01-01T00:55:08.340Z</time>
</trkpt>
<trkpt lat="47.3672180" lon="6.4832158">
	<ele>302.29</ele>
	<time>1970-01-01T00:55:09.199Z</time>
</trkpt>
<trkpt lat="47.3672218" lon="6.4833350">
	<ele>302.01</ele>
	<time>1970-01-01T00:55:09.918Z</time>
</trkpt>
<trkpt lat="47.3672409" lon="6.4835448">
	<ele>302.13</ele>
	<time>1970-01-01T00:55:11.306Z</time>
</trkpt>
<trkpt lat="47.3673820" lon="6.4838138">
	<ele>301.74</ele>
	<time>1970-01-01T00:55:13.386Z</time>
</trkpt>
<trkpt lat="47.3674812" lon="6.4840231">
	<ele>300.00</ele>
	<time>1970-01-01T00:55:14.906Z</time>
</trkpt>
<trkpt lat="47.3675537" lon="6.4841971">
	<ele>298.47</ele>
	<time>1970-01-01T00:55:16.106Z</time>
</trkpt>
<trkpt lat="47.3676071" lon="6.4843798">
	<ele>298.91</ele>
	<time>1970-01-01T00:55:17.306Z</time>
</trkpt>
<trkpt lat="47.3676491" lon="6.4845982">
	<ele>298.65</ele>
	<time>1970-01-01T00:55:18.666Z</time>
</trkpt>
<trkpt lat="47.3676720" lon="6.4848680">
	<ele>297.37</ele>
	<time>1970-01-01T00:55:20.470Z</time>
</trkpt>
<trkpt lat="47.3676414" lon="6.4862452">
	<ele>290.21</ele>
	<time>1970-01-01T00:55:36.975Z</time>
</trkpt>
<trkpt lat="47.3676262" lon="6.4872060">
	<ele>288.62</ele>
	<time>1970-01-01T00:55:50.818Z</time>
</trkpt>
<trkpt lat="47.3676529" lon="6.4876170">
	<ele>287.29</ele>
	<time>1970-01-01T00:55:56.391Z</time>
</trkpt>
<trkpt lat="47.3676987" lon="6.4880919">
	<ele>287.38</ele>
	<time>1970-01-01T00:56:03.113Z</time>
</trkpt>
<trkpt lat="47.3678970" lon="6.4892912">
	<ele>282.79</ele>
	<time>1970-01-01T00:56:14.979Z</time>
</trkpt>
<trkpt lat="47.3683548" lon="6.4912882">
	<ele>275.31</ele>
	<time>1970-01-01T00:56:27.699Z</time>
</trkpt>
<trkpt lat="47.3686676" lon="6.4924860">
	<ele>276.58</ele>
	<time>1970-01-01T00:56:43.993Z</time>
</trkpt>
<trkpt lat="47.3698082" lon="6.4958148">
	<ele>280.55</ele>
	<time>1970-01-01T00:57:23.684Z</time>
</trkpt>
<trkpt lat="47.3705063" lon="6.4972849">
	<ele>281.03</ele>
	<time>1970-01-01T00:57:45.847Z</time>
</trkpt>
<trkpt lat="47.3708725" lon="6.4979901">
	<ele>279.18</ele>
	<time>1970-01-01T00:57:55.953Z</time>
</trkpt>
<trkpt lat="47.3712311" lon="6.4987330">
	<ele>281.82</ele>
	<time>1970-01-01T00:58:05.919Z</time>
</trkpt>
<trkpt lat="47.3716202" lon="6.4997239">
	<ele>284.60</ele>
	<time>1970-01-01T00:58:19.326Z</time>
</trkpt>
<trkpt lat="47.3717537" lon="6.4999261">
	<ele>285.19</ele>
	<time>1970-01-01T00:58:22.698Z</time>
</trkpt>
<trkpt lat="47.3720436" lon="6.5002928">
	<ele>285.41</ele>
	<time>1970-01-01T00:58:30.500Z</time>
</trkpt>
<trkpt lat="47.3722572" lon="6.5005202">
	<ele>284.71</ele>
	<time>1970-01-01T00:58:35.061Z</time>
</trkpt>
<trkpt lat="47.3726082" lon="6.5007939">
	<ele>283.30</ele>
	<time>1970-01-01T00:58:39.757Z</time>
</trkpt>
<trkpt lat="47.3728447" lon="6.5009332">
	<ele>280.52</ele>
	<time>1970-01-01T00:58:44.353Z</time>
</trkpt>
<trkpt lat="47.3729172" lon="6.5010738">
	<ele>279.88</ele>
	<time>1970-01-01T00:58:45.816Z</time>
</trkpt>
<trkpt lat="47.3729362" lon="6.5011969">
	<ele>280.15</ele>
	<time>1970-01-01T00:58:47.450Z</time>
</trkpt>
<trkpt lat="47.3730698" lon="6.5012131">
	<ele>279.80</ele>
	<time>1970-01-01T00:58:49.400Z</time>
</trkpt>
<trkpt lat="47.3732147" lon="6.5012841">
	<ele>279.95</ele>
	<time>1970-01-01T00:58:51.816Z</time>
</trkpt>
<trkpt lat="47.3736076" lon="6.5013800">
	<ele>279.85</ele>
	<time>1970-01-01T00:58:58.006Z</time>
</trkpt>
<trkpt lat="47.3738327" lon="6.5014749">
	<ele>279.29</ele>
	<time>1970-01-01T00:59:02.589Z</time>
</trkpt>
<trkpt lat="47.3742104" lon="6.5016999">
	<ele>278.03</ele>
	<time>1970-01-01T00:59:14.426Z</time>
</trkpt>
<trkpt lat="47.3748016" lon="6.5021439">
	<ele>277.97</ele>
	<time>1970-01-01T00:59:24.965Z</time>
</trkpt>
<trkpt lat="47.3752251" lon="6.5025358">
	<ele>278.08</ele>
	<time>1970-01-01T00:59:32.157Z</time>
</trkpt>
<trkpt lat="47.3764305" lon="6.5035162">
	<ele>277.64</ele>
	<time>1970-01-01T00:59:58.492Z</time>
</trkpt>
<trkpt lat="47.3769913" lon="6.5038800">
	<ele>278.41</ele>
	<time>1970-01-01T01:00:17.495Z</time>
</trkpt>
<trkpt lat="47.3771362" lon="6.5039520">
	<ele>279.27</ele>
	<time>1970-01-01T01:00:21.463Z</time>
</trkpt>
<trkpt lat="47.3773956" lon="6.5040488">
	<ele>279.74</ele>
	<time>1970-01-01T01:00:30.724Z</time>
</trkpt>
<trkpt lat="47.3781891" lon="6.5042410">
	<ele>278.99</ele>
	<time>1970-01-01T01:00:48.347Z</time>
</trkpt>
<trkpt lat="47.3785782" lon="6.5043120">
	<ele>278.74</ele>
	<time>1970-01-01T01:00:57.847Z</time>
</trkpt>
<trkpt lat="47.3792839" lon="6.5044770">
	<ele>279.03</ele>
	<time>1970-01-01T01:01:13.027Z</time>
</trkpt>
<trkpt lat="47.3801270" lon="6.5047231">
	<ele>279.09</ele>
	<time>1970-01-01T01:01:29.124Z</time>
</trkpt>
<trkpt lat="47.3808174" lon="6.5050030">
	<ele>278.15</ele>
	<time>1970-01-01T01:01:42.568Z</time>
</trkpt>
<trkpt lat="47.3814240" lon="6.5051818">
	<ele>277.21</ele>
	<time>1970-01-01T01:01:50.325Z</time>
</trkpt>
<trkpt lat="47.3817558" lon="6.5052629">
	<ele>278.25</ele>
	<time>1970-01-01T01:01:54.771Z</time>
</trkpt>
<trkpt lat="47.3818779" lon="6.5052748">
	<ele>278.84</ele>
	<time>1970-01-01T01:01:56.669Z</time>
</trkpt>
<trkpt lat="47.3824463" lon="6.5052691">
	<ele>278.77</ele>
	<time>1970-01-01T01:02:04.981Z</time>
</trkpt>
<trkpt lat="47.3828964" lon="6.5052838">
	<ele>279.17</ele>
	<time>1970-01-01T01:02:13.950Z</time>
</trkpt>
<trkpt lat="47.3831024" lon="6.5052261">
	<ele>279.25</ele>
	<time>1970-01-01T01:02:18.430Z</time>
</trkpt>
<trkpt lat="47.3835373" lon="6.5048981">
	<ele>278.36</ele>
	<time>1970-01-01T01:02:30.541Z</time>
</trkpt>
<trkpt lat="47.3835945" lon="6.5048542">
	<ele>278.52</ele>
	<time>1970-01-01T01:02:31.989Z</time>
</trkpt>
<trkpt lat="47.3836937" lon="6.5048051">
	<ele>279.21</ele>
	<time>1970-01-01T01:02:34.544Z</time>
</trkpt>
<trkpt lat="47.3844757" lon="6.5044718">
	<ele>282.57</ele>
	<time>1970-01-01T01:02:51.525Z</time>
</trkpt>
<trkpt lat="47.3847198" lon="6.5043540">
	<ele>284.17</ele>
	<time>1970-01-01T01:02:57.495Z</time>
</trkpt>
<trkpt lat="47.3851700" lon="6.5041060">
	<ele>284.92</ele>
	<time>1970-01-01T01:03:13.711Z</time>
</trkpt>
<trkpt lat="47.3859253" lon="6.5036540">
	<ele>289.46</ele>
	<time>1970-01-01T01:03:48.694Z</time>
</trkpt>
<trkpt lat="47.3865280" lon="6.5032668">
	<ele>292.55</ele>
	<time>1970-01-01T01:04:14.502Z</time>
</trkpt>
<trkpt lat="47.3868904" lon="6.5029740">
	<ele>293.22</ele>
	<time>1970-01-01T01:04:31.224Z</time>
</trkpt>
<trkpt lat="47.3875656" lon="6.5023661">
	<ele>297.29</ele>
	<time>1970-01-01T01:04:51.852Z</time>
</trkpt>
<trkpt lat="47.3878937" lon="6.5020552">
	<ele>297.69</ele>
	<time>1970-01-01T01:05:00.371Z</time>
</trkpt>
<trkpt lat="47.3881111" lon="6.5019550">
	<ele>300.04</ele>
	<time>1970-01-01T01:05:06.802Z</time>
</trkpt>
<trkpt lat="47.3884506" lon="6.5018620">
	<ele>301.10</ele>
	<time>1970-01-01T01:05:14.104Z</time>
</trkpt>
<trkpt lat="47.3887024" lon="6.5017929">
	<ele>303.71</ele>
	<time>1970-01-01T01:05:19.602Z</time>
</trkpt>
<trkpt lat="47.3888893" lon="6.5016818">
	<ele>303.31</ele>
	<time>1970-01-01T01:05:25.561Z</time>
</trkpt>
<trkpt lat="47.3892899" lon="6.5012851">
	<ele>303.09</ele>
	<time>1970-01-01T01:05:35.192Z</time>
</trkpt>
<trkpt lat="47.3893738" lon="6.5013218">
	<ele>304.17</ele>
	<time>1970-01-01T01:05:37.674Z</time>
</trkpt>
<trkpt lat="47.3896332" lon="6.5008440">
	<ele>303.33</ele>
	<time>1970-01-01T01:05:43.240Z</time>
</trkpt>
<trkpt lat="47.3898048" lon="6.5005379">
	<ele>302.66</ele>
	<time>1970-01-01T01:05:46.212Z</time>
</trkpt>
<trkpt lat="47.3902054" lon="6.5000482">
	<ele>299.13</ele>
	<time>1970-01-01T01:05:54.854Z</time>
</trkpt>
<trkpt lat="47.3906174" lon="6.4996629">
	<ele>296.80</ele>
	<time>1970-01-01T01:06:01.844Z</time>
</trkpt>
<trkpt lat="47.3910751" lon="6.4992509">
	<ele>293.76</ele>
	<time>1970-01-01T01:06:08.578Z</time>
</trkpt>
<trkpt lat="47.3912506" lon="6.4990888">
	<ele>292.83</ele>
	<time>1970-01-01T01:06:10.929Z</time>
</trkpt>
<trkpt lat="47.3910866" lon="6.4986181">
	<ele>287.03</ele>
	<time>1970-01-01T01:06:14.128Z</time>
</trkpt>
<trkpt lat="47.3910065" lon="6.4983869">
	<ele>285.25</ele>
	<time>1970-01-01T01:06:15.728Z</time>
</trkpt>
<trkpt lat="47.3910141" lon="6.4983468">
	<ele>284.90</ele>
	<time>1970-01-01T01:06:15.968Z</time>
</trkpt>
<trkpt lat="47.3914375" lon="6.4979730">
	<ele>283.74</ele>
	<time>1970-01-01T01:06:20.368Z</time>
</trkpt>
<trkpt lat="47.3917389" lon="6.4976459">
	<ele>284.22</ele>
	<time>1970-01-01T01:06:24.000Z</time>
</trkpt>
<trkpt lat="47.3915062" lon="6.4969749">
	<ele>278.33</ele>
	<time>1970-01-01T01:06:28.560Z</time>
</trkpt>
<trkpt lat="47.3915939" lon="6.4969158">
	<ele>278.64</ele>
	<time>1970-01-01T01:06:29.440Z</time>
</trkpt>
<trkpt lat="47.3917656" lon="6.4968848">
	<ele>279.05</ele>
	<time>1970-01-01T01:06:31.140Z</time>
</trkpt>
<trkpt lat="47.3919334" lon="6.4967632">
	<ele>279.26</ele>
	<time>1970-01-01T01:06:33.338Z</time>
</trkpt>
<trkpt lat="47.3918343" lon="6.4964828">
	<ele>278.14</ele>
	<time>1970-01-01T01:06:35.449Z</time>
</trkpt>
<trkpt lat="47.3922081" lon="6.4959478">
	<ele>278.72</ele>
	<time>1970-01-01T01:06:41.441Z</time>
</trkpt>
<trkpt lat="47.3924332" lon="6.4956670">
	<ele>279.78</ele>
	<time>1970-01-01T01:06:45.090Z</time>
</trkpt>
<trkpt lat="47.3924675" lon="6.4956121">
	<ele>279.98</ele>
	<time>1970-01-01T01:06:45.796Z</time>
</trkpt>
<trkpt lat="47.3923950" lon="6.4954929">
	<ele>278.23</ele>
	<time>1970-01-01T01:06:47.178Z</time>
</trkpt>
<trkpt lat="47.3919411" lon="6.4947672">
	<ele>276.77</ele>
	<time>1970-01-01T01:06:56.703Z</time>
</trkpt>
<trkpt lat="47.3919258" lon="6.4947038">
	<ele>277.47</ele>
	<time>1970-01-01T01:06:57.402Z</time>
</trkpt>
<trkpt lat="47.3919144" lon="6.4946251">
	<ele>279.03</ele>
	<time>1970-01-01T01:06:58.249Z</time>
</trkpt>
<trkpt lat="47.3919258" lon="6.4945202">
	<ele>281.08</ele>
	<time>1970-01-01T01:06:59.326Z</time>
</trkpt>
<trkpt lat="47.3919525" lon="6.4944620">
	<ele>281.65</ele>
	<time>1970-01-01T01:07:00.049Z</time>
</trkpt>
<trkpt lat="47.3919792" lon="6.4944172">
	<ele>281.60</ele>
	<time>1970-01-01T01:07:00.777Z</time>
</trkpt>
<trkpt lat="47.3923607" lon="6.4941349">
	<ele>277.50</ele>
	<time>1970-01-01T01:07:07.630Z</time>
</trkpt>
<trkpt lat="47.3924332" lon="6.4940548">
	<ele>277.47</ele>
	<time>1970-01-01T01:07:09.984Z</time>
</trkpt>
<trkpt lat="47.3926277" lon="6.4939342">
	<ele>277.57</ele>
	<time>1970-01-01T01:07:14.151Z</time>
</trkpt>
<trkpt lat="47.3927917" lon="6.4938679">
	<ele>278.77</ele>
	<time>1970-01-01T01:07:17.871Z</time>
</trkpt>
<trkpt lat="47.3930092" lon="6.4938049">
	<ele>277.16</ele>
	<time>1970-01-01T01:07:22.064Z</time>
</trkpt>
<trkpt lat="47.3938408" lon="6.4937158">
	<ele>278.42</ele>
	<time>1970-01-01T01:07:34.104Z</time>
</trkpt>
<trkpt lat="47.3938599" lon="6.4937372">
	<ele>278.24</ele>
	<time>1970-01-01T01:07:34.510Z</time>
</trkpt>
<trkpt lat="47.3942642" lon="6.4938569">
	<ele>277.77</ele>
	<time>1970-01-01T01:07:42.083Z</time>
</trkpt>
<trkpt lat="47.3944893" lon="6.4940200">
	<ele>277.91</ele>
	<time>1970-01-01T01:07:46.714Z</time>
</trkpt>
<trkpt lat="47.3947754" lon="6.4943271">
	<ele>278.30</ele>
	<time>1970-01-01T01:07:50.944Z</time>
</trkpt>
<trkpt lat="47.3951378" lon="6.4948630">
	<ele>277.70</ele>
	<time>1970-01-01T01:07:59.079Z</time>
</trkpt>
<trkpt lat="47.3955841" lon="6.4955921">
	<ele>277.80</ele>
	<time>1970-01-01T01:08:09.939Z</time>
</trkpt>
<trkpt lat="47.3964653" lon="6.4973049">
	<ele>277.81</ele>
	<time>1970-01-01T01:08:35.000Z</time>
</trkpt>
<trkpt lat="47.3968010" lon="6.4980879">
	<ele>280.07</ele>
	<time>1970-01-01T01:08:46.436Z</time>
</trkpt>
<trkpt lat="47.3969765" lon="6.4984288">
	<ele>279.57</ele>
	<time>1970-01-01T01:08:52.375Z</time>
</trkpt>
<trkpt lat="47.3972130" lon="6.4989638">
	<ele>279.64</ele>
	<time>1970-01-01T01:09:04.418Z</time>
</trkpt>
<trkpt lat="47.3975830" lon="6.4999709">
	<ele>279.83</ele>
	<time>1970-01-01T01:09:21.355Z</time>
</trkpt>
<trkpt lat="47.3976936" lon="6.5006042">
	<ele>280.10</ele>
	<time>1970-01-01T01:09:30.233Z</time>
</trkpt>
<trkpt lat="47.3977127" lon="6.5008349">
	<ele>279.81</ele>
	<time>1970-01-01T01:09:33.418Z</time>
</trkpt>
<trkpt lat="47.3977013" lon="6.5011101">
	<ele>279.54</ele>
	<time>1970-01-01T01:09:37.096Z</time>
</trkpt>
<trkpt lat="47.3976822" lon="6.5012999">
	<ele>278.88</ele>
	<time>1970-01-01T01:09:39.693Z</time>
</trkpt>
<trkpt lat="47.3975868" lon="6.5023141">
	<ele>278.00</ele>
	<time>1970-01-01T01:09:59.111Z</time>
</trkpt>
<trkpt lat="47.3973541" lon="6.5044899">
	<ele>278.56</ele>
	<time>1970-01-01T01:10:28.668Z</time>
</trkpt>
<trkpt lat="47.3973465" lon="6.5046592">
	<ele>278.50</ele>
	<time>1970-01-01T01:10:30.754Z</time>
</trkpt>
<trkpt lat="47.3973618" lon="6.5048780">
	<ele>278.57</ele>
	<time>1970-01-01T01:10:33.190Z</time>
</trkpt>
<trkpt lat="47.3974152" lon="6.5051651">
	<ele>278.87</ele>
	<time>1970-01-01T01:10:36.081Z</time>
</trkpt>
<trkpt lat="47.3975372" lon="6.5054231">
	<ele>278.51</ele>
	<time>1970-01-01T01:10:38.843Z</time>
</trkpt>
<trkpt lat="47.3976707" lon="6.5056391">
	<ele>278.53</ele>
	<time>1970-01-01T01:10:41.426Z</time>
</trkpt>
<trkpt lat="47.3981819" lon="6.5063362">
	<ele>278.55</ele>
	<time>1970-01-01T01:10:51.621Z</time>
</trkpt>
<trkpt lat="47.3988419" lon="6.5069861">
	<ele>278.82</ele>
	<time>1970-01-01T01:11:03.316Z</time>
</trkpt>
<trkpt lat="47.3993073" lon="6.5074048">
	<ele>278.72</ele>
	<time>1970-01-01T01:11:09.896Z</time>
</trkpt>
<trkpt lat="47.4003868" lon="6.5082221">
	<ele>278.65</ele>
	<time>1970-01-01T01:11:32.815Z</time>
</trkpt>
<trkpt lat="47.4029007" lon="6.5100689">
	<ele>278.85</ele>
	<time>1970-01-01T01:12:28.483Z</time>
</trkpt>
<trkpt lat="47.4029503" lon="6.5101042">
	<ele>278.66</ele>
	<time>1970-01-01T01:12:29.431Z</time>
</trkpt>
<trkpt lat="47.4035721" lon="6.5105758">
	<ele>278.86</ele>
	<time>1970-01-01T01:12:40.413Z</time>
</trkpt>
<trkpt lat="47.4039001" lon="6.5107961">
	<ele>279.07</ele>
	<time>1970-01-01T01:12:46.177Z</time>
</trkpt>
<trkpt lat="47.4040642" lon="6.5108891">
	<ele>278.89</ele>
	<time>1970-01-01T01:12:49.006Z</time>
</trkpt>
<trkpt lat="47.4042435" lon="6.5109591">
	<ele>278.54</ele>
	<time>1970-01-01T01:12:52.090Z</time>
</trkpt>
<trkpt lat="47.4044914" lon="6.5110412">
	<ele>278.31</ele>
	<time>1970-01-01T01:12:56.745Z</time>
</trkpt>
<trkpt lat="47.4047546" lon="6.5110860">
	<ele>279.08</ele>
	<time>1970-01-01T01:13:01.572Z</time>
</trkpt>
<trkpt lat="47.4050102" lon="6.5111170">
	<ele>278.99</ele>
	<time>1970-01-01T01:13:06.525Z</time>
</trkpt>
<trkpt lat="47.4059868" lon="6.5111318">
	<ele>277.85</ele>
	<time>1970-01-01T01:13:28.802Z</time>
</trkpt>
<trkpt lat="47.4067879" lon="6.5111642">
	<ele>278.86</ele>
	<time>1970-01-01T01:13:49.018Z</time>
</trkpt>
<trkpt lat="47.4074860" lon="6.5112429">
	<ele>278.53</ele>
	<time>1970-01-01T01:14:03.162Z</time>
</trkpt>
<trkpt lat="47.4084778" lon="6.5113101">
	<ele>279.07</ele>
	<time>1970-01-01T01:14:23.137Z</time>
</trkpt>
<trkpt lat="47.4087791" lon="6.5113521">
	<ele>279.65</ele>
	<time>1970-01-01T01:14:28.686Z</time>
</trkpt>
<trkpt lat="47.4094238" lon="6.5114141">
	<ele>279.89</ele>
	<time>1970-01-01T01:14:40.547Z</time>
</trkpt>
<trkpt lat="47.4100838" lon="6.5114551">
	<ele>279.63</ele>
	<time>1970-01-01T01:14:58.815Z</time>
</trkpt>
<trkpt lat="47.4111214" lon="6.5116200">
	<ele>280.49</ele>
	<time>1970-01-01T01:15:27.885Z</time>
</trkpt>
<trkpt lat="47.4113541" lon="6.5116749">
	<ele>279.80</ele>
	<time>1970-01-01T01:15:35.011Z</time>
</trkpt>
<trkpt lat="47.4117851" lon="6.5117922">
	<ele>280.00</ele>
	<time>1970-01-01T01:15:45.355Z</time>
</trkpt>
<trkpt lat="47.4128227" lon="6.5120692">
	<ele>279.64</ele>
	<time>1970-01-01T01:16:18.109Z</time>
</trkpt>
<trkpt lat="47.4130669" lon="6.5121460">
	<ele>280.18</ele>
	<time>1970-01-01T01:16:24.052Z</time>
</trkpt>
<trkpt lat="47.4132462" lon="6.5122170">
	<ele>280.32</ele>
	<time>1970-01-01T01:16:31.290Z</time>
</trkpt>
<trkpt lat="47.4134102" lon="6.5122948">
	<ele>279.97</ele>
	<time>1970-01-01T01:16:36.157Z</time>
</trkpt>
<trkpt lat="47.4137115" lon="6.5124388">
	<ele>279.88</ele>
	<time>1970-01-01T01:16:44.772Z</time>
</trkpt>
<trkpt lat="47.4138947" lon="6.5125399">
	<ele>280.19</ele>
	<time>1970-01-01T01:16:50.345Z</time>
</trkpt>
<trkpt lat="47.4140434" lon="6.5126381">
	<ele>279.72</ele>
	<time>1970-01-01T01:16:55.444Z</time>
</trkpt>
<trkpt lat="47.4143753" lon="6.5128779">
	<ele>280.63</ele>
	<time>1970-01-01T01:17:03.090Z</time>
</trkpt>
<trkpt lat="47.4144974" lon="6.5129828">
	<ele>280.06</ele>
	<time>1970-01-01T01:17:06.187Z</time>
</trkpt>
<trkpt lat="47.4147606" lon="6.5132370">
	<ele>280.16</ele>
	<time>1970-01-01T01:17:17.187Z</time>
</trkpt>
<trkpt lat="47.4149666" lon="6.5134821">
	<ele>280.20</ele>
	<time>1970-01-01T01:17:22.558Z</time>
</trkpt>
<trkpt lat="47.4150810" lon="6.5136371">
	<ele>279.75</ele>
	<time>1970-01-01T00:00:02.262Z</time>
</trkpt>
<trkpt lat="47.4152870" lon="6.5139732">
	<ele>280.05</ele>
	<time>1970-01-01T00:00:06.397Z</time>
</trkpt>
<trkpt lat="47.4158897" lon="6.5150919">
	<ele>280.23</ele>
	<time>1970-01-01T00:00:21.568Z</time>
</trkpt>
<trkpt lat="47.4161110" lon="6.5154462">
	<ele>280.53</ele>
	<time>1970-01-01T00:00:29.419Z</time>
</trkpt>
<trkpt lat="47.4161797" lon="6.5155759">
	<ele>279.15</ele>
	<time>1970-01-01T00:00:32.630Z</time>
</trkpt>
<trkpt lat="47.4162521" lon="6.5157418">
	<ele>280.15</ele>
	<time>1970-01-01T00:00:37.451Z</time>
</trkpt>
<trkpt lat="47.4164124" lon="6.5162001">
	<ele>279.98</ele>
	<time>1970-01-01T00:00:48.935Z</time>
</trkpt>
<trkpt lat="47.4164848" lon="6.5164428">
	<ele>280.04</ele>
	<time>1970-01-01T00:00:53.446Z</time>
</trkpt>
<trkpt lat="47.4165802" lon="6.5168338">
	<ele>280.89</ele>
	<time>1970-01-01T00:00:58.581Z</time>
</trkpt>
<trkpt lat="47.4166412" lon="6.5171399">
	<ele>280.16</ele>
	<time>1970-01-01T00:01:01.936Z</time>
</trkpt>
<trkpt lat="47.4166679" lon="6.5174232">
	<ele>279.94</ele>
	<time>1970-01-01T00:01:04.319Z</time>
</trkpt>
<trkpt lat="47.4166794" lon="6.5177732">
	<ele>280.18</ele>
	<time>1970-01-01T00:01:06.913Z</time>
</trkpt>
<trkpt lat="47.4166756" lon="6.5179319">
	<ele>280.12</ele>
	<time>1970-01-01T00:01:08.057Z</time>
</trkpt>
<trkpt lat="47.4166565" lon="6.5182700">
	<ele>279.87</ele>
	<time>1970-01-01T00:01:11.527Z</time>
</trkpt>
<trkpt lat="47.4165306" lon="6.5192609">
	<ele>279.17</ele>
	<time>1970-01-01T00:01:18.602Z</time>
</trkpt>
<trkpt lat="47.4164124" lon="6.5200281">
	<ele>280.19</ele>
	<time>1970-01-01T00:01:23.864Z</time>
</trkpt>
<trkpt lat="47.4163857" lon="6.5202608">
	<ele>279.92</ele>
	<time>1970-01-01T00:01:25.745Z</time>
</trkpt>
<trkpt lat="47.4163818" lon="6.5204921">
	<ele>281.68</ele>
	<time>1970-01-01T00:01:27.816Z</time>
</trkpt>
<trkpt lat="47.4163475" lon="6.5207849">
	<ele>281.07</ele>
	<time>1970-01-01T00:01:30.780Z</time>
</trkpt>
<trkpt lat="47.4163322" lon="6.5209341">
	<ele>280.69</ele>
	<time>1970-01-01T00:01:32.308Z</time>
</trkpt>
<trkpt lat="47.4163284" lon="6.5211492">
	<ele>280.71</ele>
	<time>1970-01-01T00:01:34.716Z</time>
</trkpt>
<trkpt lat="47.4163437" lon="6.5211940">
	<ele>280.97</ele>
	<time>1970-01-01T00:01:35.324Z</time>
</trkpt>
<trkpt lat="47.4163666" lon="6.5213032">
	<ele>281.64</ele>
	<time>1970-01-01T00:01:36.790Z</time>
</trkpt>
<trkpt lat="47.4163704" lon="6.5213952">
	<ele>281.86</ele>
	<time>1970-01-01T00:01:37.932Z</time>
</trkpt>
<trkpt lat="47.4162064" lon="6.5303149">
	<ele>281.41</ele>
	<time>1970-01-01T00:03:20.500Z</time>
</trkpt>
<trkpt lat="47.4161682" lon="6.5321779">
	<ele>281.09</ele>
	<time>1970-01-01T00:03:37.061Z</time>
</trkpt>
<trkpt lat="47.4161263" lon="6.5342379">
	<ele>281.20</ele>
	<time>1970-01-01T00:04:06.171Z</time>
</trkpt>
<trkpt lat="47.4160767" lon="6.5371819">
	<ele>282.10</ele>
	<time>1970-01-01T00:04:40.141Z</time>
</trkpt>
<trkpt lat="47.4159851" lon="6.5413051">
	<ele>282.58</ele>
	<time>1970-01-01T00:05:31.720Z</time>
</trkpt>
<trkpt lat="47.4159698" lon="6.5415668">
	<ele>283.38</ele>
	<time>1970-01-01T00:05:35.273Z</time>
</trkpt>
<trkpt lat="47.4159584" lon="6.5416250">
	<ele>283.57</ele>
	<time>1970-01-01T00:05:36.217Z</time>
</trkpt>
<trkpt lat="47.4159508" lon="6.5416679">
	<ele>283.70</ele>
	<time>1970-01-01T00:05:36.781Z</time>
</trkpt>
<trkpt lat="47.4159279" lon="6.5422511">
	<ele>284.29</ele>
	<time>1970-01-01T00:05:44.852Z</time>
</trkpt>
<trkpt lat="47.4159508" lon="6.5424609">
	<ele>283.79</ele>
	<time>1970-01-01T00:05:47.714Z</time>
</trkpt>
<trkpt lat="47.4159584" lon="6.5427070">
	<ele>283.34</ele>
	<time>1970-01-01T00:05:51.298Z</time>
</trkpt>
<trkpt lat="47.4159012" lon="6.5453300">
	<ele>283.48</ele>
	<time>1970-01-01T00:06:35.675Z</time>
</trkpt>
<trkpt lat="47.4158669" lon="6.5476332">
	<ele>283.99</ele>
	<time>1970-01-01T00:07:05.054Z</time>
</trkpt>
<trkpt lat="47.4158554" lon="6.5488300">
	<ele>284.02</ele>
	<time>1970-01-01T00:07:18.294Z</time>
</trkpt>
<trkpt lat="47.4159203" lon="6.5495691">
	<ele>283.61</ele>
	<time>1970-01-01T00:07:27.556Z</time>
</trkpt>
<trkpt lat="47.4160042" lon="6.5503879">
	<ele>283.27</ele>
	<time>1970-01-01T00:07:37.516Z</time>
</trkpt>
<trkpt lat="47.4161224" lon="6.5511050">
	<ele>284.02</ele>
	<time>1970-01-01T00:07:46.590Z</time>
</trkpt>
<trkpt lat="47.4163322" lon="6.5518250">
	<ele>283.06</ele>
	<time>1970-01-01T00:07:59.217Z</time>
</trkpt>
<trkpt lat="47.4164696" lon="6.5522318">
	<ele>282.74</ele>
	<time>1970-01-01T00:08:06.248Z</time>
</trkpt>
<trkpt lat="47.4166145" lon="6.5526128">
	<ele>283.66</ele>
	<time>1970-01-01T00:08:13.065Z</time>
</trkpt>
<trkpt lat="47.4168510" lon="6.5531039">
	<ele>282.52</ele>
	<time>1970-01-01T00:08:22.795Z</time>
</trkpt>
<trkpt lat="47.4171028" lon="6.5535812">
	<ele>283.12</ele>
	<time>1970-01-01T00:08:31.838Z</time>
</trkpt>
<trkpt lat="47.4173431" lon="6.5539432">
	<ele>283.39</ele>
	<time>1970-01-01T00:08:39.323Z</time>
</trkpt>
<trkpt lat="47.4176521" lon="6.5543389">
	<ele>284.01</ele>
	<time>1970-01-01T00:08:52.670Z</time>
</trkpt>
<trkpt lat="47.4178963" lon="6.5545669">
	<ele>283.87</ele>
	<time>1970-01-01T00:08:58.434Z</time>
</trkpt>
<trkpt lat="47.4181595" lon="6.5547719">
	<ele>283.64</ele>
	<time>1970-01-01T00:09:05.842Z</time>
</trkpt>
<trkpt lat="47.4182663" lon="6.5548358">
	<ele>283.04</ele>
	<time>1970-01-01T00:09:08.585Z</time>
</trkpt>
<trkpt lat="47.4182663" lon="6.5548358">
	<ele>283.04</ele>
	<time>1970-01-01T02:51:31.398Z</time>
</trkpt>
<trkpt lat="47.4183693" lon="6.5548968">
	<ele>282.76</ele>
	<time>1970-01-01T02:51:33.538Z</time>
</trkpt>
<trkpt lat="47.4187202" lon="6.5550299">
	<ele>283.29</ele>
	<time>1970-01-01T02:51:40.565Z</time>
</trkpt>
<trkpt lat="47.4191322" lon="6.5551691">
	<ele>282.91</ele>
	<time>1970-01-01T02:51:47.489Z</time>
</trkpt>
<trkpt lat="47.4195404" lon="6.5552049">
	<ele>283.32</ele>
	<time>1970-01-01T02:51:55.387Z</time>
</trkpt>
<trkpt lat="47.4200478" lon="6.5551720">
	<ele>282.49</ele>
	<time>1970-01-01T02:52:07.847Z</time>
</trkpt>
<trkpt lat="47.4214592" lon="6.5550451">
	<ele>285.47</ele>
	<time>1970-01-01T02:52:32.398Z</time>
</trkpt>
<trkpt lat="47.4215393" lon="6.5550671">
	<ele>286.47</ele>
	<time>1970-01-01T02:52:33.862Z</time>
</trkpt>
<trkpt lat="47.4216461" lon="6.5550861">
	<ele>287.29</ele>
	<time>1970-01-01T02:52:35.820Z</time>
</trkpt>
<trkpt lat="47.4217300" lon="6.5550771">
	<ele>287.34</ele>
	<time>1970-01-01T02:52:36.704Z</time>
</trkpt>
<trkpt lat="47.4218178" lon="6.5550418">
	<ele>286.34</ele>
	<time>1970-01-01T02:52:37.813Z</time>
</trkpt>
<trkpt lat="47.4219017" lon="6.5549760">
	<ele>284.27</ele>
	<time>1970-01-01T02:52:39.312Z</time>
</trkpt>
<trkpt lat="47.4220009" lon="6.5549331">
	<ele>282.98</ele>
	<time>1970-01-01T02:52:41.781Z</time>
</trkpt>
<trkpt lat="47.4223404" lon="6.5548282">
	<ele>282.86</ele>
	<time>1970-01-01T02:52:52.708Z</time>
</trkpt>
<trkpt lat="47.4226723" lon="6.5546322">
	<ele>283.89</ele>
	<time>1970-01-01T02:53:11.952Z</time>
</trkpt>
<trkpt lat="47.4233360" lon="6.5542631">
	<ele>282.86</ele>
	<time>1970-01-01T02:53:31.543Z</time>
</trkpt>
<trkpt lat="47.4237709" lon="6.5538301">
	<ele>283.66</ele>
	<time>1970-01-01T02:53:42.132Z</time>
</trkpt>
<trkpt lat="47.4240379" lon="6.5534358">
	<ele>284.46</ele>
	<time>1970-01-01T02:53:49.967Z</time>
</trkpt>
<trkpt lat="47.4243202" lon="6.5528412">
	<ele>286.28</ele>
	<time>1970-01-01T02:54:03.588Z</time>
</trkpt>
<trkpt lat="47.4244843" lon="6.5523400">
	<ele>283.78</ele>
	<time>1970-01-01T02:54:13.051Z</time>
</trkpt>
<trkpt lat="47.4245834" lon="6.5518150">
	<ele>283.48</ele>
	<time>1970-01-01T02:54:22.418Z</time>
</trkpt>
<trkpt lat="47.4246979" lon="6.5513592">
	<ele>284.27</ele>
	<time>1970-01-01T02:54:30.518Z</time>
</trkpt>
<trkpt lat="47.4249382" lon="6.5505009">
	<ele>285.83</ele>
	<time>1970-01-01T02:54:41.236Z</time>
</trkpt>
<trkpt lat="47.4249649" lon="6.5504470">
	<ele>286.15</ele>
	<time>1970-01-01T02:54:42.024Z</time>
</trkpt>
<trkpt lat="47.4251518" lon="6.5500231">
	<ele>284.19</ele>
	<time>1970-01-01T02:54:46.953Z</time>
</trkpt>
<trkpt lat="47.4255867" lon="6.5496211">
	<ele>284.26</ele>
	<time>1970-01-01T02:54:56.819Z</time>
</trkpt>
<trkpt lat="47.4259682" lon="6.5493250">
	<ele>284.26</ele>
	<time>1970-01-01T02:55:03.816Z</time>
</trkpt>
<trkpt lat="47.4261703" lon="6.5491338">
	<ele>284.76</ele>
	<time>1970-01-01T02:55:07.318Z</time>
</trkpt>
<trkpt lat="47.4263039" lon="6.5488949">
	<ele>284.07</ele>
	<time>1970-01-01T02:55:10.781Z</time>
</trkpt>
<trkpt lat="47.4266472" lon="6.5476708">
	<ele>284.12</ele>
	<time>1970-01-01T02:55:36.817Z</time>
</trkpt>
<trkpt lat="47.4270363" lon="6.5462370">
	<ele>283.19</ele>
	<time>1970-01-01T02:56:21.617Z</time>
</trkpt>
<trkpt lat="47.4276352" lon="6.5440478">
	<ele>285.06</ele>
	<time>1970-01-01T02:57:06.864Z</time>
</trkpt>
<trkpt lat="47.4282913" lon="6.5414000">
	<ele>285.27</ele>
	<time>1970-01-01T02:58:03.488Z</time>
</trkpt>
<trkpt lat="47.4286461" lon="6.5402632">
	<ele>287.08</ele>
	<time>1970-01-01T02:58:36.263Z</time>
</trkpt>
<trkpt lat="47.4289551" lon="6.5394878">
	<ele>287.52</ele>
	<time>1970-01-01T02:58:50.640Z</time>
</trkpt>
<trkpt lat="47.4292526" lon="6.5389428">
	<ele>284.78</ele>
	<time>1970-01-01T02:59:06.078Z</time>
</trkpt>
<trkpt lat="47.4296608" lon="6.5379782">
	<ele>287.10</ele>
	<time>1970-01-01T02:59:29.137Z</time>
</trkpt>
<trkpt lat="47.4303970" lon="6.5367351">
	<ele>288.10</ele>
	<time>1970-01-01T02:59:47.976Z</time>
</trkpt>
<trkpt lat="47.4307861" lon="6.5360470">
	<ele>286.20</ele>
	<time>1970-01-01T02:59:55.653Z</time>
</trkpt>
<trkpt lat="47.4313431" lon="6.5350142">
	<ele>287.78</ele>
	<time>1970-01-01T03:00:23.387Z</time>
</trkpt>
<trkpt lat="47.4315910" lon="6.5346241">
	<ele>287.80</ele>
	<time>1970-01-01T03:00:33.544Z</time>
</trkpt>
<trkpt lat="47.4321747" lon="6.5337081">
	<ele>284.63</ele>
	<time>1970-01-01T03:00:55.214Z</time>
</trkpt>
<trkpt lat="47.4325714" lon="6.5331788">
	<ele>283.25</ele>
	<time>1970-01-01T03:01:05.958Z</time>
</trkpt>
<trkpt lat="47.4328728" lon="6.5329118">
	<ele>283.96</ele>
	<time>1970-01-01T03:01:11.774Z</time>
</trkpt>
<trkpt lat="47.4331589" lon="6.5326920">
	<ele>284.53</ele>
	<time>1970-01-01T03:01:15.618Z</time>
</trkpt>
<trkpt lat="47.4337845" lon="6.5322628">
	<ele>284.40</ele>
	<time>1970-01-01T03:01:26.564Z</time>
</trkpt>
<trkpt lat="47.4348145" lon="6.5317349">
	<ele>284.93</ele>
	<time>1970-01-01T03:01:41.918Z</time>
</trkpt>
<trkpt lat="47.4353218" lon="6.5316019">
	<ele>285.84</ele>
	<time>1970-01-01T03:01:46.478Z</time>
</trkpt>
<trkpt lat="47.4355392" lon="6.5314169">
	<ele>287.53</ele>
	<time>1970-01-01T03:01:49.512Z</time>
</trkpt>
<trkpt lat="47.4358177" lon="6.5313191">
	<ele>289.51</ele>
	<time>1970-01-01T03:01:53.164Z</time>
</trkpt>
<trkpt lat="47.4359016" lon="6.5314412">
	<ele>286.87</ele>
	<time>1970-01-01T03:01:54.204Z</time>
</trkpt>
<trkpt lat="47.4361572" lon="6.5313859">
	<ele>286.07</ele>
	<time>1970-01-01T03:01:57.225Z</time>
</trkpt>
<trkpt lat="47.4367828" lon="6.5313048">
	<ele>285.97</ele>
	<time>1970-01-01T03:02:07.247Z</time>
</trkpt>
<trkpt lat="47.4374352" lon="6.5312428">
	<ele>288.41</ele>
	<time>1970-01-01T03:02:28.563Z</time>
</trkpt>
<trkpt lat="47.4383392" lon="6.5313048">
	<ele>289.59</ele>
	<time>1970-01-01T03:02:49.122Z</time>
</trkpt>
<trkpt lat="47.4390564" lon="6.5314102">
	<ele>290.38</ele>
	<time>1970-01-01T03:03:26.906Z</time>
</trkpt>
<trkpt lat="47.4399948" lon="6.5318222">
	<ele>288.93</ele>
	<time>1970-01-01T03:04:24.371Z</time>
</trkpt>
<trkpt lat="47.4402962" lon="6.5319839">
	<ele>288.12</ele>
	<time>1970-01-01T03:04:33.346Z</time>
</trkpt>
<trkpt lat="47.4408455" lon="6.5323238">
	<ele>288.51</ele>
	<time>1970-01-01T03:04:44.228Z</time>
</trkpt>
<trkpt lat="47.4412117" lon="6.5325990">
	<ele>288.06</ele>
	<time>1970-01-01T03:04:48.633Z</time>
</trkpt>
<trkpt lat="47.4415245" lon="6.5329232">
	<ele>287.55</ele>
	<time>1970-01-01T03:04:52.372Z</time>
</trkpt>
<trkpt lat="47.4416237" lon="6.5331378">
	<ele>285.50</ele>
	<time>1970-01-01T03:04:53.972Z</time>
</trkpt>
<trkpt lat="47.4416290" lon="6.5331325">
	<ele>299.70</ele>
	<time>1970-01-01T00:00:00.000Z</time>
</trkpt>
<trkpt lat="47.4417725" lon="6.5342230">
	<ele>284.80</ele>
	<time>1970-01-01T00:00:00.000Z</time>
</trkpt>
<trkpt lat="47.4411658" lon="6.5408528">
	<ele>281.70</ele>
	<time>1970-01-01T00:00:00.000Z</time>
</trkpt>
<trkpt lat="47.4410420" lon="6.5430013">
	<ele>280.60</ele>
	<time>1970-01-01T00:00:00.000Z</time>
</trkpt>
<trkpt lat="47.4410314" lon="6.5445519">
	<ele>280.70</ele>
	<time>1970-01-01T00:00:00.000Z</time>
</trkpt>
<trkpt lat="47.4412058" lon="6.5460495">
	<ele>282.60</ele>
	<time>1970-01-01T00:00:00.000Z</time>
</trkpt>
<trkpt lat="47.4419283" lon="6.5500862">
	<ele>281.70</ele>
	<time>1970-01-01T00:00:00.000Z</time>
</trkpt>
<trkpt lat="47.4420644" lon="6.5513785">
	<ele>282.30</ele>
	<time>1970-01-01T00:00:00.000Z</time>
</trkpt>
<trkpt lat="47.4421051" lon="6.5524314">
	<ele>281.20</ele>
	<time>1970-01-01T00:00:00.000Z</time>
</trkpt>
<trkpt lat="47.4419058" lon="6.5547317">
	<ele>282.20</ele>
	<time>1970-01-01T00:00:00.000Z</time>
</trkpt>
<trkpt lat="47.4421977" lon="6.5557383">
	<ele>284.50</ele>
	<time>1970-01-01T00:00:00.000Z</time>
</trkpt>
<trkpt lat="47.4422509" lon="6.5579977">
	<ele>283.60</ele>
	<time>1970-01-01T00:00:00.000Z</time>
</trkpt>
<trkpt lat="47.4434266" lon="6.5604574">
	<ele>291.70</ele>
	<time>1970-01-01T00:00:00.000Z</time>
</trkpt>
<trkpt lat="47.4435845" lon="6.5611445">
	<ele>292.60</ele>
	<time>1970-01-01T00:00:00.000Z</time>
</trkpt>
<trkpt lat="47.4436390" lon="6.5621606">
	<ele>298.50</ele>
	<time>1970-01-01T00:00:00.000Z</time>
</trkpt>
<trkpt lat="47.4434295" lon="6.5628860">
	<ele>295.20</ele>
	<time>1970-01-01T00:00:00.000Z</time>
</trkpt>
<trkpt lat="47.4430954" lon="6.5632642">
	<ele>290.60</ele>
	<time>1970-01-01T00:00:00.000Z</time>
</trkpt>
<trkpt lat="47.4423653" lon="6.5632063">
	<ele>288.10</ele>
	<time>1970-01-01T00:00:00.000Z</time>
</trkpt>
<trkpt lat="47.4422568" lon="6.5636699">
	<ele>288.00</ele>
	<time>1970-01-01T00:00:00.000Z</time>
</trkpt>
<trkpt lat="47.4421670" lon="6.5648769">
	<ele>288.50</ele>
	<time>1970-01-01T00:00:00.000Z</time>
</trkpt>
<trkpt lat="47.4420687" lon="6.5675671">
	<ele>287.50</ele>
	<time>1970-01-01T00:00:00.000Z</time>
</trkpt>
<trkpt lat="47.4422094" lon="6.5687250">
	<ele>288.20</ele>
	<time>1970-01-01T00:00:00.000Z</time>
</trkpt>
<trkpt lat="47.4426646" lon="6.5700427">
	<ele>288.80</ele>
	<time>1970-01-01T00:00:00.000Z</time>
</trkpt>
<trkpt lat="47.4433577" lon="6.5711096">
	<ele>295.50</ele>
	<time>1970-01-01T00:00:00.000Z</time>
</trkpt>
<trkpt lat="47.4446799" lon="6.5724964">
	<ele>297.90</ele>
	<time>1970-01-01T00:00:00.000Z</time>
</trkpt>
<trkpt lat="47.4450634" lon="6.5732688">
	<ele>299.10</ele>
	<time>1970-01-01T00:00:00.000Z</time>
</trkpt>
<trkpt lat="47.4456652" lon="6.5743286">
	<ele>302.10</ele>
	<time>1970-01-01T00:00:00.000Z</time>
</trkpt>
<trkpt lat="47.4461351" lon="6.5752429">
	<ele>298.30</ele>
	<time>1970-01-01T00:00:00.000Z</time>
</trkpt>
<trkpt lat="47.4466630" lon="6.5758246">
	<ele>303.50</ele>
	<time>1970-01-01T00:00:00.000Z</time>
</trkpt>
<trkpt lat="47.4472032" lon="6.5760699">
	<ele>294.80</ele>
	<time>1970-01-01T00:00:00.000Z</time>
</trkpt>
<trkpt lat="47.4487897" lon="6.5763586">
	<ele>304.10</ele>
	<time>1970-01-01T00:00:00.000Z</time>
</trkpt>
<trkpt lat="47.4487629" lon="6.5769118">
	<ele>291.60</ele>
	<time>1970-01-01T00:00:00.000Z</time>
</trkpt>
<trkpt lat="47.4501396" lon="6.5777750">
	<ele>295.90</ele>
	<time>1970-01-01T00:00:00.000Z</time>
</trkpt>
<trkpt lat="47.4500906" lon="6.5779376">
	<ele>291.80</ele>
	<time>1970-01-01T00:00:00.000Z</time>
</trkpt>
<trkpt lat="47.4506593" lon="6.5783648">
	<ele>295.40</ele>
	<time>1970-01-01T00:00:00.000Z</time>
</trkpt>
<trkpt lat="47.4510978" lon="6.5788915">
	<ele>293.20</ele>
	<time>1970-01-01T00:00:00.000Z</time>
</trkpt>
<trkpt lat="47.4503728" lon="6.5802883">
	<ele>285.30</ele>
	<time>1970-01-01T00:00:00.000Z</time>
</trkpt>
<trkpt lat="47.4502533" lon="6.5805939">
	<ele>288.10</ele>
	<time>1970-01-01T00:00:00.000Z</time>
</trkpt>
<trkpt lat="47.4501044" lon="6.5806668">
	<ele>288.70</ele>
	<time>1970-01-01T00:00:00.000Z</time>
</trkpt>
<trkpt lat="47.4493068" lon="6.5818595">
	<ele>289.30</ele>
	<time>1970-01-01T00:00:00.000Z</time>
</trkpt>
<trkpt lat="47.4490023" lon="6.5821594">
	<ele>289.20</ele>
	<time>1970-01-01T00:00:00.000Z</time>
</trkpt>
<trkpt lat="47.4508572" lon="6.5849961">
	<ele>288.80</ele>
	<time>1970-01-01T00:00:00.000Z</time>
</trkpt>
<trkpt lat="47.4515255" lon="6.5867360">
	<ele>288.80</ele>
	<time>1970-01-01T00:00:00.000Z</time>
</trkpt>
<trkpt lat="47.4520642" lon="6.5882633">
	<ele>289.50</ele>
	<time>1970-01-01T00:00:00.000Z</time>
</trkpt>
<trkpt lat="47.4522985" lon="6.5893614">
	<ele>290.60</ele>
	<time>1970-01-01T00:00:00.000Z</time>
</trkpt>
<trkpt lat="47.4523096" lon="6.5903068">
	<ele>290.10</ele>
	<time>1970-01-01T00:00:00.000Z</time>
</trkpt>
<trkpt lat="47.4522243" lon="6.5913795">
	<ele>288.90</ele>
	<time>1970-01-01T00:00:00.000Z</time>
</trkpt>
<trkpt lat="47.4520405" lon="6.5926466">
	<ele>289.00</ele>
	<time>1970-01-01T00:00:00.000Z</time>
</trkpt>
<trkpt lat="47.4516335" lon="6.5937610">
	<ele>289.00</ele>
	<time>1970-01-01T00:00:00.000Z</time>
</trkpt>
<trkpt lat="47.4512006" lon="6.5943337">
	<ele>290.60</ele>
	<time>1970-01-01T00:00:00.000Z</time>
</trkpt>
<trkpt lat="47.4505321" lon="6.5950898">
	<ele>291.80</ele>
	<time>1970-01-01T00:00:00.000Z</time>
</trkpt>
<trkpt lat="47.4495646" lon="6.5958894">
	<ele>293.00</ele>
	<time>1970-01-01T00:00:00.000Z</time>
</trkpt>
<trkpt lat="47.4485791" lon="6.5965527">
	<ele>295.00</ele>
	<time>1970-01-01T00:00:00.000Z</time>
</trkpt>
<trkpt lat="47.4475124" lon="6.5969396">
	<ele>295.70</ele>
	<time>1970-01-01T00:00:00.000Z</time>
</trkpt>
<trkpt lat="47.4466356" lon="6.5971393">
	<ele>292.70</ele>
	<time>1970-01-01T00:00:00.000Z</time>
</trkpt>
<trkpt lat="47.4445368" lon="6.5969715">
	<ele>300.90</ele>
	<time>1970-01-01T00:00:00.000Z</time>
</trkpt>
<trkpt lat="47.4438474" lon="6.5970512">
	<ele>295.50</ele>
	<time>1970-01-01T00:00:00.000Z</time>
</trkpt>
<trkpt lat="47.4428312" lon="6.5973073">
	<ele>302.30</ele>
	<time>1970-01-01T00:00:00.000Z</time>
</trkpt>
<trkpt lat="47.4380821" lon="6.5982765">
	<ele>293.80</ele>
	<time>1970-01-01T00:00:00.000Z</time>
</trkpt>
<trkpt lat="47.4372484" lon="6.5985471">
	<ele>296.80</ele>
	<time>1970-01-01T00:00:00.000Z</time>
</trkpt>
<trkpt lat="47.4344131" lon="6.5997365">
	<ele>300.70</ele>
	<time>1970-01-01T00:00:00.000Z</time>
</trkpt>
<trkpt lat="47.4338051" lon="6.6000926">
	<ele>308.60</ele>
	<time>1970-01-01T00:00:00.000Z</time>
</trkpt>
<trkpt lat="47.4333747" lon="6.6005977">
	<ele>306.50</ele>
	<time>1970-01-01T00:00:00.000Z</time>
</trkpt>
<trkpt lat="47.4287677" lon="6.6113561">
	<ele>291.10</ele>
	<time>1970-01-01T00:00:00.000Z</time>
</trkpt>
<trkpt lat="47.4281349" lon="6.6130873">
	<ele>291.60</ele>
	<time>1970-01-01T00:00:00.000Z</time>
</trkpt>
<trkpt lat="47.4279199" lon="6.6129270">
	<ele>292.50</ele>
	<time>1970-01-01T00:00:00.000Z</time>
</trkpt>
<trkpt lat="47.4272007" lon="6.6149481">
	<ele>295.70</ele>
	<time>1970-01-01T00:00:00.000Z</time>
</trkpt>
<trkpt lat="47.4265496" lon="6.6176061">
	<ele>300.50</ele>
	<time>1970-01-01T00:00:00.000Z</time>
</trkpt>
<trkpt lat="47.4262623" lon="6.6195321">
	<ele>301.20</ele>
	<time>1970-01-01T00:00:00.000Z</time>
</trkpt>
<trkpt lat="47.4262378" lon="6.6214974">
	<ele>300.30</ele>
	<time>1970-01-01T00:00:00.000Z</time>
</trkpt>
<trkpt lat="47.4265388" lon="6.6247818">
	<ele>297.70</ele>
	<time>1970-01-01T00:00:00.000Z</time>
</trkpt>
<trkpt lat="47.4270528" lon="6.6271727">
	<ele>298.30</ele>
	<time>1970-01-01T00:00:00.000Z</time>
</trkpt>
<trkpt lat="47.4281263" lon="6.6294394">
	<ele>297.60</ele>
	<time>1970-01-01T00:00:00.000Z</time>
</trkpt>
<trkpt lat="47.4298882" lon="6.6310288">
	<ele>295.80</ele>
	<time>1970-01-01T00:00:00.000Z</time>
</trkpt>
<trkpt lat="47.4315388" lon="6.6317244">
	<ele>297.40</ele>
	<time>1970-01-01T00:00:00.000Z</time>
</trkpt>
<trkpt lat="47.4331822" lon="6.6317062">
	<ele>295.10</ele>
	<time>1970-01-01T00:00:00.000Z</time>
</trkpt>
<trkpt lat="47.4349811" lon="6.6309419">
	<ele>295.10</ele>
	<time>1970-01-01T00:00:00.000Z</time>
</trkpt>
<trkpt lat="47.4372552" lon="6.6295178">
	<ele>296.60</ele>
	<time>1970-01-01T00:00:00.000Z</time>
</trkpt>
<trkpt lat="47.4381749" lon="6.6288342">
	<ele>296.70</ele>
	<time>1970-01-01T00:00:00.000Z</time>
</trkpt>
<trkpt lat="47.4384963" lon="6.6285264">
	<ele>296.00</ele>
	<time>1970-01-01T00:00:00.000Z</time>
</trkpt>
<trkpt lat="47.4392824" lon="6.6281310">
	<ele>295.10</ele>
	<time>1970-01-01T00:00:00.000Z</time>
</trkpt>
<trkpt lat="47.4395538" lon="6.6281277">
	<ele>294.70</ele>
	<time>1970-01-01T00:00:00.000Z</time>
</trkpt>
<trkpt lat="47.4407040" lon="6.6285246">
	<ele>295.20</ele>
	<time>1970-01-01T00:00:00.000Z</time>
</trkpt>
<trkpt lat="47.4414765" lon="6.6289176">
	<ele>296.90</ele>
	<time>1970-01-01T00:00:00.000Z</time>
</trkpt>
<trkpt lat="47.4419855" lon="6.6289412">
	<ele>296.90</ele>
	<time>1970-01-01T00:00:00.000Z</time>
</trkpt>
<trkpt lat="47.4460968" lon="6.6308093">
	<ele>297.30</ele>
	<time>1970-01-01T00:00:00.000Z</time>
</trkpt>
<trkpt lat="47.4464034" lon="6.6313274">
	<ele>296.80</ele>
	<time>1970-01-01T00:00:00.000Z</time>
</trkpt>
<trkpt lat="47.4465238" lon="6.6321681">
	<ele>296.40</ele>
	<time>1970-01-01T00:00:00.000Z</time>
</trkpt>
<trkpt lat="47.4467142" lon="6.6351110">
	<ele>296.70</ele>
	<time>1970-01-01T00:00:00.000Z</time>
</trkpt>
<trkpt lat="47.4478334" lon="6.6492355">
	<ele>297.70</ele>
	<time>1970-01-01T00:00:00.000Z</time>
</trkpt>
<trkpt lat="47.4478334" lon="6.6496010">
	<ele>298.10</ele>
	<time>1970-01-01T00:00:00.000Z</time>
</trkpt>
<trkpt lat="47.4478738" lon="6.6497106">
	<ele>298.10</ele>
	<time>1970-01-01T00:00:00.000Z</time>
</trkpt>
<trkpt lat="47.4479281" lon="6.6503526">
	<ele>298.70</ele>
	<time>1970-01-01T00:00:00.000Z</time>
</trkpt>
<trkpt lat="47.4497650" lon="6.6744228">
	<ele>302.20</ele>
	<time>1970-01-01T00:00:00.000Z</time>
</trkpt>
<trkpt lat="47.4498482" lon="6.6750915">
	<ele>301.80</ele>
	<time>1970-01-01T00:00:00.000Z</time>
</trkpt>
<trkpt lat="47.4499755" lon="6.6770967">
	<ele>302.20</ele>
	<time>1970-01-01T00:00:00.000Z</time>
</trkpt>
<trkpt lat="47.4500740" lon="6.6782648">
	<ele>301.10</ele>
	<time>1970-01-01T00:00:00.000Z</time>
</trkpt>
<trkpt lat="47.4502133" lon="6.6794105">
	<ele>300.10</ele>
	<time>1970-01-01T00:00:00.000Z</time>
</trkpt>
<trkpt lat="47.4503965" lon="6.6803708">
	<ele>300.10</ele>
	<time>1970-01-01T00:00:00.000Z</time>
</trkpt>
<trkpt lat="47.4506337" lon="6.6813151">
	<ele>300.70</ele>
	<time>1970-01-01T00:00:00.000Z</time>
</trkpt>
<trkpt lat="47.4511719" lon="6.6829325">
	<ele>301.40</ele>
	<time>1970-01-01T00:00:00.000Z</time>
</trkpt>
<trkpt lat="47.4515445" lon="6.6837567">
	<ele>301.10</ele>
	<time>1970-01-01T00:00:00.000Z</time>
</trkpt>
<trkpt lat="47.4519824" lon="6.6846221">
	<ele>301.60</ele>
	<time>1970-01-01T00:00:00.000Z</time>
</trkpt>
<trkpt lat="47.4524145" lon="6.6853128">
	<ele>301.30</ele>
	<time>1970-01-01T00:00:00.000Z</time>
</trkpt>
<trkpt lat="47.4529878" lon="6.6861256">
	<ele>301.40</ele>
	<time>1970-01-01T00:00:00.000Z</time>
</trkpt>
<trkpt lat="47.4552069" lon="6.6885705">
	<ele>303.70</ele>
	<time>1970-01-01T00:00:00.000Z</time>
</trkpt>
<trkpt lat="47.4562512" lon="6.6874770">
	<ele>300.60</ele>
	<time>1970-01-01T00:00:00.000Z</time>
</trkpt>
<trkpt lat="47.4572896" lon="6.6888462">
	<ele>301.00</ele>
	<time>1970-01-01T00:00:00.000Z</time>
</trkpt>
<trkpt lat="47.4584632" lon="6.6912739">
	<ele>301.20</ele>
	<time>1970-01-01T00:00:00.000Z</time>
</trkpt>
<trkpt lat="47.4592603" lon="6.6923888">
	<ele>301.10</ele>
	<time>1970-01-01T00:00:00.000Z</time>
</trkpt>
<trkpt lat="47.4617266" lon="6.6952141">
	<ele>302.90</ele>
	<time>1970-01-01T00:00:00.000Z</time>
</trkpt>
<trkpt lat="47.4628923" lon="6.6971359">
	<ele>303.00</ele>
	<time>1970-01-01T00:00:00.000Z</time>
</trkpt>
<trkpt lat="47.4629818" lon="6.6975504">
	<ele>303.20</ele>
	<time>1970-01-01T00:00:00.000Z</time>
</trkpt>
<trkpt lat="47.4703297" lon="6.7130292">
	<ele>309.00</ele>
	<time>1970-01-01T00:00:00.000Z</time>
</trkpt>
<trkpt lat="47.4718956" lon="6.7164778">
	<ele>305.80</ele>
	<time>1970-01-01T00:00:00.000Z</time>
</trkpt>
<trkpt lat="47.4721936" lon="6.7173639">
	<ele>305.10</ele>
	<time>1970-01-01T00:00:00.000Z</time>
</trkpt>
<trkpt lat="47.4736398" lon="6.7224894">
	<ele>309.30</ele>
	<time>1970-01-01T00:00:00.000Z</time>
</trkpt>
<trkpt lat="47.4748491" lon="6.7266411">
	<ele>304.60</ele>
	<time>1970-01-01T00:00:00.000Z</time>
</trkpt>
<trkpt lat="47.4757564" lon="6.7299174">
	<ele>307.60</ele>
	<time>1970-01-01T00:00:00.000Z</time>
</trkpt>
<trkpt lat="47.4759685" lon="6.7310790">
	<ele>307.90</ele>
	<time>1970-01-01T00:00:00.000Z</time>
</trkpt>
<trkpt lat="47.4759325" lon="6.7319743">
	<ele>307.60</ele>
	<time>1970-01-01T00:00:00.000Z</time>
</trkpt>
<trkpt lat="47.4758681" lon="6.7323809">
	<ele>306.50</ele>
	<time>1970-01-01T00:00:00.000Z</time>
</trkpt>
<trkpt lat="47.4756072" lon="6.7322816">
	<ele>308.40</ele>
	<time>1970-01-01T00:00:00.000Z</time>
</trkpt>
<trkpt lat="47.4754960" lon="6.7323171">
	<ele>307.90</ele>
	<time>1970-01-01T00:00:00.000Z</time>
</trkpt>
<trkpt lat="47.4755004" lon="6.7328692">
	<ele>307.30</ele>
	<time>1970-01-01T00:00:00.000Z</time>
</trkpt>
<trkpt lat="47.4753989" lon="6.7332894">
	<ele>308.00</ele>
	<time>1970-01-01T00:00:00.000Z</time>
</trkpt>
<trkpt lat="47.4750548" lon="6.7336116">
	<ele>309.10</ele>
	<time>1970-01-01T00:00:00.000Z</time>
</trkpt>
<trkpt lat="47.4754668" lon="6.7355173">
	<ele>307.20</ele>
	<time>1970-01-01T00:00:00.000Z</time>
</trkpt>
<trkpt lat="47.4755178" lon="6.7358671">
	<ele>307.30</ele>
	<time>1970-01-01T00:00:00.000Z</time>
</trkpt>
<trkpt lat="47.4757238" lon="6.7358490">
	<ele>306.30</ele>
	<time>1970-01-01T00:00:00.000Z</time>
</trkpt>
<trkpt lat="47.4757638" lon="6.7363738">
	<ele>306.90</ele>
	<time>1970-01-01T00:00:00.000Z</time>
</trkpt>
<trkpt lat="47.4766127" lon="6.7406294">
	<ele>309.80</ele>
	<time>1970-01-01T00:00:00.000Z</time>
</trkpt>
<trkpt lat="47.4769556" lon="6.7425179">
	<ele>310.50</ele>
	<time>1970-01-01T00:00:00.000Z</time>
</trkpt>
<trkpt lat="47.4772062" lon="6.7442979">
	<ele>308.40</ele>
	<time>1970-01-01T00:00:00.000Z</time>
</trkpt>
<trkpt lat="47.4771169" lon="6.7445080">
	<ele>307.70</ele>
	<time>1970-01-01T00:00:00.000Z</time>
</trkpt>
<trkpt lat="47.4771501" lon="6.7450729">
	<ele>308.20</ele>
	<time>1970-01-01T00:00:00.000Z</time>
</trkpt>
<trkpt lat="47.4772442" lon="6.7453421">
	<ele>308.20</ele>
	<time>1970-01-01T00:00:00.000Z</time>
</trkpt>
<trkpt lat="47.4772881" lon="6.7457593">
	<ele>308.10</ele>
	<time>1970-01-01T00:00:00.000Z</time>
</trkpt>
<trkpt lat="47.4772975" lon="6.7468916">
	<ele>308.40</ele>
	<time>1970-01-01T00:00:00.000Z</time>
</trkpt>
<trkpt lat="47.4769971" lon="6.7571822">
	<ele>309.70</ele>
	<time>1970-01-01T00:00:00.000Z</time>
</trkpt>
<trkpt lat="47.4769639" lon="6.7592357">
	<ele>310.80</ele>
	<time>1970-01-01T00:00:00.000Z</time>
</trkpt>
<trkpt lat="47.4766330" lon="6.7600284">
	<ele>311.40</ele>
	<time>1970-01-01T00:00:00.000Z</time>
</trkpt>
<trkpt lat="47.4767018" lon="6.7608491">
	<ele>310.90</ele>
	<time>1970-01-01T00:00:00.000Z</time>
</trkpt>
<trkpt lat="47.4776489" lon="6.7622381">
	<ele>308.80</ele>
	<time>1970-01-01T00:00:00.000Z</time>
</trkpt>
<trkpt lat="47.4781863" lon="6.7627261">
	<ele>310.40</ele>
	<time>1970-01-01T00:00:00.000Z</time>
</trkpt>
<trkpt lat="47.4787002" lon="6.7633531">
	<ele>310.40</ele>
	<time>1970-01-01T00:00:00.000Z</time>
</trkpt>
<trkpt lat="47.4790735" lon="6.7641954">
	<ele>311.20</ele>
	<time>1970-01-01T00:00:00.000Z</time>
</trkpt>
<trkpt lat="47.4791801" lon="6.7645406">
	<ele>311.10</ele>
	<time>1970-01-01T00:00:00.000Z</time>
</trkpt>
<trkpt lat="47.4794919" lon="6.7658987">
	<ele>311.30</ele>
	<time>1970-01-01T00:00:00.000Z</time>
</trkpt>
<trkpt lat="47.4796238" lon="6.7660460">
	<ele>311.40</ele>
	<time>1970-01-01T00:00:00.000Z</time>
</trkpt>
<trkpt lat="47.4797618" lon="6.7665669">
	<ele>311.80</ele>
	<time>1970-01-01T00:00:00.000Z</time>
</trkpt>
<trkpt lat="47.4797511" lon="6.7666445">
	<ele>311.80</ele>
	<time>1970-01-01T00:00:00.000Z</time>
</trkpt>
<trkpt lat="47.4796029" lon="6.7661514">
	<ele>311.40</ele>
	<time>1970-01-01T00:00:00.000Z</time>
</trkpt>
<trkpt lat="47.4802536" lon="6.7658047">
	<ele>309.80</ele>
	<time>1970-01-01T00:00:00.000Z</time>
</trkpt>
<trkpt lat="47.4810370" lon="6.7651001">
	<ele>315.90</ele>
	<time>1970-01-01T00:00:00.000Z</time>
</trkpt>
<trkpt lat="47.4812152" lon="6.7654415">
	<ele>319.90</ele>
	<time>1970-01-01T00:00:00.000Z</time>
</trkpt>
<trkpt lat="47.4809852" lon="6.7659030">
	<ele>311.40</ele>
	<time>1970-01-01T00:00:00.000Z</time>
</trkpt>
<trkpt lat="47.4809591" lon="6.7660629">
	<ele>311.10</ele>
	<time>1970-01-01T00:00:00.000Z</time>
</trkpt>
<trkpt lat="47.4809894" lon="6.7663028">
	<ele>310.90</ele>
	<time>1970-01-01T00:00:00.000Z</time>
</trkpt>
<trkpt lat="47.4812752" lon="6.7667886">
	<ele>314.20</ele>
	<time>1970-01-01T00:00:00.000Z</time>
</trkpt>
<trkpt lat="47.4815776" lon="6.7674050">
	<ele>311.90</ele>
	<time>1970-01-01T00:00:00.000Z</time>
</trkpt>
<trkpt lat="47.4818153" lon="6.7677067">
	<ele>311.00</ele>
	<time>1970-01-01T00:00:00.000Z</time>
</trkpt>
<trkpt lat="47.4819555" lon="6.7678090">
	<ele>312.20</ele>
	<time>1970-01-01T00:00:00.000Z</time>
</trkpt>
<trkpt lat="47.4823865" lon="6.7680044">
	<ele>312.00</ele>
	<time>1970-01-01T00:00:00.000Z</time>
</trkpt>
<trkpt lat="47.4825849" lon="6.7682379">
	<ele>311.70</ele>
	<time>1970-01-01T00:00:00.000Z</time>
</trkpt>
<trkpt lat="47.4828604" lon="6.7686562">
	<ele>312.40</ele>
	<time>1970-01-01T00:00:00.000Z</time>
</trkpt>
<trkpt lat="47.4832413" lon="6.7689974">
	<ele>309.60</ele>
	<time>1970-01-01T00:00:00.000Z</time>
</trkpt>
<trkpt lat="47.4838306" lon="6.7694044">
	<ele>312.40</ele>
	<time>1970-01-01T00:00:00.000Z</time>
</trkpt>
<trkpt lat="47.4843145" lon="6.7696140">
	<ele>315.40</ele>
	<time>1970-01-01T00:00:00.000Z</time>
</trkpt>
<trkpt lat="47.4854795" lon="6.7704467">
	<ele>312.90</ele>
	<time>1970-01-01T00:00:00.000Z</time>
</trkpt>
<trkpt lat="47.4857468" lon="6.7705436">
	<ele>313.90</ele>
	<time>1970-01-01T00:00:00.000Z</time>
</trkpt>
<trkpt lat="47.4860874" lon="6.7707472">
	<ele>312.80</ele>
	<time>1970-01-01T00:00:00.000Z</time>
</trkpt>
<trkpt lat="47.4861716" lon="6.7707498">
	<ele>312.80</ele>
	<time>1970-01-01T00:00:00.000Z</time>
</trkpt>
<trkpt lat="47.4885411" lon="6.7727680">
	<ele>310.30</ele>
	<time>1970-01-01T00:00:00.000Z</time>
</trkpt>
<trkpt lat="47.4908134" lon="6.7733108">
	<ele>310.80</ele>
	<time>1970-01-01T00:00:00.000Z</time>
</trkpt>
<trkpt lat="47.4950533" lon="6.7735233">
	<ele>312.50</ele>
	<time>1970-01-01T00:00:00.000Z</time>
</trkpt>
<trkpt lat="47.4966136" lon="6.7734562">
	<ele>313.80</ele>
	<time>1970-01-01T00:00:00.000Z</time>
</trkpt>
<trkpt lat="47.4976527" lon="6.7730953">
	<ele>318.50</ele>
	<time>1970-01-01T00:00:00.000Z</time>
</trkpt>
<trkpt lat="47.4989082" lon="6.7729457">
	<ele>317.60</ele>
	<time>1970-01-01T00:00:00.000Z</time>
</trkpt>
<trkpt lat="47.5001492" lon="6.7722991">
	<ele>325.60</ele>
	<time>1970-01-01T00:00:00.000Z</time>
</trkpt>
<trkpt lat="47.5003859" lon="6.7734433">
	<ele>310.30</ele>
	<time>1970-01-01T00:00:00.000Z</time>
</trkpt>
<trkpt lat="47.5005659" lon="6.7737014">
	<ele>310.40</ele>
	<time>1970-01-01T00:00:00.000Z</time>
</trkpt>
<trkpt lat="47.5006313" lon="6.7738683">
	<ele>310.20</ele>
	<time>1970-01-01T00:00:00.000Z</time>
</trkpt>
<trkpt lat="47.5013686" lon="6.7736750">
	<ele>309.90</ele>
	<time>1970-01-01T00:00:00.000Z</time>
</trkpt>
<trkpt lat="47.5023333" lon="6.7742374">
	<ele>310.80</ele>
	<time>1970-01-01T00:00:00.000Z</time>
</trkpt>
<trkpt lat="47.5036315" lon="6.7755197">
	<ele>312.40</ele>
	<time>1970-01-01T00:00:00.000Z</time>
</trkpt>
<trkpt lat="47.5038155" lon="6.7755760">
	<ele>311.30</ele>
	<time>1970-01-01T00:00:00.000Z</time>
</trkpt>
<trkpt lat="47.5043595" lon="6.7762927">
	<ele>310.90</ele>
	<time>1970-01-01T00:00:00.000Z</time>
</trkpt>
<trkpt lat="47.5049702" lon="6.7776637">
	<ele>313.00</ele>
	<time>1970-01-01T00:00:00.000Z</time>
</trkpt>
<trkpt lat="47.5054468" lon="6.7797036">
	<ele>314.80</ele>
	<time>1970-01-01T00:00:00.000Z</time>
</trkpt>
<trkpt lat="47.5054801" lon="6.7806368">
	<ele>315.90</ele>
	<time>1970-01-01T00:00:00.000Z</time>
</trkpt>
<trkpt lat="47.5053936" lon="6.7811936">
	<ele>316.90</ele>
	<time>1970-01-01T00:00:00.000Z</time>
</trkpt>
<trkpt lat="47.5041183" lon="6.7876342">
	<ele>319.40</ele>
	<time>1970-01-01T00:00:00.000Z</time>
</trkpt>
<trkpt lat="47.5040135" lon="6.7896281">
	<ele>316.80</ele>
	<time>1970-01-01T00:00:00.000Z</time>
</trkpt>
<trkpt lat="47.5041798" lon="6.7911529">
	<ele>315.60</ele>
	<time>1970-01-01T00:00:00.000Z</time>
</trkpt>
<trkpt lat="47.5044403" lon="6.7915611">
	<ele>314.50</ele>
	<time>1970-01-01T00:00:00.000Z</time>
</trkpt>
<trkpt lat="47.5048428" lon="6.7942164">
	<ele>314.30</ele>
	<time>1970-01-01T00:00:00.000Z</time>
</trkpt>
<trkpt lat="47.5048661" lon="6.7953413">
	<ele>315.70</ele>
	<time>1970-01-01T00:00:00.000Z</time>
</trkpt>
<trkpt lat="47.5050795" lon="6.7968388">
	<ele>317.00</ele>
	<time>1970-01-01T00:00:00.000Z</time>
</trkpt>
<trkpt lat="47.5052024" lon="6.7982788">
	<ele>317.10</ele>
	<time>1970-01-01T00:00:00.000Z</time>
</trkpt>
<trkpt lat="47.5050005" lon="6.8032578">
	<ele>315.70</ele>
	<time>1970-01-01T00:00:00.000Z</time>
</trkpt>
<trkpt lat="47.5050311" lon="6.8035471">
	<ele>315.70</ele>
	<time>1970-01-01T00:00:00.000Z</time>
</trkpt>
<trkpt lat="47.5050015" lon="6.8047679">
	<ele>316.30</ele>
	<time>1970-01-01T00:00:00.000Z</time>
</trkpt>
<trkpt lat="47.5052172" lon="6.8048649">
	<ele>316.40</ele>
	<time>1970-01-01T00:00:00.000Z</time>
</trkpt>
<trkpt lat="47.5045778" lon="6.8048461">
	<ele>316.30</ele>
	<time>1970-01-01T00:00:00.000Z</time>
</trkpt>
<trkpt lat="47.5045360" lon="6.8047530">
	<ele>316.50</ele>
	<time>1970-01-01T00:00:00.000Z</time>
</trkpt>
<trkpt lat="47.5046783" lon="6.8046984">
	<ele>316.40</ele>
	<time>1970-01-01T00:00:00.000Z</time>
</trkpt>
<trkpt lat="47.5046884" lon="6.8048898">
	<ele>316.30</ele>
	<time>1970-01-01T00:00:00.000Z</time>
</trkpt>
<trkpt lat="47.5045303" lon="6.8077011">
	<ele>315.90</ele>
	<time>1970-01-01T00:00:00.000Z</time>
</trkpt>
<trkpt lat="47.5044621" lon="6.8080569">
	<ele>316.40</ele>
	<time>1970-01-01T00:00:00.000Z</time>
</trkpt>
<trkpt lat="47.5044925" lon="6.8085869">
	<ele>315.50</ele>
	<time>1970-01-01T00:00:00.000Z</time>
</trkpt>
<trkpt lat="47.5043154" lon="6.8119964">
	<ele>313.70</ele>
	<time>1970-01-01T00:00:00.000Z</time>
</trkpt>
<trkpt lat="47.5041565" lon="6.8126581">
	<ele>315.00</ele>
	<time>1970-01-01T00:00:00.000Z</time>
</trkpt>
<trkpt lat="47.5039218" lon="6.8171851">
	<ele>314.50</ele>
	<time>1970-01-01T00:00:00.000Z</time>
</trkpt>
<trkpt lat="47.5034546" lon="6.8233997">
	<ele>318.00</ele>
	<time>1970-01-01T00:00:00.000Z</time>
</trkpt>
<trkpt lat="47.5034780" lon="6.8239672">
	<ele>314.10</ele>
	<time>1970-01-01T00:00:00.000Z</time>
</trkpt>
<trkpt lat="47.5036391" lon="6.8243475">
	<ele>313.10</ele>
	<time>1970-01-01T00:00:00.000Z</time>
</trkpt>
<trkpt lat="47.5036894" lon="6.8253249">
	<ele>313.10</ele>
	<time>1970-01-01T00:00:00.000Z</time>
</trkpt>
<trkpt lat="47.5034798" lon="6.8256536">
	<ele>314.30</ele>
	<time>1970-01-01T00:00:00.000Z</time>
</trkpt>
<trkpt lat="47.5034684" lon="6.8272706">
	<ele>314.40</ele>
	<time>1970-01-01T00:00:00.000Z</time>
</trkpt>
<trkpt lat="47.5036031" lon="6.8283053">
	<ele>314.60</ele>
	<time>1970-01-01T00:00:00.000Z</time>
</trkpt>
<trkpt lat="47.5037210" lon="6.8287055">
	<ele>313.50</ele>
	<time>1970-01-01T00:00:00.000Z</time>
</trkpt>
<trkpt lat="47.5041392" lon="6.8316463">
	<ele>314.10</ele>
	<time>1970-01-01T00:00:00.000Z</time>
</trkpt>
<trkpt lat="47.5044476" lon="6.8328255">
	<ele>313.40</ele>
	<time>1970-01-01T00:00:00.000Z</time>
</trkpt>
<trkpt lat="47.5045185" lon="6.8329319">
	<ele>314.20</ele>
	<time>1970-01-01T00:00:00.000Z</time>
</trkpt>
<trkpt lat="47.5046805" lon="6.8330533">
	<ele>313.20</ele>
	<time>1970-01-01T00:00:00.000Z</time>
</trkpt>
<trkpt lat="47.5047008" lon="6.8331260">
	<ele>313.10</ele>
	<time>1970-01-01T00:00:00.000Z</time>
</trkpt>
<trkpt lat="47.5047191" lon="6.8332537">
	<ele>313.10</ele>
	<time>1970-01-01T00:00:00.000Z</time>
</trkpt>
<trkpt lat="47.5046001" lon="6.8336415">
	<ele>314.40</ele>
	<time>1970-01-01T00:00:00.000Z</time>
</trkpt>
<trkpt lat="47.5046271" lon="6.8340967">
	<ele>315.30</ele>
	<time>1970-01-01T00:00:00.000Z</time>
</trkpt>
<trkpt lat="47.5047521" lon="6.8346434">
	<ele>315.40</ele>
	<time>1970-01-01T00:00:00.000Z</time>
</trkpt>
<trkpt lat="47.5054850" lon="6.8370044">
	<ele>314.00</ele>
	<time>1970-01-01T00:00:00.000Z</time>
</trkpt>
<trkpt lat="47.5059209" lon="6.8390036">
	<ele>313.70</ele>
	<time>1970-01-01T00:00:00.000Z</time>
</trkpt>
<trkpt lat="47.5061240" lon="6.8396713">
	<ele>314.50</ele>
	<time>1970-01-01T00:00:00.000Z</time>
</trkpt>
<trkpt lat="47.5065140" lon="6.8412055">
	<ele>315.20</ele>
	<time>1970-01-01T00:00:00.000Z</time>
</trkpt>
<trkpt lat="47.5067956" lon="6.8413411">
	<ele>313.70</ele>
	<time>1970-01-01T00:00:00.000Z</time>
</trkpt>
<trkpt lat="47.5069210" lon="6.8417049">
	<ele>313.30</ele>
	<time>1970-01-01T00:00:00.000Z</time>
</trkpt>
<trkpt lat="47.5068597" lon="6.8420608">
	<ele>314.50</ele>
	<time>1970-01-01T00:00:00.000Z</time>
</trkpt>
<trkpt lat="47.5074136" lon="6.8434266">
	<ele>314.10</ele>
	<time>1970-01-01T00:00:00.000Z</time>
</trkpt>
<trkpt lat="47.5079368" lon="6.8445679">
	<ele>313.90</ele>
	<time>1970-01-01T00:00:00.000Z</time>
</trkpt>
<trkpt lat="47.5085729" lon="6.8458130">
	<ele>317.30</ele>
	<time>1970-01-01T00:00:00.000Z</time>
</trkpt>
<trkpt lat="47.5090475" lon="6.8466299">
	<ele>314.10</ele>
	<time>1970-01-01T00:00:00.000Z</time>
</trkpt>
<trkpt lat="47.5092739" lon="6.8475161">
	<ele>317.80</ele>
	<time>1970-01-01T00:00:00.000Z</time>
</trkpt>
<trkpt lat="47.5097102" lon="6.8489152">
	<ele>317.50</ele>
	<time>1970-01-01T00:00:00.000Z</time>
</trkpt>
<trkpt lat="47.5097039" lon="6.8494531">
	<ele>317.40</ele>
	<time>1970-01-01T00:00:00.000Z</time>
</trkpt>
<trkpt lat="47.5097314" lon="6.8496044">
	<ele>317.20</ele>
	<time>1970-01-01T00:00:00.000Z</time>
</trkpt>
<trkpt lat="47.5101457" lon="6.8508617">
	<ele>317.90</ele>
	<time>1970-01-01T00:00:00.000Z</time>
</trkpt>
<trkpt lat="47.5103139" lon="6.8507950">
	<ele>317.40</ele>
	<time>1970-01-01T00:00:00.000Z</time>
</trkpt>
<trkpt lat="47.5126688" lon="6.8584317">
	<ele>320.50</ele>
	<time>1970-01-01T00:00:00.000Z</time>
</trkpt>
<trkpt lat="47.5126040" lon="6.8586579">
	<ele>320.90</ele>
	<time>1970-01-01T00:00:00.000Z</time>
</trkpt>
<trkpt lat="47.5129732" lon="6.8584834">
	<ele>320.60</ele>
	<time>1970-01-01T00:00:00.000Z</time>
</trkpt>
<trkpt lat="47.5131055" lon="6.8590686">
	<ele>321.50</ele>
	<time>1970-01-01T00:00:00.000Z</time>
</trkpt>
<trkpt lat="47.5155728" lon="6.8670023">
	<ele>320.20</ele>
	<time>1970-01-01T00:00:00.000Z</time>
</trkpt>
<trkpt lat="47.5194866" lon="6.8795282">
	<ele>322.60</ele>
	<time>1970-01-01T00:00:00.000Z</time>
</trkpt>
<trkpt lat="47.5197329" lon="6.8802219">
	<ele>321.40</ele>
	<time>1970-01-01T00:00:00.000Z</time>
</trkpt>
<trkpt lat="47.5199466" lon="6.8809661">
	<ele>321.30</ele>
	<time>1970-01-01T00:00:00.000Z</time>
</trkpt>
<trkpt lat="47.5201337" lon="6.8814337">
	<ele>321.90</ele>
	<time>1970-01-01T00:00:00.000Z</time>
</trkpt>
<trkpt lat="47.5203255" lon="6.8816905">
	<ele>322.50</ele>
	<time>1970-01-01T00:00:00.000Z</time>
</trkpt>
<trkpt lat="47.5205657" lon="6.8819227">
	<ele>322.10</ele>
	<time>1970-01-01T00:00:00.000Z</time>
</trkpt>
<trkpt lat="47.5208334" lon="6.8820478">
	<ele>323.00</ele>
	<time>1970-01-01T00:00:00.000Z</time>
</trkpt>
<trkpt lat="47.5211346" lon="6.8820943">
	<ele>322.90</ele>
	<time>1970-01-01T00:00:00.000Z</time>
</trkpt>
<trkpt lat="47.5213076" lon="6.8820541">
	<ele>322.40</ele>
	<time>1970-01-01T00:00:00.000Z</time>
</trkpt>
<trkpt lat="47.5217767" lon="6.8817889">
	<ele>322.20</ele>
	<time>1970-01-01T00:00:00.000Z</time>
</trkpt>
<trkpt lat="47.5224405" lon="6.8810450">
	<ele>322.20</ele>
	<time>1970-01-01T00:00:00.000Z</time>
</trkpt>
<trkpt lat="47.5225807" lon="6.8812770">
	<ele>322.40</ele>
	<time>1970-01-01T00:00:00.000Z</time>
</trkpt>
<trkpt lat="47.5228358" lon="6.8809189">
	<ele>323.60</ele>
	<time>1970-01-01T00:00:00.000Z</time>
</trkpt>
<trkpt lat="47.5232694" lon="6.8804294">
	<ele>328.40</ele>
	<time>1970-01-01T00:00:00.000Z</time>
</trkpt>
<trkpt lat="47.5236116" lon="6.8803239">
	<ele>331.80</ele>
	<time>1970-01-01T00:00:00.000Z</time>
</trkpt>
<trkpt lat="47.5238001" lon="6.8803905">
	<ele>333.30</ele>
	<time>1970-01-01T00:00:00.000Z</time>
</trkpt>
<trkpt lat="47.5238831" lon="6.8805478">
	<ele>332.80</ele>
	<time>1970-01-01T00:00:00.000Z</time>
</trkpt>
<trkpt lat="47.5240221" lon="6.8812409">
	<ele>333.70</ele>
	<time>1970-01-01T00:00:00.000Z</time>
</trkpt>
<trkpt lat="47.5242259" lon="6.8819246">
	<ele>333.60</ele>
	<time>1970-01-01T00:00:00.000Z</time>
</trkpt>
<trkpt lat="47.5244584" lon="6.8825329">
	<ele>333.90</ele>
	<time>1970-01-01T00:00:00.000Z</time>
</trkpt>
<trkpt lat="47.5265290" lon="6.8855842">
	<ele>336.40</ele>
	<time>1970-01-01T00:00:00.000Z</time>
</trkpt>
<trkpt lat="47.5270472" lon="6.8864175">
	<ele>336.10</ele>
	<time>1970-01-01T00:00:00.000Z</time>
</trkpt>
<trkpt lat="47.5274161" lon="6.8873668">
	<ele>332.80</ele>
	<time>1970-01-01T00:00:00.000Z</time>
</trkpt>
<trkpt lat="47.5273999" lon="6.8874958">
	<ele>332.80</ele>
	<time>1970-01-01T00:00:00.000Z</time>
</trkpt>
<trkpt lat="47.5275798" lon="6.8881606">
	<ele>328.20</ele>
	<time>1970-01-01T00:00:00.000Z</time>
</trkpt>
<trkpt lat="47.5276653" lon="6.8883422">
	<ele>328.20</ele>
	<time>1970-01-01T00:00:00.000Z</time>
</trkpt>
<trkpt lat="47.5277480" lon="6.8883524">
	<ele>327.10</ele>
	<time>1970-01-01T00:00:00.000Z</time>
</trkpt>
<trkpt lat="47.5279926" lon="6.8882667">
	<ele>329.30</ele>
	<time>1970-01-01T00:00:00.000Z</time>
</trkpt>
<trkpt lat="47.5280744" lon="6.8895642">
	<ele>326.40</ele>
	<time>1970-01-01T00:00:00.000Z</time>
</trkpt>
<trkpt lat="47.5280676" lon="6.8905640">
	<ele>326.20</ele>
	<time>1970-01-01T00:00:00.000Z</time>
</trkpt>
<trkpt lat="47.5278910" lon="6.8958672">
	<ele>325.30</ele>
	<time>1970-01-01T00:00:00.000Z</time>
</trkpt>
<trkpt lat="47.5278418" lon="6.8960981">
	<ele>325.30</ele>
	<time>1970-01-01T00:00:00.000Z</time>
</trkpt>
<trkpt lat="47.5278272" lon="6.8963653">
	<ele>325.20</ele>
	<time>1970-01-01T00:00:00.000Z</time>
</trkpt>
<trkpt lat="47.5278868" lon="6.8965184">
	<ele>325.10</ele>
	<time>1970-01-01T00:00:00.000Z</time>
</trkpt>
<trkpt lat="47.5278930" lon="6.8969020">
	<ele>324.80</ele>
	<time>1970-01-01T00:00:00.000Z</time>
</trkpt>
<trkpt lat="47.5279786" lon="6.8975660">
	<ele>324.20</ele>
	<time>1970-01-01T00:00:00.000Z</time>
</trkpt>
<trkpt lat="47.5282473" lon="6.8985727">
	<ele>324.90</ele>
	<time>1970-01-01T00:00:00.000Z</time>
</trkpt>
<trkpt lat="47.5285789" lon="6.8992080">
	<ele>325.30</ele>
	<time>1970-01-01T00:00:00.000Z</time>
</trkpt>
<trkpt lat="47.5317085" lon="6.9034066">
	<ele>325.00</ele>
	<time>1970-01-01T00:00:00.000Z</time>
</trkpt>
<trkpt lat="47.5320400" lon="6.9039292">
	<ele>325.70</ele>
	<time>1970-01-01T00:00:00.000Z</time>
</trkpt>
<trkpt lat="47.5320851" lon="6.9041087">
	<ele>325.60</ele>
	<time>1970-01-01T00:00:00.000Z</time>
</trkpt>
<trkpt lat="47.5325758" lon="6.9046065">
	<ele>326.10</ele>
	<time>1970-01-01T00:00:00.000Z</time>
</trkpt>
<trkpt lat="47.5341219" lon="6.9066856">
	<ele>333.10</ele>
	<time>1970-01-01T00:00:00.000Z</time>
</trkpt>
<trkpt lat="47.5346293" lon="6.9072552">
	<ele>333.90</ele>
	<time>1970-01-01T00:00:00.000Z</time>
</trkpt>
<trkpt lat="47.5370296" lon="6.9093462">
	<ele>335.80</ele>
	<time>1970-01-01T00:00:00.000Z</time>
</trkpt>
<trkpt lat="47.5379151" lon="6.9100731">
	<ele>330.50</ele>
	<time>1970-01-01T00:00:00.000Z</time>
</trkpt>
<trkpt lat="47.5387057" lon="6.9104464">
	<ele>331.80</ele>
	<time>1970-01-01T00:00:00.000Z</time>
</trkpt>
<trkpt lat="47.5391169" lon="6.9105272">
	<ele>330.50</ele>
	<time>1970-01-01T00:00:00.000Z</time>
</trkpt>
<trkpt lat="47.5392800" lon="6.9104997">
	<ele>330.50</ele>
	<time>1970-01-01T00:00:00.000Z</time>
</trkpt>
<trkpt lat="47.5394802" lon="6.9103904">
	<ele>331.30</ele>
	<time>1970-01-01T00:00:00.000Z</time>
</trkpt>
<trkpt lat="47.5399039" lon="6.9096439">
	<ele>332.60</ele>
	<time>1970-01-01T00:00:00.000Z</time>
</trkpt>
<trkpt lat="47.5404862" lon="6.9081511">
	<ele>337.40</ele>
	<time>1970-01-01T00:00:00.000Z</time>
</trkpt>
<trkpt lat="47.5407486" lon="6.9077224">
	<ele>339.30</ele>
	<time>1970-01-01T00:00:00.000Z</time>
</trkpt>
<trkpt lat="47.5415610" lon="6.9072184">
	<ele>334.40</ele>
	<time>1970-01-01T00:00:00.000Z</time>
</trkpt>
<trkpt lat="47.5424682" lon="6.9068452">
	<ele>340.40</ele>
	<time>1970-01-01T00:00:00.000Z</time>
</trkpt>
<trkpt lat="47.5432140" lon="6.9066208">
	<ele>351.00</ele>
	<time>1970-01-01T00:00:00.000Z</time>
</trkpt>
<trkpt lat="47.5438074" lon="6.9066135">
	<ele>347.70</ele>
	<time>1970-01-01T00:00:00.000Z</time>
</trkpt>
<trkpt lat="47.5443217" lon="6.9067526">
	<ele>340.50</ele>
	<time>1970-01-01T00:00:00.000Z</time>
</trkpt>
<trkpt lat="47.5447322" lon="6.9066840">
	<ele>339.40</ele>
	<time>1970-01-01T00:00:00.000Z</time>
</trkpt>
<trkpt lat="47.5462591" lon="6.9059786">
	<ele>343.50</ele>
	<time>1970-01-01T00:00:00.000Z</time>
</trkpt>
<trkpt lat="47.5468072" lon="6.9057876">
	<ele>346.10</ele>
	<time>1970-01-01T00:00:00.000Z</time>
</trkpt>
<trkpt lat="47.5469959" lon="6.9061930">
	<ele>336.80</ele>
	<time>1970-01-01T00:00:00.000Z</time>
</trkpt>
<trkpt lat="47.5472828" lon="6.9063408">
	<ele>336.80</ele>
	<time>1970-01-01T00:00:00.000Z</time>
</trkpt>
<trkpt lat="47.5475153" lon="6.9065748">
	<ele>334.20</ele>
	<time>1970-01-01T00:00:00.000Z</time>
</trkpt>
<trkpt lat="47.5477470" lon="6.9070594">
	<ele>328.80</ele>
	<time>1970-01-01T00:00:00.000Z</time>
</trkpt>
<trkpt lat="47.5477681" lon="6.9071737">
	<ele>328.80</ele>
	<time>1970-01-01T00:00:00.000Z</time>
</trkpt>
<trkpt lat="47.5482233" lon="6.9079339">
	<ele>327.60</ele>
	<time>1970-01-01T00:00:00.000Z</time>
</trkpt>
<trkpt lat="47.5492254" lon="6.9097908">
	<ele>327.30</ele>
	<time>1970-01-01T00:00:00.000Z</time>
</trkpt>
<trkpt lat="47.5560279" lon="6.9226261">
	<ele>329.10</ele>
	<time>1970-01-01T00:00:00.000Z</time>
</trkpt>
<trkpt lat="47.5563365" lon="6.9231476">
	<ele>329.60</ele>
	<time>1970-01-01T00:00:00.000Z</time>
</trkpt>
<trkpt lat="47.5570045" lon="6.9245549">
	<ele>331.80</ele>
	<time>1970-01-01T00:00:00.000Z</time>
</trkpt>
<trkpt lat="47.5572625" lon="6.9248810">
	<ele>331.70</ele>
	<time>1970-01-01T00:00:00.000Z</time>
</trkpt>
<trkpt lat="47.5570892" lon="6.9252685">
	<ele>331.40</ele>
	<time>1970-01-01T00:00:00.000Z</time>
</trkpt>
<trkpt lat="47.5572348" lon="6.9254765">
	<ele>330.90</ele>
	<time>1970-01-01T00:00:00.000Z</time>
</trkpt>
<trkpt lat="47.5577713" lon="6.9266544">
	<ele>330.10</ele>
	<time>1970-01-01T00:00:00.000Z</time>
</trkpt>
<trkpt lat="47.5581052" lon="6.9275019">
	<ele>331.40</ele>
	<time>1970-01-01T00:00:00.000Z</time>
</trkpt>
<trkpt lat="47.5582417" lon="6.9276980">
	<ele>331.50</ele>
	<time>1970-01-01T00:00:00.000Z</time>
</trkpt>
<trkpt lat="47.5582607" lon="6.9279248">
	<ele>331.30</ele>
	<time>1970-01-01T00:00:00.000Z</time>
</trkpt>
<trkpt lat="47.5590504" lon="6.9300204">
	<ele>328.60</ele>
	<time>1970-01-01T00:00:00.000Z</time>
</trkpt>
<trkpt lat="47.5590788" lon="6.9303100">
	<ele>328.90</ele>
	<time>1970-01-01T00:00:00.000Z</time>
</trkpt>
<trkpt lat="47.5599820" lon="6.9327255">
	<ele>331.20</ele>
	<time>1970-01-01T00:00:00.000Z</time>
</trkpt>
<trkpt lat="47.5602412" lon="6.9332960">
	<ele>331.70</ele>
	<time>1970-01-01T00:00:00.000Z</time>
</trkpt>
<trkpt lat="47.5608205" lon="6.9348341">
	<ele>330.50</ele>
	<time>1970-01-01T00:00:00.000Z</time>
</trkpt>
<trkpt lat="47.5617170" lon="6.9367109">
	<ele>327.70</ele>
	<time>1970-01-01T00:00:00.000Z</time>
</trkpt>
<trkpt lat="47.5631009" lon="6.9391206">
	<ele>329.90</ele>
	<time>1970-01-01T00:00:00.000Z</time>
</trkpt>
<trkpt lat="47.5631615" lon="6.9391602">
	<ele>329.90</ele>
	<time>1970-01-01T00:00:00.000Z</time>
</trkpt>
<trkpt lat="47.5633027" lon="6.9393926">
	<ele>330.80</ele>
	<time>1970-01-01T00:00:00.000Z</time>
</trkpt>
<trkpt lat="47.5639573" lon="6.9406634">
	<ele>333.50</ele>
	<time>1970-01-01T00:00:00.000Z</time>
</trkpt>
<trkpt lat="47.5644983" lon="6.9415858">
	<ele>334.90</ele>
	<time>1970-01-01T00:00:00.000Z</time>
</trkpt>
<trkpt lat="47.5659881" lon="6.9439764">
	<ele>330.40</ele>
	<time>1970-01-01T00:00:00.000Z</time>
</trkpt>
<trkpt lat="47.5663205" lon="6.9444333">
	<ele>330.70</ele>
	<time>1970-01-01T00:00:00.000Z</time>
</trkpt>
<trkpt lat="47.5663755" lon="6.9444638">
	<ele>330.70</ele>
	<time>1970-01-01T00:00:00.000Z</time>
</trkpt>
<trkpt lat="47.5666152" lon="6.9449554">
	<ele>331.50</ele>
	<time>1970-01-01T00:00:00.000Z</time>
</trkpt>
<trkpt lat="47.5690222" lon="6.9487624">
	<ele>330.60</ele>
	<time>1970-01-01T00:00:00.000Z</time>
</trkpt>
<trkpt lat="47.5702431" lon="6.9502409">
	<ele>330.10</ele>
	<time>1970-01-01T00:00:00.000Z</time>
</trkpt>
<trkpt lat="47.5753112" lon="6.9560515">
	<ele>332.40</ele>
	<time>1970-01-01T00:00:00.000Z</time>
</trkpt>
<trkpt lat="47.5757439" lon="6.9565840">
	<ele>331.80</ele>
	<time>1970-01-01T00:00:00.000Z</time>
</trkpt>
<trkpt lat="47.5761729" lon="6.9571867">
	<ele>330.60</ele>
	<time>1970-01-01T00:00:00.000Z</time>
</trkpt>
<trkpt lat="47.5784337" lon="6.9606246">
	<ele>331.30</ele>
	<time>1970-01-01T00:00:00.000Z</time>
</trkpt>
<trkpt lat="47.5789238" lon="6.9612548">
	<ele>332.10</ele>
	<time>1970-01-01T00:00:00.000Z</time>
</trkpt>
<trkpt lat="47.5792845" lon="6.9617944">
	<ele>333.00</ele>
	<time>1970-01-01T00:00:00.000Z</time>
</trkpt>
<trkpt lat="47.5808331" lon="6.9642212">
	<ele>333.00</ele>
	<time>1970-01-01T00:00:00.000Z</time>
</trkpt>
<trkpt lat="47.5821349" lon="6.9661558">
	<ele>333.20</ele>
	<time>1970-01-01T00:00:00.000Z</time>
</trkpt>
<trkpt lat="47.5838232" lon="6.9688252">
	<ele>332.10</ele>
	<time>1970-01-01T00:00:00.000Z</time>
</trkpt>
<trkpt lat="47.5914424" lon="6.9805230">
	<ele>333.40</ele>
	<time>1970-01-01T00:00:00.000Z</time>
</trkpt>
<trkpt lat="47.5925931" lon="6.9822755">
	<ele>334.50</ele>
	<time>1970-01-01T00:00:00.000Z</time>
</trkpt>
<trkpt lat="47.5927218" lon="6.9823548">
	<ele>334.30</ele>
	<time>1970-01-01T00:00:00.000Z</time>
</trkpt>
<trkpt lat="47.5930350" lon="6.9829493">
	<ele>334.30</ele>
	<time>1970-01-01T00:00:00.000Z</time>
</trkpt>
<trkpt lat="47.5948366" lon="6.9858313">
	<ele>335.00</ele>
	<time>1970-01-01T00:00:00.000Z</time>
</trkpt>
<trkpt lat="47.5951470" lon="6.9863770">
	<ele>334.50</ele>
	<time>1970-01-01T00:00:00.000Z</time>
</trkpt>
<trkpt lat="47.5953645" lon="6.9868797">
	<ele>334.70</ele>
	<time>1970-01-01T00:00:00.000Z</time>
</trkpt>
<trkpt lat="47.5955614" lon="6.9875226">
	<ele>335.40</ele>
	<time>1970-01-01T00:00:00.000Z</time>
</trkpt>
<trkpt lat="47.5956808" lon="6.9880900">
	<ele>335.90</ele>
	<time>1970-01-01T00:00:00.000Z</time>
</trkpt>
<trkpt lat="47.5957483" lon="6.9886704">
	<ele>335.80</ele>
	<time>1970-01-01T00:00:00.000Z</time>
</trkpt>
<trkpt lat="47.5958390" lon="6.9913697">
	<ele>339.00</ele>
	<time>1970-01-01T00:00:00.000Z</time>
</trkpt>
<trkpt lat="47.5960394" lon="6.9924952">
	<ele>338.60</ele>
	<time>1970-01-01T00:00:00.000Z</time>
</trkpt>
<trkpt lat="47.5962364" lon="6.9932185">
	<ele>339.40</ele>
	<time>1970-01-01T00:00:00.000Z</time>
</trkpt>
<trkpt lat="47.5963803" lon="6.9936122">
	<ele>339.60</ele>
	<time>1970-01-01T00:00:00.000Z</time>
</trkpt>
<trkpt lat="47.5967310" lon="6.9942773">
	<ele>338.00</ele>
	<time>1970-01-01T00:00:00.000Z</time>
</trkpt>
<trkpt lat="47.5972584" lon="6.9950465">
	<ele>338.30</ele>
	<time>1970-01-01T00:00:00.000Z</time>
</trkpt>
<trkpt lat="47.6005065" lon="6.9986721">
	<ele>336.50</ele>
	<time>1970-01-01T00:00:00.000Z</time>
</trkpt>
<trkpt lat="47.6008596" lon="6.9992211">
	<ele>336.30</ele>
	<time>1970-01-01T00:00:00.000Z</time>
</trkpt>
<trkpt lat="47.6011774" lon="6.9999282">
	<ele>336.50</ele>
	<time>1970-01-01T00:00:00.000Z</time>
</trkpt>
<trkpt lat="47.6013987" lon="7.0007338">
	<ele>336.30</ele>
	<time>1970-01-01T00:00:00.000Z</time>
</trkpt>
<trkpt lat="47.6014110" lon="7.0016677">
	<ele>337.80</ele>
	<time>1970-01-01T00:00:00.000Z</time>
</trkpt>
<trkpt lat="47.6012606" lon="7.0022572">
	<ele>339.20</ele>
	<time>1970-01-01T00:00:00.000Z</time>
</trkpt>
<trkpt lat="47.6011942" lon="7.0023981">
	<ele>339.80</ele>
	<time>1970-01-01T00:00:00.000Z</time>
</trkpt>
<trkpt lat="47.6009832" lon="7.0034635">
	<ele>340.20</ele>
	<time>1970-01-01T00:00:00.000Z</time>
</trkpt>
<trkpt lat="47.6009258" lon="7.0037996">
	<ele>340.10</ele>
	<time>1970-01-01T00:00:00.000Z</time>
</trkpt>
<trkpt lat="47.6008899" lon="7.0045418">
	<ele>339.90</ele>
	<time>1970-01-01T00:00:00.000Z</time>
</trkpt>
<trkpt lat="47.6009529" lon="7.0060791">
	<ele>341.80</ele>
	<time>1970-01-01T00:00:00.000Z</time>
</trkpt>
<trkpt lat="47.6011247" lon="7.0070428">
	<ele>344.10</ele>
	<time>1970-01-01T00:00:00.000Z</time>
</trkpt>
<trkpt lat="47.6012907" lon="7.0075161">
	<ele>345.80</ele>
	<time>1970-01-01T00:00:00.000Z</time>
</trkpt>
<trkpt lat="47.6015118" lon="7.0079338">
	<ele>346.60</ele>
	<time>1970-01-01T00:00:00.000Z</time>
</trkpt>
<trkpt lat="47.6034270" lon="7.0108015">
	<ele>342.10</ele>
	<time>1970-01-01T00:00:00.000Z</time>
</trkpt>
<trkpt lat="47.6039193" lon="7.0116664">
	<ele>341.40</ele>
	<time>1970-01-01T00:00:00.000Z</time>
</trkpt>
<trkpt lat="47.6083987" lon="7.0214673">
	<ele>341.00</ele>
	<time>1970-01-01T00:00:00.000Z</time>
</trkpt>
<trkpt lat="47.6090452" lon="7.0227569">
	<ele>339.40</ele>
	<time>1970-01-01T00:00:00.000Z</time>
</trkpt>
<trkpt lat="47.6095292" lon="7.0235436">
	<ele>340.40</ele>
	<time>1970-01-01T00:00:00.000Z</time>
</trkpt>
<trkpt lat="47.6097371" lon="7.0238237">
	<ele>340.60</ele>
	<time>1970-01-01T00:00:00.000Z</time>
</trkpt>
<trkpt lat="47.6099701" lon="7.0240622">
	<ele>341.00</ele>
	<time>1970-01-01T00:00:00.000Z</time>
</trkpt>
<trkpt lat="47.6102407" lon="7.0244589">
	<ele>340.90</ele>
	<time>1970-01-01T00:00:00.000Z</time>
</trkpt>
<trkpt lat="47.6104074" lon="7.0246244">
	<ele>341.40</ele>
	<time>1970-01-01T00:00:00.000Z</time>
</trkpt>
<trkpt lat="47.6129457" lon="7.0266924">
	<ele>343.70</ele>
	<time>1970-01-01T00:00:00.000Z</time>
</trkpt>
<trkpt lat="47.6133460" lon="7.0270976">
	<ele>344.80</ele>
	<time>1970-01-01T00:00:00.000Z</time>
</trkpt>
<trkpt lat="47.6151133" lon="7.0285626">
	<ele>345.20</ele>
	<time>1970-01-01T00:00:00.000Z</time>
</trkpt>
<trkpt lat="47.6154067" lon="7.0288817">
	<ele>344.80</ele>
	<time>1970-01-01T00:00:00.000Z</time>
</trkpt>
<trkpt lat="47.6157177" lon="7.0292982">
	<ele>344.70</ele>
	<time>1970-01-01T00:00:00.000Z</time>
</trkpt>
<trkpt lat="47.6162811" lon="7.0302116">
	<ele>344.10</ele>
	<time>1970-01-01T00:00:00.000Z</time>
</trkpt>
<trkpt lat="47.6170077" lon="7.0315898">
	<ele>343.60</ele>
	<time>1970-01-01T00:00:00.000Z</time>
</trkpt>
<trkpt lat="47.6237817" lon="7.0437939">
	<ele>348.80</ele>
	<time>1970-01-01T00:00:00.000Z</time>
</trkpt>
<trkpt lat="47.6238472" lon="7.0439835">
	<ele>348.10</ele>
	<time>1970-01-01T00:00:00.000Z</time>
</trkpt>
<trkpt lat="47.6238538" lon="7.0442459">
	<ele>347.50</ele>
	<time>1970-01-01T00:00:00.000Z</time>
</trkpt>
<trkpt lat="47.6237477" lon="7.0444780">
	<ele>347.20</ele>
	<time>1970-01-01T00:00:00.000Z</time>
</trkpt>
<trkpt lat="47.6231655" lon="7.0450737">
	<ele>345.20</ele>
	<time>1970-01-01T00:00:00.000Z</time>
</trkpt>
<trkpt lat="47.6230963" lon="7.0451864">
	<ele>345.20</ele>
	<time>1970-01-01T00:00:00.000Z</time>
</trkpt>
<trkpt lat="47.6230688" lon="7.0453295">
	<ele>344.80</ele>
	<time>1970-01-01T00:00:00.000Z</time>
</trkpt>
<trkpt lat="47.6230816" lon="7.0455313">
	<ele>344.60</ele>
	<time>1970-01-01T00:00:00.000Z</time>
</trkpt>
<trkpt lat="47.6233560" lon="7.0465145">
	<ele>345.70</ele>
	<time>1970-01-01T00:00:00.000Z</time>
</trkpt>
<trkpt lat="47.6234709" lon="7.0470430">
	<ele>347.40</ele>
	<time>1970-01-01T00:00:00.000Z</time>
</trkpt>
<trkpt lat="47.6242207" lon="7.0508293">
	<ele>348.20</ele>
	<time>1970-01-01T00:00:00.000Z</time>
</trkpt>
<trkpt lat="47.6242521" lon="7.0512841">
	<ele>347.10</ele>
	<time>1970-01-01T00:00:00.000Z</time>
</trkpt>
<trkpt lat="47.6242316" lon="7.0514257">
	<ele>346.50</ele>
	<time>1970-01-01T00:00:00.000Z</time>
</trkpt>
<trkpt lat="47.6239451" lon="7.0525903">
	<ele>345.60</ele>
	<time>1970-01-01T00:00:00.000Z</time>
</trkpt>
<trkpt lat="47.6241912" lon="7.0526640">
	<ele>345.40</ele>
	<time>1970-01-01T00:00:00.000Z</time>
</trkpt>
<trkpt lat="47.6246974" lon="7.0523556">
	<ele>345.50</ele>
	<time>1970-01-01T00:00:00.000Z</time>
</trkpt>
<trkpt lat="47.6263387" lon="7.0512187">
	<ele>352.80</ele>
	<time>1970-01-01T00:00:00.000Z</time>
</trkpt>
<trkpt lat="47.6275035" lon="7.0504835">
	<ele>353.40</ele>
	<time>1970-01-01T00:00:00.000Z</time>
</trkpt>
<trkpt lat="47.6295795" lon="7.0543063">
	<ele>347.40</ele>
	<time>1970-01-01T00:00:00.000Z</time>
</trkpt>
<trkpt lat="47.6298866" lon="7.0548221">
	<ele>346.70</ele>
	<time>1970-01-01T00:00:00.000Z</time>
</trkpt>
<trkpt lat="47.6302096" lon="7.0555083">
	<ele>344.20</ele>
	<time>1970-01-01T00:00:00.000Z</time>
</trkpt>
<trkpt lat="47.6310635" lon="7.0570313">
	<ele>339.50</ele>
	<time>1970-01-01T00:00:00.000Z</time>
</trkpt>
<trkpt lat="47.6311969" lon="7.0571093">
	<ele>339.20</ele>
	<time>1970-01-01T00:00:00.000Z</time>
</trkpt>
<trkpt lat="47.6313346" lon="7.0573312">
	<ele>339.30</ele>
	<time>1970-01-01T00:00:00.000Z</time>
</trkpt>
<trkpt lat="47.6314142" lon="7.0576338">
	<ele>338.80</ele>
	<time>1970-01-01T00:00:00.000Z</time>
</trkpt>
<trkpt lat="47.6317497" lon="7.0582645">
	<ele>338.20</ele>
	<time>1970-01-01T00:00:00.000Z</time>
</trkpt>
<trkpt lat="47.6318634" lon="7.0583748">
	<ele>338.20</ele>
	<time>1970-01-01T00:00:00.000Z</time>
</trkpt>
<trkpt lat="47.6320361" lon="7.0587005">
	<ele>337.60</ele>
	<time>1970-01-01T00:00:00.000Z</time>
</trkpt>
<trkpt lat="47.6320267" lon="7.0587111">
	<ele>338.31</ele>
	<time>1970-01-01T08:30:08.810Z</time>
</trkpt>
<trkpt lat="47.6320534" lon="7.0587649">
	<ele>337.90</ele>
	<time>1970-01-01T08:30:09.645Z</time>
</trkpt>
<trkpt lat="47.6321030" lon="7.0589151">
	<ele>337.28</ele>
	<time>1970-01-01T08:30:11.651Z</time>
</trkpt>
<trkpt lat="47.6322365" lon="7.0592709">
	<ele>337.71</ele>
	<time>1970-01-01T08:30:16.275Z</time>
</trkpt>
<trkpt lat="47.6323128" lon="7.0595460">
	<ele>336.75</ele>
	<time>1970-01-01T08:30:19.135Z</time>
</trkpt>
<trkpt lat="47.6324234" lon="7.0602369">
	<ele>337.32</ele>
	<time>1970-01-01T08:30:24.533Z</time>
</trkpt>
<trkpt lat="47.6324654" lon="7.0603290">
	<ele>337.73</ele>
	<time>1970-01-01T08:30:25.403Z</time>
</trkpt>
<trkpt lat="47.6325188" lon="7.0608101">
	<ele>336.07</ele>
	<time>1970-01-01T08:30:30.876Z</time>
</trkpt>
<trkpt lat="47.6325035" lon="7.0609479">
	<ele>335.54</ele>
	<time>1970-01-01T08:30:32.362Z</time>
</trkpt>
<trkpt lat="47.6326790" lon="7.0624518">
	<ele>333.75</ele>
	<time>1970-01-01T08:30:44.366Z</time>
</trkpt>
<trkpt lat="47.6327133" lon="7.0625782">
	<ele>334.48</ele>
	<time>1970-01-01T08:30:45.583Z</time>
</trkpt>
<trkpt lat="47.6327820" lon="7.0630550">
	<ele>333.01</ele>
	<time>1970-01-01T08:30:50.141Z</time>
</trkpt>
<trkpt lat="47.6327667" lon="7.0632300">
	<ele>332.23</ele>
	<time>1970-01-01T08:30:51.845Z</time>
</trkpt>
<trkpt lat="47.6329575" lon="7.0647292">
	<ele>330.83</ele>
	<time>1970-01-01T08:31:09.865Z</time>
</trkpt>
<trkpt lat="47.6329994" lon="7.0648270">
	<ele>331.35</ele>
	<time>1970-01-01T08:31:11.151Z</time>
</trkpt>
<trkpt lat="47.6330490" lon="7.0653148">
	<ele>329.91</ele>
	<time>1970-01-01T08:31:17.231Z</time>
</trkpt>
<trkpt lat="47.6330414" lon="7.0654368">
	<ele>330.00</ele>
	<time>1970-01-01T08:31:18.086Z</time>
</trkpt>
<trkpt lat="47.6332169" lon="7.0669241">
	<ele>326.42</ele>
	<time>1970-01-01T08:31:34.100Z</time>
</trkpt>
<trkpt lat="47.6332474" lon="7.0670090">
	<ele>327.01</ele>
	<time>1970-01-01T08:31:35.050Z</time>
</trkpt>
<trkpt lat="47.6333122" lon="7.0674582">
	<ele>327.99</ele>
	<time>1970-01-01T08:31:38.572Z</time>
</trkpt>
<trkpt lat="47.6333122" lon="7.0676680">
	<ele>326.63</ele>
	<time>1970-01-01T08:31:40.171Z</time>
</trkpt>
<trkpt lat="47.6334839" lon="7.0691319">
	<ele>323.76</ele>
	<time>1970-01-01T08:31:49.131Z</time>
</trkpt>
<trkpt lat="47.6335335" lon="7.0692720">
	<ele>324.39</ele>
	<time>1970-01-01T08:31:50.379Z</time>
</trkpt>
<trkpt lat="47.6335983" lon="7.0697751">
	<ele>324.65</ele>
	<time>1970-01-01T08:31:54.676Z</time>
</trkpt>
<trkpt lat="47.6335869" lon="7.0699210">
	<ele>323.36</ele>
	<time>1970-01-01T08:31:55.952Z</time>
</trkpt>
<trkpt lat="47.6337738" lon="7.0715332">
	<ele>321.79</ele>
	<time>1970-01-01T08:32:10.591Z</time>
</trkpt>
<trkpt lat="47.6337929" lon="7.0716171">
	<ele>322.15</ele>
	<time>1970-01-01T08:32:11.569Z</time>
</trkpt>
<trkpt lat="47.6338272" lon="7.0716600">
	<ele>322.63</ele>
	<time>1970-01-01T08:32:12.235Z</time>
</trkpt>
<trkpt lat="47.6338921" lon="7.0721369">
	<ele>322.34</ele>
	<time>1970-01-01T08:32:17.115Z</time>
</trkpt>
<trkpt lat="47.6338882" lon="7.0723691">
	<ele>321.47</ele>
	<time>1970-01-01T08:32:19.479Z</time>
</trkpt>
<trkpt lat="47.6340790" lon="7.0740099">
	<ele>319.60</ele>
	<time>1970-01-01T08:32:33.640Z</time>
</trkpt>
<trkpt lat="47.6342010" lon="7.0748329">
	<ele>319.66</ele>
	<time>1970-01-01T08:32:43.994Z</time>
</trkpt>
<trkpt lat="47.6342392" lon="7.0749588">
	<ele>319.16</ele>
	<time>1970-01-01T08:32:45.545Z</time>
</trkpt>
<trkpt lat="47.6343002" lon="7.0754828">
	<ele>318.25</ele>
	<time>1970-01-01T08:32:51.219Z</time>
</trkpt>
<trkpt lat="47.6342888" lon="7.0756440">
	<ele>317.49</ele>
	<time>1970-01-01T08:32:52.885Z</time>
</trkpt>
<trkpt lat="47.6347466" lon="7.0795808">
	<ele>318.09</ele>
	<time>1970-01-01T08:33:33.292Z</time>
</trkpt>
<trkpt lat="47.6347809" lon="7.0798459">
	<ele>317.66</ele>
	<time>1970-01-01T08:33:36.526Z</time>
</trkpt>
<trkpt lat="47.6348190" lon="7.0799489">
	<ele>317.36</ele>
	<time>1970-01-01T08:33:37.899Z</time>
</trkpt>
<trkpt lat="47.6348801" lon="7.0804119">
	<ele>314.94</ele>
	<time>1970-01-01T08:33:43.331Z</time>
</trkpt>
<trkpt lat="47.6348763" lon="7.0805421">
	<ele>314.77</ele>
	<time>1970-01-01T08:33:44.906Z</time>
</trkpt>
<trkpt lat="47.6348801" lon="7.0806632">
	<ele>314.65</ele>
	<time>1970-01-01T08:33:46.331Z</time>
</trkpt>
<trkpt lat="47.6351051" lon="7.0827460">
	<ele>314.06</ele>
	<time>1970-01-01T08:34:07.752Z</time>
</trkpt>
<trkpt lat="47.6353531" lon="7.0847182">
	<ele>314.07</ele>
	<time>1970-01-01T08:34:25.065Z</time>
</trkpt>
<trkpt lat="47.6353683" lon="7.0848122">
	<ele>313.69</ele>
	<time>1970-01-01T08:34:26.051Z</time>
</trkpt>
<trkpt lat="47.6354141" lon="7.0849209">
	<ele>313.21</ele>
	<time>1970-01-01T08:34:27.478Z</time>
</trkpt>
<trkpt lat="47.6354713" lon="7.0853872">
	<ele>313.33</ele>
	<time>1970-01-01T08:34:32.263Z</time>
</trkpt>
<trkpt lat="47.6354637" lon="7.0855379">
	<ele>312.35</ele>
	<time>1970-01-01T08:34:33.794Z</time>
</trkpt>
<trkpt lat="47.6355209" lon="7.0861211">
	<ele>311.10</ele>
	<time>1970-01-01T08:34:39.583Z</time>
</trkpt>
<trkpt lat="47.6355324" lon="7.0866179">
	<ele>311.91</ele>
	<time>1970-01-01T08:34:44.831Z</time>
</trkpt>
<trkpt lat="47.6355400" lon="7.0871410">
	<ele>311.99</ele>
	<time>1970-01-01T08:34:50.086Z</time>
</trkpt>
<trkpt lat="47.6354561" lon="7.0883298">
	<ele>310.70</ele>
	<time>1970-01-01T08:35:01.923Z</time>
</trkpt>
<trkpt lat="47.6353760" lon="7.0888638">
	<ele>311.04</ele>
	<time>1970-01-01T08:35:08.644Z</time>
</trkpt>
<trkpt lat="47.6349373" lon="7.0907559">
	<ele>311.14</ele>
	<time>1970-01-01T08:35:30.362Z</time>
</trkpt>
<trkpt lat="47.6349144" lon="7.0909352">
	<ele>310.40</ele>
	<time>1970-01-01T08:35:32.567Z</time>
</trkpt>
<trkpt lat="47.6349106" lon="7.0910711">
	<ele>310.05</ele>
	<time>1970-01-01T08:35:34.153Z</time>
</trkpt>
<trkpt lat="47.6348228" lon="7.0914450">
	<ele>312.22</ele>
	<time>1970-01-01T08:35:37.172Z</time>
</trkpt>
<trkpt lat="47.6347656" lon="7.0916028">
	<ele>310.08</ele>
	<time>1970-01-01T08:35:38.588Z</time>
</trkpt>
<trkpt lat="47.6347046" lon="7.0916972">
	<ele>308.73</ele>
	<time>1970-01-01T08:35:39.720Z</time>
</trkpt>
<trkpt lat="47.6345634" lon="7.0922031">
	<ele>308.57</ele>
	<time>1970-01-01T08:35:44.321Z</time>
</trkpt>
<trkpt lat="47.6344147" lon="7.0926700">
	<ele>308.37</ele>
	<time>1970-01-01T08:35:49.234Z</time>
</trkpt>
<trkpt lat="47.6342659" lon="7.0930681">
	<ele>308.73</ele>
	<time>1970-01-01T08:35:54.386Z</time>
</trkpt>
<trkpt lat="47.6341476" lon="7.0933380">
	<ele>309.03</ele>
	<time>1970-01-01T08:35:58.339Z</time>
</trkpt>
<trkpt lat="47.6340370" lon="7.0935488">
	<ele>308.19</ele>
	<time>1970-01-01T08:36:01.449Z</time>
</trkpt>
<trkpt lat="47.6321144" lon="7.0978322">
	<ele>308.02</ele>
	<time>1970-01-01T08:37:08.258Z</time>
</trkpt>
<trkpt lat="47.6319771" lon="7.0982060">
	<ele>308.58</ele>
	<time>1970-01-01T08:37:13.618Z</time>
</trkpt>
<trkpt lat="47.6319008" lon="7.0985179">
	<ele>308.53</ele>
	<time>1970-01-01T08:37:18.066Z</time>
</trkpt>
<trkpt lat="47.6318359" lon="7.0989070">
	<ele>308.88</ele>
	<time>1970-01-01T08:37:24.003Z</time>
</trkpt>
<trkpt lat="47.6318016" lon="7.0993271">
	<ele>309.05</ele>
	<time>1970-01-01T08:37:30.431Z</time>
</trkpt>
<trkpt lat="47.6317902" lon="7.0998211">
	<ele>309.14</ele>
	<time>1970-01-01T08:37:37.471Z</time>
</trkpt>
<trkpt lat="47.6318436" lon="7.1007061">
	<ele>308.93</ele>
	<time>1970-01-01T08:37:47.422Z</time>
</trkpt>
<trkpt lat="47.6319046" lon="7.1011739">
	<ele>309.33</ele>
	<time>1970-01-01T08:37:52.733Z</time>
</trkpt>
<trkpt lat="47.6319962" lon="7.1016440">
	<ele>309.63</ele>
	<time>1970-01-01T08:37:58.102Z</time>
</trkpt>
<trkpt lat="47.6320610" lon="7.1019149">
	<ele>309.73</ele>
	<time>1970-01-01T08:38:01.610Z</time>
</trkpt>
<trkpt lat="47.6321259" lon="7.1021309">
	<ele>309.41</ele>
	<time>1970-01-01T08:38:04.504Z</time>
</trkpt>
<trkpt lat="47.6321678" lon="7.1022120">
	<ele>309.26</ele>
	<time>1970-01-01T08:38:05.796Z</time>
</trkpt>
<trkpt lat="47.6322060" lon="7.1022682">
	<ele>309.12</ele>
	<time>1970-01-01T08:38:06.707Z</time>
</trkpt>
<trkpt lat="47.6322823" lon="7.1025181">
	<ele>308.91</ele>
	<time>1970-01-01T08:38:09.934Z</time>
</trkpt>
<trkpt lat="47.6323357" lon="7.1027179">
	<ele>308.47</ele>
	<time>1970-01-01T08:38:12.586Z</time>
</trkpt>
<trkpt lat="47.6323433" lon="7.1028461">
	<ele>308.17</ele>
	<time>1970-01-01T08:38:14.357Z</time>
</trkpt>
<trkpt lat="47.6325798" lon="7.1035280">
	<ele>308.42</ele>
	<time>1970-01-01T08:38:25.011Z</time>
</trkpt>
<trkpt lat="47.6329308" lon="7.1042752">
	<ele>307.11</ele>
	<time>1970-01-01T08:38:34.049Z</time>
</trkpt>
<trkpt lat="47.6331367" lon="7.1046348">
	<ele>308.27</ele>
	<time>1970-01-01T08:38:38.567Z</time>
</trkpt>
<trkpt lat="47.6341858" lon="7.1063452">
	<ele>306.87</ele>
	<time>1970-01-01T08:39:01.407Z</time>
</trkpt>
<trkpt lat="47.6342239" lon="7.1064072">
	<ele>306.86</ele>
	<time>1970-01-01T08:39:02.269Z</time>
</trkpt>
<trkpt lat="47.6343269" lon="7.1064959">
	<ele>306.52</ele>
	<time>1970-01-01T08:39:04.055Z</time>
</trkpt>
<trkpt lat="47.6345901" lon="7.1069312">
	<ele>305.58</ele>
	<time>1970-01-01T08:39:09.548Z</time>
</trkpt>
<trkpt lat="47.6346092" lon="7.1070170">
	<ele>305.13</ele>
	<time>1970-01-01T08:39:10.477Z</time>
</trkpt>
<trkpt lat="47.6346779" lon="7.1071768">
	<ele>304.28</ele>
	<time>1970-01-01T08:39:12.375Z</time>
</trkpt>
<trkpt lat="47.6350632" lon="7.1078291">
	<ele>304.92</ele>
	<time>1970-01-01T08:39:21.752Z</time>
</trkpt>
<trkpt lat="47.6352158" lon="7.1081591">
	<ele>304.24</ele>
	<time>1970-01-01T08:39:25.660Z</time>
</trkpt>
<trkpt lat="47.6353798" lon="7.1085329">
	<ele>304.64</ele>
	<time>1970-01-01T08:39:30.013Z</time>
</trkpt>
<trkpt lat="47.6354904" lon="7.1088452">
	<ele>304.40</ele>
	<time>1970-01-01T08:39:34.070Z</time>
</trkpt>
<trkpt lat="47.6355476" lon="7.1091099">
	<ele>304.03</ele>
	<time>1970-01-01T08:39:37.600Z</time>
</trkpt>
<trkpt lat="47.6355820" lon="7.1093841">
	<ele>303.87</ele>
	<time>1970-01-01T08:39:40.731Z</time>
</trkpt>
<trkpt lat="47.6356125" lon="7.1096539">
	<ele>304.94</ele>
	<time>1970-01-01T08:39:43.314Z</time>
</trkpt>
<trkpt lat="47.6356277" lon="7.1099520">
	<ele>303.59</ele>
	<time>1970-01-01T08:39:45.692Z</time>
</trkpt>
<trkpt lat="47.6356201" lon="7.1114392">
	<ele>301.52</ele>
	<time>1970-01-01T08:40:03.085Z</time>
</trkpt>
<trkpt lat="47.6356354" lon="7.1117630">
	<ele>300.61</ele>
	<time>1970-01-01T08:40:06.736Z</time>
</trkpt>
<trkpt lat="47.6356621" lon="7.1118650">
	<ele>299.22</ele>
	<time>1970-01-01T08:40:07.969Z</time>
</trkpt>
<trkpt lat="47.6356735" lon="7.1119218">
	<ele>298.45</ele>
	<time>1970-01-01T08:40:08.589Z</time>
</trkpt>
<trkpt lat="47.6356697" lon="7.1122479">
	<ele>296.13</ele>
	<time>1970-01-01T08:40:12.342Z</time>
</trkpt>
<trkpt lat="47.6356544" lon="7.1123071">
	<ele>297.01</ele>
	<time>1970-01-01T08:40:13.083Z</time>
</trkpt>
<trkpt lat="47.6356354" lon="7.1123881">
	<ele>298.65</ele>
	<time>1970-01-01T08:40:14.195Z</time>
</trkpt>
<trkpt lat="47.6356163" lon="7.1126318">
	<ele>300.59</ele>
	<time>1970-01-01T08:40:17.070Z</time>
</trkpt>
<trkpt lat="47.6356049" lon="7.1131039">
	<ele>301.23</ele>
	<time>1970-01-01T08:40:22.719Z</time>
</trkpt>
<trkpt lat="47.6356087" lon="7.1132870">
	<ele>301.17</ele>
	<time>1970-01-01T08:40:24.995Z</time>
</trkpt>
<trkpt lat="47.6356316" lon="7.1135812">
	<ele>304.19</ele>
	<time>1970-01-01T08:40:27.128Z</time>
</trkpt>
<trkpt lat="47.6356277" lon="7.1137748">
	<ele>303.66</ele>
	<time>1970-01-01T08:40:28.756Z</time>
</trkpt>
<trkpt lat="47.6355705" lon="7.1144128">
	<ele>301.99</ele>
	<time>1970-01-01T08:40:34.495Z</time>
</trkpt>
<trkpt lat="47.6355743" lon="7.1154509">
	<ele>301.38</ele>
	<time>1970-01-01T08:40:44.415Z</time>
</trkpt>
<trkpt lat="47.6355972" lon="7.1155820">
	<ele>301.01</ele>
	<time>1970-01-01T08:40:45.813Z</time>
</trkpt>
<trkpt lat="47.6356583" lon="7.1156960">
	<ele>300.99</ele>
	<time>1970-01-01T08:40:47.377Z</time>
</trkpt>
<trkpt lat="47.6356964" lon="7.1157522">
	<ele>300.99</ele>
	<time>1970-01-01T08:40:48.296Z</time>
</trkpt>
<trkpt lat="47.6357384" lon="7.1158109">
	<ele>301.00</ele>
	<time>1970-01-01T08:40:49.219Z</time>
</trkpt>
<trkpt lat="47.6371651" lon="7.1174121">
	<ele>301.03</ele>
	<time>1970-01-01T08:41:20.414Z</time>
</trkpt>
<trkpt lat="47.6373482" lon="7.1176791">
	<ele>299.19</ele>
	<time>1970-01-01T08:41:24.515Z</time>
</trkpt>
<trkpt lat="47.6404495" lon="7.1212888">
	<ele>297.99</ele>
	<time>1970-01-01T08:42:31.835Z</time>
</trkpt>
<trkpt lat="47.6407928" lon="7.1216540">
	<ele>297.89</ele>
	<time>1970-01-01T08:42:37.932Z</time>
</trkpt>
<trkpt lat="47.6409683" lon="7.1218200">
	<ele>297.21</ele>
	<time>1970-01-01T08:42:40.822Z</time>
</trkpt>
<trkpt lat="47.6410713" lon="7.1219821">
	<ele>297.88</ele>
	<time>1970-01-01T08:42:42.848Z</time>
</trkpt>
<trkpt lat="47.6411781" lon="7.1221890">
	<ele>297.59</ele>
	<time>1970-01-01T08:42:45.034Z</time>
</trkpt>
<trkpt lat="47.6417465" lon="7.1227808">
	<ele>295.00</ele>
	<time>1970-01-01T08:42:55.485Z</time>
</trkpt>
<trkpt lat="47.6455688" lon="7.1272001">
	<ele>295.01</ele>
	<time>1970-01-01T08:44:19.980Z</time>
</trkpt>
<trkpt lat="47.6458015" lon="7.1274319">
	<ele>294.80</ele>
	<time>1970-01-01T08:44:25.153Z</time>
</trkpt>
<trkpt lat="47.6459007" lon="7.1275678">
	<ele>294.90</ele>
	<time>1970-01-01T08:44:27.656Z</time>
</trkpt>
<trkpt lat="47.6459999" lon="7.1277499">
	<ele>293.49</ele>
	<time>1970-01-01T08:44:29.410Z</time>
</trkpt>
<trkpt lat="47.6460915" lon="7.1278791">
	<ele>292.91</ele>
	<time>1970-01-01T08:44:30.861Z</time>
</trkpt>
<trkpt lat="47.6464500" lon="7.1282420">
	<ele>291.95</ele>
	<time>1970-01-01T08:44:35.978Z</time>
</trkpt>
<trkpt lat="47.6471519" lon="7.1291442">
	<ele>292.77</ele>
	<time>1970-01-01T08:44:50.509Z</time>
</trkpt>
<trkpt lat="47.6473312" lon="7.1294150">
	<ele>292.81</ele>
	<time>1970-01-01T08:44:55.053Z</time>
</trkpt>
<trkpt lat="47.6474342" lon="7.1296148">
	<ele>292.59</ele>
	<time>1970-01-01T08:44:56.885Z</time>
</trkpt>
<trkpt lat="47.6476936" lon="7.1302562">
	<ele>292.02</ele>
	<time>1970-01-01T08:45:03.290Z</time>
</trkpt>
<trkpt lat="47.6478081" lon="7.1305480">
	<ele>292.94</ele>
	<time>1970-01-01T08:45:06.346Z</time>
</trkpt>
<trkpt lat="47.6479034" lon="7.1308432">
	<ele>292.05</ele>
	<time>1970-01-01T08:45:09.442Z</time>
</trkpt>
<trkpt lat="47.6480522" lon="7.1315532">
	<ele>292.00</ele>
	<time>1970-01-01T08:45:16.702Z</time>
</trkpt>
<trkpt lat="47.6486435" lon="7.1346669">
	<ele>291.26</ele>
	<time>1970-01-01T08:45:52.573Z</time>
</trkpt>
<trkpt lat="47.6487045" lon="7.1347570">
	<ele>291.08</ele>
	<time>1970-01-01T08:45:53.945Z</time>
</trkpt>
<trkpt lat="47.6487732" lon="7.1351428">
	<ele>290.82</ele>
	<time>1970-01-01T08:45:57.908Z</time>
</trkpt>
<trkpt lat="47.6487656" lon="7.1352649">
	<ele>290.18</ele>
	<time>1970-01-01T08:45:59.144Z</time>
</trkpt>
<trkpt lat="47.6495018" lon="7.1391230">
	<ele>289.14</ele>
	<time>1970-01-01T08:46:46.423Z</time>
</trkpt>
<trkpt lat="47.6498528" lon="7.1409588">
	<ele>287.53</ele>
	<time>1970-01-01T08:47:07.109Z</time>
</trkpt>
<trkpt lat="47.6498909" lon="7.1412539">
	<ele>286.70</ele>
	<time>1970-01-01T08:47:10.024Z</time>
</trkpt>
<trkpt lat="47.6510201" lon="7.1471081">
	<ele>286.17</ele>
	<time>1970-01-01T08:48:18.178Z</time>
</trkpt>
<trkpt lat="47.6510773" lon="7.1473241">
	<ele>287.13</ele>
	<time>1970-01-01T08:48:20.682Z</time>
</trkpt>
<trkpt lat="47.6511307" lon="7.1476221">
	<ele>286.14</ele>
	<time>1970-01-01T08:48:24.147Z</time>
</trkpt>
<trkpt lat="47.6511726" lon="7.1479712">
	<ele>284.85</ele>
	<time>1970-01-01T08:48:28.305Z</time>
</trkpt>
<trkpt lat="47.6514015" lon="7.1492209">
	<ele>284.95</ele>
	<time>1970-01-01T08:48:41.485Z</time>
</trkpt>
<trkpt lat="47.6527443" lon="7.1563611">
	<ele>283.86</ele>
	<time>1970-01-01T08:50:04.292Z</time>
</trkpt>
<trkpt lat="47.6532440" lon="7.1588311">
	<ele>281.92</ele>
	<time>1970-01-01T08:50:36.671Z</time>
</trkpt>
<trkpt lat="47.6532898" lon="7.1589880">
	<ele>282.62</ele>
	<time>1970-01-01T08:50:38.590Z</time>
</trkpt>
<trkpt lat="47.6533394" lon="7.1592331">
	<ele>283.94</ele>
	<time>1970-01-01T08:50:41.144Z</time>
</trkpt>
<trkpt lat="47.6533546" lon="7.1594601">
	<ele>282.94</ele>
	<time>1970-01-01T08:50:43.645Z</time>
</trkpt>
<trkpt lat="47.6533890" lon="7.1596541">
	<ele>282.60</ele>
	<time>1970-01-01T08:50:46.033Z</time>
</trkpt>
<trkpt lat="47.6534348" lon="7.1598530">
	<ele>281.68</ele>
	<time>1970-01-01T08:50:48.762Z</time>
</trkpt>
<trkpt lat="47.6534538" lon="7.1599140">
	<ele>281.29</ele>
	<time>1970-01-01T08:50:49.673Z</time>
</trkpt>
<trkpt lat="47.6534653" lon="7.1599612">
	<ele>281.09</ele>
	<time>1970-01-01T08:50:50.399Z</time>
</trkpt>
<trkpt lat="47.6534309" lon="7.1600661">
	<ele>281.86</ele>
	<time>1970-01-01T08:50:52.136Z</time>
</trkpt>
<trkpt lat="47.6534157" lon="7.1602702">
	<ele>283.52</ele>
	<time>1970-01-01T08:50:55.608Z</time>
</trkpt>
<trkpt lat="47.6534233" lon="7.1603189">
	<ele>283.62</ele>
	<time>1970-01-01T08:50:56.507Z</time>
</trkpt>
<trkpt lat="47.6534386" lon="7.1603632">
	<ele>283.52</ele>
	<time>1970-01-01T08:50:57.458Z</time>
</trkpt>
<trkpt lat="47.6534958" lon="7.1603131">
	<ele>281.91</ele>
	<time>1970-01-01T08:50:58.985Z</time>
</trkpt>
<trkpt lat="47.6537895" lon="7.1600370">
	<ele>283.23</ele>
	<time>1970-01-01T08:51:06.150Z</time>
</trkpt>
<trkpt lat="47.6538353" lon="7.1599970">
	<ele>284.30</ele>
	<time>1970-01-01T08:51:07.230Z</time>
</trkpt>
<trkpt lat="47.6542473" lon="7.1597438">
	<ele>283.28</ele>
	<time>1970-01-01T08:51:16.076Z</time>
</trkpt>
<trkpt lat="47.6543999" lon="7.1596608">
	<ele>281.43</ele>
	<time>1970-01-01T08:51:19.017Z</time>
</trkpt>
<trkpt lat="47.6545982" lon="7.1595540">
	<ele>281.34</ele>
	<time>1970-01-01T08:51:22.375Z</time>
</trkpt>
<trkpt lat="47.6565628" lon="7.1584792">
	<ele>282.14</ele>
	<time>1970-01-01T08:51:58.563Z</time>
</trkpt>
<trkpt lat="47.6576538" lon="7.1578889">
	<ele>282.50</ele>
	<time>1970-01-01T08:52:16.382Z</time>
</trkpt>
<trkpt lat="47.6578484" lon="7.1578040">
	<ele>283.00</ele>
	<time>1970-01-01T08:52:19.959Z</time>
</trkpt>
<trkpt lat="47.6580162" lon="7.1577621">
	<ele>283.03</ele>
	<time>1970-01-01T08:52:23.479Z</time>
</trkpt>
<trkpt lat="47.6580734" lon="7.1577020">
	<ele>283.04</ele>
	<time>1970-01-01T08:52:24.942Z</time>
</trkpt>
<trkpt lat="47.6581383" lon="7.1576438">
	<ele>282.97</ele>
	<time>1970-01-01T08:52:26.689Z</time>
</trkpt>
<trkpt lat="47.6582298" lon="7.1575842">
	<ele>282.88</ele>
	<time>1970-01-01T08:52:28.940Z</time>
</trkpt>
<trkpt lat="47.6583557" lon="7.1575150">
	<ele>283.03</ele>
	<time>1970-01-01T08:52:32.357Z</time>
</trkpt>
<trkpt lat="47.6585617" lon="7.1574178">
	<ele>284.12</ele>
	<time>1970-01-01T08:52:37.867Z</time>
</trkpt>
<trkpt lat="47.6586685" lon="7.1573610">
	<ele>284.57</ele>
	<time>1970-01-01T08:52:40.694Z</time>
</trkpt>
<trkpt lat="47.6586914" lon="7.1572671">
	<ele>284.96</ele>
	<time>1970-01-01T08:52:42.178Z</time>
</trkpt>
<trkpt lat="47.6587067" lon="7.1571531">
	<ele>285.15</ele>
	<time>1970-01-01T08:52:44.051Z</time>
</trkpt>
<trkpt lat="47.6587105" lon="7.1570129">
	<ele>285.10</ele>
	<time>1970-01-01T08:52:46.292Z</time>
</trkpt>
<trkpt lat="47.6582603" lon="7.1561632">
	<ele>285.00</ele>
	<time>1970-01-01T08:53:02.435Z</time>
</trkpt>
<trkpt lat="47.6579742" lon="7.1554818">
	<ele>285.98</ele>
	<time>1970-01-01T08:53:17.443Z</time>
</trkpt>
<trkpt lat="47.6576157" lon="7.1543331">
	<ele>286.65</ele>
	<time>1970-01-01T08:53:41.519Z</time>
</trkpt>
</trkseg>
</trk>
</gpx>
