<?xml version="1.0" encoding="utf-8" standalone="yes"?>
<gpx version="1.1" creator="Locus Map, Android"
 xmlns="http://www.topografix.com/GPX/1/1"
 xmlns:xsi="http://www.w3.org/2001/XMLSchema-instance"
 xsi:schemaLocation="http://www.topografix.com/GPX/1/1 http://www.topografix.com/GPX/1/1/gpx.xsd"
 xmlns:gpxx="http://www.garmin.com/xmlschemas/GpxExtensions/v3"
 xmlns:gpxtrkx="http://www.garmin.com/xmlschemas/TrackStatsExtension/v1"
 xmlns:gpxtpx="http://www.garmin.com/xmlschemas/TrackPointExtension/v2"
 xmlns:locus="https://www.locusmap.app">
	<metadata>
		<desc>File with points/tracks from Locus Map/4.35.0</desc>
		<time>2026-08-15T06:17:06.379Z</time>
	</metadata>
<trk>
	<name>FR_12</name>
	<extensions>
		<line xmlns="http://www.topografix.com/GPX/gpx_style/0/2">
			<color>D700D7</color>
			<opacity>0.59</opacity>
			<width>6.0</width>
			<extensions>
				<locus:lsColorBase>#96D700D7</locus:lsColorBase>
				<locus:lsWidth>6.0</locus:lsWidth>
				<locus:lsUnits>PIXELS</locus:lsUnits>
			</extensions>
		</line>
		<locus:activity>cycling</locus:activity>
		<locus:rteComputeType>103</locus:rteComputeType>
	</extensions>
<trkseg>
<trkpt lat="47.6823120" lon="2.6232281">
	<ele>125.82</ele>
	<time>1970-01-01T00:00:00.000Z</time>
</trkpt>
<trkpt lat="47.6823006" lon="2.6232750">
	<ele>125.82</ele>
	<time>1970-01-01T00:00:00.668Z</time>
</trkpt>
<trkpt lat="47.6822815" lon="2.6233130">
	<ele>125.86</ele>
	<time>1970-01-01T00:00:01.138Z</time>
</trkpt>
<trkpt lat="47.6822624" lon="2.6233289">
	<ele>125.91</ele>
	<time>1970-01-01T00:00:01.608Z</time>
</trkpt>
<trkpt lat="47.6821938" lon="2.6233201">
	<ele>126.04</ele>
	<time>1970-01-01T00:00:02.866Z</time>
</trkpt>
<trkpt lat="47.6821213" lon="2.6232741">
	<ele>126.05</ele>
	<time>1970-01-01T00:00:04.203Z</time>
</trkpt>
<trkpt lat="47.6821175" lon="2.6232901">
	<ele>126.06</ele>
	<time>1970-01-01T00:00:04.352Z</time>
</trkpt>
<trkpt lat="47.6821327" lon="2.6233680">
	<ele>126.08</ele>
	<time>1970-01-01T00:00:05.252Z</time>
</trkpt>
<trkpt lat="47.6818428" lon="2.6242549">
	<ele>125.88</ele>
	<time>1970-01-01T00:00:14.531Z</time>
</trkpt>
<trkpt lat="47.6818275" lon="2.6243701">
	<ele>125.57</ele>
	<time>1970-01-01T00:00:15.770Z</time>
</trkpt>
<trkpt lat="47.6818466" lon="2.6243770">
	<ele>125.50</ele>
	<time>1970-01-01T00:00:16.049Z</time>
</trkpt>
<trkpt lat="47.6818733" lon="2.6244330">
	<ele>125.30</ele>
	<time>1970-01-01T00:00:16.748Z</time>
</trkpt>
<trkpt lat="47.6819000" lon="2.6245480">
	<ele>125.14</ele>
	<time>1970-01-01T00:00:17.952Z</time>
</trkpt>
<trkpt lat="47.6818428" lon="2.6250949">
	<ele>125.87</ele>
	<time>1970-01-01T00:00:23.552Z</time>
</trkpt>
<trkpt lat="47.6815643" lon="2.6274230">
	<ele>125.27</ele>
	<time>1970-01-01T00:00:45.932Z</time>
</trkpt>
<trkpt lat="47.6813889" lon="2.6288121">
	<ele>125.84</ele>
	<time>1970-01-01T00:01:03.160Z</time>
</trkpt>
<trkpt lat="47.6813126" lon="2.6291111">
	<ele>125.67</ele>
	<time>1970-01-01T00:01:05.689Z</time>
</trkpt>
<trkpt lat="47.6812782" lon="2.6290939">
	<ele>125.94</ele>
	<time>1970-01-01T00:01:06.177Z</time>
</trkpt>
<trkpt lat="47.6812477" lon="2.6292560">
	<ele>126.51</ele>
	<time>1970-01-01T00:01:07.984Z</time>
</trkpt>
<trkpt lat="47.6812172" lon="2.6294000">
	<ele>127.12</ele>
	<time>1970-01-01T00:01:09.638Z</time>
</trkpt>
<trkpt lat="47.6811905" lon="2.6295941">
	<ele>127.50</ele>
	<time>1970-01-01T00:01:12.224Z</time>
</trkpt>
<trkpt lat="47.6811371" lon="2.6297960">
	<ele>128.17</ele>
	<time>1970-01-01T00:01:15.563Z</time>
</trkpt>
<trkpt lat="47.6811180" lon="2.6298561">
	<ele>128.50</ele>
	<time>1970-01-01T00:01:16.582Z</time>
</trkpt>
<trkpt lat="47.6810989" lon="2.6299160">
	<ele>128.85</ele>
	<time>1970-01-01T00:01:17.665Z</time>
</trkpt>
<trkpt lat="47.6810570" lon="2.6299939">
	<ele>129.23</ele>
	<time>1970-01-01T00:01:19.492Z</time>
</trkpt>
<trkpt lat="47.6810341" lon="2.6300261">
	<ele>129.27</ele>
	<time>1970-01-01T00:01:20.582Z</time>
</trkpt>
<trkpt lat="47.6810188" lon="2.6300671">
	<ele>129.22</ele>
	<time>1970-01-01T00:01:21.652Z</time>
</trkpt>
<trkpt lat="47.6810150" lon="2.6301119">
	<ele>129.15</ele>
	<time>1970-01-01T00:01:22.442Z</time>
</trkpt>
<trkpt lat="47.6810188" lon="2.6301589">
	<ele>129.09</ele>
	<time>1970-01-01T00:01:23.480Z</time>
</trkpt>
<trkpt lat="47.6810303" lon="2.6302011">
	<ele>129.06</ele>
	<time>1970-01-01T00:01:24.196Z</time>
</trkpt>
<trkpt lat="47.6810532" lon="2.6302359">
	<ele>129.10</ele>
	<time>1970-01-01T00:01:25.018Z</time>
</trkpt>
<trkpt lat="47.6810799" lon="2.6302800">
	<ele>129.08</ele>
	<time>1970-01-01T00:01:25.967Z</time>
</trkpt>
<trkpt lat="47.6810989" lon="2.6303549">
	<ele>128.94</ele>
	<time>1970-01-01T00:01:26.955Z</time>
</trkpt>
<trkpt lat="47.6810951" lon="2.6304159">
	<ele>128.84</ele>
	<time>1970-01-01T00:01:27.780Z</time>
</trkpt>
<trkpt lat="47.6810951" lon="2.6304891">
	<ele>128.57</ele>
	<time>1970-01-01T00:01:28.553Z</time>
</trkpt>
<trkpt lat="47.6810455" lon="2.6306169">
	<ele>127.60</ele>
	<time>1970-01-01T00:01:30.498Z</time>
</trkpt>
<trkpt lat="47.6809731" lon="2.6307900">
	<ele>125.95</ele>
	<time>1970-01-01T00:01:33.500Z</time>
</trkpt>
<trkpt lat="47.6808014" lon="2.6312001">
	<ele>125.99</ele>
	<time>1970-01-01T00:01:37.627Z</time>
</trkpt>
<trkpt lat="47.6807251" lon="2.6314149">
	<ele>125.81</ele>
	<time>1970-01-01T00:01:39.363Z</time>
</trkpt>
<trkpt lat="47.6806717" lon="2.6315570">
	<ele>125.35</ele>
	<time>1970-01-01T00:01:41.195Z</time>
</trkpt>
<trkpt lat="47.6806984" lon="2.6315980">
	<ele>124.78</ele>
	<time>1970-01-01T00:01:41.739Z</time>
</trkpt>
<trkpt lat="47.6807098" lon="2.6316450">
	<ele>124.39</ele>
	<time>1970-01-01T00:01:42.230Z</time>
</trkpt>
<trkpt lat="47.6806564" lon="2.6319690">
	<ele>124.88</ele>
	<time>1970-01-01T00:01:45.577Z</time>
</trkpt>
<trkpt lat="47.6804924" lon="2.6324661">
	<ele>123.98</ele>
	<time>1970-01-01T00:01:50.344Z</time>
</trkpt>
<trkpt lat="47.6800156" lon="2.6337521">
	<ele>125.40</ele>
	<time>1970-01-01T00:02:10.072Z</time>
</trkpt>
<trkpt lat="47.6797028" lon="2.6347370">
	<ele>125.10</ele>
	<time>1970-01-01T00:02:24.819Z</time>
</trkpt>
<trkpt lat="47.6793633" lon="2.6356280">
	<ele>125.54</ele>
	<time>1970-01-01T00:02:41.006Z</time>
</trkpt>
<trkpt lat="47.6792526" lon="2.6359580">
	<ele>125.94</ele>
	<time>1970-01-01T00:02:45.732Z</time>
</trkpt>
<trkpt lat="47.6788216" lon="2.6375380">
	<ele>125.40</ele>
	<time>1970-01-01T00:03:03.054Z</time>
</trkpt>
<trkpt lat="47.6787148" lon="2.6377759">
	<ele>125.67</ele>
	<time>1970-01-01T00:03:07.396Z</time>
</trkpt>
<trkpt lat="47.6786346" lon="2.6377470">
	<ele>126.80</ele>
	<time>1970-01-01T00:03:09.912Z</time>
</trkpt>
<trkpt lat="47.6785965" lon="2.6377411">
	<ele>127.09</ele>
	<time>1970-01-01T00:03:11.142Z</time>
</trkpt>
<trkpt lat="47.6777954" lon="2.6372230">
	<ele>127.00</ele>
	<time>1970-01-01T00:03:28.620Z</time>
</trkpt>
<trkpt lat="47.6774673" lon="2.6370051">
	<ele>126.99</ele>
	<time>1970-01-01T00:03:41.476Z</time>
</trkpt>
<trkpt lat="47.6770897" lon="2.6367519">
	<ele>126.94</ele>
	<time>1970-01-01T00:03:54.055Z</time>
</trkpt>
<trkpt lat="47.6762276" lon="2.6363201">
	<ele>126.35</ele>
	<time>1970-01-01T00:04:13.788Z</time>
</trkpt>
<trkpt lat="47.6753159" lon="2.6358571">
	<ele>127.01</ele>
	<time>1970-01-01T00:04:35.292Z</time>
</trkpt>
<trkpt lat="47.6750336" lon="2.6356800">
	<ele>127.00</ele>
	<time>1970-01-01T00:04:42.276Z</time>
</trkpt>
<trkpt lat="47.6745300" lon="2.6352601">
	<ele>126.27</ele>
	<time>1970-01-01T00:04:53.803Z</time>
</trkpt>
<trkpt lat="47.6744652" lon="2.6351740">
	<ele>126.05</ele>
	<time>1970-01-01T00:04:55.561Z</time>
</trkpt>
<trkpt lat="47.6744499" lon="2.6351399">
	<ele>126.01</ele>
	<time>1970-01-01T00:04:56.087Z</time>
</trkpt>
<trkpt lat="47.6743240" lon="2.6350420">
	<ele>125.88</ele>
	<time>1970-01-01T00:04:58.707Z</time>
</trkpt>
<trkpt lat="47.6742058" lon="2.6349199">
	<ele>125.94</ele>
	<time>1970-01-01T00:05:01.180Z</time>
</trkpt>
<trkpt lat="47.6741524" lon="2.6348939">
	<ele>126.03</ele>
	<time>1970-01-01T00:05:02.114Z</time>
</trkpt>
<trkpt lat="47.6740913" lon="2.6348200">
	<ele>126.28</ele>
	<time>1970-01-01T00:05:03.523Z</time>
</trkpt>
<trkpt lat="47.6740532" lon="2.6347589">
	<ele>126.46</ele>
	<time>1970-01-01T00:05:04.409Z</time>
</trkpt>
<trkpt lat="47.6740227" lon="2.6346581">
	<ele>126.50</ele>
	<time>1970-01-01T00:05:05.600Z</time>
</trkpt>
<trkpt lat="47.6739998" lon="2.6346149">
	<ele>126.49</ele>
	<time>1970-01-01T00:05:06.200Z</time>
</trkpt>
<trkpt lat="47.6739731" lon="2.6345789">
	<ele>126.46</ele>
	<time>1970-01-01T00:05:06.802Z</time>
</trkpt>
<trkpt lat="47.6739044" lon="2.6345329">
	<ele>126.35</ele>
	<time>1970-01-01T00:05:07.942Z</time>
</trkpt>
<trkpt lat="47.6738510" lon="2.6345241">
	<ele>126.31</ele>
	<time>1970-01-01T00:05:08.805Z</time>
</trkpt>
<trkpt lat="47.6737976" lon="2.6345360">
	<ele>126.34</ele>
	<time>1970-01-01T00:05:09.626Z</time>
</trkpt>
<trkpt lat="47.6737518" lon="2.6345670">
	<ele>126.38</ele>
	<time>1970-01-01T00:05:10.456Z</time>
</trkpt>
<trkpt lat="47.6737099" lon="2.6346159">
	<ele>126.36</ele>
	<time>1970-01-01T00:05:11.248Z</time>
</trkpt>
<trkpt lat="47.6736755" lon="2.6346850">
	<ele>126.26</ele>
	<time>1970-01-01T00:05:12.007Z</time>
</trkpt>
<trkpt lat="47.6736565" lon="2.6347449">
	<ele>126.19</ele>
	<time>1970-01-01T00:05:12.649Z</time>
</trkpt>
<trkpt lat="47.6736488" lon="2.6348081">
	<ele>126.16</ele>
	<time>1970-01-01T00:05:13.263Z</time>
</trkpt>
<trkpt lat="47.6736526" lon="2.6348720">
	<ele>126.18</ele>
	<time>1970-01-01T00:05:13.886Z</time>
</trkpt>
<trkpt lat="47.6736603" lon="2.6349330">
	<ele>126.22</ele>
	<time>1970-01-01T00:05:14.517Z</time>
</trkpt>
<trkpt lat="47.6736526" lon="2.6350160">
	<ele>126.16</ele>
	<time>1970-01-01T00:05:15.245Z</time>
</trkpt>
<trkpt lat="47.6736183" lon="2.6351521">
	<ele>126.02</ele>
	<time>1970-01-01T00:05:16.684Z</time>
</trkpt>
<trkpt lat="47.6736259" lon="2.6352370">
	<ele>126.03</ele>
	<time>1970-01-01T00:05:17.531Z</time>
</trkpt>
<trkpt lat="47.6736259" lon="2.6353209">
	<ele>126.02</ele>
	<time>1970-01-01T00:05:18.440Z</time>
</trkpt>
<trkpt lat="47.6736450" lon="2.6353941">
	<ele>126.06</ele>
	<time>1970-01-01T00:05:19.414Z</time>
</trkpt>
<trkpt lat="47.6736946" lon="2.6355059">
	<ele>126.26</ele>
	<time>1970-01-01T00:05:21.269Z</time>
</trkpt>
<trkpt lat="47.6737938" lon="2.6357000">
	<ele>126.79</ele>
	<time>1970-01-01T00:05:25.271Z</time>
</trkpt>
<trkpt lat="47.6738167" lon="2.6357541">
	<ele>126.85</ele>
	<time>1970-01-01T00:05:26.425Z</time>
</trkpt>
<trkpt lat="47.6738281" lon="2.6358600">
	<ele>126.84</ele>
	<time>1970-01-01T00:05:28.235Z</time>
</trkpt>
<trkpt lat="47.6738243" lon="2.6359389">
	<ele>126.82</ele>
	<time>1970-01-01T00:05:29.564Z</time>
</trkpt>
<trkpt lat="47.6738014" lon="2.6360030">
	<ele>126.71</ele>
	<time>1970-01-01T00:05:30.582Z</time>
</trkpt>
<trkpt lat="47.6737709" lon="2.6360919">
	<ele>126.58</ele>
	<time>1970-01-01T00:05:31.835Z</time>
</trkpt>
<trkpt lat="47.6736946" lon="2.6362109">
	<ele>126.52</ele>
	<time>1970-01-01T00:05:33.615Z</time>
</trkpt>
<trkpt lat="47.6730194" lon="2.6371019">
	<ele>125.96</ele>
	<time>1970-01-01T00:05:48.111Z</time>
</trkpt>
<trkpt lat="47.6717987" lon="2.6386759">
	<ele>126.00</ele>
	<time>1970-01-01T00:06:16.947Z</time>
</trkpt>
<trkpt lat="47.6707535" lon="2.6403260">
	<ele>126.03</ele>
	<time>1970-01-01T00:06:41.080Z</time>
</trkpt>
<trkpt lat="47.6704292" lon="2.6408701">
	<ele>126.08</ele>
	<time>1970-01-01T00:06:49.244Z</time>
</trkpt>
<trkpt lat="47.6702003" lon="2.6413200">
	<ele>125.75</ele>
	<time>1970-01-01T00:06:55.188Z</time>
</trkpt>
<trkpt lat="47.6695976" lon="2.6425099">
	<ele>125.51</ele>
	<time>1970-01-01T00:07:13.115Z</time>
</trkpt>
<trkpt lat="47.6689377" lon="2.6439130">
	<ele>125.15</ele>
	<time>1970-01-01T00:07:37.015Z</time>
</trkpt>
<trkpt lat="47.6682014" lon="2.6456051">
	<ele>126.00</ele>
	<time>1970-01-01T00:08:00.352Z</time>
</trkpt>
<trkpt lat="47.6677895" lon="2.6467381">
	<ele>125.78</ele>
	<time>1970-01-01T00:08:18.462Z</time>
</trkpt>
<trkpt lat="47.6677361" lon="2.6468501">
	<ele>125.28</ele>
	<time>1970-01-01T00:08:20.362Z</time>
</trkpt>
<trkpt lat="47.6676865" lon="2.6469190">
	<ele>125.01</ele>
	<time>1970-01-01T00:08:21.866Z</time>
</trkpt>
<trkpt lat="47.6676292" lon="2.6469519">
	<ele>124.93</ele>
	<time>1970-01-01T00:08:23.170Z</time>
</trkpt>
<trkpt lat="47.6675491" lon="2.6469700">
	<ele>124.93</ele>
	<time>1970-01-01T00:08:24.726Z</time>
</trkpt>
<trkpt lat="47.6674881" lon="2.6469541">
	<ele>125.02</ele>
	<time>1970-01-01T00:08:25.932Z</time>
</trkpt>
<trkpt lat="47.6672897" lon="2.6468310">
	<ele>125.83</ele>
	<time>1970-01-01T00:08:29.590Z</time>
</trkpt>
<trkpt lat="47.6668167" lon="2.6466119">
	<ele>125.93</ele>
	<time>1970-01-01T00:08:37.059Z</time>
</trkpt>
<trkpt lat="47.6665688" lon="2.6465859">
	<ele>125.95</ele>
	<time>1970-01-01T00:08:40.981Z</time>
</trkpt>
<trkpt lat="47.6659508" lon="2.6465831">
	<ele>126.03</ele>
	<time>1970-01-01T00:08:51.048Z</time>
</trkpt>
<trkpt lat="47.6656532" lon="2.6466579">
	<ele>126.00</ele>
	<time>1970-01-01T00:08:57.094Z</time>
</trkpt>
<trkpt lat="47.6653633" lon="2.6467869">
	<ele>126.02</ele>
	<time>1970-01-01T00:09:04.808Z</time>
</trkpt>
<trkpt lat="47.6653099" lon="2.6467979">
	<ele>126.00</ele>
	<time>1970-01-01T00:09:06.186Z</time>
</trkpt>
<trkpt lat="47.6651573" lon="2.6468110">
	<ele>126.00</ele>
	<time>1970-01-01T00:09:10.474Z</time>
</trkpt>
<trkpt lat="47.6650467" lon="2.6468010">
	<ele>126.00</ele>
	<time>1970-01-01T00:09:13.780Z</time>
</trkpt>
<trkpt lat="47.6649551" lon="2.6467810">
	<ele>126.00</ele>
	<time>1970-01-01T00:09:16.375Z</time>
</trkpt>
<trkpt lat="47.6648712" lon="2.6467521">
	<ele>126.00</ele>
	<time>1970-01-01T00:09:18.707Z</time>
</trkpt>
<trkpt lat="47.6647415" lon="2.6466870">
	<ele>126.00</ele>
	<time>1970-01-01T00:09:21.856Z</time>
</trkpt>
<trkpt lat="47.6638947" lon="2.6459920">
	<ele>127.40</ele>
	<time>1970-01-01T00:09:49.584Z</time>
</trkpt>
<trkpt lat="47.6637497" lon="2.6459441">
	<ele>128.05</ele>
	<time>1970-01-01T00:09:54.166Z</time>
</trkpt>
<trkpt lat="47.6635742" lon="2.6459301">
	<ele>128.64</ele>
	<time>1970-01-01T00:09:57.580Z</time>
</trkpt>
<trkpt lat="47.6632805" lon="2.6459069">
	<ele>129.44</ele>
	<time>1970-01-01T00:10:06.949Z</time>
</trkpt>
<trkpt lat="47.6631393" lon="2.6458621">
	<ele>129.61</ele>
	<time>1970-01-01T00:10:11.271Z</time>
</trkpt>
<trkpt lat="47.6627426" lon="2.6456809">
	<ele>132.32</ele>
	<time>1970-01-01T00:10:24.209Z</time>
</trkpt>
<trkpt lat="47.6626358" lon="2.6456261">
	<ele>132.15</ele>
	<time>1970-01-01T00:10:27.626Z</time>
</trkpt>
<trkpt lat="47.6625519" lon="2.6455951">
	<ele>132.07</ele>
	<time>1970-01-01T00:10:30.131Z</time>
</trkpt>
<trkpt lat="47.6625328" lon="2.6458681">
	<ele>133.05</ele>
	<time>1970-01-01T00:10:35.100Z</time>
</trkpt>
<trkpt lat="47.6624832" lon="2.6459930">
	<ele>133.56</ele>
	<time>1970-01-01T00:10:37.741Z</time>
</trkpt>
<trkpt lat="47.6624565" lon="2.6460769">
	<ele>134.00</ele>
	<time>1970-01-01T00:10:39.370Z</time>
</trkpt>
<trkpt lat="47.6624031" lon="2.6462359">
	<ele>135.30</ele>
	<time>1970-01-01T00:10:42.711Z</time>
</trkpt>
<trkpt lat="47.6622810" lon="2.6466639">
	<ele>135.95</ele>
	<time>1970-01-01T00:10:53.036Z</time>
</trkpt>
<trkpt lat="47.6621628" lon="2.6471350">
	<ele>136.17</ele>
	<time>1970-01-01T00:11:01.990Z</time>
</trkpt>
<trkpt lat="47.6620903" lon="2.6474531">
	<ele>136.47</ele>
	<time>1970-01-01T00:11:07.352Z</time>
</trkpt>
<trkpt lat="47.6618690" lon="2.6486361">
	<ele>136.23</ele>
	<time>1970-01-01T00:11:27.729Z</time>
</trkpt>
<trkpt lat="47.6618347" lon="2.6488690">
	<ele>136.47</ele>
	<time>1970-01-01T00:11:31.244Z</time>
</trkpt>
<trkpt lat="47.6618271" lon="2.6493521">
	<ele>135.36</ele>
	<time>1970-01-01T00:11:37.632Z</time>
</trkpt>
<trkpt lat="47.6618576" lon="2.6500490">
	<ele>135.32</ele>
	<time>1970-01-01T00:11:50.198Z</time>
</trkpt>
<trkpt lat="47.6618576" lon="2.6502240">
	<ele>135.34</ele>
	<time>1970-01-01T00:11:52.843Z</time>
</trkpt>
<trkpt lat="47.6618462" lon="2.6505010">
	<ele>135.39</ele>
	<time>1970-01-01T00:11:56.985Z</time>
</trkpt>
<trkpt lat="47.6618156" lon="2.6507790">
	<ele>135.52</ele>
	<time>1970-01-01T00:12:00.997Z</time>
</trkpt>
<trkpt lat="47.6617012" lon="2.6513691">
	<ele>135.94</ele>
	<time>1970-01-01T00:12:08.177Z</time>
</trkpt>
<trkpt lat="47.6614876" lon="2.6522191">
	<ele>135.52</ele>
	<time>1970-01-01T00:12:18.594Z</time>
</trkpt>
<trkpt lat="47.6614304" lon="2.6524160">
	<ele>134.17</ele>
	<time>1970-01-01T00:12:21.120Z</time>
</trkpt>
<trkpt lat="47.6612930" lon="2.6529779">
	<ele>136.20</ele>
	<time>1970-01-01T00:12:29.167Z</time>
</trkpt>
<trkpt lat="47.6611519" lon="2.6536109">
	<ele>136.67</ele>
	<time>1970-01-01T00:12:39.459Z</time>
</trkpt>
<trkpt lat="47.6611176" lon="2.6537609">
	<ele>136.95</ele>
	<time>1970-01-01T00:12:41.952Z</time>
</trkpt>
<trkpt lat="47.6609459" lon="2.6543961">
	<ele>136.56</ele>
	<time>1970-01-01T00:12:53.764Z</time>
</trkpt>
<trkpt lat="47.6608391" lon="2.6547170">
	<ele>136.00</ele>
	<time>1970-01-01T00:12:59.378Z</time>
</trkpt>
<trkpt lat="47.6605568" lon="2.6555281">
	<ele>135.05</ele>
	<time>1970-01-01T00:13:10.212Z</time>
</trkpt>
<trkpt lat="47.6601715" lon="2.6563039">
	<ele>137.18</ele>
	<time>1970-01-01T00:13:27.609Z</time>
</trkpt>
<trkpt lat="47.6595726" lon="2.6577070">
	<ele>138.97</ele>
	<time>1970-01-01T00:13:58.290Z</time>
</trkpt>
<trkpt lat="47.6594162" lon="2.6581161">
	<ele>139.04</ele>
	<time>1970-01-01T00:14:05.590Z</time>
</trkpt>
<trkpt lat="47.6594048" lon="2.6581430">
	<ele>139.05</ele>
	<time>1970-01-01T00:14:05.991Z</time>
</trkpt>
<trkpt lat="47.6593704" lon="2.6581180">
	<ele>139.05</ele>
	<time>1970-01-01T00:14:06.847Z</time>
</trkpt>
<trkpt lat="47.6593628" lon="2.6581490">
	<ele>139.05</ele>
	<time>1970-01-01T00:14:07.529Z</time>
</trkpt>
<trkpt lat="47.6592598" lon="2.6585059">
	<ele>139.00</ele>
	<time>1970-01-01T00:14:14.235Z</time>
</trkpt>
<trkpt lat="47.6592178" lon="2.6587081">
	<ele>138.93</ele>
	<time>1970-01-01T00:14:17.697Z</time>
</trkpt>
<trkpt lat="47.6590881" lon="2.6594191">
	<ele>138.62</ele>
	<time>1970-01-01T00:14:27.589Z</time>
</trkpt>
<trkpt lat="47.6589928" lon="2.6597719">
	<ele>138.43</ele>
	<time>1970-01-01T00:14:31.864Z</time>
</trkpt>
<trkpt lat="47.6588211" lon="2.6602590">
	<ele>137.24</ele>
	<time>1970-01-01T00:14:37.254Z</time>
</trkpt>
<trkpt lat="47.6586876" lon="2.6605301">
	<ele>136.99</ele>
	<time>1970-01-01T00:14:40.416Z</time>
</trkpt>
<trkpt lat="47.6584930" lon="2.6607950">
	<ele>136.69</ele>
	<time>1970-01-01T00:14:44.312Z</time>
</trkpt>
<trkpt lat="47.6583366" lon="2.6609781">
	<ele>134.77</ele>
	<time>1970-01-01T00:14:47.585Z</time>
</trkpt>
<trkpt lat="47.6582947" lon="2.6610711">
	<ele>134.01</ele>
	<time>1970-01-01T00:14:49.035Z</time>
</trkpt>
<trkpt lat="47.6582184" lon="2.6610761">
	<ele>133.86</ele>
	<time>1970-01-01T00:14:50.327Z</time>
</trkpt>
<trkpt lat="47.6581306" lon="2.6611631">
	<ele>133.67</ele>
	<time>1970-01-01T00:14:52.399Z</time>
</trkpt>
<trkpt lat="47.6580734" lon="2.6612570">
	<ele>134.14</ele>
	<time>1970-01-01T00:14:54.055Z</time>
</trkpt>
<trkpt lat="47.6571465" lon="2.6636679">
	<ele>140.41</ele>
	<time>1970-01-01T00:15:31.240Z</time>
</trkpt>
<trkpt lat="47.6570587" lon="2.6639121">
	<ele>141.15</ele>
	<time>1970-01-01T00:15:34.812Z</time>
</trkpt>
<trkpt lat="47.6569023" lon="2.6642611">
	<ele>140.28</ele>
	<time>1970-01-01T00:15:40.064Z</time>
</trkpt>
<trkpt lat="47.6568146" lon="2.6645150">
	<ele>140.90</ele>
	<time>1970-01-01T00:15:47.010Z</time>
</trkpt>
<trkpt lat="47.6567955" lon="2.6646011">
	<ele>140.51</ele>
	<time>1970-01-01T00:15:49.145Z</time>
</trkpt>
<trkpt lat="47.6567802" lon="2.6647630">
	<ele>139.89</ele>
	<time>1970-01-01T00:15:52.416Z</time>
</trkpt>
<trkpt lat="47.6565361" lon="2.6661530">
	<ele>134.36</ele>
	<time>1970-01-01T00:16:04.456Z</time>
</trkpt>
<trkpt lat="47.6564102" lon="2.6668260">
	<ele>129.98</ele>
	<time>1970-01-01T00:16:09.382Z</time>
</trkpt>
<trkpt lat="47.6563263" lon="2.6673031">
	<ele>128.81</ele>
	<time>1970-01-01T00:16:13.694Z</time>
</trkpt>
<trkpt lat="47.6562881" lon="2.6674600">
	<ele>128.96</ele>
	<time>1970-01-01T00:16:15.321Z</time>
</trkpt>
<trkpt lat="47.6562309" lon="2.6676061">
	<ele>129.32</ele>
	<time>1970-01-01T00:16:17.093Z</time>
</trkpt>
<trkpt lat="47.6561623" lon="2.6677821">
	<ele>129.87</ele>
	<time>1970-01-01T00:16:19.078Z</time>
</trkpt>
<trkpt lat="47.6560249" lon="2.6679921">
	<ele>129.74</ele>
	<time>1970-01-01T00:16:22.097Z</time>
</trkpt>
<trkpt lat="47.6559944" lon="2.6680419">
	<ele>129.81</ele>
	<time>1970-01-01T00:16:22.760Z</time>
</trkpt>
<trkpt lat="47.6544838" lon="2.6670220">
	<ele>140.87</ele>
	<time>1970-01-01T00:17:21.169Z</time>
</trkpt>
<trkpt lat="47.6535568" lon="2.6663649">
	<ele>146.49</ele>
	<time>1970-01-01T00:18:11.849Z</time>
</trkpt>
<trkpt lat="47.6529121" lon="2.6658931">
	<ele>150.56</ele>
	<time>1970-01-01T00:18:48.183Z</time>
</trkpt>
<trkpt lat="47.6526947" lon="2.6665270">
	<ele>151.34</ele>
	<time>1970-01-01T00:18:23.724Z</time>
</trkpt>
<trkpt lat="47.6525230" lon="2.6671560">
	<ele>152.10</ele>
	<time>1970-01-01T00:18:32.435Z</time>
</trkpt>
<trkpt lat="47.6524734" lon="2.6673651">
	<ele>152.04</ele>
	<time>1970-01-01T00:18:35.510Z</time>
</trkpt>
<trkpt lat="47.6523476" lon="2.6678691">
	<ele>152.88</ele>
	<time>1970-01-01T00:18:43.479Z</time>
</trkpt>
<trkpt lat="47.6522827" lon="2.6680930">
	<ele>153.81</ele>
	<time>1970-01-01T00:18:47.135Z</time>
</trkpt>
<trkpt lat="47.6520576" lon="2.6687460">
	<ele>154.62</ele>
	<time>1970-01-01T00:19:00.233Z</time>
</trkpt>
<trkpt lat="47.6519203" lon="2.6690819">
	<ele>155.09</ele>
	<time>1970-01-01T00:19:07.794Z</time>
</trkpt>
<trkpt lat="47.6517525" lon="2.6694419">
	<ele>155.77</ele>
	<time>1970-01-01T00:19:15.704Z</time>
</trkpt>
<trkpt lat="47.6514397" lon="2.6700580">
	<ele>155.87</ele>
	<time>1970-01-01T00:19:27.267Z</time>
</trkpt>
<trkpt lat="47.6506271" lon="2.6714399">
	<ele>156.68</ele>
	<time>1970-01-01T00:19:58.211Z</time>
</trkpt>
<trkpt lat="47.6505013" lon="2.6716709">
	<ele>156.14</ele>
	<time>1970-01-01T00:20:02.120Z</time>
</trkpt>
<trkpt lat="47.6503487" lon="2.6720259">
	<ele>156.84</ele>
	<time>1970-01-01T00:20:07.406Z</time>
</trkpt>
<trkpt lat="47.6497040" lon="2.6737261">
	<ele>157.08</ele>
	<time>1970-01-01T00:20:30.832Z</time>
</trkpt>
<trkpt lat="47.6495476" lon="2.6740651">
	<ele>156.84</ele>
	<time>1970-01-01T00:20:36.241Z</time>
</trkpt>
<trkpt lat="47.6494942" lon="2.6741929">
	<ele>156.81</ele>
	<time>1970-01-01T00:20:38.144Z</time>
</trkpt>
<trkpt lat="47.6494217" lon="2.6744070">
	<ele>156.14</ele>
	<time>1970-01-01T00:20:41.057Z</time>
</trkpt>
<trkpt lat="47.6492424" lon="2.6749830">
	<ele>156.05</ele>
	<time>1970-01-01T00:20:48.123Z</time>
</trkpt>
<trkpt lat="47.6490860" lon="2.6756210">
	<ele>154.82</ele>
	<time>1970-01-01T00:20:54.368Z</time>
</trkpt>
<trkpt lat="47.6490517" lon="2.6758251">
	<ele>154.02</ele>
	<time>1970-01-01T00:20:56.388Z</time>
</trkpt>
<trkpt lat="47.6490173" lon="2.6760530">
	<ele>154.10</ele>
	<time>1970-01-01T00:20:58.619Z</time>
</trkpt>
<trkpt lat="47.6490021" lon="2.6762199">
	<ele>153.66</ele>
	<time>1970-01-01T00:21:00.378Z</time>
</trkpt>
<trkpt lat="47.6489983" lon="2.6764340">
	<ele>152.91</ele>
	<time>1970-01-01T00:21:02.602Z</time>
</trkpt>
<trkpt lat="47.6489983" lon="2.6766679">
	<ele>153.05</ele>
	<time>1970-01-01T00:21:05.172Z</time>
</trkpt>
<trkpt lat="47.6490288" lon="2.6771021">
	<ele>153.51</ele>
	<time>1970-01-01T00:21:11.303Z</time>
</trkpt>
<trkpt lat="47.6490021" lon="2.6772990">
	<ele>153.70</ele>
	<time>1970-01-01T00:21:14.409Z</time>
</trkpt>
<trkpt lat="47.6489563" lon="2.6774850">
	<ele>154.00</ele>
	<time>1970-01-01T00:21:17.627Z</time>
</trkpt>
<trkpt lat="47.6489220" lon="2.6775720">
	<ele>153.97</ele>
	<time>1970-01-01T00:21:19.415Z</time>
</trkpt>
<trkpt lat="47.6485901" lon="2.6784229">
	<ele>155.04</ele>
	<time>1970-01-01T00:21:36.054Z</time>
</trkpt>
<trkpt lat="47.6483078" lon="2.6791601">
	<ele>154.06</ele>
	<time>1970-01-01T00:21:46.666Z</time>
</trkpt>
<trkpt lat="47.6482544" lon="2.6792650">
	<ele>154.42</ele>
	<time>1970-01-01T00:21:48.328Z</time>
</trkpt>
<trkpt lat="47.6482201" lon="2.6793871">
	<ele>154.90</ele>
	<time>1970-01-01T00:21:49.991Z</time>
</trkpt>
<trkpt lat="47.6481934" lon="2.6796329">
	<ele>154.98</ele>
	<time>1970-01-01T00:21:53.357Z</time>
</trkpt>
<trkpt lat="47.6481934" lon="2.6796830">
	<ele>154.98</ele>
	<time>1970-01-01T00:21:54.061Z</time>
</trkpt>
<trkpt lat="47.6482239" lon="2.6803999">
	<ele>155.39</ele>
	<time>1970-01-01T00:22:02.105Z</time>
</trkpt>
<trkpt lat="47.6482277" lon="2.6806221">
	<ele>155.27</ele>
	<time>1970-01-01T00:22:04.575Z</time>
</trkpt>
<trkpt lat="47.6482277" lon="2.6806870">
	<ele>155.16</ele>
	<time>1970-01-01T00:22:05.312Z</time>
</trkpt>
<trkpt lat="47.6482086" lon="2.6807981">
	<ele>154.98</ele>
	<time>1970-01-01T00:22:06.573Z</time>
</trkpt>
<trkpt lat="47.6481667" lon="2.6809061">
	<ele>154.92</ele>
	<time>1970-01-01T00:22:07.931Z</time>
</trkpt>
<trkpt lat="47.6478882" lon="2.6813829">
	<ele>155.78</ele>
	<time>1970-01-01T00:22:16.474Z</time>
</trkpt>
<trkpt lat="47.6477203" lon="2.6817150">
	<ele>154.98</ele>
	<time>1970-01-01T00:22:22.660Z</time>
</trkpt>
<trkpt lat="47.6476555" lon="2.6818819">
	<ele>154.26</ele>
	<time>1970-01-01T00:22:25.353Z</time>
</trkpt>
<trkpt lat="47.6476212" lon="2.6820209">
	<ele>153.89</ele>
	<time>1970-01-01T00:22:27.300Z</time>
</trkpt>
<trkpt lat="47.6476097" lon="2.6820531">
	<ele>153.94</ele>
	<time>1970-01-01T00:22:27.829Z</time>
</trkpt>
<trkpt lat="47.6475983" lon="2.6821020">
	<ele>154.07</ele>
	<time>1970-01-01T00:22:28.533Z</time>
</trkpt>
<trkpt lat="47.6476974" lon="2.6821380">
	<ele>153.47</ele>
	<time>1970-01-01T00:22:30.636Z</time>
</trkpt>
<trkpt lat="47.6477623" lon="2.6821599">
	<ele>153.08</ele>
	<time>1970-01-01T00:22:31.857Z</time>
</trkpt>
<trkpt lat="47.6479454" lon="2.6822231">
	<ele>152.91</ele>
	<time>1970-01-01T00:22:35.284Z</time>
</trkpt>
<trkpt lat="47.6480408" lon="2.6822579">
	<ele>153.04</ele>
	<time>1970-01-01T00:22:37.085Z</time>
</trkpt>
<trkpt lat="47.6480370" lon="2.6823201">
	<ele>153.26</ele>
	<time>1970-01-01T00:22:37.905Z</time>
</trkpt>
<trkpt lat="47.6480446" lon="2.6824570">
	<ele>153.92</ele>
	<time>1970-01-01T00:22:39.547Z</time>
</trkpt>
<trkpt lat="47.6481133" lon="2.6829810">
	<ele>154.08</ele>
	<time>1970-01-01T00:22:45.466Z</time>
</trkpt>
<trkpt lat="47.6481209" lon="2.6831501">
	<ele>154.16</ele>
	<time>1970-01-01T00:22:47.330Z</time>
</trkpt>
<trkpt lat="47.6481133" lon="2.6832759">
	<ele>154.12</ele>
	<time>1970-01-01T00:22:48.640Z</time>
</trkpt>
<trkpt lat="47.6480942" lon="2.6834159">
	<ele>154.05</ele>
	<time>1970-01-01T00:22:50.170Z</time>
</trkpt>
<trkpt lat="47.6479301" lon="2.6840460">
	<ele>154.95</ele>
	<time>1970-01-01T00:22:56.926Z</time>
</trkpt>
<trkpt lat="47.6479149" lon="2.6841660">
	<ele>155.13</ele>
	<time>1970-01-01T00:22:58.119Z</time>
</trkpt>
<trkpt lat="47.6479225" lon="2.6842730">
	<ele>154.70</ele>
	<time>1970-01-01T00:22:59.263Z</time>
</trkpt>
<trkpt lat="47.6479454" lon="2.6844180">
	<ele>153.63</ele>
	<time>1970-01-01T00:23:00.857Z</time>
</trkpt>
<trkpt lat="47.6480446" lon="2.6846781">
	<ele>152.25</ele>
	<time>1970-01-01T00:23:03.936Z</time>
</trkpt>
<trkpt lat="47.6480598" lon="2.6847351">
	<ele>151.91</ele>
	<time>1970-01-01T00:23:04.651Z</time>
</trkpt>
<trkpt lat="47.6481476" lon="2.6849880">
	<ele>149.27</ele>
	<time>1970-01-01T00:23:07.544Z</time>
</trkpt>
<trkpt lat="47.6485367" lon="2.6859460">
	<ele>141.63</ele>
	<time>1970-01-01T00:23:15.171Z</time>
</trkpt>
<trkpt lat="47.6486015" lon="2.6860809">
	<ele>140.21</ele>
	<time>1970-01-01T00:23:16.228Z</time>
</trkpt>
<trkpt lat="47.6486244" lon="2.6861429">
	<ele>139.75</ele>
	<time>1970-01-01T00:23:16.655Z</time>
</trkpt>
<trkpt lat="47.6486473" lon="2.6862290">
	<ele>139.66</ele>
	<time>1970-01-01T00:23:17.217Z</time>
</trkpt>
<trkpt lat="47.6486664" lon="2.6863360">
	<ele>139.91</ele>
	<time>1970-01-01T00:23:17.857Z</time>
</trkpt>
<trkpt lat="47.6486778" lon="2.6864631">
	<ele>139.68</ele>
	<time>1970-01-01T00:23:18.657Z</time>
</trkpt>
<trkpt lat="47.6486702" lon="2.6865749">
	<ele>139.16</ele>
	<time>1970-01-01T00:23:19.297Z</time>
</trkpt>
<trkpt lat="47.6486549" lon="2.6867011">
	<ele>138.18</ele>
	<time>1970-01-01T00:23:20.097Z</time>
</trkpt>
<trkpt lat="47.6486359" lon="2.6867790">
	<ele>137.50</ele>
	<time>1970-01-01T00:23:20.577Z</time>
</trkpt>
<trkpt lat="47.6483192" lon="2.6878769">
	<ele>133.28</ele>
	<time>1970-01-01T00:23:27.777Z</time>
</trkpt>
<trkpt lat="47.6482887" lon="2.6880910">
	<ele>132.39</ele>
	<time>1970-01-01T00:23:29.057Z</time>
</trkpt>
<trkpt lat="47.6482697" lon="2.6883180">
	<ele>132.31</ele>
	<time>1970-01-01T00:23:30.417Z</time>
</trkpt>
<trkpt lat="47.6482925" lon="2.6899860">
	<ele>130.09</ele>
	<time>1970-01-01T00:23:40.417Z</time>
</trkpt>
<trkpt lat="47.6482201" lon="2.6901031">
	<ele>130.17</ele>
	<time>1970-01-01T00:23:41.867Z</time>
</trkpt>
<trkpt lat="47.6476326" lon="2.6910639">
	<ele>128.96</ele>
	<time>1970-01-01T00:23:55.060Z</time>
</trkpt>
<trkpt lat="47.6474304" lon="2.6914501">
	<ele>128.30</ele>
	<time>1970-01-01T00:24:01.274Z</time>
</trkpt>
<trkpt lat="47.6472969" lon="2.6918671">
	<ele>128.82</ele>
	<time>1970-01-01T00:24:08.281Z</time>
</trkpt>
<trkpt lat="47.6473541" lon="2.6921830">
	<ele>127.91</ele>
	<time>1970-01-01T00:24:11.072Z</time>
</trkpt>
<trkpt lat="47.6473503" lon="2.6924191">
	<ele>127.90</ele>
	<time>1970-01-01T00:24:12.886Z</time>
</trkpt>
<trkpt lat="47.6471825" lon="2.6928740">
	<ele>128.05</ele>
	<time>1970-01-01T00:24:18.310Z</time>
</trkpt>
<trkpt lat="47.6469994" lon="2.6930280">
	<ele>127.92</ele>
	<time>1970-01-01T00:24:23.799Z</time>
</trkpt>
<trkpt lat="47.6467476" lon="2.6932750">
	<ele>128.68</ele>
	<time>1970-01-01T00:24:29.649Z</time>
</trkpt>
<trkpt lat="47.6464882" lon="2.6940689">
	<ele>128.71</ele>
	<time>1970-01-01T00:24:48.330Z</time>
</trkpt>
<trkpt lat="47.6463432" lon="2.6944840">
	<ele>128.25</ele>
	<time>1970-01-01T00:24:58.995Z</time>
</trkpt>
<trkpt lat="47.6457253" lon="2.6961610">
	<ele>127.72</ele>
	<time>1970-01-01T00:25:18.666Z</time>
</trkpt>
<trkpt lat="47.6453476" lon="2.6970789">
	<ele>128.49</ele>
	<time>1970-01-01T00:25:33.289Z</time>
</trkpt>
<trkpt lat="47.6440887" lon="2.6997581">
	<ele>129.49</ele>
	<time>1970-01-01T00:26:14.990Z</time>
</trkpt>
<trkpt lat="47.6433372" lon="2.7009909">
	<ele>132.47</ele>
	<time>1970-01-01T00:26:36.764Z</time>
</trkpt>
<trkpt lat="47.6433067" lon="2.7010441">
	<ele>132.56</ele>
	<time>1970-01-01T00:26:37.616Z</time>
</trkpt>
<trkpt lat="47.6432877" lon="2.7011130">
	<ele>132.47</ele>
	<time>1970-01-01T00:26:38.573Z</time>
</trkpt>
<trkpt lat="47.6429482" lon="2.7023170">
	<ele>129.76</ele>
	<time>1970-01-01T00:26:57.561Z</time>
</trkpt>
<trkpt lat="47.6423721" lon="2.7039821">
	<ele>128.55</ele>
	<time>1970-01-01T00:27:14.240Z</time>
</trkpt>
<trkpt lat="47.6416054" lon="2.7057750">
	<ele>129.39</ele>
	<time>1970-01-01T00:27:38.586Z</time>
</trkpt>
<trkpt lat="47.6401863" lon="2.7084429">
	<ele>129.70</ele>
	<time>1970-01-01T00:28:30.055Z</time>
</trkpt>
<trkpt lat="47.6399269" lon="2.7087979">
	<ele>133.71</ele>
	<time>1970-01-01T00:28:36.790Z</time>
</trkpt>
<trkpt lat="47.6397400" lon="2.7091479">
	<ele>131.92</ele>
	<time>1970-01-01T00:28:42.955Z</time>
</trkpt>
<trkpt lat="47.6396484" lon="2.7094030">
	<ele>131.42</ele>
	<time>1970-01-01T00:28:46.863Z</time>
</trkpt>
<trkpt lat="47.6393356" lon="2.7101829">
	<ele>130.66</ele>
	<time>1970-01-01T00:28:58.112Z</time>
</trkpt>
<trkpt lat="47.6383400" lon="2.7121699">
	<ele>131.38</ele>
	<time>1970-01-01T00:29:26.419Z</time>
</trkpt>
<trkpt lat="47.6382217" lon="2.7123320">
	<ele>131.56</ele>
	<time>1970-01-01T00:29:29.730Z</time>
</trkpt>
<trkpt lat="47.6381912" lon="2.7123730">
	<ele>131.85</ele>
	<time>1970-01-01T00:29:30.705Z</time>
</trkpt>
<trkpt lat="47.6380463" lon="2.7125671">
	<ele>134.05</ele>
	<time>1970-01-01T00:29:37.193Z</time>
</trkpt>
<trkpt lat="47.6380043" lon="2.7126369">
	<ele>134.59</ele>
	<time>1970-01-01T00:29:39.365Z</time>
</trkpt>
<trkpt lat="47.6379585" lon="2.7126980">
	<ele>134.90</ele>
	<time>1970-01-01T00:29:41.853Z</time>
</trkpt>
<trkpt lat="47.6375237" lon="2.7134430">
	<ele>131.51</ele>
	<time>1970-01-01T00:30:04.965Z</time>
</trkpt>
<trkpt lat="47.6365738" lon="2.7146790">
	<ele>131.11</ele>
	<time>1970-01-01T00:30:28.500Z</time>
</trkpt>
<trkpt lat="47.6360703" lon="2.7151721">
	<ele>134.07</ele>
	<time>1970-01-01T00:30:42.262Z</time>
</trkpt>
<trkpt lat="47.6351776" lon="2.7164071">
	<ele>131.34</ele>
	<time>1970-01-01T00:31:12.084Z</time>
</trkpt>
<trkpt lat="47.6345749" lon="2.7172611">
	<ele>130.50</ele>
	<time>1970-01-01T00:31:38.593Z</time>
</trkpt>
<trkpt lat="47.6330719" lon="2.7191100">
	<ele>131.46</ele>
	<time>1970-01-01T00:32:07.800Z</time>
</trkpt>
<trkpt lat="47.6325874" lon="2.7196391">
	<ele>132.03</ele>
	<time>1970-01-01T00:32:16.017Z</time>
</trkpt>
<trkpt lat="47.6325264" lon="2.7197061">
	<ele>132.00</ele>
	<time>1970-01-01T00:32:17.036Z</time>
</trkpt>
<trkpt lat="47.6323433" lon="2.7201049">
	<ele>130.20</ele>
	<time>1970-01-01T00:32:20.047Z</time>
</trkpt>
<trkpt lat="47.6321945" lon="2.7205789">
	<ele>129.99</ele>
	<time>1970-01-01T00:32:23.533Z</time>
</trkpt>
<trkpt lat="47.6320610" lon="2.7210619">
	<ele>129.71</ele>
	<time>1970-01-01T00:32:27.465Z</time>
</trkpt>
<trkpt lat="47.6320038" lon="2.7213709">
	<ele>129.03</ele>
	<time>1970-01-01T00:32:30.295Z</time>
</trkpt>
<trkpt lat="47.6322250" lon="2.7223370">
	<ele>128.32</ele>
	<time>1970-01-01T00:32:39.437Z</time>
</trkpt>
<trkpt lat="47.6324463" lon="2.7229090">
	<ele>129.00</ele>
	<time>1970-01-01T00:32:46.530Z</time>
</trkpt>
<trkpt lat="47.6324768" lon="2.7229829">
	<ele>128.95</ele>
	<time>1970-01-01T00:32:47.429Z</time>
</trkpt>
<trkpt lat="47.6319237" lon="2.7240019">
	<ele>129.34</ele>
	<time>1970-01-01T00:33:00.026Z</time>
</trkpt>
<trkpt lat="47.6317520" lon="2.7242510">
	<ele>129.43</ele>
	<time>1970-01-01T00:33:03.385Z</time>
</trkpt>
<trkpt lat="47.6316452" lon="2.7244420">
	<ele>130.00</ele>
	<time>1970-01-01T00:33:05.759Z</time>
</trkpt>
<trkpt lat="47.6315765" lon="2.7245770">
	<ele>130.07</ele>
	<time>1970-01-01T00:33:07.543Z</time>
</trkpt>
<trkpt lat="47.6314201" lon="2.7249460">
	<ele>129.12</ele>
	<time>1970-01-01T00:33:12.502Z</time>
</trkpt>
<trkpt lat="47.6308327" lon="2.7260730">
	<ele>130.00</ele>
	<time>1970-01-01T00:33:30.118Z</time>
</trkpt>
<trkpt lat="47.6307678" lon="2.7261930">
	<ele>130.07</ele>
	<time>1970-01-01T00:33:31.172Z</time>
</trkpt>
<trkpt lat="47.6304779" lon="2.7267370">
	<ele>130.00</ele>
	<time>1970-01-01T00:33:37.429Z</time>
</trkpt>
<trkpt lat="47.6302528" lon="2.7271590">
	<ele>130.00</ele>
	<time>1970-01-01T00:33:45.854Z</time>
</trkpt>
<trkpt lat="47.6297188" lon="2.7279279">
	<ele>130.00</ele>
	<time>1970-01-01T00:34:04.050Z</time>
</trkpt>
<trkpt lat="47.6294518" lon="2.7283320">
	<ele>129.92</ele>
	<time>1970-01-01T00:34:12.130Z</time>
</trkpt>
<trkpt lat="47.6293488" lon="2.7284760">
	<ele>130.91</ele>
	<time>1970-01-01T00:34:15.097Z</time>
</trkpt>
<trkpt lat="47.6289482" lon="2.7290170">
	<ele>130.22</ele>
	<time>1970-01-01T00:34:26.455Z</time>
</trkpt>
<trkpt lat="47.6288948" lon="2.7290890">
	<ele>129.76</ele>
	<time>1970-01-01T00:34:27.913Z</time>
</trkpt>
<trkpt lat="47.6279373" lon="2.7304239">
	<ele>131.00</ele>
	<time>1970-01-01T00:34:50.818Z</time>
</trkpt>
<trkpt lat="47.6274376" lon="2.7308900">
	<ele>131.00</ele>
	<time>1970-01-01T00:35:04.778Z</time>
</trkpt>
<trkpt lat="47.6273003" lon="2.7310109">
	<ele>131.00</ele>
	<time>1970-01-01T00:35:08.277Z</time>
</trkpt>
<trkpt lat="47.6269760" lon="2.7313049">
	<ele>131.00</ele>
	<time>1970-01-01T00:35:15.691Z</time>
</trkpt>
<trkpt lat="47.6265068" lon="2.7317131">
	<ele>131.00</ele>
	<time>1970-01-01T00:35:27.837Z</time>
</trkpt>
<trkpt lat="47.6259537" lon="2.7321820">
	<ele>131.00</ele>
	<time>1970-01-01T00:35:41.617Z</time>
</trkpt>
<trkpt lat="47.6256981" lon="2.7323799">
	<ele>130.97</ele>
	<time>1970-01-01T00:35:46.804Z</time>
</trkpt>
<trkpt lat="47.6256485" lon="2.7324231">
	<ele>130.98</ele>
	<time>1970-01-01T00:35:47.781Z</time>
</trkpt>
<trkpt lat="47.6254807" lon="2.7325540">
	<ele>130.99</ele>
	<time>1970-01-01T00:35:51.015Z</time>
</trkpt>
<trkpt lat="47.6253738" lon="2.7326210">
	<ele>130.96</ele>
	<time>1970-01-01T00:35:52.924Z</time>
</trkpt>
<trkpt lat="47.6239052" lon="2.7332630">
	<ele>132.18</ele>
	<time>1970-01-01T00:36:17.327Z</time>
</trkpt>
<trkpt lat="47.6238403" lon="2.7332900">
	<ele>132.82</ele>
	<time>1970-01-01T00:36:18.590Z</time>
</trkpt>
<trkpt lat="47.6234970" lon="2.7334509">
	<ele>132.76</ele>
	<time>1970-01-01T00:36:24.642Z</time>
</trkpt>
<trkpt lat="47.6220741" lon="2.7340660">
	<ele>131.04</ele>
	<time>1970-01-01T00:36:47.325Z</time>
</trkpt>
<trkpt lat="47.6220741" lon="2.7340660">
	<ele>131.04</ele>
	<time>1970-01-01T00:37:31.224Z</time>
</trkpt>
<trkpt lat="47.6209259" lon="2.7345641">
	<ele>131.59</ele>
	<time>1970-01-01T00:37:50.454Z</time>
</trkpt>
<trkpt lat="47.6205978" lon="2.7347810">
	<ele>131.21</ele>
	<time>1970-01-01T00:37:57.116Z</time>
</trkpt>
<trkpt lat="47.6181183" lon="2.7368591">
	<ele>132.57</ele>
	<time>1970-01-01T00:39:05.411Z</time>
</trkpt>
<trkpt lat="47.6173172" lon="2.7372971">
	<ele>131.25</ele>
	<time>1970-01-01T00:39:27.735Z</time>
</trkpt>
<trkpt lat="47.6170959" lon="2.7374029">
	<ele>130.92</ele>
	<time>1970-01-01T00:39:31.582Z</time>
</trkpt>
<trkpt lat="47.6168709" lon="2.7374921">
	<ele>132.15</ele>
	<time>1970-01-01T00:39:34.951Z</time>
</trkpt>
<trkpt lat="47.6166687" lon="2.7375360">
	<ele>131.86</ele>
	<time>1970-01-01T00:39:37.658Z</time>
</trkpt>
<trkpt lat="47.6164970" lon="2.7375309">
	<ele>131.79</ele>
	<time>1970-01-01T00:39:40.029Z</time>
</trkpt>
<trkpt lat="47.6162720" lon="2.7374859">
	<ele>132.07</ele>
	<time>1970-01-01T00:39:43.681Z</time>
</trkpt>
<trkpt lat="47.6158829" lon="2.7374010">
	<ele>131.84</ele>
	<time>1970-01-01T00:39:49.874Z</time>
</trkpt>
<trkpt lat="47.6155396" lon="2.7373610">
	<ele>130.84</ele>
	<time>1970-01-01T00:39:54.591Z</time>
</trkpt>
<trkpt lat="47.6152344" lon="2.7373559">
	<ele>131.91</ele>
	<time>1970-01-01T00:39:58.418Z</time>
</trkpt>
<trkpt lat="47.6148911" lon="2.7373769">
	<ele>131.47</ele>
	<time>1970-01-01T00:40:02.774Z</time>
</trkpt>
<trkpt lat="47.6145248" lon="2.7374721">
	<ele>132.40</ele>
	<time>1970-01-01T00:40:08.405Z</time>
</trkpt>
<trkpt lat="47.6141739" lon="2.7375741">
	<ele>131.38</ele>
	<time>1970-01-01T00:40:13.877Z</time>
</trkpt>
<trkpt lat="47.6136513" lon="2.7377639">
	<ele>132.17</ele>
	<time>1970-01-01T00:40:21.007Z</time>
</trkpt>
<trkpt lat="47.6133041" lon="2.7379320">
	<ele>131.55</ele>
	<time>1970-01-01T00:40:25.642Z</time>
</trkpt>
<trkpt lat="47.6127968" lon="2.7382231">
	<ele>131.49</ele>
	<time>1970-01-01T00:40:36.535Z</time>
</trkpt>
<trkpt lat="47.6115723" lon="2.7390170">
	<ele>131.42</ele>
	<time>1970-01-01T00:41:08.546Z</time>
</trkpt>
<trkpt lat="47.6103172" lon="2.7398019">
	<ele>130.90</ele>
	<time>1970-01-01T00:41:46.883Z</time>
</trkpt>
<trkpt lat="47.6081390" lon="2.7408910">
	<ele>131.21</ele>
	<time>1970-01-01T00:42:39.984Z</time>
</trkpt>
<trkpt lat="47.6064529" lon="2.7420709">
	<ele>132.26</ele>
	<time>1970-01-01T00:43:13.280Z</time>
</trkpt>
<trkpt lat="47.6061707" lon="2.7422850">
	<ele>132.56</ele>
	<time>1970-01-01T00:43:20.819Z</time>
</trkpt>
<trkpt lat="47.6059608" lon="2.7424941">
	<ele>133.25</ele>
	<time>1970-01-01T00:43:27.447Z</time>
</trkpt>
<trkpt lat="47.6057014" lon="2.7428300">
	<ele>132.95</ele>
	<time>1970-01-01T00:43:34.696Z</time>
</trkpt>
<trkpt lat="47.6055374" lon="2.7430310">
	<ele>133.12</ele>
	<time>1970-01-01T00:43:38.602Z</time>
</trkpt>
<trkpt lat="47.6053085" lon="2.7432480">
	<ele>133.01</ele>
	<time>1970-01-01T00:43:43.242Z</time>
</trkpt>
<trkpt lat="47.6046867" lon="2.7437580">
	<ele>133.63</ele>
	<time>1970-01-01T00:43:55.846Z</time>
</trkpt>
<trkpt lat="47.6045685" lon="2.7438760">
	<ele>133.58</ele>
	<time>1970-01-01T00:43:58.445Z</time>
</trkpt>
<trkpt lat="47.6044807" lon="2.7439871">
	<ele>133.86</ele>
	<time>1970-01-01T00:44:00.438Z</time>
</trkpt>
<trkpt lat="47.6040688" lon="2.7446411">
	<ele>133.98</ele>
	<time>1970-01-01T00:44:10.047Z</time>
</trkpt>
<trkpt lat="47.6039238" lon="2.7448320">
	<ele>134.52</ele>
	<time>1970-01-01T00:44:13.421Z</time>
</trkpt>
<trkpt lat="47.6037254" lon="2.7450681">
	<ele>134.62</ele>
	<time>1970-01-01T00:44:18.120Z</time>
</trkpt>
<trkpt lat="47.6029015" lon="2.7459450">
	<ele>134.81</ele>
	<time>1970-01-01T00:44:38.297Z</time>
</trkpt>
<trkpt lat="47.6014900" lon="2.7475610">
	<ele>136.18</ele>
	<time>1970-01-01T00:45:25.566Z</time>
</trkpt>
<trkpt lat="47.6012802" lon="2.7478271">
	<ele>136.84</ele>
	<time>1970-01-01T00:45:32.186Z</time>
</trkpt>
<trkpt lat="47.6011009" lon="2.7480800">
	<ele>135.97</ele>
	<time>1970-01-01T00:45:37.942Z</time>
</trkpt>
<trkpt lat="47.6006126" lon="2.7489409">
	<ele>135.68</ele>
	<time>1970-01-01T00:45:51.699Z</time>
</trkpt>
<trkpt lat="47.5999908" lon="2.7501690">
	<ele>135.50</ele>
	<time>1970-01-01T00:46:04.717Z</time>
</trkpt>
<trkpt lat="47.5995789" lon="2.7509980">
	<ele>136.33</ele>
	<time>1970-01-01T00:46:26.332Z</time>
</trkpt>
<trkpt lat="47.5988045" lon="2.7525401">
	<ele>140.56</ele>
	<time>1970-01-01T00:46:52.992Z</time>
</trkpt>
<trkpt lat="47.5986938" lon="2.7526760">
	<ele>140.60</ele>
	<time>1970-01-01T00:46:58.213Z</time>
</trkpt>
<trkpt lat="47.5985870" lon="2.7527380">
	<ele>142.05</ele>
	<time>1970-01-01T00:47:02.121Z</time>
</trkpt>
<trkpt lat="47.5984993" lon="2.7527649">
	<ele>140.48</ele>
	<time>1970-01-01T00:47:05.132Z</time>
</trkpt>
<trkpt lat="47.5981293" lon="2.7527890">
	<ele>140.38</ele>
	<time>1970-01-01T00:47:21.298Z</time>
</trkpt>
<trkpt lat="47.5980415" lon="2.7527940">
	<ele>141.99</ele>
	<time>1970-01-01T00:47:25.544Z</time>
</trkpt>
<trkpt lat="47.5978432" lon="2.7529531">
	<ele>140.73</ele>
	<time>1970-01-01T00:47:40.681Z</time>
</trkpt>
<trkpt lat="47.5976562" lon="2.7531431">
	<ele>140.86</ele>
	<time>1970-01-01T00:47:56.399Z</time>
</trkpt>
<trkpt lat="47.5971718" lon="2.7537999">
	<ele>140.03</ele>
	<time>1970-01-01T00:48:18.662Z</time>
</trkpt>
<trkpt lat="47.5967941" lon="2.7545040">
	<ele>138.71</ele>
	<time>1970-01-01T00:48:33.282Z</time>
</trkpt>
<trkpt lat="47.5967522" lon="2.7545810">
	<ele>137.39</ele>
	<time>1970-01-01T00:48:34.575Z</time>
</trkpt>
<trkpt lat="47.5963211" lon="2.7553339">
	<ele>134.22</ele>
	<time>1970-01-01T00:48:42.141Z</time>
</trkpt>
<trkpt lat="47.5960999" lon="2.7555461">
	<ele>132.91</ele>
	<time>1970-01-01T00:48:45.133Z</time>
</trkpt>
<trkpt lat="47.5958214" lon="2.7556701">
	<ele>132.92</ele>
	<time>1970-01-01T00:48:48.651Z</time>
</trkpt>
<trkpt lat="47.5955734" lon="2.7557311">
	<ele>133.05</ele>
	<time>1970-01-01T00:48:51.239Z</time>
</trkpt>
<trkpt lat="47.5954285" lon="2.7557380">
	<ele>132.70</ele>
	<time>1970-01-01T00:48:52.692Z</time>
</trkpt>
<trkpt lat="47.5953407" lon="2.7557211">
	<ele>132.46</ele>
	<time>1970-01-01T00:48:53.617Z</time>
</trkpt>
<trkpt lat="47.5950394" lon="2.7554550">
	<ele>133.41</ele>
	<time>1970-01-01T00:48:57.729Z</time>
</trkpt>
<trkpt lat="47.5947990" lon="2.7552321">
	<ele>133.44</ele>
	<time>1970-01-01T00:49:02.182Z</time>
</trkpt>
<trkpt lat="47.5945396" lon="2.7559209">
	<ele>130.60</ele>
	<time>1970-01-01T00:49:08.587Z</time>
</trkpt>
<trkpt lat="47.5944328" lon="2.7560310">
	<ele>131.39</ele>
	<time>1970-01-01T00:49:10.484Z</time>
</trkpt>
<trkpt lat="47.5941544" lon="2.7562039">
	<ele>134.35</ele>
	<time>1970-01-01T00:49:14.036Z</time>
</trkpt>
<trkpt lat="47.5943565" lon="2.7564571">
	<ele>134.63</ele>
	<time>1970-01-01T00:49:17.205Z</time>
</trkpt>
<trkpt lat="47.5944328" lon="2.7565520">
	<ele>134.28</ele>
	<time>1970-01-01T00:49:18.488Z</time>
</trkpt>
<trkpt lat="47.5944710" lon="2.7565939">
	<ele>133.87</ele>
	<time>1970-01-01T00:49:19.057Z</time>
</trkpt>
<trkpt lat="47.5948792" lon="2.7570910">
	<ele>136.61</ele>
	<time>1970-01-01T00:49:25.374Z</time>
</trkpt>
<trkpt lat="47.5954666" lon="2.7578080">
	<ele>139.61</ele>
	<time>1970-01-01T00:49:39.097Z</time>
</trkpt>
<trkpt lat="47.5955505" lon="2.7579091">
	<ele>139.26</ele>
	<time>1970-01-01T00:49:41.061Z</time>
</trkpt>
<trkpt lat="47.5957031" lon="2.7580900">
	<ele>139.75</ele>
	<time>1970-01-01T00:49:44.902Z</time>
</trkpt>
<trkpt lat="47.5957832" lon="2.7581971">
	<ele>141.17</ele>
	<time>1970-01-01T00:49:46.983Z</time>
</trkpt>
<trkpt lat="47.5958138" lon="2.7582459">
	<ele>141.41</ele>
	<time>1970-01-01T00:49:47.847Z</time>
</trkpt>
<trkpt lat="47.5956306" lon="2.7584829">
	<ele>139.42</ele>
	<time>1970-01-01T00:49:52.491Z</time>
</trkpt>
<trkpt lat="47.5954132" lon="2.7587049">
	<ele>137.93</ele>
	<time>1970-01-01T00:49:56.902Z</time>
</trkpt>
<trkpt lat="47.5951271" lon="2.7589059">
	<ele>138.22</ele>
	<time>1970-01-01T00:50:01.809Z</time>
</trkpt>
<trkpt lat="47.5948982" lon="2.7590139">
	<ele>136.15</ele>
	<time>1970-01-01T00:50:05.561Z</time>
</trkpt>
<trkpt lat="47.5946312" lon="2.7591040">
	<ele>136.86</ele>
	<time>1970-01-01T00:50:09.488Z</time>
</trkpt>
<trkpt lat="47.5944366" lon="2.7591259">
	<ele>136.41</ele>
	<time>1970-01-01T00:50:12.523Z</time>
</trkpt>
<trkpt lat="47.5942383" lon="2.7591219">
	<ele>135.72</ele>
	<time>1970-01-01T00:50:15.667Z</time>
</trkpt>
<trkpt lat="47.5934601" lon="2.7590289">
	<ele>134.75</ele>
	<time>1970-01-01T00:50:25.456Z</time>
</trkpt>
<trkpt lat="47.5932961" lon="2.7590699">
	<ele>133.70</ele>
	<time>1970-01-01T00:50:27.695Z</time>
</trkpt>
<trkpt lat="47.5932045" lon="2.7591240">
	<ele>132.46</ele>
	<time>1970-01-01T00:50:29.113Z</time>
</trkpt>
<trkpt lat="47.5932045" lon="2.7591240">
	<ele>132.46</ele>
	<time>1970-01-05T04:11:02.959Z</time>
</trkpt>
<trkpt lat="47.5932045" lon="2.7591240">
	<ele>132.46</ele>
	<time>1970-01-25T23:45:00.163Z</time>
</trkpt>
<trkpt lat="47.5931053" lon="2.7592311">
	<ele>131.17</ele>
	<time>1970-01-17T15:55:00.159Z</time>
</trkpt>
<trkpt lat="47.5913620" lon="2.7616730">
	<ele>132.03</ele>
	<time>1970-01-17T15:55:41.963Z</time>
</trkpt>
<trkpt lat="47.5912094" lon="2.7619081">
	<ele>131.32</ele>
	<time>1970-01-17T15:55:46.630Z</time>
</trkpt>
<trkpt lat="47.5900536" lon="2.7634420">
	<ele>131.86</ele>
	<time>1970-01-17T15:56:20.083Z</time>
</trkpt>
<trkpt lat="47.5894699" lon="2.7642159">
	<ele>131.81</ele>
	<time>1970-01-05T04:11:35.956Z</time>
</trkpt>
<trkpt lat="47.5887146" lon="2.7655921">
	<ele>131.01</ele>
	<time>1970-01-05T04:12:09.803Z</time>
</trkpt>
<trkpt lat="47.5886497" lon="2.7656651">
	<ele>131.26</ele>
	<time>1970-01-05T04:12:11.890Z</time>
</trkpt>
<trkpt lat="47.5885353" lon="2.7657650">
	<ele>131.66</ele>
	<time>1970-01-05T04:12:15.953Z</time>
</trkpt>
<trkpt lat="47.5884666" lon="2.7658460">
	<ele>131.99</ele>
	<time>1970-01-05T04:12:18.861Z</time>
</trkpt>
<trkpt lat="47.5880775" lon="2.7659359">
	<ele>132.64</ele>
	<time>1970-01-05T04:12:30.818Z</time>
</trkpt>
<trkpt lat="47.5878410" lon="2.7659571">
	<ele>134.13</ele>
	<time>1970-01-05T04:12:37.331Z</time>
</trkpt>
<trkpt lat="47.5877609" lon="2.7659490">
	<ele>134.70</ele>
	<time>1970-01-05T04:12:39.588Z</time>
</trkpt>
<trkpt lat="47.5876503" lon="2.7660160">
	<ele>135.27</ele>
	<time>1970-01-05T04:12:42.328Z</time>
</trkpt>
<trkpt lat="47.5876198" lon="2.7661159">
	<ele>135.01</ele>
	<time>1970-01-05T04:12:43.674Z</time>
</trkpt>
<trkpt lat="47.5876083" lon="2.7661829">
	<ele>134.72</ele>
	<time>1970-01-05T04:12:45.210Z</time>
</trkpt>
<trkpt lat="47.5876045" lon="2.7662680">
	<ele>134.22</ele>
	<time>1970-01-05T04:12:46.683Z</time>
</trkpt>
<trkpt lat="47.5876122" lon="2.7663651">
	<ele>133.65</ele>
	<time>1970-01-05T04:12:48.051Z</time>
</trkpt>
<trkpt lat="47.5876236" lon="2.7665219">
	<ele>133.16</ele>
	<time>1970-01-05T04:12:49.737Z</time>
</trkpt>
<trkpt lat="47.5876999" lon="2.7672961">
	<ele>133.19</ele>
	<time>1970-01-05T04:12:56.486Z</time>
</trkpt>
<trkpt lat="47.5877190" lon="2.7676489">
	<ele>134.15</ele>
	<time>1970-01-05T04:12:59.659Z</time>
</trkpt>
<trkpt lat="47.5877228" lon="2.7677281">
	<ele>134.83</ele>
	<time>1970-01-05T04:13:00.398Z</time>
</trkpt>
<trkpt lat="47.5874596" lon="2.7677519">
	<ele>133.95</ele>
	<time>1970-01-05T04:13:04.129Z</time>
</trkpt>
<trkpt lat="47.5871391" lon="2.7678730">
	<ele>133.37</ele>
	<time>1970-01-05T04:13:09.781Z</time>
</trkpt>
<trkpt lat="47.5869293" lon="2.7681000">
	<ele>133.87</ele>
	<time>1970-01-05T04:13:14.889Z</time>
</trkpt>
<trkpt lat="47.5847244" lon="2.7715631">
	<ele>133.53</ele>
	<time>1970-01-05T04:14:17.750Z</time>
</trkpt>
<trkpt lat="47.5813675" lon="2.7770000">
	<ele>133.81</ele>
	<time>1970-01-05T04:15:41.005Z</time>
</trkpt>
<trkpt lat="47.5798340" lon="2.7790830">
	<ele>133.49</ele>
	<time>1970-01-05T04:16:21.859Z</time>
</trkpt>
<trkpt lat="47.5782928" lon="2.7813320">
	<ele>133.86</ele>
	<time>1970-01-05T04:17:04.487Z</time>
</trkpt>
<trkpt lat="47.5775261" lon="2.7827301">
	<ele>135.68</ele>
	<time>1970-01-05T04:17:29.003Z</time>
</trkpt>
<trkpt lat="47.5772476" lon="2.7831030">
	<ele>138.19</ele>
	<time>1970-01-05T04:17:37.126Z</time>
</trkpt>
<trkpt lat="47.5771599" lon="2.7829990">
	<ele>137.19</ele>
	<time>1970-01-05T04:17:39.686Z</time>
</trkpt>
<trkpt lat="47.5770531" lon="2.7828660">
	<ele>137.71</ele>
	<time>1970-01-05T04:17:43.224Z</time>
</trkpt>
<trkpt lat="47.5769386" lon="2.7827251">
	<ele>140.80</ele>
	<time>1970-01-05T04:17:48.120Z</time>
</trkpt>
<trkpt lat="47.5767097" lon="2.7830949">
	<ele>136.77</ele>
	<time>1970-01-05T04:17:56.731Z</time>
</trkpt>
<trkpt lat="47.5765953" lon="2.7832930">
	<ele>136.37</ele>
	<time>1970-01-05T04:18:00.922Z</time>
</trkpt>
<trkpt lat="47.5761185" lon="2.7842500">
	<ele>137.25</ele>
	<time>1970-01-05T04:18:20.510Z</time>
</trkpt>
<trkpt lat="47.5756264" lon="2.7851470">
	<ele>136.01</ele>
	<time>1970-01-05T04:18:39.268Z</time>
</trkpt>
<trkpt lat="47.5750237" lon="2.7862780">
	<ele>136.29</ele>
	<time>1970-01-05T04:18:57.521Z</time>
</trkpt>
<trkpt lat="47.5735207" lon="2.7891729">
	<ele>134.61</ele>
	<time>1970-01-05T04:20:13.153Z</time>
</trkpt>
<trkpt lat="47.5722771" lon="2.7915390">
	<ele>135.96</ele>
	<time>1970-01-05T04:20:58.196Z</time>
</trkpt>
<trkpt lat="47.5719452" lon="2.7921469">
	<ele>136.34</ele>
	<time>1970-01-05T04:21:06.567Z</time>
</trkpt>
<trkpt lat="47.5716515" lon="2.7928030">
	<ele>136.99</ele>
	<time>1970-01-05T04:21:14.390Z</time>
</trkpt>
<trkpt lat="47.5715370" lon="2.7930970">
	<ele>135.83</ele>
	<time>1970-01-05T04:21:17.316Z</time>
</trkpt>
<trkpt lat="47.5713463" lon="2.7936211">
	<ele>139.46</ele>
	<time>1970-01-05T04:21:22.689Z</time>
</trkpt>
<trkpt lat="47.5712624" lon="2.7940171">
	<ele>136.22</ele>
	<time>1970-01-05T04:21:26.978Z</time>
</trkpt>
<trkpt lat="47.5710449" lon="2.7947869">
	<ele>135.86</ele>
	<time>1970-01-05T04:21:33.520Z</time>
</trkpt>
<trkpt lat="47.5707779" lon="2.7955310">
	<ele>136.27</ele>
	<time>1970-01-05T04:21:40.872Z</time>
</trkpt>
<trkpt lat="47.5706062" lon="2.7959361">
	<ele>136.62</ele>
	<time>1970-01-05T04:21:45.231Z</time>
</trkpt>
<trkpt lat="47.5704498" lon="2.7962279">
	<ele>136.17</ele>
	<time>1970-01-05T04:21:48.903Z</time>
</trkpt>
<trkpt lat="47.5702324" lon="2.7965491">
	<ele>136.04</ele>
	<time>1970-01-05T04:21:53.638Z</time>
</trkpt>
<trkpt lat="47.5692902" lon="2.7978470">
	<ele>135.51</ele>
	<time>1970-01-05T04:22:18.995Z</time>
</trkpt>
<trkpt lat="47.5681458" lon="2.7993660">
	<ele>136.82</ele>
	<time>1970-01-05T04:22:50.975Z</time>
</trkpt>
<trkpt lat="47.5671577" lon="2.8007109">
	<ele>135.53</ele>
	<time>1970-01-05T04:23:26.558Z</time>
</trkpt>
<trkpt lat="47.5660934" lon="2.8021140">
	<ele>135.76</ele>
	<time>1970-01-05T04:23:54.020Z</time>
</trkpt>
<trkpt lat="47.5651779" lon="2.8033090">
	<ele>135.38</ele>
	<time>1970-01-05T04:24:16.944Z</time>
</trkpt>
<trkpt lat="47.5646172" lon="2.8040791">
	<ele>135.63</ele>
	<time>1970-01-05T04:24:28.436Z</time>
</trkpt>
<trkpt lat="47.5641365" lon="2.8046861">
	<ele>136.28</ele>
	<time>1970-01-05T04:24:36.397Z</time>
</trkpt>
<trkpt lat="47.5639458" lon="2.8048990">
	<ele>135.84</ele>
	<time>1970-01-05T04:24:39.462Z</time>
</trkpt>
<trkpt lat="47.5638351" lon="2.8050070">
	<ele>136.21</ele>
	<time>1970-01-05T04:24:41.276Z</time>
</trkpt>
<trkpt lat="47.5630760" lon="2.8055110">
	<ele>137.85</ele>
	<time>1970-01-05T04:24:52.484Z</time>
</trkpt>
<trkpt lat="47.5627708" lon="2.8057871">
	<ele>137.91</ele>
	<time>1970-01-05T04:24:56.824Z</time>
</trkpt>
<trkpt lat="47.5626259" lon="2.8059969">
	<ele>137.50</ele>
	<time>1970-01-05T04:24:59.583Z</time>
</trkpt>
<trkpt lat="47.5624161" lon="2.8063850">
	<ele>138.95</ele>
	<time>1970-01-05T04:25:04.609Z</time>
</trkpt>
<trkpt lat="47.5624542" lon="2.8064549">
	<ele>138.96</ele>
	<time>1970-01-05T04:25:05.543Z</time>
</trkpt>
<trkpt lat="47.5625610" lon="2.8067210">
	<ele>137.72</ele>
	<time>1970-01-05T04:25:08.266Z</time>
</trkpt>
<trkpt lat="47.5625801" lon="2.8067720">
	<ele>137.55</ele>
	<time>1970-01-05T04:25:08.758Z</time>
</trkpt>
<trkpt lat="47.5621414" lon="2.8071430">
	<ele>134.86</ele>
	<time>1970-01-05T04:25:18.668Z</time>
</trkpt>
<trkpt lat="47.5617294" lon="2.8075161">
	<ele>137.62</ele>
	<time>1970-01-05T04:25:27.072Z</time>
</trkpt>
<trkpt lat="47.5612984" lon="2.8078821">
	<ele>137.29</ele>
	<time>1970-01-05T04:25:40.635Z</time>
</trkpt>
<trkpt lat="47.5596619" lon="2.8089480">
	<ele>136.67</ele>
	<time>1970-01-05T04:26:27.380Z</time>
</trkpt>
<trkpt lat="47.5589867" lon="2.8095441">
	<ele>135.97</ele>
	<time>1970-01-05T04:26:44.699Z</time>
</trkpt>
<trkpt lat="47.5569344" lon="2.8112929">
	<ele>136.49</ele>
	<time>1970-01-05T04:27:22.665Z</time>
</trkpt>
<trkpt lat="47.5557137" lon="2.8122039">
	<ele>136.52</ele>
	<time>1970-01-05T04:27:51.481Z</time>
</trkpt>
<trkpt lat="47.5552673" lon="2.8125529">
	<ele>137.46</ele>
	<time>1970-01-05T04:27:59.450Z</time>
</trkpt>
<trkpt lat="47.5547981" lon="2.8128741">
	<ele>135.98</ele>
	<time>1970-01-05T04:28:11.543Z</time>
</trkpt>
<trkpt lat="47.5541191" lon="2.8131671">
	<ele>136.29</ele>
	<time>1970-01-05T04:28:27.042Z</time>
</trkpt>
<trkpt lat="47.5531883" lon="2.8135300">
	<ele>136.35</ele>
	<time>1970-01-05T04:28:43.859Z</time>
</trkpt>
<trkpt lat="47.5527802" lon="2.8137469">
	<ele>136.02</ele>
	<time>1970-01-05T04:28:55.385Z</time>
</trkpt>
<trkpt lat="47.5519905" lon="2.8142669">
	<ele>136.05</ele>
	<time>1970-01-05T04:29:10.757Z</time>
</trkpt>
<trkpt lat="47.5505486" lon="2.8153181">
	<ele>135.77</ele>
	<time>1970-01-05T04:29:34.808Z</time>
</trkpt>
<trkpt lat="47.5490875" lon="2.8163300">
	<ele>136.52</ele>
	<time>1970-01-05T04:30:05.457Z</time>
</trkpt>
<trkpt lat="47.5480576" lon="2.8171101">
	<ele>136.47</ele>
	<time>1970-01-05T04:30:38.869Z</time>
</trkpt>
<trkpt lat="47.5477676" lon="2.8173320">
	<ele>136.28</ele>
	<time>1970-01-05T04:30:45.266Z</time>
</trkpt>
<trkpt lat="47.5459290" lon="2.8187461">
	<ele>136.39</ele>
	<time>1970-01-05T04:30:58.882Z</time>
</trkpt>
<trkpt lat="47.5451546" lon="2.8193491">
	<ele>137.29</ele>
	<time>1970-01-05T04:31:11.123Z</time>
</trkpt>
<trkpt lat="47.5445251" lon="2.8200049">
	<ele>137.02</ele>
	<time>1970-01-05T04:31:23.885Z</time>
</trkpt>
<trkpt lat="47.5442238" lon="2.8203421">
	<ele>137.12</ele>
	<time>1970-01-05T04:31:32.147Z</time>
</trkpt>
<trkpt lat="47.5420761" lon="2.8229589">
	<ele>136.39</ele>
	<time>1970-01-05T04:32:23.815Z</time>
</trkpt>
<trkpt lat="47.5410500" lon="2.8242440">
	<ele>137.08</ele>
	<time>1970-01-05T04:32:45.533Z</time>
</trkpt>
<trkpt lat="47.5405388" lon="2.8249650">
	<ele>138.06</ele>
	<time>1970-01-05T04:32:57.628Z</time>
</trkpt>
<trkpt lat="47.5366402" lon="2.8309641">
	<ele>137.07</ele>
	<time>1970-01-05T04:34:37.979Z</time>
</trkpt>
<trkpt lat="47.5363312" lon="2.8313990">
	<ele>138.06</ele>
	<time>1970-01-05T04:34:45.829Z</time>
</trkpt>
<trkpt lat="47.5361633" lon="2.8317270">
	<ele>137.03</ele>
	<time>1970-01-05T04:34:50.717Z</time>
</trkpt>
<trkpt lat="47.5360069" lon="2.8320611">
	<ele>137.63</ele>
	<time>1970-01-05T04:34:55.808Z</time>
</trkpt>
<trkpt lat="47.5359497" lon="2.8322260">
	<ele>137.65</ele>
	<time>1970-01-05T04:34:58.177Z</time>
</trkpt>
<trkpt lat="47.5357056" lon="2.8324561">
	<ele>137.71</ele>
	<time>1970-01-05T04:35:05.048Z</time>
</trkpt>
<trkpt lat="47.5355072" lon="2.8326881">
	<ele>137.14</ele>
	<time>1970-01-05T04:35:11.821Z</time>
</trkpt>
<trkpt lat="47.5350914" lon="2.8332939">
	<ele>136.38</ele>
	<time>1970-01-05T04:35:24.198Z</time>
</trkpt>
<trkpt lat="47.5344315" lon="2.8343649">
	<ele>137.09</ele>
	<time>1970-01-05T04:35:40.559Z</time>
</trkpt>
<trkpt lat="47.5340614" lon="2.8350689">
	<ele>136.88</ele>
	<time>1970-01-05T04:35:51.273Z</time>
</trkpt>
<trkpt lat="47.5338707" lon="2.8354640">
	<ele>137.49</ele>
	<time>1970-01-05T04:35:58.253Z</time>
</trkpt>
<trkpt lat="47.5336418" lon="2.8361349">
	<ele>137.88</ele>
	<time>1970-01-05T04:36:08.711Z</time>
</trkpt>
<trkpt lat="47.5333557" lon="2.8371530">
	<ele>137.02</ele>
	<time>1970-01-05T04:36:21.962Z</time>
</trkpt>
<trkpt lat="47.5331535" lon="2.8378160">
	<ele>136.69</ele>
	<time>1970-01-05T04:36:30.946Z</time>
</trkpt>
<trkpt lat="47.5330353" lon="2.8381000">
	<ele>136.92</ele>
	<time>1970-01-05T04:36:35.061Z</time>
</trkpt>
<trkpt lat="47.5328102" lon="2.8384280">
	<ele>136.94</ele>
	<time>1970-01-05T04:36:41.560Z</time>
</trkpt>
<trkpt lat="47.5326195" lon="2.8385990">
	<ele>137.73</ele>
	<time>1970-01-05T04:36:46.677Z</time>
</trkpt>
<trkpt lat="47.5316238" lon="2.8393149">
	<ele>136.57</ele>
	<time>1970-01-05T04:37:08.529Z</time>
</trkpt>
<trkpt lat="47.5311050" lon="2.8397419">
	<ele>142.08</ele>
	<time>1970-01-05T04:37:19.809Z</time>
</trkpt>
<trkpt lat="47.5309601" lon="2.8398311">
	<ele>140.99</ele>
	<time>1970-01-05T04:37:22.691Z</time>
</trkpt>
<trkpt lat="47.5308800" lon="2.8398600">
	<ele>139.65</ele>
	<time>1970-01-05T04:37:24.215Z</time>
</trkpt>
<trkpt lat="47.5307007" lon="2.8399999">
	<ele>136.69</ele>
	<time>1970-01-05T04:37:27.931Z</time>
</trkpt>
<trkpt lat="47.5305710" lon="2.8400929">
	<ele>136.65</ele>
	<time>1970-01-05T04:37:30.629Z</time>
</trkpt>
<trkpt lat="47.5301933" lon="2.8403881">
	<ele>138.20</ele>
	<time>1970-01-05T04:37:39.157Z</time>
</trkpt>
<trkpt lat="47.5296135" lon="2.8407741">
	<ele>138.22</ele>
	<time>1970-01-05T04:37:53.434Z</time>
</trkpt>
<trkpt lat="47.5292473" lon="2.8408921">
	<ele>138.55</ele>
	<time>1970-01-05T04:38:00.780Z</time>
</trkpt>
<trkpt lat="47.5289574" lon="2.8409469">
	<ele>137.84</ele>
	<time>1970-01-05T04:38:05.986Z</time>
</trkpt>
<trkpt lat="47.5282593" lon="2.8409431">
	<ele>137.90</ele>
	<time>1970-01-05T04:38:20.101Z</time>
</trkpt>
<trkpt lat="47.5278168" lon="2.8410180">
	<ele>138.25</ele>
	<time>1970-01-05T04:38:32.925Z</time>
</trkpt>
<trkpt lat="47.5271606" lon="2.8413050">
	<ele>138.63</ele>
	<time>1970-01-05T04:38:52.407Z</time>
</trkpt>
<trkpt lat="47.5251694" lon="2.8422461">
	<ele>139.02</ele>
	<time>1970-01-05T04:39:27.609Z</time>
</trkpt>
<trkpt lat="47.5234909" lon="2.8430679">
	<ele>139.09</ele>
	<time>1970-01-05T04:40:06.685Z</time>
</trkpt>
<trkpt lat="47.5219841" lon="2.8437591">
	<ele>138.35</ele>
	<time>1970-01-05T04:40:30.235Z</time>
</trkpt>
<trkpt lat="47.5206299" lon="2.8444090">
	<ele>138.94</ele>
	<time>1970-01-05T04:40:51.353Z</time>
</trkpt>
<trkpt lat="47.5177612" lon="2.8457630">
	<ele>139.15</ele>
	<time>1970-01-05T04:41:47.903Z</time>
</trkpt>
<trkpt lat="47.5174713" lon="2.8459170">
	<ele>140.57</ele>
	<time>1970-01-05T04:41:53.276Z</time>
</trkpt>
<trkpt lat="47.5173683" lon="2.8460031">
	<ele>139.66</ele>
	<time>1970-01-05T04:41:55.490Z</time>
</trkpt>
<trkpt lat="47.5173607" lon="2.8459620">
	<ele>139.94</ele>
	<time>1970-01-05T04:41:56.000Z</time>
</trkpt>
<trkpt lat="47.5172958" lon="2.8456731">
	<ele>140.84</ele>
	<time>1970-01-05T04:41:59.904Z</time>
</trkpt>
<trkpt lat="47.5172844" lon="2.8456240">
	<ele>140.94</ele>
	<time>1970-01-05T04:42:00.582Z</time>
</trkpt>
<trkpt lat="47.5170403" lon="2.8457699">
	<ele>139.15</ele>
	<time>1970-01-05T04:42:05.787Z</time>
</trkpt>
<trkpt lat="47.5142822" lon="2.8471379">
	<ele>139.33</ele>
	<time>1970-01-05T04:42:56.522Z</time>
</trkpt>
<trkpt lat="47.5137558" lon="2.8474240">
	<ele>138.28</ele>
	<time>1970-01-05T04:43:07.357Z</time>
</trkpt>
<trkpt lat="47.5132332" lon="2.8477969">
	<ele>139.00</ele>
	<time>1970-01-05T04:43:19.060Z</time>
</trkpt>
<trkpt lat="47.5128746" lon="2.8480680">
	<ele>139.00</ele>
	<time>1970-01-05T04:43:26.905Z</time>
</trkpt>
<trkpt lat="47.5127106" lon="2.8481891">
	<ele>138.98</ele>
	<time>1970-01-05T04:43:30.350Z</time>
</trkpt>
<trkpt lat="47.5101967" lon="2.8503230">
	<ele>139.64</ele>
	<time>1970-01-05T04:44:35.826Z</time>
</trkpt>
<trkpt lat="47.5101585" lon="2.8503549">
	<ele>139.41</ele>
	<time>1970-01-05T04:44:36.743Z</time>
</trkpt>
<trkpt lat="47.5100098" lon="2.8504910">
	<ele>139.69</ele>
	<time>1970-01-05T04:44:40.609Z</time>
</trkpt>
<trkpt lat="47.5098610" lon="2.8506141">
	<ele>139.61</ele>
	<time>1970-01-05T04:44:44.426Z</time>
</trkpt>
<trkpt lat="47.5096321" lon="2.8508220">
	<ele>139.00</ele>
	<time>1970-01-05T04:44:50.214Z</time>
</trkpt>
<trkpt lat="47.5094261" lon="2.8509879">
	<ele>139.00</ele>
	<time>1970-01-05T04:44:54.766Z</time>
</trkpt>
<trkpt lat="47.5092545" lon="2.8511291">
	<ele>139.08</ele>
	<time>1970-01-05T04:44:58.352Z</time>
</trkpt>
<trkpt lat="47.5090370" lon="2.8512690">
	<ele>138.80</ele>
	<time>1970-01-05T04:45:02.372Z</time>
</trkpt>
<trkpt lat="47.5088654" lon="2.8513851">
	<ele>138.99</ele>
	<time>1970-01-05T04:45:05.671Z</time>
</trkpt>
<trkpt lat="47.5086327" lon="2.8515310">
	<ele>139.01</ele>
	<time>1970-01-05T04:45:09.881Z</time>
</trkpt>
<trkpt lat="47.5084229" lon="2.8516510">
	<ele>138.98</ele>
	<time>1970-01-05T04:45:13.732Z</time>
</trkpt>
<trkpt lat="47.5082130" lon="2.8517780">
	<ele>139.31</ele>
	<time>1970-01-05T04:45:17.651Z</time>
</trkpt>
<trkpt lat="47.5080032" lon="2.8518980">
	<ele>138.92</ele>
	<time>1970-01-05T04:45:21.625Z</time>
</trkpt>
<trkpt lat="47.5078278" lon="2.8520081">
	<ele>138.94</ele>
	<time>1970-01-05T04:45:25.210Z</time>
</trkpt>
<trkpt lat="47.5078049" lon="2.8520019">
	<ele>138.96</ele>
	<time>1970-01-05T04:45:25.551Z</time>
</trkpt>
<trkpt lat="47.5077553" lon="2.8518870">
	<ele>139.04</ele>
	<time>1970-01-05T04:45:27.368Z</time>
</trkpt>
<trkpt lat="47.5077095" lon="2.8519411">
	<ele>139.18</ele>
	<time>1970-01-05T04:45:28.451Z</time>
</trkpt>
<trkpt lat="47.5076714" lon="2.8519690">
	<ele>139.29</ele>
	<time>1970-01-05T04:45:29.350Z</time>
</trkpt>
<trkpt lat="47.5075989" lon="2.8520861">
	<ele>139.46</ele>
	<time>1970-01-05T04:45:31.641Z</time>
</trkpt>
<trkpt lat="47.5075531" lon="2.8520710">
	<ele>139.64</ele>
	<time>1970-01-05T04:45:32.585Z</time>
</trkpt>
<trkpt lat="47.5075417" lon="2.8520761">
	<ele>139.69</ele>
	<time>1970-01-05T04:45:32.773Z</time>
</trkpt>
<trkpt lat="47.5074806" lon="2.8521719">
	<ele>140.04</ele>
	<time>1970-01-05T04:45:34.773Z</time>
</trkpt>
<trkpt lat="47.5074234" lon="2.8521559">
	<ele>140.47</ele>
	<time>1970-01-05T04:45:35.956Z</time>
</trkpt>
<trkpt lat="47.5074005" lon="2.8521609">
	<ele>140.68</ele>
	<time>1970-01-05T04:45:36.543Z</time>
</trkpt>
<trkpt lat="47.5073318" lon="2.8522179">
	<ele>141.38</ele>
	<time>1970-01-05T04:45:38.288Z</time>
</trkpt>
<trkpt lat="47.5072632" lon="2.8522561">
	<ele>141.77</ele>
	<time>1970-01-05T04:45:39.821Z</time>
</trkpt>
<trkpt lat="47.5072403" lon="2.8521521">
	<ele>141.88</ele>
	<time>1970-01-05T04:45:41.444Z</time>
</trkpt>
<trkpt lat="47.5072327" lon="2.8520980">
	<ele>141.68</ele>
	<time>1970-01-05T04:45:42.246Z</time>
</trkpt>
<trkpt lat="47.5072289" lon="2.8521030">
	<ele>141.71</ele>
	<time>1970-01-05T04:45:42.446Z</time>
</trkpt>
<trkpt lat="47.5072274" lon="2.8521021">
	<ele>141.71</ele>
	<time>1970-01-01T00:00:00.000Z</time>
</trkpt>
<trkpt lat="47.5074926" lon="2.8531614">
	<ele>137.10</ele>
	<time>1970-01-01T00:00:00.000Z</time>
</trkpt>
<trkpt lat="47.5076108" lon="2.8541695">
	<ele>137.00</ele>
	<time>1970-01-01T00:00:00.000Z</time>
</trkpt>
<trkpt lat="47.5078245" lon="2.8551470">
	<ele>136.60</ele>
	<time>1970-01-01T00:00:00.000Z</time>
</trkpt>
<trkpt lat="47.5087446" lon="2.8582756">
	<ele>134.50</ele>
	<time>1970-01-01T00:00:00.000Z</time>
</trkpt>
<trkpt lat="47.5095875" lon="2.8614276">
	<ele>134.00</ele>
	<time>1970-01-01T00:00:00.000Z</time>
</trkpt>
<trkpt lat="47.5098570" lon="2.8625509">
	<ele>134.40</ele>
	<time>1970-01-01T00:00:00.000Z</time>
</trkpt>
<trkpt lat="47.5100845" lon="2.8638640">
	<ele>134.30</ele>
	<time>1970-01-01T00:00:00.000Z</time>
</trkpt>
<trkpt lat="47.5105419" lon="2.8655543">
	<ele>134.90</ele>
	<time>1970-01-01T00:00:00.000Z</time>
</trkpt>
<trkpt lat="47.5106641" lon="2.8661718">
	<ele>136.10</ele>
	<time>1970-01-01T00:00:00.000Z</time>
</trkpt>
<trkpt lat="47.5107341" lon="2.8667775">
	<ele>136.50</ele>
	<time>1970-01-01T00:00:00.000Z</time>
</trkpt>
<trkpt lat="47.5107241" lon="2.8674615">
	<ele>136.10</ele>
	<time>1970-01-01T00:00:00.000Z</time>
</trkpt>
<trkpt lat="47.5105792" lon="2.8683084">
	<ele>137.30</ele>
	<time>1970-01-01T00:00:00.000Z</time>
</trkpt>
<trkpt lat="47.5107547" lon="2.8684682">
	<ele>137.10</ele>
	<time>1970-01-01T00:00:00.000Z</time>
</trkpt>
<trkpt lat="47.5106192" lon="2.8686160">
	<ele>137.30</ele>
	<time>1970-01-01T00:00:00.000Z</time>
</trkpt>
<trkpt lat="47.5105373" lon="2.8686485">
	<ele>137.30</ele>
	<time>1970-01-01T00:00:00.000Z</time>
</trkpt>
<trkpt lat="47.5104625" lon="2.8686272">
	<ele>137.30</ele>
	<time>1970-01-01T00:00:00.000Z</time>
</trkpt>
<trkpt lat="47.5103391" lon="2.8684075">
	<ele>137.40</ele>
	<time>1970-01-01T00:00:00.000Z</time>
</trkpt>
<trkpt lat="47.5098686" lon="2.8679765">
	<ele>137.10</ele>
	<time>1970-01-01T00:00:00.000Z</time>
</trkpt>
<trkpt lat="47.5096236" lon="2.8678269">
	<ele>136.80</ele>
	<time>1970-01-01T00:00:00.000Z</time>
</trkpt>
<trkpt lat="47.5091328" lon="2.8676408">
	<ele>134.90</ele>
	<time>1970-01-01T00:00:00.000Z</time>
</trkpt>
<trkpt lat="47.5082823" lon="2.8676469">
	<ele>135.10</ele>
	<time>1970-01-01T00:00:00.000Z</time>
</trkpt>
<trkpt lat="47.5076937" lon="2.8677428">
	<ele>135.80</ele>
	<time>1970-01-01T00:00:00.000Z</time>
</trkpt>
<trkpt lat="47.5075488" lon="2.8678296">
	<ele>136.10</ele>
	<time>1970-01-01T00:00:00.000Z</time>
</trkpt>
<trkpt lat="47.5074949" lon="2.8679118">
	<ele>136.30</ele>
	<time>1970-01-01T00:00:00.000Z</time>
</trkpt>
<trkpt lat="47.5066496" lon="2.8679327">
	<ele>136.00</ele>
	<time>1970-01-01T00:00:00.000Z</time>
</trkpt>
<trkpt lat="47.5064508" lon="2.8679878">
	<ele>135.70</ele>
	<time>1970-01-01T00:00:00.000Z</time>
</trkpt>
<trkpt lat="47.5062754" lon="2.8681289">
	<ele>136.00</ele>
	<time>1970-01-01T00:00:00.000Z</time>
</trkpt>
<trkpt lat="47.5054295" lon="2.8690544">
	<ele>135.90</ele>
	<time>1970-01-01T00:00:00.000Z</time>
</trkpt>
<trkpt lat="47.5050580" lon="2.8694021">
	<ele>135.70</ele>
	<time>1970-01-01T00:00:00.000Z</time>
</trkpt>
<trkpt lat="47.5048081" lon="2.8697199">
	<ele>135.70</ele>
	<time>1970-01-01T00:00:00.000Z</time>
</trkpt>
<trkpt lat="47.5046562" lon="2.8699968">
	<ele>135.90</ele>
	<time>1970-01-01T00:00:00.000Z</time>
</trkpt>
<trkpt lat="47.5043962" lon="2.8708264">
	<ele>136.40</ele>
	<time>1970-01-01T00:00:00.000Z</time>
</trkpt>
<trkpt lat="47.5040040" lon="2.8718555">
	<ele>135.90</ele>
	<time>1970-01-01T00:00:00.000Z</time>
</trkpt>
<trkpt lat="47.5038838" lon="2.8722727">
	<ele>135.50</ele>
	<time>1970-01-01T00:00:00.000Z</time>
</trkpt>
<trkpt lat="47.5034934" lon="2.8742066">
	<ele>136.00</ele>
	<time>1970-01-01T00:00:00.000Z</time>
</trkpt>
<trkpt lat="47.5028875" lon="2.8782465">
	<ele>137.50</ele>
	<time>1970-01-01T00:00:00.000Z</time>
</trkpt>
<trkpt lat="47.5027639" lon="2.8789345">
	<ele>137.10</ele>
	<time>1970-01-01T00:00:00.000Z</time>
</trkpt>
<trkpt lat="47.5026321" lon="2.8794278">
	<ele>137.00</ele>
	<time>1970-01-01T00:00:00.000Z</time>
</trkpt>
<trkpt lat="47.5022285" lon="2.8800675">
	<ele>136.20</ele>
	<time>1970-01-01T00:00:00.000Z</time>
</trkpt>
<trkpt lat="47.5016029" lon="2.8809217">
	<ele>135.50</ele>
	<time>1970-01-01T00:00:00.000Z</time>
</trkpt>
<trkpt lat="47.5013980" lon="2.8812677">
	<ele>135.30</ele>
	<time>1970-01-01T00:00:00.000Z</time>
</trkpt>
<trkpt lat="47.5009400" lon="2.8823208">
	<ele>136.20</ele>
	<time>1970-01-01T00:00:00.000Z</time>
</trkpt>
<trkpt lat="47.5007872" lon="2.8825761">
	<ele>136.40</ele>
	<time>1970-01-01T00:00:00.000Z</time>
</trkpt>
<trkpt lat="47.5000733" lon="2.8832113">
	<ele>138.10</ele>
	<time>1970-01-01T00:00:00.000Z</time>
</trkpt>
<trkpt lat="47.4997890" lon="2.8834909">
	<ele>139.50</ele>
	<time>1970-01-01T00:00:00.000Z</time>
</trkpt>
<trkpt lat="47.4995985" lon="2.8837396">
	<ele>140.00</ele>
	<time>1970-01-01T00:00:00.000Z</time>
</trkpt>
<trkpt lat="47.4995486" lon="2.8838566">
	<ele>140.00</ele>
	<time>1970-01-01T00:00:00.000Z</time>
</trkpt>
<trkpt lat="47.4995583" lon="2.8840226">
	<ele>140.50</ele>
	<time>1970-01-01T00:00:00.000Z</time>
</trkpt>
<trkpt lat="47.4998115" lon="2.8844022">
	<ele>140.10</ele>
	<time>1970-01-01T00:00:00.000Z</time>
</trkpt>
<trkpt lat="47.4998118" lon="2.8845879">
	<ele>139.60</ele>
	<time>1970-01-01T00:00:00.000Z</time>
</trkpt>
<trkpt lat="47.4996266" lon="2.8848290">
	<ele>138.00</ele>
	<time>1970-01-01T00:00:00.000Z</time>
</trkpt>
<trkpt lat="47.4990088" lon="2.8854560">
	<ele>139.90</ele>
	<time>1970-01-01T00:00:00.000Z</time>
</trkpt>
<trkpt lat="47.4953434" lon="2.8883618">
	<ele>135.80</ele>
	<time>1970-01-01T00:00:00.000Z</time>
</trkpt>
<trkpt lat="47.4954273" lon="2.8885529">
	<ele>136.00</ele>
	<time>1970-01-01T00:00:00.000Z</time>
</trkpt>
<trkpt lat="47.4954149" lon="2.8887908">
	<ele>136.30</ele>
	<time>1970-01-01T00:00:00.000Z</time>
</trkpt>
<trkpt lat="47.4953457" lon="2.8889424">
	<ele>136.30</ele>
	<time>1970-01-01T00:00:00.000Z</time>
</trkpt>
<trkpt lat="47.4950625" lon="2.8893387">
	<ele>138.30</ele>
	<time>1970-01-01T00:00:00.000Z</time>
</trkpt>
<trkpt lat="47.4949961" lon="2.8895289">
	<ele>138.30</ele>
	<time>1970-01-01T00:00:00.000Z</time>
</trkpt>
<trkpt lat="47.4949901" lon="2.8897890">
	<ele>138.20</ele>
	<time>1970-01-01T00:00:00.000Z</time>
</trkpt>
<trkpt lat="47.4936089" lon="2.8903976">
	<ele>137.50</ele>
	<time>1970-01-01T00:00:00.000Z</time>
</trkpt>
<trkpt lat="47.4928927" lon="2.8908664">
	<ele>138.20</ele>
	<time>1970-01-01T00:00:00.000Z</time>
</trkpt>
<trkpt lat="47.4912497" lon="2.8925419">
	<ele>139.00</ele>
	<time>1970-01-01T00:00:00.000Z</time>
</trkpt>
<trkpt lat="47.4907701" lon="2.8926851">
	<ele>139.10</ele>
	<time>1970-01-01T00:00:00.000Z</time>
</trkpt>
<trkpt lat="47.4899835" lon="2.8928325">
	<ele>137.10</ele>
	<time>1970-01-01T00:00:00.000Z</time>
</trkpt>
<trkpt lat="47.4896181" lon="2.8928229">
	<ele>136.20</ele>
	<time>1970-01-01T00:00:00.000Z</time>
</trkpt>
<trkpt lat="47.4889230" lon="2.8926809">
	<ele>135.70</ele>
	<time>1970-01-01T00:00:00.000Z</time>
</trkpt>
<trkpt lat="47.4885315" lon="2.8927359">
	<ele>136.10</ele>
	<time>1970-01-01T00:00:00.000Z</time>
</trkpt>
<trkpt lat="47.4882363" lon="2.8928508">
	<ele>136.80</ele>
	<time>1970-01-01T00:00:00.000Z</time>
</trkpt>
<trkpt lat="47.4875354" lon="2.8932932">
	<ele>136.90</ele>
	<time>1970-01-01T00:00:00.000Z</time>
</trkpt>
<trkpt lat="47.4871578" lon="2.8936366">
	<ele>136.30</ele>
	<time>1970-01-01T00:00:00.000Z</time>
</trkpt>
<trkpt lat="47.4858377" lon="2.8952459">
	<ele>134.40</ele>
	<time>1970-01-01T00:00:00.000Z</time>
</trkpt>
<trkpt lat="47.4838296" lon="2.8963812">
	<ele>134.00</ele>
	<time>1970-01-01T00:00:00.000Z</time>
</trkpt>
<trkpt lat="47.4837144" lon="2.8964173">
	<ele>134.00</ele>
	<time>1970-01-01T00:00:00.000Z</time>
</trkpt>
<trkpt lat="47.4835884" lon="2.8963925">
	<ele>134.00</ele>
	<time>1970-01-01T00:00:00.000Z</time>
</trkpt>
<trkpt lat="47.4833823" lon="2.8965175">
	<ele>134.00</ele>
	<time>1970-01-01T00:00:00.000Z</time>
</trkpt>
<trkpt lat="47.4832158" lon="2.8965406">
	<ele>134.00</ele>
	<time>1970-01-01T00:00:00.000Z</time>
</trkpt>
<trkpt lat="47.4829070" lon="2.8965065">
	<ele>134.10</ele>
	<time>1970-01-01T00:00:00.000Z</time>
</trkpt>
<trkpt lat="47.4824072" lon="2.8962314">
	<ele>135.00</ele>
	<time>1970-01-01T00:00:00.000Z</time>
</trkpt>
<trkpt lat="47.4817550" lon="2.8957945">
	<ele>135.00</ele>
	<time>1970-01-01T00:00:00.000Z</time>
</trkpt>
<trkpt lat="47.4813828" lon="2.8956775">
	<ele>135.60</ele>
	<time>1970-01-01T00:00:00.000Z</time>
</trkpt>
<trkpt lat="47.4809350" lon="2.8956857">
	<ele>135.40</ele>
	<time>1970-01-01T00:00:00.000Z</time>
</trkpt>
<trkpt lat="47.4804237" lon="2.8958926">
	<ele>135.40</ele>
	<time>1970-01-01T00:00:00.000Z</time>
</trkpt>
<trkpt lat="47.4796761" lon="2.8963164">
	<ele>136.00</ele>
	<time>1970-01-01T00:00:00.000Z</time>
</trkpt>
<trkpt lat="47.4779395" lon="2.8970352">
	<ele>138.30</ele>
	<time>1970-01-01T00:00:00.000Z</time>
</trkpt>
<trkpt lat="47.4775626" lon="2.8973693">
	<ele>137.90</ele>
	<time>1970-01-01T00:00:00.000Z</time>
</trkpt>
<trkpt lat="47.4708772" lon="2.9039218">
	<ele>137.50</ele>
	<time>1970-01-01T00:00:00.000Z</time>
</trkpt>
<trkpt lat="47.4707423" lon="2.9041184">
	<ele>137.20</ele>
	<time>1970-01-01T00:00:00.000Z</time>
</trkpt>
<trkpt lat="47.4697558" lon="2.9052700">
	<ele>140.30</ele>
	<time>1970-01-01T00:00:00.000Z</time>
</trkpt>
<trkpt lat="47.4683784" lon="2.9061617">
	<ele>140.40</ele>
	<time>1970-01-01T00:00:00.000Z</time>
</trkpt>
<trkpt lat="47.4678395" lon="2.9065665">
	<ele>139.60</ele>
	<time>1970-01-01T00:00:00.000Z</time>
</trkpt>
<trkpt lat="47.4675065" lon="2.9066651">
	<ele>138.70</ele>
	<time>1970-01-01T00:00:00.000Z</time>
</trkpt>
<trkpt lat="47.4662698" lon="2.9068719">
	<ele>137.40</ele>
	<time>1970-01-01T00:00:00.000Z</time>
</trkpt>
<trkpt lat="47.4660204" lon="2.9069305">
	<ele>137.10</ele>
	<time>1970-01-01T00:00:00.000Z</time>
</trkpt>
<trkpt lat="47.4658280" lon="2.9070332">
	<ele>136.80</ele>
	<time>1970-01-01T00:00:00.000Z</time>
</trkpt>
<trkpt lat="47.4627860" lon="2.9100849">
	<ele>140.90</ele>
	<time>1970-01-01T00:00:00.000Z</time>
</trkpt>
<trkpt lat="47.4625503" lon="2.9103731">
	<ele>140.40</ele>
	<time>1970-01-01T00:00:00.000Z</time>
</trkpt>
<trkpt lat="47.4599995" lon="2.9129833">
	<ele>138.50</ele>
	<time>1970-01-01T00:00:00.000Z</time>
</trkpt>
<trkpt lat="47.4585642" lon="2.9137991">
	<ele>139.60</ele>
	<time>1970-01-01T00:00:00.000Z</time>
</trkpt>
<trkpt lat="47.4576490" lon="2.9142636">
	<ele>142.98</ele>
	<time>1970-01-01T00:00:00.000Z</time>
</trkpt>
<trkpt lat="47.4475454" lon="2.9176163">
	<ele>139.60</ele>
	<time>1970-01-01T00:00:00.000Z</time>
</trkpt>
<trkpt lat="47.4424786" lon="2.9184572">
	<ele>140.30</ele>
	<time>1970-01-01T00:00:00.000Z</time>
</trkpt>
<trkpt lat="47.4391526" lon="2.9185181">
	<ele>140.30</ele>
	<time>1970-01-01T00:00:00.000Z</time>
</trkpt>
<trkpt lat="47.4366059" lon="2.9185152">
	<ele>143.10</ele>
	<time>1970-01-01T00:00:00.000Z</time>
</trkpt>
<trkpt lat="47.4349801" lon="2.9183732">
	<ele>142.10</ele>
	<time>1970-01-01T00:00:00.000Z</time>
</trkpt>
<trkpt lat="47.4334182" lon="2.9183835">
	<ele>140.60</ele>
	<time>1970-01-01T00:00:00.000Z</time>
</trkpt>
<trkpt lat="47.4332201" lon="2.9183531">
	<ele>140.50</ele>
	<time>1970-01-01T00:00:00.000Z</time>
</trkpt>
<trkpt lat="47.4332237" lon="2.9183180">
	<ele>144.63</ele>
	<time>1970-03-17T01:01:44.190Z</time>
</trkpt>
<trkpt lat="47.4317474" lon="2.9177771">
	<ele>145.36</ele>
	<time>1970-03-17T01:02:10.663Z</time>
</trkpt>
<trkpt lat="47.4316368" lon="2.9177439">
	<ele>144.89</ele>
	<time>1970-03-17T01:02:12.785Z</time>
</trkpt>
<trkpt lat="47.4314232" lon="2.9175999">
	<ele>144.11</ele>
	<time>1970-03-17T01:02:17.046Z</time>
</trkpt>
<trkpt lat="47.4292412" lon="2.9154639">
	<ele>144.23</ele>
	<time>1970-03-17T01:03:12.418Z</time>
</trkpt>
<trkpt lat="47.4275055" lon="2.9137490">
	<ele>144.81</ele>
	<time>1970-03-17T01:03:47.670Z</time>
</trkpt>
<trkpt lat="47.4271622" lon="2.9134099">
	<ele>144.22</ele>
	<time>1970-03-17T01:03:54.816Z</time>
</trkpt>
<trkpt lat="47.4269218" lon="2.9132061">
	<ele>144.29</ele>
	<time>1970-03-17T01:03:59.744Z</time>
</trkpt>
<trkpt lat="47.4260597" lon="2.9126749">
	<ele>143.86</ele>
	<time>1970-03-17T01:04:18.170Z</time>
</trkpt>
<trkpt lat="47.4245453" lon="2.9117739">
	<ele>144.60</ele>
	<time>1970-03-17T01:04:51.078Z</time>
</trkpt>
<trkpt lat="47.4230766" lon="2.9108560">
	<ele>144.94</ele>
	<time>1970-03-17T01:05:21.036Z</time>
</trkpt>
<trkpt lat="47.4226151" lon="2.9105451">
	<ele>144.59</ele>
	<time>1970-03-17T01:05:29.955Z</time>
</trkpt>
<trkpt lat="47.4221878" lon="2.9102230">
	<ele>144.75</ele>
	<time>1970-03-17T01:05:39.535Z</time>
</trkpt>
<trkpt lat="47.4218521" lon="2.9098589">
	<ele>144.53</ele>
	<time>1970-03-17T01:05:48.558Z</time>
</trkpt>
<trkpt lat="47.4212532" lon="2.9092469">
	<ele>144.50</ele>
	<time>1970-03-17T01:06:00.811Z</time>
</trkpt>
<trkpt lat="47.4209251" lon="2.9089630">
	<ele>145.21</ele>
	<time>1970-03-17T01:06:06.803Z</time>
</trkpt>
<trkpt lat="47.4198723" lon="2.9081559">
	<ele>144.79</ele>
	<time>1970-03-17T01:06:30.657Z</time>
</trkpt>
<trkpt lat="47.4195290" lon="2.9079621">
	<ele>144.50</ele>
	<time>1970-03-17T01:06:36.985Z</time>
</trkpt>
<trkpt lat="47.4183502" lon="2.9073770">
	<ele>144.16</ele>
	<time>1970-03-17T01:06:58.460Z</time>
</trkpt>
<trkpt lat="47.4181595" lon="2.9073031">
	<ele>145.26</ele>
	<time>1970-03-17T01:07:02.496Z</time>
</trkpt>
<trkpt lat="47.4179230" lon="2.9072969">
	<ele>145.89</ele>
	<time>1970-03-17T01:07:08.134Z</time>
</trkpt>
<trkpt lat="47.4178314" lon="2.9072299">
	<ele>146.10</ele>
	<time>1970-03-17T01:07:10.791Z</time>
</trkpt>
<trkpt lat="47.4178047" lon="2.9071791">
	<ele>145.78</ele>
	<time>1970-03-17T01:07:11.873Z</time>
</trkpt>
<trkpt lat="47.4177437" lon="2.9071040">
	<ele>144.48</ele>
	<time>1970-03-17T01:07:13.786Z</time>
</trkpt>
<trkpt lat="47.4176216" lon="2.9071200">
	<ele>144.35</ele>
	<time>1970-03-17T01:07:16.883Z</time>
</trkpt>
<trkpt lat="47.4167061" lon="2.9069641">
	<ele>144.88</ele>
	<time>1970-03-17T01:07:31.771Z</time>
</trkpt>
<trkpt lat="47.4149666" lon="2.9066131">
	<ele>145.64</ele>
	<time>1970-03-17T01:08:11.977Z</time>
</trkpt>
<trkpt lat="47.4119339" lon="2.9060259">
	<ele>145.18</ele>
	<time>1970-03-17T01:09:07.672Z</time>
</trkpt>
<trkpt lat="47.4118690" lon="2.9060881">
	<ele>145.96</ele>
	<time>1970-03-17T01:09:09.006Z</time>
</trkpt>
<trkpt lat="47.4114037" lon="2.9059870">
	<ele>145.65</ele>
	<time>1970-03-17T01:09:19.219Z</time>
</trkpt>
<trkpt lat="47.4112968" lon="2.9059310">
	<ele>146.33</ele>
	<time>1970-03-17T01:09:21.823Z</time>
</trkpt>
<trkpt lat="47.4111557" lon="2.9059019">
	<ele>147.03</ele>
	<time>1970-03-17T01:09:25.162Z</time>
</trkpt>
<trkpt lat="47.4111099" lon="2.9059081">
	<ele>147.10</ele>
	<time>1970-03-17T01:09:26.182Z</time>
</trkpt>
<trkpt lat="47.4110641" lon="2.9059200">
	<ele>147.04</ele>
	<time>1970-03-17T01:09:27.192Z</time>
</trkpt>
<trkpt lat="47.4109879" lon="2.9059210">
	<ele>146.72</ele>
	<time>1970-03-17T01:09:28.986Z</time>
</trkpt>
<trkpt lat="47.4093475" lon="2.9056070">
	<ele>145.65</ele>
	<time>1970-03-17T01:10:01.126Z</time>
</trkpt>
<trkpt lat="47.4041290" lon="2.9047000">
	<ele>146.94</ele>
	<time>1970-03-17T01:11:44.885Z</time>
</trkpt>
<trkpt lat="47.4035110" lon="2.9045899">
	<ele>145.27</ele>
	<time>1970-03-17T01:11:56.423Z</time>
</trkpt>
<trkpt lat="47.4031448" lon="2.9044890">
	<ele>146.72</ele>
	<time>1970-03-17T01:12:03.069Z</time>
</trkpt>
<trkpt lat="47.4013367" lon="2.9035289">
	<ele>145.48</ele>
	<time>1970-03-17T01:12:37.226Z</time>
</trkpt>
<trkpt lat="47.4010811" lon="2.9033461">
	<ele>146.89</ele>
	<time>1970-03-17T01:12:42.513Z</time>
</trkpt>
<trkpt lat="47.4008446" lon="2.9031200">
	<ele>146.69</ele>
	<time>1970-03-17T01:12:47.102Z</time>
</trkpt>
<trkpt lat="47.3993568" lon="2.9012761">
	<ele>146.96</ele>
	<time>1970-03-17T01:13:28.046Z</time>
</trkpt>
<trkpt lat="47.3988724" lon="2.9006510">
	<ele>146.69</ele>
	<time>1970-03-17T01:13:43.123Z</time>
</trkpt>
<trkpt lat="47.3981552" lon="2.8997419">
	<ele>145.85</ele>
	<time>1970-03-17T01:14:06.102Z</time>
</trkpt>
<trkpt lat="47.3951035" lon="2.8958969">
	<ele>146.52</ele>
	<time>1970-03-17T01:15:09.153Z</time>
</trkpt>
<trkpt lat="47.3938370" lon="2.8942609">
	<ele>146.85</ele>
	<time>1970-03-17T01:15:37.594Z</time>
</trkpt>
<trkpt lat="47.3929939" lon="2.8927691">
	<ele>146.71</ele>
	<time>1970-03-17T01:16:05.514Z</time>
</trkpt>
<trkpt lat="47.3925819" lon="2.8920119">
	<ele>147.24</ele>
	<time>1970-03-17T01:16:24.421Z</time>
</trkpt>
<trkpt lat="47.3923187" lon="2.8915710">
	<ele>145.76</ele>
	<time>1970-03-17T01:16:36.144Z</time>
</trkpt>
<trkpt lat="47.3922806" lon="2.8914809">
	<ele>146.46</ele>
	<time>1970-03-17T01:16:38.058Z</time>
</trkpt>
<trkpt lat="47.3922615" lon="2.8914080">
	<ele>147.24</ele>
	<time>1970-03-17T01:16:39.460Z</time>
</trkpt>
<trkpt lat="47.3922424" lon="2.8912959">
	<ele>147.81</ele>
	<time>1970-03-17T01:16:41.512Z</time>
</trkpt>
<trkpt lat="47.3922462" lon="2.8911550">
	<ele>147.51</ele>
	<time>1970-03-17T01:16:43.947Z</time>
</trkpt>
<trkpt lat="47.3924255" lon="2.8902090">
	<ele>146.96</ele>
	<time>1970-03-17T01:16:57.434Z</time>
</trkpt>
<trkpt lat="47.3924370" lon="2.8900990">
	<ele>146.67</ele>
	<time>1970-03-17T01:16:58.758Z</time>
</trkpt>
<trkpt lat="47.3924294" lon="2.8899291">
	<ele>147.16</ele>
	<time>1970-03-17T01:17:00.780Z</time>
</trkpt>
<trkpt lat="47.3924103" lon="2.8898239">
	<ele>148.27</ele>
	<time>1970-03-17T01:17:02.034Z</time>
</trkpt>
<trkpt lat="47.3923874" lon="2.8897481">
	<ele>149.39</ele>
	<time>1970-03-17T01:17:02.978Z</time>
</trkpt>
<trkpt lat="47.3923378" lon="2.8896229">
	<ele>149.76</ele>
	<time>1970-03-17T01:17:04.614Z</time>
</trkpt>
<trkpt lat="47.3922729" lon="2.8895221">
	<ele>147.85</ele>
	<time>1970-03-17T01:17:06.118Z</time>
</trkpt>
<trkpt lat="47.3921776" lon="2.8894229">
	<ele>145.77</ele>
	<time>1970-03-17T01:17:07.980Z</time>
</trkpt>
<trkpt lat="47.3920746" lon="2.8893600">
	<ele>145.50</ele>
	<time>1970-03-17T01:17:09.877Z</time>
</trkpt>
<trkpt lat="47.3916550" lon="2.8892090">
	<ele>144.87</ele>
	<time>1970-03-17T01:17:16.765Z</time>
</trkpt>
<trkpt lat="47.3913002" lon="2.8889830">
	<ele>145.38</ele>
	<time>1970-03-17T01:17:22.655Z</time>
</trkpt>
<trkpt lat="47.3910942" lon="2.8888111">
	<ele>145.81</ele>
	<time>1970-03-17T01:17:26.420Z</time>
</trkpt>
<trkpt lat="47.3908577" lon="2.8885059">
	<ele>147.02</ele>
	<time>1970-03-17T01:17:31.676Z</time>
</trkpt>
<trkpt lat="47.3906708" lon="2.8883851">
	<ele>147.05</ele>
	<time>1970-03-17T01:17:35.223Z</time>
</trkpt>
<trkpt lat="47.3905449" lon="2.8882959">
	<ele>147.89</ele>
	<time>1970-03-17T01:17:37.718Z</time>
</trkpt>
<trkpt lat="47.3904991" lon="2.8882339">
	<ele>147.30</ele>
	<time>1970-03-17T01:17:39.050Z</time>
</trkpt>
<trkpt lat="47.3904686" lon="2.8881769">
	<ele>146.85</ele>
	<time>1970-03-17T01:17:40.263Z</time>
</trkpt>
<trkpt lat="47.3904533" lon="2.8881099">
	<ele>146.68</ele>
	<time>1970-03-17T01:17:41.412Z</time>
</trkpt>
<trkpt lat="47.3903770" lon="2.8880470">
	<ele>147.58</ele>
	<time>1970-03-17T01:17:43.814Z</time>
</trkpt>
<trkpt lat="47.3902969" lon="2.8880770">
	<ele>147.84</ele>
	<time>1970-03-17T01:17:45.640Z</time>
</trkpt>
<trkpt lat="47.3899918" lon="2.8878331">
	<ele>147.43</ele>
	<time>1970-03-17T01:17:54.185Z</time>
</trkpt>
<trkpt lat="47.3896523" lon="2.8875909">
	<ele>147.27</ele>
	<time>1970-03-17T01:18:03.620Z</time>
</trkpt>
<trkpt lat="47.3887863" lon="2.8870840">
	<ele>147.79</ele>
	<time>1970-03-17T01:18:26.596Z</time>
</trkpt>
<trkpt lat="47.3878708" lon="2.8865931">
	<ele>147.22</ele>
	<time>1970-03-17T01:18:47.326Z</time>
</trkpt>
<trkpt lat="47.3874855" lon="2.8863771">
	<ele>148.00</ele>
	<time>1970-03-17T01:18:55.968Z</time>
</trkpt>
<trkpt lat="47.3869286" lon="2.8862591">
	<ele>147.30</ele>
	<time>1970-03-17T01:19:07.235Z</time>
</trkpt>
<trkpt lat="47.3863258" lon="2.8861909">
	<ele>147.49</ele>
	<time>1970-03-17T01:19:17.261Z</time>
</trkpt>
<trkpt lat="47.3860245" lon="2.8861320">
	<ele>147.93</ele>
	<time>1970-03-17T01:19:21.802Z</time>
</trkpt>
<trkpt lat="47.3855209" lon="2.8858800">
	<ele>147.51</ele>
	<time>1970-03-17T01:19:29.584Z</time>
</trkpt>
<trkpt lat="47.3849831" lon="2.8855751">
	<ele>147.78</ele>
	<time>1970-03-17T01:19:38.526Z</time>
</trkpt>
<trkpt lat="47.3845253" lon="2.8851869">
	<ele>148.13</ele>
	<time>1970-03-17T01:19:46.655Z</time>
</trkpt>
<trkpt lat="47.3842010" lon="2.8849130">
	<ele>148.48</ele>
	<time>1970-01-26T00:38:36.060Z</time>
</trkpt>
<trkpt lat="47.3831520" lon="2.8839490">
	<ele>148.03</ele>
	<time>1970-01-26T00:38:58.126Z</time>
</trkpt>
<trkpt lat="47.3828125" lon="2.8836660">
	<ele>146.65</ele>
	<time>1970-01-26T00:39:05.789Z</time>
</trkpt>
<trkpt lat="47.3827705" lon="2.8836250">
	<ele>146.88</ele>
	<time>1970-01-26T00:39:06.652Z</time>
</trkpt>
<trkpt lat="47.3824158" lon="2.8833849">
	<ele>147.82</ele>
	<time>1970-01-26T00:39:14.627Z</time>
</trkpt>
<trkpt lat="47.3815498" lon="2.8829169">
	<ele>146.55</ele>
	<time>1970-01-26T00:39:35.993Z</time>
</trkpt>
<trkpt lat="47.3799515" lon="2.8819220">
	<ele>147.81</ele>
	<time>1970-01-26T00:40:10.019Z</time>
</trkpt>
<trkpt lat="47.3795319" lon="2.8817010">
	<ele>150.44</ele>
	<time>1970-01-26T00:40:20.014Z</time>
</trkpt>
<trkpt lat="47.3794365" lon="2.8816741">
	<ele>150.92</ele>
	<time>1970-01-26T00:40:22.107Z</time>
</trkpt>
<trkpt lat="47.3793144" lon="2.8816040">
	<ele>149.41</ele>
	<time>1970-01-26T00:40:24.916Z</time>
</trkpt>
<trkpt lat="47.3789597" lon="2.8814499">
	<ele>148.68</ele>
	<time>1970-01-26T00:40:31.236Z</time>
</trkpt>
<trkpt lat="47.3782768" lon="2.8812380">
	<ele>147.54</ele>
	<time>1970-01-26T00:40:40.568Z</time>
</trkpt>
<trkpt lat="47.3778763" lon="2.8810389">
	<ele>147.61</ele>
	<time>1970-01-26T00:40:47.078Z</time>
</trkpt>
<trkpt lat="47.3774529" lon="2.8807690">
	<ele>147.93</ele>
	<time>1970-01-26T00:40:53.960Z</time>
</trkpt>
<trkpt lat="47.3767586" lon="2.8802850">
	<ele>148.05</ele>
	<time>1970-01-26T00:41:07.797Z</time>
</trkpt>
<trkpt lat="47.3761826" lon="2.8798709">
	<ele>147.65</ele>
	<time>1970-01-26T00:41:21.406Z</time>
</trkpt>
<trkpt lat="47.3756943" lon="2.8792770">
	<ele>147.85</ele>
	<time>1970-01-26T00:41:35.437Z</time>
</trkpt>
<trkpt lat="47.3753815" lon="2.8790441">
	<ele>148.21</ele>
	<time>1970-01-26T00:41:43.492Z</time>
</trkpt>
<trkpt lat="47.3749962" lon="2.8788531">
	<ele>148.17</ele>
	<time>1970-01-26T00:41:52.637Z</time>
</trkpt>
<trkpt lat="47.3745155" lon="2.8786271">
	<ele>149.11</ele>
	<time>1970-01-26T00:42:03.163Z</time>
</trkpt>
<trkpt lat="47.3740273" lon="2.8784561">
	<ele>147.63</ele>
	<time>1970-01-26T00:42:13.717Z</time>
</trkpt>
<trkpt lat="47.3725014" lon="2.8780589">
	<ele>147.99</ele>
	<time>1970-01-26T00:42:39.296Z</time>
</trkpt>
<trkpt lat="47.3716507" lon="2.8777001">
	<ele>147.53</ele>
	<time>1970-01-26T00:43:00.283Z</time>
</trkpt>
<trkpt lat="47.3712845" lon="2.8775849">
	<ele>148.44</ele>
	<time>1970-01-26T00:43:08.135Z</time>
</trkpt>
<trkpt lat="47.3709145" lon="2.8775370">
	<ele>148.81</ele>
	<time>1970-01-26T00:43:15.103Z</time>
</trkpt>
<trkpt lat="47.3703499" lon="2.8775051">
	<ele>148.01</ele>
	<time>1970-01-26T00:43:26.893Z</time>
</trkpt>
<trkpt lat="47.3698654" lon="2.8773999">
	<ele>147.42</ele>
	<time>1970-01-26T00:43:37.602Z</time>
</trkpt>
<trkpt lat="47.3692245" lon="2.8771861">
	<ele>149.91</ele>
	<time>1970-01-26T00:43:52.370Z</time>
</trkpt>
<trkpt lat="47.3689232" lon="2.8770130">
	<ele>147.79</ele>
	<time>1970-01-26T00:43:59.072Z</time>
</trkpt>
<trkpt lat="47.3683739" lon="2.8767641">
	<ele>147.08</ele>
	<time>1970-01-26T00:44:08.906Z</time>
</trkpt>
<trkpt lat="47.3671799" lon="2.8762021">
	<ele>146.94</ele>
	<time>1970-01-26T00:44:33.097Z</time>
</trkpt>
<trkpt lat="47.3668823" lon="2.8760080">
	<ele>146.51</ele>
	<time>1970-01-26T00:44:38.871Z</time>
</trkpt>
<trkpt lat="47.3662567" lon="2.8754010">
	<ele>147.65</ele>
	<time>1970-01-26T00:44:50.746Z</time>
</trkpt>
<trkpt lat="47.3655128" lon="2.8747351">
	<ele>147.98</ele>
	<time>1970-01-26T00:45:08.040Z</time>
</trkpt>
<trkpt lat="47.3647842" lon="2.8742909">
	<ele>148.07</ele>
	<time>1970-01-26T00:45:23.832Z</time>
</trkpt>
<trkpt lat="47.3637581" lon="2.8736019">
	<ele>147.63</ele>
	<time>1970-01-26T00:45:41.758Z</time>
</trkpt>
<trkpt lat="47.3629723" lon="2.8732231">
	<ele>147.11</ele>
	<time>1970-01-26T00:45:53.672Z</time>
</trkpt>
<trkpt lat="47.3625450" lon="2.8728721">
	<ele>148.30</ele>
	<time>1970-01-26T00:46:04.585Z</time>
</trkpt>
<trkpt lat="47.3618736" lon="2.8722961">
	<ele>148.06</ele>
	<time>1970-01-26T00:46:26.801Z</time>
</trkpt>
<trkpt lat="47.3612900" lon="2.8719430">
	<ele>148.40</ele>
	<time>1970-01-26T00:46:39.587Z</time>
</trkpt>
<trkpt lat="47.3606339" lon="2.8716359">
	<ele>148.52</ele>
	<time>1970-01-26T00:46:51.101Z</time>
</trkpt>
<trkpt lat="47.3598404" lon="2.8711879">
	<ele>148.44</ele>
	<time>1970-01-26T00:47:11.959Z</time>
</trkpt>
<trkpt lat="47.3585472" lon="2.8705001">
	<ele>148.72</ele>
	<time>1970-01-26T00:47:37.816Z</time>
</trkpt>
<trkpt lat="47.3580437" lon="2.8700521">
	<ele>148.51</ele>
	<time>1970-01-26T00:47:49.454Z</time>
</trkpt>
<trkpt lat="47.3574524" lon="2.8694620">
	<ele>149.49</ele>
	<time>1970-01-26T00:48:09.448Z</time>
</trkpt>
<trkpt lat="47.3569031" lon="2.8688900">
	<ele>147.73</ele>
	<time>1970-01-26T00:48:22.524Z</time>
</trkpt>
<trkpt lat="47.3563919" lon="2.8683870">
	<ele>148.57</ele>
	<time>1970-01-26T00:48:38.294Z</time>
</trkpt>
<trkpt lat="47.3558464" lon="2.8679631">
	<ele>148.39</ele>
	<time>1970-01-26T00:48:51.878Z</time>
</trkpt>
<trkpt lat="47.3556404" lon="2.8678300">
	<ele>148.72</ele>
	<time>1970-01-26T00:48:56.218Z</time>
</trkpt>
<trkpt lat="47.3551788" lon="2.8675721">
	<ele>148.32</ele>
	<time>1970-01-26T00:49:02.986Z</time>
</trkpt>
<trkpt lat="47.3544846" lon="2.8672211">
	<ele>148.22</ele>
	<time>1970-01-26T00:49:13.553Z</time>
</trkpt>
<trkpt lat="47.3541336" lon="2.8669860">
	<ele>148.56</ele>
	<time>1970-01-26T00:49:18.986Z</time>
</trkpt>
<trkpt lat="47.3540001" lon="2.8667941">
	<ele>147.58</ele>
	<time>1970-01-26T00:49:21.995Z</time>
</trkpt>
<trkpt lat="47.3535805" lon="2.8661311">
	<ele>147.74</ele>
	<time>1970-01-26T00:49:33.289Z</time>
</trkpt>
<trkpt lat="47.3532791" lon="2.8655441">
	<ele>148.53</ele>
	<time>1970-01-26T00:49:40.958Z</time>
</trkpt>
<trkpt lat="47.3528709" lon="2.8649080">
	<ele>147.54</ele>
	<time>1970-01-26T00:49:50.373Z</time>
</trkpt>
<trkpt lat="47.3523598" lon="2.8642170">
	<ele>148.35</ele>
	<time>1970-01-26T00:50:02.254Z</time>
</trkpt>
<trkpt lat="47.3519669" lon="2.8638420">
	<ele>150.95</ele>
	<time>1970-01-26T00:50:10.588Z</time>
</trkpt>
<trkpt lat="47.3519554" lon="2.8638129">
	<ele>150.79</ele>
	<time>1970-01-26T00:50:10.912Z</time>
</trkpt>
<trkpt lat="47.3519707" lon="2.8637819">
	<ele>150.49</ele>
	<time>1970-01-26T00:50:11.431Z</time>
</trkpt>
<trkpt lat="47.3518715" lon="2.8637080">
	<ele>149.39</ele>
	<time>1970-01-26T00:50:13.259Z</time>
</trkpt>
<trkpt lat="47.3512535" lon="2.8631620">
	<ele>147.97</ele>
	<time>1970-01-26T00:50:26.434Z</time>
</trkpt>
<trkpt lat="47.3509178" lon="2.8629539">
	<ele>147.47</ele>
	<time>1970-01-26T00:50:32.710Z</time>
</trkpt>
<trkpt lat="47.3472176" lon="2.8608401">
	<ele>148.00</ele>
	<time>1970-01-26T00:51:43.556Z</time>
</trkpt>
<trkpt lat="47.3457222" lon="2.8600039">
	<ele>148.04</ele>
	<time>1970-01-26T00:52:13.099Z</time>
</trkpt>
<trkpt lat="47.3457222" lon="2.8600030">
	<ele>148.04</ele>
	<time>1970-01-26T00:52:06.081Z</time>
</trkpt>
<trkpt lat="47.3453560" lon="2.8598399">
	<ele>147.58</ele>
	<time>1970-01-26T00:52:13.266Z</time>
</trkpt>
<trkpt lat="47.3447189" lon="2.8596420">
	<ele>147.98</ele>
	<time>1970-01-26T00:52:24.211Z</time>
</trkpt>
<trkpt lat="47.3439407" lon="2.8595021">
	<ele>147.93</ele>
	<time>1970-01-26T00:52:39.448Z</time>
</trkpt>
<trkpt lat="47.3438034" lon="2.8594439">
	<ele>148.30</ele>
	<time>1970-01-26T00:52:42.195Z</time>
</trkpt>
<trkpt lat="47.3437080" lon="2.8594389">
	<ele>148.77</ele>
	<time>1970-01-26T00:52:44.205Z</time>
</trkpt>
<trkpt lat="47.3436394" lon="2.8594570">
	<ele>148.95</ele>
	<time>1970-01-26T00:52:45.475Z</time>
</trkpt>
<trkpt lat="47.3406982" lon="2.8591650">
	<ele>148.58</ele>
	<time>1970-01-26T00:53:38.303Z</time>
</trkpt>
<trkpt lat="47.3403664" lon="2.8593221">
	<ele>148.47</ele>
	<time>1970-01-26T00:53:44.123Z</time>
</trkpt>
<trkpt lat="47.3402176" lon="2.8593409">
	<ele>148.98</ele>
	<time>1970-01-26T00:53:46.581Z</time>
</trkpt>
<trkpt lat="47.3401070" lon="2.8593781">
	<ele>149.56</ele>
	<time>1970-01-26T00:53:48.499Z</time>
</trkpt>
<trkpt lat="47.3400383" lon="2.8594351">
	<ele>149.92</ele>
	<time>1970-01-26T00:53:49.843Z</time>
</trkpt>
<trkpt lat="47.3395958" lon="2.8593891">
	<ele>149.36</ele>
	<time>1970-01-26T00:53:58.197Z</time>
</trkpt>
<trkpt lat="47.3395042" lon="2.8593769">
	<ele>148.95</ele>
	<time>1970-01-26T00:54:00.009Z</time>
</trkpt>
<trkpt lat="47.3394012" lon="2.8593619">
	<ele>148.90</ele>
	<time>1970-01-26T00:54:02.122Z</time>
</trkpt>
<trkpt lat="47.3392754" lon="2.8593540">
	<ele>149.46</ele>
	<time>1970-01-26T00:54:04.947Z</time>
</trkpt>
<trkpt lat="47.3392830" lon="2.8593950">
	<ele>149.56</ele>
	<time>1970-01-26T00:54:05.543Z</time>
</trkpt>
<trkpt lat="47.3393135" lon="2.8594589">
	<ele>149.45</ele>
	<time>1970-01-26T00:54:06.726Z</time>
</trkpt>
<trkpt lat="47.3393211" lon="2.8595560">
	<ele>149.14</ele>
	<time>1970-01-26T00:54:08.189Z</time>
</trkpt>
<trkpt lat="47.3392982" lon="2.8597250">
	<ele>148.52</ele>
	<time>1970-01-26T00:54:11.031Z</time>
</trkpt>
<trkpt lat="47.3392639" lon="2.8601761">
	<ele>148.40</ele>
	<time>1970-01-26T00:54:19.941Z</time>
</trkpt>
<trkpt lat="47.3390694" lon="2.8632500">
	<ele>148.67</ele>
	<time>1970-01-26T00:55:06.234Z</time>
</trkpt>
<trkpt lat="47.3390503" lon="2.8633499">
	<ele>148.74</ele>
	<time>1970-01-26T00:55:07.626Z</time>
</trkpt>
<trkpt lat="47.3391151" lon="2.8634191">
	<ele>148.39</ele>
	<time>1970-01-26T00:55:09.188Z</time>
</trkpt>
<trkpt lat="47.3391838" lon="2.8635139">
	<ele>148.52</ele>
	<time>1970-01-26T00:55:10.809Z</time>
</trkpt>
<trkpt lat="47.3396759" lon="2.8644619">
	<ele>149.18</ele>
	<time>1970-01-26T00:55:22.357Z</time>
</trkpt>
<trkpt lat="47.3399811" lon="2.8650551">
	<ele>149.29</ele>
	<time>1970-01-26T00:55:30.185Z</time>
</trkpt>
<trkpt lat="47.3400955" lon="2.8652799">
	<ele>149.42</ele>
	<time>1970-01-26T00:55:33.289Z</time>
</trkpt>
<trkpt lat="47.3403358" lon="2.8657410">
	<ele>149.52</ele>
	<time>1970-01-26T00:55:40.641Z</time>
</trkpt>
<trkpt lat="47.3403664" lon="2.8658371">
	<ele>149.56</ele>
	<time>1970-01-26T00:55:41.978Z</time>
</trkpt>
<trkpt lat="47.3403702" lon="2.8658700">
	<ele>149.60</ele>
	<time>1970-01-26T00:55:42.479Z</time>
</trkpt>
<trkpt lat="47.3403587" lon="2.8659480">
	<ele>149.83</ele>
	<time>1970-01-26T00:55:43.481Z</time>
</trkpt>
<trkpt lat="47.3403473" lon="2.8660190">
	<ele>149.95</ele>
	<time>1970-01-26T00:55:44.484Z</time>
</trkpt>
<trkpt lat="47.3402863" lon="2.8661809">
	<ele>149.81</ele>
	<time>1970-01-26T00:55:46.978Z</time>
</trkpt>
<trkpt lat="47.3402252" lon="2.8663030">
	<ele>149.41</ele>
	<time>1970-01-26T00:55:48.923Z</time>
</trkpt>
<trkpt lat="47.3401909" lon="2.8663399">
	<ele>149.29</ele>
	<time>1970-01-26T00:55:49.866Z</time>
</trkpt>
<trkpt lat="47.3400307" lon="2.8665020">
	<ele>148.46</ele>
	<time>1970-01-26T00:55:54.024Z</time>
</trkpt>
<trkpt lat="47.3399544" lon="2.8665581">
	<ele>148.02</ele>
	<time>1970-01-26T00:55:55.885Z</time>
</trkpt>
<trkpt lat="47.3398552" lon="2.8665650">
	<ele>148.14</ele>
	<time>1970-01-26T00:55:58.270Z</time>
</trkpt>
<trkpt lat="47.3394356" lon="2.8666539">
	<ele>148.08</ele>
	<time>1970-01-26T00:56:10.224Z</time>
</trkpt>
<trkpt lat="47.3392715" lon="2.8666880">
	<ele>147.82</ele>
	<time>1970-01-26T00:56:14.562Z</time>
</trkpt>
<trkpt lat="47.3389320" lon="2.8666830">
	<ele>147.96</ele>
	<time>1970-01-26T00:56:21.585Z</time>
</trkpt>
<trkpt lat="47.3383942" lon="2.8666739">
	<ele>149.77</ele>
	<time>1970-01-26T00:56:29.232Z</time>
</trkpt>
<trkpt lat="47.3383522" lon="2.8666689">
	<ele>149.97</ele>
	<time>1970-01-26T00:56:29.779Z</time>
</trkpt>
<trkpt lat="47.3383179" lon="2.8666661">
	<ele>149.99</ele>
	<time>1970-01-26T00:56:30.331Z</time>
</trkpt>
<trkpt lat="47.3373375" lon="2.8665590">
	<ele>147.95</ele>
	<time>1970-01-26T00:56:47.855Z</time>
</trkpt>
<trkpt lat="47.3371315" lon="2.8664401">
	<ele>147.84</ele>
	<time>1970-01-26T00:56:51.358Z</time>
</trkpt>
<trkpt lat="47.3366241" lon="2.8660240">
	<ele>147.90</ele>
	<time>1970-01-26T00:57:00.837Z</time>
</trkpt>
<trkpt lat="47.3363762" lon="2.8657141">
	<ele>148.61</ele>
	<time>1970-01-26T00:57:05.366Z</time>
</trkpt>
<trkpt lat="47.3360825" lon="2.8652480">
	<ele>147.92</ele>
	<time>1970-01-26T00:57:11.969Z</time>
</trkpt>
<trkpt lat="47.3358498" lon="2.8647749">
	<ele>147.94</ele>
	<time>1970-01-26T00:57:20.027Z</time>
</trkpt>
<trkpt lat="47.3354416" lon="2.8639569">
	<ele>147.07</ele>
	<time>1970-01-26T00:57:36.510Z</time>
</trkpt>
<trkpt lat="47.3351364" lon="2.8631361">
	<ele>147.31</ele>
	<time>1970-01-26T00:57:46.522Z</time>
</trkpt>
<trkpt lat="47.3350639" lon="2.8631361">
	<ele>146.95</ele>
	<time>1970-01-26T00:57:47.715Z</time>
</trkpt>
<trkpt lat="47.3348579" lon="2.8629570">
	<ele>146.83</ele>
	<time>1970-01-26T00:57:51.812Z</time>
</trkpt>
<trkpt lat="47.3344116" lon="2.8626740">
	<ele>146.30</ele>
	<time>1970-01-26T00:58:00.263Z</time>
</trkpt>
<trkpt lat="47.3340530" lon="2.8626001">
	<ele>146.63</ele>
	<time>1970-01-26T00:58:06.340Z</time>
</trkpt>
<trkpt lat="47.3336029" lon="2.8625550">
	<ele>146.85</ele>
	<time>1970-01-26T00:58:15.080Z</time>
</trkpt>
<trkpt lat="47.3327293" lon="2.8627241">
	<ele>147.02</ele>
	<time>1970-01-26T00:58:30.444Z</time>
</trkpt>
<trkpt lat="47.3320427" lon="2.8630121">
	<ele>147.08</ele>
	<time>1970-01-26T00:58:40.416Z</time>
</trkpt>
<trkpt lat="47.3315201" lon="2.8631189">
	<ele>147.41</ele>
	<time>1970-01-26T00:58:48.546Z</time>
</trkpt>
<trkpt lat="47.3309898" lon="2.8630600">
	<ele>147.99</ele>
	<time>1970-01-26T00:58:59.967Z</time>
</trkpt>
<trkpt lat="47.3298569" lon="2.8631661">
	<ele>147.67</ele>
	<time>1970-01-26T00:59:20.659Z</time>
</trkpt>
<trkpt lat="47.3289604" lon="2.8633261">
	<ele>148.05</ele>
	<time>1970-01-26T00:59:43.346Z</time>
</trkpt>
<trkpt lat="47.3285103" lon="2.8633180">
	<ele>148.02</ele>
	<time>1970-01-26T00:59:52.942Z</time>
</trkpt>
<trkpt lat="47.3283501" lon="2.8632901">
	<ele>148.06</ele>
	<time>1970-01-26T00:59:56.256Z</time>
</trkpt>
<trkpt lat="47.3282394" lon="2.8632610">
	<ele>148.15</ele>
	<time>1970-01-26T00:59:58.436Z</time>
</trkpt>
<trkpt lat="47.3281822" lon="2.8632200">
	<ele>148.19</ele>
	<time>1970-01-26T00:59:59.697Z</time>
</trkpt>
<trkpt lat="47.3281059" lon="2.8631461">
	<ele>148.12</ele>
	<time>1970-01-26T01:00:01.375Z</time>
</trkpt>
<trkpt lat="47.3276901" lon="2.8625369">
	<ele>147.71</ele>
	<time>1970-01-26T01:00:10.006Z</time>
</trkpt>
<trkpt lat="47.3276558" lon="2.8625200">
	<ele>147.56</ele>
	<time>1970-01-26T01:00:10.541Z</time>
</trkpt>
<trkpt lat="47.3275757" lon="2.8625300">
	<ele>147.19</ele>
	<time>1970-01-26T01:00:11.760Z</time>
</trkpt>
<trkpt lat="47.3273888" lon="2.8627601">
	<ele>146.89</ele>
	<time>1970-01-26T01:00:15.747Z</time>
</trkpt>
<trkpt lat="47.3269997" lon="2.8632360">
	<ele>147.02</ele>
	<time>1970-01-26T01:00:26.732Z</time>
</trkpt>
<trkpt lat="47.3269653" lon="2.8632829">
	<ele>146.98</ele>
	<time>1970-01-26T01:00:27.670Z</time>
</trkpt>
<trkpt lat="47.3268280" lon="2.8634670">
	<ele>147.25</ele>
	<time>1970-01-26T01:00:31.318Z</time>
</trkpt>
<trkpt lat="47.3257675" lon="2.8654540">
	<ele>147.58</ele>
	<time>1970-01-26T01:00:59.296Z</time>
</trkpt>
<trkpt lat="47.3237419" lon="2.8669059">
	<ele>147.10</ele>
	<time>1970-01-26T01:01:42.494Z</time>
</trkpt>
<trkpt lat="47.3223343" lon="2.8675539">
	<ele>147.47</ele>
	<time>1970-01-26T01:02:09.997Z</time>
</trkpt>
<trkpt lat="47.3222198" lon="2.8676169">
	<ele>147.61</ele>
	<time>1970-01-26T01:02:12.340Z</time>
</trkpt>
<trkpt lat="47.3221588" lon="2.8676431">
	<ele>147.68</ele>
	<time>1970-01-26T01:02:13.511Z</time>
</trkpt>
<trkpt lat="47.3220978" lon="2.8676410">
	<ele>147.85</ele>
	<time>1970-01-26T01:02:14.682Z</time>
</trkpt>
<trkpt lat="47.3220787" lon="2.8676500">
	<ele>147.88</ele>
	<time>1970-01-26T01:02:15.016Z</time>
</trkpt>
<trkpt lat="47.3220596" lon="2.8676610">
	<ele>147.91</ele>
	<time>1970-01-26T01:02:15.351Z</time>
</trkpt>
<trkpt lat="47.3220139" lon="2.8677540">
	<ele>147.89</ele>
	<time>1970-01-26T01:02:16.856Z</time>
</trkpt>
<trkpt lat="47.3219299" lon="2.8678250">
	<ele>147.76</ele>
	<time>1970-01-26T01:02:18.696Z</time>
</trkpt>
<trkpt lat="47.3211708" lon="2.8683119">
	<ele>147.91</ele>
	<time>1970-01-26T01:02:35.533Z</time>
</trkpt>
<trkpt lat="47.3201714" lon="2.8690419">
	<ele>147.45</ele>
	<time>1970-01-26T01:02:59.652Z</time>
</trkpt>
<trkpt lat="47.3199005" lon="2.8692961">
	<ele>147.30</ele>
	<time>1970-01-26T01:03:06.870Z</time>
</trkpt>
<trkpt lat="47.3195152" lon="2.8697810">
	<ele>147.64</ele>
	<time>1970-01-26T01:03:15.832Z</time>
</trkpt>
<trkpt lat="47.3193092" lon="2.8700161">
	<ele>147.47</ele>
	<time>1970-01-26T01:03:19.825Z</time>
</trkpt>
<trkpt lat="47.3192024" lon="2.8700891">
	<ele>147.90</ele>
	<time>1970-01-26T01:03:21.577Z</time>
</trkpt>
<trkpt lat="47.3185692" lon="2.8703771">
	<ele>147.67</ele>
	<time>1970-01-26T01:03:32.261Z</time>
</trkpt>
<trkpt lat="47.3185081" lon="2.8704400">
	<ele>147.55</ele>
	<time>1970-01-26T01:03:33.475Z</time>
</trkpt>
<trkpt lat="47.3183365" lon="2.8706560">
	<ele>148.00</ele>
	<time>1970-01-26T01:03:37.324Z</time>
</trkpt>
<trkpt lat="47.3178329" lon="2.8712561">
	<ele>147.36</ele>
	<time>1970-01-26T01:03:46.891Z</time>
</trkpt>
<trkpt lat="47.3177528" lon="2.8713920">
	<ele>147.05</ele>
	<time>1970-01-26T01:03:49.026Z</time>
</trkpt>
<trkpt lat="47.3175240" lon="2.8718441">
	<ele>147.98</ele>
	<time>1970-01-26T01:03:56.940Z</time>
</trkpt>
<trkpt lat="47.3172989" lon="2.8722661">
	<ele>147.64</ele>
	<time>1970-01-26T01:04:04.939Z</time>
</trkpt>
<trkpt lat="47.3165817" lon="2.8735490">
	<ele>148.39</ele>
	<time>1970-01-26T01:04:32.898Z</time>
</trkpt>
<trkpt lat="47.3162041" lon="2.8745580">
	<ele>148.63</ele>
	<time>1970-01-26T01:04:48.851Z</time>
</trkpt>
<trkpt lat="47.3159981" lon="2.8749990">
	<ele>148.46</ele>
	<time>1970-01-26T01:04:55.861Z</time>
</trkpt>
<trkpt lat="47.3154488" lon="2.8764689">
	<ele>148.20</ele>
	<time>1970-01-26T01:05:15.225Z</time>
</trkpt>
<trkpt lat="47.3150482" lon="2.8769360">
	<ele>148.90</ele>
	<time>1970-01-26T01:05:24.421Z</time>
</trkpt>
<trkpt lat="47.3146210" lon="2.8777740">
	<ele>148.71</ele>
	<time>1970-01-26T01:05:36.801Z</time>
</trkpt>
<trkpt lat="47.3142967" lon="2.8784330">
	<ele>148.53</ele>
	<time>1970-01-26T01:05:46.838Z</time>
</trkpt>
<trkpt lat="47.3137321" lon="2.8802299">
	<ele>148.66</ele>
	<time>1970-01-26T01:06:15.260Z</time>
</trkpt>
<trkpt lat="47.3131142" lon="2.8816600">
	<ele>148.80</ele>
	<time>1970-01-26T01:06:37.339Z</time>
</trkpt>
<trkpt lat="47.3126755" lon="2.8825250">
	<ele>148.31</ele>
	<time>1970-01-26T01:06:50.564Z</time>
</trkpt>
<trkpt lat="47.3119240" lon="2.8844061">
	<ele>148.04</ele>
	<time>1970-01-26T01:07:14.550Z</time>
</trkpt>
<trkpt lat="47.3116798" lon="2.8848729">
	<ele>148.42</ele>
	<time>1970-01-26T01:07:21.970Z</time>
</trkpt>
<trkpt lat="47.3112907" lon="2.8847530">
	<ele>149.01</ele>
	<time>1970-01-26T01:07:27.981Z</time>
</trkpt>
<trkpt lat="47.3110008" lon="2.8882289">
	<ele>148.77</ele>
	<time>1970-01-26T01:08:26.784Z</time>
</trkpt>
<trkpt lat="47.3106422" lon="2.8899591">
	<ele>148.51</ele>
	<time>1970-01-26T01:08:54.281Z</time>
</trkpt>
<trkpt lat="47.3098946" lon="2.8917439">
	<ele>146.83</ele>
	<time>1970-01-26T01:09:22.969Z</time>
</trkpt>
<trkpt lat="47.3094788" lon="2.8926430">
	<ele>147.94</ele>
	<time>1970-01-26T01:09:32.634Z</time>
</trkpt>
<trkpt lat="47.3090134" lon="2.8935919">
	<ele>147.65</ele>
	<time>1970-01-26T01:09:45.133Z</time>
</trkpt>
<trkpt lat="47.3080330" lon="2.8949280">
	<ele>147.46</ele>
	<time>1970-01-26T01:10:04.588Z</time>
</trkpt>
<trkpt lat="47.3074303" lon="2.8962200">
	<ele>147.66</ele>
	<time>1970-01-26T01:10:26.231Z</time>
</trkpt>
<trkpt lat="47.3072433" lon="2.8969431">
	<ele>148.96</ele>
	<time>1970-01-26T01:10:36.285Z</time>
</trkpt>
<trkpt lat="47.3064651" lon="2.8987031">
	<ele>148.33</ele>
	<time>1970-01-26T01:11:04.157Z</time>
</trkpt>
<trkpt lat="47.3060379" lon="2.8995931">
	<ele>149.11</ele>
	<time>1970-01-26T01:11:18.710Z</time>
</trkpt>
<trkpt lat="47.3059769" lon="2.8997271">
	<ele>149.13</ele>
	<time>1970-01-26T01:11:20.789Z</time>
</trkpt>
<trkpt lat="47.3058128" lon="2.9000330">
	<ele>149.00</ele>
	<time>1970-01-26T01:11:26.427Z</time>
</trkpt>
<trkpt lat="47.3047905" lon="2.9023280">
	<ele>149.33</ele>
	<time>1970-01-26T01:11:59.922Z</time>
</trkpt>
<trkpt lat="47.3047485" lon="2.9023941">
	<ele>149.74</ele>
	<time>1970-01-26T01:12:01.160Z</time>
</trkpt>
<trkpt lat="47.3047066" lon="2.9024429">
	<ele>149.99</ele>
	<time>1970-01-26T01:12:02.217Z</time>
</trkpt>
<trkpt lat="47.3046494" lon="2.9024880">
	<ele>149.94</ele>
	<time>1970-01-26T01:12:03.447Z</time>
</trkpt>
<trkpt lat="47.3045959" lon="2.9025171">
	<ele>149.65</ele>
	<time>1970-01-26T01:12:04.497Z</time>
</trkpt>
<trkpt lat="47.3043861" lon="2.9025960">
	<ele>148.66</ele>
	<time>1970-01-26T01:12:08.940Z</time>
</trkpt>
<trkpt lat="47.3043251" lon="2.9026411">
	<ele>148.62</ele>
	<time>1970-01-26T01:12:10.500Z</time>
</trkpt>
<trkpt lat="47.3043022" lon="2.9026949">
	<ele>148.58</ele>
	<time>1970-01-26T01:12:11.465Z</time>
</trkpt>
<trkpt lat="47.3043098" lon="2.9027400">
	<ele>148.49</ele>
	<time>1970-01-26T01:12:12.041Z</time>
</trkpt>
<trkpt lat="47.3043327" lon="2.9028571">
	<ele>148.50</ele>
	<time>1970-01-26T01:12:13.644Z</time>
</trkpt>
<trkpt lat="47.3043633" lon="2.9030430">
	<ele>149.01</ele>
	<time>1970-01-26T01:12:16.120Z</time>
</trkpt>
<trkpt lat="47.3043861" lon="2.9031191">
	<ele>149.05</ele>
	<time>1970-01-26T01:12:17.175Z</time>
</trkpt>
<trkpt lat="47.3044472" lon="2.9031949">
	<ele>149.00</ele>
	<time>1970-01-26T01:12:18.652Z</time>
</trkpt>
<trkpt lat="47.3044853" lon="2.9032640">
	<ele>148.97</ele>
	<time>1970-01-26T01:12:19.802Z</time>
</trkpt>
<trkpt lat="47.3045425" lon="2.9033840">
	<ele>149.16</ele>
	<time>1970-01-26T01:12:21.502Z</time>
</trkpt>
<trkpt lat="47.3056030" lon="2.9059920">
	<ele>148.87</ele>
	<time>1970-01-26T01:12:59.823Z</time>
</trkpt>
<trkpt lat="47.3071823" lon="2.9098690">
	<ele>149.45</ele>
	<time>1970-01-26T01:14:03.933Z</time>
</trkpt>
<trkpt lat="47.3071556" lon="2.9101350">
	<ele>150.46</ele>
	<time>1970-01-26T01:14:07.116Z</time>
</trkpt>
<trkpt lat="47.3071022" lon="2.9105189">
	<ele>149.67</ele>
	<time>1970-01-26T01:14:11.675Z</time>
</trkpt>
<trkpt lat="47.3070526" lon="2.9107170">
	<ele>149.05</ele>
	<time>1970-01-26T01:14:14.310Z</time>
</trkpt>
<trkpt lat="47.3069687" lon="2.9108880">
	<ele>149.31</ele>
	<time>1970-01-26T01:14:16.794Z</time>
</trkpt>
<trkpt lat="47.3064842" lon="2.9115660">
	<ele>149.20</ele>
	<time>1970-01-26T01:14:31.854Z</time>
</trkpt>
<trkpt lat="47.3051300" lon="2.9125841">
	<ele>150.13</ele>
	<time>1970-01-26T01:15:04.042Z</time>
</trkpt>
<trkpt lat="47.3049278" lon="2.9127460">
	<ele>151.09</ele>
	<time>1970-01-26T01:15:07.849Z</time>
</trkpt>
<trkpt lat="47.3048172" lon="2.9128990">
	<ele>150.66</ele>
	<time>1970-01-26T01:15:10.130Z</time>
</trkpt>
<trkpt lat="47.3045540" lon="2.9133461">
	<ele>150.06</ele>
	<time>1970-01-26T01:15:15.929Z</time>
</trkpt>
<trkpt lat="47.3044052" lon="2.9135709">
	<ele>150.95</ele>
	<time>1970-01-26T01:15:19.643Z</time>
</trkpt>
<trkpt lat="47.3041229" lon="2.9138751">
	<ele>150.00</ele>
	<time>1970-01-26T01:15:27.386Z</time>
</trkpt>
<trkpt lat="47.3039551" lon="2.9139321">
	<ele>150.13</ele>
	<time>1970-01-26T01:15:30.770Z</time>
</trkpt>
<trkpt lat="47.3038406" lon="2.9139431">
	<ele>150.47</ele>
	<time>1970-01-26T01:15:33.063Z</time>
</trkpt>
<trkpt lat="47.3036842" lon="2.9141669">
	<ele>151.37</ele>
	<time>1970-01-26T01:15:37.527Z</time>
</trkpt>
<trkpt lat="47.3034210" lon="2.9144380">
	<ele>151.27</ele>
	<time>1970-01-26T01:15:43.331Z</time>
</trkpt>
<trkpt lat="47.3032722" lon="2.9145589">
	<ele>150.21</ele>
	<time>1970-01-26T01:15:46.420Z</time>
</trkpt>
<trkpt lat="47.3031693" lon="2.9146609">
	<ele>150.35</ele>
	<time>1970-01-26T01:15:48.570Z</time>
</trkpt>
<trkpt lat="47.3030891" lon="2.9147649">
	<ele>150.09</ele>
	<time>1970-01-26T01:15:50.431Z</time>
</trkpt>
<trkpt lat="47.3028717" lon="2.9150751">
	<ele>149.91</ele>
	<time>1970-01-26T01:15:55.782Z</time>
</trkpt>
<trkpt lat="47.3023224" lon="2.9159279">
	<ele>149.94</ele>
	<time>1970-01-26T01:16:13.895Z</time>
</trkpt>
<trkpt lat="47.3021393" lon="2.9162290">
	<ele>150.34</ele>
	<time>1970-01-26T01:16:19.134Z</time>
</trkpt>
<trkpt lat="47.3019371" lon="2.9165339">
	<ele>149.99</ele>
	<time>1970-01-26T01:16:24.345Z</time>
</trkpt>
<trkpt lat="47.3011208" lon="2.9174790">
	<ele>150.95</ele>
	<time>1970-01-26T01:16:43.476Z</time>
</trkpt>
<trkpt lat="47.3007812" lon="2.9178290">
	<ele>150.96</ele>
	<time>1970-01-26T01:16:51.120Z</time>
</trkpt>
<trkpt lat="47.2993965" lon="2.9193070">
	<ele>150.85</ele>
	<time>1970-01-26T01:17:18.499Z</time>
</trkpt>
<trkpt lat="47.2989159" lon="2.9197431">
	<ele>151.82</ele>
	<time>1970-01-26T01:17:29.156Z</time>
</trkpt>
<trkpt lat="47.2987442" lon="2.9199331">
	<ele>150.47</ele>
	<time>1970-01-26T01:17:33.453Z</time>
</trkpt>
<trkpt lat="47.2984085" lon="2.9202540">
	<ele>150.93</ele>
	<time>1970-01-26T01:17:41.351Z</time>
</trkpt>
<trkpt lat="47.2982368" lon="2.9204619">
	<ele>150.62</ele>
	<time>1970-01-26T01:17:45.190Z</time>
</trkpt>
<trkpt lat="47.2980995" lon="2.9206560">
	<ele>151.08</ele>
	<time>1970-01-26T01:17:48.117Z</time>
</trkpt>
<trkpt lat="47.2978249" lon="2.9210761">
	<ele>150.94</ele>
	<time>1970-01-26T01:17:53.039Z</time>
</trkpt>
<trkpt lat="47.2977219" lon="2.9212101">
	<ele>151.10</ele>
	<time>1970-01-26T01:17:54.876Z</time>
</trkpt>
<trkpt lat="47.2975273" lon="2.9215610">
	<ele>151.03</ele>
	<time>1970-01-26T01:17:59.518Z</time>
</trkpt>
<trkpt lat="47.2973518" lon="2.9218509">
	<ele>151.32</ele>
	<time>1970-01-26T01:18:03.106Z</time>
</trkpt>
<trkpt lat="47.2972641" lon="2.9220250">
	<ele>151.10</ele>
	<time>1970-01-26T01:18:04.914Z</time>
</trkpt>
<trkpt lat="47.2971420" lon="2.9222980">
	<ele>150.51</ele>
	<time>1970-01-26T01:18:07.668Z</time>
</trkpt>
<trkpt lat="47.2970505" lon="2.9224541">
	<ele>150.14</ele>
	<time>1970-01-26T01:18:09.550Z</time>
</trkpt>
<trkpt lat="47.2956238" lon="2.9242439">
	<ele>150.57</ele>
	<time>1970-01-26T01:18:47.183Z</time>
</trkpt>
<trkpt lat="47.2950592" lon="2.9250901">
	<ele>149.54</ele>
	<time>1970-01-26T01:19:02.438Z</time>
</trkpt>
<trkpt lat="47.2946053" lon="2.9253769">
	<ele>150.46</ele>
	<time>1970-01-26T01:19:12.735Z</time>
</trkpt>
<trkpt lat="47.2929573" lon="2.9274080">
	<ele>149.23</ele>
	<time>1970-01-26T01:19:44.330Z</time>
</trkpt>
<trkpt lat="47.2920647" lon="2.9285259">
	<ele>150.13</ele>
	<time>1970-01-26T01:20:03.847Z</time>
</trkpt>
<trkpt lat="47.2903214" lon="2.9299309">
	<ele>150.89</ele>
	<time>1970-01-26T01:20:45.391Z</time>
</trkpt>
<trkpt lat="47.2901039" lon="2.9302189">
	<ele>150.62</ele>
	<time>1970-01-26T01:20:51.773Z</time>
</trkpt>
<trkpt lat="47.2889862" lon="2.9319389">
	<ele>150.80</ele>
	<time>1970-01-26T01:21:25.734Z</time>
</trkpt>
<trkpt lat="47.2885475" lon="2.9329200">
	<ele>150.04</ele>
	<time>1970-01-26T01:21:36.379Z</time>
</trkpt>
<trkpt lat="47.2879105" lon="2.9338710">
	<ele>150.30</ele>
	<time>1970-01-26T01:21:56.111Z</time>
</trkpt>
<trkpt lat="47.2870903" lon="2.9348519">
	<ele>150.21</ele>
	<time>1970-01-26T01:22:17.756Z</time>
</trkpt>
<trkpt lat="47.2858505" lon="2.9359550">
	<ele>151.30</ele>
	<time>1970-01-26T01:22:45.310Z</time>
</trkpt>
<trkpt lat="47.2855530" lon="2.9363160">
	<ele>151.31</ele>
	<time>1970-01-26T01:22:51.484Z</time>
</trkpt>
<trkpt lat="47.2844849" lon="2.9381571">
	<ele>151.21</ele>
	<time>1970-01-26T01:23:33.914Z</time>
</trkpt>
<trkpt lat="47.2830162" lon="2.9391251">
	<ele>151.41</ele>
	<time>1970-01-26T01:24:14.916Z</time>
</trkpt>
<trkpt lat="47.2815819" lon="2.9399409">
	<ele>150.79</ele>
	<time>1970-01-26T01:24:39.806Z</time>
</trkpt>
<trkpt lat="47.2805977" lon="2.9407640">
	<ele>151.01</ele>
	<time>1970-01-26T01:25:02.765Z</time>
</trkpt>
<trkpt lat="47.2800522" lon="2.9409010">
	<ele>150.87</ele>
	<time>1970-01-26T01:25:12.281Z</time>
</trkpt>
<trkpt lat="47.2782669" lon="2.9424860">
	<ele>151.31</ele>
	<time>1970-01-26T01:25:53.454Z</time>
</trkpt>
<trkpt lat="47.2766800" lon="2.9435370">
	<ele>151.83</ele>
	<time>1970-01-26T01:26:27.088Z</time>
</trkpt>
<trkpt lat="47.2764816" lon="2.9437239">
	<ele>151.98</ele>
	<time>1970-01-26T01:26:31.479Z</time>
</trkpt>
<trkpt lat="47.2762108" lon="2.9440911">
	<ele>152.44</ele>
	<time>1970-01-26T01:26:37.670Z</time>
</trkpt>
<trkpt lat="47.2756271" lon="2.9449210">
	<ele>152.63</ele>
	<time>1970-01-26T01:26:51.907Z</time>
</trkpt>
<trkpt lat="47.2750740" lon="2.9457819">
	<ele>152.76</ele>
	<time>1970-01-26T01:27:07.116Z</time>
</trkpt>
<trkpt lat="47.2745247" lon="2.9466610">
	<ele>152.52</ele>
	<time>1970-01-26T01:27:24.723Z</time>
</trkpt>
<trkpt lat="47.2740250" lon="2.9476559">
	<ele>152.24</ele>
	<time>1970-01-26T01:27:37.491Z</time>
</trkpt>
<trkpt lat="47.2737923" lon="2.9480491">
	<ele>152.40</ele>
	<time>1970-01-26T01:27:43.864Z</time>
</trkpt>
<trkpt lat="47.2737656" lon="2.9480939">
	<ele>152.46</ele>
	<time>1970-01-26T01:27:44.508Z</time>
</trkpt>
<trkpt lat="47.2737389" lon="2.9481530">
	<ele>152.57</ele>
	<time>1970-01-26T01:27:45.369Z</time>
</trkpt>
<trkpt lat="47.2735977" lon="2.9484861">
	<ele>152.54</ele>
	<time>1970-01-26T01:27:51.169Z</time>
</trkpt>
<trkpt lat="47.2733765" lon="2.9488981">
	<ele>152.74</ele>
	<time>1970-01-26T01:28:01.653Z</time>
</trkpt>
<trkpt lat="47.2730904" lon="2.9493239">
	<ele>152.35</ele>
	<time>1970-01-26T01:28:11.765Z</time>
</trkpt>
<trkpt lat="47.2725372" lon="2.9498789">
	<ele>153.03</ele>
	<time>1970-01-26T01:28:26.340Z</time>
</trkpt>
<trkpt lat="47.2719879" lon="2.9502990">
	<ele>152.89</ele>
	<time>1970-01-26T01:28:36.620Z</time>
</trkpt>
<trkpt lat="47.2717094" lon="2.9504881">
	<ele>152.74</ele>
	<time>1970-01-26T01:28:40.939Z</time>
</trkpt>
<trkpt lat="47.2727814" lon="2.9516280">
	<ele>153.06</ele>
	<time>1970-01-26T01:29:08.628Z</time>
</trkpt>
<trkpt lat="47.2729187" lon="2.9517930">
	<ele>153.02</ele>
	<time>1970-01-26T01:29:11.728Z</time>
</trkpt>
<trkpt lat="47.2729607" lon="2.9518931">
	<ele>153.62</ele>
	<time>1970-01-26T01:29:13.137Z</time>
</trkpt>
<trkpt lat="47.2729721" lon="2.9519870">
	<ele>153.69</ele>
	<time>1970-01-26T01:29:14.171Z</time>
</trkpt>
<trkpt lat="47.2729645" lon="2.9520810">
	<ele>153.10</ele>
	<time>1970-01-26T01:29:15.215Z</time>
</trkpt>
<trkpt lat="47.2728157" lon="2.9526660">
	<ele>153.39</ele>
	<time>1970-01-26T01:29:22.042Z</time>
</trkpt>
<trkpt lat="47.2727776" lon="2.9528370">
	<ele>154.07</ele>
	<time>1970-01-26T01:29:24.152Z</time>
</trkpt>
<trkpt lat="47.2727394" lon="2.9530699">
	<ele>153.96</ele>
	<time>1970-01-26T01:29:26.749Z</time>
</trkpt>
<trkpt lat="47.2727203" lon="2.9532759">
	<ele>153.88</ele>
	<time>1970-01-26T01:29:28.978Z</time>
</trkpt>
<trkpt lat="47.2727127" lon="2.9535270">
	<ele>153.82</ele>
	<time>1970-01-26T01:29:31.554Z</time>
</trkpt>
<trkpt lat="47.2727203" lon="2.9537640">
	<ele>153.98</ele>
	<time>1970-01-26T01:29:34.077Z</time>
</trkpt>
<trkpt lat="47.2727394" lon="2.9539680">
	<ele>154.05</ele>
	<time>1970-01-26T01:29:36.378Z</time>
</trkpt>
<trkpt lat="47.2727814" lon="2.9542911">
	<ele>154.53</ele>
	<time>1970-01-26T01:29:40.288Z</time>
</trkpt>
<trkpt lat="47.2728004" lon="2.9544001">
	<ele>154.86</ele>
	<time>1970-01-26T01:29:41.552Z</time>
</trkpt>
<trkpt lat="47.2728729" lon="2.9547851">
	<ele>152.27</ele>
	<time>1970-01-26T01:29:46.934Z</time>
</trkpt>
<trkpt lat="47.2730141" lon="2.9553821">
	<ele>154.47</ele>
	<time>1970-01-26T01:29:56.346Z</time>
</trkpt>
<trkpt lat="47.2731934" lon="2.9560721">
	<ele>152.71</ele>
	<time>1970-01-26T01:30:08.454Z</time>
</trkpt>
<trkpt lat="47.2732544" lon="2.9562759">
	<ele>152.76</ele>
	<time>1970-01-26T01:30:12.069Z</time>
</trkpt>
<trkpt lat="47.2732430" lon="2.9564309">
	<ele>151.98</ele>
	<time>1970-01-26T01:30:14.378Z</time>
</trkpt>
<trkpt lat="47.2731667" lon="2.9566059">
	<ele>152.21</ele>
	<time>1970-01-26T01:30:17.210Z</time>
</trkpt>
<trkpt lat="47.2719650" lon="2.9582789">
	<ele>154.78</ele>
	<time>1970-01-26T01:30:39.700Z</time>
</trkpt>
<trkpt lat="47.2713661" lon="2.9591610">
	<ele>156.02</ele>
	<time>1970-01-26T01:30:57.863Z</time>
</trkpt>
<trkpt lat="47.2704468" lon="2.9604130">
	<ele>153.56</ele>
	<time>1970-01-26T01:31:30.888Z</time>
</trkpt>
<trkpt lat="47.2695351" lon="2.9616940">
	<ele>154.43</ele>
	<time>1970-01-26T01:31:53.697Z</time>
</trkpt>
<trkpt lat="47.2675858" lon="2.9643681">
	<ele>155.44</ele>
	<time>1970-01-26T01:32:43.138Z</time>
</trkpt>
<trkpt lat="47.2645493" lon="2.9684889">
	<ele>154.35</ele>
	<time>1970-01-26T01:34:04.678Z</time>
</trkpt>
<trkpt lat="47.2643585" lon="2.9687271">
	<ele>154.86</ele>
	<time>1970-01-26T01:34:09.101Z</time>
</trkpt>
<trkpt lat="47.2641296" lon="2.9689720">
	<ele>154.56</ele>
	<time>1970-01-26T01:34:13.950Z</time>
</trkpt>
<trkpt lat="47.2623405" lon="2.9707661">
	<ele>155.52</ele>
	<time>1970-01-26T01:34:56.083Z</time>
</trkpt>
<trkpt lat="47.2623327" lon="2.9707487">
	<ele>152.40</ele>
	<time>1970-01-01T00:00:00.000Z</time>
</trkpt>
<trkpt lat="47.2611589" lon="2.9717308">
	<ele>153.10</ele>
	<time>1970-01-01T00:00:00.000Z</time>
</trkpt>
<trkpt lat="47.2596666" lon="2.9727218">
	<ele>152.60</ele>
	<time>1970-01-01T00:00:00.000Z</time>
</trkpt>
<trkpt lat="47.2589240" lon="2.9731507">
	<ele>154.95</ele>
	<time>1970-01-01T00:00:00.000Z</time>
</trkpt>
<trkpt lat="47.2580814" lon="2.9735517">
	<ele>152.10</ele>
	<time>1970-01-01T00:00:00.000Z</time>
</trkpt>
<trkpt lat="47.2574108" lon="2.9738337">
	<ele>152.50</ele>
	<time>1970-01-01T00:00:00.000Z</time>
</trkpt>
<trkpt lat="47.2560993" lon="2.9742945">
	<ele>153.10</ele>
	<time>1970-01-01T00:00:00.000Z</time>
</trkpt>
<trkpt lat="47.2547040" lon="2.9746232">
	<ele>153.40</ele>
	<time>1970-01-01T00:00:00.000Z</time>
</trkpt>
<trkpt lat="47.2536380" lon="2.9747653">
	<ele>152.30</ele>
	<time>1970-01-01T00:00:00.000Z</time>
</trkpt>
<trkpt lat="47.2525145" lon="2.9748396">
	<ele>148.60</ele>
	<time>1970-01-01T00:00:00.000Z</time>
</trkpt>
<trkpt lat="47.2513866" lon="2.9748152">
	<ele>149.90</ele>
	<time>1970-01-01T00:00:00.000Z</time>
</trkpt>
<trkpt lat="47.2463792" lon="2.9744011">
	<ele>151.20</ele>
	<time>1970-01-01T00:00:00.000Z</time>
</trkpt>
<trkpt lat="47.2446157" lon="2.9746451">
	<ele>151.70</ele>
	<time>1970-01-01T00:00:00.000Z</time>
</trkpt>
<trkpt lat="47.2443717" lon="2.9745884">
	<ele>152.00</ele>
	<time>1970-01-01T00:00:00.000Z</time>
</trkpt>
<trkpt lat="47.2433668" lon="2.9742042">
	<ele>153.20</ele>
	<time>1970-01-01T00:00:00.000Z</time>
</trkpt>
<trkpt lat="47.2402660" lon="2.9729474">
	<ele>156.30</ele>
	<time>1970-01-01T00:00:00.000Z</time>
</trkpt>
<trkpt lat="47.2398808" lon="2.9728286">
	<ele>156.40</ele>
	<time>1970-01-01T00:00:00.000Z</time>
</trkpt>
<trkpt lat="47.2396395" lon="2.9728181">
	<ele>156.20</ele>
	<time>1970-01-01T00:00:00.000Z</time>
</trkpt>
<trkpt lat="47.2334583" lon="2.9730936">
	<ele>157.20</ele>
	<time>1970-01-01T00:00:00.000Z</time>
</trkpt>
<trkpt lat="47.2329705" lon="2.9731993">
	<ele>157.30</ele>
	<time>1970-01-01T00:00:00.000Z</time>
</trkpt>
<trkpt lat="47.2316264" lon="2.9736864">
	<ele>158.00</ele>
	<time>1970-01-01T00:00:00.000Z</time>
</trkpt>
<trkpt lat="47.2302410" lon="2.9741221">
	<ele>154.50</ele>
	<time>1970-01-01T00:00:00.000Z</time>
</trkpt>
<trkpt lat="47.2299620" lon="2.9741421">
	<ele>154.40</ele>
	<time>1970-01-01T00:00:00.000Z</time>
</trkpt>
<trkpt lat="47.2281649" lon="2.9737675">
	<ele>151.00</ele>
	<time>1970-01-01T00:00:00.000Z</time>
</trkpt>
<trkpt lat="47.2275978" lon="2.9737744">
	<ele>153.80</ele>
	<time>1970-01-01T00:00:00.000Z</time>
</trkpt>
<trkpt lat="47.2269101" lon="2.9740349">
	<ele>155.50</ele>
	<time>1970-01-01T00:00:00.000Z</time>
</trkpt>
<trkpt lat="47.2251644" lon="2.9740753">
	<ele>157.80</ele>
	<time>1970-01-01T00:00:00.000Z</time>
</trkpt>
<trkpt lat="47.2228932" lon="2.9745721">
	<ele>156.60</ele>
	<time>1970-01-01T00:00:00.000Z</time>
</trkpt>
<trkpt lat="47.2210576" lon="2.9748401">
	<ele>155.90</ele>
	<time>1970-01-01T00:00:00.000Z</time>
</trkpt>
<trkpt lat="47.2198414" lon="2.9749528">
	<ele>158.50</ele>
	<time>1970-01-01T00:00:00.000Z</time>
</trkpt>
<trkpt lat="47.2194723" lon="2.9750192">
	<ele>157.02</ele>
	<time>1970-01-01T00:00:00.000Z</time>
</trkpt>
<trkpt lat="47.2192049" lon="2.9751224">
	<ele>158.30</ele>
	<time>1970-01-01T00:00:00.000Z</time>
</trkpt>
<trkpt lat="47.2170944" lon="2.9770839">
	<ele>156.71</ele>
	<time>1970-08-06T03:32:08.378Z</time>
</trkpt>
<trkpt lat="47.2156982" lon="2.9783480">
	<ele>156.56</ele>
	<time>1970-08-06T03:32:37.193Z</time>
</trkpt>
<trkpt lat="47.2152786" lon="2.9788120">
	<ele>157.10</ele>
	<time>1970-08-06T03:32:45.839Z</time>
</trkpt>
<trkpt lat="47.2140808" lon="2.9802549">
	<ele>156.36</ele>
	<time>1970-08-06T03:33:08.271Z</time>
</trkpt>
<trkpt lat="47.2134972" lon="2.9809029">
	<ele>157.11</ele>
	<time>1970-08-06T03:33:20.917Z</time>
</trkpt>
<trkpt lat="47.2131119" lon="2.9813521">
	<ele>157.81</ele>
	<time>1970-08-06T03:33:28.952Z</time>
</trkpt>
<trkpt lat="47.2117691" lon="2.9828489">
	<ele>156.88</ele>
	<time>1970-08-06T03:34:06.093Z</time>
</trkpt>
<trkpt lat="47.2115211" lon="2.9830940">
	<ele>156.41</ele>
	<time>1970-08-06T03:34:12.241Z</time>
</trkpt>
<trkpt lat="47.2114220" lon="2.9832029">
	<ele>156.42</ele>
	<time>1970-08-06T03:34:14.629Z</time>
</trkpt>
<trkpt lat="47.2106400" lon="2.9840331">
	<ele>156.86</ele>
	<time>1970-08-06T03:34:29.469Z</time>
</trkpt>
<trkpt lat="47.2101555" lon="2.9844761">
	<ele>157.10</ele>
	<time>1970-08-06T03:34:40.201Z</time>
</trkpt>
<trkpt lat="47.2099228" lon="2.9847460">
	<ele>156.98</ele>
	<time>1970-08-06T03:34:46.119Z</time>
</trkpt>
<trkpt lat="47.2094612" lon="2.9852581">
	<ele>156.96</ele>
	<time>1970-08-06T03:34:57.882Z</time>
</trkpt>
<trkpt lat="47.2086754" lon="2.9859750">
	<ele>156.97</ele>
	<time>1970-08-06T03:35:17.473Z</time>
</trkpt>
<trkpt lat="47.2079430" lon="2.9866300">
	<ele>156.45</ele>
	<time>1970-08-06T03:35:34.113Z</time>
</trkpt>
<trkpt lat="47.2073898" lon="2.9872811">
	<ele>156.98</ele>
	<time>1970-08-06T03:35:44.892Z</time>
</trkpt>
<trkpt lat="47.2066765" lon="2.9882989">
	<ele>157.04</ele>
	<time>1970-08-06T03:36:02.641Z</time>
</trkpt>
<trkpt lat="47.2059479" lon="2.9890440">
	<ele>156.19</ele>
	<time>1970-08-06T03:36:15.492Z</time>
</trkpt>
<trkpt lat="47.2053032" lon="2.9896159">
	<ele>156.47</ele>
	<time>1970-08-06T03:36:24.428Z</time>
</trkpt>
<trkpt lat="47.2051544" lon="2.9897380">
	<ele>156.58</ele>
	<time>1970-08-06T03:36:26.829Z</time>
</trkpt>
<trkpt lat="47.2049751" lon="2.9898829">
	<ele>156.18</ele>
	<time>1970-08-06T03:36:29.595Z</time>
</trkpt>
<trkpt lat="47.2048073" lon="2.9900219">
	<ele>156.36</ele>
	<time>1970-08-06T03:36:32.401Z</time>
</trkpt>
<trkpt lat="47.2046432" lon="2.9901199">
	<ele>155.73</ele>
	<time>1970-08-06T03:36:35.386Z</time>
</trkpt>
<trkpt lat="47.2038956" lon="2.9903369">
	<ele>156.33</ele>
	<time>1970-08-06T03:36:50.580Z</time>
</trkpt>
<trkpt lat="47.2028656" lon="2.9908681">
	<ele>156.51</ele>
	<time>1970-08-06T03:37:14.971Z</time>
</trkpt>
<trkpt lat="47.2006645" lon="2.9921131">
	<ele>156.57</ele>
	<time>1970-08-06T03:37:57.089Z</time>
</trkpt>
<trkpt lat="47.1993637" lon="2.9929171">
	<ele>156.53</ele>
	<time>1970-08-06T03:38:24.133Z</time>
</trkpt>
<trkpt lat="47.1992912" lon="2.9929521">
	<ele>156.38</ele>
	<time>1970-08-06T03:38:25.485Z</time>
</trkpt>
<trkpt lat="47.1991158" lon="2.9930379">
	<ele>156.57</ele>
	<time>1970-08-06T03:38:29.031Z</time>
</trkpt>
<trkpt lat="47.1974945" lon="2.9938550">
	<ele>157.36</ele>
	<time>1970-08-06T03:39:02.073Z</time>
</trkpt>
<trkpt lat="47.1953506" lon="2.9950590">
	<ele>158.39</ele>
	<time>1970-08-06T03:39:47.040Z</time>
</trkpt>
<trkpt lat="47.1951485" lon="2.9951789">
	<ele>158.08</ele>
	<time>1970-08-06T03:39:51.626Z</time>
</trkpt>
<trkpt lat="47.1946869" lon="2.9954300">
	<ele>157.28</ele>
	<time>1970-08-06T03:40:00.676Z</time>
</trkpt>
<trkpt lat="47.1943970" lon="2.9954751">
	<ele>158.39</ele>
	<time>1970-08-06T03:40:05.971Z</time>
</trkpt>
<trkpt lat="47.1942139" lon="2.9955080">
	<ele>158.26</ele>
	<time>1970-08-06T03:40:09.250Z</time>
</trkpt>
<trkpt lat="47.1933823" lon="2.9958711">
	<ele>157.62</ele>
	<time>1970-08-06T03:40:30.573Z</time>
</trkpt>
<trkpt lat="47.1929855" lon="2.9959531">
	<ele>156.88</ele>
	<time>1970-08-06T03:40:38.051Z</time>
</trkpt>
<trkpt lat="47.1923714" lon="2.9961250">
	<ele>158.03</ele>
	<time>1970-08-06T03:40:48.782Z</time>
</trkpt>
<trkpt lat="47.1919022" lon="2.9963250">
	<ele>156.74</ele>
	<time>1970-08-06T03:40:57.855Z</time>
</trkpt>
<trkpt lat="47.1908646" lon="2.9969120">
	<ele>158.01</ele>
	<time>1970-08-06T03:41:18.624Z</time>
</trkpt>
<trkpt lat="47.1904640" lon="2.9973619">
	<ele>157.38</ele>
	<time>1970-08-06T03:41:29.039Z</time>
</trkpt>
<trkpt lat="47.1897163" lon="2.9983599">
	<ele>157.90</ele>
	<time>1970-08-06T03:41:47.870Z</time>
</trkpt>
<trkpt lat="47.1893311" lon="2.9989200">
	<ele>157.78</ele>
	<time>1970-08-06T03:41:57.921Z</time>
</trkpt>
<trkpt lat="47.1889915" lon="2.9991579">
	<ele>158.91</ele>
	<time>1970-08-06T03:42:04.950Z</time>
</trkpt>
<trkpt lat="47.1889191" lon="2.9990580">
	<ele>159.30</ele>
	<time>1970-08-06T03:42:06.914Z</time>
</trkpt>
<trkpt lat="47.1888313" lon="2.9989600">
	<ele>158.73</ele>
	<time>1970-08-06T03:42:09.041Z</time>
</trkpt>
<trkpt lat="47.1887817" lon="2.9989331">
	<ele>158.02</ele>
	<time>1970-08-06T03:42:10.099Z</time>
</trkpt>
<trkpt lat="47.1887093" lon="2.9990449">
	<ele>157.78</ele>
	<time>1970-08-06T03:42:12.349Z</time>
</trkpt>
<trkpt lat="47.1885490" lon="2.9992530">
	<ele>158.20</ele>
	<time>1970-08-06T03:42:17.050Z</time>
</trkpt>
<trkpt lat="47.1884575" lon="2.9993501">
	<ele>158.69</ele>
	<time>1970-08-06T03:42:19.699Z</time>
</trkpt>
<trkpt lat="47.1882515" lon="2.9995170">
	<ele>158.49</ele>
	<time>1970-08-06T03:42:25.142Z</time>
</trkpt>
<trkpt lat="47.1862831" lon="3.0008030">
	<ele>158.73</ele>
	<time>1970-08-06T03:43:13.180Z</time>
</trkpt>
<trkpt lat="47.1837807" lon="3.0024149">
	<ele>159.06</ele>
	<time>1970-08-06T03:43:58.630Z</time>
</trkpt>
<trkpt lat="47.1836739" lon="3.0024750">
	<ele>159.10</ele>
	<time>1970-08-06T03:44:00.908Z</time>
</trkpt>
<trkpt lat="47.1833839" lon="3.0025699">
	<ele>158.64</ele>
	<time>1970-08-06T03:44:06.636Z</time>
</trkpt>
<trkpt lat="47.1832886" lon="3.0026121">
	<ele>158.78</ele>
	<time>1970-08-06T03:44:08.413Z</time>
</trkpt>
<trkpt lat="47.1831703" lon="3.0026121">
	<ele>157.95</ele>
	<time>1970-08-06T03:44:10.520Z</time>
</trkpt>
<trkpt lat="47.1830559" lon="3.0025899">
	<ele>157.18</ele>
	<time>1970-08-06T03:44:12.509Z</time>
</trkpt>
<trkpt lat="47.1823959" lon="3.0024071">
	<ele>157.82</ele>
	<time>1970-08-06T03:44:24.326Z</time>
</trkpt>
<trkpt lat="47.1821632" lon="3.0023961">
	<ele>157.48</ele>
	<time>1970-08-06T03:44:28.780Z</time>
</trkpt>
<trkpt lat="47.1820030" lon="3.0024221">
	<ele>157.93</ele>
	<time>1970-08-06T03:44:32.049Z</time>
</trkpt>
<trkpt lat="47.1818771" lon="3.0024619">
	<ele>158.12</ele>
	<time>1970-08-06T03:44:34.920Z</time>
</trkpt>
<trkpt lat="47.1815300" lon="3.0026350">
	<ele>157.78</ele>
	<time>1970-08-06T03:44:43.449Z</time>
</trkpt>
<trkpt lat="47.1813774" lon="3.0026920">
	<ele>158.09</ele>
	<time>1970-08-06T03:44:46.790Z</time>
</trkpt>
<trkpt lat="47.1801186" lon="3.0029030">
	<ele>158.09</ele>
	<time>1970-08-06T03:45:11.351Z</time>
</trkpt>
<trkpt lat="47.1800232" lon="3.0029290">
	<ele>158.07</ele>
	<time>1970-08-06T03:45:13.106Z</time>
</trkpt>
<trkpt lat="47.1799278" lon="3.0029891">
	<ele>158.05</ele>
	<time>1970-08-06T03:45:15.157Z</time>
</trkpt>
<trkpt lat="47.1798363" lon="3.0030611">
	<ele>158.00</ele>
	<time>1970-08-06T03:45:17.033Z</time>
</trkpt>
<trkpt lat="47.1794243" lon="3.0034471">
	<ele>158.01</ele>
	<time>1970-08-06T03:45:27.995Z</time>
</trkpt>
<trkpt lat="47.1793060" lon="3.0035429">
	<ele>158.05</ele>
	<time>1970-08-06T03:45:31.227Z</time>
</trkpt>
<trkpt lat="47.1782341" lon="3.0043850">
	<ele>158.14</ele>
	<time>1970-08-06T03:45:54.961Z</time>
</trkpt>
<trkpt lat="47.1768494" lon="3.0054750">
	<ele>158.14</ele>
	<time>1970-08-06T03:46:19.570Z</time>
</trkpt>
<trkpt lat="47.1766815" lon="3.0056400">
	<ele>157.73</ele>
	<time>1970-08-06T03:46:22.805Z</time>
</trkpt>
<trkpt lat="47.1765442" lon="3.0058081">
	<ele>157.46</ele>
	<time>1970-08-06T03:46:25.553Z</time>
</trkpt>
<trkpt lat="47.1754189" lon="3.0075281">
	<ele>158.45</ele>
	<time>1970-08-06T03:47:05.087Z</time>
</trkpt>
<trkpt lat="47.1753006" lon="3.0076561">
	<ele>158.92</ele>
	<time>1970-08-06T03:47:08.001Z</time>
</trkpt>
<trkpt lat="47.1752357" lon="3.0077081">
	<ele>158.76</ele>
	<time>1970-08-06T03:47:09.444Z</time>
</trkpt>
<trkpt lat="47.1750298" lon="3.0078390">
	<ele>159.42</ele>
	<time>1970-08-06T03:47:14.186Z</time>
</trkpt>
<trkpt lat="47.1746216" lon="3.0080619">
	<ele>161.12</ele>
	<time>1970-08-06T03:47:22.202Z</time>
</trkpt>
<trkpt lat="47.1745872" lon="3.0080869">
	<ele>161.27</ele>
	<time>1970-08-06T03:47:22.818Z</time>
</trkpt>
<trkpt lat="47.1746063" lon="3.0081401">
	<ele>161.61</ele>
	<time>1970-08-06T03:47:23.592Z</time>
</trkpt>
<trkpt lat="47.1746674" lon="3.0082870">
	<ele>162.40</ele>
	<time>1970-08-06T03:47:25.496Z</time>
</trkpt>
<trkpt lat="47.1747208" lon="3.0084090">
	<ele>160.75</ele>
	<time>1970-08-06T03:47:27.038Z</time>
</trkpt>
<trkpt lat="47.1755447" lon="3.0105131">
	<ele>160.94</ele>
	<time>1970-08-06T03:48:01.308Z</time>
</trkpt>
<trkpt lat="47.1755600" lon="3.0105491">
	<ele>161.92</ele>
	<time>1970-08-06T03:48:01.829Z</time>
</trkpt>
<trkpt lat="47.1755867" lon="3.0105231">
	<ele>161.49</ele>
	<time>1970-08-06T03:48:02.348Z</time>
</trkpt>
<trkpt lat="47.1756783" lon="3.0104461">
	<ele>159.77</ele>
	<time>1970-08-06T03:48:04.420Z</time>
</trkpt>
<trkpt lat="47.1758652" lon="3.0103209">
	<ele>159.67</ele>
	<time>1970-08-06T03:48:08.139Z</time>
</trkpt>
<trkpt lat="47.1761513" lon="3.0102201">
	<ele>158.94</ele>
	<time>1970-08-06T03:48:12.708Z</time>
</trkpt>
<trkpt lat="47.1765137" lon="3.0101409">
	<ele>159.13</ele>
	<time>1970-08-06T03:48:17.765Z</time>
</trkpt>
<trkpt lat="47.1767540" lon="3.0101509">
	<ele>159.40</ele>
	<time>1970-08-06T03:48:21.259Z</time>
</trkpt>
<trkpt lat="47.1767654" lon="3.0101931">
	<ele>159.41</ele>
	<time>1970-08-06T03:48:21.660Z</time>
</trkpt>
</trkseg>
</trk>
</gpx>
