<?xml version="1.0" encoding="utf-8" standalone="yes"?>
<gpx version="1.1" creator="Locus Map, Android"
 xmlns="http://www.topografix.com/GPX/1/1"
 xmlns:xsi="http://www.w3.org/2001/XMLSchema-instance"
 xsi:schemaLocation="http://www.topografix.com/GPX/1/1 http://www.topografix.com/GPX/1/1/gpx.xsd"
 xmlns:gpxx="http://www.garmin.com/xmlschemas/GpxExtensions/v3"
 xmlns:gpxtrkx="http://www.garmin.com/xmlschemas/TrackStatsExtension/v1"
 xmlns:gpxtpx="http://www.garmin.com/xmlschemas/TrackPointExtension/v2"
 xmlns:locus="https://www.locusmap.app">
	<metadata>
		<desc>File with points/tracks from Locus Map/4.35.0</desc>
		<time>2026-08-15T06:17:15.943Z</time>
	</metadata>
<trk>
	<name>FR_15</name>
	<extensions>
		<line xmlns="http://www.topografix.com/GPX/gpx_style/0/2">
			<color>D700D7</color>
			<opacity>0.59</opacity>
			<width>6.0</width>
			<extensions>
				<locus:lsColorBase>#96D700D7</locus:lsColorBase>
				<locus:lsWidth>6.0</locus:lsWidth>
				<locus:lsUnits>PIXELS</locus:lsUnits>
			</extensions>
		</line>
		<locus:activity>cycling</locus:activity>
		<locus:rteComputeType>103</locus:rteComputeType>
	</extensions>
<trkseg>
<trkpt lat="47.2588692" lon="3.6418030">
	<ele>191.63</ele>
	<time>1970-01-01T00:00:00.000Z</time>
</trkpt>
<trkpt lat="47.2587852" lon="3.6413600">
	<ele>191.31</ele>
	<time>1970-01-01T00:00:05.848Z</time>
</trkpt>
<trkpt lat="47.2586594" lon="3.6413081">
	<ele>191.90</ele>
	<time>1970-01-01T00:00:08.354Z</time>
</trkpt>
<trkpt lat="47.2584305" lon="3.6413491">
	<ele>191.87</ele>
	<time>1970-01-01T00:00:13.078Z</time>
</trkpt>
<trkpt lat="47.2578697" lon="3.6421249">
	<ele>195.93</ele>
	<time>1970-01-01T00:00:29.267Z</time>
</trkpt>
<trkpt lat="47.2585411" lon="3.6450770">
	<ele>195.52</ele>
	<time>1970-01-01T00:01:09.835Z</time>
</trkpt>
<trkpt lat="47.2585793" lon="3.6452730">
	<ele>195.23</ele>
	<time>1970-01-01T00:01:14.325Z</time>
</trkpt>
<trkpt lat="47.2586288" lon="3.6454821">
	<ele>195.01</ele>
	<time>1970-01-01T00:01:18.210Z</time>
</trkpt>
<trkpt lat="47.2587700" lon="3.6461489">
	<ele>191.26</ele>
	<time>1970-01-01T00:01:25.847Z</time>
</trkpt>
<trkpt lat="47.2588120" lon="3.6463201">
	<ele>192.92</ele>
	<time>1970-01-01T00:01:27.831Z</time>
</trkpt>
<trkpt lat="47.2590599" lon="3.6474450">
	<ele>192.64</ele>
	<time>1970-01-01T00:01:47.361Z</time>
</trkpt>
<trkpt lat="47.2591019" lon="3.6476181">
	<ele>193.00</ele>
	<time>1970-01-01T00:01:50.076Z</time>
</trkpt>
<trkpt lat="47.2590790" lon="3.6476500">
	<ele>192.85</ele>
	<time>1970-01-01T00:01:50.651Z</time>
</trkpt>
<trkpt lat="47.2589493" lon="3.6478560">
	<ele>191.44</ele>
	<time>1970-01-01T00:01:53.586Z</time>
</trkpt>
<trkpt lat="47.2588005" lon="3.6481030">
	<ele>190.92</ele>
	<time>1970-01-01T00:01:56.547Z</time>
</trkpt>
<trkpt lat="47.2586708" lon="3.6482229">
	<ele>191.17</ele>
	<time>1970-01-01T00:01:58.487Z</time>
</trkpt>
<trkpt lat="47.2585602" lon="3.6482100">
	<ele>190.86</ele>
	<time>1970-01-01T00:01:59.918Z</time>
</trkpt>
<trkpt lat="47.2581787" lon="3.6477520">
	<ele>191.09</ele>
	<time>1970-01-01T00:02:06.479Z</time>
</trkpt>
<trkpt lat="47.2581062" lon="3.6477220">
	<ele>191.13</ele>
	<time>1970-01-01T00:02:07.643Z</time>
</trkpt>
<trkpt lat="47.2580528" lon="3.6477399">
	<ele>191.05</ele>
	<time>1970-01-01T00:02:08.581Z</time>
</trkpt>
<trkpt lat="47.2578354" lon="3.6480620">
	<ele>190.85</ele>
	<time>1970-01-01T00:02:15.381Z</time>
</trkpt>
<trkpt lat="47.2574730" lon="3.6486399">
	<ele>190.94</ele>
	<time>1970-01-01T00:02:27.670Z</time>
</trkpt>
<trkpt lat="47.2573204" lon="3.6488249">
	<ele>190.53</ele>
	<time>1970-01-01T00:02:32.494Z</time>
</trkpt>
<trkpt lat="47.2563210" lon="3.6504049">
	<ele>190.43</ele>
	<time>1970-01-01T00:02:52.877Z</time>
</trkpt>
<trkpt lat="47.2560577" lon="3.6507640">
	<ele>189.70</ele>
	<time>1970-01-01T00:02:59.609Z</time>
</trkpt>
<trkpt lat="47.2556572" lon="3.6512811">
	<ele>190.75</ele>
	<time>1970-01-01T00:03:10.040Z</time>
</trkpt>
<trkpt lat="47.2551880" lon="3.6517940">
	<ele>190.72</ele>
	<time>1970-01-01T00:03:21.822Z</time>
</trkpt>
<trkpt lat="47.2545280" lon="3.6523671">
	<ele>190.92</ele>
	<time>1970-01-01T00:03:35.297Z</time>
</trkpt>
<trkpt lat="47.2541771" lon="3.6526229">
	<ele>189.88</ele>
	<time>1970-01-01T00:03:42.452Z</time>
</trkpt>
<trkpt lat="47.2531013" lon="3.6532769">
	<ele>193.86</ele>
	<time>1970-01-01T00:04:04.576Z</time>
</trkpt>
<trkpt lat="47.2508965" lon="3.6547029">
	<ele>193.61</ele>
	<time>1970-01-01T00:05:09.494Z</time>
</trkpt>
<trkpt lat="47.2497635" lon="3.6554110">
	<ele>192.20</ele>
	<time>1970-01-01T00:05:35.174Z</time>
</trkpt>
<trkpt lat="47.2476768" lon="3.6567440">
	<ele>193.49</ele>
	<time>1970-01-01T00:06:29.450Z</time>
</trkpt>
<trkpt lat="47.2467384" lon="3.6573310">
	<ele>193.60</ele>
	<time>1970-01-01T00:06:43.415Z</time>
</trkpt>
<trkpt lat="47.2446594" lon="3.6586549">
	<ele>195.94</ele>
	<time>1970-01-01T00:07:28.073Z</time>
</trkpt>
<trkpt lat="47.2442131" lon="3.6589460">
	<ele>195.64</ele>
	<time>1970-01-01T00:07:40.708Z</time>
</trkpt>
<trkpt lat="47.2437210" lon="3.6592450">
	<ele>195.38</ele>
	<time>1970-01-01T00:07:53.990Z</time>
</trkpt>
<trkpt lat="47.2411842" lon="3.6608660">
	<ele>200.01</ele>
	<time>1970-01-01T00:08:48.982Z</time>
</trkpt>
<trkpt lat="47.2380676" lon="3.6628931">
	<ele>202.32</ele>
	<time>1970-01-01T00:10:02.292Z</time>
</trkpt>
<trkpt lat="47.2377701" lon="3.6631370">
	<ele>204.98</ele>
	<time>1970-01-01T00:10:09.087Z</time>
</trkpt>
<trkpt lat="47.2370110" lon="3.6635730">
	<ele>204.72</ele>
	<time>1970-01-01T00:10:28.065Z</time>
</trkpt>
<trkpt lat="47.2355957" lon="3.6644750">
	<ele>204.07</ele>
	<time>1970-01-01T00:11:08.012Z</time>
</trkpt>
<trkpt lat="47.2348785" lon="3.6649370">
	<ele>204.51</ele>
	<time>1970-01-01T00:11:28.024Z</time>
</trkpt>
<trkpt lat="47.2340431" lon="3.6654999">
	<ele>206.06</ele>
	<time>1970-01-01T00:11:50.079Z</time>
</trkpt>
<trkpt lat="47.2337952" lon="3.6656680">
	<ele>206.42</ele>
	<time>1970-01-01T00:11:56.128Z</time>
</trkpt>
<trkpt lat="47.2337227" lon="3.6657240">
	<ele>206.42</ele>
	<time>1970-01-01T00:11:58.005Z</time>
</trkpt>
<trkpt lat="47.2336426" lon="3.6657691">
	<ele>207.11</ele>
	<time>1970-01-01T00:12:00.049Z</time>
</trkpt>
<trkpt lat="47.2336044" lon="3.6657770">
	<ele>207.17</ele>
	<time>1970-01-01T00:12:00.855Z</time>
</trkpt>
<trkpt lat="47.2335663" lon="3.6657650">
	<ele>206.66</ele>
	<time>1970-01-01T00:12:01.713Z</time>
</trkpt>
<trkpt lat="47.2335358" lon="3.6657159">
	<ele>205.00</ele>
	<time>1970-01-01T00:12:02.850Z</time>
</trkpt>
<trkpt lat="47.2334404" lon="3.6653750">
	<ele>205.35</ele>
	<time>1970-01-01T00:12:10.582Z</time>
</trkpt>
<trkpt lat="47.2334099" lon="3.6652670">
	<ele>207.84</ele>
	<time>1970-01-01T00:12:13.022Z</time>
</trkpt>
<trkpt lat="47.2320442" lon="3.6662130">
	<ele>205.59</ele>
	<time>1970-01-01T00:12:43.668Z</time>
</trkpt>
<trkpt lat="47.2306252" lon="3.6671450">
	<ele>205.81</ele>
	<time>1970-01-01T00:13:23.386Z</time>
</trkpt>
<trkpt lat="47.2287216" lon="3.6683230">
	<ele>202.33</ele>
	<time>1970-01-01T00:13:58.641Z</time>
</trkpt>
<trkpt lat="47.2281990" lon="3.6683199">
	<ele>202.67</ele>
	<time>1970-01-01T00:14:06.164Z</time>
</trkpt>
<trkpt lat="47.2278862" lon="3.6684339">
	<ele>200.80</ele>
	<time>1970-01-01T00:14:12.184Z</time>
</trkpt>
<trkpt lat="47.2268448" lon="3.6690891">
	<ele>200.49</ele>
	<time>1970-01-01T00:14:34.083Z</time>
</trkpt>
<trkpt lat="47.2246933" lon="3.6704371">
	<ele>201.59</ele>
	<time>1970-01-01T00:15:31.727Z</time>
</trkpt>
<trkpt lat="47.2243576" lon="3.6706679">
	<ele>201.22</ele>
	<time>1970-01-01T00:15:40.272Z</time>
</trkpt>
<trkpt lat="47.2240486" lon="3.6709580">
	<ele>202.22</ele>
	<time>1970-01-01T00:15:48.196Z</time>
</trkpt>
<trkpt lat="47.2237434" lon="3.6713231">
	<ele>202.29</ele>
	<time>1970-01-01T00:15:59.958Z</time>
</trkpt>
<trkpt lat="47.2235146" lon="3.6715441">
	<ele>202.83</ele>
	<time>1970-01-01T00:16:03.524Z</time>
</trkpt>
<trkpt lat="47.2233238" lon="3.6716700">
	<ele>204.04</ele>
	<time>1970-01-01T00:16:06.529Z</time>
</trkpt>
<trkpt lat="47.2231140" lon="3.6719079">
	<ele>203.84</ele>
	<time>1970-01-01T00:16:09.702Z</time>
</trkpt>
<trkpt lat="47.2228012" lon="3.6720109">
	<ele>203.69</ele>
	<time>1970-01-01T00:16:17.620Z</time>
</trkpt>
<trkpt lat="47.2225571" lon="3.6721499">
	<ele>205.30</ele>
	<time>1970-01-01T00:16:24.296Z</time>
</trkpt>
<trkpt lat="47.2216797" lon="3.6729491">
	<ele>204.80</ele>
	<time>1970-01-01T00:16:40.132Z</time>
</trkpt>
<trkpt lat="47.2214394" lon="3.6731100">
	<ele>203.78</ele>
	<time>1970-01-01T00:16:46.469Z</time>
</trkpt>
<trkpt lat="47.2210197" lon="3.6733351">
	<ele>204.57</ele>
	<time>1970-01-01T00:16:57.666Z</time>
</trkpt>
<trkpt lat="47.2203293" lon="3.6739409">
	<ele>204.14</ele>
	<time>1970-01-01T00:17:12.676Z</time>
</trkpt>
<trkpt lat="47.2201080" lon="3.6741600">
	<ele>204.10</ele>
	<time>1970-01-01T00:17:20.377Z</time>
</trkpt>
<trkpt lat="47.2195969" lon="3.6748960">
	<ele>206.27</ele>
	<time>1970-01-01T00:17:33.901Z</time>
</trkpt>
<trkpt lat="47.2190437" lon="3.6752980">
	<ele>206.26</ele>
	<time>1970-01-01T00:17:47.203Z</time>
</trkpt>
<trkpt lat="47.2183380" lon="3.6759300">
	<ele>206.50</ele>
	<time>1970-01-01T00:18:01.647Z</time>
</trkpt>
<trkpt lat="47.2180061" lon="3.6762791">
	<ele>208.48</ele>
	<time>1970-01-01T00:18:12.473Z</time>
</trkpt>
<trkpt lat="47.2177887" lon="3.6767330">
	<ele>206.19</ele>
	<time>1970-01-01T00:18:19.530Z</time>
</trkpt>
<trkpt lat="47.2172966" lon="3.6776941">
	<ele>208.57</ele>
	<time>1970-01-01T00:18:34.781Z</time>
</trkpt>
<trkpt lat="47.2168541" lon="3.6783500">
	<ele>206.97</ele>
	<time>1970-01-01T00:18:45.940Z</time>
</trkpt>
<trkpt lat="47.2165642" lon="3.6785650">
	<ele>206.85</ele>
	<time>1970-01-01T00:18:51.792Z</time>
</trkpt>
<trkpt lat="47.2160873" lon="3.6787150">
	<ele>207.97</ele>
	<time>1970-01-01T00:19:00.213Z</time>
</trkpt>
<trkpt lat="47.2152214" lon="3.6789260">
	<ele>208.71</ele>
	<time>1970-01-01T00:19:16.049Z</time>
</trkpt>
<trkpt lat="47.2145958" lon="3.6789539">
	<ele>208.30</ele>
	<time>1970-01-01T00:19:25.114Z</time>
</trkpt>
<trkpt lat="47.2139702" lon="3.6789320">
	<ele>208.14</ele>
	<time>1970-01-01T00:19:42.938Z</time>
</trkpt>
<trkpt lat="47.2133560" lon="3.6790230">
	<ele>212.45</ele>
	<time>1970-01-01T00:19:57.711Z</time>
</trkpt>
<trkpt lat="47.2133713" lon="3.6792090">
	<ele>211.50</ele>
	<time>1970-01-01T00:19:59.210Z</time>
</trkpt>
<trkpt lat="47.2134094" lon="3.6793780">
	<ele>211.41</ele>
	<time>1970-01-01T00:20:00.716Z</time>
</trkpt>
<trkpt lat="47.2134323" lon="3.6794560">
	<ele>211.12</ele>
	<time>1970-01-01T00:20:01.355Z</time>
</trkpt>
<trkpt lat="47.2134476" lon="3.6795180">
	<ele>210.74</ele>
	<time>1970-01-01T00:20:01.897Z</time>
</trkpt>
<trkpt lat="47.2134514" lon="3.6795280">
	<ele>210.68</ele>
	<time>1970-01-01T00:20:02.007Z</time>
</trkpt>
<trkpt lat="47.2134705" lon="3.6796019">
	<ele>210.37</ele>
	<time>1970-01-01T00:20:02.644Z</time>
</trkpt>
<trkpt lat="47.2136497" lon="3.6802800">
	<ele>208.77</ele>
	<time>1970-01-01T00:20:08.614Z</time>
</trkpt>
<trkpt lat="47.2136955" lon="3.6806259">
	<ele>209.35</ele>
	<time>1970-01-01T00:20:12.110Z</time>
</trkpt>
<trkpt lat="47.2137032" lon="3.6810760">
	<ele>208.59</ele>
	<time>1970-01-01T00:20:17.940Z</time>
</trkpt>
<trkpt lat="47.2136993" lon="3.6812880">
	<ele>209.26</ele>
	<time>1970-01-01T00:20:21.044Z</time>
</trkpt>
<trkpt lat="47.2137070" lon="3.6814539">
	<ele>209.68</ele>
	<time>1970-01-01T00:20:23.867Z</time>
</trkpt>
<trkpt lat="47.2137070" lon="3.6814981">
	<ele>209.71</ele>
	<time>1970-01-01T00:20:24.505Z</time>
</trkpt>
<trkpt lat="47.2137146" lon="3.6818299">
	<ele>211.12</ele>
	<time>1970-01-01T00:20:31.507Z</time>
</trkpt>
<trkpt lat="47.2137527" lon="3.6820359">
	<ele>211.97</ele>
	<time>1970-01-01T00:20:36.404Z</time>
</trkpt>
<trkpt lat="47.2137680" lon="3.6821270">
	<ele>212.34</ele>
	<time>1970-01-01T00:20:38.547Z</time>
</trkpt>
<trkpt lat="47.2139244" lon="3.6826489">
	<ele>213.43</ele>
	<time>1970-01-01T00:20:46.828Z</time>
</trkpt>
<trkpt lat="47.2141342" lon="3.6835899">
	<ele>214.95</ele>
	<time>1970-01-01T00:21:06.951Z</time>
</trkpt>
<trkpt lat="47.2141113" lon="3.6842360">
	<ele>216.11</ele>
	<time>1970-01-01T00:21:20.083Z</time>
</trkpt>
<trkpt lat="47.2140427" lon="3.6846099">
	<ele>215.94</ele>
	<time>1970-01-01T00:21:27.175Z</time>
</trkpt>
<trkpt lat="47.2136765" lon="3.6865671">
	<ele>215.90</ele>
	<time>1970-01-01T00:22:01.059Z</time>
</trkpt>
<trkpt lat="47.2137146" lon="3.6873250">
	<ele>213.48</ele>
	<time>1970-01-01T00:22:09.675Z</time>
</trkpt>
<trkpt lat="47.2146797" lon="3.6951511">
	<ele>207.96</ele>
	<time>1970-01-01T00:23:31.668Z</time>
</trkpt>
<trkpt lat="47.2146912" lon="3.6954110">
	<ele>208.51</ele>
	<time>1970-01-01T00:23:35.000Z</time>
</trkpt>
<trkpt lat="47.2146568" lon="3.6954710">
	<ele>208.71</ele>
	<time>1970-01-01T00:23:39.190Z</time>
</trkpt>
<trkpt lat="47.2148094" lon="3.6958411">
	<ele>207.72</ele>
	<time>1970-01-01T00:23:42.615Z</time>
</trkpt>
<trkpt lat="47.2150078" lon="3.6965151">
	<ele>207.99</ele>
	<time>1970-01-01T00:23:49.598Z</time>
</trkpt>
<trkpt lat="47.2155304" lon="3.6984930">
	<ele>206.81</ele>
	<time>1970-01-01T00:24:17.864Z</time>
</trkpt>
<trkpt lat="47.2156143" lon="3.6988430">
	<ele>206.87</ele>
	<time>1970-01-01T00:24:25.608Z</time>
</trkpt>
<trkpt lat="47.2156258" lon="3.6989930">
	<ele>207.98</ele>
	<time>1970-01-01T00:24:28.968Z</time>
</trkpt>
<trkpt lat="47.2156067" lon="3.6991129">
	<ele>208.91</ele>
	<time>1970-01-01T00:24:31.904Z</time>
</trkpt>
<trkpt lat="47.2153664" lon="3.6996181">
	<ele>209.18</ele>
	<time>1970-01-01T00:24:43.801Z</time>
</trkpt>
<trkpt lat="47.2152672" lon="3.6999209">
	<ele>209.56</ele>
	<time>1970-01-01T00:24:48.716Z</time>
</trkpt>
<trkpt lat="47.2151642" lon="3.7004299">
	<ele>210.54</ele>
	<time>1970-01-01T00:24:57.166Z</time>
</trkpt>
<trkpt lat="47.2151222" lon="3.7007310">
	<ele>210.88</ele>
	<time>1970-01-01T00:25:02.336Z</time>
</trkpt>
<trkpt lat="47.2151108" lon="3.7009540">
	<ele>211.37</ele>
	<time>1970-01-01T00:25:06.725Z</time>
</trkpt>
<trkpt lat="47.2151184" lon="3.7011509">
	<ele>211.86</ele>
	<time>1970-01-01T00:25:10.850Z</time>
</trkpt>
<trkpt lat="47.2151566" lon="3.7013710">
	<ele>213.07</ele>
	<time>1970-01-01T00:25:16.369Z</time>
</trkpt>
<trkpt lat="47.2151184" lon="3.7014060">
	<ele>212.90</ele>
	<time>1970-01-01T00:25:17.801Z</time>
</trkpt>
<trkpt lat="47.2150536" lon="3.7015390">
	<ele>212.91</ele>
	<time>1970-01-01T00:25:21.308Z</time>
</trkpt>
<trkpt lat="47.2150154" lon="3.7017910">
	<ele>213.11</ele>
	<time>1970-01-01T00:25:27.389Z</time>
</trkpt>
<trkpt lat="47.2149658" lon="3.7022150">
	<ele>213.77</ele>
	<time>1970-01-01T00:25:36.708Z</time>
</trkpt>
<trkpt lat="47.2149467" lon="3.7024500">
	<ele>213.64</ele>
	<time>1970-01-01T00:25:41.529Z</time>
</trkpt>
<trkpt lat="47.2148895" lon="3.7027841">
	<ele>214.19</ele>
	<time>1970-01-01T00:25:48.286Z</time>
</trkpt>
<trkpt lat="47.2148323" lon="3.7032461">
	<ele>214.57</ele>
	<time>1970-01-01T00:25:57.649Z</time>
</trkpt>
<trkpt lat="47.2148018" lon="3.7033789">
	<ele>214.54</ele>
	<time>1970-01-01T00:26:00.257Z</time>
</trkpt>
<trkpt lat="47.2147484" lon="3.7035420">
	<ele>214.76</ele>
	<time>1970-01-01T00:26:03.238Z</time>
</trkpt>
<trkpt lat="47.2144814" lon="3.7041650">
	<ele>216.27</ele>
	<time>1970-01-01T00:26:13.765Z</time>
</trkpt>
<trkpt lat="47.2143478" lon="3.7044539">
	<ele>217.49</ele>
	<time>1970-01-01T00:26:19.634Z</time>
</trkpt>
<trkpt lat="47.2142258" lon="3.7046981">
	<ele>217.21</ele>
	<time>1970-01-01T00:26:24.982Z</time>
</trkpt>
<trkpt lat="47.2137108" lon="3.7055380">
	<ele>217.29</ele>
	<time>1970-01-01T00:26:41.470Z</time>
</trkpt>
<trkpt lat="47.2131844" lon="3.7063270">
	<ele>217.37</ele>
	<time>1970-01-01T00:26:52.952Z</time>
</trkpt>
<trkpt lat="47.2131653" lon="3.7063971">
	<ele>217.48</ele>
	<time>1970-01-01T00:26:53.892Z</time>
</trkpt>
<trkpt lat="47.2131729" lon="3.7064519">
	<ele>217.54</ele>
	<time>1970-01-01T00:26:54.520Z</time>
</trkpt>
<trkpt lat="47.2133675" lon="3.7068460">
	<ele>218.83</ele>
	<time>1970-01-01T00:27:03.366Z</time>
</trkpt>
<trkpt lat="47.2134285" lon="3.7069409">
	<ele>219.41</ele>
	<time>1970-01-01T00:27:05.896Z</time>
</trkpt>
<trkpt lat="47.2135048" lon="3.7070229">
	<ele>219.71</ele>
	<time>1970-01-01T00:27:08.665Z</time>
</trkpt>
<trkpt lat="47.2139931" lon="3.7073319">
	<ele>221.89</ele>
	<time>1970-01-01T00:27:23.647Z</time>
</trkpt>
<trkpt lat="47.2141685" lon="3.7074580">
	<ele>222.97</ele>
	<time>1970-01-01T00:27:30.216Z</time>
</trkpt>
<trkpt lat="47.2142448" lon="3.7075241">
	<ele>223.52</ele>
	<time>1970-01-01T00:27:33.326Z</time>
</trkpt>
<trkpt lat="47.2144127" lon="3.7077270">
	<ele>224.77</ele>
	<time>1970-01-01T00:27:41.808Z</time>
</trkpt>
<trkpt lat="47.2151871" lon="3.7085941">
	<ele>229.59</ele>
	<time>1970-01-01T00:28:33.096Z</time>
</trkpt>
<trkpt lat="47.2152672" lon="3.7087040">
	<ele>229.91</ele>
	<time>1970-01-01T00:28:37.018Z</time>
</trkpt>
<trkpt lat="47.2153320" lon="3.7088189">
	<ele>230.30</ele>
	<time>1970-01-01T00:28:40.586Z</time>
</trkpt>
<trkpt lat="47.2156334" lon="3.7094450">
	<ele>231.42</ele>
	<time>1970-01-01T00:29:01.475Z</time>
</trkpt>
<trkpt lat="47.2165184" lon="3.7108779">
	<ele>236.39</ele>
	<time>1970-01-01T00:30:19.087Z</time>
</trkpt>
<trkpt lat="47.2158127" lon="3.7121401">
	<ele>235.72</ele>
	<time>1970-01-01T00:30:47.373Z</time>
</trkpt>
<trkpt lat="47.2156830" lon="3.7122929">
	<ele>235.71</ele>
	<time>1970-01-01T00:30:50.624Z</time>
</trkpt>
<trkpt lat="47.2152138" lon="3.7127831">
	<ele>235.83</ele>
	<time>1970-01-01T00:31:00.334Z</time>
</trkpt>
<trkpt lat="47.2150764" lon="3.7129681">
	<ele>235.78</ele>
	<time>1970-01-01T00:31:03.443Z</time>
</trkpt>
<trkpt lat="47.2147217" lon="3.7135921">
	<ele>236.96</ele>
	<time>1970-01-01T00:31:15.142Z</time>
</trkpt>
<trkpt lat="47.2145805" lon="3.7137561">
	<ele>236.89</ele>
	<time>1970-01-01T00:31:19.254Z</time>
</trkpt>
<trkpt lat="47.2134857" lon="3.7145870">
	<ele>237.87</ele>
	<time>1970-01-01T00:31:47.682Z</time>
</trkpt>
<trkpt lat="47.2124748" lon="3.7155299">
	<ele>238.92</ele>
	<time>1970-01-01T00:32:15.127Z</time>
</trkpt>
<trkpt lat="47.2122841" lon="3.7156489">
	<ele>238.62</ele>
	<time>1970-01-01T00:32:22.396Z</time>
</trkpt>
<trkpt lat="47.2115707" lon="3.7159510">
	<ele>233.63</ele>
	<time>1970-01-01T00:32:32.486Z</time>
</trkpt>
<trkpt lat="47.2109108" lon="3.7163000">
	<ele>228.04</ele>
	<time>1970-01-01T00:32:40.120Z</time>
</trkpt>
<trkpt lat="47.2107048" lon="3.7164309">
	<ele>227.65</ele>
	<time>1970-01-01T00:32:42.941Z</time>
</trkpt>
<trkpt lat="47.2103462" lon="3.7167690">
	<ele>227.55</ele>
	<time>1970-01-01T00:32:50.423Z</time>
</trkpt>
<trkpt lat="47.2101822" lon="3.7168770">
	<ele>227.71</ele>
	<time>1970-01-01T00:32:52.572Z</time>
</trkpt>
<trkpt lat="47.2100487" lon="3.7169220">
	<ele>227.80</ele>
	<time>1970-01-01T00:32:54.553Z</time>
</trkpt>
<trkpt lat="47.2096672" lon="3.7169249">
	<ele>230.34</ele>
	<time>1970-01-01T00:33:02.852Z</time>
</trkpt>
<trkpt lat="47.2094841" lon="3.7169490">
	<ele>231.78</ele>
	<time>1970-01-01T00:33:07.070Z</time>
</trkpt>
<trkpt lat="47.2089615" lon="3.7170401">
	<ele>234.18</ele>
	<time>1970-01-01T00:33:22.130Z</time>
</trkpt>
<trkpt lat="47.2087784" lon="3.7170191">
	<ele>234.31</ele>
	<time>1970-01-01T00:33:26.564Z</time>
</trkpt>
<trkpt lat="47.2085266" lon="3.7169249">
	<ele>233.76</ele>
	<time>1970-01-01T00:33:32.608Z</time>
</trkpt>
<trkpt lat="47.2079010" lon="3.7166591">
	<ele>230.42</ele>
	<time>1970-01-01T00:33:42.097Z</time>
</trkpt>
<trkpt lat="47.2077484" lon="3.7166460">
	<ele>229.82</ele>
	<time>1970-01-01T00:33:44.282Z</time>
</trkpt>
<trkpt lat="47.2075996" lon="3.7166591">
	<ele>229.35</ele>
	<time>1970-01-01T00:33:46.209Z</time>
</trkpt>
<trkpt lat="47.2074051" lon="3.7167671">
	<ele>228.67</ele>
	<time>1970-01-01T00:33:48.753Z</time>
</trkpt>
<trkpt lat="47.2070236" lon="3.7170920">
	<ele>228.58</ele>
	<time>1970-01-01T00:33:53.748Z</time>
</trkpt>
<trkpt lat="47.2063904" lon="3.7179000">
	<ele>231.51</ele>
	<time>1970-01-01T00:34:04.712Z</time>
</trkpt>
<trkpt lat="47.2057076" lon="3.7188020">
	<ele>233.35</ele>
	<time>1970-01-01T00:34:25.449Z</time>
</trkpt>
<trkpt lat="47.2056198" lon="3.7189310">
	<ele>233.32</ele>
	<time>1970-01-01T00:34:28.045Z</time>
</trkpt>
<trkpt lat="47.2054977" lon="3.7190471">
	<ele>233.34</ele>
	<time>1970-01-01T00:34:30.969Z</time>
</trkpt>
<trkpt lat="47.2053490" lon="3.7191441">
	<ele>233.19</ele>
	<time>1970-01-01T00:34:34.212Z</time>
</trkpt>
<trkpt lat="47.2051888" lon="3.7192090">
	<ele>232.78</ele>
	<time>1970-01-01T00:34:37.386Z</time>
</trkpt>
<trkpt lat="47.2046089" lon="3.7192991">
	<ele>231.35</ele>
	<time>1970-01-01T00:34:45.645Z</time>
</trkpt>
<trkpt lat="47.2041817" lon="3.7193229">
	<ele>229.19</ele>
	<time>1970-01-01T00:34:51.224Z</time>
</trkpt>
<trkpt lat="47.2037849" lon="3.7193670">
	<ele>226.20</ele>
	<time>1970-01-01T00:34:56.576Z</time>
</trkpt>
<trkpt lat="47.2036285" lon="3.7193520">
	<ele>226.67</ele>
	<time>1970-01-01T00:34:58.698Z</time>
</trkpt>
<trkpt lat="47.2033958" lon="3.7192559">
	<ele>227.87</ele>
	<time>1970-01-01T00:35:01.784Z</time>
</trkpt>
<trkpt lat="47.2032661" lon="3.7192259">
	<ele>228.72</ele>
	<time>1970-01-01T00:35:03.335Z</time>
</trkpt>
<trkpt lat="47.2031288" lon="3.7192400">
	<ele>228.87</ele>
	<time>1970-01-01T00:35:04.930Z</time>
</trkpt>
<trkpt lat="47.2029915" lon="3.7193301">
	<ele>229.19</ele>
	<time>1970-01-01T00:35:06.838Z</time>
</trkpt>
<trkpt lat="47.2028618" lon="3.7194250">
	<ele>229.37</ele>
	<time>1970-01-01T00:35:08.729Z</time>
</trkpt>
<trkpt lat="47.2028618" lon="3.7194259">
	<ele>229.38</ele>
	<time>1970-01-01T04:16:21.294Z</time>
</trkpt>
<trkpt lat="47.2027817" lon="3.7195110">
	<ele>229.38</ele>
	<time>1970-01-01T04:16:25.779Z</time>
</trkpt>
<trkpt lat="47.2022438" lon="3.7200799">
	<ele>228.65</ele>
	<time>1970-01-01T04:16:59.770Z</time>
</trkpt>
<trkpt lat="47.2020912" lon="3.7202129">
	<ele>229.54</ele>
	<time>1970-01-01T04:17:06.714Z</time>
</trkpt>
<trkpt lat="47.2018242" lon="3.7207150">
	<ele>231.09</ele>
	<time>1970-01-01T04:17:24.238Z</time>
</trkpt>
<trkpt lat="47.2015343" lon="3.7214551">
	<ele>233.98</ele>
	<time>1970-01-01T04:17:45.254Z</time>
</trkpt>
<trkpt lat="47.2014427" lon="3.7218821">
	<ele>234.23</ele>
	<time>1970-01-01T04:17:56.498Z</time>
</trkpt>
<trkpt lat="47.2013588" lon="3.7220850">
	<ele>234.86</ele>
	<time>1970-01-01T04:18:02.273Z</time>
</trkpt>
<trkpt lat="47.2012405" lon="3.7222731">
	<ele>235.06</ele>
	<time>1970-01-01T04:18:08.111Z</time>
</trkpt>
<trkpt lat="47.1996422" lon="3.7243869">
	<ele>237.70</ele>
	<time>1970-01-01T04:19:26.333Z</time>
</trkpt>
<trkpt lat="47.1994972" lon="3.7245560">
	<ele>238.92</ele>
	<time>1970-01-01T04:19:30.969Z</time>
</trkpt>
<trkpt lat="47.1993904" lon="3.7246201">
	<ele>239.09</ele>
	<time>1970-01-01T04:19:33.714Z</time>
</trkpt>
<trkpt lat="47.1992760" lon="3.7246709">
	<ele>239.03</ele>
	<time>1970-01-01T04:19:36.565Z</time>
</trkpt>
<trkpt lat="47.1987953" lon="3.7248189">
	<ele>238.64</ele>
	<time>1970-01-01T04:19:48.363Z</time>
</trkpt>
<trkpt lat="47.1986771" lon="3.7248399">
	<ele>238.88</ele>
	<time>1970-01-01T04:19:51.129Z</time>
</trkpt>
<trkpt lat="47.1985703" lon="3.7248290">
	<ele>238.84</ele>
	<time>1970-01-01T04:19:53.449Z</time>
</trkpt>
<trkpt lat="47.1983795" lon="3.7247410">
	<ele>238.11</ele>
	<time>1970-01-01T04:20:00.625Z</time>
</trkpt>
<trkpt lat="47.1979408" lon="3.7245071">
	<ele>236.72</ele>
	<time>1970-01-01T04:20:09.223Z</time>
</trkpt>
<trkpt lat="47.1975937" lon="3.7243490">
	<ele>235.74</ele>
	<time>1970-01-01T04:20:14.362Z</time>
</trkpt>
<trkpt lat="47.1973877" lon="3.7242789">
	<ele>235.26</ele>
	<time>1970-01-01T04:20:17.084Z</time>
</trkpt>
<trkpt lat="47.1970673" lon="3.7242279">
	<ele>234.11</ele>
	<time>1970-01-01T04:20:20.611Z</time>
</trkpt>
<trkpt lat="47.1967049" lon="3.7242000">
	<ele>232.48</ele>
	<time>1970-01-01T04:20:26.523Z</time>
</trkpt>
<trkpt lat="47.1963196" lon="3.7242169">
	<ele>229.79</ele>
	<time>1970-01-01T04:20:31.149Z</time>
</trkpt>
<trkpt lat="47.1961517" lon="3.7242789">
	<ele>228.82</ele>
	<time>1970-01-01T04:20:33.136Z</time>
</trkpt>
<trkpt lat="47.1960182" lon="3.7243650">
	<ele>227.98</ele>
	<time>1970-01-01T04:20:34.774Z</time>
</trkpt>
<trkpt lat="47.1958427" lon="3.7245290">
	<ele>227.70</ele>
	<time>1970-01-01T04:20:37.198Z</time>
</trkpt>
<trkpt lat="47.1956100" lon="3.7248111">
	<ele>226.25</ele>
	<time>1970-01-01T04:20:42.784Z</time>
</trkpt>
<trkpt lat="47.1954880" lon="3.7249260">
	<ele>226.26</ele>
	<time>1970-01-01T04:20:44.517Z</time>
</trkpt>
<trkpt lat="47.1953659" lon="3.7249849">
	<ele>226.79</ele>
	<time>1970-01-01T04:20:46.470Z</time>
</trkpt>
<trkpt lat="47.1952820" lon="3.7249980">
	<ele>226.99</ele>
	<time>1970-01-01T04:20:47.829Z</time>
</trkpt>
<trkpt lat="47.1949043" lon="3.7249119">
	<ele>227.21</ele>
	<time>1970-01-01T04:20:53.821Z</time>
</trkpt>
<trkpt lat="47.1948204" lon="3.7249200">
	<ele>227.47</ele>
	<time>1970-01-01T04:20:54.987Z</time>
</trkpt>
<trkpt lat="47.1947479" lon="3.7249501">
	<ele>227.73</ele>
	<time>1970-01-01T04:20:55.988Z</time>
</trkpt>
<trkpt lat="47.1946487" lon="3.7250681">
	<ele>228.70</ele>
	<time>1970-01-01T04:20:57.886Z</time>
</trkpt>
<trkpt lat="47.1945038" lon="3.7253580">
	<ele>229.78</ele>
	<time>1970-01-01T04:21:02.965Z</time>
</trkpt>
<trkpt lat="47.1943092" lon="3.7258379">
	<ele>230.47</ele>
	<time>1970-01-01T04:21:16.283Z</time>
</trkpt>
<trkpt lat="47.1941338" lon="3.7261629">
	<ele>230.86</ele>
	<time>1970-01-01T04:21:23.751Z</time>
</trkpt>
<trkpt lat="47.1934967" lon="3.7271171">
	<ele>233.09</ele>
	<time>1970-01-01T04:21:46.795Z</time>
</trkpt>
<trkpt lat="47.1931190" lon="3.7277689">
	<ele>235.39</ele>
	<time>1970-01-01T04:21:59.175Z</time>
</trkpt>
<trkpt lat="47.1928787" lon="3.7282381">
	<ele>234.97</ele>
	<time>1970-01-01T04:22:06.665Z</time>
</trkpt>
<trkpt lat="47.1927643" lon="3.7285600">
	<ele>235.21</ele>
	<time>1970-01-01T04:22:11.404Z</time>
</trkpt>
<trkpt lat="47.1926384" lon="3.7290220">
	<ele>234.94</ele>
	<time>1970-01-01T04:22:17.812Z</time>
</trkpt>
<trkpt lat="47.1926003" lon="3.7293570">
	<ele>237.24</ele>
	<time>1970-01-01T04:22:25.385Z</time>
</trkpt>
<trkpt lat="47.1925964" lon="3.7296569">
	<ele>236.04</ele>
	<time>1970-01-01T04:22:30.028Z</time>
</trkpt>
<trkpt lat="47.1926231" lon="3.7315390">
	<ele>233.78</ele>
	<time>1970-01-01T04:22:49.767Z</time>
</trkpt>
<trkpt lat="47.1926384" lon="3.7319739">
	<ele>233.53</ele>
	<time>1970-01-01T04:22:54.358Z</time>
</trkpt>
<trkpt lat="47.1926498" lon="3.7322230">
	<ele>233.97</ele>
	<time>1970-01-01T04:22:56.639Z</time>
</trkpt>
<trkpt lat="47.1927147" lon="3.7327149">
	<ele>233.38</ele>
	<time>1970-01-01T04:23:02.988Z</time>
</trkpt>
<trkpt lat="47.1927948" lon="3.7332430">
	<ele>233.17</ele>
	<time>1970-01-01T04:23:10.236Z</time>
</trkpt>
<trkpt lat="47.1927872" lon="3.7334549">
	<ele>233.20</ele>
	<time>1970-01-01T04:23:13.025Z</time>
</trkpt>
<trkpt lat="47.1927223" lon="3.7336881">
	<ele>232.04</ele>
	<time>1970-01-01T04:23:16.115Z</time>
</trkpt>
<trkpt lat="47.1926651" lon="3.7338130">
	<ele>231.23</ele>
	<time>1970-01-01T04:23:18.075Z</time>
</trkpt>
<trkpt lat="47.1925812" lon="3.7339230">
	<ele>231.97</ele>
	<time>1970-01-01T04:23:20.040Z</time>
</trkpt>
<trkpt lat="47.1924286" lon="3.7340541">
	<ele>233.09</ele>
	<time>1970-01-01T04:23:23.324Z</time>
</trkpt>
<trkpt lat="47.1920471" lon="3.7343299">
	<ele>232.80</ele>
	<time>1970-01-01T04:23:31.080Z</time>
</trkpt>
<trkpt lat="47.1903725" lon="3.7355289">
	<ele>231.41</ele>
	<time>1970-01-01T04:24:03.633Z</time>
</trkpt>
<trkpt lat="47.1902733" lon="3.7356329">
	<ele>231.57</ele>
	<time>1970-01-01T04:24:06.084Z</time>
</trkpt>
<trkpt lat="47.1887360" lon="3.7361510">
	<ele>228.85</ele>
	<time>1970-01-01T04:24:32.410Z</time>
</trkpt>
<trkpt lat="47.1884308" lon="3.7362101">
	<ele>227.72</ele>
	<time>1970-01-01T04:24:37.332Z</time>
</trkpt>
<trkpt lat="47.1879692" lon="3.7362270">
	<ele>227.42</ele>
	<time>1970-01-01T04:24:44.358Z</time>
</trkpt>
<trkpt lat="47.1877251" lon="3.7361979">
	<ele>227.70</ele>
	<time>1970-01-01T04:24:47.916Z</time>
</trkpt>
<trkpt lat="47.1875610" lon="3.7361431">
	<ele>228.03</ele>
	<time>1970-01-01T04:24:50.400Z</time>
</trkpt>
<trkpt lat="47.1873779" lon="3.7360620">
	<ele>228.09</ele>
	<time>1970-01-01T04:24:53.116Z</time>
</trkpt>
<trkpt lat="47.1861153" lon="3.7353010">
	<ele>225.98</ele>
	<time>1970-01-01T04:25:16.292Z</time>
</trkpt>
<trkpt lat="47.1856461" lon="3.7350259">
	<ele>225.77</ele>
	<time>1970-01-01T04:25:22.427Z</time>
</trkpt>
<trkpt lat="47.1855888" lon="3.7351000">
	<ele>225.70</ele>
	<time>1970-01-01T04:25:23.450Z</time>
</trkpt>
<trkpt lat="47.1829872" lon="3.7368951">
	<ele>227.00</ele>
	<time>1970-01-01T04:26:20.176Z</time>
</trkpt>
<trkpt lat="47.1828041" lon="3.7370601">
	<ele>227.20</ele>
	<time>1970-01-01T04:26:25.363Z</time>
</trkpt>
<trkpt lat="47.1826057" lon="3.7372880">
	<ele>227.58</ele>
	<time>1970-01-01T04:26:32.646Z</time>
</trkpt>
<trkpt lat="47.1825066" lon="3.7374599">
	<ele>227.61</ele>
	<time>1970-01-01T04:26:37.523Z</time>
</trkpt>
<trkpt lat="47.1823349" lon="3.7378621">
	<ele>229.43</ele>
	<time>1970-01-01T04:26:48.925Z</time>
</trkpt>
<trkpt lat="47.1821976" lon="3.7382081">
	<ele>226.60</ele>
	<time>1970-01-01T04:26:57.416Z</time>
</trkpt>
<trkpt lat="47.1820183" lon="3.7385600">
	<ele>227.83</ele>
	<time>1970-01-01T04:27:03.440Z</time>
</trkpt>
<trkpt lat="47.1813850" lon="3.7395711">
	<ele>228.88</ele>
	<time>1970-01-01T04:27:15.880Z</time>
</trkpt>
<trkpt lat="47.1805801" lon="3.7408049">
	<ele>229.02</ele>
	<time>1970-01-01T04:27:36.516Z</time>
</trkpt>
<trkpt lat="47.1801453" lon="3.7414889">
	<ele>228.93</ele>
	<time>1970-01-01T04:27:48.783Z</time>
</trkpt>
<trkpt lat="47.1799393" lon="3.7417431">
	<ele>229.19</ele>
	<time>1970-01-01T04:27:54.211Z</time>
</trkpt>
<trkpt lat="47.1797943" lon="3.7418849">
	<ele>229.17</ele>
	<time>1970-01-01T04:27:58.310Z</time>
</trkpt>
<trkpt lat="47.1792831" lon="3.7422640">
	<ele>229.08</ele>
	<time>1970-01-01T04:28:08.637Z</time>
</trkpt>
<trkpt lat="47.1776352" lon="3.7434549">
	<ele>230.26</ele>
	<time>1970-01-01T04:28:50.192Z</time>
</trkpt>
<trkpt lat="47.1774292" lon="3.7436161">
	<ele>230.70</ele>
	<time>1970-01-01T04:28:55.060Z</time>
</trkpt>
<trkpt lat="47.1771965" lon="3.7437761">
	<ele>230.05</ele>
	<time>1970-01-01T04:29:01.032Z</time>
</trkpt>
<trkpt lat="47.1769257" lon="3.7440031">
	<ele>231.23</ele>
	<time>1970-01-01T04:29:07.442Z</time>
</trkpt>
<trkpt lat="47.1767807" lon="3.7441969">
	<ele>231.66</ele>
	<time>1970-01-01T04:29:10.926Z</time>
</trkpt>
<trkpt lat="47.1763763" lon="3.7448180">
	<ele>231.12</ele>
	<time>1970-01-01T04:29:23.782Z</time>
</trkpt>
<trkpt lat="47.1762352" lon="3.7450719">
	<ele>231.06</ele>
	<time>1970-01-01T04:29:29.745Z</time>
</trkpt>
<trkpt lat="47.1761436" lon="3.7452991">
	<ele>231.11</ele>
	<time>1970-01-01T04:29:34.476Z</time>
</trkpt>
<trkpt lat="47.1760674" lon="3.7455280">
	<ele>230.79</ele>
	<time>1970-01-01T04:29:38.982Z</time>
</trkpt>
<trkpt lat="47.1760445" lon="3.7456870">
	<ele>230.62</ele>
	<time>1970-01-01T04:29:41.873Z</time>
</trkpt>
<trkpt lat="47.1760368" lon="3.7458630">
	<ele>230.48</ele>
	<time>1970-01-01T04:29:45.077Z</time>
</trkpt>
<trkpt lat="47.1760521" lon="3.7460539">
	<ele>230.48</ele>
	<time>1970-01-01T04:29:48.369Z</time>
</trkpt>
<trkpt lat="47.1760788" lon="3.7462139">
	<ele>230.66</ele>
	<time>1970-01-01T04:29:50.913Z</time>
</trkpt>
<trkpt lat="47.1761131" lon="3.7463779">
	<ele>231.05</ele>
	<time>1970-01-01T04:29:53.591Z</time>
</trkpt>
<trkpt lat="47.1762238" lon="3.7465980">
	<ele>230.85</ele>
	<time>1970-01-01T04:29:58.428Z</time>
</trkpt>
<trkpt lat="47.1763039" lon="3.7467210">
	<ele>230.28</ele>
	<time>1970-01-01T04:30:01.813Z</time>
</trkpt>
<trkpt lat="47.1764069" lon="3.7468500">
	<ele>231.23</ele>
	<time>1970-01-01T04:30:05.745Z</time>
</trkpt>
<trkpt lat="47.1766472" lon="3.7470701">
	<ele>231.24</ele>
	<time>1970-01-01T04:30:13.401Z</time>
</trkpt>
<trkpt lat="47.1771126" lon="3.7474689">
	<ele>231.78</ele>
	<time>1970-01-01T04:30:32.301Z</time>
</trkpt>
<trkpt lat="47.1783104" lon="3.7484660">
	<ele>232.89</ele>
	<time>1970-01-01T04:31:01.537Z</time>
</trkpt>
<trkpt lat="47.1792755" lon="3.7492559">
	<ele>233.38</ele>
	<time>1970-01-01T04:31:30.907Z</time>
</trkpt>
<trkpt lat="47.1795235" lon="3.7495070">
	<ele>233.46</ele>
	<time>1970-01-01T04:31:43.707Z</time>
</trkpt>
<trkpt lat="47.1797943" lon="3.7498000">
	<ele>233.30</ele>
	<time>1970-01-01T04:31:53.234Z</time>
</trkpt>
<trkpt lat="47.1817894" lon="3.7523601">
	<ele>233.83</ele>
	<time>1970-01-01T04:33:04.156Z</time>
</trkpt>
<trkpt lat="47.1819763" lon="3.7526340">
	<ele>233.17</ele>
	<time>1970-01-01T04:33:14.364Z</time>
</trkpt>
<trkpt lat="47.1821022" lon="3.7528720">
	<ele>233.35</ele>
	<time>1970-01-01T04:33:23.775Z</time>
</trkpt>
<trkpt lat="47.1823349" lon="3.7534680">
	<ele>235.83</ele>
	<time>1970-01-01T04:33:39.005Z</time>
</trkpt>
<trkpt lat="47.1824493" lon="3.7538390">
	<ele>234.89</ele>
	<time>1970-01-01T04:33:42.502Z</time>
</trkpt>
<trkpt lat="47.1827278" lon="3.7551341">
	<ele>236.29</ele>
	<time>1970-01-01T04:33:52.904Z</time>
</trkpt>
<trkpt lat="47.1827507" lon="3.7553549">
	<ele>235.27</ele>
	<time>1970-01-01T04:33:55.534Z</time>
</trkpt>
<trkpt lat="47.1827507" lon="3.7554810">
	<ele>234.74</ele>
	<time>1970-01-01T04:33:57.198Z</time>
</trkpt>
<trkpt lat="47.1827087" lon="3.7556400">
	<ele>235.26</ele>
	<time>1970-01-01T04:33:58.450Z</time>
</trkpt>
<trkpt lat="47.1826363" lon="3.7557781">
	<ele>235.74</ele>
	<time>1970-01-01T04:33:59.822Z</time>
</trkpt>
<trkpt lat="47.1825333" lon="3.7558949">
	<ele>235.28</ele>
	<time>1970-01-01T04:34:01.645Z</time>
</trkpt>
<trkpt lat="47.1819687" lon="3.7562220">
	<ele>235.37</ele>
	<time>1970-01-01T04:34:10.984Z</time>
</trkpt>
<trkpt lat="47.1796494" lon="3.7575300">
	<ele>234.95</ele>
	<time>1970-01-01T04:35:10.984Z</time>
</trkpt>
<trkpt lat="47.1795616" lon="3.7576261">
	<ele>235.72</ele>
	<time>1970-01-01T04:35:13.723Z</time>
</trkpt>
<trkpt lat="47.1795006" lon="3.7577450">
	<ele>235.93</ele>
	<time>1970-01-01T04:35:16.676Z</time>
</trkpt>
<trkpt lat="47.1794434" lon="3.7579031">
	<ele>234.99</ele>
	<time>1970-01-01T04:35:21.210Z</time>
</trkpt>
<trkpt lat="47.1794052" lon="3.7581630">
	<ele>234.70</ele>
	<time>1970-01-01T04:35:25.014Z</time>
</trkpt>
<trkpt lat="47.1793900" lon="3.7584219">
	<ele>234.97</ele>
	<time>1970-01-01T04:35:29.240Z</time>
</trkpt>
<trkpt lat="47.1794472" lon="3.7592089">
	<ele>235.04</ele>
	<time>1970-01-01T04:35:44.546Z</time>
</trkpt>
<trkpt lat="47.1797333" lon="3.7610979">
	<ele>236.46</ele>
	<time>1970-01-01T04:36:12.345Z</time>
</trkpt>
<trkpt lat="47.1801910" lon="3.7626829">
	<ele>238.77</ele>
	<time>1970-01-01T04:36:41.861Z</time>
</trkpt>
<trkpt lat="47.1802940" lon="3.7632360">
	<ele>237.87</ele>
	<time>1970-01-01T04:36:51.153Z</time>
</trkpt>
<trkpt lat="47.1806259" lon="3.7656450">
	<ele>238.29</ele>
	<time>1970-01-01T04:37:30.827Z</time>
</trkpt>
<trkpt lat="47.1809235" lon="3.7668171">
	<ele>238.65</ele>
	<time>1970-01-01T04:37:41.748Z</time>
</trkpt>
<trkpt lat="47.1810951" lon="3.7673020">
	<ele>238.52</ele>
	<time>1970-01-01T04:37:53.330Z</time>
</trkpt>
<trkpt lat="47.1814728" lon="3.7684450">
	<ele>238.65</ele>
	<time>1970-01-01T04:38:10.949Z</time>
</trkpt>
<trkpt lat="47.1815453" lon="3.7687750">
	<ele>237.90</ele>
	<time>1970-01-01T04:38:18.823Z</time>
</trkpt>
<trkpt lat="47.1815796" lon="3.7690630">
	<ele>237.82</ele>
	<time>1970-01-01T04:38:22.874Z</time>
</trkpt>
<trkpt lat="47.1816139" lon="3.7703309">
	<ele>236.72</ele>
	<time>1970-01-01T04:38:36.588Z</time>
</trkpt>
<trkpt lat="47.1816139" lon="3.7714159">
	<ele>238.84</ele>
	<time>1970-01-01T04:38:49.421Z</time>
</trkpt>
<trkpt lat="47.1815834" lon="3.7722139">
	<ele>237.45</ele>
	<time>1970-01-01T04:38:58.378Z</time>
</trkpt>
<trkpt lat="47.1815605" lon="3.7724349">
	<ele>238.57</ele>
	<time>1970-01-01T04:39:01.955Z</time>
</trkpt>
<trkpt lat="47.1815262" lon="3.7726409">
	<ele>239.39</ele>
	<time>1970-01-01T04:39:06.164Z</time>
</trkpt>
<trkpt lat="47.1813622" lon="3.7734280">
	<ele>239.98</ele>
	<time>1970-01-01T04:39:18.915Z</time>
</trkpt>
<trkpt lat="47.1812859" lon="3.7737241">
	<ele>239.76</ele>
	<time>1970-01-01T04:39:22.959Z</time>
</trkpt>
<trkpt lat="47.1812096" lon="3.7739789">
	<ele>239.38</ele>
	<time>1970-01-01T04:39:28.129Z</time>
</trkpt>
<trkpt lat="47.1811104" lon="3.7742021">
	<ele>238.28</ele>
	<time>1970-01-01T04:39:30.925Z</time>
</trkpt>
<trkpt lat="47.1809998" lon="3.7743969">
	<ele>239.20</ele>
	<time>1970-01-01T04:39:33.383Z</time>
</trkpt>
<trkpt lat="47.1804237" lon="3.7750890">
	<ele>239.34</ele>
	<time>1970-01-01T04:39:42.799Z</time>
</trkpt>
<trkpt lat="47.1802406" lon="3.7753260">
	<ele>239.28</ele>
	<time>1970-01-01T04:39:46.369Z</time>
</trkpt>
<trkpt lat="47.1800919" lon="3.7755790">
	<ele>240.73</ele>
	<time>1970-01-01T04:39:49.508Z</time>
</trkpt>
<trkpt lat="47.1794739" lon="3.7767720">
	<ele>239.26</ele>
	<time>1970-01-01T04:40:09.118Z</time>
</trkpt>
<trkpt lat="47.1793213" lon="3.7771211">
	<ele>238.42</ele>
	<time>1970-01-01T04:40:18.130Z</time>
</trkpt>
<trkpt lat="47.1792603" lon="3.7773380">
	<ele>237.89</ele>
	<time>1970-01-01T04:40:22.505Z</time>
</trkpt>
<trkpt lat="47.1792259" lon="3.7778921">
	<ele>238.21</ele>
	<time>1970-01-01T04:40:27.907Z</time>
</trkpt>
<trkpt lat="47.1791878" lon="3.7782850">
	<ele>239.02</ele>
	<time>1970-01-01T04:40:32.063Z</time>
</trkpt>
<trkpt lat="47.1778183" lon="3.7856269">
	<ele>242.21</ele>
	<time>1970-01-01T04:42:04.627Z</time>
</trkpt>
<trkpt lat="47.1776047" lon="3.7867861">
	<ele>243.22</ele>
	<time>1970-01-01T04:42:16.957Z</time>
</trkpt>
<trkpt lat="47.1775665" lon="3.7872760">
	<ele>242.40</ele>
	<time>1970-01-01T04:42:23.498Z</time>
</trkpt>
<trkpt lat="47.1775742" lon="3.7875011">
	<ele>241.94</ele>
	<time>1970-01-01T04:42:27.101Z</time>
</trkpt>
<trkpt lat="47.1775856" lon="3.7876511">
	<ele>242.50</ele>
	<time>1970-01-01T04:42:29.360Z</time>
</trkpt>
<trkpt lat="47.1776199" lon="3.7879090">
	<ele>242.53</ele>
	<time>1970-01-01T04:42:33.097Z</time>
</trkpt>
<trkpt lat="47.1776810" lon="3.7881401">
	<ele>241.32</ele>
	<time>1970-01-01T04:42:37.057Z</time>
</trkpt>
<trkpt lat="47.1778069" lon="3.7883620">
	<ele>243.16</ele>
	<time>1970-01-01T04:42:43.071Z</time>
</trkpt>
<trkpt lat="47.1779327" lon="3.7885561">
	<ele>242.55</ele>
	<time>1970-01-01T04:42:48.712Z</time>
</trkpt>
<trkpt lat="47.1780014" lon="3.7886660">
	<ele>242.81</ele>
	<time>1970-01-01T04:42:51.417Z</time>
</trkpt>
<trkpt lat="47.1783257" lon="3.7890811">
	<ele>242.84</ele>
	<time>1970-01-01T04:42:56.972Z</time>
</trkpt>
<trkpt lat="47.1786880" lon="3.7895160">
	<ele>242.99</ele>
	<time>1970-01-01T04:43:12.027Z</time>
</trkpt>
<trkpt lat="47.1792183" lon="3.7901220">
	<ele>243.28</ele>
	<time>1970-01-01T04:43:24.007Z</time>
</trkpt>
<trkpt lat="47.1793442" lon="3.7902181">
	<ele>243.76</ele>
	<time>1970-01-01T04:43:26.606Z</time>
</trkpt>
<trkpt lat="47.1794662" lon="3.7902770">
	<ele>244.09</ele>
	<time>1970-01-01T04:43:28.889Z</time>
</trkpt>
<trkpt lat="47.1795845" lon="3.7902970">
	<ele>244.42</ele>
	<time>1970-01-01T04:43:31.310Z</time>
</trkpt>
<trkpt lat="47.1796761" lon="3.7902870">
	<ele>244.82</ele>
	<time>1970-01-01T04:43:33.416Z</time>
</trkpt>
<trkpt lat="47.1797638" lon="3.7902570">
	<ele>245.24</ele>
	<time>1970-01-01T04:43:36.102Z</time>
</trkpt>
<trkpt lat="47.1804047" lon="3.7899380">
	<ele>245.69</ele>
	<time>1970-01-01T04:44:05.299Z</time>
</trkpt>
<trkpt lat="47.1805344" lon="3.7899110">
	<ele>245.84</ele>
	<time>1970-01-01T04:44:09.953Z</time>
</trkpt>
<trkpt lat="47.1806641" lon="3.7899120">
	<ele>245.84</ele>
	<time>1970-01-01T04:44:13.280Z</time>
</trkpt>
<trkpt lat="47.1807785" lon="3.7899499">
	<ele>246.05</ele>
	<time>1970-01-01T04:44:17.322Z</time>
</trkpt>
<trkpt lat="47.1809196" lon="3.7900200">
	<ele>246.20</ele>
	<time>1970-01-01T04:44:21.656Z</time>
</trkpt>
<trkpt lat="47.1810532" lon="3.7901299">
	<ele>245.77</ele>
	<time>1970-01-01T04:44:24.757Z</time>
</trkpt>
<trkpt lat="47.1814880" lon="3.7905841">
	<ele>245.23</ele>
	<time>1970-01-01T04:44:35.799Z</time>
</trkpt>
<trkpt lat="47.1826324" lon="3.7920871">
	<ele>246.58</ele>
	<time>1970-01-01T04:45:06.524Z</time>
</trkpt>
<trkpt lat="47.1827621" lon="3.7923031">
	<ele>246.11</ele>
	<time>1970-01-01T04:45:13.102Z</time>
</trkpt>
<trkpt lat="47.1840134" lon="3.7950721">
	<ele>245.99</ele>
	<time>1970-01-01T04:45:36.709Z</time>
</trkpt>
<trkpt lat="47.1841316" lon="3.7953980">
	<ele>246.46</ele>
	<time>1970-01-01T04:45:41.265Z</time>
</trkpt>
<trkpt lat="47.1842232" lon="3.7956851">
	<ele>246.54</ele>
	<time>1970-01-01T04:45:43.689Z</time>
</trkpt>
<trkpt lat="47.1843185" lon="3.7960610">
	<ele>245.89</ele>
	<time>1970-01-01T04:45:47.496Z</time>
</trkpt>
<trkpt lat="47.1843872" lon="3.7963841">
	<ele>246.83</ele>
	<time>1970-01-01T04:45:51.197Z</time>
</trkpt>
<trkpt lat="47.1844292" lon="3.7966399">
	<ele>246.97</ele>
	<time>1970-01-01T04:45:54.135Z</time>
</trkpt>
<trkpt lat="47.1847267" lon="3.7992289">
	<ele>248.00</ele>
	<time>1970-01-01T04:46:23.983Z</time>
</trkpt>
<trkpt lat="47.1847420" lon="3.7994220">
	<ele>248.03</ele>
	<time>1970-01-01T04:46:26.410Z</time>
</trkpt>
<trkpt lat="47.1847496" lon="3.7995961">
	<ele>248.04</ele>
	<time>1970-01-01T04:46:28.522Z</time>
</trkpt>
<trkpt lat="47.1847343" lon="3.7998481">
	<ele>248.02</ele>
	<time>1970-01-01T04:46:31.621Z</time>
</trkpt>
<trkpt lat="47.1843910" lon="3.8020949">
	<ele>248.00</ele>
	<time>1970-01-01T04:47:04.611Z</time>
</trkpt>
<trkpt lat="47.1843338" lon="3.8025720">
	<ele>248.13</ele>
	<time>1970-01-01T04:47:13.227Z</time>
</trkpt>
<trkpt lat="47.1841164" lon="3.8053880">
	<ele>249.32</ele>
	<time>1970-01-01T04:47:54.554Z</time>
</trkpt>
<trkpt lat="47.1839180" lon="3.8080809">
	<ele>250.04</ele>
	<time>1970-01-01T04:48:41.552Z</time>
</trkpt>
<trkpt lat="47.1839066" lon="3.8081870">
	<ele>249.97</ele>
	<time>1970-01-01T04:48:43.118Z</time>
</trkpt>
<trkpt lat="47.1837730" lon="3.8098891">
	<ele>250.94</ele>
	<time>1970-01-01T04:49:07.699Z</time>
</trkpt>
<trkpt lat="47.1837616" lon="3.8101971">
	<ele>251.09</ele>
	<time>1970-01-01T04:49:12.014Z</time>
</trkpt>
<trkpt lat="47.1837769" lon="3.8105040">
	<ele>251.05</ele>
	<time>1970-01-01T04:49:16.225Z</time>
</trkpt>
<trkpt lat="47.1838112" lon="3.8108170">
	<ele>251.00</ele>
	<time>1970-01-01T04:49:20.814Z</time>
</trkpt>
<trkpt lat="47.1844139" lon="3.8139269">
	<ele>253.03</ele>
	<time>1970-01-01T04:50:01.455Z</time>
</trkpt>
<trkpt lat="47.1848640" lon="3.8171821">
	<ele>259.39</ele>
	<time>1970-01-01T04:51:03.291Z</time>
</trkpt>
<trkpt lat="47.1848793" lon="3.8174460">
	<ele>260.27</ele>
	<time>1970-01-01T04:51:07.661Z</time>
</trkpt>
<trkpt lat="47.1848717" lon="3.8175969">
	<ele>260.29</ele>
	<time>1970-01-01T04:51:10.132Z</time>
</trkpt>
<trkpt lat="47.1848564" lon="3.8177230">
	<ele>260.20</ele>
	<time>1970-01-01T04:51:12.625Z</time>
</trkpt>
<trkpt lat="47.1847572" lon="3.8182290">
	<ele>263.81</ele>
	<time>1970-01-01T04:51:24.075Z</time>
</trkpt>
<trkpt lat="47.1847305" lon="3.8184481">
	<ele>264.47</ele>
	<time>1970-01-01T04:51:29.198Z</time>
</trkpt>
<trkpt lat="47.1847038" lon="3.8189909">
	<ele>265.86</ele>
	<time>1970-01-01T04:51:45.872Z</time>
</trkpt>
<trkpt lat="47.1846695" lon="3.8191881">
	<ele>265.55</ele>
	<time>1970-01-01T04:51:51.485Z</time>
</trkpt>
<trkpt lat="47.1846428" lon="3.8192871">
	<ele>265.59</ele>
	<time>1970-01-01T04:51:54.573Z</time>
</trkpt>
<trkpt lat="47.1845818" lon="3.8194449">
	<ele>265.55</ele>
	<time>1970-01-01T04:51:59.865Z</time>
</trkpt>
<trkpt lat="47.1841698" lon="3.8201990">
	<ele>264.51</ele>
	<time>1970-01-01T04:52:21.394Z</time>
</trkpt>
<trkpt lat="47.1839867" lon="3.8204701">
	<ele>263.62</ele>
	<time>1970-01-01T04:52:28.210Z</time>
</trkpt>
<trkpt lat="47.1832848" lon="3.8213820">
	<ele>260.47</ele>
	<time>1970-01-01T04:52:53.061Z</time>
</trkpt>
<trkpt lat="47.1823654" lon="3.8225839">
	<ele>257.26</ele>
	<time>1970-01-01T04:53:09.960Z</time>
</trkpt>
<trkpt lat="47.1822472" lon="3.8228030">
	<ele>256.33</ele>
	<time>1970-01-01T04:53:12.154Z</time>
</trkpt>
<trkpt lat="47.1816292" lon="3.8242979">
	<ele>266.40</ele>
	<time>1970-01-01T04:54:00.887Z</time>
</trkpt>
<trkpt lat="47.1812935" lon="3.8250830">
	<ele>270.96</ele>
	<time>1970-01-01T04:54:28.780Z</time>
</trkpt>
<trkpt lat="47.1811104" lon="3.8254440">
	<ele>271.54</ele>
	<time>1970-01-01T04:54:38.579Z</time>
</trkpt>
<trkpt lat="47.1806030" lon="3.8264470">
	<ele>272.59</ele>
	<time>1970-01-01T04:54:55.624Z</time>
</trkpt>
<trkpt lat="47.1803665" lon="3.8270581">
	<ele>271.25</ele>
	<time>1970-01-01T04:55:05.283Z</time>
</trkpt>
<trkpt lat="47.1802673" lon="3.8274319">
	<ele>272.18</ele>
	<time>1970-01-01T04:55:10.763Z</time>
</trkpt>
<trkpt lat="47.1802254" lon="3.8275480">
	<ele>271.86</ele>
	<time>1970-01-01T04:55:12.512Z</time>
</trkpt>
<trkpt lat="47.1801949" lon="3.8276260">
	<ele>271.52</ele>
	<time>1970-01-01T04:55:13.731Z</time>
</trkpt>
<trkpt lat="47.1801262" lon="3.8277540">
	<ele>272.05</ele>
	<time>1970-01-01T04:55:17.677Z</time>
</trkpt>
<trkpt lat="47.1797867" lon="3.8282521">
	<ele>272.16</ele>
	<time>1970-01-01T04:55:27.938Z</time>
</trkpt>
<trkpt lat="47.1788521" lon="3.8307941">
	<ele>273.05</ele>
	<time>1970-01-01T04:56:07.061Z</time>
</trkpt>
<trkpt lat="47.1787071" lon="3.8310311">
	<ele>272.04</ele>
	<time>1970-01-01T04:56:14.971Z</time>
</trkpt>
<trkpt lat="47.1785736" lon="3.8312311">
	<ele>272.54</ele>
	<time>1970-01-01T04:56:20.388Z</time>
</trkpt>
<trkpt lat="47.1782951" lon="3.8315239">
	<ele>272.66</ele>
	<time>1970-01-01T04:56:26.251Z</time>
</trkpt>
<trkpt lat="47.1781425" lon="3.8316209">
	<ele>271.62</ele>
	<time>1970-01-01T04:56:28.776Z</time>
</trkpt>
<trkpt lat="47.1779785" lon="3.8317771">
	<ele>270.77</ele>
	<time>1970-01-01T04:56:31.661Z</time>
</trkpt>
<trkpt lat="47.1778221" lon="3.8319631">
	<ele>270.75</ele>
	<time>1970-01-01T04:56:34.845Z</time>
</trkpt>
<trkpt lat="47.1776619" lon="3.8321860">
	<ele>271.02</ele>
	<time>1970-01-01T04:56:39.295Z</time>
</trkpt>
<trkpt lat="47.1775093" lon="3.8324189">
	<ele>270.64</ele>
	<time>1970-01-01T04:56:44.382Z</time>
</trkpt>
<trkpt lat="47.1770744" lon="3.8332980">
	<ele>270.26</ele>
	<time>1970-01-01T04:56:58.737Z</time>
</trkpt>
<trkpt lat="47.1770363" lon="3.8333731">
	<ele>270.12</ele>
	<time>1970-01-01T04:56:59.941Z</time>
</trkpt>
<trkpt lat="47.1768265" lon="3.8337770">
	<ele>269.12</ele>
	<time>1970-01-01T04:57:07.004Z</time>
</trkpt>
<trkpt lat="47.1767044" lon="3.8339450">
	<ele>269.37</ele>
	<time>1970-01-01T04:57:10.374Z</time>
</trkpt>
<trkpt lat="47.1765938" lon="3.8340249">
	<ele>269.30</ele>
	<time>1970-01-01T04:57:12.835Z</time>
</trkpt>
<trkpt lat="47.1758080" lon="3.8342540">
	<ele>268.99</ele>
	<time>1970-01-01T04:57:26.272Z</time>
</trkpt>
<trkpt lat="47.1757088" lon="3.8343120">
	<ele>269.20</ele>
	<time>1970-01-01T04:57:27.948Z</time>
</trkpt>
<trkpt lat="47.1756744" lon="3.8343689">
	<ele>269.46</ele>
	<time>1970-01-01T04:57:28.852Z</time>
</trkpt>
<trkpt lat="47.1755409" lon="3.8343201">
	<ele>268.01</ele>
	<time>1970-01-01T04:57:30.600Z</time>
</trkpt>
<trkpt lat="47.1754150" lon="3.8342960">
	<ele>266.95</ele>
	<time>1970-01-01T04:57:32.027Z</time>
</trkpt>
<trkpt lat="47.1745987" lon="3.8342769">
	<ele>261.90</ele>
	<time>1970-01-01T04:57:41.383Z</time>
</trkpt>
<trkpt lat="47.1744537" lon="3.8342879">
	<ele>261.74</ele>
	<time>1970-01-01T04:57:43.263Z</time>
</trkpt>
<trkpt lat="47.1742516" lon="3.8343539">
	<ele>261.32</ele>
	<time>1970-01-01T04:57:46.117Z</time>
</trkpt>
<trkpt lat="47.1741409" lon="3.8344090">
	<ele>261.55</ele>
	<time>1970-01-01T04:57:47.803Z</time>
</trkpt>
<trkpt lat="47.1739845" lon="3.8345330">
	<ele>261.67</ele>
	<time>1970-01-01T04:57:50.987Z</time>
</trkpt>
<trkpt lat="47.1732788" lon="3.8351281">
	<ele>260.42</ele>
	<time>1970-01-01T04:58:04.547Z</time>
</trkpt>
<trkpt lat="47.1724319" lon="3.8361161">
	<ele>261.44</ele>
	<time>1970-01-01T04:58:29.071Z</time>
</trkpt>
<trkpt lat="47.1709442" lon="3.8376181">
	<ele>262.59</ele>
	<time>1970-01-01T04:59:03.139Z</time>
</trkpt>
<trkpt lat="47.1702576" lon="3.8382890">
	<ele>263.94</ele>
	<time>1970-01-01T04:59:16.150Z</time>
</trkpt>
<trkpt lat="47.1701660" lon="3.8383610">
	<ele>263.57</ele>
	<time>1970-01-01T04:59:17.769Z</time>
</trkpt>
<trkpt lat="47.1700668" lon="3.8384120">
	<ele>263.02</ele>
	<time>1970-01-01T04:59:19.257Z</time>
</trkpt>
<trkpt lat="47.1699638" lon="3.8384309">
	<ele>263.08</ele>
	<time>1970-01-01T04:59:20.714Z</time>
</trkpt>
<trkpt lat="47.1698456" lon="3.8384211">
	<ele>264.05</ele>
	<time>1970-01-01T04:59:22.346Z</time>
</trkpt>
<trkpt lat="47.1697464" lon="3.8383780">
	<ele>264.89</ele>
	<time>1970-01-01T04:59:23.767Z</time>
</trkpt>
<trkpt lat="47.1696320" lon="3.8382800">
	<ele>264.31</ele>
	<time>1970-01-01T04:59:25.761Z</time>
</trkpt>
<trkpt lat="47.1695633" lon="3.8382130">
	<ele>263.88</ele>
	<time>1970-01-01T04:59:26.987Z</time>
</trkpt>
<trkpt lat="47.1694336" lon="3.8380661">
	<ele>264.98</ele>
	<time>1970-01-01T04:59:29.643Z</time>
</trkpt>
<trkpt lat="47.1693764" lon="3.8379951">
	<ele>264.92</ele>
	<time>1970-01-01T04:59:30.842Z</time>
</trkpt>
<trkpt lat="47.1689491" lon="3.8375080">
	<ele>263.85</ele>
	<time>1970-01-01T04:59:41.080Z</time>
</trkpt>
<trkpt lat="47.1688080" lon="3.8373740">
	<ele>263.78</ele>
	<time>1970-01-01T04:59:44.736Z</time>
</trkpt>
<trkpt lat="47.1687088" lon="3.8372941">
	<ele>264.31</ele>
	<time>1970-01-01T04:59:47.534Z</time>
</trkpt>
<trkpt lat="47.1686096" lon="3.8372271">
	<ele>265.00</ele>
	<time>1970-01-01T04:59:50.590Z</time>
</trkpt>
<trkpt lat="47.1684990" lon="3.8371880">
	<ele>264.99</ele>
	<time>1970-01-01T04:59:54.630Z</time>
</trkpt>
<trkpt lat="47.1684227" lon="3.8371630">
	<ele>264.75</ele>
	<time>1970-01-01T04:59:57.596Z</time>
</trkpt>
<trkpt lat="47.1682663" lon="3.8371501">
	<ele>265.25</ele>
	<time>1970-01-01T05:00:00.947Z</time>
</trkpt>
<trkpt lat="47.1682053" lon="3.8371520">
	<ele>265.84</ele>
	<time>1970-01-01T05:00:02.397Z</time>
</trkpt>
<trkpt lat="47.1681137" lon="3.8371711">
	<ele>266.77</ele>
	<time>1970-01-01T05:00:04.726Z</time>
</trkpt>
<trkpt lat="47.1680183" lon="3.8372030">
	<ele>267.38</ele>
	<time>1970-01-01T05:00:07.375Z</time>
</trkpt>
<trkpt lat="47.1679039" lon="3.8372631">
	<ele>267.51</ele>
	<time>1970-01-01T05:00:11.050Z</time>
</trkpt>
<trkpt lat="47.1673431" lon="3.8375959">
	<ele>272.35</ele>
	<time>1970-01-01T05:00:35.337Z</time>
</trkpt>
<trkpt lat="47.1667442" lon="3.8379390">
	<ele>275.68</ele>
	<time>1970-01-01T05:01:00.224Z</time>
</trkpt>
<trkpt lat="47.1657410" lon="3.8384869">
	<ele>273.28</ele>
	<time>1970-01-01T05:01:20.423Z</time>
</trkpt>
<trkpt lat="47.1654587" lon="3.8386791">
	<ele>274.75</ele>
	<time>1970-01-01T05:01:31.524Z</time>
</trkpt>
<trkpt lat="47.1650314" lon="3.8391311">
	<ele>273.23</ele>
	<time>1970-01-01T05:01:44.069Z</time>
</trkpt>
<trkpt lat="47.1632767" lon="3.8410590">
	<ele>275.25</ele>
	<time>1970-01-01T05:02:30.147Z</time>
</trkpt>
<trkpt lat="47.1631088" lon="3.8412991">
	<ele>275.40</ele>
	<time>1970-01-01T05:02:37.848Z</time>
</trkpt>
<trkpt lat="47.1630020" lon="3.8415091">
	<ele>276.69</ele>
	<time>1970-01-01T05:02:42.521Z</time>
</trkpt>
<trkpt lat="47.1629066" lon="3.8417790">
	<ele>276.58</ele>
	<time>1970-01-01T05:02:47.248Z</time>
</trkpt>
<trkpt lat="47.1628227" lon="3.8420961">
	<ele>275.35</ele>
	<time>1970-01-01T00:00:04.254Z</time>
</trkpt>
<trkpt lat="47.1626282" lon="3.8429360">
	<ele>272.01</ele>
	<time>1970-01-01T00:00:12.222Z</time>
</trkpt>
<trkpt lat="47.1622887" lon="3.8443100">
	<ele>272.85</ele>
	<time>1970-01-01T00:00:26.986Z</time>
</trkpt>
<trkpt lat="47.1622124" lon="3.8446500">
	<ele>274.18</ele>
	<time>1970-01-01T00:00:31.787Z</time>
</trkpt>
<trkpt lat="47.1621704" lon="3.8449121">
	<ele>274.96</ele>
	<time>1970-01-01T00:00:35.527Z</time>
</trkpt>
<trkpt lat="47.1621437" lon="3.8451641">
	<ele>275.46</ele>
	<time>1970-01-01T00:00:38.795Z</time>
</trkpt>
<trkpt lat="47.1621399" lon="3.8455701">
	<ele>276.16</ele>
	<time>1970-01-01T00:00:43.266Z</time>
</trkpt>
<trkpt lat="47.1621933" lon="3.8474360">
	<ele>272.30</ele>
	<time>1970-01-01T00:01:06.220Z</time>
</trkpt>
<trkpt lat="47.1622429" lon="3.8486891">
	<ele>272.12</ele>
	<time>1970-01-01T00:01:18.130Z</time>
</trkpt>
<trkpt lat="47.1623344" lon="3.8515821">
	<ele>276.56</ele>
	<time>1970-01-01T00:02:11.642Z</time>
</trkpt>
<trkpt lat="47.1624184" lon="3.8540649">
	<ele>275.70</ele>
	<time>1970-01-01T00:02:52.905Z</time>
</trkpt>
<trkpt lat="47.1624146" lon="3.8542020">
	<ele>276.17</ele>
	<time>1970-01-01T00:02:54.849Z</time>
</trkpt>
<trkpt lat="47.1624031" lon="3.8543410">
	<ele>276.78</ele>
	<time>1970-01-01T00:02:57.101Z</time>
</trkpt>
<trkpt lat="47.1623840" lon="3.8544300">
	<ele>277.06</ele>
	<time>1970-01-01T00:02:58.509Z</time>
</trkpt>
<trkpt lat="47.1623535" lon="3.8545229">
	<ele>277.26</ele>
	<time>1970-01-01T00:03:00.208Z</time>
</trkpt>
<trkpt lat="47.1623116" lon="3.8546081">
	<ele>277.76</ele>
	<time>1970-01-01T00:03:01.994Z</time>
</trkpt>
<trkpt lat="47.1622353" lon="3.8547120">
	<ele>278.88</ele>
	<time>1970-01-01T00:03:04.552Z</time>
</trkpt>
<trkpt lat="47.1620979" lon="3.8548601">
	<ele>279.62</ele>
	<time>1970-01-01T00:03:09.344Z</time>
</trkpt>
<trkpt lat="47.1616631" lon="3.8552699">
	<ele>283.92</ele>
	<time>1970-01-01T00:03:22.017Z</time>
</trkpt>
<trkpt lat="47.1615753" lon="3.8553791">
	<ele>284.61</ele>
	<time>1970-01-01T00:03:25.041Z</time>
</trkpt>
<trkpt lat="47.1614418" lon="3.8555851">
	<ele>286.43</ele>
	<time>1970-01-01T00:03:31.251Z</time>
</trkpt>
<trkpt lat="47.1613731" lon="3.8557460">
	<ele>286.64</ele>
	<time>1970-01-01T00:03:35.866Z</time>
</trkpt>
<trkpt lat="47.1613197" lon="3.8559170">
	<ele>287.28</ele>
	<time>1970-01-01T00:03:40.897Z</time>
</trkpt>
<trkpt lat="47.1611137" lon="3.8567319">
	<ele>291.25</ele>
	<time>1970-01-01T00:04:16.781Z</time>
</trkpt>
<trkpt lat="47.1610146" lon="3.8570840">
	<ele>292.78</ele>
	<time>1970-01-01T00:04:29.840Z</time>
</trkpt>
<trkpt lat="47.1609116" lon="3.8573580">
	<ele>294.77</ele>
	<time>1970-01-01T00:04:41.468Z</time>
</trkpt>
<trkpt lat="47.1608620" lon="3.8574550">
	<ele>295.58</ele>
	<time>1970-01-01T00:04:46.045Z</time>
</trkpt>
<trkpt lat="47.1608086" lon="3.8575499">
	<ele>296.40</ele>
	<time>1970-01-01T00:04:50.865Z</time>
</trkpt>
<trkpt lat="47.1603355" lon="3.8581560">
	<ele>300.88</ele>
	<time>1970-01-01T00:05:44.022Z</time>
</trkpt>
<trkpt lat="47.1603584" lon="3.8581910">
	<ele>300.82</ele>
	<time>1970-01-01T00:05:46.295Z</time>
</trkpt>
<trkpt lat="47.1604233" lon="3.8582890">
	<ele>300.92</ele>
	<time>1970-01-01T00:05:51.873Z</time>
</trkpt>
<trkpt lat="47.1604576" lon="3.8584220">
	<ele>301.55</ele>
	<time>1970-01-01T00:05:58.188Z</time>
</trkpt>
<trkpt lat="47.1604958" lon="3.8586969">
	<ele>302.94</ele>
	<time>1970-01-01T00:06:11.666Z</time>
</trkpt>
<trkpt lat="47.1605225" lon="3.8587761">
	<ele>303.26</ele>
	<time>1970-01-01T00:06:15.807Z</time>
</trkpt>
<trkpt lat="47.1605339" lon="3.8588359">
	<ele>303.65</ele>
	<time>1970-01-01T00:06:18.834Z</time>
</trkpt>
<trkpt lat="47.1605301" lon="3.8589749">
	<ele>305.00</ele>
	<time>1970-01-01T00:06:25.975Z</time>
</trkpt>
<trkpt lat="47.1604767" lon="3.8593359">
	<ele>308.53</ele>
	<time>1970-01-01T00:06:45.188Z</time>
</trkpt>
<trkpt lat="47.1604347" lon="3.8594949">
	<ele>309.16</ele>
	<time>1970-01-01T00:06:53.216Z</time>
</trkpt>
<trkpt lat="47.1603088" lon="3.8598180">
	<ele>308.85</ele>
	<time>1970-01-01T00:07:11.044Z</time>
</trkpt>
<trkpt lat="47.1603432" lon="3.8598559">
	<ele>308.67</ele>
	<time>1970-01-01T00:07:13.816Z</time>
</trkpt>
<trkpt lat="47.1603966" lon="3.8599341">
	<ele>308.21</ele>
	<time>1970-01-01T00:07:17.862Z</time>
</trkpt>
<trkpt lat="47.1606331" lon="3.8606081">
	<ele>303.69</ele>
	<time>1970-01-01T00:07:42.894Z</time>
</trkpt>
<trkpt lat="47.1607437" lon="3.8608229">
	<ele>302.33</ele>
	<time>1970-01-01T00:07:48.726Z</time>
</trkpt>
<trkpt lat="47.1608315" lon="3.8609350">
	<ele>301.82</ele>
	<time>1970-01-01T00:07:52.068Z</time>
</trkpt>
<trkpt lat="47.1609306" lon="3.8610320">
	<ele>301.25</ele>
	<time>1970-01-01T00:07:54.850Z</time>
</trkpt>
<trkpt lat="47.1610603" lon="3.8611281">
	<ele>299.97</ele>
	<time>1970-01-01T00:07:59.966Z</time>
</trkpt>
<trkpt lat="47.1614456" lon="3.8613811">
	<ele>298.15</ele>
	<time>1970-01-01T00:08:05.110Z</time>
</trkpt>
<trkpt lat="47.1621666" lon="3.8618309">
	<ele>293.66</ele>
	<time>1970-01-01T00:08:13.041Z</time>
</trkpt>
<trkpt lat="47.1622772" lon="3.8618910">
	<ele>293.07</ele>
	<time>1970-01-01T00:08:14.276Z</time>
</trkpt>
<trkpt lat="47.1624222" lon="3.8619871">
	<ele>292.17</ele>
	<time>1970-01-01T00:08:15.861Z</time>
</trkpt>
<trkpt lat="47.1625252" lon="3.8620751">
	<ele>292.13</ele>
	<time>1970-01-01T00:08:16.971Z</time>
</trkpt>
<trkpt lat="47.1632271" lon="3.8627880">
	<ele>287.96</ele>
	<time>1970-01-01T00:08:24.571Z</time>
</trkpt>
<trkpt lat="47.1634064" lon="3.8629410">
	<ele>284.86</ele>
	<time>1970-01-01T00:08:26.462Z</time>
</trkpt>
<trkpt lat="47.1635208" lon="3.8630140">
	<ele>283.10</ele>
	<time>1970-01-01T00:08:27.605Z</time>
</trkpt>
<trkpt lat="47.1636238" lon="3.8630719">
	<ele>281.85</ele>
	<time>1970-01-01T00:08:28.565Z</time>
</trkpt>
<trkpt lat="47.1637383" lon="3.8631041">
	<ele>281.00</ele>
	<time>1970-01-01T00:08:29.605Z</time>
</trkpt>
<trkpt lat="47.1638489" lon="3.8631220">
	<ele>280.35</ele>
	<time>1970-01-01T00:08:30.565Z</time>
</trkpt>
<trkpt lat="47.1642342" lon="3.8630741">
	<ele>277.79</ele>
	<time>1970-01-01T00:08:34.005Z</time>
</trkpt>
<trkpt lat="47.1643600" lon="3.8630669">
	<ele>277.36</ele>
	<time>1970-01-01T00:08:35.125Z</time>
</trkpt>
<trkpt lat="47.1644707" lon="3.8630891">
	<ele>276.77</ele>
	<time>1970-01-01T00:08:36.085Z</time>
</trkpt>
<trkpt lat="47.1645775" lon="3.8631380">
	<ele>275.90</ele>
	<time>1970-01-01T00:08:37.125Z</time>
</trkpt>
<trkpt lat="47.1646919" lon="3.8632131">
	<ele>275.69</ele>
	<time>1970-01-01T00:08:38.245Z</time>
</trkpt>
<trkpt lat="47.1650887" lon="3.8635221">
	<ele>275.23</ele>
	<time>1970-01-01T00:08:42.245Z</time>
</trkpt>
<trkpt lat="47.1654015" lon="3.8637900">
	<ele>275.56</ele>
	<time>1970-01-01T00:08:45.744Z</time>
</trkpt>
<trkpt lat="47.1656036" lon="3.8639359">
	<ele>276.01</ele>
	<time>1970-01-01T00:08:48.247Z</time>
</trkpt>
<trkpt lat="47.1656799" lon="3.8639650">
	<ele>275.95</ele>
	<time>1970-01-01T00:08:49.208Z</time>
</trkpt>
<trkpt lat="47.1657486" lon="3.8639729">
	<ele>275.90</ele>
	<time>1970-01-01T00:08:49.976Z</time>
</trkpt>
<trkpt lat="47.1658020" lon="3.8639719">
	<ele>275.86</ele>
	<time>1970-01-01T00:08:50.648Z</time>
</trkpt>
<trkpt lat="47.1658592" lon="3.8639600">
	<ele>275.81</ele>
	<time>1970-01-01T00:08:51.334Z</time>
</trkpt>
<trkpt lat="47.1659279" lon="3.8639231">
	<ele>275.64</ele>
	<time>1970-01-01T00:08:52.316Z</time>
</trkpt>
<trkpt lat="47.1660004" lon="3.8638470">
	<ele>275.27</ele>
	<time>1970-01-01T00:08:53.642Z</time>
</trkpt>
<trkpt lat="47.1661682" lon="3.8636611">
	<ele>275.22</ele>
	<time>1970-01-01T00:08:55.969Z</time>
</trkpt>
<trkpt lat="47.1662598" lon="3.8636041">
	<ele>275.75</ele>
	<time>1970-01-01T00:08:57.214Z</time>
</trkpt>
<trkpt lat="47.1663475" lon="3.8635950">
	<ele>276.50</ele>
	<time>1970-01-01T00:08:58.441Z</time>
</trkpt>
<trkpt lat="47.1664352" lon="3.8636100">
	<ele>277.70</ele>
	<time>1970-01-01T00:08:59.848Z</time>
</trkpt>
<trkpt lat="47.1667938" lon="3.8637719">
	<ele>280.50</ele>
	<time>1970-01-01T00:09:09.244Z</time>
</trkpt>
<trkpt lat="47.1669312" lon="3.8637960">
	<ele>281.65</ele>
	<time>1970-01-01T00:09:14.169Z</time>
</trkpt>
<trkpt lat="47.1671562" lon="3.8640940">
	<ele>282.37</ele>
	<time>1970-01-01T00:09:21.921Z</time>
</trkpt>
<trkpt lat="47.1672134" lon="3.8641961">
	<ele>284.20</ele>
	<time>1970-01-01T00:09:24.534Z</time>
</trkpt>
<trkpt lat="47.1672554" lon="3.8643119">
	<ele>285.63</ele>
	<time>1970-01-01T00:09:27.931Z</time>
</trkpt>
<trkpt lat="47.1672897" lon="3.8644991">
	<ele>287.13</ele>
	<time>1970-01-01T00:09:34.067Z</time>
</trkpt>
<trkpt lat="47.1673088" lon="3.8646650">
	<ele>288.25</ele>
	<time>1970-01-01T00:09:40.167Z</time>
</trkpt>
<trkpt lat="47.1673393" lon="3.8652999">
	<ele>291.01</ele>
	<time>1970-01-01T00:10:07.234Z</time>
</trkpt>
<trkpt lat="47.1673622" lon="3.8659749">
	<ele>292.97</ele>
	<time>1970-01-01T00:10:32.938Z</time>
</trkpt>
<trkpt lat="47.1673622" lon="3.8670690">
	<ele>296.04</ele>
	<time>1970-01-01T00:11:08.796Z</time>
</trkpt>
<trkpt lat="47.1673851" lon="3.8672869">
	<ele>296.40</ele>
	<time>1970-01-01T00:11:14.634Z</time>
</trkpt>
<trkpt lat="47.1674042" lon="3.8673820">
	<ele>296.76</ele>
	<time>1970-01-01T00:11:17.332Z</time>
</trkpt>
<trkpt lat="47.1674385" lon="3.8674581">
	<ele>297.14</ele>
	<time>1970-01-01T00:11:19.996Z</time>
</trkpt>
<trkpt lat="47.1675262" lon="3.8676059">
	<ele>297.76</ele>
	<time>1970-01-01T00:11:27.336Z</time>
</trkpt>
<trkpt lat="47.1680336" lon="3.8683009">
	<ele>304.54</ele>
	<time>1970-01-01T00:12:30.633Z</time>
</trkpt>
<trkpt lat="47.1680756" lon="3.8683560">
	<ele>305.39</ele>
	<time>1970-01-01T00:12:34.154Z</time>
</trkpt>
<trkpt lat="47.1681137" lon="3.8684480">
	<ele>306.79</ele>
	<time>1970-01-01T00:12:39.087Z</time>
</trkpt>
<trkpt lat="47.1681404" lon="3.8685830">
	<ele>308.68</ele>
	<time>1970-01-01T00:12:46.037Z</time>
</trkpt>
<trkpt lat="47.1681519" lon="3.8687651">
	<ele>309.64</ele>
	<time>1970-01-01T00:12:54.865Z</time>
</trkpt>
<trkpt lat="47.1681557" lon="3.8690541">
	<ele>310.06</ele>
	<time>1970-01-01T00:13:08.979Z</time>
</trkpt>
<trkpt lat="47.1681557" lon="3.8691349">
	<ele>310.09</ele>
	<time>1970-01-01T00:13:12.528Z</time>
</trkpt>
<trkpt lat="47.1681709" lon="3.8697610">
	<ele>312.05</ele>
	<time>1970-01-01T00:13:46.297Z</time>
</trkpt>
<trkpt lat="47.1681938" lon="3.8700559">
	<ele>313.58</ele>
	<time>1970-01-01T00:14:00.799Z</time>
</trkpt>
<trkpt lat="47.1682892" lon="3.8708091">
	<ele>316.12</ele>
	<time>1970-01-01T00:14:45.881Z</time>
</trkpt>
<trkpt lat="47.1683006" lon="3.8710470">
	<ele>317.14</ele>
	<time>1970-01-01T00:14:56.283Z</time>
</trkpt>
<trkpt lat="47.1682777" lon="3.8713050">
	<ele>317.65</ele>
	<time>1970-01-01T00:15:05.448Z</time>
</trkpt>
<trkpt lat="47.1681137" lon="3.8730021">
	<ele>324.70</ele>
	<time>1970-01-01T00:16:30.987Z</time>
</trkpt>
<trkpt lat="47.1680794" lon="3.8732250">
	<ele>326.13</ele>
	<time>1970-01-01T00:16:39.024Z</time>
</trkpt>
<trkpt lat="47.1680222" lon="3.8733859">
	<ele>327.20</ele>
	<time>1970-01-01T00:16:46.027Z</time>
</trkpt>
<trkpt lat="47.1679535" lon="3.8734930">
	<ele>327.99</ele>
	<time>1970-01-01T00:16:51.247Z</time>
</trkpt>
<trkpt lat="47.1676064" lon="3.8738630">
	<ele>330.64</ele>
	<time>1970-01-01T00:17:07.462Z</time>
</trkpt>
<trkpt lat="47.1675224" lon="3.8739779">
	<ele>331.48</ele>
	<time>1970-01-01T00:17:11.614Z</time>
</trkpt>
<trkpt lat="47.1674690" lon="3.8741150">
	<ele>331.93</ele>
	<time>1970-01-01T00:17:15.628Z</time>
</trkpt>
<trkpt lat="47.1674423" lon="3.8742411">
	<ele>332.47</ele>
	<time>1970-01-01T00:17:18.764Z</time>
</trkpt>
<trkpt lat="47.1674347" lon="3.8744080">
	<ele>333.51</ele>
	<time>1970-01-01T00:17:22.147Z</time>
</trkpt>
<trkpt lat="47.1674423" lon="3.8745739">
	<ele>333.74</ele>
	<time>1970-01-01T00:17:25.357Z</time>
</trkpt>
<trkpt lat="47.1674652" lon="3.8747330">
	<ele>333.99</ele>
	<time>1970-01-01T00:17:28.578Z</time>
</trkpt>
<trkpt lat="47.1675224" lon="3.8749220">
	<ele>336.01</ele>
	<time>1970-01-01T00:17:33.435Z</time>
</trkpt>
<trkpt lat="47.1675758" lon="3.8750491">
	<ele>336.41</ele>
	<time>1970-01-01T00:17:36.942Z</time>
</trkpt>
<trkpt lat="47.1675758" lon="3.8751760">
	<ele>334.46</ele>
	<time>1970-01-01T00:17:38.844Z</time>
</trkpt>
<trkpt lat="47.1676102" lon="3.8752580">
	<ele>333.44</ele>
	<time>1970-01-01T00:17:40.075Z</time>
</trkpt>
<trkpt lat="47.1676788" lon="3.8753159">
	<ele>333.35</ele>
	<time>1970-01-01T00:17:41.878Z</time>
</trkpt>
<trkpt lat="47.1680984" lon="3.8755901">
	<ele>332.15</ele>
	<time>1970-01-01T00:18:07.531Z</time>
</trkpt>
<trkpt lat="47.1682549" lon="3.8757219">
	<ele>331.85</ele>
	<time>1970-01-01T00:18:17.902Z</time>
</trkpt>
<trkpt lat="47.1683617" lon="3.8758390">
	<ele>328.98</ele>
	<time>1970-01-01T00:18:25.586Z</time>
</trkpt>
<trkpt lat="47.1684532" lon="3.8760059">
	<ele>326.42</ele>
	<time>1970-01-01T00:18:31.938Z</time>
</trkpt>
<trkpt lat="47.1684914" lon="3.8761561">
	<ele>326.29</ele>
	<time>1970-01-01T00:18:35.183Z</time>
</trkpt>
<trkpt lat="47.1684990" lon="3.8763740">
	<ele>327.59</ele>
	<time>1970-01-01T00:18:40.360Z</time>
</trkpt>
<trkpt lat="47.1684647" lon="3.8777010">
	<ele>322.82</ele>
	<time>1970-01-01T00:18:50.459Z</time>
</trkpt>
<trkpt lat="47.1684647" lon="3.8783660">
	<ele>322.53</ele>
	<time>1970-01-01T00:18:57.146Z</time>
</trkpt>
<trkpt lat="47.1684532" lon="3.8786211">
	<ele>321.30</ele>
	<time>1970-01-01T00:18:59.851Z</time>
</trkpt>
<trkpt lat="47.1684189" lon="3.8788810">
	<ele>319.06</ele>
	<time>1970-01-01T00:19:02.230Z</time>
</trkpt>
<trkpt lat="47.1683693" lon="3.8790181">
	<ele>316.56</ele>
	<time>1970-01-01T00:19:03.426Z</time>
</trkpt>
<trkpt lat="47.1683006" lon="3.8791430">
	<ele>313.58</ele>
	<time>1970-01-01T00:19:04.544Z</time>
</trkpt>
<trkpt lat="47.1682281" lon="3.8792100">
	<ele>310.68</ele>
	<time>1970-01-01T00:19:05.630Z</time>
</trkpt>
<trkpt lat="47.1681595" lon="3.8792441">
	<ele>308.20</ele>
	<time>1970-01-01T00:19:06.874Z</time>
</trkpt>
<trkpt lat="47.1679077" lon="3.8793049">
	<ele>308.80</ele>
	<time>1970-01-01T00:19:13.043Z</time>
</trkpt>
<trkpt lat="47.1678276" lon="3.8792901">
	<ele>311.58</ele>
	<time>1970-01-01T00:19:15.438Z</time>
</trkpt>
<trkpt lat="47.1677513" lon="3.8792379">
	<ele>313.50</ele>
	<time>1970-01-01T00:19:18.339Z</time>
</trkpt>
<trkpt lat="47.1676674" lon="3.8791540">
	<ele>314.56</ele>
	<time>1970-01-01T00:19:21.561Z</time>
</trkpt>
<trkpt lat="47.1675873" lon="3.8790469">
	<ele>315.16</ele>
	<time>1970-01-01T00:19:24.880Z</time>
</trkpt>
<trkpt lat="47.1675110" lon="3.8788810">
	<ele>316.45</ele>
	<time>1970-01-01T00:19:27.696Z</time>
</trkpt>
<trkpt lat="47.1674271" lon="3.8784521">
	<ele>318.09</ele>
	<time>1970-01-01T00:19:31.969Z</time>
</trkpt>
<trkpt lat="47.1673927" lon="3.8783419">
	<ele>318.87</ele>
	<time>1970-01-01T00:19:33.159Z</time>
</trkpt>
<trkpt lat="47.1673927" lon="3.8783419">
	<ele>318.87</ele>
	<time>1970-01-01T05:22:16.153Z</time>
</trkpt>
<trkpt lat="47.1673546" lon="3.8782101">
	<ele>319.80</ele>
	<time>1970-01-01T05:22:18.250Z</time>
</trkpt>
<trkpt lat="47.1672821" lon="3.8780010">
	<ele>321.31</ele>
	<time>1970-01-01T05:22:22.345Z</time>
</trkpt>
<trkpt lat="47.1671486" lon="3.8777671">
	<ele>323.98</ele>
	<time>1970-01-01T05:22:26.433Z</time>
</trkpt>
<trkpt lat="47.1670265" lon="3.8775980">
	<ele>324.21</ele>
	<time>1970-01-01T05:22:31.962Z</time>
</trkpt>
<trkpt lat="47.1666183" lon="3.8771231">
	<ele>325.41</ele>
	<time>1970-01-01T05:22:55.598Z</time>
</trkpt>
<trkpt lat="47.1660995" lon="3.8766270">
	<ele>329.41</ele>
	<time>1970-01-01T05:23:28.993Z</time>
</trkpt>
<trkpt lat="47.1659279" lon="3.8764689">
	<ele>332.71</ele>
	<time>1970-01-01T05:23:40.370Z</time>
</trkpt>
<trkpt lat="47.1658630" lon="3.8763869">
	<ele>332.76</ele>
	<time>1970-01-01T05:23:44.490Z</time>
</trkpt>
<trkpt lat="47.1658173" lon="3.8763089">
	<ele>333.39</ele>
	<time>1970-01-01T05:23:47.454Z</time>
</trkpt>
<trkpt lat="47.1657753" lon="3.8762341">
	<ele>334.84</ele>
	<time>1970-01-01T05:23:49.280Z</time>
</trkpt>
<trkpt lat="47.1656952" lon="3.8760660">
	<ele>336.48</ele>
	<time>1970-01-01T05:23:52.787Z</time>
</trkpt>
<trkpt lat="47.1656151" lon="3.8759551">
	<ele>336.01</ele>
	<time>1970-01-01T05:23:54.406Z</time>
</trkpt>
<trkpt lat="47.1655388" lon="3.8759050">
	<ele>335.88</ele>
	<time>1970-01-01T05:23:55.370Z</time>
</trkpt>
<trkpt lat="47.1654625" lon="3.8758681">
	<ele>335.60</ele>
	<time>1970-01-01T05:23:56.218Z</time>
</trkpt>
<trkpt lat="47.1653442" lon="3.8758640">
	<ele>335.40</ele>
	<time>1970-01-01T05:23:57.452Z</time>
</trkpt>
<trkpt lat="47.1652641" lon="3.8758891">
	<ele>335.09</ele>
	<time>1970-01-01T05:23:58.344Z</time>
</trkpt>
<trkpt lat="47.1651840" lon="3.8759329">
	<ele>334.46</ele>
	<time>1970-01-01T05:23:59.351Z</time>
</trkpt>
<trkpt lat="47.1651382" lon="3.8759689">
	<ele>334.15</ele>
	<time>1970-01-01T05:24:00.111Z</time>
</trkpt>
<trkpt lat="47.1650925" lon="3.8760059">
	<ele>333.74</ele>
	<time>1970-01-01T05:24:00.927Z</time>
</trkpt>
<trkpt lat="47.1648293" lon="3.8763471">
	<ele>330.13</ele>
	<time>1970-01-01T05:24:12.394Z</time>
</trkpt>
<trkpt lat="47.1644173" lon="3.8767681">
	<ele>330.72</ele>
	<time>1970-01-01T05:24:21.597Z</time>
</trkpt>
<trkpt lat="47.1643524" lon="3.8768060">
	<ele>330.46</ele>
	<time>1970-01-01T05:24:22.696Z</time>
</trkpt>
<trkpt lat="47.1643066" lon="3.8767641">
	<ele>329.03</ele>
	<time>1970-01-01T05:24:23.342Z</time>
</trkpt>
<trkpt lat="47.1642838" lon="3.8767090">
	<ele>327.69</ele>
	<time>1970-01-01T05:24:23.809Z</time>
</trkpt>
<trkpt lat="47.1642265" lon="3.8767631">
	<ele>327.98</ele>
	<time>1970-01-01T05:24:24.912Z</time>
</trkpt>
<trkpt lat="47.1640701" lon="3.8769870">
	<ele>327.57</ele>
	<time>1970-01-01T05:24:28.723Z</time>
</trkpt>
<trkpt lat="47.1636391" lon="3.8777490">
	<ele>328.22</ele>
	<time>1970-01-01T05:24:37.150Z</time>
</trkpt>
<trkpt lat="47.1634064" lon="3.8782210">
	<ele>329.44</ele>
	<time>1970-01-01T05:24:42.063Z</time>
</trkpt>
<trkpt lat="47.1633453" lon="3.8784010">
	<ele>329.29</ele>
	<time>1970-01-01T05:24:43.734Z</time>
</trkpt>
<trkpt lat="47.1631775" lon="3.8789761">
	<ele>328.09</ele>
	<time>1970-01-01T05:24:49.723Z</time>
</trkpt>
<trkpt lat="47.1631355" lon="3.8793120">
	<ele>326.50</ele>
	<time>1970-01-01T05:24:54.507Z</time>
</trkpt>
<trkpt lat="47.1631012" lon="3.8794911">
	<ele>326.18</ele>
	<time>1970-01-01T05:24:57.803Z</time>
</trkpt>
<trkpt lat="47.1630440" lon="3.8796630">
	<ele>326.15</ele>
	<time>1970-01-01T05:25:01.392Z</time>
</trkpt>
<trkpt lat="47.1629028" lon="3.8799901">
	<ele>327.64</ele>
	<time>1970-01-01T05:25:09.367Z</time>
</trkpt>
<trkpt lat="47.1628418" lon="3.8801670">
	<ele>327.68</ele>
	<time>1970-01-01T05:25:13.003Z</time>
</trkpt>
<trkpt lat="47.1625900" lon="3.8810301">
	<ele>326.55</ele>
	<time>1970-01-01T05:25:24.255Z</time>
</trkpt>
<trkpt lat="47.1625557" lon="3.8811550">
	<ele>326.10</ele>
	<time>1970-01-01T05:25:26.094Z</time>
</trkpt>
<trkpt lat="47.1624908" lon="3.8812830">
	<ele>325.35</ele>
	<time>1970-01-01T05:25:28.279Z</time>
</trkpt>
<trkpt lat="47.1623726" lon="3.8814180">
	<ele>325.92</ele>
	<time>1970-01-01T05:25:33.069Z</time>
</trkpt>
<trkpt lat="47.1622581" lon="3.8814499">
	<ele>326.98</ele>
	<time>1970-01-01T05:25:37.166Z</time>
</trkpt>
<trkpt lat="47.1621017" lon="3.8814399">
	<ele>327.01</ele>
	<time>1970-01-01T05:25:43.014Z</time>
</trkpt>
<trkpt lat="47.1619720" lon="3.8813901">
	<ele>326.71</ele>
	<time>1970-01-01T05:25:47.977Z</time>
</trkpt>
<trkpt lat="47.1614380" lon="3.8808601">
	<ele>327.34</ele>
	<time>1970-01-01T05:25:57.326Z</time>
</trkpt>
<trkpt lat="47.1613007" lon="3.8807890">
	<ele>326.46</ele>
	<time>1970-01-01T05:25:59.263Z</time>
</trkpt>
<trkpt lat="47.1611099" lon="3.8807960">
	<ele>326.44</ele>
	<time>1970-01-01T05:26:02.070Z</time>
</trkpt>
<trkpt lat="47.1605415" lon="3.8809891">
	<ele>326.18</ele>
	<time>1970-01-01T05:26:12.844Z</time>
</trkpt>
<trkpt lat="47.1603050" lon="3.8811550">
	<ele>327.05</ele>
	<time>1970-01-01T05:26:17.393Z</time>
</trkpt>
<trkpt lat="47.1601601" lon="3.8813031">
	<ele>328.23</ele>
	<time>1970-01-01T05:26:20.574Z</time>
</trkpt>
<trkpt lat="47.1595383" lon="3.8821211">
	<ele>330.65</ele>
	<time>1970-01-01T05:26:35.666Z</time>
</trkpt>
<trkpt lat="47.1594238" lon="3.8823180">
	<ele>328.97</ele>
	<time>1970-01-01T05:26:39.165Z</time>
</trkpt>
<trkpt lat="47.1593628" lon="3.8825431">
	<ele>327.55</ele>
	<time>1970-01-01T05:26:43.211Z</time>
</trkpt>
<trkpt lat="47.1590271" lon="3.8843350">
	<ele>324.74</ele>
	<time>1970-01-01T05:27:04.285Z</time>
</trkpt>
<trkpt lat="47.1588669" lon="3.8849320">
	<ele>325.30</ele>
	<time>1970-01-01T05:27:09.378Z</time>
</trkpt>
<trkpt lat="47.1585960" lon="3.8858690">
	<ele>329.05</ele>
	<time>1970-01-01T05:27:27.880Z</time>
</trkpt>
<trkpt lat="47.1584625" lon="3.8862591">
	<ele>330.58</ele>
	<time>1970-01-01T05:27:35.983Z</time>
</trkpt>
<trkpt lat="47.1583900" lon="3.8864329">
	<ele>331.38</ele>
	<time>1970-01-01T05:27:39.601Z</time>
</trkpt>
<trkpt lat="47.1582184" lon="3.8867440">
	<ele>332.02</ele>
	<time>1970-01-01T05:27:45.551Z</time>
</trkpt>
<trkpt lat="47.1580353" lon="3.8869891">
	<ele>329.92</ele>
	<time>1970-01-01T05:27:48.699Z</time>
</trkpt>
<trkpt lat="47.1579628" lon="3.8871770">
	<ele>330.00</ele>
	<time>1970-01-01T05:27:50.540Z</time>
</trkpt>
<trkpt lat="47.1579094" lon="3.8873570">
	<ele>329.66</ele>
	<time>1970-01-01T05:27:52.111Z</time>
</trkpt>
<trkpt lat="47.1579056" lon="3.8874371">
	<ele>329.77</ele>
	<time>1970-01-01T05:27:52.764Z</time>
</trkpt>
<trkpt lat="47.1579208" lon="3.8876250">
	<ele>329.66</ele>
	<time>1970-01-01T05:27:54.271Z</time>
</trkpt>
<trkpt lat="47.1579361" lon="3.8877280">
	<ele>329.19</ele>
	<time>1970-01-01T05:27:55.127Z</time>
</trkpt>
<trkpt lat="47.1579781" lon="3.8878300">
	<ele>328.54</ele>
	<time>1970-01-01T05:27:56.164Z</time>
</trkpt>
<trkpt lat="47.1582146" lon="3.8882070">
	<ele>325.33</ele>
	<time>1970-01-01T05:28:02.329Z</time>
</trkpt>
<trkpt lat="47.1582794" lon="3.8883770">
	<ele>324.46</ele>
	<time>1970-01-01T05:28:04.732Z</time>
</trkpt>
<trkpt lat="47.1583176" lon="3.8885500">
	<ele>324.77</ele>
	<time>1970-01-01T05:28:06.732Z</time>
</trkpt>
<trkpt lat="47.1585274" lon="3.8905590">
	<ele>325.10</ele>
	<time>1970-01-01T05:28:30.573Z</time>
</trkpt>
<trkpt lat="47.1585159" lon="3.8907051">
	<ele>324.94</ele>
	<time>1970-01-01T05:28:32.150Z</time>
</trkpt>
<trkpt lat="47.1584892" lon="3.8908579">
	<ele>325.46</ele>
	<time>1970-01-01T05:28:33.713Z</time>
</trkpt>
<trkpt lat="47.1584435" lon="3.8909910">
	<ele>325.77</ele>
	<time>1970-01-01T05:28:35.361Z</time>
</trkpt>
<trkpt lat="47.1578522" lon="3.8920641">
	<ele>328.14</ele>
	<time>1970-01-01T05:28:47.310Z</time>
</trkpt>
<trkpt lat="47.1577377" lon="3.8923409">
	<ele>326.64</ele>
	<time>1970-01-01T05:28:50.533Z</time>
</trkpt>
<trkpt lat="47.1576653" lon="3.8926351">
	<ele>326.18</ele>
	<time>1970-01-01T05:28:53.629Z</time>
</trkpt>
<trkpt lat="47.1576385" lon="3.8928349">
	<ele>325.95</ele>
	<time>1970-01-01T05:28:55.451Z</time>
</trkpt>
<trkpt lat="47.1576424" lon="3.8930659">
	<ele>325.58</ele>
	<time>1970-01-01T05:28:57.623Z</time>
</trkpt>
<trkpt lat="47.1576996" lon="3.8933980">
	<ele>324.78</ele>
	<time>1970-01-01T05:29:01.303Z</time>
</trkpt>
<trkpt lat="47.1577950" lon="3.8937581">
	<ele>325.84</ele>
	<time>1970-01-01T05:29:06.372Z</time>
</trkpt>
<trkpt lat="47.1578560" lon="3.8940339">
	<ele>326.83</ele>
	<time>1970-01-01T05:29:10.424Z</time>
</trkpt>
<trkpt lat="47.1579285" lon="3.8942561">
	<ele>326.93</ele>
	<time>1970-01-01T05:29:13.860Z</time>
</trkpt>
<trkpt lat="47.1579933" lon="3.8944030">
	<ele>326.72</ele>
	<time>1970-01-01T05:29:16.183Z</time>
</trkpt>
<trkpt lat="47.1581154" lon="3.8945780">
	<ele>327.33</ele>
	<time>1970-01-01T05:29:19.545Z</time>
</trkpt>
<trkpt lat="47.1584549" lon="3.8950219">
	<ele>324.51</ele>
	<time>1970-01-01T05:29:26.772Z</time>
</trkpt>
<trkpt lat="47.1587753" lon="3.8954301">
	<ele>322.31</ele>
	<time>1970-01-01T05:29:33.858Z</time>
</trkpt>
<trkpt lat="47.1588554" lon="3.8955481">
	<ele>324.53</ele>
	<time>1970-01-01T05:29:35.870Z</time>
</trkpt>
<trkpt lat="47.1588898" lon="3.8956161">
	<ele>325.47</ele>
	<time>1970-01-01T05:29:36.612Z</time>
</trkpt>
<trkpt lat="47.1589279" lon="3.8957119">
	<ele>326.02</ele>
	<time>1970-01-01T05:29:37.619Z</time>
</trkpt>
<trkpt lat="47.1589813" lon="3.8959899">
	<ele>328.13</ele>
	<time>1970-01-01T05:29:40.810Z</time>
</trkpt>
<trkpt lat="47.1591759" lon="3.8979630">
	<ele>326.42</ele>
	<time>1970-01-01T05:30:08.969Z</time>
</trkpt>
<trkpt lat="47.1591835" lon="3.8982799">
	<ele>325.25</ele>
	<time>1970-01-01T05:30:12.471Z</time>
</trkpt>
<trkpt lat="47.1591797" lon="3.8984859">
	<ele>325.70</ele>
	<time>1970-01-01T05:30:15.011Z</time>
</trkpt>
<trkpt lat="47.1591492" lon="3.8986530">
	<ele>325.75</ele>
	<time>1970-01-01T05:30:17.225Z</time>
</trkpt>
<trkpt lat="47.1590958" lon="3.8988299">
	<ele>324.57</ele>
	<time>1970-01-01T05:30:20.126Z</time>
</trkpt>
<trkpt lat="47.1589813" lon="3.8990500">
	<ele>325.84</ele>
	<time>1970-01-01T05:30:24.090Z</time>
</trkpt>
<trkpt lat="47.1588173" lon="3.8992469">
	<ele>327.48</ele>
	<time>1970-01-01T05:30:28.603Z</time>
</trkpt>
<trkpt lat="47.1581917" lon="3.8996911">
	<ele>326.09</ele>
	<time>1970-01-01T05:30:46.118Z</time>
</trkpt>
<trkpt lat="47.1580582" lon="3.8998220">
	<ele>325.61</ele>
	<time>1970-01-01T05:30:49.951Z</time>
</trkpt>
<trkpt lat="47.1579437" lon="3.9000180">
	<ele>325.75</ele>
	<time>1970-01-01T05:30:54.658Z</time>
</trkpt>
<trkpt lat="47.1578712" lon="3.9002509">
	<ele>326.11</ele>
	<time>1970-01-01T05:30:59.583Z</time>
</trkpt>
<trkpt lat="47.1578407" lon="3.9005370">
	<ele>327.56</ele>
	<time>1970-01-01T05:31:06.007Z</time>
</trkpt>
<trkpt lat="47.1578369" lon="3.9007890">
	<ele>328.65</ele>
	<time>1970-01-01T05:31:12.340Z</time>
</trkpt>
<trkpt lat="47.1578522" lon="3.9009659">
	<ele>328.71</ele>
	<time>1970-01-01T05:31:17.092Z</time>
</trkpt>
<trkpt lat="47.1579208" lon="3.9012139">
	<ele>328.02</ele>
	<time>1970-01-01T05:31:20.604Z</time>
</trkpt>
<trkpt lat="47.1579971" lon="3.9013619">
	<ele>327.47</ele>
	<time>1970-01-01T05:31:23.385Z</time>
</trkpt>
<trkpt lat="47.1581459" lon="3.9015760">
	<ele>327.10</ele>
	<time>1970-01-01T05:31:29.454Z</time>
</trkpt>
<trkpt lat="47.1583900" lon="3.9018710">
	<ele>328.24</ele>
	<time>1970-01-01T05:31:42.127Z</time>
</trkpt>
<trkpt lat="47.1586838" lon="3.9022679">
	<ele>328.67</ele>
	<time>1970-01-01T05:32:05.011Z</time>
</trkpt>
<trkpt lat="47.1588516" lon="3.9025099">
	<ele>327.44</ele>
	<time>1970-01-01T05:32:18.279Z</time>
</trkpt>
<trkpt lat="47.1590576" lon="3.9028230">
	<ele>331.67</ele>
	<time>1970-01-01T05:32:26.861Z</time>
</trkpt>
<trkpt lat="47.1591110" lon="3.9029839">
	<ele>328.51</ele>
	<time>1970-01-01T05:32:31.370Z</time>
</trkpt>
<trkpt lat="47.1591301" lon="3.9030731">
	<ele>327.19</ele>
	<time>1970-01-01T05:32:33.011Z</time>
</trkpt>
<trkpt lat="47.1591301" lon="3.9032359">
	<ele>326.32</ele>
	<time>1970-01-01T05:32:34.484Z</time>
</trkpt>
<trkpt lat="47.1590996" lon="3.9033461">
	<ele>323.47</ele>
	<time>1970-01-01T05:32:35.831Z</time>
</trkpt>
<trkpt lat="47.1590652" lon="3.9034460">
	<ele>318.97</ele>
	<time>1970-01-01T05:32:37.189Z</time>
</trkpt>
<trkpt lat="47.1583214" lon="3.9044530">
	<ele>322.65</ele>
	<time>1970-01-01T05:32:48.570Z</time>
</trkpt>
<trkpt lat="47.1582756" lon="3.9044721">
	<ele>324.62</ele>
	<time>1970-01-01T05:32:49.045Z</time>
</trkpt>
<trkpt lat="47.1580811" lon="3.9043860">
	<ele>326.04</ele>
	<time>1970-01-01T05:32:52.227Z</time>
</trkpt>
<trkpt lat="47.1578636" lon="3.9043031">
	<ele>325.37</ele>
	<time>1970-01-01T05:32:59.491Z</time>
</trkpt>
<trkpt lat="47.1577606" lon="3.9042230">
	<ele>326.06</ele>
	<time>1970-01-01T05:33:03.385Z</time>
</trkpt>
<trkpt lat="47.1576004" lon="3.9040210">
	<ele>327.35</ele>
	<time>1970-01-01T05:33:09.563Z</time>
</trkpt>
<trkpt lat="47.1575165" lon="3.9039431">
	<ele>327.78</ele>
	<time>1970-01-01T05:33:12.036Z</time>
</trkpt>
<trkpt lat="47.1571922" lon="3.9037240">
	<ele>328.38</ele>
	<time>1970-01-01T05:33:20.962Z</time>
</trkpt>
<trkpt lat="47.1564484" lon="3.9033799">
	<ele>327.20</ele>
	<time>1970-01-01T05:33:37.165Z</time>
</trkpt>
<trkpt lat="47.1556435" lon="3.9027901">
	<ele>329.86</ele>
	<time>1970-01-01T05:33:56.215Z</time>
</trkpt>
<trkpt lat="47.1548347" lon="3.9020929">
	<ele>328.35</ele>
	<time>1970-01-01T05:34:14.425Z</time>
</trkpt>
<trkpt lat="47.1544037" lon="3.9016850">
	<ele>330.10</ele>
	<time>1970-01-01T05:34:27.843Z</time>
</trkpt>
<trkpt lat="47.1528931" lon="3.9001939">
	<ele>327.41</ele>
	<time>1970-01-01T05:34:53.444Z</time>
</trkpt>
<trkpt lat="47.1523247" lon="3.8999150">
	<ele>326.93</ele>
	<time>1970-01-01T05:35:00.709Z</time>
</trkpt>
<trkpt lat="47.1517906" lon="3.9000330">
	<ele>326.52</ele>
	<time>1970-01-01T05:35:06.948Z</time>
</trkpt>
<trkpt lat="47.1514053" lon="3.9003761">
	<ele>327.30</ele>
	<time>1970-01-01T05:35:15.668Z</time>
</trkpt>
<trkpt lat="47.1508064" lon="3.9009981">
	<ele>324.79</ele>
	<time>1970-01-01T05:35:29.045Z</time>
</trkpt>
<trkpt lat="47.1504288" lon="3.9013200">
	<ele>325.59</ele>
	<time>1970-01-01T05:35:43.043Z</time>
</trkpt>
<trkpt lat="47.1499100" lon="3.9014170">
	<ele>328.18</ele>
	<time>1970-01-01T05:35:51.016Z</time>
</trkpt>
<trkpt lat="47.1496468" lon="3.9017601">
	<ele>330.09</ele>
	<time>1970-01-01T05:36:00.670Z</time>
</trkpt>
<trkpt lat="47.1495705" lon="3.9019060">
	<ele>331.54</ele>
	<time>1970-01-01T05:36:04.500Z</time>
</trkpt>
<trkpt lat="47.1492386" lon="3.9025540">
	<ele>333.84</ele>
	<time>1970-01-01T05:36:19.133Z</time>
</trkpt>
<trkpt lat="47.1491203" lon="3.9028399">
	<ele>334.96</ele>
	<time>1970-01-01T05:36:25.032Z</time>
</trkpt>
<trkpt lat="47.1490631" lon="3.9030020">
	<ele>336.04</ele>
	<time>1970-01-01T05:36:29.041Z</time>
</trkpt>
<trkpt lat="47.1490326" lon="3.9031811">
	<ele>336.88</ele>
	<time>1970-01-01T05:36:31.414Z</time>
</trkpt>
<trkpt lat="47.1489944" lon="3.9035411">
	<ele>338.27</ele>
	<time>1970-01-01T05:36:40.987Z</time>
</trkpt>
<trkpt lat="47.1489525" lon="3.9036989">
	<ele>338.09</ele>
	<time>1970-01-01T05:36:45.891Z</time>
</trkpt>
<trkpt lat="47.1488495" lon="3.9038410">
	<ele>337.19</ele>
	<time>1970-01-01T05:36:52.597Z</time>
</trkpt>
<trkpt lat="47.1487503" lon="3.9039030">
	<ele>337.02</ele>
	<time>1970-01-01T05:36:57.158Z</time>
</trkpt>
<trkpt lat="47.1485214" lon="3.9039769">
	<ele>339.25</ele>
	<time>1970-01-01T05:37:05.467Z</time>
</trkpt>
<trkpt lat="47.1482620" lon="3.9039919">
	<ele>343.30</ele>
	<time>1970-01-01T05:37:12.177Z</time>
</trkpt>
<trkpt lat="47.1478882" lon="3.9040780">
	<ele>344.00</ele>
	<time>1970-01-01T05:37:20.996Z</time>
</trkpt>
<trkpt lat="47.1474457" lon="3.9042490">
	<ele>344.42</ele>
	<time>1970-01-01T05:37:32.613Z</time>
</trkpt>
<trkpt lat="47.1472206" lon="3.9044130">
	<ele>345.53</ele>
	<time>1970-01-01T05:37:38.363Z</time>
</trkpt>
<trkpt lat="47.1471024" lon="3.9045551">
	<ele>345.96</ele>
	<time>1970-01-01T05:37:41.935Z</time>
</trkpt>
<trkpt lat="47.1470108" lon="3.9048510">
	<ele>346.74</ele>
	<time>1970-01-01T05:37:50.033Z</time>
</trkpt>
<trkpt lat="47.1470108" lon="3.9049840">
	<ele>347.20</ele>
	<time>1970-01-01T05:37:53.910Z</time>
</trkpt>
<trkpt lat="47.1470222" lon="3.9052010">
	<ele>347.60</ele>
	<time>1970-01-01T05:37:59.629Z</time>
</trkpt>
<trkpt lat="47.1470642" lon="3.9053330">
	<ele>348.03</ele>
	<time>1970-01-01T00:00:01.883Z</time>
</trkpt>
<trkpt lat="47.1471672" lon="3.9055679">
	<ele>348.85</ele>
	<time>1970-01-01T00:00:06.154Z</time>
</trkpt>
<trkpt lat="47.1475868" lon="3.9060359">
	<ele>349.65</ele>
	<time>1970-01-01T00:00:23.837Z</time>
</trkpt>
<trkpt lat="47.1476707" lon="3.9061980">
	<ele>350.27</ele>
	<time>1970-01-01T00:00:29.288Z</time>
</trkpt>
<trkpt lat="47.1477432" lon="3.9063871">
	<ele>351.29</ele>
	<time>1970-01-01T00:00:35.733Z</time>
</trkpt>
<trkpt lat="47.1477852" lon="3.9065709">
	<ele>352.70</ele>
	<time>1970-01-01T00:00:42.324Z</time>
</trkpt>
<trkpt lat="47.1478043" lon="3.9068050">
	<ele>353.90</ele>
	<time>1970-01-01T00:00:51.436Z</time>
</trkpt>
<trkpt lat="47.1477966" lon="3.9070411">
	<ele>354.61</ele>
	<time>1970-01-01T00:01:01.134Z</time>
</trkpt>
<trkpt lat="47.1476021" lon="3.9077821">
	<ele>355.40</ele>
	<time>1970-01-01T00:01:28.301Z</time>
</trkpt>
<trkpt lat="47.1463623" lon="3.9089270">
	<ele>349.09</ele>
	<time>1970-01-01T00:01:50.624Z</time>
</trkpt>
<trkpt lat="47.1460419" lon="3.9093881">
	<ele>348.41</ele>
	<time>1970-01-01T00:01:57.707Z</time>
</trkpt>
<trkpt lat="47.1457939" lon="3.9099250">
	<ele>346.04</ele>
	<time>1970-01-01T00:02:05.097Z</time>
</trkpt>
<trkpt lat="47.1456146" lon="3.9103940">
	<ele>345.59</ele>
	<time>1970-01-01T00:02:13.622Z</time>
</trkpt>
<trkpt lat="47.1451149" lon="3.9111910">
	<ele>349.39</ele>
	<time>1970-01-01T00:02:29.062Z</time>
</trkpt>
<trkpt lat="47.1449051" lon="3.9115379">
	<ele>350.57</ele>
	<time>1970-01-01T00:02:37.468Z</time>
</trkpt>
<trkpt lat="47.1448479" lon="3.9116240">
	<ele>350.98</ele>
	<time>1970-01-01T00:02:39.764Z</time>
</trkpt>
<trkpt lat="47.1447716" lon="3.9117060">
	<ele>351.30</ele>
	<time>1970-01-01T00:02:42.386Z</time>
</trkpt>
<trkpt lat="47.1447144" lon="3.9117560">
	<ele>351.30</ele>
	<time>1970-01-01T00:02:44.407Z</time>
</trkpt>
<trkpt lat="47.1444283" lon="3.9118869">
	<ele>351.78</ele>
	<time>1970-01-01T00:02:51.264Z</time>
</trkpt>
<trkpt lat="47.1443710" lon="3.9119351">
	<ele>352.22</ele>
	<time>1970-01-01T00:02:52.859Z</time>
</trkpt>
<trkpt lat="47.1442986" lon="3.9120810">
	<ele>353.75</ele>
	<time>1970-01-01T00:02:55.986Z</time>
</trkpt>
<trkpt lat="47.1441879" lon="3.9125600">
	<ele>355.03</ele>
	<time>1970-01-01T00:03:07.172Z</time>
</trkpt>
<trkpt lat="47.1441422" lon="3.9126580">
	<ele>355.02</ele>
	<time>1970-01-01T00:03:08.978Z</time>
</trkpt>
<trkpt lat="47.1438904" lon="3.9130740">
	<ele>351.96</ele>
	<time>1970-01-01T00:03:13.855Z</time>
</trkpt>
<trkpt lat="47.1438713" lon="3.9132130">
	<ele>351.38</ele>
	<time>1970-01-01T00:03:15.051Z</time>
</trkpt>
<trkpt lat="47.1438828" lon="3.9133580">
	<ele>350.75</ele>
	<time>1970-01-01T00:03:16.189Z</time>
</trkpt>
<trkpt lat="47.1439171" lon="3.9134541">
	<ele>350.12</ele>
	<time>1970-01-01T00:03:17.046Z</time>
</trkpt>
<trkpt lat="47.1439667" lon="3.9135189">
	<ele>349.67</ele>
	<time>1970-01-01T00:03:17.968Z</time>
</trkpt>
<trkpt lat="47.1442337" lon="3.9138391">
	<ele>346.69</ele>
	<time>1970-01-01T00:03:23.650Z</time>
</trkpt>
<trkpt lat="47.1443062" lon="3.9141090">
	<ele>345.48</ele>
	<time>1970-01-01T00:03:26.675Z</time>
</trkpt>
<trkpt lat="47.1442909" lon="3.9143860">
	<ele>346.46</ele>
	<time>1970-01-01T00:03:29.667Z</time>
</trkpt>
<trkpt lat="47.1441803" lon="3.9149270">
	<ele>346.89</ele>
	<time>1970-01-01T00:03:35.451Z</time>
</trkpt>
<trkpt lat="47.1441498" lon="3.9153039">
	<ele>347.87</ele>
	<time>1970-01-01T00:03:39.602Z</time>
</trkpt>
<trkpt lat="47.1441956" lon="3.9156430">
	<ele>348.15</ele>
	<time>1970-01-01T00:03:42.267Z</time>
</trkpt>
<trkpt lat="47.1444397" lon="3.9163599">
	<ele>344.19</ele>
	<time>1970-01-01T00:03:49.755Z</time>
</trkpt>
<trkpt lat="47.1445236" lon="3.9166839">
	<ele>343.21</ele>
	<time>1970-01-01T00:03:52.958Z</time>
</trkpt>
<trkpt lat="47.1445236" lon="3.9170380">
	<ele>342.19</ele>
	<time>1970-01-01T00:03:56.043Z</time>
</trkpt>
<trkpt lat="47.1444817" lon="3.9172630">
	<ele>341.16</ele>
	<time>1970-01-01T00:03:57.890Z</time>
</trkpt>
<trkpt lat="47.1443062" lon="3.9175529">
	<ele>340.41</ele>
	<time>1970-01-01T00:04:01.584Z</time>
</trkpt>
<trkpt lat="47.1440582" lon="3.9178641">
	<ele>340.99</ele>
	<time>1970-01-01T00:04:05.377Z</time>
</trkpt>
<trkpt lat="47.1439362" lon="3.9181070">
	<ele>341.92</ele>
	<time>1970-01-01T00:04:07.836Z</time>
</trkpt>
<trkpt lat="47.1439133" lon="3.9184010">
	<ele>343.40</ele>
	<time>1970-01-01T00:04:10.488Z</time>
</trkpt>
<trkpt lat="47.1439972" lon="3.9187219">
	<ele>343.59</ele>
	<time>1970-01-01T00:04:13.079Z</time>
</trkpt>
<trkpt lat="47.1440697" lon="3.9191120">
	<ele>343.88</ele>
	<time>1970-01-01T00:04:17.875Z</time>
</trkpt>
<trkpt lat="47.1440887" lon="3.9195161">
	<ele>345.13</ele>
	<time>1970-01-01T00:04:25.785Z</time>
</trkpt>
<trkpt lat="47.1440048" lon="3.9208291">
	<ele>345.80</ele>
	<time>1970-01-01T00:04:50.865Z</time>
</trkpt>
<trkpt lat="47.1439400" lon="3.9212661">
	<ele>343.81</ele>
	<time>1970-01-01T00:04:57.398Z</time>
</trkpt>
<trkpt lat="47.1438866" lon="3.9214699">
	<ele>341.66</ele>
	<time>1970-01-01T00:04:59.404Z</time>
</trkpt>
<trkpt lat="47.1438599" lon="3.9216430">
	<ele>340.54</ele>
	<time>1970-01-01T00:05:00.691Z</time>
</trkpt>
<trkpt lat="47.1438828" lon="3.9219320">
	<ele>339.96</ele>
	<time>1970-01-01T00:05:03.609Z</time>
</trkpt>
<trkpt lat="47.1439819" lon="3.9222620">
	<ele>339.91</ele>
	<time>1970-01-01T00:05:06.848Z</time>
</trkpt>
<trkpt lat="47.1440544" lon="3.9226091">
	<ele>337.24</ele>
	<time>1970-01-01T00:05:09.651Z</time>
</trkpt>
<trkpt lat="47.1440506" lon="3.9228261">
	<ele>334.01</ele>
	<time>1970-01-01T00:05:11.197Z</time>
</trkpt>
<trkpt lat="47.1440315" lon="3.9229059">
	<ele>333.43</ele>
	<time>1970-01-01T00:05:11.739Z</time>
</trkpt>
<trkpt lat="47.1439857" lon="3.9230230">
	<ele>332.44</ele>
	<time>1970-01-01T00:05:12.586Z</time>
</trkpt>
<trkpt lat="47.1437645" lon="3.9233789">
	<ele>333.56</ele>
	<time>1970-01-01T00:05:15.466Z</time>
</trkpt>
<trkpt lat="47.1435814" lon="3.9237220">
	<ele>332.00</ele>
	<time>1970-01-01T00:05:18.106Z</time>
</trkpt>
<trkpt lat="47.1435242" lon="3.9242499">
	<ele>330.06</ele>
	<time>1970-01-01T00:05:21.654Z</time>
</trkpt>
<trkpt lat="47.1432190" lon="3.9266219">
	<ele>326.78</ele>
	<time>1970-01-01T00:05:43.166Z</time>
</trkpt>
<trkpt lat="47.1432152" lon="3.9270339">
	<ele>327.69</ele>
	<time>1970-01-01T00:05:48.328Z</time>
</trkpt>
<trkpt lat="47.1432381" lon="3.9278040">
	<ele>331.53</ele>
	<time>1970-01-01T00:05:57.998Z</time>
</trkpt>
<trkpt lat="47.1432343" lon="3.9279411">
	<ele>330.67</ele>
	<time>1970-01-01T00:05:59.470Z</time>
</trkpt>
<trkpt lat="47.1432076" lon="3.9280660">
	<ele>328.54</ele>
	<time>1970-01-01T00:06:00.666Z</time>
</trkpt>
<trkpt lat="47.1431732" lon="3.9281430">
	<ele>326.37</ele>
	<time>1970-01-01T00:06:01.411Z</time>
</trkpt>
<trkpt lat="47.1433029" lon="3.9283111">
	<ele>329.28</ele>
	<time>1970-01-01T00:06:04.273Z</time>
</trkpt>
<trkpt lat="47.1434097" lon="3.9285550">
	<ele>328.62</ele>
	<time>1970-01-01T00:06:07.462Z</time>
</trkpt>
<trkpt lat="47.1435165" lon="3.9287429">
	<ele>327.52</ele>
	<time>1970-01-01T00:06:09.258Z</time>
</trkpt>
<trkpt lat="47.1436272" lon="3.9288640">
	<ele>327.76</ele>
	<time>1970-01-01T00:06:11.152Z</time>
</trkpt>
<trkpt lat="47.1439552" lon="3.9291179">
	<ele>330.49</ele>
	<time>1970-01-01T00:06:18.743Z</time>
</trkpt>
<trkpt lat="47.1440697" lon="3.9292510">
	<ele>331.46</ele>
	<time>1970-01-01T00:06:22.031Z</time>
</trkpt>
<trkpt lat="47.1442146" lon="3.9295149">
	<ele>332.72</ele>
	<time>1970-01-01T00:06:26.975Z</time>
</trkpt>
<trkpt lat="47.1442757" lon="3.9296920">
	<ele>332.72</ele>
	<time>1970-01-01T00:06:29.501Z</time>
</trkpt>
<trkpt lat="47.1443138" lon="3.9298861">
	<ele>332.41</ele>
	<time>1970-01-01T00:06:33.000Z</time>
</trkpt>
<trkpt lat="47.1443672" lon="3.9303150">
	<ele>332.16</ele>
	<time>1970-01-01T00:06:37.529Z</time>
</trkpt>
<trkpt lat="47.1443863" lon="3.9307830">
	<ele>330.54</ele>
	<time>1970-01-01T00:06:43.346Z</time>
</trkpt>
<trkpt lat="47.1444435" lon="3.9311581">
	<ele>328.57</ele>
	<time>1970-01-01T00:06:46.294Z</time>
</trkpt>
<trkpt lat="47.1445465" lon="3.9315240">
	<ele>328.48</ele>
	<time>1970-01-01T00:06:50.362Z</time>
</trkpt>
<trkpt lat="47.1445999" lon="3.9317701">
	<ele>329.39</ele>
	<time>1970-01-01T00:06:53.361Z</time>
</trkpt>
<trkpt lat="47.1446304" lon="3.9320250">
	<ele>329.89</ele>
	<time>1970-01-01T00:06:56.812Z</time>
</trkpt>
<trkpt lat="47.1446609" lon="3.9324811">
	<ele>329.90</ele>
	<time>1970-01-01T00:07:02.805Z</time>
</trkpt>
<trkpt lat="47.1446609" lon="3.9327371">
	<ele>328.40</ele>
	<time>1970-01-01T00:07:06.479Z</time>
</trkpt>
<trkpt lat="47.1446991" lon="3.9330490">
	<ele>328.44</ele>
	<time>1970-01-01T00:07:12.279Z</time>
</trkpt>
<trkpt lat="47.1447868" lon="3.9332500">
	<ele>329.08</ele>
	<time>1970-01-01T00:07:17.795Z</time>
</trkpt>
<trkpt lat="47.1449699" lon="3.9335160">
	<ele>332.13</ele>
	<time>1970-01-01T00:07:26.152Z</time>
</trkpt>
<trkpt lat="47.1451263" lon="3.9338729">
	<ele>332.13</ele>
	<time>1970-01-01T00:07:33.280Z</time>
</trkpt>
<trkpt lat="47.1457825" lon="3.9357619">
	<ele>333.75</ele>
	<time>1970-01-01T00:07:56.501Z</time>
</trkpt>
<trkpt lat="47.1460304" lon="3.9364519">
	<ele>333.06</ele>
	<time>1970-01-01T00:08:07.503Z</time>
</trkpt>
<trkpt lat="47.1461067" lon="3.9367371">
	<ele>334.09</ele>
	<time>1970-01-01T00:08:12.819Z</time>
</trkpt>
<trkpt lat="47.1461411" lon="3.9369500">
	<ele>335.66</ele>
	<time>1970-01-01T00:08:16.523Z</time>
</trkpt>
<trkpt lat="47.1461220" lon="3.9371619">
	<ele>336.68</ele>
	<time>1970-01-01T00:08:21.685Z</time>
</trkpt>
<trkpt lat="47.1460686" lon="3.9373610">
	<ele>337.68</ele>
	<time>1970-01-01T00:08:26.409Z</time>
</trkpt>
<trkpt lat="47.1459618" lon="3.9376459">
	<ele>338.30</ele>
	<time>1970-01-01T00:08:31.970Z</time>
</trkpt>
<trkpt lat="47.1455536" lon="3.9384620">
	<ele>335.82</ele>
	<time>1970-01-01T00:08:54.470Z</time>
</trkpt>
<trkpt lat="47.1449280" lon="3.9399059">
	<ele>334.99</ele>
	<time>1970-01-01T00:09:29.683Z</time>
</trkpt>
<trkpt lat="47.1446419" lon="3.9407020">
	<ele>334.17</ele>
	<time>1970-01-01T00:09:58.687Z</time>
</trkpt>
<trkpt lat="47.1445427" lon="3.9410350">
	<ele>334.31</ele>
	<time>1970-01-01T00:10:06.896Z</time>
</trkpt>
<trkpt lat="47.1445122" lon="3.9412179">
	<ele>333.78</ele>
	<time>1970-01-01T00:10:11.083Z</time>
</trkpt>
<trkpt lat="47.1445007" lon="3.9414339">
	<ele>333.76</ele>
	<time>1970-01-01T00:10:16.656Z</time>
</trkpt>
<trkpt lat="47.1445770" lon="3.9428930">
	<ele>338.29</ele>
	<time>1970-01-01T00:11:16.292Z</time>
</trkpt>
<trkpt lat="47.1445999" lon="3.9432240">
	<ele>337.61</ele>
	<time>1970-01-01T00:11:24.353Z</time>
</trkpt>
<trkpt lat="47.1446419" lon="3.9434640">
	<ele>338.72</ele>
	<time>1970-01-01T00:11:29.785Z</time>
</trkpt>
<trkpt lat="47.1448135" lon="3.9439859">
	<ele>344.60</ele>
	<time>1970-01-01T00:11:40.748Z</time>
</trkpt>
<trkpt lat="47.1448517" lon="3.9441559">
	<ele>346.06</ele>
	<time>1970-01-01T00:11:43.330Z</time>
</trkpt>
<trkpt lat="47.1448784" lon="3.9443910">
	<ele>346.41</ele>
	<time>1970-01-01T00:11:48.137Z</time>
</trkpt>
<trkpt lat="47.1448784" lon="3.9447770">
	<ele>347.02</ele>
	<time>1970-01-01T00:11:58.485Z</time>
</trkpt>
<trkpt lat="47.1448517" lon="3.9451940">
	<ele>348.68</ele>
	<time>1970-01-01T00:12:09.635Z</time>
</trkpt>
<trkpt lat="47.1448212" lon="3.9453831">
	<ele>349.23</ele>
	<time>1970-01-01T00:12:13.662Z</time>
</trkpt>
<trkpt lat="47.1446495" lon="3.9461560">
	<ele>349.60</ele>
	<time>1970-01-01T00:12:25.958Z</time>
</trkpt>
<trkpt lat="47.1445656" lon="3.9466691">
	<ele>351.12</ele>
	<time>1970-01-01T00:12:31.880Z</time>
</trkpt>
<trkpt lat="47.1444778" lon="3.9471741">
	<ele>353.64</ele>
	<time>1970-01-01T00:12:40.558Z</time>
</trkpt>
<trkpt lat="47.1444321" lon="3.9473400">
	<ele>354.56</ele>
	<time>1970-01-01T00:12:43.225Z</time>
</trkpt>
<trkpt lat="47.1443367" lon="3.9475710">
	<ele>353.68</ele>
	<time>1970-01-01T00:12:46.325Z</time>
</trkpt>
<trkpt lat="47.1441612" lon="3.9478271">
	<ele>350.57</ele>
	<time>1970-01-01T00:12:49.208Z</time>
</trkpt>
<trkpt lat="47.1439056" lon="3.9481120">
	<ele>345.01</ele>
	<time>1970-01-01T00:12:55.743Z</time>
</trkpt>
<trkpt lat="47.1437492" lon="3.9483550">
	<ele>343.49</ele>
	<time>1970-01-01T00:13:00.465Z</time>
</trkpt>
<trkpt lat="47.1436501" lon="3.9486110">
	<ele>343.70</ele>
	<time>1970-01-01T00:13:04.780Z</time>
</trkpt>
<trkpt lat="47.1436005" lon="3.9488270">
	<ele>344.43</ele>
	<time>1970-01-01T00:13:08.471Z</time>
</trkpt>
<trkpt lat="47.1435928" lon="3.9492180">
	<ele>345.86</ele>
	<time>1970-01-01T00:13:17.271Z</time>
</trkpt>
<trkpt lat="47.1436081" lon="3.9495649">
	<ele>347.36</ele>
	<time>1970-01-01T00:13:24.785Z</time>
</trkpt>
<trkpt lat="47.1436577" lon="3.9501500">
	<ele>352.21</ele>
	<time>1970-01-01T00:13:33.647Z</time>
</trkpt>
<trkpt lat="47.1436577" lon="3.9504220">
	<ele>354.47</ele>
	<time>1970-01-01T00:13:39.063Z</time>
</trkpt>
<trkpt lat="47.1436272" lon="3.9505999">
	<ele>354.23</ele>
	<time>1970-01-01T00:13:42.220Z</time>
</trkpt>
<trkpt lat="47.1434631" lon="3.9511681">
	<ele>353.62</ele>
	<time>1970-01-01T00:13:50.976Z</time>
</trkpt>
<trkpt lat="47.1432571" lon="3.9517720">
	<ele>355.10</ele>
	<time>1970-01-01T00:14:07.347Z</time>
</trkpt>
<trkpt lat="47.1431694" lon="3.9519441">
	<ele>355.76</ele>
	<time>1970-01-01T00:14:14.591Z</time>
</trkpt>
<trkpt lat="47.1425858" lon="3.9526320">
	<ele>358.70</ele>
	<time>1970-01-01T00:14:39.798Z</time>
</trkpt>
<trkpt lat="47.1424217" lon="3.9528010">
	<ele>360.12</ele>
	<time>1970-01-01T00:14:48.407Z</time>
</trkpt>
<trkpt lat="47.1422806" lon="3.9528999">
	<ele>360.69</ele>
	<time>1970-01-01T00:14:55.535Z</time>
</trkpt>
<trkpt lat="47.1419792" lon="3.9530830">
	<ele>360.64</ele>
	<time>1970-01-01T00:15:08.797Z</time>
</trkpt>
<trkpt lat="47.1415977" lon="3.9532731">
	<ele>361.30</ele>
	<time>1970-01-01T00:15:21.883Z</time>
</trkpt>
<trkpt lat="47.1410561" lon="3.9534149">
	<ele>356.26</ele>
	<time>1970-01-01T00:15:31.739Z</time>
</trkpt>
<trkpt lat="47.1408997" lon="3.9535091">
	<ele>354.85</ele>
	<time>1970-01-01T00:15:34.349Z</time>
</trkpt>
<trkpt lat="47.1406403" lon="3.9537771">
	<ele>354.40</ele>
	<time>1970-01-01T00:15:38.685Z</time>
</trkpt>
<trkpt lat="47.1404266" lon="3.9540350">
	<ele>352.64</ele>
	<time>1970-01-01T00:15:43.051Z</time>
</trkpt>
<trkpt lat="47.1403656" lon="3.9541149">
	<ele>352.35</ele>
	<time>1970-01-01T00:15:44.217Z</time>
</trkpt>
<trkpt lat="47.1402359" lon="3.9543180">
	<ele>353.00</ele>
	<time>1970-01-01T00:15:47.182Z</time>
</trkpt>
<trkpt lat="47.1401863" lon="3.9545150">
	<ele>354.70</ele>
	<time>1970-01-01T00:15:50.802Z</time>
</trkpt>
<trkpt lat="47.1401863" lon="3.9545159">
	<ele>354.71</ele>
	<time>1970-01-01T05:51:40.707Z</time>
</trkpt>
<trkpt lat="47.1401863" lon="3.9545150">
	<ele>354.70</ele>
	<time>1970-01-01T16:32:21.447Z</time>
</trkpt>
<trkpt lat="47.1401863" lon="3.9545159">
	<ele>354.71</ele>
	<time>1970-01-01T16:32:21.626Z</time>
</trkpt>
<trkpt lat="47.1401825" lon="3.9547360">
	<ele>356.33</ele>
	<time>1970-01-01T16:32:24.650Z</time>
</trkpt>
<trkpt lat="47.1403465" lon="3.9556439">
	<ele>362.50</ele>
	<time>1970-01-01T16:33:19.246Z</time>
</trkpt>
<trkpt lat="47.1405411" lon="3.9565370">
	<ele>367.60</ele>
	<time>1970-01-01T16:34:12.981Z</time>
</trkpt>
<trkpt lat="47.1407204" lon="3.9570041">
	<ele>366.96</ele>
	<time>1970-01-01T16:34:30.232Z</time>
</trkpt>
<trkpt lat="47.1409035" lon="3.9574211">
	<ele>369.54</ele>
	<time>1970-01-01T16:34:43.820Z</time>
</trkpt>
<trkpt lat="47.1412048" lon="3.9578919">
	<ele>371.17</ele>
	<time>1970-01-01T16:35:06.099Z</time>
</trkpt>
<trkpt lat="47.1413612" lon="3.9580719">
	<ele>372.11</ele>
	<time>1970-01-01T16:35:13.479Z</time>
</trkpt>
<trkpt lat="47.1416969" lon="3.9583809">
	<ele>372.40</ele>
	<time>1970-01-01T16:35:20.921Z</time>
</trkpt>
<trkpt lat="47.1419411" lon="3.9586329">
	<ele>372.67</ele>
	<time>1970-01-01T16:35:29.372Z</time>
</trkpt>
<trkpt lat="47.1420746" lon="3.9588320">
	<ele>375.12</ele>
	<time>1970-01-01T16:35:36.679Z</time>
</trkpt>
<trkpt lat="47.1421356" lon="3.9589660">
	<ele>376.90</ele>
	<time>1970-01-01T16:35:41.834Z</time>
</trkpt>
<trkpt lat="47.1423035" lon="3.9592071">
	<ele>379.43</ele>
	<time>1970-01-01T16:35:54.013Z</time>
</trkpt>
<trkpt lat="47.1425629" lon="3.9595151">
	<ele>382.69</ele>
	<time>1970-01-01T16:36:13.733Z</time>
</trkpt>
<trkpt lat="47.1428413" lon="3.9598100">
	<ele>384.61</ele>
	<time>1970-01-01T16:36:34.140Z</time>
</trkpt>
<trkpt lat="47.1430092" lon="3.9600620">
	<ele>386.26</ele>
	<time>1970-01-01T16:36:48.645Z</time>
</trkpt>
<trkpt lat="47.1431427" lon="3.9603140">
	<ele>388.39</ele>
	<time>1970-01-01T16:37:03.808Z</time>
</trkpt>
<trkpt lat="47.1433449" lon="3.9608779">
	<ele>394.53</ele>
	<time>1970-01-01T16:37:47.358Z</time>
</trkpt>
<trkpt lat="47.1434555" lon="3.9610851">
	<ele>395.19</ele>
	<time>1970-01-01T16:38:03.124Z</time>
</trkpt>
<trkpt lat="47.1436272" lon="3.9613380">
	<ele>394.78</ele>
	<time>1970-01-01T16:38:21.567Z</time>
</trkpt>
<trkpt lat="47.1436844" lon="3.9614379">
	<ele>394.73</ele>
	<time>1970-01-01T16:38:27.611Z</time>
</trkpt>
<trkpt lat="47.1437531" lon="3.9616871">
	<ele>397.00</ele>
	<time>1970-01-01T16:38:41.856Z</time>
</trkpt>
<trkpt lat="47.1438522" lon="3.9620609">
	<ele>399.68</ele>
	<time>1970-01-01T16:39:07.848Z</time>
</trkpt>
<trkpt lat="47.1438904" lon="3.9622500">
	<ele>401.35</ele>
	<time>1970-01-01T16:39:20.554Z</time>
</trkpt>
<trkpt lat="47.1439362" lon="3.9623590">
	<ele>401.68</ele>
	<time>1970-01-01T16:39:28.556Z</time>
</trkpt>
<trkpt lat="47.1440048" lon="3.9624519">
	<ele>401.58</ele>
	<time>1970-01-01T16:39:35.891Z</time>
</trkpt>
<trkpt lat="47.1440964" lon="3.9625030">
	<ele>401.02</ele>
	<time>1970-01-01T16:39:42.138Z</time>
</trkpt>
<trkpt lat="47.1442032" lon="3.9625120">
	<ele>399.89</ele>
	<time>1970-01-01T16:39:46.690Z</time>
</trkpt>
<trkpt lat="47.1443138" lon="3.9625030">
	<ele>398.97</ele>
	<time>1970-01-01T16:39:49.627Z</time>
</trkpt>
<trkpt lat="47.1444168" lon="3.9625239">
	<ele>398.88</ele>
	<time>1970-01-01T16:39:52.090Z</time>
</trkpt>
<trkpt lat="47.1445236" lon="3.9625800">
	<ele>399.22</ele>
	<time>1970-01-01T16:39:54.693Z</time>
</trkpt>
<trkpt lat="47.1446762" lon="3.9627731">
	<ele>402.78</ele>
	<time>1970-01-01T16:40:01.659Z</time>
</trkpt>
<trkpt lat="47.1449203" lon="3.9631779">
	<ele>407.82</ele>
	<time>1970-01-01T16:40:25.126Z</time>
</trkpt>
<trkpt lat="47.1450920" lon="3.9636531">
	<ele>413.88</ele>
	<time>1970-01-01T16:41:01.155Z</time>
</trkpt>
<trkpt lat="47.1451988" lon="3.9640150">
	<ele>415.05</ele>
	<time>1970-01-01T16:41:30.114Z</time>
</trkpt>
<trkpt lat="47.1453896" lon="3.9650240">
	<ele>422.03</ele>
	<time>1970-01-01T16:43:07.590Z</time>
</trkpt>
<trkpt lat="47.1455421" lon="3.9655311">
	<ele>424.11</ele>
	<time>1970-01-01T16:43:47.003Z</time>
</trkpt>
<trkpt lat="47.1458626" lon="3.9661911">
	<ele>427.41</ele>
	<time>1970-01-01T16:44:28.858Z</time>
</trkpt>
<trkpt lat="47.1460381" lon="3.9664280">
	<ele>430.84</ele>
	<time>1970-01-01T16:44:44.224Z</time>
</trkpt>
<trkpt lat="47.1461411" lon="3.9665310">
	<ele>431.16</ele>
	<time>1970-01-01T16:44:50.709Z</time>
</trkpt>
<trkpt lat="47.1464348" lon="3.9666650">
	<ele>429.00</ele>
	<time>1970-01-01T16:44:56.521Z</time>
</trkpt>
<trkpt lat="47.1465187" lon="3.9667590">
	<ele>428.64</ele>
	<time>1970-01-01T16:45:00.398Z</time>
</trkpt>
<trkpt lat="47.1465836" lon="3.9669249">
	<ele>429.80</ele>
	<time>1970-01-01T16:45:03.272Z</time>
</trkpt>
<trkpt lat="47.1466179" lon="3.9671161">
	<ele>431.44</ele>
	<time>1970-01-01T16:45:08.225Z</time>
</trkpt>
<trkpt lat="47.1466217" lon="3.9679890">
	<ele>437.93</ele>
	<time>1970-01-01T16:46:11.070Z</time>
</trkpt>
<trkpt lat="47.1466179" lon="3.9682591">
	<ele>437.46</ele>
	<time>1970-01-01T16:46:28.719Z</time>
</trkpt>
<trkpt lat="47.1465797" lon="3.9685781">
	<ele>439.10</ele>
	<time>1970-01-01T16:46:53.629Z</time>
</trkpt>
<trkpt lat="47.1465187" lon="3.9688649">
	<ele>443.12</ele>
	<time>1970-01-01T16:47:19.340Z</time>
</trkpt>
<trkpt lat="47.1464005" lon="3.9692521">
	<ele>449.27</ele>
	<time>1970-01-01T16:48:02.952Z</time>
</trkpt>
<trkpt lat="47.1463623" lon="3.9694910">
	<ele>451.51</ele>
	<time>1970-01-01T16:48:27.554Z</time>
</trkpt>
<trkpt lat="47.1463547" lon="3.9697490">
	<ele>453.87</ele>
	<time>1970-01-01T16:48:51.987Z</time>
</trkpt>
<trkpt lat="47.1463776" lon="3.9699271">
	<ele>454.69</ele>
	<time>1970-01-01T16:49:06.896Z</time>
</trkpt>
<trkpt lat="47.1464195" lon="3.9701200">
	<ele>454.95</ele>
	<time>1970-01-01T16:49:19.990Z</time>
</trkpt>
<trkpt lat="47.1466293" lon="3.9707060">
	<ele>451.87</ele>
	<time>1970-01-01T16:49:35.776Z</time>
</trkpt>
<trkpt lat="47.1466484" lon="3.9708631">
	<ele>452.45</ele>
	<time>1970-01-01T16:49:38.793Z</time>
</trkpt>
<trkpt lat="47.1466408" lon="3.9711001">
	<ele>453.32</ele>
	<time>1970-01-01T16:49:44.898Z</time>
</trkpt>
<trkpt lat="47.1466751" lon="3.9712601">
	<ele>454.12</ele>
	<time>1970-01-01T16:49:49.400Z</time>
</trkpt>
<trkpt lat="47.1467361" lon="3.9714341">
	<ele>456.11</ele>
	<time>1970-01-01T16:49:55.873Z</time>
</trkpt>
<trkpt lat="47.1469383" lon="3.9717450">
	<ele>460.39</ele>
	<time>1970-01-01T16:50:12.665Z</time>
</trkpt>
<trkpt lat="47.1472168" lon="3.9721451">
	<ele>462.52</ele>
	<time>1970-01-01T16:50:29.250Z</time>
</trkpt>
<trkpt lat="47.1472931" lon="3.9723251">
	<ele>462.82</ele>
	<time>1970-01-01T16:50:33.522Z</time>
</trkpt>
<trkpt lat="47.1473083" lon="3.9725370">
	<ele>462.94</ele>
	<time>1970-01-01T16:50:36.807Z</time>
</trkpt>
<trkpt lat="47.1472931" lon="3.9727149">
	<ele>462.95</ele>
	<time>1970-01-01T16:50:39.420Z</time>
</trkpt>
<trkpt lat="47.1472092" lon="3.9730220">
	<ele>464.20</ele>
	<time>1970-01-01T16:50:44.290Z</time>
</trkpt>
<trkpt lat="47.1471176" lon="3.9731801">
	<ele>466.25</ele>
	<time>1970-01-01T16:50:47.976Z</time>
</trkpt>
<trkpt lat="47.1470184" lon="3.9732881">
	<ele>467.82</ele>
	<time>1970-01-01T16:50:52.203Z</time>
</trkpt>
<trkpt lat="47.1467628" lon="3.9735260">
	<ele>471.98</ele>
	<time>1970-01-01T16:51:11.347Z</time>
</trkpt>
<trkpt lat="47.1465187" lon="3.9738250">
	<ele>475.53</ele>
	<time>1970-01-01T16:51:38.550Z</time>
</trkpt>
<trkpt lat="47.1464424" lon="3.9739549">
	<ele>476.91</ele>
	<time>1970-01-01T16:51:49.139Z</time>
</trkpt>
<trkpt lat="47.1463394" lon="3.9742200">
	<ele>478.97</ele>
	<time>1970-01-01T16:52:12.386Z</time>
</trkpt>
<trkpt lat="47.1462708" lon="3.9745431">
	<ele>481.66</ele>
	<time>1970-01-01T16:52:41.552Z</time>
</trkpt>
<trkpt lat="47.1462708" lon="3.9747710">
	<ele>482.84</ele>
	<time>1970-01-01T16:52:59.625Z</time>
</trkpt>
<trkpt lat="47.1463585" lon="3.9753971">
	<ele>480.94</ele>
	<time>1970-01-01T16:53:42.089Z</time>
</trkpt>
<trkpt lat="47.1464195" lon="3.9755740">
	<ele>479.79</ele>
	<time>1970-01-01T16:53:51.256Z</time>
</trkpt>
<trkpt lat="47.1464615" lon="3.9756470">
	<ele>479.89</ele>
	<time>1970-01-01T16:53:54.728Z</time>
</trkpt>
<trkpt lat="47.1465225" lon="3.9756861">
	<ele>480.12</ele>
	<time>1970-01-01T16:53:57.453Z</time>
</trkpt>
<trkpt lat="47.1466064" lon="3.9756801">
	<ele>480.64</ele>
	<time>1970-01-01T16:53:59.718Z</time>
</trkpt>
<trkpt lat="47.1466827" lon="3.9756451">
	<ele>481.62</ele>
	<time>1970-01-01T16:54:01.232Z</time>
</trkpt>
<trkpt lat="47.1467361" lon="3.9755850">
	<ele>482.70</ele>
	<time>1970-01-01T16:54:02.770Z</time>
</trkpt>
<trkpt lat="47.1467705" lon="3.9753881">
	<ele>482.70</ele>
	<time>1970-01-01T16:54:08.030Z</time>
</trkpt>
<trkpt lat="47.1468163" lon="3.9750581">
	<ele>482.09</ele>
	<time>1970-01-01T16:54:13.690Z</time>
</trkpt>
<trkpt lat="47.1468887" lon="3.9748089">
	<ele>482.63</ele>
	<time>1970-01-01T16:54:16.384Z</time>
</trkpt>
<trkpt lat="47.1469994" lon="3.9746461">
	<ele>482.90</ele>
	<time>1970-01-01T16:54:18.218Z</time>
</trkpt>
<trkpt lat="47.1471252" lon="3.9745300">
	<ele>483.20</ele>
	<time>1970-01-01T16:54:21.024Z</time>
</trkpt>
<trkpt lat="47.1472359" lon="3.9745080">
	<ele>484.15</ele>
	<time>1970-01-01T16:54:23.008Z</time>
</trkpt>
<trkpt lat="47.1473808" lon="3.9745419">
	<ele>485.21</ele>
	<time>1970-01-01T16:54:24.823Z</time>
</trkpt>
<trkpt lat="47.1477051" lon="3.9747310">
	<ele>488.36</ele>
	<time>1970-01-01T16:54:35.129Z</time>
</trkpt>
<trkpt lat="47.1478119" lon="3.9747491">
	<ele>488.55</ele>
	<time>1970-01-01T16:54:39.246Z</time>
</trkpt>
<trkpt lat="47.1478844" lon="3.9747369">
	<ele>488.48</ele>
	<time>1970-01-01T16:54:42.135Z</time>
</trkpt>
<trkpt lat="47.1481514" lon="3.9746239">
	<ele>487.58</ele>
	<time>1970-01-01T16:54:53.681Z</time>
</trkpt>
<trkpt lat="47.1482468" lon="3.9746130">
	<ele>488.04</ele>
	<time>1970-01-01T16:54:57.892Z</time>
</trkpt>
<trkpt lat="47.1483459" lon="3.9746540">
	<ele>489.69</ele>
	<time>1970-01-01T16:55:03.325Z</time>
</trkpt>
<trkpt lat="47.1484146" lon="3.9747231">
	<ele>491.60</ele>
	<time>1970-01-01T16:55:08.734Z</time>
</trkpt>
<trkpt lat="47.1484451" lon="3.9748509">
	<ele>494.29</ele>
	<time>1970-01-01T16:55:16.363Z</time>
</trkpt>
<trkpt lat="47.1484375" lon="3.9750280">
	<ele>497.27</ele>
	<time>1970-01-01T16:55:28.281Z</time>
</trkpt>
<trkpt lat="47.1483994" lon="3.9751630">
	<ele>498.96</ele>
	<time>1970-01-01T16:55:38.713Z</time>
</trkpt>
<trkpt lat="47.1483459" lon="3.9752660">
	<ele>499.94</ele>
	<time>1970-01-01T16:55:48.182Z</time>
</trkpt>
<trkpt lat="47.1482582" lon="3.9753361">
	<ele>500.12</ele>
	<time>1970-01-01T16:55:57.894Z</time>
</trkpt>
<trkpt lat="47.1481667" lon="3.9753661">
	<ele>499.90</ele>
	<time>1970-01-01T16:56:06.249Z</time>
</trkpt>
<trkpt lat="47.1477966" lon="3.9753840">
	<ele>498.71</ele>
	<time>1970-01-01T16:56:22.060Z</time>
</trkpt>
<trkpt lat="47.1476555" lon="3.9754500">
	<ele>498.79</ele>
	<time>1970-01-01T16:56:26.905Z</time>
</trkpt>
<trkpt lat="47.1475830" lon="3.9755540">
	<ele>499.02</ele>
	<time>1970-01-01T16:56:30.222Z</time>
</trkpt>
<trkpt lat="47.1475563" lon="3.9757330">
	<ele>499.57</ele>
	<time>1970-01-01T16:56:36.267Z</time>
</trkpt>
<trkpt lat="47.1475792" lon="3.9759750">
	<ele>500.42</ele>
	<time>1970-01-01T16:56:46.865Z</time>
</trkpt>
<trkpt lat="47.1476364" lon="3.9761500">
	<ele>501.58</ele>
	<time>1970-01-01T16:56:56.274Z</time>
</trkpt>
<trkpt lat="47.1476364" lon="3.9761500">
	<ele>501.58</ele>
	<time>1970-01-02T03:37:37.014Z</time>
</trkpt>
<trkpt lat="47.1476784" lon="3.9762731">
	<ele>502.28</ele>
	<time>1970-01-02T03:37:39.510Z</time>
</trkpt>
<trkpt lat="47.1478462" lon="3.9766631">
	<ele>506.16</ele>
	<time>1970-01-02T03:37:51.959Z</time>
</trkpt>
<trkpt lat="47.1479912" lon="3.9771149">
	<ele>509.12</ele>
	<time>1970-01-02T03:38:09.294Z</time>
</trkpt>
<trkpt lat="47.1480446" lon="3.9773619">
	<ele>510.35</ele>
	<time>1970-01-02T03:38:18.207Z</time>
</trkpt>
<trkpt lat="47.1482506" lon="3.9793010">
	<ele>519.27</ele>
	<time>1970-01-02T03:38:59.790Z</time>
</trkpt>
<trkpt lat="47.1482925" lon="3.9797959">
	<ele>521.80</ele>
	<time>1970-01-02T03:39:14.316Z</time>
</trkpt>
<trkpt lat="47.1482925" lon="3.9800000">
	<ele>523.31</ele>
	<time>1970-01-02T03:39:20.273Z</time>
</trkpt>
<trkpt lat="47.1482239" lon="3.9811840">
	<ele>529.59</ele>
	<time>1970-01-02T03:40:09.976Z</time>
</trkpt>
<trkpt lat="47.1482086" lon="3.9816029">
	<ele>531.23</ele>
	<time>1970-01-02T03:40:25.642Z</time>
</trkpt>
<trkpt lat="47.1482582" lon="3.9824581">
	<ele>534.29</ele>
	<time>1970-01-02T03:41:00.441Z</time>
</trkpt>
<trkpt lat="47.1483078" lon="3.9827111">
	<ele>535.44</ele>
	<time>1970-01-02T03:41:10.438Z</time>
</trkpt>
<trkpt lat="47.1485252" lon="3.9836221">
	<ele>539.51</ele>
	<time>1970-01-02T03:42:02.353Z</time>
</trkpt>
<trkpt lat="47.1485672" lon="3.9838850">
	<ele>541.23</ele>
	<time>1970-01-02T03:42:13.865Z</time>
</trkpt>
<trkpt lat="47.1485748" lon="3.9841039">
	<ele>542.23</ele>
	<time>1970-01-02T03:42:22.974Z</time>
</trkpt>
<trkpt lat="47.1485596" lon="3.9843459">
	<ele>542.81</ele>
	<time>1970-01-02T03:42:32.092Z</time>
</trkpt>
<trkpt lat="47.1485023" lon="3.9848731">
	<ele>545.24</ele>
	<time>1970-01-02T03:42:53.807Z</time>
</trkpt>
<trkpt lat="47.1484985" lon="3.9850240">
	<ele>545.83</ele>
	<time>1970-01-02T03:42:58.999Z</time>
</trkpt>
<trkpt lat="47.1485176" lon="3.9853001">
	<ele>547.05</ele>
	<time>1970-01-02T03:43:10.630Z</time>
</trkpt>
<trkpt lat="47.1485863" lon="3.9856391">
	<ele>549.09</ele>
	<time>1970-01-02T03:43:27.612Z</time>
</trkpt>
<trkpt lat="47.1487961" lon="3.9861920">
	<ele>553.13</ele>
	<time>1970-01-02T03:43:59.120Z</time>
</trkpt>
<trkpt lat="47.1488800" lon="3.9866149">
	<ele>553.87</ele>
	<time>1970-01-02T03:44:17.089Z</time>
</trkpt>
<trkpt lat="47.1489449" lon="3.9870951">
	<ele>556.51</ele>
	<time>1970-01-02T03:44:35.802Z</time>
</trkpt>
<trkpt lat="47.1490364" lon="3.9877999">
	<ele>560.46</ele>
	<time>1970-01-02T03:45:05.199Z</time>
</trkpt>
<trkpt lat="47.1490784" lon="3.9882081">
	<ele>561.42</ele>
	<time>1970-01-02T03:45:21.897Z</time>
</trkpt>
<trkpt lat="47.1490707" lon="3.9883270">
	<ele>561.50</ele>
	<time>1970-01-02T03:45:26.218Z</time>
</trkpt>
<trkpt lat="47.1489182" lon="3.9894030">
	<ele>561.85</ele>
	<time>1970-01-02T03:46:10.959Z</time>
</trkpt>
<trkpt lat="47.1498108" lon="3.9892790">
	<ele>554.48</ele>
	<time>1970-01-01T06:26:02.680Z</time>
</trkpt>
<trkpt lat="47.1501884" lon="3.9892681">
	<ele>552.30</ele>
	<time>1970-01-01T06:26:07.513Z</time>
</trkpt>
<trkpt lat="47.1503944" lon="3.9893031">
	<ele>551.10</ele>
	<time>1970-01-01T06:26:10.732Z</time>
</trkpt>
<trkpt lat="47.1506386" lon="3.9893780">
	<ele>550.10</ele>
	<time>1970-01-01T06:26:15.568Z</time>
</trkpt>
<trkpt lat="47.1508560" lon="3.9894559">
	<ele>550.07</ele>
	<time>1970-01-01T06:26:21.068Z</time>
</trkpt>
<trkpt lat="47.1510506" lon="3.9894710">
	<ele>550.18</ele>
	<time>1970-01-01T06:26:25.160Z</time>
</trkpt>
<trkpt lat="47.1512070" lon="3.9894350">
	<ele>549.86</ele>
	<time>1970-01-01T06:26:28.164Z</time>
</trkpt>
<trkpt lat="47.1513748" lon="3.9893770">
	<ele>549.47</ele>
	<time>1970-01-01T06:26:30.683Z</time>
</trkpt>
<trkpt lat="47.1515656" lon="3.9893000">
	<ele>550.30</ele>
	<time>1970-01-01T06:26:33.183Z</time>
</trkpt>
<trkpt lat="47.1517601" lon="3.9891579">
	<ele>550.34</ele>
	<time>1970-01-01T06:26:35.747Z</time>
</trkpt>
<trkpt lat="47.1519089" lon="3.9889891">
	<ele>549.48</ele>
	<time>1970-01-01T06:26:38.165Z</time>
</trkpt>
<trkpt lat="47.1522408" lon="3.9884739">
	<ele>549.64</ele>
	<time>1970-01-01T06:26:45.043Z</time>
</trkpt>
<trkpt lat="47.1523781" lon="3.9883029">
	<ele>550.09</ele>
	<time>1970-01-01T06:26:47.802Z</time>
</trkpt>
<trkpt lat="47.1524811" lon="3.9882281">
	<ele>550.57</ele>
	<time>1970-01-01T06:26:49.757Z</time>
</trkpt>
<trkpt lat="47.1525879" lon="3.9881790">
	<ele>550.80</ele>
	<time>1970-01-01T06:26:51.477Z</time>
</trkpt>
<trkpt lat="47.1532974" lon="3.9881170">
	<ele>549.27</ele>
	<time>1970-01-01T06:27:03.408Z</time>
</trkpt>
<trkpt lat="47.1534081" lon="3.9880791">
	<ele>549.22</ele>
	<time>1970-01-01T06:27:05.179Z</time>
</trkpt>
<trkpt lat="47.1535072" lon="3.9880099">
	<ele>549.46</ele>
	<time>1970-01-01T06:27:06.872Z</time>
</trkpt>
<trkpt lat="47.1537437" lon="3.9876549">
	<ele>549.93</ele>
	<time>1970-01-01T06:27:11.666Z</time>
</trkpt>
<trkpt lat="47.1538277" lon="3.9875791">
	<ele>550.59</ele>
	<time>1970-01-01T06:27:13.220Z</time>
</trkpt>
<trkpt lat="47.1539421" lon="3.9875410">
	<ele>550.76</ele>
	<time>1970-01-01T06:27:15.204Z</time>
</trkpt>
<trkpt lat="47.1546440" lon="3.9874411">
	<ele>551.04</ele>
	<time>1970-01-01T06:27:35.143Z</time>
</trkpt>
<trkpt lat="47.1547089" lon="3.9874101">
	<ele>551.00</ele>
	<time>1970-01-01T06:27:36.786Z</time>
</trkpt>
<trkpt lat="47.1549454" lon="3.9872451">
	<ele>551.06</ele>
	<time>1970-01-01T06:27:45.913Z</time>
</trkpt>
<trkpt lat="47.1550713" lon="3.9872150">
	<ele>550.83</ele>
	<time>1970-01-01T06:27:49.839Z</time>
</trkpt>
<trkpt lat="47.1552086" lon="3.9872069">
	<ele>550.30</ele>
	<time>1970-01-01T06:27:53.301Z</time>
</trkpt>
<trkpt lat="47.1570282" lon="3.9874661">
	<ele>541.33</ele>
	<time>1970-01-01T06:28:12.085Z</time>
</trkpt>
<trkpt lat="47.1572456" lon="3.9874711">
	<ele>540.67</ele>
	<time>1970-01-01T06:28:15.369Z</time>
</trkpt>
<trkpt lat="47.1579437" lon="3.9873531">
	<ele>537.27</ele>
	<time>1970-01-01T06:28:25.130Z</time>
</trkpt>
<trkpt lat="47.1582184" lon="3.9872639">
	<ele>537.60</ele>
	<time>1970-01-01T06:28:28.896Z</time>
</trkpt>
<trkpt lat="47.1583252" lon="3.9871271">
	<ele>538.31</ele>
	<time>1970-01-01T06:28:30.961Z</time>
</trkpt>
<trkpt lat="47.1592102" lon="3.9848640">
	<ele>549.73</ele>
	<time>1970-01-01T06:29:16.170Z</time>
</trkpt>
<trkpt lat="47.1592636" lon="3.9847000">
	<ele>550.67</ele>
	<time>1970-01-01T06:29:19.094Z</time>
</trkpt>
<trkpt lat="47.1592941" lon="3.9844990">
	<ele>551.68</ele>
	<time>1970-01-01T06:29:22.786Z</time>
</trkpt>
<trkpt lat="47.1592941" lon="3.9843020">
	<ele>552.28</ele>
	<time>1970-01-01T06:29:26.314Z</time>
</trkpt>
<trkpt lat="47.1591759" lon="3.9834499">
	<ele>556.32</ele>
	<time>1970-01-01T06:29:38.838Z</time>
</trkpt>
<trkpt lat="47.1591606" lon="3.9831181">
	<ele>557.74</ele>
	<time>1970-01-01T06:29:45.402Z</time>
</trkpt>
<trkpt lat="47.1591759" lon="3.9825990">
	<ele>560.38</ele>
	<time>1970-01-01T06:30:01.251Z</time>
</trkpt>
<trkpt lat="47.1592331" lon="3.9822140">
	<ele>562.31</ele>
	<time>1970-01-01T06:30:16.894Z</time>
</trkpt>
<trkpt lat="47.1593132" lon="3.9820571">
	<ele>562.77</ele>
	<time>1970-01-01T06:30:24.649Z</time>
</trkpt>
<trkpt lat="47.1593323" lon="3.9822769">
	<ele>562.60</ele>
	<time>1970-01-01T06:30:30.179Z</time>
</trkpt>
<trkpt lat="47.1594887" lon="3.9828110">
	<ele>560.91</ele>
	<time>1970-01-01T06:30:42.383Z</time>
</trkpt>
<trkpt lat="47.1598701" lon="3.9840400">
	<ele>559.29</ele>
	<time>1970-01-01T06:30:59.275Z</time>
</trkpt>
<trkpt lat="47.1600952" lon="3.9847980">
	<ele>559.97</ele>
	<time>1970-01-01T06:31:14.386Z</time>
</trkpt>
<trkpt lat="47.1601295" lon="3.9849119">
	<ele>559.70</ele>
	<time>1970-01-01T06:31:16.448Z</time>
</trkpt>
<trkpt lat="47.1610985" lon="3.9880061">
	<ele>559.05</ele>
	<time>1970-01-01T06:32:02.053Z</time>
</trkpt>
<trkpt lat="47.1611519" lon="3.9882300">
	<ele>558.83</ele>
	<time>1970-01-01T06:32:04.911Z</time>
</trkpt>
<trkpt lat="47.1611862" lon="3.9884980">
	<ele>558.22</ele>
	<time>1970-01-01T06:32:08.083Z</time>
</trkpt>
<trkpt lat="47.1611900" lon="3.9887321">
	<ele>557.64</ele>
	<time>1970-01-01T06:32:10.850Z</time>
</trkpt>
<trkpt lat="47.1611710" lon="3.9889870">
	<ele>557.24</ele>
	<time>1970-01-01T06:32:13.491Z</time>
</trkpt>
<trkpt lat="47.1611328" lon="3.9891970">
	<ele>557.06</ele>
	<time>1970-01-01T06:32:15.791Z</time>
</trkpt>
<trkpt lat="47.1610069" lon="3.9896359">
	<ele>556.25</ele>
	<time>1970-01-01T06:32:20.889Z</time>
</trkpt>
<trkpt lat="47.1607933" lon="3.9903071">
	<ele>555.11</ele>
	<time>1970-01-01T06:32:30.188Z</time>
</trkpt>
<trkpt lat="47.1605644" lon="3.9909821">
	<ele>555.39</ele>
	<time>1970-01-01T06:32:42.595Z</time>
</trkpt>
<trkpt lat="47.1604538" lon="3.9913580">
	<ele>555.62</ele>
	<time>1970-01-01T06:32:48.720Z</time>
</trkpt>
<trkpt lat="47.1604156" lon="3.9915941">
	<ele>555.79</ele>
	<time>1970-01-01T06:32:52.376Z</time>
</trkpt>
<trkpt lat="47.1604156" lon="3.9918699">
	<ele>555.36</ele>
	<time>1970-01-01T06:32:56.768Z</time>
</trkpt>
<trkpt lat="47.1604424" lon="3.9920771">
	<ele>555.49</ele>
	<time>1970-01-01T06:33:00.439Z</time>
</trkpt>
<trkpt lat="47.1605988" lon="3.9924719">
	<ele>555.52</ele>
	<time>1970-01-01T06:33:11.558Z</time>
</trkpt>
<trkpt lat="47.1607742" lon="3.9927549">
	<ele>554.51</ele>
	<time>1970-01-01T06:33:18.489Z</time>
</trkpt>
<trkpt lat="47.1609726" lon="3.9930861">
	<ele>554.70</ele>
	<time>1970-01-01T06:33:27.058Z</time>
</trkpt>
<trkpt lat="47.1610527" lon="3.9933209">
	<ele>554.68</ele>
	<time>1970-01-01T06:33:31.457Z</time>
</trkpt>
<trkpt lat="47.1610947" lon="3.9936011">
	<ele>554.26</ele>
	<time>1970-01-01T06:33:35.254Z</time>
</trkpt>
<trkpt lat="47.1610985" lon="3.9937689">
	<ele>554.31</ele>
	<time>1970-01-01T06:33:37.486Z</time>
</trkpt>
<trkpt lat="47.1610641" lon="3.9939821">
	<ele>554.77</ele>
	<time>1970-01-01T06:33:40.793Z</time>
</trkpt>
<trkpt lat="47.1609535" lon="3.9943621">
	<ele>556.35</ele>
	<time>1970-01-01T06:33:49.657Z</time>
</trkpt>
<trkpt lat="47.1609116" lon="3.9946010">
	<ele>556.74</ele>
	<time>1970-01-01T06:33:54.806Z</time>
</trkpt>
<trkpt lat="47.1608925" lon="3.9948070">
	<ele>556.09</ele>
	<time>1970-01-01T06:33:58.577Z</time>
</trkpt>
<trkpt lat="47.1609001" lon="3.9951701">
	<ele>554.14</ele>
	<time>1970-01-01T06:34:05.137Z</time>
</trkpt>
<trkpt lat="47.1608810" lon="3.9953570">
	<ele>553.73</ele>
	<time>1970-01-01T06:34:07.225Z</time>
</trkpt>
<trkpt lat="47.1608391" lon="3.9954700">
	<ele>553.63</ele>
	<time>1970-01-01T06:34:08.648Z</time>
</trkpt>
<trkpt lat="47.1607819" lon="3.9955890">
	<ele>553.40</ele>
	<time>1970-01-01T06:34:09.933Z</time>
</trkpt>
<trkpt lat="47.1606712" lon="3.9956839">
	<ele>553.64</ele>
	<time>1970-01-01T06:34:11.628Z</time>
</trkpt>
<trkpt lat="47.1604767" lon="3.9957831">
	<ele>555.00</ele>
	<time>1970-01-01T06:34:14.869Z</time>
</trkpt>
<trkpt lat="47.1602898" lon="3.9960110">
	<ele>555.23</ele>
	<time>1970-01-01T06:34:19.290Z</time>
</trkpt>
<trkpt lat="47.1598892" lon="3.9967220">
	<ele>552.29</ele>
	<time>1970-01-01T06:34:32.043Z</time>
</trkpt>
<trkpt lat="47.1597557" lon="3.9969821">
	<ele>551.09</ele>
	<time>1970-01-01T06:34:35.732Z</time>
</trkpt>
<trkpt lat="47.1596413" lon="3.9971020">
	<ele>551.29</ele>
	<time>1970-01-01T06:34:37.866Z</time>
</trkpt>
<trkpt lat="47.1595039" lon="3.9972169">
	<ele>551.43</ele>
	<time>1970-01-01T06:34:40.646Z</time>
</trkpt>
<trkpt lat="47.1592331" lon="3.9973290">
	<ele>552.76</ele>
	<time>1970-01-01T06:34:46.820Z</time>
</trkpt>
<trkpt lat="47.1590691" lon="3.9973660">
	<ele>553.78</ele>
	<time>1970-01-01T06:34:52.139Z</time>
</trkpt>
<trkpt lat="47.1583405" lon="3.9976540">
	<ele>554.53</ele>
	<time>1970-01-01T06:35:18.632Z</time>
</trkpt>
<trkpt lat="47.1579590" lon="3.9978299">
	<ele>555.20</ele>
	<time>1970-01-01T06:35:30.795Z</time>
</trkpt>
<trkpt lat="47.1577873" lon="3.9979320">
	<ele>555.68</ele>
	<time>1970-01-01T06:35:36.511Z</time>
</trkpt>
<trkpt lat="47.1576385" lon="3.9980900">
	<ele>555.20</ele>
	<time>1970-01-01T06:35:41.419Z</time>
</trkpt>
<trkpt lat="47.1575012" lon="3.9983399">
	<ele>553.91</ele>
	<time>1970-01-01T06:35:45.498Z</time>
</trkpt>
<trkpt lat="47.1572723" lon="3.9988561">
	<ele>552.51</ele>
	<time>1970-01-01T06:35:51.407Z</time>
</trkpt>
<trkpt lat="47.1571884" lon="3.9989741">
	<ele>552.55</ele>
	<time>1970-01-01T06:35:53.067Z</time>
</trkpt>
<trkpt lat="47.1570702" lon="3.9990959">
	<ele>552.84</ele>
	<time>1970-01-01T06:35:55.428Z</time>
</trkpt>
<trkpt lat="47.1569672" lon="3.9991760">
	<ele>553.60</ele>
	<time>1970-01-01T06:35:57.945Z</time>
</trkpt>
<trkpt lat="47.1562843" lon="3.9995999">
	<ele>554.85</ele>
	<time>1970-01-01T06:36:15.340Z</time>
</trkpt>
<trkpt lat="47.1561317" lon="3.9997520">
	<ele>553.56</ele>
	<time>1970-01-01T06:36:18.682Z</time>
</trkpt>
<trkpt lat="47.1559677" lon="3.9999940">
	<ele>552.03</ele>
	<time>1970-01-01T06:36:21.742Z</time>
</trkpt>
<trkpt lat="47.1557541" lon="4.0003572">
	<ele>552.53</ele>
	<time>1970-01-01T06:36:26.139Z</time>
</trkpt>
<trkpt lat="47.1550674" lon="4.0019650">
	<ele>552.39</ele>
	<time>1970-01-01T06:36:46.890Z</time>
</trkpt>
<trkpt lat="47.1549568" lon="4.0022478">
	<ele>551.02</ele>
	<time>1970-01-01T06:36:49.782Z</time>
</trkpt>
<trkpt lat="47.1547890" lon="4.0027690">
	<ele>550.81</ele>
	<time>1970-01-01T06:36:53.938Z</time>
</trkpt>
<trkpt lat="47.1542435" lon="4.0043788">
	<ele>552.60</ele>
	<time>1970-01-01T06:37:13.855Z</time>
</trkpt>
<trkpt lat="47.1541214" lon="4.0047688">
	<ele>553.22</ele>
	<time>1970-01-01T06:37:21.556Z</time>
</trkpt>
<trkpt lat="47.1539726" lon="4.0052538">
	<ele>554.63</ele>
	<time>1970-01-01T06:37:33.619Z</time>
</trkpt>
<trkpt lat="47.1539307" lon="4.0056219">
	<ele>555.76</ele>
	<time>1970-01-01T06:37:41.669Z</time>
</trkpt>
<trkpt lat="47.1539116" lon="4.0060902">
	<ele>556.69</ele>
	<time>1970-01-01T06:37:47.961Z</time>
</trkpt>
<trkpt lat="47.1539078" lon="4.0066500">
	<ele>558.80</ele>
	<time>1970-01-01T06:37:59.383Z</time>
</trkpt>
<trkpt lat="47.1538658" lon="4.0071959">
	<ele>559.30</ele>
	<time>1970-01-01T06:38:10.848Z</time>
</trkpt>
<trkpt lat="47.1538353" lon="4.0073910">
	<ele>559.67</ele>
	<time>1970-01-01T06:38:14.964Z</time>
</trkpt>
<trkpt lat="47.1537552" lon="4.0076599">
	<ele>560.51</ele>
	<time>1970-01-01T06:38:21.996Z</time>
</trkpt>
<trkpt lat="47.1536446" lon="4.0078592">
	<ele>561.24</ele>
	<time>1970-01-01T06:38:29.109Z</time>
</trkpt>
<trkpt lat="47.1533279" lon="4.0082021">
	<ele>565.50</ele>
	<time>1970-01-01T06:38:52.380Z</time>
</trkpt>
<trkpt lat="47.1531525" lon="4.0085511">
	<ele>568.02</ele>
	<time>1970-01-01T06:39:09.585Z</time>
</trkpt>
<trkpt lat="47.1530991" lon="4.0087519">
	<ele>569.47</ele>
	<time>1970-01-01T06:39:17.742Z</time>
</trkpt>
<trkpt lat="47.1530495" lon="4.0091901">
	<ele>572.28</ele>
	<time>1970-01-01T06:39:33.960Z</time>
</trkpt>
<trkpt lat="47.1534081" lon="4.0122590">
	<ele>580.54</ele>
	<time>1970-01-01T06:41:18.233Z</time>
</trkpt>
<trkpt lat="47.1534157" lon="4.0124211">
	<ele>580.83</ele>
	<time>1970-01-01T06:41:21.181Z</time>
</trkpt>
<trkpt lat="47.1533928" lon="4.0127792">
	<ele>581.55</ele>
	<time>1970-01-01T06:41:30.419Z</time>
</trkpt>
<trkpt lat="47.1533585" lon="4.0129189">
	<ele>581.95</ele>
	<time>1970-01-01T06:41:34.824Z</time>
</trkpt>
<trkpt lat="47.1532364" lon="4.0133328">
	<ele>583.17</ele>
	<time>1970-01-01T06:41:56.331Z</time>
</trkpt>
<trkpt lat="47.1531677" lon="4.0136561">
	<ele>583.53</ele>
	<time>1970-01-01T06:42:16.156Z</time>
</trkpt>
<trkpt lat="47.1531563" lon="4.0139771">
	<ele>583.80</ele>
	<time>1970-01-01T06:42:34.658Z</time>
</trkpt>
<trkpt lat="47.1531792" lon="4.0142021">
	<ele>583.43</ele>
	<time>1970-01-01T06:42:46.660Z</time>
</trkpt>
<trkpt lat="47.1533623" lon="4.0149608">
	<ele>584.93</ele>
	<time>1970-01-01T06:43:17.262Z</time>
</trkpt>
<trkpt lat="47.1534538" lon="4.0154700">
	<ele>584.36</ele>
	<time>1970-01-01T06:43:35.275Z</time>
</trkpt>
<trkpt lat="47.1535225" lon="4.0166721">
	<ele>589.24</ele>
	<time>1970-01-01T06:44:23.505Z</time>
</trkpt>
<trkpt lat="47.1535034" lon="4.0171580">
	<ele>591.33</ele>
	<time>1970-01-01T06:44:35.137Z</time>
</trkpt>
<trkpt lat="47.1534729" lon="4.0174990">
	<ele>593.47</ele>
	<time>1970-01-01T06:44:42.505Z</time>
</trkpt>
<trkpt lat="47.1533165" lon="4.0180659">
	<ele>594.39</ele>
	<time>1970-01-01T06:44:53.693Z</time>
</trkpt>
<trkpt lat="47.1531792" lon="4.0183620">
	<ele>593.83</ele>
	<time>1970-01-01T06:45:01.140Z</time>
</trkpt>
<trkpt lat="47.1529999" lon="4.0185099">
	<ele>595.45</ele>
	<time>1970-01-01T06:45:06.163Z</time>
</trkpt>
<trkpt lat="47.1527328" lon="4.0186362">
	<ele>599.47</ele>
	<time>1970-01-01T06:45:20.618Z</time>
</trkpt>
<trkpt lat="47.1524391" lon="4.0188589">
	<ele>599.94</ele>
	<time>1970-01-01T06:45:36.101Z</time>
</trkpt>
<trkpt lat="47.1518784" lon="4.0193849">
	<ele>600.48</ele>
	<time>1970-01-01T06:45:49.665Z</time>
</trkpt>
<trkpt lat="47.1512299" lon="4.0200148">
	<ele>606.38</ele>
	<time>1970-01-01T06:46:09.777Z</time>
</trkpt>
<trkpt lat="47.1509895" lon="4.0202799">
	<ele>607.61</ele>
	<time>1970-01-01T06:46:17.384Z</time>
</trkpt>
<trkpt lat="47.1509056" lon="4.0204420">
	<ele>607.87</ele>
	<time>1970-01-01T06:46:20.744Z</time>
</trkpt>
<trkpt lat="47.1508446" lon="4.0206332">
	<ele>608.67</ele>
	<time>1970-01-01T06:46:24.656Z</time>
</trkpt>
<trkpt lat="47.1506004" lon="4.0218759">
	<ele>613.87</ele>
	<time>1970-01-01T06:47:22.179Z</time>
</trkpt>
<trkpt lat="47.1505241" lon="4.0220962">
	<ele>614.81</ele>
	<time>1970-01-01T06:47:31.343Z</time>
</trkpt>
<trkpt lat="47.1504364" lon="4.0222058">
	<ele>615.23</ele>
	<time>1970-01-01T06:47:37.675Z</time>
</trkpt>
<trkpt lat="47.1503296" lon="4.0222969">
	<ele>615.83</ele>
	<time>1970-01-01T06:47:44.110Z</time>
</trkpt>
<trkpt lat="47.1499252" lon="4.0225048">
	<ele>618.25</ele>
	<time>1970-01-01T06:48:03.933Z</time>
</trkpt>
<trkpt lat="47.1497345" lon="4.0226030">
	<ele>620.16</ele>
	<time>1970-01-01T06:48:12.472Z</time>
</trkpt>
<trkpt lat="47.1495132" lon="4.0228181">
	<ele>622.17</ele>
	<time>1970-01-01T06:48:24.432Z</time>
</trkpt>
<trkpt lat="47.1494331" lon="4.0229650">
	<ele>622.72</ele>
	<time>1970-01-01T06:48:29.512Z</time>
</trkpt>
<trkpt lat="47.1493912" lon="4.0231061">
	<ele>623.17</ele>
	<time>1970-01-01T06:48:33.749Z</time>
</trkpt>
<trkpt lat="47.1493416" lon="4.0233908">
	<ele>623.65</ele>
	<time>1970-01-01T06:48:41.149Z</time>
</trkpt>
<trkpt lat="47.1493225" lon="4.0237079">
	<ele>623.35</ele>
	<time>1970-01-01T06:48:49.479Z</time>
</trkpt>
<trkpt lat="47.1492233" lon="4.0256391">
	<ele>627.17</ele>
	<time>1970-01-01T06:49:51.270Z</time>
</trkpt>
<trkpt lat="47.1491737" lon="4.0264659">
	<ele>630.46</ele>
	<time>1970-01-01T06:50:14.704Z</time>
</trkpt>
<trkpt lat="47.1491051" lon="4.0268388">
	<ele>630.70</ele>
	<time>1970-01-01T06:50:24.346Z</time>
</trkpt>
<trkpt lat="47.1490402" lon="4.0270629">
	<ele>631.11</ele>
	<time>1970-01-01T06:50:30.219Z</time>
</trkpt>
<trkpt lat="47.1490364" lon="4.0271058">
	<ele>631.29</ele>
	<time>1970-01-01T06:50:31.198Z</time>
</trkpt>
<trkpt lat="47.1487350" lon="4.0271249">
	<ele>630.21</ele>
	<time>1970-01-01T06:50:42.037Z</time>
</trkpt>
<trkpt lat="47.1477203" lon="4.0272198">
	<ele>624.55</ele>
	<time>1970-01-01T06:51:00.470Z</time>
</trkpt>
<trkpt lat="47.1477203" lon="4.0272560">
	<ele>625.06</ele>
	<time>1970-01-01T06:51:00.763Z</time>
</trkpt>
<trkpt lat="47.1477051" lon="4.0272880">
	<ele>625.37</ele>
	<time>1970-01-01T06:51:01.072Z</time>
</trkpt>
<trkpt lat="47.1468468" lon="4.0284190">
	<ele>630.53</ele>
	<time>1970-01-01T06:51:22.768Z</time>
</trkpt>
<trkpt lat="47.1465149" lon="4.0288472">
	<ele>631.32</ele>
	<time>1970-01-01T06:51:34.267Z</time>
</trkpt>
<trkpt lat="47.1462479" lon="4.0291572">
	<ele>630.77</ele>
	<time>1970-01-01T06:51:43.684Z</time>
</trkpt>
<trkpt lat="47.1461563" lon="4.0292482">
	<ele>630.81</ele>
	<time>1970-01-01T06:51:46.406Z</time>
</trkpt>
<trkpt lat="47.1459808" lon="4.0293541">
	<ele>629.90</ele>
	<time>1970-01-01T06:51:50.161Z</time>
</trkpt>
<trkpt lat="47.1458397" lon="4.0293941">
	<ele>628.52</ele>
	<time>1970-01-01T06:51:54.876Z</time>
</trkpt>
<trkpt lat="47.1456871" lon="4.0293779">
	<ele>627.07</ele>
	<time>1970-01-01T06:51:58.694Z</time>
</trkpt>
<trkpt lat="47.1455841" lon="4.0294108">
	<ele>626.83</ele>
	<time>1970-01-01T06:52:01.114Z</time>
</trkpt>
<trkpt lat="47.1454430" lon="4.0295048">
	<ele>626.97</ele>
	<time>1970-01-01T06:52:04.682Z</time>
</trkpt>
<trkpt lat="47.1452675" lon="4.0296550">
	<ele>627.48</ele>
	<time>1970-01-01T06:52:09.616Z</time>
</trkpt>
<trkpt lat="47.1449242" lon="4.0301280">
	<ele>629.69</ele>
	<time>1970-01-01T06:52:18.380Z</time>
</trkpt>
<trkpt lat="47.1448784" lon="4.0302262">
	<ele>630.13</ele>
	<time>1970-01-01T06:52:20.109Z</time>
</trkpt>
<trkpt lat="47.1448479" lon="4.0303469">
	<ele>630.82</ele>
	<time>1970-01-01T06:52:22.138Z</time>
</trkpt>
<trkpt lat="47.1448326" lon="4.0305271">
	<ele>632.16</ele>
	<time>1970-01-01T06:52:25.525Z</time>
</trkpt>
<trkpt lat="47.1447945" lon="4.0306759">
	<ele>632.63</ele>
	<time>1970-01-01T06:52:28.490Z</time>
</trkpt>
<trkpt lat="47.1445885" lon="4.0311861">
	<ele>634.80</ele>
	<time>1970-01-01T06:52:42.470Z</time>
</trkpt>
<trkpt lat="47.1445198" lon="4.0314221">
	<ele>635.38</ele>
	<time>1970-01-01T06:52:48.063Z</time>
</trkpt>
<trkpt lat="47.1444931" lon="4.0316029">
	<ele>636.07</ele>
	<time>1970-01-01T06:52:51.919Z</time>
</trkpt>
<trkpt lat="47.1444702" lon="4.0321131">
	<ele>637.36</ele>
	<time>1970-01-01T06:53:03.272Z</time>
</trkpt>
<trkpt lat="47.1444550" lon="4.0323048">
	<ele>637.43</ele>
	<time>1970-01-01T06:53:07.361Z</time>
</trkpt>
<trkpt lat="47.1444092" lon="4.0324678">
	<ele>637.25</ele>
	<time>1970-01-01T06:53:10.484Z</time>
</trkpt>
<trkpt lat="47.1445007" lon="4.0328612">
	<ele>639.10</ele>
	<time>1970-01-01T06:53:21.325Z</time>
</trkpt>
<trkpt lat="47.1445312" lon="4.0331168">
	<ele>639.53</ele>
	<time>1970-01-01T06:53:29.143Z</time>
</trkpt>
<trkpt lat="47.1445427" lon="4.0334539">
	<ele>639.59</ele>
	<time>1970-01-01T06:53:40.240Z</time>
</trkpt>
<trkpt lat="47.1444283" lon="4.0341020">
	<ele>640.34</ele>
	<time>1970-01-01T06:53:58.773Z</time>
</trkpt>
<trkpt lat="47.1444054" lon="4.0343590">
	<ele>640.18</ele>
	<time>1970-01-01T06:54:05.697Z</time>
</trkpt>
<trkpt lat="47.1444016" lon="4.0346522">
	<ele>640.82</ele>
	<time>1970-01-01T06:54:14.810Z</time>
</trkpt>
<trkpt lat="47.1444359" lon="4.0350609">
	<ele>641.65</ele>
	<time>1970-01-01T06:54:30.568Z</time>
</trkpt>
<trkpt lat="47.1444778" lon="4.0353298">
	<ele>641.68</ele>
	<time>1970-01-01T06:54:40.530Z</time>
</trkpt>
<trkpt lat="47.1445312" lon="4.0355649">
	<ele>641.86</ele>
	<time>1970-01-01T06:54:49.398Z</time>
</trkpt>
<trkpt lat="47.1450844" lon="4.0369692">
	<ele>646.39</ele>
	<time>1970-01-01T06:56:09.859Z</time>
</trkpt>
<trkpt lat="47.1452637" lon="4.0373821">
	<ele>647.97</ele>
	<time>1970-01-01T06:56:37.103Z</time>
</trkpt>
<trkpt lat="47.1455688" lon="4.0381289">
	<ele>652.17</ele>
	<time>1970-01-01T06:57:36.548Z</time>
</trkpt>
<trkpt lat="47.1456757" lon="4.0384488">
	<ele>654.39</ele>
	<time>1970-01-01T06:57:54.680Z</time>
</trkpt>
<trkpt lat="47.1457214" lon="4.0387731">
	<ele>656.48</ele>
	<time>1970-01-01T06:58:09.170Z</time>
</trkpt>
<trkpt lat="47.1457329" lon="4.0393009">
	<ele>658.84</ele>
	<time>1970-01-01T06:58:27.201Z</time>
</trkpt>
<trkpt lat="47.1457596" lon="4.0397811">
	<ele>662.09</ele>
	<time>1970-01-01T06:58:38.187Z</time>
</trkpt>
<trkpt lat="47.1460457" lon="4.0412331">
	<ele>666.83</ele>
	<time>1970-01-01T06:59:28.680Z</time>
</trkpt>
<trkpt lat="47.1462555" lon="4.0422082">
	<ele>668.05</ele>
	<time>1970-01-01T06:59:53.086Z</time>
</trkpt>
<trkpt lat="47.1463165" lon="4.0424161">
	<ele>666.70</ele>
	<time>1970-01-01T06:59:57.285Z</time>
</trkpt>
<trkpt lat="47.1464233" lon="4.0426130">
	<ele>665.47</ele>
	<time>1970-01-01T07:00:01.155Z</time>
</trkpt>
<trkpt lat="47.1465187" lon="4.0427208">
	<ele>664.82</ele>
	<time>1970-01-01T07:00:05.411Z</time>
</trkpt>
<trkpt lat="47.1466751" lon="4.0428352">
	<ele>663.09</ele>
	<time>1970-01-01T07:00:09.588Z</time>
</trkpt>
<trkpt lat="47.1468735" lon="4.0428910">
	<ele>661.66</ele>
	<time>1970-01-01T07:00:13.632Z</time>
</trkpt>
<trkpt lat="47.1477203" lon="4.0429821">
	<ele>656.59</ele>
	<time>1970-01-01T07:00:28.985Z</time>
</trkpt>
<trkpt lat="47.1478577" lon="4.0430260">
	<ele>656.07</ele>
	<time>1970-01-01T07:00:30.839Z</time>
</trkpt>
<trkpt lat="47.1479950" lon="4.0430970">
	<ele>654.40</ele>
	<time>1970-01-01T07:00:32.419Z</time>
</trkpt>
<trkpt lat="47.1483650" lon="4.0433502">
	<ele>651.71</ele>
	<time>1970-01-01T07:00:36.019Z</time>
</trkpt>
<trkpt lat="47.1486092" lon="4.0435700">
	<ele>650.26</ele>
	<time>1970-01-01T07:00:38.579Z</time>
</trkpt>
<trkpt lat="47.1487732" lon="4.0437822">
	<ele>647.23</ele>
	<time>1970-01-01T07:00:40.499Z</time>
</trkpt>
<trkpt lat="47.1489906" lon="4.0441260">
	<ele>647.04</ele>
	<time>1970-01-01T07:00:43.379Z</time>
</trkpt>
<trkpt lat="47.1491852" lon="4.0443802">
	<ele>646.45</ele>
	<time>1970-01-01T07:00:45.895Z</time>
</trkpt>
<trkpt lat="47.1492920" lon="4.0444379">
	<ele>646.92</ele>
	<time>1970-01-01T07:00:47.225Z</time>
</trkpt>
<trkpt lat="47.1494255" lon="4.0444598">
	<ele>647.22</ele>
	<time>1970-01-01T07:00:48.775Z</time>
</trkpt>
<trkpt lat="47.1501999" lon="4.0444760">
	<ele>646.80</ele>
	<time>1970-01-01T07:00:56.049Z</time>
</trkpt>
<trkpt lat="47.1502838" lon="4.0445280">
	<ele>647.00</ele>
	<time>1970-01-01T07:00:57.136Z</time>
</trkpt>
<trkpt lat="47.1503983" lon="4.0446458">
	<ele>647.29</ele>
	<time>1970-01-01T07:00:59.131Z</time>
</trkpt>
<trkpt lat="47.1504631" lon="4.0447721">
	<ele>647.40</ele>
	<time>1970-01-01T07:01:00.970Z</time>
</trkpt>
<trkpt lat="47.1506195" lon="4.0452571">
	<ele>647.28</ele>
	<time>1970-01-01T07:01:07.045Z</time>
</trkpt>
<trkpt lat="47.1506920" lon="4.0456200">
	<ele>646.01</ele>
	<time>1970-01-01T07:01:14.258Z</time>
</trkpt>
<trkpt lat="47.1507683" lon="4.0457802">
	<ele>646.04</ele>
	<time>1970-01-01T07:01:18.180Z</time>
</trkpt>
<trkpt lat="47.1508598" lon="4.0458708">
	<ele>646.00</ele>
	<time>1970-01-01T07:01:20.959Z</time>
</trkpt>
<trkpt lat="47.1513405" lon="4.0459871">
	<ele>648.18</ele>
	<time>1970-01-01T07:01:27.303Z</time>
</trkpt>
<trkpt lat="47.1514473" lon="4.0460672">
	<ele>648.57</ele>
	<time>1970-01-01T07:01:28.819Z</time>
</trkpt>
<trkpt lat="47.1525574" lon="4.0474610">
	<ele>651.85</ele>
	<time>1970-01-01T07:01:53.001Z</time>
</trkpt>
<trkpt lat="47.1521378" lon="4.0480399">
	<ele>653.56</ele>
	<time>1970-01-01T07:02:08.613Z</time>
</trkpt>
<trkpt lat="47.1519051" lon="4.0482550">
	<ele>655.21</ele>
	<time>1970-01-01T07:02:18.408Z</time>
</trkpt>
<trkpt lat="47.1510353" lon="4.0486121">
	<ele>659.32</ele>
	<time>1970-01-01T07:03:33.611Z</time>
</trkpt>
<trkpt lat="47.1505394" lon="4.0488582">
	<ele>663.01</ele>
	<time>1970-01-01T07:04:04.533Z</time>
</trkpt>
<trkpt lat="47.1497650" lon="4.0492401">
	<ele>668.40</ele>
	<time>1970-01-01T07:04:44.728Z</time>
</trkpt>
<trkpt lat="47.1495667" lon="4.0493760">
	<ele>670.16</ele>
	<time>1970-01-01T07:04:54.468Z</time>
</trkpt>
<trkpt lat="47.1491966" lon="4.0497422">
	<ele>673.03</ele>
	<time>1970-01-01T07:05:23.215Z</time>
</trkpt>
<trkpt lat="47.1489334" lon="4.0499182">
	<ele>675.14</ele>
	<time>1970-01-01T07:05:46.886Z</time>
</trkpt>
<trkpt lat="47.1487122" lon="4.0499849">
	<ele>677.12</ele>
	<time>1970-01-01T07:06:06.219Z</time>
</trkpt>
<trkpt lat="47.1484184" lon="4.0498881">
	<ele>678.38</ele>
	<time>1970-01-01T07:06:32.359Z</time>
</trkpt>
<trkpt lat="47.1477242" lon="4.0497489">
	<ele>684.60</ele>
	<time>1970-01-01T07:07:33.018Z</time>
</trkpt>
<trkpt lat="47.1474228" lon="4.0497870">
	<ele>686.86</ele>
	<time>1970-01-01T07:07:54.348Z</time>
</trkpt>
<trkpt lat="47.1470261" lon="4.0498910">
	<ele>689.57</ele>
	<time>1970-01-01T07:08:18.106Z</time>
</trkpt>
<trkpt lat="47.1466293" lon="4.0500350">
	<ele>692.43</ele>
	<time>1970-01-01T07:08:38.927Z</time>
</trkpt>
<trkpt lat="47.1463699" lon="4.0501590">
	<ele>694.27</ele>
	<time>1970-01-01T07:08:51.701Z</time>
</trkpt>
<trkpt lat="47.1455879" lon="4.0506492">
	<ele>700.92</ele>
	<time>1970-01-01T07:09:40.985Z</time>
</trkpt>
<trkpt lat="47.1451607" lon="4.0510168">
	<ele>704.05</ele>
	<time>1970-01-01T07:10:02.905Z</time>
</trkpt>
<trkpt lat="47.1450157" lon="4.0511661">
	<ele>705.50</ele>
	<time>1970-01-01T07:10:10.599Z</time>
</trkpt>
<trkpt lat="47.1449318" lon="4.0512929">
	<ele>706.28</ele>
	<time>1970-01-01T07:10:16.084Z</time>
</trkpt>
<trkpt lat="47.1447296" lon="4.0518641">
	<ele>707.75</ele>
	<time>1970-01-01T07:10:44.358Z</time>
</trkpt>
<trkpt lat="47.1445427" lon="4.0524979">
	<ele>709.39</ele>
	<time>1970-01-01T07:11:14.288Z</time>
</trkpt>
<trkpt lat="47.1444283" lon="4.0528102">
	<ele>710.01</ele>
	<time>1970-01-01T07:11:25.676Z</time>
</trkpt>
<trkpt lat="47.1442909" lon="4.0531211">
	<ele>710.23</ele>
	<time>1970-01-01T07:11:34.995Z</time>
</trkpt>
<trkpt lat="47.1441765" lon="4.0532680">
	<ele>710.77</ele>
	<time>1970-01-01T07:11:39.975Z</time>
</trkpt>
<trkpt lat="47.1422577" lon="4.0543828">
	<ele>708.34</ele>
	<time>1970-01-01T07:12:18.863Z</time>
</trkpt>
<trkpt lat="47.1418648" lon="4.0545998">
	<ele>706.44</ele>
	<time>1970-01-01T07:12:30.521Z</time>
</trkpt>
<trkpt lat="47.1416512" lon="4.0546632">
	<ele>706.28</ele>
	<time>1970-01-01T07:12:35.175Z</time>
</trkpt>
<trkpt lat="47.1411591" lon="4.0547652">
	<ele>705.03</ele>
	<time>1970-01-01T07:12:44.479Z</time>
</trkpt>
<trkpt lat="47.1411476" lon="4.0547652">
	<ele>705.00</ele>
	<time>1970-01-01T07:12:43.585Z</time>
</trkpt>
<trkpt lat="47.1396294" lon="4.0549159">
	<ele>700.17</ele>
	<time>1970-01-01T07:13:09.240Z</time>
</trkpt>
<trkpt lat="47.1393089" lon="4.0549560">
	<ele>700.12</ele>
	<time>1970-01-01T07:13:15.782Z</time>
</trkpt>
<trkpt lat="47.1389771" lon="4.0550470">
	<ele>700.60</ele>
	<time>1970-01-01T07:13:22.509Z</time>
</trkpt>
<trkpt lat="47.1386986" lon="4.0552049">
	<ele>700.33</ele>
	<time>1970-01-01T07:13:27.355Z</time>
</trkpt>
<trkpt lat="47.1371956" lon="4.0561552">
	<ele>702.95</ele>
	<time>1970-01-01T07:13:54.566Z</time>
</trkpt>
<trkpt lat="47.1367645" lon="4.0564542">
	<ele>705.00</ele>
	<time>1970-01-01T07:14:03.151Z</time>
</trkpt>
<trkpt lat="47.1364288" lon="4.0566292">
	<ele>705.10</ele>
	<time>1970-01-01T07:14:07.164Z</time>
</trkpt>
<trkpt lat="47.1362762" lon="4.0566721">
	<ele>705.80</ele>
	<time>1970-01-01T07:14:09.346Z</time>
</trkpt>
<trkpt lat="47.1360893" lon="4.0566878">
	<ele>706.90</ele>
	<time>1970-01-01T07:14:12.879Z</time>
</trkpt>
<trkpt lat="47.1352692" lon="4.0567150">
	<ele>706.59</ele>
	<time>1970-01-01T07:14:29.600Z</time>
</trkpt>
<trkpt lat="47.1342468" lon="4.0567660">
	<ele>708.77</ele>
	<time>1970-01-01T07:14:57.209Z</time>
</trkpt>
<trkpt lat="47.1339531" lon="4.0568452">
	<ele>709.97</ele>
	<time>1970-01-01T07:15:02.997Z</time>
</trkpt>
<trkpt lat="47.1337814" lon="4.0569229">
	<ele>710.94</ele>
	<time>1970-01-01T07:15:09.076Z</time>
</trkpt>
<trkpt lat="47.1335793" lon="4.0570889">
	<ele>711.12</ele>
	<time>1970-01-01T07:15:14.591Z</time>
</trkpt>
<trkpt lat="47.1328049" lon="4.0578361">
	<ele>709.83</ele>
	<time>1970-01-01T07:15:32.533Z</time>
</trkpt>
<trkpt lat="47.1325188" lon="4.0580778">
	<ele>709.03</ele>
	<time>1970-01-01T07:15:39.620Z</time>
</trkpt>
<trkpt lat="47.1323776" lon="4.0581641">
	<ele>708.84</ele>
	<time>1970-01-01T07:15:42.574Z</time>
</trkpt>
<trkpt lat="47.1322441" lon="4.0582199">
	<ele>708.67</ele>
	<time>1970-01-01T07:15:45.169Z</time>
</trkpt>
<trkpt lat="47.1321297" lon="4.0582352">
	<ele>708.37</ele>
	<time>1970-01-01T07:15:47.159Z</time>
</trkpt>
<trkpt lat="47.1308479" lon="4.0584512">
	<ele>709.86</ele>
	<time>1970-01-01T07:16:06.505Z</time>
</trkpt>
<trkpt lat="47.1307259" lon="4.0584850">
	<ele>710.19</ele>
	<time>1970-01-01T07:16:08.773Z</time>
</trkpt>
<trkpt lat="47.1306610" lon="4.0585480">
	<ele>710.56</ele>
	<time>1970-01-01T07:16:10.442Z</time>
</trkpt>
<trkpt lat="47.1304283" lon="4.0588341">
	<ele>712.80</ele>
	<time>1970-01-01T07:16:19.797Z</time>
</trkpt>
<trkpt lat="47.1298561" lon="4.0598502">
	<ele>714.61</ele>
	<time>1970-01-01T07:16:38.036Z</time>
</trkpt>
<trkpt lat="47.1296692" lon="4.0600801">
	<ele>713.97</ele>
	<time>1970-01-01T07:16:42.752Z</time>
</trkpt>
<trkpt lat="47.1294899" lon="4.0601740">
	<ele>714.05</ele>
	<time>1970-01-01T07:16:46.385Z</time>
</trkpt>
<trkpt lat="47.1285439" lon="4.0606289">
	<ele>712.98</ele>
	<time>1970-01-01T07:17:09.574Z</time>
</trkpt>
<trkpt lat="47.1284676" lon="4.0606890">
	<ele>713.05</ele>
	<time>1970-01-01T07:17:11.731Z</time>
</trkpt>
<trkpt lat="47.1284027" lon="4.0607691">
	<ele>712.98</ele>
	<time>1970-01-01T07:17:13.902Z</time>
</trkpt>
<trkpt lat="47.1283264" lon="4.0609341">
	<ele>712.31</ele>
	<time>1970-01-01T07:17:17.606Z</time>
</trkpt>
<trkpt lat="47.1278915" lon="4.0621662">
	<ele>702.97</ele>
	<time>1970-01-01T07:17:30.628Z</time>
</trkpt>
<trkpt lat="47.1278610" lon="4.0622602">
	<ele>701.41</ele>
	<time>1970-01-01T07:17:31.540Z</time>
</trkpt>
<trkpt lat="47.1276283" lon="4.0627999">
	<ele>696.24</ele>
	<time>1970-01-01T07:17:35.457Z</time>
</trkpt>
<trkpt lat="47.1275024" lon="4.0631008">
	<ele>694.18</ele>
	<time>1970-01-01T07:17:37.617Z</time>
</trkpt>
<trkpt lat="47.1273575" lon="4.0634508">
	<ele>691.32</ele>
	<time>1970-01-01T07:17:40.097Z</time>
</trkpt>
<trkpt lat="47.1272774" lon="4.0637178">
	<ele>690.06</ele>
	<time>1970-01-01T07:17:41.857Z</time>
</trkpt>
<trkpt lat="47.1270714" lon="4.0646901">
	<ele>683.07</ele>
	<time>1970-01-01T07:17:48.017Z</time>
</trkpt>
<trkpt lat="47.1270180" lon="4.0649090">
	<ele>681.95</ele>
	<time>1970-01-01T07:17:49.457Z</time>
</trkpt>
<trkpt lat="47.1269569" lon="4.0651512">
	<ele>680.73</ele>
	<time>1970-01-01T07:17:51.057Z</time>
</trkpt>
<trkpt lat="47.1268120" lon="4.0656371">
	<ele>679.11</ele>
	<time>1970-01-01T07:17:54.257Z</time>
</trkpt>
<trkpt lat="47.1267738" lon="4.0657392">
	<ele>678.76</ele>
	<time>1970-01-01T07:17:54.977Z</time>
</trkpt>
<trkpt lat="47.1267281" lon="4.0657859">
	<ele>678.90</ele>
	<time>1970-01-01T07:17:55.457Z</time>
</trkpt>
<trkpt lat="47.1265755" lon="4.0656929">
	<ele>679.35</ele>
	<time>1970-01-01T07:17:56.897Z</time>
</trkpt>
<trkpt lat="47.1264572" lon="4.0655732">
	<ele>679.34</ele>
	<time>1970-01-01T07:17:58.294Z</time>
</trkpt>
<trkpt lat="47.1260147" lon="4.0651870">
	<ele>678.62</ele>
	<time>1970-01-01T07:18:05.160Z</time>
</trkpt>
<trkpt lat="47.1258583" lon="4.0650668">
	<ele>679.05</ele>
	<time>1970-01-01T07:18:08.145Z</time>
</trkpt>
<trkpt lat="47.1256409" lon="4.0649719">
	<ele>678.81</ele>
	<time>1970-01-01T07:18:11.195Z</time>
</trkpt>
<trkpt lat="47.1254082" lon="4.0649028">
	<ele>680.65</ele>
	<time>1970-01-01T07:18:16.920Z</time>
</trkpt>
<trkpt lat="47.1249924" lon="4.0648608">
	<ele>682.77</ele>
	<time>1970-01-01T07:18:25.418Z</time>
</trkpt>
<trkpt lat="47.1244087" lon="4.0648289">
	<ele>684.40</ele>
	<time>1970-01-01T07:18:38.694Z</time>
</trkpt>
<trkpt lat="47.1242371" lon="4.0648928">
	<ele>684.17</ele>
	<time>1970-01-01T07:18:42.042Z</time>
</trkpt>
<trkpt lat="47.1239891" lon="4.0650778">
	<ele>685.70</ele>
	<time>1970-01-01T07:18:49.502Z</time>
</trkpt>
<trkpt lat="47.1236992" lon="4.0654030">
	<ele>685.83</ele>
	<time>1970-01-01T07:18:56.136Z</time>
</trkpt>
<trkpt lat="47.1235924" lon="4.0655670">
	<ele>685.18</ele>
	<time>1970-01-01T07:18:58.746Z</time>
</trkpt>
<trkpt lat="47.1234970" lon="4.0657721">
	<ele>686.06</ele>
	<time>1970-01-01T07:19:01.383Z</time>
</trkpt>
<trkpt lat="47.1234093" lon="4.0661240">
	<ele>686.09</ele>
	<time>1970-01-01T07:19:05.895Z</time>
</trkpt>
<trkpt lat="47.1232719" lon="4.0665112">
	<ele>687.37</ele>
	<time>1970-01-01T07:19:12.704Z</time>
</trkpt>
<trkpt lat="47.1232376" lon="4.0665679">
	<ele>687.49</ele>
	<time>1970-01-01T07:19:13.895Z</time>
</trkpt>
<trkpt lat="47.1231651" lon="4.0665011">
	<ele>687.69</ele>
	<time>1970-01-01T07:19:15.990Z</time>
</trkpt>
<trkpt lat="47.1227608" lon="4.0663152">
	<ele>687.91</ele>
	<time>1970-01-01T07:19:26.429Z</time>
</trkpt>
<trkpt lat="47.1226234" lon="4.0662441">
	<ele>687.68</ele>
	<time>1970-01-01T07:19:29.712Z</time>
</trkpt>
<trkpt lat="47.1225433" lon="4.0661688">
	<ele>687.28</ele>
	<time>1970-01-01T07:19:31.910Z</time>
</trkpt>
<trkpt lat="47.1224747" lon="4.0660739">
	<ele>686.86</ele>
	<time>1970-01-01T07:19:33.798Z</time>
</trkpt>
<trkpt lat="47.1224365" lon="4.0659742">
	<ele>686.78</ele>
	<time>1970-01-01T07:19:35.155Z</time>
</trkpt>
<trkpt lat="47.1214638" lon="4.0636082">
	<ele>676.54</ele>
	<time>1970-01-01T07:19:54.861Z</time>
</trkpt>
<trkpt lat="47.1213913" lon="4.0633421">
	<ele>675.04</ele>
	<time>1970-01-01T07:19:57.754Z</time>
</trkpt>
<trkpt lat="47.1213150" lon="4.0631919">
	<ele>674.11</ele>
	<time>1970-01-01T07:19:59.392Z</time>
</trkpt>
<trkpt lat="47.1212196" lon="4.0634160">
	<ele>673.96</ele>
	<time>1970-01-01T07:20:01.457Z</time>
</trkpt>
<trkpt lat="47.1211586" lon="4.0635309">
	<ele>674.11</ele>
	<time>1970-01-01T07:20:02.562Z</time>
</trkpt>
<trkpt lat="47.1207161" lon="4.0640712">
	<ele>673.34</ele>
	<time>1970-01-01T07:20:08.956Z</time>
</trkpt>
<trkpt lat="47.1189842" lon="4.0661621">
	<ele>682.26</ele>
	<time>1970-01-01T07:20:54.142Z</time>
</trkpt>
<trkpt lat="47.1188965" lon="4.0662699">
	<ele>682.14</ele>
	<time>1970-01-01T07:20:56.352Z</time>
</trkpt>
<trkpt lat="47.1187096" lon="4.0664172">
	<ele>681.40</ele>
	<time>1970-01-01T07:21:03.541Z</time>
</trkpt>
<trkpt lat="47.1185112" lon="4.0665040">
	<ele>681.16</ele>
	<time>1970-01-01T07:21:08.849Z</time>
</trkpt>
<trkpt lat="47.1180000" lon="4.0666380">
	<ele>680.99</ele>
	<time>1970-01-01T07:21:19.660Z</time>
</trkpt>
<trkpt lat="47.1169395" lon="4.0668721">
	<ele>682.53</ele>
	<time>1970-01-01T07:21:39.674Z</time>
</trkpt>
<trkpt lat="47.1160240" lon="4.0670948">
	<ele>685.69</ele>
	<time>1970-01-01T07:22:22.768Z</time>
</trkpt>
<trkpt lat="47.1156502" lon="4.0672622">
	<ele>686.65</ele>
	<time>1970-01-01T07:22:38.974Z</time>
</trkpt>
<trkpt lat="47.1142616" lon="4.0680170">
	<ele>688.83</ele>
	<time>1970-01-01T07:23:43.631Z</time>
</trkpt>
<trkpt lat="47.1133080" lon="4.0685620">
	<ele>690.83</ele>
	<time>1970-01-01T07:24:30.059Z</time>
</trkpt>
<trkpt lat="47.1123047" lon="4.0691028">
	<ele>693.95</ele>
	<time>1970-01-01T07:25:04.331Z</time>
</trkpt>
<trkpt lat="47.1120834" lon="4.0692449">
	<ele>694.49</ele>
	<time>1970-01-01T07:25:11.726Z</time>
</trkpt>
<trkpt lat="47.1119995" lon="4.0693140">
	<ele>694.84</ele>
	<time>1970-01-01T07:25:14.871Z</time>
</trkpt>
<trkpt lat="47.1118164" lon="4.0695338">
	<ele>694.96</ele>
	<time>1970-01-01T07:25:23.868Z</time>
</trkpt>
<trkpt lat="47.1116524" lon="4.0698309">
	<ele>695.39</ele>
	<time>1970-01-01T07:25:33.904Z</time>
</trkpt>
<trkpt lat="47.1114655" lon="4.0702991">
	<ele>696.02</ele>
	<time>1970-01-01T07:25:50.927Z</time>
</trkpt>
<trkpt lat="47.1111374" lon="4.0714378">
	<ele>696.24</ele>
	<time>1970-01-01T07:26:23.188Z</time>
</trkpt>
<trkpt lat="47.1110497" lon="4.0716429">
	<ele>696.67</ele>
	<time>1970-01-01T07:26:27.195Z</time>
</trkpt>
<trkpt lat="47.1109657" lon="4.0717869">
	<ele>696.46</ele>
	<time>1970-01-01T07:26:30.389Z</time>
</trkpt>
<trkpt lat="47.1107254" lon="4.0720878">
	<ele>698.13</ele>
	<time>1970-01-01T07:26:37.892Z</time>
</trkpt>
<trkpt lat="47.1105766" lon="4.0722179">
	<ele>699.83</ele>
	<time>1970-01-01T07:26:42.256Z</time>
</trkpt>
<trkpt lat="47.1103325" lon="4.0722909">
	<ele>701.79</ele>
	<time>1970-01-01T07:26:49.236Z</time>
</trkpt>
<trkpt lat="47.1101456" lon="4.0722699">
	<ele>703.15</ele>
	<time>1970-01-01T07:26:55.184Z</time>
</trkpt>
<trkpt lat="47.1096344" lon="4.0721231">
	<ele>705.00</ele>
	<time>1970-01-01T07:27:10.666Z</time>
</trkpt>
<trkpt lat="47.1094856" lon="4.0721121">
	<ele>705.56</ele>
	<time>1970-01-01T07:27:14.120Z</time>
</trkpt>
<trkpt lat="47.1093407" lon="4.0721259">
	<ele>705.40</ele>
	<time>1970-01-01T07:27:17.444Z</time>
</trkpt>
<trkpt lat="47.1091614" lon="4.0722098">
	<ele>704.92</ele>
	<time>1970-01-01T07:27:21.647Z</time>
</trkpt>
<trkpt lat="47.1083412" lon="4.0730872">
	<ele>707.37</ele>
	<time>1970-01-01T07:27:57.039Z</time>
</trkpt>
<trkpt lat="47.1080933" lon="4.0732832">
	<ele>707.71</ele>
	<time>1970-01-01T07:28:03.043Z</time>
</trkpt>
<trkpt lat="47.1079178" lon="4.0733328">
	<ele>707.87</ele>
	<time>1970-01-01T07:28:09.764Z</time>
</trkpt>
<trkpt lat="47.1077843" lon="4.0733228">
	<ele>707.88</ele>
	<time>1970-01-01T07:28:13.555Z</time>
</trkpt>
<trkpt lat="47.1077385" lon="4.0733190">
	<ele>707.84</ele>
	<time>1970-01-01T07:28:14.690Z</time>
</trkpt>
<trkpt lat="47.1075516" lon="4.0732732">
	<ele>707.31</ele>
	<time>1970-01-01T07:28:18.041Z</time>
</trkpt>
<trkpt lat="47.1073837" lon="4.0731840">
	<ele>706.93</ele>
	<time>1970-01-01T07:28:21.464Z</time>
</trkpt>
<trkpt lat="47.1065865" lon="4.0724621">
	<ele>707.85</ele>
	<time>1970-01-01T07:28:41.527Z</time>
</trkpt>
<trkpt lat="47.1063652" lon="4.0723372">
	<ele>709.52</ele>
	<time>1970-01-01T07:28:45.433Z</time>
</trkpt>
<trkpt lat="47.1061897" lon="4.0722961">
	<ele>710.53</ele>
	<time>1970-01-01T07:28:48.330Z</time>
</trkpt>
<trkpt lat="47.1060104" lon="4.0723200">
	<ele>711.17</ele>
	<time>1970-01-01T07:28:51.481Z</time>
</trkpt>
<trkpt lat="47.1058426" lon="4.0723810">
	<ele>711.34</ele>
	<time>1970-01-01T07:28:55.132Z</time>
</trkpt>
<trkpt lat="47.1055641" lon="4.0725861">
	<ele>711.33</ele>
	<time>1970-01-01T07:29:02.264Z</time>
</trkpt>
<trkpt lat="47.1052513" lon="4.0728412">
	<ele>711.62</ele>
	<time>1970-01-01T07:29:11.579Z</time>
</trkpt>
<trkpt lat="47.1049118" lon="4.0730848">
	<ele>711.43</ele>
	<time>1970-01-01T07:29:21.969Z</time>
</trkpt>
<trkpt lat="47.1039429" lon="4.0737329">
	<ele>709.27</ele>
	<time>1970-01-01T07:29:43.081Z</time>
</trkpt>
<trkpt lat="47.1036606" lon="4.0738602">
	<ele>708.88</ele>
	<time>1970-01-01T07:29:48.425Z</time>
</trkpt>
<trkpt lat="47.1035118" lon="4.0738988">
	<ele>708.95</ele>
	<time>1970-01-01T07:29:51.033Z</time>
</trkpt>
<trkpt lat="47.1033669" lon="4.0739012">
	<ele>709.03</ele>
	<time>1970-01-01T07:29:53.248Z</time>
</trkpt>
<trkpt lat="47.1030159" lon="4.0738311">
	<ele>709.47</ele>
	<time>1970-01-01T07:29:59.181Z</time>
</trkpt>
<trkpt lat="47.1025505" lon="4.0736570">
	<ele>709.15</ele>
	<time>1970-01-01T07:30:07.521Z</time>
</trkpt>
<trkpt lat="47.1022644" lon="4.0735178">
	<ele>709.12</ele>
	<time>1970-01-01T07:30:13.480Z</time>
</trkpt>
<trkpt lat="47.1018906" lon="4.0732799">
	<ele>709.95</ele>
	<time>1970-01-01T07:30:23.642Z</time>
</trkpt>
<trkpt lat="47.1016350" lon="4.0731292">
	<ele>710.34</ele>
	<time>1970-01-01T07:30:32.789Z</time>
</trkpt>
<trkpt lat="47.1014633" lon="4.0730500">
	<ele>710.04</ele>
	<time>1970-01-01T07:30:38.495Z</time>
</trkpt>
<trkpt lat="47.1013031" lon="4.0730100">
	<ele>709.94</ele>
	<time>1970-01-01T07:30:43.797Z</time>
</trkpt>
<trkpt lat="47.1012077" lon="4.0730038">
	<ele>709.92</ele>
	<time>1970-01-01T07:30:46.810Z</time>
</trkpt>
<trkpt lat="47.1009445" lon="4.0730348">
	<ele>710.13</ele>
	<time>1970-01-01T07:30:54.546Z</time>
</trkpt>
<trkpt lat="47.1000404" lon="4.0733361">
	<ele>704.40</ele>
	<time>1970-01-01T07:31:11.585Z</time>
</trkpt>
<trkpt lat="47.0997467" lon="4.0734749">
	<ele>702.71</ele>
	<time>1970-01-01T07:31:15.931Z</time>
</trkpt>
<trkpt lat="47.0995636" lon="4.0735869">
	<ele>701.22</ele>
	<time>1970-01-01T07:31:18.633Z</time>
</trkpt>
<trkpt lat="47.0994148" lon="4.0737529">
	<ele>700.25</ele>
	<time>1970-01-01T07:31:21.103Z</time>
</trkpt>
<trkpt lat="47.0992813" lon="4.0739651">
	<ele>699.31</ele>
	<time>1970-01-01T07:31:23.608Z</time>
</trkpt>
<trkpt lat="47.0991669" lon="4.0741992">
	<ele>698.01</ele>
	<time>1970-01-01T07:31:26.053Z</time>
</trkpt>
<trkpt lat="47.0990677" lon="4.0744700">
	<ele>696.56</ele>
	<time>1970-01-01T07:31:28.026Z</time>
</trkpt>
<trkpt lat="47.0988998" lon="4.0750341">
	<ele>694.06</ele>
	<time>1970-01-01T07:31:31.786Z</time>
</trkpt>
<trkpt lat="47.0977097" lon="4.0750022">
	<ele>686.99</ele>
	<time>1970-01-01T07:31:42.426Z</time>
</trkpt>
<trkpt lat="47.0972786" lon="4.0749741">
	<ele>687.20</ele>
	<time>1970-01-01T07:31:46.841Z</time>
</trkpt>
<trkpt lat="47.0966339" lon="4.0747051">
	<ele>687.03</ele>
	<time>1970-01-01T07:31:54.097Z</time>
</trkpt>
<trkpt lat="47.0964432" lon="4.0745282">
	<ele>687.02</ele>
	<time>1970-01-01T07:31:57.029Z</time>
</trkpt>
<trkpt lat="47.0963058" lon="4.0743032">
	<ele>686.94</ele>
	<time>1970-01-01T07:31:59.912Z</time>
</trkpt>
<trkpt lat="47.0958519" lon="4.0731182">
	<ele>683.26</ele>
	<time>1970-01-01T07:32:14.465Z</time>
</trkpt>
<trkpt lat="47.0955658" lon="4.0724039">
	<ele>680.93</ele>
	<time>1970-01-01T07:32:21.231Z</time>
</trkpt>
<trkpt lat="47.0955582" lon="4.0720658">
	<ele>681.52</ele>
	<time>1970-01-01T07:32:24.606Z</time>
</trkpt>
<trkpt lat="47.0955582" lon="4.0719891">
	<ele>681.83</ele>
	<time>1970-01-01T07:32:25.460Z</time>
</trkpt>
<trkpt lat="47.0956001" lon="4.0709658">
	<ele>685.71</ele>
	<time>1970-01-01T07:32:34.347Z</time>
</trkpt>
<trkpt lat="47.0955696" lon="4.0704188">
	<ele>686.61</ele>
	<time>1970-01-01T07:32:40.549Z</time>
</trkpt>
<trkpt lat="47.0954742" lon="4.0697961">
	<ele>686.68</ele>
	<time>1970-01-01T07:32:48.110Z</time>
</trkpt>
<trkpt lat="47.0954170" lon="4.0694280">
	<ele>686.11</ele>
	<time>1970-01-01T07:32:52.976Z</time>
</trkpt>
<trkpt lat="47.0954056" lon="4.0692978">
	<ele>686.02</ele>
	<time>1970-01-01T07:32:54.653Z</time>
</trkpt>
<trkpt lat="47.0953407" lon="4.0689201">
	<ele>686.77</ele>
	<time>1970-01-01T07:33:00.322Z</time>
</trkpt>
<trkpt lat="47.0953293" lon="4.0687551">
	<ele>686.95</ele>
	<time>1970-01-01T07:33:03.061Z</time>
</trkpt>
<trkpt lat="47.0953140" lon="4.0686440">
	<ele>686.97</ele>
	<time>1970-01-01T07:33:05.041Z</time>
</trkpt>
<trkpt lat="47.0953026" lon="4.0680041">
	<ele>689.05</ele>
	<time>1970-01-01T07:33:20.484Z</time>
</trkpt>
<trkpt lat="47.0951385" lon="4.0675011">
	<ele>691.13</ele>
	<time>1970-01-01T07:33:32.311Z</time>
</trkpt>
<trkpt lat="47.0947990" lon="4.0673499">
	<ele>692.71</ele>
	<time>1970-01-01T07:33:53.187Z</time>
</trkpt>
<trkpt lat="47.0940437" lon="4.0676398">
	<ele>697.40</ele>
	<time>1970-01-01T07:34:54.193Z</time>
</trkpt>
<trkpt lat="47.0928802" lon="4.0688729">
	<ele>709.26</ele>
	<time>1970-01-01T07:36:44.698Z</time>
</trkpt>
<trkpt lat="47.0925980" lon="4.0690932">
	<ele>713.21</ele>
	<time>1970-01-01T07:37:03.034Z</time>
</trkpt>
<trkpt lat="47.0920715" lon="4.0696082">
	<ele>713.65</ele>
	<time>1970-01-01T07:37:39.966Z</time>
</trkpt>
<trkpt lat="47.0916138" lon="4.0699782">
	<ele>719.91</ele>
	<time>1970-01-01T07:38:20.798Z</time>
</trkpt>
<trkpt lat="47.0913048" lon="4.0702910">
	<ele>726.26</ele>
	<time>1970-01-01T07:38:50.754Z</time>
</trkpt>
<trkpt lat="47.0912094" lon="4.0704689">
	<ele>725.95</ele>
	<time>1970-01-01T07:39:00.520Z</time>
</trkpt>
<trkpt lat="47.0899544" lon="4.0717611">
	<ele>735.92</ele>
	<time>1970-01-01T07:41:06.476Z</time>
</trkpt>
<trkpt lat="47.0895119" lon="4.0719252">
	<ele>739.51</ele>
	<time>1970-01-01T07:41:29.195Z</time>
</trkpt>
<trkpt lat="47.0893593" lon="4.0718832">
	<ele>740.79</ele>
	<time>1970-01-01T07:41:37.419Z</time>
</trkpt>
<trkpt lat="47.0891647" lon="4.0717521">
	<ele>742.43</ele>
	<time>1970-01-01T07:41:52.411Z</time>
</trkpt>
<trkpt lat="47.0889969" lon="4.0716581">
	<ele>742.58</ele>
	<time>1970-01-01T07:42:02.463Z</time>
</trkpt>
<trkpt lat="47.0887909" lon="4.0711732">
	<ele>744.28</ele>
	<time>1970-01-01T07:42:19.655Z</time>
</trkpt>
<trkpt lat="47.0886574" lon="4.0706291">
	<ele>745.04</ele>
	<time>1970-01-01T07:42:33.750Z</time>
</trkpt>
<trkpt lat="47.0887222" lon="4.0699768">
	<ele>745.47</ele>
	<time>1970-01-01T07:42:53.296Z</time>
</trkpt>
<trkpt lat="47.0886917" lon="4.0695858">
	<ele>744.89</ele>
	<time>1970-01-01T07:43:00.119Z</time>
</trkpt>
<trkpt lat="47.0886345" lon="4.0689998">
	<ele>743.53</ele>
	<time>1970-01-01T07:43:11.768Z</time>
</trkpt>
<trkpt lat="47.0885315" lon="4.0685959">
	<ele>741.63</ele>
	<time>1970-01-01T07:43:15.987Z</time>
</trkpt>
<trkpt lat="47.0883751" lon="4.0676751">
	<ele>736.74</ele>
	<time>1970-01-01T07:43:27.119Z</time>
</trkpt>
<trkpt lat="47.0882797" lon="4.0668888">
	<ele>732.70</ele>
	<time>1970-01-01T07:43:32.409Z</time>
</trkpt>
<trkpt lat="47.0879364" lon="4.0649362">
	<ele>722.39</ele>
	<time>1970-01-01T07:43:44.649Z</time>
</trkpt>
<trkpt lat="47.0876923" lon="4.0627341">
	<ele>713.36</ele>
	<time>1970-01-01T07:43:58.249Z</time>
</trkpt>
<trkpt lat="47.0874519" lon="4.0611300">
	<ele>707.37</ele>
	<time>1970-01-01T07:44:08.249Z</time>
</trkpt>
<trkpt lat="47.0873222" lon="4.0603170">
	<ele>705.10</ele>
	<time>1970-01-01T07:44:13.289Z</time>
</trkpt>
<trkpt lat="47.0872269" lon="4.0600710">
	<ele>704.33</ele>
	<time>1970-01-01T07:44:14.969Z</time>
</trkpt>
<trkpt lat="47.0870895" lon="4.0599399">
	<ele>703.54</ele>
	<time>1970-01-01T07:44:16.409Z</time>
</trkpt>
<trkpt lat="47.0870590" lon="4.0599098">
	<ele>703.29</ele>
	<time>1970-01-01T07:44:16.729Z</time>
</trkpt>
<trkpt lat="47.0865898" lon="4.0597811">
	<ele>703.57</ele>
	<time>1970-01-01T07:44:20.969Z</time>
</trkpt>
<trkpt lat="47.0859337" lon="4.0596409">
	<ele>703.87</ele>
	<time>1970-01-01T07:44:27.513Z</time>
</trkpt>
<trkpt lat="47.0851288" lon="4.0598130">
	<ele>705.93</ele>
	<time>1970-01-01T07:44:39.425Z</time>
</trkpt>
<trkpt lat="47.0847702" lon="4.0599308">
	<ele>708.19</ele>
	<time>1970-01-01T07:44:50.105Z</time>
</trkpt>
<trkpt lat="47.0841713" lon="4.0598130">
	<ele>709.64</ele>
	<time>1970-01-01T07:45:01.370Z</time>
</trkpt>
<trkpt lat="47.0834503" lon="4.0592980">
	<ele>712.37</ele>
	<time>1970-01-01T07:45:24.032Z</time>
</trkpt>
<trkpt lat="47.0827026" lon="4.0590081">
	<ele>714.69</ele>
	<time>1970-01-01T07:45:43.771Z</time>
</trkpt>
<trkpt lat="47.0819511" lon="4.0590410">
	<ele>716.65</ele>
	<time>1970-01-01T07:46:16.068Z</time>
</trkpt>
<trkpt lat="47.0812073" lon="4.0594382">
	<ele>719.95</ele>
	<time>1970-01-01T07:46:54.720Z</time>
</trkpt>
<trkpt lat="47.0807228" lon="4.0597491">
	<ele>722.93</ele>
	<time>1970-01-01T07:47:15.344Z</time>
</trkpt>
<trkpt lat="47.0799408" lon="4.0599952">
	<ele>723.88</ele>
	<time>1970-01-01T07:47:49.368Z</time>
</trkpt>
<trkpt lat="47.0788994" lon="4.0601621">
	<ele>726.14</ele>
	<time>1970-01-01T07:48:27.717Z</time>
</trkpt>
<trkpt lat="47.0785255" lon="4.0603328">
	<ele>727.53</ele>
	<time>1970-01-01T07:48:41.140Z</time>
</trkpt>
<trkpt lat="47.0783768" lon="4.0604191">
	<ele>728.47</ele>
	<time>1970-01-01T07:48:46.549Z</time>
</trkpt>
<trkpt lat="47.0776329" lon="4.0607381">
	<ele>729.07</ele>
	<time>1970-01-01T07:49:13.582Z</time>
</trkpt>
<trkpt lat="47.0773582" lon="4.0608668">
	<ele>728.55</ele>
	<time>1970-01-01T07:49:20.733Z</time>
</trkpt>
<trkpt lat="47.0771828" lon="4.0608988">
	<ele>728.17</ele>
	<time>1970-01-01T07:49:24.406Z</time>
</trkpt>
<trkpt lat="47.0768967" lon="4.0609851">
	<ele>727.97</ele>
	<time>1970-01-01T07:49:33.148Z</time>
</trkpt>
<trkpt lat="47.0766449" lon="4.0611172">
	<ele>726.92</ele>
	<time>1970-01-01T07:49:38.792Z</time>
</trkpt>
<trkpt lat="47.0766182" lon="4.0612268">
	<ele>726.80</ele>
	<time>1970-01-01T07:49:40.245Z</time>
</trkpt>
<trkpt lat="47.0766373" lon="4.0615220">
	<ele>726.37</ele>
	<time>1970-01-01T07:49:44.210Z</time>
</trkpt>
<trkpt lat="47.0769348" lon="4.0622268">
	<ele>724.86</ele>
	<time>1970-01-01T07:49:50.734Z</time>
</trkpt>
<trkpt lat="47.0771866" lon="4.0627608">
	<ele>721.54</ele>
	<time>1970-01-01T07:49:58.045Z</time>
</trkpt>
<trkpt lat="47.0775185" lon="4.0634718">
	<ele>719.27</ele>
	<time>1970-01-01T07:50:08.727Z</time>
</trkpt>
<trkpt lat="47.0775871" lon="4.0637288">
	<ele>719.36</ele>
	<time>1970-01-01T07:50:12.199Z</time>
</trkpt>
<trkpt lat="47.0775681" lon="4.0640831">
	<ele>718.83</ele>
	<time>1970-01-01T07:50:15.457Z</time>
</trkpt>
<trkpt lat="47.0775185" lon="4.0642281">
	<ele>718.65</ele>
	<time>1970-01-01T07:50:16.777Z</time>
</trkpt>
<trkpt lat="47.0772324" lon="4.0643492">
	<ele>716.07</ele>
	<time>1970-01-01T07:50:19.417Z</time>
</trkpt>
<trkpt lat="47.0767174" lon="4.0643911">
	<ele>709.88</ele>
	<time>1970-01-01T07:50:23.977Z</time>
</trkpt>
<trkpt lat="47.0763969" lon="4.0645089">
	<ele>707.80</ele>
	<time>1970-01-01T07:50:26.937Z</time>
</trkpt>
<trkpt lat="47.0761147" lon="4.0648522">
	<ele>707.00</ele>
	<time>1970-01-01T07:50:30.217Z</time>
</trkpt>
<trkpt lat="47.0759010" lon="4.0650401">
	<ele>705.37</ele>
	<time>1970-01-01T07:50:32.457Z</time>
</trkpt>
<trkpt lat="47.0755310" lon="4.0653138">
	<ele>700.83</ele>
	<time>1970-01-01T07:50:36.137Z</time>
</trkpt>
<trkpt lat="47.0753593" lon="4.0654750">
	<ele>698.54</ele>
	<time>1970-01-01T07:50:37.977Z</time>
</trkpt>
<trkpt lat="47.0753021" lon="4.0658612">
	<ele>698.59</ele>
	<time>1970-01-01T07:50:40.377Z</time>
</trkpt>
<trkpt lat="47.0752945" lon="4.0665641">
	<ele>695.88</ele>
	<time>1970-01-01T07:50:44.617Z</time>
</trkpt>
<trkpt lat="47.0752525" lon="4.0671721">
	<ele>693.25</ele>
	<time>1970-01-01T07:50:48.297Z</time>
</trkpt>
<trkpt lat="47.0752525" lon="4.0676470">
	<ele>691.20</ele>
	<time>1970-01-01T07:50:51.177Z</time>
</trkpt>
<trkpt lat="47.0753136" lon="4.0683789">
	<ele>687.71</ele>
	<time>1970-01-01T07:50:55.657Z</time>
</trkpt>
<trkpt lat="47.0754623" lon="4.0690231">
	<ele>684.68</ele>
	<time>1970-01-01T07:50:59.817Z</time>
</trkpt>
<trkpt lat="47.0756493" lon="4.0700560">
	<ele>679.05</ele>
	<time>1970-01-01T07:51:06.297Z</time>
</trkpt>
<trkpt lat="47.0756874" lon="4.0703740">
	<ele>677.68</ele>
	<time>1970-01-01T07:51:08.297Z</time>
</trkpt>
<trkpt lat="47.0757141" lon="4.0705628">
	<ele>676.40</ele>
	<time>1970-01-01T07:51:10.391Z</time>
</trkpt>
<trkpt lat="47.0757332" lon="4.0709028">
	<ele>675.77</ele>
	<time>1970-01-01T07:51:12.913Z</time>
</trkpt>
<trkpt lat="47.0758553" lon="4.0711470">
	<ele>674.86</ele>
	<time>1970-01-01T07:51:15.105Z</time>
</trkpt>
<trkpt lat="47.0760612" lon="4.0714931">
	<ele>672.76</ele>
	<time>1970-01-01T07:51:19.948Z</time>
</trkpt>
<trkpt lat="47.0763550" lon="4.0717559">
	<ele>670.50</ele>
	<time>1970-01-01T07:51:24.536Z</time>
</trkpt>
<trkpt lat="47.0764389" lon="4.0719171">
	<ele>668.89</ele>
	<time>1970-01-01T07:51:26.215Z</time>
</trkpt>
<trkpt lat="47.0764503" lon="4.0721340">
	<ele>667.21</ele>
	<time>1970-01-01T07:51:27.847Z</time>
</trkpt>
<trkpt lat="47.0763702" lon="4.0724940">
	<ele>665.22</ele>
	<time>1970-01-01T07:51:30.167Z</time>
</trkpt>
<trkpt lat="47.0760269" lon="4.0740328">
	<ele>657.68</ele>
	<time>1970-01-01T07:51:40.007Z</time>
</trkpt>
<trkpt lat="47.0760002" lon="4.0744982">
	<ele>656.12</ele>
	<time>1970-01-01T07:51:42.807Z</time>
</trkpt>
<trkpt lat="47.0760307" lon="4.0751281">
	<ele>651.72</ele>
	<time>1970-01-01T07:51:46.647Z</time>
</trkpt>
<trkpt lat="47.0759544" lon="4.0756512">
	<ele>650.13</ele>
	<time>1970-01-01T07:51:50.131Z</time>
</trkpt>
<trkpt lat="47.0757790" lon="4.0760241">
	<ele>649.96</ele>
	<time>1970-01-01T07:51:53.126Z</time>
</trkpt>
<trkpt lat="47.0756187" lon="4.0762792">
	<ele>648.97</ele>
	<time>1970-01-01T07:51:55.206Z</time>
</trkpt>
<trkpt lat="47.0755920" lon="4.0763192">
	<ele>648.67</ele>
	<time>1970-01-01T07:51:55.526Z</time>
</trkpt>
<trkpt lat="47.0754166" lon="4.0764551">
	<ele>647.35</ele>
	<time>1970-01-01T07:51:57.286Z</time>
</trkpt>
<trkpt lat="47.0753593" lon="4.0765009">
	<ele>646.62</ele>
	<time>1970-01-01T07:51:57.846Z</time>
</trkpt>
<trkpt lat="47.0751648" lon="4.0764852">
	<ele>645.83</ele>
	<time>1970-01-01T07:51:59.606Z</time>
</trkpt>
<trkpt lat="47.0750694" lon="4.0764322">
	<ele>645.44</ele>
	<time>1970-01-01T07:52:00.486Z</time>
</trkpt>
<trkpt lat="47.0748253" lon="4.0762968">
	<ele>643.14</ele>
	<time>1970-01-01T07:52:02.806Z</time>
</trkpt>
<trkpt lat="47.0745277" lon="4.0760288">
	<ele>640.54</ele>
	<time>1970-01-01T07:52:05.926Z</time>
</trkpt>
<trkpt lat="47.0737610" lon="4.0749388">
	<ele>634.94</ele>
	<time>1970-01-01T07:52:15.446Z</time>
</trkpt>
<trkpt lat="47.0735207" lon="4.0745492">
	<ele>633.25</ele>
	<time>1970-01-01T07:52:18.646Z</time>
</trkpt>
<trkpt lat="47.0731544" lon="4.0740590">
	<ele>628.35</ele>
	<time>1970-01-01T07:52:23.046Z</time>
</trkpt>
<trkpt lat="47.0730133" lon="4.0737791">
	<ele>626.55</ele>
	<time>1970-01-01T07:52:25.126Z</time>
</trkpt>
<trkpt lat="47.0729866" lon="4.0736160">
	<ele>626.62</ele>
	<time>1970-01-01T07:52:26.166Z</time>
</trkpt>
<trkpt lat="47.0729752" lon="4.0734091">
	<ele>626.14</ele>
	<time>1970-01-01T07:52:27.446Z</time>
</trkpt>
<trkpt lat="47.0729485" lon="4.0718851">
	<ele>622.18</ele>
	<time>1970-01-01T07:52:37.032Z</time>
</trkpt>
<trkpt lat="47.0729446" lon="4.0710979">
	<ele>617.87</ele>
	<time>1970-01-01T07:52:41.832Z</time>
</trkpt>
<trkpt lat="47.0729713" lon="4.0705910">
	<ele>615.51</ele>
	<time>1970-01-01T07:52:44.952Z</time>
</trkpt>
<trkpt lat="47.0730362" lon="4.0700359">
	<ele>612.61</ele>
	<time>1970-01-01T07:52:48.692Z</time>
</trkpt>
<trkpt lat="47.0730476" lon="4.0696950">
	<ele>611.61</ele>
	<time>1970-01-01T07:52:51.053Z</time>
</trkpt>
<trkpt lat="47.0729675" lon="4.0690999">
	<ele>606.57</ele>
	<time>1970-01-01T07:52:54.733Z</time>
</trkpt>
<trkpt lat="47.0727501" lon="4.0680718">
	<ele>603.33</ele>
	<time>1970-01-01T07:53:01.293Z</time>
</trkpt>
<trkpt lat="47.0726357" lon="4.0676651">
	<ele>601.61</ele>
	<time>1970-01-01T07:53:03.933Z</time>
</trkpt>
<trkpt lat="47.0724068" lon="4.0671310">
	<ele>598.36</ele>
	<time>1970-01-01T07:53:07.773Z</time>
</trkpt>
<trkpt lat="47.0721474" lon="4.0664701">
	<ele>596.03</ele>
	<time>1970-01-01T07:53:12.413Z</time>
</trkpt>
<trkpt lat="47.0721054" lon="4.0662231">
	<ele>596.40</ele>
	<time>1970-01-01T07:53:13.933Z</time>
</trkpt>
<trkpt lat="47.0720787" lon="4.0659251">
	<ele>597.17</ele>
	<time>1970-01-01T07:53:16.414Z</time>
</trkpt>
<trkpt lat="47.0720406" lon="4.0658031">
	<ele>597.14</ele>
	<time>1970-01-01T07:53:17.554Z</time>
</trkpt>
<trkpt lat="47.0720100" lon="4.0657449">
	<ele>597.08</ele>
	<time>1970-01-01T07:53:18.137Z</time>
</trkpt>
<trkpt lat="47.0719528" lon="4.0657039">
	<ele>596.47</ele>
	<time>1970-01-01T07:53:18.834Z</time>
</trkpt>
<trkpt lat="47.0718842" lon="4.0656939">
	<ele>595.47</ele>
	<time>1970-01-01T07:53:19.500Z</time>
</trkpt>
<trkpt lat="47.0718193" lon="4.0657201">
	<ele>594.32</ele>
	<time>1970-01-01T07:53:20.140Z</time>
</trkpt>
<trkpt lat="47.0717239" lon="4.0658479">
	<ele>592.55</ele>
	<time>1970-01-01T07:53:21.260Z</time>
</trkpt>
<trkpt lat="47.0716934" lon="4.0660319">
	<ele>590.96</ele>
	<time>1970-01-01T07:53:22.380Z</time>
</trkpt>
<trkpt lat="47.0716858" lon="4.0662332">
	<ele>589.35</ele>
	<time>1970-01-01T07:53:23.580Z</time>
</trkpt>
<trkpt lat="47.0717087" lon="4.0670052">
	<ele>586.51</ele>
	<time>1970-01-01T07:53:28.300Z</time>
</trkpt>
<trkpt lat="47.0717468" lon="4.0674500">
	<ele>585.64</ele>
	<time>1970-01-01T07:53:31.020Z</time>
</trkpt>
<trkpt lat="47.0718346" lon="4.0680051">
	<ele>585.09</ele>
	<time>1970-01-01T07:53:35.138Z</time>
</trkpt>
<trkpt lat="47.0718422" lon="4.0682058">
	<ele>583.67</ele>
	<time>1970-01-01T07:53:36.816Z</time>
</trkpt>
<trkpt lat="47.0718155" lon="4.0684080">
	<ele>581.98</ele>
	<time>1970-01-01T07:53:38.405Z</time>
</trkpt>
<trkpt lat="47.0716133" lon="4.0690188">
	<ele>577.46</ele>
	<time>1970-01-01T07:53:42.565Z</time>
</trkpt>
<trkpt lat="47.0715256" lon="4.0694380">
	<ele>575.65</ele>
	<time>1970-01-01T07:53:45.205Z</time>
</trkpt>
<trkpt lat="47.0714684" lon="4.0698051">
	<ele>574.70</ele>
	<time>1970-01-01T07:53:47.525Z</time>
</trkpt>
<trkpt lat="47.0714417" lon="4.0700560">
	<ele>573.28</ele>
	<time>1970-01-01T07:53:49.045Z</time>
</trkpt>
<trkpt lat="47.0714264" lon="4.0702791">
	<ele>572.96</ele>
	<time>1970-01-01T07:53:50.405Z</time>
</trkpt>
<trkpt lat="47.0713615" lon="4.0713592">
	<ele>573.31</ele>
	<time>1970-01-01T07:53:58.440Z</time>
</trkpt>
<trkpt lat="47.0713158" lon="4.0719829">
	<ele>573.18</ele>
	<time>1970-01-01T07:54:03.864Z</time>
</trkpt>
<trkpt lat="47.0712776" lon="4.0722542">
	<ele>572.20</ele>
	<time>1970-01-01T07:54:06.067Z</time>
</trkpt>
<trkpt lat="47.0710907" lon="4.0733819">
	<ele>569.61</ele>
	<time>1970-01-01T07:54:13.106Z</time>
</trkpt>
<trkpt lat="47.0710754" lon="4.0734720">
	<ele>569.61</ele>
	<time>1970-01-01T07:54:13.771Z</time>
</trkpt>
<trkpt lat="47.0710411" lon="4.0735960">
	<ele>569.24</ele>
	<time>1970-01-01T07:54:14.655Z</time>
</trkpt>
<trkpt lat="47.0709572" lon="4.0737700">
	<ele>567.34</ele>
	<time>1970-01-01T07:54:15.935Z</time>
</trkpt>
<trkpt lat="47.0706787" lon="4.0742531">
	<ele>564.07</ele>
	<time>1970-01-01T07:54:19.775Z</time>
</trkpt>
<trkpt lat="47.0706024" lon="4.0744038">
	<ele>562.89</ele>
	<time>1970-01-01T07:54:20.895Z</time>
</trkpt>
<trkpt lat="47.0705299" lon="4.0746388">
	<ele>562.25</ele>
	<time>1970-01-01T07:54:22.495Z</time>
</trkpt>
<trkpt lat="47.0704041" lon="4.0750961">
	<ele>560.61</ele>
	<time>1970-01-01T07:54:25.455Z</time>
</trkpt>
<trkpt lat="47.0703278" lon="4.0752931">
	<ele>560.02</ele>
	<time>1970-01-01T07:54:26.815Z</time>
</trkpt>
<trkpt lat="47.0701294" lon="4.0756640">
	<ele>556.93</ele>
	<time>1970-01-01T07:54:29.695Z</time>
</trkpt>
<trkpt lat="47.0700493" lon="4.0758572">
	<ele>555.07</ele>
	<time>1970-01-01T07:54:31.055Z</time>
</trkpt>
<trkpt lat="47.0700073" lon="4.0759778">
	<ele>554.09</ele>
	<time>1970-01-01T07:54:31.855Z</time>
</trkpt>
<trkpt lat="47.0699348" lon="4.0763102">
	<ele>553.22</ele>
	<time>1970-01-01T07:54:34.015Z</time>
</trkpt>
<trkpt lat="47.0698013" lon="4.0770321">
	<ele>550.17</ele>
	<time>1970-01-01T07:54:38.575Z</time>
</trkpt>
<trkpt lat="47.0697365" lon="4.0773268">
	<ele>549.18</ele>
	<time>1970-01-01T07:54:40.495Z</time>
</trkpt>
<trkpt lat="47.0696754" lon="4.0775099">
	<ele>548.44</ele>
	<time>1970-01-01T07:54:41.775Z</time>
</trkpt>
<trkpt lat="47.0694275" lon="4.0780401">
	<ele>544.79</ele>
	<time>1970-01-01T07:54:45.695Z</time>
</trkpt>
<trkpt lat="47.0693970" lon="4.0781541">
	<ele>544.45</ele>
	<time>1970-01-01T07:54:46.415Z</time>
</trkpt>
<trkpt lat="47.0693855" lon="4.0782800">
	<ele>544.28</ele>
	<time>1970-01-01T07:54:47.215Z</time>
</trkpt>
<trkpt lat="47.0693970" lon="4.0788951">
	<ele>542.47</ele>
	<time>1970-01-01T07:54:50.975Z</time>
</trkpt>
<trkpt lat="47.0693779" lon="4.0789881">
	<ele>542.26</ele>
	<time>1970-01-01T07:54:51.551Z</time>
</trkpt>
<trkpt lat="47.0693283" lon="4.0790992">
	<ele>541.78</ele>
	<time>1970-01-01T07:54:52.351Z</time>
</trkpt>
<trkpt lat="47.0692825" lon="4.0791459">
	<ele>541.24</ele>
	<time>1970-01-01T07:54:52.831Z</time>
</trkpt>
<trkpt lat="47.0687675" lon="4.0793872">
	<ele>537.35</ele>
	<time>1970-01-01T07:54:57.631Z</time>
</trkpt>
<trkpt lat="47.0687447" lon="4.0793991">
	<ele>537.26</ele>
	<time>1970-01-01T07:54:57.887Z</time>
</trkpt>
<trkpt lat="47.0686646" lon="4.0791330">
	<ele>536.23</ele>
	<time>1970-01-01T07:54:59.696Z</time>
</trkpt>
<trkpt lat="47.0685959" lon="4.0789661">
	<ele>535.97</ele>
	<time>1970-01-01T07:55:00.957Z</time>
</trkpt>
<trkpt lat="47.0685120" lon="4.0787950">
	<ele>535.22</ele>
	<time>1970-01-01T07:55:02.236Z</time>
</trkpt>
<trkpt lat="47.0684738" lon="4.0787268">
	<ele>534.77</ele>
	<time>1970-01-01T07:55:02.809Z</time>
</trkpt>
<trkpt lat="47.0682755" lon="4.0784912">
	<ele>533.73</ele>
	<time>1970-01-01T07:55:05.049Z</time>
</trkpt>
<trkpt lat="47.0682526" lon="4.0785041">
	<ele>533.63</ele>
	<time>1970-01-01T07:55:05.209Z</time>
</trkpt>
<trkpt lat="47.0678062" lon="4.0785618">
	<ele>530.94</ele>
	<time>1970-01-01T07:55:09.209Z</time>
</trkpt>
<trkpt lat="47.0671654" lon="4.0786018">
	<ele>527.49</ele>
	<time>1970-01-01T07:55:14.889Z</time>
</trkpt>
<trkpt lat="47.0670433" lon="4.0786018">
	<ele>526.54</ele>
	<time>1970-01-01T07:55:16.009Z</time>
</trkpt>
<trkpt lat="47.0669022" lon="4.0785689">
	<ele>525.38</ele>
	<time>1970-01-01T07:55:17.289Z</time>
</trkpt>
<trkpt lat="47.0667534" lon="4.0784912">
	<ele>524.31</ele>
	<time>1970-01-01T07:55:18.729Z</time>
</trkpt>
<trkpt lat="47.0665779" lon="4.0783849">
	<ele>523.13</ele>
	<time>1970-01-01T07:55:20.409Z</time>
</trkpt>
<trkpt lat="47.0664482" lon="4.0783339">
	<ele>522.35</ele>
	<time>1970-01-01T07:55:21.609Z</time>
</trkpt>
<trkpt lat="47.0663605" lon="4.0783148">
	<ele>521.55</ele>
	<time>1970-01-01T07:55:22.409Z</time>
</trkpt>
<trkpt lat="47.0661812" lon="4.0783319">
	<ele>519.71</ele>
	<time>1970-01-01T07:55:24.009Z</time>
</trkpt>
<trkpt lat="47.0659065" lon="4.0783939">
	<ele>518.33</ele>
	<time>1970-01-01T07:55:26.489Z</time>
</trkpt>
<trkpt lat="47.0657387" lon="4.0783882">
	<ele>517.30</ele>
	<time>1970-01-01T07:55:27.929Z</time>
</trkpt>
<trkpt lat="47.0655708" lon="4.0783339">
	<ele>516.01</ele>
	<time>1970-01-01T07:55:29.449Z</time>
</trkpt>
<trkpt lat="47.0651436" lon="4.0780592">
	<ele>513.06</ele>
	<time>1970-01-01T07:55:33.609Z</time>
</trkpt>
<trkpt lat="47.0650330" lon="4.0780010">
	<ele>512.12</ele>
	<time>1970-01-01T07:55:34.649Z</time>
</trkpt>
<trkpt lat="47.0648880" lon="4.0779419">
	<ele>511.44</ele>
	<time>1970-01-01T07:55:36.009Z</time>
</trkpt>
<trkpt lat="47.0646782" lon="4.0779209">
	<ele>511.60</ele>
	<time>1970-01-01T07:55:37.849Z</time>
</trkpt>
<trkpt lat="47.0644226" lon="4.0779400">
	<ele>512.31</ele>
	<time>1970-01-01T07:55:40.414Z</time>
</trkpt>
<trkpt lat="47.0642929" lon="4.0779262">
	<ele>512.49</ele>
	<time>1970-01-01T07:55:41.723Z</time>
</trkpt>
<trkpt lat="47.0640831" lon="4.0778370">
	<ele>510.92</ele>
	<time>1970-01-01T07:55:43.643Z</time>
</trkpt>
<trkpt lat="47.0637779" lon="4.0776792">
	<ele>505.85</ele>
	<time>1970-01-01T07:55:46.523Z</time>
</trkpt>
<trkpt lat="47.0635910" lon="4.0776291">
	<ele>502.48</ele>
	<time>1970-01-01T07:55:48.203Z</time>
</trkpt>
<trkpt lat="47.0634613" lon="4.0776310">
	<ele>500.79</ele>
	<time>1970-01-01T07:55:49.323Z</time>
</trkpt>
<trkpt lat="47.0633087" lon="4.0776649">
	<ele>499.80</ele>
	<time>1970-01-01T07:55:50.683Z</time>
</trkpt>
<trkpt lat="47.0630569" lon="4.0777612">
	<ele>498.70</ele>
	<time>1970-01-01T07:55:53.003Z</time>
</trkpt>
<trkpt lat="47.0628738" lon="4.0778828">
	<ele>497.96</ele>
	<time>1970-01-01T07:55:54.763Z</time>
</trkpt>
<trkpt lat="47.0627556" lon="4.0780010">
	<ele>497.63</ele>
	<time>1970-01-01T07:55:56.043Z</time>
</trkpt>
<trkpt lat="47.0626259" lon="4.0781560">
	<ele>496.52</ele>
	<time>1970-01-01T07:55:57.563Z</time>
</trkpt>
<trkpt lat="47.0624733" lon="4.0783801">
	<ele>494.74</ele>
	<time>1970-01-01T07:55:59.483Z</time>
</trkpt>
<trkpt lat="47.0622482" lon="4.0787778">
	<ele>491.99</ele>
	<time>1970-01-01T07:56:02.764Z</time>
</trkpt>
<trkpt lat="47.0621071" lon="4.0790501">
	<ele>489.72</ele>
	<time>1970-01-01T07:56:04.924Z</time>
</trkpt>
<trkpt lat="47.0618553" lon="4.0795031">
	<ele>487.71</ele>
	<time>1970-01-01T07:56:08.444Z</time>
</trkpt>
<trkpt lat="47.0617065" lon="4.0797029">
	<ele>487.44</ele>
	<time>1970-01-01T07:56:10.204Z</time>
</trkpt>
<trkpt lat="47.0615921" lon="4.0798211">
	<ele>486.78</ele>
	<time>1970-01-01T07:56:11.557Z</time>
</trkpt>
<trkpt lat="47.0611153" lon="4.0802011">
	<ele>484.76</ele>
	<time>1970-01-01T07:56:17.582Z</time>
</trkpt>
<trkpt lat="47.0609894" lon="4.0802741">
	<ele>484.13</ele>
	<time>1970-01-01T07:56:19.368Z</time>
</trkpt>
<trkpt lat="47.0608139" lon="4.0803299">
	<ele>482.71</ele>
	<time>1970-01-01T07:56:21.748Z</time>
</trkpt>
<trkpt lat="47.0606079" lon="4.0803461">
	<ele>480.99</ele>
	<time>1970-01-01T07:56:24.180Z</time>
</trkpt>
<trkpt lat="47.0602036" lon="4.0803781">
	<ele>477.59</ele>
	<time>1970-01-01T07:56:28.116Z</time>
</trkpt>
<trkpt lat="47.0597572" lon="4.0804901">
	<ele>475.08</ele>
	<time>1970-01-01T07:56:32.406Z</time>
</trkpt>
<trkpt lat="47.0593872" lon="4.0805631">
	<ele>470.52</ele>
	<time>1970-01-01T07:56:35.767Z</time>
</trkpt>
<trkpt lat="47.0591888" lon="4.0805678">
	<ele>469.35</ele>
	<time>1970-01-01T07:56:37.527Z</time>
</trkpt>
<trkpt lat="47.0585251" lon="4.0804029">
	<ele>464.77</ele>
	<time>1970-01-01T07:56:43.527Z</time>
</trkpt>
<trkpt lat="47.0578194" lon="4.0802660">
	<ele>459.96</ele>
	<time>1970-01-01T07:56:49.847Z</time>
</trkpt>
<trkpt lat="47.0575752" lon="4.0802259">
	<ele>458.84</ele>
	<time>1970-01-01T07:56:52.007Z</time>
</trkpt>
<trkpt lat="47.0573463" lon="4.0802040">
	<ele>457.67</ele>
	<time>1970-01-01T07:56:54.087Z</time>
</trkpt>
<trkpt lat="47.0567245" lon="4.0802140">
	<ele>455.76</ele>
	<time>1970-01-01T07:56:59.607Z</time>
</trkpt>
<trkpt lat="47.0566025" lon="4.0801959">
	<ele>454.70</ele>
	<time>1970-01-01T07:57:00.727Z</time>
</trkpt>
<trkpt lat="47.0565186" lon="4.0801668">
	<ele>453.44</ele>
	<time>1970-01-01T07:57:01.447Z</time>
</trkpt>
<trkpt lat="47.0564423" lon="4.0801101">
	<ele>451.50</ele>
	<time>1970-01-01T07:57:02.247Z</time>
</trkpt>
<trkpt lat="47.0562057" lon="4.0798221">
	<ele>446.14</ele>
	<time>1970-01-01T07:57:04.967Z</time>
</trkpt>
<trkpt lat="47.0561447" lon="4.0797672">
	<ele>445.40</ele>
	<time>1970-01-01T07:57:05.607Z</time>
</trkpt>
<trkpt lat="47.0560493" lon="4.0797129">
	<ele>444.67</ele>
	<time>1970-01-01T07:57:06.567Z</time>
</trkpt>
<trkpt lat="47.0559731" lon="4.0796800">
	<ele>444.37</ele>
	<time>1970-01-01T07:57:07.287Z</time>
</trkpt>
<trkpt lat="47.0553207" lon="4.0795579">
	<ele>443.18</ele>
	<time>1970-01-01T07:57:13.127Z</time>
</trkpt>
<trkpt lat="47.0552711" lon="4.0795498">
	<ele>443.03</ele>
	<time>1970-01-01T07:57:13.527Z</time>
</trkpt>
<trkpt lat="47.0550194" lon="4.0794921">
	<ele>442.79</ele>
	<time>1970-01-01T07:57:15.767Z</time>
</trkpt>
<trkpt lat="47.0549507" lon="4.0794902">
	<ele>442.88</ele>
	<time>1970-01-01T07:57:16.407Z</time>
</trkpt>
<trkpt lat="47.0548744" lon="4.0795069">
	<ele>442.94</ele>
	<time>1970-01-01T07:57:17.136Z</time>
</trkpt>
<trkpt lat="47.0547829" lon="4.0795898">
	<ele>443.05</ele>
	<time>1970-01-01T07:57:18.221Z</time>
</trkpt>
<trkpt lat="47.0546722" lon="4.0797038">
	<ele>443.38</ele>
	<time>1970-01-01T07:57:19.656Z</time>
</trkpt>
<trkpt lat="47.0543251" lon="4.0802612">
	<ele>441.88</ele>
	<time>1970-01-01T07:57:24.443Z</time>
</trkpt>
<trkpt lat="47.0540237" lon="4.0806260">
	<ele>441.02</ele>
	<time>1970-01-01T07:57:28.849Z</time>
</trkpt>
<trkpt lat="47.0537376" lon="4.0808640">
	<ele>440.14</ele>
	<time>1970-01-01T07:57:34.700Z</time>
</trkpt>
<trkpt lat="47.0533676" lon="4.0811219">
	<ele>439.71</ele>
	<time>1970-01-01T07:57:39.256Z</time>
</trkpt>
<trkpt lat="47.0532036" lon="4.0812168">
	<ele>439.79</ele>
	<time>1970-01-01T07:57:42.551Z</time>
</trkpt>
<trkpt lat="47.0530891" lon="4.0812469">
	<ele>440.19</ele>
	<time>1970-01-01T07:57:44.449Z</time>
</trkpt>
<trkpt lat="47.0529823" lon="4.0812621">
	<ele>440.49</ele>
	<time>1970-01-01T07:57:46.229Z</time>
</trkpt>
<trkpt lat="47.0524902" lon="4.0812302">
	<ele>441.47</ele>
	<time>1970-01-01T07:57:52.681Z</time>
</trkpt>
<trkpt lat="47.0522537" lon="4.0812321">
	<ele>441.49</ele>
	<time>1970-01-01T07:57:55.771Z</time>
</trkpt>
<trkpt lat="47.0520706" lon="4.0812702">
	<ele>441.49</ele>
	<time>1970-01-01T07:57:57.994Z</time>
</trkpt>
<trkpt lat="47.0518875" lon="4.0813432">
	<ele>441.36</ele>
	<time>1970-01-01T07:58:01.062Z</time>
</trkpt>
<trkpt lat="47.0517616" lon="4.0814071">
	<ele>440.83</ele>
	<time>1970-01-01T07:58:02.710Z</time>
</trkpt>
<trkpt lat="47.0511818" lon="4.0817332">
	<ele>440.54</ele>
	<time>1970-01-01T07:58:09.286Z</time>
</trkpt>
<trkpt lat="47.0509911" lon="4.0818100">
	<ele>440.92</ele>
	<time>1970-01-01T07:58:12.156Z</time>
</trkpt>
<trkpt lat="47.0507011" lon="4.0818901">
	<ele>441.81</ele>
	<time>1970-01-01T07:58:17.505Z</time>
</trkpt>
<trkpt lat="47.0502396" lon="4.0819612">
	<ele>443.97</ele>
	<time>1970-01-01T07:58:24.194Z</time>
</trkpt>
<trkpt lat="47.0497742" lon="4.0819550">
	<ele>444.79</ele>
	<time>1970-01-01T07:58:33.263Z</time>
</trkpt>
<trkpt lat="47.0497208" lon="4.0819511">
	<ele>444.95</ele>
	<time>1970-01-01T07:58:34.298Z</time>
</trkpt>
<trkpt lat="47.0493469" lon="4.0817900">
	<ele>446.66</ele>
	<time>1970-01-01T07:58:43.041Z</time>
</trkpt>
<trkpt lat="47.0488510" lon="4.0815520">
	<ele>449.27</ele>
	<time>1970-01-01T07:58:54.552Z</time>
</trkpt>
<trkpt lat="47.0487518" lon="4.0815301">
	<ele>449.39</ele>
	<time>1970-01-01T07:58:56.921Z</time>
</trkpt>
<trkpt lat="47.0486107" lon="4.0815501">
	<ele>449.24</ele>
	<time>1970-01-01T07:59:00.485Z</time>
</trkpt>
<trkpt lat="47.0482216" lon="4.0817051">
	<ele>450.94</ele>
	<time>1970-01-01T07:59:09.268Z</time>
</trkpt>
<trkpt lat="47.0481186" lon="4.0817332">
	<ele>451.74</ele>
	<time>1970-01-01T07:59:11.475Z</time>
</trkpt>
<trkpt lat="47.0479927" lon="4.0817280">
	<ele>452.28</ele>
	<time>1970-01-01T07:59:14.614Z</time>
</trkpt>
<trkpt lat="47.0479050" lon="4.0817261">
	<ele>452.02</ele>
	<time>1970-01-01T07:59:17.092Z</time>
</trkpt>
<trkpt lat="47.0478210" lon="4.0817399">
	<ele>451.54</ele>
	<time>1970-01-01T07:59:19.642Z</time>
</trkpt>
<trkpt lat="47.0477905" lon="4.0817919">
	<ele>451.05</ele>
	<time>1970-01-01T07:59:20.798Z</time>
</trkpt>
<trkpt lat="47.0477753" lon="4.0818548">
	<ele>450.57</ele>
	<time>1970-01-01T07:59:21.860Z</time>
</trkpt>
<trkpt lat="47.0477943" lon="4.0821052">
	<ele>449.31</ele>
	<time>1970-01-01T07:59:26.923Z</time>
</trkpt>
<trkpt lat="47.0478287" lon="4.0823860">
	<ele>448.08</ele>
	<time>1970-01-01T07:59:30.021Z</time>
</trkpt>
<trkpt lat="47.0479851" lon="4.0831199">
	<ele>443.76</ele>
	<time>1970-01-01T07:59:38.236Z</time>
</trkpt>
<trkpt lat="47.0479965" lon="4.0832520">
	<ele>443.69</ele>
	<time>1970-01-01T07:59:39.559Z</time>
</trkpt>
<trkpt lat="47.0479813" lon="4.0834341">
	<ele>443.02</ele>
	<time>1970-01-01T07:59:41.269Z</time>
</trkpt>
<trkpt lat="47.0478973" lon="4.0838008">
	<ele>442.50</ele>
	<time>1970-01-01T07:59:45.007Z</time>
</trkpt>
<trkpt lat="47.0478096" lon="4.0840249">
	<ele>441.92</ele>
	<time>1970-01-01T07:59:47.724Z</time>
</trkpt>
<trkpt lat="47.0474815" lon="4.0847092">
	<ele>440.05</ele>
	<time>1970-01-01T07:59:55.550Z</time>
</trkpt>
<trkpt lat="47.0474434" lon="4.0848141">
	<ele>439.73</ele>
	<time>1970-01-01T07:59:56.825Z</time>
</trkpt>
<trkpt lat="47.0474434" lon="4.0849161">
	<ele>439.26</ele>
	<time>1970-01-01T07:59:58.046Z</time>
</trkpt>
<trkpt lat="47.0474510" lon="4.0850101">
	<ele>439.10</ele>
	<time>1970-01-01T07:59:59.120Z</time>
</trkpt>
<trkpt lat="47.0474815" lon="4.0851092">
	<ele>439.32</ele>
	<time>1970-01-01T08:00:00.282Z</time>
</trkpt>
<trkpt lat="47.0476036" lon="4.0853820">
	<ele>439.47</ele>
	<time>1970-01-01T08:00:03.169Z</time>
</trkpt>
<trkpt lat="47.0476913" lon="4.0856118">
	<ele>439.70</ele>
	<time>1970-01-01T08:00:05.239Z</time>
</trkpt>
<trkpt lat="47.0477791" lon="4.0858421">
	<ele>439.02</ele>
	<time>1970-01-01T08:00:07.213Z</time>
</trkpt>
<trkpt lat="47.0480652" lon="4.0865302">
	<ele>439.30</ele>
	<time>1970-01-01T08:00:14.989Z</time>
</trkpt>
<trkpt lat="47.0482254" lon="4.0868640">
	<ele>439.25</ele>
	<time>1970-01-01T08:00:19.119Z</time>
</trkpt>
<trkpt lat="47.0483398" lon="4.0870509">
	<ele>438.61</ele>
	<time>1970-01-01T08:00:21.508Z</time>
</trkpt>
<trkpt lat="47.0489693" lon="4.0876398">
	<ele>435.19</ele>
	<time>1970-01-01T08:00:34.081Z</time>
</trkpt>
<trkpt lat="47.0490112" lon="4.0876899">
	<ele>435.13</ele>
	<time>1970-01-01T08:00:34.966Z</time>
</trkpt>
<trkpt lat="47.0490990" lon="4.0878181">
	<ele>434.81</ele>
	<time>1970-01-01T08:00:37.186Z</time>
</trkpt>
<trkpt lat="47.0493927" lon="4.0882869">
	<ele>435.02</ele>
	<time>1970-01-01T08:00:42.011Z</time>
</trkpt>
<trkpt lat="47.0497017" lon="4.0886350">
	<ele>435.39</ele>
	<time>1970-01-01T08:00:48.065Z</time>
</trkpt>
<trkpt lat="47.0499001" lon="4.0888138">
	<ele>433.84</ele>
	<time>1970-01-01T08:00:51.703Z</time>
</trkpt>
<trkpt lat="47.0500450" lon="4.0889931">
	<ele>433.01</ele>
	<time>1970-01-01T08:00:55.344Z</time>
</trkpt>
<trkpt lat="47.0503235" lon="4.0893879">
	<ele>431.76</ele>
	<time>1970-01-01T08:01:02.724Z</time>
</trkpt>
<trkpt lat="47.0509453" lon="4.0900369">
	<ele>426.77</ele>
	<time>1970-01-01T08:01:09.524Z</time>
</trkpt>
<trkpt lat="47.0511093" lon="4.0902252">
	<ele>425.82</ele>
	<time>1970-01-01T08:01:11.778Z</time>
</trkpt>
<trkpt lat="47.0512390" lon="4.0904169">
	<ele>424.99</ele>
	<time>1970-01-01T08:01:13.822Z</time>
</trkpt>
<trkpt lat="47.0513763" lon="4.0906420">
	<ele>424.46</ele>
	<time>1970-01-01T08:01:16.257Z</time>
</trkpt>
<trkpt lat="47.0516930" lon="4.0912561">
	<ele>422.20</ele>
	<time>1970-01-01T08:01:24.309Z</time>
</trkpt>
<trkpt lat="47.0518875" lon="4.0916662">
	<ele>420.66</ele>
	<time>1970-01-01T08:01:30.543Z</time>
</trkpt>
<trkpt lat="47.0519829" lon="4.0919662">
	<ele>420.53</ele>
	<time>1970-01-01T08:01:33.084Z</time>
</trkpt>
<trkpt lat="47.0520325" lon="4.0922289">
	<ele>420.78</ele>
	<time>1970-01-01T08:01:35.618Z</time>
</trkpt>
<trkpt lat="47.0520477" lon="4.0924630">
	<ele>421.44</ele>
	<time>1970-01-01T08:01:38.311Z</time>
</trkpt>
<trkpt lat="47.0520439" lon="4.0928121">
	<ele>422.22</ele>
	<time>1970-01-01T08:01:45.445Z</time>
</trkpt>
<trkpt lat="47.0520554" lon="4.0929871">
	<ele>422.67</ele>
	<time>1970-01-01T08:01:49.264Z</time>
</trkpt>
<trkpt lat="47.0520897" lon="4.0931401">
	<ele>422.96</ele>
	<time>1970-01-01T08:01:52.576Z</time>
</trkpt>
<trkpt lat="47.0521507" lon="4.0933118">
	<ele>423.27</ele>
	<time>1970-01-01T08:01:55.784Z</time>
</trkpt>
<trkpt lat="47.0526009" lon="4.0941129">
	<ele>420.47</ele>
	<time>1970-01-01T08:02:07.963Z</time>
</trkpt>
<trkpt lat="47.0527344" lon="4.0944290">
	<ele>419.70</ele>
	<time>1970-01-01T08:02:11.567Z</time>
</trkpt>
<trkpt lat="47.0527840" lon="4.0945921">
	<ele>418.81</ele>
	<time>1970-01-01T08:02:13.656Z</time>
</trkpt>
<trkpt lat="47.0529976" lon="4.0958209">
	<ele>419.58</ele>
	<time>1970-01-01T08:02:28.665Z</time>
</trkpt>
<trkpt lat="47.0532417" lon="4.0969210">
	<ele>419.36</ele>
	<time>1970-01-01T08:02:39.100Z</time>
</trkpt>
<trkpt lat="47.0533600" lon="4.0975418">
	<ele>418.48</ele>
	<time>1970-01-01T08:02:44.060Z</time>
</trkpt>
<trkpt lat="47.0534325" lon="4.0980229">
	<ele>418.33</ele>
	<time>1970-01-01T08:02:50.213Z</time>
</trkpt>
<trkpt lat="47.0535469" lon="4.0988202">
	<ele>415.77</ele>
	<time>1970-01-01T08:02:57.457Z</time>
</trkpt>
<trkpt lat="47.0535545" lon="4.0990820">
	<ele>415.57</ele>
	<time>1970-01-01T08:02:59.826Z</time>
</trkpt>
<trkpt lat="47.0532684" lon="4.1001220">
	<ele>415.25</ele>
	<time>1970-01-01T08:03:06.691Z</time>
</trkpt>
<trkpt lat="47.0528870" lon="4.1011920">
	<ele>417.33</ele>
	<time>1970-01-01T08:03:16.021Z</time>
</trkpt>
<trkpt lat="47.0528450" lon="4.1014781">
	<ele>418.54</ele>
	<time>1970-01-01T08:03:18.870Z</time>
</trkpt>
<trkpt lat="47.0529251" lon="4.1019020">
	<ele>418.24</ele>
	<time>1970-01-01T08:03:22.974Z</time>
</trkpt>
<trkpt lat="47.0531349" lon="4.1031461">
	<ele>416.71</ele>
	<time>1970-01-01T08:03:33.731Z</time>
</trkpt>
<trkpt lat="47.0532837" lon="4.1041322">
	<ele>415.13</ele>
	<time>1970-01-01T08:03:41.289Z</time>
</trkpt>
<trkpt lat="47.0532990" lon="4.1043892">
	<ele>413.73</ele>
	<time>1970-01-01T08:03:43.530Z</time>
</trkpt>
<trkpt lat="47.0532990" lon="4.1047168">
	<ele>413.47</ele>
	<time>1970-01-01T08:03:46.675Z</time>
</trkpt>
<trkpt lat="47.0533066" lon="4.1049342">
	<ele>413.29</ele>
	<time>1970-01-01T08:03:48.921Z</time>
</trkpt>
<trkpt lat="47.0533676" lon="4.1052551">
	<ele>412.64</ele>
	<time>1970-01-01T08:03:51.540Z</time>
</trkpt>
<trkpt lat="47.0534248" lon="4.1053462">
	<ele>412.24</ele>
	<time>1970-01-01T08:03:52.542Z</time>
</trkpt>
<trkpt lat="47.0536499" lon="4.1055708">
	<ele>410.53</ele>
	<time>1970-01-01T08:03:57.354Z</time>
</trkpt>
<trkpt lat="47.0537872" lon="4.1056242">
	<ele>408.62</ele>
	<time>1970-01-01T08:03:59.139Z</time>
</trkpt>
<trkpt lat="47.0539131" lon="4.1058860">
	<ele>407.80</ele>
	<time>1970-01-01T08:04:01.557Z</time>
</trkpt>
<trkpt lat="47.0539665" lon="4.1061110">
	<ele>407.68</ele>
	<time>1970-01-01T08:04:03.516Z</time>
</trkpt>
<trkpt lat="47.0539627" lon="4.1062732">
	<ele>408.74</ele>
	<time>1970-01-01T08:04:05.202Z</time>
</trkpt>
<trkpt lat="47.0541077" lon="4.1067901">
	<ele>409.59</ele>
	<time>1970-01-01T08:04:11.036Z</time>
</trkpt>
<trkpt lat="47.0543938" lon="4.1078811">
	<ele>409.06</ele>
	<time>1970-01-01T08:04:23.920Z</time>
</trkpt>
<trkpt lat="47.0544739" lon="4.1081491">
	<ele>409.12</ele>
	<time>1970-01-01T08:04:26.795Z</time>
</trkpt>
<trkpt lat="47.0545273" lon="4.1083331">
	<ele>409.49</ele>
	<time>1970-01-01T08:04:29.150Z</time>
</trkpt>
<trkpt lat="47.0550575" lon="4.1097889">
	<ele>406.80</ele>
	<time>1970-01-01T08:04:47.233Z</time>
</trkpt>
<trkpt lat="47.0551414" lon="4.1101818">
	<ele>406.80</ele>
	<time>1970-01-01T08:04:50.555Z</time>
</trkpt>
<trkpt lat="47.0552597" lon="4.1108351">
	<ele>407.44</ele>
	<time>1970-01-01T08:04:56.511Z</time>
</trkpt>
<trkpt lat="47.0554123" lon="4.1114192">
	<ele>408.86</ele>
	<time>1970-01-01T08:05:02.875Z</time>
</trkpt>
<trkpt lat="47.0558701" lon="4.1124911">
	<ele>405.64</ele>
	<time>1970-01-01T08:05:15.531Z</time>
</trkpt>
<trkpt lat="47.0560150" lon="4.1128840">
	<ele>404.20</ele>
	<time>1970-01-01T08:05:20.545Z</time>
</trkpt>
<trkpt lat="47.0561638" lon="4.1133819">
	<ele>404.88</ele>
	<time>1970-01-01T08:05:26.214Z</time>
</trkpt>
<trkpt lat="47.0562286" lon="4.1136880">
	<ele>404.30</ele>
	<time>1970-01-01T08:05:29.065Z</time>
</trkpt>
<trkpt lat="47.0562477" lon="4.1138139">
	<ele>403.75</ele>
	<time>1970-01-01T08:05:30.250Z</time>
</trkpt>
<trkpt lat="47.0563049" lon="4.1143112">
	<ele>403.55</ele>
	<time>1970-01-01T08:05:34.315Z</time>
</trkpt>
<trkpt lat="47.0563736" lon="4.1148591">
	<ele>404.11</ele>
	<time>1970-01-01T08:05:38.393Z</time>
</trkpt>
<trkpt lat="47.0564041" lon="4.1149988">
	<ele>403.84</ele>
	<time>1970-01-01T08:05:39.527Z</time>
</trkpt>
<trkpt lat="47.0564384" lon="4.1150508">
	<ele>403.77</ele>
	<time>1970-01-01T08:05:40.036Z</time>
</trkpt>
<trkpt lat="47.0564804" lon="4.1150751">
	<ele>403.58</ele>
	<time>1970-01-01T08:05:40.534Z</time>
</trkpt>
<trkpt lat="47.0565414" lon="4.1150789">
	<ele>403.16</ele>
	<time>1970-01-01T08:05:41.172Z</time>
</trkpt>
<trkpt lat="47.0567513" lon="4.1149869">
	<ele>401.34</ele>
	<time>1970-01-01T08:05:43.092Z</time>
</trkpt>
<trkpt lat="47.0579567" lon="4.1143818">
	<ele>392.41</ele>
	<time>1970-01-01T08:05:54.452Z</time>
</trkpt>
<trkpt lat="47.0581474" lon="4.1142778">
	<ele>391.67</ele>
	<time>1970-01-01T08:05:56.764Z</time>
</trkpt>
<trkpt lat="47.0582771" lon="4.1142168">
	<ele>390.97</ele>
	<time>1970-01-01T08:05:58.453Z</time>
</trkpt>
<trkpt lat="47.0584526" lon="4.1141219">
	<ele>391.51</ele>
	<time>1970-01-01T08:06:01.357Z</time>
</trkpt>
<trkpt lat="47.0585098" lon="4.1140900">
	<ele>392.21</ele>
	<time>1970-01-01T08:06:02.930Z</time>
</trkpt>
<trkpt lat="47.0585442" lon="4.1140680">
	<ele>392.85</ele>
	<time>1970-01-01T08:06:04.160Z</time>
</trkpt>
<trkpt lat="47.0588913" lon="4.1150651">
	<ele>390.65</ele>
	<time>1970-01-01T08:06:26.605Z</time>
</trkpt>
<trkpt lat="47.0590553" lon="4.1156030">
	<ele>391.38</ele>
	<time>1970-01-01T08:06:38.506Z</time>
</trkpt>
<trkpt lat="47.0591087" lon="4.1158519">
	<ele>390.80</ele>
	<time>1970-01-01T08:06:41.506Z</time>
</trkpt>
<trkpt lat="47.0591774" lon="4.1163769">
	<ele>391.04</ele>
	<time>1970-01-01T08:06:46.939Z</time>
</trkpt>
<trkpt lat="47.0591850" lon="4.1164422">
	<ele>391.09</ele>
	<time>1970-01-01T08:06:47.722Z</time>
</trkpt>
<trkpt lat="47.0591927" lon="4.1169138">
	<ele>390.51</ele>
	<time>1970-01-01T08:06:52.843Z</time>
</trkpt>
<trkpt lat="47.0591812" lon="4.1171889">
	<ele>389.32</ele>
	<time>1970-01-01T08:06:56.805Z</time>
</trkpt>
<trkpt lat="47.0591316" lon="4.1177092">
	<ele>389.82</ele>
	<time>1970-01-01T08:07:09.613Z</time>
</trkpt>
<trkpt lat="47.0588875" lon="4.1192212">
	<ele>390.33</ele>
	<time>1970-01-01T08:07:56.465Z</time>
</trkpt>
<trkpt lat="47.0588150" lon="4.1195140">
	<ele>390.37</ele>
	<time>1970-01-01T08:08:02.299Z</time>
</trkpt>
<trkpt lat="47.0587349" lon="4.1198111">
	<ele>390.40</ele>
	<time>1970-01-01T08:08:06.756Z</time>
</trkpt>
<trkpt lat="47.0586090" lon="4.1201749">
	<ele>390.33</ele>
	<time>1970-01-01T08:08:13.917Z</time>
</trkpt>
<trkpt lat="47.0585175" lon="4.1203828">
	<ele>390.36</ele>
	<time>1970-01-01T08:08:16.429Z</time>
</trkpt>
<trkpt lat="47.0583839" lon="4.1206331">
	<ele>389.05</ele>
	<time>1970-01-01T08:08:19.570Z</time>
</trkpt>
<trkpt lat="47.0582886" lon="4.1208291">
	<ele>388.88</ele>
	<time>1970-01-01T08:08:21.592Z</time>
</trkpt>
<trkpt lat="47.0580978" lon="4.1212902">
	<ele>386.36</ele>
	<time>1970-01-01T08:08:26.842Z</time>
</trkpt>
<trkpt lat="47.0577545" lon="4.1222401">
	<ele>384.83</ele>
	<time>1970-01-01T08:08:33.809Z</time>
</trkpt>
<trkpt lat="47.0575790" lon="4.1226840">
	<ele>384.81</ele>
	<time>1970-01-01T08:08:36.929Z</time>
</trkpt>
<trkpt lat="47.0573235" lon="4.1231899">
	<ele>383.21</ele>
	<time>1970-01-01T08:08:41.185Z</time>
</trkpt>
<trkpt lat="47.0572472" lon="4.1233382">
	<ele>384.67</ele>
	<time>1970-01-01T08:08:42.867Z</time>
</trkpt>
<trkpt lat="47.0571365" lon="4.1235709">
	<ele>385.20</ele>
	<time>1970-01-01T08:08:46.522Z</time>
</trkpt>
<trkpt lat="47.0570221" lon="4.1239190">
	<ele>385.07</ele>
	<time>1970-01-01T08:08:49.622Z</time>
</trkpt>
<trkpt lat="47.0567894" lon="4.1247730">
	<ele>387.18</ele>
	<time>1970-01-01T08:08:57.673Z</time>
</trkpt>
<trkpt lat="47.0566597" lon="4.1251578">
	<ele>388.62</ele>
	<time>1970-01-01T08:09:03.072Z</time>
</trkpt>
<trkpt lat="47.0564156" lon="4.1257992">
	<ele>387.77</ele>
	<time>1970-01-01T08:09:08.513Z</time>
</trkpt>
<trkpt lat="47.0560493" lon="4.1266198">
	<ele>386.95</ele>
	<time>1970-01-01T08:09:16.085Z</time>
</trkpt>
<trkpt lat="47.0555344" lon="4.1276722">
	<ele>383.88</ele>
	<time>1970-01-01T08:09:29.964Z</time>
</trkpt>
<trkpt lat="47.0553360" lon="4.1280732">
	<ele>383.43</ele>
	<time>1970-01-01T08:09:33.877Z</time>
</trkpt>
<trkpt lat="47.0530815" lon="4.1326551">
	<ele>380.71</ele>
	<time>1970-01-01T08:10:34.558Z</time>
</trkpt>
<trkpt lat="47.0525589" lon="4.1337299">
	<ele>381.35</ele>
	<time>1970-01-01T08:10:51.157Z</time>
</trkpt>
<trkpt lat="47.0524406" lon="4.1340332">
	<ele>381.20</ele>
	<time>1970-01-01T08:10:56.365Z</time>
</trkpt>
<trkpt lat="47.0521774" lon="4.1348491">
	<ele>379.93</ele>
	<time>1970-01-01T08:11:04.308Z</time>
</trkpt>
<trkpt lat="47.0520782" lon="4.1351509">
	<ele>379.23</ele>
	<time>1970-01-01T08:11:07.154Z</time>
</trkpt>
<trkpt lat="47.0518684" lon="4.1358032">
	<ele>377.66</ele>
	<time>1970-01-01T08:11:13.136Z</time>
</trkpt>
<trkpt lat="47.0518265" lon="4.1359339">
	<ele>378.28</ele>
	<time>1970-01-01T08:11:14.405Z</time>
</trkpt>
<trkpt lat="47.0511093" lon="4.1381679">
	<ele>383.68</ele>
	<time>1970-01-01T08:11:41.410Z</time>
</trkpt>
<trkpt lat="47.0507240" lon="4.1392970">
	<ele>383.36</ele>
	<time>1970-01-01T08:11:56.931Z</time>
</trkpt>
<trkpt lat="47.0507011" lon="4.1394892">
	<ele>382.80</ele>
	<time>1970-01-01T08:11:59.919Z</time>
</trkpt>
<trkpt lat="47.0507088" lon="4.1396651">
	<ele>382.69</ele>
	<time>1970-01-01T08:12:02.449Z</time>
</trkpt>
<trkpt lat="47.0508766" lon="4.1406860">
	<ele>381.28</ele>
	<time>1970-01-01T08:12:11.724Z</time>
</trkpt>
<trkpt lat="47.0509148" lon="4.1411719">
	<ele>380.75</ele>
	<time>1970-01-01T08:12:16.270Z</time>
</trkpt>
<trkpt lat="47.0509262" lon="4.1415949">
	<ele>381.20</ele>
	<time>1970-01-01T08:12:20.538Z</time>
</trkpt>
<trkpt lat="47.0509262" lon="4.1418829">
	<ele>381.25</ele>
	<time>1970-01-01T08:12:23.623Z</time>
</trkpt>
<trkpt lat="47.0509109" lon="4.1422591">
	<ele>380.37</ele>
	<time>1970-01-01T08:12:28.086Z</time>
</trkpt>
<trkpt lat="47.0508690" lon="4.1426840">
	<ele>380.64</ele>
	<time>1970-01-01T08:12:33.275Z</time>
</trkpt>
<trkpt lat="47.0507965" lon="4.1431141">
	<ele>380.75</ele>
	<time>1970-01-01T08:12:39.381Z</time>
</trkpt>
<trkpt lat="47.0505371" lon="4.1444712">
	<ele>383.44</ele>
	<time>1970-01-01T08:13:05.613Z</time>
</trkpt>
<trkpt lat="47.0504951" lon="4.1447968">
	<ele>383.74</ele>
	<time>1970-01-01T08:13:10.657Z</time>
</trkpt>
<trkpt lat="47.0504837" lon="4.1450381">
	<ele>383.40</ele>
	<time>1970-01-01T08:13:13.735Z</time>
</trkpt>
<trkpt lat="47.0504913" lon="4.1462569">
	<ele>380.87</ele>
	<time>1970-01-01T08:13:27.026Z</time>
</trkpt>
<trkpt lat="47.0504723" lon="4.1464782">
	<ele>380.15</ele>
	<time>1970-01-01T08:13:29.225Z</time>
</trkpt>
<trkpt lat="47.0504303" lon="4.1466699">
	<ele>379.84</ele>
	<time>1970-01-01T08:13:31.130Z</time>
</trkpt>
<trkpt lat="47.0501785" lon="4.1473608">
	<ele>381.31</ele>
	<time>1970-01-01T08:13:43.447Z</time>
</trkpt>
<trkpt lat="47.0501099" lon="4.1476979">
	<ele>380.44</ele>
	<time>1970-01-01T08:13:50.035Z</time>
</trkpt>
<trkpt lat="47.0500336" lon="4.1480312">
	<ele>380.36</ele>
	<time>1970-01-01T08:13:55.353Z</time>
</trkpt>
<trkpt lat="47.0499458" lon="4.1486602">
	<ele>380.90</ele>
	<time>1970-01-01T08:14:13.345Z</time>
</trkpt>
<trkpt lat="47.0498848" lon="4.1494322">
	<ele>378.89</ele>
	<time>1970-01-01T08:14:33.636Z</time>
</trkpt>
<trkpt lat="47.0496330" lon="4.1506548">
	<ele>379.99</ele>
	<time>1970-01-01T08:14:53.820Z</time>
</trkpt>
<trkpt lat="47.0495415" lon="4.1510830">
	<ele>378.81</ele>
	<time>1970-01-01T08:15:04.482Z</time>
</trkpt>
<trkpt lat="47.0492172" lon="4.1519589">
	<ele>377.40</ele>
	<time>1970-01-01T08:15:19.723Z</time>
</trkpt>
<trkpt lat="47.0489120" lon="4.1530142">
	<ele>373.76</ele>
	<time>1970-01-01T08:15:36.234Z</time>
</trkpt>
<trkpt lat="47.0487061" lon="4.1538758">
	<ele>370.74</ele>
	<time>1970-01-01T08:15:41.780Z</time>
</trkpt>
<trkpt lat="47.0484695" lon="4.1548209">
	<ele>364.34</ele>
	<time>1970-01-01T08:15:47.940Z</time>
</trkpt>
<trkpt lat="47.0484543" lon="4.1550498">
	<ele>362.38</ele>
	<time>1970-01-01T08:15:49.300Z</time>
</trkpt>
<trkpt lat="47.0484695" lon="4.1551518">
	<ele>361.61</ele>
	<time>1970-01-01T08:15:49.940Z</time>
</trkpt>
<trkpt lat="47.0485153" lon="4.1553450">
	<ele>360.30</ele>
	<time>1970-01-01T08:15:51.220Z</time>
</trkpt>
<trkpt lat="47.0489578" lon="4.1569610">
	<ele>358.00</ele>
	<time>1970-01-01T08:16:01.780Z</time>
</trkpt>
<trkpt lat="47.0489693" lon="4.1570082">
	<ele>358.00</ele>
	<time>1970-01-01T08:16:02.100Z</time>
</trkpt>
<trkpt lat="47.0490265" lon="4.1572318">
	<ele>358.01</ele>
	<time>1970-01-01T08:16:03.639Z</time>
</trkpt>
<trkpt lat="47.0493546" lon="4.1584101">
	<ele>362.05</ele>
	<time>1970-01-01T08:16:16.573Z</time>
</trkpt>
<trkpt lat="47.0494003" lon="4.1585741">
	<ele>363.45</ele>
	<time>1970-01-01T08:16:19.030Z</time>
</trkpt>
<trkpt lat="47.0493889" lon="4.1587138">
	<ele>363.99</ele>
	<time>1970-01-01T08:16:21.538Z</time>
</trkpt>
<trkpt lat="47.0493736" lon="4.1588330">
	<ele>364.33</ele>
	<time>1970-01-01T08:16:23.814Z</time>
</trkpt>
<trkpt lat="47.0493011" lon="4.1590328">
	<ele>365.40</ele>
	<time>1970-01-01T08:16:28.453Z</time>
</trkpt>
<trkpt lat="47.0492287" lon="4.1591859">
	<ele>366.29</ele>
	<time>1970-01-01T08:16:32.253Z</time>
</trkpt>
<trkpt lat="47.0491447" lon="4.1593542">
	<ele>366.53</ele>
	<time>1970-01-01T08:16:37.135Z</time>
</trkpt>
<trkpt lat="47.0489998" lon="4.1595430">
	<ele>366.93</ele>
	<time>1970-01-01T08:16:44.043Z</time>
</trkpt>
<trkpt lat="47.0488815" lon="4.1596818">
	<ele>367.62</ele>
	<time>1970-01-01T08:16:49.367Z</time>
</trkpt>
<trkpt lat="47.0487556" lon="4.1598320">
	<ele>368.52</ele>
	<time>1970-01-01T08:16:54.501Z</time>
</trkpt>
<trkpt lat="47.0482864" lon="4.1603861">
	<ele>370.71</ele>
	<time>1970-01-01T08:17:14.033Z</time>
</trkpt>
<trkpt lat="47.0479279" lon="4.1607380">
	<ele>370.36</ele>
	<time>1970-01-01T08:17:27.687Z</time>
</trkpt>
<trkpt lat="47.0477066" lon="4.1608629">
	<ele>368.22</ele>
	<time>1970-01-01T08:17:33.241Z</time>
</trkpt>
<trkpt lat="47.0475426" lon="4.1609159">
	<ele>366.58</ele>
	<time>1970-01-01T08:17:36.634Z</time>
</trkpt>
<trkpt lat="47.0474739" lon="4.1609368">
	<ele>366.26</ele>
	<time>1970-01-01T08:17:38.050Z</time>
</trkpt>
<trkpt lat="47.0474052" lon="4.1609521">
	<ele>366.22</ele>
	<time>1970-01-01T08:17:39.558Z</time>
</trkpt>
<trkpt lat="47.0472298" lon="4.1609812">
	<ele>366.58</ele>
	<time>1970-01-01T08:17:44.060Z</time>
</trkpt>
<trkpt lat="47.0470467" lon="4.1609888">
	<ele>366.88</ele>
	<time>1970-01-01T08:17:48.904Z</time>
</trkpt>
<trkpt lat="47.0462799" lon="4.1610980">
	<ele>365.25</ele>
	<time>1970-01-01T08:18:08.686Z</time>
</trkpt>
<trkpt lat="47.0455780" lon="4.1614132">
	<ele>365.43</ele>
	<time>1970-01-01T08:18:22.952Z</time>
</trkpt>
<trkpt lat="47.0450935" lon="4.1616559">
	<ele>364.66</ele>
	<time>1970-01-01T08:18:30.923Z</time>
</trkpt>
<trkpt lat="47.0446854" lon="4.1619172">
	<ele>364.24</ele>
	<time>1970-01-01T08:18:37.158Z</time>
</trkpt>
<trkpt lat="47.0434341" lon="4.1629949">
	<ele>362.91</ele>
	<time>1970-01-01T08:19:00.283Z</time>
</trkpt>
<trkpt lat="47.0417137" lon="4.1644802">
	<ele>358.45</ele>
	<time>1970-01-01T08:19:21.976Z</time>
</trkpt>
<trkpt lat="47.0413704" lon="4.1647668">
	<ele>356.93</ele>
	<time>1970-01-01T08:19:26.370Z</time>
</trkpt>
<trkpt lat="47.0412178" lon="4.1648979">
	<ele>356.78</ele>
	<time>1970-01-01T08:19:28.829Z</time>
</trkpt>
<trkpt lat="47.0389595" lon="4.1666179">
	<ele>351.87</ele>
	<time>1970-01-01T08:20:09.846Z</time>
</trkpt>
<trkpt lat="47.0385971" lon="4.1668191">
	<ele>352.53</ele>
	<time>1970-01-01T08:20:15.580Z</time>
</trkpt>
<trkpt lat="47.0383835" lon="4.1669469">
	<ele>353.19</ele>
	<time>1970-01-01T08:20:18.910Z</time>
</trkpt>
<trkpt lat="47.0382042" lon="4.1670942">
	<ele>353.72</ele>
	<time>1970-01-01T08:20:21.862Z</time>
</trkpt>
<trkpt lat="47.0376625" lon="4.1676631">
	<ele>353.97</ele>
	<time>1970-01-01T08:20:32.738Z</time>
</trkpt>
<trkpt lat="47.0374794" lon="4.1678638">
	<ele>353.89</ele>
	<time>1970-01-01T08:20:36.196Z</time>
</trkpt>
<trkpt lat="47.0372467" lon="4.1680679">
	<ele>353.26</ele>
	<time>1970-01-01T08:20:40.528Z</time>
</trkpt>
<trkpt lat="47.0370216" lon="4.1682119">
	<ele>352.66</ele>
	<time>1970-01-01T08:20:43.980Z</time>
</trkpt>
<trkpt lat="47.0365562" lon="4.1684918">
	<ele>352.79</ele>
	<time>1970-01-01T08:20:49.872Z</time>
</trkpt>
<trkpt lat="47.0364037" lon="4.1686082">
	<ele>353.12</ele>
	<time>1970-01-01T08:20:52.038Z</time>
</trkpt>
<trkpt lat="47.0362244" lon="4.1687808">
	<ele>352.66</ele>
	<time>1970-01-01T08:20:54.953Z</time>
</trkpt>
<trkpt lat="47.0360565" lon="4.1689711">
	<ele>352.94</ele>
	<time>1970-01-01T08:20:57.771Z</time>
</trkpt>
<trkpt lat="47.0358772" lon="4.1692152">
	<ele>353.00</ele>
	<time>1970-01-01T08:21:01.016Z</time>
</trkpt>
<trkpt lat="47.0357475" lon="4.1694570">
	<ele>352.62</ele>
	<time>1970-01-01T08:21:04.258Z</time>
</trkpt>
<trkpt lat="47.0353584" lon="4.1703429">
	<ele>352.72</ele>
	<time>1970-01-01T08:21:13.863Z</time>
</trkpt>
<trkpt lat="47.0352516" lon="4.1705408">
	<ele>353.39</ele>
	<time>1970-01-01T08:21:16.588Z</time>
</trkpt>
<trkpt lat="47.0350418" lon="4.1708951">
	<ele>353.36</ele>
	<time>1970-01-01T08:21:21.663Z</time>
</trkpt>
<trkpt lat="47.0346603" lon="4.1714959">
	<ele>353.38</ele>
	<time>1970-01-01T08:21:32.464Z</time>
</trkpt>
<trkpt lat="47.0345268" lon="4.1716590">
	<ele>352.76</ele>
	<time>1970-01-01T08:21:35.531Z</time>
</trkpt>
<trkpt lat="47.0344505" lon="4.1717172">
	<ele>352.09</ele>
	<time>1970-01-01T08:21:37.055Z</time>
</trkpt>
<trkpt lat="47.0343590" lon="4.1717758">
	<ele>351.76</ele>
	<time>1970-01-01T08:21:38.558Z</time>
</trkpt>
<trkpt lat="47.0342331" lon="4.1718421">
	<ele>352.17</ele>
	<time>1970-01-01T08:21:40.442Z</time>
</trkpt>
<trkpt lat="47.0338898" lon="4.1719928">
	<ele>353.51</ele>
	<time>1970-01-01T08:21:45.319Z</time>
</trkpt>
<trkpt lat="47.0337067" lon="4.1721139">
	<ele>354.41</ele>
	<time>1970-01-01T08:21:48.373Z</time>
</trkpt>
<trkpt lat="47.0334854" lon="4.1722908">
	<ele>354.68</ele>
	<time>1970-01-01T08:21:52.643Z</time>
</trkpt>
<trkpt lat="47.0328331" lon="4.1728988">
	<ele>356.48</ele>
	<time>1970-01-01T08:22:16.456Z</time>
</trkpt>
<trkpt lat="47.0325851" lon="4.1731119">
	<ele>357.04</ele>
	<time>1970-01-01T08:22:24.874Z</time>
</trkpt>
<trkpt lat="47.0322952" lon="4.1733208">
	<ele>355.82</ele>
	<time>1970-01-01T08:22:33.704Z</time>
</trkpt>
<trkpt lat="47.0318794" lon="4.1735320">
	<ele>355.11</ele>
	<time>1970-01-01T08:22:42.131Z</time>
</trkpt>
<trkpt lat="47.0316582" lon="4.1736169">
	<ele>352.98</ele>
	<time>1970-01-01T08:22:45.527Z</time>
</trkpt>
<trkpt lat="47.0310516" lon="4.1738071">
	<ele>352.64</ele>
	<time>1970-01-01T08:22:55.594Z</time>
</trkpt>
<trkpt lat="47.0309105" lon="4.1738291">
	<ele>353.01</ele>
	<time>1970-01-01T08:22:57.902Z</time>
</trkpt>
<trkpt lat="47.0304604" lon="4.1738458">
	<ele>353.12</ele>
	<time>1970-01-01T08:23:03.431Z</time>
</trkpt>
<trkpt lat="47.0302734" lon="4.1738701">
	<ele>352.69</ele>
	<time>1970-01-01T08:23:05.794Z</time>
</trkpt>
<trkpt lat="47.0300674" lon="4.1739368">
	<ele>352.23</ele>
	<time>1970-01-01T08:23:08.562Z</time>
</trkpt>
<trkpt lat="47.0293808" lon="4.1742768">
	<ele>352.62</ele>
	<time>1970-01-01T08:23:25.095Z</time>
</trkpt>
<trkpt lat="47.0292168" lon="4.1743340">
	<ele>352.15</ele>
	<time>1970-01-01T08:23:29.714Z</time>
</trkpt>
<trkpt lat="47.0290337" lon="4.1743622">
	<ele>352.03</ele>
	<time>1970-01-01T08:23:34.486Z</time>
</trkpt>
<trkpt lat="47.0281067" lon="4.1744208">
	<ele>349.00</ele>
	<time>1970-01-01T08:23:47.136Z</time>
</trkpt>
<trkpt lat="47.0279045" lon="4.1744480">
	<ele>346.98</ele>
	<time>1970-01-01T08:23:49.576Z</time>
</trkpt>
<trkpt lat="47.0277557" lon="4.1744928">
	<ele>345.45</ele>
	<time>1970-01-01T08:23:51.412Z</time>
</trkpt>
<trkpt lat="47.0276337" lon="4.1745481">
	<ele>344.65</ele>
	<time>1970-01-01T08:23:52.935Z</time>
</trkpt>
<trkpt lat="47.0274582" lon="4.1746750">
	<ele>343.71</ele>
	<time>1970-01-01T08:23:55.473Z</time>
</trkpt>
<trkpt lat="47.0272484" lon="4.1748562">
	<ele>343.01</ele>
	<time>1970-01-01T08:23:58.813Z</time>
</trkpt>
<trkpt lat="47.0270081" lon="4.1751342">
	<ele>343.15</ele>
	<time>1970-01-01T08:24:03.563Z</time>
</trkpt>
<trkpt lat="47.0268364" lon="4.1753469">
	<ele>342.90</ele>
	<time>1970-01-01T08:24:07.425Z</time>
</trkpt>
<trkpt lat="47.0266724" lon="4.1755939">
	<ele>342.44</ele>
	<time>1970-01-01T08:24:11.512Z</time>
</trkpt>
<trkpt lat="47.0265198" lon="4.1758809">
	<ele>342.30</ele>
	<time>1970-01-01T08:24:16.859Z</time>
</trkpt>
<trkpt lat="47.0264130" lon="4.1761050">
	<ele>342.46</ele>
	<time>1970-01-01T08:24:21.009Z</time>
</trkpt>
<trkpt lat="47.0260582" lon="4.1769309">
	<ele>341.71</ele>
	<time>1970-01-01T08:24:30.565Z</time>
</trkpt>
<trkpt lat="47.0259361" lon="4.1771488">
	<ele>341.84</ele>
	<time>1970-01-01T08:24:33.005Z</time>
</trkpt>
<trkpt lat="47.0258331" lon="4.1772838">
	<ele>341.46</ele>
	<time>1970-01-01T08:24:34.486Z</time>
</trkpt>
<trkpt lat="47.0257530" lon="4.1773658">
	<ele>340.96</ele>
	<time>1970-01-01T08:24:35.627Z</time>
</trkpt>
<trkpt lat="47.0256004" lon="4.1774492">
	<ele>339.96</ele>
	<time>1970-01-01T08:24:38.616Z</time>
</trkpt>
<trkpt lat="47.0253258" lon="4.1774950">
	<ele>339.95</ele>
	<time>1970-01-01T08:24:41.705Z</time>
</trkpt>
<trkpt lat="47.0251236" lon="4.1774950">
	<ele>340.13</ele>
	<time>1970-01-01T08:24:43.544Z</time>
</trkpt>
<trkpt lat="47.0249634" lon="4.1774530">
	<ele>339.66</ele>
	<time>1970-01-01T08:24:44.984Z</time>
</trkpt>
<trkpt lat="47.0247383" lon="4.1773291">
	<ele>338.79</ele>
	<time>1970-01-01T08:24:47.351Z</time>
</trkpt>
<trkpt lat="47.0245209" lon="4.1771421">
	<ele>338.79</ele>
	<time>1970-01-01T08:24:50.103Z</time>
</trkpt>
<trkpt lat="47.0243874" lon="4.1770191">
	<ele>338.43</ele>
	<time>1970-01-01T08:24:52.000Z</time>
</trkpt>
<trkpt lat="47.0242805" lon="4.1769381">
	<ele>339.29</ele>
	<time>1970-01-01T08:24:53.597Z</time>
</trkpt>
<trkpt lat="47.0241623" lon="4.1768732">
	<ele>340.35</ele>
	<time>1970-01-01T08:24:55.582Z</time>
</trkpt>
<trkpt lat="47.0240440" lon="4.1768470">
	<ele>340.63</ele>
	<time>1970-01-01T08:24:57.577Z</time>
</trkpt>
<trkpt lat="47.0239944" lon="4.1768351">
	<ele>340.68</ele>
	<time>1970-01-01T08:24:58.505Z</time>
</trkpt>
<trkpt lat="47.0237923" lon="4.1768432">
	<ele>341.02</ele>
	<time>1970-01-01T08:25:00.737Z</time>
</trkpt>
<trkpt lat="47.0231056" lon="4.1770072">
	<ele>342.11</ele>
	<time>1970-01-01T08:25:10.365Z</time>
</trkpt>
<trkpt lat="47.0227928" lon="4.1771059">
	<ele>342.43</ele>
	<time>1970-01-01T08:25:14.936Z</time>
</trkpt>
<trkpt lat="47.0224953" lon="4.1772571">
	<ele>341.88</ele>
	<time>1970-01-01T08:25:18.932Z</time>
</trkpt>
<trkpt lat="47.0222054" lon="4.1774650">
	<ele>342.11</ele>
	<time>1970-01-01T08:25:23.694Z</time>
</trkpt>
<trkpt lat="47.0212402" lon="4.1783948">
	<ele>341.39</ele>
	<time>1970-01-01T08:25:43.637Z</time>
</trkpt>
<trkpt lat="47.0210571" lon="4.1785278">
	<ele>341.49</ele>
	<time>1970-01-01T08:25:47.835Z</time>
</trkpt>
<trkpt lat="47.0204697" lon="4.1788578">
	<ele>342.44</ele>
	<time>1970-01-01T08:25:59.609Z</time>
</trkpt>
<trkpt lat="47.0202904" lon="4.1789031">
	<ele>342.95</ele>
	<time>1970-01-01T08:26:02.964Z</time>
</trkpt>
<trkpt lat="47.0197449" lon="4.1790400">
	<ele>343.04</ele>
	<time>1970-01-01T08:26:13.353Z</time>
</trkpt>
<trkpt lat="47.0194817" lon="4.1790781">
	<ele>343.08</ele>
	<time>1970-01-01T08:26:17.932Z</time>
</trkpt>
<trkpt lat="47.0192719" lon="4.1791358">
	<ele>343.04</ele>
	<time>1970-01-01T08:26:21.555Z</time>
</trkpt>
<trkpt lat="47.0178299" lon="4.1796608">
	<ele>342.05</ele>
	<time>1970-01-01T08:26:50.692Z</time>
</trkpt>
<trkpt lat="47.0173454" lon="4.1800008">
	<ele>342.05</ele>
	<time>1970-01-01T08:27:02.627Z</time>
</trkpt>
<trkpt lat="47.0173302" lon="4.1800122">
	<ele>342.04</ele>
	<time>1970-01-01T08:27:02.985Z</time>
</trkpt>
<trkpt lat="47.0164948" lon="4.1804242">
	<ele>341.49</ele>
	<time>1970-01-01T08:27:14.976Z</time>
</trkpt>
<trkpt lat="47.0162926" lon="4.1805630">
	<ele>341.29</ele>
	<time>1970-01-01T08:27:18.492Z</time>
</trkpt>
<trkpt lat="47.0155411" lon="4.1812668">
	<ele>341.07</ele>
	<time>1970-01-01T08:27:36.277Z</time>
</trkpt>
<trkpt lat="47.0152931" lon="4.1814871">
	<ele>341.03</ele>
	<time>1970-01-01T08:27:42.161Z</time>
</trkpt>
<trkpt lat="47.0152931" lon="4.1814861">
	<ele>341.03</ele>
	<time>1970-01-01T08:27:43.281Z</time>
</trkpt>
<trkpt lat="47.0152931" lon="4.1814871">
	<ele>341.03</ele>
	<time>1970-01-01T08:27:43.460Z</time>
</trkpt>
<trkpt lat="47.0152969" lon="4.1815310">
	<ele>341.04</ele>
	<time>1970-01-01T08:27:43.996Z</time>
</trkpt>
<trkpt lat="47.0158844" lon="4.1833358">
	<ele>337.86</ele>
	<time>1970-01-01T08:28:02.058Z</time>
</trkpt>
<trkpt lat="47.0162201" lon="4.1845002">
	<ele>333.98</ele>
	<time>1970-01-01T08:28:14.921Z</time>
</trkpt>
<trkpt lat="47.0149002" lon="4.1854300">
	<ele>336.81</ele>
	<time>1970-01-01T08:28:35.017Z</time>
</trkpt>
<trkpt lat="47.0147438" lon="4.1856141">
	<ele>336.80</ele>
	<time>1970-01-01T08:28:38.111Z</time>
</trkpt>
<trkpt lat="47.0146217" lon="4.1857829">
	<ele>336.56</ele>
	<time>1970-01-01T08:28:40.717Z</time>
</trkpt>
<trkpt lat="47.0144653" lon="4.1860662">
	<ele>336.10</ele>
	<time>1970-01-01T08:28:44.505Z</time>
</trkpt>
<trkpt lat="47.0143242" lon="4.1863971">
	<ele>335.46</ele>
	<time>1970-01-01T08:28:48.556Z</time>
</trkpt>
<trkpt lat="47.0142822" lon="4.1865158">
	<ele>335.44</ele>
	<time>1970-01-01T08:28:49.957Z</time>
</trkpt>
<trkpt lat="47.0142365" lon="4.1868429">
	<ele>335.18</ele>
	<time>1970-01-01T08:28:53.043Z</time>
</trkpt>
<trkpt lat="47.0141678" lon="4.1870561">
	<ele>334.64</ele>
	<time>1970-01-01T08:28:55.072Z</time>
</trkpt>
<trkpt lat="47.0140877" lon="4.1872549">
	<ele>333.99</ele>
	<time>1970-01-01T08:28:56.847Z</time>
</trkpt>
<trkpt lat="47.0140076" lon="4.1873999">
	<ele>333.18</ele>
	<time>1970-01-01T08:28:58.269Z</time>
</trkpt>
<trkpt lat="47.0139236" lon="4.1875119">
	<ele>332.88</ele>
	<time>1970-01-01T08:28:59.550Z</time>
</trkpt>
<trkpt lat="47.0135345" lon="4.1879950">
	<ele>332.05</ele>
	<time>1970-01-01T08:29:08.989Z</time>
</trkpt>
<trkpt lat="47.0119858" lon="4.1897812">
	<ele>329.94</ele>
	<time>1970-01-01T08:29:38.673Z</time>
</trkpt>
<trkpt lat="47.0119171" lon="4.1898279">
	<ele>329.92</ele>
	<time>1970-01-01T08:29:39.934Z</time>
</trkpt>
<trkpt lat="47.0118408" lon="4.1898670">
	<ele>329.94</ele>
	<time>1970-01-01T08:29:41.359Z</time>
</trkpt>
<trkpt lat="47.0117455" lon="4.1898928">
	<ele>329.95</ele>
	<time>1970-01-01T08:29:43.110Z</time>
</trkpt>
<trkpt lat="47.0117760" lon="4.1899409">
	<ele>329.98</ele>
	<time>1970-01-01T08:29:43.908Z</time>
</trkpt>
<trkpt lat="47.0122833" lon="4.1904778">
	<ele>329.18</ele>
	<time>1970-01-01T08:29:55.241Z</time>
</trkpt>
<trkpt lat="47.0124054" lon="4.1906571">
	<ele>328.90</ele>
	<time>1970-01-01T08:29:58.353Z</time>
</trkpt>
<trkpt lat="47.0125275" lon="4.1908822">
	<ele>329.01</ele>
	<time>1970-01-01T08:30:01.760Z</time>
</trkpt>
<trkpt lat="47.0126305" lon="4.1911292">
	<ele>328.50</ele>
	<time>1970-01-01T08:30:05.218Z</time>
</trkpt>
<trkpt lat="47.0126915" lon="4.1913409">
	<ele>328.09</ele>
	<time>1970-01-01T08:30:07.919Z</time>
</trkpt>
<trkpt lat="47.0126572" lon="4.1913610">
	<ele>328.07</ele>
	<time>1970-01-01T08:30:08.518Z</time>
</trkpt>
</trkseg>
</trk>
</gpx>
