<?xml version="1.0" encoding="utf-8" standalone="yes"?>
<gpx version="1.1" creator="Locus Map, Android"
 xmlns="http://www.topografix.com/GPX/1/1"
 xmlns:xsi="http://www.w3.org/2001/XMLSchema-instance"
 xsi:schemaLocation="http://www.topografix.com/GPX/1/1 http://www.topografix.com/GPX/1/1/gpx.xsd"
 xmlns:gpxx="http://www.garmin.com/xmlschemas/GpxExtensions/v3"
 xmlns:gpxtrkx="http://www.garmin.com/xmlschemas/TrackStatsExtension/v1"
 xmlns:gpxtpx="http://www.garmin.com/xmlschemas/TrackPointExtension/v2"
 xmlns:locus="https://www.locusmap.app">
	<metadata>
		<desc>File with points/tracks from Locus Map/4.35.0</desc>
		<time>2026-08-05T10:39:31.185Z</time>
	</metadata>
<trk>
	<name>FR_10</name>
	<extensions>
		<line xmlns="http://www.topografix.com/GPX/gpx_style/0/2">
			<color>D700D7</color>
			<opacity>0.59</opacity>
			<width>6.0</width>
			<extensions>
				<locus:lsColorBase>#96D700D7</locus:lsColorBase>
				<locus:lsWidth>6.0</locus:lsWidth>
				<locus:lsUnits>PIXELS</locus:lsUnits>
			</extensions>
		</line>
		<locus:activity>cycling</locus:activity>
		<locus:rteComputeType>103</locus:rteComputeType>
	</extensions>
<trkseg>
<trkpt lat="47.3498344" lon="0.5498570">
	<ele>41.78</ele>
	<time>1970-01-01T00:00:00.000Z</time>
</trkpt>
<trkpt lat="47.3498077" lon="0.5499500">
	<ele>41.82</ele>
	<time>1970-01-01T00:00:01.428Z</time>
</trkpt>
<trkpt lat="47.3497734" lon="0.5500690">
	<ele>42.14</ele>
	<time>1970-01-01T00:00:03.203Z</time>
</trkpt>
<trkpt lat="47.3497467" lon="0.5501860">
	<ele>42.69</ele>
	<time>1970-01-01T00:00:04.599Z</time>
</trkpt>
<trkpt lat="47.3498154" lon="0.5501930">
	<ele>42.70</ele>
	<time>1970-01-01T00:00:05.930Z</time>
</trkpt>
<trkpt lat="47.3502655" lon="0.5503280">
	<ele>43.02</ele>
	<time>1970-01-01T00:00:13.591Z</time>
</trkpt>
<trkpt lat="47.3503304" lon="0.5503340">
	<ele>42.99</ele>
	<time>1970-01-01T00:00:14.671Z</time>
</trkpt>
<trkpt lat="47.3503990" lon="0.5503410">
	<ele>42.93</ele>
	<time>1970-01-01T00:00:15.838Z</time>
</trkpt>
<trkpt lat="47.3504639" lon="0.5503360">
	<ele>42.89</ele>
	<time>1970-01-01T00:00:16.869Z</time>
</trkpt>
<trkpt lat="47.3506126" lon="0.5503240">
	<ele>42.88</ele>
	<time>1970-01-01T00:00:19.266Z</time>
</trkpt>
<trkpt lat="47.3511009" lon="0.5501840">
	<ele>42.30</ele>
	<time>1970-01-01T00:00:26.355Z</time>
</trkpt>
<trkpt lat="47.3512154" lon="0.5501570">
	<ele>42.67</ele>
	<time>1970-01-01T00:00:28.059Z</time>
</trkpt>
<trkpt lat="47.3513794" lon="0.5501280">
	<ele>43.18</ele>
	<time>1970-01-01T00:00:30.258Z</time>
</trkpt>
<trkpt lat="47.3516273" lon="0.5501070">
	<ele>43.09</ele>
	<time>1970-01-01T00:00:33.419Z</time>
</trkpt>
<trkpt lat="47.3523865" lon="0.5500280">
	<ele>43.00</ele>
	<time>1970-01-01T00:00:43.979Z</time>
</trkpt>
<trkpt lat="47.3528786" lon="0.5499790">
	<ele>43.00</ele>
	<time>1970-01-01T00:00:52.733Z</time>
</trkpt>
<trkpt lat="47.3530273" lon="0.5499780">
	<ele>43.00</ele>
	<time>1970-01-01T00:00:55.485Z</time>
</trkpt>
<trkpt lat="47.3531799" lon="0.5499840">
	<ele>43.05</ele>
	<time>1970-01-01T00:00:58.587Z</time>
</trkpt>
<trkpt lat="47.3535309" lon="0.5500320">
	<ele>42.20</ele>
	<time>1970-01-01T00:01:05.554Z</time>
</trkpt>
<trkpt lat="47.3537025" lon="0.5500470">
	<ele>42.27</ele>
	<time>1970-01-01T00:01:08.891Z</time>
</trkpt>
<trkpt lat="47.3540802" lon="0.5500880">
	<ele>43.03</ele>
	<time>1970-01-01T00:01:16.171Z</time>
</trkpt>
<trkpt lat="47.3544159" lon="0.5501050">
	<ele>43.00</ele>
	<time>1970-01-01T00:01:22.886Z</time>
</trkpt>
<trkpt lat="47.3555794" lon="0.5501320">
	<ele>43.00</ele>
	<time>1970-01-01T00:01:57.406Z</time>
</trkpt>
<trkpt lat="47.3559914" lon="0.5501630">
	<ele>43.00</ele>
	<time>1970-01-01T00:02:08.373Z</time>
</trkpt>
<trkpt lat="47.3564987" lon="0.5502270">
	<ele>43.00</ele>
	<time>1970-01-01T00:02:17.251Z</time>
</trkpt>
<trkpt lat="47.3573074" lon="0.5503300">
	<ele>43.00</ele>
	<time>1970-01-01T00:02:29.127Z</time>
</trkpt>
<trkpt lat="47.3573914" lon="0.5503680">
	<ele>43.00</ele>
	<time>1970-01-01T00:02:30.485Z</time>
</trkpt>
<trkpt lat="47.3574638" lon="0.5504670">
	<ele>43.00</ele>
	<time>1970-01-01T00:02:32.008Z</time>
</trkpt>
<trkpt lat="47.3575211" lon="0.5506570">
	<ele>43.00</ele>
	<time>1970-01-01T00:02:34.408Z</time>
</trkpt>
<trkpt lat="47.3576012" lon="0.5510120">
	<ele>43.00</ele>
	<time>1970-01-01T00:02:38.695Z</time>
</trkpt>
<trkpt lat="47.3576355" lon="0.5511320">
	<ele>43.00</ele>
	<time>1970-01-01T00:02:40.157Z</time>
</trkpt>
<trkpt lat="47.3577156" lon="0.5513030">
	<ele>43.00</ele>
	<time>1970-01-01T00:02:42.534Z</time>
</trkpt>
<trkpt lat="47.3578262" lon="0.5514490">
	<ele>43.00</ele>
	<time>1970-01-01T00:02:44.814Z</time>
</trkpt>
<trkpt lat="47.3578796" lon="0.5515010">
	<ele>43.00</ele>
	<time>1970-01-01T00:02:45.828Z</time>
</trkpt>
<trkpt lat="47.3580170" lon="0.5515550">
	<ele>43.00</ele>
	<time>1970-01-01T00:02:48.051Z</time>
</trkpt>
<trkpt lat="47.3581467" lon="0.5515540">
	<ele>42.99</ele>
	<time>1970-01-01T00:02:50.043Z</time>
</trkpt>
<trkpt lat="47.3584938" lon="0.5515010">
	<ele>43.10</ele>
	<time>1970-01-01T00:02:56.451Z</time>
</trkpt>
<trkpt lat="47.3585434" lon="0.5515050">
	<ele>43.19</ele>
	<time>1970-01-01T00:02:57.332Z</time>
</trkpt>
<trkpt lat="47.3586006" lon="0.5515270">
	<ele>43.32</ele>
	<time>1970-01-01T00:02:58.387Z</time>
</trkpt>
<trkpt lat="47.3586502" lon="0.5515630">
	<ele>43.56</ele>
	<time>1970-01-01T00:02:59.438Z</time>
</trkpt>
<trkpt lat="47.3587074" lon="0.5516200">
	<ele>44.07</ele>
	<time>1970-01-01T00:03:00.835Z</time>
</trkpt>
<trkpt lat="47.3589325" lon="0.5519000">
	<ele>43.53</ele>
	<time>1970-01-01T00:03:06.902Z</time>
</trkpt>
<trkpt lat="47.3589935" lon="0.5519780">
	<ele>43.65</ele>
	<time>1970-01-01T00:03:08.526Z</time>
</trkpt>
<trkpt lat="47.3591995" lon="0.5522200">
	<ele>44.00</ele>
	<time>1970-01-01T00:03:14.015Z</time>
</trkpt>
<trkpt lat="47.3593674" lon="0.5524350">
	<ele>43.99</ele>
	<time>1970-01-01T00:03:18.332Z</time>
</trkpt>
<trkpt lat="47.3594742" lon="0.5526010">
	<ele>44.00</ele>
	<time>1970-01-01T00:03:21.249Z</time>
</trkpt>
<trkpt lat="47.3595390" lon="0.5527480">
	<ele>43.96</ele>
	<time>1970-01-01T00:03:23.622Z</time>
</trkpt>
<trkpt lat="47.3595734" lon="0.5528500">
	<ele>43.94</ele>
	<time>1970-01-01T00:03:25.249Z</time>
</trkpt>
<trkpt lat="47.3596497" lon="0.5531500">
	<ele>43.95</ele>
	<time>1970-01-01T00:03:30.109Z</time>
</trkpt>
<trkpt lat="47.3596611" lon="0.5532920">
	<ele>43.99</ele>
	<time>1970-01-01T00:03:32.418Z</time>
</trkpt>
<trkpt lat="47.3596611" lon="0.5534520">
	<ele>44.00</ele>
	<time>1970-01-01T00:03:34.716Z</time>
</trkpt>
<trkpt lat="47.3596458" lon="0.5537150">
	<ele>44.00</ele>
	<time>1970-01-01T00:03:38.024Z</time>
</trkpt>
<trkpt lat="47.3596458" lon="0.5538550">
	<ele>44.00</ele>
	<time>1970-01-01T00:03:39.735Z</time>
</trkpt>
<trkpt lat="47.3596497" lon="0.5539990">
	<ele>44.00</ele>
	<time>1970-01-01T00:03:41.357Z</time>
</trkpt>
<trkpt lat="47.3596649" lon="0.5541410">
	<ele>44.00</ele>
	<time>1970-01-01T00:03:42.821Z</time>
</trkpt>
<trkpt lat="47.3596954" lon="0.5542540">
	<ele>44.00</ele>
	<time>1970-01-01T00:03:44.042Z</time>
</trkpt>
<trkpt lat="47.3598022" lon="0.5545110">
	<ele>44.08</ele>
	<time>1970-01-01T00:03:47.089Z</time>
</trkpt>
<trkpt lat="47.3600082" lon="0.5548490">
	<ele>44.03</ele>
	<time>1970-01-01T00:03:51.841Z</time>
</trkpt>
<trkpt lat="47.3601189" lon="0.5550830">
	<ele>43.52</ele>
	<time>1970-01-01T00:03:55.236Z</time>
</trkpt>
<trkpt lat="47.3601532" lon="0.5551960">
	<ele>43.14</ele>
	<time>1970-01-01T00:03:56.734Z</time>
</trkpt>
<trkpt lat="47.3602333" lon="0.5555060">
	<ele>44.03</ele>
	<time>1970-01-01T00:04:01.157Z</time>
</trkpt>
<trkpt lat="47.3605347" lon="0.5570290">
	<ele>44.17</ele>
	<time>1970-01-01T00:04:20.997Z</time>
</trkpt>
<trkpt lat="47.3605804" lon="0.5572100">
	<ele>43.83</ele>
	<time>1970-01-01T00:04:23.491Z</time>
</trkpt>
<trkpt lat="47.3606262" lon="0.5573530">
	<ele>43.56</ele>
	<time>1970-01-01T00:04:25.365Z</time>
</trkpt>
<trkpt lat="47.3607025" lon="0.5575550">
	<ele>43.87</ele>
	<time>1970-01-01T00:04:27.890Z</time>
</trkpt>
<trkpt lat="47.3607712" lon="0.5576840">
	<ele>44.71</ele>
	<time>1970-01-01T00:04:29.700Z</time>
</trkpt>
<trkpt lat="47.3608170" lon="0.5577620">
	<ele>45.04</ele>
	<time>1970-01-01T00:04:30.918Z</time>
</trkpt>
<trkpt lat="47.3609352" lon="0.5579050">
	<ele>44.20</ele>
	<time>1970-01-01T00:04:33.698Z</time>
</trkpt>
<trkpt lat="47.3610725" lon="0.5580510">
	<ele>45.09</ele>
	<time>1970-01-01T00:04:36.816Z</time>
</trkpt>
<trkpt lat="47.3611603" lon="0.5581780">
	<ele>44.37</ele>
	<time>1970-01-01T00:04:39.272Z</time>
</trkpt>
<trkpt lat="47.3612595" lon="0.5583610">
	<ele>42.50</ele>
	<time>1970-01-01T00:04:42.233Z</time>
</trkpt>
<trkpt lat="47.3614883" lon="0.5590170">
	<ele>44.34</ele>
	<time>1970-01-01T00:04:53.555Z</time>
</trkpt>
<trkpt lat="47.3618622" lon="0.5599650">
	<ele>44.89</ele>
	<time>1970-01-01T00:05:11.189Z</time>
</trkpt>
<trkpt lat="47.3620834" lon="0.5604470">
	<ele>44.92</ele>
	<time>1970-01-01T00:05:21.072Z</time>
</trkpt>
<trkpt lat="47.3621902" lon="0.5606200">
	<ele>45.51</ele>
	<time>1970-01-01T00:05:25.051Z</time>
</trkpt>
<trkpt lat="47.3623009" lon="0.5607820">
	<ele>45.25</ele>
	<time>1970-01-01T00:05:29.140Z</time>
</trkpt>
<trkpt lat="47.3624039" lon="0.5609670">
	<ele>45.14</ele>
	<time>1970-01-01T00:05:33.495Z</time>
</trkpt>
<trkpt lat="47.3624649" lon="0.5610950">
	<ele>45.98</ele>
	<time>1970-01-01T00:05:36.253Z</time>
</trkpt>
<trkpt lat="47.3624840" lon="0.5611860">
	<ele>46.29</ele>
	<time>1970-01-01T00:05:37.815Z</time>
</trkpt>
<trkpt lat="47.3625793" lon="0.5612920">
	<ele>45.83</ele>
	<time>1970-01-01T00:05:40.638Z</time>
</trkpt>
<trkpt lat="47.3626785" lon="0.5614240">
	<ele>44.97</ele>
	<time>1970-01-01T00:05:43.784Z</time>
</trkpt>
<trkpt lat="47.3627625" lon="0.5615570">
	<ele>45.34</ele>
	<time>1970-01-01T00:05:46.630Z</time>
</trkpt>
<trkpt lat="47.3628426" lon="0.5617020">
	<ele>45.96</ele>
	<time>1970-01-01T00:05:49.403Z</time>
</trkpt>
<trkpt lat="47.3630638" lon="0.5621850">
	<ele>46.81</ele>
	<time>1970-01-01T00:05:57.294Z</time>
</trkpt>
<trkpt lat="47.3631630" lon="0.5624580">
	<ele>45.25</ele>
	<time>1970-01-01T00:06:01.335Z</time>
</trkpt>
<trkpt lat="47.3632507" lon="0.5626870">
	<ele>44.12</ele>
	<time>1970-01-01T00:06:04.605Z</time>
</trkpt>
<trkpt lat="47.3632927" lon="0.5628300">
	<ele>44.33</ele>
	<time>1970-01-01T00:06:06.455Z</time>
</trkpt>
<trkpt lat="47.3633575" lon="0.5630850">
	<ele>44.93</ele>
	<time>1970-01-01T00:06:09.378Z</time>
</trkpt>
<trkpt lat="47.3633919" lon="0.5632450">
	<ele>44.83</ele>
	<time>1970-01-01T00:06:11.044Z</time>
</trkpt>
<trkpt lat="47.3634377" lon="0.5635880">
	<ele>43.78</ele>
	<time>1970-01-01T00:06:14.351Z</time>
</trkpt>
<trkpt lat="47.3634567" lon="0.5638970">
	<ele>43.68</ele>
	<time>1970-01-01T00:06:17.440Z</time>
</trkpt>
<trkpt lat="47.3634567" lon="0.5643630">
	<ele>43.67</ele>
	<time>1970-01-01T00:06:22.656Z</time>
</trkpt>
<trkpt lat="47.3634338" lon="0.5645530">
	<ele>43.89</ele>
	<time>1970-01-01T00:06:25.092Z</time>
</trkpt>
<trkpt lat="47.3633804" lon="0.5647810">
	<ele>44.79</ele>
	<time>1970-01-01T00:06:28.218Z</time>
</trkpt>
<trkpt lat="47.3632355" lon="0.5652120">
	<ele>43.71</ele>
	<time>1970-01-01T00:06:34.784Z</time>
</trkpt>
<trkpt lat="47.3630905" lon="0.5655590">
	<ele>44.90</ele>
	<time>1970-01-01T00:06:39.981Z</time>
</trkpt>
<trkpt lat="47.3629951" lon="0.5657660">
	<ele>45.49</ele>
	<time>1970-01-01T00:06:43.163Z</time>
</trkpt>
<trkpt lat="47.3629036" lon="0.5659460">
	<ele>44.62</ele>
	<time>1970-01-01T00:06:46.010Z</time>
</trkpt>
<trkpt lat="47.3627243" lon="0.5662610">
	<ele>44.88</ele>
	<time>1970-01-01T00:06:51.198Z</time>
</trkpt>
<trkpt lat="47.3625679" lon="0.5665890">
	<ele>44.51</ele>
	<time>1970-01-01T00:06:56.524Z</time>
</trkpt>
<trkpt lat="47.3622093" lon="0.5674270">
	<ele>44.52</ele>
	<time>1970-01-01T00:07:06.453Z</time>
</trkpt>
<trkpt lat="47.3620758" lon="0.5677020">
	<ele>43.52</ele>
	<time>1970-01-01T00:07:09.846Z</time>
</trkpt>
<trkpt lat="47.3619347" lon="0.5679660">
	<ele>44.56</ele>
	<time>1970-01-01T00:07:12.952Z</time>
</trkpt>
<trkpt lat="47.3617668" lon="0.5682340">
	<ele>43.38</ele>
	<time>1970-01-01T00:07:16.041Z</time>
</trkpt>
<trkpt lat="47.3616066" lon="0.5685100">
	<ele>43.73</ele>
	<time>1970-01-01T00:07:19.611Z</time>
</trkpt>
<trkpt lat="47.3614502" lon="0.5688080">
	<ele>44.37</ele>
	<time>1970-01-01T00:07:24.510Z</time>
</trkpt>
<trkpt lat="47.3613625" lon="0.5690070">
	<ele>44.47</ele>
	<time>1970-01-01T00:07:28.296Z</time>
</trkpt>
<trkpt lat="47.3612328" lon="0.5692570">
	<ele>43.60</ele>
	<time>1970-01-01T00:07:33.777Z</time>
</trkpt>
<trkpt lat="47.3608398" lon="0.5699590">
	<ele>44.97</ele>
	<time>1970-01-01T00:07:50.173Z</time>
</trkpt>
<trkpt lat="47.3607903" lon="0.5700770">
	<ele>44.77</ele>
	<time>1970-01-01T00:07:52.489Z</time>
</trkpt>
<trkpt lat="47.3607292" lon="0.5702420">
	<ele>43.66</ele>
	<time>1970-01-01T00:07:55.173Z</time>
</trkpt>
<trkpt lat="47.3606644" lon="0.5705000">
	<ele>43.30</ele>
	<time>1970-01-01T00:07:58.646Z</time>
</trkpt>
<trkpt lat="47.3606224" lon="0.5707290">
	<ele>44.63</ele>
	<time>1970-01-01T00:08:01.629Z</time>
</trkpt>
<trkpt lat="47.3605652" lon="0.5711400">
	<ele>45.94</ele>
	<time>1970-01-01T00:08:06.942Z</time>
</trkpt>
<trkpt lat="47.3605003" lon="0.5717260">
	<ele>44.59</ele>
	<time>1970-01-01T00:08:15.312Z</time>
</trkpt>
<trkpt lat="47.3604660" lon="0.5722410">
	<ele>42.67</ele>
	<time>1970-01-01T00:08:21.552Z</time>
</trkpt>
<trkpt lat="47.3604393" lon="0.5732760">
	<ele>43.58</ele>
	<time>1970-01-01T00:08:32.213Z</time>
</trkpt>
<trkpt lat="47.3604546" lon="0.5744140">
	<ele>43.39</ele>
	<time>1970-01-01T00:08:45.904Z</time>
</trkpt>
<trkpt lat="47.3605042" lon="0.5748680">
	<ele>44.67</ele>
	<time>1970-01-01T00:08:51.293Z</time>
</trkpt>
<trkpt lat="47.3606033" lon="0.5755710">
	<ele>44.50</ele>
	<time>1970-01-01T00:08:59.849Z</time>
</trkpt>
<trkpt lat="47.3606758" lon="0.5759770">
	<ele>42.87</ele>
	<time>1970-01-01T00:09:05.323Z</time>
</trkpt>
<trkpt lat="47.3607674" lon="0.5763670">
	<ele>44.93</ele>
	<time>1970-01-01T00:09:11.640Z</time>
</trkpt>
<trkpt lat="47.3608284" lon="0.5766380">
	<ele>45.98</ele>
	<time>1970-01-01T00:09:16.816Z</time>
</trkpt>
<trkpt lat="47.3610153" lon="0.5777440">
	<ele>44.13</ele>
	<time>1970-01-01T00:09:33.621Z</time>
</trkpt>
<trkpt lat="47.3610611" lon="0.5779540">
	<ele>44.04</ele>
	<time>1970-01-01T00:09:36.729Z</time>
</trkpt>
<trkpt lat="47.3611679" lon="0.5783650">
	<ele>44.85</ele>
	<time>1970-01-01T00:09:41.995Z</time>
</trkpt>
<trkpt lat="47.3612328" lon="0.5785350">
	<ele>45.09</ele>
	<time>1970-01-01T00:09:44.412Z</time>
</trkpt>
<trkpt lat="47.3612785" lon="0.5785800">
	<ele>45.24</ele>
	<time>1970-01-01T00:09:45.322Z</time>
</trkpt>
<trkpt lat="47.3613815" lon="0.5788330">
	<ele>45.00</ele>
	<time>1970-01-01T00:09:48.701Z</time>
</trkpt>
<trkpt lat="47.3614235" lon="0.5789700">
	<ele>45.11</ele>
	<time>1970-01-01T00:09:50.412Z</time>
</trkpt>
<trkpt lat="47.3615150" lon="0.5793200">
	<ele>45.29</ele>
	<time>1970-01-01T00:09:54.822Z</time>
</trkpt>
<trkpt lat="47.3619995" lon="0.5804890">
	<ele>43.77</ele>
	<time>1970-01-01T00:10:10.180Z</time>
</trkpt>
<trkpt lat="47.3621902" lon="0.5810990">
	<ele>44.04</ele>
	<time>1970-01-01T00:10:17.496Z</time>
</trkpt>
<trkpt lat="47.3624039" lon="0.5816870">
	<ele>42.81</ele>
	<time>1970-01-01T00:10:25.104Z</time>
</trkpt>
<trkpt lat="47.3627319" lon="0.5824930">
	<ele>44.12</ele>
	<time>1970-01-01T00:10:34.933Z</time>
</trkpt>
<trkpt lat="47.3639793" lon="0.5861940">
	<ele>44.36</ele>
	<time>1970-01-01T00:11:42.431Z</time>
</trkpt>
<trkpt lat="47.3640442" lon="0.5863700">
	<ele>44.58</ele>
	<time>1970-01-01T00:11:45.023Z</time>
</trkpt>
<trkpt lat="47.3641014" lon="0.5865930">
	<ele>44.38</ele>
	<time>1970-01-01T00:11:48.321Z</time>
</trkpt>
<trkpt lat="47.3641281" lon="0.5867510">
	<ele>44.50</ele>
	<time>1970-01-01T00:11:50.491Z</time>
</trkpt>
<trkpt lat="47.3641510" lon="0.5869350">
	<ele>45.08</ele>
	<time>1970-01-01T00:11:52.842Z</time>
</trkpt>
<trkpt lat="47.3641777" lon="0.5872340">
	<ele>44.94</ele>
	<time>1970-01-01T00:11:56.477Z</time>
</trkpt>
<trkpt lat="47.3642159" lon="0.5874450">
	<ele>44.75</ele>
	<time>1970-01-01T00:11:58.881Z</time>
</trkpt>
<trkpt lat="47.3642769" lon="0.5877310">
	<ele>44.33</ele>
	<time>1970-01-01T00:12:02.030Z</time>
</trkpt>
<trkpt lat="47.3643417" lon="0.5881100">
	<ele>44.59</ele>
	<time>1970-01-01T00:12:05.906Z</time>
</trkpt>
<trkpt lat="47.3643684" lon="0.5883100">
	<ele>44.42</ele>
	<time>1970-01-01T00:12:07.834Z</time>
</trkpt>
<trkpt lat="47.3643875" lon="0.5885220">
	<ele>45.00</ele>
	<time>1970-01-01T00:12:09.962Z</time>
</trkpt>
<trkpt lat="47.3643951" lon="0.5886760">
	<ele>45.32</ele>
	<time>1970-01-01T00:12:11.604Z</time>
</trkpt>
<trkpt lat="47.3643875" lon="0.5890530">
	<ele>44.70</ele>
	<time>1970-01-01T00:12:15.938Z</time>
</trkpt>
<trkpt lat="47.3643684" lon="0.5894190">
	<ele>44.44</ele>
	<time>1970-01-01T00:12:21.399Z</time>
</trkpt>
<trkpt lat="47.3643227" lon="0.5899630">
	<ele>44.04</ele>
	<time>1970-01-01T00:12:33.429Z</time>
</trkpt>
<trkpt lat="47.3642921" lon="0.5905150">
	<ele>44.73</ele>
	<time>1970-01-01T00:12:40.680Z</time>
</trkpt>
<trkpt lat="47.3642578" lon="0.5907950">
	<ele>44.23</ele>
	<time>1970-01-01T00:12:43.689Z</time>
</trkpt>
<trkpt lat="47.3641510" lon="0.5916150">
	<ele>44.92</ele>
	<time>1970-01-01T00:12:51.976Z</time>
</trkpt>
<trkpt lat="47.3639946" lon="0.5925920">
	<ele>44.36</ele>
	<time>1970-01-01T00:13:02.700Z</time>
</trkpt>
<trkpt lat="47.3638420" lon="0.5934560">
	<ele>44.60</ele>
	<time>1970-01-01T00:13:12.088Z</time>
</trkpt>
<trkpt lat="47.3637352" lon="0.5939210">
	<ele>43.60</ele>
	<time>1970-01-01T00:13:17.364Z</time>
</trkpt>
<trkpt lat="47.3635368" lon="0.5946620">
	<ele>44.35</ele>
	<time>1970-01-01T00:13:28.483Z</time>
</trkpt>
<trkpt lat="47.3634148" lon="0.5950580">
	<ele>44.04</ele>
	<time>1970-01-01T00:13:35.526Z</time>
</trkpt>
<trkpt lat="47.3631897" lon="0.5958580">
	<ele>44.01</ele>
	<time>1970-01-01T00:13:50.298Z</time>
</trkpt>
<trkpt lat="47.3630981" lon="0.5962760">
	<ele>43.95</ele>
	<time>1970-01-01T00:13:55.845Z</time>
</trkpt>
<trkpt lat="47.3630867" lon="0.5967870">
	<ele>45.02</ele>
	<time>1970-01-01T00:14:01.709Z</time>
</trkpt>
<trkpt lat="47.3630447" lon="0.5972830">
	<ele>44.89</ele>
	<time>1970-01-01T00:14:08.315Z</time>
</trkpt>
<trkpt lat="47.3629494" lon="0.5981480">
	<ele>44.29</ele>
	<time>1970-01-01T00:14:20.196Z</time>
</trkpt>
<trkpt lat="47.3628845" lon="0.5985880">
	<ele>43.90</ele>
	<time>1970-01-01T00:14:25.493Z</time>
</trkpt>
<trkpt lat="47.3628502" lon="0.5989000">
	<ele>44.31</ele>
	<time>1970-01-01T00:14:29.084Z</time>
</trkpt>
<trkpt lat="47.3628273" lon="0.5991930">
	<ele>44.73</ele>
	<time>1970-01-01T00:14:32.262Z</time>
</trkpt>
<trkpt lat="47.3628159" lon="0.5994550">
	<ele>44.81</ele>
	<time>1970-01-01T00:14:35.230Z</time>
</trkpt>
<trkpt lat="47.3628273" lon="0.5999240">
	<ele>44.73</ele>
	<time>1970-01-01T00:14:40.568Z</time>
</trkpt>
<trkpt lat="47.3628464" lon="0.6009910">
	<ele>44.42</ele>
	<time>1970-01-01T00:14:56.075Z</time>
</trkpt>
<trkpt lat="47.3628426" lon="0.6011790">
	<ele>44.48</ele>
	<time>1970-01-01T00:14:58.614Z</time>
</trkpt>
<trkpt lat="47.3628273" lon="0.6014500">
	<ele>44.68</ele>
	<time>1970-01-01T00:15:02.618Z</time>
</trkpt>
<trkpt lat="47.3627777" lon="0.6019950">
	<ele>45.00</ele>
	<time>1970-01-01T00:15:12.360Z</time>
</trkpt>
<trkpt lat="47.3627739" lon="0.6020740">
	<ele>45.01</ele>
	<time>1970-01-01T00:15:13.655Z</time>
</trkpt>
<trkpt lat="47.3627701" lon="0.6021550">
	<ele>45.01</ele>
	<time>1970-01-01T00:15:15.021Z</time>
</trkpt>
<trkpt lat="47.3627815" lon="0.6023150">
	<ele>44.99</ele>
	<time>1970-01-01T00:15:17.864Z</time>
</trkpt>
<trkpt lat="47.3628578" lon="0.6029890">
	<ele>44.11</ele>
	<time>1970-01-01T00:15:29.089Z</time>
</trkpt>
<trkpt lat="47.3628769" lon="0.6036740">
	<ele>44.98</ele>
	<time>1970-01-01T00:15:37.241Z</time>
</trkpt>
<trkpt lat="47.3628654" lon="0.6039080">
	<ele>45.44</ele>
	<time>1970-01-01T00:15:39.798Z</time>
</trkpt>
<trkpt lat="47.3628540" lon="0.6041400">
	<ele>44.59</ele>
	<time>1970-01-01T00:15:42.280Z</time>
</trkpt>
<trkpt lat="47.3628197" lon="0.6045070">
	<ele>44.25</ele>
	<time>1970-01-01T00:15:46.080Z</time>
</trkpt>
<trkpt lat="47.3627968" lon="0.6046680">
	<ele>44.09</ele>
	<time>1970-01-01T00:15:47.768Z</time>
</trkpt>
<trkpt lat="47.3627701" lon="0.6047720">
	<ele>43.98</ele>
	<time>1970-01-01T00:15:48.911Z</time>
</trkpt>
<trkpt lat="47.3627396" lon="0.6048580">
	<ele>43.94</ele>
	<time>1970-01-01T00:15:49.922Z</time>
</trkpt>
<trkpt lat="47.3628502" lon="0.6048830">
	<ele>44.22</ele>
	<time>1970-01-01T00:15:51.578Z</time>
</trkpt>
<trkpt lat="47.3629684" lon="0.6049670">
	<ele>44.21</ele>
	<time>1970-01-01T00:15:53.582Z</time>
</trkpt>
<trkpt lat="47.3630600" lon="0.6050530">
	<ele>43.87</ele>
	<time>1970-01-01T00:15:55.229Z</time>
</trkpt>
<trkpt lat="47.3631516" lon="0.6051810">
	<ele>43.85</ele>
	<time>1970-01-01T00:15:57.087Z</time>
</trkpt>
<trkpt lat="47.3631859" lon="0.6052400">
	<ele>43.97</ele>
	<time>1970-01-01T00:15:57.856Z</time>
</trkpt>
<trkpt lat="47.3632393" lon="0.6053630">
	<ele>44.34</ele>
	<time>1970-01-01T00:15:59.294Z</time>
</trkpt>
<trkpt lat="47.3633041" lon="0.6055400">
	<ele>44.99</ele>
	<time>1970-01-01T00:16:01.111Z</time>
</trkpt>
<trkpt lat="47.3635063" lon="0.6062850">
	<ele>44.19</ele>
	<time>1970-01-01T00:16:08.269Z</time>
</trkpt>
<trkpt lat="47.3637047" lon="0.6068560">
	<ele>44.42</ele>
	<time>1970-01-01T00:16:15.185Z</time>
</trkpt>
<trkpt lat="47.3637657" lon="0.6070950">
	<ele>44.19</ele>
	<time>1970-01-01T00:16:18.168Z</time>
</trkpt>
<trkpt lat="47.3638000" lon="0.6072430">
	<ele>44.40</ele>
	<time>1970-01-01T00:16:20.193Z</time>
</trkpt>
<trkpt lat="47.3638077" lon="0.6072890">
	<ele>44.49</ele>
	<time>1970-01-01T00:16:20.868Z</time>
</trkpt>
<trkpt lat="47.3638382" lon="0.6074240">
	<ele>44.83</ele>
	<time>1970-01-01T00:16:22.847Z</time>
</trkpt>
<trkpt lat="47.3639984" lon="0.6078740">
	<ele>44.84</ele>
	<time>1970-01-01T00:16:31.364Z</time>
</trkpt>
<trkpt lat="47.3641624" lon="0.6083140">
	<ele>44.03</ele>
	<time>1970-01-01T00:16:41.723Z</time>
</trkpt>
<trkpt lat="47.3643188" lon="0.6087620">
	<ele>44.50</ele>
	<time>1970-01-01T00:16:50.623Z</time>
</trkpt>
<trkpt lat="47.3644867" lon="0.6091610">
	<ele>44.88</ele>
	<time>1970-01-01T00:16:57.579Z</time>
</trkpt>
<trkpt lat="47.3647003" lon="0.6096010">
	<ele>45.11</ele>
	<time>1970-01-01T00:17:04.089Z</time>
</trkpt>
<trkpt lat="47.3649178" lon="0.6099900">
	<ele>44.83</ele>
	<time>1970-01-01T00:17:09.325Z</time>
</trkpt>
<trkpt lat="47.3650436" lon="0.6102000">
	<ele>45.04</ele>
	<time>1970-01-01T00:17:12.734Z</time>
</trkpt>
<trkpt lat="47.3652954" lon="0.6105580">
	<ele>44.96</ele>
	<time>1970-01-01T00:17:20.314Z</time>
</trkpt>
<trkpt lat="47.3653641" lon="0.6106790">
	<ele>44.75</ele>
	<time>1970-01-01T00:17:22.721Z</time>
</trkpt>
<trkpt lat="47.3654938" lon="0.6109440">
	<ele>44.57</ele>
	<time>1970-01-01T00:17:28.590Z</time>
</trkpt>
<trkpt lat="47.3656387" lon="0.6113030">
	<ele>44.12</ele>
	<time>1970-01-01T00:17:38.364Z</time>
</trkpt>
<trkpt lat="47.3656731" lon="0.6113700">
	<ele>43.89</ele>
	<time>1970-01-01T00:17:40.241Z</time>
</trkpt>
<trkpt lat="47.3658066" lon="0.6116410">
	<ele>44.95</ele>
	<time>1970-01-01T00:17:45.238Z</time>
</trkpt>
<trkpt lat="47.3659134" lon="0.6118210">
	<ele>44.26</ele>
	<time>1970-01-01T00:17:48.711Z</time>
</trkpt>
<trkpt lat="47.3660240" lon="0.6119690">
	<ele>44.02</ele>
	<time>1970-01-01T00:17:51.714Z</time>
</trkpt>
<trkpt lat="47.3661423" lon="0.6121040">
	<ele>44.66</ele>
	<time>1970-01-01T00:17:57.580Z</time>
</trkpt>
<trkpt lat="47.3664398" lon="0.6123710">
	<ele>44.94</ele>
	<time>1970-01-01T00:18:06.255Z</time>
</trkpt>
<trkpt lat="47.3665581" lon="0.6124800">
	<ele>44.41</ele>
	<time>1970-01-01T00:18:09.164Z</time>
</trkpt>
<trkpt lat="47.3670692" lon="0.6129350">
	<ele>44.57</ele>
	<time>1970-01-01T00:18:16.691Z</time>
</trkpt>
<trkpt lat="47.3673248" lon="0.6131870">
	<ele>44.55</ele>
	<time>1970-01-01T00:18:20.581Z</time>
</trkpt>
<trkpt lat="47.3674583" lon="0.6133380">
	<ele>44.90</ele>
	<time>1970-01-01T00:18:22.723Z</time>
</trkpt>
<trkpt lat="47.3675499" lon="0.6134530">
	<ele>45.18</ele>
	<time>1970-01-01T00:18:24.263Z</time>
</trkpt>
<trkpt lat="47.3680267" lon="0.6142470">
	<ele>44.96</ele>
	<time>1970-01-01T00:18:34.445Z</time>
</trkpt>
<trkpt lat="47.3682823" lon="0.6146130">
	<ele>44.92</ele>
	<time>1970-01-01T00:18:39.898Z</time>
</trkpt>
<trkpt lat="47.3685188" lon="0.6150330">
	<ele>45.01</ele>
	<time>1970-01-01T00:18:45.568Z</time>
</trkpt>
<trkpt lat="47.3686104" lon="0.6152630">
	<ele>45.00</ele>
	<time>1970-01-01T00:18:48.469Z</time>
</trkpt>
<trkpt lat="47.3686905" lon="0.6155050">
	<ele>45.12</ele>
	<time>1970-01-01T00:18:51.624Z</time>
</trkpt>
<trkpt lat="47.3688316" lon="0.6161220">
	<ele>45.00</ele>
	<time>1970-01-01T00:18:59.479Z</time>
</trkpt>
<trkpt lat="47.3690567" lon="0.6173400">
	<ele>45.05</ele>
	<time>1970-01-01T00:19:16.465Z</time>
</trkpt>
<trkpt lat="47.3692017" lon="0.6181620">
	<ele>45.03</ele>
	<time>1970-01-01T00:19:25.976Z</time>
</trkpt>
<trkpt lat="47.3700905" lon="0.6234770">
	<ele>44.96</ele>
	<time>1970-01-01T00:20:40.731Z</time>
</trkpt>
<trkpt lat="47.3703346" lon="0.6249290">
	<ele>44.98</ele>
	<time>1970-01-01T00:20:58.921Z</time>
</trkpt>
<trkpt lat="47.3703613" lon="0.6251930">
	<ele>44.99</ele>
	<time>1970-01-01T00:21:02.411Z</time>
</trkpt>
<trkpt lat="47.3703842" lon="0.6282100">
	<ele>44.93</ele>
	<time>1970-01-01T00:21:41.100Z</time>
</trkpt>
<trkpt lat="47.3703842" lon="0.6284160">
	<ele>45.06</ele>
	<time>1970-01-01T00:21:43.783Z</time>
</trkpt>
<trkpt lat="47.3703957" lon="0.6286750">
	<ele>45.44</ele>
	<time>1970-01-01T00:21:47.135Z</time>
</trkpt>
<trkpt lat="47.3704224" lon="0.6289380">
	<ele>45.53</ele>
	<time>1970-01-01T00:21:50.288Z</time>
</trkpt>
<trkpt lat="47.3705482" lon="0.6298910">
	<ele>44.99</ele>
	<time>1970-01-01T00:22:01.500Z</time>
</trkpt>
<trkpt lat="47.3708305" lon="0.6322070">
	<ele>44.99</ele>
	<time>1970-01-01T00:22:35.526Z</time>
</trkpt>
<trkpt lat="47.3708572" lon="0.6324150">
	<ele>45.06</ele>
	<time>1970-01-01T00:22:38.149Z</time>
</trkpt>
<trkpt lat="47.3713036" lon="0.6369790">
	<ele>45.00</ele>
	<time>1970-01-01T00:23:31.881Z</time>
</trkpt>
<trkpt lat="47.3713493" lon="0.6374110">
	<ele>44.92</ele>
	<time>1970-01-01T00:23:36.522Z</time>
</trkpt>
<trkpt lat="47.3713951" lon="0.6376520">
	<ele>45.01</ele>
	<time>1970-01-01T00:23:39.464Z</time>
</trkpt>
<trkpt lat="47.3715286" lon="0.6380680">
	<ele>44.94</ele>
	<time>1970-01-01T00:23:45.649Z</time>
</trkpt>
<trkpt lat="47.3719368" lon="0.6392620">
	<ele>46.06</ele>
	<time>1970-01-01T00:24:04.623Z</time>
</trkpt>
<trkpt lat="47.3719559" lon="0.6393090">
	<ele>46.08</ele>
	<time>1970-01-01T00:24:05.337Z</time>
</trkpt>
<trkpt lat="47.3720093" lon="0.6394030">
	<ele>46.09</ele>
	<time>1970-01-01T00:24:07.114Z</time>
</trkpt>
<trkpt lat="47.3721313" lon="0.6408430">
	<ele>46.10</ele>
	<time>1970-01-01T00:24:26.972Z</time>
</trkpt>
<trkpt lat="47.3721542" lon="0.6410730">
	<ele>45.80</ele>
	<time>1970-01-01T00:24:30.098Z</time>
</trkpt>
<trkpt lat="47.3721581" lon="0.6411040">
	<ele>45.80</ele>
	<time>1970-01-01T00:24:30.444Z</time>
</trkpt>
<trkpt lat="47.3721809" lon="0.6418820">
	<ele>46.14</ele>
	<time>1970-01-01T00:24:45.127Z</time>
</trkpt>
<trkpt lat="47.3721733" lon="0.6422810">
	<ele>46.20</ele>
	<time>1970-01-01T00:24:49.401Z</time>
</trkpt>
<trkpt lat="47.3721695" lon="0.6426420">
	<ele>45.71</ele>
	<time>1970-01-01T00:24:52.663Z</time>
</trkpt>
<trkpt lat="47.3721771" lon="0.6431340">
	<ele>45.20</ele>
	<time>1970-01-01T00:24:56.902Z</time>
</trkpt>
<trkpt lat="47.3722153" lon="0.6444900">
	<ele>46.04</ele>
	<time>1970-01-01T00:25:13.207Z</time>
</trkpt>
<trkpt lat="47.3722343" lon="0.6448340">
	<ele>45.93</ele>
	<time>1970-01-01T00:25:17.434Z</time>
</trkpt>
<trkpt lat="47.3722610" lon="0.6452000">
	<ele>45.71</ele>
	<time>1970-01-01T00:25:22.296Z</time>
</trkpt>
<trkpt lat="47.3722992" lon="0.6455730">
	<ele>45.31</ele>
	<time>1970-01-01T00:25:27.739Z</time>
</trkpt>
<trkpt lat="47.3723640" lon="0.6461150">
	<ele>45.62</ele>
	<time>1970-01-01T00:25:35.111Z</time>
</trkpt>
<trkpt lat="47.3724213" lon="0.6463390">
	<ele>45.87</ele>
	<time>1970-01-01T00:25:38.042Z</time>
</trkpt>
<trkpt lat="47.3727875" lon="0.6470550">
	<ele>45.39</ele>
	<time>1970-01-01T00:25:49.209Z</time>
</trkpt>
<trkpt lat="47.3731041" lon="0.6476180">
	<ele>45.79</ele>
	<time>1970-01-01T00:25:56.694Z</time>
</trkpt>
<trkpt lat="47.3734016" lon="0.6480490">
	<ele>45.37</ele>
	<time>1970-01-01T00:26:04.211Z</time>
</trkpt>
<trkpt lat="47.3738899" lon="0.6487410">
	<ele>46.10</ele>
	<time>1970-01-01T00:26:14.697Z</time>
</trkpt>
<trkpt lat="47.3739967" lon="0.6489260">
	<ele>46.13</ele>
	<time>1970-01-01T00:26:17.085Z</time>
</trkpt>
<trkpt lat="47.3741837" lon="0.6493150">
	<ele>46.61</ele>
	<time>1970-01-01T00:26:21.864Z</time>
</trkpt>
<trkpt lat="47.3742523" lon="0.6495080">
	<ele>45.97</ele>
	<time>1970-01-01T00:26:24.378Z</time>
</trkpt>
<trkpt lat="47.3742638" lon="0.6495550">
	<ele>45.72</ele>
	<time>1970-01-01T00:26:24.976Z</time>
</trkpt>
<trkpt lat="47.3742688" lon="0.6495538">
	<ele>45.65</ele>
	<time>1970-01-01T00:00:00.000Z</time>
</trkpt>
<trkpt lat="47.3742867" lon="0.6496500">
	<ele>45.28</ele>
	<time>1970-01-01T02:38:31.193Z</time>
</trkpt>
<trkpt lat="47.3743019" lon="0.6498280">
	<ele>45.09</ele>
	<time>1970-01-01T02:38:33.687Z</time>
</trkpt>
<trkpt lat="47.3742867" lon="0.6502790">
	<ele>45.41</ele>
	<time>1970-01-01T00:00:05.857Z</time>
</trkpt>
<trkpt lat="47.3742104" lon="0.6508280">
	<ele>45.63</ele>
	<time>1970-01-01T00:00:12.498Z</time>
</trkpt>
<trkpt lat="47.3741035" lon="0.6513710">
	<ele>46.43</ele>
	<time>1970-01-01T00:00:20.699Z</time>
</trkpt>
<trkpt lat="47.3739243" lon="0.6524510">
	<ele>45.71</ele>
	<time>1970-01-01T00:00:30.648Z</time>
</trkpt>
<trkpt lat="47.3739014" lon="0.6528900">
	<ele>45.38</ele>
	<time>1970-01-01T00:00:38.244Z</time>
</trkpt>
<trkpt lat="47.3739052" lon="0.6529750">
	<ele>44.95</ele>
	<time>1970-01-01T00:00:39.737Z</time>
</trkpt>
<trkpt lat="47.3738937" lon="0.6530350">
	<ele>44.95</ele>
	<time>1970-01-01T00:00:41.127Z</time>
</trkpt>
<trkpt lat="47.3738747" lon="0.6530800">
	<ele>45.22</ele>
	<time>1970-01-01T00:00:42.363Z</time>
</trkpt>
<trkpt lat="47.3738327" lon="0.6531350">
	<ele>46.02</ele>
	<time>1970-01-01T00:00:44.392Z</time>
</trkpt>
<trkpt lat="47.3734016" lon="0.6533090">
	<ele>46.03</ele>
	<time>1970-01-01T00:00:58.918Z</time>
</trkpt>
<trkpt lat="47.3708344" lon="0.6545770">
	<ele>45.33</ele>
	<time>1970-01-01T00:01:55.229Z</time>
</trkpt>
<trkpt lat="47.3706779" lon="0.6553210">
	<ele>45.00</ele>
	<time>1970-01-01T00:02:06.325Z</time>
</trkpt>
<trkpt lat="47.3705978" lon="0.6556360">
	<ele>45.00</ele>
	<time>1970-01-01T00:02:11.123Z</time>
</trkpt>
<trkpt lat="47.3705063" lon="0.6559200">
	<ele>45.00</ele>
	<time>1970-01-01T00:02:15.881Z</time>
</trkpt>
<trkpt lat="47.3704147" lon="0.6560920">
	<ele>45.00</ele>
	<time>1970-01-01T00:02:19.163Z</time>
</trkpt>
<trkpt lat="47.3703461" lon="0.6562620">
	<ele>45.00</ele>
	<time>1970-01-01T00:02:22.149Z</time>
</trkpt>
<trkpt lat="47.3703003" lon="0.6564240">
	<ele>45.00</ele>
	<time>1970-01-01T00:02:24.677Z</time>
</trkpt>
<trkpt lat="47.3701897" lon="0.6569190">
	<ele>45.00</ele>
	<time>1970-01-01T00:02:31.207Z</time>
</trkpt>
<trkpt lat="47.3701553" lon="0.6569840">
	<ele>45.00</ele>
	<time>1970-01-01T00:02:32.212Z</time>
</trkpt>
<trkpt lat="47.3700981" lon="0.6570560">
	<ele>45.00</ele>
	<time>1970-01-01T00:02:33.550Z</time>
</trkpt>
<trkpt lat="47.3698273" lon="0.6573000">
	<ele>45.00</ele>
	<time>1970-01-01T00:02:38.941Z</time>
</trkpt>
<trkpt lat="47.3695564" lon="0.6575880">
	<ele>45.00</ele>
	<time>1970-01-01T00:02:45.347Z</time>
</trkpt>
<trkpt lat="47.3686256" lon="0.6587780">
	<ele>45.00</ele>
	<time>1970-01-01T00:03:06.963Z</time>
</trkpt>
<trkpt lat="47.3684998" lon="0.6590330">
	<ele>45.00</ele>
	<time>1970-01-01T00:03:10.878Z</time>
</trkpt>
<trkpt lat="47.3683853" lon="0.6593230">
	<ele>45.00</ele>
	<time>1970-01-01T00:03:14.977Z</time>
</trkpt>
<trkpt lat="47.3682251" lon="0.6597960">
	<ele>44.95</ele>
	<time>1970-01-01T00:03:20.895Z</time>
</trkpt>
<trkpt lat="47.3681145" lon="0.6602060">
	<ele>44.99</ele>
	<time>1970-01-01T00:03:26.251Z</time>
</trkpt>
<trkpt lat="47.3680649" lon="0.6604510">
	<ele>44.93</ele>
	<time>1970-01-01T00:03:29.555Z</time>
</trkpt>
<trkpt lat="47.3680534" lon="0.6605460">
	<ele>44.98</ele>
	<time>1970-01-01T00:03:30.766Z</time>
</trkpt>
<trkpt lat="47.3680420" lon="0.6605910">
	<ele>45.09</ele>
	<time>1970-01-01T00:03:31.457Z</time>
</trkpt>
<trkpt lat="47.3680267" lon="0.6606140">
	<ele>45.17</ele>
	<time>1970-01-01T00:03:31.802Z</time>
</trkpt>
<trkpt lat="47.3679771" lon="0.6606280">
	<ele>45.24</ele>
	<time>1970-01-01T00:03:32.836Z</time>
</trkpt>
<trkpt lat="47.3679619" lon="0.6606320">
	<ele>45.26</ele>
	<time>1970-01-01T00:03:33.180Z</time>
</trkpt>
<trkpt lat="47.3678932" lon="0.6606550">
	<ele>45.36</ele>
	<time>1970-01-01T00:03:34.468Z</time>
</trkpt>
<trkpt lat="47.3678741" lon="0.6606700">
	<ele>45.43</ele>
	<time>1970-01-01T00:03:34.791Z</time>
</trkpt>
<trkpt lat="47.3678627" lon="0.6606830">
	<ele>45.50</ele>
	<time>1970-01-01T00:03:35.093Z</time>
</trkpt>
<trkpt lat="47.3678322" lon="0.6607440">
	<ele>45.77</ele>
	<time>1970-01-01T00:03:36.004Z</time>
</trkpt>
<trkpt lat="47.3677902" lon="0.6608990">
	<ele>46.09</ele>
	<time>1970-01-01T00:03:37.879Z</time>
</trkpt>
<trkpt lat="47.3677521" lon="0.6610430">
	<ele>45.96</ele>
	<time>1970-01-01T00:03:39.540Z</time>
</trkpt>
<trkpt lat="47.3677254" lon="0.6610760">
	<ele>45.87</ele>
	<time>1970-01-01T00:03:40.070Z</time>
</trkpt>
<trkpt lat="47.3676834" lon="0.6610770">
	<ele>45.70</ele>
	<time>1970-01-01T00:03:40.702Z</time>
</trkpt>
<trkpt lat="47.3652496" lon="0.6596570">
	<ele>46.08</ele>
	<time>1970-01-01T00:04:35.902Z</time>
</trkpt>
<trkpt lat="47.3651237" lon="0.6595960">
	<ele>46.42</ele>
	<time>1970-01-01T00:04:38.627Z</time>
</trkpt>
<trkpt lat="47.3650436" lon="0.6595920">
	<ele>46.56</ele>
	<time>1970-01-01T00:04:40.247Z</time>
</trkpt>
<trkpt lat="47.3650131" lon="0.6596060">
	<ele>46.47</ele>
	<time>1970-01-01T00:04:40.963Z</time>
</trkpt>
<trkpt lat="47.3649826" lon="0.6596330">
	<ele>46.27</ele>
	<time>1970-01-01T00:04:41.678Z</time>
</trkpt>
<trkpt lat="47.3649635" lon="0.6596620">
	<ele>46.07</ele>
	<time>1970-01-01T00:04:42.250Z</time>
</trkpt>
<trkpt lat="47.3647614" lon="0.6602850">
	<ele>46.06</ele>
	<time>1970-01-01T00:04:52.419Z</time>
</trkpt>
<trkpt lat="47.3647156" lon="0.6604190">
	<ele>45.99</ele>
	<time>1970-01-01T00:04:54.620Z</time>
</trkpt>
<trkpt lat="47.3646851" lon="0.6605180">
	<ele>46.00</ele>
	<time>1970-01-01T00:04:56.194Z</time>
</trkpt>
<trkpt lat="47.3647270" lon="0.6606570">
	<ele>46.00</ele>
	<time>1970-01-01T00:04:58.369Z</time>
</trkpt>
<trkpt lat="47.3647423" lon="0.6607570">
	<ele>46.00</ele>
	<time>1970-01-01T00:04:59.807Z</time>
</trkpt>
<trkpt lat="47.3647423" lon="0.6608340">
	<ele>46.00</ele>
	<time>1970-01-01T00:05:00.811Z</time>
</trkpt>
<trkpt lat="47.3647270" lon="0.6608780">
	<ele>46.00</ele>
	<time>1970-01-01T00:05:01.527Z</time>
</trkpt>
<trkpt lat="47.3645058" lon="0.6613770">
	<ele>46.00</ele>
	<time>1970-01-01T00:05:12.690Z</time>
</trkpt>
<trkpt lat="47.3644524" lon="0.6615350">
	<ele>46.00</ele>
	<time>1970-01-01T00:05:15.803Z</time>
</trkpt>
<trkpt lat="47.3644142" lon="0.6616900">
	<ele>46.01</ele>
	<time>1970-01-01T00:05:18.941Z</time>
</trkpt>
<trkpt lat="47.3643875" lon="0.6619060">
	<ele>46.02</ele>
	<time>1970-01-01T00:05:23.133Z</time>
</trkpt>
<trkpt lat="47.3643303" lon="0.6620990">
	<ele>46.05</ele>
	<time>1970-01-01T00:05:27.359Z</time>
</trkpt>
<trkpt lat="47.3642540" lon="0.6623220">
	<ele>46.05</ele>
	<time>1970-01-01T00:05:32.331Z</time>
</trkpt>
<trkpt lat="47.3642044" lon="0.6625010">
	<ele>46.00</ele>
	<time>1970-01-01T00:05:36.487Z</time>
</trkpt>
<trkpt lat="47.3641777" lon="0.6626860">
	<ele>46.00</ele>
	<time>1970-01-01T00:05:39.678Z</time>
</trkpt>
<trkpt lat="47.3641701" lon="0.6629090">
	<ele>46.00</ele>
	<time>1970-01-01T00:05:42.725Z</time>
</trkpt>
<trkpt lat="47.3641434" lon="0.6630190">
	<ele>46.00</ele>
	<time>1970-01-01T00:05:44.130Z</time>
</trkpt>
<trkpt lat="47.3640671" lon="0.6631570">
	<ele>45.86</ele>
	<time>1970-01-01T00:05:46.174Z</time>
</trkpt>
<trkpt lat="47.3639717" lon="0.6638360">
	<ele>46.01</ele>
	<time>1970-01-01T00:05:54.068Z</time>
</trkpt>
<trkpt lat="47.3639221" lon="0.6639940">
	<ele>46.00</ele>
	<time>1970-01-01T00:05:56.096Z</time>
</trkpt>
<trkpt lat="47.3638611" lon="0.6641310">
	<ele>46.00</ele>
	<time>1970-01-01T00:05:58.105Z</time>
</trkpt>
<trkpt lat="47.3638039" lon="0.6642270">
	<ele>46.00</ele>
	<time>1970-01-01T00:05:59.779Z</time>
</trkpt>
<trkpt lat="47.3637466" lon="0.6643970">
	<ele>46.00</ele>
	<time>1970-01-01T00:06:01.980Z</time>
</trkpt>
<trkpt lat="47.3636360" lon="0.6648960">
	<ele>46.00</ele>
	<time>1970-01-01T00:06:07.716Z</time>
</trkpt>
<trkpt lat="47.3636017" lon="0.6650770">
	<ele>46.00</ele>
	<time>1970-01-01T00:06:09.796Z</time>
</trkpt>
<trkpt lat="47.3635712" lon="0.6652920">
	<ele>46.01</ele>
	<time>1970-01-01T00:06:12.523Z</time>
</trkpt>
<trkpt lat="47.3635559" lon="0.6655000">
	<ele>46.02</ele>
	<time>1970-01-01T00:06:15.106Z</time>
</trkpt>
<trkpt lat="47.3635559" lon="0.6656680">
	<ele>46.02</ele>
	<time>1970-01-01T00:06:17.214Z</time>
</trkpt>
<trkpt lat="47.3635635" lon="0.6658420">
	<ele>46.01</ele>
	<time>1970-01-01T00:06:19.329Z</time>
</trkpt>
<trkpt lat="47.3635788" lon="0.6658980">
	<ele>46.01</ele>
	<time>1970-01-01T00:06:20.094Z</time>
</trkpt>
<trkpt lat="47.3635941" lon="0.6659400">
	<ele>46.00</ele>
	<time>1970-01-01T00:06:20.671Z</time>
</trkpt>
<trkpt lat="47.3637505" lon="0.6661950">
	<ele>46.00</ele>
	<time>1970-01-01T00:06:23.658Z</time>
</trkpt>
<trkpt lat="47.3638077" lon="0.6663340">
	<ele>46.00</ele>
	<time>1970-01-01T00:06:24.986Z</time>
</trkpt>
<trkpt lat="47.3638153" lon="0.6664080">
	<ele>46.00</ele>
	<time>1970-01-01T00:06:25.639Z</time>
</trkpt>
<trkpt lat="47.3638191" lon="0.6664750">
	<ele>46.00</ele>
	<time>1970-01-01T00:06:26.193Z</time>
</trkpt>
<trkpt lat="47.3637733" lon="0.6672240">
	<ele>46.00</ele>
	<time>1970-01-01T00:06:32.604Z</time>
</trkpt>
<trkpt lat="47.3637199" lon="0.6678180">
	<ele>45.93</ele>
	<time>1970-01-01T00:06:38.439Z</time>
</trkpt>
<trkpt lat="47.3637276" lon="0.6680220">
	<ele>45.99</ele>
	<time>1970-01-01T00:06:40.629Z</time>
</trkpt>
<trkpt lat="47.3638229" lon="0.6684290">
	<ele>46.00</ele>
	<time>1970-01-01T00:06:45.866Z</time>
</trkpt>
<trkpt lat="47.3638649" lon="0.6686440">
	<ele>46.00</ele>
	<time>1970-01-01T00:06:48.770Z</time>
</trkpt>
<trkpt lat="47.3638916" lon="0.6688390">
	<ele>46.00</ele>
	<time>1970-01-01T00:06:51.494Z</time>
</trkpt>
<trkpt lat="47.3638954" lon="0.6690290">
	<ele>46.00</ele>
	<time>1970-01-01T00:06:54.178Z</time>
</trkpt>
<trkpt lat="47.3638840" lon="0.6692370">
	<ele>46.00</ele>
	<time>1970-01-01T00:06:57.186Z</time>
</trkpt>
<trkpt lat="47.3638611" lon="0.6693880">
	<ele>46.00</ele>
	<time>1970-01-01T00:06:59.407Z</time>
</trkpt>
<trkpt lat="47.3638191" lon="0.6695190">
	<ele>46.02</ele>
	<time>1970-01-01T00:07:01.421Z</time>
</trkpt>
<trkpt lat="47.3637581" lon="0.6697640">
	<ele>46.00</ele>
	<time>1970-01-01T00:07:05.033Z</time>
</trkpt>
<trkpt lat="47.3637314" lon="0.6699250">
	<ele>46.00</ele>
	<time>1970-01-01T00:07:07.322Z</time>
</trkpt>
<trkpt lat="47.3637199" lon="0.6700880">
	<ele>46.00</ele>
	<time>1970-01-01T00:07:09.433Z</time>
</trkpt>
<trkpt lat="47.3637238" lon="0.6703090">
	<ele>46.00</ele>
	<time>1970-01-01T00:07:12.056Z</time>
</trkpt>
<trkpt lat="47.3637428" lon="0.6704760">
	<ele>46.00</ele>
	<time>1970-01-01T00:07:13.966Z</time>
</trkpt>
<trkpt lat="47.3639221" lon="0.6709380">
	<ele>45.62</ele>
	<time>1970-01-01T00:07:19.171Z</time>
</trkpt>
<trkpt lat="47.3641319" lon="0.6714150">
	<ele>46.00</ele>
	<time>1970-01-01T00:07:25.544Z</time>
</trkpt>
<trkpt lat="47.3642044" lon="0.6718150">
	<ele>46.06</ele>
	<time>1970-01-01T00:07:30.891Z</time>
</trkpt>
<trkpt lat="47.3642769" lon="0.6720970">
	<ele>45.61</ele>
	<time>1970-01-01T00:07:35.352Z</time>
</trkpt>
<trkpt lat="47.3643074" lon="0.6721930">
	<ele>45.48</ele>
	<time>1970-01-01T00:07:36.870Z</time>
</trkpt>
<trkpt lat="47.3643494" lon="0.6723570">
	<ele>45.63</ele>
	<time>1970-01-01T00:07:39.473Z</time>
</trkpt>
<trkpt lat="47.3643799" lon="0.6725060">
	<ele>45.79</ele>
	<time>1970-01-01T00:07:41.988Z</time>
</trkpt>
<trkpt lat="47.3643990" lon="0.6726450">
	<ele>45.80</ele>
	<time>1970-01-01T00:07:44.393Z</time>
</trkpt>
<trkpt lat="47.3644066" lon="0.6726940">
	<ele>45.82</ele>
	<time>1970-01-01T00:07:45.312Z</time>
</trkpt>
<trkpt lat="47.3644104" lon="0.6727260">
	<ele>45.85</ele>
	<time>1970-01-01T00:07:45.767Z</time>
</trkpt>
<trkpt lat="47.3644066" lon="0.6728740">
	<ele>46.23</ele>
	<time>1970-01-01T00:07:48.569Z</time>
</trkpt>
<trkpt lat="47.3643837" lon="0.6730610">
	<ele>46.71</ele>
	<time>1970-01-01T00:07:52.426Z</time>
</trkpt>
<trkpt lat="47.3643761" lon="0.6732340">
	<ele>46.11</ele>
	<time>1970-01-01T00:07:56.240Z</time>
</trkpt>
<trkpt lat="47.3644485" lon="0.6735180">
	<ele>45.97</ele>
	<time>1970-01-01T00:08:02.801Z</time>
</trkpt>
<trkpt lat="47.3644562" lon="0.6736130">
	<ele>46.02</ele>
	<time>1970-01-01T00:08:04.659Z</time>
</trkpt>
<trkpt lat="47.3644485" lon="0.6737010">
	<ele>46.01</ele>
	<time>1970-01-01T00:08:06.462Z</time>
</trkpt>
<trkpt lat="47.3644638" lon="0.6738910">
	<ele>46.03</ele>
	<time>1970-01-01T00:08:10.148Z</time>
</trkpt>
<trkpt lat="47.3644562" lon="0.6740200">
	<ele>45.78</ele>
	<time>1970-01-01T00:08:12.651Z</time>
</trkpt>
<trkpt lat="47.3644257" lon="0.6741200">
	<ele>45.72</ele>
	<time>1970-01-01T00:08:14.586Z</time>
</trkpt>
<trkpt lat="47.3643913" lon="0.6741990">
	<ele>46.10</ele>
	<time>1970-01-01T00:08:16.235Z</time>
</trkpt>
<trkpt lat="47.3642921" lon="0.6743750">
	<ele>47.19</ele>
	<time>1970-01-01T00:08:20.088Z</time>
</trkpt>
<trkpt lat="47.3642807" lon="0.6744030">
	<ele>47.20</ele>
	<time>1970-01-01T00:08:20.529Z</time>
</trkpt>
<trkpt lat="47.3642197" lon="0.6747380">
	<ele>46.36</ele>
	<time>1970-01-01T00:08:25.721Z</time>
</trkpt>
<trkpt lat="47.3642197" lon="0.6748110">
	<ele>46.25</ele>
	<time>1970-01-01T00:08:26.810Z</time>
</trkpt>
<trkpt lat="47.3642464" lon="0.6749270">
	<ele>46.35</ele>
	<time>1970-01-01T00:08:28.330Z</time>
</trkpt>
<trkpt lat="47.3642502" lon="0.6749740">
	<ele>46.46</ele>
	<time>1970-01-01T00:08:29.005Z</time>
</trkpt>
<trkpt lat="47.3642464" lon="0.6749940">
	<ele>46.50</ele>
	<time>1970-01-01T00:08:29.342Z</time>
</trkpt>
<trkpt lat="47.3641548" lon="0.6750770">
	<ele>46.60</ele>
	<time>1970-01-01T00:08:31.501Z</time>
</trkpt>
<trkpt lat="47.3639793" lon="0.6752790">
	<ele>46.91</ele>
	<time>1970-01-01T00:08:35.943Z</time>
</trkpt>
<trkpt lat="47.3638916" lon="0.6755650">
	<ele>49.09</ele>
	<time>1970-01-01T00:08:40.150Z</time>
</trkpt>
<trkpt lat="47.3638344" lon="0.6757140">
	<ele>49.26</ele>
	<time>1970-01-01T00:08:42.270Z</time>
</trkpt>
<trkpt lat="47.3637543" lon="0.6758770">
	<ele>48.85</ele>
	<time>1970-01-01T00:08:44.578Z</time>
</trkpt>
<trkpt lat="47.3636780" lon="0.6760020">
	<ele>48.76</ele>
	<time>1970-01-01T00:08:46.730Z</time>
</trkpt>
<trkpt lat="47.3636436" lon="0.6760440">
	<ele>48.80</ele>
	<time>1970-01-01T00:08:47.558Z</time>
</trkpt>
<trkpt lat="47.3633919" lon="0.6762860">
	<ele>47.06</ele>
	<time>1970-01-01T00:08:53.033Z</time>
</trkpt>
<trkpt lat="47.3632698" lon="0.6764290">
	<ele>46.72</ele>
	<time>1970-01-01T00:08:56.458Z</time>
</trkpt>
<trkpt lat="47.3631325" lon="0.6766740">
	<ele>46.94</ele>
	<time>1970-01-01T00:09:03.222Z</time>
</trkpt>
<trkpt lat="47.3630638" lon="0.6768280">
	<ele>46.59</ele>
	<time>1970-01-01T00:09:07.313Z</time>
</trkpt>
<trkpt lat="47.3630333" lon="0.6769700">
	<ele>46.97</ele>
	<time>1970-01-01T00:09:10.333Z</time>
</trkpt>
<trkpt lat="47.3629646" lon="0.6771920">
	<ele>48.15</ele>
	<time>1970-01-01T00:09:14.968Z</time>
</trkpt>
<trkpt lat="47.3628540" lon="0.6774120">
	<ele>47.64</ele>
	<time>1970-01-01T00:09:19.984Z</time>
</trkpt>
<trkpt lat="47.3627014" lon="0.6776210">
	<ele>46.95</ele>
	<time>1970-01-01T00:09:24.789Z</time>
</trkpt>
<trkpt lat="47.3625298" lon="0.6777970">
	<ele>46.13</ele>
	<time>1970-01-01T00:09:29.093Z</time>
</trkpt>
<trkpt lat="47.3624802" lon="0.6778820">
	<ele>45.94</ele>
	<time>1970-01-01T00:09:30.781Z</time>
</trkpt>
<trkpt lat="47.3624306" lon="0.6780080">
	<ele>45.82</ele>
	<time>1970-01-01T00:09:33.739Z</time>
</trkpt>
<trkpt lat="47.3624344" lon="0.6781420">
	<ele>45.75</ele>
	<time>1970-01-01T00:09:35.988Z</time>
</trkpt>
<trkpt lat="47.3624725" lon="0.6782490">
	<ele>45.86</ele>
	<time>1970-01-01T00:09:37.401Z</time>
</trkpt>
<trkpt lat="47.3625259" lon="0.6783430">
	<ele>46.15</ele>
	<time>1970-01-01T00:09:38.528Z</time>
</trkpt>
<trkpt lat="47.3625755" lon="0.6784600">
	<ele>46.61</ele>
	<time>1970-01-01T00:09:39.809Z</time>
</trkpt>
<trkpt lat="47.3625832" lon="0.6785650">
	<ele>46.78</ele>
	<time>1970-01-01T00:09:40.856Z</time>
</trkpt>
<trkpt lat="47.3625870" lon="0.6787110">
	<ele>46.87</ele>
	<time>1970-01-01T00:09:42.325Z</time>
</trkpt>
<trkpt lat="47.3625526" lon="0.6788490">
	<ele>46.47</ele>
	<time>1970-01-01T00:09:43.826Z</time>
</trkpt>
<trkpt lat="47.3625107" lon="0.6789490">
	<ele>46.05</ele>
	<time>1970-01-01T00:09:45.076Z</time>
</trkpt>
<trkpt lat="47.3624535" lon="0.6790250">
	<ele>45.49</ele>
	<time>1970-01-01T00:09:46.824Z</time>
</trkpt>
<trkpt lat="47.3624344" lon="0.6790460">
	<ele>45.31</ele>
	<time>1970-01-01T00:09:47.268Z</time>
</trkpt>
<trkpt lat="47.3623695" lon="0.6791490">
	<ele>44.89</ele>
	<time>1970-01-01T00:09:50.771Z</time>
</trkpt>
<trkpt lat="47.3623466" lon="0.6791920">
	<ele>44.86</ele>
	<time>1970-01-01T00:09:52.146Z</time>
</trkpt>
<trkpt lat="47.3623390" lon="0.6792670">
	<ele>45.11</ele>
	<time>1970-01-01T00:09:54.261Z</time>
</trkpt>
<trkpt lat="47.3623466" lon="0.6793370">
	<ele>45.51</ele>
	<time>1970-01-01T00:09:55.964Z</time>
</trkpt>
<trkpt lat="47.3624077" lon="0.6795520">
	<ele>46.62</ele>
	<time>1970-01-01T00:10:00.200Z</time>
</trkpt>
<trkpt lat="47.3624077" lon="0.6795760">
	<ele>46.53</ele>
	<time>1970-01-01T00:10:00.655Z</time>
</trkpt>
<trkpt lat="47.3623962" lon="0.6796160">
	<ele>46.20</ele>
	<time>1970-01-01T00:10:01.382Z</time>
</trkpt>
<trkpt lat="47.3623505" lon="0.6797340">
	<ele>45.39</ele>
	<time>1970-01-01T00:10:04.431Z</time>
</trkpt>
<trkpt lat="47.3623428" lon="0.6797930">
	<ele>45.26</ele>
	<time>1970-01-01T00:10:06.084Z</time>
</trkpt>
<trkpt lat="47.3623390" lon="0.6799100">
	<ele>45.18</ele>
	<time>1970-01-01T00:10:08.939Z</time>
</trkpt>
<trkpt lat="47.3623581" lon="0.6800650">
	<ele>45.51</ele>
	<time>1970-01-01T00:10:12.319Z</time>
</trkpt>
<trkpt lat="47.3624420" lon="0.6803190">
	<ele>46.57</ele>
	<time>1970-01-01T00:10:15.448Z</time>
</trkpt>
<trkpt lat="47.3624687" lon="0.6804510">
	<ele>46.77</ele>
	<time>1970-01-01T00:10:16.723Z</time>
</trkpt>
<trkpt lat="47.3624763" lon="0.6806120">
	<ele>46.82</ele>
	<time>1970-01-01T00:10:18.214Z</time>
</trkpt>
<trkpt lat="47.3624763" lon="0.6806900">
	<ele>46.82</ele>
	<time>1970-01-01T00:10:18.937Z</time>
</trkpt>
<trkpt lat="47.3624382" lon="0.6809480">
	<ele>46.60</ele>
	<time>1970-01-01T00:10:22.040Z</time>
</trkpt>
<trkpt lat="47.3624458" lon="0.6810510">
	<ele>46.71</ele>
	<time>1970-01-01T00:10:23.293Z</time>
</trkpt>
<trkpt lat="47.3624725" lon="0.6811550">
	<ele>46.87</ele>
	<time>1970-01-01T00:10:24.408Z</time>
</trkpt>
<trkpt lat="47.3625717" lon="0.6813490">
	<ele>47.46</ele>
	<time>1970-01-01T00:10:26.710Z</time>
</trkpt>
<trkpt lat="47.3627129" lon="0.6815710">
	<ele>47.83</ele>
	<time>1970-01-01T00:10:29.786Z</time>
</trkpt>
<trkpt lat="47.3627968" lon="0.6817320">
	<ele>47.91</ele>
	<time>1970-01-01T00:10:31.867Z</time>
</trkpt>
<trkpt lat="47.3629150" lon="0.6820670">
	<ele>48.16</ele>
	<time>1970-01-01T00:10:35.490Z</time>
</trkpt>
<trkpt lat="47.3629723" lon="0.6823040">
	<ele>47.57</ele>
	<time>1970-01-01T00:10:37.823Z</time>
</trkpt>
<trkpt lat="47.3630333" lon="0.6826650">
	<ele>46.80</ele>
	<time>1970-01-01T00:10:41.294Z</time>
</trkpt>
<trkpt lat="47.3630447" lon="0.6828350">
	<ele>46.75</ele>
	<time>1970-01-01T00:10:43.084Z</time>
</trkpt>
<trkpt lat="47.3630295" lon="0.6830080">
	<ele>45.90</ele>
	<time>1970-01-01T00:10:45.024Z</time>
</trkpt>
<trkpt lat="47.3630028" lon="0.6831360">
	<ele>45.91</ele>
	<time>1970-01-01T00:10:46.534Z</time>
</trkpt>
<trkpt lat="47.3630066" lon="0.6832770">
	<ele>46.57</ele>
	<time>1970-01-01T00:10:48.212Z</time>
</trkpt>
<trkpt lat="47.3630676" lon="0.6834430">
	<ele>47.19</ele>
	<time>1970-01-01T00:10:50.370Z</time>
</trkpt>
<trkpt lat="47.3630943" lon="0.6835490">
	<ele>47.32</ele>
	<time>1970-01-01T00:10:51.613Z</time>
</trkpt>
<trkpt lat="47.3631172" lon="0.6836540">
	<ele>47.30</ele>
	<time>1970-01-01T00:10:52.863Z</time>
</trkpt>
<trkpt lat="47.3631706" lon="0.6839700">
	<ele>46.80</ele>
	<time>1970-01-01T00:10:56.588Z</time>
</trkpt>
<trkpt lat="47.3633156" lon="0.6844700">
	<ele>48.87</ele>
	<time>1970-01-01T00:11:02.567Z</time>
</trkpt>
<trkpt lat="47.3633194" lon="0.6844940">
	<ele>48.93</ele>
	<time>1970-01-01T00:11:02.867Z</time>
</trkpt>
<trkpt lat="47.3634071" lon="0.6845190">
	<ele>49.38</ele>
	<time>1970-01-01T00:11:04.470Z</time>
</trkpt>
<trkpt lat="47.3634796" lon="0.6844940">
	<ele>49.62</ele>
	<time>1970-01-01T00:11:05.757Z</time>
</trkpt>
<trkpt lat="47.3635902" lon="0.6844280">
	<ele>49.99</ele>
	<time>1970-01-01T00:11:07.857Z</time>
</trkpt>
<trkpt lat="47.3638573" lon="0.6842200">
	<ele>50.01</ele>
	<time>1970-01-01T00:11:13.889Z</time>
</trkpt>
<trkpt lat="47.3638802" lon="0.6842070">
	<ele>50.00</ele>
	<time>1970-01-01T00:11:14.468Z</time>
</trkpt>
<trkpt lat="47.3639107" lon="0.6842150">
	<ele>50.00</ele>
	<time>1970-01-01T00:11:15.045Z</time>
</trkpt>
<trkpt lat="47.3639259" lon="0.6842520">
	<ele>49.99</ele>
	<time>1970-01-01T00:11:15.619Z</time>
</trkpt>
<trkpt lat="47.3639488" lon="0.6843260">
	<ele>49.98</ele>
	<time>1970-01-01T00:11:16.760Z</time>
</trkpt>
<trkpt lat="47.3639603" lon="0.6843590">
	<ele>49.97</ele>
	<time>1970-01-01T00:11:17.327Z</time>
</trkpt>
<trkpt lat="47.3640022" lon="0.6844240">
	<ele>49.95</ele>
	<time>1970-01-01T00:11:18.642Z</time>
</trkpt>
<trkpt lat="47.3640671" lon="0.6844670">
	<ele>49.93</ele>
	<time>1970-01-01T00:11:20.133Z</time>
</trkpt>
<trkpt lat="47.3641167" lon="0.6844780">
	<ele>49.94</ele>
	<time>1970-01-01T00:11:21.321Z</time>
</trkpt>
<trkpt lat="47.3641357" lon="0.6844770">
	<ele>49.96</ele>
	<time>1970-01-01T00:11:21.715Z</time>
</trkpt>
<trkpt lat="47.3641968" lon="0.6844750">
	<ele>50.07</ele>
	<time>1970-01-01T00:11:23.082Z</time>
</trkpt>
<trkpt lat="47.3642426" lon="0.6844750">
	<ele>50.23</ele>
	<time>1970-01-01T00:11:24.119Z</time>
</trkpt>
<trkpt lat="47.3642578" lon="0.6844780">
	<ele>50.29</ele>
	<time>1970-01-01T00:11:24.531Z</time>
</trkpt>
<trkpt lat="47.3642273" lon="0.6848200">
	<ele>50.11</ele>
	<time>1970-01-01T00:11:29.131Z</time>
</trkpt>
<trkpt lat="47.3642044" lon="0.6849910">
	<ele>50.00</ele>
	<time>1970-01-01T00:11:31.266Z</time>
</trkpt>
<trkpt lat="47.3641357" lon="0.6852380">
	<ele>49.92</ele>
	<time>1970-01-01T00:11:34.999Z</time>
</trkpt>
<trkpt lat="47.3640099" lon="0.6856780">
	<ele>50.38</ele>
	<time>1970-01-01T00:11:42.819Z</time>
</trkpt>
<trkpt lat="47.3639488" lon="0.6858930">
	<ele>50.22</ele>
	<time>1970-01-01T00:11:46.735Z</time>
</trkpt>
<trkpt lat="47.3639145" lon="0.6859510">
	<ele>50.22</ele>
	<time>1970-01-01T00:11:48.001Z</time>
</trkpt>
<trkpt lat="47.3639069" lon="0.6859860">
	<ele>50.22</ele>
	<time>1970-01-01T00:11:48.628Z</time>
</trkpt>
<trkpt lat="47.3638954" lon="0.6860180">
	<ele>50.18</ele>
	<time>1970-01-01T00:11:49.250Z</time>
</trkpt>
<trkpt lat="47.3638840" lon="0.6860890">
	<ele>50.04</ele>
	<time>1970-01-01T00:11:50.483Z</time>
</trkpt>
<trkpt lat="47.3637924" lon="0.6869230">
	<ele>46.67</ele>
	<time>1970-01-01T00:12:01.102Z</time>
</trkpt>
<trkpt lat="47.3637848" lon="0.6870920">
	<ele>46.84</ele>
	<time>1970-01-01T00:12:03.133Z</time>
</trkpt>
<trkpt lat="47.3637924" lon="0.6873440">
	<ele>47.02</ele>
	<time>1970-01-01T00:12:05.662Z</time>
</trkpt>
<trkpt lat="47.3637962" lon="0.6874930">
	<ele>47.03</ele>
	<time>1970-01-01T00:12:07.090Z</time>
</trkpt>
<trkpt lat="47.3638039" lon="0.6876400">
	<ele>47.16</ele>
	<time>1970-01-01T00:12:08.477Z</time>
</trkpt>
<trkpt lat="47.3638191" lon="0.6878460">
	<ele>47.22</ele>
	<time>1970-01-01T00:12:10.455Z</time>
</trkpt>
<trkpt lat="47.3638229" lon="0.6878650">
	<ele>47.20</ele>
	<time>1970-01-01T00:12:10.708Z</time>
</trkpt>
<trkpt lat="47.3638382" lon="0.6878830">
	<ele>47.14</ele>
	<time>1970-01-01T00:12:10.963Z</time>
</trkpt>
<trkpt lat="47.3639374" lon="0.6878610">
	<ele>46.95</ele>
	<time>1970-01-01T00:12:12.463Z</time>
</trkpt>
<trkpt lat="47.3640137" lon="0.6878520">
	<ele>46.96</ele>
	<time>1970-01-01T00:12:13.714Z</time>
</trkpt>
<trkpt lat="47.3640823" lon="0.6877680">
	<ele>46.95</ele>
	<time>1970-01-01T00:12:15.211Z</time>
</trkpt>
<trkpt lat="47.3641319" lon="0.6877110">
	<ele>46.79</ele>
	<time>1970-01-01T00:12:16.269Z</time>
</trkpt>
<trkpt lat="47.3641891" lon="0.6876460">
	<ele>46.48</ele>
	<time>1970-01-01T00:12:17.565Z</time>
</trkpt>
<trkpt lat="47.3642998" lon="0.6878580">
	<ele>47.06</ele>
	<time>1970-01-01T00:12:20.458Z</time>
</trkpt>
<trkpt lat="47.3644905" lon="0.6883180">
	<ele>46.99</ele>
	<time>1970-01-01T00:12:26.298Z</time>
</trkpt>
<trkpt lat="47.3645821" lon="0.6884580">
	<ele>47.31</ele>
	<time>1970-01-01T00:12:28.518Z</time>
</trkpt>
<trkpt lat="47.3647499" lon="0.6886130">
	<ele>47.98</ele>
	<time>1970-01-01T00:12:31.839Z</time>
</trkpt>
<trkpt lat="47.3648262" lon="0.6886520">
	<ele>47.78</ele>
	<time>1970-01-01T00:12:33.217Z</time>
</trkpt>
<trkpt lat="47.3649101" lon="0.6886590">
	<ele>47.48</ele>
	<time>1970-01-01T00:12:34.605Z</time>
</trkpt>
<trkpt lat="47.3649940" lon="0.6886380">
	<ele>47.08</ele>
	<time>1970-01-01T00:12:36.003Z</time>
</trkpt>
<trkpt lat="47.3650589" lon="0.6885920">
	<ele>46.76</ele>
	<time>1970-01-01T00:12:37.178Z</time>
</trkpt>
<trkpt lat="47.3651810" lon="0.6887430">
	<ele>46.53</ele>
	<time>1970-01-01T00:12:39.862Z</time>
</trkpt>
<trkpt lat="47.3652000" lon="0.6888030">
	<ele>46.49</ele>
	<time>1970-01-01T00:12:40.616Z</time>
</trkpt>
<trkpt lat="47.3651276" lon="0.6897770">
	<ele>46.81</ele>
	<time>1970-01-01T00:12:50.707Z</time>
</trkpt>
<trkpt lat="47.3651237" lon="0.6899490">
	<ele>47.27</ele>
	<time>1970-01-01T00:12:52.610Z</time>
</trkpt>
<trkpt lat="47.3651352" lon="0.6901390">
	<ele>46.54</ele>
	<time>1970-01-01T00:12:54.823Z</time>
</trkpt>
<trkpt lat="47.3651543" lon="0.6903070">
	<ele>46.05</ele>
	<time>1970-01-01T00:12:57.027Z</time>
</trkpt>
<trkpt lat="47.3652115" lon="0.6906360">
	<ele>47.43</ele>
	<time>1970-01-01T00:13:01.999Z</time>
</trkpt>
<trkpt lat="47.3654099" lon="0.6912520">
	<ele>46.36</ele>
	<time>1970-01-01T00:13:10.846Z</time>
</trkpt>
<trkpt lat="47.3655548" lon="0.6917530">
	<ele>46.31</ele>
	<time>1970-01-01T00:13:17.131Z</time>
</trkpt>
<trkpt lat="47.3656082" lon="0.6919160">
	<ele>46.69</ele>
	<time>1970-01-01T00:13:19.322Z</time>
</trkpt>
<trkpt lat="47.3656578" lon="0.6921010">
	<ele>46.74</ele>
	<time>1970-01-01T00:13:21.842Z</time>
</trkpt>
<trkpt lat="47.3656807" lon="0.6922370">
	<ele>46.80</ele>
	<time>1970-01-01T00:13:23.689Z</time>
</trkpt>
<trkpt lat="47.3657150" lon="0.6926130">
	<ele>47.26</ele>
	<time>1970-01-01T00:13:28.854Z</time>
</trkpt>
<trkpt lat="47.3657188" lon="0.6929030">
	<ele>46.90</ele>
	<time>1970-01-01T00:13:32.716Z</time>
</trkpt>
<trkpt lat="47.3657799" lon="0.6937440">
	<ele>47.04</ele>
	<time>1970-01-01T00:13:42.715Z</time>
</trkpt>
<trkpt lat="47.3657913" lon="0.6938290">
	<ele>47.04</ele>
	<time>1970-01-01T00:13:43.832Z</time>
</trkpt>
<trkpt lat="47.3658142" lon="0.6939210">
	<ele>47.03</ele>
	<time>1970-01-01T00:13:44.952Z</time>
</trkpt>
<trkpt lat="47.3659592" lon="0.6943120">
	<ele>46.96</ele>
	<time>1970-01-01T00:13:50.434Z</time>
</trkpt>
<trkpt lat="47.3660164" lon="0.6945730">
	<ele>47.00</ele>
	<time>1970-01-01T00:13:54.301Z</time>
</trkpt>
<trkpt lat="47.3661003" lon="0.6953590">
	<ele>47.08</ele>
	<time>1970-01-01T00:14:06.202Z</time>
</trkpt>
<trkpt lat="47.3661499" lon="0.6955620">
	<ele>46.82</ele>
	<time>1970-01-01T00:14:09.200Z</time>
</trkpt>
<trkpt lat="47.3662033" lon="0.6957180">
	<ele>47.03</ele>
	<time>1970-01-01T00:14:11.599Z</time>
</trkpt>
<trkpt lat="47.3662033" lon="0.6957180">
	<ele>47.03</ele>
	<time>1970-01-01T00:40:33.212Z</time>
</trkpt>
<trkpt lat="47.3662872" lon="0.6959570">
	<ele>47.03</ele>
	<time>1970-01-01T00:40:37.003Z</time>
</trkpt>
<trkpt lat="47.3664017" lon="0.6964870">
	<ele>46.23</ele>
	<time>1970-01-01T00:40:47.870Z</time>
</trkpt>
<trkpt lat="47.3664246" lon="0.6966460">
	<ele>46.73</ele>
	<time>1970-01-01T00:40:51.055Z</time>
</trkpt>
<trkpt lat="47.3664322" lon="0.6967320">
	<ele>46.82</ele>
	<time>1970-01-01T00:40:52.838Z</time>
</trkpt>
<trkpt lat="47.3664246" lon="0.6968510">
	<ele>46.87</ele>
	<time>1970-01-01T00:40:55.060Z</time>
</trkpt>
<trkpt lat="47.3664246" lon="0.6969370">
	<ele>46.85</ele>
	<time>1970-01-01T00:40:56.500Z</time>
</trkpt>
<trkpt lat="47.3663979" lon="0.6971320">
	<ele>46.88</ele>
	<time>1970-01-01T00:41:00.207Z</time>
</trkpt>
<trkpt lat="47.3663292" lon="0.6974670">
	<ele>48.15</ele>
	<time>1970-01-01T00:41:06.966Z</time>
</trkpt>
<trkpt lat="47.3663254" lon="0.6975510">
	<ele>48.23</ele>
	<time>1970-01-01T00:41:08.427Z</time>
</trkpt>
<trkpt lat="47.3663330" lon="0.6975810">
	<ele>48.17</ele>
	<time>1970-01-01T00:41:08.907Z</time>
</trkpt>
<trkpt lat="47.3664093" lon="0.6976340">
	<ele>47.92</ele>
	<time>1970-01-01T00:41:11.027Z</time>
</trkpt>
<trkpt lat="47.3664780" lon="0.6977460">
	<ele>47.87</ele>
	<time>1970-01-01T00:41:13.534Z</time>
</trkpt>
<trkpt lat="47.3665276" lon="0.6978280">
	<ele>48.06</ele>
	<time>1970-01-01T00:41:15.307Z</time>
</trkpt>
<trkpt lat="47.3665466" lon="0.6978840">
	<ele>48.18</ele>
	<time>1970-01-01T00:41:16.395Z</time>
</trkpt>
<trkpt lat="47.3665962" lon="0.6979400">
	<ele>48.08</ele>
	<time>1970-01-01T00:41:17.895Z</time>
</trkpt>
<trkpt lat="47.3666496" lon="0.6979890">
	<ele>47.90</ele>
	<time>1970-01-01T00:41:19.474Z</time>
</trkpt>
<trkpt lat="47.3667068" lon="0.6980290">
	<ele>47.91</ele>
	<time>1970-01-01T00:41:21.021Z</time>
</trkpt>
<trkpt lat="47.3667946" lon="0.6980300">
	<ele>48.18</ele>
	<time>1970-01-01T00:41:23.182Z</time>
</trkpt>
<trkpt lat="47.3669319" lon="0.6979780">
	<ele>48.66</ele>
	<time>1970-01-01T00:41:26.318Z</time>
</trkpt>
<trkpt lat="47.3671341" lon="0.6978860">
	<ele>48.06</ele>
	<time>1970-01-01T00:41:30.186Z</time>
</trkpt>
<trkpt lat="47.3671532" lon="0.6979720">
	<ele>49.08</ele>
	<time>1970-01-01T00:41:31.444Z</time>
</trkpt>
<trkpt lat="47.3672409" lon="0.6984590">
	<ele>49.54</ele>
	<time>1970-01-01T00:41:39.471Z</time>
</trkpt>
<trkpt lat="47.3672562" lon="0.6985470">
	<ele>49.13</ele>
	<time>1970-01-01T00:41:40.786Z</time>
</trkpt>
<trkpt lat="47.3672905" lon="0.6987570">
	<ele>48.95</ele>
	<time>1970-01-01T00:41:43.567Z</time>
</trkpt>
<trkpt lat="47.3671608" lon="0.6988530">
	<ele>49.02</ele>
	<time>1970-01-01T00:41:46.332Z</time>
</trkpt>
<trkpt lat="47.3671684" lon="0.6988810">
	<ele>48.99</ele>
	<time>1970-01-01T00:41:46.655Z</time>
</trkpt>
<trkpt lat="47.3672867" lon="0.6988330">
	<ele>49.02</ele>
	<time>1970-01-01T00:41:49.064Z</time>
</trkpt>
<trkpt lat="47.3673210" lon="0.6988750">
	<ele>48.98</ele>
	<time>1970-01-01T00:41:49.868Z</time>
</trkpt>
<trkpt lat="47.3674774" lon="0.6984230">
	<ele>49.70</ele>
	<time>1970-01-01T00:41:56.762Z</time>
</trkpt>
<trkpt lat="47.3675499" lon="0.6981910">
	<ele>50.16</ele>
	<time>1970-01-01T00:41:59.933Z</time>
</trkpt>
<trkpt lat="47.3684921" lon="0.6978290">
	<ele>50.50</ele>
	<time>1970-01-01T00:42:20.599Z</time>
</trkpt>
<trkpt lat="47.3690605" lon="0.6976070">
	<ele>52.46</ele>
	<time>1970-01-01T00:42:31.461Z</time>
</trkpt>
<trkpt lat="47.3690987" lon="0.6975890">
	<ele>52.65</ele>
	<time>1970-01-01T00:42:32.130Z</time>
</trkpt>
<trkpt lat="47.3691978" lon="0.6975390">
	<ele>52.33</ele>
	<time>1970-01-01T00:42:34.012Z</time>
</trkpt>
<trkpt lat="47.3692856" lon="0.6974640">
	<ele>50.32</ele>
	<time>1970-01-01T00:42:35.553Z</time>
</trkpt>
<trkpt lat="47.3701897" lon="0.6970940">
	<ele>50.50</ele>
	<time>1970-01-01T00:42:47.365Z</time>
</trkpt>
<trkpt lat="47.3702278" lon="0.6970800">
	<ele>51.74</ele>
	<time>1970-01-01T00:42:47.927Z</time>
</trkpt>
<trkpt lat="47.3702393" lon="0.6971330">
	<ele>51.79</ele>
	<time>1970-01-01T00:42:48.492Z</time>
</trkpt>
<trkpt lat="47.3702850" lon="0.6971530">
	<ele>52.56</ele>
	<time>1970-01-01T00:42:49.249Z</time>
</trkpt>
<trkpt lat="47.3703728" lon="0.6971380">
	<ele>53.16</ele>
	<time>1970-01-01T00:42:50.980Z</time>
</trkpt>
<trkpt lat="47.3708115" lon="0.6970370">
	<ele>51.34</ele>
	<time>1970-01-01T00:43:04.313Z</time>
</trkpt>
<trkpt lat="47.3709068" lon="0.6970280">
	<ele>50.06</ele>
	<time>1970-01-01T00:43:06.579Z</time>
</trkpt>
<trkpt lat="47.3709679" lon="0.6970300">
	<ele>49.06</ele>
	<time>1970-01-01T00:43:07.901Z</time>
</trkpt>
<trkpt lat="47.3710365" lon="0.6970640">
	<ele>48.13</ele>
	<time>1970-01-01T00:43:09.212Z</time>
</trkpt>
<trkpt lat="47.3710976" lon="0.6971390">
	<ele>47.69</ele>
	<time>1970-01-01T00:43:10.598Z</time>
</trkpt>
<trkpt lat="47.3711662" lon="0.6973420">
	<ele>47.57</ele>
	<time>1970-01-01T00:43:12.954Z</time>
</trkpt>
<trkpt lat="47.3712616" lon="0.6977310">
	<ele>46.80</ele>
	<time>1970-01-01T00:43:16.794Z</time>
</trkpt>
<trkpt lat="47.3713074" lon="0.6979590">
	<ele>47.08</ele>
	<time>1970-01-01T00:43:18.937Z</time>
</trkpt>
<trkpt lat="47.3713264" lon="0.6981010">
	<ele>47.64</ele>
	<time>1970-01-01T00:43:20.235Z</time>
</trkpt>
<trkpt lat="47.3713264" lon="0.6982430">
	<ele>48.14</ele>
	<time>1970-01-01T00:43:21.510Z</time>
</trkpt>
<trkpt lat="47.3712921" lon="0.6986230">
	<ele>48.37</ele>
	<time>1970-01-01T00:43:24.770Z</time>
</trkpt>
<trkpt lat="47.3712692" lon="0.6987920">
	<ele>48.26</ele>
	<time>1970-01-01T00:43:26.192Z</time>
</trkpt>
<trkpt lat="47.3712311" lon="0.6989540">
	<ele>48.13</ele>
	<time>1970-01-01T00:43:27.554Z</time>
</trkpt>
<trkpt lat="47.3711853" lon="0.6991030">
	<ele>48.04</ele>
	<time>1970-01-01T00:43:28.763Z</time>
</trkpt>
<trkpt lat="47.3711052" lon="0.6992810">
	<ele>48.00</ele>
	<time>1970-01-01T00:43:30.461Z</time>
</trkpt>
<trkpt lat="47.3710365" lon="0.6994080">
	<ele>48.00</ele>
	<time>1970-01-01T00:43:31.860Z</time>
</trkpt>
<trkpt lat="47.3709564" lon="0.6995280">
	<ele>48.00</ele>
	<time>1970-01-01T00:43:33.513Z</time>
</trkpt>
<trkpt lat="47.3707542" lon="0.6997860">
	<ele>48.05</ele>
	<time>1970-01-01T00:43:37.806Z</time>
</trkpt>
<trkpt lat="47.3707390" lon="0.6999490">
	<ele>48.04</ele>
	<time>1970-01-01T00:43:39.738Z</time>
</trkpt>
<trkpt lat="47.3707428" lon="0.7002000">
	<ele>48.06</ele>
	<time>1970-01-01T00:43:43.455Z</time>
</trkpt>
<trkpt lat="47.3707390" lon="0.7007360">
	<ele>48.03</ele>
	<time>1970-01-01T00:43:54.940Z</time>
</trkpt>
<trkpt lat="47.3707199" lon="0.7009830">
	<ele>47.98</ele>
	<time>1970-01-01T00:43:59.043Z</time>
</trkpt>
<trkpt lat="47.3707047" lon="0.7011420">
	<ele>47.98</ele>
	<time>1970-01-01T00:44:01.228Z</time>
</trkpt>
<trkpt lat="47.3706436" lon="0.7015520">
	<ele>48.14</ele>
	<time>1970-01-01T00:44:05.357Z</time>
</trkpt>
<trkpt lat="47.3706207" lon="0.7019130">
	<ele>48.14</ele>
	<time>1970-01-01T00:44:09.062Z</time>
</trkpt>
<trkpt lat="47.3706207" lon="0.7020670">
	<ele>48.14</ele>
	<time>1970-01-01T00:44:10.868Z</time>
</trkpt>
<trkpt lat="47.3706322" lon="0.7022370">
	<ele>48.14</ele>
	<time>1970-01-01T00:44:12.973Z</time>
</trkpt>
<trkpt lat="47.3707008" lon="0.7026130">
	<ele>48.35</ele>
	<time>1970-01-01T00:44:18.298Z</time>
</trkpt>
<trkpt lat="47.3707047" lon="0.7028390">
	<ele>48.58</ele>
	<time>1970-01-01T00:44:21.563Z</time>
</trkpt>
<trkpt lat="47.3707008" lon="0.7029270">
	<ele>48.31</ele>
	<time>1970-01-01T00:44:22.886Z</time>
</trkpt>
<trkpt lat="47.3706856" lon="0.7029950">
	<ele>48.15</ele>
	<time>1970-01-01T00:44:23.824Z</time>
</trkpt>
<trkpt lat="47.3706512" lon="0.7030980">
	<ele>48.14</ele>
	<time>1970-01-01T00:44:25.499Z</time>
</trkpt>
<trkpt lat="47.3705139" lon="0.7033520">
	<ele>47.90</ele>
	<time>1970-01-01T00:44:29.630Z</time>
</trkpt>
<trkpt lat="47.3704605" lon="0.7035150">
	<ele>50.41</ele>
	<time>1970-01-01T00:44:32.027Z</time>
</trkpt>
<trkpt lat="47.3704491" lon="0.7035770">
	<ele>50.95</ele>
	<time>1970-01-01T00:44:32.881Z</time>
</trkpt>
<trkpt lat="47.3704414" lon="0.7037790">
	<ele>49.58</ele>
	<time>1970-01-01T00:44:35.793Z</time>
</trkpt>
<trkpt lat="47.3704529" lon="0.7039570">
	<ele>48.08</ele>
	<time>1970-01-01T00:44:38.438Z</time>
</trkpt>
<trkpt lat="47.3704605" lon="0.7040560">
	<ele>47.59</ele>
	<time>1970-01-01T00:44:40.033Z</time>
</trkpt>
<trkpt lat="47.3704796" lon="0.7045470">
	<ele>47.56</ele>
	<time>1970-01-01T00:44:46.746Z</time>
</trkpt>
<trkpt lat="47.3705139" lon="0.7050630">
	<ele>47.79</ele>
	<time>1970-01-01T00:44:52.906Z</time>
</trkpt>
<trkpt lat="47.3705215" lon="0.7053380">
	<ele>47.83</ele>
	<time>1970-01-01T00:44:56.078Z</time>
</trkpt>
<trkpt lat="47.3705101" lon="0.7055140">
	<ele>47.71</ele>
	<time>1970-01-01T00:44:58.073Z</time>
</trkpt>
<trkpt lat="47.3704872" lon="0.7056900">
	<ele>47.56</ele>
	<time>1970-01-01T00:45:00.244Z</time>
</trkpt>
<trkpt lat="47.3704491" lon="0.7060900">
	<ele>47.29</ele>
	<time>1970-01-01T00:45:05.122Z</time>
</trkpt>
<trkpt lat="47.3704529" lon="0.7062340">
	<ele>47.32</ele>
	<time>1970-01-01T00:45:06.988Z</time>
</trkpt>
<trkpt lat="47.3704605" lon="0.7063740">
	<ele>47.39</ele>
	<time>1970-01-01T00:45:08.851Z</time>
</trkpt>
<trkpt lat="47.3705177" lon="0.7065450">
	<ele>47.81</ele>
	<time>1970-01-01T00:45:11.218Z</time>
</trkpt>
<trkpt lat="47.3705940" lon="0.7066740">
	<ele>48.10</ele>
	<time>1970-01-01T00:45:13.157Z</time>
</trkpt>
<trkpt lat="47.3706703" lon="0.7067600">
	<ele>48.13</ele>
	<time>1970-01-01T00:45:14.722Z</time>
</trkpt>
<trkpt lat="47.3707657" lon="0.7068810">
	<ele>47.99</ele>
	<time>1970-01-01T00:45:16.447Z</time>
</trkpt>
<trkpt lat="47.3708229" lon="0.7069700">
	<ele>48.06</ele>
	<time>1970-01-01T00:45:17.532Z</time>
</trkpt>
<trkpt lat="47.3708687" lon="0.7070680">
	<ele>48.46</ele>
	<time>1970-01-01T00:45:18.644Z</time>
</trkpt>
<trkpt lat="47.3709145" lon="0.7072040">
	<ele>48.81</ele>
	<time>1970-01-01T00:45:20.166Z</time>
</trkpt>
<trkpt lat="47.3709450" lon="0.7073630">
	<ele>48.46</ele>
	<time>1970-01-01T00:45:21.732Z</time>
</trkpt>
<trkpt lat="47.3709488" lon="0.7074630">
	<ele>48.20</ele>
	<time>1970-01-01T00:45:22.799Z</time>
</trkpt>
<trkpt lat="47.3709373" lon="0.7079620">
	<ele>48.15</ele>
	<time>1970-01-01T00:45:28.667Z</time>
</trkpt>
<trkpt lat="47.3709373" lon="0.7080890">
	<ele>48.15</ele>
	<time>1970-01-01T00:45:30.238Z</time>
</trkpt>
<trkpt lat="47.3709488" lon="0.7081880">
	<ele>48.18</ele>
	<time>1970-01-01T00:45:31.585Z</time>
</trkpt>
<trkpt lat="47.3709793" lon="0.7083560">
	<ele>48.09</ele>
	<time>1970-01-01T00:45:33.919Z</time>
</trkpt>
<trkpt lat="47.3710442" lon="0.7085490">
	<ele>47.88</ele>
	<time>1970-01-01T00:45:37.160Z</time>
</trkpt>
<trkpt lat="47.3711815" lon="0.7088470">
	<ele>48.13</ele>
	<time>1970-01-01T00:45:43.127Z</time>
</trkpt>
<trkpt lat="47.3712769" lon="0.7090350">
	<ele>48.16</ele>
	<time>1970-01-01T00:45:46.884Z</time>
</trkpt>
<trkpt lat="47.3713226" lon="0.7091170">
	<ele>48.07</ele>
	<time>1970-01-01T00:45:48.401Z</time>
</trkpt>
<trkpt lat="47.3714447" lon="0.7092910">
	<ele>48.05</ele>
	<time>1970-01-01T00:45:51.526Z</time>
</trkpt>
<trkpt lat="47.3714981" lon="0.7093480">
	<ele>48.07</ele>
	<time>1970-01-01T00:45:52.608Z</time>
</trkpt>
<trkpt lat="47.3715515" lon="0.7093930">
	<ele>48.05</ele>
	<time>1970-01-01T00:45:53.630Z</time>
</trkpt>
<trkpt lat="47.3717651" lon="0.7095050">
	<ele>48.20</ele>
	<time>1970-01-01T00:45:57.152Z</time>
</trkpt>
<trkpt lat="47.3718643" lon="0.7096940">
	<ele>49.07</ele>
	<time>1970-01-01T00:46:00.099Z</time>
</trkpt>
<trkpt lat="47.3719292" lon="0.7098800">
	<ele>48.50</ele>
	<time>1970-01-01T00:46:02.899Z</time>
</trkpt>
<trkpt lat="47.3719749" lon="0.7100300">
	<ele>47.92</ele>
	<time>1970-01-01T00:46:05.282Z</time>
</trkpt>
<trkpt lat="47.3719902" lon="0.7100890">
	<ele>47.89</ele>
	<time>1970-01-01T00:46:06.261Z</time>
</trkpt>
<trkpt lat="47.3719940" lon="0.7101810">
	<ele>47.94</ele>
	<time>1970-01-01T00:46:07.715Z</time>
</trkpt>
<trkpt lat="47.3719826" lon="0.7102920">
	<ele>48.00</ele>
	<time>1970-01-01T00:46:09.466Z</time>
</trkpt>
<trkpt lat="47.3719635" lon="0.7104060">
	<ele>48.00</ele>
	<time>1970-01-01T00:46:11.528Z</time>
</trkpt>
<trkpt lat="47.3718872" lon="0.7106980">
	<ele>47.95</ele>
	<time>1970-01-01T00:46:17.111Z</time>
</trkpt>
<trkpt lat="47.3718605" lon="0.7108590">
	<ele>47.75</ele>
	<time>1970-01-01T00:46:20.164Z</time>
</trkpt>
<trkpt lat="47.3718719" lon="0.7111140">
	<ele>47.56</ele>
	<time>1970-01-01T00:46:24.142Z</time>
</trkpt>
<trkpt lat="47.3718948" lon="0.7112430">
	<ele>47.35</ele>
	<time>1970-01-01T00:46:26.171Z</time>
</trkpt>
<trkpt lat="47.3719368" lon="0.7113020">
	<ele>47.32</ele>
	<time>1970-01-01T00:46:27.371Z</time>
</trkpt>
<trkpt lat="47.3719749" lon="0.7113410">
	<ele>47.29</ele>
	<time>1970-01-01T00:46:28.360Z</time>
</trkpt>
<trkpt lat="47.3720169" lon="0.7113670">
	<ele>47.33</ele>
	<time>1970-01-01T00:46:29.342Z</time>
</trkpt>
<trkpt lat="47.3720551" lon="0.7113860">
	<ele>47.41</ele>
	<time>1970-01-01T00:46:30.121Z</time>
</trkpt>
<trkpt lat="47.3721161" lon="0.7113890">
	<ele>47.62</ele>
	<time>1970-01-01T00:46:31.474Z</time>
</trkpt>
<trkpt lat="47.3726807" lon="0.7113750">
	<ele>50.89</ele>
	<time>1970-01-01T00:46:42.560Z</time>
</trkpt>
<trkpt lat="47.3727837" lon="0.7113730">
	<ele>50.88</ele>
	<time>1970-01-01T00:46:44.237Z</time>
</trkpt>
<trkpt lat="47.3727875" lon="0.7113730">
	<ele>50.84</ele>
	<time>1970-01-01T00:46:44.390Z</time>
</trkpt>
<trkpt lat="47.3739471" lon="0.7113350">
	<ele>46.68</ele>
	<time>1970-01-01T00:47:04.917Z</time>
</trkpt>
<trkpt lat="47.3740883" lon="0.7113300">
	<ele>49.98</ele>
	<time>1970-01-01T00:47:08.534Z</time>
</trkpt>
<trkpt lat="47.3741341" lon="0.7113280">
	<ele>50.73</ele>
	<time>1970-01-01T00:47:09.708Z</time>
</trkpt>
<trkpt lat="47.3741684" lon="0.7135700">
	<ele>51.01</ele>
	<time>1970-01-01T00:47:43.963Z</time>
</trkpt>
<trkpt lat="47.3741684" lon="0.7136570">
	<ele>51.02</ele>
	<time>1970-01-01T00:47:45.306Z</time>
</trkpt>
<trkpt lat="47.3741722" lon="0.7139620">
	<ele>50.81</ele>
	<time>1970-01-01T00:47:49.371Z</time>
</trkpt>
<trkpt lat="47.3740845" lon="0.7146500">
	<ele>49.27</ele>
	<time>1970-01-01T00:47:59.088Z</time>
</trkpt>
<trkpt lat="47.3740692" lon="0.7148950">
	<ele>48.58</ele>
	<time>1970-01-01T00:48:01.751Z</time>
</trkpt>
<trkpt lat="47.3740654" lon="0.7150270">
	<ele>48.55</ele>
	<time>1970-01-01T00:48:03.034Z</time>
</trkpt>
<trkpt lat="47.3740845" lon="0.7163310">
	<ele>47.99</ele>
	<time>1970-01-01T00:48:20.280Z</time>
</trkpt>
<trkpt lat="47.3740654" lon="0.7166200">
	<ele>47.80</ele>
	<time>1970-01-01T00:48:23.264Z</time>
</trkpt>
<trkpt lat="47.3740807" lon="0.7175850">
	<ele>49.71</ele>
	<time>1970-01-01T00:48:31.961Z</time>
</trkpt>
<trkpt lat="47.3740921" lon="0.7192720">
	<ele>49.19</ele>
	<time>1970-01-01T00:48:52.528Z</time>
</trkpt>
<trkpt lat="47.3740921" lon="0.7201900">
	<ele>49.39</ele>
	<time>1970-01-01T00:49:00.331Z</time>
</trkpt>
<trkpt lat="47.3740768" lon="0.7211430">
	<ele>48.99</ele>
	<time>1970-01-01T00:49:12.003Z</time>
</trkpt>
<trkpt lat="47.3740997" lon="0.7212190">
	<ele>49.17</ele>
	<time>1970-01-01T00:49:13.053Z</time>
</trkpt>
<trkpt lat="47.3740158" lon="0.7213640">
	<ele>47.50</ele>
	<time>1970-01-01T00:49:15.492Z</time>
</trkpt>
<trkpt lat="47.3739014" lon="0.7228300">
	<ele>48.07</ele>
	<time>1970-01-01T00:49:33.714Z</time>
</trkpt>
<trkpt lat="47.3738022" lon="0.7237700">
	<ele>47.53</ele>
	<time>1970-01-01T00:49:44.106Z</time>
</trkpt>
<trkpt lat="47.3737526" lon="0.7241380">
	<ele>47.09</ele>
	<time>1970-01-01T00:49:48.156Z</time>
</trkpt>
<trkpt lat="47.3736458" lon="0.7248760">
	<ele>47.02</ele>
	<time>1970-01-01T00:49:57.724Z</time>
</trkpt>
<trkpt lat="47.3735733" lon="0.7253120">
	<ele>47.78</ele>
	<time>1970-01-01T00:50:04.134Z</time>
</trkpt>
<trkpt lat="47.3735008" lon="0.7257490">
	<ele>46.61</ele>
	<time>1970-01-01T00:50:11.546Z</time>
</trkpt>
<trkpt lat="47.3734093" lon="0.7262410">
	<ele>46.62</ele>
	<time>1970-01-01T00:50:20.356Z</time>
</trkpt>
<trkpt lat="47.3731308" lon="0.7278040">
	<ele>47.10</ele>
	<time>1970-01-01T00:50:42.889Z</time>
</trkpt>
<trkpt lat="47.3729286" lon="0.7289130">
	<ele>46.55</ele>
	<time>1970-01-01T00:50:56.043Z</time>
</trkpt>
<trkpt lat="47.3724899" lon="0.7310740">
	<ele>47.89</ele>
	<time>1970-01-01T00:51:26.447Z</time>
</trkpt>
<trkpt lat="47.3721046" lon="0.7326190">
	<ele>47.31</ele>
	<time>1970-01-01T00:51:44.526Z</time>
</trkpt>
<trkpt lat="47.3717461" lon="0.7341280">
	<ele>47.54</ele>
	<time>1970-01-01T00:52:03.933Z</time>
</trkpt>
<trkpt lat="47.3714981" lon="0.7353920">
	<ele>47.46</ele>
	<time>1970-01-01T00:52:20.975Z</time>
</trkpt>
<trkpt lat="47.3712959" lon="0.7366300">
	<ele>48.26</ele>
	<time>1970-01-01T00:52:33.682Z</time>
</trkpt>
<trkpt lat="47.3711700" lon="0.7375620">
	<ele>48.24</ele>
	<time>1970-01-01T00:52:42.482Z</time>
</trkpt>
<trkpt lat="47.3710365" lon="0.7384010">
	<ele>48.52</ele>
	<time>1970-01-01T00:52:53.617Z</time>
</trkpt>
<trkpt lat="47.3710213" lon="0.7386550">
	<ele>48.22</ele>
	<time>1970-01-01T00:52:57.281Z</time>
</trkpt>
<trkpt lat="47.3710289" lon="0.7387300">
	<ele>48.32</ele>
	<time>1970-01-01T00:52:58.418Z</time>
</trkpt>
<trkpt lat="47.3710403" lon="0.7387670">
	<ele>48.46</ele>
	<time>1970-01-01T00:52:59.024Z</time>
</trkpt>
<trkpt lat="47.3709755" lon="0.7388750">
	<ele>47.66</ele>
	<time>1970-01-01T00:53:01.372Z</time>
</trkpt>
<trkpt lat="47.3709412" lon="0.7389690">
	<ele>47.37</ele>
	<time>1970-01-01T00:53:03.041Z</time>
</trkpt>
<trkpt lat="47.3708992" lon="0.7391500">
	<ele>47.48</ele>
	<time>1970-01-01T00:53:06.091Z</time>
</trkpt>
<trkpt lat="47.3707924" lon="0.7400080">
	<ele>47.85</ele>
	<time>1970-01-01T00:53:14.326Z</time>
</trkpt>
<trkpt lat="47.3707695" lon="0.7405050">
	<ele>47.76</ele>
	<time>1970-01-01T00:53:22.181Z</time>
</trkpt>
<trkpt lat="47.3707771" lon="0.7408350">
	<ele>47.82</ele>
	<time>1970-01-01T00:53:28.436Z</time>
</trkpt>
<trkpt lat="47.3707924" lon="0.7411010">
	<ele>47.90</ele>
	<time>1970-01-01T00:53:33.051Z</time>
</trkpt>
<trkpt lat="47.3708229" lon="0.7413540">
	<ele>47.98</ele>
	<time>1970-01-01T00:53:37.465Z</time>
</trkpt>
<trkpt lat="47.3708725" lon="0.7416230">
	<ele>48.31</ele>
	<time>1970-01-01T00:53:41.775Z</time>
</trkpt>
<trkpt lat="47.3709488" lon="0.7419440">
	<ele>47.78</ele>
	<time>1970-01-01T00:53:47.214Z</time>
</trkpt>
<trkpt lat="47.3710136" lon="0.7422070">
	<ele>48.25</ele>
	<time>1970-01-01T00:53:51.680Z</time>
</trkpt>
<trkpt lat="47.3710976" lon="0.7424600">
	<ele>48.10</ele>
	<time>1970-01-01T00:53:56.226Z</time>
</trkpt>
<trkpt lat="47.3712006" lon="0.7426950">
	<ele>47.68</ele>
	<time>1970-01-01T00:54:00.033Z</time>
</trkpt>
<trkpt lat="47.3713150" lon="0.7429200">
	<ele>48.38</ele>
	<time>1970-01-01T00:54:03.555Z</time>
</trkpt>
<trkpt lat="47.3714256" lon="0.7431150">
	<ele>47.86</ele>
	<time>1970-01-01T00:54:06.739Z</time>
</trkpt>
<trkpt lat="47.3715820" lon="0.7433570">
	<ele>48.10</ele>
	<time>1970-01-01T00:54:11.476Z</time>
</trkpt>
<trkpt lat="47.3716927" lon="0.7434970">
	<ele>47.26</ele>
	<time>1970-01-01T00:54:15.079Z</time>
</trkpt>
<trkpt lat="47.3718262" lon="0.7436270">
	<ele>47.81</ele>
	<time>1970-01-01T00:54:19.207Z</time>
</trkpt>
<trkpt lat="47.3720207" lon="0.7437540">
	<ele>48.88</ele>
	<time>1970-01-01T00:54:25.449Z</time>
</trkpt>
<trkpt lat="47.3729553" lon="0.7447010">
	<ele>48.11</ele>
	<time>1970-01-01T00:54:46.987Z</time>
</trkpt>
<trkpt lat="47.3737793" lon="0.7456290">
	<ele>48.47</ele>
	<time>1970-01-01T00:55:02.409Z</time>
</trkpt>
<trkpt lat="47.3745499" lon="0.7469130">
	<ele>48.25</ele>
	<time>1970-01-01T00:55:22.520Z</time>
</trkpt>
<trkpt lat="47.3750038" lon="0.7479330">
	<ele>49.08</ele>
	<time>1970-01-01T00:55:39.732Z</time>
</trkpt>
<trkpt lat="47.3753090" lon="0.7490440">
	<ele>49.25</ele>
	<time>1970-01-01T00:55:49.755Z</time>
</trkpt>
<trkpt lat="47.3754387" lon="0.7495560">
	<ele>47.41</ele>
	<time>1970-01-01T00:55:56.090Z</time>
</trkpt>
<trkpt lat="47.3754959" lon="0.7498880">
	<ele>47.66</ele>
	<time>1970-01-01T00:56:00.448Z</time>
</trkpt>
<trkpt lat="47.3755379" lon="0.7502090">
	<ele>47.86</ele>
	<time>1970-01-01T00:56:04.898Z</time>
</trkpt>
<trkpt lat="47.3755722" lon="0.7508930">
	<ele>48.86</ele>
	<time>1970-01-01T00:56:14.478Z</time>
</trkpt>
<trkpt lat="47.3755722" lon="0.7510340">
	<ele>48.21</ele>
	<time>1970-01-01T00:56:16.450Z</time>
</trkpt>
<trkpt lat="47.3755379" lon="0.7517580">
	<ele>48.18</ele>
	<time>1970-01-01T00:56:25.622Z</time>
</trkpt>
<trkpt lat="47.3754845" lon="0.7524100">
	<ele>47.55</ele>
	<time>1970-01-01T00:56:33.967Z</time>
</trkpt>
<trkpt lat="47.3754311" lon="0.7528910">
	<ele>47.08</ele>
	<time>1970-01-01T00:56:40.145Z</time>
</trkpt>
<trkpt lat="47.3753815" lon="0.7532550">
	<ele>47.80</ele>
	<time>1970-01-01T00:56:45.110Z</time>
</trkpt>
<trkpt lat="47.3752823" lon="0.7537640">
	<ele>48.02</ele>
	<time>1970-01-01T00:56:52.939Z</time>
</trkpt>
<trkpt lat="47.3752251" lon="0.7539520">
	<ele>47.74</ele>
	<time>1970-01-01T00:56:56.152Z</time>
</trkpt>
<trkpt lat="47.3751411" lon="0.7541860">
	<ele>47.61</ele>
	<time>1970-01-01T00:57:00.306Z</time>
</trkpt>
<trkpt lat="47.3749695" lon="0.7545800">
	<ele>47.99</ele>
	<time>1970-01-01T00:57:07.632Z</time>
</trkpt>
<trkpt lat="47.3745003" lon="0.7556530">
	<ele>48.56</ele>
	<time>1970-01-01T00:57:27.440Z</time>
</trkpt>
<trkpt lat="47.3744507" lon="0.7557470">
	<ele>48.84</ele>
	<time>1970-01-01T00:57:29.134Z</time>
</trkpt>
<trkpt lat="47.3743515" lon="0.7558680">
	<ele>48.79</ele>
	<time>1970-01-01T00:57:31.734Z</time>
</trkpt>
<trkpt lat="47.3739853" lon="0.7562210">
	<ele>48.62</ele>
	<time>1970-01-01T00:57:40.111Z</time>
</trkpt>
<trkpt lat="47.3738861" lon="0.7563350">
	<ele>48.85</ele>
	<time>1970-01-01T00:57:42.344Z</time>
</trkpt>
<trkpt lat="47.3738174" lon="0.7564300">
	<ele>49.06</ele>
	<time>1970-01-01T00:57:44.002Z</time>
</trkpt>
<trkpt lat="47.3737450" lon="0.7565660">
	<ele>49.04</ele>
	<time>1970-01-01T00:57:45.869Z</time>
</trkpt>
<trkpt lat="47.3731918" lon="0.7578530">
	<ele>48.94</ele>
	<time>1970-01-01T00:58:02.227Z</time>
</trkpt>
<trkpt lat="47.3728485" lon="0.7586810">
	<ele>48.31</ele>
	<time>1970-01-01T00:58:14.238Z</time>
</trkpt>
<trkpt lat="47.3727722" lon="0.7588430">
	<ele>48.87</ele>
	<time>1970-01-01T00:58:16.720Z</time>
</trkpt>
<trkpt lat="47.3725395" lon="0.7594370">
	<ele>48.10</ele>
	<time>1970-01-01T00:58:25.348Z</time>
</trkpt>
<trkpt lat="47.3720169" lon="0.7606640">
	<ele>48.23</ele>
	<time>1970-01-01T00:58:45.957Z</time>
</trkpt>
<trkpt lat="47.3717537" lon="0.7612050">
	<ele>48.33</ele>
	<time>1970-01-01T00:58:54.304Z</time>
</trkpt>
<trkpt lat="47.3715324" lon="0.7616830">
	<ele>49.08</ele>
	<time>1970-01-01T00:59:01.651Z</time>
</trkpt>
<trkpt lat="47.3714027" lon="0.7619410">
	<ele>49.00</ele>
	<time>1970-01-01T00:59:05.660Z</time>
</trkpt>
<trkpt lat="47.3712387" lon="0.7623110">
	<ele>49.04</ele>
	<time>1970-01-01T00:59:11.172Z</time>
</trkpt>
<trkpt lat="47.3711052" lon="0.7626530">
	<ele>49.01</ele>
	<time>1970-01-01T00:59:16.184Z</time>
</trkpt>
<trkpt lat="47.3708534" lon="0.7633440">
	<ele>49.00</ele>
	<time>1970-01-01T00:59:24.685Z</time>
</trkpt>
<trkpt lat="47.3706779" lon="0.7638870">
	<ele>49.05</ele>
	<time>1970-01-01T00:59:31.937Z</time>
</trkpt>
<trkpt lat="47.3706398" lon="0.7640390">
	<ele>49.00</ele>
	<time>1970-01-01T00:59:34.019Z</time>
</trkpt>
<trkpt lat="47.3706207" lon="0.7641320">
	<ele>49.00</ele>
	<time>1970-01-01T00:59:35.228Z</time>
</trkpt>
<trkpt lat="47.3706169" lon="0.7641970">
	<ele>49.01</ele>
	<time>1970-01-01T00:59:36.091Z</time>
</trkpt>
<trkpt lat="47.3706512" lon="0.7649060">
	<ele>49.22</ele>
	<time>1970-01-01T00:59:45.841Z</time>
</trkpt>
<trkpt lat="47.3707008" lon="0.7656110">
	<ele>48.57</ele>
	<time>1970-01-01T00:59:55.278Z</time>
</trkpt>
<trkpt lat="47.3707161" lon="0.7657390">
	<ele>48.10</ele>
	<time>1970-01-01T00:59:57.003Z</time>
</trkpt>
<trkpt lat="47.3707962" lon="0.7660680">
	<ele>48.72</ele>
	<time>1970-01-01T01:00:01.466Z</time>
</trkpt>
<trkpt lat="47.3708458" lon="0.7663670">
	<ele>49.13</ele>
	<time>1970-01-01T01:00:05.390Z</time>
</trkpt>
<trkpt lat="47.3712006" lon="0.7679670">
	<ele>48.14</ele>
	<time>1970-01-01T01:00:25.268Z</time>
</trkpt>
<trkpt lat="47.3713531" lon="0.7688070">
	<ele>48.74</ele>
	<time>1970-01-01T01:00:36.035Z</time>
</trkpt>
<trkpt lat="47.3714485" lon="0.7692510">
	<ele>48.76</ele>
	<time>1970-01-01T01:00:41.799Z</time>
</trkpt>
<trkpt lat="47.3714828" lon="0.7694710">
	<ele>47.57</ele>
	<time>1970-01-01T01:00:44.609Z</time>
</trkpt>
<trkpt lat="47.3714981" lon="0.7696690">
	<ele>47.18</ele>
	<time>1970-01-01T01:00:47.255Z</time>
</trkpt>
<trkpt lat="47.3715057" lon="0.7699880">
	<ele>47.20</ele>
	<time>1970-01-01T01:00:51.717Z</time>
</trkpt>
<trkpt lat="47.3714981" lon="0.7703290">
	<ele>47.29</ele>
	<time>1970-01-01T01:00:56.157Z</time>
</trkpt>
<trkpt lat="47.3714676" lon="0.7706690">
	<ele>48.83</ele>
	<time>1970-01-01T01:01:00.575Z</time>
</trkpt>
<trkpt lat="47.3714752" lon="0.7708190">
	<ele>49.20</ele>
	<time>1970-01-01T01:01:02.439Z</time>
</trkpt>
<trkpt lat="47.3714981" lon="0.7710070">
	<ele>49.25</ele>
	<time>1970-01-01T01:01:04.807Z</time>
</trkpt>
<trkpt lat="47.3715744" lon="0.7713970">
	<ele>49.11</ele>
	<time>1970-01-01T01:01:10.358Z</time>
</trkpt>
<trkpt lat="47.3716507" lon="0.7720050">
	<ele>49.04</ele>
	<time>1970-01-01T01:01:18.589Z</time>
</trkpt>
<trkpt lat="47.3716850" lon="0.7728350">
	<ele>48.97</ele>
	<time>1970-01-01T01:01:30.587Z</time>
</trkpt>
<trkpt lat="47.3716660" lon="0.7730380">
	<ele>49.00</ele>
	<time>1970-01-01T01:01:33.506Z</time>
</trkpt>
<trkpt lat="47.3713722" lon="0.7740500">
	<ele>49.44</ele>
	<time>1970-01-01T01:01:48.758Z</time>
</trkpt>
<trkpt lat="47.3713188" lon="0.7741330">
	<ele>49.35</ele>
	<time>1970-01-01T01:01:50.352Z</time>
</trkpt>
<trkpt lat="47.3712273" lon="0.7742670">
	<ele>49.81</ele>
	<time>1970-01-01T01:01:52.815Z</time>
</trkpt>
<trkpt lat="47.3711510" lon="0.7744260">
	<ele>50.09</ele>
	<time>1970-01-01T01:01:55.436Z</time>
</trkpt>
<trkpt lat="47.3710899" lon="0.7746000">
	<ele>49.33</ele>
	<time>1970-01-01T01:01:58.040Z</time>
</trkpt>
<trkpt lat="47.3710518" lon="0.7747820">
	<ele>48.61</ele>
	<time>1970-01-01T01:02:00.621Z</time>
</trkpt>
<trkpt lat="47.3709564" lon="0.7757330">
	<ele>47.81</ele>
	<time>1970-01-01T01:02:15.746Z</time>
</trkpt>
<trkpt lat="47.3709335" lon="0.7760310">
	<ele>48.22</ele>
	<time>1970-01-01T01:02:19.854Z</time>
</trkpt>
<trkpt lat="47.3708992" lon="0.7765470">
	<ele>48.26</ele>
	<time>1970-01-01T01:02:25.361Z</time>
</trkpt>
<trkpt lat="47.3708916" lon="0.7769130">
	<ele>48.23</ele>
	<time>1970-01-01T01:02:29.087Z</time>
</trkpt>
<trkpt lat="47.3709145" lon="0.7774820">
	<ele>47.53</ele>
	<time>1970-01-01T01:02:34.387Z</time>
</trkpt>
<trkpt lat="47.3709145" lon="0.7779000">
	<ele>47.45</ele>
	<time>1970-01-01T01:02:38.694Z</time>
</trkpt>
<trkpt lat="47.3708458" lon="0.7792310">
	<ele>49.02</ele>
	<time>1970-01-01T01:02:53.666Z</time>
</trkpt>
<trkpt lat="47.3708191" lon="0.7794880">
	<ele>49.06</ele>
	<time>1970-01-01T01:02:56.997Z</time>
</trkpt>
<trkpt lat="47.3706703" lon="0.7805050">
	<ele>48.37</ele>
	<time>1970-01-01T01:03:14.636Z</time>
</trkpt>
<trkpt lat="47.3705521" lon="0.7817180">
	<ele>49.92</ele>
	<time>1970-01-01T01:03:28.711Z</time>
</trkpt>
<trkpt lat="47.3704567" lon="0.7824400">
	<ele>48.75</ele>
	<time>1970-01-01T01:03:38.114Z</time>
</trkpt>
<trkpt lat="47.3703880" lon="0.7827470">
	<ele>49.09</ele>
	<time>1970-01-01T01:03:42.391Z</time>
</trkpt>
<trkpt lat="47.3702354" lon="0.7832840">
	<ele>48.88</ele>
	<time>1970-01-01T01:03:50.537Z</time>
</trkpt>
<trkpt lat="47.3699608" lon="0.7845090">
	<ele>49.78</ele>
	<time>1970-01-01T01:04:10.993Z</time>
</trkpt>
<trkpt lat="47.3698730" lon="0.7849180">
	<ele>49.07</ele>
	<time>1970-01-01T01:04:16.031Z</time>
</trkpt>
<trkpt lat="47.3698463" lon="0.7850090">
	<ele>49.15</ele>
	<time>1970-01-01T01:04:17.077Z</time>
</trkpt>
<trkpt lat="47.3697624" lon="0.7852500">
	<ele>50.00</ele>
	<time>1970-01-01T01:04:20.107Z</time>
</trkpt>
<trkpt lat="47.3696480" lon="0.7858720">
	<ele>49.32</ele>
	<time>1970-01-01T01:04:27.736Z</time>
</trkpt>
<trkpt lat="47.3696136" lon="0.7860780">
	<ele>48.29</ele>
	<time>1970-01-01T01:04:30.276Z</time>
</trkpt>
<trkpt lat="47.3695679" lon="0.7868280">
	<ele>48.77</ele>
	<time>1970-01-01T01:04:39.951Z</time>
</trkpt>
<trkpt lat="47.3695602" lon="0.7874030">
	<ele>48.63</ele>
	<time>1970-01-01T01:04:46.817Z</time>
</trkpt>
<trkpt lat="47.3695412" lon="0.7876990">
	<ele>49.33</ele>
	<time>1970-01-01T01:04:50.599Z</time>
</trkpt>
<trkpt lat="47.3693886" lon="0.7887120">
	<ele>48.63</ele>
	<time>1970-01-01T01:05:06.723Z</time>
</trkpt>
<trkpt lat="47.3693123" lon="0.7891030">
	<ele>48.06</ele>
	<time>1970-01-01T01:05:14.171Z</time>
</trkpt>
<trkpt lat="47.3692322" lon="0.7899670">
	<ele>48.96</ele>
	<time>1970-01-01T01:05:27.297Z</time>
</trkpt>
<trkpt lat="47.3691711" lon="0.7904180">
	<ele>49.51</ele>
	<time>1970-01-01T01:05:36.545Z</time>
</trkpt>
<trkpt lat="47.3689804" lon="0.7920610">
	<ele>48.36</ele>
	<time>1970-01-01T01:05:51.715Z</time>
</trkpt>
<trkpt lat="47.3689346" lon="0.7922860">
	<ele>48.33</ele>
	<time>1970-01-01T01:05:54.428Z</time>
</trkpt>
<trkpt lat="47.3686562" lon="0.7937240">
	<ele>49.66</ele>
	<time>1970-01-01T01:06:17.306Z</time>
</trkpt>
<trkpt lat="47.3684311" lon="0.7944700">
	<ele>48.46</ele>
	<time>1970-01-01T01:06:31.859Z</time>
</trkpt>
<trkpt lat="47.3680992" lon="0.7954680">
	<ele>48.81</ele>
	<time>1970-01-01T01:06:42.535Z</time>
</trkpt>
<trkpt lat="47.3676758" lon="0.7968270">
	<ele>49.04</ele>
	<time>1970-01-01T01:07:00.096Z</time>
</trkpt>
<trkpt lat="47.3672447" lon="0.7979470">
	<ele>49.07</ele>
	<time>1970-01-01T01:07:17.346Z</time>
</trkpt>
<trkpt lat="47.3670082" lon="0.7982850">
	<ele>48.95</ele>
	<time>1970-01-01T01:07:25.910Z</time>
</trkpt>
<trkpt lat="47.3661423" lon="0.7997620">
	<ele>49.97</ele>
	<time>1970-01-01T01:07:53.124Z</time>
</trkpt>
<trkpt lat="47.3657761" lon="0.8003390">
	<ele>50.06</ele>
	<time>1970-01-01T01:08:02.972Z</time>
</trkpt>
<trkpt lat="47.3654785" lon="0.8007810">
	<ele>50.05</ele>
	<time>1970-01-01T01:08:09.629Z</time>
</trkpt>
<trkpt lat="47.3650398" lon="0.8012280">
	<ele>49.95</ele>
	<time>1970-01-01T01:08:18.551Z</time>
</trkpt>
<trkpt lat="47.3636169" lon="0.8032370">
	<ele>49.79</ele>
	<time>1970-01-01T01:08:56.062Z</time>
</trkpt>
<trkpt lat="47.3630753" lon="0.8037680">
	<ele>49.29</ele>
	<time>1970-01-01T01:09:08.151Z</time>
</trkpt>
<trkpt lat="47.3626213" lon="0.8041890">
	<ele>49.01</ele>
	<time>1970-01-01T01:09:16.822Z</time>
</trkpt>
<trkpt lat="47.3624840" lon="0.8043880">
	<ele>49.54</ele>
	<time>1970-01-01T01:09:20.201Z</time>
</trkpt>
<trkpt lat="47.3622742" lon="0.8048530">
	<ele>49.22</ele>
	<time>1970-01-01T01:09:28.290Z</time>
</trkpt>
<trkpt lat="47.3621902" lon="0.8050460">
	<ele>50.99</ele>
	<time>1970-01-01T01:09:31.656Z</time>
</trkpt>
<trkpt lat="47.3621864" lon="0.8050510">
	<ele>50.96</ele>
	<time>1970-01-01T01:04:04.957Z</time>
</trkpt>
<trkpt lat="47.3621864" lon="0.8050510">
	<ele>50.96</ele>
	<time>1970-01-01T01:35:53.269Z</time>
</trkpt>
<trkpt lat="47.3619728" lon="0.8054870">
	<ele>50.40</ele>
	<time>1970-01-01T01:36:01.406Z</time>
</trkpt>
<trkpt lat="47.3619537" lon="0.8055960">
	<ele>51.43</ele>
	<time>1970-01-01T01:36:02.933Z</time>
</trkpt>
<trkpt lat="47.3619728" lon="0.8056890">
	<ele>52.42</ele>
	<time>1970-01-01T01:36:04.256Z</time>
</trkpt>
<trkpt lat="47.3619766" lon="0.8057200">
	<ele>52.71</ele>
	<time>1970-01-01T01:36:04.632Z</time>
</trkpt>
<trkpt lat="47.3620338" lon="0.8058240">
	<ele>53.46</ele>
	<time>1970-01-01T01:36:06.499Z</time>
</trkpt>
<trkpt lat="47.3621597" lon="0.8060230">
	<ele>52.45</ele>
	<time>1970-01-01T01:36:09.744Z</time>
</trkpt>
<trkpt lat="47.3621864" lon="0.8060930">
	<ele>52.06</ele>
	<time>1970-01-01T01:36:10.721Z</time>
</trkpt>
<trkpt lat="47.3621864" lon="0.8061420">
	<ele>51.96</ele>
	<time>1970-01-01T01:36:11.373Z</time>
</trkpt>
<trkpt lat="47.3621712" lon="0.8061910">
	<ele>51.88</ele>
	<time>1970-01-01T01:36:12.026Z</time>
</trkpt>
<trkpt lat="47.3622437" lon="0.8063250">
	<ele>52.01</ele>
	<time>1970-01-01T01:36:14.024Z</time>
</trkpt>
<trkpt lat="47.3623810" lon="0.8066240">
	<ele>50.50</ele>
	<time>1970-01-01T01:36:18.004Z</time>
</trkpt>
<trkpt lat="47.3624420" lon="0.8067730">
	<ele>50.42</ele>
	<time>1970-01-01T01:36:19.963Z</time>
</trkpt>
<trkpt lat="47.3625107" lon="0.8069600">
	<ele>51.02</ele>
	<time>1970-01-01T01:36:22.561Z</time>
</trkpt>
<trkpt lat="47.3626213" lon="0.8073360">
	<ele>50.38</ele>
	<time>1970-01-01T01:36:27.929Z</time>
</trkpt>
<trkpt lat="47.3627052" lon="0.8076480">
	<ele>50.41</ele>
	<time>1970-01-01T01:36:31.971Z</time>
</trkpt>
<trkpt lat="47.3627777" lon="0.8079790">
	<ele>51.03</ele>
	<time>1970-01-01T01:36:35.966Z</time>
</trkpt>
<trkpt lat="47.3628120" lon="0.8081230">
	<ele>51.06</ele>
	<time>1970-01-01T01:36:37.680Z</time>
</trkpt>
<trkpt lat="47.3630333" lon="0.8091090">
	<ele>50.00</ele>
	<time>1970-01-01T01:36:50.287Z</time>
</trkpt>
<trkpt lat="47.3630714" lon="0.8092030">
	<ele>50.00</ele>
	<time>1970-01-01T01:36:51.585Z</time>
</trkpt>
<trkpt lat="47.3631096" lon="0.8092780">
	<ele>50.00</ele>
	<time>1970-01-01T01:36:52.724Z</time>
</trkpt>
<trkpt lat="47.3631516" lon="0.8093410">
	<ele>50.00</ele>
	<time>1970-01-01T01:36:53.942Z</time>
</trkpt>
<trkpt lat="47.3632736" lon="0.8094800">
	<ele>50.00</ele>
	<time>1970-01-01T01:36:57.081Z</time>
</trkpt>
<trkpt lat="47.3633575" lon="0.8095440">
	<ele>50.00</ele>
	<time>1970-01-01T01:36:59.031Z</time>
</trkpt>
<trkpt lat="47.3640709" lon="0.8100340">
	<ele>49.24</ele>
	<time>1970-01-01T01:37:16.011Z</time>
</trkpt>
<trkpt lat="47.3647575" lon="0.8105220">
	<ele>48.91</ele>
	<time>1970-01-01T01:37:28.085Z</time>
</trkpt>
<trkpt lat="47.3647575" lon="0.8105220">
	<ele>48.91</ele>
	<time>1970-01-01T02:09:16.397Z</time>
</trkpt>
<trkpt lat="47.3654175" lon="0.8109920">
	<ele>49.64</ele>
	<time>1970-01-01T02:09:28.375Z</time>
</trkpt>
<trkpt lat="47.3662605" lon="0.8115920">
	<ele>48.99</ele>
	<time>1970-01-01T02:09:42.983Z</time>
</trkpt>
<trkpt lat="47.3665085" lon="0.8117930">
	<ele>49.24</ele>
	<time>1970-01-01T02:09:47.476Z</time>
</trkpt>
<trkpt lat="47.3667145" lon="0.8119990">
	<ele>49.88</ele>
	<time>1970-01-01T02:09:51.680Z</time>
</trkpt>
<trkpt lat="47.3669167" lon="0.8122420">
	<ele>49.96</ele>
	<time>1970-01-01T02:09:56.149Z</time>
</trkpt>
<trkpt lat="47.3670616" lon="0.8124270">
	<ele>49.16</ele>
	<time>1970-01-01T02:09:59.443Z</time>
</trkpt>
<trkpt lat="47.3672333" lon="0.8126860">
	<ele>49.00</ele>
	<time>1970-01-01T02:10:03.734Z</time>
</trkpt>
<trkpt lat="47.3673515" lon="0.8128860">
	<ele>49.00</ele>
	<time>1970-01-01T02:10:06.946Z</time>
</trkpt>
<trkpt lat="47.3675041" lon="0.8131610">
	<ele>49.00</ele>
	<time>1970-01-01T02:10:11.073Z</time>
</trkpt>
<trkpt lat="47.3676224" lon="0.8134010">
	<ele>48.99</ele>
	<time>1970-01-01T02:10:14.500Z</time>
</trkpt>
<trkpt lat="47.3677444" lon="0.8136890">
	<ele>49.26</ele>
	<time>1970-01-01T02:10:18.382Z</time>
</trkpt>
<trkpt lat="47.3677406" lon="0.8137720">
	<ele>49.64</ele>
	<time>1970-01-01T02:10:19.293Z</time>
</trkpt>
<trkpt lat="47.3678627" lon="0.8140780">
	<ele>49.25</ele>
	<time>1970-01-01T02:10:23.449Z</time>
</trkpt>
<trkpt lat="47.3679352" lon="0.8142950">
	<ele>48.97</ele>
	<time>1970-01-01T02:10:26.104Z</time>
</trkpt>
<trkpt lat="47.3680916" lon="0.8147800">
	<ele>49.00</ele>
	<time>1970-01-01T02:10:32.683Z</time>
</trkpt>
<trkpt lat="47.3684349" lon="0.8158770">
	<ele>49.00</ele>
	<time>1970-01-01T02:10:46.335Z</time>
</trkpt>
<trkpt lat="47.3685150" lon="0.8161110">
	<ele>49.00</ele>
	<time>1970-01-01T02:10:49.480Z</time>
</trkpt>
<trkpt lat="47.3685417" lon="0.8161770">
	<ele>49.00</ele>
	<time>1970-01-01T02:10:50.430Z</time>
</trkpt>
<trkpt lat="47.3685684" lon="0.8162420">
	<ele>49.00</ele>
	<time>1970-01-01T02:10:51.383Z</time>
</trkpt>
<trkpt lat="47.3687477" lon="0.8166520">
	<ele>49.00</ele>
	<time>1970-01-01T02:10:57.318Z</time>
</trkpt>
<trkpt lat="47.3689117" lon="0.8169870">
	<ele>49.00</ele>
	<time>1970-01-01T02:11:02.980Z</time>
</trkpt>
<trkpt lat="47.3690071" lon="0.8171680">
	<ele>49.00</ele>
	<time>1970-01-01T02:11:06.449Z</time>
</trkpt>
<trkpt lat="47.3692627" lon="0.8175650">
	<ele>48.99</ele>
	<time>1970-01-01T02:11:15.924Z</time>
</trkpt>
<trkpt lat="47.3696327" lon="0.8180480">
	<ele>49.64</ele>
	<time>1970-01-01T02:11:27.158Z</time>
</trkpt>
<trkpt lat="47.3695755" lon="0.8181960">
	<ele>49.47</ele>
	<time>1970-01-01T02:11:30.014Z</time>
</trkpt>
<trkpt lat="47.3695412" lon="0.8183500">
	<ele>49.63</ele>
	<time>1970-01-01T02:11:32.743Z</time>
</trkpt>
<trkpt lat="47.3695259" lon="0.8184700">
	<ele>49.38</ele>
	<time>1970-01-01T02:11:34.727Z</time>
</trkpt>
<trkpt lat="47.3695297" lon="0.8185250">
	<ele>49.16</ele>
	<time>1970-01-01T02:11:35.655Z</time>
</trkpt>
<trkpt lat="47.3695412" lon="0.8185840">
	<ele>48.97</ele>
	<time>1970-01-01T02:11:36.799Z</time>
</trkpt>
<trkpt lat="47.3695717" lon="0.8186510">
	<ele>48.86</ele>
	<time>1970-01-01T02:11:38.149Z</time>
</trkpt>
<trkpt lat="47.3696098" lon="0.8187120">
	<ele>48.82</ele>
	<time>1970-01-01T02:11:39.476Z</time>
</trkpt>
<trkpt lat="47.3698387" lon="0.8189500">
	<ele>49.63</ele>
	<time>1970-01-01T02:11:46.862Z</time>
</trkpt>
<trkpt lat="47.3699493" lon="0.8190880">
	<ele>49.31</ele>
	<time>1970-01-01T02:11:50.886Z</time>
</trkpt>
<trkpt lat="47.3699799" lon="0.8191680">
	<ele>48.93</ele>
	<time>1970-01-01T02:11:52.570Z</time>
</trkpt>
<trkpt lat="47.3699875" lon="0.8192640">
	<ele>48.83</ele>
	<time>1970-01-01T02:11:54.214Z</time>
</trkpt>
<trkpt lat="47.3699379" lon="0.8201460">
	<ele>48.91</ele>
	<time>1970-01-01T02:12:05.788Z</time>
</trkpt>
<trkpt lat="47.3699150" lon="0.8204710">
	<ele>49.48</ele>
	<time>1970-01-01T02:12:09.578Z</time>
</trkpt>
<trkpt lat="47.3698578" lon="0.8208740">
	<ele>50.07</ele>
	<time>1970-01-01T02:12:14.130Z</time>
</trkpt>
<trkpt lat="47.3696938" lon="0.8218080">
	<ele>49.46</ele>
	<time>1970-01-01T02:12:26.517Z</time>
</trkpt>
<trkpt lat="47.3686562" lon="0.8266370">
	<ele>49.25</ele>
	<time>1970-01-01T02:13:31.812Z</time>
</trkpt>
<trkpt lat="47.3683128" lon="0.8282880">
	<ele>48.91</ele>
	<time>1970-01-01T02:13:51.432Z</time>
</trkpt>
<trkpt lat="47.3682060" lon="0.8289050">
	<ele>50.18</ele>
	<time>1970-01-01T02:13:59.116Z</time>
</trkpt>
<trkpt lat="47.3681145" lon="0.8296160">
	<ele>49.87</ele>
	<time>1970-01-01T02:14:07.217Z</time>
</trkpt>
<trkpt lat="47.3679352" lon="0.8300930">
	<ele>49.12</ele>
	<time>1970-01-01T02:14:13.223Z</time>
</trkpt>
<trkpt lat="47.3677559" lon="0.8304840">
	<ele>50.46</ele>
	<time>1970-01-01T02:14:18.719Z</time>
</trkpt>
<trkpt lat="47.3677368" lon="0.8305370">
	<ele>50.67</ele>
	<time>1970-01-01T02:14:19.495Z</time>
</trkpt>
<trkpt lat="47.3677292" lon="0.8305870">
	<ele>50.76</ele>
	<time>1970-01-01T02:14:20.118Z</time>
</trkpt>
<trkpt lat="47.3677292" lon="0.8306630">
	<ele>50.82</ele>
	<time>1970-01-01T02:14:21.056Z</time>
</trkpt>
<trkpt lat="47.3677635" lon="0.8308350">
	<ele>50.92</ele>
	<time>1970-01-01T02:14:23.257Z</time>
</trkpt>
<trkpt lat="47.3679085" lon="0.8307740">
	<ele>51.63</ele>
	<time>1970-01-01T02:14:25.953Z</time>
</trkpt>
<trkpt lat="47.3679428" lon="0.8307600">
	<ele>51.75</ele>
	<time>1970-01-01T02:14:26.634Z</time>
</trkpt>
<trkpt lat="47.3679619" lon="0.8308470">
	<ele>51.77</ele>
	<time>1970-01-01T02:14:27.825Z</time>
</trkpt>
<trkpt lat="47.3679924" lon="0.8309230">
	<ele>51.86</ele>
	<time>1970-01-01T02:14:29.015Z</time>
</trkpt>
<trkpt lat="47.3680229" lon="0.8309740">
	<ele>51.93</ele>
	<time>1970-01-01T02:14:29.864Z</time>
</trkpt>
<trkpt lat="47.3680649" lon="0.8310300">
	<ele>52.02</ele>
	<time>1970-01-01T02:14:30.882Z</time>
</trkpt>
<trkpt lat="47.3681030" lon="0.8310680">
	<ele>52.07</ele>
	<time>1970-01-01T02:14:31.729Z</time>
</trkpt>
<trkpt lat="47.3681412" lon="0.8310890">
	<ele>52.09</ele>
	<time>1970-01-01T02:14:32.576Z</time>
</trkpt>
<trkpt lat="47.3681793" lon="0.8311090">
	<ele>52.07</ele>
	<time>1970-01-01T02:14:33.481Z</time>
</trkpt>
<trkpt lat="47.3682404" lon="0.8311240">
	<ele>52.00</ele>
	<time>1970-01-01T02:14:34.743Z</time>
</trkpt>
<trkpt lat="47.3683205" lon="0.8311070">
	<ele>52.02</ele>
	<time>1970-01-01T02:14:36.355Z</time>
</trkpt>
<trkpt lat="47.3684120" lon="0.8310590">
	<ele>52.04</ele>
	<time>1970-01-01T02:14:38.593Z</time>
</trkpt>
<trkpt lat="47.3685150" lon="0.8311000">
	<ele>51.92</ele>
	<time>1970-01-01T02:14:41.148Z</time>
</trkpt>
<trkpt lat="47.3685799" lon="0.8311410">
	<ele>51.98</ele>
	<time>1970-01-01T02:14:42.930Z</time>
</trkpt>
<trkpt lat="47.3686180" lon="0.8311830">
	<ele>52.07</ele>
	<time>1970-01-01T02:14:44.101Z</time>
</trkpt>
<trkpt lat="47.3686371" lon="0.8312410">
	<ele>52.11</ele>
	<time>1970-01-01T02:14:45.253Z</time>
</trkpt>
<trkpt lat="47.3686523" lon="0.8313380">
	<ele>52.16</ele>
	<time>1970-01-01T02:14:46.836Z</time>
</trkpt>
<trkpt lat="47.3686485" lon="0.8313960">
	<ele>52.21</ele>
	<time>1970-01-01T02:14:47.726Z</time>
</trkpt>
<trkpt lat="47.3686295" lon="0.8315060">
	<ele>52.48</ele>
	<time>1970-01-01T02:14:49.692Z</time>
</trkpt>
<trkpt lat="47.3685455" lon="0.8318520">
	<ele>52.68</ele>
	<time>1970-01-01T02:14:55.540Z</time>
</trkpt>
<trkpt lat="47.3685341" lon="0.8319130">
	<ele>52.62</ele>
	<time>1970-01-01T02:14:56.548Z</time>
</trkpt>
<trkpt lat="47.3685379" lon="0.8319840">
	<ele>52.68</ele>
	<time>1970-01-01T02:14:57.619Z</time>
</trkpt>
<trkpt lat="47.3685722" lon="0.8320290">
	<ele>52.89</ele>
	<time>1970-01-01T02:14:58.753Z</time>
</trkpt>
<trkpt lat="47.3686142" lon="0.8320610">
	<ele>53.06</ele>
	<time>1970-01-01T02:14:59.949Z</time>
</trkpt>
<trkpt lat="47.3686447" lon="0.8320800">
	<ele>53.10</ele>
	<time>1970-01-01T02:15:00.891Z</time>
</trkpt>
<trkpt lat="47.3687134" lon="0.8321430">
	<ele>53.11</ele>
	<time>1970-01-01T02:15:03.258Z</time>
</trkpt>
<trkpt lat="47.3687363" lon="0.8321760">
	<ele>53.11</ele>
	<time>1970-01-01T02:15:04.027Z</time>
</trkpt>
<trkpt lat="47.3687592" lon="0.8322460">
	<ele>53.11</ele>
	<time>1970-01-01T02:15:05.640Z</time>
</trkpt>
<trkpt lat="47.3688393" lon="0.8330240">
	<ele>52.76</ele>
	<time>1970-01-01T02:15:23.650Z</time>
</trkpt>
<trkpt lat="47.3688850" lon="0.8333960">
	<ele>54.06</ele>
	<time>1970-01-01T02:15:32.185Z</time>
</trkpt>
<trkpt lat="47.3689003" lon="0.8334530">
	<ele>54.11</ele>
	<time>1970-01-01T02:15:33.626Z</time>
</trkpt>
<trkpt lat="47.3689232" lon="0.8334760">
	<ele>54.17</ele>
	<time>1970-01-01T02:15:34.473Z</time>
</trkpt>
<trkpt lat="47.3689384" lon="0.8334830">
	<ele>54.22</ele>
	<time>1970-01-01T02:15:35.068Z</time>
</trkpt>
<trkpt lat="47.3693504" lon="0.8334650">
	<ele>55.11</ele>
	<time>1970-01-01T02:15:45.416Z</time>
</trkpt>
<trkpt lat="47.3695068" lon="0.8334610">
	<ele>55.70</ele>
	<time>1970-01-01T02:15:49.966Z</time>
</trkpt>
<trkpt lat="47.3695488" lon="0.8334610">
	<ele>55.88</ele>
	<time>1970-01-01T02:15:51.329Z</time>
</trkpt>
<trkpt lat="47.3697891" lon="0.8334750">
	<ele>57.12</ele>
	<time>1970-01-01T02:16:01.364Z</time>
</trkpt>
<trkpt lat="47.3699875" lon="0.8335050">
	<ele>58.76</ele>
	<time>1970-01-01T02:16:10.375Z</time>
</trkpt>
<trkpt lat="47.3701172" lon="0.8335370">
	<ele>58.96</ele>
	<time>1970-01-01T02:16:17.233Z</time>
</trkpt>
<trkpt lat="47.3706284" lon="0.8336970">
	<ele>62.02</ele>
	<time>1970-01-01T02:16:52.853Z</time>
</trkpt>
<trkpt lat="47.3707886" lon="0.8337400">
	<ele>62.91</ele>
	<time>1970-01-01T02:17:02.713Z</time>
</trkpt>
<trkpt lat="47.3712883" lon="0.8338610">
	<ele>63.81</ele>
	<time>1970-01-01T02:17:31.496Z</time>
</trkpt>
<trkpt lat="47.3716812" lon="0.8339950">
	<ele>65.80</ele>
	<time>1970-01-01T02:17:49.003Z</time>
</trkpt>
<trkpt lat="47.3717537" lon="0.8340170">
	<ele>66.11</ele>
	<time>1970-01-01T02:17:51.616Z</time>
</trkpt>
<trkpt lat="47.3719940" lon="0.8340870">
	<ele>67.10</ele>
	<time>1970-01-01T02:17:58.755Z</time>
</trkpt>
<trkpt lat="47.3723106" lon="0.8341520">
	<ele>68.37</ele>
	<time>1970-01-01T02:18:06.701Z</time>
</trkpt>
<trkpt lat="47.3724785" lon="0.8341490">
	<ele>69.02</ele>
	<time>1970-01-01T02:18:10.181Z</time>
</trkpt>
<trkpt lat="47.3725548" lon="0.8341560">
	<ele>69.06</ele>
	<time>1970-01-01T02:18:12.009Z</time>
</trkpt>
<trkpt lat="47.3726578" lon="0.8341580">
	<ele>68.89</ele>
	<time>1970-01-01T02:18:14.688Z</time>
</trkpt>
<trkpt lat="47.3730698" lon="0.8341680">
	<ele>72.10</ele>
	<time>1970-01-01T02:18:32.915Z</time>
</trkpt>
<trkpt lat="47.3731499" lon="0.8341700">
	<ele>72.49</ele>
	<time>1970-01-01T02:18:36.296Z</time>
</trkpt>
<trkpt lat="47.3732796" lon="0.8341740">
	<ele>72.84</ele>
	<time>1970-01-01T02:18:42.653Z</time>
</trkpt>
<trkpt lat="47.3735962" lon="0.8341890">
	<ele>73.91</ele>
	<time>1970-01-01T02:18:59.488Z</time>
</trkpt>
<trkpt lat="47.3737602" lon="0.8342460">
	<ele>74.46</ele>
	<time>1970-01-01T02:19:08.787Z</time>
</trkpt>
<trkpt lat="47.3739891" lon="0.8343290">
	<ele>75.31</ele>
	<time>1970-01-01T02:19:22.961Z</time>
</trkpt>
<trkpt lat="47.3743057" lon="0.8344510">
	<ele>76.56</ele>
	<time>1970-01-01T02:19:42.965Z</time>
</trkpt>
<trkpt lat="47.3745232" lon="0.8344960">
	<ele>77.04</ele>
	<time>1970-01-01T02:19:54.381Z</time>
</trkpt>
<trkpt lat="47.3746910" lon="0.8345190">
	<ele>76.89</ele>
	<time>1970-01-01T02:20:02.141Z</time>
</trkpt>
<trkpt lat="47.3751221" lon="0.8345340">
	<ele>78.10</ele>
	<time>1970-01-01T02:20:17.971Z</time>
</trkpt>
<trkpt lat="47.3752861" lon="0.8345410">
	<ele>78.00</ele>
	<time>1970-01-01T02:20:22.629Z</time>
</trkpt>
<trkpt lat="47.3753738" lon="0.8345540">
	<ele>78.00</ele>
	<time>1970-01-01T02:20:25.074Z</time>
</trkpt>
<trkpt lat="47.3755379" lon="0.8346240">
	<ele>78.00</ele>
	<time>1970-01-01T02:20:29.781Z</time>
</trkpt>
<trkpt lat="47.3759079" lon="0.8347670">
	<ele>78.00</ele>
	<time>1970-01-01T02:20:38.343Z</time>
</trkpt>
<trkpt lat="47.3759575" lon="0.8347850">
	<ele>78.00</ele>
	<time>1970-01-01T02:20:39.491Z</time>
</trkpt>
<trkpt lat="47.3760376" lon="0.8348080">
	<ele>78.00</ele>
	<time>1970-01-01T02:20:41.086Z</time>
</trkpt>
<trkpt lat="47.3760567" lon="0.8348710">
	<ele>78.00</ele>
	<time>1970-01-01T02:20:41.968Z</time>
</trkpt>
<trkpt lat="47.3760681" lon="0.8349060">
	<ele>78.00</ele>
	<time>1970-01-01T02:20:42.496Z</time>
</trkpt>
<trkpt lat="47.3760834" lon="0.8349390">
	<ele>78.00</ele>
	<time>1970-01-01T02:20:43.024Z</time>
</trkpt>
<trkpt lat="47.3762894" lon="0.8352620">
	<ele>78.74</ele>
	<time>1970-01-01T02:20:54.179Z</time>
</trkpt>
<trkpt lat="47.3765488" lon="0.8356860">
	<ele>78.28</ele>
	<time>1970-01-01T02:21:06.362Z</time>
</trkpt>
<trkpt lat="47.3766937" lon="0.8359830">
	<ele>78.57</ele>
	<time>1970-01-01T02:21:14.924Z</time>
</trkpt>
<trkpt lat="47.3768578" lon="0.8363500">
	<ele>78.00</ele>
	<time>1970-01-01T02:21:22.648Z</time>
</trkpt>
<trkpt lat="47.3769608" lon="0.8366090">
	<ele>77.99</ele>
	<time>1970-01-01T02:21:30.158Z</time>
</trkpt>
<trkpt lat="47.3771744" lon="0.8372890">
	<ele>77.68</ele>
	<time>1970-01-01T02:21:48.627Z</time>
</trkpt>
<trkpt lat="47.3773041" lon="0.8377350">
	<ele>76.99</ele>
	<time>1970-01-01T02:21:57.542Z</time>
</trkpt>
<trkpt lat="47.3774147" lon="0.8380410">
	<ele>77.00</ele>
	<time>1970-01-01T02:22:03.211Z</time>
</trkpt>
<trkpt lat="47.3774757" lon="0.8381470">
	<ele>77.00</ele>
	<time>1970-01-01T02:22:05.502Z</time>
</trkpt>
<trkpt lat="47.3775482" lon="0.8382140">
	<ele>76.99</ele>
	<time>1970-01-01T02:22:07.539Z</time>
</trkpt>
<trkpt lat="47.3775978" lon="0.8382400">
	<ele>76.97</ele>
	<time>1970-01-01T02:22:08.742Z</time>
</trkpt>
<trkpt lat="47.3776894" lon="0.8382550">
	<ele>76.96</ele>
	<time>1970-01-01T02:22:10.590Z</time>
</trkpt>
<trkpt lat="47.3782883" lon="0.8381700">
	<ele>77.96</ele>
	<time>1970-01-01T02:22:30.448Z</time>
</trkpt>
<trkpt lat="47.3783340" lon="0.8381670">
	<ele>78.00</ele>
	<time>1970-01-01T02:22:31.693Z</time>
</trkpt>
<trkpt lat="47.3783913" lon="0.8381870">
	<ele>78.03</ele>
	<time>1970-01-01T02:22:33.157Z</time>
</trkpt>
<trkpt lat="47.3789062" lon="0.8388520">
	<ele>78.00</ele>
	<time>1970-01-01T02:22:46.623Z</time>
</trkpt>
<trkpt lat="47.3789940" lon="0.8389880">
	<ele>78.00</ele>
	<time>1970-01-01T02:22:48.641Z</time>
</trkpt>
<trkpt lat="47.3792038" lon="0.8393560">
	<ele>78.00</ele>
	<time>1970-01-01T02:22:52.684Z</time>
</trkpt>
<trkpt lat="47.3792343" lon="0.8394600">
	<ele>78.00</ele>
	<time>1970-01-01T02:22:53.717Z</time>
</trkpt>
<trkpt lat="47.3794899" lon="0.8408310">
	<ele>78.00</ele>
	<time>1970-01-01T02:23:10.135Z</time>
</trkpt>
<trkpt lat="47.3795052" lon="0.8409430">
	<ele>78.00</ele>
	<time>1970-01-01T02:23:11.667Z</time>
</trkpt>
<trkpt lat="47.3795242" lon="0.8422030">
	<ele>79.00</ele>
	<time>1970-01-01T02:23:30.049Z</time>
</trkpt>
<trkpt lat="47.3795204" lon="0.8426230">
	<ele>78.53</ele>
	<time>1970-01-01T02:23:35.477Z</time>
</trkpt>
<trkpt lat="47.3795128" lon="0.8427240">
	<ele>78.07</ele>
	<time>1970-01-01T02:23:36.924Z</time>
</trkpt>
<trkpt lat="47.3794937" lon="0.8428260">
	<ele>77.86</ele>
	<time>1970-01-01T02:23:38.362Z</time>
</trkpt>
<trkpt lat="47.3793755" lon="0.8433380">
	<ele>78.14</ele>
	<time>1970-01-01T02:23:46.994Z</time>
</trkpt>
<trkpt lat="47.3793411" lon="0.8436280">
	<ele>79.02</ele>
	<time>1970-01-01T02:23:50.596Z</time>
</trkpt>
<trkpt lat="47.3793297" lon="0.8438350">
	<ele>79.01</ele>
	<time>1970-01-01T02:23:52.799Z</time>
</trkpt>
<trkpt lat="47.3793373" lon="0.8440910">
	<ele>79.06</ele>
	<time>1970-01-01T02:23:54.999Z</time>
</trkpt>
<trkpt lat="47.3793907" lon="0.8443070">
	<ele>79.12</ele>
	<time>1970-01-01T02:23:56.742Z</time>
</trkpt>
<trkpt lat="47.3795128" lon="0.8447040">
	<ele>77.96</ele>
	<time>1970-01-01T02:24:01.918Z</time>
</trkpt>
<trkpt lat="47.3802795" lon="0.8470030">
	<ele>77.00</ele>
	<time>1970-01-01T02:24:23.099Z</time>
</trkpt>
<trkpt lat="47.3806038" lon="0.8480110">
	<ele>75.87</ele>
	<time>1970-01-01T02:24:34.687Z</time>
</trkpt>
<trkpt lat="47.3806686" lon="0.8482180">
	<ele>75.66</ele>
	<time>1970-01-01T02:24:37.218Z</time>
</trkpt>
<trkpt lat="47.3807068" lon="0.8483600">
	<ele>75.42</ele>
	<time>1970-01-01T02:24:38.784Z</time>
</trkpt>
<trkpt lat="47.3807297" lon="0.8484670">
	<ele>75.21</ele>
	<time>1970-01-01T02:24:40.083Z</time>
</trkpt>
<trkpt lat="47.3807793" lon="0.8487580">
	<ele>75.06</ele>
	<time>1970-01-01T02:24:43.474Z</time>
</trkpt>
<trkpt lat="47.3808632" lon="0.8495080">
	<ele>75.15</ele>
	<time>1970-01-01T02:24:49.299Z</time>
</trkpt>
<trkpt lat="47.3808746" lon="0.8495760">
	<ele>75.44</ele>
	<time>1970-01-01T02:24:49.870Z</time>
</trkpt>
<trkpt lat="47.3809433" lon="0.8498350">
	<ele>75.36</ele>
	<time>1970-01-01T02:24:52.487Z</time>
</trkpt>
<trkpt lat="47.3810158" lon="0.8500110">
	<ele>74.98</ele>
	<time>1970-01-01T02:24:54.439Z</time>
</trkpt>
<trkpt lat="47.3811646" lon="0.8503490">
	<ele>75.89</ele>
	<time>1970-01-01T02:24:58.277Z</time>
</trkpt>
<trkpt lat="47.3815231" lon="0.8511190">
	<ele>76.12</ele>
	<time>1970-01-01T02:25:07.294Z</time>
</trkpt>
<trkpt lat="47.3815804" lon="0.8512520">
	<ele>76.05</ele>
	<time>1970-01-01T02:25:08.962Z</time>
</trkpt>
<trkpt lat="47.3816452" lon="0.8514320">
	<ele>76.13</ele>
	<time>1970-01-01T02:25:11.221Z</time>
</trkpt>
<trkpt lat="47.3816910" lon="0.8516240">
	<ele>75.92</ele>
	<time>1970-01-01T02:25:13.512Z</time>
</trkpt>
<trkpt lat="47.3817024" lon="0.8517070">
	<ele>75.87</ele>
	<time>1970-01-01T02:25:14.436Z</time>
</trkpt>
<trkpt lat="47.3817101" lon="0.8518380">
	<ele>75.84</ele>
	<time>1970-01-01T02:25:16.088Z</time>
</trkpt>
<trkpt lat="47.3816986" lon="0.8519270">
	<ele>75.89</ele>
	<time>1970-01-01T02:25:17.245Z</time>
</trkpt>
<trkpt lat="47.3815918" lon="0.8523990">
	<ele>76.23</ele>
	<time>1970-01-01T02:25:24.737Z</time>
</trkpt>
<trkpt lat="47.3815765" lon="0.8525240">
	<ele>76.29</ele>
	<time>1970-01-01T02:25:26.770Z</time>
</trkpt>
<trkpt lat="47.3815765" lon="0.8526370">
	<ele>76.27</ele>
	<time>1970-01-01T02:25:28.568Z</time>
</trkpt>
<trkpt lat="47.3816299" lon="0.8530570">
	<ele>77.10</ele>
	<time>1970-01-01T02:25:34.751Z</time>
</trkpt>
<trkpt lat="47.3816452" lon="0.8531480">
	<ele>77.18</ele>
	<time>1970-01-01T02:25:36.069Z</time>
</trkpt>
<trkpt lat="47.3817558" lon="0.8538480">
	<ele>75.67</ele>
	<time>1970-01-01T02:25:44.928Z</time>
</trkpt>
<trkpt lat="47.3821259" lon="0.8558410">
	<ele>74.11</ele>
	<time>1970-01-01T02:26:05.629Z</time>
</trkpt>
<trkpt lat="47.3821373" lon="0.8559130">
	<ele>74.10</ele>
	<time>1970-01-01T02:26:06.539Z</time>
</trkpt>
<trkpt lat="47.3823166" lon="0.8568980">
	<ele>73.93</ele>
	<time>1970-01-01T02:26:20.417Z</time>
</trkpt>
<trkpt lat="47.3823357" lon="0.8570780">
	<ele>73.91</ele>
	<time>1970-01-01T02:26:23.034Z</time>
</trkpt>
<trkpt lat="47.3823395" lon="0.8572160">
	<ele>73.92</ele>
	<time>1970-01-01T02:26:25.145Z</time>
</trkpt>
<trkpt lat="47.3823357" lon="0.8572720">
	<ele>74.07</ele>
	<time>1970-01-01T02:26:25.977Z</time>
</trkpt>
<trkpt lat="47.3823166" lon="0.8574340">
	<ele>74.83</ele>
	<time>1970-01-01T02:26:28.598Z</time>
</trkpt>
<trkpt lat="47.3822937" lon="0.8575420">
	<ele>75.08</ele>
	<time>1970-01-01T02:26:30.512Z</time>
</trkpt>
<trkpt lat="47.3822784" lon="0.8576090">
	<ele>75.10</ele>
	<time>1970-01-01T02:26:31.558Z</time>
</trkpt>
<trkpt lat="47.3822136" lon="0.8577820">
	<ele>75.00</ele>
	<time>1970-01-01T02:26:34.629Z</time>
</trkpt>
<trkpt lat="47.3820648" lon="0.8580920">
	<ele>75.66</ele>
	<time>1970-01-01T02:26:40.331Z</time>
</trkpt>
<trkpt lat="47.3819199" lon="0.8583870">
	<ele>75.99</ele>
	<time>1970-01-01T02:26:45.615Z</time>
</trkpt>
<trkpt lat="47.3818550" lon="0.8585150">
	<ele>75.94</ele>
	<time>1970-01-01T02:26:47.981Z</time>
</trkpt>
<trkpt lat="47.3818474" lon="0.8585300">
	<ele>75.93</ele>
	<time>1970-01-01T02:26:48.177Z</time>
</trkpt>
<trkpt lat="47.3818054" lon="0.8586640">
	<ele>76.02</ele>
	<time>1970-01-01T02:26:50.452Z</time>
</trkpt>
<trkpt lat="47.3817902" lon="0.8588050">
	<ele>76.40</ele>
	<time>1970-01-01T02:26:52.676Z</time>
</trkpt>
<trkpt lat="47.3817902" lon="0.8589520">
	<ele>76.62</ele>
	<time>1970-01-01T02:26:55.008Z</time>
</trkpt>
<trkpt lat="47.3817978" lon="0.8590940">
	<ele>76.60</ele>
	<time>1970-01-01T02:26:57.282Z</time>
</trkpt>
<trkpt lat="47.3818207" lon="0.8592400">
	<ele>76.51</ele>
	<time>1970-01-01T02:26:59.505Z</time>
</trkpt>
<trkpt lat="47.3818817" lon="0.8596590">
	<ele>76.25</ele>
	<time>1970-01-01T02:27:05.373Z</time>
</trkpt>
<trkpt lat="47.3818932" lon="0.8597220">
	<ele>76.20</ele>
	<time>1970-01-01T02:27:06.275Z</time>
</trkpt>
<trkpt lat="47.3819122" lon="0.8598610">
	<ele>76.13</ele>
	<time>1970-01-01T02:27:08.124Z</time>
</trkpt>
<trkpt lat="47.3819618" lon="0.8601610">
	<ele>75.95</ele>
	<time>1970-01-01T02:27:11.760Z</time>
</trkpt>
<trkpt lat="47.3821259" lon="0.8611640">
	<ele>74.92</ele>
	<time>1970-01-01T02:27:22.330Z</time>
</trkpt>
<trkpt lat="47.3821449" lon="0.8612910">
	<ele>74.44</ele>
	<time>1970-01-01T02:27:23.707Z</time>
</trkpt>
<trkpt lat="47.3822098" lon="0.8615990">
	<ele>74.00</ele>
	<time>1970-01-01T02:27:26.772Z</time>
</trkpt>
<trkpt lat="47.3823395" lon="0.8619870">
	<ele>73.45</ele>
	<time>1970-01-01T02:27:30.665Z</time>
</trkpt>
<trkpt lat="47.3824081" lon="0.8621300">
	<ele>73.13</ele>
	<time>1970-01-01T02:27:32.149Z</time>
</trkpt>
<trkpt lat="47.3826027" lon="0.8624130">
	<ele>72.17</ele>
	<time>1970-01-01T02:27:35.362Z</time>
</trkpt>
<trkpt lat="47.3829460" lon="0.8627990">
	<ele>71.06</ele>
	<time>1970-01-01T02:27:43.080Z</time>
</trkpt>
<trkpt lat="47.3830338" lon="0.8628990">
	<ele>70.65</ele>
	<time>1970-01-01T02:27:44.912Z</time>
</trkpt>
<trkpt lat="47.3832741" lon="0.8631220">
	<ele>69.25</ele>
	<time>1970-01-01T02:27:49.155Z</time>
</trkpt>
<trkpt lat="47.3835106" lon="0.8632890">
	<ele>67.66</ele>
	<time>1970-01-01T02:27:52.668Z</time>
</trkpt>
<trkpt lat="47.3836861" lon="0.8633900">
	<ele>66.93</ele>
	<time>1970-01-01T02:27:55.131Z</time>
</trkpt>
<trkpt lat="47.3837624" lon="0.8634500">
	<ele>67.07</ele>
	<time>1970-01-01T02:27:56.299Z</time>
</trkpt>
<trkpt lat="47.3840637" lon="0.8637210">
	<ele>66.57</ele>
	<time>1970-01-01T02:28:00.436Z</time>
</trkpt>
<trkpt lat="47.3844109" lon="0.8640120">
	<ele>66.72</ele>
	<time>1970-01-01T02:28:05.000Z</time>
</trkpt>
<trkpt lat="47.3848381" lon="0.8643740">
	<ele>66.07</ele>
	<time>1970-01-01T02:28:10.766Z</time>
</trkpt>
<trkpt lat="47.3849411" lon="0.8644750">
	<ele>66.66</ele>
	<time>1970-01-01T02:28:12.228Z</time>
</trkpt>
<trkpt lat="47.3850212" lon="0.8645860">
	<ele>66.67</ele>
	<time>1970-01-01T02:28:13.631Z</time>
</trkpt>
<trkpt lat="47.3850784" lon="0.8647360">
	<ele>66.02</ele>
	<time>1970-01-01T02:28:15.133Z</time>
</trkpt>
<trkpt lat="47.3852158" lon="0.8646410">
	<ele>66.36</ele>
	<time>1970-01-01T02:28:17.290Z</time>
</trkpt>
<trkpt lat="47.3852234" lon="0.8647150">
	<ele>66.04</ele>
	<time>1970-01-01T02:28:18.032Z</time>
</trkpt>
<trkpt lat="47.3852272" lon="0.8648240">
	<ele>65.64</ele>
	<time>1970-01-01T02:28:19.038Z</time>
</trkpt>
<trkpt lat="47.3852272" lon="0.8648460">
	<ele>65.57</ele>
	<time>1970-01-01T02:28:19.280Z</time>
</trkpt>
<trkpt lat="47.3852425" lon="0.8648680">
	<ele>65.48</ele>
	<time>1970-01-01T02:28:19.523Z</time>
</trkpt>
<trkpt lat="47.3854980" lon="0.8649060">
	<ele>65.20</ele>
	<time>1970-01-01T02:28:23.188Z</time>
</trkpt>
<trkpt lat="47.3855286" lon="0.8660200">
	<ele>62.98</ele>
	<time>1970-01-01T02:28:32.998Z</time>
</trkpt>
<trkpt lat="47.3855515" lon="0.8674910">
	<ele>61.98</ele>
	<time>1970-01-01T02:28:46.419Z</time>
</trkpt>
<trkpt lat="47.3855629" lon="0.8689520">
	<ele>66.09</ele>
	<time>1970-01-01T02:29:02.167Z</time>
</trkpt>
<trkpt lat="47.3855476" lon="0.8699690">
	<ele>68.82</ele>
	<time>1970-01-01T02:29:15.469Z</time>
</trkpt>
<trkpt lat="47.3855591" lon="0.8702800">
	<ele>70.04</ele>
	<time>1970-01-01T02:29:20.402Z</time>
</trkpt>
<trkpt lat="47.3855743" lon="0.8705390">
	<ele>70.18</ele>
	<time>1970-01-01T02:29:24.887Z</time>
</trkpt>
<trkpt lat="47.3856010" lon="0.8708320">
	<ele>71.38</ele>
	<time>1970-01-01T02:29:30.183Z</time>
</trkpt>
<trkpt lat="47.3856049" lon="0.8709190">
	<ele>71.48</ele>
	<time>1970-01-01T02:29:32.015Z</time>
</trkpt>
<trkpt lat="47.3856277" lon="0.8714540">
	<ele>73.29</ele>
	<time>1970-01-01T02:29:46.535Z</time>
</trkpt>
<trkpt lat="47.3856430" lon="0.8720540">
	<ele>74.59</ele>
	<time>1970-01-01T02:30:06.608Z</time>
</trkpt>
<trkpt lat="47.3856430" lon="0.8722060">
	<ele>74.56</ele>
	<time>1970-01-01T02:30:11.264Z</time>
</trkpt>
<trkpt lat="47.3855286" lon="0.8730860">
	<ele>71.84</ele>
	<time>1970-01-01T02:30:39.715Z</time>
</trkpt>
<trkpt lat="47.3855476" lon="0.8733720">
	<ele>71.95</ele>
	<time>1970-01-01T02:30:47.312Z</time>
</trkpt>
<trkpt lat="47.3856926" lon="0.8740680">
	<ele>73.42</ele>
	<time>1970-01-01T02:31:01.963Z</time>
</trkpt>
<trkpt lat="47.3858757" lon="0.8747130">
	<ele>74.07</ele>
	<time>1970-01-01T02:31:11.826Z</time>
</trkpt>
<trkpt lat="47.3859520" lon="0.8749920">
	<ele>74.32</ele>
	<time>1970-01-01T02:31:15.958Z</time>
</trkpt>
<trkpt lat="47.3860016" lon="0.8752150">
	<ele>75.23</ele>
	<time>1970-01-01T02:31:19.588Z</time>
</trkpt>
<trkpt lat="47.3860435" lon="0.8754340">
	<ele>75.06</ele>
	<time>1970-01-01T02:31:23.138Z</time>
</trkpt>
<trkpt lat="47.3861465" lon="0.8760690">
	<ele>75.11</ele>
	<time>1970-01-01T02:31:33.898Z</time>
</trkpt>
<trkpt lat="47.3862762" lon="0.8768080">
	<ele>76.37</ele>
	<time>1970-01-01T02:31:44.670Z</time>
</trkpt>
<trkpt lat="47.3862839" lon="0.8768510">
	<ele>76.40</ele>
	<time>1970-01-01T02:31:45.211Z</time>
</trkpt>
<trkpt lat="47.3863525" lon="0.8772190">
	<ele>76.89</ele>
	<time>1970-01-01T02:31:50.083Z</time>
</trkpt>
<trkpt lat="47.3868904" lon="0.8790230">
	<ele>78.76</ele>
	<time>1970-01-01T02:32:24.781Z</time>
</trkpt>
<trkpt lat="47.3872490" lon="0.8797050">
	<ele>80.16</ele>
	<time>1970-01-01T02:32:38.879Z</time>
</trkpt>
<trkpt lat="47.3873482" lon="0.8798820">
	<ele>80.94</ele>
	<time>1970-01-01T02:32:42.243Z</time>
</trkpt>
<trkpt lat="47.3874321" lon="0.8799980">
	<ele>81.56</ele>
	<time>1970-01-01T02:32:44.755Z</time>
</trkpt>
<trkpt lat="47.3875351" lon="0.8801010">
	<ele>81.85</ele>
	<time>1970-01-01T02:32:47.410Z</time>
</trkpt>
<trkpt lat="47.3875771" lon="0.8801500">
	<ele>81.89</ele>
	<time>1970-01-01T02:32:48.533Z</time>
</trkpt>
<trkpt lat="47.3876152" lon="0.8802090">
	<ele>81.94</ele>
	<time>1970-01-01T02:32:49.729Z</time>
</trkpt>
<trkpt lat="47.3876610" lon="0.8803130">
	<ele>82.16</ele>
	<time>1970-01-01T02:32:51.500Z</time>
</trkpt>
<trkpt lat="47.3876991" lon="0.8804580">
	<ele>82.47</ele>
	<time>1970-01-01T02:32:53.983Z</time>
</trkpt>
<trkpt lat="47.3877144" lon="0.8805470">
	<ele>82.59</ele>
	<time>1970-01-01T02:32:55.403Z</time>
</trkpt>
<trkpt lat="47.3877296" lon="0.8807690">
	<ele>82.69</ele>
	<time>1970-01-01T02:32:59.005Z</time>
</trkpt>
<trkpt lat="47.3877411" lon="0.8809660">
	<ele>82.76</ele>
	<time>1970-01-01T02:33:02.281Z</time>
</trkpt>
<trkpt lat="47.3877563" lon="0.8817790">
	<ele>83.93</ele>
	<time>1970-01-01T02:33:19.044Z</time>
</trkpt>
<trkpt lat="47.3877678" lon="0.8819690">
	<ele>83.98</ele>
	<time>1970-01-01T02:33:22.332Z</time>
</trkpt>
<trkpt lat="47.3877869" lon="0.8821860">
	<ele>84.03</ele>
	<time>1970-01-01T02:33:26.133Z</time>
</trkpt>
<trkpt lat="47.3880081" lon="0.8839640">
	<ele>84.64</ele>
	<time>1970-01-01T02:34:00.725Z</time>
</trkpt>
<trkpt lat="47.3882904" lon="0.8838300">
	<ele>85.01</ele>
	<time>1970-01-01T02:34:07.622Z</time>
</trkpt>
<trkpt lat="47.3883972" lon="0.8837970">
	<ele>85.02</ele>
	<time>1970-01-01T02:34:10.016Z</time>
</trkpt>
<trkpt lat="47.3885002" lon="0.8837820">
	<ele>85.12</ele>
	<time>1970-01-01T02:34:12.525Z</time>
</trkpt>
<trkpt lat="47.3890419" lon="0.8837600">
	<ele>86.07</ele>
	<time>1970-01-01T02:34:27.047Z</time>
</trkpt>
<trkpt lat="47.3890610" lon="0.8837590">
	<ele>86.06</ele>
	<time>1970-01-01T02:34:27.484Z</time>
</trkpt>
<trkpt lat="47.3890762" lon="0.8840620">
	<ele>86.01</ele>
	<time>1970-01-01T02:34:33.358Z</time>
</trkpt>
<trkpt lat="47.3890839" lon="0.8842950">
	<ele>85.94</ele>
	<time>1970-01-01T02:34:37.890Z</time>
</trkpt>
<trkpt lat="47.3890953" lon="0.8849200">
	<ele>86.97</ele>
	<time>1970-01-01T02:34:48.482Z</time>
</trkpt>
<trkpt lat="47.3891106" lon="0.8851480">
	<ele>87.48</ele>
	<time>1970-01-01T02:34:52.241Z</time>
</trkpt>
<trkpt lat="47.3892174" lon="0.8860360">
	<ele>87.93</ele>
	<time>1970-01-01T02:35:11.672Z</time>
</trkpt>
<trkpt lat="47.3892136" lon="0.8861550">
	<ele>88.11</ele>
	<time>1970-01-01T02:35:13.834Z</time>
</trkpt>
<trkpt lat="47.3892021" lon="0.8862160">
	<ele>88.35</ele>
	<time>1970-01-01T02:35:15.006Z</time>
</trkpt>
<trkpt lat="47.3889847" lon="0.8875330">
	<ele>90.00</ele>
	<time>1970-01-01T02:35:33.343Z</time>
</trkpt>
<trkpt lat="47.3889618" lon="0.8876590">
	<ele>90.00</ele>
	<time>1970-01-01T02:35:35.082Z</time>
</trkpt>
<trkpt lat="47.3889008" lon="0.8878880">
	<ele>90.00</ele>
	<time>1970-01-01T02:35:38.367Z</time>
</trkpt>
<trkpt lat="47.3888321" lon="0.8880510">
	<ele>90.00</ele>
	<time>1970-01-01T02:35:40.948Z</time>
</trkpt>
<trkpt lat="47.3888550" lon="0.8880810">
	<ele>90.00</ele>
	<time>1970-01-01T02:35:41.462Z</time>
</trkpt>
<trkpt lat="47.3888664" lon="0.8881200">
	<ele>90.00</ele>
	<time>1970-01-01T02:35:41.976Z</time>
</trkpt>
<trkpt lat="47.3888245" lon="0.8885960">
	<ele>90.00</ele>
	<time>1970-01-01T02:35:53.510Z</time>
</trkpt>
<trkpt lat="47.3888130" lon="0.8890420">
	<ele>90.04</ele>
	<time>1970-01-01T02:36:02.602Z</time>
</trkpt>
<trkpt lat="47.3888359" lon="0.8900060">
	<ele>90.00</ele>
	<time>1970-01-01T02:36:23.227Z</time>
</trkpt>
<trkpt lat="47.3888588" lon="0.8907680">
	<ele>89.99</ele>
	<time>1970-01-01T02:36:35.973Z</time>
</trkpt>
<trkpt lat="47.3888588" lon="0.8910190">
	<ele>90.76</ele>
	<time>1970-01-01T02:36:39.785Z</time>
</trkpt>
<trkpt lat="47.3888512" lon="0.8914690">
	<ele>91.05</ele>
	<time>1970-01-01T02:36:46.322Z</time>
</trkpt>
<trkpt lat="47.3888397" lon="0.8917360">
	<ele>91.06</ele>
	<time>1970-01-01T02:36:50.038Z</time>
</trkpt>
<trkpt lat="47.3887405" lon="0.8929080">
	<ele>91.00</ele>
	<time>1970-01-01T02:37:07.426Z</time>
</trkpt>
<trkpt lat="47.3886909" lon="0.8936350">
	<ele>90.99</ele>
	<time>1970-01-01T02:37:17.319Z</time>
</trkpt>
<trkpt lat="47.3886795" lon="0.8939960">
	<ele>91.23</ele>
	<time>1970-01-01T02:37:22.054Z</time>
</trkpt>
<trkpt lat="47.3886871" lon="0.8942940">
	<ele>91.94</ele>
	<time>1970-01-01T02:37:26.043Z</time>
</trkpt>
<trkpt lat="47.3886948" lon="0.8944490">
	<ele>92.03</ele>
	<time>1970-01-01T02:37:28.253Z</time>
</trkpt>
<trkpt lat="47.3887749" lon="0.8955530">
	<ele>92.39</ele>
	<time>1970-01-01T02:37:46.328Z</time>
</trkpt>
<trkpt lat="47.3888206" lon="0.8962390">
	<ele>93.05</ele>
	<time>1970-01-01T02:37:56.728Z</time>
</trkpt>
<trkpt lat="47.3888435" lon="0.8970070">
	<ele>93.00</ele>
	<time>1970-01-01T02:38:08.693Z</time>
</trkpt>
<trkpt lat="47.3889122" lon="0.8977780">
	<ele>93.00</ele>
	<time>1970-01-01T02:38:20.376Z</time>
</trkpt>
<trkpt lat="47.3889694" lon="0.8981360">
	<ele>92.98</ele>
	<time>1970-01-01T02:38:24.995Z</time>
</trkpt>
<trkpt lat="47.3891182" lon="0.8988520">
	<ele>93.00</ele>
	<time>1970-01-01T02:38:32.771Z</time>
</trkpt>
<trkpt lat="47.3891563" lon="0.8990860">
	<ele>93.00</ele>
	<time>1970-01-01T02:38:35.241Z</time>
</trkpt>
<trkpt lat="47.3891716" lon="0.8992070">
	<ele>93.00</ele>
	<time>1970-01-01T02:38:36.506Z</time>
</trkpt>
<trkpt lat="47.3892593" lon="0.9001660">
	<ele>92.62</ele>
	<time>1970-01-01T02:38:47.329Z</time>
</trkpt>
<trkpt lat="47.3893890" lon="0.9021600">
	<ele>89.92</ele>
	<time>1970-01-01T02:39:06.696Z</time>
</trkpt>
<trkpt lat="47.3893967" lon="0.9023020">
	<ele>89.67</ele>
	<time>1970-01-01T02:39:08.242Z</time>
</trkpt>
<trkpt lat="47.3893738" lon="0.9033700">
	<ele>86.74</ele>
	<time>1970-01-01T02:39:17.465Z</time>
</trkpt>
<trkpt lat="47.3893204" lon="0.9050750">
	<ele>86.10</ele>
	<time>1970-01-01T02:39:33.185Z</time>
</trkpt>
<trkpt lat="47.3893051" lon="0.9057600">
	<ele>85.05</ele>
	<time>1970-01-01T02:39:39.827Z</time>
</trkpt>
<trkpt lat="47.3892632" lon="0.9061290">
	<ele>84.91</ele>
	<time>1970-01-01T02:39:43.715Z</time>
</trkpt>
<trkpt lat="47.3892517" lon="0.9063910">
	<ele>84.66</ele>
	<time>1970-01-01T02:39:46.770Z</time>
</trkpt>
<trkpt lat="47.3892593" lon="0.9066030">
	<ele>85.33</ele>
	<time>1970-01-01T02:39:49.407Z</time>
</trkpt>
<trkpt lat="47.3892784" lon="0.9068230">
	<ele>85.30</ele>
	<time>1970-01-01T02:39:52.397Z</time>
</trkpt>
<trkpt lat="47.3893280" lon="0.9071670">
	<ele>85.37</ele>
	<time>1970-01-01T02:39:58.057Z</time>
</trkpt>
<trkpt lat="47.3893890" lon="0.9074010">
	<ele>85.32</ele>
	<time>1970-01-01T02:40:02.109Z</time>
</trkpt>
<trkpt lat="47.3894310" lon="0.9076240">
	<ele>84.63</ele>
	<time>1970-01-01T02:40:05.825Z</time>
</trkpt>
<trkpt lat="47.3894691" lon="0.9079390">
	<ele>83.84</ele>
	<time>1970-01-01T02:40:11.141Z</time>
</trkpt>
<trkpt lat="47.3895340" lon="0.9088100">
	<ele>84.69</ele>
	<time>1970-01-01T02:40:23.063Z</time>
</trkpt>
<trkpt lat="47.3895302" lon="0.9091430">
	<ele>84.79</ele>
	<time>1970-01-01T02:40:26.954Z</time>
</trkpt>
<trkpt lat="47.3895187" lon="0.9092030">
	<ele>84.73</ele>
	<time>1970-01-01T02:40:27.740Z</time>
</trkpt>
<trkpt lat="47.3895073" lon="0.9092340">
	<ele>84.68</ele>
	<time>1970-01-01T02:40:28.213Z</time>
</trkpt>
<trkpt lat="47.3894882" lon="0.9092520">
	<ele>84.66</ele>
	<time>1970-01-01T02:40:28.528Z</time>
</trkpt>
<trkpt lat="47.3894653" lon="0.9092810">
	<ele>84.58</ele>
	<time>1970-01-01T02:40:29.160Z</time>
</trkpt>
<trkpt lat="47.3894577" lon="0.9093020">
	<ele>84.50</ele>
	<time>1970-01-01T02:40:29.457Z</time>
</trkpt>
<trkpt lat="47.3894768" lon="0.9094090">
	<ele>84.08</ele>
	<time>1970-01-01T02:40:30.652Z</time>
</trkpt>
<trkpt lat="47.3894844" lon="0.9094920">
	<ele>83.97</ele>
	<time>1970-01-01T02:40:31.554Z</time>
</trkpt>
<trkpt lat="47.3894806" lon="0.9100260">
	<ele>82.97</ele>
	<time>1970-01-01T02:40:36.832Z</time>
</trkpt>
<trkpt lat="47.3894691" lon="0.9102940">
	<ele>83.01</ele>
	<time>1970-01-01T02:40:39.483Z</time>
</trkpt>
<trkpt lat="47.3894539" lon="0.9123320">
	<ele>80.94</ele>
	<time>1970-01-01T02:41:04.081Z</time>
</trkpt>
<trkpt lat="47.3896255" lon="0.9168500">
	<ele>83.03</ele>
	<time>1970-01-01T02:41:50.691Z</time>
</trkpt>
<trkpt lat="47.3896675" lon="0.9177860">
	<ele>85.03</ele>
	<time>1970-01-01T02:42:05.666Z</time>
</trkpt>
<trkpt lat="47.3897057" lon="0.9178240">
	<ele>85.17</ele>
	<time>1970-01-01T02:42:06.641Z</time>
</trkpt>
<trkpt lat="47.3897057" lon="0.9178700">
	<ele>85.34</ele>
	<time>1970-01-01T02:42:07.223Z</time>
</trkpt>
<trkpt lat="47.3897095" lon="0.9179950">
	<ele>85.80</ele>
	<time>1970-01-01T02:42:09.074Z</time>
</trkpt>
<trkpt lat="47.3897629" lon="0.9183870">
	<ele>87.01</ele>
	<time>1970-01-01T02:42:15.800Z</time>
</trkpt>
<trkpt lat="47.3898010" lon="0.9186130">
	<ele>86.76</ele>
	<time>1970-01-01T02:42:19.841Z</time>
</trkpt>
<trkpt lat="47.3899117" lon="0.9191230">
	<ele>86.23</ele>
	<time>1970-01-01T02:42:29.767Z</time>
</trkpt>
<trkpt lat="47.3900871" lon="0.9198700">
	<ele>86.72</ele>
	<time>1970-01-01T02:42:45.517Z</time>
</trkpt>
<trkpt lat="47.3901367" lon="0.9200580">
	<ele>86.54</ele>
	<time>1970-01-01T02:42:49.395Z</time>
</trkpt>
<trkpt lat="47.3901901" lon="0.9202590">
	<ele>86.38</ele>
	<time>1970-01-01T02:42:54.080Z</time>
</trkpt>
<trkpt lat="47.3903618" lon="0.9207390">
	<ele>84.14</ele>
	<time>1970-01-01T02:43:06.462Z</time>
</trkpt>
<trkpt lat="47.3906441" lon="0.9214650">
	<ele>83.91</ele>
	<time>1970-01-01T02:43:17.512Z</time>
</trkpt>
<trkpt lat="47.3915405" lon="0.9208450">
	<ele>79.78</ele>
	<time>1970-01-01T02:43:29.774Z</time>
</trkpt>
<trkpt lat="47.3916283" lon="0.9207760">
	<ele>79.25</ele>
	<time>1970-01-01T02:43:31.160Z</time>
</trkpt>
<trkpt lat="47.3917580" lon="0.9206390">
	<ele>79.25</ele>
	<time>1970-01-01T02:43:33.507Z</time>
</trkpt>
<trkpt lat="47.3918381" lon="0.9205110">
	<ele>79.17</ele>
	<time>1970-01-01T02:43:35.359Z</time>
</trkpt>
<trkpt lat="47.3919029" lon="0.9203620">
	<ele>78.94</ele>
	<time>1970-01-01T02:43:37.246Z</time>
</trkpt>
<trkpt lat="47.3919449" lon="0.9201770">
	<ele>78.61</ele>
	<time>1970-01-01T02:43:39.339Z</time>
</trkpt>
<trkpt lat="47.3919601" lon="0.9200660">
	<ele>78.56</ele>
	<time>1970-01-01T02:43:40.619Z</time>
</trkpt>
<trkpt lat="47.3919601" lon="0.9200520">
	<ele>78.51</ele>
	<time>1970-01-01T03:15:28.931Z</time>
</trkpt>
<trkpt lat="47.3919907" lon="0.9196830">
	<ele>76.96</ele>
	<time>1970-01-01T03:15:33.344Z</time>
</trkpt>
<trkpt lat="47.3920212" lon="0.9194280">
	<ele>77.48</ele>
	<time>1970-01-01T03:15:36.186Z</time>
</trkpt>
<trkpt lat="47.3921661" lon="0.9187800">
	<ele>75.66</ele>
	<time>1970-01-01T03:15:42.133Z</time>
</trkpt>
<trkpt lat="47.3922577" lon="0.9185140">
	<ele>75.12</ele>
	<time>1970-01-01T03:15:44.583Z</time>
</trkpt>
<trkpt lat="47.3923035" lon="0.9184250">
	<ele>75.47</ele>
	<time>1970-01-01T03:15:45.407Z</time>
</trkpt>
<trkpt lat="47.3924103" lon="0.9182800">
	<ele>75.75</ele>
	<time>1970-01-01T03:15:46.940Z</time>
</trkpt>
<trkpt lat="47.3925285" lon="0.9181360">
	<ele>76.15</ele>
	<time>1970-01-01T03:15:48.612Z</time>
</trkpt>
<trkpt lat="47.3929672" lon="0.9176610">
	<ele>75.53</ele>
	<time>1970-01-01T03:15:58.293Z</time>
</trkpt>
<trkpt lat="47.3932419" lon="0.9174770">
	<ele>74.02</ele>
	<time>1970-01-01T03:16:02.067Z</time>
</trkpt>
<trkpt lat="47.3940887" lon="0.9169350">
	<ele>71.09</ele>
	<time>1970-01-01T03:16:13.804Z</time>
</trkpt>
<trkpt lat="47.3942337" lon="0.9168790">
	<ele>70.87</ele>
	<time>1970-01-01T03:16:15.868Z</time>
</trkpt>
<trkpt lat="47.3943367" lon="0.9168380">
	<ele>71.22</ele>
	<time>1970-01-01T03:16:17.240Z</time>
</trkpt>
<trkpt lat="47.3944855" lon="0.9168040">
	<ele>71.37</ele>
	<time>1970-01-01T03:16:19.179Z</time>
</trkpt>
<trkpt lat="47.3946495" lon="0.9167530">
	<ele>70.79</ele>
	<time>1970-01-01T03:16:21.186Z</time>
</trkpt>
<trkpt lat="47.3948250" lon="0.9166590">
	<ele>69.64</ele>
	<time>1970-01-01T03:16:23.216Z</time>
</trkpt>
<trkpt lat="47.3950424" lon="0.9162240">
	<ele>69.98</ele>
	<time>1970-01-01T03:16:27.498Z</time>
</trkpt>
<trkpt lat="47.3951569" lon="0.9162150">
	<ele>70.36</ele>
	<time>1970-01-01T03:16:29.062Z</time>
</trkpt>
<trkpt lat="47.3953476" lon="0.9162970">
	<ele>71.14</ele>
	<time>1970-01-01T03:16:31.977Z</time>
</trkpt>
<trkpt lat="47.3954582" lon="0.9163580">
	<ele>71.39</ele>
	<time>1970-01-01T03:16:33.666Z</time>
</trkpt>
<trkpt lat="47.3956070" lon="0.9164830">
	<ele>71.16</ele>
	<time>1970-01-01T03:16:36.091Z</time>
</trkpt>
<trkpt lat="47.3956985" lon="0.9165800">
	<ele>70.62</ele>
	<time>1970-01-01T03:16:37.523Z</time>
</trkpt>
<trkpt lat="47.3957863" lon="0.9166940">
	<ele>69.83</ele>
	<time>1970-01-01T03:16:38.983Z</time>
</trkpt>
<trkpt lat="47.3961182" lon="0.9171590">
	<ele>70.14</ele>
	<time>1970-01-01T03:16:46.522Z</time>
</trkpt>
<trkpt lat="47.3962212" lon="0.9172990">
	<ele>69.74</ele>
	<time>1970-01-01T03:16:48.816Z</time>
</trkpt>
<trkpt lat="47.3963585" lon="0.9174630">
	<ele>69.94</ele>
	<time>1970-01-01T03:16:51.585Z</time>
</trkpt>
<trkpt lat="47.3967323" lon="0.9178410">
	<ele>69.27</ele>
	<time>1970-01-01T03:16:57.665Z</time>
</trkpt>
<trkpt lat="47.3969536" lon="0.9181200">
	<ele>67.86</ele>
	<time>1970-01-01T03:17:02.705Z</time>
</trkpt>
<trkpt lat="47.3971100" lon="0.9183410">
	<ele>67.05</ele>
	<time>1970-01-01T03:17:06.777Z</time>
</trkpt>
<trkpt lat="47.3972702" lon="0.9185820">
	<ele>68.80</ele>
	<time>1970-01-01T03:17:10.760Z</time>
</trkpt>
<trkpt lat="47.3973427" lon="0.9187000">
	<ele>69.45</ele>
	<time>1970-01-01T03:17:12.468Z</time>
</trkpt>
<trkpt lat="47.3973999" lon="0.9188160">
	<ele>67.96</ele>
	<time>1970-01-01T03:17:13.818Z</time>
</trkpt>
<trkpt lat="47.3975563" lon="0.9191640">
	<ele>68.27</ele>
	<time>1970-01-01T03:17:17.960Z</time>
</trkpt>
<trkpt lat="47.3977203" lon="0.9195680">
	<ele>64.83</ele>
	<time>1970-01-01T03:17:21.659Z</time>
</trkpt>
<trkpt lat="47.3980408" lon="0.9203220">
	<ele>59.26</ele>
	<time>1970-01-01T03:17:27.019Z</time>
</trkpt>
<trkpt lat="47.3981705" lon="0.9205780">
	<ele>57.61</ele>
	<time>1970-01-01T03:17:28.939Z</time>
</trkpt>
<trkpt lat="47.3982239" lon="0.9206560">
	<ele>57.36</ele>
	<time>1970-01-01T03:17:29.579Z</time>
</trkpt>
<trkpt lat="47.3982735" lon="0.9206910">
	<ele>57.26</ele>
	<time>1970-01-01T03:17:30.059Z</time>
</trkpt>
<trkpt lat="47.3982582" lon="0.9210110">
	<ele>57.39</ele>
	<time>1970-01-01T03:17:31.979Z</time>
</trkpt>
<trkpt lat="47.3982582" lon="0.9212490">
	<ele>57.62</ele>
	<time>1970-01-01T03:17:33.419Z</time>
</trkpt>
<trkpt lat="47.3982658" lon="0.9214560">
	<ele>57.66</ele>
	<time>1970-01-01T03:17:34.699Z</time>
</trkpt>
<trkpt lat="47.3983307" lon="0.9214650">
	<ele>57.04</ele>
	<time>1970-01-01T03:17:35.339Z</time>
</trkpt>
<trkpt lat="47.3983612" lon="0.9214670">
	<ele>56.51</ele>
	<time>1970-01-01T03:17:35.579Z</time>
</trkpt>
<trkpt lat="47.3983574" lon="0.9215140">
	<ele>56.59</ele>
	<time>1970-01-01T03:17:35.899Z</time>
</trkpt>
<trkpt lat="47.3983879" lon="0.9215190">
	<ele>55.92</ele>
	<time>1970-01-01T03:17:36.139Z</time>
</trkpt>
<trkpt lat="47.3984222" lon="0.9215230">
	<ele>55.03</ele>
	<time>1970-01-01T03:17:36.459Z</time>
</trkpt>
<trkpt lat="47.3984070" lon="0.9217880">
	<ele>55.50</ele>
	<time>1970-01-01T03:17:38.162Z</time>
</trkpt>
<trkpt lat="47.3983841" lon="0.9223570">
	<ele>56.33</ele>
	<time>1970-01-01T03:17:44.435Z</time>
</trkpt>
<trkpt lat="47.3983994" lon="0.9234610">
	<ele>56.45</ele>
	<time>1970-01-01T03:17:57.894Z</time>
</trkpt>
<trkpt lat="47.3984299" lon="0.9242080">
	<ele>58.31</ele>
	<time>1970-01-01T03:18:07.780Z</time>
</trkpt>
<trkpt lat="47.3984642" lon="0.9247110">
	<ele>56.41</ele>
	<time>1970-01-01T03:18:11.980Z</time>
</trkpt>
<trkpt lat="47.3985252" lon="0.9252130">
	<ele>56.39</ele>
	<time>1970-01-01T03:18:16.609Z</time>
</trkpt>
<trkpt lat="47.3987083" lon="0.9262200">
	<ele>56.59</ele>
	<time>1970-01-01T03:18:35.478Z</time>
</trkpt>
<trkpt lat="47.3988037" lon="0.9268080">
	<ele>59.27</ele>
	<time>1970-01-01T03:18:45.289Z</time>
</trkpt>
<trkpt lat="47.3988571" lon="0.9273730">
	<ele>61.64</ele>
	<time>1970-01-01T03:18:52.774Z</time>
</trkpt>
<trkpt lat="47.3988724" lon="0.9277270">
	<ele>62.41</ele>
	<time>1970-01-01T03:18:57.416Z</time>
</trkpt>
<trkpt lat="47.3988609" lon="0.9282430">
	<ele>60.73</ele>
	<time>1970-01-01T03:19:04.885Z</time>
</trkpt>
<trkpt lat="47.3988342" lon="0.9289910">
	<ele>59.66</ele>
	<time>1970-01-01T03:19:17.749Z</time>
</trkpt>
<trkpt lat="47.3988419" lon="0.9292190">
	<ele>60.21</ele>
	<time>1970-01-01T03:19:21.233Z</time>
</trkpt>
<trkpt lat="47.3988800" lon="0.9295550">
	<ele>59.10</ele>
	<time>1970-01-01T03:19:25.251Z</time>
</trkpt>
<trkpt lat="47.3989372" lon="0.9299750">
	<ele>57.97</ele>
	<time>1970-01-01T03:19:29.158Z</time>
</trkpt>
<trkpt lat="47.3990173" lon="0.9303700">
	<ele>57.67</ele>
	<time>1970-01-01T03:19:34.226Z</time>
</trkpt>
<trkpt lat="47.3991051" lon="0.9308770">
	<ele>56.98</ele>
	<time>1970-01-01T03:19:38.779Z</time>
</trkpt>
<trkpt lat="47.3991890" lon="0.9314940">
	<ele>56.78</ele>
	<time>1970-01-01T03:19:43.423Z</time>
</trkpt>
<trkpt lat="47.3992271" lon="0.9321220">
	<ele>56.23</ele>
	<time>1970-01-01T03:19:49.971Z</time>
</trkpt>
<trkpt lat="47.3992348" lon="0.9322080">
	<ele>55.98</ele>
	<time>1970-01-01T03:19:51.035Z</time>
</trkpt>
<trkpt lat="47.3992462" lon="0.9323230">
	<ele>55.64</ele>
	<time>1970-01-01T03:19:52.503Z</time>
</trkpt>
<trkpt lat="47.3992577" lon="0.9324170">
	<ele>55.36</ele>
	<time>1970-01-01T03:19:53.163Z</time>
</trkpt>
<trkpt lat="47.3993378" lon="0.9329700">
	<ele>54.93</ele>
	<time>1970-01-01T03:20:01.404Z</time>
</trkpt>
<trkpt lat="47.3994789" lon="0.9338160">
	<ele>56.09</ele>
	<time>1970-01-01T03:20:14.650Z</time>
</trkpt>
<trkpt lat="47.3996658" lon="0.9356380">
	<ele>55.05</ele>
	<time>1970-01-01T03:21:11.579Z</time>
</trkpt>
<trkpt lat="47.3998108" lon="0.9369610">
	<ele>57.67</ele>
	<time>1970-01-01T03:21:35.046Z</time>
</trkpt>
<trkpt lat="47.3998604" lon="0.9375290">
	<ele>57.11</ele>
	<time>1970-01-01T03:21:42.116Z</time>
</trkpt>
<trkpt lat="47.3999825" lon="0.9378110">
	<ele>55.35</ele>
	<time>1970-01-01T03:21:44.986Z</time>
</trkpt>
<trkpt lat="47.4000244" lon="0.9378700">
	<ele>54.89</ele>
	<time>1970-01-01T03:21:45.753Z</time>
</trkpt>
<trkpt lat="47.4000587" lon="0.9378900">
	<ele>54.65</ele>
	<time>1970-01-01T03:21:46.162Z</time>
</trkpt>
<trkpt lat="47.4001656" lon="0.9379160">
	<ele>54.69</ele>
	<time>1970-01-01T03:21:47.963Z</time>
</trkpt>
<trkpt lat="47.4007607" lon="0.9377230">
	<ele>54.34</ele>
	<time>1970-01-01T03:21:53.403Z</time>
</trkpt>
<trkpt lat="47.4013939" lon="0.9374960">
	<ele>55.01</ele>
	<time>1970-01-01T03:21:59.993Z</time>
</trkpt>
<trkpt lat="47.4017448" lon="0.9373830">
	<ele>55.33</ele>
	<time>1970-01-01T03:22:04.529Z</time>
</trkpt>
<trkpt lat="47.4019432" lon="0.9373560">
	<ele>54.23</ele>
	<time>1970-01-01T03:22:07.023Z</time>
</trkpt>
<trkpt lat="47.4022255" lon="0.9375510">
	<ele>54.46</ele>
	<time>1970-01-01T03:22:10.978Z</time>
</trkpt>
<trkpt lat="47.4025078" lon="0.9379200">
	<ele>53.66</ele>
	<time>1970-01-01T03:22:16.047Z</time>
</trkpt>
<trkpt lat="47.4027252" lon="0.9383040">
	<ele>53.53</ele>
	<time>1970-01-01T03:22:20.660Z</time>
</trkpt>
<trkpt lat="47.4028168" lon="0.9384450">
	<ele>54.35</ele>
	<time>1970-01-01T03:22:22.304Z</time>
</trkpt>
<trkpt lat="47.4028320" lon="0.9385090">
	<ele>54.48</ele>
	<time>1970-01-01T03:22:22.908Z</time>
</trkpt>
<trkpt lat="47.4028587" lon="0.9387750">
	<ele>53.52</ele>
	<time>1970-01-01T03:22:25.288Z</time>
</trkpt>
<trkpt lat="47.4028854" lon="0.9388340">
	<ele>53.41</ele>
	<time>1970-01-01T03:22:25.904Z</time>
</trkpt>
<trkpt lat="47.4031219" lon="0.9391720">
	<ele>55.33</ele>
	<time>1970-01-01T03:22:30.938Z</time>
</trkpt>
<trkpt lat="47.4031677" lon="0.9391890">
	<ele>55.35</ele>
	<time>1970-01-01T03:22:31.689Z</time>
</trkpt>
<trkpt lat="47.4031982" lon="0.9391240">
	<ele>55.61</ele>
	<time>1970-01-01T03:22:32.595Z</time>
</trkpt>
<trkpt lat="47.4032173" lon="0.9390330">
	<ele>55.58</ele>
	<time>1970-01-01T03:22:33.595Z</time>
</trkpt>
<trkpt lat="47.4032364" lon="0.9389940">
	<ele>55.50</ele>
	<time>1970-01-01T03:22:34.171Z</time>
</trkpt>
<trkpt lat="47.4032784" lon="0.9389920">
	<ele>55.34</ele>
	<time>1970-01-01T03:22:34.896Z</time>
</trkpt>
<trkpt lat="47.4032936" lon="0.9390370">
	<ele>55.27</ele>
	<time>1970-01-01T03:22:35.479Z</time>
</trkpt>
<trkpt lat="47.4033508" lon="0.9401120">
	<ele>54.91</ele>
	<time>1970-01-01T03:22:44.262Z</time>
</trkpt>
<trkpt lat="47.4033699" lon="0.9401810">
	<ele>54.71</ele>
	<time>1970-01-01T03:22:45.010Z</time>
</trkpt>
<trkpt lat="47.4033966" lon="0.9402140">
	<ele>54.36</ele>
	<time>1970-01-01T03:22:45.515Z</time>
</trkpt>
<trkpt lat="47.4034615" lon="0.9402270">
	<ele>53.25</ele>
	<time>1970-01-01T03:22:46.410Z</time>
</trkpt>
<trkpt lat="47.4034882" lon="0.9402600">
	<ele>52.75</ele>
	<time>1970-01-01T03:22:46.929Z</time>
</trkpt>
<trkpt lat="47.4034996" lon="0.9402990">
	<ele>52.59</ele>
	<time>1970-01-01T03:22:47.321Z</time>
</trkpt>
<trkpt lat="47.4035416" lon="0.9408740">
	<ele>53.79</ele>
	<time>1970-01-01T03:22:53.341Z</time>
</trkpt>
<trkpt lat="47.4038429" lon="0.9422520">
	<ele>54.44</ele>
	<time>1970-01-01T03:23:11.192Z</time>
</trkpt>
<trkpt lat="47.4039955" lon="0.9428930">
	<ele>54.28</ele>
	<time>1970-01-01T03:23:18.812Z</time>
</trkpt>
<trkpt lat="47.4043312" lon="0.9442200">
	<ele>53.75</ele>
	<time>1970-01-01T03:23:33.883Z</time>
</trkpt>
<trkpt lat="47.4044151" lon="0.9445880">
	<ele>54.67</ele>
	<time>1970-01-01T03:23:38.093Z</time>
</trkpt>
<trkpt lat="47.4044724" lon="0.9450010">
	<ele>54.87</ele>
	<time>1970-01-01T03:23:42.655Z</time>
</trkpt>
<trkpt lat="47.4047012" lon="0.9460450">
	<ele>56.03</ele>
	<time>1970-01-01T03:23:55.288Z</time>
</trkpt>
<trkpt lat="47.4047966" lon="0.9465880">
	<ele>55.02</ele>
	<time>1970-01-01T03:24:01.302Z</time>
</trkpt>
<trkpt lat="47.4050751" lon="0.9478090">
	<ele>55.30</ele>
	<time>1970-01-01T03:24:19.084Z</time>
</trkpt>
<trkpt lat="47.4050827" lon="0.9478740">
	<ele>55.37</ele>
	<time>1970-01-01T03:24:20.027Z</time>
</trkpt>
<trkpt lat="47.4050446" lon="0.9479590">
	<ele>56.42</ele>
	<time>1970-01-01T03:24:21.630Z</time>
</trkpt>
<trkpt lat="47.4050407" lon="0.9479960">
	<ele>56.60</ele>
	<time>1970-01-01T03:24:22.269Z</time>
</trkpt>
<trkpt lat="47.4053078" lon="0.9493840">
	<ele>56.75</ele>
	<time>1970-01-01T03:24:41.577Z</time>
</trkpt>
<trkpt lat="47.4053535" lon="0.9496380">
	<ele>56.16</ele>
	<time>1970-01-01T03:24:45.018Z</time>
</trkpt>
<trkpt lat="47.4053307" lon="0.9496870">
	<ele>56.51</ele>
	<time>1970-01-01T03:24:45.752Z</time>
</trkpt>
<trkpt lat="47.4052086" lon="0.9497590">
	<ele>57.14</ele>
	<time>1970-01-01T03:24:49.078Z</time>
</trkpt>
<trkpt lat="47.4044914" lon="0.9500480">
	<ele>55.57</ele>
	<time>1970-01-01T03:25:04.116Z</time>
</trkpt>
<trkpt lat="47.4040222" lon="0.9502570">
	<ele>55.87</ele>
	<time>1970-01-01T03:25:13.189Z</time>
</trkpt>
<trkpt lat="47.4037361" lon="0.9503950">
	<ele>56.14</ele>
	<time>1970-01-01T03:25:19.725Z</time>
</trkpt>
<trkpt lat="47.4036140" lon="0.9504230">
	<ele>56.07</ele>
	<time>1970-01-01T03:25:22.778Z</time>
</trkpt>
<trkpt lat="47.4036446" lon="0.9505040">
	<ele>56.07</ele>
	<time>1970-01-01T03:25:24.263Z</time>
</trkpt>
<trkpt lat="47.4036636" lon="0.9505790">
	<ele>55.97</ele>
	<time>1970-01-01T03:25:25.517Z</time>
</trkpt>
<trkpt lat="47.4038048" lon="0.9513360">
	<ele>55.81</ele>
	<time>1970-01-01T03:25:35.424Z</time>
</trkpt>
<trkpt lat="47.4040146" lon="0.9522650">
	<ele>56.07</ele>
	<time>1970-01-01T03:25:45.753Z</time>
</trkpt>
<trkpt lat="47.4044342" lon="0.9535290">
	<ele>56.00</ele>
	<time>1970-01-01T03:26:08.846Z</time>
</trkpt>
<trkpt lat="47.4046478" lon="0.9543040">
	<ele>55.72</ele>
	<time>1970-01-01T03:26:19.436Z</time>
</trkpt>
<trkpt lat="47.4047356" lon="0.9544750">
	<ele>56.02</ele>
	<time>1970-01-01T03:26:22.489Z</time>
</trkpt>
<trkpt lat="47.4051323" lon="0.9551270">
	<ele>55.97</ele>
	<time>1970-01-01T03:26:35.860Z</time>
</trkpt>
<trkpt lat="47.4053993" lon="0.9556670">
	<ele>56.31</ele>
	<time>1970-01-01T03:26:44.189Z</time>
</trkpt>
<trkpt lat="47.4055748" lon="0.9560420">
	<ele>55.99</ele>
	<time>1970-01-01T03:26:49.858Z</time>
</trkpt>
<trkpt lat="47.4057350" lon="0.9565450">
	<ele>56.01</ele>
	<time>1970-01-01T03:26:57.707Z</time>
</trkpt>
<trkpt lat="47.4059944" lon="0.9572830">
	<ele>56.07</ele>
	<time>1970-01-01T03:27:08.956Z</time>
</trkpt>
<trkpt lat="47.4062767" lon="0.9571200">
	<ele>56.42</ele>
	<time>1970-01-01T03:27:14.869Z</time>
</trkpt>
<trkpt lat="47.4064407" lon="0.9570630">
	<ele>56.55</ele>
	<time>1970-01-01T03:27:17.947Z</time>
</trkpt>
<trkpt lat="47.4065475" lon="0.9571220">
	<ele>56.29</ele>
	<time>1970-01-01T03:27:20.062Z</time>
</trkpt>
<trkpt lat="47.4066353" lon="0.9572940">
	<ele>56.28</ele>
	<time>1970-01-01T03:27:22.844Z</time>
</trkpt>
<trkpt lat="47.4066849" lon="0.9575970">
	<ele>55.81</ele>
	<time>1970-01-01T03:27:26.816Z</time>
</trkpt>
<trkpt lat="47.4067307" lon="0.9582850">
	<ele>54.97</ele>
	<time>1970-01-01T03:27:35.246Z</time>
</trkpt>
<trkpt lat="47.4068718" lon="0.9595220">
	<ele>54.76</ele>
	<time>1970-01-01T03:27:53.968Z</time>
</trkpt>
<trkpt lat="47.4069328" lon="0.9598590">
	<ele>56.30</ele>
	<time>1970-01-01T03:27:58.164Z</time>
</trkpt>
<trkpt lat="47.4070206" lon="0.9604170">
	<ele>55.18</ele>
	<time>1970-01-01T03:28:03.389Z</time>
</trkpt>
<trkpt lat="47.4071236" lon="0.9608780">
	<ele>54.02</ele>
	<time>1970-01-01T03:28:07.537Z</time>
</trkpt>
<trkpt lat="47.4072151" lon="0.9612390">
	<ele>55.73</ele>
	<time>1970-01-01T03:28:11.941Z</time>
</trkpt>
<trkpt lat="47.4073296" lon="0.9614740">
	<ele>54.27</ele>
	<time>1970-01-01T03:28:16.041Z</time>
</trkpt>
<trkpt lat="47.4074059" lon="0.9617890">
	<ele>53.56</ele>
	<time>1970-01-01T03:28:21.203Z</time>
</trkpt>
<trkpt lat="47.4075623" lon="0.9627190">
	<ele>56.03</ele>
	<time>1970-01-01T03:28:31.978Z</time>
</trkpt>
<trkpt lat="47.4076157" lon="0.9629260">
	<ele>54.90</ele>
	<time>1970-01-01T03:28:34.977Z</time>
</trkpt>
<trkpt lat="47.4076309" lon="0.9632720">
	<ele>54.67</ele>
	<time>1970-01-01T03:28:40.799Z</time>
</trkpt>
<trkpt lat="47.4076881" lon="0.9637010">
	<ele>55.65</ele>
	<time>1970-01-01T03:28:46.874Z</time>
</trkpt>
<trkpt lat="47.4077492" lon="0.9639800">
	<ele>56.71</ele>
	<time>1970-01-01T03:28:50.174Z</time>
</trkpt>
<trkpt lat="47.4078178" lon="0.9641840">
	<ele>56.43</ele>
	<time>1970-01-01T03:28:52.492Z</time>
</trkpt>
<trkpt lat="47.4078217" lon="0.9643020">
	<ele>56.45</ele>
	<time>1970-01-01T03:28:53.749Z</time>
</trkpt>
<trkpt lat="47.4077911" lon="0.9644060">
	<ele>56.90</ele>
	<time>1970-01-01T03:28:55.102Z</time>
</trkpt>
<trkpt lat="47.4077377" lon="0.9645190">
	<ele>57.12</ele>
	<time>1970-01-01T03:28:56.718Z</time>
</trkpt>
<trkpt lat="47.4077225" lon="0.9646400">
	<ele>56.80</ele>
	<time>1970-01-01T03:28:58.176Z</time>
</trkpt>
<trkpt lat="47.4077339" lon="0.9647660">
	<ele>56.55</ele>
	<time>1970-01-01T03:28:59.801Z</time>
</trkpt>
<trkpt lat="47.4076805" lon="0.9650580">
	<ele>57.01</ele>
	<time>1970-01-01T03:29:03.790Z</time>
</trkpt>
<trkpt lat="47.4078178" lon="0.9656670">
	<ele>56.26</ele>
	<time>1970-01-01T03:29:11.591Z</time>
</trkpt>
<trkpt lat="47.4079056" lon="0.9663060">
	<ele>55.19</ele>
	<time>1970-01-01T03:29:23.462Z</time>
</trkpt>
<trkpt lat="47.4080048" lon="0.9667640">
	<ele>55.74</ele>
	<time>1970-01-01T03:29:33.135Z</time>
</trkpt>
<trkpt lat="47.4080925" lon="0.9671150">
	<ele>55.65</ele>
	<time>1970-01-01T03:29:38.632Z</time>
</trkpt>
<trkpt lat="47.4083328" lon="0.9679450">
	<ele>55.77</ele>
	<time>1970-01-01T03:29:46.111Z</time>
</trkpt>
<trkpt lat="47.4085503" lon="0.9688180">
	<ele>53.96</ele>
	<time>1970-01-01T03:29:58.358Z</time>
</trkpt>
<trkpt lat="47.4087143" lon="0.9696680">
	<ele>55.77</ele>
	<time>1970-01-01T03:30:09.815Z</time>
</trkpt>
<trkpt lat="47.4087944" lon="0.9698710">
	<ele>55.71</ele>
	<time>1970-01-01T03:30:13.517Z</time>
</trkpt>
<trkpt lat="47.4088669" lon="0.9700050">
	<ele>57.22</ele>
	<time>1970-01-01T03:30:16.480Z</time>
</trkpt>
<trkpt lat="47.4090538" lon="0.9702970">
	<ele>55.16</ele>
	<time>1970-01-01T03:30:22.734Z</time>
</trkpt>
<trkpt lat="47.4091339" lon="0.9705170">
	<ele>56.08</ele>
	<time>1970-01-01T03:30:26.178Z</time>
</trkpt>
<trkpt lat="47.4094963" lon="0.9712790">
	<ele>55.33</ele>
	<time>1970-01-01T03:30:37.916Z</time>
</trkpt>
<trkpt lat="47.4095879" lon="0.9714930">
	<ele>55.02</ele>
	<time>1970-01-01T03:30:40.738Z</time>
</trkpt>
<trkpt lat="47.4098320" lon="0.9718890">
	<ele>54.69</ele>
	<time>1970-01-01T03:30:46.853Z</time>
</trkpt>
<trkpt lat="47.4098892" lon="0.9720040">
	<ele>54.57</ele>
	<time>1970-01-01T03:30:48.680Z</time>
</trkpt>
<trkpt lat="47.4099731" lon="0.9721210">
	<ele>54.60</ele>
	<time>1970-01-01T03:30:50.841Z</time>
</trkpt>
<trkpt lat="47.4101295" lon="0.9723060">
	<ele>54.03</ele>
	<time>1970-01-01T03:30:54.502Z</time>
</trkpt>
<trkpt lat="47.4104881" lon="0.9728170">
	<ele>55.72</ele>
	<time>1970-01-01T03:31:02.780Z</time>
</trkpt>
<trkpt lat="47.4107819" lon="0.9732640">
	<ele>57.90</ele>
	<time>1970-01-01T03:31:11.461Z</time>
</trkpt>
<trkpt lat="47.4109116" lon="0.9734350">
	<ele>58.25</ele>
	<time>1970-01-01T03:31:14.870Z</time>
</trkpt>
<trkpt lat="47.4109802" lon="0.9735940">
	<ele>56.91</ele>
	<time>1970-01-01T03:31:17.522Z</time>
</trkpt>
<trkpt lat="47.4110641" lon="0.9738990">
	<ele>58.72</ele>
	<time>1970-01-01T03:31:22.453Z</time>
</trkpt>
<trkpt lat="47.4116173" lon="0.9756350">
	<ele>57.80</ele>
	<time>1970-01-01T03:31:46.760Z</time>
</trkpt>
<trkpt lat="47.4119110" lon="0.9764210">
	<ele>58.70</ele>
	<time>1970-01-01T03:31:59.337Z</time>
</trkpt>
<trkpt lat="47.4119987" lon="0.9766080">
	<ele>57.93</ele>
	<time>1970-01-01T03:32:04.675Z</time>
</trkpt>
<trkpt lat="47.4120255" lon="0.9767100">
	<ele>57.59</ele>
	<time>1970-01-01T03:32:06.740Z</time>
</trkpt>
<trkpt lat="47.4122467" lon="0.9770930">
	<ele>55.23</ele>
	<time>1970-01-01T03:32:11.412Z</time>
</trkpt>
<trkpt lat="47.4122200" lon="0.9771520">
	<ele>55.73</ele>
	<time>1970-01-01T03:32:12.099Z</time>
</trkpt>
<trkpt lat="47.4122124" lon="0.9772570">
	<ele>56.31</ele>
	<time>1970-01-01T03:32:13.211Z</time>
</trkpt>
<trkpt lat="47.4123344" lon="0.9777520">
	<ele>57.15</ele>
	<time>1970-01-01T03:32:18.695Z</time>
</trkpt>
<trkpt lat="47.4123192" lon="0.9779320">
	<ele>57.63</ele>
	<time>1970-01-01T03:32:21.446Z</time>
</trkpt>
<trkpt lat="47.4125366" lon="0.9788920">
	<ele>58.51</ele>
	<time>1970-01-01T03:32:42.309Z</time>
</trkpt>
<trkpt lat="47.4125366" lon="0.9789960">
	<ele>58.58</ele>
	<time>1970-01-01T03:32:44.153Z</time>
</trkpt>
<trkpt lat="47.4123917" lon="0.9791250">
	<ele>59.87</ele>
	<time>1970-01-01T03:32:49.234Z</time>
</trkpt>
<trkpt lat="47.4124222" lon="0.9792570">
	<ele>59.45</ele>
	<time>1970-01-01T03:32:51.994Z</time>
</trkpt>
<trkpt lat="47.4124298" lon="0.9793640">
	<ele>59.15</ele>
	<time>1970-01-01T03:32:53.803Z</time>
</trkpt>
<trkpt lat="47.4124985" lon="0.9797360">
	<ele>61.06</ele>
	<time>1970-01-01T03:32:59.313Z</time>
</trkpt>
<trkpt lat="47.4125328" lon="0.9799750">
	<ele>60.71</ele>
	<time>1970-01-01T03:33:02.246Z</time>
</trkpt>
<trkpt lat="47.4125366" lon="0.9804150">
	<ele>58.69</ele>
	<time>1970-01-01T03:33:07.083Z</time>
</trkpt>
<trkpt lat="47.4125328" lon="0.9805250">
	<ele>57.98</ele>
	<time>1970-01-01T03:33:08.214Z</time>
</trkpt>
<trkpt lat="47.4125214" lon="0.9806190">
	<ele>57.80</ele>
	<time>1970-01-01T03:33:09.215Z</time>
</trkpt>
<trkpt lat="47.4125061" lon="0.9806940">
	<ele>57.87</ele>
	<time>1970-01-01T03:33:10.081Z</time>
</trkpt>
<trkpt lat="47.4124870" lon="0.9807370">
	<ele>57.93</ele>
	<time>1970-01-01T03:33:10.662Z</time>
</trkpt>
<trkpt lat="47.4123573" lon="0.9808460">
	<ele>58.00</ele>
	<time>1970-01-01T03:33:13.161Z</time>
</trkpt>
<trkpt lat="47.4122887" lon="0.9809880">
	<ele>58.03</ele>
	<time>1970-01-01T03:33:15.489Z</time>
</trkpt>
<trkpt lat="47.4123993" lon="0.9813530">
	<ele>57.88</ele>
	<time>1970-01-01T03:33:21.477Z</time>
</trkpt>
<trkpt lat="47.4124069" lon="0.9813790">
	<ele>57.86</ele>
	<time>1970-01-01T03:33:21.866Z</time>
</trkpt>
<trkpt lat="47.4124565" lon="0.9815560">
	<ele>57.90</ele>
	<time>1970-01-01T03:33:24.935Z</time>
</trkpt>
<trkpt lat="47.4125023" lon="0.9817050">
	<ele>58.00</ele>
	<time>1970-01-01T03:33:27.655Z</time>
</trkpt>
<trkpt lat="47.4126129" lon="0.9820460">
	<ele>58.60</ele>
	<time>1970-01-01T03:33:33.496Z</time>
</trkpt>
<trkpt lat="47.4127235" lon="0.9823540">
	<ele>58.95</ele>
	<time>1970-01-01T03:33:37.920Z</time>
</trkpt>
<trkpt lat="47.4128799" lon="0.9827140">
	<ele>59.26</ele>
	<time>1970-01-01T03:33:43.035Z</time>
</trkpt>
<trkpt lat="47.4129219" lon="0.9828030">
	<ele>59.13</ele>
	<time>1970-01-01T03:33:44.325Z</time>
</trkpt>
<trkpt lat="47.4130211" lon="0.9830310">
	<ele>58.97</ele>
	<time>1970-01-01T03:33:47.993Z</time>
</trkpt>
<trkpt lat="47.4132843" lon="0.9837170">
	<ele>59.81</ele>
	<time>1970-01-01T03:33:57.962Z</time>
</trkpt>
<trkpt lat="47.4132347" lon="0.9837800">
	<ele>59.62</ele>
	<time>1970-01-01T03:33:59.311Z</time>
</trkpt>
<trkpt lat="47.4132271" lon="0.9837900">
	<ele>59.60</ele>
	<time>1970-01-01T03:33:59.502Z</time>
</trkpt>
<trkpt lat="47.4130898" lon="0.9839550">
	<ele>60.00</ele>
	<time>1970-01-01T03:34:04.701Z</time>
</trkpt>
<trkpt lat="47.4129143" lon="0.9843110">
	<ele>60.14</ele>
	<time>1970-01-01T03:34:14.458Z</time>
</trkpt>
<trkpt lat="47.4128265" lon="0.9845830">
	<ele>60.26</ele>
	<time>1970-01-01T03:34:20.405Z</time>
</trkpt>
<trkpt lat="47.4127884" lon="0.9852910">
	<ele>61.43</ele>
	<time>1970-01-01T03:34:37.045Z</time>
</trkpt>
<trkpt lat="47.4127502" lon="0.9856720">
	<ele>61.17</ele>
	<time>1970-01-01T03:34:47.194Z</time>
</trkpt>
<trkpt lat="47.4126892" lon="0.9862230">
	<ele>60.43</ele>
	<time>1970-01-01T03:35:01.206Z</time>
</trkpt>
<trkpt lat="47.4126358" lon="0.9866160">
	<ele>61.00</ele>
	<time>1970-01-01T03:35:09.436Z</time>
</trkpt>
<trkpt lat="47.4126091" lon="0.9867240">
	<ele>62.42</ele>
	<time>1970-01-01T03:35:11.555Z</time>
</trkpt>
<trkpt lat="47.4125938" lon="0.9867840">
	<ele>63.36</ele>
	<time>1970-01-01T03:35:12.786Z</time>
</trkpt>
<trkpt lat="47.4121246" lon="0.9866480">
	<ele>59.55</ele>
	<time>1970-01-01T03:35:20.932Z</time>
</trkpt>
<trkpt lat="47.4121094" lon="0.9866440">
	<ele>59.49</ele>
	<time>1970-01-01T03:35:21.088Z</time>
</trkpt>
<trkpt lat="47.4119759" lon="0.9866740">
	<ele>59.11</ele>
	<time>1970-01-01T03:35:23.077Z</time>
</trkpt>
<trkpt lat="47.4119835" lon="0.9867320">
	<ele>59.15</ele>
	<time>1970-01-01T03:35:23.651Z</time>
</trkpt>
<trkpt lat="47.4119072" lon="0.9870910">
	<ele>58.38</ele>
	<time>1970-01-01T03:35:27.539Z</time>
</trkpt>
<trkpt lat="47.4119072" lon="0.9870910">
	<ele>58.38</ele>
	<time>1970-01-01T04:07:15.851Z</time>
</trkpt>
<trkpt lat="47.4117889" lon="0.9876550">
	<ele>58.52</ele>
	<time>1970-01-01T04:07:23.370Z</time>
</trkpt>
<trkpt lat="47.4117889" lon="0.9877790">
	<ele>58.15</ele>
	<time>1970-01-01T04:07:24.874Z</time>
</trkpt>
<trkpt lat="47.4117508" lon="0.9877820">
	<ele>58.09</ele>
	<time>1970-01-01T04:07:25.427Z</time>
</trkpt>
<trkpt lat="47.4116631" lon="0.9877850">
	<ele>57.98</ele>
	<time>1970-01-01T04:07:26.449Z</time>
</trkpt>
<trkpt lat="47.4116173" lon="0.9877930">
	<ele>57.93</ele>
	<time>1970-01-01T04:07:27.030Z</time>
</trkpt>
<trkpt lat="47.4115639" lon="0.9878590">
	<ele>57.91</ele>
	<time>1970-01-01T04:07:27.933Z</time>
</trkpt>
<trkpt lat="47.4115181" lon="0.9879850">
	<ele>57.96</ele>
	<time>1970-01-01T04:07:29.154Z</time>
</trkpt>
<trkpt lat="47.4114990" lon="0.9881510">
	<ele>57.91</ele>
	<time>1970-01-01T04:07:30.588Z</time>
</trkpt>
<trkpt lat="47.4114342" lon="0.9883550">
	<ele>57.95</ele>
	<time>1970-01-01T04:07:32.393Z</time>
</trkpt>
<trkpt lat="47.4110298" lon="0.9888730">
	<ele>58.28</ele>
	<time>1970-01-01T04:07:39.057Z</time>
</trkpt>
<trkpt lat="47.4108887" lon="0.9890330">
	<ele>58.45</ele>
	<time>1970-01-01T04:07:41.341Z</time>
</trkpt>
<trkpt lat="47.4109879" lon="0.9893500">
	<ele>57.64</ele>
	<time>1970-01-01T04:07:45.032Z</time>
</trkpt>
<trkpt lat="47.4109077" lon="0.9895130">
	<ele>57.09</ele>
	<time>1970-01-01T04:07:47.104Z</time>
</trkpt>
<trkpt lat="47.4108887" lon="0.9896430">
	<ele>57.05</ele>
	<time>1970-01-01T04:07:48.514Z</time>
</trkpt>
<trkpt lat="47.4109154" lon="0.9897850">
	<ele>57.39</ele>
	<time>1970-01-01T04:07:50.296Z</time>
</trkpt>
<trkpt lat="47.4110069" lon="0.9900800">
	<ele>57.89</ele>
	<time>1970-01-01T04:07:55.846Z</time>
</trkpt>
<trkpt lat="47.4108467" lon="0.9903060">
	<ele>57.99</ele>
	<time>1970-01-01T04:08:01.054Z</time>
</trkpt>
<trkpt lat="47.4107895" lon="0.9903780">
	<ele>57.94</ele>
	<time>1970-01-01T04:08:02.778Z</time>
</trkpt>
<trkpt lat="47.4109497" lon="0.9906170">
	<ele>58.49</ele>
	<time>1970-01-01T04:08:07.078Z</time>
</trkpt>
<trkpt lat="47.4109802" lon="0.9907190">
	<ele>59.21</ele>
	<time>1970-01-01T04:08:08.964Z</time>
</trkpt>
<trkpt lat="47.4110565" lon="0.9910010">
	<ele>60.88</ele>
	<time>1970-01-01T04:08:19.872Z</time>
</trkpt>
<trkpt lat="47.4111748" lon="0.9908720">
	<ele>61.71</ele>
	<time>1970-01-01T04:08:25.832Z</time>
</trkpt>
<trkpt lat="47.4111977" lon="0.9908740">
	<ele>61.91</ele>
	<time>1970-01-01T04:08:26.942Z</time>
</trkpt>
<trkpt lat="47.4113541" lon="0.9908850">
	<ele>63.90</ele>
	<time>1970-01-01T04:08:35.110Z</time>
</trkpt>
<trkpt lat="47.4111557" lon="0.9912300">
	<ele>64.86</ele>
	<time>1970-01-01T04:08:56.062Z</time>
</trkpt>
<trkpt lat="47.4110413" lon="0.9914370">
	<ele>66.16</ele>
	<time>1970-01-01T04:09:08.293Z</time>
</trkpt>
<trkpt lat="47.4109764" lon="0.9915370">
	<ele>66.80</ele>
	<time>1970-01-01T04:09:13.903Z</time>
</trkpt>
<trkpt lat="47.4108849" lon="0.9916510">
	<ele>66.67</ele>
	<time>1970-01-01T04:09:20.298Z</time>
</trkpt>
<trkpt lat="47.4107590" lon="0.9917770">
	<ele>68.47</ele>
	<time>1970-01-01T04:09:28.097Z</time>
</trkpt>
<trkpt lat="47.4106674" lon="0.9918820">
	<ele>70.89</ele>
	<time>1970-01-01T04:09:34.467Z</time>
</trkpt>
<trkpt lat="47.4104462" lon="0.9921470">
	<ele>72.67</ele>
	<time>1970-01-01T04:09:51.241Z</time>
</trkpt>
<trkpt lat="47.4105034" lon="0.9921830">
	<ele>74.18</ele>
	<time>1970-01-01T04:09:54.965Z</time>
</trkpt>
<trkpt lat="47.4105721" lon="0.9921490">
	<ele>74.65</ele>
	<time>1970-01-01T04:09:59.141Z</time>
</trkpt>
<trkpt lat="47.4107323" lon="0.9920460">
	<ele>75.46</ele>
	<time>1970-01-01T04:10:08.082Z</time>
</trkpt>
<trkpt lat="47.4108887" lon="0.9919440">
	<ele>76.91</ele>
	<time>1970-01-01T04:10:16.582Z</time>
</trkpt>
<trkpt lat="47.4110031" lon="0.9918480">
	<ele>78.40</ele>
	<time>1970-01-01T04:10:23.392Z</time>
</trkpt>
<trkpt lat="47.4111404" lon="0.9916820">
	<ele>78.05</ele>
	<time>1970-01-01T04:10:31.396Z</time>
</trkpt>
<trkpt lat="47.4114571" lon="0.9913180">
	<ele>83.07</ele>
	<time>1970-01-01T04:10:44.668Z</time>
</trkpt>
<trkpt lat="47.4116249" lon="0.9911690">
	<ele>84.49</ele>
	<time>1970-01-01T04:10:49.874Z</time>
</trkpt>
<trkpt lat="47.4117317" lon="0.9910340">
	<ele>83.93</ele>
	<time>1970-01-01T04:10:52.801Z</time>
</trkpt>
<trkpt lat="47.4118690" lon="0.9908330">
	<ele>85.70</ele>
	<time>1970-01-01T04:10:56.585Z</time>
</trkpt>
<trkpt lat="47.4119911" lon="0.9906060">
	<ele>83.78</ele>
	<time>1970-01-01T04:11:01.948Z</time>
</trkpt>
<trkpt lat="47.4122696" lon="0.9900540">
	<ele>92.35</ele>
	<time>1970-01-01T04:11:18.258Z</time>
</trkpt>
<trkpt lat="47.4125557" lon="0.9895400">
	<ele>96.30</ele>
	<time>1970-01-01T04:11:37.333Z</time>
</trkpt>
<trkpt lat="47.4127350" lon="0.9891830">
	<ele>94.07</ele>
	<time>1970-01-01T04:11:50.214Z</time>
</trkpt>
<trkpt lat="47.4127884" lon="0.9890900">
	<ele>95.86</ele>
	<time>1970-01-01T04:11:53.877Z</time>
</trkpt>
<trkpt lat="47.4128342" lon="0.9890650">
	<ele>96.91</ele>
	<time>1970-01-01T04:11:56.681Z</time>
</trkpt>
<trkpt lat="47.4128685" lon="0.9890960">
	<ele>97.43</ele>
	<time>1970-01-01T04:11:59.338Z</time>
</trkpt>
<trkpt lat="47.4128609" lon="0.9891560">
	<ele>97.69</ele>
	<time>1970-01-01T04:12:01.892Z</time>
</trkpt>
<trkpt lat="47.4128151" lon="0.9894130">
	<ele>99.19</ele>
	<time>1970-01-01T04:12:11.953Z</time>
</trkpt>
<trkpt lat="47.4127960" lon="0.9896880">
	<ele>100.06</ele>
	<time>1970-01-01T04:12:23.012Z</time>
</trkpt>
<trkpt lat="47.4126892" lon="0.9909930">
	<ele>102.49</ele>
	<time>1970-01-01T04:13:42.174Z</time>
</trkpt>
<trkpt lat="47.4126740" lon="0.9911740">
	<ele>102.64</ele>
	<time>1970-01-01T04:13:50.074Z</time>
</trkpt>
<trkpt lat="47.4126167" lon="0.9919700">
	<ele>105.14</ele>
	<time>1970-01-01T04:14:28.358Z</time>
</trkpt>
<trkpt lat="47.4126167" lon="0.9919700">
	<ele>105.14</ele>
	<time>1970-01-01T04:46:16.670Z</time>
</trkpt>
<trkpt lat="47.4126053" lon="0.9921460">
	<ele>105.58</ele>
	<time>1970-01-01T04:46:19.315Z</time>
</trkpt>
<trkpt lat="47.4125977" lon="0.9923690">
	<ele>105.95</ele>
	<time>1970-01-01T04:46:23.150Z</time>
</trkpt>
<trkpt lat="47.4125748" lon="0.9934650">
	<ele>105.91</ele>
	<time>1970-01-01T04:46:37.619Z</time>
</trkpt>
<trkpt lat="47.4125710" lon="0.9936990">
	<ele>105.77</ele>
	<time>1970-01-01T04:46:43.697Z</time>
</trkpt>
<trkpt lat="47.4125671" lon="0.9943610">
	<ele>106.01</ele>
	<time>1970-01-01T04:46:56.355Z</time>
</trkpt>
<trkpt lat="47.4125290" lon="0.9956580">
	<ele>105.07</ele>
	<time>1970-01-01T04:47:19.345Z</time>
</trkpt>
<trkpt lat="47.4125328" lon="0.9975220">
	<ele>105.00</ele>
	<time>1970-01-01T04:47:49.832Z</time>
</trkpt>
<trkpt lat="47.4125252" lon="0.9977020">
	<ele>104.93</ele>
	<time>1970-01-01T04:47:52.439Z</time>
</trkpt>
<trkpt lat="47.4125061" lon="0.9978340">
	<ele>105.16</ele>
	<time>1970-01-01T04:47:54.277Z</time>
</trkpt>
<trkpt lat="47.4124603" lon="0.9979850">
	<ele>105.70</ele>
	<time>1970-01-01T04:47:56.461Z</time>
</trkpt>
<trkpt lat="47.4124184" lon="0.9980950">
	<ele>105.79</ele>
	<time>1970-01-01T04:47:58.265Z</time>
</trkpt>
<trkpt lat="47.4123993" lon="0.9981950">
	<ele>105.88</ele>
	<time>1970-01-01T04:47:59.698Z</time>
</trkpt>
<trkpt lat="47.4124107" lon="0.9982810">
	<ele>106.01</ele>
	<time>1970-01-01T04:48:00.946Z</time>
</trkpt>
<trkpt lat="47.4124374" lon="0.9983700">
	<ele>106.09</ele>
	<time>1970-01-01T04:48:02.188Z</time>
</trkpt>
<trkpt lat="47.4124870" lon="0.9984920">
	<ele>106.23</ele>
	<time>1970-01-01T04:48:04.130Z</time>
</trkpt>
<trkpt lat="47.4128876" lon="0.9992460">
	<ele>104.33</ele>
	<time>1970-01-01T04:48:14.955Z</time>
</trkpt>
<trkpt lat="47.4129219" lon="0.9993490">
	<ele>104.77</ele>
	<time>1970-01-01T04:48:16.358Z</time>
</trkpt>
<trkpt lat="47.4129524" lon="0.9994670">
	<ele>105.08</ele>
	<time>1970-01-01T04:48:17.926Z</time>
</trkpt>
<trkpt lat="47.4129639" lon="0.9995450">
	<ele>105.10</ele>
	<time>1970-01-01T04:48:18.871Z</time>
</trkpt>
<trkpt lat="47.4129715" lon="0.9995960">
	<ele>105.07</ele>
	<time>1970-01-01T04:48:19.503Z</time>
</trkpt>
<trkpt lat="47.4130936" lon="1.0002650">
	<ele>105.01</ele>
	<time>1970-01-01T04:48:27.827Z</time>
</trkpt>
<trkpt lat="47.4132195" lon="1.0009900">
	<ele>104.09</ele>
	<time>1970-01-01T04:48:36.952Z</time>
</trkpt>
<trkpt lat="47.4132385" lon="1.0010600">
	<ele>104.00</ele>
	<time>1970-01-01T04:48:37.937Z</time>
</trkpt>
<trkpt lat="47.4137421" lon="1.0008430">
	<ele>104.00</ele>
	<time>1970-01-01T04:48:47.498Z</time>
</trkpt>
<trkpt lat="47.4139175" lon="1.0007780">
	<ele>104.00</ele>
	<time>1970-01-01T04:48:50.616Z</time>
</trkpt>
<trkpt lat="47.4142456" lon="1.0006840">
	<ele>103.76</ele>
	<time>1970-01-01T04:48:56.171Z</time>
</trkpt>
<trkpt lat="47.4146385" lon="1.0006050">
	<ele>103.04</ele>
	<time>1970-01-01T04:49:01.129Z</time>
</trkpt>
<trkpt lat="47.4147568" lon="1.0006191">
	<ele>102.92</ele>
	<time>1970-01-01T04:49:02.582Z</time>
</trkpt>
<trkpt lat="47.4148598" lon="1.0006540">
	<ele>102.57</ele>
	<time>1970-01-01T04:49:03.915Z</time>
</trkpt>
<trkpt lat="47.4149399" lon="1.0006950">
	<ele>102.23</ele>
	<time>1970-01-01T04:49:04.903Z</time>
</trkpt>
<trkpt lat="47.4149895" lon="1.0007310">
	<ele>102.04</ele>
	<time>1970-01-01T04:49:05.578Z</time>
</trkpt>
<trkpt lat="47.4150391" lon="1.0007710">
	<ele>101.85</ele>
	<time>1970-01-01T04:49:06.347Z</time>
</trkpt>
<trkpt lat="47.4151077" lon="1.0008430">
	<ele>101.57</ele>
	<time>1970-01-01T04:49:07.316Z</time>
</trkpt>
<trkpt lat="47.4151688" lon="1.0009561">
	<ele>101.35</ele>
	<time>1970-01-01T04:49:08.490Z</time>
</trkpt>
<trkpt lat="47.4152260" lon="1.0010900">
	<ele>101.18</ele>
	<time>1970-01-01T04:49:09.766Z</time>
</trkpt>
<trkpt lat="47.4152870" lon="1.0012650">
	<ele>100.97</ele>
	<time>1970-01-01T04:49:11.436Z</time>
</trkpt>
<trkpt lat="47.4155312" lon="1.0021600">
	<ele>100.09</ele>
	<time>1970-01-01T04:49:19.961Z</time>
</trkpt>
<trkpt lat="47.4160728" lon="1.0037340">
	<ele>99.17</ele>
	<time>1970-01-01T04:49:35.842Z</time>
</trkpt>
<trkpt lat="47.4162865" lon="1.0042580">
	<ele>98.70</ele>
	<time>1970-01-01T04:49:42.206Z</time>
</trkpt>
<trkpt lat="47.4164886" lon="1.0046650">
	<ele>98.55</ele>
	<time>1970-01-01T04:49:48.108Z</time>
</trkpt>
<trkpt lat="47.4166031" lon="1.0047880">
	<ele>98.31</ele>
	<time>1970-01-01T04:49:50.490Z</time>
</trkpt>
<trkpt lat="47.4166527" lon="1.0048259">
	<ele>98.09</ele>
	<time>1970-01-01T04:49:51.393Z</time>
</trkpt>
<trkpt lat="47.4166412" lon="1.0048881">
	<ele>98.11</ele>
	<time>1970-01-01T04:49:52.200Z</time>
</trkpt>
<trkpt lat="47.4166374" lon="1.0049640">
	<ele>98.13</ele>
	<time>1970-01-01T04:49:53.237Z</time>
</trkpt>
<trkpt lat="47.4167213" lon="1.0054350">
	<ele>98.86</ele>
	<time>1970-01-01T04:49:59.238Z</time>
</trkpt>
<trkpt lat="47.4167786" lon="1.0060930">
	<ele>99.21</ele>
	<time>1970-01-01T04:50:07.431Z</time>
</trkpt>
<trkpt lat="47.4168816" lon="1.0070490">
	<ele>99.84</ele>
	<time>1970-01-01T04:50:18.941Z</time>
</trkpt>
<trkpt lat="47.4169273" lon="1.0074691">
	<ele>99.95</ele>
	<time>1970-01-01T04:50:23.120Z</time>
</trkpt>
<trkpt lat="47.4170151" lon="1.0082290">
	<ele>99.80</ele>
	<time>1970-01-01T04:50:30.644Z</time>
</trkpt>
<trkpt lat="47.4170418" lon="1.0084200">
	<ele>99.68</ele>
	<time>1970-01-01T04:50:32.740Z</time>
</trkpt>
<trkpt lat="47.4171486" lon="1.0090070">
	<ele>99.18</ele>
	<time>1970-01-01T04:50:39.809Z</time>
</trkpt>
<trkpt lat="47.4171829" lon="1.0092061">
	<ele>99.19</ele>
	<time>1970-01-01T04:50:42.324Z</time>
</trkpt>
<trkpt lat="47.4172592" lon="1.0096620">
	<ele>99.93</ele>
	<time>1970-01-01T04:50:48.224Z</time>
</trkpt>
<trkpt lat="47.4173126" lon="1.0100110">
	<ele>99.70</ele>
	<time>1970-01-01T04:50:53.048Z</time>
</trkpt>
<trkpt lat="47.4177017" lon="1.0127920">
	<ele>95.23</ele>
	<time>1970-01-01T04:51:25.846Z</time>
</trkpt>
<trkpt lat="47.4177513" lon="1.0130160">
	<ele>95.93</ele>
	<time>1970-01-01T04:51:28.613Z</time>
</trkpt>
<trkpt lat="47.4178276" lon="1.0132430">
	<ele>95.83</ele>
	<time>1970-01-01T04:51:31.574Z</time>
</trkpt>
<trkpt lat="47.4181290" lon="1.0138700">
	<ele>96.93</ele>
	<time>1970-01-01T04:51:38.611Z</time>
</trkpt>
<trkpt lat="47.4183006" lon="1.0141840">
	<ele>98.06</ele>
	<time>1970-01-01T04:51:43.656Z</time>
</trkpt>
<trkpt lat="47.4184532" lon="1.0144100">
	<ele>98.87</ele>
	<time>1970-01-01T04:51:47.941Z</time>
</trkpt>
<trkpt lat="47.4187050" lon="1.0147170">
	<ele>99.69</ele>
	<time>1970-01-01T04:51:54.259Z</time>
</trkpt>
<trkpt lat="47.4189453" lon="1.0149730">
	<ele>99.79</ele>
	<time>1970-01-01T04:51:59.350Z</time>
</trkpt>
<trkpt lat="47.4191704" lon="1.0151960">
	<ele>98.36</ele>
	<time>1970-01-01T04:52:03.373Z</time>
</trkpt>
<trkpt lat="47.4195175" lon="1.0155120">
	<ele>97.70</ele>
	<time>1970-01-01T04:52:10.508Z</time>
</trkpt>
<trkpt lat="47.4198380" lon="1.0158520">
	<ele>99.69</ele>
	<time>1970-01-01T04:52:19.940Z</time>
</trkpt>
<trkpt lat="47.4201202" lon="1.0162090">
	<ele>99.15</ele>
	<time>1970-01-01T04:52:28.989Z</time>
</trkpt>
<trkpt lat="47.4204407" lon="1.0168470">
	<ele>98.80</ele>
	<time>1970-01-01T04:52:40.850Z</time>
</trkpt>
<trkpt lat="47.4207077" lon="1.0174130">
	<ele>99.20</ele>
	<time>1970-01-01T04:52:49.897Z</time>
</trkpt>
<trkpt lat="47.4213600" lon="1.0189400">
	<ele>100.17</ele>
	<time>1970-01-01T04:53:12.163Z</time>
</trkpt>
<trkpt lat="47.4223518" lon="1.0208900">
	<ele>99.00</ele>
	<time>1970-01-01T04:53:48.061Z</time>
</trkpt>
<trkpt lat="47.4225388" lon="1.0211570">
	<ele>99.00</ele>
	<time>1970-01-01T04:53:52.842Z</time>
</trkpt>
<trkpt lat="47.4227295" lon="1.0213600">
	<ele>99.00</ele>
	<time>1970-01-01T04:53:57.143Z</time>
</trkpt>
<trkpt lat="47.4229012" lon="1.0215410">
	<ele>99.00</ele>
	<time>1970-01-01T04:54:00.955Z</time>
</trkpt>
<trkpt lat="47.4228821" lon="1.0216500">
	<ele>99.00</ele>
	<time>1970-01-01T04:54:02.283Z</time>
</trkpt>
<trkpt lat="47.4228745" lon="1.0217730">
	<ele>99.00</ele>
	<time>1970-01-01T04:54:03.777Z</time>
</trkpt>
<trkpt lat="47.4228821" lon="1.0219320">
	<ele>99.00</ele>
	<time>1970-01-01T04:54:05.771Z</time>
</trkpt>
<trkpt lat="47.4229012" lon="1.0220120">
	<ele>99.00</ele>
	<time>1970-01-01T04:54:06.768Z</time>
</trkpt>
<trkpt lat="47.4229317" lon="1.0220950">
	<ele>99.00</ele>
	<time>1970-01-01T04:54:07.932Z</time>
</trkpt>
<trkpt lat="47.4229813" lon="1.0221930">
	<ele>99.00</ele>
	<time>1970-01-01T04:54:09.337Z</time>
</trkpt>
<trkpt lat="47.4230385" lon="1.0222710">
	<ele>99.00</ele>
	<time>1970-01-01T04:54:10.749Z</time>
</trkpt>
<trkpt lat="47.4232521" lon="1.0224600">
	<ele>98.33</ele>
	<time>1970-01-01T04:54:15.458Z</time>
</trkpt>
<trkpt lat="47.4233856" lon="1.0226220">
	<ele>97.87</ele>
	<time>1970-01-01T04:54:18.648Z</time>
</trkpt>
<trkpt lat="47.4234962" lon="1.0227950">
	<ele>97.95</ele>
	<time>1970-01-01T04:54:21.669Z</time>
</trkpt>
<trkpt lat="47.4236183" lon="1.0230340">
	<ele>98.00</ele>
	<time>1970-01-01T04:54:25.300Z</time>
</trkpt>
<trkpt lat="47.4238129" lon="1.0234770">
	<ele>97.65</ele>
	<time>1970-01-01T04:54:31.375Z</time>
</trkpt>
<trkpt lat="47.4239273" lon="1.0237600">
	<ele>96.94</ele>
	<time>1970-01-01T04:54:34.861Z</time>
</trkpt>
<trkpt lat="47.4241562" lon="1.0244190">
	<ele>96.03</ele>
	<time>1970-01-01T04:54:42.067Z</time>
</trkpt>
<trkpt lat="47.4236069" lon="1.0250030">
	<ele>98.02</ele>
	<time>1970-01-01T04:54:53.950Z</time>
</trkpt>
<trkpt lat="47.4228172" lon="1.0258480">
	<ele>100.90</ele>
	<time>1970-01-01T04:55:21.260Z</time>
</trkpt>
<trkpt lat="47.4223213" lon="1.0263240">
	<ele>101.90</ele>
	<time>1970-01-01T04:55:34.931Z</time>
</trkpt>
<trkpt lat="47.4220009" lon="1.0265940">
	<ele>102.84</ele>
	<time>1970-01-01T04:55:45.280Z</time>
</trkpt>
<trkpt lat="47.4217339" lon="1.0268090">
	<ele>102.98</ele>
	<time>1970-01-01T04:55:55.339Z</time>
</trkpt>
<trkpt lat="47.4216728" lon="1.0268800">
	<ele>102.99</ele>
	<time>1970-01-01T04:55:57.732Z</time>
</trkpt>
<trkpt lat="47.4216347" lon="1.0269589">
	<ele>103.06</ele>
	<time>1970-01-01T04:55:59.650Z</time>
</trkpt>
<trkpt lat="47.4216232" lon="1.0270211">
	<ele>103.08</ele>
	<time>1970-01-01T04:56:00.983Z</time>
</trkpt>
<trkpt lat="47.4216270" lon="1.0271291">
	<ele>103.03</ele>
	<time>1970-01-01T04:56:03.056Z</time>
</trkpt>
<trkpt lat="47.4217567" lon="1.0276020">
	<ele>103.33</ele>
	<time>1970-01-01T04:56:11.084Z</time>
</trkpt>
<trkpt lat="47.4219284" lon="1.0281370">
	<ele>102.16</ele>
	<time>1970-01-01T04:56:18.919Z</time>
</trkpt>
<trkpt lat="47.4222183" lon="1.0290630">
	<ele>100.99</ele>
	<time>1970-01-01T04:56:29.885Z</time>
</trkpt>
<trkpt lat="47.4224930" lon="1.0300020">
	<ele>100.05</ele>
	<time>1970-01-01T04:56:39.557Z</time>
</trkpt>
<trkpt lat="47.4225807" lon="1.0304040">
	<ele>98.82</ele>
	<time>1970-01-01T04:56:43.455Z</time>
</trkpt>
<trkpt lat="47.4226532" lon="1.0308210">
	<ele>98.87</ele>
	<time>1970-01-01T04:56:47.253Z</time>
</trkpt>
<trkpt lat="47.4226913" lon="1.0310080">
	<ele>99.19</ele>
	<time>1970-01-01T04:56:49.017Z</time>
</trkpt>
<trkpt lat="47.4227982" lon="1.0316490">
	<ele>97.83</ele>
	<time>1970-01-01T04:56:54.903Z</time>
</trkpt>
<trkpt lat="47.4230385" lon="1.0329649">
	<ele>96.25</ele>
	<time>1970-01-01T04:57:06.978Z</time>
</trkpt>
<trkpt lat="47.4231682" lon="1.0336910">
	<ele>93.83</ele>
	<time>1970-01-01T04:57:13.059Z</time>
</trkpt>
<trkpt lat="47.4233360" lon="1.0346030">
	<ele>94.50</ele>
	<time>1970-01-01T04:57:23.908Z</time>
</trkpt>
<trkpt lat="47.4234810" lon="1.0354691">
	<ele>99.06</ele>
	<time>1970-01-01T04:57:36.340Z</time>
</trkpt>
<trkpt lat="47.4235535" lon="1.0357540">
	<ele>100.02</ele>
	<time>1970-01-01T04:57:41.965Z</time>
</trkpt>
<trkpt lat="47.4236488" lon="1.0359960">
	<ele>99.98</ele>
	<time>1970-01-01T04:57:47.704Z</time>
</trkpt>
<trkpt lat="47.4237328" lon="1.0361691">
	<ele>100.07</ele>
	<time>1970-01-01T04:57:51.998Z</time>
</trkpt>
<trkpt lat="47.4238777" lon="1.0364029">
	<ele>100.04</ele>
	<time>1970-01-01T04:57:58.682Z</time>
</trkpt>
<trkpt lat="47.4243889" lon="1.0370460">
	<ele>100.30</ele>
	<time>1970-01-01T04:58:16.839Z</time>
</trkpt>
<trkpt lat="47.4247017" lon="1.0374720">
	<ele>101.93</ele>
	<time>1970-01-01T04:58:28.175Z</time>
</trkpt>
<trkpt lat="47.4249649" lon="1.0377700">
	<ele>102.94</ele>
	<time>1970-01-01T04:58:37.546Z</time>
</trkpt>
<trkpt lat="47.4253235" lon="1.0380780">
	<ele>103.98</ele>
	<time>1970-01-01T04:58:47.676Z</time>
</trkpt>
<trkpt lat="47.4255638" lon="1.0385040">
	<ele>103.99</ele>
	<time>1970-01-01T04:58:56.549Z</time>
</trkpt>
<trkpt lat="47.4257545" lon="1.0388030">
	<ele>103.88</ele>
	<time>1970-01-01T04:59:02.636Z</time>
</trkpt>
<trkpt lat="47.4262238" lon="1.0393800">
	<ele>104.05</ele>
	<time>1970-01-01T04:59:15.181Z</time>
</trkpt>
<trkpt lat="47.4265251" lon="1.0398099">
	<ele>103.82</ele>
	<time>1970-01-01T04:59:23.476Z</time>
</trkpt>
<trkpt lat="47.4267807" lon="1.0400810">
	<ele>103.84</ele>
	<time>1970-01-01T04:59:34.867Z</time>
</trkpt>
<trkpt lat="47.4269485" lon="1.0402560">
	<ele>103.05</ele>
	<time>1970-01-01T04:59:40.537Z</time>
</trkpt>
<trkpt lat="47.4270363" lon="1.0403820">
	<ele>103.10</ele>
	<time>1970-01-01T04:59:43.562Z</time>
</trkpt>
<trkpt lat="47.4271431" lon="1.0405639">
	<ele>102.95</ele>
	<time>1970-01-01T04:59:47.069Z</time>
</trkpt>
<trkpt lat="47.4271965" lon="1.0406880">
	<ele>102.49</ele>
	<time>1970-01-01T04:59:49.033Z</time>
</trkpt>
<trkpt lat="47.4272614" lon="1.0409240">
	<ele>101.88</ele>
	<time>1970-01-01T04:59:52.189Z</time>
</trkpt>
<trkpt lat="47.4272881" lon="1.0410531">
	<ele>101.97</ele>
	<time>1970-01-01T04:59:53.964Z</time>
</trkpt>
<trkpt lat="47.4273148" lon="1.0413370">
	<ele>101.67</ele>
	<time>1970-01-01T04:59:58.645Z</time>
</trkpt>
<trkpt lat="47.4273224" lon="1.0414140">
	<ele>101.67</ele>
	<time>1970-01-01T04:59:59.881Z</time>
</trkpt>
<trkpt lat="47.4274139" lon="1.0417370">
	<ele>101.77</ele>
	<time>1970-01-01T05:00:06.142Z</time>
</trkpt>
<trkpt lat="47.4275208" lon="1.0419990">
	<ele>102.14</ele>
	<time>1970-01-01T05:00:11.938Z</time>
</trkpt>
<trkpt lat="47.4276772" lon="1.0422820">
	<ele>102.58</ele>
	<time>1970-01-01T05:00:18.377Z</time>
</trkpt>
<trkpt lat="47.4280853" lon="1.0429831">
	<ele>102.71</ele>
	<time>1970-01-01T05:00:29.486Z</time>
</trkpt>
<trkpt lat="47.4283752" lon="1.0434470">
	<ele>102.97</ele>
	<time>1970-01-01T05:00:36.883Z</time>
</trkpt>
<trkpt lat="47.4284592" lon="1.0435539">
	<ele>102.56</ele>
	<time>1970-01-01T05:00:38.895Z</time>
</trkpt>
<trkpt lat="47.4285545" lon="1.0436480">
	<ele>102.22</ele>
	<time>1970-01-01T05:00:41.219Z</time>
</trkpt>
<trkpt lat="47.4287148" lon="1.0437560">
	<ele>102.40</ele>
	<time>1970-01-01T05:00:44.803Z</time>
</trkpt>
<trkpt lat="47.4288216" lon="1.0437959">
	<ele>102.58</ele>
	<time>1970-01-01T05:00:47.181Z</time>
</trkpt>
<trkpt lat="47.4298553" lon="1.0440470">
	<ele>106.04</ele>
	<time>1970-01-01T05:01:14.763Z</time>
</trkpt>
<trkpt lat="47.4300537" lon="1.0441180">
	<ele>105.96</ele>
	<time>1970-01-01T05:01:19.367Z</time>
</trkpt>
<trkpt lat="47.4301949" lon="1.0442230">
	<ele>106.02</ele>
	<time>1970-01-01T05:01:23.483Z</time>
</trkpt>
<trkpt lat="47.4303207" lon="1.0443770">
	<ele>105.98</ele>
	<time>1970-01-01T05:01:27.652Z</time>
</trkpt>
<trkpt lat="47.4304428" lon="1.0446190">
	<ele>106.88</ele>
	<time>1970-01-01T05:01:33.336Z</time>
</trkpt>
<trkpt lat="47.4304466" lon="1.0446310">
	<ele>106.90</ele>
	<time>1970-01-01T05:01:33.573Z</time>
</trkpt>
<trkpt lat="47.4305687" lon="1.0449491">
	<ele>107.00</ele>
	<time>1970-01-01T05:01:40.711Z</time>
</trkpt>
<trkpt lat="47.4307098" lon="1.0452780">
	<ele>106.95</ele>
	<time>1970-01-01T05:01:48.229Z</time>
</trkpt>
<trkpt lat="47.4309807" lon="1.0455890">
	<ele>106.99</ele>
	<time>1970-01-01T05:01:56.941Z</time>
</trkpt>
<trkpt lat="47.4315720" lon="1.0459141">
	<ele>107.11</ele>
	<time>1970-01-01T05:02:07.424Z</time>
</trkpt>
<trkpt lat="47.4328270" lon="1.0466590">
	<ele>103.61</ele>
	<time>1970-01-01T05:02:27.876Z</time>
</trkpt>
<trkpt lat="47.4332085" lon="1.0477660">
	<ele>102.95</ele>
	<time>1970-01-01T05:02:38.160Z</time>
</trkpt>
<trkpt lat="47.4334831" lon="1.0485970">
	<ele>102.54</ele>
	<time>1970-01-01T05:02:47.308Z</time>
</trkpt>
<trkpt lat="47.4338951" lon="1.0497650">
	<ele>99.97</ele>
	<time>1970-01-01T05:02:58.110Z</time>
</trkpt>
<trkpt lat="47.4341049" lon="1.0504060">
	<ele>100.69</ele>
	<time>1970-01-01T05:03:07.450Z</time>
</trkpt>
<trkpt lat="47.4344177" lon="1.0513690">
	<ele>103.03</ele>
	<time>1970-01-01T05:03:30.701Z</time>
</trkpt>
<trkpt lat="47.4346237" lon="1.0518830">
	<ele>104.05</ele>
	<time>1970-01-01T05:03:43.873Z</time>
</trkpt>
<trkpt lat="47.4349136" lon="1.0524640">
	<ele>105.26</ele>
	<time>1970-01-01T05:03:53.097Z</time>
</trkpt>
<trkpt lat="47.4349976" lon="1.0526400">
	<ele>105.07</ele>
	<time>1970-01-01T05:03:55.811Z</time>
</trkpt>
<trkpt lat="47.4350548" lon="1.0527880">
	<ele>104.82</ele>
	<time>1970-01-01T05:03:58.012Z</time>
</trkpt>
<trkpt lat="47.4351158" lon="1.0529730">
	<ele>104.64</ele>
	<time>1970-01-01T05:04:00.548Z</time>
</trkpt>
<trkpt lat="47.4351616" lon="1.0531150">
	<ele>104.48</ele>
	<time>1970-01-01T05:04:04.620Z</time>
</trkpt>
<trkpt lat="47.4353218" lon="1.0541871">
	<ele>102.87</ele>
	<time>1970-01-01T05:04:26.812Z</time>
</trkpt>
<trkpt lat="47.4353981" lon="1.0546170">
	<ele>102.68</ele>
	<time>1970-01-01T05:04:31.980Z</time>
</trkpt>
<trkpt lat="47.4354439" lon="1.0548100">
	<ele>102.13</ele>
	<time>1970-01-01T05:04:34.051Z</time>
</trkpt>
<trkpt lat="47.4354935" lon="1.0549690">
	<ele>101.38</ele>
	<time>1970-01-01T05:04:35.699Z</time>
</trkpt>
<trkpt lat="47.4356117" lon="1.0552990">
	<ele>100.95</ele>
	<time>1970-01-01T05:04:38.930Z</time>
</trkpt>
<trkpt lat="47.4356842" lon="1.0554270">
	<ele>100.72</ele>
	<time>1970-01-01T05:04:40.447Z</time>
</trkpt>
<trkpt lat="47.4358063" lon="1.0556149">
	<ele>99.99</ele>
	<time>1970-01-01T05:04:42.783Z</time>
</trkpt>
<trkpt lat="47.4358521" lon="1.0557030">
	<ele>99.92</ele>
	<time>1970-01-01T05:04:43.709Z</time>
</trkpt>
<trkpt lat="47.4361610" lon="1.0566580">
	<ele>100.00</ele>
	<time>1970-01-01T05:04:56.506Z</time>
</trkpt>
<trkpt lat="47.4366188" lon="1.0579780">
	<ele>103.78</ele>
	<time>1970-01-01T05:05:16.484Z</time>
</trkpt>
<trkpt lat="47.4367523" lon="1.0584880">
	<ele>105.41</ele>
	<time>1970-01-01T05:05:24.869Z</time>
</trkpt>
<trkpt lat="47.4367638" lon="1.0585620">
	<ele>105.56</ele>
	<time>1970-01-01T05:05:26.127Z</time>
</trkpt>
<trkpt lat="47.4370003" lon="1.0595630">
	<ele>106.27</ele>
	<time>1970-01-01T05:05:48.895Z</time>
</trkpt>
<trkpt lat="47.4370766" lon="1.0599850">
	<ele>106.91</ele>
	<time>1970-01-01T05:05:57.277Z</time>
</trkpt>
<trkpt lat="47.4371147" lon="1.0603790">
	<ele>107.57</ele>
	<time>1970-01-01T05:06:04.087Z</time>
</trkpt>
<trkpt lat="47.4371300" lon="1.0607640">
	<ele>108.19</ele>
	<time>1970-01-01T05:06:10.556Z</time>
</trkpt>
<trkpt lat="47.4371414" lon="1.0610230">
	<ele>108.91</ele>
	<time>1970-01-01T05:06:15.021Z</time>
</trkpt>
<trkpt lat="47.4371643" lon="1.0612670">
	<ele>108.53</ele>
	<time>1970-01-01T05:06:19.317Z</time>
</trkpt>
<trkpt lat="47.4371872" lon="1.0613869">
	<ele>108.09</ele>
	<time>1970-01-01T05:06:21.408Z</time>
</trkpt>
<trkpt lat="47.4372215" lon="1.0615630">
	<ele>108.61</ele>
	<time>1970-01-01T05:06:24.548Z</time>
</trkpt>
<trkpt lat="47.4373283" lon="1.0620190">
	<ele>108.98</ele>
	<time>1970-01-01T05:06:33.582Z</time>
</trkpt>
<trkpt lat="47.4373894" lon="1.0623240">
	<ele>108.91</ele>
	<time>1970-01-01T05:06:40.094Z</time>
</trkpt>
<trkpt lat="47.4374046" lon="1.0624260">
	<ele>108.88</ele>
	<time>1970-01-01T05:06:42.118Z</time>
</trkpt>
<trkpt lat="47.4374123" lon="1.0625150">
	<ele>108.90</ele>
	<time>1970-01-01T05:06:43.954Z</time>
</trkpt>
<trkpt lat="47.4374199" lon="1.0627590">
	<ele>109.19</ele>
	<time>1970-01-01T05:06:48.441Z</time>
</trkpt>
<trkpt lat="47.4374084" lon="1.0629240">
	<ele>108.79</ele>
	<time>1970-01-01T05:06:51.271Z</time>
</trkpt>
<trkpt lat="47.4373894" lon="1.0630970">
	<ele>108.59</ele>
	<time>1970-01-01T05:06:54.216Z</time>
</trkpt>
<trkpt lat="47.4373627" lon="1.0632800">
	<ele>108.86</ele>
	<time>1970-01-01T05:06:57.267Z</time>
</trkpt>
<trkpt lat="47.4372787" lon="1.0637470">
	<ele>108.95</ele>
	<time>1970-01-01T05:07:04.237Z</time>
</trkpt>
<trkpt lat="47.4372482" lon="1.0639770">
	<ele>109.26</ele>
	<time>1970-01-01T05:07:07.391Z</time>
</trkpt>
<trkpt lat="47.4372292" lon="1.0643600">
	<ele>110.78</ele>
	<time>1970-01-01T05:07:12.133Z</time>
</trkpt>
<trkpt lat="47.4373627" lon="1.0662190">
	<ele>109.87</ele>
	<time>1970-01-01T05:07:34.634Z</time>
</trkpt>
<trkpt lat="47.4373817" lon="1.0664110">
	<ele>109.58</ele>
	<time>1970-01-01T05:07:37.092Z</time>
</trkpt>
<trkpt lat="47.4375000" lon="1.0672510">
	<ele>109.93</ele>
	<time>1970-01-01T05:07:46.821Z</time>
</trkpt>
<trkpt lat="47.4375801" lon="1.0677310">
	<ele>108.99</ele>
	<time>1970-01-01T05:07:51.774Z</time>
</trkpt>
<trkpt lat="47.4376602" lon="1.0681590">
	<ele>108.93</ele>
	<time>1970-01-01T05:07:56.026Z</time>
</trkpt>
<trkpt lat="47.4379730" lon="1.0695280">
	<ele>107.02</ele>
	<time>1970-01-01T05:08:09.754Z</time>
</trkpt>
<trkpt lat="47.4380608" lon="1.0699390">
	<ele>107.01</ele>
	<time>1970-01-01T05:08:14.081Z</time>
</trkpt>
<trkpt lat="47.4381943" lon="1.0706069">
	<ele>105.94</ele>
	<time>1970-01-01T05:08:20.152Z</time>
</trkpt>
<trkpt lat="47.4382172" lon="1.0707591">
	<ele>106.01</ele>
	<time>1970-01-01T05:08:21.589Z</time>
</trkpt>
<trkpt lat="47.4382248" lon="1.0708610">
	<ele>106.06</ele>
	<time>1970-01-01T05:08:22.526Z</time>
</trkpt>
<trkpt lat="47.4382210" lon="1.0709831">
	<ele>106.17</ele>
	<time>1970-01-01T05:08:23.556Z</time>
</trkpt>
<trkpt lat="47.4382133" lon="1.0710710">
	<ele>106.18</ele>
	<time>1970-01-01T05:08:24.377Z</time>
</trkpt>
<trkpt lat="47.4381905" lon="1.0711600">
	<ele>106.00</ele>
	<time>1970-01-01T05:08:25.176Z</time>
</trkpt>
<trkpt lat="47.4380035" lon="1.0715040">
	<ele>104.56</ele>
	<time>1970-01-01T05:08:28.841Z</time>
</trkpt>
<trkpt lat="47.4379692" lon="1.0716280">
	<ele>104.11</ele>
	<time>1970-01-01T05:08:29.975Z</time>
</trkpt>
<trkpt lat="47.4379387" lon="1.0717731">
	<ele>103.81</ele>
	<time>1970-01-01T05:08:31.206Z</time>
</trkpt>
<trkpt lat="47.4379120" lon="1.0725130">
	<ele>102.02</ele>
	<time>1970-01-01T05:08:37.582Z</time>
</trkpt>
<trkpt lat="47.4379234" lon="1.0729480">
	<ele>100.72</ele>
	<time>1970-01-01T05:08:41.028Z</time>
</trkpt>
<trkpt lat="47.4380074" lon="1.0744570">
	<ele>96.92</ele>
	<time>1970-01-01T05:08:57.278Z</time>
</trkpt>
<trkpt lat="47.4380035" lon="1.0745120">
	<ele>96.93</ele>
	<time>1970-01-01T05:08:57.892Z</time>
</trkpt>
<trkpt lat="47.4380035" lon="1.0745190">
	<ele>96.94</ele>
	<time>1970-01-01T05:08:58.045Z</time>
</trkpt>
<trkpt lat="47.4379959" lon="1.0746289">
	<ele>97.04</ele>
	<time>1970-01-01T05:08:59.280Z</time>
</trkpt>
<trkpt lat="47.4378471" lon="1.0765510">
	<ele>104.90</ele>
	<time>1970-01-01T05:09:30.706Z</time>
</trkpt>
<trkpt lat="47.4378548" lon="1.0767020">
	<ele>105.06</ele>
	<time>1970-01-01T05:09:32.888Z</time>
</trkpt>
<trkpt lat="47.4378815" lon="1.0768740">
	<ele>105.60</ele>
	<time>1970-01-01T05:09:35.777Z</time>
</trkpt>
<trkpt lat="47.4379883" lon="1.0773751">
	<ele>105.89</ele>
	<time>1970-01-01T05:09:46.852Z</time>
</trkpt>
<trkpt lat="47.4380913" lon="1.0781140">
	<ele>104.68</ele>
	<time>1970-01-01T05:09:57.961Z</time>
</trkpt>
<trkpt lat="47.4382019" lon="1.0786300">
	<ele>102.96</ele>
	<time>1970-01-01T05:10:03.424Z</time>
</trkpt>
<trkpt lat="47.4382210" lon="1.0788070">
	<ele>102.08</ele>
	<time>1970-01-01T05:10:05.188Z</time>
</trkpt>
<trkpt lat="47.4382248" lon="1.0789980">
	<ele>101.61</ele>
	<time>1970-01-01T05:10:06.763Z</time>
</trkpt>
<trkpt lat="47.4382210" lon="1.0791880">
	<ele>101.43</ele>
	<time>1970-01-01T05:10:08.268Z</time>
</trkpt>
<trkpt lat="47.4381943" lon="1.0793920">
	<ele>101.02</ele>
	<time>1970-01-01T05:10:10.077Z</time>
</trkpt>
<trkpt lat="47.4381523" lon="1.0796340">
	<ele>101.31</ele>
	<time>1970-01-01T05:10:12.343Z</time>
</trkpt>
<trkpt lat="47.4380913" lon="1.0798939">
	<ele>101.88</ele>
	<time>1970-01-01T05:10:14.986Z</time>
</trkpt>
<trkpt lat="47.4379616" lon="1.0803500">
	<ele>100.85</ele>
	<time>1970-01-01T05:10:20.486Z</time>
</trkpt>
<trkpt lat="47.4379349" lon="1.0805210">
	<ele>100.89</ele>
	<time>1970-01-01T05:10:22.595Z</time>
</trkpt>
<trkpt lat="47.4379272" lon="1.0806251">
	<ele>101.16</ele>
	<time>1970-01-01T05:10:23.896Z</time>
</trkpt>
<trkpt lat="47.4379272" lon="1.0807630">
	<ele>101.80</ele>
	<time>1970-01-01T05:10:25.636Z</time>
</trkpt>
<trkpt lat="47.4379578" lon="1.0813349">
	<ele>103.44</ele>
	<time>1970-01-01T05:10:34.961Z</time>
</trkpt>
<trkpt lat="47.4379501" lon="1.0814151">
	<ele>103.72</ele>
	<time>1970-01-01T05:10:36.276Z</time>
</trkpt>
<trkpt lat="47.4379272" lon="1.0815409">
	<ele>104.12</ele>
	<time>1970-01-01T05:10:38.571Z</time>
</trkpt>
<trkpt lat="47.4379005" lon="1.0816370">
	<ele>104.38</ele>
	<time>1970-01-01T05:10:40.357Z</time>
</trkpt>
<trkpt lat="47.4378242" lon="1.0818840">
	<ele>105.02</ele>
	<time>1970-01-01T05:10:44.657Z</time>
</trkpt>
<trkpt lat="47.4377441" lon="1.0821820">
	<ele>105.75</ele>
	<time>1970-01-01T05:10:49.564Z</time>
</trkpt>
<trkpt lat="47.4377136" lon="1.0823230">
	<ele>105.73</ele>
	<time>1970-01-01T05:10:51.739Z</time>
</trkpt>
<trkpt lat="47.4376793" lon="1.0825109">
	<ele>105.41</ele>
	<time>1970-01-01T05:10:54.645Z</time>
</trkpt>
<trkpt lat="47.4376678" lon="1.0826170">
	<ele>105.51</ele>
	<time>1970-01-01T05:10:56.169Z</time>
</trkpt>
<trkpt lat="47.4376717" lon="1.0827090">
	<ele>105.71</ele>
	<time>1970-01-01T05:10:57.490Z</time>
</trkpt>
<trkpt lat="47.4376945" lon="1.0828720">
	<ele>105.54</ele>
	<time>1970-01-01T05:11:00.081Z</time>
</trkpt>
<trkpt lat="47.4377327" lon="1.0829940">
	<ele>105.06</ele>
	<time>1970-01-01T05:11:02.173Z</time>
</trkpt>
<trkpt lat="47.4377861" lon="1.0831259">
	<ele>105.18</ele>
	<time>1970-01-01T05:11:04.795Z</time>
</trkpt>
<trkpt lat="47.4377863" lon="1.0831267">
	<ele>105.18</ele>
	<time>1970-01-01T00:00:00.000Z</time>
</trkpt>
<trkpt lat="47.4379366" lon="1.0834570">
	<ele>105.70</ele>
	<time>1970-01-01T00:00:00.000Z</time>
</trkpt>
<trkpt lat="47.4384435" lon="1.0842686">
	<ele>106.40</ele>
	<time>1970-01-01T00:00:00.000Z</time>
</trkpt>
<trkpt lat="47.4390984" lon="1.0854436">
	<ele>107.30</ele>
	<time>1970-01-01T00:00:00.000Z</time>
</trkpt>
<trkpt lat="47.4395436" lon="1.0859477">
	<ele>107.80</ele>
	<time>1970-01-01T00:00:00.000Z</time>
</trkpt>
<trkpt lat="47.4404464" lon="1.0866987">
	<ele>108.90</ele>
	<time>1970-01-01T00:00:00.000Z</time>
</trkpt>
<trkpt lat="47.4408410" lon="1.0872631">
	<ele>109.60</ele>
	<time>1970-01-01T00:00:00.000Z</time>
</trkpt>
<trkpt lat="47.4409644" lon="1.0876995">
	<ele>109.50</ele>
	<time>1970-01-01T00:00:00.000Z</time>
</trkpt>
<trkpt lat="47.4411271" lon="1.0885019">
	<ele>108.40</ele>
	<time>1970-01-01T00:00:00.000Z</time>
</trkpt>
<trkpt lat="47.4414231" lon="1.0890898">
	<ele>107.40</ele>
	<time>1970-01-01T00:00:00.000Z</time>
</trkpt>
<trkpt lat="47.4419746" lon="1.0903284">
	<ele>105.90</ele>
	<time>1970-01-01T00:00:00.000Z</time>
</trkpt>
<trkpt lat="47.4420676" lon="1.0908376">
	<ele>106.20</ele>
	<time>1970-01-01T00:00:00.000Z</time>
</trkpt>
<trkpt lat="47.4420521" lon="1.0914740">
	<ele>106.50</ele>
	<time>1970-01-01T00:00:00.000Z</time>
</trkpt>
<trkpt lat="47.4420940" lon="1.0918373">
	<ele>106.90</ele>
	<time>1970-01-01T00:00:00.000Z</time>
</trkpt>
<trkpt lat="47.4423857" lon="1.0932592">
	<ele>107.90</ele>
	<time>1970-01-01T00:00:00.000Z</time>
</trkpt>
<trkpt lat="47.4425740" lon="1.0938151">
	<ele>108.00</ele>
	<time>1970-01-01T00:00:00.000Z</time>
</trkpt>
<trkpt lat="47.4430332" lon="1.0946986">
	<ele>108.10</ele>
	<time>1970-01-01T00:00:00.000Z</time>
</trkpt>
<trkpt lat="47.4433720" lon="1.0955335">
	<ele>107.90</ele>
	<time>1970-01-01T00:00:00.000Z</time>
</trkpt>
<trkpt lat="47.4437532" lon="1.0968750">
	<ele>108.10</ele>
	<time>1970-01-01T00:00:00.000Z</time>
</trkpt>
<trkpt lat="47.4440856" lon="1.0985373">
	<ele>107.40</ele>
	<time>1970-01-01T00:00:00.000Z</time>
</trkpt>
<trkpt lat="47.4443416" lon="1.0994360">
	<ele>107.20</ele>
	<time>1970-01-01T00:00:00.000Z</time>
</trkpt>
<trkpt lat="47.4444373" lon="1.0999503">
	<ele>108.00</ele>
	<time>1970-01-01T00:00:00.000Z</time>
</trkpt>
<trkpt lat="47.4444389" lon="1.0999629">
	<ele>108.00</ele>
	<time>1970-01-01T05:42:53.274Z</time>
</trkpt>
<trkpt lat="47.4445839" lon="1.1013900">
	<ele>108.13</ele>
	<time>1970-01-01T05:43:11.487Z</time>
</trkpt>
<trkpt lat="47.4446335" lon="1.1018460">
	<ele>108.06</ele>
	<time>1970-01-01T05:43:17.335Z</time>
</trkpt>
<trkpt lat="47.4446602" lon="1.1020430">
	<ele>108.01</ele>
	<time>1970-01-01T05:43:19.841Z</time>
</trkpt>
<trkpt lat="47.4447479" lon="1.1024300">
	<ele>108.00</ele>
	<time>1970-01-01T05:43:25.337Z</time>
</trkpt>
<trkpt lat="47.4448967" lon="1.1029270">
	<ele>108.00</ele>
	<time>1970-01-01T05:43:33.348Z</time>
</trkpt>
<trkpt lat="47.4450836" lon="1.1036390">
	<ele>108.00</ele>
	<time>1970-01-01T05:43:44.595Z</time>
</trkpt>
<trkpt lat="47.4452667" lon="1.1041980">
	<ele>108.00</ele>
	<time>1970-01-01T05:43:51.512Z</time>
</trkpt>
<trkpt lat="47.4454117" lon="1.1047010">
	<ele>108.00</ele>
	<time>1970-01-01T05:43:58.551Z</time>
</trkpt>
<trkpt lat="47.4455109" lon="1.1051180">
	<ele>108.00</ele>
	<time>1970-01-01T05:44:04.511Z</time>
</trkpt>
<trkpt lat="47.4456215" lon="1.1057220">
	<ele>108.00</ele>
	<time>1970-01-01T05:44:12.784Z</time>
</trkpt>
<trkpt lat="47.4456635" lon="1.1060300">
	<ele>108.00</ele>
	<time>1970-01-01T05:44:16.697Z</time>
</trkpt>
<trkpt lat="47.4455643" lon="1.1060990">
	<ele>108.00</ele>
	<time>1970-01-01T05:44:18.792Z</time>
</trkpt>
<trkpt lat="47.4455910" lon="1.1061490">
	<ele>108.00</ele>
	<time>1970-01-01T05:44:19.606Z</time>
</trkpt>
<trkpt lat="47.4456253" lon="1.1062130">
	<ele>108.00</ele>
	<time>1970-01-01T05:44:20.584Z</time>
</trkpt>
<trkpt lat="47.4457970" lon="1.1063581">
	<ele>108.00</ele>
	<time>1970-01-01T05:44:23.615Z</time>
</trkpt>
<trkpt lat="47.4461212" lon="1.1065410">
	<ele>108.00</ele>
	<time>1970-01-01T05:44:28.830Z</time>
</trkpt>
<trkpt lat="47.4469566" lon="1.1070470">
	<ele>107.98</ele>
	<time>1970-01-01T05:44:43.866Z</time>
</trkpt>
<trkpt lat="47.4474182" lon="1.1072880">
	<ele>106.97</ele>
	<time>1970-01-01T05:44:51.294Z</time>
</trkpt>
<trkpt lat="47.4477615" lon="1.1075060">
	<ele>107.00</ele>
	<time>1970-01-01T05:44:57.500Z</time>
</trkpt>
<trkpt lat="47.4483185" lon="1.1079330">
	<ele>107.01</ele>
	<time>1970-01-01T05:45:08.382Z</time>
</trkpt>
<trkpt lat="47.4486275" lon="1.1081340">
	<ele>107.08</ele>
	<time>1970-01-01T05:45:13.851Z</time>
</trkpt>
<trkpt lat="47.4486580" lon="1.1081470">
	<ele>107.09</ele>
	<time>1970-01-01T05:45:14.444Z</time>
</trkpt>
<trkpt lat="47.4492607" lon="1.1083990">
	<ele>106.06</ele>
	<time>1970-01-01T05:45:24.099Z</time>
</trkpt>
<trkpt lat="47.4493217" lon="1.1084250">
	<ele>106.06</ele>
	<time>1970-01-01T05:45:25.135Z</time>
</trkpt>
<trkpt lat="47.4496155" lon="1.1085510">
	<ele>105.94</ele>
	<time>1970-01-01T05:45:30.889Z</time>
</trkpt>
<trkpt lat="47.4498787" lon="1.1086390">
	<ele>106.00</ele>
	<time>1970-01-01T05:45:35.948Z</time>
</trkpt>
<trkpt lat="47.4501343" lon="1.1086960">
	<ele>106.00</ele>
	<time>1970-01-01T05:45:40.827Z</time>
</trkpt>
<trkpt lat="47.4503632" lon="1.1086990">
	<ele>106.03</ele>
	<time>1970-01-01T05:45:44.784Z</time>
</trkpt>
<trkpt lat="47.4507751" lon="1.1086750">
	<ele>105.16</ele>
	<time>1970-01-01T05:45:51.134Z</time>
</trkpt>
<trkpt lat="47.4509544" lon="1.1087130">
	<ele>104.93</ele>
	<time>1970-01-01T05:45:53.886Z</time>
</trkpt>
<trkpt lat="47.4509926" lon="1.1087300">
	<ele>104.94</ele>
	<time>1970-01-01T05:45:54.448Z</time>
</trkpt>
<trkpt lat="47.4510803" lon="1.1087720">
	<ele>104.99</ele>
	<time>1970-01-01T05:45:55.926Z</time>
</trkpt>
<trkpt lat="47.4514465" lon="1.1091059">
	<ele>105.02</ele>
	<time>1970-01-01T05:46:02.109Z</time>
</trkpt>
<trkpt lat="47.4518700" lon="1.1095270">
	<ele>103.69</ele>
	<time>1970-01-01T05:46:09.855Z</time>
</trkpt>
<trkpt lat="47.4519577" lon="1.1096489">
	<ele>103.18</ele>
	<time>1970-01-01T05:46:11.730Z</time>
</trkpt>
<trkpt lat="47.4520645" lon="1.1098000">
	<ele>102.86</ele>
	<time>1970-01-01T05:46:14.231Z</time>
</trkpt>
<trkpt lat="47.4527817" lon="1.1111380">
	<ele>100.99</ele>
	<time>1970-01-01T05:46:30.664Z</time>
</trkpt>
<trkpt lat="47.4533577" lon="1.1121750">
	<ele>101.78</ele>
	<time>1970-01-01T05:46:43.440Z</time>
</trkpt>
<trkpt lat="47.4535217" lon="1.1125290">
	<ele>101.44</ele>
	<time>1970-01-01T05:46:47.829Z</time>
</trkpt>
<trkpt lat="47.4536629" lon="1.1128910">
	<ele>101.86</ele>
	<time>1970-01-01T05:46:52.553Z</time>
</trkpt>
<trkpt lat="47.4538040" lon="1.1131990">
	<ele>101.34</ele>
	<time>1970-01-01T05:46:57.181Z</time>
</trkpt>
<trkpt lat="47.4539948" lon="1.1134840">
	<ele>101.17</ele>
	<time>1970-01-01T05:47:01.874Z</time>
</trkpt>
<trkpt lat="47.4543533" lon="1.1139350">
	<ele>101.42</ele>
	<time>1970-01-01T05:47:09.773Z</time>
</trkpt>
<trkpt lat="47.4545479" lon="1.1141950">
	<ele>100.70</ele>
	<time>1970-01-01T05:47:13.846Z</time>
</trkpt>
<trkpt lat="47.4547234" lon="1.1145290">
	<ele>101.07</ele>
	<time>1970-01-01T05:47:17.882Z</time>
</trkpt>
<trkpt lat="47.4548149" lon="1.1147730">
	<ele>100.67</ele>
	<time>1970-01-01T05:47:20.428Z</time>
</trkpt>
<trkpt lat="47.4552689" lon="1.1160780">
	<ele>97.12</ele>
	<time>1970-01-01T05:47:34.329Z</time>
</trkpt>
<trkpt lat="47.4553375" lon="1.1162000">
	<ele>96.62</ele>
	<time>1970-01-01T05:47:35.864Z</time>
</trkpt>
<trkpt lat="47.4554062" lon="1.1162970">
	<ele>95.98</ele>
	<time>1970-01-01T05:47:37.108Z</time>
</trkpt>
<trkpt lat="47.4555054" lon="1.1163790">
	<ele>94.56</ele>
	<time>1970-01-01T05:47:38.394Z</time>
</trkpt>
<trkpt lat="47.4555664" lon="1.1164070">
	<ele>93.81</ele>
	<time>1970-01-01T05:47:39.105Z</time>
</trkpt>
<trkpt lat="47.4557724" lon="1.1164970">
	<ele>91.94</ele>
	<time>1970-01-01T05:47:41.982Z</time>
</trkpt>
<trkpt lat="47.4566154" lon="1.1167600">
	<ele>83.76</ele>
	<time>1970-01-01T05:47:50.840Z</time>
</trkpt>
<trkpt lat="47.4585838" lon="1.1173710">
	<ele>68.03</ele>
	<time>1970-01-01T05:48:08.760Z</time>
</trkpt>
<trkpt lat="47.4587860" lon="1.1173590">
	<ele>66.76</ele>
	<time>1970-01-01T05:48:11.047Z</time>
</trkpt>
<trkpt lat="47.4590912" lon="1.1170050">
	<ele>66.15</ele>
	<time>1970-01-01T05:48:14.966Z</time>
</trkpt>
<trkpt lat="47.4593658" lon="1.1167290">
	<ele>66.24</ele>
	<time>1970-01-01T05:48:18.214Z</time>
</trkpt>
<trkpt lat="47.4596977" lon="1.1165520">
	<ele>65.29</ele>
	<time>1970-01-01T05:48:21.835Z</time>
</trkpt>
<trkpt lat="47.4598389" lon="1.1165400">
	<ele>65.28</ele>
	<time>1970-01-01T05:48:23.275Z</time>
</trkpt>
<trkpt lat="47.4600983" lon="1.1165440">
	<ele>64.92</ele>
	<time>1970-01-01T05:48:26.091Z</time>
</trkpt>
<trkpt lat="47.4604950" lon="1.1165240">
	<ele>64.03</ele>
	<time>1970-01-01T05:48:30.339Z</time>
</trkpt>
<trkpt lat="47.4605370" lon="1.1165130">
	<ele>64.02</ele>
	<time>1970-01-01T05:48:30.848Z</time>
</trkpt>
<trkpt lat="47.4605713" lon="1.1165020">
	<ele>63.97</ele>
	<time>1970-01-01T05:48:31.262Z</time>
</trkpt>
<trkpt lat="47.4606209" lon="1.1166511">
	<ele>63.83</ele>
	<time>1970-01-01T05:48:32.541Z</time>
</trkpt>
<trkpt lat="47.4606323" lon="1.1166919">
	<ele>63.79</ele>
	<time>1970-01-01T05:48:32.870Z</time>
</trkpt>
<trkpt lat="47.4606514" lon="1.1167550">
	<ele>63.69</ele>
	<time>1970-01-01T05:48:33.424Z</time>
</trkpt>
<trkpt lat="47.4617615" lon="1.1202250">
	<ele>64.47</ele>
	<time>1970-01-01T05:49:18.748Z</time>
</trkpt>
<trkpt lat="47.4619904" lon="1.1209320">
	<ele>64.64</ele>
	<time>1970-01-01T05:49:30.829Z</time>
</trkpt>
<trkpt lat="47.4624710" lon="1.1223310">
	<ele>65.10</ele>
	<time>1970-01-01T05:50:00.760Z</time>
</trkpt>
<trkpt lat="47.4634819" lon="1.1252151">
	<ele>64.78</ele>
	<time>1970-01-01T05:50:36.220Z</time>
</trkpt>
<trkpt lat="47.4641113" lon="1.1269510">
	<ele>65.38</ele>
	<time>1970-01-01T05:50:57.434Z</time>
</trkpt>
<trkpt lat="47.4647942" lon="1.1288249">
	<ele>64.16</ele>
	<time>1970-01-01T05:51:22.423Z</time>
</trkpt>
<trkpt lat="47.4653778" lon="1.1304560">
	<ele>65.22</ele>
	<time>1970-01-01T05:51:47.063Z</time>
</trkpt>
<trkpt lat="47.4664803" lon="1.1335070">
	<ele>65.26</ele>
	<time>1970-01-01T05:52:29.033Z</time>
</trkpt>
<trkpt lat="47.4667130" lon="1.1341770">
	<ele>63.60</ele>
	<time>1970-01-01T05:52:36.178Z</time>
</trkpt>
<trkpt lat="47.4668999" lon="1.1347920">
	<ele>63.08</ele>
	<time>1970-01-01T05:52:41.957Z</time>
</trkpt>
<trkpt lat="47.4669418" lon="1.1349300">
	<ele>63.00</ele>
	<time>1970-01-01T05:52:43.325Z</time>
</trkpt>
<trkpt lat="47.4670029" lon="1.1350160">
	<ele>62.84</ele>
	<time>1970-01-01T05:52:44.415Z</time>
</trkpt>
<trkpt lat="47.4670601" lon="1.1351000">
	<ele>62.71</ele>
	<time>1970-01-01T05:52:45.532Z</time>
</trkpt>
<trkpt lat="47.4672127" lon="1.1352561">
	<ele>62.95</ele>
	<time>1970-01-01T05:52:47.988Z</time>
</trkpt>
<trkpt lat="47.4672890" lon="1.1353590">
	<ele>63.10</ele>
	<time>1970-01-01T05:52:49.459Z</time>
</trkpt>
<trkpt lat="47.4674149" lon="1.1355960">
	<ele>63.16</ele>
	<time>1970-01-01T05:52:52.141Z</time>
</trkpt>
<trkpt lat="47.4674759" lon="1.1357640">
	<ele>63.89</ele>
	<time>1970-01-01T05:52:53.862Z</time>
</trkpt>
<trkpt lat="47.4674835" lon="1.1358080">
	<ele>64.00</ele>
	<time>1970-01-01T05:52:54.240Z</time>
</trkpt>
<trkpt lat="47.4674835" lon="1.1358150">
	<ele>64.01</ele>
	<time>1970-01-01T05:52:54.366Z</time>
</trkpt>
<trkpt lat="47.4679947" lon="1.1380380">
	<ele>63.32</ele>
	<time>1970-01-01T05:53:39.006Z</time>
</trkpt>
<trkpt lat="47.4685478" lon="1.1407011">
	<ele>64.75</ele>
	<time>1970-01-01T05:54:32.124Z</time>
</trkpt>
<trkpt lat="47.4687653" lon="1.1416430">
	<ele>64.65</ele>
	<time>1970-01-01T05:54:51.404Z</time>
</trkpt>
<trkpt lat="47.4694862" lon="1.1445301">
	<ele>66.00</ele>
	<time>1970-01-01T05:55:46.912Z</time>
</trkpt>
<trkpt lat="47.4702415" lon="1.1474320">
	<ele>67.12</ele>
	<time>1970-01-01T05:56:35.864Z</time>
</trkpt>
<trkpt lat="47.4706230" lon="1.1489230">
	<ele>66.78</ele>
	<time>1970-01-01T05:56:57.416Z</time>
</trkpt>
<trkpt lat="47.4708176" lon="1.1496480">
	<ele>67.73</ele>
	<time>1970-01-01T05:57:07.047Z</time>
</trkpt>
<trkpt lat="47.4709625" lon="1.1501280">
	<ele>68.70</ele>
	<time>1970-01-01T05:57:16.375Z</time>
</trkpt>
<trkpt lat="47.4712753" lon="1.1511260">
	<ele>68.57</ele>
	<time>1970-01-01T05:57:33.857Z</time>
</trkpt>
<trkpt lat="47.4713287" lon="1.1513140">
	<ele>69.42</ele>
	<time>1970-01-01T05:57:37.359Z</time>
</trkpt>
<trkpt lat="47.4713593" lon="1.1514910">
	<ele>69.62</ele>
	<time>1970-01-01T05:57:41.388Z</time>
</trkpt>
<trkpt lat="47.4714699" lon="1.1523210">
	<ele>70.58</ele>
	<time>1970-01-01T05:57:59.537Z</time>
</trkpt>
<trkpt lat="47.4715195" lon="1.1526470">
	<ele>71.33</ele>
	<time>1970-01-01T05:58:04.097Z</time>
</trkpt>
<trkpt lat="47.4716034" lon="1.1529289">
	<ele>70.22</ele>
	<time>1970-01-01T05:58:08.767Z</time>
</trkpt>
<trkpt lat="47.4717369" lon="1.1532100">
	<ele>68.08</ele>
	<time>1970-01-01T05:58:11.485Z</time>
</trkpt>
<trkpt lat="47.4718513" lon="1.1534070">
	<ele>67.71</ele>
	<time>1970-01-01T05:58:14.757Z</time>
</trkpt>
<trkpt lat="47.4722290" lon="1.1540700">
	<ele>66.50</ele>
	<time>1970-01-01T05:58:21.807Z</time>
</trkpt>
<trkpt lat="47.4723206" lon="1.1543140">
	<ele>66.21</ele>
	<time>1970-01-01T05:58:24.548Z</time>
</trkpt>
<trkpt lat="47.4724350" lon="1.1546750">
	<ele>65.91</ele>
	<time>1970-01-01T05:58:29.405Z</time>
</trkpt>
<trkpt lat="47.4730682" lon="1.1567110">
	<ele>65.99</ele>
	<time>1970-01-01T05:59:03.524Z</time>
</trkpt>
<trkpt lat="47.4730682" lon="1.1567110">
	<ele>65.99</ele>
	<time>1970-01-01T06:00:51.391Z</time>
</trkpt>
<trkpt lat="47.4731789" lon="1.1570650">
	<ele>65.76</ele>
	<time>1970-01-01T03:11:21.426Z</time>
</trkpt>
<trkpt lat="47.4741058" lon="1.1600749">
	<ele>65.65</ele>
	<time>1970-01-01T03:11:59.157Z</time>
</trkpt>
<trkpt lat="47.4747391" lon="1.1620359">
	<ele>65.04</ele>
	<time>1970-01-01T03:12:20.975Z</time>
</trkpt>
<trkpt lat="47.4752426" lon="1.1636530">
	<ele>65.49</ele>
	<time>1970-01-01T03:12:45.679Z</time>
</trkpt>
<trkpt lat="47.4754448" lon="1.1643510">
	<ele>64.19</ele>
	<time>1970-01-01T03:12:52.483Z</time>
</trkpt>
<trkpt lat="47.4757996" lon="1.1657259">
	<ele>65.16</ele>
	<time>1970-01-01T03:13:02.094Z</time>
</trkpt>
<trkpt lat="47.4758301" lon="1.1658380">
	<ele>65.01</ele>
	<time>1970-01-01T03:13:03.014Z</time>
</trkpt>
<trkpt lat="47.4759102" lon="1.1661470">
	<ele>64.27</ele>
	<time>1970-01-01T03:13:07.069Z</time>
</trkpt>
<trkpt lat="47.4760208" lon="1.1665610">
	<ele>63.85</ele>
	<time>1970-01-01T03:13:11.792Z</time>
</trkpt>
<trkpt lat="47.4760971" lon="1.1668360">
	<ele>65.48</ele>
	<time>1970-01-01T03:13:17.025Z</time>
</trkpt>
<trkpt lat="47.4764748" lon="1.1682750">
	<ele>64.91</ele>
	<time>1970-01-01T03:13:41.370Z</time>
</trkpt>
<trkpt lat="47.4773979" lon="1.1718330">
	<ele>64.51</ele>
	<time>1970-01-01T03:14:36.025Z</time>
</trkpt>
<trkpt lat="47.4776115" lon="1.1726550">
	<ele>63.68</ele>
	<time>1970-01-01T03:14:41.437Z</time>
</trkpt>
<trkpt lat="47.4780045" lon="1.1743619">
	<ele>65.69</ele>
	<time>1970-01-01T03:15:18.089Z</time>
</trkpt>
<trkpt lat="47.4783173" lon="1.1757470">
	<ele>65.18</ele>
	<time>1970-01-01T03:15:42.047Z</time>
</trkpt>
<trkpt lat="47.4785194" lon="1.1765130">
	<ele>67.19</ele>
	<time>1970-01-01T03:15:53.575Z</time>
</trkpt>
<trkpt lat="47.4787483" lon="1.1773230">
	<ele>63.23</ele>
	<time>1970-01-01T03:16:01.098Z</time>
</trkpt>
<trkpt lat="47.4793129" lon="1.1792530">
	<ele>65.14</ele>
	<time>1970-01-01T03:16:14.562Z</time>
</trkpt>
<trkpt lat="47.4794846" lon="1.1798910">
	<ele>64.90</ele>
	<time>1970-01-01T03:16:19.003Z</time>
</trkpt>
<trkpt lat="47.4795074" lon="1.1799819">
	<ele>64.72</ele>
	<time>1970-01-01T03:16:19.637Z</time>
</trkpt>
<trkpt lat="47.4795494" lon="1.1801250">
	<ele>63.95</ele>
	<time>1970-01-01T03:16:20.807Z</time>
</trkpt>
<trkpt lat="47.4796104" lon="1.1803910">
	<ele>63.92</ele>
	<time>1970-01-01T03:16:23.681Z</time>
</trkpt>
<trkpt lat="47.4796944" lon="1.1807359">
	<ele>65.83</ele>
	<time>1970-01-01T03:16:26.827Z</time>
</trkpt>
<trkpt lat="47.4798775" lon="1.1814840">
	<ele>64.46</ele>
	<time>1970-01-01T03:16:32.138Z</time>
</trkpt>
<trkpt lat="47.4800262" lon="1.1820821">
	<ele>64.26</ele>
	<time>1970-01-01T03:16:38.315Z</time>
</trkpt>
<trkpt lat="47.4801483" lon="1.1825980">
	<ele>63.54</ele>
	<time>1970-01-01T03:16:50.228Z</time>
</trkpt>
<trkpt lat="47.4801826" lon="1.1828361">
	<ele>65.41</ele>
	<time>1970-01-01T03:16:55.686Z</time>
</trkpt>
<trkpt lat="47.4802132" lon="1.1830209">
	<ele>65.85</ele>
	<time>1970-01-01T03:17:00.088Z</time>
</trkpt>
<trkpt lat="47.4802551" lon="1.1833290">
	<ele>66.44</ele>
	<time>1970-01-01T03:17:08.141Z</time>
</trkpt>
<trkpt lat="47.4802933" lon="1.1835960">
	<ele>65.60</ele>
	<time>1970-01-01T03:17:15.072Z</time>
</trkpt>
<trkpt lat="47.4804573" lon="1.1845210">
	<ele>67.81</ele>
	<time>1970-01-01T03:17:28.366Z</time>
</trkpt>
<trkpt lat="47.4806137" lon="1.1851830">
	<ele>66.02</ele>
	<time>1970-01-01T03:17:44.305Z</time>
</trkpt>
<trkpt lat="47.4807854" lon="1.1857960">
	<ele>67.15</ele>
	<time>1970-01-01T03:17:52.426Z</time>
</trkpt>
<trkpt lat="47.4808083" lon="1.1858770">
	<ele>66.64</ele>
	<time>1970-01-01T03:17:53.571Z</time>
</trkpt>
<trkpt lat="47.4809265" lon="1.1863580">
	<ele>66.07</ele>
	<time>1970-01-01T03:17:56.631Z</time>
</trkpt>
<trkpt lat="47.4811554" lon="1.1873960">
	<ele>65.53</ele>
	<time>1970-01-01T03:18:10.372Z</time>
</trkpt>
<trkpt lat="47.4812813" lon="1.1879489">
	<ele>65.23</ele>
	<time>1970-01-01T03:18:20.161Z</time>
</trkpt>
<trkpt lat="47.4815063" lon="1.1890210">
	<ele>67.03</ele>
	<time>1970-01-01T03:18:33.284Z</time>
</trkpt>
<trkpt lat="47.4815178" lon="1.1890650">
	<ele>67.03</ele>
	<time>1970-01-01T03:18:33.881Z</time>
</trkpt>
<trkpt lat="47.4815521" lon="1.1892411">
	<ele>66.78</ele>
	<time>1970-01-01T03:18:35.869Z</time>
</trkpt>
<trkpt lat="47.4815903" lon="1.1894000">
	<ele>66.47</ele>
	<time>1970-01-01T03:18:37.647Z</time>
</trkpt>
<trkpt lat="47.4816017" lon="1.1894510">
	<ele>66.40</ele>
	<time>1970-01-01T03:18:38.203Z</time>
</trkpt>
<trkpt lat="47.4816208" lon="1.1895310">
	<ele>66.29</ele>
	<time>1970-01-01T03:18:38.997Z</time>
</trkpt>
<trkpt lat="47.4817963" lon="1.1903189">
	<ele>65.63</ele>
	<time>1970-01-01T03:18:49.217Z</time>
</trkpt>
<trkpt lat="47.4818306" lon="1.1904950">
	<ele>65.50</ele>
	<time>1970-01-01T03:18:50.606Z</time>
</trkpt>
<trkpt lat="47.4818649" lon="1.1906810">
	<ele>65.60</ele>
	<time>1970-01-01T03:18:52.202Z</time>
</trkpt>
<trkpt lat="47.4819374" lon="1.1911989">
	<ele>65.40</ele>
	<time>1970-01-01T03:18:57.356Z</time>
</trkpt>
<trkpt lat="47.4820557" lon="1.1918520">
	<ele>65.62</ele>
	<time>1970-01-01T03:19:03.631Z</time>
</trkpt>
<trkpt lat="47.4821434" lon="1.1919000">
	<ele>65.95</ele>
	<time>1970-01-01T03:19:04.782Z</time>
</trkpt>
<trkpt lat="47.4821434" lon="1.1919200">
	<ele>66.03</ele>
	<time>1970-01-01T03:19:04.987Z</time>
</trkpt>
<trkpt lat="47.4821701" lon="1.1920890">
	<ele>65.66</ele>
	<time>1970-01-01T03:19:00.974Z</time>
</trkpt>
<trkpt lat="47.4821129" lon="1.1921660">
	<ele>65.38</ele>
	<time>1970-01-01T03:19:02.813Z</time>
</trkpt>
<trkpt lat="47.4821701" lon="1.1924700">
	<ele>66.12</ele>
	<time>1970-01-01T03:19:07.009Z</time>
</trkpt>
<trkpt lat="47.4821854" lon="1.1925811">
	<ele>66.51</ele>
	<time>1970-01-01T03:19:08.473Z</time>
</trkpt>
<trkpt lat="47.4821930" lon="1.1927040">
	<ele>66.97</ele>
	<time>1970-01-01T03:19:09.850Z</time>
</trkpt>
<trkpt lat="47.4822388" lon="1.1928620">
	<ele>67.00</ele>
	<time>1970-01-01T03:19:11.541Z</time>
</trkpt>
<trkpt lat="47.4822807" lon="1.1928411">
	<ele>66.79</ele>
	<time>1970-01-01T03:19:12.169Z</time>
</trkpt>
<trkpt lat="47.4826660" lon="1.1923120">
	<ele>64.94</ele>
	<time>1970-01-01T03:19:19.773Z</time>
</trkpt>
<trkpt lat="47.4835320" lon="1.1914270">
	<ele>63.21</ele>
	<time>1970-01-01T03:19:31.460Z</time>
</trkpt>
<trkpt lat="47.4838715" lon="1.1926360">
	<ele>62.56</ele>
	<time>1970-01-01T03:19:44.025Z</time>
</trkpt>
<trkpt lat="47.4839668" lon="1.1930670">
	<ele>61.98</ele>
	<time>1970-01-01T03:19:47.490Z</time>
</trkpt>
<trkpt lat="47.4841499" lon="1.1934990">
	<ele>62.68</ele>
	<time>1970-01-01T03:19:52.495Z</time>
</trkpt>
<trkpt lat="47.4843788" lon="1.1939160">
	<ele>62.04</ele>
	<time>1970-01-01T03:19:58.157Z</time>
</trkpt>
<trkpt lat="47.4844971" lon="1.1941950">
	<ele>62.90</ele>
	<time>1970-01-01T03:20:01.660Z</time>
</trkpt>
<trkpt lat="47.4845886" lon="1.1943500">
	<ele>62.90</ele>
	<time>1970-01-01T03:20:03.959Z</time>
</trkpt>
<trkpt lat="47.4850197" lon="1.1952730">
	<ele>62.95</ele>
	<time>1970-01-01T03:20:21.777Z</time>
</trkpt>
<trkpt lat="47.4857788" lon="1.1967090">
	<ele>63.16</ele>
	<time>1970-01-01T03:20:43.883Z</time>
</trkpt>
<trkpt lat="47.4859848" lon="1.1972060">
	<ele>62.95</ele>
	<time>1970-01-01T03:20:53.522Z</time>
</trkpt>
<trkpt lat="47.4864464" lon="1.1986030">
	<ele>63.83</ele>
	<time>1970-01-01T03:21:20.843Z</time>
</trkpt>
<trkpt lat="47.4876785" lon="1.2011600">
	<ele>64.03</ele>
	<time>1970-01-01T03:22:04.290Z</time>
</trkpt>
<trkpt lat="47.4890060" lon="1.2029541">
	<ele>63.56</ele>
	<time>1970-01-01T03:22:41.209Z</time>
</trkpt>
<trkpt lat="47.4894714" lon="1.2040820">
	<ele>62.97</ele>
	<time>1970-01-01T03:22:55.639Z</time>
</trkpt>
<trkpt lat="47.4899940" lon="1.2063791">
	<ele>62.99</ele>
	<time>1970-01-01T03:23:21.741Z</time>
</trkpt>
<trkpt lat="47.4904099" lon="1.2082551">
	<ele>63.55</ele>
	<time>1970-01-01T03:23:46.768Z</time>
</trkpt>
<trkpt lat="47.4906158" lon="1.2097090">
	<ele>63.87</ele>
	<time>1970-01-01T03:24:04.764Z</time>
</trkpt>
<trkpt lat="47.4907646" lon="1.2105310">
	<ele>64.14</ele>
	<time>1970-01-01T03:24:17.702Z</time>
</trkpt>
<trkpt lat="47.4909897" lon="1.2118810">
	<ele>63.44</ele>
	<time>1970-01-01T03:24:36.767Z</time>
</trkpt>
<trkpt lat="47.4910431" lon="1.2122819">
	<ele>63.62</ele>
	<time>1970-01-01T03:24:41.851Z</time>
</trkpt>
<trkpt lat="47.4910507" lon="1.2126640">
	<ele>63.50</ele>
	<time>1970-01-01T03:24:46.630Z</time>
</trkpt>
<trkpt lat="47.4910431" lon="1.2133050">
	<ele>63.33</ele>
	<time>1970-01-01T03:24:55.497Z</time>
</trkpt>
<trkpt lat="47.4910622" lon="1.2139680">
	<ele>63.19</ele>
	<time>1970-01-01T03:25:03.476Z</time>
</trkpt>
<trkpt lat="47.4911079" lon="1.2181290">
	<ele>63.26</ele>
	<time>1970-01-01T03:25:51.351Z</time>
</trkpt>
<trkpt lat="47.4908638" lon="1.2210600">
	<ele>63.03</ele>
	<time>1970-01-01T03:26:32.760Z</time>
</trkpt>
<trkpt lat="47.4908676" lon="1.2224860">
	<ele>61.85</ele>
	<time>1970-01-01T03:26:50.370Z</time>
</trkpt>
<trkpt lat="47.4908180" lon="1.2235510">
	<ele>62.09</ele>
	<time>1970-01-01T03:27:02.095Z</time>
</trkpt>
<trkpt lat="47.4907341" lon="1.2248220">
	<ele>62.78</ele>
	<time>1970-01-01T03:27:17.182Z</time>
</trkpt>
<trkpt lat="47.4906158" lon="1.2252010">
	<ele>64.31</ele>
	<time>1970-01-01T03:27:22.201Z</time>
</trkpt>
<trkpt lat="47.4906082" lon="1.2253489">
	<ele>64.37</ele>
	<time>1970-01-01T03:27:23.993Z</time>
</trkpt>
<trkpt lat="47.4906807" lon="1.2256531">
	<ele>62.85</ele>
	<time>1970-01-01T03:27:27.917Z</time>
</trkpt>
<trkpt lat="47.4907570" lon="1.2261320">
	<ele>62.64</ele>
	<time>1970-01-01T03:27:33.096Z</time>
</trkpt>
<trkpt lat="47.4908562" lon="1.2278100">
	<ele>64.94</ele>
	<time>1970-01-01T03:27:53.318Z</time>
</trkpt>
<trkpt lat="47.4909630" lon="1.2285450">
	<ele>63.42</ele>
	<time>1970-01-01T03:28:03.704Z</time>
</trkpt>
<trkpt lat="47.4910507" lon="1.2291560">
	<ele>64.23</ele>
	<time>1970-01-01T03:28:10.088Z</time>
</trkpt>
<trkpt lat="47.4916229" lon="1.2330890">
	<ele>64.21</ele>
	<time>1970-01-01T03:29:00.133Z</time>
</trkpt>
<trkpt lat="47.4917526" lon="1.2337670">
	<ele>63.26</ele>
	<time>1970-01-01T03:29:06.772Z</time>
</trkpt>
<trkpt lat="47.4917984" lon="1.2341700">
	<ele>62.60</ele>
	<time>1970-01-01T03:29:12.772Z</time>
</trkpt>
<trkpt lat="47.4918938" lon="1.2348170">
	<ele>64.32</ele>
	<time>1970-01-01T03:29:23.669Z</time>
</trkpt>
<trkpt lat="47.4921417" lon="1.2359999">
	<ele>63.63</ele>
	<time>1970-01-01T03:29:38.485Z</time>
</trkpt>
<trkpt lat="47.4927139" lon="1.2384590">
	<ele>64.38</ele>
	<time>1970-01-01T03:30:09.883Z</time>
</trkpt>
<trkpt lat="47.4932861" lon="1.2406310">
	<ele>64.68</ele>
	<time>1970-01-01T03:30:43.180Z</time>
</trkpt>
<trkpt lat="47.4933014" lon="1.2408680">
	<ele>65.21</ele>
	<time>1970-01-01T03:30:46.520Z</time>
</trkpt>
<trkpt lat="47.4931068" lon="1.2415580">
	<ele>64.37</ele>
	<time>1970-01-01T03:30:58.363Z</time>
</trkpt>
<trkpt lat="47.4929276" lon="1.2426610">
	<ele>62.10</ele>
	<time>1970-01-01T03:31:10.696Z</time>
</trkpt>
<trkpt lat="47.4927826" lon="1.2431420">
	<ele>63.96</ele>
	<time>1970-01-01T03:31:16.540Z</time>
</trkpt>
<trkpt lat="47.4926987" lon="1.2435260">
	<ele>64.41</ele>
	<time>1970-01-01T03:31:21.654Z</time>
</trkpt>
<trkpt lat="47.4926682" lon="1.2439380">
	<ele>63.98</ele>
	<time>1970-01-01T03:31:27.580Z</time>
</trkpt>
<trkpt lat="47.4926720" lon="1.2442679">
	<ele>64.08</ele>
	<time>1970-01-01T03:31:32.202Z</time>
</trkpt>
<trkpt lat="47.4927864" lon="1.2445480">
	<ele>64.02</ele>
	<time>1970-01-01T03:31:36.205Z</time>
</trkpt>
<trkpt lat="47.4929504" lon="1.2449141">
	<ele>63.38</ele>
	<time>1970-01-01T03:31:41.546Z</time>
</trkpt>
<trkpt lat="47.4932175" lon="1.2452281">
	<ele>63.01</ele>
	<time>1970-01-01T03:31:48.116Z</time>
</trkpt>
<trkpt lat="47.4934578" lon="1.2454350">
	<ele>62.26</ele>
	<time>1970-01-01T03:31:53.122Z</time>
</trkpt>
<trkpt lat="47.4936371" lon="1.2457770">
	<ele>62.68</ele>
	<time>1970-01-01T03:31:57.935Z</time>
</trkpt>
<trkpt lat="47.4944382" lon="1.2475400">
	<ele>64.20</ele>
	<time>1970-01-01T03:32:18.324Z</time>
</trkpt>
<trkpt lat="47.4946175" lon="1.2482140">
	<ele>61.91</ele>
	<time>1970-01-01T03:32:26.721Z</time>
</trkpt>
<trkpt lat="47.4945946" lon="1.2488050">
	<ele>62.27</ele>
	<time>1970-01-01T03:32:35.120Z</time>
</trkpt>
<trkpt lat="47.4945641" lon="1.2491210">
	<ele>62.63</ele>
	<time>1970-01-01T03:32:39.734Z</time>
</trkpt>
<trkpt lat="47.4946365" lon="1.2493880">
	<ele>62.39</ele>
	<time>1970-01-01T03:32:44.110Z</time>
</trkpt>
<trkpt lat="47.4946518" lon="1.2499770">
	<ele>63.37</ele>
	<time>1970-01-01T03:32:52.938Z</time>
</trkpt>
<trkpt lat="47.4946861" lon="1.2505680">
	<ele>63.14</ele>
	<time>1970-01-01T03:33:00.490Z</time>
</trkpt>
<trkpt lat="47.4948349" lon="1.2512980">
	<ele>61.15</ele>
	<time>1970-01-01T03:33:10.040Z</time>
</trkpt>
<trkpt lat="47.4948883" lon="1.2521850">
	<ele>60.92</ele>
	<time>1970-01-01T03:33:22.443Z</time>
</trkpt>
<trkpt lat="47.4945221" lon="1.2538270">
	<ele>63.17</ele>
	<time>1970-01-01T03:33:45.047Z</time>
</trkpt>
<trkpt lat="47.4940300" lon="1.2553639">
	<ele>63.14</ele>
	<time>1970-01-01T03:34:05.858Z</time>
</trkpt>
<trkpt lat="47.4935875" lon="1.2562790">
	<ele>64.98</ele>
	<time>1970-01-01T03:34:21.303Z</time>
</trkpt>
<trkpt lat="47.4934464" lon="1.2566791">
	<ele>62.79</ele>
	<time>1970-01-01T03:34:27.996Z</time>
</trkpt>
<trkpt lat="47.4934006" lon="1.2571681">
	<ele>63.21</ele>
	<time>1970-01-01T03:34:35.351Z</time>
</trkpt>
<trkpt lat="47.4934387" lon="1.2574641">
	<ele>62.86</ele>
	<time>1970-01-01T03:34:39.716Z</time>
</trkpt>
<trkpt lat="47.4934921" lon="1.2577460">
	<ele>62.58</ele>
	<time>1970-01-01T03:34:43.538Z</time>
</trkpt>
<trkpt lat="47.4936714" lon="1.2584929">
	<ele>64.53</ele>
	<time>1970-01-01T03:34:54.378Z</time>
</trkpt>
<trkpt lat="47.4938126" lon="1.2594060">
	<ele>63.90</ele>
	<time>1970-01-01T03:35:11.969Z</time>
</trkpt>
<trkpt lat="47.4938660" lon="1.2598550">
	<ele>65.88</ele>
	<time>1970-01-01T03:35:18.694Z</time>
</trkpt>
<trkpt lat="47.4938087" lon="1.2600480">
	<ele>66.52</ele>
	<time>1970-01-01T03:35:21.740Z</time>
</trkpt>
<trkpt lat="47.4938087" lon="1.2600480">
	<ele>66.52</ele>
	<time>1970-01-01T04:12:58.073Z</time>
</trkpt>
<trkpt lat="47.4938545" lon="1.2600729">
	<ele>66.03</ele>
	<time>1970-01-01T02:28:37.521Z</time>
</trkpt>
<trkpt lat="47.4938529" lon="1.2600901">
	<ele>65.93</ele>
	<time>1970-01-01T02:28:27.357Z</time>
</trkpt>
<trkpt lat="47.4938545" lon="1.2600729">
	<ele>66.03</ele>
	<time>1970-01-01T05:32:06.344Z</time>
</trkpt>
<trkpt lat="47.4939346" lon="1.2601130">
	<ele>64.73</ele>
	<time>1970-01-01T05:32:07.848Z</time>
</trkpt>
<trkpt lat="47.4943542" lon="1.2601820">
	<ele>64.26</ele>
	<time>1970-01-01T05:32:18.247Z</time>
</trkpt>
<trkpt lat="47.4945526" lon="1.2602670">
	<ele>66.45</ele>
	<time>1970-01-01T05:32:24.250Z</time>
</trkpt>
<trkpt lat="47.4945831" lon="1.2597700">
	<ele>66.48</ele>
	<time>1970-01-01T05:32:35.327Z</time>
</trkpt>
<trkpt lat="47.4946404" lon="1.2588280">
	<ele>67.15</ele>
	<time>1970-01-01T05:32:54.509Z</time>
</trkpt>
<trkpt lat="47.4947052" lon="1.2578820">
	<ele>67.80</ele>
	<time>1970-01-01T05:33:06.380Z</time>
</trkpt>
<trkpt lat="47.4947701" lon="1.2573349">
	<ele>67.93</ele>
	<time>1970-01-01T05:33:12.042Z</time>
</trkpt>
<trkpt lat="47.4948158" lon="1.2570920">
	<ele>67.97</ele>
	<time>1970-01-01T05:33:14.472Z</time>
</trkpt>
<trkpt lat="47.4949074" lon="1.2568541">
	<ele>67.68</ele>
	<time>1970-01-01T05:33:17.139Z</time>
</trkpt>
<trkpt lat="47.4950638" lon="1.2566200">
	<ele>67.50</ele>
	<time>1970-01-01T05:33:20.663Z</time>
</trkpt>
<trkpt lat="47.4953384" lon="1.2563180">
	<ele>68.21</ele>
	<time>1970-01-01T05:33:27.659Z</time>
</trkpt>
<trkpt lat="47.4965172" lon="1.2549710">
	<ele>68.80</ele>
	<time>1970-01-01T05:33:53.772Z</time>
</trkpt>
<trkpt lat="47.4965439" lon="1.2550100">
	<ele>69.17</ele>
	<time>1970-01-01T05:33:54.470Z</time>
</trkpt>
<trkpt lat="47.4970589" lon="1.2557290">
	<ele>77.68</ele>
	<time>1970-01-01T05:34:34.222Z</time>
</trkpt>
<trkpt lat="47.4971809" lon="1.2560160">
	<ele>80.13</ele>
	<time>1970-01-01T05:34:49.856Z</time>
</trkpt>
<trkpt lat="47.4973297" lon="1.2563540">
	<ele>84.06</ele>
	<time>1970-01-01T05:35:12.704Z</time>
</trkpt>
<trkpt lat="47.4976730" lon="1.2568580">
	<ele>87.84</ele>
	<time>1970-01-01T05:35:51.784Z</time>
</trkpt>
<trkpt lat="47.4983253" lon="1.2578059">
	<ele>91.04</ele>
	<time>1970-01-01T00:30:35.754Z</time>
</trkpt>
<trkpt lat="47.4995155" lon="1.2602350">
	<ele>89.99</ele>
	<time>1970-01-01T00:31:19.403Z</time>
</trkpt>
<trkpt lat="47.4996758" lon="1.2606111">
	<ele>87.84</ele>
	<time>1970-01-01T00:31:28.053Z</time>
</trkpt>
<trkpt lat="47.4997597" lon="1.2609750">
	<ele>85.59</ele>
	<time>1970-01-01T00:31:33.022Z</time>
</trkpt>
<trkpt lat="47.4997673" lon="1.2610019">
	<ele>85.57</ele>
	<time>1970-01-01T00:31:33.364Z</time>
</trkpt>
<trkpt lat="47.5000305" lon="1.2609240">
	<ele>85.30</ele>
	<time>1970-01-01T00:31:38.470Z</time>
</trkpt>
<trkpt lat="47.5001793" lon="1.2609140">
	<ele>83.90</ele>
	<time>1970-01-01T00:31:41.021Z</time>
</trkpt>
<trkpt lat="47.5003357" lon="1.2609280">
	<ele>82.04</ele>
	<time>1970-01-01T00:31:43.216Z</time>
</trkpt>
<trkpt lat="47.5006905" lon="1.2610010">
	<ele>77.86</ele>
	<time>1970-01-01T00:31:47.456Z</time>
</trkpt>
<trkpt lat="47.5008965" lon="1.2610080">
	<ele>76.51</ele>
	<time>1970-01-01T00:31:51.171Z</time>
</trkpt>
<trkpt lat="47.5012970" lon="1.2608939">
	<ele>72.99</ele>
	<time>1970-01-01T00:31:54.771Z</time>
</trkpt>
<trkpt lat="47.5014648" lon="1.2608860">
	<ele>71.75</ele>
	<time>1970-01-01T00:31:56.291Z</time>
</trkpt>
<trkpt lat="47.5015793" lon="1.2609450">
	<ele>71.15</ele>
	<time>1970-01-01T00:31:57.331Z</time>
</trkpt>
<trkpt lat="47.5017090" lon="1.2610940">
	<ele>70.33</ele>
	<time>1970-01-01T00:31:58.771Z</time>
</trkpt>
<trkpt lat="47.5021935" lon="1.2618330">
	<ele>69.43</ele>
	<time>1970-01-01T00:32:05.011Z</time>
</trkpt>
<trkpt lat="47.5023613" lon="1.2621551">
	<ele>69.87</ele>
	<time>1970-01-01T00:32:07.708Z</time>
</trkpt>
<trkpt lat="47.5032806" lon="1.2642250">
	<ele>69.44</ele>
	<time>1970-01-01T00:32:35.685Z</time>
</trkpt>
<trkpt lat="47.5036316" lon="1.2649550">
	<ele>69.54</ele>
	<time>1970-01-01T00:32:42.910Z</time>
</trkpt>
<trkpt lat="47.5042953" lon="1.2662560">
	<ele>69.78</ele>
	<time>1970-01-01T00:33:00.351Z</time>
</trkpt>
<trkpt lat="47.5048981" lon="1.2676769">
	<ele>69.90</ele>
	<time>1970-01-01T00:33:17.144Z</time>
</trkpt>
<trkpt lat="47.5054016" lon="1.2688050">
	<ele>70.56</ele>
	<time>1970-01-01T00:33:33.632Z</time>
</trkpt>
<trkpt lat="47.5065002" lon="1.2708880">
	<ele>72.06</ele>
	<time>1970-01-01T00:34:04.753Z</time>
</trkpt>
<trkpt lat="47.5077782" lon="1.2727340">
	<ele>70.56</ele>
	<time>1970-01-01T00:34:34.984Z</time>
</trkpt>
<trkpt lat="47.5080605" lon="1.2731620">
	<ele>71.39</ele>
	<time>1970-01-01T00:34:42.320Z</time>
</trkpt>
<trkpt lat="47.5083008" lon="1.2735780">
	<ele>71.15</ele>
	<time>1970-01-01T00:34:46.595Z</time>
</trkpt>
<trkpt lat="47.5084190" lon="1.2737870">
	<ele>71.71</ele>
	<time>1970-01-01T00:34:50.573Z</time>
</trkpt>
<trkpt lat="47.5085754" lon="1.2740099">
	<ele>71.77</ele>
	<time>1970-01-01T00:34:55.292Z</time>
</trkpt>
<trkpt lat="47.5087357" lon="1.2742090">
	<ele>71.11</ele>
	<time>1970-01-01T00:34:59.149Z</time>
</trkpt>
<trkpt lat="47.5090828" lon="1.2746650">
	<ele>70.63</ele>
	<time>1970-01-01T00:35:07.006Z</time>
</trkpt>
<trkpt lat="47.5094376" lon="1.2751549">
	<ele>69.71</ele>
	<time>1970-01-01T00:35:15.088Z</time>
</trkpt>
<trkpt lat="47.5098343" lon="1.2757870">
	<ele>70.54</ele>
	<time>1970-01-01T00:35:23.606Z</time>
</trkpt>
<trkpt lat="47.5101013" lon="1.2761630">
	<ele>69.97</ele>
	<time>1970-01-01T00:35:29.519Z</time>
</trkpt>
<trkpt lat="47.5104103" lon="1.2765670">
	<ele>70.02</ele>
	<time>1970-01-01T00:35:36.872Z</time>
</trkpt>
<trkpt lat="47.5106697" lon="1.2768680">
	<ele>69.57</ele>
	<time>1970-01-01T00:35:41.990Z</time>
</trkpt>
<trkpt lat="47.5108414" lon="1.2770510">
	<ele>69.76</ele>
	<time>1970-01-01T00:35:44.844Z</time>
</trkpt>
<trkpt lat="47.5111809" lon="1.2773319">
	<ele>68.94</ele>
	<time>1970-01-01T00:35:50.337Z</time>
</trkpt>
<trkpt lat="47.5114136" lon="1.2775490">
	<ele>68.05</ele>
	<time>1970-01-01T00:35:54.617Z</time>
</trkpt>
<trkpt lat="47.5116119" lon="1.2777610">
	<ele>68.18</ele>
	<time>1970-01-01T00:35:58.317Z</time>
</trkpt>
<trkpt lat="47.5118103" lon="1.2779980">
	<ele>67.70</ele>
	<time>1970-01-01T00:36:02.476Z</time>
</trkpt>
<trkpt lat="47.5121727" lon="1.2784760">
	<ele>68.09</ele>
	<time>1970-01-01T00:36:10.615Z</time>
</trkpt>
<trkpt lat="47.5123787" lon="1.2787980">
	<ele>68.90</ele>
	<time>1970-01-01T00:36:15.929Z</time>
</trkpt>
<trkpt lat="47.5131454" lon="1.2802180">
	<ele>70.23</ele>
	<time>1970-01-01T00:36:43.802Z</time>
</trkpt>
<trkpt lat="47.5132217" lon="1.2803390">
	<ele>69.95</ele>
	<time>1970-01-01T00:36:45.986Z</time>
</trkpt>
<trkpt lat="47.5135384" lon="1.2808020">
	<ele>70.02</ele>
	<time>1970-01-01T00:36:54.414Z</time>
</trkpt>
<trkpt lat="47.5138321" lon="1.2811300">
	<ele>69.36</ele>
	<time>1970-01-01T00:37:01.703Z</time>
</trkpt>
<trkpt lat="47.5144196" lon="1.2818410">
	<ele>70.83</ele>
	<time>1970-01-01T00:37:15.566Z</time>
</trkpt>
<trkpt lat="47.5150108" lon="1.2825650">
	<ele>69.03</ele>
	<time>1970-01-01T00:37:26.977Z</time>
</trkpt>
<trkpt lat="47.5151329" lon="1.2827060">
	<ele>68.87</ele>
	<time>1970-01-01T00:37:29.330Z</time>
</trkpt>
<trkpt lat="47.5152550" lon="1.2827930">
	<ele>69.08</ele>
	<time>1970-01-01T00:37:31.347Z</time>
</trkpt>
<trkpt lat="47.5157623" lon="1.2831110">
	<ele>68.48</ele>
	<time>1970-01-01T00:37:39.010Z</time>
</trkpt>
<trkpt lat="47.5160408" lon="1.2833880">
	<ele>68.44</ele>
	<time>1970-01-01T00:37:44.444Z</time>
</trkpt>
<trkpt lat="47.5162659" lon="1.2836560">
	<ele>68.66</ele>
	<time>1970-01-01T00:37:49.909Z</time>
</trkpt>
<trkpt lat="47.5163765" lon="1.2838180">
	<ele>68.81</ele>
	<time>1970-01-01T00:37:52.988Z</time>
</trkpt>
<trkpt lat="47.5165596" lon="1.2841409">
	<ele>69.17</ele>
	<time>1970-01-01T00:37:59.819Z</time>
</trkpt>
<trkpt lat="47.5166130" lon="1.2841650">
	<ele>69.11</ele>
	<time>1970-01-01T00:38:00.963Z</time>
</trkpt>
<trkpt lat="47.5166512" lon="1.2841550">
	<ele>68.99</ele>
	<time>1970-01-01T00:38:01.721Z</time>
</trkpt>
<trkpt lat="47.5169983" lon="1.2835860">
	<ele>66.92</ele>
	<time>1970-01-01T00:38:09.278Z</time>
</trkpt>
<trkpt lat="47.5171547" lon="1.2836000">
	<ele>67.04</ele>
	<time>1970-01-01T00:38:11.806Z</time>
</trkpt>
<trkpt lat="47.5176392" lon="1.2840530">
	<ele>66.40</ele>
	<time>1970-01-01T00:38:23.274Z</time>
</trkpt>
<trkpt lat="47.5181656" lon="1.2844520">
	<ele>66.65</ele>
	<time>1970-01-01T00:38:35.307Z</time>
</trkpt>
<trkpt lat="47.5184517" lon="1.2844990">
	<ele>66.12</ele>
	<time>1970-01-01T00:38:43.881Z</time>
</trkpt>
<trkpt lat="47.5186386" lon="1.2844360">
	<ele>65.92</ele>
	<time>1970-01-01T00:38:47.332Z</time>
</trkpt>
<trkpt lat="47.5191536" lon="1.2850360">
	<ele>66.08</ele>
	<time>1970-01-01T00:38:58.324Z</time>
</trkpt>
<trkpt lat="47.5195007" lon="1.2856899">
	<ele>66.37</ele>
	<time>1970-01-01T00:39:15.906Z</time>
</trkpt>
<trkpt lat="47.5197487" lon="1.2861880">
	<ele>66.97</ele>
	<time>1970-01-01T00:39:26.476Z</time>
</trkpt>
<trkpt lat="47.5198441" lon="1.2863801">
	<ele>66.49</ele>
	<time>1970-01-01T00:39:29.742Z</time>
</trkpt>
<trkpt lat="47.5202408" lon="1.2868440">
	<ele>67.43</ele>
	<time>1970-01-01T00:39:37.464Z</time>
</trkpt>
<trkpt lat="47.5207825" lon="1.2873720">
	<ele>66.70</ele>
	<time>1970-01-01T00:39:47.815Z</time>
</trkpt>
<trkpt lat="47.5211296" lon="1.2876800">
	<ele>66.64</ele>
	<time>1970-01-01T00:39:54.064Z</time>
</trkpt>
<trkpt lat="47.5217323" lon="1.2883970">
	<ele>66.90</ele>
	<time>1970-01-01T00:40:03.388Z</time>
</trkpt>
<trkpt lat="47.5224075" lon="1.2891450">
	<ele>66.99</ele>
	<time>1970-01-01T00:40:23.317Z</time>
</trkpt>
<trkpt lat="47.5225143" lon="1.2892790">
	<ele>67.04</ele>
	<time>1970-01-01T00:40:26.177Z</time>
</trkpt>
<trkpt lat="47.5234795" lon="1.2905160">
	<ele>68.01</ele>
	<time>1970-01-01T00:40:51.717Z</time>
</trkpt>
<trkpt lat="47.5241699" lon="1.2915530">
	<ele>68.61</ele>
	<time>1970-01-01T00:41:05.139Z</time>
</trkpt>
<trkpt lat="47.5251312" lon="1.2930620">
	<ele>68.49</ele>
	<time>1970-01-01T00:41:36.439Z</time>
</trkpt>
<trkpt lat="47.5254707" lon="1.2935010">
	<ele>68.89</ele>
	<time>1970-01-01T00:41:46.909Z</time>
</trkpt>
<trkpt lat="47.5255661" lon="1.2936180">
	<ele>68.97</ele>
	<time>1970-01-01T00:41:49.658Z</time>
</trkpt>
<trkpt lat="47.5258179" lon="1.2938770">
	<ele>68.01</ele>
	<time>1970-01-01T00:41:55.072Z</time>
</trkpt>
<trkpt lat="47.5264473" lon="1.2943920">
	<ele>68.60</ele>
	<time>1970-01-01T00:42:08.692Z</time>
</trkpt>
<trkpt lat="47.5274048" lon="1.2956060">
	<ele>70.49</ele>
	<time>1970-01-01T00:43:04.828Z</time>
</trkpt>
<trkpt lat="47.5278969" lon="1.2961030">
	<ele>71.05</ele>
	<time>1970-01-01T00:43:29.016Z</time>
</trkpt>
<trkpt lat="47.5283470" lon="1.2966390">
	<ele>71.70</ele>
	<time>1970-01-01T00:43:44.704Z</time>
</trkpt>
<trkpt lat="47.5290527" lon="1.2974020">
	<ele>72.53</ele>
	<time>1970-01-01T00:44:08.881Z</time>
</trkpt>
<trkpt lat="47.5299416" lon="1.2963040">
	<ele>66.72</ele>
	<time>1970-01-01T00:44:21.004Z</time>
</trkpt>
<trkpt lat="47.5300293" lon="1.2962420">
	<ele>66.47</ele>
	<time>1970-01-01T00:44:22.128Z</time>
</trkpt>
<trkpt lat="47.5301056" lon="1.2962250">
	<ele>66.43</ele>
	<time>1970-01-01T00:44:22.941Z</time>
</trkpt>
<trkpt lat="47.5301781" lon="1.2962430">
	<ele>66.55</ele>
	<time>1970-01-01T00:44:23.778Z</time>
</trkpt>
<trkpt lat="47.5302467" lon="1.2962821">
	<ele>66.74</ele>
	<time>1970-01-01T00:44:24.640Z</time>
</trkpt>
<trkpt lat="47.5308990" lon="1.2968791">
	<ele>66.00</ele>
	<time>1970-01-01T00:44:34.407Z</time>
</trkpt>
<trkpt lat="47.5314331" lon="1.2974440">
	<ele>66.00</ele>
	<time>1970-01-01T00:44:44.557Z</time>
</trkpt>
<trkpt lat="47.5331802" lon="1.2992769">
	<ele>66.14</ele>
	<time>1970-01-01T00:45:21.461Z</time>
</trkpt>
<trkpt lat="47.5343246" lon="1.3004870">
	<ele>67.06</ele>
	<time>1970-01-01T00:45:44.085Z</time>
</trkpt>
<trkpt lat="47.5346794" lon="1.3008519">
	<ele>67.00</ele>
	<time>1970-01-01T00:45:50.664Z</time>
</trkpt>
<trkpt lat="47.5350151" lon="1.3011750">
	<ele>67.00</ele>
	<time>1970-01-01T00:45:55.932Z</time>
</trkpt>
<trkpt lat="47.5352325" lon="1.3014090">
	<ele>67.05</ele>
	<time>1970-01-01T00:46:00.013Z</time>
</trkpt>
<trkpt lat="47.5355263" lon="1.3018070">
	<ele>67.08</ele>
	<time>1970-01-01T00:46:06.516Z</time>
</trkpt>
<trkpt lat="47.5356903" lon="1.3020800">
	<ele>67.07</ele>
	<time>1970-01-01T00:46:10.830Z</time>
</trkpt>
<trkpt lat="47.5359764" lon="1.3026590">
	<ele>67.04</ele>
	<time>1970-01-01T00:46:16.729Z</time>
</trkpt>
<trkpt lat="47.5361633" lon="1.3030190">
	<ele>66.99</ele>
	<time>1970-01-01T00:46:21.925Z</time>
</trkpt>
<trkpt lat="47.5364685" lon="1.3034770">
	<ele>66.91</ele>
	<time>1970-01-01T00:46:30.337Z</time>
</trkpt>
<trkpt lat="47.5377159" lon="1.3052970">
	<ele>69.26</ele>
	<time>1970-01-01T00:47:12.773Z</time>
</trkpt>
<trkpt lat="47.5379372" lon="1.3057210">
	<ele>68.89</ele>
	<time>1970-01-01T00:47:20.362Z</time>
</trkpt>
<trkpt lat="47.5386581" lon="1.3047240">
	<ele>66.00</ele>
	<time>1970-01-01T00:47:38.357Z</time>
</trkpt>
<trkpt lat="47.5388336" lon="1.3044980">
	<ele>65.99</ele>
	<time>1970-01-01T00:47:42.925Z</time>
</trkpt>
<trkpt lat="47.5389290" lon="1.3043270">
	<ele>66.00</ele>
	<time>1970-01-01T00:47:45.882Z</time>
</trkpt>
<trkpt lat="47.5390129" lon="1.3040560">
	<ele>66.02</ele>
	<time>1970-01-01T00:47:49.457Z</time>
</trkpt>
<trkpt lat="47.5391006" lon="1.3039269">
	<ele>66.04</ele>
	<time>1970-01-01T00:47:51.481Z</time>
</trkpt>
<trkpt lat="47.5392036" lon="1.3038830">
	<ele>66.00</ele>
	<time>1970-01-01T00:47:53.057Z</time>
</trkpt>
<trkpt lat="47.5392990" lon="1.3038810">
	<ele>66.04</ele>
	<time>1970-01-01T00:47:54.389Z</time>
</trkpt>
<trkpt lat="47.5394936" lon="1.3039790">
	<ele>65.96</ele>
	<time>1970-01-01T00:47:56.930Z</time>
</trkpt>
<trkpt lat="47.5396881" lon="1.3041720">
	<ele>66.06</ele>
	<time>1970-01-01T00:47:59.664Z</time>
</trkpt>
<trkpt lat="47.5399818" lon="1.3046280">
	<ele>66.14</ele>
	<time>1970-01-01T00:48:05.459Z</time>
</trkpt>
<trkpt lat="47.5400925" lon="1.3047190">
	<ele>65.67</ele>
	<time>1970-01-01T00:48:07.425Z</time>
</trkpt>
<trkpt lat="47.5403786" lon="1.3051890">
	<ele>65.77</ele>
	<time>1970-01-01T00:48:16.126Z</time>
</trkpt>
<trkpt lat="47.5407104" lon="1.3056760">
	<ele>65.20</ele>
	<time>1970-01-01T00:48:30.991Z</time>
</trkpt>
<trkpt lat="47.5411377" lon="1.3058300">
	<ele>65.99</ele>
	<time>1970-01-01T00:48:42.360Z</time>
</trkpt>
<trkpt lat="47.5414047" lon="1.3061620">
	<ele>65.96</ele>
	<time>1970-01-01T00:48:49.107Z</time>
</trkpt>
<trkpt lat="47.5415993" lon="1.3064940">
	<ele>65.43</ele>
	<time>1970-01-01T00:48:54.756Z</time>
</trkpt>
<trkpt lat="47.5417633" lon="1.3070590">
	<ele>65.69</ele>
	<time>1970-01-01T00:49:00.308Z</time>
</trkpt>
<trkpt lat="47.5417709" lon="1.3071700">
	<ele>65.28</ele>
	<time>1970-01-01T00:49:01.292Z</time>
</trkpt>
<trkpt lat="47.5418396" lon="1.3075470">
	<ele>66.16</ele>
	<time>1970-01-01T00:49:04.304Z</time>
</trkpt>
<trkpt lat="47.5418816" lon="1.3076570">
	<ele>66.14</ele>
	<time>1970-01-01T00:49:05.369Z</time>
</trkpt>
<trkpt lat="47.5423775" lon="1.3085240">
	<ele>66.00</ele>
	<time>1970-01-01T00:49:18.770Z</time>
</trkpt>
<trkpt lat="47.5424500" lon="1.3086830">
	<ele>66.00</ele>
	<time>1970-01-01T00:49:20.190Z</time>
</trkpt>
<trkpt lat="47.5425529" lon="1.3090130">
	<ele>66.00</ele>
	<time>1970-01-01T00:49:22.963Z</time>
</trkpt>
<trkpt lat="47.5425987" lon="1.3091910">
	<ele>66.00</ele>
	<time>1970-01-01T00:49:24.582Z</time>
</trkpt>
<trkpt lat="47.5426064" lon="1.3092721">
	<ele>65.97</ele>
	<time>1970-01-01T00:49:25.297Z</time>
</trkpt>
<trkpt lat="47.5425453" lon="1.3096540">
	<ele>66.74</ele>
	<time>1970-01-01T00:49:28.880Z</time>
</trkpt>
<trkpt lat="47.5428047" lon="1.3096770">
	<ele>65.97</ele>
	<time>1970-01-01T00:49:33.509Z</time>
</trkpt>
<trkpt lat="47.5430489" lon="1.3096451">
	<ele>66.83</ele>
	<time>1970-01-01T00:49:38.738Z</time>
</trkpt>
<trkpt lat="47.5432510" lon="1.3095020">
	<ele>66.32</ele>
	<time>1970-01-01T00:49:44.387Z</time>
</trkpt>
<trkpt lat="47.5433960" lon="1.3093300">
	<ele>65.50</ele>
	<time>1970-01-01T00:49:48.843Z</time>
</trkpt>
<trkpt lat="47.5435410" lon="1.3091420">
	<ele>66.65</ele>
	<time>1970-01-01T00:49:52.365Z</time>
</trkpt>
<trkpt lat="47.5438690" lon="1.3087389">
	<ele>66.48</ele>
	<time>1970-01-01T00:49:58.113Z</time>
</trkpt>
<trkpt lat="47.5446434" lon="1.3076741">
	<ele>66.61</ele>
	<time>1970-01-01T00:50:13.725Z</time>
</trkpt>
<trkpt lat="47.5451508" lon="1.3070010">
	<ele>66.51</ele>
	<time>1970-01-01T00:50:27.761Z</time>
</trkpt>
<trkpt lat="47.5453682" lon="1.3066421">
	<ele>66.30</ele>
	<time>1970-01-01T00:50:34.690Z</time>
</trkpt>
<trkpt lat="47.5457687" lon="1.3060610">
	<ele>67.00</ele>
	<time>1970-01-01T00:50:45.798Z</time>
</trkpt>
<trkpt lat="47.5478859" lon="1.3030800">
	<ele>67.00</ele>
	<time>1970-01-01T00:51:36.701Z</time>
</trkpt>
<trkpt lat="47.5487976" lon="1.3017960">
	<ele>67.00</ele>
	<time>1970-01-01T00:52:02.741Z</time>
</trkpt>
<trkpt lat="47.5488472" lon="1.3018670">
	<ele>67.00</ele>
	<time>1970-01-01T00:52:04.141Z</time>
</trkpt>
<trkpt lat="47.5489006" lon="1.3019400">
	<ele>67.00</ele>
	<time>1970-01-01T00:52:05.537Z</time>
</trkpt>
<trkpt lat="47.5493622" lon="1.3012660">
	<ele>67.00</ele>
	<time>1970-01-01T00:52:19.225Z</time>
</trkpt>
<trkpt lat="47.5494690" lon="1.3011050">
	<ele>67.00</ele>
	<time>1970-01-01T00:52:22.510Z</time>
</trkpt>
<trkpt lat="47.5495224" lon="1.3010830">
	<ele>67.00</ele>
	<time>1970-01-01T00:52:23.651Z</time>
</trkpt>
<trkpt lat="47.5496025" lon="1.3010809">
	<ele>67.00</ele>
	<time>1970-01-01T00:52:25.236Z</time>
</trkpt>
<trkpt lat="47.5496674" lon="1.3011180">
	<ele>67.00</ele>
	<time>1970-01-01T00:52:26.639Z</time>
</trkpt>
<trkpt lat="47.5501404" lon="1.3016090">
	<ele>67.00</ele>
	<time>1970-01-01T00:52:35.756Z</time>
</trkpt>
<trkpt lat="47.5505257" lon="1.3019150">
	<ele>67.00</ele>
	<time>1970-01-01T00:52:44.053Z</time>
</trkpt>
<trkpt lat="47.5505638" lon="1.3018529">
	<ele>67.00</ele>
	<time>1970-01-01T00:52:45.065Z</time>
</trkpt>
<trkpt lat="47.5518112" lon="1.2993000">
	<ele>68.20</ele>
	<time>1970-01-01T00:53:34.339Z</time>
</trkpt>
<trkpt lat="47.5518379" lon="1.2992589">
	<ele>68.20</ele>
	<time>1970-01-01T00:53:35.043Z</time>
</trkpt>
<trkpt lat="47.5519257" lon="1.2992430">
	<ele>68.13</ele>
	<time>1970-01-01T00:53:36.796Z</time>
</trkpt>
<trkpt lat="47.5531311" lon="1.3003150">
	<ele>66.92</ele>
	<time>1970-01-01T00:53:58.685Z</time>
</trkpt>
<trkpt lat="47.5531845" lon="1.3003520">
	<ele>66.86</ele>
	<time>1970-01-01T00:53:59.773Z</time>
</trkpt>
<trkpt lat="47.5532074" lon="1.3003470">
	<ele>66.85</ele>
	<time>1970-01-01T00:54:00.241Z</time>
</trkpt>
<trkpt lat="47.5532341" lon="1.3003170">
	<ele>66.86</ele>
	<time>1970-01-01T00:54:00.867Z</time>
</trkpt>
<trkpt lat="47.5536346" lon="1.2994970">
	<ele>67.75</ele>
	<time>1970-01-01T00:54:12.995Z</time>
</trkpt>
<trkpt lat="47.5536613" lon="1.2994720">
	<ele>67.86</ele>
	<time>1970-01-01T00:54:13.482Z</time>
</trkpt>
<trkpt lat="47.5536957" lon="1.2994601">
	<ele>67.88</ele>
	<time>1970-01-01T00:54:14.131Z</time>
</trkpt>
<trkpt lat="47.5537376" lon="1.2994590">
	<ele>67.80</ele>
	<time>1970-01-01T00:54:14.943Z</time>
</trkpt>
<trkpt lat="47.5543213" lon="1.2998490">
	<ele>67.74</ele>
	<time>1970-01-01T00:54:26.035Z</time>
</trkpt>
<trkpt lat="47.5544014" lon="1.2999330">
	<ele>68.05</ele>
	<time>1970-01-01T00:54:27.911Z</time>
</trkpt>
<trkpt lat="47.5545311" lon="1.3001420">
	<ele>67.71</ele>
	<time>1970-01-01T00:54:31.710Z</time>
</trkpt>
<trkpt lat="47.5546875" lon="1.3003130">
	<ele>67.71</ele>
	<time>1970-01-01T00:54:35.629Z</time>
</trkpt>
<trkpt lat="47.5552254" lon="1.3007050">
	<ele>67.19</ele>
	<time>1970-01-01T00:54:45.713Z</time>
</trkpt>
<trkpt lat="47.5552864" lon="1.3007370">
	<ele>67.11</ele>
	<time>1970-01-01T00:54:46.736Z</time>
</trkpt>
<trkpt lat="47.5555382" lon="1.3007910">
	<ele>66.11</ele>
	<time>1970-01-01T00:54:50.311Z</time>
</trkpt>
<trkpt lat="47.5556297" lon="1.3008300">
	<ele>66.06</ele>
	<time>1970-01-01T00:54:51.574Z</time>
</trkpt>
<trkpt lat="47.5559998" lon="1.3010989">
	<ele>65.31</ele>
	<time>1970-01-01T00:54:58.050Z</time>
</trkpt>
<trkpt lat="47.5578003" lon="1.3024640">
	<ele>66.13</ele>
	<time>1970-01-01T00:55:43.629Z</time>
</trkpt>
<trkpt lat="47.5582886" lon="1.3028589">
	<ele>66.58</ele>
	<time>1970-01-01T00:55:56.901Z</time>
</trkpt>
<trkpt lat="47.5585823" lon="1.3031189">
	<ele>69.73</ele>
	<time>1970-01-01T00:56:04.708Z</time>
</trkpt>
<trkpt lat="47.5595016" lon="1.3037690">
	<ele>67.49</ele>
	<time>1970-01-01T00:56:25.587Z</time>
</trkpt>
<trkpt lat="47.5601692" lon="1.3042910">
	<ele>66.53</ele>
	<time>1970-01-01T00:56:40.842Z</time>
</trkpt>
<trkpt lat="47.5604668" lon="1.3045360">
	<ele>66.77</ele>
	<time>1970-01-01T00:56:46.463Z</time>
</trkpt>
<trkpt lat="47.5607605" lon="1.3047770">
	<ele>66.45</ele>
	<time>1970-01-01T00:56:51.579Z</time>
</trkpt>
<trkpt lat="47.5614166" lon="1.3052940">
	<ele>68.10</ele>
	<time>1970-01-01T00:57:05.173Z</time>
</trkpt>
<trkpt lat="47.5622749" lon="1.3061430">
	<ele>68.13</ele>
	<time>1970-01-01T00:57:19.903Z</time>
</trkpt>
<trkpt lat="47.5625916" lon="1.3064620">
	<ele>68.22</ele>
	<time>1970-01-01T00:57:25.167Z</time>
</trkpt>
<trkpt lat="47.5635796" lon="1.3074090">
	<ele>68.36</ele>
	<time>1970-01-01T00:57:49.671Z</time>
</trkpt>
<trkpt lat="47.5640335" lon="1.3078630">
	<ele>68.53</ele>
	<time>1970-01-01T00:58:04.245Z</time>
</trkpt>
<trkpt lat="47.5649681" lon="1.3088410">
	<ele>68.22</ele>
	<time>1970-01-01T00:58:33.077Z</time>
</trkpt>
<trkpt lat="47.5656738" lon="1.3095560">
	<ele>68.51</ele>
	<time>1970-01-01T00:58:49.061Z</time>
</trkpt>
<trkpt lat="47.5664978" lon="1.3104841">
	<ele>68.16</ele>
	<time>1970-01-01T00:59:07.568Z</time>
</trkpt>
<trkpt lat="47.5668831" lon="1.3108850">
	<ele>67.46</ele>
	<time>1970-01-01T00:59:17.093Z</time>
</trkpt>
<trkpt lat="47.5671921" lon="1.3112580">
	<ele>68.08</ele>
	<time>1970-01-01T00:59:24.061Z</time>
</trkpt>
<trkpt lat="47.5672913" lon="1.3114010">
	<ele>68.08</ele>
	<time>1970-01-01T00:59:26.328Z</time>
</trkpt>
<trkpt lat="47.5674210" lon="1.3116900">
	<ele>66.88</ele>
	<time>1970-01-01T00:59:30.108Z</time>
</trkpt>
<trkpt lat="47.5675621" lon="1.3119590">
	<ele>67.90</ele>
	<time>1970-01-01T00:59:33.609Z</time>
</trkpt>
<trkpt lat="47.5676231" lon="1.3120490">
	<ele>67.55</ele>
	<time>1970-01-01T00:59:34.926Z</time>
</trkpt>
<trkpt lat="47.5676994" lon="1.3122020">
	<ele>67.22</ele>
	<time>1970-01-01T00:59:36.718Z</time>
</trkpt>
<trkpt lat="47.5677872" lon="1.3123010">
	<ele>67.14</ele>
	<time>1970-01-01T00:59:38.218Z</time>
</trkpt>
<trkpt lat="47.5679779" lon="1.3124250">
	<ele>67.46</ele>
	<time>1970-01-01T00:59:41.072Z</time>
</trkpt>
<trkpt lat="47.5681801" lon="1.3125700">
	<ele>68.02</ele>
	<time>1970-01-01T00:59:44.199Z</time>
</trkpt>
<trkpt lat="47.5682945" lon="1.3126700">
	<ele>67.99</ele>
	<time>1970-01-01T00:59:46.168Z</time>
</trkpt>
<trkpt lat="47.5683975" lon="1.3127930">
	<ele>68.29</ele>
	<time>1970-01-01T00:59:48.093Z</time>
</trkpt>
<trkpt lat="47.5689278" lon="1.3134890">
	<ele>68.49</ele>
	<time>1970-01-01T00:59:59.649Z</time>
</trkpt>
<trkpt lat="47.5690727" lon="1.3137040">
	<ele>69.00</ele>
	<time>1970-01-01T01:00:03.417Z</time>
</trkpt>
<trkpt lat="47.5692177" lon="1.3139499">
	<ele>69.31</ele>
	<time>1970-01-01T01:00:07.786Z</time>
</trkpt>
<trkpt lat="47.5693665" lon="1.3141930">
	<ele>68.40</ele>
	<time>1970-01-01T01:00:12.111Z</time>
</trkpt>
<trkpt lat="47.5708733" lon="1.3171160">
	<ele>69.40</ele>
	<time>1970-01-01T01:01:03.315Z</time>
</trkpt>
<trkpt lat="47.5712128" lon="1.3178149">
	<ele>70.03</ele>
	<time>1970-01-01T01:01:12.031Z</time>
</trkpt>
<trkpt lat="47.5713043" lon="1.3180040">
	<ele>68.85</ele>
	<time>1970-01-01T01:01:14.782Z</time>
</trkpt>
<trkpt lat="47.5716171" lon="1.3186510">
	<ele>68.46</ele>
	<time>1970-01-01T01:01:28.395Z</time>
</trkpt>
<trkpt lat="47.5719376" lon="1.3192461">
	<ele>68.84</ele>
	<time>1970-01-01T01:01:40.301Z</time>
</trkpt>
<trkpt lat="47.5724297" lon="1.3201669">
	<ele>68.37</ele>
	<time>1970-01-01T01:01:58.317Z</time>
</trkpt>
<trkpt lat="47.5725784" lon="1.3204430">
	<ele>68.32</ele>
	<time>1970-01-01T01:02:03.053Z</time>
</trkpt>
<trkpt lat="47.5733261" lon="1.3222630">
	<ele>67.83</ele>
	<time>1970-01-01T01:02:23.092Z</time>
</trkpt>
<trkpt lat="47.5738831" lon="1.3233401">
	<ele>67.91</ele>
	<time>1970-01-01T01:02:47.462Z</time>
</trkpt>
<trkpt lat="47.5739517" lon="1.3234260">
	<ele>68.77</ele>
	<time>1970-01-01T01:02:49.786Z</time>
</trkpt>
<trkpt lat="47.5740242" lon="1.3235000">
	<ele>70.37</ele>
	<time>1970-01-01T01:02:52.194Z</time>
</trkpt>
<trkpt lat="47.5740967" lon="1.3235410">
	<ele>71.69</ele>
	<time>1970-01-01T01:02:54.586Z</time>
</trkpt>
<trkpt lat="47.5741768" lon="1.3235620">
	<ele>72.39</ele>
	<time>1970-01-01T01:02:56.887Z</time>
</trkpt>
<trkpt lat="47.5742149" lon="1.3235630">
	<ele>72.44</ele>
	<time>1970-01-01T01:02:57.883Z</time>
</trkpt>
<trkpt lat="47.5742683" lon="1.3235620">
	<ele>72.27</ele>
	<time>1970-01-01T01:02:59.252Z</time>
</trkpt>
<trkpt lat="47.5742950" lon="1.3235580">
	<ele>72.10</ele>
	<time>1970-01-01T01:02:59.928Z</time>
</trkpt>
<trkpt lat="47.5743217" lon="1.3235730">
	<ele>71.89</ele>
	<time>1970-01-01T01:03:00.552Z</time>
</trkpt>
<trkpt lat="47.5744171" lon="1.3238250">
	<ele>72.64</ele>
	<time>1970-01-01T01:03:05.013Z</time>
</trkpt>
<trkpt lat="47.5744553" lon="1.3239020">
	<ele>73.06</ele>
	<time>1970-01-01T01:03:06.395Z</time>
</trkpt>
<trkpt lat="47.5745049" lon="1.3239580">
	<ele>73.17</ele>
	<time>1970-01-01T01:03:07.761Z</time>
</trkpt>
<trkpt lat="47.5745697" lon="1.3239920">
	<ele>73.12</ele>
	<time>1970-01-01T01:03:09.203Z</time>
</trkpt>
<trkpt lat="47.5746460" lon="1.3240170">
	<ele>72.90</ele>
	<time>1970-01-01T01:03:10.713Z</time>
</trkpt>
<trkpt lat="47.5746384" lon="1.3239560">
	<ele>72.56</ele>
	<time>1970-01-01T01:03:11.552Z</time>
</trkpt>
<trkpt lat="47.5745773" lon="1.3238020">
	<ele>71.71</ele>
	<time>1970-01-01T01:03:13.731Z</time>
</trkpt>
<trkpt lat="47.5744514" lon="1.3235260">
	<ele>70.31</ele>
	<time>1970-01-01T01:03:17.920Z</time>
</trkpt>
<trkpt lat="47.5742950" lon="1.3232120">
	<ele>70.42</ele>
	<time>1970-01-01T01:03:23.398Z</time>
</trkpt>
<trkpt lat="47.5742302" lon="1.3230560">
	<ele>69.41</ele>
	<time>1970-01-01T01:03:26.345Z</time>
</trkpt>
<trkpt lat="47.5742073" lon="1.3229890">
	<ele>69.06</ele>
	<time>1970-01-01T01:03:27.580Z</time>
</trkpt>
<trkpt lat="47.5741997" lon="1.3229090">
	<ele>68.52</ele>
	<time>1970-01-01T01:03:28.887Z</time>
</trkpt>
<trkpt lat="47.5741997" lon="1.3228340">
	<ele>68.02</ele>
	<time>1970-01-01T01:03:30.174Z</time>
</trkpt>
<trkpt lat="47.5742722" lon="1.3228700">
	<ele>67.78</ele>
	<time>1970-01-01T01:03:31.749Z</time>
</trkpt>
<trkpt lat="47.5743637" lon="1.3229530">
	<ele>67.47</ele>
	<time>1970-01-01T01:03:33.787Z</time>
</trkpt>
<trkpt lat="47.5744667" lon="1.3230870">
	<ele>66.98</ele>
	<time>1970-01-01T01:03:35.909Z</time>
</trkpt>
<trkpt lat="47.5745659" lon="1.3232570">
	<ele>67.57</ele>
	<time>1970-01-01T01:03:38.236Z</time>
</trkpt>
<trkpt lat="47.5750542" lon="1.3243200">
	<ele>67.80</ele>
	<time>1970-01-01T01:03:51.521Z</time>
</trkpt>
<trkpt lat="47.5751724" lon="1.3246160">
	<ele>68.63</ele>
	<time>1970-01-01T01:03:55.024Z</time>
</trkpt>
<trkpt lat="47.5752068" lon="1.3247060">
	<ele>68.26</ele>
	<time>1970-01-01T01:03:56.137Z</time>
</trkpt>
<trkpt lat="47.5753136" lon="1.3250530">
	<ele>68.21</ele>
	<time>1970-01-01T01:03:59.711Z</time>
</trkpt>
<trkpt lat="47.5753670" lon="1.3251750">
	<ele>69.45</ele>
	<time>1970-01-01T01:04:01.000Z</time>
</trkpt>
<trkpt lat="47.5758858" lon="1.3261710">
	<ele>69.02</ele>
	<time>1970-01-01T01:04:11.326Z</time>
</trkpt>
<trkpt lat="47.5759583" lon="1.3262900">
	<ele>69.21</ele>
	<time>1970-01-01T01:04:12.951Z</time>
</trkpt>
<trkpt lat="47.5760117" lon="1.3263590">
	<ele>68.63</ele>
	<time>1970-01-01T01:04:14.055Z</time>
</trkpt>
<trkpt lat="47.5761108" lon="1.3264540">
	<ele>67.38</ele>
	<time>1970-01-01T01:04:15.782Z</time>
</trkpt>
<trkpt lat="47.5761871" lon="1.3265440">
	<ele>67.22</ele>
	<time>1970-01-01T01:04:17.279Z</time>
</trkpt>
<trkpt lat="47.5762558" lon="1.3266470">
	<ele>67.13</ele>
	<time>1970-01-01T01:04:18.806Z</time>
</trkpt>
<trkpt lat="47.5765343" lon="1.3271850">
	<ele>67.51</ele>
	<time>1970-01-01T01:04:26.597Z</time>
</trkpt>
<trkpt lat="47.5768166" lon="1.3278390">
	<ele>68.67</ele>
	<time>1970-01-01T01:04:37.936Z</time>
</trkpt>
<trkpt lat="47.5772552" lon="1.3286430">
	<ele>67.21</ele>
	<time>1970-01-01T01:04:58.770Z</time>
</trkpt>
<trkpt lat="47.5776215" lon="1.3292760">
	<ele>69.40</ele>
	<time>1970-01-01T01:05:11.346Z</time>
</trkpt>
<trkpt lat="47.5779381" lon="1.3297050">
	<ele>69.52</ele>
	<time>1970-01-01T01:05:20.214Z</time>
</trkpt>
<trkpt lat="47.5783691" lon="1.3301930">
	<ele>67.19</ele>
	<time>1970-01-01T01:05:34.294Z</time>
</trkpt>
<trkpt lat="47.5785522" lon="1.3304970">
	<ele>66.00</ele>
	<time>1970-01-01T01:05:40.061Z</time>
</trkpt>
<trkpt lat="47.5789070" lon="1.3311710">
	<ele>66.83</ele>
	<time>1970-01-01T01:05:51.740Z</time>
</trkpt>
<trkpt lat="47.5791245" lon="1.3314970">
	<ele>67.67</ele>
	<time>1970-01-01T01:05:58.491Z</time>
</trkpt>
<trkpt lat="47.5799217" lon="1.3325510">
	<ele>67.84</ele>
	<time>1970-01-01T01:06:14.449Z</time>
</trkpt>
<trkpt lat="47.5803146" lon="1.3330630">
	<ele>66.63</ele>
	<time>1970-01-01T01:06:24.239Z</time>
</trkpt>
<trkpt lat="47.5803947" lon="1.3331170">
	<ele>66.71</ele>
	<time>1970-01-01T01:06:25.922Z</time>
</trkpt>
<trkpt lat="47.5804482" lon="1.3331330">
	<ele>66.34</ele>
	<time>1970-01-01T01:06:26.868Z</time>
</trkpt>
<trkpt lat="47.5805092" lon="1.3332241">
	<ele>66.56</ele>
	<time>1970-01-01T01:06:28.451Z</time>
</trkpt>
<trkpt lat="47.5808334" lon="1.3336819">
	<ele>65.99</ele>
	<time>1970-01-01T01:06:36.910Z</time>
</trkpt>
<trkpt lat="47.5810394" lon="1.3339781">
	<ele>66.87</ele>
	<time>1970-01-01T01:06:42.629Z</time>
</trkpt>
<trkpt lat="47.5811234" lon="1.3341110">
	<ele>67.13</ele>
	<time>1970-01-01T01:06:45.096Z</time>
</trkpt>
<trkpt lat="47.5812607" lon="1.3343260">
	<ele>67.69</ele>
	<time>1970-01-01T01:06:48.938Z</time>
</trkpt>
<trkpt lat="47.5814056" lon="1.3345590">
	<ele>67.82</ele>
	<time>1970-01-01T01:06:52.848Z</time>
</trkpt>
<trkpt lat="47.5817146" lon="1.3350400">
	<ele>67.08</ele>
	<time>1970-01-01T01:06:59.899Z</time>
</trkpt>
<trkpt lat="47.5818291" lon="1.3352170">
	<ele>67.25</ele>
	<time>1970-01-01T01:07:03.098Z</time>
</trkpt>
<trkpt lat="47.5820274" lon="1.3355240">
	<ele>69.02</ele>
	<time>1970-01-01T01:07:09.426Z</time>
</trkpt>
<trkpt lat="47.5825081" lon="1.3362600">
	<ele>66.88</ele>
	<time>1970-01-01T01:07:22.953Z</time>
</trkpt>
<trkpt lat="47.5826263" lon="1.3364500">
	<ele>67.72</ele>
	<time>1970-01-01T01:07:26.621Z</time>
</trkpt>
<trkpt lat="47.5826416" lon="1.3364680">
	<ele>67.60</ele>
	<time>1970-01-01T01:07:26.984Z</time>
</trkpt>
<trkpt lat="47.5827827" lon="1.3366899">
	<ele>67.26</ele>
	<time>1970-01-01T01:07:31.120Z</time>
</trkpt>
<trkpt lat="47.5829926" lon="1.3370230">
	<ele>67.91</ele>
	<time>1970-01-01T01:07:37.885Z</time>
</trkpt>
<trkpt lat="47.5832481" lon="1.3374209">
	<ele>67.07</ele>
	<time>1970-01-01T01:07:44.063Z</time>
</trkpt>
<trkpt lat="47.5834007" lon="1.3377210">
	<ele>67.36</ele>
	<time>1970-01-01T01:07:49.591Z</time>
</trkpt>
<trkpt lat="47.5834961" lon="1.3379680">
	<ele>68.57</ele>
	<time>1970-01-01T01:07:55.769Z</time>
</trkpt>
<trkpt lat="47.5839386" lon="1.3386890">
	<ele>71.16</ele>
	<time>1970-01-01T01:08:15.174Z</time>
</trkpt>
<trkpt lat="47.5840416" lon="1.3388250">
	<ele>71.47</ele>
	<time>1970-01-01T01:08:18.999Z</time>
</trkpt>
<trkpt lat="47.5840988" lon="1.3388890">
	<ele>71.77</ele>
	<time>1970-01-01T01:08:20.836Z</time>
</trkpt>
<trkpt lat="47.5841446" lon="1.3389590">
	<ele>72.03</ele>
	<time>1970-01-01T01:08:22.516Z</time>
</trkpt>
<trkpt lat="47.5841522" lon="1.3389421">
	<ele>71.78</ele>
	<time>1970-01-01T01:08:22.957Z</time>
</trkpt>
<trkpt lat="47.5841675" lon="1.3389220">
	<ele>71.38</ele>
	<time>1970-01-01T01:08:23.365Z</time>
</trkpt>
<trkpt lat="47.5841751" lon="1.3389080">
	<ele>71.12</ele>
	<time>1970-01-01T01:08:23.569Z</time>
</trkpt>
<trkpt lat="47.5841827" lon="1.3388940">
	<ele>70.84</ele>
	<time>1970-01-01T01:08:23.758Z</time>
</trkpt>
<trkpt lat="47.5850677" lon="1.3375750">
	<ele>66.00</ele>
	<time>1970-01-01T01:08:45.368Z</time>
</trkpt>
<trkpt lat="47.5859299" lon="1.3362870">
	<ele>67.65</ele>
	<time>1970-01-01T01:09:07.639Z</time>
</trkpt>
<trkpt lat="47.5859642" lon="1.3362401">
	<ele>68.74</ele>
	<time>1970-01-01T01:09:08.467Z</time>
</trkpt>
<trkpt lat="47.5859718" lon="1.3362280">
	<ele>69.03</ele>
	<time>1970-01-01T01:09:08.686Z</time>
</trkpt>
<trkpt lat="47.5859795" lon="1.3362139">
	<ele>69.34</ele>
	<time>1970-01-01T01:09:08.904Z</time>
</trkpt>
<trkpt lat="47.5859871" lon="1.3362020">
	<ele>69.64</ele>
	<time>1970-01-01T01:09:09.138Z</time>
</trkpt>
<trkpt lat="47.5860329" lon="1.3361340">
	<ele>71.42</ele>
	<time>1970-01-01T01:09:10.983Z</time>
</trkpt>
<trkpt lat="47.5860382" lon="1.3361429">
	<ele>71.47</ele>
	<time>1970-01-01T00:00:00.000Z</time>
</trkpt>
<trkpt lat="47.5865053" lon="1.3367660">
	<ele>71.80</ele>
	<time>1970-01-01T00:00:00.000Z</time>
</trkpt>
<trkpt lat="47.5865671" lon="1.3370048">
	<ele>71.80</ele>
	<time>1970-01-01T00:00:00.000Z</time>
</trkpt>
<trkpt lat="47.5866697" lon="1.3371892">
	<ele>72.60</ele>
	<time>1970-01-01T00:00:00.000Z</time>
</trkpt>
<trkpt lat="47.5868929" lon="1.3374350">
	<ele>73.60</ele>
	<time>1970-01-01T00:00:00.000Z</time>
</trkpt>
<trkpt lat="47.5871825" lon="1.3378548">
	<ele>68.80</ele>
	<time>1970-01-01T00:00:00.000Z</time>
</trkpt>
<trkpt lat="47.5895768" lon="1.3416171">
	<ele>75.00</ele>
	<time>1970-01-01T00:00:00.000Z</time>
</trkpt>
<trkpt lat="47.5898110" lon="1.3421887">
	<ele>72.90</ele>
	<time>1970-01-01T00:00:00.000Z</time>
</trkpt>
<trkpt lat="47.5898793" lon="1.3422709">
	<ele>72.90</ele>
	<time>1970-01-01T00:00:00.000Z</time>
</trkpt>
<trkpt lat="47.5908910" lon="1.3441978">
	<ele>73.20</ele>
	<time>1970-01-01T00:00:00.000Z</time>
</trkpt>
<trkpt lat="47.5919742" lon="1.3464907">
	<ele>70.20</ele>
	<time>1970-01-01T00:00:00.000Z</time>
</trkpt>
<trkpt lat="47.5925116" lon="1.3480125">
	<ele>71.30</ele>
	<time>1970-01-01T00:00:00.000Z</time>
</trkpt>
<trkpt lat="47.5927166" lon="1.3489485">
	<ele>69.50</ele>
	<time>1970-01-01T00:00:00.000Z</time>
</trkpt>
<trkpt lat="47.5930141" lon="1.3495102">
	<ele>69.50</ele>
	<time>1970-01-01T00:00:00.000Z</time>
</trkpt>
<trkpt lat="47.5932431" lon="1.3500797">
	<ele>70.40</ele>
	<time>1970-01-01T00:00:00.000Z</time>
</trkpt>
<trkpt lat="47.5933754" lon="1.3504573">
	<ele>70.50</ele>
	<time>1970-01-01T00:00:00.000Z</time>
</trkpt>
<trkpt lat="47.5935188" lon="1.3510518">
	<ele>70.40</ele>
	<time>1970-01-01T00:00:00.000Z</time>
</trkpt>
<trkpt lat="47.5936164" lon="1.3512684">
	<ele>71.60</ele>
	<time>1970-01-01T00:00:00.000Z</time>
</trkpt>
<trkpt lat="47.5948073" lon="1.3534824">
	<ele>69.20</ele>
	<time>1970-01-01T00:00:00.000Z</time>
</trkpt>
<trkpt lat="47.5960937" lon="1.3555750">
	<ele>71.20</ele>
	<time>1970-01-01T00:00:00.000Z</time>
</trkpt>
<trkpt lat="47.5973322" lon="1.3581137">
	<ele>69.80</ele>
	<time>1970-01-01T00:00:00.000Z</time>
</trkpt>
<trkpt lat="47.5992606" lon="1.3615699">
	<ele>67.80</ele>
	<time>1970-01-01T00:00:00.000Z</time>
</trkpt>
<trkpt lat="47.5998922" lon="1.3626260">
	<ele>68.10</ele>
	<time>1970-01-01T00:00:00.000Z</time>
</trkpt>
<trkpt lat="47.6006495" lon="1.3635400">
	<ele>68.40</ele>
	<time>1970-01-01T00:00:00.000Z</time>
</trkpt>
<trkpt lat="47.6015274" lon="1.3647642">
	<ele>69.30</ele>
	<time>1970-01-01T00:00:00.000Z</time>
</trkpt>
<trkpt lat="47.6023368" lon="1.3657937">
	<ele>70.10</ele>
	<time>1970-01-01T00:00:00.000Z</time>
</trkpt>
<trkpt lat="47.6029314" lon="1.3664612">
	<ele>68.10</ele>
	<time>1970-01-01T00:00:00.000Z</time>
</trkpt>
<trkpt lat="47.6036439" lon="1.3671422">
	<ele>69.30</ele>
	<time>1970-01-01T00:00:00.000Z</time>
</trkpt>
<trkpt lat="47.6048315" lon="1.3686834">
	<ele>68.10</ele>
	<time>1970-01-01T00:00:00.000Z</time>
</trkpt>
<trkpt lat="47.6055446" lon="1.3693350">
	<ele>68.50</ele>
	<time>1970-01-01T00:00:00.000Z</time>
</trkpt>
<trkpt lat="47.6057707" lon="1.3694798">
	<ele>67.60</ele>
	<time>1970-01-01T00:00:00.000Z</time>
</trkpt>
<trkpt lat="47.6060722" lon="1.3696024">
	<ele>68.10</ele>
	<time>1970-01-01T00:00:00.000Z</time>
</trkpt>
<trkpt lat="47.6064137" lon="1.3696814">
	<ele>67.00</ele>
	<time>1970-01-01T00:00:00.000Z</time>
</trkpt>
<trkpt lat="47.6070463" lon="1.3699161">
	<ele>67.50</ele>
	<time>1970-01-01T00:00:00.000Z</time>
</trkpt>
<trkpt lat="47.6074497" lon="1.3699864">
	<ele>71.30</ele>
	<time>1970-01-01T00:00:00.000Z</time>
</trkpt>
<trkpt lat="47.6085013" lon="1.3703725">
	<ele>70.50</ele>
	<time>1970-01-01T00:00:00.000Z</time>
</trkpt>
<trkpt lat="47.6095780" lon="1.3710785">
	<ele>71.70</ele>
	<time>1970-01-01T00:00:00.000Z</time>
</trkpt>
<trkpt lat="47.6111285" lon="1.3718632">
	<ele>74.00</ele>
	<time>1970-01-01T00:00:00.000Z</time>
</trkpt>
<trkpt lat="47.6123199" lon="1.3728602">
	<ele>74.40</ele>
	<time>1970-01-01T00:00:00.000Z</time>
</trkpt>
<trkpt lat="47.6126607" lon="1.3732784">
	<ele>73.90</ele>
	<time>1970-01-01T00:00:00.000Z</time>
</trkpt>
<trkpt lat="47.6135761" lon="1.3745634">
	<ele>73.30</ele>
	<time>1970-01-01T00:00:00.000Z</time>
</trkpt>
<trkpt lat="47.6140649" lon="1.3750063">
	<ele>73.10</ele>
	<time>1970-01-01T00:00:00.000Z</time>
</trkpt>
<trkpt lat="47.6144426" lon="1.3755568">
	<ele>73.20</ele>
	<time>1970-01-01T00:00:00.000Z</time>
</trkpt>
<trkpt lat="47.6152450" lon="1.3766108">
	<ele>74.30</ele>
	<time>1970-01-01T00:00:00.000Z</time>
</trkpt>
<trkpt lat="47.6155378" lon="1.3772702">
	<ele>77.80</ele>
	<time>1970-01-01T00:00:00.000Z</time>
</trkpt>
<trkpt lat="47.6157321" lon="1.3775878">
	<ele>78.60</ele>
	<time>1970-01-01T00:00:00.000Z</time>
</trkpt>
<trkpt lat="47.6162178" lon="1.3781339">
	<ele>79.70</ele>
	<time>1970-01-01T00:00:00.000Z</time>
</trkpt>
<trkpt lat="47.6163810" lon="1.3785436">
	<ele>78.70</ele>
	<time>1970-01-01T00:00:00.000Z</time>
</trkpt>
<trkpt lat="47.6166280" lon="1.3793410">
	<ele>77.80</ele>
	<time>1970-01-01T00:00:00.000Z</time>
</trkpt>
<trkpt lat="47.6182498" lon="1.3832636">
	<ele>72.30</ele>
	<time>1970-01-01T00:00:00.000Z</time>
</trkpt>
<trkpt lat="47.6206061" lon="1.3880379">
	<ele>71.50</ele>
	<time>1970-01-01T00:00:00.000Z</time>
</trkpt>
<trkpt lat="47.6211696" lon="1.3890116">
	<ele>71.60</ele>
	<time>1970-01-01T00:00:00.000Z</time>
</trkpt>
<trkpt lat="47.6218006" lon="1.3899182">
	<ele>70.30</ele>
	<time>1970-01-01T00:00:00.000Z</time>
</trkpt>
<trkpt lat="47.6226925" lon="1.3915344">
	<ele>70.80</ele>
	<time>1970-01-01T00:00:00.000Z</time>
</trkpt>
<trkpt lat="47.6238327" lon="1.3932606">
	<ele>73.00</ele>
	<time>1970-01-01T00:00:00.000Z</time>
</trkpt>
<trkpt lat="47.6241250" lon="1.3937621">
	<ele>71.90</ele>
	<time>1970-01-01T00:00:00.000Z</time>
</trkpt>
<trkpt lat="47.6248905" lon="1.3947002">
	<ele>74.20</ele>
	<time>1970-01-01T00:00:00.000Z</time>
</trkpt>
<trkpt lat="47.6256399" lon="1.3958339">
	<ele>73.70</ele>
	<time>1970-01-01T00:00:00.000Z</time>
</trkpt>
<trkpt lat="47.6259322" lon="1.3962098">
	<ele>75.00</ele>
	<time>1970-01-01T00:00:00.000Z</time>
</trkpt>
<trkpt lat="47.6262522" lon="1.3965586">
	<ele>74.40</ele>
	<time>1970-01-01T00:00:00.000Z</time>
</trkpt>
<trkpt lat="47.6266109" lon="1.3968674">
	<ele>73.60</ele>
	<time>1970-01-01T00:00:00.000Z</time>
</trkpt>
<trkpt lat="47.6276037" lon="1.3980162">
	<ele>74.80</ele>
	<time>1970-01-01T00:00:00.000Z</time>
</trkpt>
<trkpt lat="47.6286942" lon="1.3995417">
	<ele>74.80</ele>
	<time>1970-01-01T00:00:00.000Z</time>
</trkpt>
<trkpt lat="47.6291628" lon="1.3999791">
	<ele>73.80</ele>
	<time>1970-01-01T00:00:00.000Z</time>
</trkpt>
<trkpt lat="47.6295158" lon="1.4001164">
	<ele>75.90</ele>
	<time>1970-01-01T00:00:00.000Z</time>
</trkpt>
<trkpt lat="47.6295733" lon="1.4001758">
	<ele>78.00</ele>
	<time>1970-01-01T00:00:00.000Z</time>
</trkpt>
<trkpt lat="47.6312879" lon="1.4029025">
	<ele>77.90</ele>
	<time>1970-01-01T00:00:00.000Z</time>
</trkpt>
<trkpt lat="47.6316158" lon="1.4033111">
	<ele>77.80</ele>
	<time>1970-01-01T00:00:00.000Z</time>
</trkpt>
<trkpt lat="47.6320074" lon="1.4036417">
	<ele>78.70</ele>
	<time>1970-01-01T00:00:00.000Z</time>
</trkpt>
<trkpt lat="47.6323022" lon="1.4040057">
	<ele>81.70</ele>
	<time>1970-01-01T00:00:00.000Z</time>
</trkpt>
<trkpt lat="47.6334352" lon="1.4054890">
	<ele>76.70</ele>
	<time>1970-01-01T00:00:00.000Z</time>
</trkpt>
<trkpt lat="47.6339192" lon="1.4062497">
	<ele>75.70</ele>
	<time>1970-01-01T00:00:00.000Z</time>
</trkpt>
<trkpt lat="47.6349865" lon="1.4075349">
	<ele>75.20</ele>
	<time>1970-01-01T00:00:00.000Z</time>
</trkpt>
<trkpt lat="47.6371856" lon="1.4106860">
	<ele>78.20</ele>
	<time>1970-01-01T00:00:00.000Z</time>
</trkpt>
<trkpt lat="47.6392498" lon="1.4135670">
	<ele>89.00</ele>
	<time>1970-01-01T00:00:00.000Z</time>
</trkpt>
<trkpt lat="47.6406026" lon="1.4152239">
	<ele>75.00</ele>
	<time>1970-01-01T00:00:00.000Z</time>
</trkpt>
<trkpt lat="47.6415326" lon="1.4164287">
	<ele>77.60</ele>
	<time>1970-01-01T00:00:00.000Z</time>
</trkpt>
<trkpt lat="47.6419168" lon="1.4168741">
	<ele>75.40</ele>
	<time>1970-01-01T00:00:00.000Z</time>
</trkpt>
<trkpt lat="47.6434425" lon="1.4184435">
	<ele>70.70</ele>
	<time>1970-01-01T00:00:00.000Z</time>
</trkpt>
<trkpt lat="47.6438841" lon="1.4189499">
	<ele>72.60</ele>
	<time>1970-01-01T00:00:00.000Z</time>
</trkpt>
<trkpt lat="47.6445588" lon="1.4195162">
	<ele>70.80</ele>
	<time>1970-01-01T00:00:00.000Z</time>
</trkpt>
<trkpt lat="47.6458964" lon="1.4209645">
	<ele>81.10</ele>
	<time>1970-01-01T00:00:00.000Z</time>
</trkpt>
<trkpt lat="47.6469909" lon="1.4222723">
	<ele>78.10</ele>
	<time>1970-01-01T00:00:00.000Z</time>
</trkpt>
<trkpt lat="47.6475292" lon="1.4229997">
	<ele>81.00</ele>
	<time>1970-01-01T00:00:00.000Z</time>
</trkpt>
<trkpt lat="47.6479237" lon="1.4236132">
	<ele>78.50</ele>
	<time>1970-01-01T00:00:00.000Z</time>
</trkpt>
<trkpt lat="47.6493513" lon="1.4260362">
	<ele>78.80</ele>
	<time>1970-01-01T00:00:00.000Z</time>
</trkpt>
<trkpt lat="47.6496600" lon="1.4266635">
	<ele>76.50</ele>
	<time>1970-01-01T00:00:00.000Z</time>
</trkpt>
<trkpt lat="47.6517212" lon="1.4299123">
	<ele>78.70</ele>
	<time>1970-01-01T00:00:00.000Z</time>
</trkpt>
<trkpt lat="47.6531775" lon="1.4324356">
	<ele>79.20</ele>
	<time>1970-01-01T00:00:00.000Z</time>
</trkpt>
<trkpt lat="47.6536462" lon="1.4330518">
	<ele>79.30</ele>
	<time>1970-01-01T00:00:00.000Z</time>
</trkpt>
<trkpt lat="47.6540159" lon="1.4334634">
	<ele>80.30</ele>
	<time>1970-01-01T00:00:00.000Z</time>
</trkpt>
<trkpt lat="47.6547949" lon="1.4345870">
	<ele>81.20</ele>
	<time>1970-01-01T00:00:00.000Z</time>
</trkpt>
<trkpt lat="47.6548569" lon="1.4346112">
	<ele>80.20</ele>
	<time>1970-01-01T00:00:00.000Z</time>
</trkpt>
<trkpt lat="47.6549578" lon="1.4345522">
	<ele>81.20</ele>
	<time>1970-01-01T00:00:00.000Z</time>
</trkpt>
<trkpt lat="47.6550822" lon="1.4343623">
	<ele>81.90</ele>
	<time>1970-01-01T00:00:00.000Z</time>
</trkpt>
<trkpt lat="47.6551044" lon="1.4342512">
	<ele>82.80</ele>
	<time>1970-01-01T00:00:00.000Z</time>
</trkpt>
<trkpt lat="47.6553994" lon="1.4339157">
	<ele>83.80</ele>
	<time>1970-01-01T00:00:00.000Z</time>
</trkpt>
<trkpt lat="47.6557190" lon="1.4333123">
	<ele>84.90</ele>
	<time>1970-01-01T00:00:00.000Z</time>
</trkpt>
<trkpt lat="47.6559621" lon="1.4335850">
	<ele>85.00</ele>
	<time>1970-01-01T00:00:00.000Z</time>
</trkpt>
<trkpt lat="47.6563430" lon="1.4341201">
	<ele>85.54</ele>
	<time>1970-01-01T00:00:00.000Z</time>
</trkpt>
<trkpt lat="47.6563263" lon="1.4341310">
	<ele>85.48</ele>
	<time>1970-01-03T14:40:00.377Z</time>
</trkpt>
<trkpt lat="47.6564903" lon="1.4346000">
	<ele>87.33</ele>
	<time>1970-01-03T14:40:09.844Z</time>
</trkpt>
<trkpt lat="47.6570358" lon="1.4361100">
	<ele>87.37</ele>
	<time>1970-01-03T14:40:34.096Z</time>
</trkpt>
<trkpt lat="47.6572723" lon="1.4365250">
	<ele>87.26</ele>
	<time>1970-01-03T14:40:40.521Z</time>
</trkpt>
<trkpt lat="47.6574135" lon="1.4368010">
	<ele>87.15</ele>
	<time>1970-01-03T14:40:44.924Z</time>
</trkpt>
<trkpt lat="47.6574669" lon="1.4369590">
	<ele>86.84</ele>
	<time>1970-01-03T14:40:47.121Z</time>
</trkpt>
<trkpt lat="47.6574554" lon="1.4371210">
	<ele>86.23</ele>
	<time>1970-01-03T14:40:49.021Z</time>
</trkpt>
<trkpt lat="47.6574364" lon="1.4372751">
	<ele>85.58</ele>
	<time>1970-01-03T14:40:50.819Z</time>
</trkpt>
<trkpt lat="47.6573486" lon="1.4375089">
	<ele>83.78</ele>
	<time>1970-01-03T14:40:53.277Z</time>
</trkpt>
<trkpt lat="47.6572151" lon="1.4378380">
	<ele>80.70</ele>
	<time>1970-01-03T14:40:57.709Z</time>
</trkpt>
<trkpt lat="47.6572037" lon="1.4381610">
	<ele>79.09</ele>
	<time>1970-01-03T14:41:00.590Z</time>
</trkpt>
<trkpt lat="47.6572266" lon="1.4385010">
	<ele>78.01</ele>
	<time>1970-01-03T14:41:03.178Z</time>
</trkpt>
<trkpt lat="47.6572723" lon="1.4388731">
	<ele>77.43</ele>
	<time>1970-01-03T14:41:05.672Z</time>
</trkpt>
<trkpt lat="47.6574135" lon="1.4393290">
	<ele>77.00</ele>
	<time>1970-01-03T14:41:09.179Z</time>
</trkpt>
<trkpt lat="47.6576614" lon="1.4396200">
	<ele>76.88</ele>
	<time>1970-01-03T14:41:13.208Z</time>
</trkpt>
<trkpt lat="47.6578751" lon="1.4399461">
	<ele>76.52</ele>
	<time>1970-01-03T14:41:17.727Z</time>
</trkpt>
<trkpt lat="47.6581383" lon="1.4402380">
	<ele>76.30</ele>
	<time>1970-01-03T14:41:23.561Z</time>
</trkpt>
<trkpt lat="47.6581764" lon="1.4403480">
	<ele>76.31</ele>
	<time>1970-01-03T14:41:24.997Z</time>
</trkpt>
<trkpt lat="47.6581917" lon="1.4406790">
	<ele>76.24</ele>
	<time>1970-01-03T14:41:28.396Z</time>
</trkpt>
<trkpt lat="47.6582832" lon="1.4410790">
	<ele>75.85</ele>
	<time>1970-01-03T14:41:32.334Z</time>
</trkpt>
<trkpt lat="47.6587639" lon="1.4419200">
	<ele>77.60</ele>
	<time>1970-01-03T14:41:44.340Z</time>
</trkpt>
<trkpt lat="47.6588974" lon="1.4423079">
	<ele>76.68</ele>
	<time>1970-01-03T14:41:49.724Z</time>
</trkpt>
<trkpt lat="47.6589355" lon="1.4424911">
	<ele>76.25</ele>
	<time>1970-01-03T14:41:51.882Z</time>
</trkpt>
<trkpt lat="47.6588783" lon="1.4425640">
	<ele>75.92</ele>
	<time>1970-01-03T14:41:53.125Z</time>
</trkpt>
<trkpt lat="47.6587524" lon="1.4426240">
	<ele>75.70</ele>
	<time>1970-01-03T14:41:55.214Z</time>
</trkpt>
<trkpt lat="47.6584854" lon="1.4427880">
	<ele>74.63</ele>
	<time>1970-01-03T14:41:59.194Z</time>
</trkpt>
<trkpt lat="47.6582375" lon="1.4429801">
	<ele>72.89</ele>
	<time>1970-01-03T14:42:02.653Z</time>
</trkpt>
<trkpt lat="47.6580658" lon="1.4431159">
	<ele>73.13</ele>
	<time>1970-01-03T14:42:04.820Z</time>
</trkpt>
<trkpt lat="47.6579094" lon="1.4433030">
	<ele>73.68</ele>
	<time>1970-01-03T14:42:06.855Z</time>
</trkpt>
<trkpt lat="47.6577988" lon="1.4436090">
	<ele>74.02</ele>
	<time>1970-01-03T14:42:09.321Z</time>
</trkpt>
<trkpt lat="47.6571808" lon="1.4457231">
	<ele>73.90</ele>
	<time>1970-01-03T14:42:31.802Z</time>
</trkpt>
<trkpt lat="47.6569557" lon="1.4464639">
	<ele>74.08</ele>
	<time>1970-01-03T14:42:38.118Z</time>
</trkpt>
<trkpt lat="47.6564255" lon="1.4472960">
	<ele>74.00</ele>
	<time>1970-01-03T14:42:49.615Z</time>
</trkpt>
<trkpt lat="47.6560822" lon="1.4478350">
	<ele>74.00</ele>
	<time>1970-01-03T14:42:57.229Z</time>
</trkpt>
<trkpt lat="47.6559868" lon="1.4482850">
	<ele>74.00</ele>
	<time>1970-01-03T14:43:02.346Z</time>
</trkpt>
<trkpt lat="47.6560059" lon="1.4485470">
	<ele>74.04</ele>
	<time>1970-01-03T14:43:05.197Z</time>
</trkpt>
<trkpt lat="47.6560326" lon="1.4501131">
	<ele>73.47</ele>
	<time>1970-01-03T14:43:21.989Z</time>
</trkpt>
<trkpt lat="47.6562958" lon="1.4525690">
	<ele>74.94</ele>
	<time>1970-01-03T14:43:54.937Z</time>
</trkpt>
<trkpt lat="47.6575737" lon="1.4632820">
	<ele>77.95</ele>
	<time>1970-01-03T14:46:20.059Z</time>
</trkpt>
<trkpt lat="47.6575890" lon="1.4634171">
	<ele>77.34</ele>
	<time>1970-01-03T14:46:23.257Z</time>
</trkpt>
<trkpt lat="47.6576500" lon="1.4639120">
	<ele>75.21</ele>
	<time>1970-01-03T14:46:30.405Z</time>
</trkpt>
<trkpt lat="47.6578636" lon="1.4656800">
	<ele>76.95</ele>
	<time>1970-01-03T14:46:48.348Z</time>
</trkpt>
<trkpt lat="47.6579704" lon="1.4665840">
	<ele>75.49</ele>
	<time>1970-01-03T14:46:59.485Z</time>
</trkpt>
<trkpt lat="47.6580658" lon="1.4673740">
	<ele>78.12</ele>
	<time>1970-01-03T14:47:10.999Z</time>
</trkpt>
<trkpt lat="47.6585693" lon="1.4715400">
	<ele>77.89</ele>
	<time>1970-01-03T14:48:00.472Z</time>
</trkpt>
<trkpt lat="47.6585999" lon="1.4717230">
	<ele>78.17</ele>
	<time>1970-01-03T14:48:02.789Z</time>
</trkpt>
<trkpt lat="47.6589088" lon="1.4736960">
	<ele>78.83</ele>
	<time>1970-01-03T14:48:31.962Z</time>
</trkpt>
<trkpt lat="47.6591034" lon="1.4747450">
	<ele>76.98</ele>
	<time>1970-01-03T14:48:44.393Z</time>
</trkpt>
<trkpt lat="47.6593018" lon="1.4757420">
	<ele>75.18</ele>
	<time>1970-01-03T14:48:59.500Z</time>
</trkpt>
<trkpt lat="47.6595802" lon="1.4769430">
	<ele>75.71</ele>
	<time>1970-01-03T14:49:13.709Z</time>
</trkpt>
<trkpt lat="47.6597252" lon="1.4775860">
	<ele>78.22</ele>
	<time>1970-01-03T14:49:20.682Z</time>
</trkpt>
<trkpt lat="47.6598358" lon="1.4780610">
	<ele>75.74</ele>
	<time>1970-01-03T14:49:25.719Z</time>
</trkpt>
<trkpt lat="47.6601334" lon="1.4791970">
	<ele>75.71</ele>
	<time>1970-01-03T14:49:43.330Z</time>
</trkpt>
<trkpt lat="47.6603889" lon="1.4800830">
	<ele>77.18</ele>
	<time>1970-01-03T14:49:56.084Z</time>
</trkpt>
<trkpt lat="47.6604729" lon="1.4803630">
	<ele>75.95</ele>
	<time>1970-01-03T14:50:00.066Z</time>
</trkpt>
<trkpt lat="47.6610641" lon="1.4822580">
	<ele>76.90</ele>
	<time>1970-01-03T14:50:24.157Z</time>
</trkpt>
<trkpt lat="47.6615562" lon="1.4836349">
	<ele>75.82</ele>
	<time>1970-01-03T14:50:45.783Z</time>
</trkpt>
<trkpt lat="47.6618919" lon="1.4846200">
	<ele>76.82</ele>
	<time>1970-01-03T14:50:58.894Z</time>
</trkpt>
<trkpt lat="47.6624832" lon="1.4862610">
	<ele>76.77</ele>
	<time>1970-01-03T14:51:19.537Z</time>
</trkpt>
<trkpt lat="47.6628761" lon="1.4872169">
	<ele>75.56</ele>
	<time>1970-01-03T14:51:34.328Z</time>
</trkpt>
<trkpt lat="47.6643486" lon="1.4905690">
	<ele>75.21</ele>
	<time>1970-01-03T14:52:29.639Z</time>
</trkpt>
<trkpt lat="47.6652603" lon="1.4926060">
	<ele>77.65</ele>
	<time>1970-01-03T14:52:58.590Z</time>
</trkpt>
<trkpt lat="47.6659431" lon="1.4941390">
	<ele>76.49</ele>
	<time>1970-01-03T14:53:25.122Z</time>
</trkpt>
<trkpt lat="47.6660118" lon="1.4942880">
	<ele>76.53</ele>
	<time>1970-01-03T14:53:27.586Z</time>
</trkpt>
<trkpt lat="47.6668205" lon="1.4960620">
	<ele>75.90</ele>
	<time>1970-01-03T14:53:54.216Z</time>
</trkpt>
<trkpt lat="47.6682701" lon="1.4992890">
	<ele>77.01</ele>
	<time>1970-01-03T14:54:55.215Z</time>
</trkpt>
<trkpt lat="47.6689186" lon="1.5007210">
	<ele>77.71</ele>
	<time>1970-01-03T14:55:16.397Z</time>
</trkpt>
<trkpt lat="47.6703644" lon="1.5039320">
	<ele>77.69</ele>
	<time>1970-01-03T14:56:02.648Z</time>
</trkpt>
<trkpt lat="47.6706009" lon="1.5044690">
	<ele>77.76</ele>
	<time>1970-01-03T14:56:10.618Z</time>
</trkpt>
<trkpt lat="47.6708374" lon="1.5050480">
	<ele>78.01</ele>
	<time>1970-01-03T14:56:18.673Z</time>
</trkpt>
<trkpt lat="47.6713753" lon="1.5063519">
	<ele>77.92</ele>
	<time>1970-01-03T14:56:39.844Z</time>
</trkpt>
<trkpt lat="47.6716919" lon="1.5071280">
	<ele>78.22</ele>
	<time>1970-01-03T14:56:52.246Z</time>
</trkpt>
<trkpt lat="47.6719856" lon="1.5078520">
	<ele>78.19</ele>
	<time>1970-01-03T14:57:00.332Z</time>
</trkpt>
<trkpt lat="47.6720238" lon="1.5079460">
	<ele>76.62</ele>
	<time>1970-01-03T14:57:01.369Z</time>
</trkpt>
<trkpt lat="47.6733665" lon="1.5112550">
	<ele>78.12</ele>
	<time>1970-01-03T14:57:52.155Z</time>
</trkpt>
<trkpt lat="47.6745110" lon="1.5140830">
	<ele>78.12</ele>
	<time>1970-01-03T14:58:25.058Z</time>
</trkpt>
<trkpt lat="47.6771317" lon="1.5205790">
	<ele>76.52</ele>
	<time>1970-01-03T15:00:03.654Z</time>
</trkpt>
<trkpt lat="47.6783829" lon="1.5236980">
	<ele>80.32</ele>
	<time>1970-01-03T15:00:50.360Z</time>
</trkpt>
<trkpt lat="47.6783447" lon="1.5237260">
	<ele>80.32</ele>
	<time>1970-01-03T15:00:51.258Z</time>
</trkpt>
<trkpt lat="47.6783333" lon="1.5238060">
	<ele>80.32</ele>
	<time>1970-01-03T15:00:52.407Z</time>
</trkpt>
<trkpt lat="47.6782951" lon="1.5239069">
	<ele>79.65</ele>
	<time>1970-01-03T15:00:54.361Z</time>
</trkpt>
<trkpt lat="47.6775627" lon="1.5245060">
	<ele>79.08</ele>
	<time>1970-01-03T15:01:12.631Z</time>
</trkpt>
<trkpt lat="47.6775017" lon="1.5244730">
	<ele>78.88</ele>
	<time>1970-01-03T15:01:13.916Z</time>
</trkpt>
<trkpt lat="47.6765938" lon="1.5252520">
	<ele>76.24</ele>
	<time>1970-01-03T15:01:34.531Z</time>
</trkpt>
<trkpt lat="47.6765671" lon="1.5253299">
	<ele>76.66</ele>
	<time>1970-01-03T15:01:35.907Z</time>
</trkpt>
<trkpt lat="47.6758461" lon="1.5259531">
	<ele>79.20</ele>
	<time>1970-01-03T15:01:56.593Z</time>
</trkpt>
<trkpt lat="47.6757050" lon="1.5260580">
	<ele>76.38</ele>
	<time>1970-01-03T15:01:59.333Z</time>
</trkpt>
<trkpt lat="47.6756477" lon="1.5260520">
	<ele>74.98</ele>
	<time>1970-01-03T15:02:00.256Z</time>
</trkpt>
<trkpt lat="47.6737099" lon="1.5276639">
	<ele>78.92</ele>
	<time>1970-01-03T15:02:40.298Z</time>
</trkpt>
<trkpt lat="47.6736374" lon="1.5277810">
	<ele>81.83</ele>
	<time>1970-01-03T15:02:42.568Z</time>
</trkpt>
<trkpt lat="47.6727142" lon="1.5285450">
	<ele>82.22</ele>
	<time>1970-01-03T15:03:08.554Z</time>
</trkpt>
<trkpt lat="47.6726990" lon="1.5285060">
	<ele>82.24</ele>
	<time>1970-01-03T15:03:09.131Z</time>
</trkpt>
<trkpt lat="47.6726723" lon="1.5284359">
	<ele>82.24</ele>
	<time>1970-01-03T15:03:10.202Z</time>
</trkpt>
<trkpt lat="47.6731758" lon="1.5279450">
	<ele>78.14</ele>
	<time>1970-01-03T15:03:27.008Z</time>
</trkpt>
<trkpt lat="47.6733055" lon="1.5276790">
	<ele>75.45</ele>
	<time>1970-01-03T15:03:31.750Z</time>
</trkpt>
<trkpt lat="47.6732903" lon="1.5275490">
	<ele>75.89</ele>
	<time>1970-01-03T15:03:33.488Z</time>
</trkpt>
<trkpt lat="47.6732292" lon="1.5273980">
	<ele>76.05</ele>
	<time>1970-01-03T15:03:35.473Z</time>
</trkpt>
<trkpt lat="47.6731262" lon="1.5272740">
	<ele>76.02</ele>
	<time>1970-01-03T15:03:37.535Z</time>
</trkpt>
<trkpt lat="47.6728401" lon="1.5269200">
	<ele>76.01</ele>
	<time>1970-01-03T15:03:43.018Z</time>
</trkpt>
<trkpt lat="47.6724777" lon="1.5265390">
	<ele>76.07</ele>
	<time>1970-01-03T15:03:50.715Z</time>
</trkpt>
<trkpt lat="47.6724167" lon="1.5264770">
	<ele>76.11</ele>
	<time>1970-01-03T15:03:51.991Z</time>
</trkpt>
<trkpt lat="47.6718864" lon="1.5261689">
	<ele>76.00</ele>
	<time>1970-01-03T15:04:02.701Z</time>
</trkpt>
<trkpt lat="47.6718445" lon="1.5261530">
	<ele>75.99</ele>
	<time>1970-01-03T15:04:03.546Z</time>
</trkpt>
<trkpt lat="47.6717911" lon="1.5261490">
	<ele>75.99</ele>
	<time>1970-01-03T15:04:04.560Z</time>
</trkpt>
</trkseg>
</trk>
</gpx>
