<?xml version="1.0" encoding="utf-8" standalone="yes"?>
<gpx version="1.1" creator="Locus Map, Android"
 xmlns="http://www.topografix.com/GPX/1/1"
 xmlns:xsi="http://www.w3.org/2001/XMLSchema-instance"
 xsi:schemaLocation="http://www.topografix.com/GPX/1/1 http://www.topografix.com/GPX/1/1/gpx.xsd"
 xmlns:gpxx="http://www.garmin.com/xmlschemas/GpxExtensions/v3"
 xmlns:gpxtrkx="http://www.garmin.com/xmlschemas/TrackStatsExtension/v1"
 xmlns:gpxtpx="http://www.garmin.com/xmlschemas/TrackPointExtension/v2"
 xmlns:locus="https://www.locusmap.app">
	<metadata>
		<desc>File with points/tracks from Locus Map/4.35.0</desc>
		<time>2026-08-15T06:17:45.379Z</time>
	</metadata>
<trk>
	<name>IE_05</name>
	<extensions>
		<line xmlns="http://www.topografix.com/GPX/gpx_style/0/2">
			<color>D700D7</color>
			<opacity>0.59</opacity>
			<width>6.0</width>
			<extensions>
				<locus:lsColorBase>#96D700D7</locus:lsColorBase>
				<locus:lsWidth>6.0</locus:lsWidth>
				<locus:lsUnits>PIXELS</locus:lsUnits>
			</extensions>
		</line>
		<locus:activity>cycling</locus:activity>
		<locus:rteComputeType>103</locus:rteComputeType>
	</extensions>
<trkseg>
<trkpt lat="53.2750168" lon="-9.0920038">
	<ele>33.10</ele>
	<time>1970-01-01T00:00:00.000Z</time>
</trkpt>
<trkpt lat="53.2749481" lon="-9.0919161">
	<ele>33.18</ele>
	<time>1970-01-01T00:00:01.606Z</time>
</trkpt>
<trkpt lat="53.2749214" lon="-9.0918789">
	<ele>33.21</ele>
	<time>1970-01-01T00:00:02.317Z</time>
</trkpt>
<trkpt lat="53.2748833" lon="-9.0918264">
	<ele>33.27</ele>
	<time>1970-01-01T00:00:03.455Z</time>
</trkpt>
<trkpt lat="53.2748375" lon="-9.0917692">
	<ele>33.36</ele>
	<time>1970-01-01T00:00:04.585Z</time>
</trkpt>
<trkpt lat="53.2748070" lon="-9.0917349">
	<ele>33.42</ele>
	<time>1970-01-01T00:00:05.333Z</time>
</trkpt>
<trkpt lat="53.2747192" lon="-9.0916176">
	<ele>33.64</ele>
	<time>1970-01-01T00:00:07.713Z</time>
</trkpt>
<trkpt lat="53.2746658" lon="-9.0915251">
	<ele>33.77</ele>
	<time>1970-01-01T00:00:09.590Z</time>
</trkpt>
<trkpt lat="53.2746277" lon="-9.0914421">
	<ele>33.86</ele>
	<time>1970-01-01T00:00:11.025Z</time>
</trkpt>
<trkpt lat="53.2746010" lon="-9.0913620">
	<ele>33.90</ele>
	<time>1970-01-01T00:00:12.240Z</time>
</trkpt>
<trkpt lat="53.2748985" lon="-9.0912256">
	<ele>32.73</ele>
	<time>1970-01-01T00:00:17.809Z</time>
</trkpt>
<trkpt lat="53.2749329" lon="-9.0911932">
	<ele>32.59</ele>
	<time>1970-01-01T00:00:18.466Z</time>
</trkpt>
<trkpt lat="53.2750816" lon="-9.0909719">
	<ele>31.93</ele>
	<time>1970-01-01T00:00:21.880Z</time>
</trkpt>
<trkpt lat="53.2751083" lon="-9.0909319">
	<ele>31.83</ele>
	<time>1970-01-01T00:00:22.506Z</time>
</trkpt>
<trkpt lat="53.2751541" lon="-9.0908632">
	<ele>31.68</ele>
	<time>1970-01-01T00:00:23.606Z</time>
</trkpt>
<trkpt lat="53.2753105" lon="-9.0910969">
	<ele>31.68</ele>
	<time>1970-01-01T00:00:27.044Z</time>
</trkpt>
<trkpt lat="53.2756310" lon="-9.0914774">
	<ele>31.95</ele>
	<time>1970-01-01T00:00:33.170Z</time>
</trkpt>
<trkpt lat="53.2758675" lon="-9.0917482">
	<ele>31.98</ele>
	<time>1970-01-01T00:00:37.881Z</time>
</trkpt>
<trkpt lat="53.2760124" lon="-9.0919590">
	<ele>31.85</ele>
	<time>1970-01-01T00:00:41.418Z</time>
</trkpt>
<trkpt lat="53.2761612" lon="-9.0922184">
	<ele>31.63</ele>
	<time>1970-01-01T00:00:45.549Z</time>
</trkpt>
<trkpt lat="53.2762604" lon="-9.0924377">
	<ele>31.51</ele>
	<time>1970-01-01T00:00:48.630Z</time>
</trkpt>
<trkpt lat="53.2763710" lon="-9.0927544">
	<ele>31.58</ele>
	<time>1970-01-01T00:00:52.889Z</time>
</trkpt>
<trkpt lat="53.2764168" lon="-9.0927200">
	<ele>31.66</ele>
	<time>1970-01-01T00:00:53.908Z</time>
</trkpt>
<trkpt lat="53.2764549" lon="-9.0927153">
	<ele>31.73</ele>
	<time>1970-01-01T00:00:54.587Z</time>
</trkpt>
<trkpt lat="53.2765846" lon="-9.0927086">
	<ele>31.89</ele>
	<time>1970-01-01T00:00:57.118Z</time>
</trkpt>
<trkpt lat="53.2771416" lon="-9.0928526">
	<ele>31.49</ele>
	<time>1970-01-01T00:01:08.825Z</time>
</trkpt>
<trkpt lat="53.2778358" lon="-9.0930347">
	<ele>32.05</ele>
	<time>1970-01-01T00:01:23.244Z</time>
</trkpt>
<trkpt lat="53.2783127" lon="-9.0931568">
	<ele>32.97</ele>
	<time>1970-01-01T00:01:33.642Z</time>
</trkpt>
<trkpt lat="53.2785416" lon="-9.0932150">
	<ele>33.24</ele>
	<time>1970-01-01T00:01:38.258Z</time>
</trkpt>
<trkpt lat="53.2786827" lon="-9.0932217">
	<ele>33.38</ele>
	<time>1970-01-01T00:01:41.065Z</time>
</trkpt>
<trkpt lat="53.2796860" lon="-9.0931044">
	<ele>34.41</ele>
	<time>1970-01-01T00:02:04.834Z</time>
</trkpt>
<trkpt lat="53.2796822" lon="-9.0930300">
	<ele>34.36</ele>
	<time>1970-01-01T00:02:05.781Z</time>
</trkpt>
<trkpt lat="53.2796783" lon="-9.0930042">
	<ele>34.34</ele>
	<time>1970-01-01T00:02:06.158Z</time>
</trkpt>
<trkpt lat="53.2796631" lon="-9.0926847">
	<ele>34.19</ele>
	<time>1970-01-01T00:02:10.323Z</time>
</trkpt>
<trkpt lat="53.2796326" lon="-9.0924463">
	<ele>34.19</ele>
	<time>1970-01-01T00:02:13.405Z</time>
</trkpt>
<trkpt lat="53.2795906" lon="-9.0922289">
	<ele>34.44</ele>
	<time>1970-01-01T00:02:16.427Z</time>
</trkpt>
<trkpt lat="53.2794876" lon="-9.0917463">
	<ele>35.33</ele>
	<time>1970-01-01T00:02:23.847Z</time>
</trkpt>
<trkpt lat="53.2794228" lon="-9.0914621">
	<ele>35.36</ele>
	<time>1970-01-01T00:02:27.939Z</time>
</trkpt>
<trkpt lat="53.2793083" lon="-9.0910244">
	<ele>35.01</ele>
	<time>1970-01-01T00:02:33.821Z</time>
</trkpt>
<trkpt lat="53.2792473" lon="-9.0907707">
	<ele>35.06</ele>
	<time>1970-01-01T00:02:37.059Z</time>
</trkpt>
<trkpt lat="53.2793007" lon="-9.0907373">
	<ele>35.08</ele>
	<time>1970-01-01T00:02:38.204Z</time>
</trkpt>
<trkpt lat="53.2796211" lon="-9.0905256">
	<ele>35.22</ele>
	<time>1970-01-01T00:02:46.160Z</time>
</trkpt>
<trkpt lat="53.2796364" lon="-9.0904961">
	<ele>35.28</ele>
	<time>1970-01-01T00:02:46.761Z</time>
</trkpt>
<trkpt lat="53.2796478" lon="-9.0904446">
	<ele>35.39</ele>
	<time>1970-01-01T00:02:47.616Z</time>
</trkpt>
<trkpt lat="53.2796516" lon="-9.0903864">
	<ele>35.54</ele>
	<time>1970-01-01T00:02:48.462Z</time>
</trkpt>
<trkpt lat="53.2796631" lon="-9.0900517">
	<ele>36.40</ele>
	<time>1970-01-01T00:02:53.597Z</time>
</trkpt>
<trkpt lat="53.2797050" lon="-9.0900459">
	<ele>36.46</ele>
	<time>1970-01-01T00:02:54.715Z</time>
</trkpt>
<trkpt lat="53.2797127" lon="-9.0899658">
	<ele>36.66</ele>
	<time>1970-01-01T00:02:55.817Z</time>
</trkpt>
<trkpt lat="53.2796936" lon="-9.0899115">
	<ele>36.77</ele>
	<time>1970-01-01T00:02:56.688Z</time>
</trkpt>
<trkpt lat="53.2797470" lon="-9.0895166">
	<ele>37.86</ele>
	<time>1970-01-01T00:03:03.498Z</time>
</trkpt>
<trkpt lat="53.2797165" lon="-9.0895052">
	<ele>37.86</ele>
	<time>1970-01-01T00:03:04.448Z</time>
</trkpt>
<trkpt lat="53.2797699" lon="-9.0890903">
	<ele>38.81</ele>
	<time>1970-01-01T00:03:11.589Z</time>
</trkpt>
<trkpt lat="53.2797852" lon="-9.0889664">
	<ele>39.02</ele>
	<time>1970-01-01T00:03:13.017Z</time>
</trkpt>
<trkpt lat="53.2797852" lon="-9.0889158">
	<ele>39.09</ele>
	<time>1970-01-01T00:03:13.589Z</time>
</trkpt>
<trkpt lat="53.2798157" lon="-9.0888262">
	<ele>39.23</ele>
	<time>1970-01-01T00:03:15.009Z</time>
</trkpt>
<trkpt lat="53.2798386" lon="-9.0886641">
	<ele>39.44</ele>
	<time>1970-01-01T00:03:17.519Z</time>
</trkpt>
<trkpt lat="53.2800179" lon="-9.0875206">
	<ele>41.02</ele>
	<time>1970-01-01T00:03:30.835Z</time>
</trkpt>
<trkpt lat="53.2800674" lon="-9.0872574">
	<ele>41.77</ele>
	<time>1970-01-01T00:03:34.500Z</time>
</trkpt>
<trkpt lat="53.2801666" lon="-9.0870190">
	<ele>42.80</ele>
	<time>1970-01-01T00:03:39.334Z</time>
</trkpt>
<trkpt lat="53.2806854" lon="-9.0876446">
	<ele>43.16</ele>
	<time>1970-01-01T00:03:55.746Z</time>
</trkpt>
<trkpt lat="53.2807579" lon="-9.0877247">
	<ele>43.20</ele>
	<time>1970-01-01T00:03:57.606Z</time>
</trkpt>
<trkpt lat="53.2809334" lon="-9.0879164">
	<ele>43.24</ele>
	<time>1970-01-01T00:04:02.720Z</time>
</trkpt>
<trkpt lat="53.2812386" lon="-9.0882158">
	<ele>43.64</ele>
	<time>1970-01-01T00:04:10.974Z</time>
</trkpt>
<trkpt lat="53.2813797" lon="-9.0883865">
	<ele>43.93</ele>
	<time>1970-01-01T00:04:15.217Z</time>
</trkpt>
<trkpt lat="53.2814827" lon="-9.0885563">
	<ele>44.17</ele>
	<time>1970-01-01T00:04:18.479Z</time>
</trkpt>
<trkpt lat="53.2815399" lon="-9.0886869">
	<ele>44.28</ele>
	<time>1970-01-01T00:04:20.522Z</time>
</trkpt>
<trkpt lat="53.2821579" lon="-9.0902691">
	<ele>42.47</ele>
	<time>1970-01-01T00:04:51.242Z</time>
</trkpt>
<trkpt lat="53.2822533" lon="-9.0905151">
	<ele>42.67</ele>
	<time>1970-01-01T00:04:54.956Z</time>
</trkpt>
<trkpt lat="53.2823639" lon="-9.0908146">
	<ele>42.65</ele>
	<time>1970-01-01T00:04:58.657Z</time>
</trkpt>
<trkpt lat="53.2824440" lon="-9.0910931">
	<ele>42.26</ele>
	<time>1970-01-01T00:05:01.865Z</time>
</trkpt>
<trkpt lat="53.2825394" lon="-9.0913687">
	<ele>41.82</ele>
	<time>1970-01-01T00:05:05.127Z</time>
</trkpt>
<trkpt lat="53.2827225" lon="-9.0918608">
	<ele>41.88</ele>
	<time>1970-01-01T00:05:12.445Z</time>
</trkpt>
<trkpt lat="53.2828102" lon="-9.0921116">
	<ele>42.38</ele>
	<time>1970-01-01T00:05:16.645Z</time>
</trkpt>
<trkpt lat="53.2831078" lon="-9.0929394">
	<ele>45.69</ele>
	<time>1970-01-01T00:05:29.057Z</time>
</trkpt>
<trkpt lat="53.2832718" lon="-9.0934191">
	<ele>47.46</ele>
	<time>1970-01-01T00:05:38.577Z</time>
</trkpt>
<trkpt lat="53.2835274" lon="-9.0941200">
	<ele>48.45</ele>
	<time>1970-01-01T00:05:54.322Z</time>
</trkpt>
<trkpt lat="53.2838707" lon="-9.0950584">
	<ele>49.69</ele>
	<time>1970-01-01T00:06:12.501Z</time>
</trkpt>
<trkpt lat="53.2840614" lon="-9.0955944">
	<ele>53.21</ele>
	<time>1970-01-01T00:06:21.254Z</time>
</trkpt>
<trkpt lat="53.2843399" lon="-9.0963678">
	<ele>57.77</ele>
	<time>1970-01-01T00:06:44.860Z</time>
</trkpt>
<trkpt lat="53.2847862" lon="-9.0976048">
	<ele>59.48</ele>
	<time>1970-01-01T00:07:22.772Z</time>
</trkpt>
<trkpt lat="53.2855148" lon="-9.0996218">
	<ele>63.85</ele>
	<time>1970-01-01T00:08:20.910Z</time>
</trkpt>
<trkpt lat="53.2856064" lon="-9.0999060">
	<ele>64.93</ele>
	<time>1970-01-01T00:08:26.964Z</time>
</trkpt>
<trkpt lat="53.2857094" lon="-9.1002207">
	<ele>66.84</ele>
	<time>1970-01-01T00:08:35.782Z</time>
</trkpt>
<trkpt lat="53.2858238" lon="-9.1004982">
	<ele>68.90</ele>
	<time>1970-01-01T00:08:46.021Z</time>
</trkpt>
<trkpt lat="53.2860413" lon="-9.1011076">
	<ele>72.44</ele>
	<time>1970-01-01T00:09:10.365Z</time>
</trkpt>
<trkpt lat="53.2862968" lon="-9.1017656">
	<ele>73.60</ele>
	<time>1970-01-01T00:09:35.112Z</time>
</trkpt>
<trkpt lat="53.2864494" lon="-9.1021919">
	<ele>72.76</ele>
	<time>1970-01-01T00:09:44.532Z</time>
</trkpt>
<trkpt lat="53.2865868" lon="-9.1025791">
	<ele>72.07</ele>
	<time>1970-01-01T00:09:51.125Z</time>
</trkpt>
<trkpt lat="53.2866516" lon="-9.1027622">
	<ele>71.74</ele>
	<time>1970-01-01T00:09:54.037Z</time>
</trkpt>
<trkpt lat="53.2867203" lon="-9.1029711">
	<ele>71.37</ele>
	<time>1970-01-01T00:09:57.058Z</time>
</trkpt>
<trkpt lat="53.2870865" lon="-9.1041040">
	<ele>70.39</ele>
	<time>1970-01-01T00:10:21.739Z</time>
</trkpt>
<trkpt lat="53.2876358" lon="-9.1056786">
	<ele>69.27</ele>
	<time>1970-01-01T00:10:42.879Z</time>
</trkpt>
<trkpt lat="53.2879257" lon="-9.1065025">
	<ele>68.93</ele>
	<time>1970-01-01T00:10:52.246Z</time>
</trkpt>
<trkpt lat="53.2879715" lon="-9.1066360">
	<ele>68.74</ele>
	<time>1970-01-01T00:10:53.682Z</time>
</trkpt>
<trkpt lat="53.2880020" lon="-9.1067266">
	<ele>68.58</ele>
	<time>1970-01-01T00:10:54.699Z</time>
</trkpt>
<trkpt lat="53.2880287" lon="-9.1068029">
	<ele>68.43</ele>
	<time>1970-01-01T00:10:55.528Z</time>
</trkpt>
<trkpt lat="53.2883224" lon="-9.1076450">
	<ele>66.94</ele>
	<time>1970-01-01T00:11:03.204Z</time>
</trkpt>
<trkpt lat="53.2884369" lon="-9.1079655">
	<ele>66.76</ele>
	<time>1970-01-01T00:11:06.524Z</time>
</trkpt>
<trkpt lat="53.2884789" lon="-9.1080856">
	<ele>66.75</ele>
	<time>1970-01-01T00:11:07.759Z</time>
</trkpt>
<trkpt lat="53.2885437" lon="-9.1082687">
	<ele>66.80</ele>
	<time>1970-01-01T00:11:09.615Z</time>
</trkpt>
<trkpt lat="53.2886925" lon="-9.1086817">
	<ele>67.26</ele>
	<time>1970-01-01T00:11:15.489Z</time>
</trkpt>
<trkpt lat="53.2889061" lon="-9.1093340">
	<ele>69.39</ele>
	<time>1970-01-01T00:11:30.762Z</time>
</trkpt>
<trkpt lat="53.2890472" lon="-9.1097469">
	<ele>71.98</ele>
	<time>1970-01-01T00:11:37.069Z</time>
</trkpt>
<trkpt lat="53.2892723" lon="-9.1103716">
	<ele>76.93</ele>
	<time>1970-01-01T00:11:58.222Z</time>
</trkpt>
<trkpt lat="53.2893867" lon="-9.1107378">
	<ele>79.94</ele>
	<time>1970-01-01T00:12:12.639Z</time>
</trkpt>
<trkpt lat="53.2894325" lon="-9.1108656">
	<ele>80.95</ele>
	<time>1970-01-01T00:12:18.068Z</time>
</trkpt>
<trkpt lat="53.2896805" lon="-9.1116714">
	<ele>87.00</ele>
	<time>1970-01-01T00:13:09.614Z</time>
</trkpt>
<trkpt lat="53.2897491" lon="-9.1119804">
	<ele>88.77</ele>
	<time>1970-01-01T00:13:21.480Z</time>
</trkpt>
<trkpt lat="53.2897987" lon="-9.1123648">
	<ele>89.92</ele>
	<time>1970-01-01T00:13:31.238Z</time>
</trkpt>
<trkpt lat="53.2898674" lon="-9.1127377">
	<ele>88.28</ele>
	<time>1970-01-01T00:13:37.840Z</time>
</trkpt>
<trkpt lat="53.2899590" lon="-9.1131668">
	<ele>83.57</ele>
	<time>1970-01-01T00:13:43.230Z</time>
</trkpt>
<trkpt lat="53.2902184" lon="-9.1140661">
	<ele>77.03</ele>
	<time>1970-01-01T00:13:52.891Z</time>
</trkpt>
<trkpt lat="53.2902641" lon="-9.1142302">
	<ele>76.24</ele>
	<time>1970-01-01T00:13:54.424Z</time>
</trkpt>
<trkpt lat="53.2903519" lon="-9.1146088">
	<ele>75.27</ele>
	<time>1970-01-01T00:13:57.095Z</time>
</trkpt>
<trkpt lat="53.2904778" lon="-9.1153002">
	<ele>74.38</ele>
	<time>1970-01-01T00:14:03.225Z</time>
</trkpt>
<trkpt lat="53.2907104" lon="-9.1164684">
	<ele>73.28</ele>
	<time>1970-01-01T00:14:12.950Z</time>
</trkpt>
<trkpt lat="53.2907715" lon="-9.1168146">
	<ele>72.64</ele>
	<time>1970-01-01T00:14:15.642Z</time>
</trkpt>
<trkpt lat="53.2908211" lon="-9.1171160">
	<ele>72.05</ele>
	<time>1970-01-01T00:14:17.775Z</time>
</trkpt>
<trkpt lat="53.2908821" lon="-9.1174030">
	<ele>71.32</ele>
	<time>1970-01-01T00:14:19.656Z</time>
</trkpt>
<trkpt lat="53.2909203" lon="-9.1175442">
	<ele>70.81</ele>
	<time>1970-01-01T00:14:20.584Z</time>
</trkpt>
<trkpt lat="53.2912254" lon="-9.1185999">
	<ele>66.65</ele>
	<time>1970-01-01T00:14:26.974Z</time>
</trkpt>
<trkpt lat="53.2916603" lon="-9.1202269">
	<ele>64.05</ele>
	<time>1970-01-01T00:14:37.666Z</time>
</trkpt>
<trkpt lat="53.2917175" lon="-9.1204386">
	<ele>64.37</ele>
	<time>1970-01-01T00:14:39.545Z</time>
</trkpt>
<trkpt lat="53.2917480" lon="-9.1205368">
	<ele>64.52</ele>
	<time>1970-01-01T00:14:40.441Z</time>
</trkpt>
<trkpt lat="53.2921143" lon="-9.1218233">
	<ele>64.40</ele>
	<time>1970-01-01T00:14:51.976Z</time>
</trkpt>
<trkpt lat="53.2926140" lon="-9.1243553">
	<ele>57.69</ele>
	<time>1970-01-01T00:15:08.005Z</time>
</trkpt>
<trkpt lat="53.2928619" lon="-9.1255283">
	<ele>57.25</ele>
	<time>1970-01-01T00:15:19.928Z</time>
</trkpt>
<trkpt lat="53.2928886" lon="-9.1256533">
	<ele>57.24</ele>
	<time>1970-01-01T00:15:21.386Z</time>
</trkpt>
<trkpt lat="53.2931633" lon="-9.1269417">
	<ele>59.12</ele>
	<time>1970-01-01T00:15:32.654Z</time>
</trkpt>
<trkpt lat="53.2932281" lon="-9.1272917">
	<ele>60.10</ele>
	<time>1970-01-01T00:15:37.685Z</time>
</trkpt>
<trkpt lat="53.2933273" lon="-9.1277752">
	<ele>61.97</ele>
	<time>1970-01-01T00:15:46.988Z</time>
</trkpt>
<trkpt lat="53.2934532" lon="-9.1282654">
	<ele>64.01</ele>
	<time>1970-01-01T00:15:58.267Z</time>
</trkpt>
<trkpt lat="53.2935753" lon="-9.1285610">
	<ele>64.73</ele>
	<time>1970-01-01T00:16:05.911Z</time>
</trkpt>
<trkpt lat="53.2937088" lon="-9.1289244">
	<ele>65.44</ele>
	<time>1970-01-01T00:16:15.380Z</time>
</trkpt>
<trkpt lat="53.2937431" lon="-9.1291380">
	<ele>65.82</ele>
	<time>1970-01-01T00:16:20.245Z</time>
</trkpt>
<trkpt lat="53.2937737" lon="-9.1293602">
	<ele>66.18</ele>
	<time>1970-01-01T00:16:25.257Z</time>
</trkpt>
<trkpt lat="53.2938576" lon="-9.1296148">
	<ele>66.65</ele>
	<time>1970-01-01T00:16:31.690Z</time>
</trkpt>
<trkpt lat="53.2943687" lon="-9.1302948">
	<ele>69.02</ele>
	<time>1970-01-01T00:16:50.327Z</time>
</trkpt>
<trkpt lat="53.2947693" lon="-9.1308441">
	<ele>70.38</ele>
	<time>1970-01-01T00:17:07.656Z</time>
</trkpt>
<trkpt lat="53.2952194" lon="-9.1314192">
	<ele>71.68</ele>
	<time>1970-01-01T00:17:23.801Z</time>
</trkpt>
<trkpt lat="53.2955894" lon="-9.1319771">
	<ele>71.21</ele>
	<time>1970-01-01T00:17:33.343Z</time>
</trkpt>
<trkpt lat="53.2960815" lon="-9.1326637">
	<ele>70.74</ele>
	<time>1970-01-01T00:17:54.029Z</time>
</trkpt>
<trkpt lat="53.2965965" lon="-9.1334190">
	<ele>71.92</ele>
	<time>1970-01-01T00:18:14.269Z</time>
</trkpt>
<trkpt lat="53.2970009" lon="-9.1340809">
	<ele>72.49</ele>
	<time>1970-01-01T00:18:25.038Z</time>
</trkpt>
<trkpt lat="53.2973289" lon="-9.1344995">
	<ele>70.56</ele>
	<time>1970-01-01T00:18:31.689Z</time>
</trkpt>
<trkpt lat="53.2975235" lon="-9.1347227">
	<ele>69.30</ele>
	<time>1970-01-01T00:18:35.402Z</time>
</trkpt>
<trkpt lat="53.2980881" lon="-9.1354532">
	<ele>66.82</ele>
	<time>1970-01-01T00:18:47.383Z</time>
</trkpt>
<trkpt lat="53.2987747" lon="-9.1361351">
	<ele>65.10</ele>
	<time>1970-01-01T00:18:58.182Z</time>
</trkpt>
<trkpt lat="53.2989960" lon="-9.1363907">
	<ele>63.49</ele>
	<time>1970-01-01T00:19:01.795Z</time>
</trkpt>
<trkpt lat="53.2992249" lon="-9.1367340">
	<ele>61.79</ele>
	<time>1970-01-01T00:19:05.382Z</time>
</trkpt>
<trkpt lat="53.2994385" lon="-9.1370354">
	<ele>61.50</ele>
	<time>1970-01-01T00:19:08.872Z</time>
</trkpt>
<trkpt lat="53.2996330" lon="-9.1372690">
	<ele>61.69</ele>
	<time>1970-01-01T00:19:12.038Z</time>
</trkpt>
<trkpt lat="53.2996300" lon="-9.1372800">
	<ele>61.68</ele>
	<time>1970-01-01T00:00:00.000Z</time>
</trkpt>
<trkpt lat="53.3008800" lon="-9.1380900">
	<ele>60.10</ele>
	<time>1970-01-01T00:00:00.000Z</time>
</trkpt>
<trkpt lat="53.3014300" lon="-9.1383200">
	<ele>59.30</ele>
	<time>1970-01-01T00:00:00.000Z</time>
</trkpt>
<trkpt lat="53.3023200" lon="-9.1385000">
	<ele>55.90</ele>
	<time>1970-01-01T00:00:00.000Z</time>
</trkpt>
<trkpt lat="53.3028100" lon="-9.1386500">
	<ele>50.30</ele>
	<time>1970-01-01T00:00:00.000Z</time>
</trkpt>
<trkpt lat="53.3044500" lon="-9.1395000">
	<ele>39.30</ele>
	<time>1970-01-01T00:00:00.000Z</time>
</trkpt>
<trkpt lat="53.3048200" lon="-9.1399890">
	<ele>37.00</ele>
	<time>1970-01-01T00:00:00.000Z</time>
</trkpt>
<trkpt lat="53.3055300" lon="-9.1406800">
	<ele>31.80</ele>
	<time>1970-01-01T00:00:00.000Z</time>
</trkpt>
<trkpt lat="53.3065100" lon="-9.1418000">
	<ele>27.40</ele>
	<time>1970-01-01T00:00:00.000Z</time>
</trkpt>
<trkpt lat="53.3068300" lon="-9.1419590">
	<ele>26.10</ele>
	<time>1970-01-01T00:00:00.000Z</time>
</trkpt>
<trkpt lat="53.3072000" lon="-9.1418190">
	<ele>24.90</ele>
	<time>1970-01-01T00:00:00.000Z</time>
</trkpt>
<trkpt lat="53.3080000" lon="-9.1412200">
	<ele>20.60</ele>
	<time>1970-01-01T00:00:00.000Z</time>
</trkpt>
<trkpt lat="53.3097100" lon="-9.1408100">
	<ele>12.50</ele>
	<time>1970-01-01T00:00:00.000Z</time>
</trkpt>
<trkpt lat="53.3099800" lon="-9.1418300">
	<ele>12.10</ele>
	<time>1970-01-01T00:00:00.000Z</time>
</trkpt>
<trkpt lat="53.3101300" lon="-9.1422800">
	<ele>11.60</ele>
	<time>1970-01-01T00:00:00.000Z</time>
</trkpt>
<trkpt lat="53.3105900" lon="-9.1432700">
	<ele>10.50</ele>
	<time>1970-01-01T00:00:00.000Z</time>
</trkpt>
<trkpt lat="53.3133700" lon="-9.1474200">
	<ele>10.00</ele>
	<time>1970-01-01T00:00:00.000Z</time>
</trkpt>
<trkpt lat="53.3160400" lon="-9.1519400">
	<ele>11.08</ele>
	<time>1970-01-01T00:00:00.000Z</time>
</trkpt>
<trkpt lat="53.3163200" lon="-9.1516200">
	<ele>10.10</ele>
	<time>1970-01-01T00:00:00.000Z</time>
</trkpt>
<trkpt lat="53.3169700" lon="-9.1506200">
	<ele>8.10</ele>
	<time>1970-01-01T00:00:00.000Z</time>
</trkpt>
<trkpt lat="53.3192490" lon="-9.1477900">
	<ele>6.40</ele>
	<time>1970-01-01T00:00:00.000Z</time>
</trkpt>
<trkpt lat="53.3205100" lon="-9.1460700">
	<ele>7.70</ele>
	<time>1970-01-01T00:00:00.000Z</time>
</trkpt>
<trkpt lat="53.3221700" lon="-9.1448400">
	<ele>10.90</ele>
	<time>1970-01-01T00:00:00.000Z</time>
</trkpt>
<trkpt lat="53.3237100" lon="-9.1435090">
	<ele>11.10</ele>
	<time>1970-01-01T00:00:00.000Z</time>
</trkpt>
<trkpt lat="53.3245400" lon="-9.1421800">
	<ele>10.40</ele>
	<time>1970-01-01T00:00:00.000Z</time>
</trkpt>
<trkpt lat="53.3248900" lon="-9.1419200">
	<ele>10.40</ele>
	<time>1970-01-01T00:00:00.000Z</time>
</trkpt>
<trkpt lat="53.3251500" lon="-9.1418800">
	<ele>10.60</ele>
	<time>1970-01-01T00:00:00.000Z</time>
</trkpt>
<trkpt lat="53.3254900" lon="-9.1419900">
	<ele>10.70</ele>
	<time>1970-01-01T00:00:00.000Z</time>
</trkpt>
<trkpt lat="53.3259100" lon="-9.1419900">
	<ele>10.50</ele>
	<time>1970-01-01T00:00:00.000Z</time>
</trkpt>
<trkpt lat="53.3260400" lon="-9.1421800">
	<ele>10.80</ele>
	<time>1970-01-01T00:00:00.000Z</time>
</trkpt>
<trkpt lat="53.3262600" lon="-9.1431700">
	<ele>11.10</ele>
	<time>1970-01-01T00:00:00.000Z</time>
</trkpt>
<trkpt lat="53.3265300" lon="-9.1436200">
	<ele>11.60</ele>
	<time>1970-01-01T00:00:00.000Z</time>
</trkpt>
<trkpt lat="53.3267100" lon="-9.1436800">
	<ele>11.40</ele>
	<time>1970-01-01T00:00:00.000Z</time>
</trkpt>
<trkpt lat="53.3270700" lon="-9.1434300">
	<ele>10.50</ele>
	<time>1970-01-01T00:00:00.000Z</time>
</trkpt>
<trkpt lat="53.3273200" lon="-9.1431300">
	<ele>10.20</ele>
	<time>1970-01-01T00:00:00.000Z</time>
</trkpt>
<trkpt lat="53.3274800" lon="-9.1424600">
	<ele>9.30</ele>
	<time>1970-01-01T00:00:00.000Z</time>
</trkpt>
<trkpt lat="53.3275600" lon="-9.1423100">
	<ele>9.40</ele>
	<time>1970-01-01T00:00:00.000Z</time>
</trkpt>
<trkpt lat="53.3281900" lon="-9.1417300">
	<ele>8.90</ele>
	<time>1970-01-01T00:00:00.000Z</time>
</trkpt>
<trkpt lat="53.3282900" lon="-9.1424400">
	<ele>9.80</ele>
	<time>1970-01-01T00:00:00.000Z</time>
</trkpt>
<trkpt lat="53.3283800" lon="-9.1428200">
	<ele>9.80</ele>
	<time>1970-01-01T00:00:00.000Z</time>
</trkpt>
<trkpt lat="53.3285700" lon="-9.1431700">
	<ele>9.90</ele>
	<time>1970-01-01T00:00:00.000Z</time>
</trkpt>
<trkpt lat="53.3289190" lon="-9.1442800">
	<ele>11.50</ele>
	<time>1970-01-01T00:00:00.000Z</time>
</trkpt>
<trkpt lat="53.3293100" lon="-9.1453600">
	<ele>11.50</ele>
	<time>1970-01-01T00:00:00.000Z</time>
</trkpt>
<trkpt lat="53.3292900" lon="-9.1456600">
	<ele>11.80</ele>
	<time>1970-01-01T00:00:00.000Z</time>
</trkpt>
<trkpt lat="53.3290700" lon="-9.1464600">
	<ele>12.00</ele>
	<time>1970-01-01T00:00:00.000Z</time>
</trkpt>
<trkpt lat="53.3290800" lon="-9.1467700">
	<ele>12.00</ele>
	<time>1970-01-01T00:00:00.000Z</time>
</trkpt>
<trkpt lat="53.3294400" lon="-9.1472300">
	<ele>11.30</ele>
	<time>1970-01-01T00:00:00.000Z</time>
</trkpt>
<trkpt lat="53.3298700" lon="-9.1474300">
	<ele>10.20</ele>
	<time>1970-01-01T00:00:00.000Z</time>
</trkpt>
<trkpt lat="53.3310300" lon="-9.1488800">
	<ele>9.70</ele>
	<time>1970-01-01T00:00:00.000Z</time>
</trkpt>
<trkpt lat="53.3311800" lon="-9.1492300">
	<ele>9.50</ele>
	<time>1970-01-01T00:00:00.000Z</time>
</trkpt>
<trkpt lat="53.3315500" lon="-9.1492000">
	<ele>9.40</ele>
	<time>1970-01-01T00:00:00.000Z</time>
</trkpt>
<trkpt lat="53.3316900" lon="-9.1493600">
	<ele>9.30</ele>
	<time>1970-01-01T00:00:00.000Z</time>
</trkpt>
<trkpt lat="53.3318700" lon="-9.1497000">
	<ele>9.40</ele>
	<time>1970-01-01T00:00:00.000Z</time>
</trkpt>
<trkpt lat="53.3324400" lon="-9.1503590">
	<ele>9.50</ele>
	<time>1970-01-01T00:00:00.000Z</time>
</trkpt>
<trkpt lat="53.3326400" lon="-9.1507200">
	<ele>9.40</ele>
	<time>1970-01-01T00:00:00.000Z</time>
</trkpt>
<trkpt lat="53.3331700" lon="-9.1510900">
	<ele>9.80</ele>
	<time>1970-01-01T00:00:00.000Z</time>
</trkpt>
<trkpt lat="53.3332700" lon="-9.1510900">
	<ele>9.80</ele>
	<time>1970-01-01T00:00:00.000Z</time>
</trkpt>
<trkpt lat="53.3335700" lon="-9.1515600">
	<ele>9.60</ele>
	<time>1970-01-01T00:00:00.000Z</time>
</trkpt>
<trkpt lat="53.3350800" lon="-9.1533600">
	<ele>7.10</ele>
	<time>1970-01-01T00:00:00.000Z</time>
</trkpt>
<trkpt lat="53.3355300" lon="-9.1537900">
	<ele>6.70</ele>
	<time>1970-01-01T00:00:00.000Z</time>
</trkpt>
<trkpt lat="53.3355300" lon="-9.1543500">
	<ele>5.50</ele>
	<time>1970-01-01T00:00:00.000Z</time>
</trkpt>
<trkpt lat="53.3361000" lon="-9.1551500">
	<ele>5.20</ele>
	<time>1970-01-01T00:00:00.000Z</time>
</trkpt>
<trkpt lat="53.3363800" lon="-9.1554100">
	<ele>4.80</ele>
	<time>1970-01-01T00:00:00.000Z</time>
</trkpt>
<trkpt lat="53.3370900" lon="-9.1557300">
	<ele>4.70</ele>
	<time>1970-01-01T00:00:00.000Z</time>
</trkpt>
<trkpt lat="53.3377200" lon="-9.1561100">
	<ele>3.60</ele>
	<time>1970-01-01T00:00:00.000Z</time>
</trkpt>
<trkpt lat="53.3379000" lon="-9.1563400">
	<ele>2.60</ele>
	<time>1970-01-01T00:00:00.000Z</time>
</trkpt>
<trkpt lat="53.3384500" lon="-9.1565300">
	<ele>4.30</ele>
	<time>1970-01-01T00:00:00.000Z</time>
</trkpt>
<trkpt lat="53.3385300" lon="-9.1566100">
	<ele>3.00</ele>
	<time>1970-01-01T00:00:00.000Z</time>
</trkpt>
<trkpt lat="53.3387100" lon="-9.1569700">
	<ele>2.80</ele>
	<time>1970-01-01T00:00:00.000Z</time>
</trkpt>
<trkpt lat="53.3389600" lon="-9.1572000">
	<ele>5.80</ele>
	<time>1970-01-01T00:00:00.000Z</time>
</trkpt>
<trkpt lat="53.3394190" lon="-9.1585000">
	<ele>7.00</ele>
	<time>1970-01-01T00:00:00.000Z</time>
</trkpt>
<trkpt lat="53.3398400" lon="-9.1599290">
	<ele>7.10</ele>
	<time>1970-01-01T00:00:00.000Z</time>
</trkpt>
<trkpt lat="53.3409900" lon="-9.1633900">
	<ele>8.60</ele>
	<time>1970-01-01T00:00:00.000Z</time>
</trkpt>
<trkpt lat="53.3418590" lon="-9.1658400">
	<ele>10.16</ele>
	<time>1970-01-01T00:00:00.000Z</time>
</trkpt>
<trkpt lat="53.3420800" lon="-9.1592300">
	<ele>10.10</ele>
	<time>1970-01-01T00:00:00.000Z</time>
</trkpt>
<trkpt lat="53.3421700" lon="-9.1578190">
	<ele>10.70</ele>
	<time>1970-01-01T00:00:00.000Z</time>
</trkpt>
<trkpt lat="53.3421600" lon="-9.1573490">
	<ele>10.60</ele>
	<time>1970-01-01T00:00:00.000Z</time>
</trkpt>
<trkpt lat="53.3420200" lon="-9.1564300">
	<ele>9.90</ele>
	<time>1970-01-01T00:00:00.000Z</time>
</trkpt>
<trkpt lat="53.3420100" lon="-9.1557600">
	<ele>9.30</ele>
	<time>1970-01-01T00:00:00.000Z</time>
</trkpt>
<trkpt lat="53.3422800" lon="-9.1537200">
	<ele>7.20</ele>
	<time>1970-01-01T00:00:00.000Z</time>
</trkpt>
<trkpt lat="53.3424500" lon="-9.1527200">
	<ele>7.20</ele>
	<time>1970-01-01T00:00:00.000Z</time>
</trkpt>
<trkpt lat="53.3423290" lon="-9.1524800">
	<ele>7.40</ele>
	<time>1970-01-01T00:00:00.000Z</time>
</trkpt>
<trkpt lat="53.3423100" lon="-9.1523600">
	<ele>7.40</ele>
	<time>1970-01-01T00:00:00.000Z</time>
</trkpt>
<trkpt lat="53.3424000" lon="-9.1516500">
	<ele>8.00</ele>
	<time>1970-01-01T00:00:00.000Z</time>
</trkpt>
<trkpt lat="53.3424700" lon="-9.1513890">
	<ele>8.10</ele>
	<time>1970-01-01T00:00:00.000Z</time>
</trkpt>
<trkpt lat="53.3427200" lon="-9.1508290">
	<ele>8.00</ele>
	<time>1970-01-01T00:00:00.000Z</time>
</trkpt>
<trkpt lat="53.3459700" lon="-9.1516600">
	<ele>5.88</ele>
	<time>1970-01-01T00:00:00.000Z</time>
</trkpt>
<trkpt lat="53.3460890" lon="-9.1517900">
	<ele>6.30</ele>
	<time>1970-01-01T00:00:00.000Z</time>
</trkpt>
<trkpt lat="53.3462400" lon="-9.1521000">
	<ele>6.20</ele>
	<time>1970-01-01T00:00:00.000Z</time>
</trkpt>
<trkpt lat="53.3464690" lon="-9.1528300">
	<ele>6.20</ele>
	<time>1970-01-01T00:00:00.000Z</time>
</trkpt>
<trkpt lat="53.3468400" lon="-9.1530900">
	<ele>5.70</ele>
	<time>1970-01-01T00:00:00.000Z</time>
</trkpt>
<trkpt lat="53.3487700" lon="-9.1548200">
	<ele>6.80</ele>
	<time>1970-01-01T00:00:00.000Z</time>
</trkpt>
<trkpt lat="53.3492500" lon="-9.1553790">
	<ele>7.00</ele>
	<time>1970-01-01T00:00:00.000Z</time>
</trkpt>
<trkpt lat="53.3494800" lon="-9.1557090">
	<ele>7.00</ele>
	<time>1970-01-01T00:00:00.000Z</time>
</trkpt>
<trkpt lat="53.3496600" lon="-9.1561100">
	<ele>7.00</ele>
	<time>1970-01-01T00:00:00.000Z</time>
</trkpt>
<trkpt lat="53.3499300" lon="-9.1571500">
	<ele>7.90</ele>
	<time>1970-01-01T00:00:00.000Z</time>
</trkpt>
<trkpt lat="53.3499500" lon="-9.1579200">
	<ele>8.90</ele>
	<time>1970-01-01T00:00:00.000Z</time>
</trkpt>
<trkpt lat="53.3500400" lon="-9.1582600">
	<ele>9.20</ele>
	<time>1970-01-01T00:00:00.000Z</time>
</trkpt>
<trkpt lat="53.3502100" lon="-9.1583200">
	<ele>9.20</ele>
	<time>1970-01-01T00:00:00.000Z</time>
</trkpt>
<trkpt lat="53.3506300" lon="-9.1587700">
	<ele>9.80</ele>
	<time>1970-01-01T00:00:00.000Z</time>
</trkpt>
<trkpt lat="53.3508100" lon="-9.1588700">
	<ele>9.80</ele>
	<time>1970-01-01T00:00:00.000Z</time>
</trkpt>
<trkpt lat="53.3510100" lon="-9.1590600">
	<ele>10.00</ele>
	<time>1970-01-01T00:00:00.000Z</time>
</trkpt>
<trkpt lat="53.3520100" lon="-9.1594500">
	<ele>9.90</ele>
	<time>1970-01-01T00:00:00.000Z</time>
</trkpt>
<trkpt lat="53.3522800" lon="-9.1597500">
	<ele>10.00</ele>
	<time>1970-01-01T00:00:00.000Z</time>
</trkpt>
<trkpt lat="53.3527300" lon="-9.1597600">
	<ele>9.50</ele>
	<time>1970-01-01T00:00:00.000Z</time>
</trkpt>
<trkpt lat="53.3531300" lon="-9.1600300">
	<ele>9.20</ele>
	<time>1970-01-01T00:00:00.000Z</time>
</trkpt>
<trkpt lat="53.3532800" lon="-9.1601800">
	<ele>9.20</ele>
	<time>1970-01-01T00:00:00.000Z</time>
</trkpt>
<trkpt lat="53.3535890" lon="-9.1617500">
	<ele>9.40</ele>
	<time>1970-01-01T00:00:00.000Z</time>
</trkpt>
<trkpt lat="53.3537800" lon="-9.1618400">
	<ele>8.80</ele>
	<time>1970-01-01T00:00:00.000Z</time>
</trkpt>
<trkpt lat="53.3539690" lon="-9.1622400">
	<ele>9.10</ele>
	<time>1970-01-01T00:00:00.000Z</time>
</trkpt>
<trkpt lat="53.3541600" lon="-9.1624900">
	<ele>9.20</ele>
	<time>1970-01-01T00:00:00.000Z</time>
</trkpt>
<trkpt lat="53.3546400" lon="-9.1628500">
	<ele>8.90</ele>
	<time>1970-01-01T00:00:00.000Z</time>
</trkpt>
<trkpt lat="53.3547300" lon="-9.1630200">
	<ele>9.00</ele>
	<time>1970-01-01T00:00:00.000Z</time>
</trkpt>
<trkpt lat="53.3551300" lon="-9.1644100">
	<ele>9.40</ele>
	<time>1970-01-01T00:00:00.000Z</time>
</trkpt>
<trkpt lat="53.3553200" lon="-9.1647400">
	<ele>9.00</ele>
	<time>1970-01-01T00:00:00.000Z</time>
</trkpt>
<trkpt lat="53.3554300" lon="-9.1647900">
	<ele>8.70</ele>
	<time>1970-01-01T00:00:00.000Z</time>
</trkpt>
<trkpt lat="53.3558200" lon="-9.1647100">
	<ele>8.20</ele>
	<time>1970-01-01T00:00:00.000Z</time>
</trkpt>
<trkpt lat="53.3582300" lon="-9.1638100">
	<ele>8.60</ele>
	<time>1970-01-01T00:00:00.000Z</time>
</trkpt>
<trkpt lat="53.3583600" lon="-9.1639300">
	<ele>9.10</ele>
	<time>1970-01-01T00:00:00.000Z</time>
</trkpt>
<trkpt lat="53.3586600" lon="-9.1647100">
	<ele>9.70</ele>
	<time>1970-01-01T00:00:00.000Z</time>
</trkpt>
<trkpt lat="53.3587590" lon="-9.1648400">
	<ele>9.90</ele>
	<time>1970-01-01T00:00:00.000Z</time>
</trkpt>
<trkpt lat="53.3589500" lon="-9.1652500">
	<ele>10.70</ele>
	<time>1970-01-01T00:00:00.000Z</time>
</trkpt>
<trkpt lat="53.3590200" lon="-9.1655600">
	<ele>11.00</ele>
	<time>1970-01-01T00:00:00.000Z</time>
</trkpt>
<trkpt lat="53.3593500" lon="-9.1661000">
	<ele>12.10</ele>
	<time>1970-01-01T00:00:00.000Z</time>
</trkpt>
<trkpt lat="53.3600100" lon="-9.1673800">
	<ele>13.90</ele>
	<time>1970-01-01T00:00:00.000Z</time>
</trkpt>
<trkpt lat="53.3601690" lon="-9.1681700">
	<ele>14.50</ele>
	<time>1970-01-01T00:00:00.000Z</time>
</trkpt>
<trkpt lat="53.3602590" lon="-9.1689300">
	<ele>15.30</ele>
	<time>1970-01-01T00:00:00.000Z</time>
</trkpt>
<trkpt lat="53.3603800" lon="-9.1703600">
	<ele>16.70</ele>
	<time>1970-01-01T00:00:00.000Z</time>
</trkpt>
<trkpt lat="53.3604800" lon="-9.1709700">
	<ele>17.20</ele>
	<time>1970-01-01T00:00:00.000Z</time>
</trkpt>
<trkpt lat="53.3605300" lon="-9.1720200">
	<ele>17.20</ele>
	<time>1970-01-01T00:00:00.000Z</time>
</trkpt>
<trkpt lat="53.3605700" lon="-9.1722100">
	<ele>17.20</ele>
	<time>1970-01-01T00:00:00.000Z</time>
</trkpt>
<trkpt lat="53.3607400" lon="-9.1725600">
	<ele>17.20</ele>
	<time>1970-01-01T00:00:00.000Z</time>
</trkpt>
<trkpt lat="53.3604800" lon="-9.1727000">
	<ele>17.10</ele>
	<time>1970-01-01T00:00:00.000Z</time>
</trkpt>
<trkpt lat="53.3602100" lon="-9.1729500">
	<ele>17.10</ele>
	<time>1970-01-01T00:00:00.000Z</time>
</trkpt>
<trkpt lat="53.3600900" lon="-9.1733100">
	<ele>17.20</ele>
	<time>1970-01-01T00:00:00.000Z</time>
</trkpt>
<trkpt lat="53.3600700" lon="-9.1735900">
	<ele>17.40</ele>
	<time>1970-01-01T00:00:00.000Z</time>
</trkpt>
<trkpt lat="53.3600000" lon="-9.1739400">
	<ele>17.20</ele>
	<time>1970-01-01T00:00:00.000Z</time>
</trkpt>
<trkpt lat="53.3598900" lon="-9.1741600">
	<ele>17.20</ele>
	<time>1970-01-01T00:00:00.000Z</time>
</trkpt>
<trkpt lat="53.3596990" lon="-9.1743100">
	<ele>16.20</ele>
	<time>1970-01-01T00:00:00.000Z</time>
</trkpt>
<trkpt lat="53.3598790" lon="-9.1747000">
	<ele>17.30</ele>
	<time>1970-01-01T00:00:00.000Z</time>
</trkpt>
<trkpt lat="53.3604500" lon="-9.1755700">
	<ele>18.60</ele>
	<time>1970-01-01T00:00:00.000Z</time>
</trkpt>
<trkpt lat="53.3607500" lon="-9.1761000">
	<ele>18.90</ele>
	<time>1970-01-01T00:00:00.000Z</time>
</trkpt>
<trkpt lat="53.3613300" lon="-9.1767500">
	<ele>20.30</ele>
	<time>1970-01-01T00:00:00.000Z</time>
</trkpt>
<trkpt lat="53.3614600" lon="-9.1773800">
	<ele>19.40</ele>
	<time>1970-01-01T00:00:00.000Z</time>
</trkpt>
<trkpt lat="53.3614800" lon="-9.1778700">
	<ele>19.30</ele>
	<time>1970-01-01T00:00:00.000Z</time>
</trkpt>
<trkpt lat="53.3619200" lon="-9.1796000">
	<ele>18.30</ele>
	<time>1970-01-01T00:00:00.000Z</time>
</trkpt>
<trkpt lat="53.3620400" lon="-9.1798800">
	<ele>18.50</ele>
	<time>1970-01-01T00:00:00.000Z</time>
</trkpt>
<trkpt lat="53.3622000" lon="-9.1800900">
	<ele>18.80</ele>
	<time>1970-01-01T00:00:00.000Z</time>
</trkpt>
<trkpt lat="53.3625000" lon="-9.1803300">
	<ele>19.30</ele>
	<time>1970-01-01T00:00:00.000Z</time>
</trkpt>
<trkpt lat="53.3630100" lon="-9.1804100">
	<ele>20.10</ele>
	<time>1970-01-01T00:00:00.000Z</time>
</trkpt>
<trkpt lat="53.3641000" lon="-9.1807100">
	<ele>21.50</ele>
	<time>1970-01-01T00:00:00.000Z</time>
</trkpt>
<trkpt lat="53.3645900" lon="-9.1807700">
	<ele>22.50</ele>
	<time>1970-01-01T00:00:00.000Z</time>
</trkpt>
<trkpt lat="53.3649900" lon="-9.1807200">
	<ele>22.80</ele>
	<time>1970-01-01T00:00:00.000Z</time>
</trkpt>
<trkpt lat="53.3655500" lon="-9.1808400">
	<ele>22.20</ele>
	<time>1970-01-01T00:00:00.000Z</time>
</trkpt>
<trkpt lat="53.3661300" lon="-9.1808700">
	<ele>23.70</ele>
	<time>1970-01-01T00:00:00.000Z</time>
</trkpt>
<trkpt lat="53.3662700" lon="-9.1808300">
	<ele>24.70</ele>
	<time>1970-01-01T00:00:00.000Z</time>
</trkpt>
<trkpt lat="53.3665900" lon="-9.1806300">
	<ele>26.30</ele>
	<time>1970-01-01T00:00:00.000Z</time>
</trkpt>
<trkpt lat="53.3673500" lon="-9.1800700">
	<ele>27.90</ele>
	<time>1970-01-01T00:00:00.000Z</time>
</trkpt>
<trkpt lat="53.3674800" lon="-9.1800500">
	<ele>27.90</ele>
	<time>1970-01-01T00:00:00.000Z</time>
</trkpt>
<trkpt lat="53.3675790" lon="-9.1800900">
	<ele>27.90</ele>
	<time>1970-01-01T00:00:00.000Z</time>
</trkpt>
<trkpt lat="53.3680800" lon="-9.1805100">
	<ele>27.60</ele>
	<time>1970-01-01T00:00:00.000Z</time>
</trkpt>
<trkpt lat="53.3684500" lon="-9.1809600">
	<ele>27.90</ele>
	<time>1970-01-01T00:00:00.000Z</time>
</trkpt>
<trkpt lat="53.3691400" lon="-9.1809300">
	<ele>26.70</ele>
	<time>1970-01-01T00:00:00.000Z</time>
</trkpt>
<trkpt lat="53.3694200" lon="-9.1810400">
	<ele>24.00</ele>
	<time>1970-01-01T00:00:00.000Z</time>
</trkpt>
<trkpt lat="53.3698600" lon="-9.1817100">
	<ele>20.40</ele>
	<time>1970-01-01T00:00:00.000Z</time>
</trkpt>
<trkpt lat="53.3700000" lon="-9.1832100">
	<ele>18.90</ele>
	<time>1970-01-01T00:00:00.000Z</time>
</trkpt>
<trkpt lat="53.3701500" lon="-9.1843000">
	<ele>16.60</ele>
	<time>1970-01-01T00:00:00.000Z</time>
</trkpt>
<trkpt lat="53.3702400" lon="-9.1847000">
	<ele>16.90</ele>
	<time>1970-01-01T00:00:00.000Z</time>
</trkpt>
<trkpt lat="53.3703990" lon="-9.1851700">
	<ele>17.70</ele>
	<time>1970-01-01T00:00:00.000Z</time>
</trkpt>
<trkpt lat="53.3706200" lon="-9.1856400">
	<ele>17.90</ele>
	<time>1970-01-01T00:00:00.000Z</time>
</trkpt>
<trkpt lat="53.3706800" lon="-9.1859100">
	<ele>18.10</ele>
	<time>1970-01-01T00:00:00.000Z</time>
</trkpt>
<trkpt lat="53.3707900" lon="-9.1871300">
	<ele>19.10</ele>
	<time>1970-01-01T00:00:00.000Z</time>
</trkpt>
<trkpt lat="53.3708600" lon="-9.1875000">
	<ele>18.70</ele>
	<time>1970-01-01T00:00:00.000Z</time>
</trkpt>
<trkpt lat="53.3710000" lon="-9.1877500">
	<ele>18.40</ele>
	<time>1970-01-01T00:00:00.000Z</time>
</trkpt>
<trkpt lat="53.3712800" lon="-9.1878100">
	<ele>18.00</ele>
	<time>1970-01-01T00:00:00.000Z</time>
</trkpt>
<trkpt lat="53.3713600" lon="-9.1878800">
	<ele>17.70</ele>
	<time>1970-01-01T00:00:00.000Z</time>
</trkpt>
<trkpt lat="53.3717100" lon="-9.1885900">
	<ele>16.70</ele>
	<time>1970-01-01T00:00:00.000Z</time>
</trkpt>
<trkpt lat="53.3718200" lon="-9.1890690">
	<ele>15.60</ele>
	<time>1970-01-01T00:00:00.000Z</time>
</trkpt>
<trkpt lat="53.3717100" lon="-9.1892600">
	<ele>16.10</ele>
	<time>1970-01-01T00:00:00.000Z</time>
</trkpt>
<trkpt lat="53.3715100" lon="-9.1893900">
	<ele>16.80</ele>
	<time>1970-01-01T00:00:00.000Z</time>
</trkpt>
<trkpt lat="53.3712900" lon="-9.1900400">
	<ele>17.40</ele>
	<time>1970-01-01T00:00:00.000Z</time>
</trkpt>
<trkpt lat="53.3709400" lon="-9.1906500">
	<ele>18.10</ele>
	<time>1970-01-01T00:00:00.000Z</time>
</trkpt>
<trkpt lat="53.3708900" lon="-9.1908900">
	<ele>18.10</ele>
	<time>1970-01-01T00:00:00.000Z</time>
</trkpt>
<trkpt lat="53.3708900" lon="-9.1918200">
	<ele>17.70</ele>
	<time>1970-01-01T00:00:00.000Z</time>
</trkpt>
<trkpt lat="53.3710000" lon="-9.1922200">
	<ele>16.80</ele>
	<time>1970-01-01T00:00:00.000Z</time>
</trkpt>
<trkpt lat="53.3713390" lon="-9.1928500">
	<ele>15.40</ele>
	<time>1970-01-01T00:00:00.000Z</time>
</trkpt>
<trkpt lat="53.3714400" lon="-9.1929600">
	<ele>15.00</ele>
	<time>1970-01-01T00:00:00.000Z</time>
</trkpt>
<trkpt lat="53.3717200" lon="-9.1931200">
	<ele>14.10</ele>
	<time>1970-01-01T00:00:00.000Z</time>
</trkpt>
<trkpt lat="53.3718000" lon="-9.1932300">
	<ele>13.10</ele>
	<time>1970-01-01T00:00:00.000Z</time>
</trkpt>
<trkpt lat="53.3719700" lon="-9.1936690">
	<ele>12.00</ele>
	<time>1970-01-01T00:00:00.000Z</time>
</trkpt>
<trkpt lat="53.3720400" lon="-9.1940500">
	<ele>11.00</ele>
	<time>1970-01-01T00:00:00.000Z</time>
</trkpt>
<trkpt lat="53.3723600" lon="-9.1938700">
	<ele>10.50</ele>
	<time>1970-01-01T00:00:00.000Z</time>
</trkpt>
<trkpt lat="53.3726500" lon="-9.1938300">
	<ele>9.60</ele>
	<time>1970-01-01T00:00:00.000Z</time>
</trkpt>
<trkpt lat="53.3743700" lon="-9.1943600">
	<ele>10.10</ele>
	<time>1970-01-01T00:00:00.000Z</time>
</trkpt>
<trkpt lat="53.3789100" lon="-9.1961800">
	<ele>8.30</ele>
	<time>1970-01-01T00:00:00.000Z</time>
</trkpt>
<trkpt lat="53.3818900" lon="-9.1972000">
	<ele>10.96</ele>
	<time>1970-01-01T00:00:00.000Z</time>
</trkpt>
<trkpt lat="53.3818600" lon="-9.1980100">
	<ele>12.00</ele>
	<time>1970-01-01T00:00:00.000Z</time>
</trkpt>
<trkpt lat="53.3818900" lon="-9.1986500">
	<ele>11.90</ele>
	<time>1970-01-01T00:00:00.000Z</time>
</trkpt>
<trkpt lat="53.3818700" lon="-9.1986500">
	<ele>11.90</ele>
	<time>1970-01-01T00:00:00.000Z</time>
</trkpt>
<trkpt lat="53.3822190" lon="-9.2000800">
	<ele>12.40</ele>
	<time>1970-01-01T00:00:00.000Z</time>
</trkpt>
<trkpt lat="53.3823300" lon="-9.2009000">
	<ele>12.50</ele>
	<time>1970-01-01T00:00:00.000Z</time>
</trkpt>
<trkpt lat="53.3825400" lon="-9.2020600">
	<ele>12.30</ele>
	<time>1970-01-01T00:00:00.000Z</time>
</trkpt>
<trkpt lat="53.3827300" lon="-9.2038000">
	<ele>11.30</ele>
	<time>1970-01-01T00:00:00.000Z</time>
</trkpt>
<trkpt lat="53.3828690" lon="-9.2045100">
	<ele>10.90</ele>
	<time>1970-01-01T00:00:00.000Z</time>
</trkpt>
<trkpt lat="53.3830200" lon="-9.2050900">
	<ele>10.90</ele>
	<time>1970-01-01T00:00:00.000Z</time>
</trkpt>
<trkpt lat="53.3832200" lon="-9.2054700">
	<ele>11.20</ele>
	<time>1970-01-01T00:00:00.000Z</time>
</trkpt>
<trkpt lat="53.3837700" lon="-9.2059900">
	<ele>11.70</ele>
	<time>1970-01-01T00:00:00.000Z</time>
</trkpt>
<trkpt lat="53.3844100" lon="-9.2067700">
	<ele>11.60</ele>
	<time>1970-01-01T00:00:00.000Z</time>
</trkpt>
<trkpt lat="53.3845300" lon="-9.2070100">
	<ele>11.60</ele>
	<time>1970-01-01T00:00:00.000Z</time>
</trkpt>
<trkpt lat="53.3846800" lon="-9.2074900">
	<ele>11.70</ele>
	<time>1970-01-01T00:00:00.000Z</time>
</trkpt>
<trkpt lat="53.3847700" lon="-9.2079500">
	<ele>11.70</ele>
	<time>1970-01-01T00:00:00.000Z</time>
</trkpt>
<trkpt lat="53.3848390" lon="-9.2085400">
	<ele>12.00</ele>
	<time>1970-01-01T00:00:00.000Z</time>
</trkpt>
<trkpt lat="53.3848700" lon="-9.2108600">
	<ele>13.20</ele>
	<time>1970-01-01T00:00:00.000Z</time>
</trkpt>
<trkpt lat="53.3847000" lon="-9.2119900">
	<ele>13.90</ele>
	<time>1970-01-01T00:00:00.000Z</time>
</trkpt>
<trkpt lat="53.3847100" lon="-9.2122900">
	<ele>14.00</ele>
	<time>1970-01-01T00:00:00.000Z</time>
</trkpt>
<trkpt lat="53.3850000" lon="-9.2130600">
	<ele>13.80</ele>
	<time>1970-01-01T00:00:00.000Z</time>
</trkpt>
<trkpt lat="53.3853090" lon="-9.2136900">
	<ele>12.80</ele>
	<time>1970-01-01T00:00:00.000Z</time>
</trkpt>
<trkpt lat="53.3858500" lon="-9.2172900">
	<ele>13.00</ele>
	<time>1970-01-01T00:00:00.000Z</time>
</trkpt>
<trkpt lat="53.3858500" lon="-9.2175400">
	<ele>13.00</ele>
	<time>1970-01-01T00:00:00.000Z</time>
</trkpt>
<trkpt lat="53.3856400" lon="-9.2196900">
	<ele>12.80</ele>
	<time>1970-01-01T00:00:00.000Z</time>
</trkpt>
<trkpt lat="53.3855300" lon="-9.2203300">
	<ele>12.50</ele>
	<time>1970-01-01T00:00:00.000Z</time>
</trkpt>
<trkpt lat="53.3855300" lon="-9.2206200">
	<ele>12.60</ele>
	<time>1970-01-01T00:00:00.000Z</time>
</trkpt>
<trkpt lat="53.3855700" lon="-9.2208500">
	<ele>12.70</ele>
	<time>1970-01-01T00:00:00.000Z</time>
</trkpt>
<trkpt lat="53.3862400" lon="-9.2229200">
	<ele>19.40</ele>
	<time>1970-01-01T00:00:00.000Z</time>
</trkpt>
<trkpt lat="53.3863100" lon="-9.2231800">
	<ele>19.80</ele>
	<time>1970-01-01T00:00:00.000Z</time>
</trkpt>
<trkpt lat="53.3863300" lon="-9.2234100">
	<ele>20.20</ele>
	<time>1970-01-01T00:00:00.000Z</time>
</trkpt>
<trkpt lat="53.3863500" lon="-9.2248600">
	<ele>20.30</ele>
	<time>1970-01-01T00:00:00.000Z</time>
</trkpt>
<trkpt lat="53.3862700" lon="-9.2252400">
	<ele>19.40</ele>
	<time>1970-01-01T00:00:00.000Z</time>
</trkpt>
<trkpt lat="53.3860200" lon="-9.2260200">
	<ele>18.80</ele>
	<time>1970-01-01T00:00:00.000Z</time>
</trkpt>
<trkpt lat="53.3859900" lon="-9.2266400">
	<ele>19.60</ele>
	<time>1970-01-01T00:00:00.000Z</time>
</trkpt>
<trkpt lat="53.3861100" lon="-9.2272200">
	<ele>21.00</ele>
	<time>1970-01-01T00:00:00.000Z</time>
</trkpt>
<trkpt lat="53.3862000" lon="-9.2274990">
	<ele>22.00</ele>
	<time>1970-01-01T00:00:00.000Z</time>
</trkpt>
<trkpt lat="53.3868090" lon="-9.2289400">
	<ele>19.90</ele>
	<time>1970-01-01T00:00:00.000Z</time>
</trkpt>
<trkpt lat="53.3869100" lon="-9.2294600">
	<ele>18.40</ele>
	<time>1970-01-01T00:00:00.000Z</time>
</trkpt>
<trkpt lat="53.3869400" lon="-9.2297990">
	<ele>18.40</ele>
	<time>1970-01-01T00:00:00.000Z</time>
</trkpt>
<trkpt lat="53.3868700" lon="-9.2307000">
	<ele>18.70</ele>
	<time>1970-01-01T00:00:00.000Z</time>
</trkpt>
<trkpt lat="53.3869000" lon="-9.2309600">
	<ele>16.80</ele>
	<time>1970-01-01T00:00:00.000Z</time>
</trkpt>
<trkpt lat="53.3883300" lon="-9.2373400">
	<ele>10.00</ele>
	<time>1970-01-01T00:00:00.000Z</time>
</trkpt>
<trkpt lat="53.3888100" lon="-9.2396000">
	<ele>15.60</ele>
	<time>1970-01-01T00:00:00.000Z</time>
</trkpt>
<trkpt lat="53.3890000" lon="-9.2402000">
	<ele>16.50</ele>
	<time>1970-01-01T00:00:00.000Z</time>
</trkpt>
<trkpt lat="53.3892900" lon="-9.2408400">
	<ele>17.00</ele>
	<time>1970-01-01T00:00:00.000Z</time>
</trkpt>
<trkpt lat="53.3894200" lon="-9.2414400">
	<ele>17.10</ele>
	<time>1970-01-01T00:00:00.000Z</time>
</trkpt>
<trkpt lat="53.3895000" lon="-9.2421300">
	<ele>17.50</ele>
	<time>1970-01-01T00:00:00.000Z</time>
</trkpt>
<trkpt lat="53.3896100" lon="-9.2463400">
	<ele>13.20</ele>
	<time>1970-01-01T00:00:00.000Z</time>
</trkpt>
<trkpt lat="53.3895700" lon="-9.2466000">
	<ele>12.90</ele>
	<time>1970-01-01T00:00:00.000Z</time>
</trkpt>
<trkpt lat="53.3911200" lon="-9.2478700">
	<ele>14.10</ele>
	<time>1970-01-01T00:00:00.000Z</time>
</trkpt>
<trkpt lat="53.3914500" lon="-9.2481890">
	<ele>13.70</ele>
	<time>1970-01-01T00:00:00.000Z</time>
</trkpt>
<trkpt lat="53.3922100" lon="-9.2490400">
	<ele>15.10</ele>
	<time>1970-01-01T00:00:00.000Z</time>
</trkpt>
<trkpt lat="53.3927200" lon="-9.2497800">
	<ele>16.80</ele>
	<time>1970-01-01T00:00:00.000Z</time>
</trkpt>
<trkpt lat="53.3933500" lon="-9.2509000">
	<ele>17.30</ele>
	<time>1970-01-01T00:00:00.000Z</time>
</trkpt>
<trkpt lat="53.3942400" lon="-9.2528100">
	<ele>13.50</ele>
	<time>1970-01-01T00:00:00.000Z</time>
</trkpt>
<trkpt lat="53.3946700" lon="-9.2536000">
	<ele>12.90</ele>
	<time>1970-01-01T00:00:00.000Z</time>
</trkpt>
<trkpt lat="53.3954200" lon="-9.2548400">
	<ele>15.40</ele>
	<time>1970-01-01T00:00:00.000Z</time>
</trkpt>
<trkpt lat="53.3958500" lon="-9.2556990">
	<ele>13.80</ele>
	<time>1970-01-01T00:00:00.000Z</time>
</trkpt>
<trkpt lat="53.3962600" lon="-9.2566000">
	<ele>13.70</ele>
	<time>1970-01-01T00:00:00.000Z</time>
</trkpt>
<trkpt lat="53.3966800" lon="-9.2577800">
	<ele>12.30</ele>
	<time>1970-01-01T00:00:00.000Z</time>
</trkpt>
<trkpt lat="53.3974000" lon="-9.2595700">
	<ele>11.20</ele>
	<time>1970-01-01T00:00:00.000Z</time>
</trkpt>
<trkpt lat="53.3961700" lon="-9.2672700">
	<ele>11.40</ele>
	<time>1970-01-01T00:00:00.000Z</time>
</trkpt>
<trkpt lat="53.3960700" lon="-9.2675800">
	<ele>12.00</ele>
	<time>1970-01-01T00:00:00.000Z</time>
</trkpt>
<trkpt lat="53.3956900" lon="-9.2684500">
	<ele>13.10</ele>
	<time>1970-01-01T00:00:00.000Z</time>
</trkpt>
<trkpt lat="53.3955900" lon="-9.2696500">
	<ele>13.20</ele>
	<time>1970-01-01T00:00:00.000Z</time>
</trkpt>
<trkpt lat="53.3955390" lon="-9.2699700">
	<ele>13.40</ele>
	<time>1970-01-01T00:00:00.000Z</time>
</trkpt>
<trkpt lat="53.3950800" lon="-9.2712290">
	<ele>13.50</ele>
	<time>1970-01-01T00:00:00.000Z</time>
</trkpt>
<trkpt lat="53.3949100" lon="-9.2715700">
	<ele>13.20</ele>
	<time>1970-01-01T00:00:00.000Z</time>
</trkpt>
<trkpt lat="53.3947990" lon="-9.2719900">
	<ele>13.30</ele>
	<time>1970-01-01T00:00:00.000Z</time>
</trkpt>
<trkpt lat="53.3943700" lon="-9.2741900">
	<ele>15.20</ele>
	<time>1970-01-01T00:00:00.000Z</time>
</trkpt>
<trkpt lat="53.3943700" lon="-9.2744100">
	<ele>15.20</ele>
	<time>1970-01-01T00:00:00.000Z</time>
</trkpt>
<trkpt lat="53.3944900" lon="-9.2750700">
	<ele>14.50</ele>
	<time>1970-01-01T00:00:00.000Z</time>
</trkpt>
<trkpt lat="53.3944700" lon="-9.2755900">
	<ele>15.70</ele>
	<time>1970-01-01T00:00:00.000Z</time>
</trkpt>
<trkpt lat="53.3944100" lon="-9.2758900">
	<ele>17.50</ele>
	<time>1970-01-01T00:00:00.000Z</time>
</trkpt>
<trkpt lat="53.3944400" lon="-9.2764300">
	<ele>17.20</ele>
	<time>1970-01-01T00:00:00.000Z</time>
</trkpt>
<trkpt lat="53.3947300" lon="-9.2781300">
	<ele>19.30</ele>
	<time>1970-01-01T00:00:00.000Z</time>
</trkpt>
<trkpt lat="53.3948500" lon="-9.2797690">
	<ele>24.70</ele>
	<time>1970-01-01T00:00:00.000Z</time>
</trkpt>
<trkpt lat="53.3947200" lon="-9.2810200">
	<ele>26.60</ele>
	<time>1970-01-01T00:00:00.000Z</time>
</trkpt>
<trkpt lat="53.3945990" lon="-9.2814400">
	<ele>24.90</ele>
	<time>1970-01-01T00:00:00.000Z</time>
</trkpt>
<trkpt lat="53.3943800" lon="-9.2819600">
	<ele>27.10</ele>
	<time>1970-01-01T00:00:00.000Z</time>
</trkpt>
<trkpt lat="53.3943600" lon="-9.2820900">
	<ele>27.10</ele>
	<time>1970-01-01T00:00:00.000Z</time>
</trkpt>
<trkpt lat="53.3943800" lon="-9.2823000">
	<ele>28.10</ele>
	<time>1970-01-01T00:00:00.000Z</time>
</trkpt>
<trkpt lat="53.3945600" lon="-9.2828190">
	<ele>28.30</ele>
	<time>1970-01-01T00:00:00.000Z</time>
</trkpt>
<trkpt lat="53.3945900" lon="-9.2830900">
	<ele>28.10</ele>
	<time>1970-01-01T00:00:00.000Z</time>
</trkpt>
<trkpt lat="53.3944900" lon="-9.2842200">
	<ele>30.00</ele>
	<time>1970-01-01T00:00:00.000Z</time>
</trkpt>
<trkpt lat="53.3944800" lon="-9.2844200">
	<ele>30.50</ele>
	<time>1970-01-01T00:00:00.000Z</time>
</trkpt>
<trkpt lat="53.3945090" lon="-9.2846490">
	<ele>31.23</ele>
	<time>1970-01-01T00:00:00.000Z</time>
</trkpt>
<trkpt lat="53.3945700" lon="-9.2848000">
	<ele>30.90</ele>
	<time>1970-01-01T00:00:00.000Z</time>
</trkpt>
<trkpt lat="53.3947800" lon="-9.2849700">
	<ele>30.60</ele>
	<time>1970-01-01T00:00:00.000Z</time>
</trkpt>
<trkpt lat="53.3949700" lon="-9.2850600">
	<ele>30.60</ele>
	<time>1970-01-01T00:00:00.000Z</time>
</trkpt>
<trkpt lat="53.3966100" lon="-9.2852590">
	<ele>32.70</ele>
	<time>1970-01-01T00:00:00.000Z</time>
</trkpt>
<trkpt lat="53.3968000" lon="-9.2852700">
	<ele>33.40</ele>
	<time>1970-01-01T00:00:00.000Z</time>
</trkpt>
<trkpt lat="53.3971200" lon="-9.2852000">
	<ele>34.60</ele>
	<time>1970-01-01T00:00:00.000Z</time>
</trkpt>
<trkpt lat="53.3976700" lon="-9.2852300">
	<ele>33.60</ele>
	<time>1970-01-01T00:00:00.000Z</time>
</trkpt>
<trkpt lat="53.3978100" lon="-9.2853400">
	<ele>32.60</ele>
	<time>1970-01-01T00:00:00.000Z</time>
</trkpt>
<trkpt lat="53.3981800" lon="-9.2858100">
	<ele>31.90</ele>
	<time>1970-01-01T00:00:00.000Z</time>
</trkpt>
<trkpt lat="53.3987100" lon="-9.2862100">
	<ele>29.50</ele>
	<time>1970-01-01T00:00:00.000Z</time>
</trkpt>
<trkpt lat="53.3988290" lon="-9.2865500">
	<ele>27.10</ele>
	<time>1970-01-01T00:00:00.000Z</time>
</trkpt>
<trkpt lat="53.3992800" lon="-9.2881800">
	<ele>28.30</ele>
	<time>1970-01-01T00:00:00.000Z</time>
</trkpt>
<trkpt lat="53.3996000" lon="-9.2889400">
	<ele>26.80</ele>
	<time>1970-01-01T00:00:00.000Z</time>
</trkpt>
<trkpt lat="53.3999700" lon="-9.2894800">
	<ele>25.10</ele>
	<time>1970-01-01T00:00:00.000Z</time>
</trkpt>
<trkpt lat="53.3999900" lon="-9.2894600">
	<ele>25.10</ele>
	<time>1970-01-01T00:00:00.000Z</time>
</trkpt>
<trkpt lat="53.4003400" lon="-9.2905600">
	<ele>27.90</ele>
	<time>1970-01-01T00:00:00.000Z</time>
</trkpt>
<trkpt lat="53.4005000" lon="-9.2909400">
	<ele>28.60</ele>
	<time>1970-01-01T00:00:00.000Z</time>
</trkpt>
<trkpt lat="53.4005800" lon="-9.2910200">
	<ele>27.70</ele>
	<time>1970-01-01T00:00:00.000Z</time>
</trkpt>
<trkpt lat="53.4009790" lon="-9.2911500">
	<ele>27.00</ele>
	<time>1970-01-01T00:00:00.000Z</time>
</trkpt>
<trkpt lat="53.4012500" lon="-9.2914000">
	<ele>26.50</ele>
	<time>1970-01-01T00:00:00.000Z</time>
</trkpt>
<trkpt lat="53.4019190" lon="-9.2917000">
	<ele>24.40</ele>
	<time>1970-01-01T00:00:00.000Z</time>
</trkpt>
<trkpt lat="53.4022300" lon="-9.2916000">
	<ele>23.50</ele>
	<time>1970-01-01T00:00:00.000Z</time>
</trkpt>
<trkpt lat="53.4028400" lon="-9.2909600">
	<ele>22.20</ele>
	<time>1970-01-01T00:00:00.000Z</time>
</trkpt>
<trkpt lat="53.4031200" lon="-9.2922100">
	<ele>22.50</ele>
	<time>1970-01-01T00:00:00.000Z</time>
</trkpt>
<trkpt lat="53.4031800" lon="-9.2925900">
	<ele>22.60</ele>
	<time>1970-01-01T00:00:00.000Z</time>
</trkpt>
<trkpt lat="53.4031900" lon="-9.2934400">
	<ele>22.70</ele>
	<time>1970-01-01T00:00:00.000Z</time>
</trkpt>
<trkpt lat="53.4031400" lon="-9.2939100">
	<ele>23.00</ele>
	<time>1970-01-01T00:00:00.000Z</time>
</trkpt>
<trkpt lat="53.4032200" lon="-9.2940600">
	<ele>23.20</ele>
	<time>1970-01-01T00:00:00.000Z</time>
</trkpt>
<trkpt lat="53.4036400" lon="-9.2940400">
	<ele>21.60</ele>
	<time>1970-01-01T00:00:00.000Z</time>
</trkpt>
<trkpt lat="53.4039000" lon="-9.2939100">
	<ele>21.00</ele>
	<time>1970-01-01T00:00:00.000Z</time>
</trkpt>
<trkpt lat="53.4049000" lon="-9.2942500">
	<ele>25.30</ele>
	<time>1970-01-01T00:00:00.000Z</time>
</trkpt>
<trkpt lat="53.4051700" lon="-9.2942300">
	<ele>25.70</ele>
	<time>1970-01-01T00:00:00.000Z</time>
</trkpt>
<trkpt lat="53.4057000" lon="-9.2946400">
	<ele>25.20</ele>
	<time>1970-01-01T00:00:00.000Z</time>
</trkpt>
<trkpt lat="53.4060200" lon="-9.2949500">
	<ele>23.00</ele>
	<time>1970-01-01T00:00:00.000Z</time>
</trkpt>
<trkpt lat="53.4064000" lon="-9.2954300">
	<ele>22.00</ele>
	<time>1970-01-01T00:00:00.000Z</time>
</trkpt>
<trkpt lat="53.4065500" lon="-9.2956500">
	<ele>21.70</ele>
	<time>1970-01-01T00:00:00.000Z</time>
</trkpt>
<trkpt lat="53.4068200" lon="-9.2962800">
	<ele>21.20</ele>
	<time>1970-01-01T00:00:00.000Z</time>
</trkpt>
<trkpt lat="53.4070200" lon="-9.2966300">
	<ele>21.00</ele>
	<time>1970-01-01T00:00:00.000Z</time>
</trkpt>
<trkpt lat="53.4071200" lon="-9.2970300">
	<ele>21.90</ele>
	<time>1970-01-01T00:00:00.000Z</time>
</trkpt>
<trkpt lat="53.4073400" lon="-9.2976300">
	<ele>22.60</ele>
	<time>1970-01-01T00:00:00.000Z</time>
</trkpt>
<trkpt lat="53.4074100" lon="-9.2982200">
	<ele>24.00</ele>
	<time>1970-01-01T00:00:00.000Z</time>
</trkpt>
<trkpt lat="53.4074700" lon="-9.2984300">
	<ele>24.50</ele>
	<time>1970-01-01T00:00:00.000Z</time>
</trkpt>
<trkpt lat="53.4078200" lon="-9.2990200">
	<ele>25.40</ele>
	<time>1970-01-01T00:00:00.000Z</time>
</trkpt>
<trkpt lat="53.4080200" lon="-9.2995000">
	<ele>26.50</ele>
	<time>1970-01-01T00:00:00.000Z</time>
</trkpt>
<trkpt lat="53.4085400" lon="-9.3013400">
	<ele>24.60</ele>
	<time>1970-01-01T00:00:00.000Z</time>
</trkpt>
<trkpt lat="53.4088600" lon="-9.3018300">
	<ele>23.30</ele>
	<time>1970-01-01T00:00:00.000Z</time>
</trkpt>
<trkpt lat="53.4091490" lon="-9.3029200">
	<ele>23.40</ele>
	<time>1970-01-01T00:00:00.000Z</time>
</trkpt>
<trkpt lat="53.4093300" lon="-9.3031600">
	<ele>23.20</ele>
	<time>1970-01-01T00:00:00.000Z</time>
</trkpt>
<trkpt lat="53.4095100" lon="-9.3033100">
	<ele>22.60</ele>
	<time>1970-01-01T00:00:00.000Z</time>
</trkpt>
<trkpt lat="53.4100200" lon="-9.3036400">
	<ele>20.00</ele>
	<time>1970-01-01T00:00:00.000Z</time>
</trkpt>
<trkpt lat="53.4103800" lon="-9.3039900">
	<ele>18.50</ele>
	<time>1970-01-01T00:00:00.000Z</time>
</trkpt>
<trkpt lat="53.4105200" lon="-9.3041900">
	<ele>17.80</ele>
	<time>1970-01-01T00:00:00.000Z</time>
</trkpt>
<trkpt lat="53.4105900" lon="-9.3044000">
	<ele>20.91</ele>
	<time>1970-01-01T00:00:00.000Z</time>
</trkpt>
<trkpt lat="53.4106700" lon="-9.3052600">
	<ele>17.10</ele>
	<time>1970-01-01T00:00:00.000Z</time>
</trkpt>
<trkpt lat="53.4105800" lon="-9.3058400">
	<ele>20.00</ele>
	<time>1970-01-01T00:00:00.000Z</time>
</trkpt>
<trkpt lat="53.4105800" lon="-9.3060200">
	<ele>20.10</ele>
	<time>1970-01-01T00:00:00.000Z</time>
</trkpt>
<trkpt lat="53.4106700" lon="-9.3061300">
	<ele>18.40</ele>
	<time>1970-01-01T00:00:00.000Z</time>
</trkpt>
<trkpt lat="53.4105900" lon="-9.3067490">
	<ele>19.00</ele>
	<time>1970-01-01T00:00:00.000Z</time>
</trkpt>
<trkpt lat="53.4105000" lon="-9.3070000">
	<ele>18.90</ele>
	<time>1970-01-01T00:00:00.000Z</time>
</trkpt>
<trkpt lat="53.4104200" lon="-9.3071200">
	<ele>19.90</ele>
	<time>1970-01-01T00:00:00.000Z</time>
</trkpt>
<trkpt lat="53.4096900" lon="-9.3077900">
	<ele>20.60</ele>
	<time>1970-01-01T00:00:00.000Z</time>
</trkpt>
<trkpt lat="53.4087800" lon="-9.3080200">
	<ele>21.50</ele>
	<time>1970-01-01T00:00:00.000Z</time>
</trkpt>
<trkpt lat="53.4080800" lon="-9.3086200">
	<ele>20.10</ele>
	<time>1970-01-01T00:00:00.000Z</time>
</trkpt>
<trkpt lat="53.4078900" lon="-9.3090000">
	<ele>19.80</ele>
	<time>1970-01-01T00:00:00.000Z</time>
</trkpt>
<trkpt lat="53.4077700" lon="-9.3094300">
	<ele>19.00</ele>
	<time>1970-01-01T00:00:00.000Z</time>
</trkpt>
<trkpt lat="53.4076800" lon="-9.3100400">
	<ele>18.70</ele>
	<time>1970-01-01T00:00:00.000Z</time>
</trkpt>
<trkpt lat="53.4076900" lon="-9.3105490">
	<ele>18.40</ele>
	<time>1970-01-01T00:00:00.000Z</time>
</trkpt>
<trkpt lat="53.4081300" lon="-9.3149100">
	<ele>19.30</ele>
	<time>1970-01-01T00:00:00.000Z</time>
</trkpt>
<trkpt lat="53.4081400" lon="-9.3157500">
	<ele>20.70</ele>
	<time>1970-01-01T00:00:00.000Z</time>
</trkpt>
<trkpt lat="53.4082000" lon="-9.3164100">
	<ele>21.40</ele>
	<time>1970-01-01T00:00:00.000Z</time>
</trkpt>
<trkpt lat="53.4083600" lon="-9.3198890">
	<ele>21.00</ele>
	<time>1970-01-01T00:00:00.000Z</time>
</trkpt>
<trkpt lat="53.4086000" lon="-9.3217400">
	<ele>22.90</ele>
	<time>1970-01-01T00:00:00.000Z</time>
</trkpt>
<trkpt lat="53.4085700" lon="-9.3222700">
	<ele>23.40</ele>
	<time>1970-01-01T00:00:00.000Z</time>
</trkpt>
<trkpt lat="53.4086000" lon="-9.3225700">
	<ele>24.30</ele>
	<time>1970-01-01T00:00:00.000Z</time>
</trkpt>
<trkpt lat="53.4093800" lon="-9.3239000">
	<ele>24.60</ele>
	<time>1970-01-01T00:00:00.000Z</time>
</trkpt>
<trkpt lat="53.4098700" lon="-9.3239300">
	<ele>23.00</ele>
	<time>1970-01-01T00:00:00.000Z</time>
</trkpt>
<trkpt lat="53.4099400" lon="-9.3239690">
	<ele>23.00</ele>
	<time>1970-01-01T00:00:00.000Z</time>
</trkpt>
<trkpt lat="53.4099990" lon="-9.3240700">
	<ele>23.00</ele>
	<time>1970-01-01T00:00:00.000Z</time>
</trkpt>
<trkpt lat="53.4102600" lon="-9.3250400">
	<ele>23.00</ele>
	<time>1970-01-01T00:00:00.000Z</time>
</trkpt>
<trkpt lat="53.4104300" lon="-9.3255500">
	<ele>23.90</ele>
	<time>1970-01-01T00:00:00.000Z</time>
</trkpt>
<trkpt lat="53.4124500" lon="-9.3304400">
	<ele>27.20</ele>
	<time>1970-01-01T00:00:00.000Z</time>
</trkpt>
<trkpt lat="53.4107100" lon="-9.3303900">
	<ele>41.40</ele>
	<time>1970-01-01T00:00:00.000Z</time>
</trkpt>
<trkpt lat="53.4099300" lon="-9.3302500">
	<ele>45.30</ele>
	<time>1970-01-01T00:00:00.000Z</time>
</trkpt>
<trkpt lat="53.4097000" lon="-9.3301400">
	<ele>46.90</ele>
	<time>1970-01-01T00:00:00.000Z</time>
</trkpt>
<trkpt lat="53.4094800" lon="-9.3299500">
	<ele>48.40</ele>
	<time>1970-01-01T00:00:00.000Z</time>
</trkpt>
<trkpt lat="53.4089500" lon="-9.3292000">
	<ele>51.50</ele>
	<time>1970-01-01T00:00:00.000Z</time>
</trkpt>
<trkpt lat="53.4084700" lon="-9.3286500">
	<ele>54.00</ele>
	<time>1970-01-01T00:00:00.000Z</time>
</trkpt>
<trkpt lat="53.4078500" lon="-9.3280900">
	<ele>54.50</ele>
	<time>1970-01-01T00:00:00.000Z</time>
</trkpt>
<trkpt lat="53.4077100" lon="-9.3280400">
	<ele>55.70</ele>
	<time>1970-01-01T00:00:00.000Z</time>
</trkpt>
<trkpt lat="53.4075900" lon="-9.3280900">
	<ele>56.90</ele>
	<time>1970-01-01T00:00:00.000Z</time>
</trkpt>
<trkpt lat="53.4073700" lon="-9.3284300">
	<ele>60.30</ele>
	<time>1970-01-01T00:00:00.000Z</time>
</trkpt>
<trkpt lat="53.4063000" lon="-9.3303990">
	<ele>75.80</ele>
	<time>1970-01-01T00:00:00.000Z</time>
</trkpt>
<trkpt lat="53.4057000" lon="-9.3318700">
	<ele>81.90</ele>
	<time>1970-01-01T00:00:00.000Z</time>
</trkpt>
<trkpt lat="53.4055800" lon="-9.3320300">
	<ele>83.20</ele>
	<time>1970-01-01T00:00:00.000Z</time>
</trkpt>
<trkpt lat="53.4054000" lon="-9.3321300">
	<ele>83.50</ele>
	<time>1970-01-01T00:00:00.000Z</time>
</trkpt>
<trkpt lat="53.4036190" lon="-9.3320600">
	<ele>84.80</ele>
	<time>1970-01-01T00:00:00.000Z</time>
</trkpt>
<trkpt lat="53.4003800" lon="-9.3320600">
	<ele>85.20</ele>
	<time>1970-01-01T00:00:00.000Z</time>
</trkpt>
<trkpt lat="53.3982500" lon="-9.3318700">
	<ele>100.70</ele>
	<time>1970-01-01T00:00:00.000Z</time>
</trkpt>
<trkpt lat="53.3980700" lon="-9.3319200">
	<ele>103.80</ele>
	<time>1970-01-01T00:00:00.000Z</time>
</trkpt>
<trkpt lat="53.3979790" lon="-9.3320300">
	<ele>102.90</ele>
	<time>1970-01-01T00:00:00.000Z</time>
</trkpt>
<trkpt lat="53.3979000" lon="-9.3322200">
	<ele>105.50</ele>
	<time>1970-01-01T00:00:00.000Z</time>
</trkpt>
<trkpt lat="53.3977400" lon="-9.3329900">
	<ele>104.60</ele>
	<time>1970-01-01T00:00:00.000Z</time>
</trkpt>
<trkpt lat="53.3974900" lon="-9.3334300">
	<ele>104.70</ele>
	<time>1970-01-01T00:00:00.000Z</time>
</trkpt>
<trkpt lat="53.3972600" lon="-9.3335600">
	<ele>105.90</ele>
	<time>1970-01-01T00:00:00.000Z</time>
</trkpt>
<trkpt lat="53.3967900" lon="-9.3336700">
	<ele>107.50</ele>
	<time>1970-01-01T00:00:00.000Z</time>
</trkpt>
<trkpt lat="53.3966100" lon="-9.3337600">
	<ele>109.20</ele>
	<time>1970-01-01T00:00:00.000Z</time>
</trkpt>
<trkpt lat="53.3962800" lon="-9.3345300">
	<ele>112.80</ele>
	<time>1970-01-01T00:00:00.000Z</time>
</trkpt>
<trkpt lat="53.3961400" lon="-9.3347700">
	<ele>116.10</ele>
	<time>1970-01-01T00:00:00.000Z</time>
</trkpt>
<trkpt lat="53.3954300" lon="-9.3357200">
	<ele>127.40</ele>
	<time>1970-01-01T00:00:00.000Z</time>
</trkpt>
<trkpt lat="53.3953300" lon="-9.3361100">
	<ele>131.00</ele>
	<time>1970-01-01T00:00:00.000Z</time>
</trkpt>
<trkpt lat="53.3953300" lon="-9.3371000">
	<ele>130.90</ele>
	<time>1970-01-01T00:00:00.000Z</time>
</trkpt>
<trkpt lat="53.3951700" lon="-9.3373800">
	<ele>131.00</ele>
	<time>1970-01-01T00:00:00.000Z</time>
</trkpt>
<trkpt lat="53.3947100" lon="-9.3376100">
	<ele>131.60</ele>
	<time>1970-01-01T00:00:00.000Z</time>
</trkpt>
<trkpt lat="53.3942600" lon="-9.3376600">
	<ele>130.40</ele>
	<time>1970-01-01T00:00:00.000Z</time>
</trkpt>
<trkpt lat="53.3940200" lon="-9.3377500">
	<ele>129.90</ele>
	<time>1970-01-01T00:00:00.000Z</time>
</trkpt>
<trkpt lat="53.3928600" lon="-9.3386200">
	<ele>132.20</ele>
	<time>1970-01-01T00:00:00.000Z</time>
</trkpt>
<trkpt lat="53.3923000" lon="-9.3396200">
	<ele>129.30</ele>
	<time>1970-01-01T00:00:00.000Z</time>
</trkpt>
<trkpt lat="53.3921800" lon="-9.3397800">
	<ele>127.60</ele>
	<time>1970-01-01T00:00:00.000Z</time>
</trkpt>
<trkpt lat="53.3920690" lon="-9.3398700">
	<ele>128.80</ele>
	<time>1970-01-01T00:00:00.000Z</time>
</trkpt>
<trkpt lat="53.3919100" lon="-9.3398800">
	<ele>127.40</ele>
	<time>1970-01-01T00:00:00.000Z</time>
</trkpt>
<trkpt lat="53.3914500" lon="-9.3397400">
	<ele>124.10</ele>
	<time>1970-01-01T00:00:00.000Z</time>
</trkpt>
<trkpt lat="53.3912700" lon="-9.3397800">
	<ele>123.80</ele>
	<time>1970-01-01T00:00:00.000Z</time>
</trkpt>
<trkpt lat="53.3910390" lon="-9.3399100">
	<ele>125.00</ele>
	<time>1970-01-01T00:00:00.000Z</time>
</trkpt>
<trkpt lat="53.3908400" lon="-9.3400900">
	<ele>124.60</ele>
	<time>1970-01-01T00:00:00.000Z</time>
</trkpt>
<trkpt lat="53.3905100" lon="-9.3406800">
	<ele>122.10</ele>
	<time>1970-01-01T00:00:00.000Z</time>
</trkpt>
<trkpt lat="53.3902500" lon="-9.3413700">
	<ele>119.50</ele>
	<time>1970-01-01T00:00:00.000Z</time>
</trkpt>
<trkpt lat="53.3898800" lon="-9.3425400">
	<ele>120.60</ele>
	<time>1970-01-01T00:00:00.000Z</time>
</trkpt>
<trkpt lat="53.3898000" lon="-9.3428700">
	<ele>122.70</ele>
	<time>1970-01-01T00:00:00.000Z</time>
</trkpt>
<trkpt lat="53.3897190" lon="-9.3434500">
	<ele>121.70</ele>
	<time>1970-01-01T00:00:00.000Z</time>
</trkpt>
<trkpt lat="53.3896500" lon="-9.3448200">
	<ele>131.20</ele>
	<time>1970-01-01T00:00:00.000Z</time>
</trkpt>
<trkpt lat="53.3893700" lon="-9.3482700">
	<ele>147.80</ele>
	<time>1970-01-01T00:00:00.000Z</time>
</trkpt>
<trkpt lat="53.3891900" lon="-9.3511300">
	<ele>155.80</ele>
	<time>1970-01-01T00:00:00.000Z</time>
</trkpt>
<trkpt lat="53.3891500" lon="-9.3516000">
	<ele>156.80</ele>
	<time>1970-01-01T00:00:00.000Z</time>
</trkpt>
<trkpt lat="53.3890900" lon="-9.3518890">
	<ele>156.60</ele>
	<time>1970-01-01T00:00:00.000Z</time>
</trkpt>
<trkpt lat="53.3889000" lon="-9.3523200">
	<ele>158.20</ele>
	<time>1970-01-01T00:00:00.000Z</time>
</trkpt>
<trkpt lat="53.3877000" lon="-9.3543600">
	<ele>164.50</ele>
	<time>1970-01-01T00:00:00.000Z</time>
</trkpt>
<trkpt lat="53.3872100" lon="-9.3552600">
	<ele>167.50</ele>
	<time>1970-01-01T00:00:00.000Z</time>
</trkpt>
<trkpt lat="53.3869100" lon="-9.3559600">
	<ele>169.10</ele>
	<time>1970-01-01T00:00:00.000Z</time>
</trkpt>
<trkpt lat="53.3859800" lon="-9.3586500">
	<ele>176.00</ele>
	<time>1970-01-01T00:00:00.000Z</time>
</trkpt>
<trkpt lat="53.3854900" lon="-9.3603200">
	<ele>174.70</ele>
	<time>1970-01-01T00:00:00.000Z</time>
</trkpt>
<trkpt lat="53.3845100" lon="-9.3645900">
	<ele>181.00</ele>
	<time>1970-01-01T00:00:00.000Z</time>
</trkpt>
<trkpt lat="53.3843300" lon="-9.3656300">
	<ele>180.80</ele>
	<time>1970-01-01T00:00:00.000Z</time>
</trkpt>
<trkpt lat="53.3843300" lon="-9.3691400">
	<ele>187.90</ele>
	<time>1970-01-01T00:00:00.000Z</time>
</trkpt>
<trkpt lat="53.3842900" lon="-9.3694500">
	<ele>189.50</ele>
	<time>1970-01-01T00:00:00.000Z</time>
</trkpt>
<trkpt lat="53.3842100" lon="-9.3698100">
	<ele>190.10</ele>
	<time>1970-01-01T00:00:00.000Z</time>
</trkpt>
<trkpt lat="53.3836400" lon="-9.3710790">
	<ele>194.20</ele>
	<time>1970-01-01T00:00:00.000Z</time>
</trkpt>
<trkpt lat="53.3832000" lon="-9.3727690">
	<ele>197.50</ele>
	<time>1970-01-01T00:00:00.000Z</time>
</trkpt>
<trkpt lat="53.3830100" lon="-9.3737100">
	<ele>201.20</ele>
	<time>1970-01-01T00:00:00.000Z</time>
</trkpt>
<trkpt lat="53.3829100" lon="-9.3743600">
	<ele>202.30</ele>
	<time>1970-01-01T00:00:00.000Z</time>
</trkpt>
<trkpt lat="53.3826700" lon="-9.3767000">
	<ele>207.60</ele>
	<time>1970-01-01T00:00:00.000Z</time>
</trkpt>
<trkpt lat="53.3825990" lon="-9.3780000">
	<ele>211.00</ele>
	<time>1970-01-01T00:00:00.000Z</time>
</trkpt>
<trkpt lat="53.3819700" lon="-9.3808800">
	<ele>216.40</ele>
	<time>1970-01-01T00:00:00.000Z</time>
</trkpt>
<trkpt lat="53.3818200" lon="-9.3816900">
	<ele>218.30</ele>
	<time>1970-01-01T00:00:00.000Z</time>
</trkpt>
<trkpt lat="53.3810100" lon="-9.3867500">
	<ele>220.30</ele>
	<time>1970-01-01T00:00:00.000Z</time>
</trkpt>
<trkpt lat="53.3804900" lon="-9.3922400">
	<ele>233.00</ele>
	<time>1970-01-01T00:00:00.000Z</time>
</trkpt>
<trkpt lat="53.3803500" lon="-9.3935700">
	<ele>235.80</ele>
	<time>1970-01-01T00:00:00.000Z</time>
</trkpt>
<trkpt lat="53.3801800" lon="-9.3947290">
	<ele>238.00</ele>
	<time>1970-01-01T00:00:00.000Z</time>
</trkpt>
<trkpt lat="53.3800700" lon="-9.3966000">
	<ele>241.70</ele>
	<time>1970-01-01T00:00:00.000Z</time>
</trkpt>
<trkpt lat="53.3796890" lon="-9.3977700">
	<ele>237.60</ele>
	<time>1970-01-01T00:00:00.000Z</time>
</trkpt>
<trkpt lat="53.3795500" lon="-9.3979700">
	<ele>236.10</ele>
	<time>1970-01-01T00:00:00.000Z</time>
</trkpt>
<trkpt lat="53.3793990" lon="-9.3981000">
	<ele>234.60</ele>
	<time>1970-01-01T00:00:00.000Z</time>
</trkpt>
<trkpt lat="53.3792600" lon="-9.3981500">
	<ele>233.50</ele>
	<time>1970-01-01T00:00:00.000Z</time>
</trkpt>
<trkpt lat="53.3790400" lon="-9.3981300">
	<ele>232.60</ele>
	<time>1970-01-01T00:00:00.000Z</time>
</trkpt>
<trkpt lat="53.3785700" lon="-9.3979000">
	<ele>231.20</ele>
	<time>1970-01-01T00:00:00.000Z</time>
</trkpt>
<trkpt lat="53.3781700" lon="-9.3977700">
	<ele>229.70</ele>
	<time>1970-01-01T00:00:00.000Z</time>
</trkpt>
<trkpt lat="53.3779800" lon="-9.3978000">
	<ele>229.20</ele>
	<time>1970-01-01T00:00:00.000Z</time>
</trkpt>
<trkpt lat="53.3774900" lon="-9.3980400">
	<ele>226.50</ele>
	<time>1970-01-01T00:00:00.000Z</time>
</trkpt>
<trkpt lat="53.3773800" lon="-9.3981700">
	<ele>226.30</ele>
	<time>1970-01-01T00:00:00.000Z</time>
</trkpt>
<trkpt lat="53.3773600" lon="-9.3984500">
	<ele>225.30</ele>
	<time>1970-01-01T00:00:00.000Z</time>
</trkpt>
<trkpt lat="53.3774500" lon="-9.3987500">
	<ele>224.30</ele>
	<time>1970-01-01T00:00:00.000Z</time>
</trkpt>
<trkpt lat="53.3776000" lon="-9.3990300">
	<ele>223.00</ele>
	<time>1970-01-01T00:00:00.000Z</time>
</trkpt>
<trkpt lat="53.3783800" lon="-9.4000900">
	<ele>218.50</ele>
	<time>1970-01-01T00:00:00.000Z</time>
</trkpt>
<trkpt lat="53.3785900" lon="-9.4005600">
	<ele>218.20</ele>
	<time>1970-01-01T00:00:00.000Z</time>
</trkpt>
<trkpt lat="53.3787600" lon="-9.4011000">
	<ele>217.20</ele>
	<time>1970-01-01T00:00:00.000Z</time>
</trkpt>
<trkpt lat="53.3790400" lon="-9.4023000">
	<ele>213.00</ele>
	<time>1970-01-01T00:00:00.000Z</time>
</trkpt>
<trkpt lat="53.3791500" lon="-9.4029000">
	<ele>209.70</ele>
	<time>1970-01-01T00:00:00.000Z</time>
</trkpt>
<trkpt lat="53.3791300" lon="-9.4032400">
	<ele>207.96</ele>
	<time>1970-01-01T00:00:00.000Z</time>
</trkpt>
<trkpt lat="53.3790200" lon="-9.4033800">
	<ele>208.10</ele>
	<time>1970-01-01T00:00:00.000Z</time>
</trkpt>
<trkpt lat="53.3789500" lon="-9.4034090">
	<ele>205.80</ele>
	<time>1970-01-01T00:00:00.000Z</time>
</trkpt>
<trkpt lat="53.3780500" lon="-9.4036600">
	<ele>204.60</ele>
	<time>1970-01-01T00:00:00.000Z</time>
</trkpt>
<trkpt lat="53.3777800" lon="-9.4038200">
	<ele>202.80</ele>
	<time>1970-01-01T00:00:00.000Z</time>
</trkpt>
<trkpt lat="53.3775700" lon="-9.4040700">
	<ele>201.60</ele>
	<time>1970-01-01T00:00:00.000Z</time>
</trkpt>
<trkpt lat="53.3771800" lon="-9.4050600">
	<ele>194.20</ele>
	<time>1970-01-01T00:00:00.000Z</time>
</trkpt>
<trkpt lat="53.3771000" lon="-9.4053600">
	<ele>193.50</ele>
	<time>1970-01-01T00:00:00.000Z</time>
</trkpt>
<trkpt lat="53.3770700" lon="-9.4056900">
	<ele>192.40</ele>
	<time>1970-01-01T00:00:00.000Z</time>
</trkpt>
<trkpt lat="53.3771200" lon="-9.4061500">
	<ele>192.30</ele>
	<time>1970-01-01T00:00:00.000Z</time>
</trkpt>
<trkpt lat="53.3770800" lon="-9.4064300">
	<ele>191.70</ele>
	<time>1970-01-01T00:00:00.000Z</time>
</trkpt>
<trkpt lat="53.3765700" lon="-9.4075390">
	<ele>188.20</ele>
	<time>1970-01-01T00:00:00.000Z</time>
</trkpt>
<trkpt lat="53.3761600" lon="-9.4082600">
	<ele>185.70</ele>
	<time>1970-01-01T00:00:00.000Z</time>
</trkpt>
<trkpt lat="53.3738800" lon="-9.4097300">
	<ele>174.90</ele>
	<time>1970-01-01T00:00:00.000Z</time>
</trkpt>
<trkpt lat="53.3711600" lon="-9.4114100">
	<ele>165.80</ele>
	<time>1970-01-01T00:00:00.000Z</time>
</trkpt>
<trkpt lat="53.3697000" lon="-9.4123900">
	<ele>164.50</ele>
	<time>1970-01-01T00:00:00.000Z</time>
</trkpt>
<trkpt lat="53.3694300" lon="-9.4125100">
	<ele>161.70</ele>
	<time>1970-01-01T00:00:00.000Z</time>
</trkpt>
<trkpt lat="53.3692500" lon="-9.4125300">
	<ele>160.60</ele>
	<time>1970-01-01T00:00:00.000Z</time>
</trkpt>
<trkpt lat="53.3688900" lon="-9.4124500">
	<ele>160.40</ele>
	<time>1970-01-01T00:00:00.000Z</time>
</trkpt>
<trkpt lat="53.3681500" lon="-9.4121200">
	<ele>160.70</ele>
	<time>1970-01-01T00:00:00.000Z</time>
</trkpt>
<trkpt lat="53.3678700" lon="-9.4121400">
	<ele>161.30</ele>
	<time>1970-01-01T00:00:00.000Z</time>
</trkpt>
<trkpt lat="53.3670000" lon="-9.4125000">
	<ele>165.40</ele>
	<time>1970-01-01T00:00:00.000Z</time>
</trkpt>
<trkpt lat="53.3665800" lon="-9.4127600">
	<ele>168.30</ele>
	<time>1970-01-01T00:00:00.000Z</time>
</trkpt>
<trkpt lat="53.3651300" lon="-9.4138100">
	<ele>177.10</ele>
	<time>1970-01-01T00:00:00.000Z</time>
</trkpt>
<trkpt lat="53.3649000" lon="-9.4141300">
	<ele>177.70</ele>
	<time>1970-01-01T00:00:00.000Z</time>
</trkpt>
<trkpt lat="53.3641600" lon="-9.4155700">
	<ele>182.00</ele>
	<time>1970-01-01T00:00:00.000Z</time>
</trkpt>
<trkpt lat="53.3639800" lon="-9.4160200">
	<ele>182.40</ele>
	<time>1970-01-01T00:00:00.000Z</time>
</trkpt>
<trkpt lat="53.3637500" lon="-9.4168200">
	<ele>183.70</ele>
	<time>1970-01-01T00:00:00.000Z</time>
</trkpt>
<trkpt lat="53.3630900" lon="-9.4185500">
	<ele>177.50</ele>
	<time>1970-01-01T00:00:00.000Z</time>
</trkpt>
<trkpt lat="53.3622500" lon="-9.4201500">
	<ele>169.90</ele>
	<time>1970-01-01T00:00:00.000Z</time>
</trkpt>
<trkpt lat="53.3619600" lon="-9.4206100">
	<ele>168.60</ele>
	<time>1970-01-01T00:00:00.000Z</time>
</trkpt>
<trkpt lat="53.3614900" lon="-9.4211900">
	<ele>165.20</ele>
	<time>1970-01-01T00:00:00.000Z</time>
</trkpt>
<trkpt lat="53.3611900" lon="-9.4213900">
	<ele>163.40</ele>
	<time>1970-01-01T00:00:00.000Z</time>
</trkpt>
<trkpt lat="53.3609900" lon="-9.4215690">
	<ele>163.90</ele>
	<time>1970-01-01T00:00:00.000Z</time>
</trkpt>
<trkpt lat="53.3608300" lon="-9.4217800">
	<ele>164.00</ele>
	<time>1970-01-01T00:00:00.000Z</time>
</trkpt>
<trkpt lat="53.3601500" lon="-9.4230600">
	<ele>157.90</ele>
	<time>1970-01-01T00:00:00.000Z</time>
</trkpt>
<trkpt lat="53.3596500" lon="-9.4242000">
	<ele>153.20</ele>
	<time>1970-01-01T00:00:00.000Z</time>
</trkpt>
<trkpt lat="53.3592600" lon="-9.4251900">
	<ele>151.40</ele>
	<time>1970-01-01T00:00:00.000Z</time>
</trkpt>
<trkpt lat="53.3590800" lon="-9.4255000">
	<ele>150.70</ele>
	<time>1970-01-01T00:00:00.000Z</time>
</trkpt>
<trkpt lat="53.3582200" lon="-9.4262500">
	<ele>146.30</ele>
	<time>1970-01-01T00:00:00.000Z</time>
</trkpt>
<trkpt lat="53.3580200" lon="-9.4264800">
	<ele>146.00</ele>
	<time>1970-01-01T00:00:00.000Z</time>
</trkpt>
<trkpt lat="53.3573400" lon="-9.4274700">
	<ele>145.30</ele>
	<time>1970-01-01T00:00:00.000Z</time>
</trkpt>
<trkpt lat="53.3567500" lon="-9.4282100">
	<ele>144.90</ele>
	<time>1970-01-01T00:00:00.000Z</time>
</trkpt>
<trkpt lat="53.3563700" lon="-9.4288390">
	<ele>145.90</ele>
	<time>1970-01-01T00:00:00.000Z</time>
</trkpt>
<trkpt lat="53.3559700" lon="-9.4292200">
	<ele>143.70</ele>
	<time>1970-01-01T00:00:00.000Z</time>
</trkpt>
<trkpt lat="53.3557100" lon="-9.4293600">
	<ele>142.70</ele>
	<time>1970-01-01T00:00:00.000Z</time>
</trkpt>
<trkpt lat="53.3547900" lon="-9.4294490">
	<ele>136.20</ele>
	<time>1970-01-01T00:00:00.000Z</time>
</trkpt>
<trkpt lat="53.3544000" lon="-9.4293600">
	<ele>135.10</ele>
	<time>1970-01-01T00:00:00.000Z</time>
</trkpt>
<trkpt lat="53.3538400" lon="-9.4291100">
	<ele>133.50</ele>
	<time>1970-01-01T00:00:00.000Z</time>
</trkpt>
<trkpt lat="53.3534600" lon="-9.4291100">
	<ele>132.60</ele>
	<time>1970-01-01T00:00:00.000Z</time>
</trkpt>
<trkpt lat="53.3526300" lon="-9.4294800">
	<ele>129.10</ele>
	<time>1970-01-01T00:00:00.000Z</time>
</trkpt>
<trkpt lat="53.3523600" lon="-9.4297500">
	<ele>127.70</ele>
	<time>1970-01-01T00:00:00.000Z</time>
</trkpt>
<trkpt lat="53.3521300" lon="-9.4300700">
	<ele>126.30</ele>
	<time>1970-01-01T00:00:00.000Z</time>
</trkpt>
<trkpt lat="53.3518600" lon="-9.4305000">
	<ele>124.90</ele>
	<time>1970-01-01T00:00:00.000Z</time>
</trkpt>
<trkpt lat="53.3507200" lon="-9.4328400">
	<ele>116.60</ele>
	<time>1970-01-01T00:00:00.000Z</time>
</trkpt>
<trkpt lat="53.3501700" lon="-9.4335900">
	<ele>110.20</ele>
	<time>1970-01-01T00:00:00.000Z</time>
</trkpt>
<trkpt lat="53.3499800" lon="-9.4339090">
	<ele>108.10</ele>
	<time>1970-01-01T00:00:00.000Z</time>
</trkpt>
<trkpt lat="53.3496600" lon="-9.4346500">
	<ele>104.80</ele>
	<time>1970-01-01T00:00:00.000Z</time>
</trkpt>
<trkpt lat="53.3493000" lon="-9.4352300">
	<ele>101.50</ele>
	<time>1970-01-01T00:00:00.000Z</time>
</trkpt>
<trkpt lat="53.3489600" lon="-9.4360400">
	<ele>98.20</ele>
	<time>1970-01-01T00:00:00.000Z</time>
</trkpt>
<trkpt lat="53.3489600" lon="-9.4364100">
	<ele>97.10</ele>
	<time>1970-01-01T00:00:00.000Z</time>
</trkpt>
<trkpt lat="53.3491300" lon="-9.4372500">
	<ele>93.80</ele>
	<time>1970-01-01T00:00:00.000Z</time>
</trkpt>
<trkpt lat="53.3491300" lon="-9.4375900">
	<ele>92.80</ele>
	<time>1970-01-01T00:00:00.000Z</time>
</trkpt>
<trkpt lat="53.3491000" lon="-9.4378600">
	<ele>91.90</ele>
	<time>1970-01-01T00:00:00.000Z</time>
</trkpt>
<trkpt lat="53.3489000" lon="-9.4388300">
	<ele>89.90</ele>
	<time>1970-01-01T00:00:00.000Z</time>
</trkpt>
<trkpt lat="53.3486700" lon="-9.4393800">
	<ele>89.30</ele>
	<time>1970-01-01T00:00:00.000Z</time>
</trkpt>
<trkpt lat="53.3484700" lon="-9.4397400">
	<ele>89.00</ele>
	<time>1970-01-01T00:00:00.000Z</time>
</trkpt>
<trkpt lat="53.3476400" lon="-9.4410100">
	<ele>88.80</ele>
	<time>1970-01-01T00:00:00.000Z</time>
</trkpt>
<trkpt lat="53.3471600" lon="-9.4418900">
	<ele>87.90</ele>
	<time>1970-01-01T00:00:00.000Z</time>
</trkpt>
<trkpt lat="53.3470400" lon="-9.4420200">
	<ele>86.90</ele>
	<time>1970-01-01T00:00:00.000Z</time>
</trkpt>
<trkpt lat="53.3466700" lon="-9.4422800">
	<ele>86.30</ele>
	<time>1970-01-01T00:00:00.000Z</time>
</trkpt>
<trkpt lat="53.3462200" lon="-9.4430090">
	<ele>84.80</ele>
	<time>1970-01-01T00:00:00.000Z</time>
</trkpt>
<trkpt lat="53.3459000" lon="-9.4434000">
	<ele>82.60</ele>
	<time>1970-01-01T00:00:00.000Z</time>
</trkpt>
<trkpt lat="53.3456700" lon="-9.4435200">
	<ele>82.00</ele>
	<time>1970-01-01T00:00:00.000Z</time>
</trkpt>
<trkpt lat="53.3447900" lon="-9.4437400">
	<ele>80.30</ele>
	<time>1970-01-01T00:00:00.000Z</time>
</trkpt>
<trkpt lat="53.3442200" lon="-9.4439900">
	<ele>79.30</ele>
	<time>1970-01-01T00:00:00.000Z</time>
</trkpt>
<trkpt lat="53.3436000" lon="-9.4441800">
	<ele>77.40</ele>
	<time>1970-01-01T00:00:00.000Z</time>
</trkpt>
<trkpt lat="53.3430500" lon="-9.4445000">
	<ele>76.20</ele>
	<time>1970-01-01T00:00:00.000Z</time>
</trkpt>
<trkpt lat="53.3428600" lon="-9.4446990">
	<ele>75.50</ele>
	<time>1970-01-01T00:00:00.000Z</time>
</trkpt>
<trkpt lat="53.3422800" lon="-9.4454900">
	<ele>73.20</ele>
	<time>1970-01-01T00:00:00.000Z</time>
</trkpt>
<trkpt lat="53.3413500" lon="-9.4466400">
	<ele>72.20</ele>
	<time>1970-01-01T00:00:00.000Z</time>
</trkpt>
<trkpt lat="53.3409100" lon="-9.4470600">
	<ele>72.00</ele>
	<time>1970-01-01T00:00:00.000Z</time>
</trkpt>
<trkpt lat="53.3405000" lon="-9.4475800">
	<ele>70.80</ele>
	<time>1970-01-01T00:00:00.000Z</time>
</trkpt>
<trkpt lat="53.3393400" lon="-9.4486700">
	<ele>67.00</ele>
	<time>1970-01-01T00:00:00.000Z</time>
</trkpt>
<trkpt lat="53.3386000" lon="-9.4495790">
	<ele>62.50</ele>
	<time>1970-01-01T00:00:00.000Z</time>
</trkpt>
<trkpt lat="53.3381600" lon="-9.4498400">
	<ele>62.20</ele>
	<time>1970-01-01T00:00:00.000Z</time>
</trkpt>
<trkpt lat="53.3376600" lon="-9.4502100">
	<ele>62.00</ele>
	<time>1970-01-01T00:00:00.000Z</time>
</trkpt>
<trkpt lat="53.3356700" lon="-9.4520300">
	<ele>68.01</ele>
	<time>1970-01-01T00:00:00.000Z</time>
</trkpt>
<trkpt lat="53.3334800" lon="-9.4532100">
	<ele>71.30</ele>
	<time>1970-01-01T00:00:00.000Z</time>
</trkpt>
<trkpt lat="53.3332600" lon="-9.4534300">
	<ele>72.40</ele>
	<time>1970-01-01T00:00:00.000Z</time>
</trkpt>
<trkpt lat="53.3324500" lon="-9.4545800">
	<ele>74.10</ele>
	<time>1970-01-01T00:00:00.000Z</time>
</trkpt>
<trkpt lat="53.3322600" lon="-9.4547700">
	<ele>74.40</ele>
	<time>1970-01-01T00:00:00.000Z</time>
</trkpt>
<trkpt lat="53.3320700" lon="-9.4548600">
	<ele>75.20</ele>
	<time>1970-01-01T00:00:00.000Z</time>
</trkpt>
<trkpt lat="53.3304100" lon="-9.4552200">
	<ele>82.50</ele>
	<time>1970-01-01T00:00:00.000Z</time>
</trkpt>
<trkpt lat="53.3299800" lon="-9.4552700">
	<ele>82.70</ele>
	<time>1970-01-01T00:00:00.000Z</time>
</trkpt>
<trkpt lat="53.3269900" lon="-9.4546600">
	<ele>87.10</ele>
	<time>1970-01-01T00:00:00.000Z</time>
</trkpt>
<trkpt lat="53.3265600" lon="-9.4546400">
	<ele>88.40</ele>
	<time>1970-01-01T00:00:00.000Z</time>
</trkpt>
<trkpt lat="53.3246500" lon="-9.4549600">
	<ele>92.20</ele>
	<time>1970-01-01T00:00:00.000Z</time>
</trkpt>
<trkpt lat="53.3239600" lon="-9.4551600">
	<ele>93.60</ele>
	<time>1970-01-01T00:00:00.000Z</time>
</trkpt>
<trkpt lat="53.3222100" lon="-9.4559400">
	<ele>94.60</ele>
	<time>1970-01-01T00:00:00.000Z</time>
</trkpt>
<trkpt lat="53.3218000" lon="-9.4561900">
	<ele>93.90</ele>
	<time>1970-01-01T00:00:00.000Z</time>
</trkpt>
<trkpt lat="53.3212700" lon="-9.4566190">
	<ele>93.30</ele>
	<time>1970-01-01T00:00:00.000Z</time>
</trkpt>
<trkpt lat="53.3193900" lon="-9.4586600">
	<ele>92.30</ele>
	<time>1970-01-01T00:00:00.000Z</time>
</trkpt>
<trkpt lat="53.3183300" lon="-9.4596500">
	<ele>91.10</ele>
	<time>1970-01-01T00:00:00.000Z</time>
</trkpt>
<trkpt lat="53.3178390" lon="-9.4600200">
	<ele>90.60</ele>
	<time>1970-01-01T00:00:00.000Z</time>
</trkpt>
<trkpt lat="53.3172500" lon="-9.4603000">
	<ele>90.60</ele>
	<time>1970-01-01T00:00:00.000Z</time>
</trkpt>
<trkpt lat="53.3168300" lon="-9.4602900">
	<ele>90.80</ele>
	<time>1970-01-01T00:00:00.000Z</time>
</trkpt>
<trkpt lat="53.3148700" lon="-9.4594400">
	<ele>88.50</ele>
	<time>1970-01-01T00:00:00.000Z</time>
</trkpt>
<trkpt lat="53.3120700" lon="-9.4584900">
	<ele>87.70</ele>
	<time>1970-01-01T00:00:00.000Z</time>
</trkpt>
<trkpt lat="53.3115400" lon="-9.4583500">
	<ele>87.70</ele>
	<time>1970-01-01T00:00:00.000Z</time>
</trkpt>
<trkpt lat="53.3112400" lon="-9.4583700">
	<ele>88.40</ele>
	<time>1970-01-01T00:00:00.000Z</time>
</trkpt>
<trkpt lat="53.3109500" lon="-9.4584900">
	<ele>89.40</ele>
	<time>1970-01-01T00:00:00.000Z</time>
</trkpt>
<trkpt lat="53.3097400" lon="-9.4592100">
	<ele>88.90</ele>
	<time>1970-01-01T00:00:00.000Z</time>
</trkpt>
<trkpt lat="53.3094700" lon="-9.4594900">
	<ele>87.32</ele>
	<time>1970-01-01T00:00:00.000Z</time>
</trkpt>
<trkpt lat="53.3082500" lon="-9.4619000">
	<ele>84.60</ele>
	<time>1970-01-01T00:00:00.000Z</time>
</trkpt>
<trkpt lat="53.3074900" lon="-9.4633000">
	<ele>79.20</ele>
	<time>1970-01-01T00:00:00.000Z</time>
</trkpt>
<trkpt lat="53.3073000" lon="-9.4635700">
	<ele>78.30</ele>
	<time>1970-01-01T00:00:00.000Z</time>
</trkpt>
<trkpt lat="53.3070200" lon="-9.4638700">
	<ele>77.20</ele>
	<time>1970-01-01T00:00:00.000Z</time>
</trkpt>
<trkpt lat="53.3061900" lon="-9.4644990">
	<ele>73.70</ele>
	<time>1970-01-01T00:00:00.000Z</time>
</trkpt>
<trkpt lat="53.3059000" lon="-9.4648290">
	<ele>72.10</ele>
	<time>1970-01-01T00:00:00.000Z</time>
</trkpt>
<trkpt lat="53.3049400" lon="-9.4663290">
	<ele>65.40</ele>
	<time>1970-01-01T00:00:00.000Z</time>
</trkpt>
<trkpt lat="53.3048200" lon="-9.4666000">
	<ele>62.90</ele>
	<time>1970-01-01T00:38:24.076Z</time>
</trkpt>
<trkpt lat="53.3046990" lon="-9.4672800">
	<ele>59.00</ele>
	<time>1970-01-01T00:38:24.076Z</time>
</trkpt>
<trkpt lat="53.3047400" lon="-9.4684890">
	<ele>56.60</ele>
	<time>1970-01-01T00:38:24.076Z</time>
</trkpt>
<trkpt lat="53.3050400" lon="-9.4708600">
	<ele>56.80</ele>
	<time>1970-01-01T00:38:24.076Z</time>
</trkpt>
<trkpt lat="53.3054500" lon="-9.4725000">
	<ele>50.10</ele>
	<time>1970-01-01T00:38:24.076Z</time>
</trkpt>
<trkpt lat="53.3055200" lon="-9.4732600">
	<ele>47.60</ele>
	<time>1970-01-01T00:38:24.076Z</time>
</trkpt>
<trkpt lat="53.3055700" lon="-9.4745500">
	<ele>43.80</ele>
	<time>1970-01-01T00:38:24.076Z</time>
</trkpt>
<trkpt lat="53.3056300" lon="-9.4751200">
	<ele>41.20</ele>
	<time>1970-01-01T00:38:24.076Z</time>
</trkpt>
<trkpt lat="53.3056390" lon="-9.4757800">
	<ele>40.20</ele>
	<time>1970-01-01T00:38:24.076Z</time>
</trkpt>
<trkpt lat="53.3054300" lon="-9.4767300">
	<ele>40.90</ele>
	<time>1970-01-01T00:38:24.076Z</time>
</trkpt>
<trkpt lat="53.3056800" lon="-9.4775300">
	<ele>42.00</ele>
	<time>1970-01-01T00:38:24.076Z</time>
</trkpt>
<trkpt lat="53.3058500" lon="-9.4779500">
	<ele>41.50</ele>
	<time>1970-01-01T00:38:24.076Z</time>
</trkpt>
<trkpt lat="53.3062100" lon="-9.4786100">
	<ele>39.00</ele>
	<time>1970-01-01T00:38:24.076Z</time>
</trkpt>
<trkpt lat="53.3065300" lon="-9.4793290">
	<ele>38.90</ele>
	<time>1970-01-01T00:38:24.076Z</time>
</trkpt>
<trkpt lat="53.3067700" lon="-9.4801800">
	<ele>40.40</ele>
	<time>1970-01-01T00:38:24.076Z</time>
</trkpt>
<trkpt lat="53.3071300" lon="-9.4815790">
	<ele>38.00</ele>
	<time>1970-01-01T00:38:24.076Z</time>
</trkpt>
<trkpt lat="53.3074600" lon="-9.4831600">
	<ele>35.30</ele>
	<time>1970-01-01T00:38:24.076Z</time>
</trkpt>
<trkpt lat="53.3078600" lon="-9.4855000">
	<ele>40.80</ele>
	<time>1970-01-01T00:38:24.076Z</time>
</trkpt>
<trkpt lat="53.3079400" lon="-9.4861300">
	<ele>39.20</ele>
	<time>1970-01-01T00:38:24.076Z</time>
</trkpt>
<trkpt lat="53.3079800" lon="-9.4866900">
	<ele>39.10</ele>
	<time>1970-01-01T00:38:24.076Z</time>
</trkpt>
<trkpt lat="53.3080100" lon="-9.4879400">
	<ele>40.10</ele>
	<time>1970-01-01T00:38:24.076Z</time>
</trkpt>
<trkpt lat="53.3079100" lon="-9.4918000">
	<ele>38.50</ele>
	<time>1970-01-01T00:38:24.076Z</time>
</trkpt>
<trkpt lat="53.3077800" lon="-9.4923900">
	<ele>39.80</ele>
	<time>1970-01-01T00:38:24.076Z</time>
</trkpt>
<trkpt lat="53.3072100" lon="-9.4943500">
	<ele>40.09</ele>
	<time>1970-01-01T00:38:24.076Z</time>
</trkpt>
<trkpt lat="53.3071390" lon="-9.4944900">
	<ele>41.00</ele>
	<time>1970-01-01T00:38:24.076Z</time>
</trkpt>
<trkpt lat="53.3069200" lon="-9.4947300">
	<ele>40.80</ele>
	<time>1970-01-01T00:38:24.076Z</time>
</trkpt>
<trkpt lat="53.3065000" lon="-9.4950200">
	<ele>40.00</ele>
	<time>1970-01-01T00:38:24.076Z</time>
</trkpt>
<trkpt lat="53.3058500" lon="-9.4953600">
	<ele>38.80</ele>
	<time>1970-01-01T00:38:24.076Z</time>
</trkpt>
<trkpt lat="53.3052300" lon="-9.4955700">
	<ele>40.10</ele>
	<time>1970-01-01T00:38:24.076Z</time>
</trkpt>
<trkpt lat="53.3048700" lon="-9.4955500">
	<ele>40.10</ele>
	<time>1970-01-01T00:38:24.076Z</time>
</trkpt>
<trkpt lat="53.3046300" lon="-9.4954900">
	<ele>40.30</ele>
	<time>1970-01-01T00:38:24.076Z</time>
</trkpt>
<trkpt lat="53.3012100" lon="-9.4938300">
	<ele>40.50</ele>
	<time>1970-01-01T00:38:24.076Z</time>
</trkpt>
<trkpt lat="53.2998400" lon="-9.4933590">
	<ele>43.00</ele>
	<time>1970-01-01T00:38:24.076Z</time>
</trkpt>
<trkpt lat="53.2992300" lon="-9.4932100">
	<ele>45.80</ele>
	<time>1970-01-01T00:38:24.076Z</time>
</trkpt>
<trkpt lat="53.2988600" lon="-9.4932000">
	<ele>50.00</ele>
	<time>1970-01-01T00:38:24.076Z</time>
</trkpt>
<trkpt lat="53.2982700" lon="-9.4934100">
	<ele>54.50</ele>
	<time>1970-01-01T00:38:24.076Z</time>
</trkpt>
<trkpt lat="53.2979300" lon="-9.4936600">
	<ele>57.50</ele>
	<time>1970-01-01T00:38:24.076Z</time>
</trkpt>
<trkpt lat="53.2977500" lon="-9.4939100">
	<ele>59.20</ele>
	<time>1970-01-01T00:38:24.076Z</time>
</trkpt>
<trkpt lat="53.2975600" lon="-9.4943890">
	<ele>61.30</ele>
	<time>1970-01-01T00:38:24.076Z</time>
</trkpt>
<trkpt lat="53.2971500" lon="-9.4955500">
	<ele>63.30</ele>
	<time>1970-01-01T00:38:24.076Z</time>
</trkpt>
<trkpt lat="53.2967000" lon="-9.4970000">
	<ele>67.50</ele>
	<time>1970-01-01T00:38:24.076Z</time>
</trkpt>
<trkpt lat="53.2966700" lon="-9.4971900">
	<ele>67.60</ele>
	<time>1970-01-01T00:38:24.076Z</time>
</trkpt>
<trkpt lat="53.2966800" lon="-9.4974100">
	<ele>67.60</ele>
	<time>1970-01-01T00:38:24.076Z</time>
</trkpt>
<trkpt lat="53.2967290" lon="-9.4975300">
	<ele>67.00</ele>
	<time>1970-01-01T00:38:24.076Z</time>
</trkpt>
<trkpt lat="53.2970900" lon="-9.4979500">
	<ele>66.30</ele>
	<time>1970-01-01T00:38:24.076Z</time>
</trkpt>
<trkpt lat="53.2972100" lon="-9.4981800">
	<ele>66.10</ele>
	<time>1970-01-01T00:38:24.076Z</time>
</trkpt>
<trkpt lat="53.2974400" lon="-9.4988300">
	<ele>66.50</ele>
	<time>1970-01-01T00:38:24.076Z</time>
</trkpt>
<trkpt lat="53.2975100" lon="-9.4994590">
	<ele>68.80</ele>
	<time>1970-01-01T00:38:24.076Z</time>
</trkpt>
<trkpt lat="53.2975000" lon="-9.4996900">
	<ele>68.80</ele>
	<time>1970-01-01T00:38:24.076Z</time>
</trkpt>
<trkpt lat="53.2973900" lon="-9.5000900">
	<ele>70.20</ele>
	<time>1970-01-01T00:38:24.076Z</time>
</trkpt>
<trkpt lat="53.2972800" lon="-9.5003100">
	<ele>71.20</ele>
	<time>1970-01-01T00:38:24.076Z</time>
</trkpt>
<trkpt lat="53.2967200" lon="-9.5011200">
	<ele>73.50</ele>
	<time>1970-01-01T00:38:24.076Z</time>
</trkpt>
<trkpt lat="53.2937400" lon="-9.5052100">
	<ele>60.90</ele>
	<time>1970-01-01T00:38:24.076Z</time>
</trkpt>
<trkpt lat="53.2926600" lon="-9.5068100">
	<ele>53.70</ele>
	<time>1970-01-01T00:38:24.076Z</time>
</trkpt>
<trkpt lat="53.2916600" lon="-9.5084300">
	<ele>46.00</ele>
	<time>1970-01-01T00:38:24.076Z</time>
</trkpt>
<trkpt lat="53.2906190" lon="-9.5096000">
	<ele>42.60</ele>
	<time>1970-01-01T00:38:24.076Z</time>
</trkpt>
<trkpt lat="53.2899100" lon="-9.5106600">
	<ele>41.00</ele>
	<time>1970-01-01T00:38:24.076Z</time>
</trkpt>
<trkpt lat="53.2895300" lon="-9.5113600">
	<ele>37.00</ele>
	<time>1970-01-01T00:38:24.076Z</time>
</trkpt>
<trkpt lat="53.2890700" lon="-9.5126700">
	<ele>32.20</ele>
	<time>1970-01-01T00:38:24.076Z</time>
</trkpt>
<trkpt lat="53.2885200" lon="-9.5152300">
	<ele>26.90</ele>
	<time>1970-01-01T00:38:24.076Z</time>
</trkpt>
<trkpt lat="53.2881600" lon="-9.5167400">
	<ele>26.50</ele>
	<time>1970-01-01T00:38:24.076Z</time>
</trkpt>
<trkpt lat="53.2875900" lon="-9.5185400">
	<ele>25.80</ele>
	<time>1970-01-01T00:38:24.076Z</time>
</trkpt>
<trkpt lat="53.2872800" lon="-9.5197500">
	<ele>23.80</ele>
	<time>1970-01-01T00:38:24.076Z</time>
</trkpt>
<trkpt lat="53.2869100" lon="-9.5210000">
	<ele>24.90</ele>
	<time>1970-01-01T00:38:24.076Z</time>
</trkpt>
<trkpt lat="53.2865200" lon="-9.5220000">
	<ele>24.40</ele>
	<time>1970-01-01T00:38:24.076Z</time>
</trkpt>
<trkpt lat="53.2855300" lon="-9.5238090">
	<ele>27.20</ele>
	<time>1970-01-01T00:38:24.076Z</time>
</trkpt>
<trkpt lat="53.2849000" lon="-9.5251200">
	<ele>24.40</ele>
	<time>1970-01-01T00:38:24.076Z</time>
</trkpt>
<trkpt lat="53.2844390" lon="-9.5257790">
	<ele>21.20</ele>
	<time>1970-01-01T00:38:24.076Z</time>
</trkpt>
<trkpt lat="53.2841900" lon="-9.5260600">
	<ele>19.70</ele>
	<time>1970-01-01T00:38:24.076Z</time>
</trkpt>
<trkpt lat="53.2839300" lon="-9.5262400">
	<ele>19.20</ele>
	<time>1970-01-01T00:38:24.076Z</time>
</trkpt>
<trkpt lat="53.2836400" lon="-9.5263100">
	<ele>16.90</ele>
	<time>1970-01-01T00:38:24.076Z</time>
</trkpt>
<trkpt lat="53.2825590" lon="-9.5263200">
	<ele>15.70</ele>
	<time>1970-01-01T00:38:24.076Z</time>
</trkpt>
<trkpt lat="53.2821000" lon="-9.5263890">
	<ele>16.10</ele>
	<time>1970-01-01T00:38:24.076Z</time>
</trkpt>
<trkpt lat="53.2810200" lon="-9.5268700">
	<ele>12.40</ele>
	<time>1970-01-01T00:38:24.076Z</time>
</trkpt>
<trkpt lat="53.2805500" lon="-9.5271600">
	<ele>10.40</ele>
	<time>1970-01-01T00:38:24.076Z</time>
</trkpt>
<trkpt lat="53.2793900" lon="-9.5283000">
	<ele>4.40</ele>
	<time>1970-01-01T00:38:24.076Z</time>
</trkpt>
<trkpt lat="53.2773200" lon="-9.5308300">
	<ele>2.32</ele>
	<time>1970-01-01T00:38:24.076Z</time>
</trkpt>
<trkpt lat="53.2773705" lon="-9.5308847">
	<ele>2.16</ele>
	<time>1970-01-01T00:38:25.172Z</time>
</trkpt>
<trkpt lat="53.2778091" lon="-9.5315628">
	<ele>-0.30</ele>
	<time>1970-01-01T00:38:34.091Z</time>
</trkpt>
<trkpt lat="53.2781715" lon="-9.5321636">
	<ele>-0.56</ele>
	<time>1970-01-01T00:38:42.097Z</time>
</trkpt>
<trkpt lat="53.2787094" lon="-9.5330400">
	<ele>1.16</ele>
	<time>1970-01-01T00:38:58.270Z</time>
</trkpt>
<trkpt lat="53.2788544" lon="-9.5332870">
	<ele>1.71</ele>
	<time>1970-01-01T00:39:02.995Z</time>
</trkpt>
<trkpt lat="53.2790413" lon="-9.5336447">
	<ele>2.59</ele>
	<time>1970-01-01T00:39:10.497Z</time>
</trkpt>
<trkpt lat="53.2791481" lon="-9.5338316">
	<ele>3.23</ele>
	<time>1970-01-01T00:39:14.978Z</time>
</trkpt>
<trkpt lat="53.2793541" lon="-9.5343151">
	<ele>4.52</ele>
	<time>1970-01-01T00:39:26.776Z</time>
</trkpt>
<trkpt lat="53.2793999" lon="-9.5344324">
	<ele>4.67</ele>
	<time>1970-01-01T00:39:29.285Z</time>
</trkpt>
<trkpt lat="53.2794724" lon="-9.5346174">
	<ele>4.83</ele>
	<time>1970-01-01T00:39:33.494Z</time>
</trkpt>
<trkpt lat="53.2795181" lon="-9.5347443">
	<ele>4.95</ele>
	<time>1970-01-01T00:39:36.141Z</time>
</trkpt>
<trkpt lat="53.2798347" lon="-9.5357656">
	<ele>8.24</ele>
	<time>1970-01-01T00:39:50.485Z</time>
</trkpt>
<trkpt lat="53.2800255" lon="-9.5364227">
	<ele>8.12</ele>
	<time>1970-01-01T00:40:01.324Z</time>
</trkpt>
<trkpt lat="53.2802391" lon="-9.5370340">
	<ele>7.41</ele>
	<time>1970-01-01T00:40:15.035Z</time>
</trkpt>
<trkpt lat="53.2805672" lon="-9.5377932">
	<ele>6.28</ele>
	<time>1970-01-01T00:40:26.889Z</time>
</trkpt>
<trkpt lat="53.2808533" lon="-9.5383253">
	<ele>6.04</ele>
	<time>1970-01-01T00:40:37.043Z</time>
</trkpt>
<trkpt lat="53.2811050" lon="-9.5387354">
	<ele>6.40</ele>
	<time>1970-01-01T00:40:43.791Z</time>
</trkpt>
<trkpt lat="53.2812347" lon="-9.5389214">
	<ele>6.50</ele>
	<time>1970-01-01T00:40:46.854Z</time>
</trkpt>
<trkpt lat="53.2814064" lon="-9.5391407">
	<ele>6.54</ele>
	<time>1970-01-01T00:40:50.750Z</time>
</trkpt>
<trkpt lat="53.2816544" lon="-9.5394363">
	<ele>6.45</ele>
	<time>1970-01-01T00:40:56.640Z</time>
</trkpt>
<trkpt lat="53.2828865" lon="-9.5407906">
	<ele>2.06</ele>
	<time>1970-01-01T00:41:21.061Z</time>
</trkpt>
<trkpt lat="53.2836151" lon="-9.5415926">
	<ele>1.10</ele>
	<time>1970-01-01T00:41:36.139Z</time>
</trkpt>
<trkpt lat="53.2838974" lon="-9.5419159">
	<ele>2.37</ele>
	<time>1970-01-01T00:41:40.176Z</time>
</trkpt>
<trkpt lat="53.2842484" lon="-9.5422726">
	<ele>2.81</ele>
	<time>1970-01-01T00:41:46.268Z</time>
</trkpt>
<trkpt lat="53.2844543" lon="-9.5425358">
	<ele>2.53</ele>
	<time>1970-01-01T00:41:50.384Z</time>
</trkpt>
<trkpt lat="53.2847443" lon="-9.5428953">
	<ele>2.57</ele>
	<time>1970-01-01T00:41:56.650Z</time>
</trkpt>
<trkpt lat="53.2850876" lon="-9.5433798">
	<ele>3.25</ele>
	<time>1970-01-01T00:42:05.574Z</time>
</trkpt>
<trkpt lat="53.2852173" lon="-9.5435781">
	<ele>3.48</ele>
	<time>1970-01-01T00:42:09.072Z</time>
</trkpt>
<trkpt lat="53.2854118" lon="-9.5439053">
	<ele>4.07</ele>
	<time>1970-01-01T00:42:15.128Z</time>
</trkpt>
<trkpt lat="53.2856064" lon="-9.5442333">
	<ele>4.76</ele>
	<time>1970-01-01T00:42:21.298Z</time>
</trkpt>
<trkpt lat="53.2859917" lon="-9.5450249">
	<ele>4.88</ele>
	<time>1970-01-01T00:42:36.842Z</time>
</trkpt>
<trkpt lat="53.2866287" lon="-9.5463228">
	<ele>4.56</ele>
	<time>1970-01-01T00:42:58.155Z</time>
</trkpt>
<trkpt lat="53.2867012" lon="-9.5464897">
	<ele>4.05</ele>
	<time>1970-01-01T00:43:00.496Z</time>
</trkpt>
<trkpt lat="53.2870369" lon="-9.5470848">
	<ele>4.92</ele>
	<time>1970-01-01T00:43:11.111Z</time>
</trkpt>
<trkpt lat="53.2872925" lon="-9.5475111">
	<ele>4.38</ele>
	<time>1970-01-01T00:43:17.704Z</time>
</trkpt>
<trkpt lat="53.2875175" lon="-9.5479097">
	<ele>3.12</ele>
	<time>1970-01-01T00:43:22.523Z</time>
</trkpt>
<trkpt lat="53.2875938" lon="-9.5480719">
	<ele>2.73</ele>
	<time>1970-01-01T00:43:24.287Z</time>
</trkpt>
<trkpt lat="53.2876854" lon="-9.5483112">
	<ele>2.39</ele>
	<time>1970-01-01T00:43:26.441Z</time>
</trkpt>
<trkpt lat="53.2877464" lon="-9.5485144">
	<ele>2.46</ele>
	<time>1970-01-01T00:43:28.322Z</time>
</trkpt>
<trkpt lat="53.2877960" lon="-9.5487261">
	<ele>2.92</ele>
	<time>1970-01-01T00:43:30.381Z</time>
</trkpt>
<trkpt lat="53.2878609" lon="-9.5489969">
	<ele>3.68</ele>
	<time>1970-01-01T00:43:33.395Z</time>
</trkpt>
<trkpt lat="53.2879181" lon="-9.5494261">
	<ele>4.13</ele>
	<time>1970-01-01T00:43:38.327Z</time>
</trkpt>
<trkpt lat="53.2879486" lon="-9.5501270">
	<ele>4.11</ele>
	<time>1970-01-01T00:43:45.859Z</time>
</trkpt>
<trkpt lat="53.2879601" lon="-9.5503893">
	<ele>4.29</ele>
	<time>1970-01-01T00:43:48.608Z</time>
</trkpt>
<trkpt lat="53.2879791" lon="-9.5508823">
	<ele>4.29</ele>
	<time>1970-01-01T00:43:53.222Z</time>
</trkpt>
<trkpt lat="53.2879982" lon="-9.5510969">
	<ele>3.97</ele>
	<time>1970-01-01T00:43:55.397Z</time>
</trkpt>
<trkpt lat="53.2880478" lon="-9.5515928">
	<ele>2.85</ele>
	<time>1970-01-01T00:43:59.976Z</time>
</trkpt>
<trkpt lat="53.2880554" lon="-9.5516920">
	<ele>2.66</ele>
	<time>1970-01-01T00:44:00.955Z</time>
</trkpt>
<trkpt lat="53.2881775" lon="-9.5523691">
	<ele>1.78</ele>
	<time>1970-01-01T00:44:06.894Z</time>
</trkpt>
<trkpt lat="53.2882576" lon="-9.5526886">
	<ele>1.77</ele>
	<time>1970-01-01T00:44:10.035Z</time>
</trkpt>
<trkpt lat="53.2883377" lon="-9.5529299">
	<ele>1.88</ele>
	<time>1970-01-01T00:44:12.731Z</time>
</trkpt>
<trkpt lat="53.2884941" lon="-9.5533810">
	<ele>2.14</ele>
	<time>1970-01-01T00:44:18.103Z</time>
</trkpt>
<trkpt lat="53.2885742" lon="-9.5536137">
	<ele>2.44</ele>
	<time>1970-01-01T00:44:21.099Z</time>
</trkpt>
<trkpt lat="53.2887383" lon="-9.5540848">
	<ele>3.08</ele>
	<time>1970-01-01T00:44:27.095Z</time>
</trkpt>
<trkpt lat="53.2890511" lon="-9.5551672">
	<ele>2.93</ele>
	<time>1970-01-01T00:44:41.084Z</time>
</trkpt>
<trkpt lat="53.2892265" lon="-9.5558472">
	<ele>2.98</ele>
	<time>1970-01-01T00:44:48.400Z</time>
</trkpt>
<trkpt lat="53.2892647" lon="-9.5560741">
	<ele>2.72</ele>
	<time>1970-01-01T00:44:50.830Z</time>
</trkpt>
<trkpt lat="53.2892723" lon="-9.5561962">
	<ele>2.55</ele>
	<time>1970-01-01T00:44:52.058Z</time>
</trkpt>
<trkpt lat="53.2892914" lon="-9.5565424">
	<ele>2.01</ele>
	<time>1970-01-01T00:44:55.430Z</time>
</trkpt>
<trkpt lat="53.2892876" lon="-9.5569897">
	<ele>1.50</ele>
	<time>1970-01-01T00:44:59.720Z</time>
</trkpt>
<trkpt lat="53.2892609" lon="-9.5576735">
	<ele>0.73</ele>
	<time>1970-01-01T00:45:05.687Z</time>
</trkpt>
<trkpt lat="53.2892189" lon="-9.5581503">
	<ele>0.06</ele>
	<time>1970-01-01T00:45:09.746Z</time>
</trkpt>
<trkpt lat="53.2891541" lon="-9.5585690">
	<ele>0.17</ele>
	<time>1970-01-01T00:45:13.891Z</time>
</trkpt>
<trkpt lat="53.2890396" lon="-9.5590439">
	<ele>0.75</ele>
	<time>1970-01-01T00:45:19.549Z</time>
</trkpt>
<trkpt lat="53.2889824" lon="-9.5592232">
	<ele>0.74</ele>
	<time>1970-01-01T00:45:22.035Z</time>
</trkpt>
<trkpt lat="53.2889175" lon="-9.5594196">
	<ele>0.63</ele>
	<time>1970-01-01T00:45:24.677Z</time>
</trkpt>
<trkpt lat="53.2886734" lon="-9.5603733">
	<ele>1.93</ele>
	<time>1970-01-01T00:45:38.586Z</time>
</trkpt>
<trkpt lat="53.2885246" lon="-9.5609474">
	<ele>3.28</ele>
	<time>1970-01-01T00:45:48.990Z</time>
</trkpt>
<trkpt lat="53.2884750" lon="-9.5611429">
	<ele>3.48</ele>
	<time>1970-01-01T00:45:52.349Z</time>
</trkpt>
<trkpt lat="53.2883263" lon="-9.5616446">
	<ele>3.94</ele>
	<time>1970-01-01T00:46:01.561Z</time>
</trkpt>
<trkpt lat="53.2882957" lon="-9.5617256">
	<ele>4.11</ele>
	<time>1970-01-01T00:46:03.039Z</time>
</trkpt>
<trkpt lat="53.2882423" lon="-9.5618677">
	<ele>4.46</ele>
	<time>1970-01-01T00:46:05.843Z</time>
</trkpt>
<trkpt lat="53.2881317" lon="-9.5621624">
	<ele>5.30</ele>
	<time>1970-01-01T00:46:12.432Z</time>
</trkpt>
<trkpt lat="53.2880096" lon="-9.5625029">
	<ele>6.06</ele>
	<time>1970-01-01T00:46:20.633Z</time>
</trkpt>
<trkpt lat="53.2878647" lon="-9.5628929">
	<ele>6.49</ele>
	<time>1970-01-01T00:46:29.778Z</time>
</trkpt>
<trkpt lat="53.2876816" lon="-9.5634193">
	<ele>7.19</ele>
	<time>1970-01-01T00:46:42.229Z</time>
</trkpt>
<trkpt lat="53.2876091" lon="-9.5636816">
	<ele>8.01</ele>
	<time>1970-01-01T00:46:48.283Z</time>
</trkpt>
<trkpt lat="53.2874603" lon="-9.5641947">
	<ele>9.99</ele>
	<time>1970-01-01T00:46:56.587Z</time>
</trkpt>
<trkpt lat="53.2873459" lon="-9.5644999">
	<ele>11.21</ele>
	<time>1970-01-01T00:47:02.473Z</time>
</trkpt>
<trkpt lat="53.2871513" lon="-9.5649090">
	<ele>12.98</ele>
	<time>1970-01-01T00:47:12.843Z</time>
</trkpt>
<trkpt lat="53.2870178" lon="-9.5651188">
	<ele>13.77</ele>
	<time>1970-01-01T00:47:19.037Z</time>
</trkpt>
<trkpt lat="53.2868462" lon="-9.5653067">
	<ele>14.56</ele>
	<time>1970-01-01T00:47:26.581Z</time>
</trkpt>
<trkpt lat="53.2867241" lon="-9.5654116">
	<ele>15.15</ele>
	<time>1970-01-01T00:47:31.539Z</time>
</trkpt>
<trkpt lat="53.2866058" lon="-9.5654926">
	<ele>15.71</ele>
	<time>1970-01-01T00:47:36.306Z</time>
</trkpt>
<trkpt lat="53.2864113" lon="-9.5656052">
	<ele>16.68</ele>
	<time>1970-01-01T00:47:44.973Z</time>
</trkpt>
<trkpt lat="53.2861900" lon="-9.5657740">
	<ele>18.01</ele>
	<time>1970-01-01T00:47:56.065Z</time>
</trkpt>
<trkpt lat="53.2860146" lon="-9.5659428">
	<ele>19.05</ele>
	<time>1970-01-01T00:48:05.347Z</time>
</trkpt>
<trkpt lat="53.2857590" lon="-9.5662231">
	<ele>20.29</ele>
	<time>1970-01-01T00:48:20.805Z</time>
</trkpt>
<trkpt lat="53.2856674" lon="-9.5663214">
	<ele>20.66</ele>
	<time>1970-01-01T00:48:25.888Z</time>
</trkpt>
<trkpt lat="53.2853661" lon="-9.5666590">
	<ele>21.74</ele>
	<time>1970-01-01T00:48:43.209Z</time>
</trkpt>
<trkpt lat="53.2852402" lon="-9.5668001">
	<ele>21.95</ele>
	<time>1970-01-01T00:48:49.092Z</time>
</trkpt>
<trkpt lat="53.2847137" lon="-9.5673428">
	<ele>21.29</ele>
	<time>1970-01-01T00:49:05.511Z</time>
</trkpt>
<trkpt lat="53.2839851" lon="-9.5681152">
	<ele>19.84</ele>
	<time>1970-01-01T00:49:22.644Z</time>
</trkpt>
<trkpt lat="53.2834625" lon="-9.5686598">
	<ele>17.29</ele>
	<time>1970-01-01T00:49:37.744Z</time>
</trkpt>
<trkpt lat="53.2832298" lon="-9.5689087">
	<ele>16.59</ele>
	<time>1970-01-01T00:49:42.585Z</time>
</trkpt>
<trkpt lat="53.2829247" lon="-9.5692320">
	<ele>15.49</ele>
	<time>1970-01-01T00:49:47.552Z</time>
</trkpt>
<trkpt lat="53.2828293" lon="-9.5693598">
	<ele>15.24</ele>
	<time>1970-01-01T00:49:49.228Z</time>
</trkpt>
<trkpt lat="53.2827072" lon="-9.5695238">
	<ele>15.08</ele>
	<time>1970-01-01T00:49:51.249Z</time>
</trkpt>
<trkpt lat="53.2825661" lon="-9.5697508">
	<ele>15.05</ele>
	<time>1970-01-01T00:49:53.658Z</time>
</trkpt>
<trkpt lat="53.2821655" lon="-9.5705318">
	<ele>12.80</ele>
	<time>1970-01-01T00:50:00.878Z</time>
</trkpt>
<trkpt lat="53.2817955" lon="-9.5711594">
	<ele>11.41</ele>
	<time>1970-01-01T00:50:06.906Z</time>
</trkpt>
<trkpt lat="53.2816544" lon="-9.5713968">
	<ele>10.91</ele>
	<time>1970-01-01T00:50:09.280Z</time>
</trkpt>
<trkpt lat="53.2813263" lon="-9.5718431">
	<ele>9.16</ele>
	<time>1970-01-01T00:50:14.135Z</time>
</trkpt>
<trkpt lat="53.2812119" lon="-9.5720158">
	<ele>8.86</ele>
	<time>1970-01-01T00:50:16.013Z</time>
</trkpt>
<trkpt lat="53.2810783" lon="-9.5722122">
	<ele>8.89</ele>
	<time>1970-01-01T00:50:18.469Z</time>
</trkpt>
<trkpt lat="53.2809410" lon="-9.5724430">
	<ele>9.25</ele>
	<time>1970-01-01T00:50:21.466Z</time>
</trkpt>
<trkpt lat="53.2807846" lon="-9.5727129">
	<ele>9.55</ele>
	<time>1970-01-01T00:50:25.012Z</time>
</trkpt>
<trkpt lat="53.2806168" lon="-9.5730028">
	<ele>9.75</ele>
	<time>1970-01-01T00:50:28.773Z</time>
</trkpt>
<trkpt lat="53.2805672" lon="-9.5730906">
	<ele>9.81</ele>
	<time>1970-01-01T00:50:29.918Z</time>
</trkpt>
<trkpt lat="53.2802162" lon="-9.5737724">
	<ele>9.99</ele>
	<time>1970-01-01T00:50:38.462Z</time>
</trkpt>
<trkpt lat="53.2799873" lon="-9.5741854">
	<ele>10.00</ele>
	<time>1970-01-01T00:50:44.535Z</time>
</trkpt>
<trkpt lat="53.2795868" lon="-9.5748701">
	<ele>11.13</ele>
	<time>1970-01-01T00:50:57.319Z</time>
</trkpt>
<trkpt lat="53.2792015" lon="-9.5749388">
	<ele>9.87</ele>
	<time>1970-01-01T00:51:03.714Z</time>
</trkpt>
<trkpt lat="53.2790375" lon="-9.5748215">
	<ele>8.23</ele>
	<time>1970-01-01T00:51:05.970Z</time>
</trkpt>
<trkpt lat="53.2788620" lon="-9.5747995">
	<ele>6.82</ele>
	<time>1970-01-01T00:51:07.922Z</time>
</trkpt>
<trkpt lat="53.2784309" lon="-9.5750198">
	<ele>4.62</ele>
	<time>1970-01-01T00:51:14.152Z</time>
</trkpt>
<trkpt lat="53.2782936" lon="-9.5751219">
	<ele>4.36</ele>
	<time>1970-01-01T00:51:16.220Z</time>
</trkpt>
<trkpt lat="53.2780838" lon="-9.5752525">
	<ele>4.26</ele>
	<time>1970-01-01T00:51:19.277Z</time>
</trkpt>
<trkpt lat="53.2779884" lon="-9.5752583">
	<ele>4.04</ele>
	<time>1970-01-01T00:51:20.492Z</time>
</trkpt>
<trkpt lat="53.2778587" lon="-9.5752487">
	<ele>3.71</ele>
	<time>1970-01-01T00:51:22.163Z</time>
</trkpt>
<trkpt lat="53.2777405" lon="-9.5752363">
	<ele>3.42</ele>
	<time>1970-01-01T00:51:23.627Z</time>
</trkpt>
<trkpt lat="53.2775917" lon="-9.5752563">
	<ele>3.15</ele>
	<time>1970-01-01T00:51:25.544Z</time>
</trkpt>
<trkpt lat="53.2775002" lon="-9.5752878">
	<ele>3.00</ele>
	<time>1970-01-01T00:51:26.780Z</time>
</trkpt>
<trkpt lat="53.2773895" lon="-9.5754166">
	<ele>3.12</ele>
	<time>1970-01-01T00:51:28.535Z</time>
</trkpt>
<trkpt lat="53.2771416" lon="-9.5755510">
	<ele>2.83</ele>
	<time>1970-01-01T00:51:31.981Z</time>
</trkpt>
<trkpt lat="53.2762833" lon="-9.5758553">
	<ele>2.54</ele>
	<time>1970-01-01T00:51:44.906Z</time>
</trkpt>
<trkpt lat="53.2759972" lon="-9.5759640">
	<ele>2.47</ele>
	<time>1970-01-01T00:51:49.895Z</time>
</trkpt>
<trkpt lat="53.2756958" lon="-9.5761013">
	<ele>2.38</ele>
	<time>1970-01-01T00:51:53.314Z</time>
</trkpt>
<trkpt lat="53.2755547" lon="-9.5761509">
	<ele>2.31</ele>
	<time>1970-01-01T00:51:55.035Z</time>
</trkpt>
<trkpt lat="53.2754250" lon="-9.5762177">
	<ele>2.33</ele>
	<time>1970-01-01T00:51:56.735Z</time>
</trkpt>
<trkpt lat="53.2752876" lon="-9.5762901">
	<ele>2.39</ele>
	<time>1970-01-01T00:38:26.749Z</time>
</trkpt>
<trkpt lat="53.2750244" lon="-9.5764084">
	<ele>2.42</ele>
	<time>1970-01-01T00:38:31.762Z</time>
</trkpt>
<trkpt lat="53.2746696" lon="-9.5766439">
	<ele>2.20</ele>
	<time>1970-01-01T00:38:37.747Z</time>
</trkpt>
<trkpt lat="53.2745743" lon="-9.5767250">
	<ele>2.05</ele>
	<time>1970-01-01T00:38:39.421Z</time>
</trkpt>
<trkpt lat="53.2744904" lon="-9.5768747">
	<ele>2.00</ele>
	<time>1970-01-01T00:38:41.415Z</time>
</trkpt>
<trkpt lat="53.2744217" lon="-9.5769386">
	<ele>1.89</ele>
	<time>1970-01-01T00:38:42.644Z</time>
</trkpt>
<trkpt lat="53.2742767" lon="-9.5770197">
	<ele>1.61</ele>
	<time>1970-01-01T00:38:44.895Z</time>
</trkpt>
<trkpt lat="53.2741241" lon="-9.5771246">
	<ele>1.40</ele>
	<time>1970-01-01T00:38:47.363Z</time>
</trkpt>
<trkpt lat="53.2740555" lon="-9.5771999">
	<ele>1.33</ele>
	<time>1970-01-01T00:38:48.626Z</time>
</trkpt>
<trkpt lat="53.2739792" lon="-9.5773687">
	<ele>1.35</ele>
	<time>1970-01-01T00:38:50.626Z</time>
</trkpt>
<trkpt lat="53.2738419" lon="-9.5777626">
	<ele>1.56</ele>
	<time>1970-01-01T00:38:55.567Z</time>
</trkpt>
<trkpt lat="53.2738419" lon="-9.5778513">
	<ele>1.73</ele>
	<time>1970-01-01T00:38:56.626Z</time>
</trkpt>
<trkpt lat="53.2738686" lon="-9.5779638">
	<ele>2.02</ele>
	<time>1970-01-01T00:38:58.131Z</time>
</trkpt>
<trkpt lat="53.2738914" lon="-9.5780306">
	<ele>2.20</ele>
	<time>1970-01-01T00:38:59.064Z</time>
</trkpt>
<trkpt lat="53.2739029" lon="-9.5781202">
	<ele>2.38</ele>
	<time>1970-01-01T00:39:00.256Z</time>
</trkpt>
<trkpt lat="53.2738571" lon="-9.5782242">
	<ele>2.47</ele>
	<time>1970-01-01T00:39:02.022Z</time>
</trkpt>
<trkpt lat="53.2737579" lon="-9.5783863">
	<ele>2.59</ele>
	<time>1970-01-01T00:39:05.109Z</time>
</trkpt>
<trkpt lat="53.2735786" lon="-9.5787163">
	<ele>3.12</ele>
	<time>1970-01-01T00:39:11.404Z</time>
</trkpt>
<trkpt lat="53.2735634" lon="-9.5787468">
	<ele>3.19</ele>
	<time>1970-01-01T00:39:12.011Z</time>
</trkpt>
<trkpt lat="53.2734680" lon="-9.5789957">
	<ele>3.75</ele>
	<time>1970-01-01T00:39:15.976Z</time>
</trkpt>
<trkpt lat="53.2733803" lon="-9.5793381">
	<ele>4.12</ele>
	<time>1970-01-01T00:39:21.404Z</time>
</trkpt>
<trkpt lat="53.2732048" lon="-9.5797243">
	<ele>3.55</ele>
	<time>1970-01-01T00:39:27.912Z</time>
</trkpt>
<trkpt lat="53.2731171" lon="-9.5798798">
	<ele>3.26</ele>
	<time>1970-01-01T00:39:30.470Z</time>
</trkpt>
<trkpt lat="53.2730064" lon="-9.5801992">
	<ele>3.49</ele>
	<time>1970-01-01T00:39:35.564Z</time>
</trkpt>
<trkpt lat="53.2728844" lon="-9.5805635">
	<ele>4.43</ele>
	<time>1970-01-01T00:39:42.529Z</time>
</trkpt>
<trkpt lat="53.2728539" lon="-9.5806646">
	<ele>4.78</ele>
	<time>1970-01-01T00:39:44.656Z</time>
</trkpt>
<trkpt lat="53.2727127" lon="-9.5809364">
	<ele>5.51</ele>
	<time>1970-01-01T00:39:51.002Z</time>
</trkpt>
<trkpt lat="53.2726173" lon="-9.5811319">
	<ele>6.25</ele>
	<time>1970-01-01T00:39:55.406Z</time>
</trkpt>
<trkpt lat="53.2725487" lon="-9.5813313">
	<ele>7.07</ele>
	<time>1970-01-01T00:39:59.808Z</time>
</trkpt>
<trkpt lat="53.2725410" lon="-9.5814886">
	<ele>7.79</ele>
	<time>1970-01-01T00:40:03.035Z</time>
</trkpt>
<trkpt lat="53.2725639" lon="-9.5816917">
	<ele>8.45</ele>
	<time>1970-01-01T00:40:07.386Z</time>
</trkpt>
<trkpt lat="53.2725754" lon="-9.5818739">
	<ele>8.42</ele>
	<time>1970-01-01T00:40:10.655Z</time>
</trkpt>
<trkpt lat="53.2725525" lon="-9.5819960">
	<ele>7.98</ele>
	<time>1970-01-01T00:40:12.704Z</time>
</trkpt>
<trkpt lat="53.2725143" lon="-9.5820951">
	<ele>7.43</ele>
	<time>1970-01-01T00:40:14.362Z</time>
</trkpt>
<trkpt lat="53.2724075" lon="-9.5821619">
	<ele>6.48</ele>
	<time>1970-01-01T00:40:16.527Z</time>
</trkpt>
<trkpt lat="53.2723312" lon="-9.5822639">
	<ele>5.57</ele>
	<time>1970-01-01T00:40:18.054Z</time>
</trkpt>
<trkpt lat="53.2723045" lon="-9.5823870">
	<ele>5.01</ele>
	<time>1970-01-01T00:40:19.254Z</time>
</trkpt>
<trkpt lat="53.2723045" lon="-9.5825262">
	<ele>4.70</ele>
	<time>1970-01-01T00:40:20.411Z</time>
</trkpt>
<trkpt lat="53.2723389" lon="-9.5826550">
	<ele>4.66</ele>
	<time>1970-01-01T00:40:21.591Z</time>
</trkpt>
<trkpt lat="53.2725983" lon="-9.5828352">
	<ele>5.55</ele>
	<time>1970-01-01T00:40:26.571Z</time>
</trkpt>
<trkpt lat="53.2727318" lon="-9.5829878">
	<ele>5.62</ele>
	<time>1970-01-01T00:40:29.675Z</time>
</trkpt>
<trkpt lat="53.2728233" lon="-9.5831137">
	<ele>5.50</ele>
	<time>1970-01-01T00:40:31.906Z</time>
</trkpt>
<trkpt lat="53.2728958" lon="-9.5833120">
	<ele>5.12</ele>
	<time>1970-01-01T00:40:34.315Z</time>
</trkpt>
<trkpt lat="53.2725563" lon="-9.5835876">
	<ele>3.97</ele>
	<time>1970-01-01T00:40:40.141Z</time>
</trkpt>
<trkpt lat="53.2724266" lon="-9.5837326">
	<ele>3.60</ele>
	<time>1970-01-01T00:40:42.487Z</time>
</trkpt>
<trkpt lat="53.2724037" lon="-9.5837584">
	<ele>3.53</ele>
	<time>1970-01-01T00:35:00.936Z</time>
</trkpt>
<trkpt lat="53.2723351" lon="-9.5838623">
	<ele>3.34</ele>
	<time>1970-01-01T00:35:02.607Z</time>
</trkpt>
<trkpt lat="53.2722778" lon="-9.5839453">
	<ele>3.20</ele>
	<time>1970-01-01T00:35:04.018Z</time>
</trkpt>
<trkpt lat="53.2722435" lon="-9.5839920">
	<ele>3.11</ele>
	<time>1970-01-01T00:35:04.805Z</time>
</trkpt>
<trkpt lat="53.2719383" lon="-9.5844898">
	<ele>2.82</ele>
	<time>1970-01-01T00:35:11.717Z</time>
</trkpt>
<trkpt lat="53.2718201" lon="-9.5847139">
	<ele>2.91</ele>
	<time>1970-01-01T00:35:14.721Z</time>
</trkpt>
<trkpt lat="53.2716904" lon="-9.5849895">
	<ele>3.01</ele>
	<time>1970-01-01T00:35:18.461Z</time>
</trkpt>
<trkpt lat="53.2715034" lon="-9.5854912">
	<ele>3.19</ele>
	<time>1970-01-01T00:35:25.218Z</time>
</trkpt>
<trkpt lat="53.2714195" lon="-9.5857210">
	<ele>3.41</ele>
	<time>1970-01-01T00:35:28.511Z</time>
</trkpt>
<trkpt lat="53.2713242" lon="-9.5859623">
	<ele>3.73</ele>
	<time>1970-01-01T00:35:32.160Z</time>
</trkpt>
<trkpt lat="53.2712479" lon="-9.5861444">
	<ele>3.96</ele>
	<time>1970-01-01T00:35:35.170Z</time>
</trkpt>
<trkpt lat="53.2711487" lon="-9.5863314">
	<ele>4.22</ele>
	<time>1970-01-01T00:35:38.489Z</time>
</trkpt>
<trkpt lat="53.2710152" lon="-9.5865297">
	<ele>4.52</ele>
	<time>1970-01-01T00:35:42.814Z</time>
</trkpt>
<trkpt lat="53.2708893" lon="-9.5866814">
	<ele>4.78</ele>
	<time>1970-01-01T00:35:46.568Z</time>
</trkpt>
<trkpt lat="53.2704887" lon="-9.5871849">
	<ele>5.85</ele>
	<time>1970-01-01T00:35:57.942Z</time>
</trkpt>
<trkpt lat="53.2702103" lon="-9.5875301">
	<ele>7.28</ele>
	<time>1970-01-01T00:36:06.490Z</time>
</trkpt>
<trkpt lat="53.2697182" lon="-9.5881948">
	<ele>8.40</ele>
	<time>1970-01-01T00:36:19.248Z</time>
</trkpt>
<trkpt lat="53.2696533" lon="-9.5882921">
	<ele>8.33</ele>
	<time>1970-01-01T00:36:21.053Z</time>
</trkpt>
<trkpt lat="53.2690926" lon="-9.5892658">
	<ele>6.83</ele>
	<time>1970-01-01T00:36:41.378Z</time>
</trkpt>
<trkpt lat="53.2688370" lon="-9.5895319">
	<ele>6.38</ele>
	<time>1970-01-01T00:36:46.778Z</time>
</trkpt>
<trkpt lat="53.2675858" lon="-9.5903397">
	<ele>4.73</ele>
	<time>1970-01-01T00:37:09.042Z</time>
</trkpt>
<trkpt lat="53.2675133" lon="-9.5904198">
	<ele>5.25</ele>
	<time>1970-01-01T00:37:10.540Z</time>
</trkpt>
<trkpt lat="53.2674637" lon="-9.5904741">
	<ele>5.72</ele>
	<time>1970-01-01T00:37:11.743Z</time>
</trkpt>
<trkpt lat="53.2674026" lon="-9.5905819">
	<ele>6.40</ele>
	<time>1970-01-01T00:37:13.703Z</time>
</trkpt>
<trkpt lat="53.2673569" lon="-9.5906916">
	<ele>6.94</ele>
	<time>1970-01-01T00:37:15.564Z</time>
</trkpt>
<trkpt lat="53.2672844" lon="-9.5909586">
	<ele>7.57</ele>
	<time>1970-01-01T00:37:19.383Z</time>
</trkpt>
<trkpt lat="53.2672806" lon="-9.5910368">
	<ele>7.44</ele>
	<time>1970-01-01T00:37:20.367Z</time>
</trkpt>
<trkpt lat="53.2672234" lon="-9.5914736">
	<ele>7.06</ele>
	<time>1970-01-01T00:37:25.463Z</time>
</trkpt>
<trkpt lat="53.2671928" lon="-9.5916672">
	<ele>6.89</ele>
	<time>1970-01-01T00:37:27.664Z</time>
</trkpt>
<trkpt lat="53.2671432" lon="-9.5918379">
	<ele>7.02</ele>
	<time>1970-01-01T00:37:30.009Z</time>
</trkpt>
<trkpt lat="53.2670593" lon="-9.5920916">
	<ele>7.16</ele>
	<time>1970-01-01T00:37:34.121Z</time>
</trkpt>
<trkpt lat="53.2669601" lon="-9.5923500">
	<ele>7.26</ele>
	<time>1970-01-01T00:37:39.046Z</time>
</trkpt>
<trkpt lat="53.2668304" lon="-9.5927238">
	<ele>6.83</ele>
	<time>1970-01-01T00:37:45.358Z</time>
</trkpt>
<trkpt lat="53.2666359" lon="-9.5933046">
	<ele>5.45</ele>
	<time>1970-01-01T00:37:53.236Z</time>
</trkpt>
<trkpt lat="53.2665901" lon="-9.5934458">
	<ele>5.26</ele>
	<time>1970-01-01T00:37:55.171Z</time>
</trkpt>
<trkpt lat="53.2665024" lon="-9.5937223">
	<ele>5.11</ele>
	<time>1970-01-01T00:37:58.620Z</time>
</trkpt>
<trkpt lat="53.2663612" lon="-9.5940456">
	<ele>5.92</ele>
	<time>1970-01-01T00:38:03.643Z</time>
</trkpt>
<trkpt lat="53.2661285" lon="-9.5944996">
	<ele>7.53</ele>
	<time>1970-01-01T00:38:11.753Z</time>
</trkpt>
<trkpt lat="53.2659187" lon="-9.5948744">
	<ele>7.85</ele>
	<time>1970-01-01T00:38:19.070Z</time>
</trkpt>
<trkpt lat="53.2656403" lon="-9.5953522">
	<ele>8.52</ele>
	<time>1970-01-01T00:38:30.651Z</time>
</trkpt>
<trkpt lat="53.2655106" lon="-9.5955896">
	<ele>9.18</ele>
	<time>1970-01-01T00:38:36.776Z</time>
</trkpt>
<trkpt lat="53.2654343" lon="-9.5957232">
	<ele>9.61</ele>
	<time>1970-01-01T00:38:40.070Z</time>
</trkpt>
<trkpt lat="53.2650604" lon="-9.5963964">
	<ele>10.55</ele>
	<time>1970-01-01T00:38:56.151Z</time>
</trkpt>
<trkpt lat="53.2649536" lon="-9.5965939">
	<ele>10.36</ele>
	<time>1970-01-01T00:38:59.973Z</time>
</trkpt>
<trkpt lat="53.2648468" lon="-9.5968046">
	<ele>10.19</ele>
	<time>1970-01-01T00:39:03.603Z</time>
</trkpt>
<trkpt lat="53.2643166" lon="-9.5978441">
	<ele>8.32</ele>
	<time>1970-01-01T00:39:17.389Z</time>
</trkpt>
<trkpt lat="53.2641792" lon="-9.5981197">
	<ele>7.99</ele>
	<time>1970-01-01T00:39:20.781Z</time>
</trkpt>
<trkpt lat="53.2640228" lon="-9.5984421">
	<ele>8.08</ele>
	<time>1970-01-01T00:39:24.671Z</time>
</trkpt>
<trkpt lat="53.2639465" lon="-9.5986052">
	<ele>8.39</ele>
	<time>1970-01-01T00:39:26.940Z</time>
</trkpt>
<trkpt lat="53.2638512" lon="-9.5987968">
	<ele>8.91</ele>
	<time>1970-01-01T00:39:29.898Z</time>
</trkpt>
<trkpt lat="53.2638168" lon="-9.5988750">
	<ele>9.16</ele>
	<time>1970-01-01T00:39:31.178Z</time>
</trkpt>
<trkpt lat="53.2636566" lon="-9.5992165">
	<ele>10.11</ele>
	<time>1970-01-01T00:39:37.461Z</time>
</trkpt>
<trkpt lat="53.2635651" lon="-9.5994444">
	<ele>10.55</ele>
	<time>1970-01-01T00:39:41.398Z</time>
</trkpt>
<trkpt lat="53.2634773" lon="-9.5996647">
	<ele>10.84</ele>
	<time>1970-01-01T00:39:45.416Z</time>
</trkpt>
<trkpt lat="53.2633896" lon="-9.5998755">
	<ele>10.98</ele>
	<time>1970-01-01T00:39:49.280Z</time>
</trkpt>
<trkpt lat="53.2633514" lon="-9.5999622">
	<ele>11.00</ele>
	<time>1970-01-01T00:39:50.816Z</time>
</trkpt>
<trkpt lat="53.2630882" lon="-9.6006966">
	<ele>10.70</ele>
	<time>1970-01-01T00:40:04.489Z</time>
</trkpt>
<trkpt lat="53.2630806" lon="-9.6007242">
	<ele>10.69</ele>
	<time>1970-01-01T00:40:04.924Z</time>
</trkpt>
<trkpt lat="53.2630081" lon="-9.6009293">
	<ele>10.70</ele>
	<time>1970-01-01T00:40:08.332Z</time>
</trkpt>
<trkpt lat="53.2628593" lon="-9.6014261">
	<ele>11.10</ele>
	<time>1970-01-01T00:40:15.351Z</time>
</trkpt>
<trkpt lat="53.2627296" lon="-9.6018515">
	<ele>11.54</ele>
	<time>1970-01-01T00:40:21.197Z</time>
</trkpt>
<trkpt lat="53.2625732" lon="-9.6024523">
	<ele>12.09</ele>
	<time>1970-01-01T00:40:30.475Z</time>
</trkpt>
<trkpt lat="53.2623711" lon="-9.6034441">
	<ele>12.22</ele>
	<time>1970-01-01T00:40:45.259Z</time>
</trkpt>
<trkpt lat="53.2623024" lon="-9.6037359">
	<ele>13.22</ele>
	<time>1970-01-01T00:40:50.823Z</time>
</trkpt>
<trkpt lat="53.2622375" lon="-9.6039572">
	<ele>14.20</ele>
	<time>1970-01-01T00:40:55.831Z</time>
</trkpt>
<trkpt lat="53.2621422" lon="-9.6042242">
	<ele>15.52</ele>
	<time>1970-01-01T00:40:59.439Z</time>
</trkpt>
<trkpt lat="53.2619286" lon="-9.6046581">
	<ele>18.04</ele>
	<time>1970-01-01T00:41:08.429Z</time>
</trkpt>
<trkpt lat="53.2618370" lon="-9.6048412">
	<ele>18.83</ele>
	<time>1970-01-01T00:41:12.478Z</time>
</trkpt>
<trkpt lat="53.2614098" lon="-9.6056709">
	<ele>18.42</ele>
	<time>1970-01-01T00:41:31.062Z</time>
</trkpt>
<trkpt lat="53.2613449" lon="-9.6057777">
	<ele>18.40</ele>
	<time>1970-01-01T00:41:33.409Z</time>
</trkpt>
<trkpt lat="53.2611008" lon="-9.6061802">
	<ele>19.33</ele>
	<time>1970-01-01T00:41:43.293Z</time>
</trkpt>
<trkpt lat="53.2606583" lon="-9.6068754">
	<ele>21.57</ele>
	<time>1970-01-01T00:42:04.156Z</time>
</trkpt>
<trkpt lat="53.2602844" lon="-9.6064959">
	<ele>20.37</ele>
	<time>1970-01-01T00:42:13.915Z</time>
</trkpt>
<trkpt lat="53.2601280" lon="-9.6063929">
	<ele>20.01</ele>
	<time>1970-01-01T00:42:17.283Z</time>
</trkpt>
<trkpt lat="53.2597160" lon="-9.6061249">
	<ele>19.59</ele>
	<time>1970-01-01T00:42:32.759Z</time>
</trkpt>
<trkpt lat="53.2594986" lon="-9.6059971">
	<ele>19.83</ele>
	<time>1970-01-01T00:42:39.144Z</time>
</trkpt>
<trkpt lat="53.2592812" lon="-9.6058207">
	<ele>19.88</ele>
	<time>1970-01-01T00:42:45.208Z</time>
</trkpt>
<trkpt lat="53.2590294" lon="-9.6055994">
	<ele>19.34</ele>
	<time>1970-01-01T00:42:50.766Z</time>
</trkpt>
<trkpt lat="53.2588692" lon="-9.6053686">
	<ele>18.39</ele>
	<time>1970-01-01T00:42:53.909Z</time>
</trkpt>
<trkpt lat="53.2586784" lon="-9.6050673">
	<ele>17.00</ele>
	<time>1970-01-01T00:42:57.291Z</time>
</trkpt>
<trkpt lat="53.2584534" lon="-9.6047363">
	<ele>15.79</ele>
	<time>1970-01-01T00:43:00.749Z</time>
</trkpt>
<trkpt lat="53.2583160" lon="-9.6045666">
	<ele>15.48</ele>
	<time>1970-01-01T00:43:02.750Z</time>
</trkpt>
<trkpt lat="53.2581406" lon="-9.6043921">
	<ele>15.30</ele>
	<time>1970-01-01T00:43:05.244Z</time>
</trkpt>
<trkpt lat="53.2579231" lon="-9.6042719">
	<ele>15.18</ele>
	<time>1970-01-01T00:43:08.048Z</time>
</trkpt>
<trkpt lat="53.2574272" lon="-9.6040888">
	<ele>14.79</ele>
	<time>1970-01-01T00:43:14.152Z</time>
</trkpt>
<trkpt lat="53.2569427" lon="-9.6039362">
	<ele>14.48</ele>
	<time>1970-01-01T00:43:22.637Z</time>
</trkpt>
<trkpt lat="53.2562675" lon="-9.6037464">
	<ele>14.85</ele>
	<time>1970-01-01T00:43:35.398Z</time>
</trkpt>
<trkpt lat="53.2558136" lon="-9.6035395">
	<ele>15.27</ele>
	<time>1970-01-01T00:43:44.588Z</time>
</trkpt>
<trkpt lat="53.2557526" lon="-9.6035118">
	<ele>15.40</ele>
	<time>1970-01-01T00:43:45.892Z</time>
</trkpt>
<trkpt lat="53.2551994" lon="-9.6033173">
	<ele>17.29</ele>
	<time>1970-01-01T00:44:01.469Z</time>
</trkpt>
<trkpt lat="53.2548409" lon="-9.6032009">
	<ele>18.25</ele>
	<time>1970-01-01T00:44:12.315Z</time>
</trkpt>
<trkpt lat="53.2545433" lon="-9.6030941">
	<ele>18.83</ele>
	<time>1970-01-01T00:44:21.089Z</time>
</trkpt>
<trkpt lat="53.2542572" lon="-9.6030788">
	<ele>19.53</ele>
	<time>1970-01-01T00:44:29.816Z</time>
</trkpt>
<trkpt lat="53.2541771" lon="-9.6030750">
	<ele>19.74</ele>
	<time>1970-01-01T00:44:32.211Z</time>
</trkpt>
<trkpt lat="53.2537231" lon="-9.6031342">
	<ele>21.12</ele>
	<time>1970-01-01T00:44:46.409Z</time>
</trkpt>
<trkpt lat="53.2531548" lon="-9.6032782">
	<ele>22.17</ele>
	<time>1970-01-01T00:45:03.115Z</time>
</trkpt>
<trkpt lat="53.2526245" lon="-9.6034107">
	<ele>22.04</ele>
	<time>1970-01-01T00:45:15.862Z</time>
</trkpt>
<trkpt lat="53.2522888" lon="-9.6035366">
	<ele>21.71</ele>
	<time>1970-01-01T00:45:23.199Z</time>
</trkpt>
<trkpt lat="53.2517624" lon="-9.6036491">
	<ele>21.05</ele>
	<time>1970-01-01T00:45:33.976Z</time>
</trkpt>
<trkpt lat="53.2514343" lon="-9.6036730">
	<ele>20.99</ele>
	<time>1970-01-01T00:45:39.804Z</time>
</trkpt>
<trkpt lat="53.2509727" lon="-9.6036139">
	<ele>21.12</ele>
	<time>1970-01-01T00:45:47.362Z</time>
</trkpt>
<trkpt lat="53.2506371" lon="-9.6034889">
	<ele>21.06</ele>
	<time>1970-01-01T00:45:53.167Z</time>
</trkpt>
<trkpt lat="53.2505493" lon="-9.6034555">
	<ele>21.05</ele>
	<time>1970-01-01T00:45:54.826Z</time>
</trkpt>
<trkpt lat="53.2500534" lon="-9.6032019">
	<ele>21.08</ele>
	<time>1970-01-01T00:46:05.536Z</time>
</trkpt>
<trkpt lat="53.2497520" lon="-9.6030941">
	<ele>20.75</ele>
	<time>1970-01-01T00:46:11.238Z</time>
</trkpt>
<trkpt lat="53.2493973" lon="-9.6029959">
	<ele>20.08</ele>
	<time>1970-01-01T00:46:17.578Z</time>
</trkpt>
<trkpt lat="53.2491035" lon="-9.6029167">
	<ele>19.98</ele>
	<time>1970-01-01T00:46:22.604Z</time>
</trkpt>
<trkpt lat="53.2488441" lon="-9.6027718">
	<ele>20.36</ele>
	<time>1970-01-01T00:46:28.195Z</time>
</trkpt>
<trkpt lat="53.2484970" lon="-9.6026459">
	<ele>21.39</ele>
	<time>1970-01-01T00:46:36.794Z</time>
</trkpt>
<trkpt lat="53.2478752" lon="-9.6025496">
	<ele>24.36</ele>
	<time>1970-01-01T00:46:49.661Z</time>
</trkpt>
<trkpt lat="53.2477417" lon="-9.6024961">
	<ele>24.99</ele>
	<time>1970-01-01T00:46:52.697Z</time>
</trkpt>
<trkpt lat="53.2473564" lon="-9.6022015">
	<ele>25.58</ele>
	<time>1970-01-01T00:47:03.418Z</time>
</trkpt>
<trkpt lat="53.2472649" lon="-9.6021481">
	<ele>25.67</ele>
	<time>1970-01-01T00:47:05.732Z</time>
</trkpt>
<trkpt lat="53.2472000" lon="-9.6021099">
	<ele>25.74</ele>
	<time>1970-01-01T00:47:07.496Z</time>
</trkpt>
<trkpt lat="53.2470856" lon="-9.6020832">
	<ele>25.96</ele>
	<time>1970-01-01T00:47:10.284Z</time>
</trkpt>
<trkpt lat="53.2465782" lon="-9.6020956">
	<ele>26.39</ele>
	<time>1970-01-01T00:47:24.163Z</time>
</trkpt>
<trkpt lat="53.2463951" lon="-9.6020613">
	<ele>26.01</ele>
	<time>1970-01-01T00:47:28.188Z</time>
</trkpt>
<trkpt lat="53.2462349" lon="-9.6020174">
	<ele>25.44</ele>
	<time>1970-01-01T00:47:34.389Z</time>
</trkpt>
<trkpt lat="53.2459297" lon="-9.6019325">
	<ele>24.08</ele>
	<time>1970-01-01T00:47:42.434Z</time>
</trkpt>
<trkpt lat="53.2456627" lon="-9.6017962">
	<ele>22.80</ele>
	<time>1970-01-01T00:47:47.366Z</time>
</trkpt>
<trkpt lat="53.2455406" lon="-9.6017723">
	<ele>22.37</ele>
	<time>1970-01-01T00:47:49.361Z</time>
</trkpt>
<trkpt lat="53.2452965" lon="-9.6017933">
	<ele>21.76</ele>
	<time>1970-01-01T00:47:52.753Z</time>
</trkpt>
<trkpt lat="53.2450829" lon="-9.6017609">
	<ele>21.26</ele>
	<time>1970-01-01T00:47:55.523Z</time>
</trkpt>
<trkpt lat="53.2448349" lon="-9.6016617">
	<ele>20.91</ele>
	<time>1970-01-01T00:47:58.576Z</time>
</trkpt>
<trkpt lat="53.2445869" lon="-9.6016512">
	<ele>21.04</ele>
	<time>1970-01-01T00:48:02.069Z</time>
</trkpt>
<trkpt lat="53.2442284" lon="-9.6016703">
	<ele>21.09</ele>
	<time>1970-01-01T00:48:07.456Z</time>
</trkpt>
<trkpt lat="53.2440796" lon="-9.6015921">
	<ele>20.74</ele>
	<time>1970-01-01T00:48:09.621Z</time>
</trkpt>
<trkpt lat="53.2439041" lon="-9.6015568">
	<ele>20.21</ele>
	<time>1970-01-01T00:48:12.025Z</time>
</trkpt>
<trkpt lat="53.2437592" lon="-9.6015062">
	<ele>19.69</ele>
	<time>1970-01-01T00:48:13.858Z</time>
</trkpt>
<trkpt lat="53.2435036" lon="-9.6014614">
	<ele>18.75</ele>
	<time>1970-01-01T00:48:16.979Z</time>
</trkpt>
<trkpt lat="53.2433357" lon="-9.6014471">
	<ele>18.17</ele>
	<time>1970-01-01T00:48:18.900Z</time>
</trkpt>
<trkpt lat="53.2431946" lon="-9.6014662">
	<ele>17.73</ele>
	<time>1970-01-01T00:48:20.498Z</time>
</trkpt>
<trkpt lat="53.2429924" lon="-9.6014709">
	<ele>17.16</ele>
	<time>1970-01-01T00:48:22.785Z</time>
</trkpt>
<trkpt lat="53.2424240" lon="-9.6015167">
	<ele>14.93</ele>
	<time>1970-01-01T00:48:30.608Z</time>
</trkpt>
<trkpt lat="53.2420273" lon="-9.6014900">
	<ele>12.54</ele>
	<time>1970-01-01T00:48:34.894Z</time>
</trkpt>
<trkpt lat="53.2416115" lon="-9.6014280">
	<ele>9.86</ele>
	<time>1970-01-01T00:48:38.742Z</time>
</trkpt>
<trkpt lat="53.2413254" lon="-9.6013994">
	<ele>8.07</ele>
	<time>1970-01-01T00:48:41.318Z</time>
</trkpt>
<trkpt lat="53.2410507" lon="-9.6012678">
	<ele>6.33</ele>
	<time>1970-01-01T00:48:43.878Z</time>
</trkpt>
<trkpt lat="53.2408295" lon="-9.6011314">
	<ele>4.90</ele>
	<time>1970-01-01T00:48:46.038Z</time>
</trkpt>
<trkpt lat="53.2406273" lon="-9.6010227">
	<ele>3.51</ele>
	<time>1970-01-01T00:48:47.878Z</time>
</trkpt>
<trkpt lat="53.2404938" lon="-9.6009808">
	<ele>2.57</ele>
	<time>1970-01-01T00:48:49.078Z</time>
</trkpt>
<trkpt lat="53.2406273" lon="-9.6010227">
	<ele>3.51</ele>
	<time>1970-01-01T00:48:51.832Z</time>
</trkpt>
<trkpt lat="53.2408295" lon="-9.6011314">
	<ele>4.90</ele>
	<time>1970-01-01T00:48:57.951Z</time>
</trkpt>
<trkpt lat="53.2410507" lon="-9.6012678">
	<ele>6.33</ele>
	<time>1970-01-01T00:49:07.075Z</time>
</trkpt>
<trkpt lat="53.2413254" lon="-9.6013994">
	<ele>8.07</ele>
	<time>1970-01-01T00:49:13.915Z</time>
</trkpt>
<trkpt lat="53.2416115" lon="-9.6014280">
	<ele>9.86</ele>
	<time>1970-01-01T00:49:23.543Z</time>
</trkpt>
<trkpt lat="53.2420273" lon="-9.6014900">
	<ele>12.54</ele>
	<time>1970-01-01T00:49:42.245Z</time>
</trkpt>
<trkpt lat="53.2424240" lon="-9.6015167">
	<ele>14.93</ele>
	<time>1970-01-01T00:50:02.221Z</time>
</trkpt>
<trkpt lat="53.2429924" lon="-9.6014709">
	<ele>17.16</ele>
	<time>1970-01-01T00:50:31.931Z</time>
</trkpt>
<trkpt lat="53.2431946" lon="-9.6014662">
	<ele>17.73</ele>
	<time>1970-01-01T00:50:40.722Z</time>
</trkpt>
<trkpt lat="53.2433357" lon="-9.6014471">
	<ele>18.17</ele>
	<time>1970-01-01T00:50:47.009Z</time>
</trkpt>
<trkpt lat="53.2435036" lon="-9.6014614">
	<ele>18.75</ele>
	<time>1970-01-01T00:50:53.998Z</time>
</trkpt>
<trkpt lat="53.2437592" lon="-9.6015062">
	<ele>19.69</ele>
	<time>1970-01-01T00:51:05.210Z</time>
</trkpt>
<trkpt lat="53.2439041" lon="-9.6015568">
	<ele>20.21</ele>
	<time>1970-01-01T00:51:11.146Z</time>
</trkpt>
<trkpt lat="53.2440796" lon="-9.6015921">
	<ele>20.74</ele>
	<time>1970-01-01T00:51:18.495Z</time>
</trkpt>
<trkpt lat="53.2442284" lon="-9.6016703">
	<ele>21.09</ele>
	<time>1970-01-01T00:51:24.681Z</time>
</trkpt>
<trkpt lat="53.2445869" lon="-9.6016512">
	<ele>21.04</ele>
	<time>1970-01-01T00:51:36.975Z</time>
</trkpt>
<trkpt lat="53.2448349" lon="-9.6016617">
	<ele>20.91</ele>
	<time>1970-01-01T00:51:43.826Z</time>
</trkpt>
<trkpt lat="53.2450829" lon="-9.6017609">
	<ele>21.26</ele>
	<time>1970-01-01T00:51:51.309Z</time>
</trkpt>
<trkpt lat="53.2452965" lon="-9.6017933">
	<ele>21.76</ele>
	<time>1970-01-01T00:51:58.216Z</time>
</trkpt>
<trkpt lat="53.2455406" lon="-9.6017723">
	<ele>22.37</ele>
	<time>1970-01-01T00:52:06.429Z</time>
</trkpt>
<trkpt lat="53.2456627" lon="-9.6017962">
	<ele>22.80</ele>
	<time>1970-01-01T00:52:10.751Z</time>
</trkpt>
<trkpt lat="53.2459297" lon="-9.6019325">
	<ele>24.08</ele>
	<time>1970-01-01T00:52:21.861Z</time>
</trkpt>
<trkpt lat="53.2462349" lon="-9.6020174">
	<ele>25.44</ele>
	<time>1970-01-01T00:52:34.195Z</time>
</trkpt>
<trkpt lat="53.2463951" lon="-9.6020613">
	<ele>26.01</ele>
	<time>1970-01-01T00:52:40.408Z</time>
</trkpt>
<trkpt lat="53.2465782" lon="-9.6020956">
	<ele>26.39</ele>
	<time>1970-01-01T00:52:47.612Z</time>
</trkpt>
<trkpt lat="53.2470856" lon="-9.6020832">
	<ele>25.96</ele>
	<time>1970-01-01T00:53:00.278Z</time>
</trkpt>
<trkpt lat="53.2472000" lon="-9.6021099">
	<ele>25.74</ele>
	<time>1970-01-01T00:53:02.960Z</time>
</trkpt>
<trkpt lat="53.2472649" lon="-9.6021481">
	<ele>25.67</ele>
	<time>1970-01-01T00:53:04.469Z</time>
</trkpt>
<trkpt lat="53.2473564" lon="-9.6022015">
	<ele>25.58</ele>
	<time>1970-01-01T00:53:06.521Z</time>
</trkpt>
<trkpt lat="53.2477417" lon="-9.6024961">
	<ele>24.99</ele>
	<time>1970-01-01T00:53:20.524Z</time>
</trkpt>
<trkpt lat="53.2478752" lon="-9.6025496">
	<ele>24.36</ele>
	<time>1970-01-01T00:53:23.902Z</time>
</trkpt>
<trkpt lat="53.2484970" lon="-9.6026459">
	<ele>21.39</ele>
	<time>1970-01-01T00:53:32.479Z</time>
</trkpt>
<trkpt lat="53.2488441" lon="-9.6027718">
	<ele>20.36</ele>
	<time>1970-01-01T00:53:37.308Z</time>
</trkpt>
<trkpt lat="53.2491035" lon="-9.6029167">
	<ele>19.98</ele>
	<time>1970-01-01T00:53:40.752Z</time>
</trkpt>
<trkpt lat="53.2493973" lon="-9.6029959">
	<ele>20.08</ele>
	<time>1970-01-01T00:53:45.094Z</time>
</trkpt>
<trkpt lat="53.2497520" lon="-9.6030941">
	<ele>20.75</ele>
	<time>1970-01-01T00:53:51.025Z</time>
</trkpt>
<trkpt lat="53.2500534" lon="-9.6032019">
	<ele>21.08</ele>
	<time>1970-01-01T00:53:56.553Z</time>
</trkpt>
<trkpt lat="53.2505493" lon="-9.6034555">
	<ele>21.05</ele>
	<time>1970-01-01T00:54:05.175Z</time>
</trkpt>
<trkpt lat="53.2506371" lon="-9.6034889">
	<ele>21.06</ele>
	<time>1970-01-01T00:54:06.622Z</time>
</trkpt>
<trkpt lat="53.2509727" lon="-9.6036139">
	<ele>21.12</ele>
	<time>1970-01-01T00:54:12.284Z</time>
</trkpt>
<trkpt lat="53.2514343" lon="-9.6036730">
	<ele>20.99</ele>
	<time>1970-01-01T00:54:21.241Z</time>
</trkpt>
<trkpt lat="53.2517624" lon="-9.6036491">
	<ele>21.05</ele>
	<time>1970-01-01T00:54:28.325Z</time>
</trkpt>
<trkpt lat="53.2522888" lon="-9.6035366">
	<ele>21.71</ele>
	<time>1970-01-01T00:54:39.051Z</time>
</trkpt>
<trkpt lat="53.2526245" lon="-9.6034107">
	<ele>22.04</ele>
	<time>1970-01-01T00:54:45.734Z</time>
</trkpt>
<trkpt lat="53.2531548" lon="-9.6032782">
	<ele>22.17</ele>
	<time>1970-01-01T00:54:56.080Z</time>
</trkpt>
<trkpt lat="53.2537231" lon="-9.6031342">
	<ele>21.12</ele>
	<time>1970-01-01T00:55:05.479Z</time>
</trkpt>
<trkpt lat="53.2541771" lon="-9.6030750">
	<ele>19.74</ele>
	<time>1970-01-01T00:55:12.325Z</time>
</trkpt>
<trkpt lat="53.2542572" lon="-9.6030788">
	<ele>19.53</ele>
	<time>1970-01-01T00:55:13.531Z</time>
</trkpt>
<trkpt lat="53.2545433" lon="-9.6030941">
	<ele>18.83</ele>
	<time>1970-01-01T00:55:17.384Z</time>
</trkpt>
<trkpt lat="53.2548409" lon="-9.6032009">
	<ele>18.25</ele>
	<time>1970-01-01T00:55:21.441Z</time>
</trkpt>
<trkpt lat="53.2551994" lon="-9.6033173">
	<ele>17.29</ele>
	<time>1970-01-01T00:55:25.976Z</time>
</trkpt>
<trkpt lat="53.2557526" lon="-9.6035118">
	<ele>15.40</ele>
	<time>1970-01-01T00:55:32.464Z</time>
</trkpt>
<trkpt lat="53.2558136" lon="-9.6035395">
	<ele>15.27</ele>
	<time>1970-01-01T00:55:33.242Z</time>
</trkpt>
<trkpt lat="53.2562675" lon="-9.6037464">
	<ele>14.85</ele>
	<time>1970-01-01T00:55:39.300Z</time>
</trkpt>
<trkpt lat="53.2569427" lon="-9.6039362">
	<ele>14.48</ele>
	<time>1970-01-01T00:55:49.219Z</time>
</trkpt>
<trkpt lat="53.2574272" lon="-9.6040888">
	<ele>14.79</ele>
	<time>1970-01-01T00:55:55.953Z</time>
</trkpt>
<trkpt lat="53.2579231" lon="-9.6042719">
	<ele>15.18</ele>
	<time>1970-01-01T00:56:04.920Z</time>
</trkpt>
<trkpt lat="53.2581406" lon="-9.6043921">
	<ele>15.30</ele>
	<time>1970-01-01T00:56:09.688Z</time>
</trkpt>
<trkpt lat="53.2583160" lon="-9.6045666">
	<ele>15.48</ele>
	<time>1970-01-01T00:56:14.089Z</time>
</trkpt>
<trkpt lat="53.2584534" lon="-9.6047363">
	<ele>15.79</ele>
	<time>1970-01-01T00:56:18.120Z</time>
</trkpt>
<trkpt lat="53.2586784" lon="-9.6050673">
	<ele>17.00</ele>
	<time>1970-01-01T00:56:26.542Z</time>
</trkpt>
<trkpt lat="53.2588692" lon="-9.6053686">
	<ele>18.39</ele>
	<time>1970-01-01T00:56:35.674Z</time>
</trkpt>
<trkpt lat="53.2590294" lon="-9.6055994">
	<ele>19.34</ele>
	<time>1970-01-01T00:56:43.361Z</time>
</trkpt>
<trkpt lat="53.2592812" lon="-9.6058207">
	<ele>19.88</ele>
	<time>1970-01-01T00:56:48.745Z</time>
</trkpt>
<trkpt lat="53.2594986" lon="-9.6059971">
	<ele>19.83</ele>
	<time>1970-01-01T00:56:53.280Z</time>
</trkpt>
<trkpt lat="53.2597160" lon="-9.6061249">
	<ele>19.59</ele>
	<time>1970-01-01T00:56:57.915Z</time>
</trkpt>
<trkpt lat="53.2601280" lon="-9.6063929">
	<ele>20.01</ele>
	<time>1970-01-01T00:57:06.961Z</time>
</trkpt>
<trkpt lat="53.2602844" lon="-9.6064959">
	<ele>20.37</ele>
	<time>1970-01-01T00:57:10.591Z</time>
</trkpt>
<trkpt lat="53.2606583" lon="-9.6068754">
	<ele>21.57</ele>
	<time>1970-01-01T00:57:21.254Z</time>
</trkpt>
<trkpt lat="53.2611008" lon="-9.6061802">
	<ele>19.33</ele>
	<time>1970-01-01T00:57:38.260Z</time>
</trkpt>
<trkpt lat="53.2613449" lon="-9.6057777">
	<ele>18.40</ele>
	<time>1970-01-01T00:57:44.986Z</time>
</trkpt>
<trkpt lat="53.2614098" lon="-9.6056709">
	<ele>18.42</ele>
	<time>1970-01-01T00:57:46.623Z</time>
</trkpt>
<trkpt lat="53.2618370" lon="-9.6048412">
	<ele>18.83</ele>
	<time>1970-01-01T00:57:57.103Z</time>
</trkpt>
<trkpt lat="53.2619286" lon="-9.6046581">
	<ele>18.04</ele>
	<time>1970-01-01T00:57:59.268Z</time>
</trkpt>
<trkpt lat="53.2621422" lon="-9.6042242">
	<ele>15.52</ele>
	<time>1970-01-01T00:58:03.280Z</time>
</trkpt>
<trkpt lat="53.2622375" lon="-9.6039572">
	<ele>14.20</ele>
	<time>1970-01-01T00:58:05.396Z</time>
</trkpt>
<trkpt lat="53.2623024" lon="-9.6037359">
	<ele>13.22</ele>
	<time>1970-01-01T00:58:08.018Z</time>
</trkpt>
<trkpt lat="53.2623711" lon="-9.6034441">
	<ele>12.22</ele>
	<time>1970-01-01T00:58:10.638Z</time>
</trkpt>
<trkpt lat="53.2625732" lon="-9.6024523">
	<ele>12.09</ele>
	<time>1970-01-01T00:58:19.487Z</time>
</trkpt>
<trkpt lat="53.2627296" lon="-9.6018515">
	<ele>11.54</ele>
	<time>1970-01-01T00:58:24.919Z</time>
</trkpt>
<trkpt lat="53.2628593" lon="-9.6014261">
	<ele>11.10</ele>
	<time>1970-01-01T00:58:29.235Z</time>
</trkpt>
<trkpt lat="53.2630081" lon="-9.6009293">
	<ele>10.70</ele>
	<time>1970-01-01T00:58:34.814Z</time>
</trkpt>
<trkpt lat="53.2630806" lon="-9.6007242">
	<ele>10.69</ele>
	<time>1970-01-01T00:58:37.284Z</time>
</trkpt>
<trkpt lat="53.2630882" lon="-9.6006966">
	<ele>10.70</ele>
	<time>1970-01-01T00:58:37.595Z</time>
</trkpt>
<trkpt lat="53.2633514" lon="-9.5999622">
	<ele>11.00</ele>
	<time>1970-01-01T00:58:45.403Z</time>
</trkpt>
<trkpt lat="53.2633896" lon="-9.5998755">
	<ele>10.98</ele>
	<time>1970-01-01T00:58:46.414Z</time>
</trkpt>
<trkpt lat="53.2634773" lon="-9.5996647">
	<ele>10.84</ele>
	<time>1970-01-01T00:58:48.773Z</time>
</trkpt>
<trkpt lat="53.2635651" lon="-9.5994444">
	<ele>10.55</ele>
	<time>1970-01-01T00:58:51.204Z</time>
</trkpt>
<trkpt lat="53.2636566" lon="-9.5992165">
	<ele>10.11</ele>
	<time>1970-01-01T00:58:53.584Z</time>
</trkpt>
<trkpt lat="53.2638168" lon="-9.5988750">
	<ele>9.16</ele>
	<time>1970-01-01T00:58:57.053Z</time>
</trkpt>
<trkpt lat="53.2638512" lon="-9.5987968">
	<ele>8.91</ele>
	<time>1970-01-01T00:58:57.933Z</time>
</trkpt>
<trkpt lat="53.2639465" lon="-9.5986052">
	<ele>8.39</ele>
	<time>1970-01-01T00:58:59.806Z</time>
</trkpt>
<trkpt lat="53.2640228" lon="-9.5984421">
	<ele>8.08</ele>
	<time>1970-01-01T00:59:01.365Z</time>
</trkpt>
<trkpt lat="53.2641792" lon="-9.5981197">
	<ele>7.99</ele>
	<time>1970-01-01T00:59:04.845Z</time>
</trkpt>
<trkpt lat="53.2643166" lon="-9.5978441">
	<ele>8.32</ele>
	<time>1970-01-01T00:59:08.378Z</time>
</trkpt>
<trkpt lat="53.2648468" lon="-9.5968046">
	<ele>10.19</ele>
	<time>1970-01-01T00:59:18.818Z</time>
</trkpt>
<trkpt lat="53.2649536" lon="-9.5965939">
	<ele>10.36</ele>
	<time>1970-01-01T00:59:21.493Z</time>
</trkpt>
<trkpt lat="53.2650604" lon="-9.5963964">
	<ele>10.55</ele>
	<time>1970-01-01T00:59:24.254Z</time>
</trkpt>
<trkpt lat="53.2654343" lon="-9.5957232">
	<ele>9.61</ele>
	<time>1970-01-01T00:59:32.986Z</time>
</trkpt>
<trkpt lat="53.2655106" lon="-9.5955896">
	<ele>9.18</ele>
	<time>1970-01-01T00:59:34.683Z</time>
</trkpt>
<trkpt lat="53.2656403" lon="-9.5953522">
	<ele>8.52</ele>
	<time>1970-01-01T00:59:37.411Z</time>
</trkpt>
<trkpt lat="53.2659187" lon="-9.5948744">
	<ele>7.85</ele>
	<time>1970-01-01T00:59:42.183Z</time>
</trkpt>
<trkpt lat="53.2661285" lon="-9.5944996">
	<ele>7.53</ele>
	<time>1970-01-01T00:59:46.004Z</time>
</trkpt>
<trkpt lat="53.2663612" lon="-9.5940456">
	<ele>5.92</ele>
	<time>1970-01-01T00:59:50.598Z</time>
</trkpt>
<trkpt lat="53.2665024" lon="-9.5937223">
	<ele>5.11</ele>
	<time>1970-01-01T00:59:53.710Z</time>
</trkpt>
<trkpt lat="53.2665901" lon="-9.5934458">
	<ele>5.26</ele>
	<time>1970-01-01T00:59:56.436Z</time>
</trkpt>
<trkpt lat="53.2666359" lon="-9.5933046">
	<ele>5.45</ele>
	<time>1970-01-01T00:59:57.914Z</time>
</trkpt>
<trkpt lat="53.2668304" lon="-9.5927238">
	<ele>6.83</ele>
	<time>1970-01-01T01:00:04.787Z</time>
</trkpt>
<trkpt lat="53.2669601" lon="-9.5923500">
	<ele>7.26</ele>
	<time>1970-01-01T01:00:09.411Z</time>
</trkpt>
<trkpt lat="53.2670593" lon="-9.5920916">
	<ele>7.16</ele>
	<time>1970-01-01T01:00:12.422Z</time>
</trkpt>
<trkpt lat="53.2671432" lon="-9.5918379">
	<ele>7.02</ele>
	<time>1970-01-01T01:00:14.806Z</time>
</trkpt>
<trkpt lat="53.2671928" lon="-9.5916672">
	<ele>6.89</ele>
	<time>1970-01-01T01:00:16.414Z</time>
</trkpt>
<trkpt lat="53.2672234" lon="-9.5914736">
	<ele>7.06</ele>
	<time>1970-01-01T01:00:18.077Z</time>
</trkpt>
<trkpt lat="53.2672806" lon="-9.5910368">
	<ele>7.44</ele>
	<time>1970-01-01T01:00:22.543Z</time>
</trkpt>
<trkpt lat="53.2672844" lon="-9.5909586">
	<ele>7.57</ele>
	<time>1970-01-01T01:00:23.301Z</time>
</trkpt>
<trkpt lat="53.2673569" lon="-9.5906916">
	<ele>6.94</ele>
	<time>1970-01-01T01:00:26.213Z</time>
</trkpt>
<trkpt lat="53.2674026" lon="-9.5905819">
	<ele>6.40</ele>
	<time>1970-01-01T01:00:27.524Z</time>
</trkpt>
<trkpt lat="53.2674637" lon="-9.5904741">
	<ele>5.72</ele>
	<time>1970-01-01T01:00:28.840Z</time>
</trkpt>
<trkpt lat="53.2675133" lon="-9.5904198">
	<ele>5.25</ele>
	<time>1970-01-01T01:00:29.682Z</time>
</trkpt>
<trkpt lat="53.2675858" lon="-9.5903397">
	<ele>4.73</ele>
	<time>1970-01-01T01:00:30.981Z</time>
</trkpt>
<trkpt lat="53.2688370" lon="-9.5895319">
	<ele>6.38</ele>
	<time>1970-01-01T01:00:55.161Z</time>
</trkpt>
<trkpt lat="53.2690926" lon="-9.5892658">
	<ele>6.83</ele>
	<time>1970-01-01T01:01:01.679Z</time>
</trkpt>
<trkpt lat="53.2696533" lon="-9.5882921">
	<ele>8.33</ele>
	<time>1970-01-01T01:01:25.559Z</time>
</trkpt>
<trkpt lat="53.2697182" lon="-9.5881948">
	<ele>8.40</ele>
	<time>1970-01-01T01:01:27.285Z</time>
</trkpt>
<trkpt lat="53.2702103" lon="-9.5875301">
	<ele>7.28</ele>
	<time>1970-01-01T01:01:35.667Z</time>
</trkpt>
<trkpt lat="53.2704887" lon="-9.5871849">
	<ele>5.85</ele>
	<time>1970-01-01T01:01:40.151Z</time>
</trkpt>
<trkpt lat="53.2708893" lon="-9.5866814">
	<ele>4.78</ele>
	<time>1970-01-01T01:01:47.578Z</time>
</trkpt>
<trkpt lat="53.2710152" lon="-9.5865297">
	<ele>4.52</ele>
	<time>1970-01-01T01:01:49.863Z</time>
</trkpt>
<trkpt lat="53.2711487" lon="-9.5863314">
	<ele>4.22</ele>
	<time>1970-01-01T01:01:52.370Z</time>
</trkpt>
<trkpt lat="53.2712479" lon="-9.5861444">
	<ele>3.96</ele>
	<time>1970-01-01T01:01:54.597Z</time>
</trkpt>
<trkpt lat="53.2713242" lon="-9.5859623">
	<ele>3.73</ele>
	<time>1970-01-01T01:01:56.523Z</time>
</trkpt>
<trkpt lat="53.2714195" lon="-9.5857210">
	<ele>3.41</ele>
	<time>1970-01-01T01:01:58.928Z</time>
</trkpt>
<trkpt lat="53.2715034" lon="-9.5854912">
	<ele>3.19</ele>
	<time>1970-01-01T01:02:01.188Z</time>
</trkpt>
<trkpt lat="53.2716904" lon="-9.5849895">
	<ele>3.01</ele>
	<time>1970-01-01T01:02:06.166Z</time>
</trkpt>
<trkpt lat="53.2718201" lon="-9.5847139">
	<ele>2.91</ele>
	<time>1970-01-01T01:02:09.148Z</time>
</trkpt>
<trkpt lat="53.2719383" lon="-9.5844898">
	<ele>2.82</ele>
	<time>1970-01-01T01:02:11.860Z</time>
</trkpt>
<trkpt lat="53.2722435" lon="-9.5839920">
	<ele>3.11</ele>
	<time>1970-01-01T01:02:19.482Z</time>
</trkpt>
<trkpt lat="53.2722778" lon="-9.5839453">
	<ele>3.20</ele>
	<time>1970-01-01T01:02:20.286Z</time>
</trkpt>
<trkpt lat="53.2723274" lon="-9.5838680">
	<ele>3.32</ele>
	<time>1970-01-01T01:02:21.575Z</time>
</trkpt>
</trkseg>
</trk>
</gpx>
