<?xml version="1.0" encoding="utf-8" standalone="yes"?>
<gpx version="1.1" creator="Locus Map, Android"
 xmlns="http://www.topografix.com/GPX/1/1"
 xmlns:xsi="http://www.w3.org/2001/XMLSchema-instance"
 xsi:schemaLocation="http://www.topografix.com/GPX/1/1 http://www.topografix.com/GPX/1/1/gpx.xsd"
 xmlns:gpxx="http://www.garmin.com/xmlschemas/GpxExtensions/v3"
 xmlns:gpxtrkx="http://www.garmin.com/xmlschemas/TrackStatsExtension/v1"
 xmlns:gpxtpx="http://www.garmin.com/xmlschemas/TrackPointExtension/v2"
 xmlns:locus="https://www.locusmap.app">
	<metadata>
		<desc>File with points/tracks from Locus Map/4.35.0</desc>
		<time>2026-08-05T10:39:31.851Z</time>
	</metadata>
<trk>
	<name>IE_03</name>
	<extensions>
		<line xmlns="http://www.topografix.com/GPX/gpx_style/0/2">
			<color>D700D7</color>
			<opacity>0.59</opacity>
			<width>6.0</width>
			<extensions>
				<locus:lsColorBase>#96D700D7</locus:lsColorBase>
				<locus:lsWidth>6.0</locus:lsWidth>
				<locus:lsUnits>PIXELS</locus:lsUnits>
			</extensions>
		</line>
		<locus:activity>cycling</locus:activity>
		<locus:rteComputeType>103</locus:rteComputeType>
	</extensions>
<trkseg>
<trkpt lat="52.5729179" lon="-7.6762538">
	<ele>166.55</ele>
	<time>1970-01-01T00:00:00.000Z</time>
</trkpt>
<trkpt lat="52.5727501" lon="-7.6761651">
	<ele>166.59</ele>
	<time>1970-01-01T00:00:03.175Z</time>
</trkpt>
<trkpt lat="52.5726852" lon="-7.6761441">
	<ele>166.63</ele>
	<time>1970-01-01T00:00:04.344Z</time>
</trkpt>
<trkpt lat="52.5715103" lon="-7.6755152">
	<ele>166.24</ele>
	<time>1970-01-01T00:00:27.403Z</time>
</trkpt>
<trkpt lat="52.5718231" lon="-7.6747651">
	<ele>162.34</ele>
	<time>1970-01-01T00:00:35.958Z</time>
</trkpt>
<trkpt lat="52.5721588" lon="-7.6748500">
	<ele>161.37</ele>
	<time>1970-01-01T00:00:41.058Z</time>
</trkpt>
<trkpt lat="52.5722847" lon="-7.6748810">
	<ele>161.03</ele>
	<time>1970-01-01T00:00:42.923Z</time>
</trkpt>
<trkpt lat="52.5725365" lon="-7.6749039">
	<ele>160.59</ele>
	<time>1970-01-01T00:00:46.434Z</time>
</trkpt>
<trkpt lat="52.5730057" lon="-7.6748948">
	<ele>161.19</ele>
	<time>1970-01-01T00:00:54.665Z</time>
</trkpt>
<trkpt lat="52.5732574" lon="-7.6749701">
	<ele>161.87</ele>
	<time>1970-01-01T00:00:57.491Z</time>
</trkpt>
<trkpt lat="52.5738106" lon="-7.6753898">
	<ele>162.35</ele>
	<time>1970-01-01T00:01:06.271Z</time>
</trkpt>
<trkpt lat="52.5743980" lon="-7.6756911">
	<ele>160.80</ele>
	<time>1970-01-01T00:01:14.461Z</time>
</trkpt>
<trkpt lat="52.5756149" lon="-7.6762209">
	<ele>153.25</ele>
	<time>1970-01-01T00:01:27.246Z</time>
</trkpt>
<trkpt lat="52.5767403" lon="-7.6767669">
	<ele>143.46</ele>
	<time>1970-01-01T00:01:37.726Z</time>
</trkpt>
<trkpt lat="52.5772934" lon="-7.6769748">
	<ele>140.56</ele>
	<time>1970-01-01T00:01:42.766Z</time>
</trkpt>
<trkpt lat="52.5773773" lon="-7.6769900">
	<ele>140.19</ele>
	<time>1970-01-01T00:01:43.540Z</time>
</trkpt>
<trkpt lat="52.5780144" lon="-7.6778331">
	<ele>139.42</ele>
	<time>1970-01-01T00:01:52.055Z</time>
</trkpt>
<trkpt lat="52.5781174" lon="-7.6779728">
	<ele>139.26</ele>
	<time>1970-01-01T00:01:53.703Z</time>
</trkpt>
<trkpt lat="52.5784721" lon="-7.6784410">
	<ele>138.77</ele>
	<time>1970-01-01T00:01:59.421Z</time>
</trkpt>
<trkpt lat="52.5786667" lon="-7.6786680">
	<ele>138.68</ele>
	<time>1970-01-01T00:02:02.853Z</time>
</trkpt>
<trkpt lat="52.5792542" lon="-7.6792712">
	<ele>136.89</ele>
	<time>1970-01-01T00:02:12.293Z</time>
</trkpt>
<trkpt lat="52.5795784" lon="-7.6795788">
	<ele>136.67</ele>
	<time>1970-01-01T00:02:17.892Z</time>
</trkpt>
<trkpt lat="52.5799332" lon="-7.6798902">
	<ele>136.66</ele>
	<time>1970-01-01T00:02:23.513Z</time>
</trkpt>
<trkpt lat="52.5802155" lon="-7.6801372">
	<ele>136.69</ele>
	<time>1970-01-01T00:02:27.986Z</time>
</trkpt>
<trkpt lat="52.5802879" lon="-7.6802120">
	<ele>136.72</ele>
	<time>1970-01-01T00:02:29.301Z</time>
</trkpt>
<trkpt lat="52.5804253" lon="-7.6803861">
	<ele>136.78</ele>
	<time>1970-01-01T00:02:31.873Z</time>
</trkpt>
<trkpt lat="52.5810623" lon="-7.6815109">
	<ele>136.44</ele>
	<time>1970-01-01T00:02:45.136Z</time>
</trkpt>
<trkpt lat="52.5815582" lon="-7.6822791">
	<ele>135.43</ele>
	<time>1970-01-01T00:02:54.376Z</time>
</trkpt>
<trkpt lat="52.5818787" lon="-7.6827469">
	<ele>134.09</ele>
	<time>1970-01-01T00:03:00.358Z</time>
</trkpt>
<trkpt lat="52.5823708" lon="-7.6834621">
	<ele>134.62</ele>
	<time>1970-01-01T00:03:09.557Z</time>
</trkpt>
<trkpt lat="52.5826797" lon="-7.6839638">
	<ele>133.21</ele>
	<time>1970-01-01T00:03:14.656Z</time>
</trkpt>
<trkpt lat="52.5827332" lon="-7.6840792">
	<ele>132.76</ele>
	<time>1970-01-01T00:03:15.726Z</time>
</trkpt>
<trkpt lat="52.5827560" lon="-7.6841631">
	<ele>132.52</ele>
	<time>1970-01-01T00:03:16.386Z</time>
</trkpt>
<trkpt lat="52.5827751" lon="-7.6842928">
	<ele>132.20</ele>
	<time>1970-01-01T00:03:17.357Z</time>
</trkpt>
<trkpt lat="52.5828476" lon="-7.6842828">
	<ele>131.74</ele>
	<time>1970-01-01T00:03:18.172Z</time>
</trkpt>
<trkpt lat="52.5843658" lon="-7.6868968">
	<ele>127.27</ele>
	<time>1970-01-01T00:03:41.506Z</time>
</trkpt>
<trkpt lat="52.5848122" lon="-7.6876888">
	<ele>127.55</ele>
	<time>1970-01-01T00:03:52.373Z</time>
</trkpt>
<trkpt lat="52.5850143" lon="-7.6880469">
	<ele>126.62</ele>
	<time>1970-01-01T00:03:57.526Z</time>
</trkpt>
<trkpt lat="52.5858421" lon="-7.6895089">
	<ele>129.17</ele>
	<time>1970-01-01T00:04:17.162Z</time>
</trkpt>
<trkpt lat="52.5859489" lon="-7.6896992">
	<ele>129.40</ele>
	<time>1970-01-01T00:04:20.365Z</time>
</trkpt>
<trkpt lat="52.5862579" lon="-7.6902461">
	<ele>130.29</ele>
	<time>1970-01-01T00:04:30.886Z</time>
</trkpt>
<trkpt lat="52.5864258" lon="-7.6905451">
	<ele>130.75</ele>
	<time>1970-01-01T00:04:36.611Z</time>
</trkpt>
<trkpt lat="52.5866699" lon="-7.6909719">
	<ele>130.92</ele>
	<time>1970-01-01T00:04:44.791Z</time>
</trkpt>
<trkpt lat="52.5872345" lon="-7.6919718">
	<ele>129.09</ele>
	<time>1970-01-01T00:04:59.092Z</time>
</trkpt>
<trkpt lat="52.5874100" lon="-7.6922798">
	<ele>129.06</ele>
	<time>1970-01-01T00:05:03.047Z</time>
</trkpt>
<trkpt lat="52.5877533" lon="-7.6928282">
	<ele>128.34</ele>
	<time>1970-01-01T00:05:09.766Z</time>
</trkpt>
<trkpt lat="52.5883598" lon="-7.6937962">
	<ele>125.88</ele>
	<time>1970-01-01T00:05:20.367Z</time>
</trkpt>
<trkpt lat="52.5900078" lon="-7.6965718">
	<ele>123.07</ele>
	<time>1970-01-01T00:06:01.262Z</time>
</trkpt>
<trkpt lat="52.5914726" lon="-7.6991391">
	<ele>124.20</ele>
	<time>1970-01-01T00:06:37.181Z</time>
</trkpt>
<trkpt lat="52.5932541" lon="-7.7022839">
	<ele>125.79</ele>
	<time>1970-01-01T00:07:28.729Z</time>
</trkpt>
<trkpt lat="52.5952568" lon="-7.7057400">
	<ele>125.13</ele>
	<time>1970-01-01T00:08:23.021Z</time>
</trkpt>
<trkpt lat="52.5959015" lon="-7.7068620">
	<ele>126.33</ele>
	<time>1970-01-01T00:08:41.962Z</time>
</trkpt>
<trkpt lat="52.5963135" lon="-7.7075830">
	<ele>127.69</ele>
	<time>1970-01-01T00:08:55.490Z</time>
</trkpt>
<trkpt lat="52.5972633" lon="-7.7091589">
	<ele>126.80</ele>
	<time>1970-01-01T00:09:21.363Z</time>
</trkpt>
<trkpt lat="52.5988388" lon="-7.7113242">
	<ele>127.24</ele>
	<time>1970-01-01T00:10:00.880Z</time>
</trkpt>
<trkpt lat="52.5998268" lon="-7.7126770">
	<ele>122.82</ele>
	<time>1970-01-01T00:10:21.748Z</time>
</trkpt>
<trkpt lat="52.6006889" lon="-7.7138972">
	<ele>125.56</ele>
	<time>1970-01-01T00:10:39.943Z</time>
</trkpt>
<trkpt lat="52.6045723" lon="-7.7206149">
	<ele>124.01</ele>
	<time>1970-01-01T00:12:19.141Z</time>
</trkpt>
<trkpt lat="52.6064377" lon="-7.7238522">
	<ele>125.43</ele>
	<time>1970-01-01T00:13:14.182Z</time>
</trkpt>
<trkpt lat="52.6080780" lon="-7.7266812">
	<ele>129.42</ele>
	<time>1970-01-01T00:14:00.866Z</time>
</trkpt>
<trkpt lat="52.6099701" lon="-7.7300038">
	<ele>126.98</ele>
	<time>1970-01-01T00:15:02.273Z</time>
</trkpt>
<trkpt lat="52.6127548" lon="-7.7331409">
	<ele>121.34</ele>
	<time>1970-01-01T00:15:51.737Z</time>
</trkpt>
<trkpt lat="52.6131935" lon="-7.7336569">
	<ele>120.29</ele>
	<time>1970-01-01T00:16:00.665Z</time>
</trkpt>
<trkpt lat="52.6143990" lon="-7.7350459">
	<ele>121.10</ele>
	<time>1970-01-01T00:16:26.928Z</time>
</trkpt>
<trkpt lat="52.6155205" lon="-7.7363100">
	<ele>123.51</ele>
	<time>1970-01-01T00:16:49.517Z</time>
</trkpt>
<trkpt lat="52.6155510" lon="-7.7363391">
	<ele>123.60</ele>
	<time>1970-01-01T00:16:50.155Z</time>
</trkpt>
<trkpt lat="52.6156197" lon="-7.7364039">
	<ele>123.78</ele>
	<time>1970-01-01T00:16:51.689Z</time>
</trkpt>
<trkpt lat="52.6160126" lon="-7.7368598">
	<ele>123.73</ele>
	<time>1970-01-01T00:17:01.889Z</time>
</trkpt>
<trkpt lat="52.6167183" lon="-7.7376742">
	<ele>122.13</ele>
	<time>1970-01-01T00:17:17.471Z</time>
</trkpt>
<trkpt lat="52.6171265" lon="-7.7381458">
	<ele>124.17</ele>
	<time>1970-01-01T00:17:28.910Z</time>
</trkpt>
<trkpt lat="52.6173630" lon="-7.7384129">
	<ele>124.86</ele>
	<time>1970-01-01T00:17:35.768Z</time>
</trkpt>
<trkpt lat="52.6176720" lon="-7.7387919">
	<ele>125.28</ele>
	<time>1970-01-01T00:17:43.813Z</time>
</trkpt>
<trkpt lat="52.6184044" lon="-7.7396550">
	<ele>124.94</ele>
	<time>1970-01-01T00:18:00.033Z</time>
</trkpt>
<trkpt lat="52.6187325" lon="-7.7400532">
	<ele>123.66</ele>
	<time>1970-01-01T00:18:06.706Z</time>
</trkpt>
<trkpt lat="52.6188354" lon="-7.7401638">
	<ele>123.28</ele>
	<time>1970-01-01T00:18:08.722Z</time>
</trkpt>
<trkpt lat="52.6188850" lon="-7.7402158">
	<ele>123.06</ele>
	<time>1970-01-01T00:18:09.744Z</time>
</trkpt>
<trkpt lat="52.6188850" lon="-7.7402158">
	<ele>123.06</ele>
	<time>1970-01-01T07:58:43.421Z</time>
</trkpt>
<trkpt lat="52.6190338" lon="-7.7403140">
	<ele>122.51</ele>
	<time>1970-01-01T07:58:45.936Z</time>
</trkpt>
<trkpt lat="52.6191597" lon="-7.7403579">
	<ele>122.12</ele>
	<time>1970-01-01T07:58:47.832Z</time>
</trkpt>
<trkpt lat="52.6193886" lon="-7.7404370">
	<ele>121.47</ele>
	<time>1970-01-01T07:58:50.837Z</time>
</trkpt>
<trkpt lat="52.6198273" lon="-7.7405610">
	<ele>120.52</ele>
	<time>1970-01-01T07:58:58.992Z</time>
</trkpt>
<trkpt lat="52.6201439" lon="-7.7406721">
	<ele>119.60</ele>
	<time>1970-01-01T07:59:03.786Z</time>
</trkpt>
<trkpt lat="52.6202011" lon="-7.7407022">
	<ele>119.37</ele>
	<time>1970-01-01T07:59:04.758Z</time>
</trkpt>
<trkpt lat="52.6203041" lon="-7.7407560">
	<ele>118.92</ele>
	<time>1970-01-01T07:59:06.358Z</time>
</trkpt>
<trkpt lat="52.6207047" lon="-7.7410078">
	<ele>117.57</ele>
	<time>1970-01-01T07:59:12.658Z</time>
</trkpt>
<trkpt lat="52.6209335" lon="-7.7411661">
	<ele>117.61</ele>
	<time>1970-01-01T07:59:16.667Z</time>
</trkpt>
<trkpt lat="52.6210327" lon="-7.7412329">
	<ele>117.79</ele>
	<time>1970-01-01T07:59:18.432Z</time>
</trkpt>
<trkpt lat="52.6212807" lon="-7.7414498">
	<ele>118.53</ele>
	<time>1970-01-01T07:59:23.372Z</time>
</trkpt>
<trkpt lat="52.6215515" lon="-7.7417588">
	<ele>119.34</ele>
	<time>1970-01-01T07:59:27.161Z</time>
</trkpt>
<trkpt lat="52.6219254" lon="-7.7422051">
	<ele>120.18</ele>
	<time>1970-01-01T07:59:33.201Z</time>
</trkpt>
<trkpt lat="52.6222496" lon="-7.7425718">
	<ele>120.59</ele>
	<time>1970-01-01T07:59:39.358Z</time>
</trkpt>
<trkpt lat="52.6224937" lon="-7.7428021">
	<ele>120.73</ele>
	<time>1970-01-01T07:59:43.935Z</time>
</trkpt>
<trkpt lat="52.6227188" lon="-7.7428899">
	<ele>120.29</ele>
	<time>1970-01-01T07:59:47.676Z</time>
</trkpt>
<trkpt lat="52.6229820" lon="-7.7429428">
	<ele>119.25</ele>
	<time>1970-01-01T07:59:51.699Z</time>
</trkpt>
<trkpt lat="52.6234970" lon="-7.7430668">
	<ele>118.08</ele>
	<time>1970-01-01T07:59:59.688Z</time>
</trkpt>
<trkpt lat="52.6238594" lon="-7.7431369">
	<ele>118.89</ele>
	<time>1970-01-01T08:00:06.455Z</time>
</trkpt>
<trkpt lat="52.6240501" lon="-7.7431731">
	<ele>119.44</ele>
	<time>1970-01-01T08:00:10.395Z</time>
</trkpt>
<trkpt lat="52.6242943" lon="-7.7431779">
	<ele>119.65</ele>
	<time>1970-01-01T08:00:15.652Z</time>
</trkpt>
<trkpt lat="52.6243706" lon="-7.7431650">
	<ele>119.63</ele>
	<time>1970-01-01T08:00:17.248Z</time>
</trkpt>
<trkpt lat="52.6251373" lon="-7.7430539">
	<ele>118.78</ele>
	<time>1970-01-01T08:00:30.298Z</time>
</trkpt>
<trkpt lat="52.6254005" lon="-7.7430320">
	<ele>117.81</ele>
	<time>1970-01-01T08:00:34.013Z</time>
</trkpt>
<trkpt lat="52.6256485" lon="-7.7430940">
	<ele>116.77</ele>
	<time>1970-01-01T08:00:37.175Z</time>
</trkpt>
<trkpt lat="52.6257668" lon="-7.7431250">
	<ele>116.40</ele>
	<time>1970-01-01T08:00:38.713Z</time>
</trkpt>
<trkpt lat="52.6261749" lon="-7.7432041">
	<ele>116.38</ele>
	<time>1970-01-01T08:00:44.487Z</time>
</trkpt>
<trkpt lat="52.6268578" lon="-7.7433782">
	<ele>116.83</ele>
	<time>1970-01-01T08:00:55.880Z</time>
</trkpt>
<trkpt lat="52.6273232" lon="-7.7435141">
	<ele>115.97</ele>
	<time>1970-01-01T08:01:03.407Z</time>
</trkpt>
<trkpt lat="52.6280289" lon="-7.7436771">
	<ele>115.65</ele>
	<time>1970-01-01T08:01:14.497Z</time>
</trkpt>
<trkpt lat="52.6281891" lon="-7.7436728">
	<ele>115.64</ele>
	<time>1970-01-01T08:01:17.199Z</time>
</trkpt>
<trkpt lat="52.6282883" lon="-7.7436018">
	<ele>115.69</ele>
	<time>1970-01-01T08:01:19.027Z</time>
</trkpt>
<trkpt lat="52.6283798" lon="-7.7434959">
	<ele>115.72</ele>
	<time>1970-01-01T08:01:20.993Z</time>
</trkpt>
<trkpt lat="52.6284637" lon="-7.7434492">
	<ele>115.62</ele>
	<time>1970-01-01T08:01:22.534Z</time>
</trkpt>
<trkpt lat="52.6283836" lon="-7.7429361">
	<ele>116.43</ele>
	<time>1970-01-01T08:01:29.232Z</time>
</trkpt>
<trkpt lat="52.6292038" lon="-7.7417350">
	<ele>115.94</ele>
	<time>1970-01-01T08:01:49.058Z</time>
</trkpt>
<trkpt lat="52.6294937" lon="-7.7415018">
	<ele>115.51</ele>
	<time>1970-01-01T08:01:55.353Z</time>
</trkpt>
<trkpt lat="52.6316872" lon="-7.7403059">
	<ele>116.03</ele>
	<time>1970-01-01T08:02:39.966Z</time>
</trkpt>
<trkpt lat="52.6319313" lon="-7.7402020">
	<ele>116.09</ele>
	<time>1970-01-01T08:02:44.410Z</time>
</trkpt>
<trkpt lat="52.6321678" lon="-7.7401781">
	<ele>116.14</ele>
	<time>1970-01-01T08:02:48.586Z</time>
</trkpt>
<trkpt lat="52.6324730" lon="-7.7401762">
	<ele>116.01</ele>
	<time>1970-01-01T08:02:54.102Z</time>
</trkpt>
<trkpt lat="52.6332245" lon="-7.7402229">
	<ele>114.24</ele>
	<time>1970-01-01T08:03:04.702Z</time>
</trkpt>
<trkpt lat="52.6352539" lon="-7.7399511">
	<ele>115.84</ele>
	<time>1970-01-01T08:03:43.908Z</time>
</trkpt>
<trkpt lat="52.6358414" lon="-7.7398648">
	<ele>115.10</ele>
	<time>1970-01-01T08:03:53.976Z</time>
</trkpt>
<trkpt lat="52.6365776" lon="-7.7397571">
	<ele>115.02</ele>
	<time>1970-01-01T08:04:07.082Z</time>
</trkpt>
<trkpt lat="52.6380959" lon="-7.7395349">
	<ele>115.46</ele>
	<time>1970-01-01T08:04:40.197Z</time>
</trkpt>
<trkpt lat="52.6384277" lon="-7.7395382">
	<ele>115.95</ele>
	<time>1970-01-01T08:04:47.073Z</time>
</trkpt>
<trkpt lat="52.6384735" lon="-7.7395582">
	<ele>115.98</ele>
	<time>1970-01-01T08:04:47.923Z</time>
</trkpt>
<trkpt lat="52.6385040" lon="-7.7396002">
	<ele>116.00</ele>
	<time>1970-01-01T08:04:48.603Z</time>
</trkpt>
<trkpt lat="52.6387672" lon="-7.7391109">
	<ele>116.78</ele>
	<time>1970-01-01T08:04:57.438Z</time>
</trkpt>
<trkpt lat="52.6389885" lon="-7.7387052">
	<ele>118.67</ele>
	<time>1970-01-01T08:05:06.810Z</time>
</trkpt>
<trkpt lat="52.6390152" lon="-7.7386608">
	<ele>118.90</ele>
	<time>1970-01-01T08:05:07.813Z</time>
</trkpt>
<trkpt lat="52.6390381" lon="-7.7386189">
	<ele>119.09</ele>
	<time>1970-01-01T08:05:08.869Z</time>
</trkpt>
<trkpt lat="52.6391830" lon="-7.7383661">
	<ele>119.92</ele>
	<time>1970-01-01T08:05:16.420Z</time>
</trkpt>
<trkpt lat="52.6392708" lon="-7.7381921">
	<ele>120.00</ele>
	<time>1970-01-01T08:05:20.670Z</time>
</trkpt>
<trkpt lat="52.6393204" lon="-7.7382212">
	<ele>119.85</ele>
	<time>1970-01-01T08:05:22.184Z</time>
</trkpt>
<trkpt lat="52.6393852" lon="-7.7382588">
	<ele>119.60</ele>
	<time>1970-01-01T08:05:24.020Z</time>
</trkpt>
<trkpt lat="52.6397095" lon="-7.7383151">
	<ele>118.05</ele>
	<time>1970-01-01T08:05:30.518Z</time>
</trkpt>
<trkpt lat="52.6397972" lon="-7.7383218">
	<ele>117.65</ele>
	<time>1970-01-01T08:05:32.181Z</time>
</trkpt>
<trkpt lat="52.6398735" lon="-7.7383289">
	<ele>117.35</ele>
	<time>1970-01-01T08:05:33.512Z</time>
</trkpt>
<trkpt lat="52.6402092" lon="-7.7383718">
	<ele>116.77</ele>
	<time>1970-01-01T08:05:38.750Z</time>
</trkpt>
<trkpt lat="52.6407318" lon="-7.7384410">
	<ele>116.94</ele>
	<time>1970-01-01T08:05:46.345Z</time>
</trkpt>
<trkpt lat="52.6409073" lon="-7.7384639">
	<ele>116.85</ele>
	<time>1970-01-01T08:05:49.170Z</time>
</trkpt>
<trkpt lat="52.6410751" lon="-7.7384882">
	<ele>116.68</ele>
	<time>1970-01-01T08:05:51.642Z</time>
</trkpt>
<trkpt lat="52.6412659" lon="-7.7385359">
	<ele>116.42</ele>
	<time>1970-01-01T08:05:54.603Z</time>
</trkpt>
<trkpt lat="52.6413994" lon="-7.7385688">
	<ele>116.23</ele>
	<time>1970-01-01T08:05:56.581Z</time>
</trkpt>
<trkpt lat="52.6416054" lon="-7.7386570">
	<ele>115.95</ele>
	<time>1970-01-01T08:05:59.871Z</time>
</trkpt>
<trkpt lat="52.6417160" lon="-7.7387042">
	<ele>115.82</ele>
	<time>1970-01-01T08:06:01.610Z</time>
</trkpt>
<trkpt lat="52.6421661" lon="-7.7389269">
	<ele>115.34</ele>
	<time>1970-01-01T08:06:08.777Z</time>
</trkpt>
<trkpt lat="52.6423340" lon="-7.7390161">
	<ele>115.17</ele>
	<time>1970-01-01T08:06:11.364Z</time>
</trkpt>
<trkpt lat="52.6423798" lon="-7.7390490">
	<ele>115.13</ele>
	<time>1970-01-01T08:06:12.200Z</time>
</trkpt>
<trkpt lat="52.6425819" lon="-7.7391958">
	<ele>114.90</ele>
	<time>1970-01-01T08:06:15.583Z</time>
</trkpt>
<trkpt lat="52.6426926" lon="-7.7393050">
	<ele>114.73</ele>
	<time>1970-01-01T08:06:17.546Z</time>
</trkpt>
<trkpt lat="52.6428146" lon="-7.7394590">
	<ele>114.58</ele>
	<time>1970-01-01T08:06:19.986Z</time>
</trkpt>
<trkpt lat="52.6428680" lon="-7.7395310">
	<ele>114.56</ele>
	<time>1970-01-01T08:06:21.154Z</time>
</trkpt>
<trkpt lat="52.6430435" lon="-7.7397752">
	<ele>114.71</ele>
	<time>1970-01-01T08:06:25.028Z</time>
</trkpt>
<trkpt lat="52.6436043" lon="-7.7405591">
	<ele>115.29</ele>
	<time>1970-01-01T08:06:38.404Z</time>
</trkpt>
<trkpt lat="52.6441422" lon="-7.7413521">
	<ele>115.06</ele>
	<time>1970-01-01T08:06:51.034Z</time>
</trkpt>
<trkpt lat="52.6444435" lon="-7.7417779">
	<ele>115.12</ele>
	<time>1970-01-01T08:06:58.570Z</time>
</trkpt>
<trkpt lat="52.6453323" lon="-7.7430401">
	<ele>116.75</ele>
	<time>1970-01-01T08:07:23.434Z</time>
</trkpt>
<trkpt lat="52.6454315" lon="-7.7431822">
	<ele>117.48</ele>
	<time>1970-01-01T08:07:26.265Z</time>
</trkpt>
<trkpt lat="52.6458931" lon="-7.7438278">
	<ele>117.90</ele>
	<time>1970-01-01T08:07:41.205Z</time>
</trkpt>
<trkpt lat="52.6463737" lon="-7.7445102">
	<ele>116.88</ele>
	<time>1970-01-01T08:07:54.225Z</time>
</trkpt>
<trkpt lat="52.6467018" lon="-7.7449932">
	<ele>116.99</ele>
	<time>1970-01-01T08:08:02.833Z</time>
</trkpt>
<trkpt lat="52.6467514" lon="-7.7450700">
	<ele>117.10</ele>
	<time>1970-01-01T08:08:04.220Z</time>
</trkpt>
<trkpt lat="52.6469269" lon="-7.7453828">
	<ele>117.98</ele>
	<time>1970-01-01T08:08:10.225Z</time>
</trkpt>
<trkpt lat="52.6474724" lon="-7.7464728">
	<ele>118.32</ele>
	<time>1970-01-01T08:08:31.884Z</time>
</trkpt>
<trkpt lat="52.6478920" lon="-7.7472811">
	<ele>117.30</ele>
	<time>1970-01-01T08:08:42.134Z</time>
</trkpt>
<trkpt lat="52.6480331" lon="-7.7475371">
	<ele>116.46</ele>
	<time>1970-01-01T08:08:45.094Z</time>
</trkpt>
<trkpt lat="52.6482658" lon="-7.7479420">
	<ele>114.62</ele>
	<time>1970-01-01T08:08:49.274Z</time>
</trkpt>
<trkpt lat="52.6484909" lon="-7.7482958">
	<ele>113.37</ele>
	<time>1970-01-01T08:08:52.818Z</time>
</trkpt>
<trkpt lat="52.6487617" lon="-7.7486830">
	<ele>113.41</ele>
	<time>1970-01-01T08:08:57.530Z</time>
</trkpt>
<trkpt lat="52.6492386" lon="-7.7492900">
	<ele>115.29</ele>
	<time>1970-01-01T08:09:08.318Z</time>
</trkpt>
<trkpt lat="52.6496773" lon="-7.7498279">
	<ele>117.21</ele>
	<time>1970-01-01T08:09:22.020Z</time>
</trkpt>
<trkpt lat="52.6500206" lon="-7.7502270">
	<ele>117.38</ele>
	<time>1970-01-01T08:09:32.448Z</time>
</trkpt>
<trkpt lat="52.6501274" lon="-7.7503228">
	<ele>117.17</ele>
	<time>1970-01-01T08:09:34.949Z</time>
</trkpt>
<trkpt lat="52.6503143" lon="-7.7504940">
	<ele>116.75</ele>
	<time>1970-01-01T08:09:39.184Z</time>
</trkpt>
<trkpt lat="52.6504745" lon="-7.7506399">
	<ele>116.55</ele>
	<time>1970-01-01T08:09:42.274Z</time>
</trkpt>
<trkpt lat="52.6510086" lon="-7.7510972">
	<ele>117.06</ele>
	<time>1970-01-01T08:09:52.409Z</time>
</trkpt>
<trkpt lat="52.6513634" lon="-7.7513890">
	<ele>117.90</ele>
	<time>1970-01-01T08:10:01.093Z</time>
</trkpt>
<trkpt lat="52.6514511" lon="-7.7514601">
	<ele>118.05</ele>
	<time>1970-01-01T08:10:03.320Z</time>
</trkpt>
<trkpt lat="52.6517944" lon="-7.7517428">
	<ele>117.79</ele>
	<time>1970-01-01T08:10:12.138Z</time>
</trkpt>
<trkpt lat="52.6520576" lon="-7.7519550">
	<ele>116.67</ele>
	<time>1970-01-01T08:10:17.158Z</time>
</trkpt>
<trkpt lat="52.6521835" lon="-7.7520542">
	<ele>116.15</ele>
	<time>1970-01-01T08:10:19.350Z</time>
</trkpt>
<trkpt lat="52.6524277" lon="-7.7522459">
	<ele>115.52</ele>
	<time>1970-01-01T08:10:23.203Z</time>
</trkpt>
<trkpt lat="52.6530571" lon="-7.7527480">
	<ele>115.63</ele>
	<time>1970-01-01T08:10:33.404Z</time>
</trkpt>
<trkpt lat="52.6533051" lon="-7.7529502">
	<ele>115.34</ele>
	<time>1970-01-01T08:10:37.657Z</time>
</trkpt>
<trkpt lat="52.6534653" lon="-7.7531300">
	<ele>114.77</ele>
	<time>1970-01-01T08:10:40.495Z</time>
</trkpt>
<trkpt lat="52.6536980" lon="-7.7534819">
	<ele>113.66</ele>
	<time>1970-01-01T00:00:04.444Z</time>
</trkpt>
<trkpt lat="52.6551018" lon="-7.7558770">
	<ele>107.14</ele>
	<time>1970-01-01T00:00:29.676Z</time>
</trkpt>
<trkpt lat="52.6551437" lon="-7.7559562">
	<ele>107.11</ele>
	<time>1970-01-01T00:00:30.718Z</time>
</trkpt>
<trkpt lat="52.6552238" lon="-7.7561040">
	<ele>107.01</ele>
	<time>1970-01-01T00:00:32.562Z</time>
</trkpt>
<trkpt lat="52.6553307" lon="-7.7563758">
	<ele>106.67</ele>
	<time>1970-01-01T00:00:35.591Z</time>
</trkpt>
<trkpt lat="52.6553993" lon="-7.7566328">
	<ele>106.38</ele>
	<time>1970-01-01T00:00:38.297Z</time>
</trkpt>
<trkpt lat="52.6554451" lon="-7.7568831">
	<ele>106.31</ele>
	<time>1970-01-01T00:00:40.927Z</time>
</trkpt>
<trkpt lat="52.6555176" lon="-7.7573342">
	<ele>106.55</ele>
	<time>1970-01-01T00:00:46.015Z</time>
</trkpt>
<trkpt lat="52.6555367" lon="-7.7574639">
	<ele>106.63</ele>
	<time>1970-01-01T00:00:47.459Z</time>
</trkpt>
<trkpt lat="52.6555481" lon="-7.7575579">
	<ele>106.67</ele>
	<time>1970-01-01T00:00:48.113Z</time>
</trkpt>
<trkpt lat="52.6556091" lon="-7.7577839">
	<ele>106.81</ele>
	<time>1970-01-01T00:00:49.780Z</time>
</trkpt>
<trkpt lat="52.6557121" lon="-7.7580018">
	<ele>106.95</ele>
	<time>1970-01-01T00:00:51.775Z</time>
</trkpt>
<trkpt lat="52.6563644" lon="-7.7591939">
	<ele>107.65</ele>
	<time>1970-01-01T00:01:07.596Z</time>
</trkpt>
<trkpt lat="52.6569443" lon="-7.7602658">
	<ele>108.99</ele>
	<time>1970-01-01T00:01:25.157Z</time>
</trkpt>
<trkpt lat="52.6570549" lon="-7.7604718">
	<ele>108.75</ele>
	<time>1970-01-01T00:01:28.271Z</time>
</trkpt>
<trkpt lat="52.6572342" lon="-7.7608571">
	<ele>108.28</ele>
	<time>1970-01-01T00:01:33.404Z</time>
</trkpt>
<trkpt lat="52.6573296" lon="-7.7611761">
	<ele>108.14</ele>
	<time>1970-01-01T00:01:36.991Z</time>
</trkpt>
<trkpt lat="52.6574135" lon="-7.7615771">
	<ele>108.12</ele>
	<time>1970-01-01T00:01:41.435Z</time>
</trkpt>
<trkpt lat="52.6575089" lon="-7.7619610">
	<ele>108.34</ele>
	<time>1970-01-01T00:01:45.578Z</time>
</trkpt>
<trkpt lat="52.6576424" lon="-7.7625532">
	<ele>108.68</ele>
	<time>1970-01-01T00:01:52.529Z</time>
</trkpt>
<trkpt lat="52.6579323" lon="-7.7640009">
	<ele>108.82</ele>
	<time>1970-01-01T00:02:10.191Z</time>
</trkpt>
<trkpt lat="52.6584396" lon="-7.7661490">
	<ele>106.44</ele>
	<time>1970-01-01T00:02:30.548Z</time>
</trkpt>
<trkpt lat="52.6588402" lon="-7.7680960">
	<ele>105.36</ele>
	<time>1970-01-01T00:02:48.500Z</time>
</trkpt>
<trkpt lat="52.6589851" lon="-7.7687459">
	<ele>104.34</ele>
	<time>1970-01-01T00:02:54.935Z</time>
</trkpt>
<trkpt lat="52.6591530" lon="-7.7693210">
	<ele>103.01</ele>
	<time>1970-01-01T00:03:00.935Z</time>
</trkpt>
<trkpt lat="52.6592636" lon="-7.7697592">
	<ele>103.43</ele>
	<time>1970-01-01T00:03:05.407Z</time>
</trkpt>
<trkpt lat="52.6593857" lon="-7.7704039">
	<ele>104.83</ele>
	<time>1970-01-01T00:03:12.558Z</time>
</trkpt>
<trkpt lat="52.6594810" lon="-7.7711310">
	<ele>105.20</ele>
	<time>1970-01-01T00:03:21.952Z</time>
</trkpt>
<trkpt lat="52.6595535" lon="-7.7717700">
	<ele>104.59</ele>
	<time>1970-01-01T00:03:30.321Z</time>
</trkpt>
<trkpt lat="52.6596146" lon="-7.7724261">
	<ele>105.11</ele>
	<time>1970-01-01T00:03:38.487Z</time>
</trkpt>
<trkpt lat="52.6596642" lon="-7.7728701">
	<ele>105.15</ele>
	<time>1970-01-01T00:03:43.964Z</time>
</trkpt>
<trkpt lat="52.6597557" lon="-7.7732568">
	<ele>105.05</ele>
	<time>1970-01-01T00:03:48.841Z</time>
</trkpt>
<trkpt lat="52.6598892" lon="-7.7736859">
	<ele>104.93</ele>
	<time>1970-01-01T00:03:54.873Z</time>
</trkpt>
<trkpt lat="52.6601562" lon="-7.7744212">
	<ele>105.12</ele>
	<time>1970-01-01T00:04:05.695Z</time>
</trkpt>
<trkpt lat="52.6602669" lon="-7.7748861">
	<ele>105.36</ele>
	<time>1970-01-01T00:04:11.433Z</time>
</trkpt>
<trkpt lat="52.6603661" lon="-7.7753692">
	<ele>105.67</ele>
	<time>1970-01-01T00:04:18.056Z</time>
</trkpt>
<trkpt lat="52.6605034" lon="-7.7760921">
	<ele>107.30</ele>
	<time>1970-01-01T00:04:30.928Z</time>
</trkpt>
<trkpt lat="52.6606064" lon="-7.7767520">
	<ele>108.70</ele>
	<time>1970-01-01T00:04:43.303Z</time>
</trkpt>
<trkpt lat="52.6606674" lon="-7.7773852">
	<ele>108.05</ele>
	<time>1970-01-01T00:04:51.517Z</time>
</trkpt>
<trkpt lat="52.6606789" lon="-7.7775230">
	<ele>107.88</ele>
	<time>1970-01-01T00:04:53.182Z</time>
</trkpt>
<trkpt lat="52.6606636" lon="-7.7778258">
	<ele>107.47</ele>
	<time>1970-01-01T00:04:56.780Z</time>
</trkpt>
<trkpt lat="52.6606255" lon="-7.7780871">
	<ele>107.09</ele>
	<time>1970-01-01T00:04:59.499Z</time>
</trkpt>
<trkpt lat="52.6604843" lon="-7.7787962">
	<ele>106.39</ele>
	<time>1970-01-01T00:05:06.347Z</time>
</trkpt>
<trkpt lat="52.6604691" lon="-7.7790890">
	<ele>106.27</ele>
	<time>1970-01-01T00:05:08.919Z</time>
</trkpt>
<trkpt lat="52.6604729" lon="-7.7795701">
	<ele>106.04</ele>
	<time>1970-01-01T00:05:13.405Z</time>
</trkpt>
<trkpt lat="52.6605072" lon="-7.7799101">
	<ele>105.91</ele>
	<time>1970-01-01T00:05:16.684Z</time>
</trkpt>
<trkpt lat="52.6606369" lon="-7.7809172">
	<ele>105.65</ele>
	<time>1970-01-01T00:05:25.566Z</time>
</trkpt>
<trkpt lat="52.6606865" lon="-7.7812309">
	<ele>104.94</ele>
	<time>1970-01-01T00:05:28.486Z</time>
</trkpt>
<trkpt lat="52.6607704" lon="-7.7816429">
	<ele>104.06</ele>
	<time>1970-01-01T00:05:32.140Z</time>
</trkpt>
<trkpt lat="52.6609535" lon="-7.7824578">
	<ele>104.70</ele>
	<time>1970-01-01T00:05:39.933Z</time>
</trkpt>
<trkpt lat="52.6611023" lon="-7.7831349">
	<ele>103.10</ele>
	<time>1970-01-01T00:05:46.706Z</time>
</trkpt>
<trkpt lat="52.6611366" lon="-7.7833648">
	<ele>102.85</ele>
	<time>1970-01-01T00:05:49.033Z</time>
</trkpt>
<trkpt lat="52.6611595" lon="-7.7836289">
	<ele>102.92</ele>
	<time>1970-01-01T00:05:51.559Z</time>
</trkpt>
<trkpt lat="52.6611328" lon="-7.7842770">
	<ele>103.23</ele>
	<time>1970-01-01T00:05:58.008Z</time>
</trkpt>
<trkpt lat="52.6610985" lon="-7.7854772">
	<ele>101.93</ele>
	<time>1970-01-01T00:06:08.645Z</time>
</trkpt>
<trkpt lat="52.6611137" lon="-7.7857819">
	<ele>101.22</ele>
	<time>1970-01-01T00:06:11.237Z</time>
</trkpt>
<trkpt lat="52.6611176" lon="-7.7858391">
	<ele>101.10</ele>
	<time>1970-01-01T00:06:11.747Z</time>
</trkpt>
<trkpt lat="52.6611671" lon="-7.7861061">
	<ele>100.62</ele>
	<time>1970-01-01T00:06:14.000Z</time>
</trkpt>
<trkpt lat="52.6614914" lon="-7.7876568">
	<ele>100.64</ele>
	<time>1970-01-01T00:06:27.703Z</time>
</trkpt>
<trkpt lat="52.6617355" lon="-7.7887850">
	<ele>99.92</ele>
	<time>1970-01-01T00:06:39.186Z</time>
</trkpt>
<trkpt lat="52.6618195" lon="-7.7892261">
	<ele>99.86</ele>
	<time>1970-01-01T00:06:43.902Z</time>
</trkpt>
<trkpt lat="52.6619835" lon="-7.7901392">
	<ele>98.98</ele>
	<time>1970-01-01T00:06:53.067Z</time>
</trkpt>
<trkpt lat="52.6621628" lon="-7.7913480">
	<ele>99.26</ele>
	<time>1970-01-01T00:07:06.072Z</time>
</trkpt>
<trkpt lat="52.6622086" lon="-7.7915378">
	<ele>99.34</ele>
	<time>1970-01-01T00:07:08.307Z</time>
</trkpt>
<trkpt lat="52.6622162" lon="-7.7915630">
	<ele>99.35</ele>
	<time>1970-01-01T00:07:08.627Z</time>
</trkpt>
<trkpt lat="52.6622353" lon="-7.7916398">
	<ele>99.39</ele>
	<time>1970-01-01T00:07:09.590Z</time>
</trkpt>
<trkpt lat="52.6623039" lon="-7.7918420">
	<ele>99.51</ele>
	<time>1970-01-01T00:07:12.167Z</time>
</trkpt>
<trkpt lat="52.6624756" lon="-7.7922230">
	<ele>99.77</ele>
	<time>1970-01-01T00:07:17.673Z</time>
</trkpt>
<trkpt lat="52.6625748" lon="-7.7925372">
	<ele>99.91</ele>
	<time>1970-01-01T00:07:22.034Z</time>
</trkpt>
<trkpt lat="52.6625900" lon="-7.7927561">
	<ele>99.98</ele>
	<time>1970-01-01T00:07:24.718Z</time>
</trkpt>
<trkpt lat="52.6625671" lon="-7.7930980">
	<ele>100.03</ele>
	<time>1970-01-01T00:07:28.785Z</time>
</trkpt>
<trkpt lat="52.6625519" lon="-7.7934179">
	<ele>99.89</ele>
	<time>1970-01-01T00:07:32.631Z</time>
</trkpt>
<trkpt lat="52.6625633" lon="-7.7937350">
	<ele>99.43</ele>
	<time>1970-01-01T00:07:36.270Z</time>
</trkpt>
<trkpt lat="52.6625862" lon="-7.7939701">
	<ele>99.09</ele>
	<time>1970-01-01T00:07:39.025Z</time>
</trkpt>
<trkpt lat="52.6626167" lon="-7.7943258">
	<ele>99.05</ele>
	<time>1970-01-01T00:07:43.136Z</time>
</trkpt>
<trkpt lat="52.6626358" lon="-7.7944698">
	<ele>99.24</ele>
	<time>1970-01-01T00:07:44.842Z</time>
</trkpt>
<trkpt lat="52.6626778" lon="-7.7946081">
	<ele>99.44</ele>
	<time>1970-01-01T00:07:46.544Z</time>
</trkpt>
<trkpt lat="52.6628494" lon="-7.7949471">
	<ele>99.69</ele>
	<time>1970-01-01T00:07:51.347Z</time>
</trkpt>
<trkpt lat="52.6632500" lon="-7.7956882">
	<ele>98.93</ele>
	<time>1970-01-01T00:08:02.797Z</time>
</trkpt>
<trkpt lat="52.6635399" lon="-7.7962260">
	<ele>99.73</ele>
	<time>1970-01-01T00:08:11.087Z</time>
</trkpt>
<trkpt lat="52.6637878" lon="-7.7966971">
	<ele>99.88</ele>
	<time>1970-01-01T00:08:17.435Z</time>
</trkpt>
<trkpt lat="52.6639633" lon="-7.7970290">
	<ele>98.88</ele>
	<time>1970-01-01T00:08:22.107Z</time>
</trkpt>
<trkpt lat="52.6640511" lon="-7.7971940">
	<ele>98.36</ele>
	<time>1970-01-01T00:08:24.337Z</time>
</trkpt>
<trkpt lat="52.6643524" lon="-7.7977571">
	<ele>98.41</ele>
	<time>1970-01-01T00:08:31.778Z</time>
</trkpt>
<trkpt lat="52.6644249" lon="-7.7978702">
	<ele>98.65</ele>
	<time>1970-01-01T00:08:33.345Z</time>
</trkpt>
<trkpt lat="52.6645203" lon="-7.7979650">
	<ele>98.78</ele>
	<time>1970-01-01T00:08:35.084Z</time>
</trkpt>
<trkpt lat="52.6645851" lon="-7.7979970">
	<ele>98.78</ele>
	<time>1970-01-01T00:08:36.191Z</time>
</trkpt>
<trkpt lat="52.6646423" lon="-7.7979970">
	<ele>98.75</ele>
	<time>1970-01-01T00:08:37.031Z</time>
</trkpt>
<trkpt lat="52.6646767" lon="-7.7979970">
	<ele>98.72</ele>
	<time>1970-01-01T00:08:37.596Z</time>
</trkpt>
<trkpt lat="52.6647758" lon="-7.7979431">
	<ele>98.67</ele>
	<time>1970-01-01T00:08:39.310Z</time>
</trkpt>
<trkpt lat="52.6648712" lon="-7.7978449">
	<ele>98.71</ele>
	<time>1970-01-01T00:08:40.957Z</time>
</trkpt>
<trkpt lat="52.6650429" lon="-7.7976499">
	<ele>98.83</ele>
	<time>1970-01-01T00:08:44.039Z</time>
</trkpt>
<trkpt lat="52.6652527" lon="-7.7974162">
	<ele>98.66</ele>
	<time>1970-01-01T00:08:47.772Z</time>
</trkpt>
<trkpt lat="52.6653862" lon="-7.7972531">
	<ele>98.30</ele>
	<time>1970-01-01T00:08:50.278Z</time>
</trkpt>
<trkpt lat="52.6655197" lon="-7.7971621">
	<ele>97.84</ele>
	<time>1970-01-01T00:08:52.567Z</time>
</trkpt>
<trkpt lat="52.6655998" lon="-7.7971320">
	<ele>97.57</ele>
	<time>1970-01-01T00:08:53.876Z</time>
</trkpt>
<trkpt lat="52.6657104" lon="-7.7971182">
	<ele>97.24</ele>
	<time>1970-01-01T00:08:55.647Z</time>
</trkpt>
<trkpt lat="52.6659660" lon="-7.7971740">
	<ele>96.71</ele>
	<time>1970-01-01T00:08:59.577Z</time>
</trkpt>
<trkpt lat="52.6664352" lon="-7.7973280">
	<ele>95.63</ele>
	<time>1970-01-01T00:09:05.872Z</time>
</trkpt>
<trkpt lat="52.6665955" lon="-7.7973299">
	<ele>95.41</ele>
	<time>1970-01-01T00:09:07.952Z</time>
</trkpt>
<trkpt lat="52.6669769" lon="-7.7973132">
	<ele>95.57</ele>
	<time>1970-01-01T00:09:13.603Z</time>
</trkpt>
<trkpt lat="52.6669998" lon="-7.7973151">
	<ele>95.60</ele>
	<time>1970-01-01T00:09:14.017Z</time>
</trkpt>
<trkpt lat="52.6669998" lon="-7.7973151">
	<ele>95.60</ele>
	<time>1970-01-01T09:09:08.697Z</time>
</trkpt>
<trkpt lat="52.6672935" lon="-7.7973280">
	<ele>96.01</ele>
	<time>1970-01-01T09:09:14.903Z</time>
</trkpt>
<trkpt lat="52.6679306" lon="-7.7973199">
	<ele>96.23</ele>
	<time>1970-01-01T09:09:27.639Z</time>
</trkpt>
<trkpt lat="52.6680183" lon="-7.7973180">
	<ele>96.22</ele>
	<time>1970-01-01T09:09:29.389Z</time>
</trkpt>
<trkpt lat="52.6687279" lon="-7.7973070">
	<ele>96.41</ele>
	<time>1970-01-01T09:09:42.995Z</time>
</trkpt>
<trkpt lat="52.6689339" lon="-7.7973099">
	<ele>96.57</ele>
	<time>1970-01-01T09:09:46.906Z</time>
</trkpt>
<trkpt lat="52.6692543" lon="-7.7973170">
	<ele>97.00</ele>
	<time>1970-01-01T09:09:53.366Z</time>
</trkpt>
<trkpt lat="52.6694756" lon="-7.7973218">
	<ele>97.48</ele>
	<time>1970-01-01T09:09:58.469Z</time>
</trkpt>
<trkpt lat="52.6695633" lon="-7.7973342">
	<ele>97.68</ele>
	<time>1970-01-01T09:10:00.515Z</time>
</trkpt>
<trkpt lat="52.6696777" lon="-7.7973480">
	<ele>97.92</ele>
	<time>1970-01-01T09:10:03.262Z</time>
</trkpt>
<trkpt lat="52.6702576" lon="-7.7974801">
	<ele>98.40</ele>
	<time>1970-01-01T09:10:19.033Z</time>
</trkpt>
<trkpt lat="52.6704063" lon="-7.7975130">
	<ele>98.51</ele>
	<time>1970-01-01T09:10:22.655Z</time>
</trkpt>
<trkpt lat="52.6706276" lon="-7.7975650">
	<ele>98.65</ele>
	<time>1970-01-01T09:10:28.072Z</time>
</trkpt>
<trkpt lat="52.6709137" lon="-7.7976470">
	<ele>98.69</ele>
	<time>1970-01-01T09:10:34.570Z</time>
</trkpt>
<trkpt lat="52.6709480" lon="-7.7976599">
	<ele>98.67</ele>
	<time>1970-01-01T09:10:35.355Z</time>
</trkpt>
<trkpt lat="52.6710548" lon="-7.7976971">
	<ele>98.59</ele>
	<time>1970-01-01T09:10:37.533Z</time>
</trkpt>
<trkpt lat="52.6711807" lon="-7.7977581">
	<ele>98.42</ele>
	<time>1970-01-01T09:10:39.891Z</time>
</trkpt>
<trkpt lat="52.6712646" lon="-7.7978020">
	<ele>98.29</ele>
	<time>1970-01-01T09:10:41.469Z</time>
</trkpt>
<trkpt lat="52.6712875" lon="-7.7978172">
	<ele>98.24</ele>
	<time>1970-01-01T09:10:41.945Z</time>
</trkpt>
<trkpt lat="52.6714325" lon="-7.7979031">
	<ele>98.00</ele>
	<time>1970-01-01T09:10:44.494Z</time>
</trkpt>
<trkpt lat="52.6718369" lon="-7.7981262">
	<ele>97.84</ele>
	<time>1970-01-01T09:10:51.744Z</time>
</trkpt>
<trkpt lat="52.6719437" lon="-7.7981620">
	<ele>98.04</ele>
	<time>1970-01-01T09:10:53.757Z</time>
</trkpt>
<trkpt lat="52.6723785" lon="-7.7982869">
	<ele>98.96</ele>
	<time>1970-01-01T09:11:03.448Z</time>
</trkpt>
<trkpt lat="52.6725197" lon="-7.7983260">
	<ele>99.03</ele>
	<time>1970-01-01T09:11:06.667Z</time>
</trkpt>
<trkpt lat="52.6730995" lon="-7.7984972">
	<ele>97.78</ele>
	<time>1970-01-01T09:11:17.397Z</time>
</trkpt>
<trkpt lat="52.6735382" lon="-7.7986412">
	<ele>97.31</ele>
	<time>1970-01-01T09:11:25.205Z</time>
</trkpt>
<trkpt lat="52.6743774" lon="-7.7989612">
	<ele>98.17</ele>
	<time>1970-01-01T09:11:41.401Z</time>
</trkpt>
<trkpt lat="52.6745415" lon="-7.7990060">
	<ele>98.73</ele>
	<time>1970-01-01T09:11:45.024Z</time>
</trkpt>
<trkpt lat="52.6746788" lon="-7.7990308">
	<ele>99.25</ele>
	<time>1970-01-01T09:11:48.220Z</time>
</trkpt>
<trkpt lat="52.6747627" lon="-7.7990460">
	<ele>99.54</ele>
	<time>1970-01-01T09:11:50.215Z</time>
</trkpt>
<trkpt lat="52.6753120" lon="-7.7990980">
	<ele>100.70</ele>
	<time>1970-01-01T09:12:06.413Z</time>
</trkpt>
<trkpt lat="52.6759949" lon="-7.7991619">
	<ele>101.08</ele>
	<time>1970-01-01T09:12:24.176Z</time>
</trkpt>
<trkpt lat="52.6761932" lon="-7.7991772">
	<ele>101.11</ele>
	<time>1970-01-01T09:12:28.963Z</time>
</trkpt>
<trkpt lat="52.6763573" lon="-7.7991729">
	<ele>101.11</ele>
	<time>1970-01-01T09:12:32.945Z</time>
</trkpt>
<trkpt lat="52.6765823" lon="-7.7991509">
	<ele>101.07</ele>
	<time>1970-01-01T09:12:38.521Z</time>
</trkpt>
<trkpt lat="52.6766472" lon="-7.7991281">
	<ele>101.08</ele>
	<time>1970-01-01T09:12:40.122Z</time>
</trkpt>
<trkpt lat="52.6771431" lon="-7.7989411">
	<ele>100.83</ele>
	<time>1970-01-01T09:12:51.288Z</time>
</trkpt>
<trkpt lat="52.6775665" lon="-7.7987561">
	<ele>101.22</ele>
	<time>1970-01-01T09:13:00.888Z</time>
</trkpt>
<trkpt lat="52.6778564" lon="-7.7986512">
	<ele>101.51</ele>
	<time>1970-01-01T09:13:07.389Z</time>
</trkpt>
<trkpt lat="52.6780739" lon="-7.7985988">
	<ele>101.52</ele>
	<time>1970-01-01T09:13:12.416Z</time>
</trkpt>
<trkpt lat="52.6785393" lon="-7.7985139">
	<ele>102.19</ele>
	<time>1970-01-01T09:13:24.057Z</time>
</trkpt>
<trkpt lat="52.6789474" lon="-7.7984819">
	<ele>103.89</ele>
	<time>1970-01-01T09:13:35.336Z</time>
</trkpt>
<trkpt lat="52.6793289" lon="-7.7984591">
	<ele>105.02</ele>
	<time>1970-01-01T09:13:46.162Z</time>
</trkpt>
<trkpt lat="52.6794548" lon="-7.7984252">
	<ele>105.32</ele>
	<time>1970-01-01T09:13:49.406Z</time>
</trkpt>
<trkpt lat="52.6795044" lon="-7.7984128">
	<ele>105.42</ele>
	<time>1970-01-01T09:13:50.610Z</time>
</trkpt>
<trkpt lat="52.6797562" lon="-7.7983689">
	<ele>105.77</ele>
	<time>1970-01-01T09:13:57.398Z</time>
</trkpt>
<trkpt lat="52.6805687" lon="-7.7983098">
	<ele>106.09</ele>
	<time>1970-01-01T09:14:17.812Z</time>
</trkpt>
<trkpt lat="52.6807938" lon="-7.7983570">
	<ele>105.93</ele>
	<time>1970-01-01T09:14:22.441Z</time>
</trkpt>
<trkpt lat="52.6808853" lon="-7.7983909">
	<ele>105.82</ele>
	<time>1970-01-01T09:14:24.262Z</time>
</trkpt>
<trkpt lat="52.6810837" lon="-7.7984638">
	<ele>105.55</ele>
	<time>1970-01-01T09:14:28.148Z</time>
</trkpt>
<trkpt lat="52.6813812" lon="-7.7985988">
	<ele>105.08</ele>
	<time>1970-01-01T09:14:33.876Z</time>
</trkpt>
<trkpt lat="52.6815605" lon="-7.7986808">
	<ele>104.88</ele>
	<time>1970-01-01T09:14:37.408Z</time>
</trkpt>
<trkpt lat="52.6820374" lon="-7.7989569">
	<ele>104.78</ele>
	<time>1970-01-01T09:14:46.333Z</time>
</trkpt>
<trkpt lat="52.6825218" lon="-7.7992358">
	<ele>104.92</ele>
	<time>1970-01-01T09:14:54.728Z</time>
</trkpt>
<trkpt lat="52.6827316" lon="-7.7993770">
	<ele>104.60</ele>
	<time>1970-01-01T09:14:58.357Z</time>
</trkpt>
<trkpt lat="52.6828384" lon="-7.7990341">
	<ele>104.79</ele>
	<time>1970-01-01T09:15:03.004Z</time>
</trkpt>
<trkpt lat="52.6829147" lon="-7.7990751">
	<ele>104.61</ele>
	<time>1970-01-01T09:15:04.494Z</time>
</trkpt>
<trkpt lat="52.6832123" lon="-7.7992311">
	<ele>104.00</ele>
	<time>1970-01-01T09:15:09.980Z</time>
</trkpt>
<trkpt lat="52.6835442" lon="-7.7993970">
	<ele>103.96</ele>
	<time>1970-01-01T09:15:15.583Z</time>
</trkpt>
<trkpt lat="52.6839790" lon="-7.7996130">
	<ele>103.66</ele>
	<time>1970-01-01T09:15:21.859Z</time>
</trkpt>
<trkpt lat="52.6842346" lon="-7.7997222">
	<ele>102.87</ele>
	<time>1970-01-01T09:15:25.299Z</time>
</trkpt>
<trkpt lat="52.6843834" lon="-7.7997861">
	<ele>102.28</ele>
	<time>1970-01-01T09:15:27.166Z</time>
</trkpt>
<trkpt lat="52.6846581" lon="-7.7998810">
	<ele>101.23</ele>
	<time>1970-01-01T09:15:30.415Z</time>
</trkpt>
<trkpt lat="52.6848297" lon="-7.7998939">
	<ele>100.76</ele>
	<time>1970-01-01T09:15:32.410Z</time>
</trkpt>
<trkpt lat="52.6849823" lon="-7.7998562">
	<ele>100.51</ele>
	<time>1970-01-01T09:15:34.230Z</time>
</trkpt>
<trkpt lat="52.6851158" lon="-7.7997699">
	<ele>100.47</ele>
	<time>1970-01-01T09:15:35.965Z</time>
</trkpt>
<trkpt lat="52.6853142" lon="-7.7996001">
	<ele>100.46</ele>
	<time>1970-01-01T09:15:38.861Z</time>
</trkpt>
<trkpt lat="52.6857605" lon="-7.7990708">
	<ele>100.36</ele>
	<time>1970-01-01T09:15:46.149Z</time>
</trkpt>
<trkpt lat="52.6860733" lon="-7.7985668">
	<ele>100.20</ele>
	<time>1970-01-01T09:15:53.509Z</time>
</trkpt>
<trkpt lat="52.6862755" lon="-7.7982621">
	<ele>100.50</ele>
	<time>1970-01-01T09:15:58.922Z</time>
</trkpt>
<trkpt lat="52.6864433" lon="-7.7980719">
	<ele>100.85</ele>
	<time>1970-01-01T09:16:03.152Z</time>
</trkpt>
<trkpt lat="52.6865349" lon="-7.7980018">
	<ele>100.95</ele>
	<time>1970-01-01T09:16:05.144Z</time>
</trkpt>
<trkpt lat="52.6866341" lon="-7.7979269">
	<ele>101.03</ele>
	<time>1970-01-01T09:16:07.446Z</time>
</trkpt>
<trkpt lat="52.6871529" lon="-7.7976170">
	<ele>100.55</ele>
	<time>1970-01-01T09:16:17.569Z</time>
</trkpt>
<trkpt lat="52.6875610" lon="-7.7973819">
	<ele>100.18</ele>
	<time>1970-01-01T09:16:25.144Z</time>
</trkpt>
<trkpt lat="52.6879196" lon="-7.7972040">
	<ele>100.27</ele>
	<time>1970-01-01T09:16:32.294Z</time>
</trkpt>
<trkpt lat="52.6882057" lon="-7.7970381">
	<ele>100.69</ele>
	<time>1970-01-01T09:16:38.770Z</time>
</trkpt>
<trkpt lat="52.6886826" lon="-7.7967410">
	<ele>101.21</ele>
	<time>1970-01-01T09:16:49.692Z</time>
</trkpt>
<trkpt lat="52.6893120" lon="-7.7963791">
	<ele>102.32</ele>
	<time>1970-01-01T09:17:05.912Z</time>
</trkpt>
<trkpt lat="52.6893845" lon="-7.7963362">
	<ele>102.51</ele>
	<time>1970-01-01T09:17:07.618Z</time>
</trkpt>
<trkpt lat="52.6898956" lon="-7.7959151">
	<ele>102.22</ele>
	<time>1970-01-01T09:17:24.080Z</time>
</trkpt>
<trkpt lat="52.6905251" lon="-7.7953358">
	<ele>101.93</ele>
	<time>1970-01-01T09:17:37.075Z</time>
</trkpt>
<trkpt lat="52.6909523" lon="-7.7950592">
	<ele>102.05</ele>
	<time>1970-01-01T09:17:44.653Z</time>
</trkpt>
<trkpt lat="52.6917534" lon="-7.7944851">
	<ele>105.19</ele>
	<time>1970-01-01T09:18:06.510Z</time>
</trkpt>
<trkpt lat="52.6921196" lon="-7.7942410">
	<ele>105.16</ele>
	<time>1970-01-01T09:18:15.483Z</time>
</trkpt>
<trkpt lat="52.6922531" lon="-7.7941298">
	<ele>105.21</ele>
	<time>1970-01-01T09:18:18.989Z</time>
</trkpt>
<trkpt lat="52.6924667" lon="-7.7938900">
	<ele>105.40</ele>
	<time>1970-01-01T09:18:25.649Z</time>
</trkpt>
<trkpt lat="52.6926155" lon="-7.7937078">
	<ele>105.46</ele>
	<time>1970-01-01T09:18:30.274Z</time>
</trkpt>
<trkpt lat="52.6929512" lon="-7.7934322">
	<ele>104.88</ele>
	<time>1970-01-01T09:18:37.922Z</time>
</trkpt>
<trkpt lat="52.6932106" lon="-7.7932072">
	<ele>104.27</ele>
	<time>1970-01-01T09:18:42.971Z</time>
</trkpt>
<trkpt lat="52.6933670" lon="-7.7931051">
	<ele>104.03</ele>
	<time>1970-01-01T09:18:45.833Z</time>
</trkpt>
<trkpt lat="52.6933975" lon="-7.7930999">
	<ele>104.00</ele>
	<time>1970-01-01T09:18:46.442Z</time>
</trkpt>
<trkpt lat="52.6934929" lon="-7.7930841">
	<ele>103.93</ele>
	<time>1970-01-01T09:18:47.974Z</time>
</trkpt>
<trkpt lat="52.6936264" lon="-7.7930841">
	<ele>103.89</ele>
	<time>1970-01-01T09:18:50.296Z</time>
</trkpt>
<trkpt lat="52.6937523" lon="-7.7931342">
	<ele>103.92</ele>
	<time>1970-01-01T09:18:52.484Z</time>
</trkpt>
<trkpt lat="52.6938934" lon="-7.7932181">
	<ele>103.99</ele>
	<time>1970-01-01T09:18:55.167Z</time>
</trkpt>
<trkpt lat="52.6940269" lon="-7.7932820">
	<ele>104.03</ele>
	<time>1970-01-01T09:18:57.414Z</time>
</trkpt>
<trkpt lat="52.6941185" lon="-7.7933130">
	<ele>104.02</ele>
	<time>1970-01-01T09:18:59.028Z</time>
</trkpt>
<trkpt lat="52.6942062" lon="-7.7933369">
	<ele>103.97</ele>
	<time>1970-01-01T09:19:00.550Z</time>
</trkpt>
<trkpt lat="52.6943398" lon="-7.7933450">
	<ele>103.86</ele>
	<time>1970-01-01T09:19:02.857Z</time>
</trkpt>
<trkpt lat="52.6944389" lon="-7.7933321">
	<ele>103.75</ele>
	<time>1970-01-01T09:19:04.464Z</time>
</trkpt>
<trkpt lat="52.6945572" lon="-7.7932701">
	<ele>103.59</ele>
	<time>1970-01-01T09:19:06.542Z</time>
</trkpt>
<trkpt lat="52.6947556" lon="-7.7931261">
	<ele>103.26</ele>
	<time>1970-01-01T09:19:09.976Z</time>
</trkpt>
<trkpt lat="52.6950302" lon="-7.7928638">
	<ele>102.83</ele>
	<time>1970-01-01T09:19:15.470Z</time>
</trkpt>
<trkpt lat="52.6952629" lon="-7.7926259">
	<ele>102.67</ele>
	<time>1970-01-01T09:19:20.151Z</time>
</trkpt>
<trkpt lat="52.6954346" lon="-7.7924361">
	<ele>102.68</ele>
	<time>1970-01-01T09:19:23.508Z</time>
</trkpt>
<trkpt lat="52.6956558" lon="-7.7921052">
	<ele>102.84</ele>
	<time>1970-01-01T09:19:28.221Z</time>
</trkpt>
<trkpt lat="52.6959000" lon="-7.7917619">
	<ele>102.70</ele>
	<time>1970-01-01T09:19:33.595Z</time>
</trkpt>
<trkpt lat="52.6960297" lon="-7.7916179">
	<ele>102.55</ele>
	<time>1970-01-01T09:19:36.199Z</time>
</trkpt>
<trkpt lat="52.6961899" lon="-7.7914939">
	<ele>102.44</ele>
	<time>1970-01-01T09:19:39.307Z</time>
</trkpt>
<trkpt lat="52.6968498" lon="-7.7911639">
	<ele>103.41</ele>
	<time>1970-01-01T09:19:51.046Z</time>
</trkpt>
<trkpt lat="52.6971664" lon="-7.7909651">
	<ele>103.60</ele>
	<time>1970-01-01T09:19:57.425Z</time>
</trkpt>
<trkpt lat="52.6972160" lon="-7.7909260">
	<ele>103.55</ele>
	<time>1970-01-01T09:19:58.432Z</time>
</trkpt>
<trkpt lat="52.6974220" lon="-7.7907538">
	<ele>103.25</ele>
	<time>1970-01-01T09:20:03.062Z</time>
</trkpt>
<trkpt lat="52.6975594" lon="-7.7906141">
	<ele>103.14</ele>
	<time>1970-01-01T09:20:06.228Z</time>
</trkpt>
<trkpt lat="52.6976395" lon="-7.7904730">
	<ele>103.21</ele>
	<time>1970-01-01T09:20:08.650Z</time>
</trkpt>
<trkpt lat="52.6977005" lon="-7.7902832">
	<ele>103.44</ele>
	<time>1970-01-01T09:20:11.399Z</time>
</trkpt>
<trkpt lat="52.6977959" lon="-7.7898250">
	<ele>104.38</ele>
	<time>1970-01-01T09:20:18.468Z</time>
</trkpt>
<trkpt lat="52.6979027" lon="-7.7897010">
	<ele>104.75</ele>
	<time>1970-01-01T09:20:21.719Z</time>
</trkpt>
<trkpt lat="52.6981010" lon="-7.7895641">
	<ele>105.17</ele>
	<time>1970-01-01T09:20:27.010Z</time>
</trkpt>
<trkpt lat="52.6985283" lon="-7.7894201">
	<ele>105.28</ele>
	<time>1970-01-01T09:20:36.745Z</time>
</trkpt>
<trkpt lat="52.6988297" lon="-7.7893562">
	<ele>105.00</ele>
	<time>1970-01-01T09:20:43.196Z</time>
</trkpt>
<trkpt lat="52.6990013" lon="-7.7893329">
	<ele>104.80</ele>
	<time>1970-01-01T09:20:46.693Z</time>
</trkpt>
<trkpt lat="52.6992149" lon="-7.7892871">
	<ele>104.64</ele>
	<time>1970-01-01T09:20:51.028Z</time>
</trkpt>
<trkpt lat="52.6993561" lon="-7.7892308">
	<ele>104.56</ele>
	<time>1970-01-01T09:20:53.877Z</time>
</trkpt>
<trkpt lat="52.6994019" lon="-7.7892132">
	<ele>104.53</ele>
	<time>1970-01-01T09:20:54.762Z</time>
</trkpt>
<trkpt lat="52.6995430" lon="-7.7891178">
	<ele>104.49</ele>
	<time>1970-01-01T09:20:57.751Z</time>
</trkpt>
<trkpt lat="52.6997185" lon="-7.7889571">
	<ele>104.58</ele>
	<time>1970-01-01T09:21:01.833Z</time>
</trkpt>
<trkpt lat="52.7000008" lon="-7.7887168">
	<ele>105.09</ele>
	<time>1970-01-01T09:21:08.547Z</time>
</trkpt>
<trkpt lat="52.7003174" lon="-7.7883658">
	<ele>106.58</ele>
	<time>1970-01-01T09:21:19.059Z</time>
</trkpt>
<trkpt lat="52.7004929" lon="-7.7882061">
	<ele>107.30</ele>
	<time>1970-01-01T09:21:24.207Z</time>
</trkpt>
<trkpt lat="52.7005920" lon="-7.7881141">
	<ele>107.62</ele>
	<time>1970-01-01T09:21:27.284Z</time>
</trkpt>
<trkpt lat="52.7008171" lon="-7.7879400">
	<ele>108.05</ele>
	<time>1970-01-01T09:21:34.071Z</time>
</trkpt>
<trkpt lat="52.7011871" lon="-7.7876930">
	<ele>108.70</ele>
	<time>1970-01-01T09:21:47.245Z</time>
</trkpt>
<trkpt lat="52.7015152" lon="-7.7875018">
	<ele>109.74</ele>
	<time>1970-01-01T09:21:59.048Z</time>
</trkpt>
<trkpt lat="52.7017822" lon="-7.7873788">
	<ele>110.31</ele>
	<time>1970-01-01T09:22:07.938Z</time>
</trkpt>
<trkpt lat="52.7020721" lon="-7.7872791">
	<ele>110.37</ele>
	<time>1970-01-01T09:22:15.671Z</time>
</trkpt>
<trkpt lat="52.7024422" lon="-7.7871699">
	<ele>110.05</ele>
	<time>1970-01-01T09:22:23.555Z</time>
</trkpt>
<trkpt lat="52.7024727" lon="-7.7871599">
	<ele>110.03</ele>
	<time>1970-01-01T09:22:24.288Z</time>
</trkpt>
<trkpt lat="52.7029076" lon="-7.7870240">
	<ele>109.84</ele>
	<time>1970-01-01T09:22:34.113Z</time>
</trkpt>
<trkpt lat="52.7035980" lon="-7.7868352">
	<ele>110.20</ele>
	<time>1970-01-01T09:22:49.961Z</time>
</trkpt>
<trkpt lat="52.7038727" lon="-7.7867422">
	<ele>110.59</ele>
	<time>1970-01-01T09:22:56.106Z</time>
</trkpt>
<trkpt lat="52.7041588" lon="-7.7866092">
	<ele>110.99</ele>
	<time>1970-01-01T09:23:02.733Z</time>
</trkpt>
<trkpt lat="52.7042885" lon="-7.7865481">
	<ele>111.10</ele>
	<time>1970-01-01T09:23:05.823Z</time>
</trkpt>
<trkpt lat="52.7043533" lon="-7.7865319">
	<ele>111.15</ele>
	<time>1970-01-01T09:23:07.234Z</time>
</trkpt>
<trkpt lat="52.7048492" lon="-7.7862549">
	<ele>111.25</ele>
	<time>1970-01-01T09:23:18.341Z</time>
</trkpt>
<trkpt lat="52.7050018" lon="-7.7862091">
	<ele>111.44</ele>
	<time>1970-01-01T09:23:21.456Z</time>
</trkpt>
<trkpt lat="52.7051353" lon="-7.7861972">
	<ele>111.80</ele>
	<time>1970-01-01T09:23:24.547Z</time>
</trkpt>
<trkpt lat="52.7053337" lon="-7.7862220">
	<ele>112.61</ele>
	<time>1970-01-01T09:23:29.840Z</time>
</trkpt>
<trkpt lat="52.7057953" lon="-7.7862220">
	<ele>114.48</ele>
	<time>1970-01-01T09:23:38.655Z</time>
</trkpt>
<trkpt lat="52.7060432" lon="-7.7861719">
	<ele>114.96</ele>
	<time>1970-01-01T09:23:44.061Z</time>
</trkpt>
<trkpt lat="52.7062531" lon="-7.7861180">
	<ele>115.13</ele>
	<time>1970-01-01T09:23:48.833Z</time>
</trkpt>
<trkpt lat="52.7064438" lon="-7.7860851">
	<ele>115.26</ele>
	<time>1970-01-01T09:23:53.129Z</time>
</trkpt>
<trkpt lat="52.7066765" lon="-7.7860980">
	<ele>115.69</ele>
	<time>1970-01-01T09:23:58.554Z</time>
</trkpt>
<trkpt lat="52.7070961" lon="-7.7861791">
	<ele>117.54</ele>
	<time>1970-01-01T09:24:10.686Z</time>
</trkpt>
<trkpt lat="52.7074318" lon="-7.7862382">
	<ele>118.84</ele>
	<time>1970-01-01T09:24:21.291Z</time>
</trkpt>
<trkpt lat="52.7075577" lon="-7.7862301">
	<ele>118.82</ele>
	<time>1970-01-01T09:24:24.772Z</time>
</trkpt>
<trkpt lat="52.7077408" lon="-7.7861638">
	<ele>118.24</ele>
	<time>1970-01-01T09:24:28.817Z</time>
</trkpt>
<trkpt lat="52.7082787" lon="-7.7858868">
	<ele>116.19</ele>
	<time>1970-01-01T09:24:43.097Z</time>
</trkpt>
<trkpt lat="52.7084923" lon="-7.7858081">
	<ele>115.47</ele>
	<time>1970-01-01T09:24:47.388Z</time>
</trkpt>
<trkpt lat="52.7086105" lon="-7.7857919">
	<ele>114.97</ele>
	<time>1970-01-01T09:24:49.543Z</time>
</trkpt>
<trkpt lat="52.7087173" lon="-7.7858081">
	<ele>114.51</ele>
	<time>1970-01-01T09:24:51.413Z</time>
</trkpt>
<trkpt lat="52.7088966" lon="-7.7859192">
	<ele>113.77</ele>
	<time>1970-01-01T09:24:54.361Z</time>
</trkpt>
<trkpt lat="52.7092896" lon="-7.7861481">
	<ele>112.95</ele>
	<time>1970-01-01T09:25:00.641Z</time>
</trkpt>
<trkpt lat="52.7093353" lon="-7.7861729">
	<ele>112.96</ele>
	<time>1970-01-01T09:25:01.343Z</time>
</trkpt>
<trkpt lat="52.7094650" lon="-7.7862458">
	<ele>113.04</ele>
	<time>1970-01-01T09:25:03.482Z</time>
</trkpt>
<trkpt lat="52.7097206" lon="-7.7863622">
	<ele>113.27</ele>
	<time>1970-01-01T09:25:07.742Z</time>
</trkpt>
<trkpt lat="52.7099876" lon="-7.7864451">
	<ele>113.30</ele>
	<time>1970-01-01T09:25:12.292Z</time>
</trkpt>
<trkpt lat="52.7103577" lon="-7.7864680">
	<ele>112.90</ele>
	<time>1970-01-01T09:25:18.056Z</time>
</trkpt>
<trkpt lat="52.7105637" lon="-7.7864079">
	<ele>112.68</ele>
	<time>1970-01-01T09:25:21.592Z</time>
</trkpt>
<trkpt lat="52.7109146" lon="-7.7863789">
	<ele>112.25</ele>
	<time>1970-01-01T09:25:26.947Z</time>
</trkpt>
<trkpt lat="52.7111473" lon="-7.7863951">
	<ele>111.97</ele>
	<time>1970-01-01T09:25:30.513Z</time>
</trkpt>
<trkpt lat="52.7114677" lon="-7.7863908">
	<ele>111.64</ele>
	<time>1970-01-01T09:25:35.209Z</time>
</trkpt>
<trkpt lat="52.7117958" lon="-7.7863698">
	<ele>111.36</ele>
	<time>1970-01-01T09:25:39.777Z</time>
</trkpt>
<trkpt lat="52.7120972" lon="-7.7863288">
	<ele>111.25</ele>
	<time>1970-01-01T09:25:44.207Z</time>
</trkpt>
<trkpt lat="52.7125359" lon="-7.7862921">
	<ele>110.94</ele>
	<time>1970-01-01T09:25:50.793Z</time>
</trkpt>
<trkpt lat="52.7126846" lon="-7.7862258">
	<ele>110.80</ele>
	<time>1970-01-01T09:25:53.217Z</time>
</trkpt>
<trkpt lat="52.7128944" lon="-7.7860522">
	<ele>110.60</ele>
	<time>1970-01-01T09:25:57.034Z</time>
</trkpt>
<trkpt lat="52.7130928" lon="-7.7859120">
	<ele>110.28</ele>
	<time>1970-01-01T09:26:00.459Z</time>
</trkpt>
<trkpt lat="52.7134476" lon="-7.7856102">
	<ele>110.49</ele>
	<time>1970-01-01T09:26:07.753Z</time>
</trkpt>
<trkpt lat="52.7136307" lon="-7.7855892">
	<ele>110.63</ele>
	<time>1970-01-01T09:26:11.075Z</time>
</trkpt>
<trkpt lat="52.7140465" lon="-7.7857132">
	<ele>110.92</ele>
	<time>1970-01-01T09:26:19.336Z</time>
</trkpt>
<trkpt lat="52.7142105" lon="-7.7857380">
	<ele>111.02</ele>
	<time>1970-01-01T09:26:22.454Z</time>
</trkpt>
<trkpt lat="52.7143707" lon="-7.7857051">
	<ele>111.03</ele>
	<time>1970-01-01T09:26:25.758Z</time>
</trkpt>
<trkpt lat="52.7147827" lon="-7.7855730">
	<ele>110.90</ele>
	<time>1970-01-01T09:26:33.988Z</time>
</trkpt>
<trkpt lat="52.7150955" lon="-7.7855582">
	<ele>111.07</ele>
	<time>1970-01-01T09:26:40.107Z</time>
</trkpt>
<trkpt lat="52.7152252" lon="-7.7855501">
	<ele>111.28</ele>
	<time>1970-01-01T09:26:42.693Z</time>
</trkpt>
<trkpt lat="52.7152939" lon="-7.7855339">
	<ele>111.42</ele>
	<time>1970-01-01T09:26:44.155Z</time>
</trkpt>
<trkpt lat="52.7155571" lon="-7.7854528">
	<ele>112.05</ele>
	<time>1970-01-01T09:26:50.255Z</time>
</trkpt>
<trkpt lat="52.7157898" lon="-7.7854371">
	<ele>112.44</ele>
	<time>1970-01-01T09:26:55.962Z</time>
</trkpt>
<trkpt lat="52.7159843" lon="-7.7854490">
	<ele>112.47</ele>
	<time>1970-01-01T09:27:00.312Z</time>
</trkpt>
<trkpt lat="52.7161102" lon="-7.7854371">
	<ele>112.39</ele>
	<time>1970-01-01T09:27:03.112Z</time>
</trkpt>
<trkpt lat="52.7163620" lon="-7.7853541">
	<ele>112.13</ele>
	<time>1970-01-01T09:27:08.869Z</time>
</trkpt>
<trkpt lat="52.7166443" lon="-7.7852101">
	<ele>111.93</ele>
	<time>1970-01-01T09:27:15.290Z</time>
</trkpt>
<trkpt lat="52.7167511" lon="-7.7851472">
	<ele>111.98</ele>
	<time>1970-01-01T09:27:17.908Z</time>
</trkpt>
<trkpt lat="52.7169151" lon="-7.7850070">
	<ele>112.18</ele>
	<time>1970-01-01T09:27:22.014Z</time>
</trkpt>
<trkpt lat="52.7170601" lon="-7.7849369">
	<ele>112.40</ele>
	<time>1970-01-01T09:27:25.466Z</time>
</trkpt>
<trkpt lat="52.7172432" lon="-7.7849331">
	<ele>112.67</ele>
	<time>1970-01-01T09:27:29.586Z</time>
</trkpt>
<trkpt lat="52.7176514" lon="-7.7849660">
	<ele>113.06</ele>
	<time>1970-01-01T09:27:37.563Z</time>
</trkpt>
<trkpt lat="52.7176971" lon="-7.7849789">
	<ele>113.10</ele>
	<time>1970-01-01T09:27:38.438Z</time>
</trkpt>
<trkpt lat="52.7180023" lon="-7.7850809">
	<ele>113.25</ele>
	<time>1970-01-01T09:27:44.509Z</time>
</trkpt>
<trkpt lat="52.7182693" lon="-7.7851062">
	<ele>113.14</ele>
	<time>1970-01-01T09:27:49.659Z</time>
</trkpt>
<trkpt lat="52.7184944" lon="-7.7850962">
	<ele>112.76</ele>
	<time>1970-01-01T09:27:53.448Z</time>
</trkpt>
<trkpt lat="52.7186508" lon="-7.7850900">
	<ele>112.34</ele>
	<time>1970-01-01T09:27:55.922Z</time>
</trkpt>
<trkpt lat="52.7187576" lon="-7.7850871">
	<ele>112.02</ele>
	<time>1970-01-01T09:27:57.599Z</time>
</trkpt>
<trkpt lat="52.7190552" lon="-7.7850809">
	<ele>111.16</ele>
	<time>1970-01-01T09:28:01.711Z</time>
</trkpt>
<trkpt lat="52.7197495" lon="-7.7849860">
	<ele>110.20</ele>
	<time>1970-01-01T09:28:11.373Z</time>
</trkpt>
<trkpt lat="52.7198868" lon="-7.7849989">
	<ele>110.08</ele>
	<time>1970-01-01T09:28:13.333Z</time>
</trkpt>
<trkpt lat="52.7200470" lon="-7.7850518">
	<ele>109.97</ele>
	<time>1970-01-01T09:28:15.767Z</time>
</trkpt>
<trkpt lat="52.7200584" lon="-7.7850571">
	<ele>109.97</ele>
	<time>1970-01-01T18:28:10.447Z</time>
</trkpt>
<trkpt lat="52.7200584" lon="-7.7850571">
	<ele>109.97</ele>
	<time>1970-01-02T03:27:53.393Z</time>
</trkpt>
<trkpt lat="52.7202797" lon="-7.7851472">
	<ele>109.93</ele>
	<time>1970-01-02T03:27:57.737Z</time>
</trkpt>
<trkpt lat="52.7206306" lon="-7.7852588">
	<ele>110.14</ele>
	<time>1970-01-02T03:28:04.421Z</time>
</trkpt>
<trkpt lat="52.7208252" lon="-7.7853580">
	<ele>110.44</ele>
	<time>1970-01-02T03:28:08.097Z</time>
</trkpt>
<trkpt lat="52.7211990" lon="-7.7855768">
	<ele>111.35</ele>
	<time>1970-01-02T03:28:17.870Z</time>
</trkpt>
<trkpt lat="52.7214203" lon="-7.7856798">
	<ele>111.81</ele>
	<time>1970-01-02T03:28:23.875Z</time>
</trkpt>
<trkpt lat="52.7219849" lon="-7.7858829">
	<ele>111.64</ele>
	<time>1970-01-02T03:28:39.281Z</time>
</trkpt>
<trkpt lat="52.7222214" lon="-7.7859411">
	<ele>111.26</ele>
	<time>1970-01-02T03:28:45.312Z</time>
</trkpt>
<trkpt lat="52.7225342" lon="-7.7859821">
	<ele>111.22</ele>
	<time>1970-01-02T03:28:53.464Z</time>
</trkpt>
<trkpt lat="52.7226982" lon="-7.7860651">
	<ele>111.65</ele>
	<time>1970-01-02T03:28:57.550Z</time>
</trkpt>
<trkpt lat="52.7229156" lon="-7.7861972">
	<ele>112.43</ele>
	<time>1970-01-02T03:29:03.205Z</time>
</trkpt>
<trkpt lat="52.7232780" lon="-7.7864528">
	<ele>113.62</ele>
	<time>1970-01-02T03:29:13.139Z</time>
</trkpt>
<trkpt lat="52.7234573" lon="-7.7866349">
	<ele>114.25</ele>
	<time>1970-01-02T03:29:18.420Z</time>
</trkpt>
<trkpt lat="52.7237358" lon="-7.7870312">
	<ele>115.38</ele>
	<time>1970-01-02T03:29:26.780Z</time>
</trkpt>
<trkpt lat="52.7239037" lon="-7.7871971">
	<ele>115.57</ele>
	<time>1970-01-02T03:29:31.024Z</time>
</trkpt>
<trkpt lat="52.7241020" lon="-7.7873168">
	<ele>115.44</ele>
	<time>1970-01-02T03:29:35.333Z</time>
</trkpt>
<trkpt lat="52.7244453" lon="-7.7874861">
	<ele>114.80</ele>
	<time>1970-01-02T03:29:41.821Z</time>
</trkpt>
<trkpt lat="52.7246704" lon="-7.7876549">
	<ele>114.26</ele>
	<time>1970-01-02T03:29:46.144Z</time>
</trkpt>
<trkpt lat="52.7250023" lon="-7.7878780">
	<ele>113.67</ele>
	<time>1970-01-02T03:29:51.829Z</time>
</trkpt>
<trkpt lat="52.7252693" lon="-7.7880478">
	<ele>112.94</ele>
	<time>1970-01-02T03:29:56.125Z</time>
</trkpt>
<trkpt lat="52.7253647" lon="-7.7880750">
	<ele>112.63</ele>
	<time>1970-01-02T03:29:57.578Z</time>
</trkpt>
<trkpt lat="52.7258339" lon="-7.7882171">
	<ele>111.15</ele>
	<time>1970-01-02T03:30:03.589Z</time>
</trkpt>
<trkpt lat="52.7261314" lon="-7.7882419">
	<ele>110.64</ele>
	<time>1970-01-02T03:30:07.625Z</time>
</trkpt>
<trkpt lat="52.7267036" lon="-7.7882009">
	<ele>110.14</ele>
	<time>1970-01-02T03:30:15.645Z</time>
</trkpt>
<trkpt lat="52.7270203" lon="-7.7881589">
	<ele>109.96</ele>
	<time>1970-01-02T03:30:20.523Z</time>
</trkpt>
<trkpt lat="52.7274399" lon="-7.7880931">
	<ele>109.95</ele>
	<time>1970-01-02T03:30:27.467Z</time>
</trkpt>
<trkpt lat="52.7277603" lon="-7.7880230">
	<ele>110.58</ele>
	<time>1970-01-02T03:30:33.668Z</time>
</trkpt>
<trkpt lat="52.7279434" lon="-7.7879710">
	<ele>111.23</ele>
	<time>1970-01-02T03:30:37.550Z</time>
</trkpt>
<trkpt lat="52.7280350" lon="-7.7879448">
	<ele>111.59</ele>
	<time>1970-01-02T03:30:39.583Z</time>
</trkpt>
<trkpt lat="52.7281189" lon="-7.7879348">
	<ele>111.92</ele>
	<time>1970-01-02T03:30:41.578Z</time>
</trkpt>
<trkpt lat="52.7281380" lon="-7.7879329">
	<ele>111.99</ele>
	<time>1970-01-02T03:30:42.001Z</time>
</trkpt>
<trkpt lat="52.7284317" lon="-7.7879200">
	<ele>112.86</ele>
	<time>1970-01-02T03:30:49.597Z</time>
</trkpt>
<trkpt lat="52.7285004" lon="-7.7879300">
	<ele>113.01</ele>
	<time>1970-01-02T03:30:51.452Z</time>
</trkpt>
<trkpt lat="52.7290459" lon="-7.7880068">
	<ele>114.00</ele>
	<time>1970-01-02T03:31:08.163Z</time>
</trkpt>
<trkpt lat="52.7292786" lon="-7.7880769">
	<ele>114.13</ele>
	<time>1970-01-02T03:31:14.519Z</time>
</trkpt>
<trkpt lat="52.7293930" lon="-7.7881269">
	<ele>114.04</ele>
	<time>1970-01-02T03:31:17.489Z</time>
</trkpt>
<trkpt lat="52.7294655" lon="-7.7881589">
	<ele>113.93</ele>
	<time>1970-01-02T03:31:19.348Z</time>
</trkpt>
<trkpt lat="52.7299156" lon="-7.7884321">
	<ele>112.95</ele>
	<time>1970-01-02T03:31:28.151Z</time>
</trkpt>
<trkpt lat="52.7300797" lon="-7.7885189">
	<ele>112.89</ele>
	<time>1970-01-02T03:31:31.313Z</time>
</trkpt>
<trkpt lat="52.7302246" lon="-7.7885642">
	<ele>112.96</ele>
	<time>1970-01-02T03:31:33.975Z</time>
</trkpt>
<trkpt lat="52.7303429" lon="-7.7885442">
	<ele>113.08</ele>
	<time>1970-01-02T03:31:36.029Z</time>
</trkpt>
<trkpt lat="52.7305374" lon="-7.7884941">
	<ele>113.40</ele>
	<time>1970-01-02T03:31:39.536Z</time>
</trkpt>
<trkpt lat="52.7308769" lon="-7.7884479">
	<ele>113.86</ele>
	<time>1970-01-02T03:31:45.666Z</time>
</trkpt>
<trkpt lat="52.7309914" lon="-7.7884302">
	<ele>113.97</ele>
	<time>1970-01-02T03:31:47.919Z</time>
</trkpt>
<trkpt lat="52.7310295" lon="-7.7884240">
	<ele>114.00</ele>
	<time>1970-01-02T03:31:48.611Z</time>
</trkpt>
<trkpt lat="52.7312698" lon="-7.7883000">
	<ele>114.11</ele>
	<time>1970-01-02T03:31:53.727Z</time>
</trkpt>
<trkpt lat="52.7316246" lon="-7.7880311">
	<ele>113.28</ele>
	<time>1970-01-02T03:32:01.376Z</time>
</trkpt>
<trkpt lat="52.7317810" lon="-7.7879648">
	<ele>112.98</ele>
	<time>1970-01-02T03:32:04.525Z</time>
</trkpt>
<trkpt lat="52.7320251" lon="-7.7879162">
	<ele>112.82</ele>
	<time>1970-01-02T03:32:09.498Z</time>
</trkpt>
<trkpt lat="52.7323456" lon="-7.7878618">
	<ele>113.16</ele>
	<time>1970-01-02T03:32:16.771Z</time>
</trkpt>
<trkpt lat="52.7326660" lon="-7.7878451">
	<ele>114.21</ele>
	<time>1970-01-02T03:32:24.503Z</time>
</trkpt>
<trkpt lat="52.7331123" lon="-7.7878599">
	<ele>116.62</ele>
	<time>1970-01-02T03:32:38.172Z</time>
</trkpt>
<trkpt lat="52.7333450" lon="-7.7878828">
	<ele>117.33</ele>
	<time>1970-01-02T03:32:45.044Z</time>
</trkpt>
<trkpt lat="52.7336273" lon="-7.7878909">
	<ele>117.06</ele>
	<time>1970-01-02T03:32:51.534Z</time>
</trkpt>
<trkpt lat="52.7337914" lon="-7.7879362">
	<ele>116.52</ele>
	<time>1970-01-02T03:32:55.077Z</time>
</trkpt>
<trkpt lat="52.7339935" lon="-7.7880902">
	<ele>115.63</ele>
	<time>1970-01-02T03:32:59.196Z</time>
</trkpt>
<trkpt lat="52.7341957" lon="-7.7882328">
	<ele>115.08</ele>
	<time>1970-01-02T03:33:03.213Z</time>
</trkpt>
<trkpt lat="52.7344093" lon="-7.7883592">
	<ele>115.06</ele>
	<time>1970-01-02T03:33:07.516Z</time>
</trkpt>
<trkpt lat="52.7346191" lon="-7.7885690">
	<ele>115.27</ele>
	<time>1970-01-02T03:33:12.132Z</time>
</trkpt>
<trkpt lat="52.7349472" lon="-7.7888460">
	<ele>115.40</ele>
	<time>1970-01-02T03:33:19.095Z</time>
</trkpt>
<trkpt lat="52.7351570" lon="-7.7890711">
	<ele>115.12</ele>
	<time>1970-01-02T03:33:23.557Z</time>
</trkpt>
<trkpt lat="52.7354889" lon="-7.7895041">
	<ele>114.44</ele>
	<time>1970-01-02T03:33:30.408Z</time>
</trkpt>
<trkpt lat="52.7355804" lon="-7.7896638">
	<ele>114.24</ele>
	<time>1970-01-02T03:33:32.546Z</time>
</trkpt>
<trkpt lat="52.7356224" lon="-7.7897992">
	<ele>114.10</ele>
	<time>1970-01-02T03:33:33.916Z</time>
</trkpt>
<trkpt lat="52.7356567" lon="-7.7899652">
	<ele>113.96</ele>
	<time>1970-01-02T03:33:35.592Z</time>
</trkpt>
<trkpt lat="52.7356758" lon="-7.7901988">
	<ele>113.82</ele>
	<time>1970-01-02T03:33:37.875Z</time>
</trkpt>
<trkpt lat="52.7356873" lon="-7.7907100">
	<ele>113.75</ele>
	<time>1970-01-02T03:33:43.646Z</time>
</trkpt>
<trkpt lat="52.7357216" lon="-7.7910409">
	<ele>114.01</ele>
	<time>1970-01-02T03:33:47.451Z</time>
</trkpt>
<trkpt lat="52.7357597" lon="-7.7912178">
	<ele>114.29</ele>
	<time>1970-01-02T03:33:49.749Z</time>
</trkpt>
<trkpt lat="52.7357674" lon="-7.7912660">
	<ele>114.36</ele>
	<time>1970-01-02T03:33:50.277Z</time>
</trkpt>
<trkpt lat="52.7359886" lon="-7.7917328">
	<ele>115.17</ele>
	<time>1970-01-02T03:33:57.659Z</time>
</trkpt>
<trkpt lat="52.7361679" lon="-7.7920599">
	<ele>115.36</ele>
	<time>1970-01-02T03:34:03.369Z</time>
</trkpt>
<trkpt lat="52.7363396" lon="-7.7924051">
	<ele>115.30</ele>
	<time>1970-01-02T03:34:09.606Z</time>
</trkpt>
<trkpt lat="52.7364922" lon="-7.7926970">
	<ele>115.40</ele>
	<time>1970-01-02T03:34:15.057Z</time>
</trkpt>
<trkpt lat="52.7367249" lon="-7.7930751">
	<ele>116.18</ele>
	<time>1970-01-02T03:34:23.060Z</time>
</trkpt>
<trkpt lat="52.7367592" lon="-7.7931819">
	<ele>116.52</ele>
	<time>1970-01-02T03:34:24.857Z</time>
</trkpt>
<trkpt lat="52.7368393" lon="-7.7935009">
	<ele>117.82</ele>
	<time>1970-01-02T03:34:30.472Z</time>
</trkpt>
<trkpt lat="52.7368927" lon="-7.7938418">
	<ele>119.73</ele>
	<time>1970-01-02T03:34:36.978Z</time>
</trkpt>
<trkpt lat="52.7369804" lon="-7.7942662">
	<ele>120.99</ele>
	<time>1970-01-02T03:34:46.129Z</time>
</trkpt>
<trkpt lat="52.7370796" lon="-7.7945490">
	<ele>120.82</ele>
	<time>1970-01-02T03:34:52.377Z</time>
</trkpt>
<trkpt lat="52.7372208" lon="-7.7948208">
	<ele>120.42</ele>
	<time>1970-01-02T03:34:59.288Z</time>
</trkpt>
<trkpt lat="52.7373772" lon="-7.7950521">
	<ele>120.12</ele>
	<time>1970-01-02T03:35:05.225Z</time>
</trkpt>
<trkpt lat="52.7375298" lon="-7.7952099">
	<ele>119.84</ele>
	<time>1970-01-02T03:35:09.682Z</time>
</trkpt>
<trkpt lat="52.7377205" lon="-7.7953701">
	<ele>119.51</ele>
	<time>1970-01-02T03:35:14.135Z</time>
</trkpt>
<trkpt lat="52.7379417" lon="-7.7955399">
	<ele>119.25</ele>
	<time>1970-01-02T03:35:18.473Z</time>
</trkpt>
<trkpt lat="52.7380829" lon="-7.7956800">
	<ele>119.17</ele>
	<time>1970-01-02T03:35:21.217Z</time>
</trkpt>
<trkpt lat="52.7382355" lon="-7.7958698">
	<ele>119.03</ele>
	<time>1970-01-02T03:35:24.286Z</time>
</trkpt>
<trkpt lat="52.7386513" lon="-7.7965012">
	<ele>117.44</ele>
	<time>1970-01-02T03:35:33.905Z</time>
</trkpt>
<trkpt lat="52.7388306" lon="-7.7967200">
	<ele>117.58</ele>
	<time>1970-01-02T03:35:37.848Z</time>
</trkpt>
<trkpt lat="52.7389603" lon="-7.7968431">
	<ele>117.80</ele>
	<time>1970-01-02T03:35:40.558Z</time>
</trkpt>
<trkpt lat="52.7391052" lon="-7.7969251">
	<ele>117.95</ele>
	<time>1970-01-02T03:35:43.463Z</time>
</trkpt>
<trkpt lat="52.7392387" lon="-7.7970119">
	<ele>117.94</ele>
	<time>1970-01-02T03:35:46.188Z</time>
</trkpt>
<trkpt lat="52.7393837" lon="-7.7971258">
	<ele>117.87</ele>
	<time>1970-01-02T03:35:49.062Z</time>
</trkpt>
<trkpt lat="52.7395630" lon="-7.7973051">
	<ele>117.71</ele>
	<time>1970-01-02T03:35:52.554Z</time>
</trkpt>
<trkpt lat="52.7399712" lon="-7.7977958">
	<ele>117.07</ele>
	<time>1970-01-02T03:36:00.145Z</time>
</trkpt>
<trkpt lat="52.7401352" lon="-7.7979941">
	<ele>116.64</ele>
	<time>1970-01-02T03:36:03.140Z</time>
</trkpt>
<trkpt lat="52.7402992" lon="-7.7982478">
	<ele>116.23</ele>
	<time>1970-01-02T03:36:06.390Z</time>
</trkpt>
<trkpt lat="52.7403984" lon="-7.7984500">
	<ele>116.00</ele>
	<time>1970-01-02T03:36:08.580Z</time>
</trkpt>
<trkpt lat="52.7405014" lon="-7.7987480">
	<ele>115.71</ele>
	<time>1970-01-02T03:36:11.520Z</time>
</trkpt>
<trkpt lat="52.7406120" lon="-7.7990251">
	<ele>115.39</ele>
	<time>1970-01-02T03:36:14.328Z</time>
</trkpt>
<trkpt lat="52.7407227" lon="-7.7992120">
	<ele>115.16</ele>
	<time>1970-01-02T03:36:16.608Z</time>
</trkpt>
<trkpt lat="52.7410851" lon="-7.7996802">
	<ele>114.86</ele>
	<time>1970-01-02T03:36:23.251Z</time>
</trkpt>
<trkpt lat="52.7420235" lon="-7.8009148">
	<ele>114.47</ele>
	<time>1970-01-02T03:36:40.796Z</time>
</trkpt>
<trkpt lat="52.7423210" lon="-7.8012919">
	<ele>113.40</ele>
	<time>1970-01-02T03:36:47.147Z</time>
</trkpt>
<trkpt lat="52.7424850" lon="-7.8014359">
	<ele>113.14</ele>
	<time>1970-01-02T03:36:50.409Z</time>
</trkpt>
<trkpt lat="52.7431068" lon="-7.8018422">
	<ele>113.24</ele>
	<time>1970-01-02T03:37:00.870Z</time>
</trkpt>
<trkpt lat="52.7432747" lon="-7.8019848">
	<ele>113.66</ele>
	<time>1970-01-02T03:37:04.008Z</time>
</trkpt>
<trkpt lat="52.7434845" lon="-7.8021431">
	<ele>114.27</ele>
	<time>1970-01-02T03:37:08.056Z</time>
</trkpt>
<trkpt lat="52.7437325" lon="-7.8023028">
	<ele>114.90</ele>
	<time>1970-01-02T03:37:13.247Z</time>
</trkpt>
<trkpt lat="52.7439079" lon="-7.8024092">
	<ele>115.15</ele>
	<time>1970-01-02T03:37:16.852Z</time>
</trkpt>
<trkpt lat="52.7441254" lon="-7.8025141">
	<ele>115.08</ele>
	<time>1970-01-02T03:37:21.390Z</time>
</trkpt>
<trkpt lat="52.7443542" lon="-7.8026161">
	<ele>114.50</ele>
	<time>1970-01-02T03:37:25.916Z</time>
</trkpt>
<trkpt lat="52.7445221" lon="-7.8026738">
	<ele>113.84</ele>
	<time>1970-01-02T03:37:28.911Z</time>
</trkpt>
<trkpt lat="52.7445641" lon="-7.8026972">
	<ele>113.67</ele>
	<time>1970-01-02T03:37:29.704Z</time>
</trkpt>
<trkpt lat="52.7446594" lon="-7.8027501">
	<ele>113.31</ele>
	<time>1970-01-02T03:37:31.351Z</time>
</trkpt>
<trkpt lat="52.7451134" lon="-7.8031769">
	<ele>112.84</ele>
	<time>1970-01-02T03:37:39.487Z</time>
</trkpt>
<trkpt lat="52.7453041" lon="-7.8033142">
	<ele>112.88</ele>
	<time>1970-01-02T03:37:43.107Z</time>
</trkpt>
<trkpt lat="52.7455101" lon="-7.8034191">
	<ele>112.91</ele>
	<time>1970-01-02T03:37:46.716Z</time>
</trkpt>
<trkpt lat="52.7458229" lon="-7.8035331">
	<ele>113.08</ele>
	<time>1970-01-02T03:37:52.274Z</time>
</trkpt>
<trkpt lat="52.7459717" lon="-7.8035769">
	<ele>113.23</ele>
	<time>1970-01-02T03:37:55.118Z</time>
</trkpt>
<trkpt lat="52.7461624" lon="-7.8036089">
	<ele>113.49</ele>
	<time>1970-01-02T03:37:58.854Z</time>
</trkpt>
<trkpt lat="52.7464523" lon="-7.8035741">
	<ele>113.86</ele>
	<time>1970-01-02T03:38:04.994Z</time>
</trkpt>
<trkpt lat="52.7468567" lon="-7.8034840">
	<ele>114.05</ele>
	<time>1970-01-02T03:38:13.552Z</time>
</trkpt>
<trkpt lat="52.7469864" lon="-7.8034902">
	<ele>114.01</ele>
	<time>1970-01-02T03:38:16.124Z</time>
</trkpt>
<trkpt lat="52.7470932" lon="-7.8035359">
	<ele>113.99</ele>
	<time>1970-01-02T03:38:18.484Z</time>
</trkpt>
<trkpt lat="52.7472992" lon="-7.8036938">
	<ele>114.02</ele>
	<time>1970-01-02T03:38:22.693Z</time>
</trkpt>
<trkpt lat="52.7474327" lon="-7.8037639">
	<ele>114.08</ele>
	<time>1970-01-02T03:38:25.221Z</time>
</trkpt>
<trkpt lat="52.7475052" lon="-7.8037848">
	<ele>114.14</ele>
	<time>1970-01-02T03:38:26.493Z</time>
</trkpt>
<trkpt lat="52.7479401" lon="-7.8038931">
	<ele>114.83</ele>
	<time>1970-01-02T03:38:36.314Z</time>
</trkpt>
<trkpt lat="52.7481194" lon="-7.8039799">
	<ele>115.03</ele>
	<time>1970-01-02T03:38:40.559Z</time>
</trkpt>
<trkpt lat="52.7482491" lon="-7.8040709">
	<ele>115.06</ele>
	<time>1970-01-02T03:38:43.901Z</time>
</trkpt>
<trkpt lat="52.7483826" lon="-7.8042402">
	<ele>114.94</ele>
	<time>1970-01-02T03:38:47.729Z</time>
</trkpt>
<trkpt lat="52.7486267" lon="-7.8045001">
	<ele>114.82</ele>
	<time>1970-01-02T03:38:53.547Z</time>
</trkpt>
<trkpt lat="52.7488289" lon="-7.8046842">
	<ele>114.87</ele>
	<time>1970-01-02T03:38:58.173Z</time>
</trkpt>
<trkpt lat="52.7490387" lon="-7.8048449">
	<ele>114.99</ele>
	<time>1970-01-02T03:39:03.022Z</time>
</trkpt>
<trkpt lat="52.7494774" lon="-7.8050900">
	<ele>115.31</ele>
	<time>1970-01-02T03:39:13.282Z</time>
</trkpt>
<trkpt lat="52.7496643" lon="-7.8051991">
	<ele>115.49</ele>
	<time>1970-01-02T03:39:17.731Z</time>
</trkpt>
<trkpt lat="52.7498283" lon="-7.8053241">
	<ele>115.70</ele>
	<time>1970-01-02T03:39:21.888Z</time>
</trkpt>
<trkpt lat="52.7499199" lon="-7.8054380">
	<ele>115.85</ele>
	<time>1970-01-02T03:39:24.501Z</time>
</trkpt>
<trkpt lat="52.7500114" lon="-7.8056312">
	<ele>116.02</ele>
	<time>1970-01-02T03:39:27.849Z</time>
</trkpt>
<trkpt lat="52.7501717" lon="-7.8060632">
	<ele>116.36</ele>
	<time>1970-01-02T03:39:34.618Z</time>
</trkpt>
<trkpt lat="52.7506905" lon="-7.8073812">
	<ele>116.03</ele>
	<time>1970-01-02T03:39:53.992Z</time>
</trkpt>
<trkpt lat="52.7508698" lon="-7.8077998">
	<ele>115.85</ele>
	<time>1970-01-02T03:40:00.092Z</time>
</trkpt>
<trkpt lat="52.7508926" lon="-7.8078532">
	<ele>115.84</ele>
	<time>1970-01-02T03:40:00.784Z</time>
</trkpt>
<trkpt lat="52.7510109" lon="-7.8080711">
	<ele>115.81</ele>
	<time>1970-01-02T03:40:04.230Z</time>
</trkpt>
<trkpt lat="52.7512550" lon="-7.8084412">
	<ele>116.08</ele>
	<time>1970-01-02T03:40:10.934Z</time>
</trkpt>
<trkpt lat="52.7513733" lon="-7.8086200">
	<ele>116.48</ele>
	<time>1970-01-02T03:40:14.131Z</time>
</trkpt>
<trkpt lat="52.7515678" lon="-7.8088889">
	<ele>116.95</ele>
	<time>1970-01-02T03:40:19.042Z</time>
</trkpt>
<trkpt lat="52.7517624" lon="-7.8091111">
	<ele>116.84</ele>
	<time>1970-01-02T03:40:23.047Z</time>
</trkpt>
<trkpt lat="52.7518845" lon="-7.8093009">
	<ele>116.35</ele>
	<time>1970-01-02T03:40:25.698Z</time>
</trkpt>
<trkpt lat="52.7519989" lon="-7.8095870">
	<ele>115.30</ele>
	<time>1970-01-02T03:40:28.838Z</time>
</trkpt>
<trkpt lat="52.7520447" lon="-7.8097782">
	<ele>114.62</ele>
	<time>1970-01-02T03:40:30.706Z</time>
</trkpt>
<trkpt lat="52.7521324" lon="-7.8100610">
	<ele>113.77</ele>
	<time>1970-01-02T03:40:33.199Z</time>
</trkpt>
<trkpt lat="52.7523575" lon="-7.8108110">
	<ele>112.34</ele>
	<time>1970-01-02T03:40:42.499Z</time>
</trkpt>
<trkpt lat="52.7524376" lon="-7.8111649">
	<ele>112.11</ele>
	<time>1970-01-02T03:40:46.578Z</time>
</trkpt>
<trkpt lat="52.7525177" lon="-7.8114300">
	<ele>112.11</ele>
	<time>1970-01-02T03:40:49.757Z</time>
</trkpt>
<trkpt lat="52.7526093" lon="-7.8116288">
	<ele>112.04</ele>
	<time>1970-01-02T03:40:52.481Z</time>
</trkpt>
<trkpt lat="52.7526627" lon="-7.8117518">
	<ele>111.92</ele>
	<time>1970-01-02T03:40:53.995Z</time>
</trkpt>
<trkpt lat="52.7529182" lon="-7.8122020">
	<ele>111.63</ele>
	<time>1970-01-02T03:40:59.581Z</time>
</trkpt>
<trkpt lat="52.7533684" lon="-7.8129988">
	<ele>110.81</ele>
	<time>1970-01-02T03:41:09.113Z</time>
</trkpt>
<trkpt lat="52.7534256" lon="-7.8131380">
	<ele>110.39</ele>
	<time>1970-01-02T03:41:10.575Z</time>
</trkpt>
<trkpt lat="52.7534752" lon="-7.8132648">
	<ele>110.06</ele>
	<time>1970-01-02T03:41:11.861Z</time>
</trkpt>
<trkpt lat="52.7535820" lon="-7.8136568">
	<ele>109.41</ele>
	<time>1970-01-02T03:41:15.238Z</time>
</trkpt>
<trkpt lat="52.7536736" lon="-7.8144479">
	<ele>108.03</ele>
	<time>1970-01-02T03:41:21.002Z</time>
</trkpt>
<trkpt lat="52.7537155" lon="-7.8151579">
	<ele>106.91</ele>
	<time>1970-01-02T03:41:26.522Z</time>
</trkpt>
<trkpt lat="52.7537537" lon="-7.8155699">
	<ele>107.30</ele>
	<time>1970-01-02T03:41:30.103Z</time>
</trkpt>
<trkpt lat="52.7538109" lon="-7.8158798">
	<ele>107.60</ele>
	<time>1970-01-02T03:41:33.075Z</time>
</trkpt>
<trkpt lat="52.7538681" lon="-7.8161240">
	<ele>107.63</ele>
	<time>1970-01-02T03:41:35.595Z</time>
</trkpt>
<trkpt lat="52.7538948" lon="-7.8162160">
	<ele>107.59</ele>
	<time>1970-01-02T03:41:36.595Z</time>
</trkpt>
<trkpt lat="52.7539635" lon="-7.8164229">
	<ele>107.41</ele>
	<time>1970-01-02T03:41:38.791Z</time>
</trkpt>
<trkpt lat="52.7540550" lon="-7.8165908">
	<ele>107.18</ele>
	<time>1970-01-02T03:41:40.904Z</time>
</trkpt>
<trkpt lat="52.7542763" lon="-7.8168879">
	<ele>106.79</ele>
	<time>1970-01-02T03:41:45.114Z</time>
</trkpt>
<trkpt lat="52.7543793" lon="-7.8170090">
	<ele>106.65</ele>
	<time>1970-01-02T03:41:47.042Z</time>
</trkpt>
<trkpt lat="52.7544823" lon="-7.8171101">
	<ele>106.51</ele>
	<time>1970-01-02T03:41:48.775Z</time>
</trkpt>
<trkpt lat="52.7546616" lon="-7.8171849">
	<ele>106.26</ele>
	<time>1970-01-02T03:41:51.668Z</time>
</trkpt>
<trkpt lat="52.7558899" lon="-7.8175931">
	<ele>107.04</ele>
	<time>1970-01-02T03:42:12.028Z</time>
</trkpt>
<trkpt lat="52.7565765" lon="-7.8178172">
	<ele>108.91</ele>
	<time>1970-01-02T03:42:23.434Z</time>
</trkpt>
<trkpt lat="52.7567291" lon="-7.8178930">
	<ele>109.14</ele>
	<time>1970-01-02T03:42:26.569Z</time>
</trkpt>
<trkpt lat="52.7566566" lon="-7.8181620">
	<ele>109.00</ele>
	<time>1970-01-02T03:42:29.820Z</time>
</trkpt>
<trkpt lat="52.7565155" lon="-7.8186941">
	<ele>108.59</ele>
	<time>1970-01-02T03:42:35.863Z</time>
</trkpt>
<trkpt lat="52.7563896" lon="-7.8191762">
	<ele>108.15</ele>
	<time>1970-01-02T03:42:41.116Z</time>
</trkpt>
<trkpt lat="52.7562370" lon="-7.8197780">
	<ele>108.25</ele>
	<time>1970-01-02T03:42:47.949Z</time>
</trkpt>
<trkpt lat="52.7560539" lon="-7.8204732">
	<ele>109.78</ele>
	<time>1970-01-02T03:42:56.087Z</time>
</trkpt>
<trkpt lat="52.7560272" lon="-7.8206201">
	<ele>110.12</ele>
	<time>1970-01-02T03:42:57.702Z</time>
</trkpt>
<trkpt lat="52.7560158" lon="-7.8207960">
	<ele>110.29</ele>
	<time>1970-01-02T03:42:59.648Z</time>
</trkpt>
<trkpt lat="52.7560158" lon="-7.8211598">
	<ele>109.56</ele>
	<time>1970-01-02T03:43:03.721Z</time>
</trkpt>
<trkpt lat="52.7560310" lon="-7.8217301">
	<ele>107.59</ele>
	<time>1970-01-02T03:43:09.777Z</time>
</trkpt>
<trkpt lat="52.7560654" lon="-7.8220601">
	<ele>107.08</ele>
	<time>1970-01-02T03:43:12.706Z</time>
</trkpt>
<trkpt lat="52.7561378" lon="-7.8224578">
	<ele>106.68</ele>
	<time>1970-01-02T03:43:15.715Z</time>
</trkpt>
<trkpt lat="52.7562637" lon="-7.8230820">
	<ele>105.00</ele>
	<time>1970-01-02T03:43:20.107Z</time>
</trkpt>
<trkpt lat="52.7563591" lon="-7.8234749">
	<ele>103.84</ele>
	<time>1970-01-02T03:43:23.041Z</time>
</trkpt>
<trkpt lat="52.7564049" lon="-7.8236279">
	<ele>103.54</ele>
	<time>1970-01-02T03:43:24.238Z</time>
</trkpt>
<trkpt lat="52.7564316" lon="-7.8237238">
	<ele>103.37</ele>
	<time>1970-01-02T03:43:24.990Z</time>
</trkpt>
<trkpt lat="52.7564850" lon="-7.8238440">
	<ele>103.25</ele>
	<time>1970-01-02T03:43:26.047Z</time>
</trkpt>
<trkpt lat="52.7568016" lon="-7.8243542">
	<ele>102.71</ele>
	<time>1970-01-02T03:43:31.333Z</time>
</trkpt>
<trkpt lat="52.7569923" lon="-7.8246040">
	<ele>102.16</ele>
	<time>1970-01-02T03:43:34.474Z</time>
</trkpt>
<trkpt lat="52.7572670" lon="-7.8249278">
	<ele>101.70</ele>
	<time>1970-01-02T03:43:38.898Z</time>
</trkpt>
<trkpt lat="52.7574272" lon="-7.8251328">
	<ele>101.74</ele>
	<time>1970-01-02T03:43:41.812Z</time>
</trkpt>
<trkpt lat="52.7574577" lon="-7.8252048">
	<ele>101.74</ele>
	<time>1970-01-02T03:43:42.599Z</time>
</trkpt>
<trkpt lat="52.7574577" lon="-7.8252711">
	<ele>101.71</ele>
	<time>1970-01-02T03:43:43.161Z</time>
</trkpt>
<trkpt lat="52.7574463" lon="-7.8253722">
	<ele>101.67</ele>
	<time>1970-01-02T03:43:44.153Z</time>
</trkpt>
<trkpt lat="52.7573700" lon="-7.8256512">
	<ele>101.68</ele>
	<time>1970-01-02T03:43:47.369Z</time>
</trkpt>
<trkpt lat="52.7572594" lon="-7.8260579">
	<ele>102.10</ele>
	<time>1970-01-02T03:43:52.330Z</time>
</trkpt>
<trkpt lat="52.7571335" lon="-7.8264899">
	<ele>102.85</ele>
	<time>1970-01-02T03:43:57.636Z</time>
</trkpt>
<trkpt lat="52.7570534" lon="-7.8267632">
	<ele>103.15</ele>
	<time>1970-01-02T03:44:01.347Z</time>
</trkpt>
<trkpt lat="52.7572327" lon="-7.8268509">
	<ele>103.89</ele>
	<time>1970-01-02T03:44:05.516Z</time>
</trkpt>
<trkpt lat="52.7575569" lon="-7.8270111">
	<ele>104.51</ele>
	<time>1970-01-02T03:44:14.134Z</time>
</trkpt>
<trkpt lat="52.7582512" lon="-7.8273010">
	<ele>103.64</ele>
	<time>1970-01-02T03:44:28.533Z</time>
</trkpt>
<trkpt lat="52.7584038" lon="-7.8273549">
	<ele>103.63</ele>
	<time>1970-01-02T03:44:31.503Z</time>
</trkpt>
<trkpt lat="52.7585106" lon="-7.8273692">
	<ele>103.60</ele>
	<time>1970-01-02T03:44:33.586Z</time>
</trkpt>
<trkpt lat="52.7588654" lon="-7.8273621">
	<ele>103.47</ele>
	<time>1970-01-02T03:44:40.096Z</time>
</trkpt>
<trkpt lat="52.7590675" lon="-7.8273382">
	<ele>103.48</ele>
	<time>1970-01-02T03:44:43.701Z</time>
</trkpt>
<trkpt lat="52.7592926" lon="-7.8272738">
	<ele>103.61</ele>
	<time>1970-01-02T03:44:48.072Z</time>
</trkpt>
<trkpt lat="52.7593384" lon="-7.8272438">
	<ele>103.62</ele>
	<time>1970-01-02T03:44:49.114Z</time>
</trkpt>
<trkpt lat="52.7594147" lon="-7.8271980">
	<ele>103.68</ele>
	<time>1970-01-02T03:44:50.673Z</time>
</trkpt>
<trkpt lat="52.7596474" lon="-7.8270178">
	<ele>103.90</ele>
	<time>1970-01-02T03:44:55.664Z</time>
</trkpt>
<trkpt lat="52.7598343" lon="-7.8268471">
	<ele>104.05</ele>
	<time>1970-01-02T03:45:00.028Z</time>
</trkpt>
<trkpt lat="52.7600403" lon="-7.8266368">
	<ele>104.00</ele>
	<time>1970-01-02T03:45:04.843Z</time>
</trkpt>
<trkpt lat="52.7603569" lon="-7.8262491">
	<ele>103.18</ele>
	<time>1970-01-02T03:45:12.540Z</time>
</trkpt>
<trkpt lat="52.7604942" lon="-7.8261099">
	<ele>102.90</ele>
	<time>1970-01-02T03:45:15.854Z</time>
</trkpt>
<trkpt lat="52.7606239" lon="-7.8260441">
	<ele>102.90</ele>
	<time>1970-01-02T03:45:18.758Z</time>
</trkpt>
<trkpt lat="52.7609138" lon="-7.8258929">
	<ele>103.27</ele>
	<time>1970-01-02T03:45:25.951Z</time>
</trkpt>
<trkpt lat="52.7611847" lon="-7.8257380">
	<ele>104.09</ele>
	<time>1970-01-02T03:45:32.678Z</time>
</trkpt>
<trkpt lat="52.7614822" lon="-7.8255610">
	<ele>104.87</ele>
	<time>1970-01-02T03:45:39.165Z</time>
</trkpt>
<trkpt lat="52.7618065" lon="-7.8253350">
	<ele>105.10</ele>
	<time>1970-01-02T03:45:46.164Z</time>
</trkpt>
<trkpt lat="52.7620392" lon="-7.8251319">
	<ele>105.09</ele>
	<time>1970-01-02T03:45:51.260Z</time>
</trkpt>
<trkpt lat="52.7628174" lon="-7.8244100">
	<ele>105.03</ele>
	<time>1970-01-02T03:46:09.837Z</time>
</trkpt>
<trkpt lat="52.7628860" lon="-7.8243542">
	<ele>104.99</ele>
	<time>1970-01-02T03:46:11.441Z</time>
</trkpt>
<trkpt lat="52.7630081" lon="-7.8242931">
	<ele>105.01</ele>
	<time>1970-01-02T03:46:14.086Z</time>
</trkpt>
<trkpt lat="52.7631264" lon="-7.8242712">
	<ele>105.10</ele>
	<time>1970-01-02T03:46:16.504Z</time>
</trkpt>
<trkpt lat="52.7635841" lon="-7.8242631">
	<ele>105.38</ele>
	<time>1970-01-02T03:46:25.718Z</time>
</trkpt>
<trkpt lat="52.7637482" lon="-7.8242831">
	<ele>105.44</ele>
	<time>1970-01-02T03:46:28.702Z</time>
</trkpt>
<trkpt lat="52.7643433" lon="-7.8244028">
	<ele>104.84</ele>
	<time>1970-01-02T03:46:38.814Z</time>
</trkpt>
<trkpt lat="52.7643814" lon="-7.8244028">
	<ele>104.72</ele>
	<time>1970-01-02T03:46:39.545Z</time>
</trkpt>
<trkpt lat="52.7644196" lon="-7.8243880">
	<ele>104.59</ele>
	<time>1970-01-02T03:46:40.133Z</time>
</trkpt>
<trkpt lat="52.7644653" lon="-7.8243542">
	<ele>104.41</ele>
	<time>1970-01-02T03:46:41.022Z</time>
</trkpt>
<trkpt lat="52.7645416" lon="-7.8242011">
	<ele>104.03</ele>
	<time>1970-01-02T03:46:42.855Z</time>
</trkpt>
<trkpt lat="52.7646637" lon="-7.8239489">
	<ele>103.65</ele>
	<time>1970-01-02T03:46:45.717Z</time>
</trkpt>
<trkpt lat="52.7647934" lon="-7.8237152">
	<ele>103.68</ele>
	<time>1970-01-02T03:46:48.430Z</time>
</trkpt>
<trkpt lat="52.7653580" lon="-7.8228259">
	<ele>103.59</ele>
	<time>1970-01-02T03:47:01.337Z</time>
</trkpt>
<trkpt lat="52.7654343" lon="-7.8227339">
	<ele>103.57</ele>
	<time>1970-01-02T03:47:03.048Z</time>
</trkpt>
<trkpt lat="52.7655296" lon="-7.8226428">
	<ele>103.63</ele>
	<time>1970-01-02T03:47:04.929Z</time>
</trkpt>
<trkpt lat="52.7658195" lon="-7.8224168">
	<ele>103.98</ele>
	<time>1970-01-02T03:47:10.342Z</time>
</trkpt>
<trkpt lat="52.7659569" lon="-7.8223190">
	<ele>104.16</ele>
	<time>1970-01-02T03:47:13.125Z</time>
</trkpt>
<trkpt lat="52.7660599" lon="-7.8222628">
	<ele>104.31</ele>
	<time>1970-01-02T03:47:15.227Z</time>
</trkpt>
<trkpt lat="52.7661858" lon="-7.8222141">
	<ele>104.48</ele>
	<time>1970-01-02T03:47:17.664Z</time>
</trkpt>
<trkpt lat="52.7663803" lon="-7.8221798">
	<ele>104.73</ele>
	<time>1970-01-02T03:47:21.714Z</time>
</trkpt>
<trkpt lat="52.7672424" lon="-7.8220658">
	<ele>105.25</ele>
	<time>1970-01-02T03:47:38.667Z</time>
</trkpt>
<trkpt lat="52.7672424" lon="-7.8220658">
	<ele>105.25</ele>
	<time>1970-01-02T12:47:21.613Z</time>
</trkpt>
<trkpt lat="52.7672577" lon="-7.8220630">
	<ele>105.24</ele>
	<time>1970-01-02T12:47:21.947Z</time>
</trkpt>
<trkpt lat="52.7690086" lon="-7.8219390">
	<ele>103.34</ele>
	<time>1970-01-02T12:47:50.164Z</time>
</trkpt>
<trkpt lat="52.7693787" lon="-7.8219190">
	<ele>103.17</ele>
	<time>1970-01-02T12:47:56.406Z</time>
</trkpt>
<trkpt lat="52.7695312" lon="-7.8218799">
	<ele>103.06</ele>
	<time>1970-01-02T12:47:59.055Z</time>
</trkpt>
<trkpt lat="52.7701645" lon="-7.8215752">
	<ele>103.07</ele>
	<time>1970-01-02T12:48:10.708Z</time>
</trkpt>
<trkpt lat="52.7706871" lon="-7.8212848">
	<ele>103.74</ele>
	<time>1970-01-02T12:48:22.524Z</time>
</trkpt>
<trkpt lat="52.7708664" lon="-7.8211651">
	<ele>104.05</ele>
	<time>1970-01-02T12:48:26.787Z</time>
</trkpt>
<trkpt lat="52.7709961" lon="-7.8210502">
	<ele>104.24</ele>
	<time>1970-01-02T12:48:29.807Z</time>
</trkpt>
<trkpt lat="52.7715454" lon="-7.8204861">
	<ele>104.42</ele>
	<time>1970-01-02T12:48:43.505Z</time>
</trkpt>
<trkpt lat="52.7715912" lon="-7.8204360">
	<ele>104.41</ele>
	<time>1970-01-02T12:48:44.597Z</time>
</trkpt>
<trkpt lat="52.7717552" lon="-7.8202620">
	<ele>104.48</ele>
	<time>1970-01-02T12:48:48.814Z</time>
</trkpt>
<trkpt lat="52.7722626" lon="-7.8197570">
	<ele>105.86</ele>
	<time>1970-01-02T12:49:02.907Z</time>
</trkpt>
<trkpt lat="52.7735023" lon="-7.8189840">
	<ele>105.29</ele>
	<time>1970-01-02T12:49:32.924Z</time>
</trkpt>
<trkpt lat="52.7736473" lon="-7.8188691">
	<ele>105.71</ele>
	<time>1970-01-02T12:49:36.397Z</time>
</trkpt>
<trkpt lat="52.7737389" lon="-7.8188162">
	<ele>105.98</ele>
	<time>1970-01-02T12:49:38.477Z</time>
</trkpt>
<trkpt lat="52.7740135" lon="-7.8187418">
	<ele>106.68</ele>
	<time>1970-01-02T12:49:44.564Z</time>
</trkpt>
<trkpt lat="52.7742996" lon="-7.8186808">
	<ele>106.80</ele>
	<time>1970-01-02T12:49:50.576Z</time>
</trkpt>
<trkpt lat="52.7747688" lon="-7.8185220">
	<ele>106.68</ele>
	<time>1970-01-02T12:49:59.172Z</time>
</trkpt>
<trkpt lat="52.7748299" lon="-7.8185010">
	<ele>106.73</ele>
	<time>1970-01-02T12:50:00.316Z</time>
</trkpt>
<trkpt lat="52.7757645" lon="-7.8182750">
	<ele>106.03</ele>
	<time>1970-01-02T12:50:17.632Z</time>
</trkpt>
<trkpt lat="52.7762032" lon="-7.8181629">
	<ele>105.98</ele>
	<time>1970-01-02T12:50:25.938Z</time>
</trkpt>
<trkpt lat="52.7766228" lon="-7.8180881">
	<ele>106.05</ele>
	<time>1970-01-02T12:50:33.763Z</time>
</trkpt>
<trkpt lat="52.7768745" lon="-7.8180108">
	<ele>105.79</ele>
	<time>1970-01-02T12:50:38.166Z</time>
</trkpt>
<trkpt lat="52.7778244" lon="-7.8177619">
	<ele>105.10</ele>
	<time>1970-01-02T12:50:54.137Z</time>
</trkpt>
<trkpt lat="52.7785568" lon="-7.8174901">
	<ele>106.46</ele>
	<time>1970-01-02T12:51:10.948Z</time>
</trkpt>
<trkpt lat="52.7787628" lon="-7.8174291">
	<ele>106.94</ele>
	<time>1970-01-02T12:51:15.710Z</time>
</trkpt>
<trkpt lat="52.7788239" lon="-7.8174210">
	<ele>107.09</ele>
	<time>1970-01-02T12:51:17.160Z</time>
</trkpt>
<trkpt lat="52.7789955" lon="-7.8174381">
	<ele>107.54</ele>
	<time>1970-01-02T12:51:21.523Z</time>
</trkpt>
<trkpt lat="52.7790947" lon="-7.8174758">
	<ele>107.81</ele>
	<time>1970-01-02T12:51:24.106Z</time>
</trkpt>
<trkpt lat="52.7792206" lon="-7.8175511">
	<ele>108.16</ele>
	<time>1970-01-02T12:51:27.712Z</time>
</trkpt>
<trkpt lat="52.7795143" lon="-7.8177271">
	<ele>108.92</ele>
	<time>1970-01-02T12:51:35.963Z</time>
</trkpt>
<trkpt lat="52.7796631" lon="-7.8178020">
	<ele>109.22</ele>
	<time>1970-01-02T12:51:39.911Z</time>
</trkpt>
<trkpt lat="52.7798882" lon="-7.8178582">
	<ele>109.58</ele>
	<time>1970-01-02T12:51:45.718Z</time>
</trkpt>
<trkpt lat="52.7801094" lon="-7.8178878">
	<ele>109.75</ele>
	<time>1970-01-02T12:51:51.243Z</time>
</trkpt>
<trkpt lat="52.7806435" lon="-7.8178158">
	<ele>109.70</ele>
	<time>1970-01-02T12:52:03.640Z</time>
</trkpt>
<trkpt lat="52.7809334" lon="-7.8178329">
	<ele>109.77</ele>
	<time>1970-01-02T12:52:09.739Z</time>
</trkpt>
<trkpt lat="52.7810669" lon="-7.8178558">
	<ele>109.88</ele>
	<time>1970-01-02T12:52:12.707Z</time>
</trkpt>
<trkpt lat="52.7811737" lon="-7.8178902">
	<ele>109.96</ele>
	<time>1970-01-02T12:52:15.030Z</time>
</trkpt>
<trkpt lat="52.7813721" lon="-7.8179760">
	<ele>110.10</ele>
	<time>1970-01-02T12:52:19.663Z</time>
</trkpt>
<trkpt lat="52.7814560" lon="-7.8179989">
	<ele>110.19</ele>
	<time>1970-01-02T12:52:21.425Z</time>
</trkpt>
<trkpt lat="52.7815819" lon="-7.8180180">
	<ele>110.34</ele>
	<time>1970-01-02T12:52:24.303Z</time>
</trkpt>
<trkpt lat="52.7817078" lon="-7.8180199">
	<ele>110.53</ele>
	<time>1970-01-02T12:52:27.296Z</time>
</trkpt>
<trkpt lat="52.7819862" lon="-7.8179660">
	<ele>111.15</ele>
	<time>1970-01-02T12:52:34.420Z</time>
</trkpt>
<trkpt lat="52.7827263" lon="-7.8177528">
	<ele>110.76</ele>
	<time>1970-01-02T12:52:52.103Z</time>
</trkpt>
<trkpt lat="52.7830887" lon="-7.8176579">
	<ele>108.94</ele>
	<time>1970-01-02T12:52:58.282Z</time>
</trkpt>
<trkpt lat="52.7831917" lon="-7.8176460">
	<ele>108.55</ele>
	<time>1970-01-02T12:53:00.026Z</time>
</trkpt>
<trkpt lat="52.7832794" lon="-7.8176422">
	<ele>108.35</ele>
	<time>1970-01-02T12:53:01.416Z</time>
</trkpt>
<trkpt lat="52.7834206" lon="-7.8176541">
	<ele>108.31</ele>
	<time>1970-01-02T12:53:03.565Z</time>
</trkpt>
<trkpt lat="52.7835808" lon="-7.8176932">
	<ele>108.65</ele>
	<time>1970-01-02T12:53:06.061Z</time>
</trkpt>
<trkpt lat="52.7836647" lon="-7.8177180">
	<ele>108.91</ele>
	<time>1970-01-02T12:53:07.416Z</time>
</trkpt>
<trkpt lat="52.7837143" lon="-7.8177438">
	<ele>109.09</ele>
	<time>1970-01-02T12:53:08.326Z</time>
</trkpt>
<trkpt lat="52.7838974" lon="-7.8178391">
	<ele>109.69</ele>
	<time>1970-01-02T12:53:11.549Z</time>
</trkpt>
<trkpt lat="52.7840652" lon="-7.8179288">
	<ele>110.00</ele>
	<time>1970-01-02T12:53:14.860Z</time>
</trkpt>
<trkpt lat="52.7840805" lon="-7.8179379">
	<ele>110.01</ele>
	<time>1970-01-02T12:53:15.192Z</time>
</trkpt>
<trkpt lat="52.7843094" lon="-7.8180680">
	<ele>109.92</ele>
	<time>1970-01-02T12:53:19.671Z</time>
</trkpt>
<trkpt lat="52.7843933" lon="-7.8181181">
	<ele>109.82</ele>
	<time>1970-01-02T12:53:21.230Z</time>
</trkpt>
<trkpt lat="52.7845230" lon="-7.8181930">
	<ele>109.65</ele>
	<time>1970-01-02T12:53:23.587Z</time>
</trkpt>
<trkpt lat="52.7846260" lon="-7.8182521">
	<ele>109.52</ele>
	<time>1970-01-02T12:53:25.487Z</time>
</trkpt>
<trkpt lat="52.7847061" lon="-7.8183179">
	<ele>109.45</ele>
	<time>1970-01-02T12:53:27.079Z</time>
</trkpt>
<trkpt lat="52.7847290" lon="-7.8183351">
	<ele>109.44</ele>
	<time>1970-01-02T12:53:27.558Z</time>
</trkpt>
<trkpt lat="52.7848091" lon="-7.8184061">
	<ele>109.42</ele>
	<time>1970-01-02T12:53:29.160Z</time>
</trkpt>
<trkpt lat="52.7848511" lon="-7.8184581">
	<ele>109.46</ele>
	<time>1970-01-02T12:53:30.124Z</time>
</trkpt>
<trkpt lat="52.7849503" lon="-7.8185759">
	<ele>109.59</ele>
	<time>1970-01-02T12:53:32.382Z</time>
</trkpt>
<trkpt lat="52.7850876" lon="-7.8187380">
	<ele>109.73</ele>
	<time>1970-01-02T12:53:35.462Z</time>
</trkpt>
<trkpt lat="52.7857094" lon="-7.8194208">
	<ele>107.63</ele>
	<time>1970-01-02T12:53:46.907Z</time>
</trkpt>
<trkpt lat="52.7857742" lon="-7.8194828">
	<ele>107.50</ele>
	<time>1970-01-02T12:53:48.023Z</time>
</trkpt>
<trkpt lat="52.7858505" lon="-7.8195591">
	<ele>107.43</ele>
	<time>1970-01-02T12:53:49.438Z</time>
</trkpt>
<trkpt lat="52.7860947" lon="-7.8198228">
	<ele>107.53</ele>
	<time>1970-01-02T12:53:54.100Z</time>
</trkpt>
<trkpt lat="52.7862129" lon="-7.8199749">
	<ele>107.61</ele>
	<time>1970-01-02T12:53:56.651Z</time>
</trkpt>
<trkpt lat="52.7863007" lon="-7.8201070">
	<ele>107.69</ele>
	<time>1970-01-02T12:53:58.630Z</time>
</trkpt>
<trkpt lat="52.7863770" lon="-7.8202429">
	<ele>107.81</ele>
	<time>1970-01-02T12:54:00.632Z</time>
</trkpt>
<trkpt lat="52.7864532" lon="-7.8203950">
	<ele>108.01</ele>
	<time>1970-01-02T12:54:02.783Z</time>
</trkpt>
<trkpt lat="52.7865372" lon="-7.8205991">
	<ele>108.37</ele>
	<time>1970-01-02T12:54:05.783Z</time>
</trkpt>
<trkpt lat="52.7866020" lon="-7.8207941">
	<ele>108.73</ele>
	<time>1970-01-02T12:54:08.585Z</time>
</trkpt>
<trkpt lat="52.7867241" lon="-7.8212438">
	<ele>109.33</ele>
	<time>1970-01-02T12:54:15.377Z</time>
</trkpt>
<trkpt lat="52.7868462" lon="-7.8216581">
	<ele>110.31</ele>
	<time>1970-01-02T12:54:23.053Z</time>
</trkpt>
<trkpt lat="52.7871284" lon="-7.8224721">
	<ele>110.88</ele>
	<time>1970-01-02T12:54:38.839Z</time>
</trkpt>
<trkpt lat="52.7871933" lon="-7.8226938">
	<ele>110.41</ele>
	<time>1970-01-02T12:54:42.317Z</time>
</trkpt>
<trkpt lat="52.7872276" lon="-7.8228788">
	<ele>110.00</ele>
	<time>1970-01-02T12:54:44.582Z</time>
</trkpt>
<trkpt lat="52.7872734" lon="-7.8229709">
	<ele>109.79</ele>
	<time>1970-01-02T12:54:45.882Z</time>
</trkpt>
<trkpt lat="52.7873192" lon="-7.8230262">
	<ele>109.64</ele>
	<time>1970-01-02T12:54:46.859Z</time>
</trkpt>
<trkpt lat="52.7875175" lon="-7.8232322">
	<ele>109.12</ele>
	<time>1970-01-02T12:54:50.449Z</time>
</trkpt>
<trkpt lat="52.7876701" lon="-7.8233571">
	<ele>108.93</ele>
	<time>1970-01-02T12:54:53.025Z</time>
</trkpt>
<trkpt lat="52.7878609" lon="-7.8234682">
	<ele>108.90</ele>
	<time>1970-01-02T12:54:56.117Z</time>
</trkpt>
<trkpt lat="52.7882271" lon="-7.8236418">
	<ele>108.98</ele>
	<time>1970-01-02T12:55:02.623Z</time>
</trkpt>
<trkpt lat="52.7887383" lon="-7.8238540">
	<ele>108.82</ele>
	<time>1970-01-02T12:55:12.035Z</time>
</trkpt>
<trkpt lat="52.7896957" lon="-7.8250852">
	<ele>109.27</ele>
	<time>1970-01-02T12:55:33.376Z</time>
</trkpt>
<trkpt lat="52.7901344" lon="-7.8256521">
	<ele>109.22</ele>
	<time>1970-01-02T12:55:45.237Z</time>
</trkpt>
<trkpt lat="52.7908134" lon="-7.8265319">
	<ele>110.97</ele>
	<time>1970-01-02T12:56:05.713Z</time>
</trkpt>
<trkpt lat="52.7912560" lon="-7.8271070">
	<ele>111.87</ele>
	<time>1970-01-02T12:56:18.053Z</time>
</trkpt>
<trkpt lat="52.7912903" lon="-7.8271518">
	<ele>111.90</ele>
	<time>1970-01-02T12:56:18.987Z</time>
</trkpt>
<trkpt lat="52.7912903" lon="-7.8271518">
	<ele>111.90</ele>
	<time>1970-01-02T21:56:01.933Z</time>
</trkpt>
<trkpt lat="52.7914276" lon="-7.8273301">
	<ele>111.95</ele>
	<time>1970-01-02T21:56:05.108Z</time>
</trkpt>
<trkpt lat="52.7916985" lon="-7.8276811">
	<ele>111.78</ele>
	<time>1970-01-02T21:56:11.457Z</time>
</trkpt>
<trkpt lat="52.7919235" lon="-7.8279719">
	<ele>111.43</ele>
	<time>1970-01-02T21:56:17.128Z</time>
</trkpt>
<trkpt lat="52.7922211" lon="-7.8283601">
	<ele>110.98</ele>
	<time>1970-01-02T21:56:24.865Z</time>
</trkpt>
<trkpt lat="52.7924690" lon="-7.8286810">
	<ele>110.92</ele>
	<time>1970-01-02T21:56:31.112Z</time>
</trkpt>
<trkpt lat="52.7932854" lon="-7.8297391">
	<ele>112.05</ele>
	<time>1970-01-02T21:56:51.971Z</time>
</trkpt>
<trkpt lat="52.7943802" lon="-7.8311591">
	<ele>112.52</ele>
	<time>1970-01-02T21:57:23.545Z</time>
</trkpt>
<trkpt lat="52.7948761" lon="-7.8317990">
	<ele>113.07</ele>
	<time>1970-01-02T21:57:35.945Z</time>
</trkpt>
<trkpt lat="52.7942467" lon="-7.8332582">
	<ele>112.24</ele>
	<time>1970-01-02T21:57:56.638Z</time>
</trkpt>
<trkpt lat="52.7939186" lon="-7.8340111">
	<ele>110.86</ele>
	<time>1970-01-02T21:58:05.261Z</time>
</trkpt>
<trkpt lat="52.7938080" lon="-7.8342690">
	<ele>110.79</ele>
	<time>1970-01-02T21:58:08.198Z</time>
</trkpt>
<trkpt lat="52.7937469" lon="-7.8344121">
	<ele>110.90</ele>
	<time>1970-01-02T21:58:09.920Z</time>
</trkpt>
<trkpt lat="52.7935410" lon="-7.8348880">
	<ele>111.71</ele>
	<time>1970-01-02T21:58:15.701Z</time>
</trkpt>
<trkpt lat="52.7935066" lon="-7.8349700">
	<ele>111.84</ele>
	<time>1970-01-02T21:58:16.764Z</time>
</trkpt>
<trkpt lat="52.7933464" lon="-7.8353419">
	<ele>112.12</ele>
	<time>1970-01-02T21:58:21.291Z</time>
</trkpt>
<trkpt lat="52.7931976" lon="-7.8356872">
	<ele>112.17</ele>
	<time>1970-01-02T21:58:25.439Z</time>
</trkpt>
<trkpt lat="52.7930946" lon="-7.8359241">
	<ele>112.19</ele>
	<time>1970-01-02T21:58:28.395Z</time>
</trkpt>
<trkpt lat="52.7929840" lon="-7.8361778">
	<ele>112.09</ele>
	<time>1970-01-02T21:58:31.568Z</time>
</trkpt>
<trkpt lat="52.7928810" lon="-7.8364182">
	<ele>111.88</ele>
	<time>1970-01-02T21:58:34.835Z</time>
</trkpt>
<trkpt lat="52.7928391" lon="-7.8365140">
	<ele>111.79</ele>
	<time>1970-01-02T21:58:36.146Z</time>
</trkpt>
<trkpt lat="52.7927284" lon="-7.8367600">
	<ele>111.61</ele>
	<time>1970-01-02T21:58:39.596Z</time>
</trkpt>
<trkpt lat="52.7928085" lon="-7.8369479">
	<ele>111.15</ele>
	<time>1970-01-02T21:58:42.233Z</time>
</trkpt>
<trkpt lat="52.7928543" lon="-7.8370981">
	<ele>110.79</ele>
	<time>1970-01-02T21:58:44.048Z</time>
</trkpt>
<trkpt lat="52.7928886" lon="-7.8371458">
	<ele>110.65</ele>
	<time>1970-01-02T21:58:44.874Z</time>
</trkpt>
<trkpt lat="52.7929382" lon="-7.8372340">
	<ele>110.43</ele>
	<time>1970-01-02T21:58:46.115Z</time>
</trkpt>
<trkpt lat="52.7929916" lon="-7.8372750">
	<ele>110.29</ele>
	<time>1970-01-02T21:58:47.050Z</time>
</trkpt>
<trkpt lat="52.7930794" lon="-7.8373361">
	<ele>110.11</ele>
	<time>1970-01-02T21:58:48.774Z</time>
</trkpt>
<trkpt lat="52.7931290" lon="-7.8373532">
	<ele>110.05</ele>
	<time>1970-01-02T21:58:49.513Z</time>
</trkpt>
<trkpt lat="52.7932739" lon="-7.8374052">
	<ele>109.96</ele>
	<time>1970-01-02T21:58:52.058Z</time>
</trkpt>
<trkpt lat="52.7933998" lon="-7.8374491">
	<ele>110.04</ele>
	<time>1970-01-02T21:58:54.186Z</time>
</trkpt>
<trkpt lat="52.7938004" lon="-7.8375888">
	<ele>111.00</ele>
	<time>1970-01-02T21:59:02.160Z</time>
</trkpt>
<trkpt lat="52.7943382" lon="-7.8377810">
	<ele>112.34</ele>
	<time>1970-01-02T21:59:13.723Z</time>
</trkpt>
<trkpt lat="52.7947235" lon="-7.8379312">
	<ele>113.10</ele>
	<time>1970-01-02T21:59:22.594Z</time>
</trkpt>
<trkpt lat="52.7950554" lon="-7.8380718">
	<ele>113.28</ele>
	<time>1970-01-02T21:59:30.680Z</time>
</trkpt>
<trkpt lat="52.7952805" lon="-7.8382111">
	<ele>112.88</ele>
	<time>1970-01-02T21:59:36.045Z</time>
</trkpt>
<trkpt lat="52.7951927" lon="-7.8385139">
	<ele>112.78</ele>
	<time>1970-01-02T21:59:40.173Z</time>
</trkpt>
<trkpt lat="52.7957191" lon="-7.8386869">
	<ele>111.99</ele>
	<time>1970-01-02T21:59:50.158Z</time>
</trkpt>
<trkpt lat="52.7958336" lon="-7.8387418">
	<ele>111.93</ele>
	<time>1970-01-02T21:59:52.324Z</time>
</trkpt>
<trkpt lat="52.7959747" lon="-7.8388371">
	<ele>111.91</ele>
	<time>1970-01-02T21:59:55.158Z</time>
</trkpt>
<trkpt lat="52.7961159" lon="-7.8389940">
	<ele>111.84</ele>
	<time>1970-01-02T21:59:58.326Z</time>
</trkpt>
<trkpt lat="52.7962418" lon="-7.8391762">
	<ele>111.75</ele>
	<time>1970-01-02T22:00:01.700Z</time>
</trkpt>
<trkpt lat="52.7966461" lon="-7.8398151">
	<ele>113.50</ele>
	<time>1970-01-02T22:00:15.026Z</time>
</trkpt>
<trkpt lat="52.7967644" lon="-7.8399711">
	<ele>114.33</ele>
	<time>1970-01-02T22:00:18.606Z</time>
</trkpt>
<trkpt lat="52.7968178" lon="-7.8400550">
	<ele>114.73</ele>
	<time>1970-01-02T22:00:20.361Z</time>
</trkpt>
<trkpt lat="52.7968483" lon="-7.8401742">
	<ele>115.09</ele>
	<time>1970-01-02T22:00:22.292Z</time>
</trkpt>
<trkpt lat="52.7968788" lon="-7.8405919">
	<ele>115.76</ele>
	<time>1970-01-02T22:00:27.703Z</time>
</trkpt>
<trkpt lat="52.7969322" lon="-7.8409300">
	<ele>115.87</ele>
	<time>1970-01-02T22:00:32.479Z</time>
</trkpt>
<trkpt lat="52.7971001" lon="-7.8413849">
	<ele>115.73</ele>
	<time>1970-01-02T22:00:40.665Z</time>
</trkpt>
<trkpt lat="52.7971764" lon="-7.8416681">
	<ele>115.70</ele>
	<time>1970-01-02T22:00:45.374Z</time>
</trkpt>
<trkpt lat="52.7972565" lon="-7.8420248">
	<ele>115.58</ele>
	<time>1970-01-02T22:00:50.855Z</time>
</trkpt>
<trkpt lat="52.7973251" lon="-7.8422880">
	<ele>115.48</ele>
	<time>1970-01-02T22:00:54.674Z</time>
</trkpt>
<trkpt lat="52.7974548" lon="-7.8425708">
	<ele>115.71</ele>
	<time>1970-01-02T22:00:59.630Z</time>
</trkpt>
<trkpt lat="52.7975731" lon="-7.8427930">
	<ele>116.05</ele>
	<time>1970-01-02T22:01:03.851Z</time>
</trkpt>
<trkpt lat="52.7977448" lon="-7.8429928">
	<ele>116.85</ele>
	<time>1970-01-02T22:01:08.794Z</time>
</trkpt>
<trkpt lat="52.7979813" lon="-7.8433151">
	<ele>118.03</ele>
	<time>1970-01-02T22:01:18.016Z</time>
</trkpt>
<trkpt lat="52.7981567" lon="-7.8436069">
	<ele>118.36</ele>
	<time>1970-01-02T22:01:24.307Z</time>
</trkpt>
<trkpt lat="52.7987251" lon="-7.8446159">
	<ele>117.40</ele>
	<time>1970-01-02T22:01:42.649Z</time>
</trkpt>
<trkpt lat="52.7989120" lon="-7.8449450">
	<ele>117.56</ele>
	<time>1970-01-02T22:01:48.823Z</time>
</trkpt>
<trkpt lat="52.7999687" lon="-7.8468151">
	<ele>116.10</ele>
	<time>1970-01-02T22:02:16.418Z</time>
</trkpt>
<trkpt lat="52.8003387" lon="-7.8473539">
	<ele>115.92</ele>
	<time>1970-01-02T22:02:25.485Z</time>
</trkpt>
<trkpt lat="52.8005943" lon="-7.8476429">
	<ele>117.49</ele>
	<time>1970-01-02T22:02:31.455Z</time>
</trkpt>
<trkpt lat="52.8006859" lon="-7.8477478">
	<ele>117.87</ele>
	<time>1970-01-02T22:02:33.681Z</time>
</trkpt>
<trkpt lat="52.8010330" lon="-7.8480759">
	<ele>117.46</ele>
	<time>1970-01-02T22:02:41.378Z</time>
</trkpt>
<trkpt lat="52.8011551" lon="-7.8481889">
	<ele>116.84</ele>
	<time>1970-01-02T22:02:43.632Z</time>
</trkpt>
<trkpt lat="52.8013496" lon="-7.8482962">
	<ele>115.93</ele>
	<time>1970-01-02T22:02:46.781Z</time>
</trkpt>
<trkpt lat="52.8016014" lon="-7.8483930">
	<ele>115.07</ele>
	<time>1970-01-02T22:02:50.348Z</time>
</trkpt>
<trkpt lat="52.8017807" lon="-7.8484621">
	<ele>114.85</ele>
	<time>1970-01-02T22:02:52.834Z</time>
</trkpt>
<trkpt lat="52.8018913" lon="-7.8485060">
	<ele>114.80</ele>
	<time>1970-01-02T22:02:54.517Z</time>
</trkpt>
<trkpt lat="52.8024445" lon="-7.8487210">
	<ele>115.03</ele>
	<time>1970-01-02T22:03:02.910Z</time>
</trkpt>
<trkpt lat="52.8025818" lon="-7.8487740">
	<ele>115.10</ele>
	<time>1970-01-02T22:03:05.056Z</time>
</trkpt>
<trkpt lat="52.8049850" lon="-7.8497081">
	<ele>117.46</ele>
	<time>1970-01-02T22:04:01.732Z</time>
</trkpt>
<trkpt lat="52.8055038" lon="-7.8499198">
	<ele>118.42</ele>
	<time>1970-01-02T22:04:13.633Z</time>
</trkpt>
<trkpt lat="52.8057365" lon="-7.8500781">
	<ele>118.75</ele>
	<time>1970-01-02T22:04:19.602Z</time>
</trkpt>
<trkpt lat="52.8058472" lon="-7.8501520">
	<ele>118.92</ele>
	<time>1970-01-02T22:04:22.248Z</time>
</trkpt>
<trkpt lat="52.8060913" lon="-7.8505239">
	<ele>119.17</ele>
	<time>1970-01-02T22:04:28.661Z</time>
</trkpt>
<trkpt lat="52.8063011" lon="-7.8509440">
	<ele>119.23</ele>
	<time>1970-01-02T22:04:35.000Z</time>
</trkpt>
<trkpt lat="52.8074646" lon="-7.8532619">
	<ele>120.01</ele>
	<time>1970-01-02T22:05:17.239Z</time>
</trkpt>
<trkpt lat="52.8074660" lon="-7.8532620">
	<ele>120.01</ele>
	<time>1970-01-03T07:05:00.185Z</time>
</trkpt>
<trkpt lat="52.8075981" lon="-7.8533092">
	<ele>120.24</ele>
	<time>1970-01-04T11:07:09.935Z</time>
</trkpt>
<trkpt lat="52.8078766" lon="-7.8534069">
	<ele>120.60</ele>
	<time>1970-01-04T11:07:15.906Z</time>
</trkpt>
<trkpt lat="52.8079567" lon="-7.8534269">
	<ele>120.69</ele>
	<time>1970-01-04T11:07:17.551Z</time>
</trkpt>
<trkpt lat="52.8083916" lon="-7.8535309">
	<ele>121.03</ele>
	<time>1970-01-04T11:07:26.308Z</time>
</trkpt>
<trkpt lat="52.8087044" lon="-7.8536162">
	<ele>121.11</ele>
	<time>1970-01-04T11:07:32.075Z</time>
</trkpt>
<trkpt lat="52.8093414" lon="-7.8537898">
	<ele>121.04</ele>
	<time>1970-01-04T11:07:44.006Z</time>
</trkpt>
<trkpt lat="52.8095551" lon="-7.8538599">
	<ele>120.80</ele>
	<time>1970-01-04T11:07:47.996Z</time>
</trkpt>
<trkpt lat="52.8104401" lon="-7.8541479">
	<ele>119.94</ele>
	<time>1970-01-04T11:08:06.178Z</time>
</trkpt>
<trkpt lat="52.8107872" lon="-7.8542771">
	<ele>120.09</ele>
	<time>1970-01-04T11:08:13.366Z</time>
</trkpt>
<trkpt lat="52.8118744" lon="-7.8549242">
	<ele>119.87</ele>
	<time>1970-01-04T11:08:33.482Z</time>
</trkpt>
<trkpt lat="52.8121300" lon="-7.8550229">
	<ele>119.89</ele>
	<time>1970-01-04T11:08:38.186Z</time>
</trkpt>
<trkpt lat="52.8130455" lon="-7.8552432">
	<ele>120.63</ele>
	<time>1970-01-04T11:08:57.465Z</time>
</trkpt>
<trkpt lat="52.8146019" lon="-7.8555822">
	<ele>122.29</ele>
	<time>1970-01-04T11:09:31.873Z</time>
</trkpt>
<trkpt lat="52.8151779" lon="-7.8557072">
	<ele>122.72</ele>
	<time>1970-01-04T11:09:42.657Z</time>
</trkpt>
<trkpt lat="52.8157272" lon="-7.8558249">
	<ele>124.80</ele>
	<time>1970-01-04T11:09:56.068Z</time>
</trkpt>
<trkpt lat="52.8160210" lon="-7.8558898">
	<ele>124.94</ele>
	<time>1970-01-04T11:10:02.926Z</time>
</trkpt>
<trkpt lat="52.8162727" lon="-7.8559570">
	<ele>124.46</ele>
	<time>1970-01-04T11:10:09.140Z</time>
</trkpt>
<trkpt lat="52.8163795" lon="-7.8559771">
	<ele>124.25</ele>
	<time>1970-01-04T11:10:11.667Z</time>
</trkpt>
<trkpt lat="52.8166275" lon="-7.8560238">
	<ele>123.97</ele>
	<time>1970-01-04T11:10:17.683Z</time>
</trkpt>
<trkpt lat="52.8167877" lon="-7.8560548">
	<ele>124.09</ele>
	<time>1970-01-04T11:10:21.860Z</time>
</trkpt>
<trkpt lat="52.8171196" lon="-7.8561182">
	<ele>124.81</ele>
	<time>1970-01-04T11:10:31.323Z</time>
</trkpt>
<trkpt lat="52.8184471" lon="-7.8564820">
	<ele>127.69</ele>
	<time>1970-01-04T11:10:57.304Z</time>
</trkpt>
<trkpt lat="52.8194351" lon="-7.8569031">
	<ele>128.85</ele>
	<time>1970-01-04T11:11:22.914Z</time>
</trkpt>
<trkpt lat="52.8195457" lon="-7.8569250">
	<ele>129.32</ele>
	<time>1970-01-04T11:11:25.587Z</time>
</trkpt>
<trkpt lat="52.8196335" lon="-7.8569422">
	<ele>129.70</ele>
	<time>1970-01-04T11:11:27.899Z</time>
</trkpt>
<trkpt lat="52.8197937" lon="-7.8569732">
	<ele>130.38</ele>
	<time>1970-01-04T11:11:32.432Z</time>
</trkpt>
<trkpt lat="52.8202705" lon="-7.8570681">
	<ele>131.56</ele>
	<time>1970-01-04T11:11:48.118Z</time>
</trkpt>
<trkpt lat="52.8211403" lon="-7.8572121">
	<ele>132.42</ele>
	<time>1970-01-04T11:12:14.634Z</time>
</trkpt>
<trkpt lat="52.8217506" lon="-7.8573041">
	<ele>133.07</ele>
	<time>1970-01-04T11:12:32.738Z</time>
</trkpt>
<trkpt lat="52.8227119" lon="-7.8571730">
	<ele>134.25</ele>
	<time>1970-01-04T11:12:55.742Z</time>
</trkpt>
<trkpt lat="52.8229446" lon="-7.8571410">
	<ele>134.46</ele>
	<time>1970-01-04T11:13:00.942Z</time>
</trkpt>
<trkpt lat="52.8235741" lon="-7.8572888">
	<ele>136.05</ele>
	<time>1970-01-04T11:13:19.799Z</time>
</trkpt>
<trkpt lat="52.8238335" lon="-7.8573799">
	<ele>137.03</ele>
	<time>1970-01-04T11:13:27.713Z</time>
</trkpt>
<trkpt lat="52.8240128" lon="-7.8574419">
	<ele>137.60</ele>
	<time>1970-01-04T11:13:33.449Z</time>
</trkpt>
<trkpt lat="52.8251228" lon="-7.8578072">
	<ele>139.14</ele>
	<time>1970-01-04T11:14:08.711Z</time>
</trkpt>
<trkpt lat="52.8257904" lon="-7.8580222">
	<ele>140.38</ele>
	<time>1970-01-04T11:14:25.528Z</time>
</trkpt>
<trkpt lat="52.8260880" lon="-7.8579798">
	<ele>140.54</ele>
	<time>1970-01-04T11:14:32.592Z</time>
</trkpt>
<trkpt lat="52.8264732" lon="-7.8578839">
	<ele>140.51</ele>
	<time>1970-01-04T11:14:41.417Z</time>
</trkpt>
<trkpt lat="52.8267250" lon="-7.8577991">
	<ele>140.39</ele>
	<time>1970-01-04T11:14:47.358Z</time>
</trkpt>
<trkpt lat="52.8270073" lon="-7.8576808">
	<ele>140.16</ele>
	<time>1970-01-04T11:14:57.796Z</time>
</trkpt>
<trkpt lat="52.8283234" lon="-7.8568821">
	<ele>139.30</ele>
	<time>1970-01-04T11:15:30.467Z</time>
</trkpt>
<trkpt lat="52.8297234" lon="-7.8560848">
	<ele>139.91</ele>
	<time>1970-01-04T11:15:59.302Z</time>
</trkpt>
<trkpt lat="52.8299561" lon="-7.8559232">
	<ele>139.17</ele>
	<time>1970-01-04T11:16:03.101Z</time>
</trkpt>
<trkpt lat="52.8312683" lon="-7.8543091">
	<ele>137.02</ele>
	<time>1970-01-04T11:16:25.519Z</time>
</trkpt>
<trkpt lat="52.8314095" lon="-7.8541379">
	<ele>137.06</ele>
	<time>1970-01-04T11:16:28.217Z</time>
</trkpt>
<trkpt lat="52.8317719" lon="-7.8536930">
	<ele>135.96</ele>
	<time>1970-01-04T11:16:34.961Z</time>
</trkpt>
<trkpt lat="52.8324585" lon="-7.8529320">
	<ele>134.91</ele>
	<time>1970-01-04T11:16:48.151Z</time>
</trkpt>
<trkpt lat="52.8331757" lon="-7.8521872">
	<ele>135.16</ele>
	<time>1970-01-04T11:17:01.206Z</time>
</trkpt>
<trkpt lat="52.8339005" lon="-7.8515601">
	<ele>134.17</ele>
	<time>1970-01-04T11:17:14.719Z</time>
</trkpt>
<trkpt lat="52.8343086" lon="-7.8512092">
	<ele>133.39</ele>
	<time>1970-01-04T11:17:21.661Z</time>
</trkpt>
<trkpt lat="52.8350258" lon="-7.8505878">
	<ele>132.70</ele>
	<time>1970-01-04T11:17:33.196Z</time>
</trkpt>
<trkpt lat="52.8353729" lon="-7.8503728">
	<ele>132.36</ele>
	<time>1970-01-04T11:17:38.856Z</time>
</trkpt>
<trkpt lat="52.8357315" lon="-7.8502588">
	<ele>132.19</ele>
	<time>1970-01-04T11:17:44.722Z</time>
</trkpt>
<trkpt lat="52.8367157" lon="-7.8498001">
	<ele>132.79</ele>
	<time>1970-01-04T11:18:04.885Z</time>
</trkpt>
<trkpt lat="52.8368607" lon="-7.8497381">
	<ele>132.77</ele>
	<time>1970-01-04T11:18:07.806Z</time>
</trkpt>
<trkpt lat="52.8369141" lon="-7.8497210">
	<ele>132.76</ele>
	<time>1970-01-04T11:18:08.833Z</time>
</trkpt>
<trkpt lat="52.8371544" lon="-7.8496408">
	<ele>132.78</ele>
	<time>1970-01-04T11:18:13.441Z</time>
</trkpt>
<trkpt lat="52.8374939" lon="-7.8494892">
	<ele>133.07</ele>
	<time>1970-01-04T11:18:20.057Z</time>
</trkpt>
<trkpt lat="52.8385048" lon="-7.8490310">
	<ele>134.11</ele>
	<time>1970-01-04T11:18:41.425Z</time>
</trkpt>
<trkpt lat="52.8403397" lon="-7.8492150">
	<ele>136.83</ele>
	<time>1970-01-04T11:19:20.764Z</time>
</trkpt>
<trkpt lat="52.8411026" lon="-7.8492699">
	<ele>138.73</ele>
	<time>1970-01-04T11:19:39.284Z</time>
</trkpt>
<trkpt lat="52.8421936" lon="-7.8493481">
	<ele>137.70</ele>
	<time>1970-01-04T11:20:00.658Z</time>
</trkpt>
<trkpt lat="52.8440552" lon="-7.8494501">
	<ele>136.36</ele>
	<time>1970-01-04T11:20:40.034Z</time>
</trkpt>
<trkpt lat="52.8451462" lon="-7.8495221">
	<ele>136.70</ele>
	<time>1970-01-04T11:21:04.360Z</time>
</trkpt>
<trkpt lat="52.8454247" lon="-7.8495402">
	<ele>136.82</ele>
	<time>1970-01-04T11:21:09.975Z</time>
</trkpt>
<trkpt lat="52.8462791" lon="-7.8495259">
	<ele>136.47</ele>
	<time>1970-01-04T11:21:25.172Z</time>
</trkpt>
<trkpt lat="52.8487244" lon="-7.8495879">
	<ele>137.01</ele>
	<time>1970-01-04T11:22:12.378Z</time>
</trkpt>
<trkpt lat="52.8495750" lon="-7.8496070">
	<ele>136.68</ele>
	<time>1970-01-04T11:22:28.325Z</time>
</trkpt>
<trkpt lat="52.8498840" lon="-7.8496141">
	<ele>137.20</ele>
	<time>1970-01-04T11:22:34.732Z</time>
</trkpt>
<trkpt lat="52.8500671" lon="-7.8496180">
	<ele>137.61</ele>
	<time>1970-01-04T11:22:38.634Z</time>
</trkpt>
<trkpt lat="52.8514938" lon="-7.8496661">
	<ele>140.00</ele>
	<time>1970-01-04T11:23:15.132Z</time>
</trkpt>
<trkpt lat="52.8537712" lon="-7.8497500">
	<ele>141.32</ele>
	<time>1970-01-04T11:24:11.094Z</time>
</trkpt>
<trkpt lat="52.8549805" lon="-7.8498120">
	<ele>142.71</ele>
	<time>1970-01-04T11:24:37.235Z</time>
</trkpt>
<trkpt lat="52.8555069" lon="-7.8498359">
	<ele>143.58</ele>
	<time>1970-01-04T11:24:48.595Z</time>
</trkpt>
<trkpt lat="52.8556252" lon="-7.8498402">
	<ele>143.76</ele>
	<time>1970-01-04T11:24:51.184Z</time>
</trkpt>
<trkpt lat="52.8558731" lon="-7.8498578">
	<ele>143.97</ele>
	<time>1970-01-04T11:24:56.927Z</time>
</trkpt>
<trkpt lat="52.8560448" lon="-7.8499012">
	<ele>144.00</ele>
	<time>1970-01-04T11:25:00.606Z</time>
</trkpt>
<trkpt lat="52.8565331" lon="-7.8501511">
	<ele>144.25</ele>
	<time>1970-01-04T11:25:10.258Z</time>
</trkpt>
<trkpt lat="52.8568611" lon="-7.8503199">
	<ele>144.42</ele>
	<time>1970-01-04T11:25:17.446Z</time>
</trkpt>
<trkpt lat="52.8577538" lon="-7.8507781">
	<ele>143.36</ele>
	<time>1970-01-04T11:25:36.772Z</time>
</trkpt>
<trkpt lat="52.8597794" lon="-7.8518009">
	<ele>141.95</ele>
	<time>1970-01-04T11:26:10.604Z</time>
</trkpt>
<trkpt lat="52.8617477" lon="-7.8528419">
	<ele>150.80</ele>
	<time>1970-01-04T11:27:14.112Z</time>
</trkpt>
<trkpt lat="52.8617897" lon="-7.8528671">
	<ele>150.83</ele>
	<time>1970-01-04T11:27:15.059Z</time>
</trkpt>
<trkpt lat="52.8622169" lon="-7.8530879">
	<ele>150.63</ele>
	<time>1970-01-04T11:27:24.253Z</time>
</trkpt>
<trkpt lat="52.8622742" lon="-7.8531179">
	<ele>150.56</ele>
	<time>1970-01-04T11:27:25.508Z</time>
</trkpt>
<trkpt lat="52.8624763" lon="-7.8532238">
	<ele>150.22</ele>
	<time>1970-01-04T11:27:29.770Z</time>
</trkpt>
<trkpt lat="52.8630219" lon="-7.8536282">
	<ele>148.21</ele>
	<time>1970-01-04T11:27:46.227Z</time>
</trkpt>
<trkpt lat="52.8636513" lon="-7.8541470">
	<ele>148.73</ele>
	<time>1970-01-04T11:28:03.720Z</time>
</trkpt>
<trkpt lat="52.8642960" lon="-7.8546982">
	<ele>150.83</ele>
	<time>1970-01-04T11:28:20.739Z</time>
</trkpt>
<trkpt lat="52.8643951" lon="-7.8547850">
	<ele>150.96</ele>
	<time>1970-01-04T11:28:23.043Z</time>
</trkpt>
<trkpt lat="52.8648071" lon="-7.8551388">
	<ele>151.23</ele>
	<time>1970-01-04T11:28:33.205Z</time>
</trkpt>
<trkpt lat="52.8654099" lon="-7.8555040">
	<ele>150.63</ele>
	<time>1970-01-04T11:28:45.660Z</time>
</trkpt>
<trkpt lat="52.8660469" lon="-7.8558488">
	<ele>149.35</ele>
	<time>1970-01-04T11:28:55.288Z</time>
</trkpt>
<trkpt lat="52.8667030" lon="-7.8561058">
	<ele>146.84</ele>
	<time>1970-01-04T11:29:04.001Z</time>
</trkpt>
<trkpt lat="52.8671188" lon="-7.8562870">
	<ele>146.45</ele>
	<time>1970-01-04T11:29:09.957Z</time>
</trkpt>
<trkpt lat="52.8674431" lon="-7.8564281">
	<ele>146.60</ele>
	<time>1970-01-04T11:29:14.906Z</time>
</trkpt>
<trkpt lat="52.8676682" lon="-7.8565259">
	<ele>146.32</ele>
	<time>1970-01-04T11:29:18.169Z</time>
</trkpt>
<trkpt lat="52.8682632" lon="-7.8568630">
	<ele>144.12</ele>
	<time>1970-01-04T11:29:26.144Z</time>
</trkpt>
<trkpt lat="52.8704376" lon="-7.8580861">
	<ele>147.05</ele>
	<time>1970-01-04T11:30:14.014Z</time>
</trkpt>
<trkpt lat="52.8721237" lon="-7.8590231">
	<ele>144.16</ele>
	<time>1970-01-04T11:30:40.778Z</time>
</trkpt>
<trkpt lat="52.8724060" lon="-7.8591800">
	<ele>144.19</ele>
	<time>1970-01-04T11:30:46.605Z</time>
</trkpt>
<trkpt lat="52.8725853" lon="-7.8593178">
	<ele>144.24</ele>
	<time>1970-01-04T11:30:50.437Z</time>
</trkpt>
<trkpt lat="52.8729515" lon="-7.8597431">
	<ele>144.04</ele>
	<time>1970-01-04T11:30:58.178Z</time>
</trkpt>
<trkpt lat="52.8733177" lon="-7.8602548">
	<ele>143.85</ele>
	<time>1970-01-04T11:31:05.621Z</time>
</trkpt>
<trkpt lat="52.8734360" lon="-7.8604059">
	<ele>144.15</ele>
	<time>1970-01-04T11:31:08.251Z</time>
</trkpt>
<trkpt lat="52.8736534" lon="-7.8606882">
	<ele>144.92</ele>
	<time>1970-01-04T11:31:14.757Z</time>
</trkpt>
<trkpt lat="52.8738594" lon="-7.8609099">
	<ele>145.63</ele>
	<time>1970-01-04T11:31:21.197Z</time>
</trkpt>
<trkpt lat="52.8742027" lon="-7.8613362">
	<ele>148.17</ele>
	<time>1970-01-04T11:31:35.392Z</time>
</trkpt>
<trkpt lat="52.8743782" lon="-7.8616080">
	<ele>149.09</ele>
	<time>1970-01-04T11:31:42.941Z</time>
</trkpt>
<trkpt lat="52.8744278" lon="-7.8616629">
	<ele>149.07</ele>
	<time>1970-01-04T11:31:44.750Z</time>
</trkpt>
<trkpt lat="52.8746414" lon="-7.8618922">
	<ele>149.01</ele>
	<time>1970-01-04T11:31:51.514Z</time>
</trkpt>
<trkpt lat="52.8749008" lon="-7.8620610">
	<ele>149.33</ele>
	<time>1970-01-04T11:31:59.669Z</time>
</trkpt>
<trkpt lat="52.8752213" lon="-7.8621588">
	<ele>149.43</ele>
	<time>1970-01-04T11:32:09.582Z</time>
</trkpt>
<trkpt lat="52.8770523" lon="-7.8625951">
	<ele>150.50</ele>
	<time>1970-01-04T11:32:50.637Z</time>
</trkpt>
<trkpt lat="52.8779106" lon="-7.8628492">
	<ele>153.35</ele>
	<time>1970-01-04T11:33:17.991Z</time>
</trkpt>
<trkpt lat="52.8787155" lon="-7.8631210">
	<ele>155.17</ele>
	<time>1970-01-04T11:33:39.454Z</time>
</trkpt>
<trkpt lat="52.8788033" lon="-7.8631511">
	<ele>155.23</ele>
	<time>1970-01-04T11:33:41.496Z</time>
</trkpt>
<trkpt lat="52.8793297" lon="-7.8632178">
	<ele>153.99</ele>
	<time>1970-01-04T11:33:57.687Z</time>
</trkpt>
<trkpt lat="52.8797035" lon="-7.8631802">
	<ele>152.42</ele>
	<time>1970-01-04T11:34:04.492Z</time>
</trkpt>
<trkpt lat="52.8798714" lon="-7.8630900">
	<ele>151.36</ele>
	<time>1970-01-04T11:34:07.099Z</time>
</trkpt>
<trkpt lat="52.8800468" lon="-7.8629971">
	<ele>150.67</ele>
	<time>1970-01-04T11:34:09.554Z</time>
</trkpt>
<trkpt lat="52.8802452" lon="-7.8629651">
	<ele>150.75</ele>
	<time>1970-01-04T11:34:12.399Z</time>
</trkpt>
<trkpt lat="52.8805161" lon="-7.8629560">
	<ele>151.32</ele>
	<time>1970-01-04T11:34:16.494Z</time>
</trkpt>
<trkpt lat="52.8808517" lon="-7.8630061">
	<ele>152.14</ele>
	<time>1970-01-04T11:34:22.271Z</time>
</trkpt>
<trkpt lat="52.8810005" lon="-7.8630428">
	<ele>152.45</ele>
	<time>1970-01-04T11:34:25.081Z</time>
</trkpt>
<trkpt lat="52.8811111" lon="-7.8631072">
	<ele>152.70</ele>
	<time>1970-01-04T11:34:27.376Z</time>
</trkpt>
<trkpt lat="52.8811493" lon="-7.8631549">
	<ele>152.79</ele>
	<time>1970-01-04T11:34:28.254Z</time>
</trkpt>
<trkpt lat="52.8817978" lon="-7.8643918">
	<ele>151.14</ele>
	<time>1970-01-04T11:34:43.786Z</time>
</trkpt>
<trkpt lat="52.8820572" lon="-7.8649960">
	<ele>149.70</ele>
	<time>1970-01-04T11:34:49.922Z</time>
</trkpt>
<trkpt lat="52.8827667" lon="-7.8666072">
	<ele>152.77</ele>
	<time>1970-01-04T11:35:19.408Z</time>
</trkpt>
<trkpt lat="52.8830605" lon="-7.8672171">
	<ele>153.78</ele>
	<time>1970-01-04T11:35:31.394Z</time>
</trkpt>
<trkpt lat="52.8833923" lon="-7.8677959">
	<ele>154.08</ele>
	<time>1970-01-04T11:35:42.904Z</time>
</trkpt>
<trkpt lat="52.8846245" lon="-7.8696022">
	<ele>154.84</ele>
	<time>1970-01-04T11:36:23.284Z</time>
</trkpt>
<trkpt lat="52.8850288" lon="-7.8703499">
	<ele>154.98</ele>
	<time>1970-01-04T11:36:33.791Z</time>
</trkpt>
<trkpt lat="52.8855972" lon="-7.8714080">
	<ele>153.41</ele>
	<time>1970-01-04T11:36:47.873Z</time>
</trkpt>
<trkpt lat="52.8861618" lon="-7.8725190">
	<ele>156.83</ele>
	<time>1970-01-04T11:37:06.503Z</time>
</trkpt>
<trkpt lat="52.8863869" lon="-7.8729911">
	<ele>155.99</ele>
	<time>1970-01-04T11:37:14.683Z</time>
</trkpt>
<trkpt lat="52.8868103" lon="-7.8738718">
	<ele>156.87</ele>
	<time>1970-01-04T11:37:30.968Z</time>
</trkpt>
<trkpt lat="52.8874588" lon="-7.8752680">
	<ele>158.20</ele>
	<time>1970-01-04T11:38:00.188Z</time>
</trkpt>
<trkpt lat="52.8875923" lon="-7.8754549">
	<ele>158.39</ele>
	<time>1970-01-04T11:38:04.458Z</time>
</trkpt>
<trkpt lat="52.8877335" lon="-7.8756309">
	<ele>158.40</ele>
	<time>1970-01-04T11:38:08.813Z</time>
</trkpt>
<trkpt lat="52.8878555" lon="-7.8757839">
	<ele>158.32</ele>
	<time>1970-01-04T11:38:12.350Z</time>
</trkpt>
<trkpt lat="52.8879471" lon="-7.8758979">
	<ele>158.27</ele>
	<time>1970-01-04T11:38:15.153Z</time>
</trkpt>
<trkpt lat="52.8886147" lon="-7.8764801">
	<ele>159.29</ele>
	<time>1970-01-04T11:38:35.114Z</time>
</trkpt>
<trkpt lat="52.8886490" lon="-7.8765101">
	<ele>159.43</ele>
	<time>1970-01-04T11:38:35.946Z</time>
</trkpt>
<trkpt lat="52.8891602" lon="-7.8770838">
	<ele>162.41</ele>
	<time>1970-01-04T11:38:47.514Z</time>
</trkpt>
<trkpt lat="52.8893318" lon="-7.8772602">
	<ele>163.38</ele>
	<time>1970-01-04T11:38:52.465Z</time>
</trkpt>
<trkpt lat="52.8895302" lon="-7.8774028">
	<ele>164.13</ele>
	<time>1970-01-04T11:38:58.747Z</time>
</trkpt>
<trkpt lat="52.8901520" lon="-7.8776908">
	<ele>164.52</ele>
	<time>1970-01-04T11:39:18.216Z</time>
</trkpt>
<trkpt lat="52.8906288" lon="-7.8779421">
	<ele>163.55</ele>
	<time>1970-01-04T11:39:28.458Z</time>
</trkpt>
<trkpt lat="52.8907394" lon="-7.8779998">
	<ele>163.42</ele>
	<time>1970-01-04T11:39:33.055Z</time>
</trkpt>
<trkpt lat="52.8908653" lon="-7.8780799">
	<ele>163.36</ele>
	<time>1970-01-04T11:39:37.391Z</time>
</trkpt>
<trkpt lat="52.8910484" lon="-7.8782649">
	<ele>163.33</ele>
	<time>1970-01-04T11:39:43.719Z</time>
</trkpt>
<trkpt lat="52.8914680" lon="-7.8787560">
	<ele>163.93</ele>
	<time>1970-01-04T11:39:58.150Z</time>
</trkpt>
<trkpt lat="52.8925972" lon="-7.8799748">
	<ele>162.08</ele>
	<time>1970-01-04T11:40:20.317Z</time>
</trkpt>
<trkpt lat="52.8934631" lon="-7.8808012">
	<ele>160.98</ele>
	<time>1970-01-04T11:40:40.645Z</time>
</trkpt>
<trkpt lat="52.8943329" lon="-7.8814859">
	<ele>160.48</ele>
	<time>1970-01-04T11:40:52.960Z</time>
</trkpt>
<trkpt lat="52.8946266" lon="-7.8817029">
	<ele>159.37</ele>
	<time>1970-01-04T11:40:56.788Z</time>
</trkpt>
<trkpt lat="52.8955078" lon="-7.8823500">
	<ele>158.48</ele>
	<time>1970-01-04T11:41:09.342Z</time>
</trkpt>
<trkpt lat="52.8963928" lon="-7.8830752">
	<ele>155.16</ele>
	<time>1970-01-04T11:41:26.092Z</time>
</trkpt>
<trkpt lat="52.8971596" lon="-7.8837509">
	<ele>152.70</ele>
	<time>1970-01-04T11:41:36.625Z</time>
</trkpt>
<trkpt lat="52.8975143" lon="-7.8840451">
	<ele>151.96</ele>
	<time>1970-01-04T11:41:41.759Z</time>
</trkpt>
<trkpt lat="52.8981018" lon="-7.8844619">
	<ele>149.16</ele>
	<time>1970-01-04T11:41:48.732Z</time>
</trkpt>
<trkpt lat="52.8986893" lon="-7.8851571">
	<ele>145.39</ele>
	<time>1970-01-04T11:41:55.211Z</time>
</trkpt>
<trkpt lat="52.8998108" lon="-7.8864698">
	<ele>135.29</ele>
	<time>1970-01-04T11:42:07.451Z</time>
</trkpt>
<trkpt lat="52.9023819" lon="-7.8894129">
	<ele>127.14</ele>
	<time>1970-01-04T11:42:38.557Z</time>
</trkpt>
<trkpt lat="52.9045258" lon="-7.8919749">
	<ele>123.07</ele>
	<time>1970-01-04T11:43:16.138Z</time>
</trkpt>
<trkpt lat="52.9049797" lon="-7.8924451">
	<ele>122.95</ele>
	<time>1970-01-04T11:43:25.344Z</time>
</trkpt>
<trkpt lat="52.9052238" lon="-7.8927131">
	<ele>123.02</ele>
	<time>1970-01-04T11:43:30.411Z</time>
</trkpt>
<trkpt lat="52.9063377" lon="-7.8937979">
	<ele>122.24</ele>
	<time>1970-01-04T11:43:47.534Z</time>
</trkpt>
<trkpt lat="52.9064713" lon="-7.8940139">
	<ele>121.39</ele>
	<time>1970-01-04T11:43:50.121Z</time>
</trkpt>
<trkpt lat="52.9068108" lon="-7.8947892">
	<ele>118.68</ele>
	<time>1970-01-04T11:43:56.388Z</time>
</trkpt>
<trkpt lat="52.9078102" lon="-7.8970680">
	<ele>115.69</ele>
	<time>1970-01-04T11:44:15.253Z</time>
</trkpt>
<trkpt lat="52.9097099" lon="-7.9017630">
	<ele>105.37</ele>
	<time>1970-01-04T11:44:52.661Z</time>
</trkpt>
<trkpt lat="52.9099045" lon="-7.9022560">
	<ele>105.81</ele>
	<time>1970-01-04T11:44:58.702Z</time>
</trkpt>
<trkpt lat="52.9105759" lon="-7.9039502">
	<ele>104.91</ele>
	<time>1970-01-04T11:45:18.237Z</time>
</trkpt>
<trkpt lat="52.9108963" lon="-7.9046960">
	<ele>105.24</ele>
	<time>1970-01-04T11:45:28.550Z</time>
</trkpt>
<trkpt lat="52.9113312" lon="-7.9062428">
	<ele>109.23</ele>
	<time>1970-01-04T11:45:48.525Z</time>
</trkpt>
<trkpt lat="52.9116364" lon="-7.9075980">
	<ele>109.78</ele>
	<time>1970-01-04T11:46:04.947Z</time>
</trkpt>
<trkpt lat="52.9116516" lon="-7.9076200">
	<ele>109.75</ele>
	<time>1970-01-04T11:46:05.307Z</time>
</trkpt>
<trkpt lat="52.9117737" lon="-7.9077940">
	<ele>109.32</ele>
	<time>1970-01-04T11:46:08.152Z</time>
</trkpt>
<trkpt lat="52.9120369" lon="-7.9082341">
	<ele>107.71</ele>
	<time>1970-01-04T11:46:13.406Z</time>
</trkpt>
<trkpt lat="52.9120560" lon="-7.9083209">
	<ele>107.49</ele>
	<time>1970-01-04T11:46:14.201Z</time>
</trkpt>
<trkpt lat="52.9122009" lon="-7.9082599">
	<ele>107.08</ele>
	<time>1970-01-04T11:46:16.388Z</time>
</trkpt>
<trkpt lat="52.9128113" lon="-7.9087448">
	<ele>104.46</ele>
	<time>1970-01-04T11:46:28.425Z</time>
</trkpt>
<trkpt lat="52.9129944" lon="-7.9089160">
	<ele>103.93</ele>
	<time>1970-01-04T11:46:31.912Z</time>
</trkpt>
<trkpt lat="52.9130783" lon="-7.9090500">
	<ele>103.78</ele>
	<time>1970-01-04T11:46:33.845Z</time>
</trkpt>
<trkpt lat="52.9131393" lon="-7.9091148">
	<ele>103.77</ele>
	<time>1970-01-04T11:46:35.048Z</time>
</trkpt>
<trkpt lat="52.9132576" lon="-7.9092469">
	<ele>103.87</ele>
	<time>1970-01-04T11:46:37.344Z</time>
</trkpt>
<trkpt lat="52.9134827" lon="-7.9094968">
	<ele>104.43</ele>
	<time>1970-01-04T11:46:40.319Z</time>
</trkpt>
<trkpt lat="52.9136391" lon="-7.9096751">
	<ele>105.05</ele>
	<time>1970-01-04T11:46:42.817Z</time>
</trkpt>
<trkpt lat="52.9137230" lon="-7.9099069">
	<ele>105.40</ele>
	<time>1970-01-04T11:46:45.194Z</time>
</trkpt>
<trkpt lat="52.9137955" lon="-7.9101672">
	<ele>105.65</ele>
	<time>1970-01-04T11:46:47.797Z</time>
</trkpt>
<trkpt lat="52.9138222" lon="-7.9102502">
	<ele>105.73</ele>
	<time>1970-01-04T11:46:48.638Z</time>
</trkpt>
<trkpt lat="52.9140320" lon="-7.9101830">
	<ele>106.50</ele>
	<time>1970-01-04T11:46:52.733Z</time>
</trkpt>
<trkpt lat="52.9140701" lon="-7.9100990">
	<ele>106.67</ele>
	<time>1970-01-04T11:46:54.007Z</time>
</trkpt>
<trkpt lat="52.9142036" lon="-7.9100528">
	<ele>107.05</ele>
	<time>1970-01-04T11:46:57.091Z</time>
</trkpt>
<trkpt lat="52.9142418" lon="-7.9101081">
	<ele>107.10</ele>
	<time>1970-01-04T11:46:58.299Z</time>
</trkpt>
<trkpt lat="52.9144669" lon="-7.9104481">
	<ele>107.04</ele>
	<time>1970-01-04T11:47:04.176Z</time>
</trkpt>
<trkpt lat="52.9145393" lon="-7.9105158">
	<ele>106.97</ele>
	<time>1970-01-04T11:47:05.624Z</time>
</trkpt>
<trkpt lat="52.9148026" lon="-7.9110799">
	<ele>105.57</ele>
	<time>1970-01-04T11:47:12.317Z</time>
</trkpt>
<trkpt lat="52.9150200" lon="-7.9117012">
	<ele>103.92</ele>
	<time>1970-01-04T11:47:18.807Z</time>
</trkpt>
<trkpt lat="52.9151382" lon="-7.9119959">
	<ele>103.43</ele>
	<time>1970-01-04T11:47:21.632Z</time>
</trkpt>
<trkpt lat="52.9151878" lon="-7.9121151">
	<ele>103.26</ele>
	<time>1970-01-04T11:47:22.754Z</time>
</trkpt>
<trkpt lat="52.9152756" lon="-7.9123721">
	<ele>102.81</ele>
	<time>1970-01-04T11:47:24.824Z</time>
</trkpt>
<trkpt lat="52.9153099" lon="-7.9124641">
	<ele>102.59</ele>
	<time>1970-01-04T11:47:25.553Z</time>
</trkpt>
<trkpt lat="52.9153786" lon="-7.9126639">
	<ele>101.95</ele>
	<time>1970-01-04T11:47:27.155Z</time>
</trkpt>
<trkpt lat="52.9155807" lon="-7.9132361">
	<ele>100.26</ele>
	<time>1970-01-04T11:47:31.553Z</time>
</trkpt>
<trkpt lat="52.9160652" lon="-7.9146118">
	<ele>101.71</ele>
	<time>1970-01-04T11:47:45.465Z</time>
</trkpt>
<trkpt lat="52.9162598" lon="-7.9151640">
	<ele>101.46</ele>
	<time>1970-01-04T11:47:51.525Z</time>
</trkpt>
<trkpt lat="52.9167023" lon="-7.9164300">
	<ele>99.66</ele>
	<time>1970-01-04T11:48:05.348Z</time>
</trkpt>
<trkpt lat="52.9170723" lon="-7.9174752">
	<ele>100.03</ele>
	<time>1970-01-04T11:48:17.961Z</time>
</trkpt>
<trkpt lat="52.9172668" lon="-7.9180331">
	<ele>99.65</ele>
	<time>1970-01-04T11:48:24.190Z</time>
</trkpt>
<trkpt lat="52.9174805" lon="-7.9186440">
	<ele>100.14</ele>
	<time>1970-01-04T11:48:31.734Z</time>
</trkpt>
<trkpt lat="52.9178238" lon="-7.9196382">
	<ele>101.83</ele>
	<time>1970-01-04T11:48:47.796Z</time>
</trkpt>
<trkpt lat="52.9179649" lon="-7.9200492">
	<ele>101.84</ele>
	<time>1970-01-04T11:48:54.234Z</time>
</trkpt>
<trkpt lat="52.9180489" lon="-7.9202070">
	<ele>101.54</ele>
	<time>1970-01-04T11:48:56.942Z</time>
</trkpt>
<trkpt lat="52.9181595" lon="-7.9203539">
	<ele>101.15</ele>
	<time>1970-01-04T11:48:59.783Z</time>
</trkpt>
<trkpt lat="52.9182816" lon="-7.9204931">
	<ele>100.89</ele>
	<time>1970-01-04T11:49:02.773Z</time>
</trkpt>
<trkpt lat="52.9183044" lon="-7.9204521">
	<ele>100.60</ele>
	<time>1970-01-04T11:49:03.428Z</time>
</trkpt>
<trkpt lat="52.9183846" lon="-7.9204402">
	<ele>100.13</ele>
	<time>1970-01-04T11:49:04.730Z</time>
</trkpt>
<trkpt lat="52.9185257" lon="-7.9203992">
	<ele>99.20</ele>
	<time>1970-01-04T11:49:06.730Z</time>
</trkpt>
<trkpt lat="52.9190178" lon="-7.9201832">
	<ele>96.57</ele>
	<time>1970-01-04T11:49:14.300Z</time>
</trkpt>
<trkpt lat="52.9190903" lon="-7.9201512">
	<ele>96.33</ele>
	<time>1970-01-04T11:49:15.517Z</time>
</trkpt>
<trkpt lat="52.9192696" lon="-7.9200950">
	<ele>95.88</ele>
	<time>1970-01-04T11:49:17.902Z</time>
</trkpt>
<trkpt lat="52.9193954" lon="-7.9200568">
	<ele>95.70</ele>
	<time>1970-01-04T11:49:19.567Z</time>
</trkpt>
<trkpt lat="52.9195595" lon="-7.9200058">
	<ele>95.52</ele>
	<time>1970-01-04T11:49:21.820Z</time>
</trkpt>
<trkpt lat="52.9196663" lon="-7.9199719">
	<ele>95.40</ele>
	<time>1970-01-04T11:49:23.235Z</time>
</trkpt>
<trkpt lat="52.9197121" lon="-7.9199581">
	<ele>95.34</ele>
	<time>1970-01-04T11:49:23.839Z</time>
</trkpt>
<trkpt lat="52.9206238" lon="-7.9198670">
	<ele>92.52</ele>
	<time>1970-01-04T11:49:33.632Z</time>
</trkpt>
<trkpt lat="52.9213181" lon="-7.9197741">
	<ele>91.53</ele>
	<time>1970-01-04T11:49:42.989Z</time>
</trkpt>
<trkpt lat="52.9215469" lon="-7.9197440">
	<ele>91.51</ele>
	<time>1970-01-04T11:49:46.393Z</time>
</trkpt>
<trkpt lat="52.9222946" lon="-7.9196839">
	<ele>90.50</ele>
	<time>1970-01-04T11:49:56.440Z</time>
</trkpt>
<trkpt lat="52.9234467" lon="-7.9195609">
	<ele>91.00</ele>
	<time>1970-01-04T11:50:15.447Z</time>
</trkpt>
<trkpt lat="52.9234734" lon="-7.9195590">
	<ele>90.95</ele>
	<time>1970-01-04T11:50:15.918Z</time>
</trkpt>
<trkpt lat="52.9240456" lon="-7.9194908">
	<ele>89.46</ele>
	<time>1970-01-04T11:50:24.653Z</time>
</trkpt>
<trkpt lat="52.9250603" lon="-7.9193659">
	<ele>88.82</ele>
	<time>1970-01-04T11:50:41.375Z</time>
</trkpt>
<trkpt lat="52.9261322" lon="-7.9192281">
	<ele>88.95</ele>
	<time>1970-01-04T11:51:00.658Z</time>
</trkpt>
<trkpt lat="52.9273911" lon="-7.9190621">
	<ele>89.84</ele>
	<time>1970-01-04T11:51:17.090Z</time>
</trkpt>
<trkpt lat="52.9283943" lon="-7.9189072">
	<ele>89.34</ele>
	<time>1970-01-04T11:51:32.655Z</time>
</trkpt>
<trkpt lat="52.9300308" lon="-7.9186811">
	<ele>88.75</ele>
	<time>1970-01-04T11:51:59.318Z</time>
</trkpt>
<trkpt lat="52.9302216" lon="-7.9186540">
	<ele>88.66</ele>
	<time>1970-01-04T11:52:02.483Z</time>
</trkpt>
<trkpt lat="52.9305763" lon="-7.9186349">
	<ele>88.34</ele>
	<time>1970-01-04T11:52:08.061Z</time>
</trkpt>
<trkpt lat="52.9308815" lon="-7.9186492">
	<ele>87.92</ele>
	<time>1970-01-04T11:52:12.809Z</time>
</trkpt>
<trkpt lat="52.9311981" lon="-7.9186382">
	<ele>87.22</ele>
	<time>1970-01-04T11:52:17.451Z</time>
</trkpt>
<trkpt lat="52.9312553" lon="-7.9186358">
	<ele>87.07</ele>
	<time>1970-01-04T11:52:18.234Z</time>
</trkpt>
<trkpt lat="52.9337196" lon="-7.9182320">
	<ele>92.98</ele>
	<time>1970-01-04T11:53:11.442Z</time>
</trkpt>
<trkpt lat="52.9350281" lon="-7.9180741">
	<ele>95.52</ele>
	<time>1970-01-04T11:53:48.594Z</time>
</trkpt>
<trkpt lat="52.9355507" lon="-7.9180312">
	<ele>94.83</ele>
	<time>1970-01-04T11:54:06.380Z</time>
</trkpt>
<trkpt lat="52.9378357" lon="-7.9177861">
	<ele>88.96</ele>
	<time>1970-01-04T11:54:42.955Z</time>
</trkpt>
<trkpt lat="52.9420547" lon="-7.9175820">
	<ele>87.41</ele>
	<time>1970-01-04T11:55:56.652Z</time>
</trkpt>
<trkpt lat="52.9433022" lon="-7.9175272">
	<ele>87.96</ele>
	<time>1970-01-04T11:56:16.132Z</time>
</trkpt>
<trkpt lat="52.9440498" lon="-7.9175558">
	<ele>86.20</ele>
	<time>1970-01-04T11:56:27.195Z</time>
</trkpt>
<trkpt lat="52.9456596" lon="-7.9175758">
	<ele>86.50</ele>
	<time>1970-01-04T11:56:50.057Z</time>
</trkpt>
<trkpt lat="52.9462090" lon="-7.9175920">
	<ele>87.48</ele>
	<time>1970-01-04T11:57:00.486Z</time>
</trkpt>
<trkpt lat="52.9462624" lon="-7.9175801">
	<ele>87.57</ele>
	<time>1970-01-04T11:57:01.504Z</time>
</trkpt>
<trkpt lat="52.9463196" lon="-7.9175458">
	<ele>87.70</ele>
	<time>1970-01-04T11:57:02.692Z</time>
</trkpt>
<trkpt lat="52.9464760" lon="-7.9172678">
	<ele>88.30</ele>
	<time>1970-01-04T11:57:07.668Z</time>
</trkpt>
<trkpt lat="52.9468956" lon="-7.9164481">
	<ele>88.95</ele>
	<time>1970-01-04T11:57:26.259Z</time>
</trkpt>
<trkpt lat="52.9470024" lon="-7.9162989">
	<ele>88.91</ele>
	<time>1970-01-04T11:57:29.565Z</time>
</trkpt>
<trkpt lat="52.9470978" lon="-7.9162321">
	<ele>88.88</ele>
	<time>1970-01-04T11:57:32.118Z</time>
</trkpt>
<trkpt lat="52.9471855" lon="-7.9161892">
	<ele>88.85</ele>
	<time>1970-01-04T11:57:34.192Z</time>
</trkpt>
<trkpt lat="52.9473801" lon="-7.9161248">
	<ele>88.79</ele>
	<time>1970-01-04T11:57:38.610Z</time>
</trkpt>
<trkpt lat="52.9476547" lon="-7.9160538">
	<ele>88.72</ele>
	<time>1970-01-04T11:57:44.222Z</time>
</trkpt>
<trkpt lat="52.9479027" lon="-7.9159961">
	<ele>88.58</ele>
	<time>1970-01-04T11:57:48.898Z</time>
</trkpt>
<trkpt lat="52.9481125" lon="-7.9159598">
	<ele>88.36</ele>
	<time>1970-01-04T11:57:52.516Z</time>
</trkpt>
<trkpt lat="52.9482040" lon="-7.9159641">
	<ele>88.22</ele>
	<time>1970-01-04T11:57:54.008Z</time>
</trkpt>
<trkpt lat="52.9482956" lon="-7.9159899">
	<ele>88.08</ele>
	<time>1970-01-04T11:57:55.516Z</time>
</trkpt>
<trkpt lat="52.9484329" lon="-7.9160128">
	<ele>87.81</ele>
	<time>1970-01-04T11:57:57.556Z</time>
</trkpt>
<trkpt lat="52.9485741" lon="-7.9160261">
	<ele>87.45</ele>
	<time>1970-01-04T11:57:59.568Z</time>
</trkpt>
<trkpt lat="52.9487839" lon="-7.9160318">
	<ele>86.83</ele>
	<time>1970-01-04T11:58:02.193Z</time>
</trkpt>
<trkpt lat="52.9491234" lon="-7.9161501">
	<ele>85.78</ele>
	<time>1970-01-04T11:58:06.070Z</time>
</trkpt>
<trkpt lat="52.9498940" lon="-7.9164538">
	<ele>84.43</ele>
	<time>1970-01-04T11:58:15.616Z</time>
</trkpt>
<trkpt lat="52.9501495" lon="-7.9165168">
	<ele>83.99</ele>
	<time>1970-01-04T11:58:19.066Z</time>
</trkpt>
<trkpt lat="52.9502296" lon="-7.9165182">
	<ele>83.86</ele>
	<time>1970-01-04T11:58:20.169Z</time>
</trkpt>
<trkpt lat="52.9503784" lon="-7.9165020">
	<ele>83.62</ele>
	<time>1970-01-04T11:58:22.322Z</time>
</trkpt>
<trkpt lat="52.9507980" lon="-7.9163771">
	<ele>83.07</ele>
	<time>1970-01-04T11:58:28.280Z</time>
</trkpt>
<trkpt lat="52.9512558" lon="-7.9162569">
	<ele>82.99</ele>
	<time>1970-01-04T11:58:35.328Z</time>
</trkpt>
<trkpt lat="52.9516182" lon="-7.9161501">
	<ele>83.05</ele>
	<time>1970-01-04T11:58:41.390Z</time>
</trkpt>
<trkpt lat="52.9518509" lon="-7.9160819">
	<ele>83.04</ele>
	<time>1970-01-04T11:58:45.151Z</time>
</trkpt>
<trkpt lat="52.9519768" lon="-7.9160461">
	<ele>83.06</ele>
	<time>1970-01-04T11:58:47.112Z</time>
</trkpt>
<trkpt lat="52.9523201" lon="-7.9159412">
	<ele>83.09</ele>
	<time>1970-01-04T11:58:52.253Z</time>
</trkpt>
<trkpt lat="52.9524307" lon="-7.9159160">
	<ele>83.06</ele>
	<time>1970-01-04T11:58:53.916Z</time>
</trkpt>
<trkpt lat="52.9530334" lon="-7.9157820">
	<ele>82.48</ele>
	<time>1970-01-04T11:59:02.682Z</time>
</trkpt>
<trkpt lat="52.9534836" lon="-7.9157090">
	<ele>81.76</ele>
	<time>1970-01-04T11:59:09.237Z</time>
</trkpt>
<trkpt lat="52.9541664" lon="-7.9155822">
	<ele>80.26</ele>
	<time>1970-01-04T11:59:19.562Z</time>
</trkpt>
<trkpt lat="52.9547386" lon="-7.9155149">
	<ele>80.12</ele>
	<time>1970-01-04T11:59:29.121Z</time>
</trkpt>
<trkpt lat="52.9552269" lon="-7.9154329">
	<ele>81.00</ele>
	<time>1970-01-04T11:59:39.227Z</time>
</trkpt>
<trkpt lat="52.9559822" lon="-7.9152632">
	<ele>83.80</ele>
	<time>1970-01-04T12:00:00.991Z</time>
</trkpt>
<trkpt lat="52.9560509" lon="-7.9152260">
	<ele>84.04</ele>
	<time>1970-01-04T12:00:02.848Z</time>
</trkpt>
<trkpt lat="52.9561119" lon="-7.9151678">
	<ele>84.29</ele>
	<time>1970-01-04T12:00:04.659Z</time>
</trkpt>
<trkpt lat="52.9562149" lon="-7.9150262">
	<ele>84.68</ele>
	<time>1970-01-04T12:00:08.401Z</time>
</trkpt>
<trkpt lat="52.9566116" lon="-7.9145188">
	<ele>84.48</ele>
	<time>1970-01-04T12:00:23.766Z</time>
</trkpt>
<trkpt lat="52.9568329" lon="-7.9142299">
	<ele>83.91</ele>
	<time>1970-01-04T12:00:30.485Z</time>
</trkpt>
<trkpt lat="52.9572868" lon="-7.9136038">
	<ele>83.36</ele>
	<time>1970-01-04T12:00:39.539Z</time>
</trkpt>
<trkpt lat="52.9579926" lon="-7.9126892">
	<ele>82.18</ele>
	<time>1970-01-04T12:00:53.189Z</time>
</trkpt>
<trkpt lat="52.9581451" lon="-7.9124889">
	<ele>82.14</ele>
	<time>1970-01-04T12:00:56.484Z</time>
</trkpt>
<trkpt lat="52.9588814" lon="-7.9115310">
	<ele>80.36</ele>
	<time>1970-01-04T12:01:08.706Z</time>
</trkpt>
<trkpt lat="52.9590302" lon="-7.9113388">
	<ele>79.73</ele>
	<time>1970-01-04T12:01:11.194Z</time>
</trkpt>
<trkpt lat="52.9591713" lon="-7.9111290">
	<ele>79.25</ele>
	<time>1970-01-04T12:01:13.706Z</time>
</trkpt>
<trkpt lat="52.9592247" lon="-7.9110041">
	<ele>79.12</ele>
	<time>1970-01-04T12:01:14.954Z</time>
</trkpt>
<trkpt lat="52.9592590" lon="-7.9108391">
	<ele>79.07</ele>
	<time>1970-01-04T12:01:16.493Z</time>
</trkpt>
<trkpt lat="52.9592972" lon="-7.9104881">
	<ele>79.44</ele>
	<time>1970-01-04T12:01:20.061Z</time>
</trkpt>
<trkpt lat="52.9593315" lon="-7.9102292">
	<ele>79.85</ele>
	<time>1970-01-04T12:01:22.964Z</time>
</trkpt>
<trkpt lat="52.9593925" lon="-7.9099932">
	<ele>80.05</ele>
	<time>1970-01-04T12:01:25.899Z</time>
</trkpt>
<trkpt lat="52.9595108" lon="-7.9096279">
	<ele>79.70</ele>
	<time>1970-01-04T12:01:30.427Z</time>
</trkpt>
<trkpt lat="52.9595833" lon="-7.9094400">
	<ele>79.29</ele>
	<time>1970-01-04T12:01:33.027Z</time>
</trkpt>
<trkpt lat="52.9597626" lon="-7.9091549">
	<ele>78.56</ele>
	<time>1970-01-04T12:01:37.569Z</time>
</trkpt>
<trkpt lat="52.9598389" lon="-7.9090018">
	<ele>78.38</ele>
	<time>1970-01-04T12:01:39.689Z</time>
</trkpt>
<trkpt lat="52.9600372" lon="-7.9085488">
	<ele>78.50</ele>
	<time>1970-01-04T12:01:44.998Z</time>
</trkpt>
<trkpt lat="52.9601135" lon="-7.9084358">
	<ele>78.47</ele>
	<time>1970-01-04T12:01:46.505Z</time>
</trkpt>
<trkpt lat="52.9603081" lon="-7.9082470">
	<ele>78.03</ele>
	<time>1970-01-04T12:01:49.690Z</time>
</trkpt>
<trkpt lat="52.9605942" lon="-7.9079990">
	<ele>77.41</ele>
	<time>1970-01-04T12:01:54.142Z</time>
</trkpt>
<trkpt lat="52.9608192" lon="-7.9078159">
	<ele>77.32</ele>
	<time>1970-01-04T12:01:57.697Z</time>
</trkpt>
<trkpt lat="52.9611855" lon="-7.9075322">
	<ele>78.13</ele>
	<time>1970-01-04T12:02:04.882Z</time>
</trkpt>
<trkpt lat="52.9613152" lon="-7.9074049">
	<ele>78.64</ele>
	<time>1970-01-04T12:02:08.000Z</time>
</trkpt>
<trkpt lat="52.9614449" lon="-7.9072618">
	<ele>79.34</ele>
	<time>1970-01-04T12:02:11.500Z</time>
</trkpt>
<trkpt lat="52.9617691" lon="-7.9069371">
	<ele>81.33</ele>
	<time>1970-01-04T12:02:23.038Z</time>
</trkpt>
<trkpt lat="52.9619827" lon="-7.9068012">
	<ele>82.05</ele>
	<time>1970-01-04T12:02:29.386Z</time>
</trkpt>
<trkpt lat="52.9621391" lon="-7.9067268">
	<ele>82.26</ele>
	<time>1970-01-04T12:02:33.880Z</time>
</trkpt>
<trkpt lat="52.9622498" lon="-7.9067068">
	<ele>82.23</ele>
	<time>1970-01-04T12:02:36.532Z</time>
</trkpt>
<trkpt lat="52.9623718" lon="-7.9066930">
	<ele>82.13</ele>
	<time>1970-01-04T12:02:39.522Z</time>
</trkpt>
<trkpt lat="52.9624634" lon="-7.9067140">
	<ele>82.02</ele>
	<time>1970-01-04T12:02:41.654Z</time>
</trkpt>
<trkpt lat="52.9625587" lon="-7.9067588">
	<ele>81.86</ele>
	<time>1970-01-04T12:02:43.618Z</time>
</trkpt>
<trkpt lat="52.9629936" lon="-7.9070048">
	<ele>80.84</ele>
	<time>1970-01-04T12:02:50.899Z</time>
</trkpt>
<trkpt lat="52.9631271" lon="-7.9071288">
	<ele>80.61</ele>
	<time>1970-01-04T12:02:53.168Z</time>
</trkpt>
<trkpt lat="52.9633675" lon="-7.9073792">
	<ele>80.21</ele>
	<time>1970-01-04T12:02:56.870Z</time>
</trkpt>
<trkpt lat="52.9635391" lon="-7.9075189">
	<ele>79.69</ele>
	<time>1970-01-04T12:02:59.258Z</time>
</trkpt>
<trkpt lat="52.9635582" lon="-7.9075189">
	<ele>79.66</ele>
	<time>1970-01-04T12:02:59.494Z</time>
</trkpt>
<trkpt lat="52.9636345" lon="-7.9075189">
	<ele>79.49</ele>
	<time>1970-01-04T12:03:00.451Z</time>
</trkpt>
<trkpt lat="52.9642296" lon="-7.9071932">
	<ele>78.45</ele>
	<time>1970-01-04T12:03:09.642Z</time>
</trkpt>
<trkpt lat="52.9644089" lon="-7.9081392">
	<ele>75.59</ele>
	<time>1970-01-04T12:03:16.615Z</time>
</trkpt>
<trkpt lat="52.9646111" lon="-7.9091368">
	<ele>76.27</ele>
	<time>1970-01-04T12:03:26.498Z</time>
</trkpt>
<trkpt lat="52.9650536" lon="-7.9113941">
	<ele>78.89</ele>
	<time>1970-01-04T12:04:03.054Z</time>
</trkpt>
<trkpt lat="52.9650879" lon="-7.9115858">
	<ele>79.55</ele>
	<time>1970-01-04T12:04:05.691Z</time>
</trkpt>
<trkpt lat="52.9659195" lon="-7.9158249">
	<ele>74.81</ele>
	<time>1970-01-04T12:04:51.396Z</time>
</trkpt>
<trkpt lat="52.9660225" lon="-7.9163442">
	<ele>74.13</ele>
	<time>1970-01-04T12:04:57.502Z</time>
</trkpt>
<trkpt lat="52.9664421" lon="-7.9184928">
	<ele>77.03</ele>
	<time>1970-01-04T12:05:21.908Z</time>
</trkpt>
<trkpt lat="52.9665108" lon="-7.9188771">
	<ele>77.28</ele>
	<time>1970-01-04T12:05:26.627Z</time>
</trkpt>
<trkpt lat="52.9665565" lon="-7.9191260">
	<ele>77.26</ele>
	<time>1970-01-04T12:05:29.571Z</time>
</trkpt>
<trkpt lat="52.9667511" lon="-7.9201441">
	<ele>76.56</ele>
	<time>1970-01-04T12:05:40.763Z</time>
</trkpt>
<trkpt lat="52.9668121" lon="-7.9204278">
	<ele>75.97</ele>
	<time>1970-01-04T12:05:43.608Z</time>
</trkpt>
<trkpt lat="52.9668884" lon="-7.9207129">
	<ele>75.43</ele>
	<time>1970-01-04T12:05:46.366Z</time>
</trkpt>
<trkpt lat="52.9674759" lon="-7.9226880">
	<ele>74.15</ele>
	<time>1970-01-04T12:06:06.964Z</time>
</trkpt>
<trkpt lat="52.9676704" lon="-7.9233689">
	<ele>74.75</ele>
	<time>1970-01-04T12:06:14.193Z</time>
</trkpt>
<trkpt lat="52.9682922" lon="-7.9257970">
	<ele>75.08</ele>
	<time>1970-01-04T12:06:43.820Z</time>
</trkpt>
<trkpt lat="52.9686432" lon="-7.9271469">
	<ele>75.36</ele>
	<time>1970-01-04T12:07:01.887Z</time>
</trkpt>
<trkpt lat="52.9688568" lon="-7.9280062">
	<ele>76.46</ele>
	<time>1970-01-04T12:07:15.171Z</time>
</trkpt>
<trkpt lat="52.9689598" lon="-7.9283209">
	<ele>76.98</ele>
	<time>1970-01-04T12:07:20.177Z</time>
</trkpt>
<trkpt lat="52.9692497" lon="-7.9288859">
	<ele>77.14</ele>
	<time>1970-01-04T12:07:28.898Z</time>
</trkpt>
<trkpt lat="52.9697647" lon="-7.9297519">
	<ele>74.65</ele>
	<time>1970-01-04T12:07:39.565Z</time>
</trkpt>
<trkpt lat="52.9703026" lon="-7.9306369">
	<ele>72.83</ele>
	<time>1970-01-04T12:07:49.654Z</time>
</trkpt>
<trkpt lat="52.9706421" lon="-7.9311399">
	<ele>71.73</ele>
	<time>1970-01-04T12:07:55.400Z</time>
</trkpt>
<trkpt lat="52.9706993" lon="-7.9312229">
	<ele>71.59</ele>
	<time>1970-01-04T12:07:56.338Z</time>
</trkpt>
<trkpt lat="52.9710350" lon="-7.9316592">
	<ele>70.85</ele>
	<time>1970-01-04T12:08:01.704Z</time>
</trkpt>
<trkpt lat="52.9712486" lon="-7.9319520">
	<ele>70.40</ele>
	<time>1970-01-04T12:08:05.265Z</time>
</trkpt>
<trkpt lat="52.9714317" lon="-7.9321618">
	<ele>69.77</ele>
	<time>1970-01-04T12:08:07.991Z</time>
</trkpt>
<trkpt lat="52.9717064" lon="-7.9323249">
	<ele>68.61</ele>
	<time>1970-01-04T12:08:11.238Z</time>
</trkpt>
<trkpt lat="52.9718971" lon="-7.9324670">
	<ele>68.08</ele>
	<time>1970-01-04T12:08:13.759Z</time>
</trkpt>
<trkpt lat="52.9720993" lon="-7.9326358">
	<ele>67.63</ele>
	<time>1970-01-04T12:08:16.495Z</time>
</trkpt>
<trkpt lat="52.9723740" lon="-7.9328380">
	<ele>67.13</ele>
	<time>1970-01-04T12:08:19.992Z</time>
</trkpt>
<trkpt lat="52.9726639" lon="-7.9330301">
	<ele>66.73</ele>
	<time>1970-01-04T12:08:23.964Z</time>
</trkpt>
<trkpt lat="52.9728279" lon="-7.9331222">
	<ele>66.60</ele>
	<time>1970-01-04T12:08:26.301Z</time>
</trkpt>
<trkpt lat="52.9728851" lon="-7.9331222">
	<ele>66.57</ele>
	<time>1970-01-04T12:08:27.063Z</time>
</trkpt>
<trkpt lat="52.9729729" lon="-7.9331069">
	<ele>66.57</ele>
	<time>1970-01-04T12:08:28.357Z</time>
</trkpt>
<trkpt lat="52.9744263" lon="-7.9327278">
	<ele>68.84</ele>
	<time>1970-01-04T12:08:58.833Z</time>
</trkpt>
<trkpt lat="52.9745178" lon="-7.9327192">
	<ele>69.11</ele>
	<time>1970-01-04T12:09:00.690Z</time>
</trkpt>
<trkpt lat="52.9746017" lon="-7.9327359">
	<ele>69.51</ele>
	<time>1970-01-04T12:09:02.346Z</time>
</trkpt>
<trkpt lat="52.9746780" lon="-7.9327941">
	<ele>70.11</ele>
	<time>1970-01-04T12:09:04.433Z</time>
</trkpt>
<trkpt lat="52.9752960" lon="-7.9333019">
	<ele>71.91</ele>
	<time>1970-01-04T12:09:21.715Z</time>
</trkpt>
<trkpt lat="52.9758644" lon="-7.9339271">
	<ele>69.75</ele>
	<time>1970-01-04T12:09:32.220Z</time>
</trkpt>
<trkpt lat="52.9764023" lon="-7.9345012">
	<ele>68.49</ele>
	<time>1970-01-04T12:09:41.689Z</time>
</trkpt>
<trkpt lat="52.9765701" lon="-7.9347081">
	<ele>67.64</ele>
	<time>1970-01-04T12:09:44.686Z</time>
</trkpt>
<trkpt lat="52.9767075" lon="-7.9348650">
	<ele>67.06</ele>
	<time>1970-01-04T12:09:47.020Z</time>
</trkpt>
<trkpt lat="52.9768219" lon="-7.9350290">
	<ele>66.78</ele>
	<time>1970-01-04T12:09:49.323Z</time>
</trkpt>
<trkpt lat="52.9768562" lon="-7.9351091">
	<ele>66.73</ele>
	<time>1970-01-04T12:09:50.293Z</time>
</trkpt>
<trkpt lat="52.9768906" lon="-7.9352012">
	<ele>66.72</ele>
	<time>1970-01-04T12:09:51.275Z</time>
</trkpt>
<trkpt lat="52.9769516" lon="-7.9353862">
	<ele>66.76</ele>
	<time>1970-01-04T12:09:53.270Z</time>
</trkpt>
<trkpt lat="52.9770279" lon="-7.9356418">
	<ele>66.86</ele>
	<time>1970-01-04T12:09:56.041Z</time>
</trkpt>
<trkpt lat="52.9770393" lon="-7.9356942">
	<ele>66.87</ele>
	<time>1970-01-04T12:09:56.632Z</time>
</trkpt>
<trkpt lat="52.9770546" lon="-7.9357500">
	<ele>66.88</ele>
	<time>1970-01-04T12:09:57.227Z</time>
</trkpt>
<trkpt lat="52.9773293" lon="-7.9368801">
	<ele>66.26</ele>
	<time>1970-01-04T12:10:09.887Z</time>
</trkpt>
<trkpt lat="52.9774437" lon="-7.9373202">
	<ele>66.78</ele>
	<time>1970-01-04T12:10:15.638Z</time>
</trkpt>
<trkpt lat="52.9776192" lon="-7.9378800">
	<ele>67.44</ele>
	<time>1970-01-04T12:10:23.017Z</time>
</trkpt>
<trkpt lat="52.9777489" lon="-7.9383411">
	<ele>67.59</ele>
	<time>1970-01-04T12:10:28.565Z</time>
</trkpt>
<trkpt lat="52.9778175" lon="-7.9386091">
	<ele>67.25</ele>
	<time>1970-01-04T12:10:31.656Z</time>
</trkpt>
<trkpt lat="52.9778862" lon="-7.9389968">
	<ele>66.67</ele>
	<time>1970-01-04T12:10:35.450Z</time>
</trkpt>
<trkpt lat="52.9779625" lon="-7.9395089">
	<ele>66.31</ele>
	<time>1970-01-04T12:10:40.328Z</time>
</trkpt>
<trkpt lat="52.9781075" lon="-7.9405699">
	<ele>66.66</ele>
	<time>1970-01-04T12:10:52.323Z</time>
</trkpt>
<trkpt lat="52.9781837" lon="-7.9410810">
	<ele>67.19</ele>
	<time>1970-01-04T12:10:58.459Z</time>
</trkpt>
<trkpt lat="52.9783020" lon="-7.9420218">
	<ele>68.01</ele>
	<time>1970-01-04T12:11:11.521Z</time>
</trkpt>
<trkpt lat="52.9783287" lon="-7.9423089">
	<ele>68.01</ele>
	<time>1970-01-04T12:11:15.281Z</time>
</trkpt>
<trkpt lat="52.9783287" lon="-7.9424868">
	<ele>67.99</ele>
	<time>1970-01-04T12:11:17.497Z</time>
</trkpt>
<trkpt lat="52.9783134" lon="-7.9429469">
	<ele>67.91</ele>
	<time>1970-01-04T12:11:23.112Z</time>
</trkpt>
<trkpt lat="52.9782867" lon="-7.9431629">
	<ele>67.87</ele>
	<time>1970-01-04T12:11:25.784Z</time>
</trkpt>
<trkpt lat="52.9782410" lon="-7.9433169">
	<ele>67.86</ele>
	<time>1970-01-04T12:11:27.727Z</time>
</trkpt>
<trkpt lat="52.9781685" lon="-7.9434361">
	<ele>67.81</ele>
	<time>1970-01-04T12:11:29.659Z</time>
</trkpt>
<trkpt lat="52.9780083" lon="-7.9436588">
	<ele>67.72</ele>
	<time>1970-01-04T12:11:33.926Z</time>
</trkpt>
<trkpt lat="52.9773827" lon="-7.9444232">
	<ele>68.72</ele>
	<time>1970-01-04T12:11:50.912Z</time>
</trkpt>
<trkpt lat="52.9770699" lon="-7.9447131">
	<ele>69.66</ele>
	<time>1970-01-04T12:11:59.537Z</time>
</trkpt>
<trkpt lat="52.9764519" lon="-7.9452348">
	<ele>70.20</ele>
	<time>1970-01-04T12:12:16.767Z</time>
</trkpt>
<trkpt lat="52.9762917" lon="-7.9454150">
	<ele>70.44</ele>
	<time>1970-01-04T12:12:20.942Z</time>
</trkpt>
<trkpt lat="52.9762039" lon="-7.9455838">
	<ele>70.58</ele>
	<time>1970-01-04T12:12:23.838Z</time>
</trkpt>
<trkpt lat="52.9761620" lon="-7.9458098">
	<ele>70.61</ele>
	<time>1970-01-04T12:12:26.863Z</time>
</trkpt>
<trkpt lat="52.9761086" lon="-7.9472008">
	<ele>68.95</ele>
	<time>1970-01-04T12:12:44.550Z</time>
</trkpt>
<trkpt lat="52.9758682" lon="-7.9492178">
	<ele>75.37</ele>
	<time>1970-01-04T12:13:08.508Z</time>
</trkpt>
<trkpt lat="52.9758339" lon="-7.9496188">
	<ele>75.84</ele>
	<time>1970-01-04T12:13:14.749Z</time>
</trkpt>
<trkpt lat="52.9758339" lon="-7.9498630">
	<ele>75.94</ele>
	<time>1970-01-04T12:13:19.225Z</time>
</trkpt>
<trkpt lat="52.9758720" lon="-7.9500918">
	<ele>76.33</ele>
	<time>1970-01-04T12:13:24.208Z</time>
</trkpt>
<trkpt lat="52.9761505" lon="-7.9514050">
	<ele>79.28</ele>
	<time>1970-01-04T12:13:59.988Z</time>
</trkpt>
<trkpt lat="52.9761658" lon="-7.9514742">
	<ele>79.41</ele>
	<time>1970-01-04T12:14:01.385Z</time>
</trkpt>
<trkpt lat="52.9762535" lon="-7.9518671">
	<ele>79.48</ele>
	<time>1970-01-04T12:14:09.088Z</time>
</trkpt>
<trkpt lat="52.9765053" lon="-7.9530201">
	<ele>77.65</ele>
	<time>1970-01-04T12:14:25.042Z</time>
</trkpt>
<trkpt lat="52.9766617" lon="-7.9536939">
	<ele>77.86</ele>
	<time>1970-01-04T12:14:33.412Z</time>
</trkpt>
<trkpt lat="52.9767227" lon="-7.9539518">
	<ele>78.15</ele>
	<time>1970-01-04T12:14:37.319Z</time>
</trkpt>
<trkpt lat="52.9768639" lon="-7.9545622">
	<ele>79.03</ele>
	<time>1970-01-04T12:14:46.919Z</time>
</trkpt>
<trkpt lat="52.9768944" lon="-7.9547000">
	<ele>79.16</ele>
	<time>1970-01-04T12:14:48.962Z</time>
</trkpt>
<trkpt lat="52.9769936" lon="-7.9551640">
	<ele>79.59</ele>
	<time>1970-01-04T12:14:56.285Z</time>
</trkpt>
<trkpt lat="52.9770508" lon="-7.9554391">
	<ele>79.99</ele>
	<time>1970-01-04T12:15:01.002Z</time>
</trkpt>
<trkpt lat="52.9773178" lon="-7.9567299">
	<ele>83.14</ele>
	<time>1970-01-04T12:15:25.751Z</time>
</trkpt>
<trkpt lat="52.9773254" lon="-7.9567752">
	<ele>83.28</ele>
	<time>1970-01-04T12:15:26.420Z</time>
</trkpt>
<trkpt lat="52.9773445" lon="-7.9570351">
	<ele>84.02</ele>
	<time>1970-01-04T12:15:30.579Z</time>
</trkpt>
<trkpt lat="52.9773712" lon="-7.9574509">
	<ele>84.85</ele>
	<time>1970-01-04T12:15:37.424Z</time>
</trkpt>
<trkpt lat="52.9774590" lon="-7.9593220">
	<ele>83.65</ele>
	<time>1970-01-04T12:16:01.789Z</time>
</trkpt>
<trkpt lat="52.9774857" lon="-7.9596410">
	<ele>82.94</ele>
	<time>1970-01-04T12:16:05.475Z</time>
</trkpt>
<trkpt lat="52.9775658" lon="-7.9602242">
	<ele>81.61</ele>
	<time>1970-01-04T12:16:16.100Z</time>
</trkpt>
<trkpt lat="52.9775887" lon="-7.9605441">
	<ele>80.97</ele>
	<time>1970-01-04T12:16:19.864Z</time>
</trkpt>
<trkpt lat="52.9775925" lon="-7.9609332">
	<ele>79.92</ele>
	<time>1970-01-04T12:16:23.221Z</time>
</trkpt>
<trkpt lat="52.9775810" lon="-7.9614391">
	<ele>78.05</ele>
	<time>1970-01-04T12:16:26.952Z</time>
</trkpt>
<trkpt lat="52.9775772" lon="-7.9620218">
	<ele>75.78</ele>
	<time>1970-01-04T12:16:30.888Z</time>
</trkpt>
<trkpt lat="52.9775925" lon="-7.9627099">
	<ele>73.73</ele>
	<time>1970-01-04T12:16:37.969Z</time>
</trkpt>
<trkpt lat="52.9776192" lon="-7.9635401">
	<ele>73.40</ele>
	<time>1970-01-04T12:16:46.034Z</time>
</trkpt>
<trkpt lat="52.9776115" lon="-7.9641132">
	<ele>74.16</ele>
	<time>1970-01-04T12:16:49.895Z</time>
</trkpt>
<trkpt lat="52.9776001" lon="-7.9645410">
	<ele>75.08</ele>
	<time>1970-01-04T12:16:53.143Z</time>
</trkpt>
<trkpt lat="52.9775658" lon="-7.9649739">
	<ele>76.01</ele>
	<time>1970-01-04T12:16:56.857Z</time>
</trkpt>
<trkpt lat="52.9774361" lon="-7.9661460">
	<ele>75.89</ele>
	<time>1970-01-04T12:17:09.805Z</time>
</trkpt>
<trkpt lat="52.9774895" lon="-7.9662371">
	<ele>75.99</ele>
	<time>1970-01-04T12:17:11.279Z</time>
</trkpt>
<trkpt lat="52.9780235" lon="-7.9677572">
	<ele>76.07</ele>
	<time>1970-01-04T12:17:30.024Z</time>
</trkpt>
<trkpt lat="52.9781914" lon="-7.9682522">
	<ele>76.72</ele>
	<time>1970-01-04T12:17:36.596Z</time>
</trkpt>
<trkpt lat="52.9785843" lon="-7.9694352">
	<ele>77.16</ele>
	<time>1970-01-04T12:17:52.806Z</time>
</trkpt>
<trkpt lat="52.9787331" lon="-7.9698849">
	<ele>76.62</ele>
	<time>1970-01-04T12:17:58.678Z</time>
</trkpt>
<trkpt lat="52.9797592" lon="-7.9728560">
	<ele>78.05</ele>
	<time>1970-01-04T12:18:41.996Z</time>
</trkpt>
<trkpt lat="52.9806786" lon="-7.9755521">
	<ele>78.98</ele>
	<time>1970-01-04T12:19:30.771Z</time>
</trkpt>
<trkpt lat="52.9817505" lon="-7.9792051">
	<ele>80.50</ele>
	<time>1970-01-04T12:20:20.240Z</time>
</trkpt>
<trkpt lat="52.9819641" lon="-7.9799800">
	<ele>79.76</ele>
	<time>1970-01-04T12:20:29.875Z</time>
</trkpt>
<trkpt lat="52.9831772" lon="-7.9789948">
	<ele>89.75</ele>
	<time>1970-01-04T12:21:22.058Z</time>
</trkpt>
<trkpt lat="52.9841461" lon="-7.9781861">
	<ele>94.96</ele>
	<time>1970-01-04T12:22:19.927Z</time>
</trkpt>
<trkpt lat="52.9843369" lon="-7.9780369">
	<ele>95.86</ele>
	<time>1970-01-04T12:22:28.180Z</time>
</trkpt>
<trkpt lat="52.9846268" lon="-7.9778070">
	<ele>97.66</ele>
	<time>1970-01-04T12:22:42.045Z</time>
</trkpt>
<trkpt lat="52.9848022" lon="-7.9777122">
	<ele>98.81</ele>
	<time>1970-01-04T12:22:49.940Z</time>
</trkpt>
<trkpt lat="52.9849625" lon="-7.9776359">
	<ele>99.73</ele>
	<time>1970-01-04T12:22:57.213Z</time>
</trkpt>
<trkpt lat="52.9861374" lon="-7.9766631">
	<ele>104.39</ele>
	<time>1970-01-04T12:24:09.862Z</time>
</trkpt>
<trkpt lat="52.9873085" lon="-7.9756989">
	<ele>110.17</ele>
	<time>1970-01-04T12:25:14.944Z</time>
</trkpt>
<trkpt lat="52.9878883" lon="-7.9752450">
	<ele>112.11</ele>
	<time>1970-01-04T12:25:37.400Z</time>
</trkpt>
<trkpt lat="52.9886398" lon="-7.9749150">
	<ele>111.24</ele>
	<time>1970-01-04T12:25:55.272Z</time>
</trkpt>
<trkpt lat="52.9888077" lon="-7.9748759">
	<ele>110.63</ele>
	<time>1970-01-04T12:26:01.824Z</time>
</trkpt>
<trkpt lat="52.9889793" lon="-7.9748349">
	<ele>109.88</ele>
	<time>1970-01-04T12:26:06.725Z</time>
</trkpt>
<trkpt lat="52.9892044" lon="-7.9748349">
	<ele>109.00</ele>
	<time>1970-01-04T12:26:11.956Z</time>
</trkpt>
<trkpt lat="52.9893913" lon="-7.9748430">
	<ele>108.22</ele>
	<time>1970-01-04T12:26:15.224Z</time>
</trkpt>
<trkpt lat="52.9894829" lon="-7.9748659">
	<ele>107.92</ele>
	<time>1970-01-04T12:26:16.702Z</time>
</trkpt>
<trkpt lat="52.9896469" lon="-7.9749870">
	<ele>107.98</ele>
	<time>1970-01-04T12:26:19.542Z</time>
</trkpt>
<trkpt lat="52.9899826" lon="-7.9753432">
	<ele>109.38</ele>
	<time>1970-01-04T12:26:28.119Z</time>
</trkpt>
<trkpt lat="52.9903297" lon="-7.9758239">
	<ele>109.27</ele>
	<time>1970-01-04T12:26:36.996Z</time>
</trkpt>
<trkpt lat="52.9905243" lon="-7.9761672">
	<ele>108.09</ele>
	<time>1970-01-04T12:26:41.893Z</time>
</trkpt>
<trkpt lat="52.9906731" lon="-7.9766302">
	<ele>108.34</ele>
	<time>1970-01-04T12:26:48.047Z</time>
</trkpt>
<trkpt lat="52.9909096" lon="-7.9778199">
	<ele>108.87</ele>
	<time>1970-01-04T12:27:03.922Z</time>
</trkpt>
<trkpt lat="52.9911804" lon="-7.9792399">
	<ele>109.61</ele>
	<time>1970-01-04T12:27:23.100Z</time>
</trkpt>
<trkpt lat="52.9914742" lon="-7.9807291">
	<ele>107.91</ele>
	<time>1970-01-04T12:27:40.757Z</time>
</trkpt>
<trkpt lat="52.9916992" lon="-7.9818382">
	<ele>110.47</ele>
	<time>1970-01-04T12:27:54.634Z</time>
</trkpt>
<trkpt lat="52.9917717" lon="-7.9821529">
	<ele>111.25</ele>
	<time>1970-01-04T12:27:59.413Z</time>
</trkpt>
<trkpt lat="52.9920883" lon="-7.9831271">
	<ele>113.03</ele>
	<time>1970-01-04T12:28:12.243Z</time>
</trkpt>
<trkpt lat="52.9922371" lon="-7.9835620">
	<ele>114.07</ele>
	<time>1970-01-04T12:28:18.775Z</time>
</trkpt>
<trkpt lat="52.9924126" lon="-7.9840002">
	<ele>114.83</ele>
	<time>1970-01-04T12:28:26.048Z</time>
</trkpt>
<trkpt lat="52.9925499" lon="-7.9842730">
	<ele>115.09</ele>
	<time>1970-01-04T12:28:31.067Z</time>
</trkpt>
<trkpt lat="52.9929161" lon="-7.9850721">
	<ele>116.09</ele>
	<time>1970-01-04T12:28:48.003Z</time>
</trkpt>
<trkpt lat="52.9930229" lon="-7.9853678">
	<ele>116.07</ele>
	<time>1970-01-04T12:28:52.081Z</time>
</trkpt>
<trkpt lat="52.9930916" lon="-7.9856782">
	<ele>115.68</ele>
	<time>1970-01-04T12:28:59.180Z</time>
</trkpt>
<trkpt lat="52.9931297" lon="-7.9859171">
	<ele>115.25</ele>
	<time>1970-01-04T12:29:03.540Z</time>
</trkpt>
<trkpt lat="52.9931450" lon="-7.9862189">
	<ele>114.41</ele>
	<time>1970-01-04T12:29:08.022Z</time>
</trkpt>
<trkpt lat="52.9931831" lon="-7.9875569">
	<ele>108.45</ele>
	<time>1970-01-04T12:29:19.239Z</time>
</trkpt>
<trkpt lat="52.9931984" lon="-7.9876361">
	<ele>107.92</ele>
	<time>1970-01-04T12:29:20.027Z</time>
</trkpt>
<trkpt lat="52.9932098" lon="-7.9876900">
	<ele>107.54</ele>
	<time>1970-01-04T12:29:20.530Z</time>
</trkpt>
<trkpt lat="52.9932404" lon="-7.9877548">
	<ele>107.08</ele>
	<time>1970-01-04T12:29:21.254Z</time>
</trkpt>
<trkpt lat="52.9937515" lon="-7.9882460">
	<ele>105.42</ele>
	<time>1970-01-04T12:29:28.209Z</time>
</trkpt>
<trkpt lat="52.9940376" lon="-7.9885268">
	<ele>105.31</ele>
	<time>1970-01-04T12:29:32.261Z</time>
</trkpt>
<trkpt lat="52.9941292" lon="-7.9886279">
	<ele>104.91</ele>
	<time>1970-01-04T12:29:33.560Z</time>
</trkpt>
<trkpt lat="52.9944572" lon="-7.9890480">
	<ele>102.36</ele>
	<time>1970-01-04T12:29:37.832Z</time>
</trkpt>
<trkpt lat="52.9951172" lon="-7.9899440">
	<ele>99.64</ele>
	<time>1970-01-04T12:29:46.196Z</time>
</trkpt>
<trkpt lat="52.9955139" lon="-7.9905519">
	<ele>98.15</ele>
	<time>1970-01-04T12:29:51.675Z</time>
</trkpt>
<trkpt lat="52.9955864" lon="-7.9906788">
	<ele>97.80</ele>
	<time>1970-01-04T12:29:52.848Z</time>
</trkpt>
<trkpt lat="52.9958839" lon="-7.9911160">
	<ele>96.61</ele>
	<time>1970-01-04T12:29:56.888Z</time>
</trkpt>
<trkpt lat="52.9966164" lon="-7.9921398">
	<ele>95.34</ele>
	<time>1970-01-04T12:30:08.837Z</time>
</trkpt>
<trkpt lat="52.9969940" lon="-7.9926872">
	<ele>95.21</ele>
	<time>1970-01-04T12:30:16.573Z</time>
</trkpt>
<trkpt lat="52.9974670" lon="-7.9933319">
	<ele>96.71</ele>
	<time>1970-01-04T12:30:24.537Z</time>
</trkpt>
<trkpt lat="52.9977951" lon="-7.9938159">
	<ele>98.96</ele>
	<time>1970-01-04T12:30:37.182Z</time>
</trkpt>
<trkpt lat="52.9981613" lon="-7.9943218">
	<ele>103.43</ele>
	<time>1970-01-04T12:30:51.458Z</time>
</trkpt>
<trkpt lat="52.9982948" lon="-7.9944878">
	<ele>105.33</ele>
	<time>1970-01-04T12:30:58.126Z</time>
</trkpt>
<trkpt lat="52.9982719" lon="-7.9945831">
	<ele>104.94</ele>
	<time>1970-01-04T12:31:00.135Z</time>
</trkpt>
<trkpt lat="52.9981613" lon="-7.9951901">
	<ele>103.72</ele>
	<time>1970-01-04T12:31:09.993Z</time>
</trkpt>
<trkpt lat="52.9980698" lon="-7.9959240">
	<ele>105.10</ele>
	<time>1970-01-04T12:31:26.368Z</time>
</trkpt>
<trkpt lat="52.9979935" lon="-7.9969029">
	<ele>109.67</ele>
	<time>1970-01-04T12:31:50.000Z</time>
</trkpt>
<trkpt lat="52.9979668" lon="-7.9977121">
	<ele>109.54</ele>
	<time>1970-01-04T12:32:03.259Z</time>
</trkpt>
<trkpt lat="52.9979630" lon="-7.9982872">
	<ele>108.83</ele>
	<time>1970-01-04T12:32:11.545Z</time>
</trkpt>
<trkpt lat="52.9979744" lon="-7.9988618">
	<ele>108.34</ele>
	<time>1970-01-04T12:32:23.580Z</time>
</trkpt>
<trkpt lat="52.9980087" lon="-7.9997349">
	<ele>106.68</ele>
	<time>1970-01-04T12:32:34.133Z</time>
</trkpt>
<trkpt lat="52.9981003" lon="-8.0008812">
	<ele>102.72</ele>
	<time>1970-01-04T12:32:42.761Z</time>
</trkpt>
<trkpt lat="52.9982605" lon="-8.0018969">
	<ele>102.52</ele>
	<time>1970-01-04T12:32:50.423Z</time>
</trkpt>
<trkpt lat="52.9985199" lon="-8.0028811">
	<ele>102.63</ele>
	<time>1970-01-04T12:32:59.201Z</time>
</trkpt>
<trkpt lat="52.9988403" lon="-8.0038099">
	<ele>102.31</ele>
	<time>1970-01-04T12:33:08.989Z</time>
</trkpt>
<trkpt lat="52.9990234" lon="-8.0042744">
	<ele>100.68</ele>
	<time>1970-01-04T12:33:13.135Z</time>
</trkpt>
<trkpt lat="52.9991531" lon="-8.0044699">
	<ele>99.97</ele>
	<time>1970-01-04T12:33:15.347Z</time>
</trkpt>
<trkpt lat="52.9993057" lon="-8.0046234">
	<ele>99.58</ele>
	<time>1970-01-04T12:33:17.696Z</time>
</trkpt>
<trkpt lat="52.9995499" lon="-8.0048332">
	<ele>99.05</ele>
	<time>1970-01-04T12:33:21.423Z</time>
</trkpt>
<trkpt lat="53.0001183" lon="-8.0051861">
	<ele>98.23</ele>
	<time>1970-01-04T12:33:30.219Z</time>
</trkpt>
<trkpt lat="53.0005302" lon="-8.0053577">
	<ele>97.50</ele>
	<time>1970-01-04T12:33:36.667Z</time>
</trkpt>
<trkpt lat="53.0008011" lon="-8.0055056">
	<ele>96.29</ele>
	<time>1970-01-04T12:33:40.685Z</time>
</trkpt>
<trkpt lat="53.0010719" lon="-8.0056658">
	<ele>94.21</ele>
	<time>1970-01-04T12:33:44.013Z</time>
</trkpt>
<trkpt lat="53.0015602" lon="-8.0059757">
	<ele>90.20</ele>
	<time>1970-01-04T12:33:50.978Z</time>
</trkpt>
<trkpt lat="53.0016632" lon="-8.0060263">
	<ele>89.83</ele>
	<time>1970-01-04T12:33:52.403Z</time>
</trkpt>
<trkpt lat="53.0020370" lon="-8.0061750">
	<ele>89.57</ele>
	<time>1970-01-04T12:33:57.057Z</time>
</trkpt>
<trkpt lat="53.0023079" lon="-8.0062675">
	<ele>89.56</ele>
	<time>1970-01-04T12:34:00.381Z</time>
</trkpt>
<trkpt lat="53.0025864" lon="-8.0062933">
	<ele>89.46</ele>
	<time>1970-01-04T12:34:03.900Z</time>
</trkpt>
<trkpt lat="53.0028114" lon="-8.0062704">
	<ele>89.29</ele>
	<time>1970-01-04T12:34:06.843Z</time>
</trkpt>
<trkpt lat="53.0030518" lon="-8.0062199">
	<ele>89.13</ele>
	<time>1970-01-04T12:34:10.427Z</time>
</trkpt>
<trkpt lat="53.0037003" lon="-8.0060368">
	<ele>89.51</ele>
	<time>1970-01-04T12:34:22.123Z</time>
</trkpt>
<trkpt lat="53.0039978" lon="-8.0059986">
	<ele>89.77</ele>
	<time>1970-01-04T12:34:27.462Z</time>
</trkpt>
<trkpt lat="53.0041695" lon="-8.0060015">
	<ele>89.90</ele>
	<time>1970-01-04T12:34:30.378Z</time>
</trkpt>
<trkpt lat="53.0044098" lon="-8.0060720">
	<ele>89.92</ele>
	<time>1970-01-04T12:34:34.362Z</time>
</trkpt>
<trkpt lat="53.0048294" lon="-8.0062227">
	<ele>89.94</ele>
	<time>1970-01-04T12:34:40.437Z</time>
</trkpt>
<trkpt lat="53.0052757" lon="-8.0064154">
	<ele>88.99</ele>
	<time>1970-01-04T12:34:46.436Z</time>
</trkpt>
<trkpt lat="53.0054512" lon="-8.0065165">
	<ele>88.47</ele>
	<time>1970-01-04T12:34:49.027Z</time>
</trkpt>
<trkpt lat="53.0056190" lon="-8.0066442">
	<ele>87.92</ele>
	<time>1970-01-04T12:34:51.503Z</time>
</trkpt>
<trkpt lat="53.0058517" lon="-8.0069132">
	<ele>87.06</ele>
	<time>1970-01-04T12:34:55.057Z</time>
</trkpt>
<trkpt lat="53.0059967" lon="-8.0072145">
	<ele>86.23</ele>
	<time>1970-01-04T12:34:57.728Z</time>
</trkpt>
<trkpt lat="53.0062904" lon="-8.0078163">
	<ele>84.57</ele>
	<time>1970-01-04T12:35:02.407Z</time>
</trkpt>
<trkpt lat="53.0063019" lon="-8.0078430">
	<ele>84.48</ele>
	<time>1970-01-04T12:35:02.600Z</time>
</trkpt>
<trkpt lat="53.0063248" lon="-8.0078840">
	<ele>84.35</ele>
	<time>1970-01-04T12:35:02.992Z</time>
</trkpt>
<trkpt lat="53.0063362" lon="-8.0079374">
	<ele>84.16</ele>
	<time>1970-01-04T12:35:03.376Z</time>
</trkpt>
<trkpt lat="53.0064201" lon="-8.0082159">
	<ele>83.19</ele>
	<time>1970-01-04T12:35:05.344Z</time>
</trkpt>
<trkpt lat="53.0077629" lon="-8.0112276">
	<ele>77.35</ele>
	<time>1970-01-04T12:35:28.058Z</time>
</trkpt>
<trkpt lat="53.0080070" lon="-8.0117884">
	<ele>76.16</ele>
	<time>1970-01-04T12:35:33.616Z</time>
</trkpt>
<trkpt lat="53.0082283" lon="-8.0123234">
	<ele>75.17</ele>
	<time>1970-01-04T12:35:38.476Z</time>
</trkpt>
<trkpt lat="53.0084343" lon="-8.0129509">
	<ele>74.61</ele>
	<time>1970-01-04T12:35:43.915Z</time>
</trkpt>
<trkpt lat="53.0091476" lon="-8.0141058">
	<ele>73.99</ele>
	<time>1970-01-04T12:35:58.090Z</time>
</trkpt>
<trkpt lat="53.0096626" lon="-8.0149183">
	<ele>74.74</ele>
	<time>1970-01-04T12:36:10.484Z</time>
</trkpt>
<trkpt lat="53.0099297" lon="-8.0152960">
	<ele>74.64</ele>
	<time>1970-01-04T12:36:14.355Z</time>
</trkpt>
<trkpt lat="53.0100937" lon="-8.0154810">
	<ele>74.52</ele>
	<time>1970-01-04T12:36:16.699Z</time>
</trkpt>
<trkpt lat="53.0102348" lon="-8.0156221">
	<ele>74.32</ele>
	<time>1970-01-04T12:36:18.750Z</time>
</trkpt>
<trkpt lat="53.0103531" lon="-8.0157232">
	<ele>74.13</ele>
	<time>1970-01-04T12:36:20.465Z</time>
</trkpt>
<trkpt lat="53.0104866" lon="-8.0157890">
	<ele>73.97</ele>
	<time>1970-01-04T12:36:22.381Z</time>
</trkpt>
<trkpt lat="53.0107803" lon="-8.0158577">
	<ele>73.92</ele>
	<time>1970-01-04T12:36:26.402Z</time>
</trkpt>
<trkpt lat="53.0108986" lon="-8.0159006">
	<ele>74.01</ele>
	<time>1970-01-04T12:36:28.176Z</time>
</trkpt>
<trkpt lat="53.0117531" lon="-8.0163860">
	<ele>75.69</ele>
	<time>1970-01-04T12:36:47.450Z</time>
</trkpt>
<trkpt lat="53.0125923" lon="-8.0168953">
	<ele>77.70</ele>
	<time>1970-01-04T12:37:12.276Z</time>
</trkpt>
<trkpt lat="53.0126495" lon="-8.0169535">
	<ele>77.63</ele>
	<time>1970-01-04T12:37:13.844Z</time>
</trkpt>
<trkpt lat="53.0126991" lon="-8.0170422">
	<ele>77.45</ele>
	<time>1970-01-04T12:37:15.393Z</time>
</trkpt>
<trkpt lat="53.0127411" lon="-8.0171566">
	<ele>77.19</ele>
	<time>1970-01-04T12:37:17.002Z</time>
</trkpt>
<trkpt lat="53.0129051" lon="-8.0179024">
	<ele>75.63</ele>
	<time>1970-01-04T12:37:24.243Z</time>
</trkpt>
<trkpt lat="53.0130234" lon="-8.0185299">
	<ele>75.07</ele>
	<time>1970-01-04T12:37:29.851Z</time>
</trkpt>
<trkpt lat="53.0130692" lon="-8.0187101">
	<ele>75.04</ele>
	<time>1970-01-04T12:37:31.524Z</time>
</trkpt>
<trkpt lat="53.0134201" lon="-8.0198231">
	<ele>74.18</ele>
	<time>1970-01-04T12:37:42.443Z</time>
</trkpt>
<trkpt lat="53.0136108" lon="-8.0204830">
	<ele>74.65</ele>
	<time>1970-01-04T12:37:50.828Z</time>
</trkpt>
<trkpt lat="53.0136261" lon="-8.0205889">
	<ele>74.79</ele>
	<time>1970-01-04T12:37:52.101Z</time>
</trkpt>
<trkpt lat="53.0136299" lon="-8.0206671">
	<ele>74.89</ele>
	<time>1970-01-04T12:37:53.006Z</time>
</trkpt>
<trkpt lat="53.0136223" lon="-8.0206909">
	<ele>74.92</ele>
	<time>1970-01-04T12:37:53.367Z</time>
</trkpt>
<trkpt lat="53.0136108" lon="-8.0207338">
	<ele>74.98</ele>
	<time>1970-01-04T12:37:53.946Z</time>
</trkpt>
<trkpt lat="53.0135689" lon="-8.0208111">
	<ele>75.08</ele>
	<time>1970-01-04T12:37:55.288Z</time>
</trkpt>
<trkpt lat="53.0133171" lon="-8.0211773">
	<ele>75.84</ele>
	<time>1970-01-04T12:38:03.538Z</time>
</trkpt>
<trkpt lat="53.0132866" lon="-8.0212631">
	<ele>76.04</ele>
	<time>1970-01-04T12:38:05.010Z</time>
</trkpt>
<trkpt lat="53.0132751" lon="-8.0213823">
	<ele>76.36</ele>
	<time>1970-01-04T12:38:06.664Z</time>
</trkpt>
<trkpt lat="53.0132828" lon="-8.0215473">
	<ele>76.76</ele>
	<time>1970-01-04T12:38:09.050Z</time>
</trkpt>
<trkpt lat="53.0134087" lon="-8.0220318">
	<ele>77.19</ele>
	<time>1970-01-04T12:38:15.827Z</time>
</trkpt>
<trkpt lat="53.0134392" lon="-8.0223093">
	<ele>77.10</ele>
	<time>1970-01-04T12:38:19.158Z</time>
</trkpt>
<trkpt lat="53.0134506" lon="-8.0223303">
	<ele>77.08</ele>
	<time>1970-01-04T12:38:19.507Z</time>
</trkpt>
<trkpt lat="53.0134544" lon="-8.0229492">
	<ele>76.55</ele>
	<time>1970-01-04T12:38:26.773Z</time>
</trkpt>
<trkpt lat="53.0134392" lon="-8.0232515">
	<ele>76.19</ele>
	<time>1970-01-04T12:38:30.201Z</time>
</trkpt>
<trkpt lat="53.0134468" lon="-8.0235567">
	<ele>76.03</ele>
	<time>1970-01-04T12:38:33.833Z</time>
</trkpt>
<trkpt lat="53.0135155" lon="-8.0240030">
	<ele>76.05</ele>
	<time>1970-01-04T12:38:40.467Z</time>
</trkpt>
<trkpt lat="53.0135841" lon="-8.0243206">
	<ele>76.25</ele>
	<time>1970-01-04T12:38:45.408Z</time>
</trkpt>
<trkpt lat="53.0137253" lon="-8.0253515">
	<ele>78.64</ele>
	<time>1970-01-04T12:39:02.442Z</time>
</trkpt>
<trkpt lat="53.0137558" lon="-8.0256367">
	<ele>79.98</ele>
	<time>1970-01-04T12:39:07.262Z</time>
</trkpt>
<trkpt lat="53.0138397" lon="-8.0261993">
	<ele>80.69</ele>
	<time>1970-01-04T12:39:18.445Z</time>
</trkpt>
<trkpt lat="53.0138702" lon="-8.0263214">
	<ele>80.46</ele>
	<time>1970-01-04T12:39:20.750Z</time>
</trkpt>
<trkpt lat="53.0139084" lon="-8.0264215">
	<ele>80.19</ele>
	<time>1970-01-04T12:39:22.730Z</time>
</trkpt>
<trkpt lat="53.0139771" lon="-8.0265827">
	<ele>79.70</ele>
	<time>1970-01-04T12:39:26.034Z</time>
</trkpt>
<trkpt lat="53.0142059" lon="-8.0273056">
	<ele>78.71</ele>
	<time>1970-01-04T12:39:39.165Z</time>
</trkpt>
<trkpt lat="53.0144272" lon="-8.0279264">
	<ele>79.50</ele>
	<time>1970-01-04T12:39:48.534Z</time>
</trkpt>
<trkpt lat="53.0146179" lon="-8.0284224">
	<ele>80.57</ele>
	<time>1970-01-04T12:39:54.954Z</time>
</trkpt>
<trkpt lat="53.0147896" lon="-8.0287161">
	<ele>80.32</ele>
	<time>1970-01-04T12:39:59.084Z</time>
</trkpt>
<trkpt lat="53.0149879" lon="-8.0289869">
	<ele>79.38</ele>
	<time>1970-01-04T12:40:02.544Z</time>
</trkpt>
<trkpt lat="53.0152740" lon="-8.0292349">
	<ele>77.65</ele>
	<time>1970-01-04T12:40:06.562Z</time>
</trkpt>
<trkpt lat="53.0153732" lon="-8.0293999">
	<ele>76.79</ele>
	<time>1970-01-04T12:40:08.328Z</time>
</trkpt>
<trkpt lat="53.0154457" lon="-8.0295801">
	<ele>76.10</ele>
	<time>1970-01-04T12:40:09.814Z</time>
</trkpt>
<trkpt lat="53.0155678" lon="-8.0302315">
	<ele>74.93</ele>
	<time>1970-01-04T12:40:14.981Z</time>
</trkpt>
<trkpt lat="53.0157204" lon="-8.0311451">
	<ele>74.81</ele>
	<time>1970-01-04T12:40:23.688Z</time>
</trkpt>
<trkpt lat="53.0157890" lon="-8.0313997">
	<ele>75.36</ele>
	<time>1970-01-04T12:40:26.306Z</time>
</trkpt>
<trkpt lat="53.0159149" lon="-8.0316038">
	<ele>75.69</ele>
	<time>1970-01-04T12:40:29.152Z</time>
</trkpt>
<trkpt lat="53.0161133" lon="-8.0318079">
	<ele>75.93</ele>
	<time>1970-01-04T12:40:32.970Z</time>
</trkpt>
<trkpt lat="53.0163155" lon="-8.0320559">
	<ele>75.97</ele>
	<time>1970-01-04T12:40:37.205Z</time>
</trkpt>
<trkpt lat="53.0164299" lon="-8.0323067">
	<ele>75.69</ele>
	<time>1970-01-04T12:40:40.450Z</time>
</trkpt>
<trkpt lat="53.0167007" lon="-8.0320435">
	<ele>75.46</ele>
	<time>1970-01-04T12:40:45.667Z</time>
</trkpt>
<trkpt lat="53.0174255" lon="-8.0312643">
	<ele>76.50</ele>
	<time>1970-01-04T12:41:02.101Z</time>
</trkpt>
<trkpt lat="53.0175285" lon="-8.0315514">
	<ele>76.21</ele>
	<time>1970-01-04T12:41:05.606Z</time>
</trkpt>
<trkpt lat="53.0176735" lon="-8.0320311">
	<ele>75.25</ele>
	<time>1970-01-04T12:41:10.812Z</time>
</trkpt>
<trkpt lat="53.0176964" lon="-8.0321560">
	<ele>74.91</ele>
	<time>1970-01-04T12:41:12.151Z</time>
</trkpt>
<trkpt lat="53.0177116" lon="-8.0322943">
	<ele>74.55</ele>
	<time>1970-01-04T12:41:13.425Z</time>
</trkpt>
<trkpt lat="53.0177155" lon="-8.0325518">
	<ele>74.04</ele>
	<time>1970-01-04T12:41:15.625Z</time>
</trkpt>
<trkpt lat="53.0177422" lon="-8.0327263">
	<ele>73.82</ele>
	<time>1970-01-04T12:41:17.144Z</time>
</trkpt>
<trkpt lat="53.0177841" lon="-8.0329008">
	<ele>73.64</ele>
	<time>1970-01-04T12:41:18.754Z</time>
</trkpt>
<trkpt lat="53.0178833" lon="-8.0332413">
	<ele>73.39</ele>
	<time>1970-01-04T12:41:21.576Z</time>
</trkpt>
<trkpt lat="53.0179977" lon="-8.0337610">
	<ele>74.00</ele>
	<time>1970-01-04T12:41:26.362Z</time>
</trkpt>
<trkpt lat="53.0180511" lon="-8.0342417">
	<ele>74.79</ele>
	<time>1970-01-04T12:41:31.458Z</time>
</trkpt>
<trkpt lat="53.0180969" lon="-8.0344238">
	<ele>74.84</ele>
	<time>1970-01-04T12:41:33.631Z</time>
</trkpt>
<trkpt lat="53.0181389" lon="-8.0345736">
	<ele>74.90</ele>
	<time>1970-01-04T12:41:35.469Z</time>
</trkpt>
<trkpt lat="53.0182686" lon="-8.0349360">
	<ele>75.08</ele>
	<time>1970-01-04T12:41:40.751Z</time>
</trkpt>
<trkpt lat="53.0183868" lon="-8.0352488">
	<ele>74.99</ele>
	<time>1970-01-04T12:41:44.579Z</time>
</trkpt>
<trkpt lat="53.0185699" lon="-8.0355911">
	<ele>74.39</ele>
	<time>1970-01-04T12:41:48.336Z</time>
</trkpt>
<trkpt lat="53.0188446" lon="-8.0362978">
	<ele>71.55</ele>
	<time>1970-01-04T12:41:54.082Z</time>
</trkpt>
<trkpt lat="53.0190926" lon="-8.0371456">
	<ele>68.73</ele>
	<time>1970-01-04T12:42:01.313Z</time>
</trkpt>
<trkpt lat="53.0194435" lon="-8.0382957">
	<ele>71.50</ele>
	<time>1970-01-04T12:42:13.121Z</time>
</trkpt>
<trkpt lat="53.0195465" lon="-8.0385923">
	<ele>71.52</ele>
	<time>1970-01-04T12:42:16.980Z</time>
</trkpt>
<trkpt lat="53.0196571" lon="-8.0388784">
	<ele>71.26</ele>
	<time>1970-01-04T12:42:21.080Z</time>
</trkpt>
<trkpt lat="53.0197792" lon="-8.0391626">
	<ele>71.12</ele>
	<time>1970-01-04T12:42:25.387Z</time>
</trkpt>
<trkpt lat="53.0198746" lon="-8.0394182">
	<ele>71.32</ele>
	<time>1970-01-04T12:42:29.291Z</time>
</trkpt>
<trkpt lat="53.0199623" lon="-8.0397425">
	<ele>71.76</ele>
	<time>1970-01-04T12:42:33.833Z</time>
</trkpt>
<trkpt lat="53.0201149" lon="-8.0403500">
	<ele>71.84</ele>
	<time>1970-01-04T12:42:41.426Z</time>
</trkpt>
<trkpt lat="53.0201950" lon="-8.0406590">
	<ele>71.58</ele>
	<time>1970-01-04T12:42:45.358Z</time>
</trkpt>
<trkpt lat="53.0206795" lon="-8.0421162">
	<ele>71.77</ele>
	<time>1970-01-04T12:43:02.011Z</time>
</trkpt>
<trkpt lat="53.0207787" lon="-8.0423861">
	<ele>72.02</ele>
	<time>1970-01-04T12:43:05.336Z</time>
</trkpt>
<trkpt lat="53.0209007" lon="-8.0426493">
	<ele>71.83</ele>
	<time>1970-01-04T12:43:08.655Z</time>
</trkpt>
<trkpt lat="53.0209999" lon="-8.0428057">
	<ele>71.47</ele>
	<time>1970-01-04T12:43:10.956Z</time>
</trkpt>
<trkpt lat="53.0211105" lon="-8.0429649">
	<ele>71.08</ele>
	<time>1970-01-04T12:43:13.297Z</time>
</trkpt>
<trkpt lat="53.0215073" lon="-8.0434532">
	<ele>70.16</ele>
	<time>1970-01-04T12:43:20.890Z</time>
</trkpt>
<trkpt lat="53.0215874" lon="-8.0435686">
	<ele>69.87</ele>
	<time>1970-01-04T12:43:22.637Z</time>
</trkpt>
<trkpt lat="53.0216599" lon="-8.0437040">
	<ele>69.52</ele>
	<time>1970-01-04T12:43:24.411Z</time>
</trkpt>
<trkpt lat="53.0217438" lon="-8.0439272">
	<ele>69.08</ele>
	<time>1970-01-04T12:43:26.965Z</time>
</trkpt>
<trkpt lat="53.0217857" lon="-8.0441628">
	<ele>68.89</ele>
	<time>1970-01-04T12:43:29.437Z</time>
</trkpt>
<trkpt lat="53.0218773" lon="-8.0448608">
	<ele>69.60</ele>
	<time>1970-01-04T12:43:36.325Z</time>
</trkpt>
<trkpt lat="53.0219193" lon="-8.0450649">
	<ele>69.58</ele>
	<time>1970-01-04T12:43:38.416Z</time>
</trkpt>
<trkpt lat="53.0219917" lon="-8.0452232">
	<ele>69.42</ele>
	<time>1970-01-04T12:43:40.272Z</time>
</trkpt>
<trkpt lat="53.0221481" lon="-8.0455074">
	<ele>69.14</ele>
	<time>1970-01-04T12:43:43.882Z</time>
</trkpt>
<trkpt lat="53.0223427" lon="-8.0459595">
	<ele>68.98</ele>
	<time>1970-01-04T12:43:49.000Z</time>
</trkpt>
<trkpt lat="53.0224953" lon="-8.0464373">
	<ele>69.00</ele>
	<time>1970-01-04T12:43:54.261Z</time>
</trkpt>
<trkpt lat="53.0225792" lon="-8.0466490">
	<ele>69.07</ele>
	<time>1970-01-04T12:43:56.981Z</time>
</trkpt>
<trkpt lat="53.0227623" lon="-8.0470572">
	<ele>69.20</ele>
	<time>1970-01-04T12:44:02.800Z</time>
</trkpt>
<trkpt lat="53.0228424" lon="-8.0472717">
	<ele>69.33</ele>
	<time>1970-01-04T12:44:05.884Z</time>
</trkpt>
<trkpt lat="53.0229568" lon="-8.0476713">
	<ele>69.77</ele>
	<time>1970-01-04T12:44:11.927Z</time>
</trkpt>
<trkpt lat="53.0230598" lon="-8.0480728">
	<ele>70.17</ele>
	<time>1970-01-04T12:44:17.492Z</time>
</trkpt>
<trkpt lat="53.0231400" lon="-8.0484438">
	<ele>70.05</ele>
	<time>1970-01-04T12:44:22.027Z</time>
</trkpt>
<trkpt lat="53.0232162" lon="-8.0488033">
	<ele>69.49</ele>
	<time>1970-01-04T12:44:26.018Z</time>
</trkpt>
<trkpt lat="53.0233192" lon="-8.0491333">
	<ele>69.02</ele>
	<time>1970-01-04T12:44:29.711Z</time>
</trkpt>
<trkpt lat="53.0235672" lon="-8.0496120">
	<ele>68.99</ele>
	<time>1970-01-04T12:44:36.129Z</time>
</trkpt>
<trkpt lat="53.0236359" lon="-8.0498505">
	<ele>69.00</ele>
	<time>1970-01-04T12:44:38.943Z</time>
</trkpt>
<trkpt lat="53.0236816" lon="-8.0501022">
	<ele>68.95</ele>
	<time>1970-01-04T12:44:41.624Z</time>
</trkpt>
<trkpt lat="53.0237198" lon="-8.0503492">
	<ele>68.91</ele>
	<time>1970-01-04T12:44:44.202Z</time>
</trkpt>
<trkpt lat="53.0237923" lon="-8.0506048">
	<ele>69.00</ele>
	<time>1970-01-04T12:44:46.963Z</time>
</trkpt>
<trkpt lat="53.0240211" lon="-8.0512667">
	<ele>69.28</ele>
	<time>1970-01-04T12:44:55.075Z</time>
</trkpt>
<trkpt lat="53.0244789" lon="-8.0522871">
	<ele>68.60</ele>
	<time>1970-01-04T12:45:10.257Z</time>
</trkpt>
<trkpt lat="53.0247726" lon="-8.0529804">
	<ele>69.33</ele>
	<time>1970-01-04T12:45:20.626Z</time>
</trkpt>
<trkpt lat="53.0249023" lon="-8.0532560">
	<ele>69.67</ele>
	<time>1970-01-04T12:45:24.691Z</time>
</trkpt>
<trkpt lat="53.0252991" lon="-8.0538044">
	<ele>71.18</ele>
	<time>1970-01-04T12:45:38.353Z</time>
</trkpt>
<trkpt lat="53.0256119" lon="-8.0543346">
	<ele>72.48</ele>
	<time>1970-01-04T12:45:51.206Z</time>
</trkpt>
<trkpt lat="53.0256920" lon="-8.0545130">
	<ele>72.79</ele>
	<time>1970-01-04T12:45:54.851Z</time>
</trkpt>
<trkpt lat="53.0258408" lon="-8.0550299">
	<ele>72.97</ele>
	<time>1970-01-04T12:46:04.373Z</time>
</trkpt>
<trkpt lat="53.0259666" lon="-8.0554934">
	<ele>71.92</ele>
	<time>1970-01-04T12:46:10.305Z</time>
</trkpt>
<trkpt lat="53.0260468" lon="-8.0556107">
	<ele>71.56</ele>
	<time>1970-01-04T12:46:12.134Z</time>
</trkpt>
<trkpt lat="53.0261269" lon="-8.0556860">
	<ele>71.32</ele>
	<time>1970-01-04T12:46:13.672Z</time>
</trkpt>
<trkpt lat="53.0262184" lon="-8.0557394">
	<ele>71.15</ele>
	<time>1970-01-04T12:46:15.277Z</time>
</trkpt>
<trkpt lat="53.0264473" lon="-8.0558376">
	<ele>70.92</ele>
	<time>1970-01-04T12:46:18.948Z</time>
</trkpt>
<trkpt lat="53.0265465" lon="-8.0558796">
	<ele>70.88</ele>
	<time>1970-01-04T12:46:20.544Z</time>
</trkpt>
<trkpt lat="53.0266647" lon="-8.0559521">
	<ele>70.85</ele>
	<time>1970-01-04T12:46:22.608Z</time>
</trkpt>
<trkpt lat="53.0267792" lon="-8.0560484">
	<ele>70.84</ele>
	<time>1970-01-04T12:46:24.837Z</time>
</trkpt>
<trkpt lat="53.0268021" lon="-8.0560789">
	<ele>70.83</ele>
	<time>1970-01-04T12:46:25.316Z</time>
</trkpt>
<trkpt lat="53.0268784" lon="-8.0561771">
	<ele>70.80</ele>
	<time>1970-01-04T12:46:27.079Z</time>
</trkpt>
<trkpt lat="53.0270996" lon="-8.0566149">
	<ele>70.67</ele>
	<time>1970-01-04T12:46:33.224Z</time>
</trkpt>
<trkpt lat="53.0273972" lon="-8.0573788">
	<ele>71.98</ele>
	<time>1970-01-04T12:46:41.487Z</time>
</trkpt>
<trkpt lat="53.0275192" lon="-8.0577354">
	<ele>71.64</ele>
	<time>1970-01-04T12:46:45.215Z</time>
</trkpt>
<trkpt lat="53.0276146" lon="-8.0579109">
	<ele>71.08</ele>
	<time>1970-01-04T12:46:47.503Z</time>
</trkpt>
<trkpt lat="53.0276947" lon="-8.0580063">
	<ele>70.68</ele>
	<time>1970-01-04T12:46:49.106Z</time>
</trkpt>
<trkpt lat="53.0277367" lon="-8.0580578">
	<ele>70.46</ele>
	<time>1970-01-04T12:46:49.938Z</time>
</trkpt>
<trkpt lat="53.0280724" lon="-8.0583363">
	<ele>69.38</ele>
	<time>1970-01-04T12:46:55.692Z</time>
</trkpt>
<trkpt lat="53.0281982" lon="-8.0585041">
	<ele>69.16</ele>
	<time>1970-01-04T12:46:58.017Z</time>
</trkpt>
<trkpt lat="53.0283012" lon="-8.0587330">
	<ele>69.08</ele>
	<time>1970-01-04T12:47:00.443Z</time>
</trkpt>
<trkpt lat="53.0285301" lon="-8.0595016">
	<ele>68.30</ele>
	<time>1970-01-04T12:47:07.089Z</time>
</trkpt>
<trkpt lat="53.0287514" lon="-8.0600061">
	<ele>66.93</ele>
	<time>1970-01-04T12:47:11.970Z</time>
</trkpt>
<trkpt lat="53.0287895" lon="-8.0600796">
	<ele>66.72</ele>
	<time>1970-01-04T12:47:12.680Z</time>
</trkpt>
<trkpt lat="53.0288734" lon="-8.0602503">
	<ele>66.30</ele>
	<time>1970-01-04T12:47:14.347Z</time>
</trkpt>
<trkpt lat="53.0289574" lon="-8.0604296">
	<ele>65.91</ele>
	<time>1970-01-04T12:47:15.885Z</time>
</trkpt>
<trkpt lat="53.0291138" lon="-8.0607929">
	<ele>65.14</ele>
	<time>1970-01-04T12:47:20.564Z</time>
</trkpt>
<trkpt lat="53.0293198" lon="-8.0612793">
	<ele>63.92</ele>
	<time>1970-01-04T12:47:26.289Z</time>
</trkpt>
<trkpt lat="53.0297203" lon="-8.0621586">
	<ele>63.15</ele>
	<time>1970-01-04T12:47:36.201Z</time>
</trkpt>
<trkpt lat="53.0298691" lon="-8.0624990">
	<ele>62.76</ele>
	<time>1970-01-04T12:47:40.078Z</time>
</trkpt>
<trkpt lat="53.0300026" lon="-8.0629301">
	<ele>62.95</ele>
	<time>1970-01-04T12:47:44.624Z</time>
</trkpt>
<trkpt lat="53.0301323" lon="-8.0633554">
	<ele>63.39</ele>
	<time>1970-01-04T12:47:49.262Z</time>
</trkpt>
<trkpt lat="53.0302505" lon="-8.0637703">
	<ele>63.26</ele>
	<time>1970-01-04T12:47:54.195Z</time>
</trkpt>
<trkpt lat="53.0303726" lon="-8.0642166">
	<ele>63.03</ele>
	<time>1970-01-04T12:47:57.434Z</time>
</trkpt>
<trkpt lat="53.0304871" lon="-8.0646038">
	<ele>62.96</ele>
	<time>1970-01-04T12:48:00.760Z</time>
</trkpt>
<trkpt lat="53.0306358" lon="-8.0649929">
	<ele>62.79</ele>
	<time>1970-01-04T12:48:05.030Z</time>
</trkpt>
<trkpt lat="53.0309410" lon="-8.0657339">
	<ele>62.36</ele>
	<time>1970-01-04T12:48:12.153Z</time>
</trkpt>
<trkpt lat="53.0310555" lon="-8.0660419">
	<ele>62.34</ele>
	<time>1970-01-04T12:48:15.330Z</time>
</trkpt>
<trkpt lat="53.0311432" lon="-8.0663548">
	<ele>62.20</ele>
	<time>1970-01-04T12:48:18.515Z</time>
</trkpt>
<trkpt lat="53.0311928" lon="-8.0666008">
	<ele>62.12</ele>
	<time>1970-01-04T12:48:20.947Z</time>
</trkpt>
<trkpt lat="53.0312767" lon="-8.0668421">
	<ele>62.36</ele>
	<time>1970-01-04T12:48:23.900Z</time>
</trkpt>
<trkpt lat="53.0315018" lon="-8.0672922">
	<ele>62.79</ele>
	<time>1970-01-04T12:48:30.422Z</time>
</trkpt>
<trkpt lat="53.0317307" lon="-8.0677223">
	<ele>63.08</ele>
	<time>1970-01-04T12:48:37.325Z</time>
</trkpt>
<trkpt lat="53.0318947" lon="-8.0680027">
	<ele>63.43</ele>
	<time>1970-01-04T12:48:42.139Z</time>
</trkpt>
<trkpt lat="53.0320053" lon="-8.0682344">
	<ele>63.50</ele>
	<time>1970-01-04T12:48:45.764Z</time>
</trkpt>
<trkpt lat="53.0320358" lon="-8.0682945">
	<ele>63.49</ele>
	<time>1970-01-04T12:48:46.661Z</time>
</trkpt>
<trkpt lat="53.0323143" lon="-8.0691528">
	<ele>61.95</ele>
	<time>1970-01-04T12:48:57.005Z</time>
</trkpt>
<trkpt lat="53.0324974" lon="-8.0697556">
	<ele>62.00</ele>
	<time>1970-01-04T12:49:03.587Z</time>
</trkpt>
<trkpt lat="53.0326157" lon="-8.0700645">
	<ele>62.54</ele>
	<time>1970-01-04T12:49:07.388Z</time>
</trkpt>
<trkpt lat="53.0330162" lon="-8.0706758">
	<ele>63.24</ele>
	<time>1970-01-04T12:49:19.797Z</time>
</trkpt>
<trkpt lat="53.0332680" lon="-8.0711203">
	<ele>63.68</ele>
	<time>1970-01-04T12:49:28.961Z</time>
</trkpt>
<trkpt lat="53.0334435" lon="-8.0714645">
	<ele>64.03</ele>
	<time>1970-01-04T12:49:34.733Z</time>
</trkpt>
<trkpt lat="53.0339813" lon="-8.0726700">
	<ele>62.79</ele>
	<time>1970-01-04T12:49:47.911Z</time>
</trkpt>
<trkpt lat="53.0344925" lon="-8.0737429">
	<ele>60.60</ele>
	<time>1970-01-04T12:50:01.268Z</time>
</trkpt>
<trkpt lat="53.0345726" lon="-8.0739880">
	<ele>60.62</ele>
	<time>1970-01-04T12:50:04.201Z</time>
</trkpt>
<trkpt lat="53.0347252" lon="-8.0744925">
	<ele>61.70</ele>
	<time>1970-01-04T12:50:10.893Z</time>
</trkpt>
<trkpt lat="53.0347710" lon="-8.0746346">
	<ele>62.09</ele>
	<time>1970-01-04T12:50:12.807Z</time>
</trkpt>
<trkpt lat="53.0349503" lon="-8.0749187">
	<ele>62.88</ele>
	<time>1970-01-04T12:50:18.276Z</time>
</trkpt>
<trkpt lat="53.0354271" lon="-8.0756540">
	<ele>62.77</ele>
	<time>1970-01-04T12:50:33.682Z</time>
</trkpt>
<trkpt lat="53.0359840" lon="-8.0765724">
	<ele>64.13</ele>
	<time>1970-01-04T12:50:52.418Z</time>
</trkpt>
<trkpt lat="53.0361595" lon="-8.0768480">
	<ele>64.56</ele>
	<time>1970-01-04T12:50:57.597Z</time>
</trkpt>
<trkpt lat="53.0365181" lon="-8.0774307">
	<ele>65.72</ele>
	<time>1970-01-04T12:51:11.043Z</time>
</trkpt>
<trkpt lat="53.0367317" lon="-8.0777817">
	<ele>66.21</ele>
	<time>1970-01-04T12:51:18.415Z</time>
</trkpt>
<trkpt lat="53.0368729" lon="-8.0780172">
	<ele>66.31</ele>
	<time>1970-01-04T12:51:22.992Z</time>
</trkpt>
<trkpt lat="53.0377731" lon="-8.0793762">
	<ele>65.19</ele>
	<time>1970-01-04T12:51:45.377Z</time>
</trkpt>
<trkpt lat="53.0381355" lon="-8.0798969">
	<ele>64.27</ele>
	<time>1970-01-04T12:51:54.208Z</time>
</trkpt>
<trkpt lat="53.0383263" lon="-8.0801878">
	<ele>63.84</ele>
	<time>1970-01-04T12:51:58.772Z</time>
</trkpt>
<trkpt lat="53.0393486" lon="-8.0817547">
	<ele>66.76</ele>
	<time>1970-01-04T12:52:31.114Z</time>
</trkpt>
<trkpt lat="53.0394516" lon="-8.0818710">
	<ele>66.45</ele>
	<time>1970-01-04T12:52:33.356Z</time>
</trkpt>
<trkpt lat="53.0401192" lon="-8.0826359">
	<ele>66.18</ele>
	<time>1970-01-04T12:52:48.674Z</time>
</trkpt>
<trkpt lat="53.0403404" lon="-8.0829172">
	<ele>66.58</ele>
	<time>1970-01-04T12:52:54.225Z</time>
</trkpt>
<trkpt lat="53.0404930" lon="-8.0834684">
	<ele>66.78</ele>
	<time>1970-01-04T12:53:01.838Z</time>
</trkpt>
<trkpt lat="53.0405197" lon="-8.0835810">
	<ele>66.75</ele>
	<time>1970-01-04T12:53:03.289Z</time>
</trkpt>
<trkpt lat="53.0405388" lon="-8.0836811">
	<ele>66.69</ele>
	<time>1970-01-04T12:53:04.551Z</time>
</trkpt>
<trkpt lat="53.0406113" lon="-8.0840111">
	<ele>66.43</ele>
	<time>1970-01-04T12:53:08.408Z</time>
</trkpt>
<trkpt lat="53.0406189" lon="-8.0840454">
	<ele>66.41</ele>
	<time>1970-01-04T12:53:08.743Z</time>
</trkpt>
<trkpt lat="53.0407257" lon="-8.0845089">
	<ele>66.58</ele>
	<time>1970-01-04T12:53:13.965Z</time>
</trkpt>
<trkpt lat="53.0407524" lon="-8.0846539">
	<ele>66.78</ele>
	<time>1970-01-04T12:53:15.468Z</time>
</trkpt>
<trkpt lat="53.0408020" lon="-8.0849514">
	<ele>67.05</ele>
	<time>1970-01-04T12:53:18.670Z</time>
</trkpt>
<trkpt lat="53.0408249" lon="-8.0852728">
	<ele>66.80</ele>
	<time>1970-01-04T12:53:22.084Z</time>
</trkpt>
<trkpt lat="53.0408287" lon="-8.0853243">
	<ele>66.72</ele>
	<time>1970-01-04T12:53:22.554Z</time>
</trkpt>
<trkpt lat="53.0408554" lon="-8.0857239">
	<ele>66.07</ele>
	<time>1970-01-04T12:53:26.581Z</time>
</trkpt>
<trkpt lat="53.0408554" lon="-8.0857477">
	<ele>66.04</ele>
	<time>1970-01-04T12:53:26.884Z</time>
</trkpt>
<trkpt lat="53.0408745" lon="-8.0859537">
	<ele>65.90</ele>
	<time>1970-01-04T12:53:29.020Z</time>
</trkpt>
<trkpt lat="53.0409203" lon="-8.0864887">
	<ele>65.80</ele>
	<time>1970-01-04T12:53:34.325Z</time>
</trkpt>
<trkpt lat="53.0410156" lon="-8.0874634">
	<ele>65.74</ele>
	<time>1970-01-04T12:53:44.531Z</time>
</trkpt>
<trkpt lat="53.0410347" lon="-8.0876923">
	<ele>65.98</ele>
	<time>1970-01-04T12:53:47.072Z</time>
</trkpt>
<trkpt lat="53.0410538" lon="-8.0879526">
	<ele>66.43</ele>
	<time>1970-01-04T12:53:49.952Z</time>
</trkpt>
<trkpt lat="53.0410652" lon="-8.0885067">
	<ele>66.50</ele>
	<time>1970-01-04T12:53:55.934Z</time>
</trkpt>
<trkpt lat="53.0410652" lon="-8.0888186">
	<ele>65.64</ele>
	<time>1970-01-04T12:53:58.979Z</time>
</trkpt>
<trkpt lat="53.0410576" lon="-8.0894470">
	<ele>64.62</ele>
	<time>1970-01-04T12:54:04.692Z</time>
</trkpt>
<trkpt lat="53.0410652" lon="-8.0897512">
	<ele>64.62</ele>
	<time>1970-01-04T12:54:07.559Z</time>
</trkpt>
<trkpt lat="53.0410995" lon="-8.0901155">
	<ele>64.39</ele>
	<time>1970-01-04T12:54:11.251Z</time>
</trkpt>
<trkpt lat="53.0413132" lon="-8.0931196">
	<ele>63.37</ele>
	<time>1970-01-04T12:54:41.007Z</time>
</trkpt>
<trkpt lat="53.0413322" lon="-8.0934057">
	<ele>63.19</ele>
	<time>1970-01-04T12:54:44.064Z</time>
</trkpt>
<trkpt lat="53.0414276" lon="-8.0948439">
	<ele>64.18</ele>
	<time>1970-01-04T12:54:59.921Z</time>
</trkpt>
<trkpt lat="53.0415764" lon="-8.0971994">
	<ele>63.42</ele>
	<time>1970-01-04T12:55:27.234Z</time>
</trkpt>
<trkpt lat="53.0416222" lon="-8.0979462">
	<ele>63.46</ele>
	<time>1970-01-04T12:55:35.662Z</time>
</trkpt>
<trkpt lat="53.0416412" lon="-8.0982418">
	<ele>63.90</ele>
	<time>1970-01-04T12:55:39.025Z</time>
</trkpt>
<trkpt lat="53.0416908" lon="-8.0990496">
	<ele>64.93</ele>
	<time>1970-01-04T12:55:48.086Z</time>
</trkpt>
<trkpt lat="53.0417328" lon="-8.0995874">
	<ele>64.49</ele>
	<time>1970-01-04T12:55:54.118Z</time>
</trkpt>
<trkpt lat="53.0417633" lon="-8.0997734">
	<ele>64.19</ele>
	<time>1970-01-04T12:55:56.295Z</time>
</trkpt>
<trkpt lat="53.0417862" lon="-8.0998945">
	<ele>64.03</ele>
	<time>1970-01-04T12:55:57.802Z</time>
</trkpt>
<trkpt lat="53.0420952" lon="-8.1009169">
	<ele>63.94</ele>
	<time>1970-01-04T12:56:09.031Z</time>
</trkpt>
<trkpt lat="53.0421753" lon="-8.1012297">
	<ele>63.43</ele>
	<time>1970-01-04T12:56:12.375Z</time>
</trkpt>
<trkpt lat="53.0422478" lon="-8.1015539">
	<ele>62.62</ele>
	<time>1970-01-04T12:56:15.458Z</time>
</trkpt>
<trkpt lat="53.0423813" lon="-8.1025248">
	<ele>61.92</ele>
	<time>1970-01-04T12:56:23.051Z</time>
</trkpt>
<trkpt lat="53.0424156" lon="-8.1028042">
	<ele>61.63</ele>
	<time>1970-01-04T12:56:25.490Z</time>
</trkpt>
<trkpt lat="53.0425148" lon="-8.1035395">
	<ele>60.77</ele>
	<time>1970-01-04T12:56:31.912Z</time>
</trkpt>
<trkpt lat="53.0425568" lon="-8.1040516">
	<ele>60.27</ele>
	<time>1970-01-04T12:56:35.775Z</time>
</trkpt>
<trkpt lat="53.0425987" lon="-8.1043367">
	<ele>60.09</ele>
	<time>1970-01-04T12:56:38.073Z</time>
</trkpt>
<trkpt lat="53.0426865" lon="-8.1047039">
	<ele>60.08</ele>
	<time>1970-01-04T12:56:41.266Z</time>
</trkpt>
<trkpt lat="53.0427170" lon="-8.1048660">
	<ele>59.99</ele>
	<time>1970-01-04T12:56:42.682Z</time>
</trkpt>
<trkpt lat="53.0427704" lon="-8.1050119">
	<ele>59.95</ele>
	<time>1970-01-04T12:56:44.357Z</time>
</trkpt>
<trkpt lat="53.0428200" lon="-8.1051006">
	<ele>59.95</ele>
	<time>1970-01-04T12:56:45.492Z</time>
</trkpt>
<trkpt lat="53.0430565" lon="-8.1054554">
	<ele>60.35</ele>
	<time>1970-01-04T12:56:51.202Z</time>
</trkpt>
<trkpt lat="53.0432854" lon="-8.1057425">
	<ele>61.03</ele>
	<time>1970-01-04T12:56:56.774Z</time>
</trkpt>
<trkpt lat="53.0441818" lon="-8.1068430">
	<ele>59.82</ele>
	<time>1970-01-04T12:57:17.104Z</time>
</trkpt>
<trkpt lat="53.0450706" lon="-8.1078987">
	<ele>59.46</ele>
	<time>1970-01-04T12:57:35.878Z</time>
</trkpt>
<trkpt lat="53.0454216" lon="-8.1083431">
	<ele>57.98</ele>
	<time>1970-01-04T12:57:41.832Z</time>
</trkpt>
<trkpt lat="53.0456696" lon="-8.1087227">
	<ele>57.30</ele>
	<time>1970-01-04T12:57:46.002Z</time>
</trkpt>
<trkpt lat="53.0458107" lon="-8.1090002">
	<ele>57.14</ele>
	<time>1970-01-04T12:57:48.597Z</time>
</trkpt>
<trkpt lat="53.0459938" lon="-8.1094036">
	<ele>56.48</ele>
	<time>1970-01-04T12:57:52.462Z</time>
</trkpt>
<trkpt lat="53.0461769" lon="-8.1092253">
	<ele>56.46</ele>
	<time>1970-01-04T12:57:55.747Z</time>
</trkpt>
<trkpt lat="53.0467300" lon="-8.1099157">
	<ele>57.20</ele>
	<time>1970-01-04T12:58:06.604Z</time>
</trkpt>
<trkpt lat="53.0472794" lon="-8.1105776">
	<ele>57.22</ele>
	<time>1970-01-04T12:58:17.321Z</time>
</trkpt>
<trkpt lat="53.0474205" lon="-8.1108065">
	<ele>56.88</ele>
	<time>1970-01-04T12:58:20.140Z</time>
</trkpt>
<trkpt lat="53.0475426" lon="-8.1110678">
	<ele>56.08</ele>
	<time>1970-01-04T12:58:22.951Z</time>
</trkpt>
<trkpt lat="53.0476303" lon="-8.1114111">
	<ele>54.64</ele>
	<time>1970-01-04T12:58:26.148Z</time>
</trkpt>
<trkpt lat="53.0477066" lon="-8.1117764">
	<ele>53.68</ele>
	<time>1970-01-04T12:58:29.489Z</time>
</trkpt>
<trkpt lat="53.0477791" lon="-8.1121759">
	<ele>53.28</ele>
	<time>1970-01-04T12:58:33.112Z</time>
</trkpt>
<trkpt lat="53.0478287" lon="-8.1125889">
	<ele>53.04</ele>
	<time>1970-01-04T12:58:36.589Z</time>
</trkpt>
<trkpt lat="53.0479050" lon="-8.1133604">
	<ele>52.67</ele>
	<time>1970-01-04T12:58:43.049Z</time>
</trkpt>
<trkpt lat="53.0479317" lon="-8.1135674">
	<ele>52.75</ele>
	<time>1970-01-04T12:58:45.037Z</time>
</trkpt>
<trkpt lat="53.0480003" lon="-8.1138000">
	<ele>53.03</ele>
	<time>1970-01-04T12:58:47.656Z</time>
</trkpt>
<trkpt lat="53.0480461" lon="-8.1139317">
	<ele>53.18</ele>
	<time>1970-01-04T12:58:49.212Z</time>
</trkpt>
<trkpt lat="53.0481796" lon="-8.1142368">
	<ele>53.41</ele>
	<time>1970-01-04T12:58:53.385Z</time>
</trkpt>
<trkpt lat="53.0482826" lon="-8.1144676">
	<ele>53.48</ele>
	<time>1970-01-04T12:58:56.557Z</time>
</trkpt>
<trkpt lat="53.0485001" lon="-8.1149359">
	<ele>53.63</ele>
	<time>1970-01-04T12:59:03.237Z</time>
</trkpt>
<trkpt lat="53.0486298" lon="-8.1152706">
	<ele>53.22</ele>
	<time>1970-01-04T12:59:08.331Z</time>
</trkpt>
<trkpt lat="53.0487938" lon="-8.1156340">
	<ele>52.13</ele>
	<time>1970-01-04T12:59:14.536Z</time>
</trkpt>
<trkpt lat="53.0489044" lon="-8.1158142">
	<ele>51.76</ele>
	<time>1970-01-04T12:59:17.895Z</time>
</trkpt>
<trkpt lat="53.0490074" lon="-8.1159649">
	<ele>51.82</ele>
	<time>1970-01-04T12:59:20.785Z</time>
</trkpt>
<trkpt lat="53.0491180" lon="-8.1160593">
	<ele>52.09</ele>
	<time>1970-01-04T12:59:23.430Z</time>
</trkpt>
<trkpt lat="53.0492363" lon="-8.1161451">
	<ele>52.54</ele>
	<time>1970-01-04T12:59:26.032Z</time>
</trkpt>
<trkpt lat="53.0496902" lon="-8.1163940">
	<ele>54.78</ele>
	<time>1970-01-04T12:59:35.093Z</time>
</trkpt>
<trkpt lat="53.0501709" lon="-8.1167517">
	<ele>54.20</ele>
	<time>1970-01-04T12:59:42.951Z</time>
</trkpt>
<trkpt lat="53.0504074" lon="-8.1169119">
	<ele>52.34</ele>
	<time>1970-01-04T12:59:46.383Z</time>
</trkpt>
<trkpt lat="53.0515366" lon="-8.1176825">
	<ele>51.59</ele>
	<time>1970-01-04T13:00:04.268Z</time>
</trkpt>
<trkpt lat="53.0525017" lon="-8.1183910">
	<ele>49.82</ele>
	<time>1970-01-04T13:00:18.533Z</time>
</trkpt>
<trkpt lat="53.0527649" lon="-8.1185846">
	<ele>49.78</ele>
	<time>1970-01-04T13:00:23.660Z</time>
</trkpt>
<trkpt lat="53.0529556" lon="-8.1187401">
	<ele>49.97</ele>
	<time>1970-01-04T13:00:27.383Z</time>
</trkpt>
<trkpt lat="53.0531425" lon="-8.1189079">
	<ele>50.18</ele>
	<time>1970-01-04T13:00:31.293Z</time>
</trkpt>
<trkpt lat="53.0533447" lon="-8.1191301">
	<ele>50.17</ele>
	<time>1970-01-04T13:00:35.468Z</time>
</trkpt>
<trkpt lat="53.0535278" lon="-8.1193800">
	<ele>49.77</ele>
	<time>1970-01-04T13:00:39.333Z</time>
</trkpt>
<trkpt lat="53.0540237" lon="-8.1202784">
	<ele>47.52</ele>
	<time>1970-01-04T13:00:50.126Z</time>
</trkpt>
<trkpt lat="53.0542450" lon="-8.1206923">
	<ele>47.48</ele>
	<time>1970-01-04T13:00:55.263Z</time>
</trkpt>
<trkpt lat="53.0546036" lon="-8.1213589">
	<ele>48.98</ele>
	<time>1970-01-04T13:01:05.096Z</time>
</trkpt>
<trkpt lat="53.0553436" lon="-8.1228447">
	<ele>49.63</ele>
	<time>1970-01-04T13:01:27.316Z</time>
</trkpt>
<trkpt lat="53.0554771" lon="-8.1230698">
	<ele>49.62</ele>
	<time>1970-01-04T13:01:30.872Z</time>
</trkpt>
<trkpt lat="53.0556221" lon="-8.1232777">
	<ele>49.38</ele>
	<time>1970-01-04T13:01:34.588Z</time>
</trkpt>
<trkpt lat="53.0559120" lon="-8.1235828">
	<ele>49.19</ele>
	<time>1970-01-04T13:01:41.367Z</time>
</trkpt>
<trkpt lat="53.0568047" lon="-8.1244793">
	<ele>48.53</ele>
	<time>1970-01-04T13:02:00.579Z</time>
</trkpt>
<trkpt lat="53.0570068" lon="-8.1246977">
	<ele>49.22</ele>
	<time>1970-01-04T13:02:05.072Z</time>
</trkpt>
<trkpt lat="53.0573158" lon="-8.1250286">
	<ele>50.32</ele>
	<time>1970-01-04T13:02:13.184Z</time>
</trkpt>
<trkpt lat="53.0574303" lon="-8.1251488">
	<ele>50.41</ele>
	<time>1970-01-04T13:02:16.028Z</time>
</trkpt>
<trkpt lat="53.0576668" lon="-8.1253691">
	<ele>49.97</ele>
	<time>1970-01-04T13:02:20.949Z</time>
</trkpt>
<trkpt lat="53.0577736" lon="-8.1254473">
	<ele>49.69</ele>
	<time>1970-01-04T13:02:22.959Z</time>
</trkpt>
<trkpt lat="53.0584679" lon="-8.1258707">
	<ele>49.18</ele>
	<time>1970-01-04T13:02:35.997Z</time>
</trkpt>
<trkpt lat="53.0585823" lon="-8.1259499">
	<ele>49.27</ele>
	<time>1970-01-04T13:02:38.267Z</time>
</trkpt>
<trkpt lat="53.0586472" lon="-8.1260366">
	<ele>49.27</ele>
	<time>1970-01-04T13:02:39.829Z</time>
</trkpt>
<trkpt lat="53.0587959" lon="-8.1264544">
	<ele>49.18</ele>
	<time>1970-01-04T13:02:45.865Z</time>
</trkpt>
<trkpt lat="53.0589905" lon="-8.1271439">
	<ele>49.64</ele>
	<time>1970-01-04T13:02:53.994Z</time>
</trkpt>
<trkpt lat="53.0592804" lon="-8.1281271">
	<ele>49.00</ele>
	<time>1970-01-04T13:03:04.828Z</time>
</trkpt>
<trkpt lat="53.0596085" lon="-8.1294804">
	<ele>49.66</ele>
	<time>1970-01-04T13:03:21.767Z</time>
</trkpt>
<trkpt lat="53.0597343" lon="-8.1298971">
	<ele>49.64</ele>
	<time>1970-01-04T13:03:27.709Z</time>
</trkpt>
<trkpt lat="53.0599289" lon="-8.1303778">
	<ele>50.54</ele>
	<time>1970-01-04T13:03:35.317Z</time>
</trkpt>
<trkpt lat="53.0606651" lon="-8.1321096">
	<ele>53.49</ele>
	<time>1970-01-04T13:03:59.761Z</time>
</trkpt>
<trkpt lat="53.0607147" lon="-8.1322689">
	<ele>53.59</ele>
	<time>1970-01-04T13:04:01.791Z</time>
</trkpt>
<trkpt lat="53.0607376" lon="-8.1324282">
	<ele>53.47</ele>
	<time>1970-01-04T13:04:05.539Z</time>
</trkpt>
<trkpt lat="53.0607414" lon="-8.1325836">
	<ele>53.19</ele>
	<time>1970-01-04T13:04:08.556Z</time>
</trkpt>
<trkpt lat="53.0607338" lon="-8.1328659">
	<ele>52.41</ele>
	<time>1970-01-04T13:04:13.263Z</time>
</trkpt>
<trkpt lat="53.0607491" lon="-8.1331482">
	<ele>51.74</ele>
	<time>1970-01-04T13:04:17.388Z</time>
</trkpt>
<trkpt lat="53.0608025" lon="-8.1334524">
	<ele>51.45</ele>
	<time>1970-01-04T13:04:21.464Z</time>
</trkpt>
<trkpt lat="53.0608788" lon="-8.1337547">
	<ele>51.37</ele>
	<time>1970-01-04T13:04:25.610Z</time>
</trkpt>
<trkpt lat="53.0610390" lon="-8.1343412">
	<ele>51.37</ele>
	<time>1970-01-04T13:04:33.448Z</time>
</trkpt>
<trkpt lat="53.0610962" lon="-8.1346092">
	<ele>51.17</ele>
	<time>1970-01-04T13:04:36.830Z</time>
</trkpt>
<trkpt lat="53.0611496" lon="-8.1348963">
	<ele>50.94</ele>
	<time>1970-01-04T13:04:40.138Z</time>
</trkpt>
<trkpt lat="53.0612984" lon="-8.1358986">
	<ele>51.16</ele>
	<time>1970-01-04T13:04:51.049Z</time>
</trkpt>
<trkpt lat="53.0613518" lon="-8.1361179">
	<ele>51.68</ele>
	<time>1970-01-04T13:04:53.796Z</time>
</trkpt>
<trkpt lat="53.0614204" lon="-8.1363335">
	<ele>52.38</ele>
	<time>1970-01-04T13:04:56.910Z</time>
</trkpt>
<trkpt lat="53.0615768" lon="-8.1367121">
	<ele>53.14</ele>
	<time>1970-01-04T13:05:03.513Z</time>
</trkpt>
<trkpt lat="53.0617599" lon="-8.1370687">
	<ele>52.27</ele>
	<time>1970-01-04T13:05:09.890Z</time>
</trkpt>
<trkpt lat="53.0618172" lon="-8.1371946">
	<ele>51.79</ele>
	<time>1970-01-04T13:05:12.007Z</time>
</trkpt>
<trkpt lat="53.0620537" lon="-8.1377106">
	<ele>51.32</ele>
	<time>1970-01-04T13:05:20.011Z</time>
</trkpt>
<trkpt lat="53.0623703" lon="-8.1385155">
	<ele>51.17</ele>
	<time>1970-01-04T13:05:29.823Z</time>
</trkpt>
<trkpt lat="53.0627785" lon="-8.1395617">
	<ele>48.04</ele>
	<time>1970-01-04T13:05:39.004Z</time>
</trkpt>
<trkpt lat="53.0630417" lon="-8.1402416">
	<ele>48.10</ele>
	<time>1970-01-04T13:05:45.584Z</time>
</trkpt>
<trkpt lat="53.0630951" lon="-8.1404400">
	<ele>48.08</ele>
	<time>1970-01-04T13:05:47.474Z</time>
</trkpt>
<trkpt lat="53.0631828" lon="-8.1409626">
	<ele>47.24</ele>
	<time>1970-01-04T13:05:51.852Z</time>
</trkpt>
<trkpt lat="53.0632133" lon="-8.1410847">
	<ele>46.86</ele>
	<time>1970-01-04T13:05:52.953Z</time>
</trkpt>
<trkpt lat="53.0632629" lon="-8.1412354">
	<ele>46.33</ele>
	<time>1970-01-04T13:05:54.267Z</time>
</trkpt>
<trkpt lat="53.0638504" lon="-8.1425228">
	<ele>44.04</ele>
	<time>1970-01-04T13:06:06.350Z</time>
</trkpt>
<trkpt lat="53.0640259" lon="-8.1428843">
	<ele>43.44</ele>
	<time>1970-01-04T13:06:09.845Z</time>
</trkpt>
<trkpt lat="53.0643311" lon="-8.1435080">
	<ele>42.73</ele>
	<time>1970-01-04T13:06:15.511Z</time>
</trkpt>
<trkpt lat="53.0643616" lon="-8.1436319">
	<ele>42.53</ele>
	<time>1970-01-04T13:06:16.617Z</time>
</trkpt>
<trkpt lat="53.0644035" lon="-8.1436434">
	<ele>42.51</ele>
	<time>1970-01-04T13:06:17.211Z</time>
</trkpt>
<trkpt lat="53.0645218" lon="-8.1437340">
	<ele>42.31</ele>
	<time>1970-01-04T13:06:18.920Z</time>
</trkpt>
<trkpt lat="53.0646210" lon="-8.1438360">
	<ele>41.96</ele>
	<time>1970-01-04T13:06:20.484Z</time>
</trkpt>
<trkpt lat="53.0648232" lon="-8.1440420">
	<ele>40.89</ele>
	<time>1970-01-04T13:06:23.247Z</time>
</trkpt>
<trkpt lat="53.0652962" lon="-8.1445303">
	<ele>38.40</ele>
	<time>1970-01-04T13:06:30.787Z</time>
</trkpt>
<trkpt lat="53.0655060" lon="-8.1447201">
	<ele>37.88</ele>
	<time>1970-01-04T13:06:33.703Z</time>
</trkpt>
<trkpt lat="53.0655937" lon="-8.1447811">
	<ele>37.74</ele>
	<time>1970-01-04T13:06:34.895Z</time>
</trkpt>
<trkpt lat="53.0656357" lon="-8.1448059">
	<ele>37.67</ele>
	<time>1970-01-04T13:06:35.452Z</time>
</trkpt>
<trkpt lat="53.0657349" lon="-8.1448460">
	<ele>37.51</ele>
	<time>1970-01-04T13:06:36.766Z</time>
</trkpt>
<trkpt lat="53.0659485" lon="-8.1448956">
	<ele>36.89</ele>
	<time>1970-01-04T13:06:39.228Z</time>
</trkpt>
<trkpt lat="53.0662880" lon="-8.1449318">
	<ele>35.39</ele>
	<time>1970-01-04T13:06:42.849Z</time>
</trkpt>
<trkpt lat="53.0664291" lon="-8.1449518">
	<ele>34.77</ele>
	<time>1970-01-04T13:06:44.417Z</time>
</trkpt>
<trkpt lat="53.0667000" lon="-8.1449919">
	<ele>33.95</ele>
	<time>1970-01-04T13:06:47.292Z</time>
</trkpt>
<trkpt lat="53.0672646" lon="-8.1450729">
	<ele>33.78</ele>
	<time>1970-01-04T13:06:54.165Z</time>
</trkpt>
<trkpt lat="53.0677147" lon="-8.1451521">
	<ele>34.21</ele>
	<time>1970-01-04T13:07:00.596Z</time>
</trkpt>
<trkpt lat="53.0678520" lon="-8.1451616">
	<ele>34.50</ele>
	<time>1970-01-04T13:07:02.784Z</time>
</trkpt>
<trkpt lat="53.0686226" lon="-8.1452608">
	<ele>34.56</ele>
	<time>1970-01-04T13:07:15.419Z</time>
</trkpt>
<trkpt lat="53.0687485" lon="-8.1453028">
	<ele>34.11</ele>
	<time>1970-01-04T13:07:17.606Z</time>
</trkpt>
<trkpt lat="53.0688896" lon="-8.1453323">
	<ele>33.56</ele>
	<time>1970-01-04T13:07:19.851Z</time>
</trkpt>
<trkpt lat="53.0690269" lon="-8.1453371">
	<ele>33.07</ele>
	<time>1970-01-04T13:07:21.783Z</time>
</trkpt>
<trkpt lat="53.0692291" lon="-8.1453686">
	<ele>32.57</ele>
	<time>1970-01-04T13:07:24.717Z</time>
</trkpt>
<trkpt lat="53.0693512" lon="-8.1454039">
	<ele>32.36</ele>
	<time>1970-01-04T13:07:26.483Z</time>
</trkpt>
<trkpt lat="53.0694389" lon="-8.1454449">
	<ele>32.22</ele>
	<time>1970-01-04T13:07:27.782Z</time>
</trkpt>
<trkpt lat="53.0696182" lon="-8.1455812">
	<ele>32.02</ele>
	<time>1970-01-04T13:07:30.590Z</time>
</trkpt>
<trkpt lat="53.0696983" lon="-8.1456776">
	<ele>31.96</ele>
	<time>1970-01-04T13:07:32.048Z</time>
</trkpt>
<trkpt lat="53.0697899" lon="-8.1458206">
	<ele>31.93</ele>
	<time>1970-01-04T13:07:33.951Z</time>
</trkpt>
<trkpt lat="53.0699005" lon="-8.1460247">
	<ele>31.96</ele>
	<time>1970-01-04T13:07:36.335Z</time>
</trkpt>
<trkpt lat="53.0709457" lon="-8.1481352">
	<ele>30.86</ele>
	<time>1970-01-04T13:08:01.008Z</time>
</trkpt>
<trkpt lat="53.0720253" lon="-8.1502895">
	<ele>32.66</ele>
	<time>1970-01-04T13:08:26.561Z</time>
</trkpt>
<trkpt lat="53.0721931" lon="-8.1505861">
	<ele>33.07</ele>
	<time>1970-01-04T13:08:31.047Z</time>
</trkpt>
<trkpt lat="53.0725937" lon="-8.1511297">
	<ele>33.07</ele>
	<time>1970-01-04T13:08:41.591Z</time>
</trkpt>
<trkpt lat="53.0729713" lon="-8.1516676">
	<ele>33.58</ele>
	<time>1970-01-04T13:08:52.630Z</time>
</trkpt>
<trkpt lat="53.0730362" lon="-8.1517525">
	<ele>33.71</ele>
	<time>1970-01-04T13:08:54.321Z</time>
</trkpt>
<trkpt lat="53.0736084" lon="-8.1525908">
	<ele>33.30</ele>
	<time>1970-01-04T13:09:11.157Z</time>
</trkpt>
<trkpt lat="53.0743065" lon="-8.1536999">
	<ele>35.22</ele>
	<time>1970-01-04T13:09:31.966Z</time>
</trkpt>
<trkpt lat="53.0748596" lon="-8.1545649">
	<ele>35.19</ele>
	<time>1970-01-04T13:09:48.485Z</time>
</trkpt>
<trkpt lat="53.0749359" lon="-8.1546869">
	<ele>34.79</ele>
	<time>1970-01-04T13:09:50.678Z</time>
</trkpt>
<trkpt lat="53.0750122" lon="-8.1548090">
	<ele>34.43</ele>
	<time>1970-01-04T13:09:52.848Z</time>
</trkpt>
<trkpt lat="53.0750771" lon="-8.1549120">
	<ele>34.19</ele>
	<time>1970-01-04T13:09:54.642Z</time>
</trkpt>
<trkpt lat="53.0751572" lon="-8.1550760">
	<ele>33.91</ele>
	<time>1970-01-04T13:09:56.978Z</time>
</trkpt>
<trkpt lat="53.0752525" lon="-8.1553221">
	<ele>33.58</ele>
	<time>1970-01-04T13:09:59.941Z</time>
</trkpt>
<trkpt lat="53.0754089" lon="-8.1558313">
	<ele>32.82</ele>
	<time>1970-01-04T13:10:04.694Z</time>
</trkpt>
<trkpt lat="53.0758629" lon="-8.1573248">
	<ele>32.22</ele>
	<time>1970-01-04T13:10:18.680Z</time>
</trkpt>
<trkpt lat="53.0761185" lon="-8.1581812">
	<ele>32.79</ele>
	<time>1970-01-04T13:10:28.581Z</time>
</trkpt>
<trkpt lat="53.0761948" lon="-8.1584587">
	<ele>33.09</ele>
	<time>1970-01-04T13:10:31.959Z</time>
</trkpt>
<trkpt lat="53.0762596" lon="-8.1587601">
	<ele>33.19</ele>
	<time>1970-01-04T13:10:35.973Z</time>
</trkpt>
<trkpt lat="53.0768509" lon="-8.1619577">
	<ele>33.50</ele>
	<time>1970-01-04T13:11:14.159Z</time>
</trkpt>
<trkpt lat="53.0768623" lon="-8.1620283">
	<ele>33.47</ele>
	<time>1970-01-04T13:11:14.946Z</time>
</trkpt>
<trkpt lat="53.0777473" lon="-8.1668301">
	<ele>32.73</ele>
	<time>1970-01-04T13:12:07.234Z</time>
</trkpt>
<trkpt lat="53.0778427" lon="-8.1673450">
	<ele>32.85</ele>
	<time>1970-01-04T13:12:12.307Z</time>
</trkpt>
<trkpt lat="53.0779953" lon="-8.1681252">
	<ele>31.21</ele>
	<time>1970-01-04T13:12:19.790Z</time>
</trkpt>
<trkpt lat="53.0780640" lon="-8.1684561">
	<ele>30.46</ele>
	<time>1970-01-04T13:12:22.951Z</time>
</trkpt>
<trkpt lat="53.0781403" lon="-8.1688051">
	<ele>30.05</ele>
	<time>1970-01-04T13:12:26.729Z</time>
</trkpt>
<trkpt lat="53.0781708" lon="-8.1688995">
	<ele>29.99</ele>
	<time>1970-01-04T13:12:27.803Z</time>
</trkpt>
<trkpt lat="53.0782089" lon="-8.1689930">
	<ele>29.97</ele>
	<time>1970-01-04T13:12:29.037Z</time>
</trkpt>
<trkpt lat="53.0783005" lon="-8.1691704">
	<ele>30.03</ele>
	<time>1970-01-04T13:12:31.686Z</time>
</trkpt>
<trkpt lat="53.0784302" lon="-8.1693439">
	<ele>30.26</ele>
	<time>1970-01-04T13:12:34.836Z</time>
</trkpt>
<trkpt lat="53.0784874" lon="-8.1694059">
	<ele>30.37</ele>
	<time>1970-01-04T13:12:36.163Z</time>
</trkpt>
<trkpt lat="53.0787010" lon="-8.1695900">
	<ele>30.63</ele>
	<time>1970-01-04T13:12:40.927Z</time>
</trkpt>
<trkpt lat="53.0788307" lon="-8.1696520">
	<ele>30.63</ele>
	<time>1970-01-04T13:12:43.385Z</time>
</trkpt>
<trkpt lat="53.0789299" lon="-8.1696796">
	<ele>30.61</ele>
	<time>1970-01-04T13:12:45.192Z</time>
</trkpt>
<trkpt lat="53.0791397" lon="-8.1697168">
	<ele>30.67</ele>
	<time>1970-01-04T13:12:49.144Z</time>
</trkpt>
<trkpt lat="53.0792236" lon="-8.1697350">
	<ele>30.79</ele>
	<time>1970-01-04T13:12:50.630Z</time>
</trkpt>
<trkpt lat="53.0793343" lon="-8.1697836">
	<ele>31.06</ele>
	<time>1970-01-04T13:12:52.778Z</time>
</trkpt>
<trkpt lat="53.0794563" lon="-8.1698723">
	<ele>31.43</ele>
	<time>1970-01-04T13:12:55.424Z</time>
</trkpt>
<trkpt lat="53.0799980" lon="-8.1703243">
	<ele>32.72</ele>
	<time>1970-01-04T13:13:07.639Z</time>
</trkpt>
<trkpt lat="53.0801773" lon="-8.1705132">
	<ele>33.06</ele>
	<time>1970-01-04T13:13:12.437Z</time>
</trkpt>
<trkpt lat="53.0802689" lon="-8.1706247">
	<ele>33.27</ele>
	<time>1970-01-04T13:13:14.765Z</time>
</trkpt>
<trkpt lat="53.0805588" lon="-8.1710348">
	<ele>33.92</ele>
	<time>1970-01-04T13:13:24.901Z</time>
</trkpt>
<trkpt lat="53.0813065" lon="-8.1721306">
	<ele>34.80</ele>
	<time>1970-01-04T13:13:49.784Z</time>
</trkpt>
<trkpt lat="53.0846214" lon="-8.1769371">
	<ele>34.41</ele>
	<time>1970-01-04T13:15:15.474Z</time>
</trkpt>
<trkpt lat="53.0856590" lon="-8.1784401">
	<ele>37.39</ele>
	<time>1970-01-04T13:15:42.933Z</time>
</trkpt>
<trkpt lat="53.0857964" lon="-8.1786394">
	<ele>38.19</ele>
	<time>1970-01-04T13:15:47.368Z</time>
</trkpt>
<trkpt lat="53.0870819" lon="-8.1804752">
	<ele>45.46</ele>
	<time>1970-01-04T13:17:12.846Z</time>
</trkpt>
<trkpt lat="53.0873985" lon="-8.1809301">
	<ele>48.03</ele>
	<time>1970-01-04T13:17:29.701Z</time>
</trkpt>
<trkpt lat="53.0874405" lon="-8.1809902">
	<ele>48.38</ele>
	<time>1970-01-04T13:17:31.640Z</time>
</trkpt>
<trkpt lat="53.0876541" lon="-8.1813021">
	<ele>49.80</ele>
	<time>1970-01-04T13:17:43.115Z</time>
</trkpt>
<trkpt lat="53.0879784" lon="-8.1817751">
	<ele>50.82</ele>
	<time>1970-01-04T13:17:58.282Z</time>
</trkpt>
<trkpt lat="53.0881119" lon="-8.1819525">
	<ele>50.87</ele>
	<time>1970-01-04T13:18:03.325Z</time>
</trkpt>
<trkpt lat="53.0883713" lon="-8.1823111">
	<ele>50.65</ele>
	<time>1970-01-04T13:18:12.350Z</time>
</trkpt>
<trkpt lat="53.0890312" lon="-8.1832008">
	<ele>46.85</ele>
	<time>1970-01-04T13:18:29.790Z</time>
</trkpt>
<trkpt lat="53.0892105" lon="-8.1834764">
	<ele>45.80</ele>
	<time>1970-01-04T13:18:33.368Z</time>
</trkpt>
<trkpt lat="53.0896721" lon="-8.1843634">
	<ele>43.18</ele>
	<time>1970-01-04T13:18:45.857Z</time>
</trkpt>
<trkpt lat="53.0898094" lon="-8.1846228">
	<ele>42.02</ele>
	<time>1970-01-04T13:18:48.696Z</time>
</trkpt>
<trkpt lat="53.0899239" lon="-8.1848640">
	<ele>40.84</ele>
	<time>1970-01-04T13:18:50.882Z</time>
</trkpt>
<trkpt lat="53.0899811" lon="-8.1850100">
	<ele>40.13</ele>
	<time>1970-01-01T00:00:01.838Z</time>
</trkpt>
<trkpt lat="53.0900116" lon="-8.1851740">
	<ele>39.56</ele>
	<time>1970-01-01T00:00:03.365Z</time>
</trkpt>
<trkpt lat="53.0900345" lon="-8.1853886">
	<ele>38.87</ele>
	<time>1970-01-01T00:00:05.065Z</time>
</trkpt>
<trkpt lat="53.0900307" lon="-8.1856346">
	<ele>38.27</ele>
	<time>1970-01-01T00:00:06.915Z</time>
</trkpt>
<trkpt lat="53.0900154" lon="-8.1858482">
	<ele>37.86</ele>
	<time>1970-01-01T00:00:08.386Z</time>
</trkpt>
<trkpt lat="53.0899925" lon="-8.1860600">
	<ele>37.45</ele>
	<time>1970-01-01T00:00:09.866Z</time>
</trkpt>
<trkpt lat="53.0899467" lon="-8.1863108">
	<ele>37.04</ele>
	<time>1970-01-01T00:00:11.793Z</time>
</trkpt>
<trkpt lat="53.0898285" lon="-8.1869450">
	<ele>36.78</ele>
	<time>1970-01-01T00:00:16.598Z</time>
</trkpt>
<trkpt lat="53.0896645" lon="-8.1878901">
	<ele>36.57</ele>
	<time>1970-01-01T00:00:24.397Z</time>
</trkpt>
<trkpt lat="53.0896111" lon="-8.1882610">
	<ele>35.75</ele>
	<time>1970-01-01T00:00:27.538Z</time>
</trkpt>
<trkpt lat="53.0895958" lon="-8.1884813">
	<ele>35.27</ele>
	<time>1970-01-01T00:00:29.357Z</time>
</trkpt>
<trkpt lat="53.0895920" lon="-8.1887026">
	<ele>34.75</ele>
	<time>1970-01-01T00:00:31.158Z</time>
</trkpt>
<trkpt lat="53.0896034" lon="-8.1889410">
	<ele>34.14</ele>
	<time>1970-01-01T00:00:32.978Z</time>
</trkpt>
<trkpt lat="53.0896759" lon="-8.1892328">
	<ele>33.20</ele>
	<time>1970-01-01T00:00:35.197Z</time>
</trkpt>
<trkpt lat="53.0906219" lon="-8.1922979">
	<ele>31.09</ele>
	<time>1970-01-01T00:01:08.883Z</time>
</trkpt>
<trkpt lat="53.0910149" lon="-8.1935387">
	<ele>31.75</ele>
	<time>1970-01-01T00:01:23.583Z</time>
</trkpt>
<trkpt lat="53.0912018" lon="-8.1941547">
	<ele>31.31</ele>
	<time>1970-01-01T00:01:30.642Z</time>
</trkpt>
<trkpt lat="53.0916862" lon="-8.1957273">
	<ele>31.03</ele>
	<time>1970-01-01T00:01:48.870Z</time>
</trkpt>
<trkpt lat="53.0917625" lon="-8.1959524">
	<ele>31.08</ele>
	<time>1970-01-01T00:01:50.488Z</time>
</trkpt>
<trkpt lat="53.0919113" lon="-8.1963949">
	<ele>31.07</ele>
	<time>1970-01-01T00:01:54.054Z</time>
</trkpt>
<trkpt lat="53.0926704" lon="-8.1986418">
	<ele>30.76</ele>
	<time>1970-01-01T00:02:17.457Z</time>
</trkpt>
<trkpt lat="53.0928345" lon="-8.1991034">
	<ele>31.79</ele>
	<time>1970-01-01T00:02:23.069Z</time>
</trkpt>
<trkpt lat="53.0939178" lon="-8.2023716">
	<ele>32.83</ele>
	<time>1970-01-01T00:03:10.699Z</time>
</trkpt>
<trkpt lat="53.0940018" lon="-8.2026463">
	<ele>33.10</ele>
	<time>1970-01-01T00:03:14.533Z</time>
</trkpt>
<trkpt lat="53.0946007" lon="-8.2044306">
	<ele>32.69</ele>
	<time>1970-01-01T00:03:39.354Z</time>
</trkpt>
<trkpt lat="53.0946274" lon="-8.2045126">
	<ele>32.78</ele>
	<time>1970-01-01T00:03:40.394Z</time>
</trkpt>
<trkpt lat="53.0947609" lon="-8.2049170">
	<ele>33.52</ele>
	<time>1970-01-01T00:03:46.417Z</time>
</trkpt>
<trkpt lat="53.0954170" lon="-8.2069225">
	<ele>34.63</ele>
	<time>1970-01-01T00:04:19.123Z</time>
</trkpt>
<trkpt lat="53.0956459" lon="-8.2076445">
	<ele>35.66</ele>
	<time>1970-01-01T00:04:30.832Z</time>
</trkpt>
<trkpt lat="53.0957680" lon="-8.2082052">
	<ele>35.89</ele>
	<time>1970-01-01T00:04:39.055Z</time>
</trkpt>
<trkpt lat="53.0959167" lon="-8.2095795">
	<ele>36.28</ele>
	<time>1970-01-01T00:04:57.375Z</time>
</trkpt>
<trkpt lat="53.0959206" lon="-8.2097597">
	<ele>36.29</ele>
	<time>1970-01-01T00:04:59.562Z</time>
</trkpt>
<trkpt lat="53.0959091" lon="-8.2104769">
	<ele>35.61</ele>
	<time>1970-01-01T00:05:07.238Z</time>
</trkpt>
<trkpt lat="53.0959015" lon="-8.2105923">
	<ele>35.42</ele>
	<time>1970-01-01T00:05:08.452Z</time>
</trkpt>
<trkpt lat="53.0958710" lon="-8.2110119">
	<ele>35.01</ele>
	<time>1970-01-01T00:05:12.532Z</time>
</trkpt>
<trkpt lat="53.0957832" lon="-8.2115984">
	<ele>34.97</ele>
	<time>1970-01-01T00:05:18.588Z</time>
</trkpt>
<trkpt lat="53.0956459" lon="-8.2122107">
	<ele>35.21</ele>
	<time>1970-01-01T00:05:24.509Z</time>
</trkpt>
<trkpt lat="53.0954819" lon="-8.2128038">
	<ele>34.90</ele>
	<time>1970-01-01T00:05:30.878Z</time>
</trkpt>
<trkpt lat="53.0953445" lon="-8.2132215">
	<ele>33.93</ele>
	<time>1970-01-01T00:05:36.000Z</time>
</trkpt>
<trkpt lat="53.0950089" lon="-8.2141409">
	<ele>33.98</ele>
	<time>1970-01-01T00:05:48.301Z</time>
</trkpt>
<trkpt lat="53.0948601" lon="-8.2145300">
	<ele>34.44</ele>
	<time>1970-01-01T00:05:53.870Z</time>
</trkpt>
<trkpt lat="53.0945892" lon="-8.2152128">
	<ele>35.91</ele>
	<time>1970-01-01T00:06:05.210Z</time>
</trkpt>
<trkpt lat="53.0939102" lon="-8.2164078">
	<ele>37.17</ele>
	<time>1970-01-01T00:06:30.258Z</time>
</trkpt>
</trkseg>
</trk>
</gpx>
